Timestamp,PT-3,PT-4,PT-5,PT-6,PT-7,PT-8,PT-9,PT-10,Temperatura EF,Temperatura SF,Temperatura Tanque,Setpoint Conductividad,Salida Conductividad,Setpoint Temperatura,Presión Transmembrana,Nivel,Valvula 27,C. Deareación,Protector Calefactor,Aire en Sangre,Sangre en dializante,Purga de aire,Cond. Sensor patrón,Temp. Sensor patrón,Cond. Sensor raw
2026-06-10 19:40:49,1.892056586941269,0.5935431155762325,-0.32993602255097354,1.2726956539870997,-2.6086450394873406,-1.9544751423821525,-1.2157372610717714,-2.9037696188279414,36.91721463041285,36.85533249326171,36.71906477728938,14.0,0.0,36.0,-8.4,0.0,0.0,0.0,0.0,0.0,0.0,0.0,0.0,0.0,0.0
2026-06-10 19:40:50,-2.409712743978801,-1.9545294076831086,1.0377293662486426,1.2284599393478084,-2.9408114046587945,-1.8781622790517414,0.7812788234957457,2.166025992057521,36.61629358704497,37.29493037474806,36.77414891500305,14.0,0.0,36.0,23.2,0.0,0.0,0.0,0.0,0.0,0.0,0.0,0.0,0.0,0.0
2026-06-10 19:40:51,-1.3286022746329829,-2.4284603990499,-2.4717336997787642,-2.724542207551864,1.2748358954333483,-1.5932440546263,-1.1826105565055687,1.1811208433351634,36.76248981940158,37.38212921463966,36.812520118799355,14.0,0.0,36.0,54.1,0.0,0.0,0.0,0.0,0.0,0.0,0.0,0.0,0.0,0.0
2026-06-10 19:40:52,-2.5068836337109164,2.360821355840221,-0.867735962167413,-2.4257916194361355,1.5469052866028115,-1.6264128519129146,2.9588487489163837,0.38393848408588305,36.9277026742334,37.12799137047145,36.982124356553406,14.0,0.0,36.0,54.1,0.0,0.0,0.0,0.0,0.0,0.0,0.0,0.0,0.0,0.0
2026-06-10 19:40:53,1.4398383016634755,2.669185423255116,1.3913835347114452,-1.1573391337612327,2.448484950326728,-1.7589489861458085,0.07096031677976367,2.247452497488732,36.949971244851405,37.12926147013165,36.97275819111296,14.0,0.0,36.0,54.1,0.0,0.0,0.0,0.0,0.0,0.0,0.0,0.0,0.0,0.0
2026-06-10 19:40:55,-2.0118818903281346,-2.37439985559656,0.20502117375796303,-2.5393909646096873,0.3434568194405685,-1.8985339279850628,1.9712694027399742,-2.633593532087492,36.559595501022734,36.976206921752144,36.92973445019389,14.0,0.0,36.0,54.1,0.0,0.0,0.0,0.0,0.0,0.0,0.0,0.0,0.0,0.0
2026-06-10 19:40:56,1.006099994061607,-2.2965343578979582,1.1621632315266215,2.652815977625112,0.04285856821490164,1.3491783375448785,-2.114427080495295,-2.312178585827085,36.80125200400019,37.139754725721026,36.83848973282796,14.0,0.0,36.0,54.1,0.0,0.0,0.0,0.0,0.0,0.0,0.0,0.0,0.0,0.0
2026-06-10 19:40:57,-0.590666205477314,0.06581458938907891,1.395046574275833,2.152602098963764,-1.711762243527784,-1.2597553211920105,1.0932510485872813,0.9631940472831699,36.64845356996895,37.25424299843459,36.958570220759036,14.0,0.0,36.0,54.1,0.0,0.0,0.0,0.0,0.0,0.0,0.0,0.0,0.0,0.0
2026-06-10 19:40:58,2.8747811298441492,-0.47462153966329357,-0.29787901491990265,-1.6450741413337344,1.9992560418125098,0.9154308111307126,-2.833174976547219,0.2183955559310804,37.09068191160018,37.21237148818342,37.06802381348056,14.0,0.0,36.0,54.1,0.0,0.0,0.0,0.0,0.0,0.0,0.0,0.0,0.0,0.0
2026-06-10 19:40:59,1.4013551196915843,2.413954285679524,-2.01530644975037,-1.3676534702968062,-0.005903324105872798,-1.7567633004927279,1.884683114370299,-2.547077786610177,36.90453149670483,37.10363938533961,37.19923780693622,14.0,0.0,36.0,54.1,0.0,0.0,0.0,0.0,0.0,0.0,0.0,0.0,0.0,0.0
2026-06-10 19:41:00,-0.5105731426468605,0.5495335641856123,0.18100748841971104,0.32797752309351935,2.0996768267163297,0.6400853331476508,2.675886347586424,-1.8054379960257834,36.74099759521057,37.069592698510235,36.8526309324075,14.0,0.0,36.0,54.1,0.0,0.0,0.0,0.0,0.0,0.0,0.0,0.0,0.0,0.0
2026-06-10 19:41:01,-1.1622239616408,1.9808646551219393,-2.246807802871749,0.34777908397291313,1.2028365762222402,-2.543133418916416,1.5948120531903562,-0.5241693227471851,36.895695448938255,37.07004161756305,36.711874116232345,14.0,0.0,36.0,54.1,0.0,0.0,0.0,0.0,0.0,0.0,0.0,0.0,0.0,0.0
2026-06-10 19:41:03,-1.5975443620447696,-1.545381081199241,1.552293894839071,-0.4017590113365319,1.3093459393133458,0.8323860650320087,-1.5237329538619766,0.42910954845565286,36.88083094887801,36.870846796676894,37.11564345061968,14.0,0.0,36.0,54.1,0.0,0.0,0.0,0.0,0.0,0.0,0.0,0.0,0.0,0.0
2026-06-10 19:41:04,0.7308892374383866,2.541295785422321,1.7710756948835007,-0.9200620256097016,-1.8050057330019982,2.157033621790057,-1.460512737779363,-1.4464475405928303,37.098604768462124,36.967322264775945,36.7630447880404,14.0,0.0,36.0,54.1,0.0,0.0,0.0,0.0,0.0,0.0,0.0,0.0,0.0,0.0
2026-06-10 19:41:05,-0.16087876065219664,2.0650975955011033,0.18854498796694763,2.000738212363631,-1.1405786761428063,-1.184304075393383,0.34400231639334145,-1.1361579124855978,36.71166446025987,36.99366996364728,36.87856724652906,14.0,0.0,36.0,54.1,0.0,0.0,0.0,0.0,0.0,0.0,0.0,0.0,0.0,0.0
2026-06-10 19:41:06,-1.057905120377668,0.1740292252747917,1.8604631893631174,1.2320943881850335,-1.7571909703959845,-0.13945468066732403,-1.372052886229599,-1.0855489869337118,36.7642392266412,37.27805252469201,37.173114942788295,14.0,0.0,36.0,54.1,0.0,0.0,0.0,0.0,0.0,0.0,0.0,0.0,0.0,0.0
2026-06-10 19:41:08,0.5992374878447784,2.098558732983,-2.7694575673440633,2.044830891793616,-1.2288353063520485,2.8950372321746514,-0.9109687794896288,-2.1902181012402826,37.07481794058289,37.034184449053114,37.03487613028504,14.0,0.0,36.0,54.1,0.0,0.0,0.0,0.0,0.0,0.0,0.0,0.0,0.0,0.0
2026-06-10 19:41:09,2.9598899505832668,-1.4595316871686328,-0.3077294047980925,1.0548828818312836,1.4848796500023322,-2.9275566058873768,1.5219405893308569,-2.8676068886968284,36.51912089197299,37.316879354326744,37.14862304953124,14.0,0.0,36.0,45.0,0.0,0.0,0.0,0.0,0.0,0.0,0.0,0.0,0.0,0.0
2026-06-10 19:41:11,-0.8728740548779168,1.610154602114303,-2.4261264167659338,0.5296999246968843,1.3377202820432261,0.3758290011744445,2.745440061285093,-2.2561107648148484,37.058715161077856,37.12092790682944,37.21432541266392,14.0,0.0,36.0,22.7,0.0,0.0,0.0,0.0,0.0,0.0,0.0,0.0,0.0,0.0
2026-06-10 19:41:12,-1.8840539016747986,1.339761776845263,-0.7350563426210517,-0.7812670797345795,-1.5157220155942832,0.7340981800294588,-2.8653579750902147,-0.6271540744736277,37.01994048997549,36.84970286194874,36.70366917127762,14.0,0.0,36.0,-16.7,0.0,0.0,0.0,0.0,0.0,0.0,0.0,0.0,0.0,0.0
2026-06-10 19:41:13,1.844962806633081,-2.326400299107826,2.40247028810815,-0.9538431763117785,2.4468886320142715,-0.600147069653977,-0.26577577334622093,-0.8850112569874593,36.67782415961033,37.132682538287355,36.85830032477445,14.0,0.0,36.0,-2.4,0.0,0.0,0.0,0.0,0.0,0.0,0.0,0.0,0.0,0.0
2026-06-10 19:41:14,2.4258508071512077,-1.7751760558044714,-2.1257209644105277,-1.7928435477189713,-0.6517030803017327,-1.2551750999868942,-1.2478943950010615,1.4911630296999334,36.971951731667026,37.05076032468451,37.18915745081346,14.0,0.0,36.0,99.6,0.0,0.0,0.0,0.0,0.0,0.0,0.0,0.0,0.0,0.0
2026-06-10 19:41:15,0.061095641234605313,-2.9265537806091695,1.0224435253719655,-1.387843946736297,-2.749214394920883,1.2247637463619458,2.0299690532365346,-1.584468409020553,36.554657042920375,37.20312110834545,37.23793832197425,14.0,0.0,36.0,50.9,0.0,0.0,0.0,0.0,0.0,0.0,0.0,0.0,0.0,0.0
2026-06-10 19:41:16,2.1657159612969625,-0.9881748105213441,-0.33102122369142783,2.0485384801541304,-0.3360194171121531,2.789158881746534,0.3291071915646455,1.7955014017904931,36.94450883293258,36.94560401570702,37.24692649883174,14.0,0.0,36.0,35.7,0.0,0.0,0.0,0.0,0.0,0.0,0.0,0.0,0.0,0.0
2026-06-10 19:41:17,-0.5090299664801732,1.9916251530822988,-0.5431370742200348,1.029163545429883,-1.9758116480370524,-2.7439449820524278,-0.7086569837363275,2.945947825432123,36.7312949677841,37.021609105466766,37.01560716649911,14.0,0.0,36.0,-39.2,0.0,0.0,0.0,0.0,0.0,0.0,0.0,0.0,0.0,0.0
2026-06-10 19:41:19,1.6898101507115948,0.08211921818972368,2.5209432285095748,1.9062166862618488,-0.2956317426645567,0.7492939876578584,2.2555895110591067,2.7021385772695785,37.00835437795193,36.8609005410188,36.85418967342063,14.0,0.0,36.0,-65.8,0.0,0.0,0.0,0.0,0.0,0.0,0.0,0.0,0.0,0.0
2026-06-10 19:41:20,-2.664173672959137,1.9884125993022934,0.32417083980107897,-2.240985152786726,-1.0045984471576013,-1.448589701589526,1.164750898297517,-1.6075033911071412,37.03261512465904,36.83521814364439,36.728593037707434,14.0,0.0,36.0,-59.9,0.0,0.0,0.0,0.0,0.0,0.0,0.0,0.0,0.0,0.0
2026-06-10 19:41:21,-0.5053374178796615,-2.2979549313696017,-0.5080796810607815,0.8536610078622546,2.967146412653592,-0.39244333036224566,-1.1087394919246363,-2.850460392623893,36.87989406198096,37.399931116345115,37.093515200198965,14.0,0.0,36.0,71.8,0.0,0.0,0.0,0.0,0.0,0.0,0.0,0.0,0.0,0.0
2026-06-10 19:41:23,0.2890912414801923,1.7017683433588742,1.066441764672117,-1.766046624074621,2.5458566586668283,0.04032435328991024,-1.2242603464635846,-2.154563309838573,36.5283850897542,37.159904802278845,37.13333675757072,14.0,0.0,36.0,-72.2,0.0,0.0,0.0,0.0,0.0,0.0,0.0,0.0,0.0,0.0
2026-06-10 19:41:24,-0.546464178347442,0.040822643679435444,2.1322156871567817,1.106709469895641,0.2619541950527853,1.7768176173515347,0.9380355176737449,-1.9170448799649598,36.78443294601859,37.3836144829173,36.80145038404846,14.0,0.0,36.0,-54.8,0.0,0.0,0.0,0.0,0.0,0.0,0.0,0.0,0.0,0.0
2026-06-10 19:41:25,0.6384469407046893,1.2408435838333576,0.05985003659973742,-0.5649455920996305,-1.890773243624569,-2.083010257593445,-0.7026802467071773,0.2708591516992729,36.70570361703092,37.032870474273935,37.20725124896626,14.0,0.0,36.0,-35.0,0.0,0.0,0.0,0.0,0.0,0.0,0.0,0.0,0.0,0.0
2026-06-10 19:41:26,-2.458569320069717,-2.62657939279741,1.8082492036386597,-1.734676300460777,-2.47213953106384,-0.2597409068274903,-2.5945276725402193,-2.267670166408644,36.848522765275945,37.08978608925761,37.16584140985751,14.0,0.0,36.0,19.7,0.0,0.0,0.0,0.0,0.0,0.0,0.0,0.0,0.0,0.0
2026-06-10 19:41:27,-2.5775505227956153,1.5215686942508686,1.8942289897262228,0.609488363513095,0.047087241207585784,1.1896871875081265,-1.0207584370906326,1.5448535179311556,37.02848188853567,36.99701853430608,36.78129133513706,14.0,0.0,36.0,-88.2,0.0,0.0,0.0,0.0,0.0,0.0,0.0,0.0,0.0,0.0
2026-06-10 19:41:28,-1.6939413982325153,1.6543110608915033,-1.1113609741200852,2.1520938196770016,1.502330616858771,1.557165787123795,0.16020438407139626,-1.955461283105598,37.085985335477204,36.863090616089984,37.236333774162965,14.0,0.0,36.0,-13.2,0.0,0.0,0.0,0.0,0.0,0.0,0.0,0.0,0.0,0.0
2026-06-10 19:41:29,-0.12984404924964954,1.3703511181784025,0.18472718000977828,0.5195446321581985,-0.8835492014242945,1.14016263642955,-2.3202992987831745,-2.0765049266444917,36.66102202314533,37.01672078530217,36.98797384376563,14.0,0.0,36.0,-40.8,0.0,0.0,0.0,0.0,0.0,0.0,0.0,0.0,0.0,0.0
2026-06-10 19:41:31,-1.6319110157205439,2.6029872128819385,0.5954920014802445,-2.907952397958476,0.18693506206864186,-1.1549261132156092,0.6649596682638546,0.3402803763922191,36.54429097583642,36.93626743430151,37.10599953057073,14.0,0.0,36.0,-82.9,0.0,0.0,0.0,0.0,0.0,0.0,0.0,0.0,0.0,0.0
2026-06-10 19:41:32,-2.769401144421841,-0.44443824034026846,0.03531504744770331,2.399824788946601,0.7771625125274535,0.9760918611600147,1.1174600096239153,-0.3888282893288535,36.84003889020992,36.9517834435716,36.76490921693153,14.0,0.0,36.0,11.6,0.0,0.0,0.0,0.0,0.0,0.0,0.0,0.0,0.0,0.0
2026-06-10 19:41:33,2.001104138111625,1.2784749765851515,-0.768289112733977,-0.8782235160727172,1.6234133220930955,-1.5483697478479186,-2.0187027399622153,0.6993269748016933,36.901814731643604,36.92713568890452,36.980865788313835,14.0,0.0,36.0,-15.0,0.0,0.0,0.0,0.0,0.0,0.0,0.0,0.0,0.0,0.0
2026-06-10 19:41:34,-1.0016368931918578,1.4166745566913725,2.2314310150735146,-1.528175083449971,1.0041895806163463,-2.8992773146546535,1.544447705993309,1.2248155351298182,37.07351390889821,37.12733380538353,37.11223058247979,14.0,0.0,36.0,-95.0,0.0,0.0,0.0,0.0,0.0,0.0,0.0,0.0,0.0,0.0
2026-06-10 19:41:35,-0.8314983418550996,2.274387613083002,-1.978249237396783,-2.8270943159025377,1.387825020007024,0.6974709520760562,-2.5288578063465414,0.8674086950052575,36.7983540885896,36.96014551517561,36.82416550668357,14.0,0.0,36.0,-8.6,0.0,0.0,0.0,0.0,0.0,0.0,0.0,0.0,0.0,0.0
2026-06-10 19:41:36,-0.7559433993922213,0.5768571025066209,-1.7576799935365124,-1.2000339667187587,2.451172405494715,-1.4163540366658978,1.9355869058851258,-2.3236910731141074,36.557342608398706,36.93690433010013,36.851424268452774,14.0,0.0,36.0,30.8,0.0,0.0,0.0,0.0,0.0,0.0,0.0,0.0,0.0,0.0
2026-06-10 19:41:37,-0.40611910896914294,-2.3186893762028316,-2.982875268504651,0.33543161595277127,-0.29082228062639714,-1.6538872432736524,-2.351250602625141,-2.318602204829358,36.575265752610015,36.95743544599676,36.729078747946296,14.0,0.0,36.0,135.1,0.0,0.0,0.0,0.0,0.0,0.0,0.0,0.0,0.0,0.0
2026-06-10 19:41:38,-1.2816956215609028,-0.6637431360744968,-0.3131632824196604,-2.7635339239511874,-2.7793125603798714,-0.357531561603218,-0.025285112193395687,-2.5277685150210787,36.71977100148632,37.00986995760696,37.066457032736,14.0,0.0,36.0,25.1,0.0,0.0,0.0,0.0,0.0,0.0,0.0,0.0,0.0,0.0
2026-06-10 19:41:40,1.9581986477867082,-1.6272589881883386,0.2981491007243462,0.48178878032751804,2.0555699239161775,0.13877998060935326,0.35472362320459183,-0.0367710457905539,36.79940025095534,37.36885537480597,37.223904558998754,14.0,0.0,36.0,34.6,0.0,0.0,0.0,0.0,0.0,0.0,0.0,0.0,0.0,0.0
2026-06-10 19:41:41,2.2630554235478844,2.8365575754244725,-1.1086052174483385,1.5135957293359095,-1.2336536992685645,-0.9666276772970597,-0.1708823731183431,1.8082707930536497,37.02620147523703,37.35548235673833,36.783284583687994,14.0,0.0,36.0,-45.2,0.0,0.0,0.0,0.0,0.0,0.0,0.0,0.0,0.0,0.0
2026-06-10 19:41:42,2.2243854868261863,-2.263208771161347,2.398440081205943,-0.33345432517246554,-0.05505041313533221,-2.073046090531294,-2.610537163580722,-2.038330464909073,36.528050830736824,36.90111694484283,37.143622212981874,14.0,0.0,36.0,-5.8,0.0,0.0,0.0,0.0,0.0,0.0,0.0,0.0,0.0,0.0
2026-06-10 19:41:43,-2.550464889579403,2.1330116885584545,2.7875472614973456,0.8739442718807897,-1.7153232401153518,-1.4141740810783185,0.7000462681867816,0.5804100605284197,36.654430330172936,36.80686131401633,37.08684778350073,14.0,0.0,36.0,-100,0.0,0.0,0.0,0.0,0.0,0.0,0.0,0.0,0.0,0.0
2026-06-10 19:41:44,-2.3100335387221547,-1.4360564959189808,0.7953650669624763,1.6978256479988616,2.129509731464819,-2.3319067821767447,-1.8949670545482458,0.7754576630865482,36.716523698783355,37.01641392817718,37.00091074540191,14.0,0.0,36.0,14.5,0.0,0.0,0.0,0.0,0.0,0.0,0.0,0.0,0.0,0.0
2026-06-10 19:41:45,-1.8644810238066145,-2.991710710408398,1.3535627935101093,-1.5765098042786425,1.5595752582781905,-1.4539858792845768,-1.09434506491721,0.5117082447771839,36.934029199250716,37.076986742419265,36.78174422607954,14.0,0.0,36.0,41.1,0.0,0.0,0.0,0.0,0.0,0.0,0.0,0.0,0.0,0.0
2026-06-10 19:41:47,-0.40117713791676035,2.171788350400143,2.841000439569086,0.23459999027714318,0.3176955527902976,-0.6540350127527437,-1.7190427537637178,-2.1851649886390403,36.6152295024889,37.08466937867967,37.16809506259395,14.0,0.0,36.0,-100,0.0,0.0,0.0,0.0,0.0,0.0,0.0,0.0,0.0,0.0
2026-06-10 19:41:48,0.40484645992734203,2.4038519258559283,1.6980110576708487,-0.7046912538080532,-1.7099708503649331,1.887323825175872,-2.322944815492158,1.2390599401375066,37.024609463936386,37.347941133564994,37.25721500835229,14.0,0.0,36.0,-100,0.0,0.0,0.0,0.0,0.0,0.0,0.0,0.0,0.0,0.0
2026-06-10 19:41:49,1.6149275019623826,-0.2984369023107756,-2.8725455145424297,-1.999240960757652,-1.2874966420083647,0.07034147453700035,-2.869749324128663,2.797655564675967,36.79811849525754,37.38093980123191,37.109008498684986,14.0,0.0,36.0,80.6,0.0,0.0,0.0,0.0,0.0,0.0,0.0,0.0,0.0,0.0
2026-06-10 19:41:50,2.4121193769733607,-2.608686596648675,-1.3569034418483334,1.5492814763624354,0.680825433122398,2.1067820267226205,-0.8298206794901741,-1.6378407585280554,36.98644419527635,36.97493727055059,37.12642497952218,14.0,0.0,36.0,103.2,0.0,0.0,0.0,0.0,0.0,0.0,0.0,0.0,0.0,0.0
2026-06-10 19:41:52,-0.7032747203894103,0.9460244793523822,1.929390311436813,1.095004071515718,-0.02278248632888058,-1.372168400123931,-2.9009916045976265,1.514258448185677,36.64536527266315,36.980955051583265,36.83858132868332,14.0,0.0,36.0,-76.5,0.0,0.0,0.0,0.0,0.0,0.0,0.0,0.0,0.0,0.0
2026-06-10 19:41:53,-0.5005092267364901,-0.8232361383249582,1.7193696959635654,1.3160148709266224,-0.45805291688735084,-1.3904049887702576,1.914581154191703,-2.6109090809437596,36.934935960384706,36.98667488461601,36.828065920752906,14.0,0.0,36.0,-76.5,0.0,0.0,0.0,0.0,0.0,0.0,0.0,0.0,0.0,0.0
2026-06-10 19:41:54,0.9309885024437579,1.3803404912039783,-2.9693279622504054,-2.197747008285214,1.7890796223731558,0.3976217580820576,2.762402895544131,-2.893769864399861,37.072830107970866,36.83383199936495,37.219269696862526,14.0,0.0,36.0,-76.5,0.0,0.0,0.0,0.0,0.0,0.0,0.0,0.0,0.0,0.0
2026-06-10 19:41:55,-2.6108928016017092,-1.4408953652405283,-1.2837053801248808,1.5178997978649438,-2.116670220529689,-2.476945705639634,1.5523557227276186,-1.2287449098753118,36.786129576322715,36.98512664228149,37.04487999199454,14.0,0.0,36.0,-76.5,0.0,0.0,0.0,0.0,0.0,0.0,0.0,0.0,0.0,0.0
2026-06-10 19:41:56,-2.9984574814112275,-1.0188904611753529,-1.7307342998712518,-1.7176024925401543,0.45915608270935193,0.22488564331926053,0.17486101816048194,0.1742380566946271,36.85174106452746,37.20874594171796,36.80783919612426,14.0,0.0,36.0,-76.5,0.0,0.0,0.0,0.0,0.0,0.0,0.0,0.0,0.0,0.0
2026-06-10 19:41:57,2.461927566327576,-1.2676000583873386,0.05328585173251277,2.647222701763284,-2.112306898052605,1.1096493511939185,0.9182781090049845,-2.7937752996245715,36.79460757977356,37.360185215982064,36.90585266880413,14.0,0.0,36.0,-76.5,0.0,0.0,0.0,0.0,0.0,0.0,0.0,0.0,0.0,0.0
2026-06-10 19:41:58,0.4035894188604763,0.3622678579068088,-2.0115113742524198,1.2913710446122426,0.7397758171323421,-0.5239972582759043,1.7956642763266588,0.9000816211337752,36.884677359296894,37.07438995201561,36.95441983032262,14.0,0.0,36.0,-76.5,0.0,0.0,0.0,0.0,0.0,0.0,0.0,0.0,0.0,0.0
2026-06-10 19:41:59,1.8060986716576242,0.9661969899916789,-1.7829550388973892,-2.2260783298260103,2.939868422214775,-2.379960908118962,-0.013681255001332548,-2.9880444389574006,36.92764448056471,36.814686753293174,36.80477286053803,14.0,0.0,36.0,-76.5,0.0,0.0,0.0,0.0,0.0,0.0,0.0,0.0,0.0,0.0
2026-06-10 19:42:00,2.0458832364827995,2.9190560894754993,-0.7975458904535659,0.2878530426576633,2.527713329872414,-0.8375540838486888,-1.3264374577512958,-2.436164092995239,37.03717866491537,37.014093477636244,36.81931514265238,14.0,0.0,36.0,-76.5,0.0,0.0,0.0,0.0,0.0,0.0,0.0,0.0,0.0,0.0
2026-06-10 19:42:01,-2.81938183531887,2.9081555063763984,1.0280883218243755,-2.588517050279345,2.1214460829169024,-0.9027619254184969,2.9912882820066837,0.26088633887841617,36.54089122272262,37.083907578660416,36.84332784297906,14.0,0.0,36.0,-76.5,0.0,0.0,0.0,0.0,0.0,0.0,0.0,0.0,0.0,0.0
2026-06-10 19:42:03,0.006214828293233943,-0.24763656504972165,1.6161125956721225,2.0842962387621915,-0.5968340196455113,1.9484370179945518,-1.9472851137801612,-1.5650671519718313,36.87036461422154,36.95237153727434,36.71943046244498,14.0,0.0,36.0,-76.5,0.0,0.0,0.0,0.0,0.0,0.0,0.0,0.0,0.0,0.0
2026-06-10 19:42:04,-0.5635906442022693,1.7058242282567893,2.574286511050482,-2.412217160292794,-0.22704000912156452,-0.7015062069881681,1.9942598001579706,-1.3741786954643096,37.09381096933443,37.18142664704603,37.10522296311599,14.0,0.0,36.0,-76.5,0.0,0.0,0.0,0.0,0.0,0.0,0.0,0.0,0.0,0.0
2026-06-10 19:42:05,-0.5513238648916143,-1.8180463385740189,-0.4194279243485406,-1.3060408213432277,-0.005739347652425231,1.2775614404149955,0.9484790057092369,-2.41928467223503,36.871472529816394,36.87415870215486,36.787742528052036,14.0,0.0,36.0,-76.5,0.0,0.0,0.0,0.0,0.0,0.0,0.0,0.0,0.0,0.0
2026-06-10 19:42:06,0.7143551913958666,0.800415560325344,-0.21222636196133404,2.7127584944671765,-1.9948922556555297,-2.221030810240788,2.913772096096781,-2.032127059909306,36.97396333386068,37.203811473415975,37.04258205546598,14.0,0.0,36.0,-76.5,0.0,0.0,0.0,0.0,0.0,0.0,0.0,0.0,0.0,0.0
2026-06-10 19:42:07,-2.5587527282164677,-0.7938001425874703,-1.3490231422413972,0.8194571458826503,0.5351610093489283,-2.122668157196517,-2.0752361961235932,1.9126208472236215,36.86246664731543,36.952912751378506,36.89322381682664,14.0,0.0,36.0,53.3,0.0,0.0,0.0,0.0,0.0,0.0,0.0,0.0,0.0,0.0
2026-06-10 19:42:08,-1.5856346447458307,1.0158797080519797,1.0836629475375599,1.0922053932396638,1.7786406775125805,1.4377798553300973,1.9837610604332525,2.108868877454512,36.94247800364314,37.07518733727019,37.26327686394746,14.0,0.0,36.0,-52.6,0.0,0.0,0.0,0.0,0.0,0.0,0.0,0.0,0.0,0.0
2026-06-10 19:42:09,-0.007307004398762196,-1.798787136094505,1.0611951634796952,2.382478073407677,-0.6824481595173264,0.6877232665909654,-1.8732346309108652,1.2562521984651331,36.54349510055745,37.16035504548409,37.06790143896044,14.0,0.0,36.0,18.5,0.0,0.0,0.0,0.0,0.0,0.0,0.0,0.0,0.0,0.0
2026-06-10 19:42:10,-0.34693021477668706,2.987369860287199,-0.2133566521979775,1.9141371119430044,2.6842022958521063,1.2565015475286518,-0.44207001207411967,-2.226467353272073,36.724818656330655,37.22724882993552,36.92575693542801,14.0,0.0,36.0,-71.3,0.0,0.0,0.0,0.0,0.0,0.0,0.0,0.0,0.0,0.0
2026-06-10 19:42:12,0.008699829706196205,-2.2242005023419633,-1.2132550151212302,-0.07713026490879393,-2.4639913741976116,-0.1700397205645161,1.7906187466015453,-2.001402057756803,36.5446858149457,36.88044954177183,36.95180930255828,14.0,0.0,36.0,89.7,0.0,0.0,0.0,0.0,0.0,0.0,0.0,0.0,0.0,0.0
2026-06-10 19:42:13,-0.3909569621601543,-0.8171088134382956,-2.6611912519412066,-0.6613387615485165,-0.993852723943621,-1.9470583913220496,2.331106477625813,2.0063865019825915,37.03406926401945,37.205389022193394,36.859566587440604,14.0,0.0,36.0,90.1,0.0,0.0,0.0,0.0,0.0,0.0,0.0,0.0,0.0,0.0
2026-06-10 19:42:14,-2.7064776998342004,-1.5112002421314976,0.2535527291369095,-2.5342861571434083,-2.0005532640899846,0.9572616239556844,0.04856226267290209,1.0970988878294374,36.50954165605679,37.17567463665425,37.25162947476296,14.0,0.0,36.0,33.0,0.0,0.0,0.0,0.0,0.0,0.0,0.0,0.0,0.0,0.0
2026-06-10 19:42:16,-1.5730020788770118,-0.7635354245283099,-1.26886640387686,-1.1877164353221084,2.556670090082589,-0.389918159647352,-0.15185608692352037,-1.0876739504174218,36.79352113514461,36.96606985844878,36.9835766566282,14.0,0.0,36.0,52.3,0.0,0.0,0.0,0.0,0.0,0.0,0.0,0.0,0.0,0.0
2026-06-10 19:42:17,2.628849202161593,-2.3757685321906146,-0.88594309805144,0.2659325342871903,2.814680182551447,-1.9074414217638946,1.264736597827281,1.4003724932928687,36.997705175119734,37.189589413684935,36.97320542832011,14.0,0.0,36.0,84.0,0.0,0.0,0.0,0.0,0.0,0.0,0.0,0.0,0.0,0.0
2026-06-10 19:42:18,0.9581869158336707,-2.28322819999827,-2.4236007071549395,-2.0040075926491063,2.166495668832365,2.0850569406261936,-2.7559111179867344,2.1191839639083554,36.782029496703245,37.27346147406297,37.132749482883874,14.0,0.0,36.0,121.4,0.0,0.0,0.0,0.0,0.0,0.0,0.0,0.0,0.0,0.0
2026-06-10 19:42:19,-0.6943987262006321,-2.29020459688138,-1.6426531123085022,1.9592198074949172,0.6135983839050678,1.889711782175576,-2.59110766545683,1.3347188961276348,37.047589793001976,37.18846846901058,37.21330487495592,14.0,0.0,36.0,101.3,0.0,0.0,0.0,0.0,0.0,0.0,0.0,0.0,0.0,0.0
2026-06-10 19:42:20,-2.4471318906714963,2.2466579676590275,-0.036139788807727946,-1.847971604783034,-1.7640419622130306,2.694226157039222,-0.8876951510618607,1.0820614407968305,36.834306005339315,37.1656454665399,37.094498211944874,14.0,0.0,36.0,-56.3,0.0,0.0,0.0,0.0,0.0,0.0,0.0,0.0,0.0,0.0
2026-06-10 19:42:22,-2.073859929792223,2.4042928379739053,-2.6325060773171907,-1.7939592476995454,0.004868599453838662,-2.133303653541652,0.9194692511000211,2.0844755218770397,37.055667340220374,36.97143406149134,37.18483171028014,14.0,0.0,36.0,5.3,0.0,0.0,0.0,0.0,0.0,0.0,0.0,0.0,0.0,0.0
2026-06-10 19:42:24,-0.5539317615841584,-1.9639228206760397,0.26805855559052105,1.977367418485093,1.7653273591791958,-1.7964334335245649,0.24136107672165164,-2.626777352518677,36.92087058309002,37.235394669216156,36.77135800227425,14.0,0.0,36.0,43.1,0.0,0.0,0.0,0.0,0.0,0.0,0.0,0.0,0.0,0.0
2026-06-10 19:42:25,1.1834628129241187,-0.3920326403306964,2.419443201959303,1.0713370625550773,-0.0696477134653346,-0.43530102335225607,1.5165408707231602,-0.11708485088572607,36.817136937504124,36.843332928067206,37.0059300199621,14.0,0.0,36.0,-51.9,0.0,0.0,0.0,0.0,0.0,0.0,0.0,0.0,0.0,0.0
2026-06-10 19:42:26,2.0236308545227137,-2.0558446346481185,0.9265186125049896,-0.045709396149041126,-0.7410417534637004,1.2532980893350354,1.05346777076445,-1.1373359125066878,37.09305495593825,37.34417111332992,36.932215351287525,14.0,0.0,36.0,30.4,0.0,0.0,0.0,0.0,0.0,0.0,0.0,0.0,0.0,0.0
2026-06-10 19:42:27,-0.4153364322717952,1.9295807008685566,0.868150639366279,0.8423449985036577,-2.3955709878640303,1.8610409497546119,2.985518063628855,-0.898117949476017,36.57116223543158,37.287238983074424,37.247953447727596,14.0,0.0,36.0,-69.9,0.0,0.0,0.0,0.0,0.0,0.0,0.0,0.0,0.0,0.0
2026-06-10 19:42:29,1.269571011456426,-0.1662815777644946,1.6209922538496402,-0.7450005591334703,-0.3459659536504742,1.8625264719540144,-0.6947570601686426,-1.6543676234264262,36.70031217665526,37.02797357222049,37.03445188069908,14.0,0.0,36.0,-37.0,0.0,0.0,0.0,0.0,0.0,0.0,0.0,0.0,0.0,0.0
2026-06-10 19:42:30,-2.901674689821652,0.9931164117474736,1.9729055507030155,-2.1754479633276844,2.2022784461417304,0.2937459190987024,-0.9315871237050386,2.2829931913230883,36.5609519649399,37.23241666413425,37.14089210514281,14.0,0.0,36.0,-77.0,0.0,0.0,0.0,0.0,0.0,0.0,0.0,0.0,0.0,0.0
2026-06-10 19:42:31,1.238026446811693,2.65875673903356,2.900440429536003,1.1313423722117486,2.0246559186771327,-2.1129806589687883,0.6468056774556308,1.1320787502550438,36.88839322810215,36.93617509374208,37.20220966345877,14.0,0.0,36.0,-100,0.0,0.0,0.0,0.0,0.0,0.0,0.0,0.0,0.0,0.0
2026-06-10 19:42:32,0.34676571777560383,-1.1057713303883534,1.8392706520256157,-0.8092658516198106,2.0078127269106067,-2.5202493066334206,-2.3005170984969374,1.3349590950538142,36.91145154752544,37.15223352247109,36.9396231415673,14.0,0.0,36.0,-21.4,0.0,0.0,0.0,0.0,0.0,0.0,0.0,0.0,0.0,0.0
2026-06-10 19:42:33,-0.09645048907837683,2.329532354467066,-2.969217139143973,-0.4015527626738957,2.1035527752967074,-1.3650377634984872,-1.613226660831227,2.0388225262151662,36.73593308669531,37.12915241497493,37.209974940822946,14.0,0.0,36.0,15.1,0.0,0.0,0.0,0.0,0.0,0.0,0.0,0.0,0.0,0.0
2026-06-10 19:42:35,2.667823996185577,-2.6052935341490615,-0.2745405912412995,1.6022883271046844,-0.38104370280138156,-2.986946013705614,-0.9664872179804793,0.21287161000025545,36.57788992237737,37.258242874789026,36.989086033280095,14.0,0.0,36.0,72.5,0.0,0.0,0.0,0.0,0.0,0.0,0.0,0.0,0.0,0.0
2026-06-10 19:42:36,-2.594016597480004,2.9778263460753767,1.4807598426630308,1.7607720422838913,0.7157674603201012,-1.3834346433847204,0.051414297881757776,1.7947672277170135,36.94643017213729,36.85547248254144,36.78474424764344,14.0,0.0,36.0,-100,0.0,0.0,0.0,0.0,0.0,0.0,0.0,0.0,0.0,0.0
2026-06-10 19:42:37,-2.1395079853360053,2.9599915505657517,2.0220868696770635,0.6528359195134303,1.206305763856391,-1.687604896203444,-2.8944233610331986,2.7779755765269893,36.967953674202775,36.88311447328343,36.74475761413749,14.0,0.0,36.0,-100,0.0,0.0,0.0,0.0,0.0,0.0,0.0,0.0,0.0,0.0
2026-06-10 19:42:38,-1.6134725500614913,1.8756179667179058,-0.014282262227544251,-0.6076083036124968,2.330229351986307,0.4672737142985799,-2.6135932236403603,-2.7965161677664514,36.75602126805615,37.2941771950845,37.2656404089624,14.0,0.0,36.0,-49.2,0.0,0.0,0.0,0.0,0.0,0.0,0.0,0.0,0.0,0.0
2026-06-10 19:42:40,-1.559148739280513,-0.3536668152839084,1.1158851943745756,0.609139999477541,-0.7180069035701475,-0.9668281841185751,-2.032354127687831,0.9398090022425558,37.04136316262896,37.34302576294041,37.041463624846436,14.0,0.0,36.0,-21.2,0.0,0.0,0.0,0.0,0.0,0.0,0.0,0.0,0.0,0.0
2026-06-10 19:42:41,0.7295079170238079,2.0551107286613206,-0.8575718727712909,-2.582160609364639,1.2416295992734163,0.8884033156197519,2.675425221218071,0.43443719000828107,36.67631727218976,36.873806921400735,37.00414567268337,14.0,0.0,36.0,-29.2,0.0,0.0,0.0,0.0,0.0,0.0,0.0,0.0,0.0,0.0
2026-06-10 19:42:42,-2.106709691503843,0.9945392784592801,1.5486816895505662,2.4407987330140823,-2.560611238401762,0.6663171187251757,2.8810265808425903,2.0232254127468696,36.94820624601161,37.24477290783979,37.156208585392854,14.0,0.0,36.0,-64.0,0.0,0.0,0.0,0.0,0.0,0.0,0.0,0.0,0.0,0.0
2026-06-10 19:42:44,2.694462648443716,-2.9034328167063075,1.0769337270218617,-2.518194682272604,-2.5788975024189336,-2.043743300709592,-1.5936618082614893,2.767657905412775,36.87502776866534,37.336079526376444,36.86087849934218,14.0,0.0,36.0,45.4,0.0,0.0,0.0,0.0,0.0,0.0,0.0,0.0,0.0,0.0
2026-06-10 19:42:45,0.9651817807644574,1.0427675088036246,-2.0538797482432254,0.04458514553491355,-0.31727155990569544,0.9696950350278035,-1.6359962193791773,-1.7731014436003005,36.91905967558875,37.3546887693017,36.87846679554952,14.0,0.0,36.0,25.8,0.0,0.0,0.0,0.0,0.0,0.0,0.0,0.0,0.0,0.0
2026-06-10 19:42:46,1.2976663046299777,0.6083609220146204,0.28347401617628476,1.6647115658115155,0.4639186801246664,-1.2278731644959118,-2.1420169941291807,0.016348439430422967,36.55067002107519,37.25087417568213,36.70025953192891,14.0,0.0,36.0,-24.7,0.0,0.0,0.0,0.0,0.0,0.0,0.0,0.0,0.0,0.0
2026-06-10 19:42:47,-0.6352326116205855,-2.5018394778069117,-2.309973057094677,1.3531364277107265,-2.732040953706516,0.46161299382177834,-0.9481345145656683,0.9234148100107902,36.96010817481999,37.12191112488132,36.9522094095168,14.0,0.0,36.0,124.2,0.0,0.0,0.0,0.0,0.0,0.0,0.0,0.0,0.0,0.0
2026-06-10 19:42:48,1.3357079522273034,1.0977810155325525,2.3099103971806336,1.3098098575038577,-0.5951305989075797,-1.3383896462674145,-0.8278282872924065,-2.5617550654275494,36.655232434948196,37.31461713759484,37.087243973637904,14.0,0.0,36.0,-89.2,0.0,0.0,0.0,0.0,0.0,0.0,0.0,0.0,0.0,0.0
2026-06-10 19:42:50,0.9544741626049182,-2.7797285870542234,0.7306980149015887,2.3511793552295437,-2.801513075123175,-2.7437045486048834,-1.8219445432225942,-1.889058092747698,36.69309669917713,36.9009978462875,36.945754380225054,14.0,0.0,36.0,50.7,0.0,0.0,0.0,0.0,0.0,0.0,0.0,0.0,0.0,0.0
2026-06-10 19:42:51,2.007182481585734,-0.8279182174632593,2.4078014315152387,2.6929882790374684,0.16964701183875341,-1.06126132399125,-1.560655018623942,2.047285084564046,36.70229801742142,36.86972983183184,37.00387633745065,14.0,0.0,36.0,-42.2,0.0,0.0,0.0,0.0,0.0,0.0,0.0,0.0,0.0,0.0
2026-06-10 19:42:52,-1.6391547108648938,-0.2673096530943657,-1.7786449186743774,-0.4928454349393938,0.43121311757635006,0.7565842597680144,-2.683367883273525,-0.9505660179022195,36.96173387897356,36.830889884472946,37.23173181277636,14.0,0.0,36.0,51.9,0.0,0.0,0.0,0.0,0.0,0.0,0.0,0.0,0.0,0.0
2026-06-10 19:42:54,-0.7929969109999266,2.1717219524476734,-1.1449819173017537,0.4939012834468173,1.7536084664655682,0.5608047373369116,-2.3035596290406053,0.9956820569344185,36.90953423845369,36.985511376985585,37.15047363639909,14.0,0.0,36.0,-27.4,0.0,0.0,0.0,0.0,0.0,0.0,0.0,0.0,0.0,0.0
2026-06-10 19:42:55,0.6238198367205285,-2.6772979696025185,-1.9017281835845266,1.5266938108054013,-2.5786211577462415,-2.5712196809254353,1.7077093193353639,-2.374264838910912,36.92990781657713,37.253683562984854,36.84290154923072,14.0,0.0,36.0,118.0,0.0,0.0,0.0,0.0,0.0,0.0,0.0,0.0,0.0,0.0
2026-06-10 19:42:56,-1.1150445616631772,1.8266928265385474,2.5251266508999723,-1.3805116553973158,1.5794280048476788,2.025895150828135,-0.23609110562060298,-1.566976898925831,36.781252502636825,37.23277370225565,36.993971070074224,14.0,0.0,36.0,-100,0.0,0.0,0.0,0.0,0.0,0.0,0.0,0.0,0.0,0.0
2026-06-10 19:42:58,0.27737684626698833,2.6659019001880475,-0.12064412640957745,1.5081085688489875,-2.334534225734453,0.409710504328781,-2.2504286446817137,-0.2903938192064155,36.55834483683367,36.80902590887843,36.89843839609164,14.0,0.0,36.0,-66.7,0.0,0.0,0.0,0.0,0.0,0.0,0.0,0.0,0.0,0.0
2026-06-10 19:42:59,-0.5361406958043151,-0.49239202987003505,-1.2297409717301764,-0.40431594171490115,-1.4389281455486644,1.7445263437204819,-1.47288969788991,1.4277358118414654,36.53654222608541,37.24344321541907,36.96088772719879,14.0,0.0,36.0,44.7,0.0,0.0,0.0,0.0,0.0,0.0,0.0,0.0,0.0,0.0
2026-06-10 19:43:00,-0.9601704689526813,-2.209694687352677,0.5332338232723521,1.2724501917880486,2.253208457090956,2.208900224299807,0.28655708662853074,2.8912085710701314,36.56957091850433,36.92787039071335,36.822734266784316,14.0,0.0,36.0,44.6,0.0,0.0,0.0,0.0,0.0,0.0,0.0,0.0,0.0,0.0
2026-06-10 19:43:01,-2.8850211597910214,-1.3851877887935826,2.261332627870763,2.658376542963401,1.4329678986866536,-1.0465093526006939,0.15969538824879148,-2.1873439505798613,36.75962297977016,37.25372431708953,37.13903094156218,14.0,0.0,36.0,-23.1,0.0,0.0,0.0,0.0,0.0,0.0,0.0,0.0,0.0,0.0
2026-06-10 19:43:03,-1.905867884626851,2.096774840655395,2.881956343857172,0.7996083205428399,-1.2503334148975525,-0.13065842028291197,-1.2142893442538913,-0.8144707125361963,36.8797618954495,37.27747201198682,37.11539324423774,14.0,0.0,36.0,-100,0.0,0.0,0.0,0.0,0.0,0.0,0.0,0.0,0.0,0.0
2026-06-10 19:43:04,2.00742571687199,1.6373604371899244,0.6442237174544401,-1.1867863235767646,-2.6030894294121314,2.3018965725939218,-2.6147359070650413,-1.1939004383725347,36.7607904081437,37.069819785006985,36.73487503075793,14.0,0.0,36.0,-59.2,0.0,0.0,0.0,0.0,0.0,0.0,0.0,0.0,0.0,0.0
2026-06-10 19:43:05,1.451622166546513,-1.3926080078181158,1.2031391052495923,-1.440094997099069,1.3960455710219914,-1.050330608216285,2.3573488780200424,-2.702377562546267,36.51462931590596,36.84423967079778,37.177162642877626,14.0,0.0,36.0,5.6,0.0,0.0,0.0,0.0,0.0,0.0,0.0,0.0,0.0,0.0
2026-06-10 19:43:06,-2.0891337972305353,0.6544973019153035,2.120337243043445,0.023787980074419846,-0.09570969049347244,-2.9654078433121063,0.2490895040129777,-2.7043372871896976,36.90219136128905,37.33379055489787,37.13378767724125,14.0,0.0,36.0,-73.1,0.0,0.0,0.0,0.0,0.0,0.0,0.0,0.0,0.0,0.0
2026-06-10 19:43:08,-2.901402350241196,-0.9638919510040571,0.0668075460941644,0.7293791966953416,2.3319223841717047,-0.5041759831012005,-2.4545930326844525,2.64883771493528,36.69203652153494,37.13232861468766,37.27336888099143,14.0,0.0,36.0,21.7,0.0,0.0,0.0,0.0,0.0,0.0,0.0,0.0,0.0,0.0
2026-06-10 19:43:09,2.6363703572212387,2.06638998661437,-1.3501195525822178,-2.701668166086213,0.6785532350323549,1.5400227732171299,-2.656819547118765,-2.999861246251526,36.811112031777185,36.95878763092037,36.769800106729434,14.0,0.0,36.0,-19.1,0.0,0.0,0.0,0.0,0.0,0.0,0.0,0.0,0.0,0.0
2026-06-10 19:43:10,-0.787999807588116,-0.3599575799117174,2.568460772698571,-2.0856474062752715,1.3100960740284489,0.17318841320477674,2.448038919835934,1.1773946390604921,37.09020546121612,37.06383655332091,36.90428177988256,14.0,0.0,36.0,-55.8,0.0,0.0,0.0,0.0,0.0,0.0,0.0,0.0,0.0,0.0
2026-06-10 19:43:11,2.8738586176689465,2.3624926771797057,1.8640614971228544,2.2215017590426793,0.8426279170993096,2.0030252511343845,-0.9397283834602645,0.3006490338478569,36.55519329152984,37.098213143870346,36.73684797822242,14.0,0.0,36.0,-100,0.0,0.0,0.0,0.0,0.0,0.0,0.0,0.0,0.0,0.0
2026-06-10 19:43:13,-1.5258758236224885,0.1575871242172875,2.39878527142952,0.9283531952849158,2.9062115250390725,-1.8811986876460132,-1.3707774934434198,-1.043752695909872,36.957974159581205,37.08605910349588,36.873198676937456,14.0,0.0,36.0,-67.7,0.0,0.0,0.0,0.0,0.0,0.0,0.0,0.0,0.0,0.0
2026-06-10 19:43:14,-1.9064994357046614,1.443220022598072,2.9117828823557907,-0.025607198735507986,-1.5870855557566603,1.9326212933396683,-1.669410017994328,-0.80586483892096,36.94787910256466,37.01816176077033,36.73558792045613,14.0,0.0,36.0,-100,0.0,0.0,0.0,0.0,0.0,0.0,0.0,0.0,0.0,0.0
2026-06-10 19:43:15,1.5067979795703748,-2.500764974523838,1.9281956913761569,-1.1968621660867278,0.30003813346488695,-1.4897873736083809,-0.4424306765129331,-1.7641585124105024,36.793880423182195,37.3880852457767,37.26310123960308,14.0,0.0,36.0,13.8,0.0,0.0,0.0,0.0,0.0,0.0,0.0,0.0,0.0,0.0
2026-06-10 19:43:16,0.5462099077516145,-0.41900086939794967,0.8172329866295098,-0.24572500865586777,0.3513619605356686,0.3705295490168372,0.9449802668816103,-0.05281264574472688,36.930886201456545,36.91326022398339,37.254257122808276,14.0,0.0,36.0,-9.6,0.0,0.0,0.0,0.0,0.0,0.0,0.0,0.0,0.0,0.0
2026-06-10 19:43:17,-0.3376170534732994,1.91162590223749,1.5184370397144162,2.329626629489871,2.249658767724771,-2.225403711256523,2.7850190057548074,-2.584211582771961,36.7269992338131,37.09539119963481,36.97972798107307,14.0,0.0,36.0,-88.4,0.0,0.0,0.0,0.0,0.0,0.0,0.0,0.0,0.0,0.0
2026-06-10 19:43:18,-0.818190233448453,-1.3485040705857765,2.5695471956406752,-1.176721994543534,0.6393876367295013,-2.2949631406990365,-2.923308964533309,0.3111823900852455,36.76867348715176,37.09769051186674,37.13654595281858,14.0,0.0,36.0,-34.2,0.0,0.0,0.0,0.0,0.0,0.0,0.0,0.0,0.0,0.0
2026-06-10 19:43:19,2.8261712283492457,2.69698413439957,-1.078201668014527,0.8350435198001351,2.8420104011200777,-0.44869960511278073,-2.5699438609201843,0.13692867744434745,36.714004523582595,37.312884543590286,37.026442927873326,14.0,0.0,36.0,-43.4,0.0,0.0,0.0,0.0,0.0,0.0,0.0,0.0,0.0,0.0
2026-06-10 19:43:21,0.7872483908550163,0.7632442281363092,-2.084622569151766,-2.0841752690959483,-1.0756743871757666,-0.08808486086094858,-2.9451237604839005,-2.410274635676397,36.66654590904456,36.84534515789415,37.048341127853426,14.0,0.0,36.0,32.7,0.0,0.0,0.0,0.0,0.0,0.0,0.0,0.0,0.0,0.0
2026-06-10 19:43:22,-0.23987426860312233,-2.1003641888235496,0.0863362062938604,0.032609017255803785,1.7616764270300251,1.7072426004224894,1.027354178901854,2.675629907680194,36.66825771547411,37.05529120902826,37.047205569835526,14.0,0.0,36.0,53.4,0.0,0.0,0.0,0.0,0.0,0.0,0.0,0.0,0.0,0.0
2026-06-10 19:43:23,1.7996172855525243,1.6470371433126756,0.19674683345287125,-2.934312875747647,1.2568164486084052,-1.3057091322389964,0.49539186368380594,-0.4133233070891347,37.0592751842073,37.366428090752635,37.008715792901235,14.0,0.0,36.0,-48.1,0.0,0.0,0.0,0.0,0.0,0.0,0.0,0.0,0.0,0.0
2026-06-10 19:43:24,-1.9461974349307591,1.9935813963213391,1.3669074675410542,-0.21286240434521053,1.255007683771173,2.2836349697206577,1.5386365658699033,2.143045720580388,36.648168923445105,37.113074808932716,36.81565134228028,14.0,0.0,36.0,-85.0,0.0,0.0,0.0,0.0,0.0,0.0,0.0,0.0,0.0,0.0
2026-06-10 19:43:25,-2.98412678390793,-2.538325709744515,2.926351529261833,-2.0663087825401867,1.4595826869008786,1.4437448490410354,-0.2197325912839374,-2.458042992959294,37.04019042772937,37.398817578271924,37.21328628633274,14.0,0.0,36.0,-9.4,0.0,0.0,0.0,0.0,0.0,0.0,0.0,0.0,0.0,0.0
2026-06-10 19:43:26,-2.200514696293832,-1.5053686691171646,1.7048683093478818,-1.87849363337959,-2.5939705943710747,2.9028997602228133,2.3900557036721377,-1.40250245488585,36.62215670008888,37.10844807437814,36.86226906522239,14.0,0.0,36.0,-2.5,0.0,0.0,0.0,0.0,0.0,0.0,0.0,0.0,0.0,0.0
2026-06-10 19:43:28,1.6732710093174346,2.1433344679738884,-0.4996315934811748,-0.24747712281417567,-2.778900064379436,0.3895920983631447,1.4625234692358404,1.5248605042301167,36.62768412056201,36.8575865639108,37.088756743528094,14.0,0.0,36.0,-41.6,0.0,0.0,0.0,0.0,0.0,0.0,0.0,0.0,0.0,0.0
2026-06-10 19:43:29,-2.3536610585182047,2.9566184450064252,-2.9558007817889025,-1.8651382316894554,1.3504078917689402,0.18077823719370478,0.14908704516420634,-2.491398820075642,36.84179135066449,37.3611958193288,37.064137859080304,14.0,0.0,36.0,0.1,0.0,0.0,0.0,0.0,0.0,0.0,0.0,0.0,0.0,0.0
2026-06-10 19:43:30,-0.8365675361392997,0.9715693393923215,-1.624835630382987,2.0742456007776138,2.7752933866763234,-1.1796916510885138,-0.9281405499502116,-0.4463452473283098,36.57008682603137,37.2133823924451,36.81874059048116,14.0,0.0,36.0,15.8,0.0,0.0,0.0,0.0,0.0,0.0,0.0,0.0,0.0,0.0
2026-06-10 19:43:31,1.0872590599943743,1.488599831569803,-1.2893883170461375,1.9259284590872916,1.5851844782756705,1.480088681549196,2.026557444480301,0.23156599524576293,36.67664104579825,37.320577579303134,37.27531346969306,14.0,0.0,36.0,-3.4,0.0,0.0,0.0,0.0,0.0,0.0,0.0,0.0,0.0,0.0
2026-06-10 19:43:32,1.630659088269729,2.6100296464197372,2.616235652411196,0.31443492287406016,0.9276778289126293,-0.5410679993127001,-2.372388131089632,2.2789065836558375,36.546381863365234,37.32405840990403,37.005600200027345,14.0,0.0,36.0,-100,0.0,0.0,0.0,0.0,0.0,0.0,0.0,0.0,0.0,0.0
2026-06-10 19:43:34,-1.620074485690519,-2.494899452699216,0.3132827628915349,2.3794675201623443,1.9516717934041186,-0.308864370874816,-0.9340815085291716,1.3814926829745815,36.91026529656108,37.11240779374783,36.779932786877175,14.0,0.0,36.0,55.8,0.0,0.0,0.0,0.0,0.0,0.0,0.0,0.0,0.0,0.0
2026-06-10 19:43:35,1.3200660601669965,-2.291594963041736,-0.6076884885889546,-1.2068133957929918,-0.04343589046266594,2.2519205863567233,2.4988681290782075,0.6624204528538482,36.5992988234025,37.301671104244214,37.21045394260693,14.0,0.0,36.0,77.3,0.0,0.0,0.0,0.0,0.0,0.0,0.0,0.0,0.0,0.0
2026-06-10 19:43:36,2.84881737474256,2.958006228544922,-0.907418733695029,1.2359473426948,0.1629276648526634,0.7471984079753828,1.1058279780399802,-1.8583431712959526,36.84486923446731,37.19511256272014,37.09314092665584,14.0,0.0,36.0,-52.1,0.0,0.0,0.0,0.0,0.0,0.0,0.0,0.0,0.0,0.0
2026-06-10 19:43:38,-1.181988816103183,-2.868322376859971,1.4808796181392196,0.9881016231261586,-0.5456674055720221,2.692720715176792,-0.7596934549980103,2.2301178496185896,36.86370398665165,37.105233385331424,37.13533744264633,14.0,0.0,36.0,36.8,0.0,0.0,0.0,0.0,0.0,0.0,0.0,0.0,0.0,0.0
2026-06-10 19:43:39,1.1911665359033528,-2.62477483511437,1.6449997732266812,-2.0909379690226064,2.8008905273840847,-0.6029208447158378,-0.8278284834621834,1.5552234265340772,36.834730466952486,37.29842347641451,37.15671411386932,14.0,0.0,36.0,24.6,0.0,0.0,0.0,0.0,0.0,0.0,0.0,0.0,0.0,0.0
2026-06-10 19:43:41,-2.977200250499397,1.0689177672687284,-0.28330094600404987,-2.1407490088819845,2.2489132864614234,1.0178649627986331,-1.9006573173369932,-0.5886099195890884,36.587048125720735,37.0770371891846,36.8620965265454,14.0,0.0,36.0,-20.8,0.0,0.0,0.0,0.0,0.0,0.0,0.0,0.0,0.0,0.0
2026-06-10 19:43:42,-2.329363708502396,1.715214691591484,-0.955517061528762,1.8460415496938243,-2.3901300616653387,2.8692334139439044,-1.5353322528080884,-1.2551880384332226,36.916132812403404,37.075593532363726,36.93795585655222,14.0,0.0,36.0,-19.0,0.0,0.0,0.0,0.0,0.0,0.0,0.0,0.0,0.0,0.0
2026-06-10 19:43:43,-0.208828023107408,-2.2216989820995527,-2.257849482001043,0.015624591238012187,1.1568926440470175,-2.664980696420371,-2.6621978708303486,-2.4595593605969355,36.83101944552772,37.27281465879431,36.819978281702895,14.0,0.0,36.0,113.2,0.0,0.0,0.0,0.0,0.0,0.0,0.0,0.0,0.0,0.0
2026-06-10 19:43:44,1.0886816863336222,1.2297689204466682,0.05172304338729106,-1.775029845353417,1.5829357785414988,2.558614730856382,-1.500481203965725,-1.8337195744312884,36.84469963941646,36.976811168234335,36.714866679185654,14.0,0.0,36.0,-32.6,0.0,0.0,0.0,0.0,0.0,0.0,0.0,0.0,0.0,0.0
2026-06-10 19:43:45,-0.8313228378129089,-0.7127330187616394,-2.9770009713978016,2.481726188338885,-0.08909611136189621,1.6051859581672723,1.8661822502908363,1.2403760359708969,36.78819667509978,37.20856217751475,37.05711459644095,14.0,0.0,36.0,97.1,0.0,0.0,0.0,0.0,0.0,0.0,0.0,0.0,0.0,0.0
2026-06-10 19:43:47,-0.949268743605121,1.1086666347171636,1.2127806620220394,-2.973571682101186,-0.39422195798949033,-0.7933609581929146,1.1024056794545913,2.615247603801288,36.947331551892304,37.34764771121885,36.846184117824706,14.0,0.0,36.0,-59.9,0.0,0.0,0.0,0.0,0.0,0.0,0.0,0.0,0.0,0.0
2026-06-10 19:43:48,0.5648477333815913,-1.1542529759966136,1.6116304425234915,2.1366403961133082,-1.8685945418450074,-1.3845674012077178,1.212052712935444,2.5384038507852367,36.5395094110801,36.85075056263367,36.92603613568543,14.0,0.0,36.0,-11.9,0.0,0.0,0.0,0.0,0.0,0.0,0.0,0.0,0.0,0.0
2026-06-10 19:43:49,0.6626840529231268,-2.701747153005595,0.6753288029858933,0.5513795761176286,-1.4825127629735853,-0.30320174845441095,-0.4921098111599749,-0.5341336022242476,37.07882824089711,36.85473111673633,37.01350079170255,14.0,0.0,36.0,52.0,0.0,0.0,0.0,0.0,0.0,0.0,0.0,0.0,0.0,0.0
2026-06-10 19:43:51,-2.5721684432144656,2.5860737773190037,-0.8793872136724623,-2.2559055926537974,2.3525905904768667,0.4033492761249651,-2.279015193512313,-0.7344432393746545,36.97677317519653,37.169284586891244,37.06488248846358,14.0,0.0,36.0,-45.1,0.0,0.0,0.0,0.0,0.0,0.0,0.0,0.0,0.0,0.0
2026-06-10 19:43:52,2.442041033920992,-0.8657375959786648,2.5328746290149837,-1.8586255632707847,-0.7114202193247756,-1.4684526598685592,0.15723174969000997,0.5652586946320457,36.80404249332925,36.91733619157644,37.24281007910153,14.0,0.0,36.0,-43.8,0.0,0.0,0.0,0.0,0.0,0.0,0.0,0.0,0.0,0.0
2026-06-10 19:43:53,1.2665766353213437,-0.6151856886996603,1.6948873208830744,2.960945679900097,2.764271378598208,0.05515525608246152,-0.542153111218127,0.30140195308957907,36.944961674466015,37.24822445787384,36.70505283270498,14.0,0.0,36.0,-28.2,0.0,0.0,0.0,0.0,0.0,0.0,0.0,0.0,0.0,0.0
2026-06-10 19:43:54,-2.347216415269217,2.9003924906896286,2.060192132432194,-2.703172009742569,0.7171481128667949,-0.8593934485212258,2.3791876830482517,1.6516108098370426,36.55182167880054,37.05597839577458,37.140442092917574,14.0,0.0,36.0,-100,0.0,0.0,0.0,0.0,0.0,0.0,0.0,0.0,0.0,0.0
2026-06-10 19:43:55,1.296314652884198,0.01569123632307079,-0.07116630932724366,-1.5561959203114015,2.6053855085808815,2.9694702507619377,2.6102943582050546,1.42000597103228,36.64868603885173,37.04809370456949,37.25311177316735,14.0,0.0,36.0,4.2,0.0,0.0,0.0,0.0,0.0,0.0,0.0,0.0,0.0,0.0
2026-06-10 19:43:56,-1.6896768480262803,2.467095098619634,-2.4301485988989247,-2.626101578852068,1.6926785479519317,-2.1435967731823573,-1.4041327839588016,-2.1863569828622924,36.95810971300164,37.27183955074758,36.73174994277274,14.0,0.0,36.0,-2.7,0.0,0.0,0.0,0.0,0.0,0.0,0.0,0.0,0.0,0.0
2026-06-10 19:43:57,0.2820389607991496,0.4782232005988085,-0.25679975824446144,1.311263077225295,-0.13735648134425738,-0.5912114807828104,-2.3725205302097745,1.9097203030831125,37.06230925652844,36.950452650476024,37.02646286468302,14.0,0.0,36.0,-7.2,0.0,0.0,0.0,0.0,0.0,0.0,0.0,0.0,0.0,0.0
2026-06-10 19:43:59,-0.9653088581223495,2.7429957768347997,2.6610494522697756,-0.8680559500462932,0.7000807672496392,-2.133537409433095,-2.0867708982965922,-0.7307347670942903,36.835944127416354,36.96340959234959,37.04999805280198,14.0,0.0,36.0,-100,0.0,0.0,0.0,0.0,0.0,0.0,0.0,0.0,0.0,0.0
2026-06-10 19:44:00,2.2478739272095654,-2.121811674838702,1.787725052718006,0.8692412605121769,-2.048846427761453,0.7327700021983405,-1.0523617941562693,1.8264475250681897,37.018930968624055,37.067738456610186,37.216608570730564,14.0,0.0,36.0,8.5,0.0,0.0,0.0,0.0,0.0,0.0,0.0,0.0,0.0,0.0
2026-06-10 19:44:01,-2.0510089343559064,2.791825316239481,2.5269574684759304,-0.7196791905511875,-2.469444692908791,-1.4583871080372646,0.8182895758673956,0.38299745751067604,36.873329653127435,36.990724363921714,37.286071016748004,14.0,0.0,36.0,-100,0.0,0.0,0.0,0.0,0.0,0.0,0.0,0.0,0.0,0.0
2026-06-10 19:44:03,-1.6522488670056392,-1.3131600102543084,-2.0233468822517877,0.07483684823754722,0.7181042199117722,0.22834500441127847,2.0222572133579,1.5963705437276126,36.52475828694914,36.99294684260232,37.209150251251195,14.0,0.0,36.0,87.4,0.0,0.0,0.0,0.0,0.0,0.0,0.0,0.0,0.0,0.0
2026-06-10 19:44:04,-0.8985679584140018,-0.7337094860720264,1.3080486004734961,2.8738496361690435,2.1493928038921295,0.9865169784370424,0.7324143573737087,-1.6064131731676656,37.05307234697325,37.01451040120868,36.74588904201161,14.0,0.0,36.0,-14.0,0.0,0.0,0.0,0.0,0.0,0.0,0.0,0.0,0.0,0.0
2026-06-10 19:44:05,2.3372350978138225,-0.9907433585908247,2.3471179265711912,0.5297112362921634,-1.3271425442560245,2.7521568667633725,1.058444664937153,1.641608873788913,37.051932455940296,37.243893321330575,36.939110574559926,14.0,0.0,36.0,-33.2,0.0,0.0,0.0,0.0,0.0,0.0,0.0,0.0,0.0,0.0
2026-06-10 19:44:06,0.8636901673153949,2.3159812807376055,-2.8111391246807536,-0.2594208603657342,-0.2954601684141118,1.771583198612233,-0.20851114050454322,2.8231044733550874,36.6753335368898,37.03400088093091,37.24893626190755,14.0,0.0,36.0,13.6,0.0,0.0,0.0,0.0,0.0,0.0,0.0,0.0,0.0,0.0
2026-06-10 19:44:07,-0.10867114581609272,-1.843111144417547,-0.4060204529384217,1.3451374706714532,-1.7707971434136713,1.0242678424715441,0.7353010955103607,-1.7858515899878062,36.67446473013927,37.047380257173984,37.05103346957491,14.0,0.0,36.0,59.0,0.0,0.0,0.0,0.0,0.0,0.0,0.0,0.0,0.0,0.0
2026-06-10 19:44:09,1.1660441687160965,1.6352953213753612,-2.270983859364311,2.856858387319889,2.1172104624068098,1.6811271565410948,0.2808264180474671,1.3611793212728251,36.89228477460095,36.85466526088443,37.135585921525234,14.0,0.0,36.0,17.4,0.0,0.0,0.0,0.0,0.0,0.0,0.0,0.0,0.0,0.0
2026-06-10 19:44:10,0.7624418889858293,0.9878549591845438,2.4174529563654206,-2.965144705093933,1.4643830742545472,0.8197058484768371,1.995267494385752,0.0801049841598509,36.663492588255956,37.017044930674174,37.02186647314836,14.0,0.0,36.0,-86.6,0.0,0.0,0.0,0.0,0.0,0.0,0.0,0.0,0.0,0.0
2026-06-10 19:44:11,-2.3285038342365425,1.5039356596604057,-1.8567115724456777,2.4690382356309595,2.2107858570522305,-2.5059954567588187,0.624070400641425,-0.9444716683872576,36.56753417073678,37.25565420308399,36.85108365299594,14.0,0.0,36.0,8.2,0.0,0.0,0.0,0.0,0.0,0.0,0.0,0.0,0.0,0.0
2026-06-10 19:44:12,-2.0748638093273466,1.234584604031875,-1.2502879026593456,1.3179075224403487,2.037826189101362,0.5962873699502165,-1.288796312840237,2.1952624746959417,36.76463536035951,37.06884014696106,37.116995488562544,14.0,0.0,36.0,0.1,0.0,0.0,0.0,0.0,0.0,0.0,0.0,0.0,0.0,0.0
2026-06-10 19:44:13,-0.7711125703224253,1.7121108053772502,-2.5475163090139326,2.664785374941773,-1.0323560475278284,1.6272810713638863,0.45630860295063025,-2.161350926599104,36.697380470371805,37.10261029582711,36.74055795916305,14.0,0.0,36.0,22.6,0.0,0.0,0.0,0.0,0.0,0.0,0.0,0.0,0.0,0.0
2026-06-10 19:44:14,-2.441022476573746,-0.8340399030141521,0.6851929276756641,-1.7489090656460071,-1.8996880080391862,0.9350069361723201,-1.032731613706199,0.569837262527308,36.85900389330019,37.17245180253677,37.297226242091874,14.0,0.0,36.0,3.8,0.0,0.0,0.0,0.0,0.0,0.0,0.0,0.0,0.0,0.0
2026-06-10 19:44:15,-2.7840119106361945,-1.7798215520395069,2.2848216043400367,1.7613839150004633,-0.29927433291403815,-2.6870622561000004,2.1319519011684935,0.7517834921971285,36.915451370685176,37.09204771002318,37.16466647376368,14.0,0.0,36.0,-13.3,0.0,0.0,0.0,0.0,0.0,0.0,0.0,0.0,0.0,0.0
2026-06-10 19:44:16,2.08889992643976,-1.5077511243220103,1.6936024749685217,-1.2052582479441565,2.249753179171008,2.138790970269281,-0.11846192491133589,0.2622370446794253,36.89813423247305,37.17570938920289,36.99348409042538,14.0,0.0,36.0,-3.8,0.0,0.0,0.0,0.0,0.0,0.0,0.0,0.0,0.0,0.0
2026-06-10 19:44:17,-0.08902547572075914,-2.010598284071863,1.1066457130097245,-0.29044641466121446,2.189810823057914,-2.746635044024335,-2.348661481725575,2.6561964890756258,36.829378635019204,37.22031765739133,36.964733339604805,14.0,0.0,36.0,20.8,0.0,0.0,0.0,0.0,0.0,0.0,0.0,0.0,0.0,0.0
2026-06-10 19:44:19,-2.3569327748419373,1.1659146406381566,1.6180754112769957,2.382019647942209,2.5047155256283604,-1.3279912611900193,-1.2297888515106394,0.4453656815628104,36.66553342979777,37.301586661242204,36.82982427199575,14.0,0.0,36.0,-73.3,0.0,0.0,0.0,0.0,0.0,0.0,0.0,0.0,0.0,0.0
2026-06-10 19:44:20,-2.070636049920295,-2.682519760790068,1.360628066130734,-2.0378832777412237,2.3637242670250025,-0.8873228152007515,1.300430256447064,-1.8553413324843373,36.796675542854686,37.02250911569554,36.90414662182586,14.0,0.0,36.0,34.4,0.0,0.0,0.0,0.0,0.0,0.0,0.0,0.0,0.0,0.0
2026-06-10 19:44:21,-0.5527875432812466,-0.5144917232606061,0.24369615974294012,-1.653454850306765,-1.215765571715638,1.938802259981811,-0.5835057929690963,2.438304168086641,37.01370544979967,37.37439210170493,36.76688163829598,14.0,0.0,36.0,7.7,0.0,0.0,0.0,0.0,0.0,0.0,0.0,0.0,0.0,0.0
2026-06-10 19:44:22,-1.395821062325731,-0.7411383754140637,2.2237161974648547,-2.588366887396079,-0.6279524078694712,-2.620299937287847,0.8288706456397472,1.4131420468902585,36.7170811909431,36.898841740762315,36.8197797020824,14.0,0.0,36.0,-39.2,0.0,0.0,0.0,0.0,0.0,0.0,0.0,0.0,0.0,0.0
2026-06-10 19:44:23,-1.9596684280221979,-0.14345909637508303,-1.046596205217479,-1.300309897087313,1.232163572841647,-1.6624066274392868,-1.4009565903237007,-0.6132507088193098,36.9040127802843,37.36606910528089,37.14401041345851,14.0,0.0,36.0,29.2,0.0,0.0,0.0,0.0,0.0,0.0,0.0,0.0,0.0,0.0
2026-06-10 19:44:24,-2.6379993811278237,-0.6910743811934643,0.20916719822536933,-0.5319979789546894,1.2102995093806461,2.612696946842224,-2.621274069413179,-0.9821749209002095,36.88683957783901,37.03322004246603,36.892687873615515,14.0,0.0,36.0,12.5,0.0,0.0,0.0,0.0,0.0,0.0,0.0,0.0,0.0,0.0
2026-06-10 19:44:25,0.021406378017942096,-0.24673843041291832,0.3127853062502064,1.8040466094924144,-0.8626270311486803,-2.214727960368898,-0.31052096073976987,-0.975464463933962,36.582370128766605,37.138134966409076,37.14768569321067,14.0,0.0,36.0,-3.0,0.0,0.0,0.0,0.0,0.0,0.0,0.0,0.0,0.0,0.0
2026-06-10 19:44:27,-0.32206928438556837,-1.5983735381561963,0.25169653231192557,-0.371539789080261,0.42973328070161987,0.15777097754578495,-0.778933715931891,1.9782061621415972,36.828305080995015,37.260468875930094,36.93318063851114,14.0,0.0,36.0,34.5,0.0,0.0,0.0,0.0,0.0,0.0,0.0,0.0,0.0,0.0
2026-06-10 19:44:28,-1.6145735084368156,-2.874691129960608,-0.806618532585468,-2.779038795537091,1.7189680382869534,-0.36095556043160437,-0.8540466572592829,1.8910190858425988,37.07735579553969,37.351353866315506,36.93303661143507,14.0,0.0,36.0,94.6,0.0,0.0,0.0,0.0,0.0,0.0,0.0,0.0,0.0,0.0
2026-06-10 19:44:29,-0.5111609744232632,-0.29042281093224975,-1.2496732048674468,1.5212823558304596,-2.836305584062793,-2.763999028541114,-2.9170079283978434,-1.3492570927306957,36.966586880840616,37.05601282983176,36.728807760959235,14.0,0.0,36.0,37.0,0.0,0.0,0.0,0.0,0.0,0.0,0.0,0.0,0.0,0.0
2026-06-10 19:44:31,-0.7926403188468854,2.090344803420958,2.97959870103891,-1.8279287860596531,2.59873428995361,-1.6844333757947323,1.0676813903390494,1.6744515147256944,37.0588499256497,36.80390927750995,36.96543285029981,14.0,0.0,36.0,-100,0.0,0.0,0.0,0.0,0.0,0.0,0.0,0.0,0.0,0.0
2026-06-10 19:44:32,-1.5855246489799224,-2.069473930385003,-1.295445667905134,-1.8422916222095163,-1.3721544504963679,0.5777020722296156,-1.8989812746400074,2.947953069253794,36.666580912389385,36.97976750633936,37.23000547563759,14.0,0.0,36.0,86.3,0.0,0.0,0.0,0.0,0.0,0.0,0.0,0.0,0.0,0.0
2026-06-10 19:44:33,0.2555413352109239,-1.46250866852405,1.993564136826265,1.1770681191743702,-2.136268586445971,-2.004823379316287,1.2688595548067578,-1.8913137133469928,36.9657003516991,37.36028388104047,37.042092620606255,14.0,0.0,36.0,-14.1,0.0,0.0,0.0,0.0,0.0,0.0,0.0,0.0,0.0,0.0
2026-06-10 19:44:34,-1.371123638110005,2.1021284895566827,-2.634477691861064,-2.9015001420643207,1.735427110218561,0.3371138982920634,-0.4576080508190845,2.6059261032000567,36.73066923851115,37.13158287744852,37.06330460293746,14.0,0.0,36.0,13.7,0.0,0.0,0.0,0.0,0.0,0.0,0.0,0.0,0.0,0.0
2026-06-10 19:44:36,-2.9995801549971883,0.07715963616591504,-0.6053718780166406,-1.9578559364470844,0.6171437888184812,2.541860380115061,-0.3464843975746952,-2.282285817137492,36.706007414895396,37.06934277192921,36.94146817856842,14.0,0.0,36.0,14.8,0.0,0.0,0.0,0.0,0.0,0.0,0.0,0.0,0.0,0.0
2026-06-10 19:44:37,-2.330325812454608,-2.3173469508937807,-2.813511270730165,1.5584478400288644,2.0594040388298094,1.5673282932015518,-0.6318102866831956,0.6022406633398134,36.85471124622909,36.96417679783996,37.19986618677409,14.0,0.0,36.0,133.1,0.0,0.0,0.0,0.0,0.0,0.0,0.0,0.0,0.0,0.0
2026-06-10 19:44:38,2.8835295287874905,-1.0090567031657782,0.7588090364551459,0.5198863336999899,1.5363609121253265,-1.559934018321386,-0.36617823540949423,0.4588285717560865,36.70451870524192,37.37954896774902,36.776402953117184,14.0,0.0,36.0,5.5,0.0,0.0,0.0,0.0,0.0,0.0,0.0,0.0,0.0,0.0
2026-06-10 19:44:39,-1.979928171297701,-1.181733114953908,0.8216313749696962,1.9714489626518414,2.878617847327776,-1.4990409599529015,0.09580529719097708,0.08644534092882772,36.877747399887184,37.10329708216046,37.031568272742874,14.0,0.0,36.0,8.6,0.0,0.0,0.0,0.0,0.0,0.0,0.0,0.0,0.0,0.0
2026-06-10 19:44:40,1.6386721724366922,-0.20592202283690852,-0.13846611985231672,-2.626504245623578,-1.823109993070774,0.5458608201044339,0.9292465402890269,-1.9151649139208176,36.808393066082274,36.979670729992094,37.261284754363274,14.0,0.0,36.0,9.6,0.0,0.0,0.0,0.0,0.0,0.0,0.0,0.0,0.0,0.0
2026-06-10 19:44:42,-0.22798336743215497,1.84017329419125,-1.0664468264093185,-1.0534066141217489,-0.7861463037606615,-0.7578972962511843,0.30586148223797593,-0.41709785456474435,36.62112435330532,36.91244989202907,36.98600202663353,14.0,0.0,36.0,9.6,0.0,0.0,0.0,0.0,0.0,0.0,0.0,0.0,0.0,0.0
2026-06-10 19:44:43,-0.9057053757303954,-0.6878482839329454,1.5775762003885978,-2.833255106303074,0.3375281180890015,-2.651433713562489,-1.5651597156865251,-1.769986092876931,36.60684592573941,36.98626088335079,37.200049731216644,14.0,0.0,36.0,9.6,0.0,0.0,0.0,0.0,0.0,0.0,0.0,0.0,0.0,0.0
2026-06-10 19:44:44,-2.8694933137996523,-0.9626471116647011,-1.3142346195940207,-1.7348306663945638,-2.421044694211089,2.421565118843527,2.717783708344501,-1.5107503093047576,36.84037026343713,37.331905104739214,37.263441408189095,14.0,0.0,36.0,9.6,0.0,0.0,0.0,0.0,0.0,0.0,0.0,0.0,0.0,0.0
2026-06-10 19:44:45,-2.5254109157779787,1.9194823969620574,0.2365717288729714,-2.7994174185344294,1.935191584132304,-1.3807431722804218,1.4084602665247745,-0.8720822342421792,36.76677660322198,37.317899456681786,36.891821066103574,14.0,0.0,36.0,9.6,0.0,0.0,0.0,0.0,0.0,0.0,0.0,0.0,0.0,0.0
2026-06-10 19:44:46,1.5830674166975385,1.0196501693705171,1.8457011796483025,0.6927521827859819,1.672748702626814,-2.2284921270558438,-1.0950845670815534,2.367165542600664,36.58898962740176,37.185435133989124,36.804990625602734,14.0,0.0,36.0,9.6,0.0,0.0,0.0,0.0,0.0,0.0,0.0,0.0,0.0,0.0
2026-06-10 19:44:47,1.5502450737132731,1.371316283322324,2.82077411279945,0.05161540585341129,-2.1820990077838553,-2.985454647298344,-0.23269563542369465,-1.8392434003691471,36.69811522227286,36.91783766996553,36.761227341940064,14.0,0.0,36.0,9.6,0.0,0.0,0.0,0.0,0.0,0.0,0.0,0.0,0.0,0.0
2026-06-10 19:44:48,2.8799103332730445,0.568664148633915,2.6236874907439294,2.975524613409508,-1.4593976483607891,-0.8312955778408782,-1.6261673773561458,2.854407089119115,37.0897715073668,36.8457363476375,36.78205659055744,14.0,0.0,36.0,9.6,0.0,0.0,0.0,0.0,0.0,0.0,0.0,0.0,0.0,0.0
2026-06-10 19:44:50,-0.3814106625141198,0.5327618016187299,-2.6805727827472783,-1.0753380089950975,0.7253244025032055,0.7194900715258425,-0.654178684386094,0.46260444729002437,36.54861071935301,37.0108851665653,36.959357697968684,14.0,0.0,36.0,9.6,0.0,0.0,0.0,0.0,0.0,0.0,0.0,0.0,0.0,0.0
2026-06-10 19:44:51,1.3228154780092307,-1.6698039226834474,0.26215573995064156,-2.226941815668063,1.3092323370547998,-0.2497836113955385,1.1662830403048572,-1.3335796808068197,36.62368797767276,37.00223440370938,37.032668553505935,14.0,0.0,36.0,9.6,0.0,0.0,0.0,0.0,0.0,0.0,0.0,0.0,0.0,0.0
2026-06-10 19:44:52,0.21729098461993868,-2.1967920678385378,1.1396455868965916,-1.4063780182251566,2.1986634497777873,1.1646860207227672,-2.2669475679726303,-1.862572336240818,36.59293654077229,37.00644289378454,36.94553218187628,14.0,0.0,36.0,26.8,0.0,0.0,0.0,0.0,0.0,0.0,0.0,0.0,0.0,0.0
2026-06-10 19:44:53,2.4860054089869497,-2.215954815491581,0.2468758988952695,-2.1520994218011626,-0.3993000575542549,-0.01914420233950498,2.1925699752586807,2.86179073028417,36.54105117638349,36.89851114260485,36.8534198957327,14.0,0.0,36.0,52.0,0.0,0.0,0.0,0.0,0.0,0.0,0.0,0.0,0.0,0.0
2026-06-10 19:44:54,2.2555526690038823,0.5895893319653207,1.7765751452879135,-2.070575477044186,-2.163965112636536,1.4816399465063421,-0.18386529066046053,-1.1824990464083414,36.89466364778111,37.04297598582937,37.195000701796765,14.0,0.0,36.0,-60.5,0.0,0.0,0.0,0.0,0.0,0.0,0.0,0.0,0.0,0.0
2026-06-10 19:44:56,2.3863341848774526,-2.5821250192485152,0.6450177683211171,0.7083922777102636,-2.092009051510085,2.482294791790016,-2.3979650270561796,1.9036236078407498,36.86787483645343,37.272512027637326,37.20122564187351,14.0,0.0,36.0,50.1,0.0,0.0,0.0,0.0,0.0,0.0,0.0,0.0,0.0,0.0
2026-06-10 19:44:57,-0.7941886738757962,0.6646236827303529,-1.5622567280543085,-0.34901525283682666,0.6435276544622006,1.3837666667482296,-1.3143154579988587,-1.9562623341504297,36.842881072375086,36.95680931223836,36.82076836639159,14.0,0.0,36.0,23.2,0.0,0.0,0.0,0.0,0.0,0.0,0.0,0.0,0.0,0.0
2026-06-10 19:44:58,2.4060668307623754,-1.93963136426667,2.0001946129788335,-1.3599057480722143,1.3007854487377903,0.6319992326162254,-0.3571848521220393,-2.337928454363345,37.0669765529019,37.23445951570249,36.90042099099661,14.0,0.0,36.0,-1.4,0.0,0.0,0.0,0.0,0.0,0.0,0.0,0.0,0.0,0.0
2026-06-10 19:45:00,0.643001825296353,1.3151562862000894,-2.5335633203257686,-0.9808568671810107,2.53634904971201,0.8539047468404792,2.072271427348964,-1.414123386053679,37.058130386325914,37.22401084998153,37.05685874240526,14.0,0.0,36.0,33.0,0.0,0.0,0.0,0.0,0.0,0.0,0.0,0.0,0.0,0.0
2026-06-10 19:45:01,-0.2673545287480703,-2.721965206342578,2.0532305161148123,-2.8018403665301346,2.2599638051259205,-1.828838461365644,1.221825455454935,0.2572353189258343,36.697980989321664,37.05468112025188,36.74630519792585,14.0,0.0,36.0,17.0,0.0,0.0,0.0,0.0,0.0,0.0,0.0,0.0,0.0,0.0
2026-06-10 19:45:02,-1.2152850095754204,-0.08489343809283101,-0.2760148329204286,-0.7907083619550019,0.7054509432774241,0.44190894120067714,1.4534785481949832,-1.8819363543143428,36.91553474532044,37.00444178846548,36.87996326946335,14.0,0.0,36.0,10.3,0.0,0.0,0.0,0.0,0.0,0.0,0.0,0.0,0.0,0.0
2026-06-10 19:45:03,2.6122644242867894,0.24855570429872964,-1.6021106256708026,-2.2766239649583113,-2.319138149423046,0.36327819537716666,1.6154659949448753,0.3466207871122293,36.57635921023589,36.9513431918206,37.24539467235899,14.0,0.0,36.0,36.0,0.0,0.0,0.0,0.0,0.0,0.0,0.0,0.0,0.0,0.0
2026-06-10 19:45:05,2.419233177354146,-2.1929126271810135,-0.10827244888641152,1.0263304460964013,-1.6673863167779235,-1.0406206120340922,2.4862262338787158,-2.287794174418637,37.0866894737262,36.89761454915867,37.07642154931877,14.0,0.0,36.0,60.2,0.0,0.0,0.0,0.0,0.0,0.0,0.0,0.0,0.0,0.0
2026-06-10 19:45:06,2.548503677760028,-2.9369138761525413,0.6837085649328625,1.6747058367400705,-1.9396985675556444,-0.4869475057732151,1.2649140920507511,0.7303988530351817,36.54630446200837,37.04012228257799,37.27905635105786,14.0,0.0,36.0,58.7,0.0,0.0,0.0,0.0,0.0,0.0,0.0,0.0,0.0,0.0
2026-06-10 19:45:07,-2.6948571748513475,0.3915955930899333,-0.46204554906213247,1.1845723460897446,-1.3987406248781906,2.772737774627471,2.193107692841915,-0.42134224686231114,36.68534625017844,37.38247138609604,37.21145054000692,14.0,0.0,36.0,4.3,0.0,0.0,0.0,0.0,0.0,0.0,0.0,0.0,0.0,0.0
2026-06-10 19:45:08,0.025569807308315262,-2.047004145989396,-2.023589400590524,2.1668458828164816,-1.1288507483989034,0.9069151365807282,-0.33072213391595495,-2.5522595175464895,36.545180656932956,36.8893050247336,37.093934235042894,14.0,0.0,36.0,105.5,0.0,0.0,0.0,0.0,0.0,0.0,0.0,0.0,0.0,0.0
2026-06-10 19:45:09,-1.3902961672006289,-1.0040860301966832,-2.103023167892613,0.9921598906892846,-1.6410849589413232,1.9876779315983475,-0.3965882957735589,-2.129009030269996,36.845156394665494,36.950102312915966,36.742041323264615,14.0,0.0,36.0,81.1,0.0,0.0,0.0,0.0,0.0,0.0,0.0,0.0,0.0,0.0
2026-06-10 19:45:11,-2.0841219240127615,-2.271679299325377,-0.0717561137663636,0.4612780865322197,2.9894549410876188,-2.3945195192969155,-2.729414160355984,1.1027214992453986,37.09937719894328,36.919313765623585,37.27558604578127,14.0,0.0,36.0,58.0,0.0,0.0,0.0,0.0,0.0,0.0,0.0,0.0,0.0,0.0
2026-06-10 19:45:12,-2.383298887102298,0.5848306915024684,2.9403444448695506,-1.917398945715976,-0.2376935798641462,-2.848853048757957,-0.5948298121183466,-0.07752710365118265,37.04398090446873,36.82542546998364,37.08016621520646,14.0,0.0,36.0,-92.9,0.0,0.0,0.0,0.0,0.0,0.0,0.0,0.0,0.0,0.0
2026-06-10 19:45:13,1.279264621962854,1.283154949715965,1.0585082231077543,-2.3376714342143083,1.8016209584596163,-2.7840543462485474,-1.0258084961113887,-1.633857847222855,36.7207394084279,36.956325801767214,37.022715552995656,14.0,0.0,36.0,-62.5,0.0,0.0,0.0,0.0,0.0,0.0,0.0,0.0,0.0,0.0
2026-06-10 19:45:14,-0.3816451757610473,-1.9495630237027803,-0.02067747729745495,0.3103281021384614,1.8850824027935644,0.4694486829511173,2.877792358777172,-1.3947960220960407,37.03365288623082,36.9788985517645,37.17253382036947,14.0,0.0,36.0,52.6,0.0,0.0,0.0,0.0,0.0,0.0,0.0,0.0,0.0,0.0
2026-06-10 19:45:15,1.1621266660025267,-1.1366414465652213,-2.729160843960356,-2.5177079149886,-0.018879256365378794,-0.8439798597827499,-1.4112810198563164,-2.047243441274734,36.51889471276993,37.00530627973514,36.82297039437176,14.0,0.0,36.0,98.8,0.0,0.0,0.0,0.0,0.0,0.0,0.0,0.0,0.0,0.0
2026-06-10 19:45:16,-2.2580986710517497,-1.77645381561387,-0.20856195107367137,-0.46769952523075276,-0.35656187049164334,1.5886531827870414,-2.2967211840755586,-0.5877455780809093,36.54509268704167,37.108528417860875,37.178996474477145,14.0,0.0,36.0,51.0,0.0,0.0,0.0,0.0,0.0,0.0,0.0,0.0,0.0,0.0
2026-06-10 19:45:17,0.9565593097689873,1.5913518574767487,0.06489849993702368,-1.6442033040923778,-1.5337792716007472,2.310144689159829,-1.8857151883019476,-2.433346730710838,36.539540919738045,37.11943874100143,37.04115847249724,14.0,0.0,36.0,-42.6,0.0,0.0,0.0,0.0,0.0,0.0,0.0,0.0,0.0,0.0
2026-06-10 19:45:19,2.4174724869691655,-2.57825016712333,1.5364462205793927,1.8694775607581278,2.9538253641253798,2.215234681919398,1.2167293327213606,-1.3416105259644682,37.00165906917428,36.94922113883567,37.20498266631837,14.0,0.0,36.0,28.7,0.0,0.0,0.0,0.0,0.0,0.0,0.0,0.0,0.0,0.0
2026-06-10 19:45:20,0.6145394752711546,-0.9386966332561628,2.6869968535126416,0.14827685459939843,1.0488727761780643,-0.2654973711334021,0.7596088103804606,0.9664957727392567,36.5370679341449,37.37594348918246,37.23343215099456,14.0,0.0,36.0,-45.0,0.0,0.0,0.0,0.0,0.0,0.0,0.0,0.0,0.0,0.0
2026-06-10 19:45:21,0.08680596416574238,-2.43076645013499,-0.4574643828646501,-2.6005764310880766,2.023952823903757,1.350542933072397,2.039906720059852,-0.8890101245233808,36.99061854368175,37.12182287121691,37.169272136253504,14.0,0.0,36.0,76.4,0.0,0.0,0.0,0.0,0.0,0.0,0.0,0.0,0.0,0.0
2026-06-10 19:45:22,0.9215395124780819,0.8239746062507525,-2.319630760116549,-1.6741880345514355,-0.093407967971884,0.799396615749925,0.6201642142746175,-2.8646008256191537,37.03786083666338,37.041193396692435,36.978949944944716,14.0,0.0,36.0,39.4,0.0,0.0,0.0,0.0,0.0,0.0,0.0,0.0,0.0,0.0
2026-06-10 19:45:23,-2.538563655558362,-0.652839107409279,2.5584022778751594,0.7374088764421085,-2.5054626704012084,2.5117073257207103,2.030629491313908,-0.9770970534664647,36.678548079091016,37.27530313105974,36.78657389179267,14.0,0.0,36.0,-47.0,0.0,0.0,0.0,0.0,0.0,0.0,0.0,0.0,0.0,0.0
2026-06-10 19:45:24,1.3166088233933397,-2.3487680011337053,0.9665408324597884,0.8669025767859493,-1.3564317575263385,2.844562718783024,-2.7186196351272294,-1.130355363808962,36.92311982640365,36.99640604838912,36.90967572876193,14.0,0.0,36.0,35.8,0.0,0.0,0.0,0.0,0.0,0.0,0.0,0.0,0.0,0.0
2026-06-10 19:45:25,-2.133047272161047,-1.396879234111757,1.2486034512839899,0.44038024303888346,-2.8713705523149105,-1.4245083972065091,0.5831105183803631,2.8475381388452314,36.55994035644886,37.107011169787775,37.16323731080543,14.0,0.0,36.0,3.4,0.0,0.0,0.0,0.0,0.0,0.0,0.0,0.0,0.0,0.0
2026-06-10 19:45:26,2.8280385621050153,2.254703400411522,-0.03790082232086123,0.2288609760053708,1.5415903953212027,1.9046223637550783,-1.5409342539300965,-0.7187367994505527,36.767847128351484,36.98217784850582,36.9041769029159,14.0,0.0,36.0,-57.1,0.0,0.0,0.0,0.0,0.0,0.0,0.0,0.0,0.0,0.0
2026-06-10 19:45:27,2.918017696034431,2.1083409046645656,0.7270531638317586,-0.8630312081866278,-1.681364402642768,-0.32909412482533007,1.9718512515928248,1.0697939710024968,36.58903960722355,36.848294742711296,37.257030591393594,14.0,0.0,36.0,-72.5,0.0,0.0,0.0,0.0,0.0,0.0,0.0,0.0,0.0,0.0
2026-06-10 19:45:28,2.502493433271683,-2.6408111476595058,-2.1360618855292017,-1.0842750016239193,0.6443969959241636,0.6852710226115395,2.548759153501612,0.2260599124559688,36.741971006473705,37.23819638644587,36.82494427410306,14.0,0.0,36.0,125.1,0.0,0.0,0.0,0.0,0.0,0.0,0.0,0.0,0.0,0.0
2026-06-10 19:45:29,-2.378386332910834,2.345938646615874,-0.13831180129090326,0.017757529489103696,-2.6215077344362747,-1.8249457990244011,-2.744884292875101,-2.138693302364444,37.095036665884045,37.339566420909925,37.16286196968453,14.0,0.0,36.0,-59.4,0.0,0.0,0.0,0.0,0.0,0.0,0.0,0.0,0.0,0.0
2026-06-10 19:45:31,-1.6693304725256541,-2.8365811974496586,-2.3329122229004966,0.09429366430394381,-1.601010022755106,0.3825323210074574,-2.038632746027253,0.7035316047859594,36.70528646092602,37.026276801036204,37.19139072218485,14.0,0.0,36.0,132.8,0.0,0.0,0.0,0.0,0.0,0.0,0.0,0.0,0.0,0.0
2026-06-10 19:45:32,-0.4979418088138283,-1.1132699410257623,-0.3508148177720143,0.6111546427133403,-0.9572309082698958,1.7941366597498831,1.8937305325753595,-1.2664528885776005,36.85124998959975,37.02462934319879,37.02183047933686,14.0,0.0,36.0,39.7,0.0,0.0,0.0,0.0,0.0,0.0,0.0,0.0,0.0,0.0
2026-06-10 19:45:33,2.0720291605349592,2.505423457319883,-1.845968754066969,1.8202756887403027,0.11736363920553172,-1.0902322635161918,1.4374722479727255,-0.00018492042583950763,36.77067749977447,37.31267114290418,36.762687918100234,14.0,0.0,36.0,-16.9,0.0,0.0,0.0,0.0,0.0,0.0,0.0,0.0,0.0,0.0
2026-06-10 19:45:34,-1.2175256362239268,-2.7529359510363385,0.7124095208193681,1.6721838336840715,-2.486456171509539,0.5750120670870498,0.9311492023488448,2.1566632377944295,37.011359695127034,36.90301756038373,37.194665690751876,14.0,0.0,36.0,53.5,0.0,0.0,0.0,0.0,0.0,0.0,0.0,0.0,0.0,0.0
2026-06-10 19:45:35,-1.1852761857259,-1.6424503118984424,-1.9131337362991614,-1.470588061147887,-2.6005202397847214,1.006389187875266,2.122512160500632,-1.2610420999884784,37.023670840189276,37.21383861418854,37.02234685057697,14.0,0.0,36.0,93.5,0.0,0.0,0.0,0.0,0.0,0.0,0.0,0.0,0.0,0.0
2026-06-10 19:45:36,-2.9647206488991658,-2.146757414612722,-0.2797642540687635,-2.7191761635931897,-1.6550040897322378,-1.9425657540453265,1.0479219929418564,-1.9929979083521567,36.737909467682314,36.90155725456638,37.10286074512693,14.0,0.0,36.0,62.3,0.0,0.0,0.0,0.0,0.0,0.0,0.0,0.0,0.0,0.0
2026-06-10 19:45:38,0.7963635115689889,2.928202517620228,2.712120895467949,0.5717214644747735,-1.2074379703366478,0.04619129976132452,1.8261934380561957,-0.41410306396665586,36.89698804991013,36.808037483875815,36.94010191733563,14.0,0.0,36.0,-100,0.0,0.0,0.0,0.0,0.0,0.0,0.0,0.0,0.0,0.0
2026-06-10 19:45:39,-1.547232405731888,0.3870833094581174,0.9711129690893845,2.355316754958925,-0.5072420553427377,-2.6952170881039694,2.289421523808305,2.24810281945617,37.01555323766599,37.07181018819691,36.81271317517126,14.0,0.0,36.0,-35.3,0.0,0.0,0.0,0.0,0.0,0.0,0.0,0.0,0.0,0.0
2026-06-10 19:45:40,-0.5083388623364482,-1.0380752573974594,0.41744370201896963,-2.809043914510361,-0.8908339584148193,2.834727634605846,-0.2640753627486645,-2.744943049260933,36.60724597561915,36.87035870534786,37.07300934677078,14.0,0.0,36.0,17.3,0.0,0.0,0.0,0.0,0.0,0.0,0.0,0.0,0.0,0.0
2026-06-10 19:45:41,-0.6785878654874558,1.678431266548559,-1.5002213175287875,1.2988930664085743,-2.218584266753072,-1.691196555397216,2.6613575399767715,0.5595261502850217,36.849262256587366,37.0450656652423,37.25676379184036,14.0,0.0,36.0,-4.1,0.0,0.0,0.0,0.0,0.0,0.0,0.0,0.0,0.0,0.0
2026-06-10 19:45:42,-1.4717750074783735,0.9416016880565632,-2.1598278371733057,1.111243951367248,-2.1734050667587264,0.8705029491682961,0.9994666189949237,-1.9293978140373345,36.678378142422545,36.82015757140469,36.91543632701448,14.0,0.0,36.0,32.4,0.0,0.0,0.0,0.0,0.0,0.0,0.0,0.0,0.0,0.0
2026-06-10 19:45:44,-1.1825508229792707,0.15307747610998756,-2.0459363697891817,-2.7033953057795257,-0.001206544598080228,1.1745983460816403,2.5053157464217115,1.8907073315666674,36.902607117764774,36.92615778102064,36.760008552051666,14.0,0.0,36.0,50.8,0.0,0.0,0.0,0.0,0.0,0.0,0.0,0.0,0.0,0.0
2026-06-10 19:45:45,-2.062860316424194,-2.4732616546905293,2.1664378585340627,-0.7766208366189686,1.1180919238382616,-0.5383606470118778,-0.4673427164977362,2.524420389243769,36.561641297461385,37.24106360037287,36.80747200144424,14.0,0.0,36.0,7.4,0.0,0.0,0.0,0.0,0.0,0.0,0.0,0.0,0.0,0.0
2026-06-10 19:45:46,0.9121236450225627,-2.8977743352335184,-1.629673319249283,-0.7671762510186673,-2.129195574236006,1.5293950715753653,1.3263974008121764,-1.3369792633670319,36.90648742226899,37.3375521441667,36.81738186064091,14.0,0.0,36.0,118.5,0.0,0.0,0.0,0.0,0.0,0.0,0.0,0.0,0.0,0.0
2026-06-10 19:45:47,-1.8977516629601128,-0.5681613856851069,-1.9248425114948915,-1.1805781498379302,-1.4039435802892706,0.13947293295020557,2.715419129590501,-2.1850946854877282,37.082541259364056,37.11290636281281,37.14013662448073,14.0,0.0,36.0,65.9,0.0,0.0,0.0,0.0,0.0,0.0,0.0,0.0,0.0,0.0
2026-06-10 19:45:48,-1.8613095580945347,2.376029494437362,-0.5724204430169744,2.071320979522998,2.7351113330179455,-1.4889429799922944,-2.6228841892176797,-1.2481071853152599,36.91225917555819,37.35349805388664,37.0222640988307,14.0,0.0,36.0,-48.7,0.0,0.0,0.0,0.0,0.0,0.0,0.0,0.0,0.0,0.0
2026-06-10 19:45:49,0.9075666749327693,-2.771579091262091,1.6288805950482965,-2.393382875457708,-0.35767704212418217,-0.6597494600910698,-0.9275259713538357,-0.6052699649572109,36.860296553023765,36.86115497044467,36.790257686904795,14.0,0.0,36.0,28.8,0.0,0.0,0.0,0.0,0.0,0.0,0.0,0.0,0.0,0.0
2026-06-10 19:45:50,-2.9376952585729312,2.001934176612907,0.6200137776955548,0.7450502300752913,2.9342209003641546,0.42206421173878894,-2.6518847964172063,2.7230303282784156,36.984791853160864,36.96195656934372,37.081568361256366,14.0,0.0,36.0,-68.9,0.0,0.0,0.0,0.0,0.0,0.0,0.0,0.0,0.0,0.0
2026-06-10 19:45:51,1.2571091563945185,1.207215563081668,2.499290080204478,-0.589837660959323,-1.923930697493625,-2.2436596733580836,2.057030354112456,-1.3963289321984864,36.843598443204385,37.14342539471815,37.22026390615304,14.0,0.0,36.0,-95.9,0.0,0.0,0.0,0.0,0.0,0.0,0.0,0.0,0.0,0.0
2026-06-10 19:45:52,1.5042167588831745,-0.5414622850818978,-1.99745492334066,1.8379735524709062,2.413629780077809,0.572472613395111,-2.2986944346298346,2.4710198000814625,36.721439531264636,37.05644451328866,37.128337711127266,14.0,0.0,36.0,64.8,0.0,0.0,0.0,0.0,0.0,0.0,0.0,0.0,0.0,0.0
2026-06-10 19:45:53,-2.3793422157432116,-1.019299245363022,0.7720846211254395,-2.707178142063241,0.7843208526625776,-2.335691885611933,2.0170611296541416,-0.9750057368574794,36.74632756560526,37.19384497014519,36.97626421653231,14.0,0.0,36.0,6.2,0.0,0.0,0.0,0.0,0.0,0.0,0.0,0.0,0.0,0.0
2026-06-10 19:45:55,-2.2694262263674996,-0.27696498766451194,-1.1602068997891428,0.9304975497380581,-0.8569620323527181,-0.19446409529821151,0.06959650075587387,0.6542474588537237,36.84596728839724,36.93398647467429,37.23482154136339,14.0,0.0,36.0,37.1,0.0,0.0,0.0,0.0,0.0,0.0,0.0,0.0,0.0,0.0
2026-06-10 19:45:56,-1.760543665603794,0.7510859913813226,0.5163190008871728,-2.35206756024441,2.1991538294744712,2.649756409883146,-1.6054164812667964,-0.9383853073011847,36.97584128509797,37.06596351515253,36.76788110246817,14.0,0.0,36.0,-32.2,0.0,0.0,0.0,0.0,0.0,0.0,0.0,0.0,0.0,0.0
2026-06-10 19:45:57,0.9279404626605663,-2.2590635804198147,-1.0924580014382506,0.24821824415922134,-1.6611148521144112,-2.360236942552578,-2.089257698810976,-2.4790181036698042,36.8332390691088,36.954347442146364,37.007248585945895,14.0,0.0,36.0,84.4,0.0,0.0,0.0,0.0,0.0,0.0,0.0,0.0,0.0,0.0
2026-06-10 19:45:58,-2.7948034940075663,-1.9368266337446542,1.2035768210300777,-2.635164087175826,2.717860751800764,1.2548267808147662,-0.5859405873019448,2.209780967300704,37.04642827042441,37.119981254253,37.2056661939778,14.0,0.0,36.0,19.3,0.0,0.0,0.0,0.0,0.0,0.0,0.0,0.0,0.0,0.0
2026-06-10 19:46:00,-1.1977128389717737,1.4236628324299403,-0.7333018198369619,-2.595407173715504,-2.579411236451026,-1.1655275998997385,2.505561090177334,1.3954708894505803,36.729428105327024,36.84960897547045,36.75351859886597,14.0,0.0,36.0,-17.2,0.0,0.0,0.0,0.0,0.0,0.0,0.0,0.0,0.0,0.0
2026-06-10 19:46:01,-0.029120897695788628,1.1267920135076608,1.2861019341948952,2.003277599157707,-0.9401593582387378,-0.8404303520842786,1.9752635899188506,-1.2844282565173264,36.714231734517995,37.1645496486869,37.16444887548298,14.0,0.0,36.0,-61.8,0.0,0.0,0.0,0.0,0.0,0.0,0.0,0.0,0.0,0.0
2026-06-10 19:46:02,1.483667682209881,2.244201522187349,-0.8540132845955366,-0.2922672333557621,-1.1961258181166028,-0.8194679271954284,-2.0457035235547956,-0.8853135155773164,36.96496322189001,36.80385123193949,37.227290326295,14.0,0.0,36.0,-37.4,0.0,0.0,0.0,0.0,0.0,0.0,0.0,0.0,0.0,0.0
2026-06-10 19:46:03,2.9561999386637767,-0.3247520276584259,-1.5738755029856928,1.8075731588916906,-2.848413518375346,-1.4323440527847435,0.2761357166071221,2.6337359087177514,36.91989072546614,36.80447136071309,36.802151858052156,14.0,0.0,36.0,48.5,0.0,0.0,0.0,0.0,0.0,0.0,0.0,0.0,0.0,0.0
2026-06-10 19:46:05,-2.214578695578905,2.771987902122593,2.1709185122568764,1.9279216881182935,2.158757602012141,1.3465996091123662,-0.1464911450925781,-0.646628588078606,36.92579059741666,36.968317484940194,36.84468454431094,14.0,0.0,36.0,-100,0.0,0.0,0.0,0.0,0.0,0.0,0.0,0.0,0.0,0.0
2026-06-10 19:46:06,-1.0396198245898085,-2.63590419703626,-0.4004331927250364,1.5910981852788328,-1.6092845624558063,2.3065459936410697,-1.5000041238554078,-0.2501489081284607,36.68495723750111,37.35542721634188,36.86698114698845,14.0,0.0,36.0,78.9,0.0,0.0,0.0,0.0,0.0,0.0,0.0,0.0,0.0,0.0
2026-06-10 19:46:07,0.9367288574792001,-1.4359977900295744,2.6728014846806962,0.29427875982453644,-0.06410827959106102,0.5610833538517452,-1.3983918656640077,-0.963131499551344,36.79469383636709,36.935860277416836,36.972228739956485,14.0,0.0,36.0,-32.4,0.0,0.0,0.0,0.0,0.0,0.0,0.0,0.0,0.0,0.0
2026-06-10 19:46:08,1.5407248461235676,2.926387135716152,-0.19444154699982708,2.3594797584628093,1.3619557689100201,2.113542533467486,-1.8414670374421744,2.712385785947319,36.671274321556915,37.23124913822943,36.82687001556479,14.0,0.0,36.0,-70.5,0.0,0.0,0.0,0.0,0.0,0.0,0.0,0.0,0.0,0.0
2026-06-10 19:46:09,-0.6927382472584394,1.5491574172412514,2.2382453245922047,1.860690611971779,1.7742381013705781,-0.5671112300910579,-2.152422292303382,0.9646036281088728,36.61984973502377,37.265969962434944,36.72139609747157,14.0,0.0,36.0,-99.3,0.0,0.0,0.0,0.0,0.0,0.0,0.0,0.0,0.0,0.0
2026-06-10 19:46:10,2.253674397453892,2.761669984253393,0.9420909650635734,-0.6939645166494506,-1.7653111634883505,-1.8447087835886657,1.7336862819974783,-0.0807012408740273,36.62026759344532,36.986314291707444,37.12040971111932,14.0,0.0,36.0,-95.8,0.0,0.0,0.0,0.0,0.0,0.0,0.0,0.0,0.0,0.0
2026-06-10 19:46:11,-1.1659871700009257,0.1804056768178799,-1.5370974325856022,1.4929346987059997,-0.25488579479860674,0.6886342248249386,-1.6695325086392145,-0.5213433454291847,36.72609831841063,37.14911651820069,37.20191186341508,14.0,0.0,36.0,34.6,0.0,0.0,0.0,0.0,0.0,0.0,0.0,0.0,0.0,0.0
2026-06-10 19:46:12,2.5446281621532343,-1.5999501242945553,-2.85435302942895,1.7569388988216392,0.5501920778070923,1.323694012693453,0.17370356005823595,-1.574595475549329,36.52433419941485,37.21086147457955,36.771227804591696,14.0,0.0,36.0,115.9,0.0,0.0,0.0,0.0,0.0,0.0,0.0,0.0,0.0,0.0
2026-06-10 19:46:14,1.2802953423058492,-0.6356163546318374,-0.20267835658012467,-1.5338842511441861,-0.22332139148332342,2.5068240462856846,1.1587178982283461,0.6425062457683284,36.82765304858583,37.304737318032785,36.753237453494314,14.0,0.0,36.0,23.5,0.0,0.0,0.0,0.0,0.0,0.0,0.0,0.0,0.0,0.0
2026-06-10 19:46:15,0.02205796999092513,2.193443257253045,0.06297770993989893,-0.5123069056618266,-2.7122508231311864,-2.1176977148722496,0.30541353129815096,2.019173502913432,36.86792978783819,37.17324299312933,37.05045478596881,14.0,0.0,36.0,-59.3,0.0,0.0,0.0,0.0,0.0,0.0,0.0,0.0,0.0,0.0
2026-06-10 19:46:16,0.5534079497577995,-0.9513043829917507,-0.16499873958400713,-2.8022560506693575,-0.5279943973466681,-0.7671129413482891,-0.8757283359005461,-2.615878062736648,36.88584571990915,37.27363245199239,37.2512008184875,14.0,0.0,36.0,28.0,0.0,0.0,0.0,0.0,0.0,0.0,0.0,0.0,0.0,0.0
2026-06-10 19:46:17,2.3860209100584173,2.781942580900374,-2.8333547211960477,0.40952621132434874,1.3918886675860254,1.9839258701963018,-0.14408675249575964,0.36195448993577495,36.795714373831295,37.18410414670539,36.898591900069356,14.0,0.0,36.0,2.2,0.0,0.0,0.0,0.0,0.0,0.0,0.0,0.0,0.0,0.0
2026-06-10 19:46:18,2.597800447981961,-1.0564638875949912,0.579743105112724,2.938676878082923,-1.6013519620086027,-0.6199133055340722,-0.3661884262009938,-1.5592767790416466,36.81986336606683,36.99977127658287,37.13540150442906,14.0,0.0,36.0,11.8,0.0,0.0,0.0,0.0,0.0,0.0,0.0,0.0,0.0,0.0
2026-06-10 19:46:19,0.8930770094898759,-1.6665914151196037,-0.3613670669467983,1.8360891208509473,-1.9421950395428063,2.1068410417346684,2.2600240066149926,-0.7968111201285288,36.67286660312852,36.91639914439963,36.790356486207685,14.0,0.0,36.0,54.6,0.0,0.0,0.0,0.0,0.0,0.0,0.0,0.0,0.0,0.0
2026-06-10 19:46:20,2.2668099321733504,0.6521281158175194,2.495893947260641,-2.6983097784714127,2.359428044165778,-0.39117913922503433,-2.331177224015322,1.0177534326190347,36.6575208450959,36.835694898216424,37.03487998225537,14.0,0.0,36.0,-82.8,0.0,0.0,0.0,0.0,0.0,0.0,0.0,0.0,0.0,0.0
2026-06-10 19:46:22,0.9744511233347262,-0.999709285727354,-0.601005494164693,1.0668798397474415,0.32753309592706437,-1.6818341020103675,-1.2696200161089157,-1.600912708065265,36.5629544240129,37.23782753668803,37.094640716275464,14.0,0.0,36.0,39.9,0.0,0.0,0.0,0.0,0.0,0.0,0.0,0.0,0.0,0.0
2026-06-10 19:46:23,-1.9286703237300327,-2.328769404626236,1.1541901223580169,2.571814156158533,-2.9906313418134074,-2.959132126143644,-0.27415280146142695,0.9066579109681108,36.81793684996162,36.81211852763059,36.737721629559545,14.0,0.0,36.0,28.8,0.0,0.0,0.0,0.0,0.0,0.0,0.0,0.0,0.0,0.0
2026-06-10 19:46:24,-1.0645931025461526,-1.2987190122048973,1.8007625198578001,0.5380690342863925,1.1972446792268725,-2.0601532994860596,1.2173870723988243,0.4769466099887927,36.54131679610892,36.918029990757,37.07271992472222,14.0,0.0,36.0,-13.4,0.0,0.0,0.0,0.0,0.0,0.0,0.0,0.0,0.0,0.0
2026-06-10 19:46:25,-0.032400487139052636,0.8033944039020358,-2.6976886603349755,0.4814951643393304,0.4484282286999428,1.2840651682070527,2.8157788863140265,2.9187013678868023,36.8198901918227,36.827827905985785,37.097917611043734,14.0,0.0,36.0,51.0,0.0,0.0,0.0,0.0,0.0,0.0,0.0,0.0,0.0,0.0
2026-06-10 19:46:26,2.0142744247959454,0.7173557931967967,2.8633510623051492,-2.6733498619197524,-1.4139704032225526,-1.9760147126852103,0.28431349603760925,1.7238791080335423,37.023938966217365,37.049475418799574,36.87339617559239,14.0,0.0,36.0,-93.4,0.0,0.0,0.0,0.0,0.0,0.0,0.0,0.0,0.0,0.0
2026-06-10 19:46:27,-2.4544503024554434,0.2205756897878013,-0.6309267225926618,-1.0610558681418445,-1.7308790473301527,1.0808389196606436,-0.4773157335143363,2.3330024822115103,36.6799885778552,37.352295807149844,37.04402855366713,14.0,0.0,36.0,10.9,0.0,0.0,0.0,0.0,0.0,0.0,0.0,0.0,0.0,0.0
2026-06-10 19:46:28,1.6921865862782202,-1.6916740987261611,1.5131572930808073,-1.5801343961559053,-2.8692027217746396,1.8448242407566795,1.320278235202597,-2.0753996227834914,36.80003424801279,36.90825287262876,36.999158931376684,14.0,0.0,36.0,6.2,0.0,0.0,0.0,0.0,0.0,0.0,0.0,0.0,0.0,0.0
2026-06-10 19:46:30,-0.4911273163977623,-1.6832636349846415,-1.2805971236529736,2.6437647305982264,-2.422916976537444,0.7396463614677167,2.841937362382996,-0.05331108861205003,36.630174758688376,37.134173148163015,37.05957792295244,14.0,0.0,36.0,78.4,0.0,0.0,0.0,0.0,0.0,0.0,0.0,0.0,0.0,0.0
2026-06-10 19:46:31,-1.9195489587962828,-0.01073851587488317,1.0989838889518273,2.7759585095611783,-2.4246695708753387,0.4499955112961729,0.4722888121682556,-0.6589475934472366,36.90778868644279,37.21795219285506,37.20582546629212,14.0,0.0,36.0,-27.7,0.0,0.0,0.0,0.0,0.0,0.0,0.0,0.0,0.0,0.0
2026-06-10 19:46:32,-1.9637594033100585,-2.339761738118505,-0.5445197085950806,2.55198866676822,-2.870187633752897,0.7281471862086679,-1.7550759038698587,1.1646590647519783,36.95888391690019,36.87186738938108,37.21395623412781,14.0,0.0,36.0,74.1,0.0,0.0,0.0,0.0,0.0,0.0,0.0,0.0,0.0,0.0
2026-06-10 19:46:33,0.05726771081291737,2.866762107347437,-2.7868357676707918,2.581060157816637,-1.751182216132154,-0.013459965120295792,2.6678405501776457,-1.3810426208924365,36.76039218576373,36.92363246046882,37.05105583537888,14.0,0.0,36.0,-0.7,0.0,0.0,0.0,0.0,0.0,0.0,0.0,0.0,0.0,0.0
2026-06-10 19:46:34,2.5629127144565222,-2.0612127883211415,2.532621303794932,2.6766833584203784,0.11907496601211065,0.6743757655417433,2.132611571407109,-1.9347895104593233,37.03678645845888,37.29725447010189,37.2136179042883,14.0,0.0,36.0,-10.8,0.0,0.0,0.0,0.0,0.0,0.0,0.0,0.0,0.0,0.0
2026-06-10 19:46:35,-2.431380094087249,-1.1869941676936406,2.0360971555966954,1.295651179690295,-0.2541175775450517,-0.2949927179506613,2.1249939917079965,0.5087901812117761,37.08438855452765,37.26186296321592,37.17823236465216,14.0,0.0,36.0,-21.0,0.0,0.0,0.0,0.0,0.0,0.0,0.0,0.0,0.0,0.0
2026-06-10 19:46:36,-0.4089203497894798,2.659232823209752,1.430939242027807,1.7814666022200036,-0.20560187816123765,-2.23435343264861,-1.235316783192535,-0.8726185139809761,36.524548618046474,37.18722917032897,36.73195844196162,14.0,0.0,36.0,-100,0.0,0.0,0.0,0.0,0.0,0.0,0.0,0.0,0.0,0.0
2026-06-10 19:46:37,0.29490376587005773,1.2146220828430634,1.8241781379640534,-1.0969322246409001,-1.6436397889443202,-0.7445915408434809,1.6232990127748463,2.109669931633311,36.54068287059987,37.261380798189386,36.901965823996946,14.0,0.0,36.0,-78.1,0.0,0.0,0.0,0.0,0.0,0.0,0.0,0.0,0.0,0.0
2026-06-10 19:46:39,-1.178792433721617,-2.9805573999903956,2.511593910500425,0.7318227717982841,-1.3656785340082254,2.3046972304845363,-2.815750423449913,1.1010613376526122,36.755712022256226,37.283151593155935,36.76273570829458,14.0,0.0,36.0,11.9,0.0,0.0,0.0,0.0,0.0,0.0,0.0,0.0,0.0,0.0
2026-06-10 19:46:40,2.3379507588339354,-0.6656658199019967,0.4818810143796557,0.31528579640225995,2.8788674470494344,-2.4370707480983897,-0.9523033038562572,-0.07687465771311519,36.816739753666624,36.95866189529711,37.08890733090502,14.0,0.0,36.0,3.1,0.0,0.0,0.0,0.0,0.0,0.0,0.0,0.0,0.0,0.0
2026-06-10 19:46:41,-1.8825023417648512,-2.0204400534064746,-1.445110739748889,0.6010069339922461,0.7545719888771005,-0.3731780098346116,-0.31071749694733786,0.7673919674387601,36.6236374687278,37.35566269607165,36.983213787175174,14.0,0.0,36.0,89.3,0.0,0.0,0.0,0.0,0.0,0.0,0.0,0.0,0.0,0.0
2026-06-10 19:46:43,0.0265758620134271,-2.553369343319799,-0.5024200187499392,-0.6719822715732273,-2.250231964737009,2.9639171651970333,1.7447006663554117,1.4836455539291151,36.884698641869846,37.05486161036821,36.724385771891484,14.0,0.0,36.0,81.4,0.0,0.0,0.0,0.0,0.0,0.0,0.0,0.0,0.0,0.0
2026-06-10 19:46:44,1.6836605459834395,-2.635774756461495,1.2349281884354015,-0.6293888139095407,-0.39014471042738075,0.9760932828258322,2.278821203629385,-1.2433032922546685,37.04372229673639,36.95007281259348,37.20552615269237,14.0,0.0,36.0,37.8,0.0,0.0,0.0,0.0,0.0,0.0,0.0,0.0,0.0,0.0
2026-06-10 19:46:45,2.011326359553273,0.18432118957385502,-1.2998346534573644,-1.529279300017001,1.1756018492361804,2.724305331435171,0.37999728177359815,0.7031630739619867,36.64809891597494,37.224303864331,37.155761561871834,14.0,0.0,36.0,30.4,0.0,0.0,0.0,0.0,0.0,0.0,0.0,0.0,0.0,0.0
2026-06-10 19:46:46,-2.8445295998765463,-0.9169389436685593,0.3791252266779219,2.575570506844863,-2.62675783725434,1.8490588196586648,-0.7856672167299967,2.572232502518265,37.03729685284892,37.12192777956918,37.239835952524636,14.0,0.0,36.0,14.4,0.0,0.0,0.0,0.0,0.0,0.0,0.0,0.0,0.0,0.0
2026-06-10 19:46:47,-0.7803215889674524,-0.578761255425293,1.252920664490075,1.0221244528761746,-0.771375548454059,-2.096140186010501,2.63134453899968,0.48386224162271985,36.81111494178245,37.13262337412936,36.899689573400096,14.0,0.0,36.0,-17.2,0.0,0.0,0.0,0.0,0.0,0.0,0.0,0.0,0.0,0.0
2026-06-10 19:46:48,-0.5938422376514256,0.0025583687964245705,1.4240898561228672,-1.8184536912720586,0.5290248011683962,1.996338166405395,2.679978730555197,2.733783439831404,36.6475517036332,37.30240473706243,37.03795839075285,14.0,0.0,36.0,-34.6,0.0,0.0,0.0,0.0,0.0,0.0,0.0,0.0,0.0,0.0
2026-06-10 19:46:49,2.3368062736241537,0.5507612918671407,-1.672174922331757,-2.105534857957397,-2.5676811184678385,2.21065263670089,-0.9163599851992403,2.0827024316335034,36.746134361408174,37.35760183416562,36.83579346528755,14.0,0.0,36.0,29.6,0.0,0.0,0.0,0.0,0.0,0.0,0.0,0.0,0.0,0.0
2026-06-10 19:46:50,-1.1768050892919988,0.21151555420122214,-0.27247127178798713,-2.639161418721152,-1.8626152541754262,-2.499961103322663,-2.1933990891445374,0.8857468048640067,36.66382672608523,36.85672817840851,37.23249475064533,14.0,0.0,36.0,-0.8,0.0,0.0,0.0,0.0,0.0,0.0,0.0,0.0,0.0,0.0
2026-06-10 19:46:52,2.40496726951908,-0.6158733091688249,-2.1556618238612684,-0.37708584708109605,2.6943901351767208,2.430514681077022,-1.6213927874596603,0.7129501242361544,36.50525965083621,36.93438560346889,36.751396293125055,14.0,0.0,36.0,72.1,0.0,0.0,0.0,0.0,0.0,0.0,0.0,0.0,0.0,0.0
2026-06-10 19:46:53,-0.10834586607544239,-1.6341073473539345,-0.8171417407785668,0.41172986959618507,1.4461500860553116,-2.1575549723753054,0.6757157802678186,-2.0008294384087604,36.70303637161761,37.216749624783766,36.97699291935601,14.0,0.0,36.0,62.6,0.0,0.0,0.0,0.0,0.0,0.0,0.0,0.0,0.0,0.0
2026-06-10 19:46:54,2.5561693888532275,-1.8391492962679457,1.3211640601116077,-1.3428668310430076,-2.8878541272788687,0.9429683676701446,-0.14022967984384405,2.551192582830306,36.825360535205924,36.969243111133174,37.20107504917879,14.0,0.0,36.0,13.8,0.0,0.0,0.0,0.0,0.0,0.0,0.0,0.0,0.0,0.0
2026-06-10 19:46:55,1.7862855041224313,2.389467154838302,-0.5556343916754156,0.7947108607408704,0.030796897174075077,-2.686717986115816,-1.9864101055300758,-2.5054254867761863,36.61109933621378,37.381524448896265,37.087310736900875,14.0,0.0,36.0,-49.8,0.0,0.0,0.0,0.0,0.0,0.0,0.0,0.0,0.0,0.0
2026-06-10 19:46:56,-1.6967660220830802,2.053866212120819,-2.763878845045833,2.521172504403066,0.955255451350328,0.0074287793282890036,2.7246012467701526,2.115428385650376,36.643651895139406,37.39045342847253,36.773412213382905,14.0,0.0,36.0,19.7,0.0,0.0,0.0,0.0,0.0,0.0,0.0,0.0,0.0,0.0
2026-06-10 19:46:57,-0.027857207472837153,2.409489713759057,-0.34409182194787924,-1.875432309009481,-0.6934853714021516,-2.885750175128539,-0.5520214499808387,1.1639410385810276,36.65349674019357,37.372634909033096,36.88525436757113,14.0,0.0,36.0,-55.1,0.0,0.0,0.0,0.0,0.0,0.0,0.0,0.0,0.0,0.0
2026-06-10 19:46:58,1.8182495478935445,-1.7014518048134448,1.6529020153072551,0.06724380207676495,-1.7563743749156253,-2.1212813073621115,-2.7536882835164143,-1.5398670217722723,36.91248122780533,37.315094531907576,37.078616621571285,14.0,0.0,36.0,-1.2,0.0,0.0,0.0,0.0,0.0,0.0,0.0,0.0,0.0,0.0
2026-06-10 19:46:59,0.2707108792773991,-1.5348324918562717,-1.2532088974311824,2.2360190007446406,-0.8604379185249638,-0.7008224773022986,-1.922648026924195,-2.013887576716006,36.9064774720619,37.11627637342365,36.81853147613939,14.0,0.0,36.0,70.8,0.0,0.0,0.0,0.0,0.0,0.0,0.0,0.0,0.0,0.0
2026-06-10 19:47:01,-1.9826901137011552,-2.2777806032975025,0.4835061909038165,-2.0014771497735238,-0.8269136873421896,1.1583644880752892,2.2902312076178744,-2.8272043326498855,36.9372797285901,36.859581873568885,36.83409949083299,14.0,0.0,36.0,48.1,0.0,0.0,0.0,0.0,0.0,0.0,0.0,0.0,0.0,0.0
2026-06-10 19:47:02,-2.2760531249424583,1.302025927666321,-1.6651234105171773,-0.5918301480466823,1.5809530009198376,-2.875883271703256,-1.9005680946243517,2.716457445696456,36.9600393454293,37.140060743708105,36.74709194247296,14.0,0.0,36.0,7.0,0.0,0.0,0.0,0.0,0.0,0.0,0.0,0.0,0.0,0.0
2026-06-10 19:47:03,-0.49634185649966867,-0.1196411710632721,-0.010656964179311057,0.3030208857638943,0.3262739142237563,2.21525381187766,-0.16684962561923022,1.9561322325663486,36.731107103421564,37.050630461814286,36.70767032824993,14.0,0.0,36.0,4.4,0.0,0.0,0.0,0.0,0.0,0.0,0.0,0.0,0.0,0.0
2026-06-10 19:47:04,-1.3603941639481076,1.7809981800564847,2.301160899022415,1.4330481011095753,-2.0789527541808974,0.1068800400694041,1.6338737167619852,-1.4088672402441267,36.70161379374996,37.21874017782009,36.936815571455575,14.0,0.0,36.0,-100,0.0,0.0,0.0,0.0,0.0,0.0,0.0,0.0,0.0,0.0
2026-06-10 19:47:05,0.49367979543849927,-2.420334344508894,-1.760898897297711,-1.86922919412107,-0.7555864575185152,-0.5076784512809711,0.7908965362686544,0.6723173117970345,37.005302837077785,36.82020346574816,37.297988628013236,14.0,0.0,36.0,108.3,0.0,0.0,0.0,0.0,0.0,0.0,0.0,0.0,0.0,0.0
2026-06-10 19:47:06,-0.8865726539213465,2.663711665862781,-0.7472047085081099,0.6890461860139401,-1.7951906439131875,-2.319781921899364,-1.3623681364053157,2.137062500122707,36.93833197006928,37.22612203945833,37.14580657814689,14.0,0.0,36.0,-51.4,0.0,0.0,0.0,0.0,0.0,0.0,0.0,0.0,0.0,0.0
2026-06-10 19:47:08,2.3558274002460005,2.2574308063987836,-1.0249911107339091,1.0277924625703445,-1.877281682606892,-1.4668241446751022,-1.490012359810644,0.819745709196761,36.63195467796069,36.8440058162135,36.843553475722814,14.0,0.0,36.0,-33.3,0.0,0.0,0.0,0.0,0.0,0.0,0.0,0.0,0.0,0.0
2026-06-10 19:47:09,-1.6821540364363654,0.2946250067061511,0.8957740381194026,-0.34132199904969607,0.40508089053866847,-1.4876450178818423,0.10996194441744844,-0.2634761797336309,37.008491351321695,36.965937157791835,37.2537912144186,14.0,0.0,36.0,-31.5,0.0,0.0,0.0,0.0,0.0,0.0,0.0,0.0,0.0,0.0
2026-06-10 19:47:10,0.541255627903833,2.6342029706822823,-0.44125975193450895,-1.7269648822292243,1.0416452208150577,-2.1579278113068323,-0.410258067782288,-2.597587786863566,37.07393717539466,37.1533794988555,37.11990528685014,14.0,0.0,36.0,-58.0,0.0,0.0,0.0,0.0,0.0,0.0,0.0,0.0,0.0,0.0
2026-06-10 19:47:11,2.072871903914174,1.35338240490589,-2.975242800889048,-1.2479241946256554,1.9921370867495396,-2.0511729896828057,-0.8006145142510501,1.6381370298432314,36.744307644783454,37.022751140269,37.177549172193096,14.0,0.0,36.0,40.5,0.0,0.0,0.0,0.0,0.0,0.0,0.0,0.0,0.0,0.0
2026-06-10 19:47:12,-2.5202806971636464,1.366542385499426,0.033437882143957154,0.20415483994951567,-1.69674455671227,-2.0382853349339642,-1.9062211868021433,-0.7621613963515288,36.584032060914,36.93130837735799,36.70999951499506,14.0,0.0,36.0,-38.2,0.0,0.0,0.0,0.0,0.0,0.0,0.0,0.0,0.0,0.0
2026-06-10 19:47:14,-1.8273480293191364,0.41197693982508765,2.066680804775153,-1.6433647886882778,-0.3456213609179404,-2.638415793651081,-1.5703795081711198,1.4492119849533776,36.93475844527518,36.99339700822356,36.87480717340219,14.0,0.0,36.0,-66.2,0.0,0.0,0.0,0.0,0.0,0.0,0.0,0.0,0.0,0.0
2026-06-10 19:47:15,-1.0536676618155563,1.1201951854746115,2.939833783059048,-1.0290661058938075,1.0451212899317168,-0.8611709592287333,-1.833704200310893,0.8229327214894262,36.98783762560015,37.16058556595938,37.18024161755028,14.0,0.0,36.0,-100,0.0,0.0,0.0,0.0,0.0,0.0,0.0,0.0,0.0,0.0
2026-06-10 19:47:16,1.198175296585596,2.7155756276910825,2.663631253486665,-2.28732167651365,0.16149687403565594,-1.8715765833511777,2.926901769945596,-1.6800007457243777,36.807365321316524,36.84210036966265,37.05237329415718,14.0,0.0,36.0,-100,0.0,0.0,0.0,0.0,0.0,0.0,0.0,0.0,0.0,0.0
2026-06-10 19:47:17,-0.4535820701207349,-1.482083418051433,1.197300963035949,2.3077563798976097,2.5180296801996453,0.47490622002834826,2.981706373388727,-1.3359680814293262,36.61782291263372,36.902328404621564,36.84181902067894,14.0,0.0,36.0,9.1,0.0,0.0,0.0,0.0,0.0,0.0,0.0,0.0,0.0,0.0
2026-06-10 19:47:18,-2.335986258210153,1.2427914860926421,0.4384192512794729,-2.9409537997382165,2.9499728666103433,-2.9517587981321864,1.48135794850851,2.867715116255029,36.70235131021344,36.98828652206276,36.94818965661596,14.0,0.0,36.0,-44.2,0.0,0.0,0.0,0.0,0.0,0.0,0.0,0.0,0.0,0.0
2026-06-10 19:47:20,2.1183291153286197,-0.056679573694575325,0.940626884554022,-1.9745200580287803,2.70095617636529,-1.1340941660280561,2.341961822296346,0.0247938889665833,36.531125461945436,37.31888606705762,36.81608789970692,14.0,0.0,36.0,-22.3,0.0,0.0,0.0,0.0,0.0,0.0,0.0,0.0,0.0,0.0
2026-06-10 19:47:21,0.9687778361579111,1.2395046573889887,-1.801177185859452,-0.9267957560434059,-0.0900799525068754,2.56151433840612,-2.8088315727465387,0.4367476242621695,36.63191740633758,37.06516255052698,36.83332172446277,14.0,0.0,36.0,14.4,0.0,0.0,0.0,0.0,0.0,0.0,0.0,0.0,0.0,0.0
2026-06-10 19:47:22,2.090903409119651,0.24047592430354037,-0.6426222074614447,2.687733985756177,-0.49471072891661594,1.3927619011021077,0.6643257855159863,-2.5456159357892543,36.907111916271354,36.83757632549308,37.1655704184301,14.0,0.0,36.0,11.4,0.0,0.0,0.0,0.0,0.0,0.0,0.0,0.0,0.0,0.0
2026-06-10 19:47:23,-1.4643346415530747,0.09451520854017748,-0.7533206953946423,-2.6028908004436273,-2.2847194732591944,2.852635892213341,0.11251407693388549,2.440268525500141,36.68680964439425,37.102865451189736,36.922995497250426,14.0,0.0,36.0,18.5,0.0,0.0,0.0,0.0,0.0,0.0,0.0,0.0,0.0,0.0
2026-06-10 19:47:24,0.7533030831683911,1.7019811433371386,0.22625953632813012,-2.541168956910979,-1.7204094181857117,2.3120476256148246,0.8281876646379969,-2.1709044428824353,36.77073366202942,37.38642858587944,37.138315231526164,14.0,0.0,36.0,-48.3,0.0,0.0,0.0,0.0,0.0,0.0,0.0,0.0,0.0,0.0
2026-06-10 19:47:25,1.7137574837280543,-0.4032940244320322,1.3046643224720027,-0.13808971305973028,-0.11843873314722053,-0.38782767438616705,-2.3514850856291956,0.9241421775284548,36.85396674807807,37.205089076605134,36.78928387760858,14.0,0.0,36.0,-24.7,0.0,0.0,0.0,0.0,0.0,0.0,0.0,0.0,0.0,0.0
2026-06-10 19:47:26,2.057714597571816,-0.9621071168821187,0.9036639277757166,-1.5921186105511693,0.9267809872106172,-1.5402727215116048,-1.4706591343867912,0.823863737540516,36.86041393998751,36.93313452075928,36.90834393945414,14.0,0.0,36.0,0.0,0.0,0.0,0.0,0.0,0.0,0.0,0.0,0.0,0.0,0.0
2026-06-10 19:47:27,-1.4500467157039993,-2.493944287767401,-1.9091537645682484,-2.0988857784809642,-0.15992195996858705,1.714935930184465,-0.7521411175306216,-2.7946687155784233,37.09921955782977,37.30061763795859,37.00387197679917,14.0,0.0,36.0,114.3,0.0,0.0,0.0,0.0,0.0,0.0,0.0,0.0,0.0,0.0
2026-06-10 19:47:28,1.4430760787951549,-2.59639790797104,2.5316085009979554,0.21292306612054812,-2.3336773272717544,1.2754136426869334,0.6674359181402201,-0.009378267863548118,36.58216274903785,36.86842963761758,37.20826857388612,14.0,0.0,36.0,2.6,0.0,0.0,0.0,0.0,0.0,0.0,0.0,0.0,0.0,0.0
2026-06-10 19:47:29,-1.093523512152733,-2.280867248924686,0.8561288157607541,-0.15322493405466675,-0.2980433798423796,-2.7202287079142966,-2.503052866141538,2.1845554969677883,37.04284881990905,36.80602645112767,36.76494970307083,14.0,0.0,36.0,34.2,0.0,0.0,0.0,0.0,0.0,0.0,0.0,0.0,0.0,0.0
2026-06-10 19:47:31,1.5897708744162191,-2.7540873790960165,-0.20382241170825033,-1.4480708212366995,1.2184250741209004,2.23867411340364,2.72513709033651,-1.1475596090178632,37.0071523384257,37.35609218253834,36.93436009406526,14.0,0.0,36.0,79.0,0.0,0.0,0.0,0.0,0.0,0.0,0.0,0.0,0.0,0.0
2026-06-10 19:47:32,2.692129975506048,-2.7082244247961436,-1.1624325254797008,-0.16363304846621496,2.0303386648638,0.6881625370323103,-1.29251817891107,2.298500779351551,36.904772896952124,36.953721129398176,37.005067369164784,14.0,0.0,36.0,99.8,0.0,0.0,0.0,0.0,0.0,0.0,0.0,0.0,0.0,0.0
2026-06-10 19:47:33,2.958798848839301,-1.6331824596561846,-1.3560467800776328,-0.552798120964292,-2.856047835156242,-1.9704842012627364,-0.8637190452102672,-0.33678716919012963,36.56394925967734,36.96896327436526,37.21613047485585,14.0,0.0,36.0,75.9,0.0,0.0,0.0,0.0,0.0,0.0,0.0,0.0,0.0,0.0
2026-06-10 19:47:34,-1.043334278737387,0.3811541545969135,-0.1850173153708341,-1.7071617435378956,-1.40024408506017,-1.4058438959776665,-2.633454998214261,-0.21834036866831763,36.50866083472746,37.06840500697868,36.78110339592482,14.0,0.0,36.0,-7.1,0.0,0.0,0.0,0.0,0.0,0.0,0.0,0.0,0.0,0.0
2026-06-10 19:47:35,-1.3333156281747134,-0.3517072090465252,-2.3807985241999985,-2.0408911627448414,2.18348905453706,2.176336012184297,-2.563521459652701,-1.6692477802096348,37.08403092901947,36.961667035452265,37.062711497467625,14.0,0.0,36.0,70.5,0.0,0.0,0.0,0.0,0.0,0.0,0.0,0.0,0.0,0.0
2026-06-10 19:47:36,0.530252994150687,2.0803038835389343,2.063613373844306,-2.634346729075916,1.0286153322856677,1.14157790328475,-2.5724338829200715,1.8181441501983366,36.71636904691262,36.82070449225107,36.807026403622906,14.0,0.0,36.0,-100,0.0,0.0,0.0,0.0,0.0,0.0,0.0,0.0,0.0,0.0
2026-06-10 19:47:37,1.6688728324962785,-1.0940941630866854,-2.242660039417376,-1.808768672123946,2.91490428846535,-0.07146694842432488,-2.926213555206976,-2.0057096840719733,36.86369611092651,37.097597016009914,37.12760242250181,14.0,0.0,36.0,84.8,0.0,0.0,0.0,0.0,0.0,0.0,0.0,0.0,0.0,0.0
2026-06-10 19:47:38,-1.8861657663348101,-1.1638462559468392,2.64017351650405,-0.06982332731580954,-2.3384979023799346,2.428261866615344,-2.471999293459916,0.4217099249383063,36.819696284500225,36.84554627432549,37.04001491716618,14.0,0.0,36.0,-38.2,0.0,0.0,0.0,0.0,0.0,0.0,0.0,0.0,0.0,0.0
2026-06-10 19:47:39,-1.8114985518909024,2.8785509139386285,-1.4443289384765,0.6600962818085057,-2.9154474614961057,-1.568440850687272,2.2571318738803354,-1.2079319891890765,37.08004925900091,37.17290091530712,37.157182016580286,14.0,0.0,36.0,-36.7,0.0,0.0,0.0,0.0,0.0,0.0,0.0,0.0,0.0,0.0
2026-06-10 19:47:41,2.2309234476283466,-2.943406451604111,2.2817081028208133,-0.737181942812748,-0.29199012466608654,-1.945307484389124,-1.0484671062857174,-0.16038614960012998,37.04569554617704,37.19294915767224,36.932891326328324,14.0,0.0,36.0,15.6,0.0,0.0,0.0,0.0,0.0,0.0,0.0,0.0,0.0,0.0
2026-06-10 19:47:42,-0.8352299738202071,2.7834991284893844,-1.1530179251740493,0.6383070415638414,-1.195148012657436,1.389323273709632,2.9882849455283234,-1.7931034891292865,36.94065077757618,36.917759081463714,37.11854765511051,14.0,0.0,36.0,-40.0,0.0,0.0,0.0,0.0,0.0,0.0,0.0,0.0,0.0,0.0
2026-06-10 19:47:43,1.02938008596983,-1.8055990743148818,1.9950718894385568,0.6268170212054986,-1.5374796429930684,2.093261075710921,-0.6496947019900334,-0.5915661089693969,37.05174344688369,37.25523329159736,37.13080802489969,14.0,0.0,36.0,-4.2,0.0,0.0,0.0,0.0,0.0,0.0,0.0,0.0,0.0,0.0
2026-06-10 19:47:45,0.4822217007989127,0.6363750566095989,-2.8926782428522437,0.38948601382645087,-1.240372531400102,0.7045070960923105,-2.5066167714136087,-2.6895912403252638,37.026339762425536,36.838920159956196,36.885360605753185,14.0,0.0,36.0,57.4,0.0,0.0,0.0,0.0,0.0,0.0,0.0,0.0,0.0,0.0
2026-06-10 19:47:46,-0.9086251223658159,-2.502750160854419,0.23409872100141804,-1.4508684218379861,-1.0493272097237458,2.0422372323230373,0.6960216618627095,-2.3709326936734945,37.006354186779085,36.86877770530048,37.039706797563895,14.0,0.0,36.0,60.0,0.0,0.0,0.0,0.0,0.0,0.0,0.0,0.0,0.0,0.0
2026-06-10 19:47:47,1.4236083734969585,-1.5130552052801511,-2.3550633280217275,-0.29112633636617513,2.476956173937012,1.6143608071899678,-0.15998034151357032,1.1960096556429747,36.66929540861036,37.18741778341738,36.70135317256712,14.0,0.0,36.0,100.7,0.0,0.0,0.0,0.0,0.0,0.0,0.0,0.0,0.0,0.0
2026-06-10 19:47:48,-2.5231347512100415,0.000509565295686798,2.63186877545186,2.183389643456941,0.28297560681165157,1.2873512652523473,2.787143704256552,1.8598473698732452,36.863826678462885,37.26375060335662,36.932198986450715,14.0,0.0,36.0,-66.0,0.0,0.0,0.0,0.0,0.0,0.0,0.0,0.0,0.0,0.0
2026-06-10 19:47:49,-1.4133633528746958,-2.005436952502694,-0.23987539849560946,-1.5868021153545027,1.446167999939104,1.6612367765133804,0.8957993651469458,2.125785332402643,36.85468836362126,36.89408869579574,36.94053400191088,14.0,0.0,36.0,59.3,0.0,0.0,0.0,0.0,0.0,0.0,0.0,0.0,0.0,0.0
2026-06-10 19:47:51,0.04965958627116418,-0.9541712558254223,2.3334633040673864,-0.29129200420686274,-2.29400193637192,-1.0413241467434553,-2.657894170121669,-2.1653769131652005,36.58337280940422,37.24655451557237,36.84015923394648,14.0,0.0,36.0,-37.5,0.0,0.0,0.0,0.0,0.0,0.0,0.0,0.0,0.0,0.0
2026-06-10 19:47:52,0.30229280690827665,1.464773268912241,0.24939614517168263,0.9858949757850679,2.2073519195976576,2.8444947959620954,0.22148888145754153,-0.08265092464126544,36.513639950068914,37.14630720576841,37.1945806421614,14.0,0.0,36.0,-42.8,0.0,0.0,0.0,0.0,0.0,0.0,0.0,0.0,0.0,0.0
2026-06-10 19:47:53,2.4815994737343097,2.728861633562503,0.3956620145123182,1.1137317307159504,0.2406290880561599,-1.8035037214222902,1.0622284853955124,-2.0039371266738097,37.093233916800095,37.37583614460065,37.06167218640541,14.0,0.0,36.0,-81.2,0.0,0.0,0.0,0.0,0.0,0.0,0.0,0.0,0.0,0.0
2026-06-10 19:47:54,-0.13037632752488726,1.3046892970163277,-2.4507031796109184,-1.1817367606149292,2.4084764393714497,1.765739360885087,0.7153774641517563,-0.5434813774201293,36.8791790486718,37.03452404687939,37.250635242875646,14.0,0.0,36.0,30.9,0.0,0.0,0.0,0.0,0.0,0.0,0.0,0.0,0.0,0.0
2026-06-10 19:47:55,1.7684068611375272,-0.6984640774454585,0.9037267394676114,0.0948573936315742,1.9930775312405578,-0.9942715360439629,1.742940118803478,0.0358691011905945,36.93352053110996,37.14218352606542,36.75296072528423,14.0,0.0,36.0,-4.9,0.0,0.0,0.0,0.0,0.0,0.0,0.0,0.0,0.0,0.0
2026-06-10 19:47:56,-2.277406724915304,-2.417042765474134,2.2597638859470086,-1.6576963690451971,-0.5741755244839868,2.4024818017118257,1.9775208838069993,-0.005120558045361712,36.766380370729934,37.06405616511262,36.95475503594826,14.0,0.0,36.0,6.3,0.0,0.0,0.0,0.0,0.0,0.0,0.0,0.0,0.0,0.0
2026-06-10 19:47:58,-2.678122518531858,2.6714005076651457,-0.7023905441057909,2.197300787055216,0.3559433619187473,2.538445066919615,-2.6465621153709784,0.8691566432130702,36.58347780614609,36.92083452292013,37.06952418511636,14.0,0.0,36.0,-51.0,0.0,0.0,0.0,0.0,0.0,0.0,0.0,0.0,0.0,0.0
2026-06-10 19:47:59,-1.1430247805567493,-0.1801484384306784,-0.7930715362560701,-0.7657641164030178,2.977548708347622,2.895272527459353,2.370323961782745,-2.19497373169633,36.616742152291536,36.82758114761014,37.17501721556923,14.0,0.0,36.0,27.8,0.0,0.0,0.0,0.0,0.0,0.0,0.0,0.0,0.0,0.0
2026-06-10 19:48:00,0.8709016747707796,2.037708954575028,-0.8080228323363938,-0.4189702288122614,-0.01352090119856797,1.9480710796660166,-0.8415405413843109,-2.73326835004523,36.64131775649163,37.137289345856544,36.81023997968685,14.0,0.0,36.0,-31.2,0.0,0.0,0.0,0.0,0.0,0.0,0.0,0.0,0.0,0.0
2026-06-10 19:48:01,-1.9568376060051942,1.0771169605786213,1.6010330044090768,1.9893368041070936,0.5966277300578611,2.723800798130651,1.97941635236473,-0.8230663625854531,36.58744086573816,37.149083105123594,37.18667841962821,14.0,0.0,36.0,-66.9,0.0,0.0,0.0,0.0,0.0,0.0,0.0,0.0,0.0,0.0
2026-06-10 19:48:02,-1.8597861050009563,-2.53311365211115,-0.5612502784718374,2.4137283626246813,0.14648565607995812,-0.8728381851428941,2.8297577045494666,1.1045906704199169,37.09030657463433,37.033824975492415,37.26935347524902,14.0,0.0,36.0,81.0,0.0,0.0,0.0,0.0,0.0,0.0,0.0,0.0,0.0,0.0
2026-06-10 19:48:03,0.9261424504809632,-2.1506756819847856,-2.9222286715174848,-0.1514184013161044,2.526257572873389,1.566529446950863,-1.0893773568367329,-0.20733443077126523,36.73930008711105,37.3724190460934,36.89250127215867,14.0,0.0,36.0,131.4,0.0,0.0,0.0,0.0,0.0,0.0,0.0,0.0,0.0,0.0
2026-06-10 19:48:04,-1.9433713364698364,-1.94260677408013,0.9203728678700931,-1.106111277235716,2.792616324146831,-1.762919894731055,-1.5816234056490652,-0.5127703658641143,36.51429028422196,36.95907016642078,37.023250871116126,14.0,0.0,36.0,24.8,0.0,0.0,0.0,0.0,0.0,0.0,0.0,0.0,0.0,0.0
2026-06-10 19:48:05,1.5522224228486872,-0.16822243487975985,0.8861436945276306,2.1689587751997284,-0.27727149429669495,-2.1608082847266465,-0.4314411942284293,-1.465759164766126,37.05449547515095,37.104174805466805,36.79556706449964,14.0,0.0,36.0,-19.9,0.0,0.0,0.0,0.0,0.0,0.0,0.0,0.0,0.0,0.0
2026-06-10 19:48:06,-1.781632898018583,-0.6030578470516534,-0.5146645761835602,-1.919914464358967,-0.2801038975233734,0.8660393151305632,0.6864302765421781,-1.5705962157483269,36.705850504322036,37.03245207025633,37.24722022882786,14.0,0.0,36.0,29.7,0.0,0.0,0.0,0.0,0.0,0.0,0.0,0.0,0.0,0.0
2026-06-10 19:48:07,0.7634938120435333,0.4162911118002368,0.5993116244157548,1.6015553350037814,-2.5529555709086393,0.02188858852085751,-1.7533719695963679,0.7878420513638056,36.848472347186465,36.942330392559164,37.05168913502585,14.0,0.0,36.0,-27.1,0.0,0.0,0.0,0.0,0.0,0.0,0.0,0.0,0.0,0.0
2026-06-10 19:48:08,0.671778104005309,2.785024889565979,-0.1776618874499465,-2.208903918377325,-2.1359199063748733,-0.6164159325098129,-0.15168886889528288,-1.3989681000026581,36.943301921285595,36.98861386230279,37.20428226785696,14.0,0.0,36.0,-67.8,0.0,0.0,0.0,0.0,0.0,0.0,0.0,0.0,0.0,0.0
2026-06-10 19:48:10,-2.407916813354656,1.3739435056210052,-2.2504443610921037,0.33578258785767723,-0.5896536380147159,1.7012906993066155,1.0581321440130607,2.913704318585273,36.546286959118724,36.98673424195274,37.232036579127254,14.0,0.0,36.0,24.0,0.0,0.0,0.0,0.0,0.0,0.0,0.0,0.0,0.0,0.0
2026-06-10 19:48:11,1.069994668700125,0.1024105764966099,-1.6566398200263783,-1.8146157740587519,-2.323170467611861,2.313932267401772,2.1284210969556776,-1.7858864124452718,36.871123590106194,37.182814763931745,36.73306968160379,14.0,0.0,36.0,42.4,0.0,0.0,0.0,0.0,0.0,0.0,0.0,0.0,0.0,0.0
2026-06-10 19:48:12,1.9788375969744258,1.2875534311177939,0.9283210236761676,1.7394862493916454,2.7270328951034344,1.53677901539906,-2.132346661317113,1.1374082846262317,36.75385289368411,37.20195969593023,36.70901739230655,14.0,0.0,36.0,-57.6,0.0,0.0,0.0,0.0,0.0,0.0,0.0,0.0,0.0,0.0
2026-06-10 19:48:13,-1.757877966083343,2.7919837537367984,-2.0368674497634105,1.478160751170373,0.8055114925683435,-0.3722206560807839,2.5613073026225273,1.289324610518868,36.69653648536687,37.01298864141684,37.120698248660695,14.0,0.0,36.0,-18.4,0.0,0.0,0.0,0.0,0.0,0.0,0.0,0.0,0.0,0.0
2026-06-10 19:48:14,-0.3640501434549055,-0.9581870010488922,2.0297247299718837,-1.5735633289557647,2.830645149107754,-1.4103349781554093,2.263382564945747,2.079625353786197,36.82251509673599,36.92690437659237,36.86890392975248,14.0,0.0,36.0,-27.3,0.0,0.0,0.0,0.0,0.0,0.0,0.0,0.0,0.0,0.0
2026-06-10 19:48:15,2.1438884142375834,1.536470067834995,-1.265946780829564,-1.0923635906438043,-2.6105388918736225,-0.9304221412583642,0.017552590516158872,2.934653577931206,37.0023681271585,37.00726789596875,37.02686501202648,14.0,0.0,36.0,-7.5,0.0,0.0,0.0,0.0,0.0,0.0,0.0,0.0,0.0,0.0
2026-06-10 19:48:17,0.47530820241312544,0.6899599769939515,-2.924623544732256,1.0098175049592326,-2.383872165540332,-0.7835276030393978,2.7037568820633426,0.786265825497245,37.00643435906336,36.84313790582878,36.83076698617884,14.0,0.0,36.0,58.7,0.0,0.0,0.0,0.0,0.0,0.0,0.0,0.0,0.0,0.0
2026-06-10 19:48:18,-1.6056512776579601,-0.16567784654095608,-1.0125077987800795,-1.7120474255609797,0.0066462762279240195,1.6879771450324697,1.2592751947084402,0.8761713759087213,36.50657393682091,36.84972249581985,36.93900097430812,14.0,0.0,36.0,31.9,0.0,0.0,0.0,0.0,0.0,0.0,0.0,0.0,0.0,0.0
2026-06-10 19:48:20,1.3560867465457367,0.8897084356956988,2.077645684226585,-2.5132137062630155,-1.8841239436886201,-2.0590186187110393,1.874113398346049,2.7785367500372207,37.096743685633555,37.19142207889325,36.70750589966823,14.0,0.0,36.0,-76.8,0.0,0.0,0.0,0.0,0.0,0.0,0.0,0.0,0.0,0.0
2026-06-10 19:48:21,-2.65054513876487,-2.224407322615856,-1.9253644491666273,-0.7936343837892776,0.7039073933120799,-0.3077269641462559,1.9895406451220818,-1.3962710520461967,36.90832851254515,36.84263040593111,37.14183286346763,14.0,0.0,36.0,108.1,0.0,0.0,0.0,0.0,0.0,0.0,0.0,0.0,0.0,0.0
2026-06-10 19:48:22,-0.20623162246942028,2.067981866913385,1.2673679007784644,-2.927843727836989,-2.6902605551329897,2.72671166785255,-1.831291680770042,0.5348950315689196,36.58183003940129,37.16719281844377,36.938597213848354,14.0,0.0,36.0,-85.8,0.0,0.0,0.0,0.0,0.0,0.0,0.0,0.0,0.0,0.0
2026-06-10 19:48:24,1.3359160019973126,-2.41390338218016,0.8140331518899746,2.419045605097347,1.6337245544384675,2.748354417769071,-1.1020805895324453,1.3283907288911658,36.72105064994241,37.13649623649295,37.167293176571796,14.0,0.0,36.0,42.2,0.0,0.0,0.0,0.0,0.0,0.0,0.0,0.0,0.0,0.0
2026-06-10 19:48:25,-0.5406768667277846,1.7733559190335466,0.6597291259041445,2.6030270856672004,-2.317456575815252,-1.2741379444824883,0.13688470673239728,1.314376983360007,36.63005738801732,37.20082154556976,36.76896541656676,14.0,0.0,36.0,-63.5,0.0,0.0,0.0,0.0,0.0,0.0,0.0,0.0,0.0,0.0
2026-06-10 19:48:26,-2.0447586789342447,-2.589043980370059,0.16505132959185875,-2.931098096630021,0.27111852490913346,-1.157215349728931,1.7365079145012112,0.4317627837710005,37.08352591485634,37.358354126020764,37.095781777530824,14.0,0.0,36.0,63.0,0.0,0.0,0.0,0.0,0.0,0.0,0.0,0.0,0.0,0.0
2026-06-10 19:48:28,2.3550235971566957,2.17052706682587,2.7113845227527955,-2.4920711075103226,-2.9106290110617605,2.0508817599509035,1.971768030804279,-1.6573198820728015,36.64420808158959,36.939514946571435,37.00172478593724,14.0,0.0,36.0,-100,0.0,0.0,0.0,0.0,0.0,0.0,0.0,0.0,0.0,0.0
2026-06-10 19:48:29,-0.4537199856993306,1.4345977297909833,-2.6733728002585897,0.5320474468739258,2.083667864552135,-0.032528571698448694,2.486051263436691,1.0251423322926838,37.018420882544014,37.37191848573369,36.81656274407324,14.0,0.0,36.0,33.3,0.0,0.0,0.0,0.0,0.0,0.0,0.0,0.0,0.0,0.0
2026-06-10 19:48:31,0.13665975826631893,2.4768245486141867,0.13974253225140565,-0.24374876767906972,-0.7765858830960086,-2.5250555273698696,-1.1496631834157027,-2.343285176686367,37.09438724897606,36.955803703233535,37.13210709818575,14.0,0.0,36.0,-69.5,0.0,0.0,0.0,0.0,0.0,0.0,0.0,0.0,0.0,0.0
2026-06-10 19:48:32,0.7686424857063354,1.0255253155191433,-1.94053947746067,1.3693060700949191,-1.631904712673493,2.2094021605437364,2.6145271066044122,-1.8086107314146982,36.71607844756468,36.945334763679,36.817160389798566,14.0,0.0,36.0,26.1,0.0,0.0,0.0,0.0,0.0,0.0,0.0,0.0,0.0,0.0
2026-06-10 19:48:33,1.4176855715604475,2.2340562007324873,-2.7427447762646824,1.8454493088399708,-1.2131808172994083,1.2125247723104673,2.1455817893796434,-1.3420239728230048,36.9242826254483,37.0411360580022,36.82832163820985,14.0,0.0,36.0,14.8,0.0,0.0,0.0,0.0,0.0,0.0,0.0,0.0,0.0,0.0
2026-06-10 19:48:35,2.732116417880354,-2.853267788246475,-2.486410638707249,1.328953453708265,2.2442330156117842,1.0347000092783416,0.3764337981337036,-2.790896348432753,36.65994755758917,36.8091621990016,37.08343579466403,14.0,0.0,36.0,138.8,0.0,0.0,0.0,0.0,0.0,0.0,0.0,0.0,0.0,0.0
2026-06-10 19:48:36,-2.1631365843029347,0.3814582939444975,2.9644885945870936,2.7307005329145975,0.10912795162348221,2.9522418257693435,2.127407965664096,1.4084924545079671,36.80776021527306,37.09825301969903,37.11888805053322,14.0,0.0,36.0,-84.0,0.0,0.0,0.0,0.0,0.0,0.0,0.0,0.0,0.0,0.0
2026-06-10 19:48:37,0.6740828789185196,1.9079770151820385,2.517105472063548,-1.4380832109424493,2.919500423590601,-2.1542755502142232,-1.47197021635433,0.7145763067626021,36.88773382262013,37.14246849793261,37.13807056884741,14.0,0.0,36.0,-100,0.0,0.0,0.0,0.0,0.0,0.0,0.0,0.0,0.0,0.0
2026-06-10 19:48:39,1.1632123659251494,-1.8497001891799745,2.5037028472552283,0.7494411613680612,-0.521329339812656,2.1804804379580442,-0.18997969985736596,-0.8550521682525378,36.78824788158012,37.23920669880065,37.243254854663924,14.0,0.0,36.0,-15.9,0.0,0.0,0.0,0.0,0.0,0.0,0.0,0.0,0.0,0.0
2026-06-10 19:48:40,2.5917700861919535,-2.9204928700161554,-0.19183039569861382,1.0366981332679224,-2.9599194116022667,1.5341733727666984,0.44010718021947604,2.6448290006155855,36.56055014811613,37.007648232933754,36.96848614811805,14.0,0.0,36.0,81.5,0.0,0.0,0.0,0.0,0.0,0.0,0.0,0.0,0.0,0.0
2026-06-10 19:48:41,-1.4597406186251498,2.2527811497938,-0.15502165395127854,2.1394703753795277,-2.200297605489263,-1.3447833958719173,1.716593884594448,1.6880247900292282,36.88266199803009,37.35516325267262,37.11088068145213,14.0,0.0,36.0,-54.1,0.0,0.0,0.0,0.0,0.0,0.0,0.0,0.0,0.0,0.0
2026-06-10 19:48:43,-1.2043571285323547,-0.5560541613599077,-0.7478610620443753,0.870880335643692,2.605671926104085,-2.027445806335858,-2.7204191735855767,-0.16778223910356616,36.85746085729654,36.851071195882994,36.70594340029285,14.0,0.0,36.0,31.3,0.0,0.0,0.0,0.0,0.0,0.0,0.0,0.0,0.0,0.0
2026-06-10 19:48:44,2.730342860933371,1.0362056397401638,-0.30443461181010356,-0.31948899010262277,-1.426407440832305,-0.07147297288318022,2.2044574666168213,1.5921601687984248,36.879187033438875,36.931934294834605,36.884632766010945,14.0,0.0,36.0,-17.9,0.0,0.0,0.0,0.0,0.0,0.0,0.0,0.0,0.0,0.0
2026-06-10 19:48:45,-2.7605083278833713,1.2157531145602443,2.807850838940925,2.876379280867541,1.7525589522137466,2.753319942257436,-1.4774199510029422,1.2575571116789863,36.60934725379474,37.20093461357236,37.132310959617875,14.0,0.0,36.0,-100,0.0,0.0,0.0,0.0,0.0,0.0,0.0,0.0,0.0,0.0
2026-06-10 19:48:46,2.9962743116343127,0.36337657737842965,-0.9468650155522367,2.1292683564349337,-1.3221953715549144,-1.9121153993963154,-1.2413162812154503,0.5142480203359687,36.85250759501382,37.14710743782306,36.72817754980936,14.0,0.0,36.0,13.5,0.0,0.0,0.0,0.0,0.0,0.0,0.0,0.0,0.0,0.0
2026-06-10 19:48:47,-2.6471745149642647,1.2612298837506826,2.605022978887872,2.7274186423063345,-2.88712426350265,-1.5585289382282492,-1.4162336085137885,0.6394212948784999,36.60270301363204,36.99357529660867,37.25783208239264,14.0,0.0,36.0,-100,0.0,0.0,0.0,0.0,0.0,0.0,0.0,0.0,0.0,0.0
2026-06-10 19:48:48,1.806639260061334,-1.3117087727732546,-2.170398019478623,-1.2224904801772485,2.591402712923065,2.57260997558879,1.0714297157522799,-0.03973719319374158,37.063013921232816,37.061957067320044,36.934999416295724,14.0,0.0,36.0,91.9,0.0,0.0,0.0,0.0,0.0,0.0,0.0,0.0,0.0,0.0
2026-06-10 19:48:50,1.8369064617301607,-1.3518129216464205,0.41264680253693875,2.891020955455504,-2.0517042094498157,-0.3206452701993272,2.4292099544932357,-1.500593687021524,36.505860476016544,37.257177082118424,37.285542212815336,14.0,0.0,36.0,25.3,0.0,0.0,0.0,0.0,0.0,0.0,0.0,0.0,0.0,0.0
2026-06-10 19:48:51,0.4207217618923038,0.08988622115357803,-0.9282178013241147,2.7169375204212223,2.067993884691008,2.0105889739943654,1.9126447072512445,0.3053233404040494,36.585823636205625,36.801342620153925,36.9705029922387,14.0,0.0,36.0,23.6,0.0,0.0,0.0,0.0,0.0,0.0,0.0,0.0,0.0,0.0
2026-06-10 19:48:52,0.8000340945245048,-2.624161883790924,-0.5650067494147781,-1.277163587177636,2.9660156942654794,-0.459980994379793,2.7708095480745074,1.9929925049475274,36.84082972832375,37.222561298495826,36.81629687981522,14.0,0.0,36.0,83.6,0.0,0.0,0.0,0.0,0.0,0.0,0.0,0.0,0.0,0.0
2026-06-10 19:48:53,-2.063465281541893,-1.2579835819543124,-0.666683350779933,-1.8510946469856915,2.6096507392621406,0.5923688585398841,1.100084124185143,-1.9454370755153134,36.66491140752088,37.20345944652855,37.215805343582126,14.0,0.0,36.0,50.6,0.0,0.0,0.0,0.0,0.0,0.0,0.0,0.0,0.0,0.0
2026-06-10 19:48:54,0.8745026743543631,-1.1472388724905034,-0.5237791672075875,1.3042595172611389,1.1695946419313055,-0.45587881558687604,0.859236391154397,-0.4434628963448173,36.63525135096545,37.34096916447947,36.709970963411436,14.0,0.0,36.0,43.4,0.0,0.0,0.0,0.0,0.0,0.0,0.0,0.0,0.0,0.0
2026-06-10 19:48:55,1.7588574352572586,0.7599812649376774,1.09541601062155,0.9482457634553203,-0.9507057252803044,0.9872703032907486,-1.3862495801675667,1.2819273276470398,36.94126334286978,37.07739631006976,36.87366291566093,14.0,0.0,36.0,-48.2,0.0,0.0,0.0,0.0,0.0,0.0,0.0,0.0,0.0,0.0
2026-06-10 19:48:57,0.7963390188942654,0.6197705031654044,-0.9833863008043213,-1.2082527192926762,1.7914065253834535,-1.962201763810943,-1.9660367274875485,-1.4930814432906776,36.54162141928508,36.81182298766739,36.982636812376455,14.0,0.0,36.0,7.4,0.0,0.0,0.0,0.0,0.0,0.0,0.0,0.0,0.0,0.0
2026-06-10 19:48:58,-2.1326085717168413,-0.056655610625033326,-2.4469309442753544,0.27111752203168704,1.1565685849273626,-0.39613590152539313,0.15451217367107706,2.384154381583076,36.66227128653441,37.16773390988586,36.882375370915675,14.0,0.0,36.0,64.6,0.0,0.0,0.0,0.0,0.0,0.0,0.0,0.0,0.0,0.0
2026-06-10 19:49:00,-2.9946201237926537,2.9358352707903546,0.07907076909086186,2.5657094402628777,0.2852059220474539,-2.0110418523190603,-2.336989099495077,-0.8168447507213572,36.71825416313241,37.0278126623862,36.72844591701097,14.0,0.0,36.0,-80.1,0.0,0.0,0.0,0.0,0.0,0.0,0.0,0.0,0.0,0.0
2026-06-10 19:49:01,1.702429258206748,-0.964368576274433,2.722465777699931,-2.4605223968296874,0.6434205599904859,-0.529942541863119,1.3421296593539545,-1.8492114467374088,36.83908718524984,36.96930897101496,37.27263692444665,14.0,0.0,36.0,-45.1,0.0,0.0,0.0,0.0,0.0,0.0,0.0,0.0,0.0,0.0
2026-06-10 19:49:02,-1.2288603883562335,0.9461226328883496,-0.07328814733602496,-0.6590664465914013,0.397897518058675,-2.336924876543276,-0.9713449155805591,0.16615505657037977,36.54695548679309,36.837438879320445,36.746639504487575,14.0,0.0,36.0,-24.2,0.0,0.0,0.0,0.0,0.0,0.0,0.0,0.0,0.0,0.0
2026-06-10 19:49:03,2.919470858095292,0.17501140576673446,-2.020369666115567,-0.5838296901583879,2.521978799692752,2.329233594463277,-1.411747022226796,2.5542913568641126,36.563780880898356,37.24517643977743,36.7320052612087,14.0,0.0,36.0,48.2,0.0,0.0,0.0,0.0,0.0,0.0,0.0,0.0,0.0,0.0
2026-06-10 19:49:05,-2.7036113407538744,-0.2507083797405736,-2.7412765969031634,-2.5170661431064314,-0.6768987470406724,-0.5879223449722826,0.27126620959322345,1.3004157579078903,36.800902725624226,37.27854608815904,36.78425701123792,14.0,0.0,36.0,77.2,0.0,0.0,0.0,0.0,0.0,0.0,0.0,0.0,0.0,0.0
2026-06-10 19:49:06,1.1263150396602626,1.3763813458682774,1.9492201778378933,1.2850066456129525,0.9454207507628185,-1.8060650466403056,-1.3535326313487206,0.5404974943600882,36.67250986031135,37.065186002411714,37.28777915472644,14.0,0.0,36.0,-87.6,0.0,0.0,0.0,0.0,0.0,0.0,0.0,0.0,0.0,0.0
2026-06-10 19:49:07,1.0419405260622314,-1.6760403166962634,2.3209158376971013,0.28842001491052116,0.8158512519180832,0.26811589224391197,2.4028340898661833,0.9518736226098063,36.76864641821515,36.95868419170478,37.23247713005073,14.0,0.0,36.0,-15.3,0.0,0.0,0.0,0.0,0.0,0.0,0.0,0.0,0.0,0.0
2026-06-10 19:49:08,-0.8216258790629087,1.583614090458771,2.1158414397244494,-0.8813439823352551,-0.5611010267849368,1.6276042422244092,0.48870052941753084,-1.4674034588450953,36.965074090982796,37.01338995760529,37.21537306339341,14.0,0.0,36.0,-94.6,0.0,0.0,0.0,0.0,0.0,0.0,0.0,0.0,0.0,0.0
2026-06-10 19:49:09,2.832494223402578,1.9950478770261864,-1.4828096374444537,-0.0488134513418057,-2.7335181846519117,2.1269826590765586,-0.016122369048840124,-2.0135218655845843,36.5860439360403,36.972635604535355,37.28390753417965,14.0,0.0,36.0,-12.2,0.0,0.0,0.0,0.0,0.0,0.0,0.0,0.0,0.0,0.0
2026-06-10 19:49:10,1.5368190040603906,0.5212588546134755,0.8307701787576711,2.0691611620911363,-2.013747313444276,-0.6775285146183778,0.6713770109410246,-2.1655727023520734,36.98743053907914,37.26277475049481,36.96067940523284,14.0,0.0,36.0,-35.0,0.0,0.0,0.0,0.0,0.0,0.0,0.0,0.0,0.0,0.0
2026-06-10 19:49:12,-0.44922149045476,0.9723630089021134,-1.6162323753961212,-0.5230158291720892,-1.4482427966128193,0.9088383040206836,-1.3387108064096476,-1.1247987571247027,36.96930100968008,37.07611183276201,36.89082777572378,14.0,0.0,36.0,16.4,0.0,0.0,0.0,0.0,0.0,0.0,0.0,0.0,0.0,0.0
2026-06-10 19:49:13,1.3325755627568734,-0.11178194852996981,1.599447114308628,2.861881523942463,1.5903091903460984,-2.7737455354767313,-2.7235332413717135,0.17340429322860285,37.037747503709255,37.062755460244055,37.085128300698145,14.0,0.0,36.0,-41.2,0.0,0.0,0.0,0.0,0.0,0.0,0.0,0.0,0.0,0.0
2026-06-10 19:49:14,-2.3667775652989222,-0.7830302177386175,2.8620757422295577,-0.4025339865016253,0.7009642040633199,-0.19838908285038492,1.2075558765862393,-1.8165491373402312,36.62732531631808,36.98246546666738,37.26195050604356,14.0,0.0,36.0,-53.3,0.0,0.0,0.0,0.0,0.0,0.0,0.0,0.0,0.0,0.0
2026-06-10 19:49:16,0.014073284214000559,-1.4621710239188004,-0.05576498156359211,-2.840737035138353,2.4866335280244325,0.033191290882026436,-1.8301864439536148,1.1515172229443476,36.64957173682106,36.80105642835867,36.919020197273575,14.0,0.0,36.0,38.4,0.0,0.0,0.0,0.0,0.0,0.0,0.0,0.0,0.0,0.0
2026-06-10 19:49:17,-1.058036085622024,1.0590591714278341,-1.7204990116404135,2.4241542075843476,-2.1507465717947998,-1.6906503053628736,-0.9607440207883506,-1.313724104768106,36.959099574612296,37.399039298817385,36.79886350569702,14.0,0.0,36.0,15.8,0.0,0.0,0.0,0.0,0.0,0.0,0.0,0.0,0.0,0.0
2026-06-10 19:49:18,0.11855629443363691,1.869980330252048,-0.8840947702995896,-1.749070481398628,1.2249264730349214,0.18166354358910786,2.939870368705386,1.9341247051636348,36.96221909593897,37.173340422905135,36.81772967272679,14.0,0.0,36.0,-23.9,0.0,0.0,0.0,0.0,0.0,0.0,0.0,0.0,0.0,0.0
2026-06-10 19:49:19,-1.7638552396837281,-2.7206360071251288,-1.1498074518829966,1.9189245610275547,0.8521217650549211,1.410589300158179,-0.18674413151407387,-1.7306548997040394,36.69093095791702,37.2975863732671,37.21659041009128,14.0,0.0,36.0,100.7,0.0,0.0,0.0,0.0,0.0,0.0,0.0,0.0,0.0,0.0
2026-06-10 19:49:20,1.018512092546624,0.8214110077043877,-2.3119811512982937,-2.034232912273805,-2.914019636490555,-0.6776607951096825,2.6696542360086237,0.4442957958402909,36.830204763962485,37.30917977166068,36.91859761058463,14.0,0.0,36.0,39.5,0.0,0.0,0.0,0.0,0.0,0.0,0.0,0.0,0.0,0.0
2026-06-10 19:49:22,1.0063554508159704,-1.7096049452958597,-1.6082397865423248,-2.497764211657639,0.8819027558014074,1.2466987518037502,0.309069839469605,2.385898198351205,36.9531481212505,36.81430350362341,37.09431566058775,14.0,0.0,36.0,86.6,0.0,0.0,0.0,0.0,0.0,0.0,0.0,0.0,0.0,0.0
2026-06-10 19:49:23,-1.996470835200254,0.8778163744485044,1.209587188852053,-1.8438539643060332,-2.93128137379961,1.46556623684031,-2.69614495128645,-0.4839463284732979,36.67134512163639,36.81227563476625,36.88467943912566,14.0,0.0,36.0,-54.6,0.0,0.0,0.0,0.0,0.0,0.0,0.0,0.0,0.0,0.0
2026-06-10 19:49:25,-0.5148193880661784,-0.15629279376991345,-0.8980134009187779,2.229113136394913,1.6210991670646138,-0.1374587305289845,0.31799140124683234,-0.043680761184840655,37.019418595899346,36.80949787546047,37.04650167497754,14.0,0.0,36.0,27.4,0.0,0.0,0.0,0.0,0.0,0.0,0.0,0.0,0.0,0.0
2026-06-10 19:49:26,1.3049428097482618,-2.360204106478804,2.8310061626316383,2.1898340173926414,2.3845133986412206,-0.290448344783663,-0.47204058257803894,1.34859894347127,36.551368677061944,37.16314247658674,37.13681206182393,14.0,0.0,36.0,-12.6,0.0,0.0,0.0,0.0,0.0,0.0,0.0,0.0,0.0,0.0
2026-06-10 19:49:27,-0.8558125703024579,1.5688040958899094,1.6894689810164056,0.8372872042569113,0.09561356572028323,-0.17773578751872865,0.33846313287342067,-0.39761949458843926,36.61098154194089,37.31308667116173,37.06092800111206,14.0,0.0,36.0,-84.2,0.0,0.0,0.0,0.0,0.0,0.0,0.0,0.0,0.0,0.0
2026-06-10 19:49:29,0.07854527866575678,-2.9931626333347428,0.5972087632907108,-2.065485058397859,2.249243977957203,2.4972334734800405,2.2508182118357176,-0.42323245817815724,36.948213284095495,36.95321465741623,37.250617517055254,14.0,0.0,36.0,64.3,0.0,0.0,0.0,0.0,0.0,0.0,0.0,0.0,0.0,0.0
2026-06-10 19:49:30,1.3389581467658296,-1.943971565795628,0.7635958081558742,1.8489069908204439,0.5937091610469487,2.8487079182119395,0.4906795428192847,2.832744699490794,36.910614823745355,37.22031321775588,37.219515631942585,14.0,0.0,36.0,32.2,0.0,0.0,0.0,0.0,0.0,0.0,0.0,0.0,0.0,0.0
2026-06-10 19:49:31,-2.021221123365318,1.8443208032727556,1.1350652200899338,1.2992951589371549,2.979487167500684,-2.737003034240572,0.88502081910225,-0.1877719218469407,36.667917811306566,37.138280583367816,37.0393274126205,14.0,0.0,36.0,-78.0,0.0,0.0,0.0,0.0,0.0,0.0,0.0,0.0,0.0,0.0
2026-06-10 19:49:32,0.6429132165594176,-1.6457140887343118,2.0069975007169614,-2.889836132161398,0.7570687249676107,-1.4162772558071948,-2.336967399049939,-0.5476382790704992,36.900654894721974,36.88143802194027,36.95295434892035,14.0,0.0,36.0,-11.2,0.0,0.0,0.0,0.0,0.0,0.0,0.0,0.0,0.0,0.0
2026-06-10 19:49:33,2.0050963122850582,-2.0106527975534423,0.47938728542237463,1.8160534872204694,0.6101866710676198,-2.6474784731066543,-2.0993508576930138,2.148223034066115,36.51179327897803,37.08815248122673,36.771193481451775,14.0,0.0,36.0,37.2,0.0,0.0,0.0,0.0,0.0,0.0,0.0,0.0,0.0,0.0
2026-06-10 19:49:35,0.2951403477389207,-1.7467890234596568,2.6284543125598763,0.8751012912990976,0.2299436342491621,-2.4520862195219983,-2.5963272245535203,-2.3854397651396466,36.64193397031046,37.22077510612511,37.24214579308377,14.0,0.0,36.0,-25.3,0.0,0.0,0.0,0.0,0.0,0.0,0.0,0.0,0.0,0.0
2026-06-10 19:49:36,2.719757835720287,-0.6211861697735341,-2.91533459499993,1.761037939890853,-0.9025168276458668,-0.8581144689558418,1.55851738962925,-0.622682996778757,36.9089996185599,37.31877512898993,37.17651356988657,14.0,0.0,36.0,91.8,0.0,0.0,0.0,0.0,0.0,0.0,0.0,0.0,0.0,0.0
2026-06-10 19:49:37,-0.0989078588097776,0.28988081943235855,0.9380749759239055,-1.0229940349001805,1.1085767979366654,1.4216210065833712,-0.737510551473723,2.191518915793571,36.95692963296814,37.3722903322488,37.165654235878435,14.0,0.0,36.0,-31.4,0.0,0.0,0.0,0.0,0.0,0.0,0.0,0.0,0.0,0.0
2026-06-10 19:49:39,2.5360713389468454,1.4399846090270803,-2.7842953319010424,-1.8684882497428268,-2.853284312265446,2.1750379220658376,-2.7649571410701537,-1.876934003819739,37.07774541908217,36.80252542641606,36.876837372759724,14.0,0.0,36.0,34.5,0.0,0.0,0.0,0.0,0.0,0.0,0.0,0.0,0.0,0.0
2026-06-10 19:49:40,-1.9043640315198738,-2.8914745363314687,-2.5666980458553814,-1.487799412741814,0.5753156681904938,2.452037167498279,-2.2140102429517645,-2.9791848895827133,36.54424661116498,37.28094655433658,36.91052959171573,14.0,0.0,36.0,141.3,0.0,0.0,0.0,0.0,0.0,0.0,0.0,0.0,0.0,0.0
2026-06-10 19:49:41,1.3739381780343871,-2.643626800279652,2.800818052188472,2.682103629088912,2.6000203491247644,-1.8656724882067721,-1.7427226294294822,-0.9991005208834585,37.03237924765648,37.08671916130875,36.926737890963906,14.0,0.0,36.0,-5.9,0.0,0.0,0.0,0.0,0.0,0.0,0.0,0.0,0.0,0.0
2026-06-10 19:49:42,-0.567774118322248,1.081176837931725,0.2702421668548367,-1.232387252515622,-0.7601301474856448,1.351556152711706,-2.554202699043084,0.6763236166143853,37.01349194010629,37.358298157850285,36.943960976849795,14.0,0.0,36.0,-35.5,0.0,0.0,0.0,0.0,0.0,0.0,0.0,0.0,0.0,0.0
2026-06-10 19:49:43,2.596306348423144,1.029688666401536,-0.2382294134009122,0.643026556662265,0.907224313984762,-1.5762594378502672,-0.9821571022332174,-1.6735535639029246,36.676204170844336,37.178857435048506,37.25849583017,14.0,0.0,36.0,-21.7,0.0,0.0,0.0,0.0,0.0,0.0,0.0,0.0,0.0,0.0
2026-06-10 19:49:44,0.641048149233562,-1.6286122785859518,-1.803480036157237,-2.973052212310638,-0.2763410874646621,-0.3693626673698249,-0.5096058967123942,0.12160956863880479,37.041562985249065,36.84543186804327,37.010977098222746,14.0,0.0,36.0,88.3,0.0,0.0,0.0,0.0,0.0,0.0,0.0,0.0,0.0,0.0
2026-06-10 19:49:46,1.0197621155219867,-1.7028349415541557,-1.9711566614862976,-0.47825780179943145,-0.5068493762138901,-0.27612402040480966,-2.7516766317982824,2.4993352854922417,36.50839435562229,37.03405152268439,37.2365702951068,14.0,0.0,36.0,93.5,0.0,0.0,0.0,0.0,0.0,0.0,0.0,0.0,0.0,0.0
2026-06-10 19:49:47,1.435004362161341,-0.2726064283890146,-0.9445173706742693,-1.7856024535986874,0.19568679366448372,-1.6488776559691793,-0.8365874708365055,0.6814987522887899,36.54631084187833,37.01895675719697,36.994808540595464,14.0,0.0,36.0,30.2,0.0,0.0,0.0,0.0,0.0,0.0,0.0,0.0,0.0,0.0
2026-06-10 19:49:49,2.7469470568143457,-0.24896191765714404,-1.7236034760852956,-0.9504468307009697,1.208927763166498,-1.6485972307328194,-1.6581451470964932,-2.536222551551905,37.05270691463935,37.1541894483422,36.95454878008898,14.0,0.0,36.0,49.4,0.0,0.0,0.0,0.0,0.0,0.0,0.0,0.0,0.0,0.0
2026-06-10 19:49:50,2.9745430511846216,-2.2463911146739477,0.6362102684960682,-1.7816156039147653,-2.7490803534346804,-0.1502327527800329,2.5134895392183516,1.7981632685284143,37.00430801838742,37.14166420420216,37.240128137614924,14.0,0.0,36.0,42.8,0.0,0.0,0.0,0.0,0.0,0.0,0.0,0.0,0.0,0.0
2026-06-10 19:49:51,-1.255810031242293,-0.03710794298439435,-0.7940777841199145,1.3471049234512638,-1.2703764833135844,0.8882200718005988,0.5081014825048848,0.6569922165537596,36.77748222582171,37.14411210040189,37.1260501836023,14.0,0.0,36.0,22.2,0.0,0.0,0.0,0.0,0.0,0.0,0.0,0.0,0.0,0.0
2026-06-10 19:49:52,-1.2380427753594134,0.04560750182650697,2.310212370712624,-0.5653015192521167,1.6731922859011794,-2.0774130143125373,1.076195387940638,-0.9703033497559179,36.847853595861984,36.89284413643392,37.095244555089494,14.0,0.0,36.0,-61.4,0.0,0.0,0.0,0.0,0.0,0.0,0.0,0.0,0.0,0.0
2026-06-10 19:49:53,1.6656231316341463,1.8483742721203678,1.090927215525312,-1.8338685916896154,0.32418603986932304,0.39810418884087273,1.5462465371002736,-1.9568810028804642,36.51967355713985,37.00506661065862,36.90628038587088,14.0,0.0,36.0,-75.0,0.0,0.0,0.0,0.0,0.0,0.0,0.0,0.0,0.0,0.0
2026-06-10 19:49:54,-1.9637389035314685,-0.05590104094312309,2.719806267827674,-1.8329509972747244,0.30464370569859156,-0.47393234125599815,-2.0984726310471467,0.9256793210435079,37.06483656135568,36.81402099357006,37.12887964498475,14.0,0.0,36.0,-70.2,0.0,0.0,0.0,0.0,0.0,0.0,0.0,0.0,0.0,0.0
2026-06-10 19:49:56,-0.06646697688843961,-1.4232969333869456,1.0449146881945879,2.2234135172815916,0.4083484164319744,-1.6236467406117328,2.755059249371236,-2.0612511399080624,36.85622644586097,36.88845384415367,36.8179108623308,14.0,0.0,36.0,10.3,0.0,0.0,0.0,0.0,0.0,0.0,0.0,0.0,0.0,0.0
2026-06-10 19:49:57,0.6917418774828077,-1.2133388475242084,-0.18319317211689334,0.8195959376258068,-1.6866538934019912,1.5249945883406566,-1.1177646664968188,-2.3712601394322252,36.543313439424224,37.11663229073829,37.24610243110774,14.0,0.0,36.0,36.3,0.0,0.0,0.0,0.0,0.0,0.0,0.0,0.0,0.0,0.0
2026-06-10 19:49:58,1.5621742642549021,-0.059894393684510217,1.6870991309038255,1.730886692215261,-1.596341450495113,-2.2042505698880683,1.1543880464626834,-0.28272553046446003,36.551428051761306,37.32197323129053,36.72589359904125,14.0,0.0,36.0,-42.6,0.0,0.0,0.0,0.0,0.0,0.0,0.0,0.0,0.0,0.0
2026-06-10 19:49:59,-1.9060172499570307,-1.1432252480820484,-1.4251834728063906,-0.7667900945282327,-2.664997018206602,-2.256788246218017,-0.45503204351067206,-0.0661861110834785,36.62308303464714,37.14657796677783,36.7325825916982,14.0,0.0,36.0,65.1,0.0,0.0,0.0,0.0,0.0,0.0,0.0,0.0,0.0,0.0
2026-06-10 19:50:00,-0.405502361006004,0.9383365834110524,-2.8327939828011472,1.837852257627202,-2.1308057821506186,-1.7517558388742387,-2.3757431224385575,0.5435804350063158,36.91457746126232,37.129665966796274,37.13762958322042,14.0,0.0,36.0,46.9,0.0,0.0,0.0,0.0,0.0,0.0,0.0,0.0,0.0,0.0
2026-06-10 19:50:01,-0.4349599105626547,1.6647312096255469,0.7883413485529278,-1.562300570822058,-1.646702972847147,0.20272942506184677,-1.378845046650108,-2.732448007889065,36.55870668845056,36.88246318338954,37.153259904131296,14.0,0.0,36.0,-64.0,0.0,0.0,0.0,0.0,0.0,0.0,0.0,0.0,0.0,0.0
2026-06-10 19:50:02,2.895542286273141,0.18112164088898286,1.588559936375578,-2.274652819049873,2.5869480694163673,-2.246277397810978,1.6088314751846244,2.9964125896882914,36.87397823467618,37.252394539869776,37.10906730875015,14.0,0.0,36.0,-46.1,0.0,0.0,0.0,0.0,0.0,0.0,0.0,0.0,0.0,0.0
2026-06-10 19:50:04,0.0556030399437879,-2.176718724491817,0.16187445392896738,2.087757785979905,1.7772635289266088,-2.6212272135409114,-2.9014408363148307,0.014368338480470477,36.892219764489184,37.21320534559728,37.103111494103715,14.0,0.0,36.0,49.3,0.0,0.0,0.0,0.0,0.0,0.0,0.0,0.0,0.0,0.0
2026-06-10 19:50:05,-1.4066457685382676,-2.7993055897860346,-1.7790501565158179,0.5844829797116651,-2.7226611268831036,-0.014517316834340654,1.5006012256834715,1.900781780809556,36.606719868797654,37.28587668093197,36.81343830679573,14.0,0.0,36.0,119.1,0.0,0.0,0.0,0.0,0.0,0.0,0.0,0.0,0.0,0.0
2026-06-10 19:50:07,2.6011200737432425,-1.2216472604316821,1.6608452490297871,-1.373076711832008,-1.5107593929142349,-2.496785317657896,2.1103240002465045,-2.023734331022882,36.86948128643874,37.204500011674114,37.23497383257187,14.0,0.0,36.0,-11.5,0.0,0.0,0.0,0.0,0.0,0.0,0.0,0.0,0.0,0.0
2026-06-10 19:50:08,1.4027905272760561,-1.3231911332293458,-2.2245369735880973,-0.8368527973389805,-1.0680836611057354,0.041091418251847145,-0.9997915574526868,2.7035423902532862,37.03227758750839,36.945621505046105,37.12620101967059,14.0,0.0,36.0,91.3,0.0,0.0,0.0,0.0,0.0,0.0,0.0,0.0,0.0,0.0
2026-06-10 19:50:10,2.886659050990355,-2.5745644003696,1.3517143724339427,0.7268926761319499,-0.32838782516985443,-1.4419432238007237,-1.8248854604147025,0.7783681312532202,36.78927150034506,37.35118842794106,37.28079121987158,14.0,0.0,36.0,30.0,0.0,0.0,0.0,0.0,0.0,0.0,0.0,0.0,0.0,0.0
2026-06-10 19:50:11,-1.353351859383808,-2.726937715335646,-1.5712943107125763,2.8653963246491383,2.409085355643752,-1.5665574161862734,-2.5249319542109045,-1.3432898551525978,36.6957639543627,37.00853881258104,36.81393871212433,14.0,0.0,36.0,109.1,0.0,0.0,0.0,0.0,0.0,0.0,0.0,0.0,0.0,0.0
2026-06-10 19:50:12,2.490185247201838,1.2755574290832143,-0.7302434361024437,-0.10236969207454027,-1.9173324500749598,0.9465836952533069,-1.3406967372429563,2.925932036163098,37.00027736330733,37.07527008152456,37.29814330848628,14.0,0.0,36.0,-14.3,0.0,0.0,0.0,0.0,0.0,0.0,0.0,0.0,0.0,0.0
2026-06-10 19:50:14,1.079599367986816,-0.41632080187337195,-1.0645000093853298,-1.211571917566264,-1.366436624926802,0.4970398931690525,2.1113565088491395,-1.2471096705848028,36.98987044732058,37.16361817799441,36.863232368664974,14.0,0.0,36.0,39.6,0.0,0.0,0.0,0.0,0.0,0.0,0.0,0.0,0.0,0.0
2026-06-10 19:50:15,2.532660137318767,-2.51348124201417,1.9286024666509247,2.658438015127337,1.1562081289176867,-2.7525114685454275,1.4848758852026336,-1.6512307953659886,36.68366853492441,37.022407559283,37.23607049859234,14.0,0.0,36.0,14.5,0.0,0.0,0.0,0.0,0.0,0.0,0.0,0.0,0.0,0.0
2026-06-10 19:50:17,0.6529353926923518,1.4052517775974955,-1.5242041902318642,-0.631640246991001,-0.054257710496406375,-0.4408585587305982,-2.6275535875505023,-2.338765026691644,36.69424643057448,37.05416714567747,37.21029384965954,14.0,0.0,36.0,1.5,0.0,0.0,0.0,0.0,0.0,0.0,0.0,0.0,0.0,0.0
2026-06-10 19:50:18,-0.7098353046257291,0.994455153667543,1.458287631956205,0.06278386257835278,2.9558008517171572,-2.634307780623347,-1.673744194861145,1.0379297759553845,36.61085937973411,37.29962378672875,36.900166490314895,14.0,0.0,36.0,-65.6,0.0,0.0,0.0,0.0,0.0,0.0,0.0,0.0,0.0,0.0
2026-06-10 19:50:19,1.1656501009259594,2.387877009234293,-2.681446436115167,1.309826689758622,-2.490981504849586,0.20792533561541404,-0.9204113132173184,-0.13885753411825963,37.003359028839895,36.82298382947081,37.2500743198002,14.0,0.0,36.0,7.2,0.0,0.0,0.0,0.0,0.0,0.0,0.0,0.0,0.0,0.0
2026-06-10 19:50:20,-2.6079055523560006,-0.3675859701123967,-0.5210733766786517,-0.5774269995556791,0.5750581972180795,1.3557728058216378,0.057065493605956696,-0.3077112951993355,36.53996102728691,36.824299013446705,37.07527172728309,14.0,0.0,36.0,23.7,0.0,0.0,0.0,0.0,0.0,0.0,0.0,0.0,0.0,0.0
2026-06-10 19:50:21,-0.9083966469710933,-0.025079323966808786,2.354518312827379,0.7287672932176337,-2.319589348122672,0.24459379987151308,-0.542437116729519,-0.14818376563534308,36.75229107206812,37.0946055652525,37.117305187528096,14.0,0.0,36.0,-60.4,0.0,0.0,0.0,0.0,0.0,0.0,0.0,0.0,0.0,0.0
2026-06-10 19:50:23,-1.9142795537296822,1.7971527729661148,2.6250765971735337,-1.9438091004428697,1.1827414114690118,1.183911694787886,-2.325502878587108,2.0912743502752598,36.99194639211661,37.1930862088722,37.28280982185517,14.0,0.0,36.0,-100,0.0,0.0,0.0,0.0,0.0,0.0,0.0,0.0,0.0,0.0
2026-06-10 19:50:24,-0.10525779806026048,2.5824002712353327,-0.19389542942763516,0.8148955364662402,-1.9080399039207234,1.2536129073691011,0.9906913223355245,1.0900804284552486,36.874207711691795,37.24844993867378,37.11385883723969,14.0,0.0,36.0,-60.6,0.0,0.0,0.0,0.0,0.0,0.0,0.0,0.0,0.0,0.0
2026-06-10 19:50:25,1.185085510829511,0.9157813126407968,-0.5408375356269617,2.6760314821696944,0.745111106964397,0.6482104934474577,0.9223524018707097,-2.236232975342426,36.65183758684478,36.91831296349073,37.297408308189205,14.0,0.0,36.0,-8.9,0.0,0.0,0.0,0.0,0.0,0.0,0.0,0.0,0.0,0.0
2026-06-10 19:50:26,-1.5772382020169453,-0.19488876645298703,1.113837810082675,0.21617575369364772,-2.747180257362768,2.5377963192821236,-2.6714399519466676,0.6971568232827576,36.72191301387844,37.29400058590684,36.78462865333907,14.0,0.0,36.0,-23.8,0.0,0.0,0.0,0.0,0.0,0.0,0.0,0.0,0.0,0.0
2026-06-10 19:50:27,2.4290289724132554,0.48746757940379926,-1.3896792254329782,-1.3748759416834209,2.3621800246166753,1.0102319024968107,-0.5901889411556409,0.42467355801069573,36.64759494538813,36.96284301031023,37.07017357879964,14.0,0.0,36.0,23.5,0.0,0.0,0.0,0.0,0.0,0.0,0.0,0.0,0.0,0.0
2026-06-10 19:50:29,2.9804118199670357,0.26335927453815744,-2.1246060010261925,-2.330179637913213,-1.434169371063692,-2.8299541666268153,-2.5316026777067067,0.6229231099615684,37.08893615717659,37.19732404126522,36.777784069055315,14.0,0.0,36.0,45.4,0.0,0.0,0.0,0.0,0.0,0.0,0.0,0.0,0.0,0.0
2026-06-10 19:50:30,1.2947888224311992,-0.3849391543793743,0.03138128874572654,-2.413317227944555,0.22137341315300896,2.176407943738882,2.1974111784395776,-0.9777376981083394,36.99051458328776,37.105568261992566,37.18457907752685,14.0,0.0,36.0,11.3,0.0,0.0,0.0,0.0,0.0,0.0,0.0,0.0,0.0,0.0
2026-06-10 19:50:31,-2.322307602950302,2.7532947061244304,-1.221714514327781,-2.266962281499339,2.2692414252420576,0.7081954253265299,-1.6077019189797779,1.233070559370999,37.091823833760806,36.84308547509942,37.20594591079466,14.0,0.0,36.0,-40.1,0.0,0.0,0.0,0.0,0.0,0.0,0.0,0.0,0.0,0.0
2026-06-10 19:50:32,-0.5685515633518663,-1.1552838949388526,2.029469722935719,2.7561275738820017,1.5802681727321355,-2.1098910010602046,2.839746903305846,-2.8094037405286674,37.023253711926436,37.0386071077434,37.170337620748654,14.0,0.0,36.0,-22.2,0.0,0.0,0.0,0.0,0.0,0.0,0.0,0.0,0.0,0.0
2026-06-10 19:50:33,2.2339065290414046,-2.1621360821996944,1.11200416570761,-2.8518268981734387,1.715581163536669,-0.142619000707088,-1.0743427377636097,-0.3518876038720755,36.64087779003851,37.276580937238556,36.979517478480716,14.0,0.0,36.0,26.5,0.0,0.0,0.0,0.0,0.0,0.0,0.0,0.0,0.0,0.0
2026-06-10 19:50:35,-0.08719760083985761,-2.0300214796553626,-2.1520206607967394,-0.6509443335670255,-1.1823646881838805,2.0949010476742966,-1.3918490636645304,-0.9406696005139339,36.98256949158866,36.88410813293561,37.20268260687082,14.0,0.0,36.0,108.5,0.0,0.0,0.0,0.0,0.0,0.0,0.0,0.0,0.0,0.0
2026-06-10 19:50:36,0.5888941099856289,-1.1945469774533444,-0.8063271206663272,-0.14185684346677663,0.5115180582362475,-1.1428332371285728,-1.4789866440379253,2.571393513525009,36.667194164344714,37.39821458520894,36.92566286758837,14.0,0.0,36.0,50.4,0.0,0.0,0.0,0.0,0.0,0.0,0.0,0.0,0.0,0.0
2026-06-10 19:50:37,2.4294630153028436,-0.4952589979511881,-0.6837319298504396,-1.270718658158247,1.2230643106369072,1.1174804630014936,1.2856549863364215,-1.4050294176606613,37.0906874051259,37.19583179775369,36.98512156687196,14.0,0.0,36.0,31.7,0.0,0.0,0.0,0.0,0.0,0.0,0.0,0.0,0.0,0.0
2026-06-10 19:50:38,-0.9833743470970973,1.5509599405158871,0.10045033600428077,2.994682840749187,-2.988463156031292,1.1934188934953278,0.5008134824861399,-2.508097500998589,36.80817728169276,36.87242338948798,36.786666331612906,14.0,0.0,36.0,-41.9,0.0,0.0,0.0,0.0,0.0,0.0,0.0,0.0,0.0,0.0
2026-06-10 19:50:39,2.492342492418465,-2.303547520746114,2.3103373432511978,-2.6554233856668144,-2.1494062728454795,-1.712792416516865,-0.24413255277879653,0.02996557456869775,37.04200420539132,36.89262337812523,37.16642782826497,14.0,0.0,36.0,-1.2,0.0,0.0,0.0,0.0,0.0,0.0,0.0,0.0,0.0,0.0
2026-06-10 19:50:41,-1.3527818214595606,-0.34233600558074073,2.042815606224498,-0.8074214944039624,-2.909890921708263,2.0303129137915423,-2.4093025919028195,0.9870764843337789,36.730807329415306,37.37772346948465,36.78838930106608,14.0,0.0,36.0,-44.2,0.0,0.0,0.0,0.0,0.0,0.0,0.0,0.0,0.0,0.0
2026-06-10 19:50:42,-1.063756770027864,-1.4387992868556378,0.7655173135724307,-1.9208234406289988,-2.925960832477962,-2.6932019056254686,0.6614078934423242,-2.824906743787417,36.994377750669486,37.39715768737625,37.034945432414695,14.0,0.0,36.0,16.4,0.0,0.0,0.0,0.0,0.0,0.0,0.0,0.0,0.0,0.0
2026-06-10 19:50:44,-0.19560312043436,-1.894419852792627,-0.7097282824089977,-2.0909302544689443,2.2493347288870087,-1.0217759806973472,-0.998885815207498,2.206648993155289,36.62462084362229,36.97222361156303,37.0588873320763,14.0,0.0,36.0,66.3,0.0,0.0,0.0,0.0,0.0,0.0,0.0,0.0,0.0,0.0
2026-06-10 19:50:45,-2.824914161162328,-0.1272494420200867,1.9307486916575272,-0.20261184258139142,2.621289971826463,-2.042962177912633,-2.956105340139139,-2.2517805965242026,36.52832851030022,36.929410662143084,36.755385439552455,14.0,0.0,36.0,-49.1,0.0,0.0,0.0,0.0,0.0,0.0,0.0,0.0,0.0,0.0
2026-06-10 19:50:46,-0.7690849916362099,-0.4125057476691758,2.018990402741073,2.630849608145274,-2.3916147465754127,0.8482957270172822,-2.948724352436791,1.8900850121312827,36.69315726407619,37.0167170856239,37.002191371669234,14.0,0.0,36.0,-42.6,0.0,0.0,0.0,0.0,0.0,0.0,0.0,0.0,0.0,0.0
2026-06-10 19:50:48,0.9038779359769142,0.17710010488139627,0.9137102812324027,2.732058394233732,1.152200291569767,0.7388501848362905,-0.974606258078833,-0.45997351689849975,36.51081300597377,37.325312884854526,36.99540649439277,14.0,0.0,36.0,-28.3,0.0,0.0,0.0,0.0,0.0,0.0,0.0,0.0,0.0,0.0
2026-06-10 19:50:49,-1.6441877090764632,1.8504615488182186,-2.830271701246523,-0.9797069700868573,-1.3426933474451503,-0.11945694702984966,-1.7662313824758753,-1.8019954620800176,36.726225277704216,37.390906567233195,37.25137646044205,14.0,0.0,36.0,24.4,0.0,0.0,0.0,0.0,0.0,0.0,0.0,0.0,0.0,0.0
2026-06-10 19:50:50,1.5684391993305438,-0.49487578160703016,0.2550105882437923,0.08915289858160769,0.580544514657551,-0.2106501563591614,0.3807992847979258,0.44044320787375124,36.850672305983025,36.997972544265274,37.19121047174697,14.0,0.0,36.0,6.3,0.0,0.0,0.0,0.0,0.0,0.0,0.0,0.0,0.0,0.0
2026-06-10 19:50:52,0.6819611749799139,2.341924310963832,0.756647344309239,1.1877331276942211,1.7086664812944523,1.4728014982524371,-0.8353423042577814,-0.1462793240725242,36.89407249720028,36.884262833884826,37.1709567960914,14.0,0.0,36.0,-79.8,0.0,0.0,0.0,0.0,0.0,0.0,0.0,0.0,0.0,0.0
2026-06-10 19:50:53,-0.8969649161190176,1.0278617272847725,-0.6350847513274189,0.5724085973990007,-0.1465611768722095,2.9244529038167366,2.1731371043044687,1.913300978755009,37.019569370649855,37.39678981347161,36.912711272743145,14.0,0.0,36.0,-7.6,0.0,0.0,0.0,0.0,0.0,0.0,0.0,0.0,0.0,0.0
2026-06-10 19:50:54,1.650775761425666,-0.4956173848705827,-0.8347330256592733,-2.302778198307251,0.724122171727728,0.32960940478665623,-1.961392802186003,1.54771128485217,36.97324047140731,36.9812877757507,36.7975087510294,14.0,0.0,36.0,33.6,0.0,0.0,0.0,0.0,0.0,0.0,0.0,0.0,0.0,0.0
2026-06-10 19:50:55,2.184184182869126,-0.6824942029896528,-2.7950523406462553,2.5910867608320407,-1.5532409734068975,-2.0363019310154407,-2.2419860979525716,-0.38879497211664393,36.913824915966956,36.85850725433703,37.29813818036248,14.0,0.0,36.0,87.8,0.0,0.0,0.0,0.0,0.0,0.0,0.0,0.0,0.0,0.0
2026-06-10 19:50:56,0.0027030046274338915,-1.7879377667457204,0.7947840269506088,-0.3765944604013347,2.3386365428444122,-0.7456913669024452,2.517882400581666,0.148061548494546,36.55972129907315,36.907759633795855,36.8311184294101,14.0,0.0,36.0,26.6,0.0,0.0,0.0,0.0,0.0,0.0,0.0,0.0,0.0,0.0
2026-06-10 19:50:57,-2.4119235116829243,2.4915365204785616,2.22146662909521,2.7378148475244437,-2.266814963495839,-2.556638093095191,1.0306426912895734,-1.9377361497713055,36.78323421582033,37.0585383044415,37.17095249460817,14.0,0.0,36.0,-100,0.0,0.0,0.0,0.0,0.0,0.0,0.0,0.0,0.0,0.0
2026-06-10 19:50:58,-2.4332088275971646,-2.6039511358807808,2.6804231182648355,2.1054625243343716,0.9210934135169961,-1.6057834264191833,-0.30952093030848715,-2.357323088406636,36.81306140948362,37.267641601917894,36.76982351758585,14.0,0.0,36.0,-2.9,0.0,0.0,0.0,0.0,0.0,0.0,0.0,0.0,0.0,0.0
2026-06-10 19:51:00,-2.188909111266412,0.18556716810215645,-2.1195749207571772,1.8153913685476217,1.7114878184418583,1.8471690578318265,-2.1718580542471644,1.209674301047512,37.062032921258364,37.16595499063662,37.164548376242266,14.0,0.0,36.0,49.8,0.0,0.0,0.0,0.0,0.0,0.0,0.0,0.0,0.0,0.0
2026-06-10 19:51:01,-2.9014992911438338,0.07687488468492809,-1.4714250866892604,-2.5784344395496346,2.453283290837029,1.577701439274886,-0.12847801851344176,-2.411510592434449,36.51422801200196,37.20675842256187,37.17909187138724,14.0,0.0,36.0,36.8,0.0,0.0,0.0,0.0,0.0,0.0,0.0,0.0,0.0,0.0
2026-06-10 19:51:03,0.9727973856228633,1.1298523630819286,1.1842391784856225,2.4914896182664146,0.145252324937025,2.1027548803961773,-2.0888183990571316,-2.7978199725922,36.5978840001177,36.84624092945536,36.9485950107216,14.0,0.0,36.0,-59.8,0.0,0.0,0.0,0.0,0.0,0.0,0.0,0.0,0.0,0.0
2026-06-10 19:51:04,-1.0718428711502097,-0.6522915595080487,2.3477273261075373,-0.746237352111641,0.5741512580907262,-1.674857012365211,0.04202550279827211,-2.3790754583122427,36.57938332367573,36.822753156196754,36.99362386703083,14.0,0.0,36.0,-44.7,0.0,0.0,0.0,0.0,0.0,0.0,0.0,0.0,0.0,0.0
2026-06-10 19:51:05,2.425169749484205,2.952444977054089,1.8698646858912529,1.4389282163268389,2.904776547333004,1.2630021092959227,-0.6163743003918651,2.6564476707958526,37.09490319263141,36.980761919370586,36.70414681204,14.0,0.0,36.0,-100,0.0,0.0,0.0,0.0,0.0,0.0,0.0,0.0,0.0,0.0
2026-06-10 19:51:06,1.8615333777768113,-0.09657334207099177,1.0945812493015659,-0.5700998435908229,-0.12776566481326768,-1.0153688781961947,-2.188835166789481,-0.8357454621069236,36.688542128223865,36.842148730126716,37.01923347858941,14.0,0.0,36.0,-27.4,0.0,0.0,0.0,0.0,0.0,0.0,0.0,0.0,0.0,0.0
2026-06-10 19:51:07,-0.6450782583282626,-2.0783145392465254,0.7502896015381921,2.820164391722309,1.9278378720319402,-1.8426943641032276,-1.4827374985811081,-1.5144028709919426,36.88804099511083,36.94584670391372,37.28987928726246,14.0,0.0,36.0,32.7,0.0,0.0,0.0,0.0,0.0,0.0,0.0,0.0,0.0,0.0
2026-06-10 19:51:08,0.24199384551153313,-1.4189620578592437,2.9863280003520494,2.9995904500478368,-0.2975086931818298,1.3298072272105905,1.4176858949275033,-0.801760608392251,36.64027077495262,36.97833078486101,37.21857468809976,14.0,0.0,36.0,-39.2,0.0,0.0,0.0,0.0,0.0,0.0,0.0,0.0,0.0,0.0
2026-06-10 19:51:10,-0.4990538274553966,-1.0949768211676632,-0.8973739498852433,-0.8958040821062987,-1.3567748801078374,1.6602938533758769,-1.6083480099796992,-0.1779842190234806,36.99717057124167,36.968840205238166,36.71337307518639,14.0,0.0,36.0,51.5,0.0,0.0,0.0,0.0,0.0,0.0,0.0,0.0,0.0,0.0
2026-06-10 19:51:11,2.2935286888789648,1.2114935989866833,2.0780050627865565,-0.27986179430491687,1.2271683404297393,-1.0367448644147217,-2.592751846089187,0.18063940923657373,36.86102653822735,37.187755148228845,37.15380691844956,14.0,0.0,36.0,-86.9,0.0,0.0,0.0,0.0,0.0,0.0,0.0,0.0,0.0,0.0
2026-06-10 19:51:12,-2.588506833043601,-0.5311406900121014,2.081366876340219,0.7553717964527467,-2.75593320408343,-1.0247748929511444,2.7031777542002358,-1.2023685713955625,36.5116912495154,37.05909231186391,36.96210641095284,14.0,0.0,36.0,-39.2,0.0,0.0,0.0,0.0,0.0,0.0,0.0,0.0,0.0,0.0
2026-06-10 19:51:13,0.9581382714628699,0.2733096609856407,0.30510170956880955,2.888332019435893,0.5115151474458415,1.6501629505881352,-2.128413782872402,2.0126798386878946,37.03558616310765,36.95163475433717,37.04183664320246,14.0,0.0,36.0,-15.2,0.0,0.0,0.0,0.0,0.0,0.0,0.0,0.0,0.0,0.0
2026-06-10 19:51:14,2.2557926833336257,-0.44959706556893364,-1.928479663358336,0.07372185553867894,-0.8407845942481265,0.8882609657350558,-0.5015065201380509,-0.10538498077200975,36.8403544274414,37.19909962782985,36.84994698657636,14.0,0.0,36.0,61.7,0.0,0.0,0.0,0.0,0.0,0.0,0.0,0.0,0.0,0.0
2026-06-10 19:51:16,1.0999147344455027,-1.4725538693532165,-2.6827682071270997,-2.8026415930544974,-0.524287565496226,1.5788527421138614,-0.8761761135590165,-0.19181548524593683,36.81677091234159,37.011631364034386,36.90396635394894,14.0,0.0,36.0,107.8,0.0,0.0,0.0,0.0,0.0,0.0,0.0,0.0,0.0,0.0
2026-06-10 19:51:17,1.1880763596927881,2.390927169463418,-1.251898042841149,2.704579489697802,-1.5582142552525986,2.82183739991222,-2.3314724628512358,0.6204978427655723,36.684277154968605,36.87832090025293,37.03942342826302,14.0,0.0,36.0,-29.2,0.0,0.0,0.0,0.0,0.0,0.0,0.0,0.0,0.0,0.0
2026-06-10 19:51:19,2.8447400141024506,1.597283823036638,2.3215135742062607,0.7027836922142314,2.5526232407978275,-1.2865660922276922,1.503307444741373,-1.5968559294099047,36.945158859048306,37.28096905925367,37.13657969236167,14.0,0.0,36.0,-100,0.0,0.0,0.0,0.0,0.0,0.0,0.0,0.0,0.0,0.0
2026-06-10 19:51:20,-0.7166025546508576,0.8140225371532628,-1.0145187581721438,-1.2176029908969193,1.756157686587473,0.08096582884329795,-2.462611689352915,2.893673068852328,36.72431729309566,37.325616015459374,37.075742982881096,14.0,0.0,36.0,4.0,0.0,0.0,0.0,0.0,0.0,0.0,0.0,0.0,0.0,0.0
2026-06-10 19:51:21,-2.9041806183510555,0.8820027553750505,-2.28060974684764,-0.18038450401099837,1.9528418221847526,0.3836142677344583,0.346038424677106,-1.8367926866786457,36.82821063784296,37.1785509681094,37.2125396498367,14.0,0.0,36.0,36.5,0.0,0.0,0.0,0.0,0.0,0.0,0.0,0.0,0.0,0.0
2026-06-10 19:51:22,-1.171677438070347,-0.4995504904272847,1.8323153745511824,-2.7305324379580584,-2.877779191736007,-0.7551767492407899,-0.12457629927042646,-0.6115860407493443,36.55556434037059,37.31206254113012,36.99945619564215,14.0,0.0,36.0,-34.9,0.0,0.0,0.0,0.0,0.0,0.0,0.0,0.0,0.0,0.0
2026-06-10 19:51:23,0.5922991306302898,2.427603741673188,2.8098435260387458,0.5484569373164225,0.03205384008590606,-0.13848665363653234,1.9521524648422997,-2.35601412654875,36.8822663300105,37.24429858461497,37.185952004958544,14.0,0.0,36.0,-100,0.0,0.0,0.0,0.0,0.0,0.0,0.0,0.0,0.0,0.0
2026-06-10 19:51:25,-2.6587098805663683,-0.0004958115528186369,-2.594317684423066,-2.7952904124541043,-0.6636410363174683,-2.4718400664356794,-0.5220116127376517,0.39491992259124986,36.652355961633845,36.80236794072485,37.04313560978124,14.0,0.0,36.0,65.6,0.0,0.0,0.0,0.0,0.0,0.0,0.0,0.0,0.0,0.0
2026-06-10 19:51:26,-0.12350872707090055,-0.38822220053346346,0.28978681040930576,0.4573685058048551,-2.254435153923172,-0.05136950672338081,-1.8597207365952713,-1.4162775925391404,37.09849788750684,37.345202765777906,37.25586323961368,14.0,0.0,36.0,1.6,0.0,0.0,0.0,0.0,0.0,0.0,0.0,0.0,0.0,0.0
2026-06-10 19:51:27,0.35621666778848926,-1.7209079196644899,-1.0483792592494134,-1.787929770923217,-2.5835206592244324,-2.0076703095609187,-0.6513592734456353,0.5129904689516009,37.01400023292371,36.85672626319835,36.91934756189896,14.0,0.0,36.0,70.3,0.0,0.0,0.0,0.0,0.0,0.0,0.0,0.0,0.0,0.0
2026-06-10 19:51:28,2.5709914347673157,-0.03027755604428961,-0.581352513786956,0.12955861017890768,0.6363811307382461,2.6235899053297533,-2.48781261606048,1.9832854421661015,36.879734383240866,37.043548835480465,36.794966490274696,14.0,0.0,36.0,15.9,0.0,0.0,0.0,0.0,0.0,0.0,0.0,0.0,0.0,0.0
2026-06-10 19:51:29,-1.3246398162979893,-2.8630360256114153,-2.806152413201799,-1.0225642231123069,0.46528971484214665,-0.12193048260688233,1.5565500133936379,-1.6895509429468154,36.661911057234995,37.175561632174734,37.02099289118545,14.0,0.0,36.0,147.3,0.0,0.0,0.0,0.0,0.0,0.0,0.0,0.0,0.0,0.0
2026-06-10 19:51:30,-0.5614025403963439,-2.87377659640667,0.653227171925197,2.8771997417561126,-0.8461075359407082,-2.055321941309489,0.4080445456811903,-1.2983496510617116,36.74242310140963,36.93678333456732,36.90653393565955,14.0,0.0,36.0,56.6,0.0,0.0,0.0,0.0,0.0,0.0,0.0,0.0,0.0,0.0
2026-06-10 19:51:32,-0.28713851106682853,-2.0618949572225374,1.036194051192167,2.8313430147915417,1.410199327333581,2.1768807105450785,-1.9495799358009922,2.6911407434365078,36.556171102871154,37.229195194096825,37.229815904143074,14.0,0.0,36.0,26.6,0.0,0.0,0.0,0.0,0.0,0.0,0.0,0.0,0.0,0.0
2026-06-10 19:51:33,-2.353687108220038,0.5568413870213353,0.019657257577486487,-1.5824794703947358,-1.9007460587611416,-1.4524149117277125,1.4714677963448857,1.0309826128136654,36.826661842565265,37.05695064785895,37.189377534736465,14.0,0.0,36.0,-14.9,0.0,0.0,0.0,0.0,0.0,0.0,0.0,0.0,0.0,0.0
2026-06-10 19:51:34,-2.8741078979425305,2.53510574281849,-0.15301039572691844,-0.1951067090940981,-1.469543992669133,0.7236454981091933,2.9936336121485443,2.828697530893338,36.67833302852384,36.804442424069805,36.878309998338594,14.0,0.0,36.0,-59.7,0.0,0.0,0.0,0.0,0.0,0.0,0.0,0.0,0.0,0.0
2026-06-10 19:51:35,-2.7639746014000255,0.42311801982615593,2.475564005786743,1.076593718815154,-1.4978642306847825,-2.7295063115248075,1.0149444966845955,0.3038638680475696,37.05057686814077,36.8438722721507,37.08287200377404,14.0,0.0,36.0,-75.8,0.0,0.0,0.0,0.0,0.0,0.0,0.0,0.0,0.0,0.0
2026-06-10 19:51:36,-1.875391530326646,1.1214645245589834,-1.8609806128580944,-0.24077009394873805,0.49713662566507866,1.1564216422238145,-1.0858513904745601,-0.03188698112724264,36.80760236380194,36.93146218597419,37.08841868630277,14.0,0.0,36.0,19.2,0.0,0.0,0.0,0.0,0.0,0.0,0.0,0.0,0.0,0.0
2026-06-10 19:51:37,0.12344258758607207,0.055285606265472076,1.874498305931393,-0.18297158127163637,-2.3117749133647894,0.03469667719782876,0.7383919238968213,1.3818805084175327,36.936299643485405,37.319941551717,36.74755647865083,14.0,0.0,36.0,-49.5,0.0,0.0,0.0,0.0,0.0,0.0,0.0,0.0,0.0,0.0
2026-06-10 19:51:39,-0.4970407202805447,-1.5344819822706957,1.1068797837167708,1.4445181976137196,1.640156572304468,0.34814589341201874,-1.1976319542692413,1.1514044175245877,37.0532519781387,37.102769701067466,36.86049227222213,14.0,0.0,36.0,10.6,0.0,0.0,0.0,0.0,0.0,0.0,0.0,0.0,0.0,0.0
2026-06-10 19:51:40,-0.2092652801451904,0.21135519012295312,-1.7700079686134507,-2.4769819452693724,0.053009191654708854,0.2840821603574075,1.4347505865969241,2.6372050463639622,36.59391956848345,36.98183314628873,36.87349266741172,14.0,0.0,36.0,41.2,0.0,0.0,0.0,0.0,0.0,0.0,0.0,0.0,0.0,0.0
2026-06-10 19:51:41,0.42975790802248914,1.7689393643737628,-2.573269208555291,2.005623637672824,2.145734460081317,2.395251058736254,2.1608697662323886,-0.45592319113999924,37.072912318712376,37.069696928714336,37.10048590609181,14.0,0.0,36.0,23.1,0.0,0.0,0.0,0.0,0.0,0.0,0.0,0.0,0.0,0.0
2026-06-10 19:51:42,2.530664512242722,-2.216951853717596,-1.9817912331196066,-1.282218383345446,2.3407740771312664,-2.5800472620809387,-1.124691422260634,0.07920804900261125,36.59499719994177,36.93364998095088,36.92316968238903,14.0,0.0,36.0,106.7,0.0,0.0,0.0,0.0,0.0,0.0,0.0,0.0,0.0,0.0
2026-06-10 19:51:43,-2.958587548080901,2.576431004906418,2.3702066529329517,1.7574602998655893,1.2800708982390399,2.391408458296029,-2.052892515799031,-2.099362335408969,36.76199388452934,37.04165648180758,37.23404574667897,14.0,0.0,36.0,-100,0.0,0.0,0.0,0.0,0.0,0.0,0.0,0.0,0.0,0.0
2026-06-10 19:51:45,-1.68560735817783,-0.12916114723853633,1.4314714030294935,-0.48713770353127117,-2.5204421604282388,0.08465243284406654,1.2116295617978778,-0.42020626189472665,36.57486225978093,37.17634725835817,36.763352910728784,14.0,0.0,36.0,-33.0,0.0,0.0,0.0,0.0,0.0,0.0,0.0,0.0,0.0,0.0
2026-06-10 19:51:46,1.1452676110777507,2.6862885428127337,-2.5194488920005838,-2.5042953936562977,-2.082974291334194,-2.3970656338801453,-2.8956166000442867,0.1050710862954305,36.842293050264914,37.364724482247745,37.292192189624075,14.0,0.0,36.0,-7.0,0.0,0.0,0.0,0.0,0.0,0.0,0.0,0.0,0.0,0.0
2026-06-10 19:51:47,2.1673104751729504,1.3292060360724633,-1.400502190873922,1.9449293684380544,2.118298062745631,1.565416642661905,0.39223991223748556,-1.4443051621836847,37.09861819943506,37.360076565509104,37.27936661803969,14.0,0.0,36.0,2.8,0.0,0.0,0.0,0.0,0.0,0.0,0.0,0.0,0.0,0.0
2026-06-10 19:51:48,0.6469437032377972,1.717102079406871,-0.9726856102442367,0.988541584699167,1.1642935883941998,-1.6468904460500393,-2.212746571692157,-2.9929865678575007,36.68484008113384,37.24886086707053,37.086208473209005,14.0,0.0,36.0,-21.2,0.0,0.0,0.0,0.0,0.0,0.0,0.0,0.0,0.0,0.0
2026-06-10 19:51:49,-2.447914746828265,0.9264672714394466,-1.5207261955787192,-0.1612485847964189,1.6644528169300878,0.013525931956703818,-1.0926905991579754,-0.0003798315098086924,36.52214068728482,37.19003666252039,36.88107791365077,14.0,0.0,36.0,14.8,0.0,0.0,0.0,0.0,0.0,0.0,0.0,0.0,0.0,0.0
2026-06-10 19:51:50,1.8266832293852122,2.009938507381433,2.983602507747606,-0.5552197052782395,-0.6181182663944935,-2.883218488814685,-1.5201305105913872,0.6501288337212312,36.6149508449414,37.03041682314222,36.88232571098165,14.0,0.0,36.0,-100,0.0,0.0,0.0,0.0,0.0,0.0,0.0,0.0,0.0,0.0
2026-06-10 19:51:51,2.0388821548817013,2.225937244060007,0.8076781114653864,-1.3324892758553362,2.8980196507407676,-0.23836787684513494,-2.8813926210877026,2.73378605922517,37.011736690997296,37.281757912832546,37.07418460772131,14.0,0.0,36.0,-80.0,0.0,0.0,0.0,0.0,0.0,0.0,0.0,0.0,0.0,0.0
2026-06-10 19:51:52,-1.4681354331539018,-0.39231541511765444,-0.21149067446566505,-2.186425921329678,2.4031267166806085,0.7781636500424769,-0.18191271758143568,0.9433711066663513,36.74378713257541,36.978982941762304,37.063527448475675,14.0,0.0,36.0,15.9,0.0,0.0,0.0,0.0,0.0,0.0,0.0,0.0,0.0,0.0
2026-06-10 19:51:53,0.5033102246934424,-1.072858330493623,1.9276335637753146,2.944462607742661,-1.127586714422307,-2.5939033395506814,-0.7567727974721095,2.2982633250007023,36.95817515251229,37.18770556573232,37.03795964554545,14.0,0.0,36.0,-23.8,0.0,0.0,0.0,0.0,0.0,0.0,0.0,0.0,0.0,0.0
2026-06-10 19:51:55,2.6269199594177266,-1.5836514736270295,-1.801447349987204,-0.8664895548234819,-2.5839016016432588,0.6497424882052099,2.469801232808524,2.6531519906914944,36.84932959058159,36.815247547362816,36.70763894497486,14.0,0.0,36.0,89.1,0.0,0.0,0.0,0.0,0.0,0.0,0.0,0.0,0.0,0.0
2026-06-10 19:51:56,-2.4716079639089785,1.668508809621767,-1.489771783787374,-0.8866215031491684,-2.894166665172744,-1.6852371431608413,-0.8611247465874605,2.6895005883716623,36.566012034317694,37.2516811769824,37.245404091762055,14.0,0.0,36.0,-5.9,0.0,0.0,0.0,0.0,0.0,0.0,0.0,0.0,0.0,0.0
2026-06-10 19:51:57,-0.13310003204395482,0.1445375231409538,1.6340031223189815,0.9784566042549221,0.3940842413468122,-2.982321582621628,1.9833654410288108,-0.5349109264662406,36.53462293734414,37.16484376054436,36.72766687231095,14.0,0.0,36.0,-46.5,0.0,0.0,0.0,0.0,0.0,0.0,0.0,0.0,0.0,0.0
2026-06-10 19:51:59,2.974632148918033,1.9589737706247607,-2.3098478957891233,-1.067985418743115,-2.6731345932590034,0.20411893181408836,1.6990292164300218,2.6485645293274427,36.50215164332438,36.8660537918994,36.91405158321461,14.0,0.0,36.0,10.0,0.0,0.0,0.0,0.0,0.0,0.0,0.0,0.0,0.0,0.0
2026-06-10 19:52:00,-2.2082165574153807,0.09496623604375465,2.065135245784192,-2.2707443601080866,1.8274812001263285,-2.8665746134788415,-1.0694504125564535,0.24943019807619926,36.96445158847059,37.02042984296604,36.795216585811424,14.0,0.0,36.0,-57.8,0.0,0.0,0.0,0.0,0.0,0.0,0.0,0.0,0.0,0.0
2026-06-10 19:52:01,-2.5677279447442096,0.7263790304480997,0.6220386586306961,0.21878184285515712,1.8301572013321064,-2.654630892285043,0.29000549454269464,0.06054691770620746,36.704572451886335,37.3633987563485,37.16233002241858,14.0,0.0,36.0,-36.0,0.0,0.0,0.0,0.0,0.0,0.0,0.0,0.0,0.0,0.0
2026-06-10 19:52:02,1.4905196355220154,-1.752480897041663,2.545849730006262,2.1792976126081376,-1.973430503717655,0.014367212723687572,1.3309279741256272,-1.260914633738626,36.54818484115551,37.33238362580954,37.01817757926219,14.0,0.0,36.0,-19.8,0.0,0.0,0.0,0.0,0.0,0.0,0.0,0.0,0.0,0.0
2026-06-10 19:52:03,-1.1704671516355718,0.4219670807653255,-2.5637218816228744,-0.8166108950700601,-0.916828345724352,-2.565388356941691,-1.5994128161170227,-2.9983677579895938,36.83258872121956,37.09024450379941,36.795245023051415,14.0,0.0,36.0,53.3,0.0,0.0,0.0,0.0,0.0,0.0,0.0,0.0,0.0,0.0
2026-06-10 19:52:04,1.8100034900184916,-1.3867634958972805,-2.3984223320093045,2.3012312312644188,0.6049306906636014,2.1608666710282725,-0.8325604276724157,-2.8431292927209704,37.05555645869829,36.87252788770805,36.98218552532197,14.0,0.0,36.0,98.5,0.0,0.0,0.0,0.0,0.0,0.0,0.0,0.0,0.0,0.0
2026-06-10 19:52:05,-0.4958333703396236,-0.8934892782691035,0.5905821124803552,0.31051278117688463,1.8089032384571544,0.837510729938137,-1.2500815832288314,-2.1786258826699485,36.85885645744224,37.31164135131372,36.77252923444461,14.0,0.0,36.0,7.6,0.0,0.0,0.0,0.0,0.0,0.0,0.0,0.0,0.0,0.0
2026-06-10 19:52:06,-2.7647919680712176,1.9640244366369979,0.7043155175017932,0.22712712950122071,-0.14567732204887696,-2.8886430881243914,-0.7165152226078915,0.5784030112931768,36.74825136076684,36.97741232355374,36.922375797859445,14.0,0.0,36.0,-70.8,0.0,0.0,0.0,0.0,0.0,0.0,0.0,0.0,0.0,0.0
2026-06-10 19:52:07,-2.926640761393804,-0.19880834727410734,2.074884403539211,-0.1184333881782873,-0.7072098858552156,-2.121923149966849,1.5098330548656005,-1.3227289083533034,36.76885281903859,36.930425378709685,36.70035590864774,14.0,0.0,36.0,-48.8,0.0,0.0,0.0,0.0,0.0,0.0,0.0,0.0,0.0,0.0
2026-06-10 19:52:09,2.126504754746449,-1.6452809053088178,0.8557754040373338,1.664347992285884,-0.6141329836458178,-0.9823748746152088,-0.44759756578832244,1.946291748006102,36.97736312157225,37.10976177396737,37.12309658349747,14.0,0.0,36.0,19.7,0.0,0.0,0.0,0.0,0.0,0.0,0.0,0.0,0.0,0.0
2026-06-10 19:52:10,1.5683357771377553,-0.179372044798499,-2.357946680550065,-0.9088831223531741,-1.8071278956486165,1.8726002569447608,0.43077665557376044,2.3255361429613393,36.60891647491593,37.38432447943821,36.78569981492763,14.0,0.0,36.0,66.8,0.0,0.0,0.0,0.0,0.0,0.0,0.0,0.0,0.0,0.0
2026-06-10 19:52:11,-2.3672293108753717,1.0471956045750463,1.4728530103503283,1.3169882923701453,-1.2897791020237936,2.7607749446845684,1.3090123849634514,-1.6075699179061742,36.73084054546836,36.987042676036,37.10527377471361,14.0,0.0,36.0,-63.1,0.0,0.0,0.0,0.0,0.0,0.0,0.0,0.0,0.0,0.0
2026-06-10 19:52:12,0.1847233507597954,1.4288917388363576,-2.483851358163351,2.892937243761624,-1.6718787719168478,-0.3907581790195156,1.4891313436477143,0.2767406539659314,36.76358087439087,37.188441573679334,37.20788074532235,14.0,0.0,36.0,27.8,0.0,0.0,0.0,0.0,0.0,0.0,0.0,0.0,0.0,0.0
2026-06-10 19:52:14,-0.9509132653239938,0.19550737739992385,-2.3148451116526836,0.10126766740610016,-1.6534031916817367,-1.6046065796050466,1.162119989825948,-2.99368603040645,36.63274681164133,37.018559556060126,36.91373471544186,14.0,0.0,36.0,54.6,0.0,0.0,0.0,0.0,0.0,0.0,0.0,0.0,0.0,0.0
2026-06-10 19:52:15,-1.1226586874071056,-0.7981965914952349,0.29910465223772276,-2.4802316649066682,-0.3628313797190512,0.8422131183730945,2.9057295510212073,-2.191536409277432,36.71004836195928,37.27707983813544,36.93982997492108,14.0,0.0,36.0,14.8,0.0,0.0,0.0,0.0,0.0,0.0,0.0,0.0,0.0,0.0
2026-06-10 19:52:17,-0.4149353520880079,-2.8394997501135366,-1.0056650027442045,0.6798943189329023,0.25468333565815726,1.9002940141576117,2.0530534418256288,0.8846680029241911,36.84582301020627,37.145975933344516,36.806417996004726,14.0,0.0,36.0,101.4,0.0,0.0,0.0,0.0,0.0,0.0,0.0,0.0,0.0,0.0
2026-06-10 19:52:18,2.4754974687487206,-2.164344466750202,0.7290166561789997,0.11006958298469893,-1.6319859442050129,-2.474920730126443,2.8262159527267716,-2.674825553948523,36.98389500730647,37.09885546358103,36.85374400314503,14.0,0.0,36.0,37.3,0.0,0.0,0.0,0.0,0.0,0.0,0.0,0.0,0.0,0.0
2026-06-10 19:52:20,0.25480044539751656,-0.4844543840319244,1.4870187480812813,2.989472234295018,0.9007780435042951,-2.450580505757899,-1.5180746635576325,1.0091570483911365,36.62698507940921,37.21690678110828,37.15621290305113,14.0,0.0,36.0,-27.9,0.0,0.0,0.0,0.0,0.0,0.0,0.0,0.0,0.0,0.0
2026-06-10 19:52:21,1.6472219068376655,-2.2690867484697375,1.5229237904266109,2.7331312762406785,2.2987606898484803,-0.8957788340431594,-1.8403226387765013,0.45182855887835593,36.983401447019766,37.00232014139663,36.930851309819765,14.0,0.0,36.0,17.9,0.0,0.0,0.0,0.0,0.0,0.0,0.0,0.0,0.0,0.0
2026-06-10 19:52:22,0.7818854310253593,1.802580788924237,0.317533301774767,-2.6062866558521565,-0.719346818701526,-0.1500924908277872,-2.330199343128532,1.9478262628938081,37.08153345966694,37.3057662249046,37.02271805503137,14.0,0.0,36.0,-56.1,0.0,0.0,0.0,0.0,0.0,0.0,0.0,0.0,0.0,0.0
2026-06-10 19:52:23,-2.6125121459149474,-1.2852042745116123,-1.010529146899268,-1.1790694178118488,-2.4871190839976487,0.7795997777062436,1.5093010196854895,2.406384150655313,36.50844560256313,37.19335919640499,36.821581297928226,14.0,0.0,36.0,60.5,0.0,0.0,0.0,0.0,0.0,0.0,0.0,0.0,0.0,0.0
2026-06-10 19:52:24,1.975785794865125,-2.06237994343274,1.566548627487876,1.286732784375861,-0.6432662280406145,0.09364041679561064,-1.3176601607741845,2.9262396496924863,36.722493007267715,37.07802093457358,36.91145099077005,14.0,0.0,36.0,12.2,0.0,0.0,0.0,0.0,0.0,0.0,0.0,0.0,0.0,0.0
2026-06-10 19:52:25,-1.3491341481611787,2.047698851277353,-0.6541480505379251,1.5384024354287442,-0.6273365174731058,1.5191368620361265,-2.151582421546794,1.2959348581691081,36.695165403344,36.95019086757336,37.086625457727244,14.0,0.0,36.0,-36.3,0.0,0.0,0.0,0.0,0.0,0.0,0.0,0.0,0.0,0.0
2026-06-10 19:52:26,-0.6270005155034761,1.1607412306360123,-2.6192330680656277,-0.8760952194134242,-1.5152954492861332,2.6714678751009497,2.8739333919623373,0.706267913987471,36.74761574320664,37.32195455891348,36.794927292204775,14.0,0.0,36.0,40.5,0.0,0.0,0.0,0.0,0.0,0.0,0.0,0.0,0.0,0.0
2026-06-10 19:52:27,-0.29779088796901654,2.8795693449999487,-2.4428927097120154,1.5298471036462402,-2.645320277045979,-2.9030391107861426,-0.4329592504856521,1.863233250386367,36.817162656055864,37.33929468756188,37.09964613835947,14.0,0.0,36.0,-13.0,0.0,0.0,0.0,0.0,0.0,0.0,0.0,0.0,0.0,0.0
2026-06-10 19:52:29,-2.8593428837280923,1.5966616248981689,-1.1191478206686896,-2.911108624028126,1.6826040449620008,1.1253153710849952,1.0748931084874318,-2.988646049095359,36.89042739374302,37.3454007678926,36.749296535218924,14.0,0.0,36.0,-11.2,0.0,0.0,0.0,0.0,0.0,0.0,0.0,0.0,0.0,0.0
2026-06-10 19:52:30,-1.302807323213015,-0.7348189537288965,-1.6284889572003658,-2.920949286906143,2.346315487806131,1.9056819221921986,-2.2956728294010182,-0.45158886602564596,36.95652488913791,37.140747238132214,36.756123206579964,14.0,0.0,36.0,60.9,0.0,0.0,0.0,0.0,0.0,0.0,0.0,0.0,0.0,0.0
2026-06-10 19:52:31,2.361657796122266,2.8048948434110743,1.9916645413987801,0.784589168041185,-0.0745213395007176,0.6892183698693968,2.578155912680838,-1.7725696943186342,37.00523231513423,37.0902930185059,36.80586942810732,14.0,0.0,36.0,-100,0.0,0.0,0.0,0.0,0.0,0.0,0.0,0.0,0.0,0.0
2026-06-10 19:52:32,-0.061110455288494236,1.2751082065252017,2.7052225745234653,2.203758113038088,1.666956529585418,0.9983730251920475,1.5159780662136635,0.7990232105375101,36.98134305803594,37.36552082143654,37.01223683548448,14.0,0.0,36.0,-100,0.0,0.0,0.0,0.0,0.0,0.0,0.0,0.0,0.0,0.0
2026-06-10 19:52:34,-1.3827229734673827,-1.3008400811172978,-1.3192182812578142,-0.9468359665956161,1.3059013670714226,0.7314887729221962,2.1216198885981363,-0.3722716881783672,36.598440529100706,36.84576025059408,37.20252475296573,14.0,0.0,36.0,69.2,0.0,0.0,0.0,0.0,0.0,0.0,0.0,0.0,0.0,0.0
2026-06-10 19:52:35,-2.3656656217611056,-1.9460839373324927,0.8640155301468586,-1.232822828459832,-2.876461809189367,-0.9808770604885861,2.3985276875566717,-0.572744834191453,36.75114497342298,36.80750487399722,36.84093605105462,14.0,0.0,36.0,28.7,0.0,0.0,0.0,0.0,0.0,0.0,0.0,0.0,0.0,0.0
2026-06-10 19:52:36,2.527870524159007,-1.2729111286556434,2.190284599410421,-1.8723773937321746,-2.3490769216429426,2.2896049346463796,0.9849111816346037,1.8915758976259625,36.807989050798014,37.186115926600316,37.20422250878531,14.0,0.0,36.0,-22.1,0.0,0.0,0.0,0.0,0.0,0.0,0.0,0.0,0.0,0.0
2026-06-10 19:52:38,-0.5592652468406047,-0.9809625554077401,0.03435488422603683,1.1990424115491907,-1.2698902391013134,2.583043061716727,2.3963125131092937,-1.909876959069526,36.72518611926694,36.81167127408809,36.97513178012448,14.0,0.0,36.0,27.0,0.0,0.0,0.0,0.0,0.0,0.0,0.0,0.0,0.0,0.0
2026-06-10 19:52:39,1.743426416699191,1.4173582421141244,-2.6823212141920445,1.9832602324693775,-1.3250692603087935,-0.7489442290269004,1.247700047593911,-2.6637673193866407,36.66834269471604,37.01753802976966,36.96800128309791,14.0,0.0,36.0,33.0,0.0,0.0,0.0,0.0,0.0,0.0,0.0,0.0,0.0,0.0
2026-06-10 19:52:40,2.8933004550295944,0.6637575759110854,-0.7930278775348958,2.0009195163922175,1.8661378978925418,1.9857610338622962,1.848585331534336,1.7500318002346882,36.85204321056546,37.287021647356546,36.93325184280374,14.0,0.0,36.0,5.3,0.0,0.0,0.0,0.0,0.0,0.0,0.0,0.0,0.0,0.0
2026-06-10 19:52:42,1.4887923716025977,0.32983489653757925,1.8166780029509013,0.042177390998058506,1.816520722947235,1.4171151544478038,-0.908965257956992,-2.7086342400208547,37.000182118753756,36.97192389843711,36.91246161752386,14.0,0.0,36.0,-55.2,0.0,0.0,0.0,0.0,0.0,0.0,0.0,0.0,0.0,0.0
2026-06-10 19:52:43,1.6116451604613475,-0.44164350353815696,-0.8069184392458286,1.6813144845854096,0.10322676807243525,-0.5824444918744978,-1.498843362163073,-1.6678285943237516,36.788430249009586,37.147909968999826,36.797521506695354,14.0,0.0,36.0,31.2,0.0,0.0,0.0,0.0,0.0,0.0,0.0,0.0,0.0,0.0
2026-06-10 19:52:44,-1.047136224058506,1.8558392557537449,1.0571320029642157,1.5691499190921965,2.189176855932507,0.3634553336933646,0.5684021528202639,-0.01438830097900734,36.69056568171032,37.2913645270746,36.749271198490646,14.0,0.0,36.0,-74.9,0.0,0.0,0.0,0.0,0.0,0.0,0.0,0.0,0.0,0.0
2026-06-10 19:52:45,0.36669207465154807,-0.7102453010138126,-2.1486194589679393,-0.48970983028069526,1.476402995394145,-0.7798186809886793,-2.387052524086862,-2.2556727987801137,36.54369594437478,37.23119596119884,36.76452276349703,14.0,0.0,36.0,72.3,0.0,0.0,0.0,0.0,0.0,0.0,0.0,0.0,0.0,0.0
2026-06-10 19:52:46,2.839341139851018,-1.8299534501748718,2.813278033354514,-0.4664139597917978,0.5830393081242562,1.2473186440816555,-0.2307988456582497,1.668274861771681,36.65737280530106,37.09049839581213,37.08665119997768,14.0,0.0,36.0,-24.9,0.0,0.0,0.0,0.0,0.0,0.0,0.0,0.0,0.0,0.0
2026-06-10 19:52:47,-0.1204555381984731,1.5912052314925544,0.2399442561829206,-1.4956637123934688,2.7311726974582964,-2.686655906557739,1.1503483226388242,2.6191201213116155,36.58028137921144,36.849249297323446,36.734490248898005,14.0,0.0,36.0,-48.1,0.0,0.0,0.0,0.0,0.0,0.0,0.0,0.0,0.0,0.0
2026-06-10 19:52:48,0.5506338750428093,-1.7995066670199051,-1.0792364871832199,1.282773056739063,-0.09505776453933334,-0.10112005991742468,-0.7992452424841252,-0.9890896515761307,36.66110123723,36.86285199991959,37.03239097584892,14.0,0.0,36.0,74.0,0.0,0.0,0.0,0.0,0.0,0.0,0.0,0.0,0.0,0.0
2026-06-10 19:52:50,-0.32396307358618825,-1.8376850518366143,-0.22365307166255732,1.4756589266439937,-0.7550679067801358,1.393684812457483,0.5012400294939994,0.740634491674574,37.01826086602907,37.14186358502507,36.97573776994504,14.0,0.0,36.0,54.2,0.0,0.0,0.0,0.0,0.0,0.0,0.0,0.0,0.0,0.0
2026-06-10 19:52:51,1.6774859544065137,-2.4328793046715376,0.8028231959328638,-0.9632058606534972,1.1629047710229745,-1.2077126969088352,-0.21310433913558535,2.196642942700466,36.75731219472268,37.02934079596156,37.274101453655035,14.0,0.0,36.0,41.4,0.0,0.0,0.0,0.0,0.0,0.0,0.0,0.0,0.0,0.0
2026-06-10 19:52:52,-2.9890271055314948,1.4189842353773985,1.2677313253939664,-1.752065951080435,-0.6914623371217665,-0.09455209687051891,0.39621645232542946,-2.34734300049265,37.06631876381706,37.19129165397842,36.92139982880301,14.0,0.0,36.0,-69.3,0.0,0.0,0.0,0.0,0.0,0.0,0.0,0.0,0.0,0.0
2026-06-10 19:52:53,-2.0420655638597416,-2.0991237002375023,2.828892045992145,-2.853810992456113,1.690298956400146,-0.5607885844047358,-1.6508531141513145,2.9364952528214756,36.611805821566676,37.06540188733076,37.11209675025663,14.0,0.0,36.0,-20.0,0.0,0.0,0.0,0.0,0.0,0.0,0.0,0.0,0.0,0.0
2026-06-10 19:52:54,-1.4429689127110998,-1.2266471681912017,-0.7732132371668601,0.8352456789429255,1.0356884375684166,-0.45230537877501664,2.4836538830441173,1.2895227355979477,36.53136777069056,36.95183492955823,36.711531251527305,14.0,0.0,36.0,52.7,0.0,0.0,0.0,0.0,0.0,0.0,0.0,0.0,0.0,0.0
2026-06-10 19:52:55,1.3296333226839856,1.8757933651152507,2.0715323184312506,1.5011457265017638,-0.4011844389573129,1.6087558397163706,1.5583685875389097,-2.1083235570813894,36.652933458569144,36.82501866173372,37.208731165183124,14.0,0.0,36.0,-100,0.0,0.0,0.0,0.0,0.0,0.0,0.0,0.0,0.0,0.0
2026-06-10 19:52:56,0.38235465527507273,-0.9545808493348256,0.4616304556409636,1.073774386400701,0.10373967673421003,0.09930154465546126,-1.3324710300680291,-1.6408995216721618,36.61812366098998,37.049564637606466,37.103526783728775,14.0,0.0,36.0,12.1,0.0,0.0,0.0,0.0,0.0,0.0,0.0,0.0,0.0,0.0
2026-06-10 19:52:57,1.85455407941427,0.32870463788219517,2.0825243495930996,1.5148849032373013,-0.4359177546642945,2.793623470375289,-0.8322293255832198,-0.6621425514678436,36.64664068358595,36.936070573228385,37.13884012101087,14.0,0.0,36.0,-61.4,0.0,0.0,0.0,0.0,0.0,0.0,0.0,0.0,0.0,0.0
2026-06-10 19:52:58,-1.2551515719574915,-1.4795086297977986,0.10305201666522201,2.7635234285109,0.028118287668640995,-0.6603284243802685,-0.7770461326524449,-2.99283768390632,36.911623125962045,36.81128711194013,37.17378105881576,14.0,0.0,36.0,34.9,0.0,0.0,0.0,0.0,0.0,0.0,0.0,0.0,0.0,0.0
2026-06-10 19:52:59,-2.099457637491593,-0.8244418700925316,0.6582830490577196,-2.2213874944540883,-2.5056062212664063,2.4047514162578096,-1.5979674964402941,-1.9597486577337422,36.90933477457313,36.93163219776911,37.037236627297666,14.0,0.0,36.0,4.7,0.0,0.0,0.0,0.0,0.0,0.0,0.0,0.0,0.0,0.0
2026-06-10 19:53:00,-2.6325665757053507,2.568431572811676,-1.1484199283549823,-0.8831537070216693,-1.9715284887073965,-1.7610313843453325,-1.545225614906413,-2.5650073356271665,36.82912492397072,37.13948887334566,36.91145849937047,14.0,0.0,36.0,-38.4,0.0,0.0,0.0,0.0,0.0,0.0,0.0,0.0,0.0,0.0
2026-06-10 19:53:01,0.6551933004581141,1.3102455395081858,0.03211508276688502,-1.2609843590947933,-1.9419551807977384,2.6453828874993865,1.432518608622722,-2.7599994518706623,36.85102155065721,37.11848709221808,37.252694331773064,14.0,0.0,36.0,-32.7,0.0,0.0,0.0,0.0,0.0,0.0,0.0,0.0,0.0,0.0
2026-06-10 19:53:03,0.37917464743098606,0.3744766595887441,-1.3120505739046908,1.5308388618721782,-2.160533485792959,-0.6624135233022193,2.4524354130468,-0.24651740853777948,36.98468069673936,37.30595164817938,36.88465086729808,14.0,0.0,36.0,25.1,0.0,0.0,0.0,0.0,0.0,0.0,0.0,0.0,0.0,0.0
2026-06-10 19:53:04,0.37346017854655544,-0.8424554482814521,-0.9939115085806516,-1.8809118942464198,-0.7120142937395819,1.863540430700139,0.012943905323512084,1.4451832616835922,36.907263557447806,36.87522369615631,37.286339907930056,14.0,0.0,36.0,48.4,0.0,0.0,0.0,0.0,0.0,0.0,0.0,0.0,0.0,0.0
2026-06-10 19:53:05,2.0158060448837,2.637162356179032,-0.7271926142801544,0.5211668172263404,-0.10414449231620893,-2.011234173286442,-2.97875850670479,-1.2980487605868825,36.86039499727897,36.91556127857591,36.717000064164466,14.0,0.0,36.0,-51.9,0.0,0.0,0.0,0.0,0.0,0.0,0.0,0.0,0.0,0.0
2026-06-10 19:53:06,-0.5980029892691734,-0.34094862050582453,-0.048309077264677036,0.23865021919052376,0.35120174016567063,2.9739387451721155,1.607608646654251,-2.2076073004422834,36.84006696246795,37.223707540999904,36.84729606014142,14.0,0.0,36.0,12.4,0.0,0.0,0.0,0.0,0.0,0.0,0.0,0.0,0.0,0.0
2026-06-10 19:53:08,-0.7776577586966722,2.0026891388971872,-2.376539810931222,2.7789062647492386,0.7538707892197207,0.7875376259942444,1.263041486264874,-2.604048399406203,36.665513944695924,36.829751269051094,36.964686929154475,14.0,0.0,36.0,10.7,0.0,0.0,0.0,0.0,0.0,0.0,0.0,0.0,0.0,0.0
2026-06-10 19:53:09,-1.1675080109220584,-0.3950627295281457,-1.6025560467619935,-1.5302345424110142,-1.253650517644207,-2.155341806961564,2.95581588595185,-1.0807941476139664,36.78394648076676,37.08765369747031,36.92630870414033,14.0,0.0,36.0,52.1,0.0,0.0,0.0,0.0,0.0,0.0,0.0,0.0,0.0,0.0
2026-06-10 19:53:10,0.6200617399778725,0.6193112640118863,-1.7903086279707825,2.7671464919437483,-1.2822605471428528,2.9930756409712576,1.4549642940563716,2.7488052381354873,36.67165210691621,37.114218875755505,37.275670262568205,14.0,0.0,36.0,32.5,0.0,0.0,0.0,0.0,0.0,0.0,0.0,0.0,0.0,0.0
2026-06-10 19:53:11,0.47307204510214396,-0.4184745111199071,2.6947528208936316,2.5561445180472173,2.2868173451390046,2.1573565070188945,0.3693969978626521,-1.9149846365128071,36.94400482801991,37.27979645874312,36.88150417682509,14.0,0.0,36.0,-57.6,0.0,0.0,0.0,0.0,0.0,0.0,0.0,0.0,0.0,0.0
2026-06-10 19:53:12,-2.065807421223986,2.1911448433408705,2.281410808950498,-2.8269445138281837,-1.0470723633045578,-0.7899488208741321,-0.7284994114293992,0.3634212393868119,36.69487580078211,36.93024211412291,36.91462091866636,14.0,0.0,36.0,-100,0.0,0.0,0.0,0.0,0.0,0.0,0.0,0.0,0.0,0.0
2026-06-10 19:53:14,-2.5703503516742368,-2.8494726859920156,-2.5893776031652105,-1.689146741116593,1.4738204456260968,0.8993851731712477,2.0103666826963478,2.6271638117708065,36.58146258426783,37.24230559267934,36.99221761955507,14.0,0.0,36.0,142.1,0.0,0.0,0.0,0.0,0.0,0.0,0.0,0.0,0.0,0.0
2026-06-10 19:53:15,-1.7536484897466473,0.7231079775573996,-0.07359259617669256,1.5377333740458514,2.879219356147953,1.324219892277628,-0.6212508781968151,-0.8071888748772311,36.77462803543463,36.95604632115536,36.76872254713303,14.0,0.0,36.0,-16.4,0.0,0.0,0.0,0.0,0.0,0.0,0.0,0.0,0.0,0.0
2026-06-10 19:53:16,2.0390914819912744,-0.1786934506977058,-0.91434627368099,2.3384010735504486,-2.2002933592103173,-0.21957150175585394,1.0411885054476695,-0.4460871063796228,36.50997913000502,36.96949948794517,37.163967678944545,14.0,0.0,36.0,28.7,0.0,0.0,0.0,0.0,0.0,0.0,0.0,0.0,0.0,0.0
2026-06-10 19:53:17,2.761886439751593,-2.9868991451320124,-0.8497752338269811,-0.2904372677586897,-0.07566824848370146,1.690121528029973,2.0281787313492092,-2.6261879598415767,36.82573609156624,37.07349646258099,37.22920834841106,14.0,0.0,36.0,101.1,0.0,0.0,0.0,0.0,0.0,0.0,0.0,0.0,0.0,0.0
2026-06-10 19:53:18,-1.1546570488200953,-0.20539910397973937,2.562122281359086,-2.531613751715276,-0.8178755841673331,2.573094029852477,-0.8181276155387422,2.3303945904151293,36.61822409367495,36.82971340134867,37.069362455513,14.0,0.0,36.0,-60.1,0.0,0.0,0.0,0.0,0.0,0.0,0.0,0.0,0.0,0.0
2026-06-10 19:53:19,-2.134743017277345,0.3518094427938765,0.7012872970803956,-2.8754850202619964,-0.6789802251380079,2.325480561284307,-0.042767448271843644,-1.7353871988536238,37.0768211341318,37.01089718191165,36.982721824695595,14.0,0.0,36.0,-26.1,0.0,0.0,0.0,0.0,0.0,0.0,0.0,0.0,0.0,0.0
2026-06-10 19:53:21,-1.1982551632768923,2.664339692588496,-1.2311530634560222,0.25471343018134984,2.7139664547489977,2.856370698033932,-1.9217075109416315,2.062357929444321,36.633239178494094,36.888439825329336,37.205304683334965,14.0,0.0,36.0,-36.6,0.0,0.0,0.0,0.0,0.0,0.0,0.0,0.0,0.0,0.0
2026-06-10 19:53:22,1.0059281482263769,1.945148505645185,2.97481055087545,-2.9383654284646354,-1.7516818020161584,2.8304881440774707,0.3246434634623876,-0.24577406214811504,36.75356200551397,37.22875888020832,37.20195469520592,14.0,0.0,36.0,-100,0.0,0.0,0.0,0.0,0.0,0.0,0.0,0.0,0.0,0.0
2026-06-10 19:53:23,-2.7317670637474682,1.6288807157764218,1.4394796976469868,-0.5314315577524784,-2.429456297447506,-2.7741786571564764,-2.938604408419263,2.771110555445535,36.61291089237545,36.81087162567926,37.15205109250757,14.0,0.0,36.0,-82.2,0.0,0.0,0.0,0.0,0.0,0.0,0.0,0.0,0.0,0.0
2026-06-10 19:53:24,1.2163930816912076,2.3726682097181424,0.4485354433807993,2.474134747537036,-2.744673826408622,-2.651732494801828,0.4283778072985043,0.5810074562215748,37.06049846522061,37.2044370310733,36.826811785685074,14.0,0.0,36.0,-74.1,0.0,0.0,0.0,0.0,0.0,0.0,0.0,0.0,0.0,0.0
2026-06-10 19:53:25,1.953265997225908,-0.6986594433680242,0.5124097587201102,-2.119013539843682,-0.5387718852058141,2.1145575760350894,-0.6220945557485589,2.878834952349159,36.827425000372266,37.04951329759839,36.736737437146296,14.0,0.0,36.0,5.6,0.0,0.0,0.0,0.0,0.0,0.0,0.0,0.0,0.0,0.0
2026-06-10 19:53:26,1.5995292558773215,1.936422453439695,-1.7576956963815613,-1.6752389260290055,2.706281211577368,2.671502605699427,1.3370132365426262,-1.514572723907593,36.72692211207649,37.384468296091825,36.87867576550931,14.0,0.0,36.0,-2.6,0.0,0.0,0.0,0.0,0.0,0.0,0.0,0.0,0.0,0.0
2026-06-10 19:53:27,0.523648817707639,0.951206917768693,0.37563619187565056,-1.5947064415500503,-2.3966336724955406,2.6244727209999965,-0.5642764752079303,-1.7630883975600216,36.52673528153433,37.12530442635309,37.20753633791978,14.0,0.0,36.0,-33.3,0.0,0.0,0.0,0.0,0.0,0.0,0.0,0.0,0.0,0.0
2026-06-10 19:53:28,-1.518394118423373,1.4921936849145956,2.8957992383292757,-0.44910408595475904,1.9078656136891707,-0.4439474455148522,-0.01287948057922872,1.8697425855445715,36.55560337302856,37.35430650614521,36.97992494767614,14.0,0.0,36.0,-100,0.0,0.0,0.0,0.0,0.0,0.0,0.0,0.0,0.0,0.0
2026-06-10 19:53:30,2.4668936970384046,-1.458669381204722,-2.46046695824613,2.762305239994788,-1.312669222368422,-1.1867042141472817,2.4994318422287627,2.0242432097110363,36.95594854743759,36.95772815192948,36.99225984045106,14.0,0.0,36.0,102.0,0.0,0.0,0.0,0.0,0.0,0.0,0.0,0.0,0.0,0.0
2026-06-10 19:53:31,2.1290668887962916,0.26444628990373786,-0.7553597988434371,1.1383177135702214,-0.513861785345453,-2.88866553901311,-0.7015106929679442,-1.227261928683674,36.883287170117356,37.04551347819077,36.88359734801421,14.0,0.0,36.0,10.9,0.0,0.0,0.0,0.0,0.0,0.0,0.0,0.0,0.0,0.0
2026-06-10 19:53:32,1.9836413323637858,0.710728913778587,-1.4327819514562279,-0.7146556735813583,1.3154075735888373,0.5291556782292401,0.4002819017236803,-2.9147962924864266,36.74117956683303,37.25009269254565,37.16656459505857,14.0,0.0,36.0,19.1,0.0,0.0,0.0,0.0,0.0,0.0,0.0,0.0,0.0,0.0
2026-06-10 19:53:33,-2.589901933758454,0.5971508175718956,0.9807726514051551,-1.384044739174057,-2.2012704948817174,-0.3421526057413731,-0.025037242246902736,1.607130048792449,36.57869449313799,36.94446446834943,36.77662961057095,14.0,0.0,36.0,-41.0,0.0,0.0,0.0,0.0,0.0,0.0,0.0,0.0,0.0,0.0
2026-06-10 19:53:34,-0.007074697502862826,-1.3100136810882446,0.6587513033965617,2.0649898239491353,0.9454948649676278,0.512797529601543,2.5713294909970967,1.0265773402815288,36.839325136733066,37.024386006227715,36.74796255425763,14.0,0.0,36.0,18.4,0.0,0.0,0.0,0.0,0.0,0.0,0.0,0.0,0.0,0.0
2026-06-10 19:53:35,-0.33752869009407416,-1.4168374503432237,-0.7426351730292335,-0.41050850800996264,-0.7683776673038483,2.52550685936499,-1.662788271825715,1.7910487182022692,36.75457163125118,37.07220993130123,36.904854966458444,14.0,0.0,36.0,56.3,0.0,0.0,0.0,0.0,0.0,0.0,0.0,0.0,0.0,0.0
2026-06-10 19:53:36,-0.404113572465425,1.8864385160996306,1.1327357196027439,0.8753283371684359,-0.2600310779564188,2.641191663750762,1.117839159713105,-1.5098022100945343,36.66377108716611,37.09429868343045,37.270585680880345,14.0,0.0,36.0,-76.2,0.0,0.0,0.0,0.0,0.0,0.0,0.0,0.0,0.0,0.0
2026-06-10 19:53:37,0.9806731786778533,0.1747338763600479,2.460996473401857,-2.03769293909303,1.214328279773432,-1.6187982435649975,1.3044838663814815,-0.1870529779893375,36.83331483863265,37.275121221976605,36.763798804029996,14.0,0.0,36.0,-68.3,0.0,0.0,0.0,0.0,0.0,0.0,0.0,0.0,0.0,0.0
2026-06-10 19:53:38,-1.8335029652449855,2.3332111036851737,0.3702670173331404,-0.7685381578156205,0.17781971435590727,-0.4570617853439298,1.5687341144987972,-1.552087562160789,36.60904105181053,36.871774930493366,37.210196562233875,14.0,0.0,36.0,-69.3,0.0,0.0,0.0,0.0,0.0,0.0,0.0,0.0,0.0,0.0
2026-06-10 19:53:40,2.840910466226907,-0.37652993445591143,-0.8049997452936637,0.16413561741492666,-0.653393659826417,1.9061168045838048,1.3101265327993756,-1.370816320138728,36.522577476059546,37.14490032820638,36.75426423721901,14.0,0.0,36.0,32.2,0.0,0.0,0.0,0.0,0.0,0.0,0.0,0.0,0.0,0.0
2026-06-10 19:53:41,1.8262044965737765,-0.06361101583228912,2.506305562509981,-0.7856208039763253,-0.1398951633419765,1.3244885790037015,-1.638657418111313,-1.9524202498503134,36.530090990330294,37.324610017005895,36.718241045132615,14.0,0.0,36.0,-63.3,0.0,0.0,0.0,0.0,0.0,0.0,0.0,0.0,0.0,0.0
2026-06-10 19:53:42,2.8140064618037544,-0.27447143730495194,1.6124287106956166,-0.6784167786316093,1.6555049534234465,0.5679922715580341,1.7780963025576852,2.6095448219538406,36.562641622518754,37.148985942261405,36.749416395955436,14.0,0.0,36.0,-33.4,0.0,0.0,0.0,0.0,0.0,0.0,0.0,0.0,0.0,0.0
2026-06-10 19:53:43,0.2851996542304849,-2.652303740326642,-2.8570936672692007,-0.20442264892227957,-0.3875607041271252,-2.7388561927570403,-1.9411694475524655,-2.1623662664762993,36.62197163494831,36.86910559892197,37.060979853436486,14.0,0.0,36.0,140.1,0.0,0.0,0.0,0.0,0.0,0.0,0.0,0.0,0.0,0.0
2026-06-10 19:53:45,-0.07591160200148783,-0.9498615596411706,0.9653370869346722,-0.23193503020678463,0.42566638946132684,-1.8660987491794925,-1.9314974317523919,2.0749365513161386,36.8814963586446,37.187014147558514,36.917839462104666,14.0,0.0,36.0,-2.3,0.0,0.0,0.0,0.0,0.0,0.0,0.0,0.0,0.0,0.0
2026-06-10 19:53:46,-0.6285900589716009,-2.9161576325633916,-0.7754733615322209,-0.9135212411108053,1.323182204487102,-0.2625415566236162,-2.062165506613302,-2.716255360141144,36.69823368316818,37.115598730549316,37.01402448184829,14.0,0.0,36.0,94.3,0.0,0.0,0.0,0.0,0.0,0.0,0.0,0.0,0.0,0.0
2026-06-10 19:53:48,-0.21137039166480953,2.0782503441831084,2.3133097620321825,2.020188152327756,0.3275782823489677,-2.2144658817287124,-0.8857143367587144,-2.5092876652977623,36.941601196348834,37.051477773377684,37.08102409191718,14.0,0.0,36.0,-100,0.0,0.0,0.0,0.0,0.0,0.0,0.0,0.0,0.0,0.0
2026-06-10 19:53:49,-2.9481202760990524,0.4235351284620066,-1.0025108956587627,-1.304095294132314,1.413516883845201,1.448381638211636,-0.6692396038455355,-1.9581498272556364,36.52960503072553,36.85620441257195,36.949151450537684,14.0,0.0,36.0,15.4,0.0,0.0,0.0,0.0,0.0,0.0,0.0,0.0,0.0,0.0
2026-06-10 19:53:51,1.9005085602757816,1.468398628058761,-2.708881067622187,0.2911243163170987,1.9505710086438928,-0.1981207601458035,-0.9837076660557424,2.656878916955777,36.58180705384026,36.948278866307426,37.2760796496404,14.0,0.0,36.0,31.5,0.0,0.0,0.0,0.0,0.0,0.0,0.0,0.0,0.0,0.0
2026-06-10 19:53:52,2.677132672335066,-1.292857046391203,-2.1196183383898037,2.9604072198178333,-1.516836431302375,2.3381419603240765,2.8709163160558333,2.5435747339706083,36.53414284158073,37.382986257346076,36.948927926747324,14.0,0.0,36.0,90.8,0.0,0.0,0.0,0.0,0.0,0.0,0.0,0.0,0.0,0.0
2026-06-10 19:53:53,2.364066589319645,1.7124855583515046,2.6920286357958414,1.1480476229211396,-1.8208279825990166,1.429074689958032,1.6581070089484173,2.2441347946033243,36.76703784724058,37.38065089988333,37.246780695983766,14.0,0.0,36.0,-100,0.0,0.0,0.0,0.0,0.0,0.0,0.0,0.0,0.0,0.0
2026-06-10 19:53:54,-1.8624604467654091,0.6233971630912194,1.9097024886198959,1.3721884007792413,-1.2053633399302313,2.3510513041066865,-0.45281577051828226,-0.840060281057788,36.83709841020407,37.273643305991776,37.13383779074179,14.0,0.0,36.0,-64.6,0.0,0.0,0.0,0.0,0.0,0.0,0.0,0.0,0.0,0.0
2026-06-10 19:53:56,-1.5259793719463066,0.19884381782610827,-1.3204602333733602,-2.766330093500758,2.5728417178762717,1.2153150698476365,2.9165127106402915,1.297966572114463,37.03919929255539,37.133838294926065,36.74588158078443,14.0,0.0,36.0,31.1,0.0,0.0,0.0,0.0,0.0,0.0,0.0,0.0,0.0,0.0
2026-06-10 19:53:57,2.150302882751558,2.223456999218171,0.5784464925716315,2.8301142170433833,1.8484663543323991,-0.1632083831670741,-2.671803706823403,-0.6547270431414063,37.03114542569626,37.2623448960162,37.076681020262534,14.0,0.0,36.0,-73.9,0.0,0.0,0.0,0.0,0.0,0.0,0.0,0.0,0.0,0.0
2026-06-10 19:53:58,-1.378707797865648,-2.8976114482722197,0.16609768538830805,1.6424931677002963,-2.597327995707797,-2.507177415028477,-0.6064532760223336,-2.5923060888088307,36.64608611365521,36.937296980048664,37.2933744851722,14.0,0.0,36.0,69.1,0.0,0.0,0.0,0.0,0.0,0.0,0.0,0.0,0.0,0.0
2026-06-10 19:53:59,0.5218581981763855,2.480433916080618,-1.0985056532533857,1.7184068157672892,-0.4631476244631463,2.5502498927751756,-2.741679895069364,0.34561130882823976,36.78131125475966,37.048618485416085,37.219431102247874,14.0,0.0,36.0,-35.8,0.0,0.0,0.0,0.0,0.0,0.0,0.0,0.0,0.0,0.0
2026-06-10 19:54:00,-0.11735639251687235,0.8228166674656943,2.1574917379640226,-2.02658506624908,-0.05623102499505972,1.9918358583744347,1.8671730770806674,-0.5521409466116669,36.80797345404883,36.947642144956546,36.853429812028104,14.0,0.0,36.0,-75.1,0.0,0.0,0.0,0.0,0.0,0.0,0.0,0.0,0.0,0.0
2026-06-10 19:54:02,-1.0026234148127355,-1.8705184420657743,-0.7678787253538086,1.431209939005318,1.4042673903147334,2.9285558430840046,0.21960680939788713,0.32378604048361614,37.041959848574336,37.08908130962088,37.228914537267016,14.0,0.0,36.0,69.8,0.0,0.0,0.0,0.0,0.0,0.0,0.0,0.0,0.0,0.0
2026-06-10 19:54:03,-0.6182037356482688,1.1381508050305262,-2.141543449057671,-0.41264986911197354,-2.446956951325843,-0.7579518657747628,0.4938718987774351,-1.8993184381218213,36.67326502850944,37.27335859572872,36.727928010480206,14.0,0.0,36.0,25.8,0.0,0.0,0.0,0.0,0.0,0.0,0.0,0.0,0.0,0.0
2026-06-10 19:54:04,1.5620504663004304,0.8591613900812067,1.4456003986918278,1.5278830178117824,2.9127335774080265,-0.7089448266330574,1.0442295294329416,1.0142648001509302,36.81660380106308,37.09972250453803,36.840140764536805,14.0,0.0,36.0,-59.4,0.0,0.0,0.0,0.0,0.0,0.0,0.0,0.0,0.0,0.0
2026-06-10 19:54:05,2.5761731843697886,-1.4216326060418465,2.8231143783565766,0.6734270090873027,0.3579449379538424,-0.807383032501261,-2.290898686685013,1.1393477057289427,36.55024799223609,37.32940990840601,36.75259851568747,14.0,0.0,36.0,-37.8,0.0,0.0,0.0,0.0,0.0,0.0,0.0,0.0,0.0,0.0
2026-06-10 19:54:06,2.6414142824154947,-2.1246475465243284,1.5416506356746602,2.922953775165931,1.201631688893121,0.7488176184748205,-0.3063216626185805,-0.12817616644029073,36.77670017462269,37.28607000557981,36.92756587766804,14.0,0.0,36.0,15.3,0.0,0.0,0.0,0.0,0.0,0.0,0.0,0.0,0.0,0.0
2026-06-10 19:54:08,1.758210353728395,2.870928658081498,1.41804532758416,-2.3418384141270474,0.7219527013163445,-2.1072605276363605,-2.81854490851814,0.5944277354735439,36.6312758237794,36.83552909633332,37.14973877477168,14.0,0.0,36.0,-100,0.0,0.0,0.0,0.0,0.0,0.0,0.0,0.0,0.0,0.0
2026-06-10 19:54:09,-1.1350906326762809,-2.8603630498896955,-2.5460536915946426,2.8869467527224337,1.2786275282301869,2.006795796155151,-2.346757477694105,-2.5534275851636092,37.052813075355445,36.84765092668485,36.720961907257816,14.0,0.0,36.0,139.6,0.0,0.0,0.0,0.0,0.0,0.0,0.0,0.0,0.0,0.0
2026-06-10 19:54:10,-0.2360399050899864,-2.115086296975302,0.5006355828415776,-0.03165137294614517,-1.488990914198195,1.2005775524812634,-0.808080234126491,1.2077229626911823,36.92656382733797,36.926140545677846,36.80538601976869,14.0,0.0,36.0,41.9,0.0,0.0,0.0,0.0,0.0,0.0,0.0,0.0,0.0,0.0
2026-06-10 19:54:11,-0.6067894285645226,-1.1437911514836376,-1.5522889789927035,-2.08587997067806,0.6866639987711536,0.11980646493591784,-0.9164354177569582,0.6678123003051191,36.610813496393554,37.33824394509085,36.72699471656189,14.0,0.0,36.0,69.3,0.0,0.0,0.0,0.0,0.0,0.0,0.0,0.0,0.0,0.0
2026-06-10 19:54:12,1.675316686764159,0.9043542967411535,-2.925228347161729,0.40175208207908186,0.9856019737355588,2.47965085830858,-2.7828647038454806,1.45217001366297,37.0579370997433,36.9161728874131,37.258571905604605,14.0,0.0,36.0,52.1,0.0,0.0,0.0,0.0,0.0,0.0,0.0,0.0,0.0,0.0
2026-06-10 19:54:14,-1.2829946446987008,1.5943018314125528,1.7922952703574246,-1.2188983542970138,2.298458066951717,-1.7281036216937857,2.9171990454459866,0.5942068536050238,36.58254775179261,37.25656052797825,36.76161880916305,14.0,0.0,36.0,-87.0,0.0,0.0,0.0,0.0,0.0,0.0,0.0,0.0,0.0,0.0
2026-06-10 19:54:15,-1.27574732747804,-1.1545379139527554,2.3673941240717316,-2.2077101089579054,0.4964258358953151,2.953652059014706,-2.429541010410342,1.8484593207032312,36.8138377002929,36.87893502300935,36.92616877043113,14.0,0.0,36.0,-31.1,0.0,0.0,0.0,0.0,0.0,0.0,0.0,0.0,0.0,0.0
2026-06-10 19:54:17,2.7077070034062602,-2.7186387490071673,1.8252539555169935,0.17835797252466712,-0.4482519271601224,-0.9569335679721371,-0.18412623875512146,1.5799140129670128,36.78277449940223,36.84426329285128,36.77969845680629,14.0,0.0,36.0,22.5,0.0,0.0,0.0,0.0,0.0,0.0,0.0,0.0,0.0,0.0
2026-06-10 19:54:18,-0.8046388169873171,-1.7007210101280805,2.138123763126206,2.9605776260614185,2.256145325484697,0.5728353883437376,-2.661471084304271,-0.57930174935463,36.67555227085523,37.281349265482895,36.819974343816746,14.0,0.0,36.0,-12.4,0.0,0.0,0.0,0.0,0.0,0.0,0.0,0.0,0.0,0.0
2026-06-10 19:54:19,0.9479885644509469,-2.676304532407859,-1.57865304555904,0.964192813694452,-2.8634076328911444,-0.74458905040688,0.20788821772442123,1.2647896221075188,36.575861149721945,37.135227053195024,36.77912425637991,14.0,0.0,36.0,109.8,0.0,0.0,0.0,0.0,0.0,0.0,0.0,0.0,0.0,0.0
2026-06-10 19:54:20,-2.4207167977896926,0.28469048062179825,-0.3358456338636291,2.4498461958909274,1.4191889314583168,-1.7899886171289736,-2.104754955238125,-2.3128542842518667,37.07492699767523,36.983555140463366,36.71598941247938,14.0,0.0,36.0,-0.6,0.0,0.0,0.0,0.0,0.0,0.0,0.0,0.0,0.0,0.0
2026-06-10 19:54:21,-0.3613805924306539,-0.14868593294886834,-1.3452640546857493,1.5046064063937603,-1.489058321942947,-0.19838139323679327,2.748843202564748,-0.25756807912824087,37.05501255370962,36.9257622975457,36.7232861624062,14.0,0.0,36.0,39.9,0.0,0.0,0.0,0.0,0.0,0.0,0.0,0.0,0.0,0.0
2026-06-10 19:54:22,2.697505300498678,0.40310200071848845,-1.033547650698547,0.8081473096583238,-1.1708708097746634,0.27273403159086795,-0.27320299700768746,-1.1683534683406809,36.93514629895329,37.01026642146059,36.93117314811756,14.0,0.0,36.0,16.3,0.0,0.0,0.0,0.0,0.0,0.0,0.0,0.0,0.0,0.0
2026-06-10 19:54:24,-2.567389410013794,-1.7510029183903824,1.3207228430277969,2.529746196280584,-0.379498673202864,-0.6561462953125634,1.6643989375589596,-1.06485925456487,36.73177548915838,37.0678379597977,36.8015955796766,14.0,0.0,36.0,11.6,0.0,0.0,0.0,0.0,0.0,0.0,0.0,0.0,0.0,0.0
2026-06-10 19:54:25,0.43409471496034957,2.482790991326862,2.7272813341922824,-1.96734461429692,-0.7342277396661445,-2.8995382976956927,-1.5702466705049776,0.5223149081797169,36.55525976872481,37.22661760283332,36.95884584324542,14.0,0.0,36.0,-100,0.0,0.0,0.0,0.0,0.0,0.0,0.0,0.0,0.0,0.0
2026-06-10 19:54:26,1.5486865070451934,2.264649263709357,0.3753072115655085,-0.9113907551021994,-2.749393884295858,-2.2723847123631806,2.3582041047548703,2.8916734066079934,36.500061803645,36.95077937585653,36.786896771418064,14.0,0.0,36.0,-68.2,0.0,0.0,0.0,0.0,0.0,0.0,0.0,0.0,0.0,0.0
2026-06-10 19:54:27,2.922907113384718,-2.1716810848997428,2.041617461649494,1.5535828898259014,-0.8955453331919054,2.9707810810252226,-1.3819461961213553,-1.3379830364171361,36.64549105593257,37.31675472412776,36.888643468350914,14.0,0.0,36.0,4.2,0.0,0.0,0.0,0.0,0.0,0.0,0.0,0.0,0.0,0.0
2026-06-10 19:54:28,2.702245588158891,-2.1550260325322492,2.933440872341807,-2.8983213451408387,-1.5233604855015555,-0.7423346573706056,2.4430112443038317,-1.4808446407251425,36.98410555684058,37.35411385654235,37.14962601107404,14.0,0.0,36.0,-19.3,0.0,0.0,0.0,0.0,0.0,0.0,0.0,0.0,0.0,0.0
2026-06-10 19:54:30,-0.31448205015275565,-2.3968522438537807,-0.8425660908744055,1.0371270889271473,-1.0404810381064087,-2.3813279477396643,-1.5196144881451155,1.288879349731788,36.95815962362594,37.27542019123199,37.03350793530534,14.0,0.0,36.0,81.8,0.0,0.0,0.0,0.0,0.0,0.0,0.0,0.0,0.0,0.0
2026-06-10 19:54:31,-1.2715198041660636,2.8191883763531465,1.7031436377614302,0.20643073908905762,2.9772094180957147,0.7938422766108313,0.1306664523243155,2.4989810944887845,37.00574982745078,37.19602574314458,37.262859890950054,14.0,0.0,36.0,-100,0.0,0.0,0.0,0.0,0.0,0.0,0.0,0.0,0.0,0.0
2026-06-10 19:54:32,2.7591444638865,1.7985709562610088,2.634469389181371,-0.8367076061140368,-1.3993973249802294,-1.9852113656865558,2.4799877407727955,0.16862269423905873,36.58997131975588,36.83211961364393,37.22773108862462,14.0,0.0,36.0,-100,0.0,0.0,0.0,0.0,0.0,0.0,0.0,0.0,0.0,0.0
2026-06-10 19:54:34,-1.1619817482880528,-1.813407589749874,1.1169303272728017,-0.06335602085774816,0.9798711870833898,2.5488568644289744,-2.348084502274616,0.036732289942466245,36.82046263899792,37.346567109346594,37.15474991349994,14.0,0.0,36.0,18.1,0.0,0.0,0.0,0.0,0.0,0.0,0.0,0.0,0.0,0.0
2026-06-10 19:54:35,2.8568038637842914,1.93616625700448,0.5840340133339401,-2.659694304990312,-2.18160687485312,0.9086565398740771,1.8392001677303993,0.06739708771751118,36.81558160078719,37.22549207727837,36.85422191400881,14.0,0.0,36.0,-63.8,0.0,0.0,0.0,0.0,0.0,0.0,0.0,0.0,0.0,0.0
2026-06-10 19:54:36,-0.820797165884831,-1.8704243394645663,2.9074709307562117,2.1626621157967456,-1.0861225511009576,2.8854352870677786,-1.327056241407495,-0.1587717706952474,37.06336929371667,36.98235374957037,37.0749546578683,14.0,0.0,36.0,-26.0,0.0,0.0,0.0,0.0,0.0,0.0,0.0,0.0,0.0,0.0
2026-06-10 19:54:38,-1.6295494415058585,-0.9722795386623972,2.8713488292774656,-2.0841518007031925,2.7646628037333016,-1.2846732232700078,0.8211034237178167,1.49962626982646,36.682972763498306,37.156705700947,37.141974993872346,14.0,0.0,36.0,-49.3,0.0,0.0,0.0,0.0,0.0,0.0,0.0,0.0,0.0,0.0
2026-06-10 19:54:39,-0.19172367979505722,0.5273266470093616,0.6554704438061432,-2.5317527791768937,-2.7939375079724,1.7996006783890115,1.8432714298684028,-1.8857151280416016,37.09053764620354,37.30818255497406,36.990246234623896,14.0,0.0,36.0,-28.8,0.0,0.0,0.0,0.0,0.0,0.0,0.0,0.0,0.0,0.0
2026-06-10 19:54:40,0.6235566585023657,-2.042525641941153,1.3274878888899888,-1.579057716023481,-0.7969189532244214,0.3949201102098092,-0.6414143886822234,0.2789412453510325,36.534384301271345,37.312687604910124,36.90831422231065,14.0,0.0,36.0,18.4,0.0,0.0,0.0,0.0,0.0,0.0,0.0,0.0,0.0,0.0
2026-06-10 19:54:41,-2.5561608021602265,-2.966590867716464,-1.6781186963844703,1.2218895503344314,0.13669153180047067,0.7600716079068843,2.231506483698613,2.5473312530829304,36.85258715388875,36.89709255614487,37.05356708273691,14.0,0.0,36.0,121.6,0.0,0.0,0.0,0.0,0.0,0.0,0.0,0.0,0.0,0.0
2026-06-10 19:54:42,2.6301282656262455,1.6572358192270746,0.9693492314376244,1.4475837280759531,2.373122846344695,0.6862329146884432,1.7793946835312138,2.1870826870371882,36.59709863974875,37.08748661908827,37.291334409824536,14.0,0.0,36.0,-66.7,0.0,0.0,0.0,0.0,0.0,0.0,0.0,0.0,0.0,0.0
2026-06-10 19:54:44,0.8554697161401474,-2.9664836491287447,-0.9639036334588846,-0.21079143810426837,-0.6085915163375226,1.6333953391122398,-0.9429547936946978,2.9115332665375986,36.746684775862434,37.33140948157305,36.824273226020615,14.0,0.0,36.0,102.0,0.0,0.0,0.0,0.0,0.0,0.0,0.0,0.0,0.0,0.0
2026-06-10 19:54:45,0.8778532541668067,1.4981983510769403,2.5058207583274212,-1.7129467472908542,-1.7852374330047658,0.6866716014853105,-0.473622175969334,2.1053239846747296,37.04152511167652,37.09315211546462,36.76676797024667,14.0,0.0,36.0,-100,0.0,0.0,0.0,0.0,0.0,0.0,0.0,0.0,0.0,0.0
2026-06-10 19:54:47,1.2081603051440624,2.380776139399262,-0.6797605497020927,0.48437975290334023,2.013644124961308,-2.314174697511257,-1.0125304880073538,0.7279421026750308,37.0905520684223,37.38032925198652,36.78436003108126,14.0,0.0,36.0,-45.6,0.0,0.0,0.0,0.0,0.0,0.0,0.0,0.0,0.0,0.0
2026-06-10 19:54:48,0.7127198604782725,-0.22289732928830208,1.9007610618280788,-0.7322325141844535,-0.34667609530042265,-2.6907730772392866,-2.470731074545121,0.6058927141319606,36.77107664927057,37.35032533228752,37.17551814418811,14.0,0.0,36.0,-46.0,0.0,0.0,0.0,0.0,0.0,0.0,0.0,0.0,0.0,0.0
2026-06-10 19:54:49,-1.6017512848069353,-2.679823868597272,-1.0399758296125452,1.94775643798424,-1.4064117349569505,-1.8620914041601009,-2.0394163905848632,-0.816240205862977,36.748650703925776,37.015431049068575,36.71374741489169,14.0,0.0,36.0,94.2,0.0,0.0,0.0,0.0,0.0,0.0,0.0,0.0,0.0,0.0
2026-06-10 19:54:51,1.0044905853796529,0.6078078313126261,2.8088667827332667,0.04230424072947958,-1.7613550871840262,0.05794608731100448,-0.5938671833888476,1.2941693098056168,36.79483923700862,37.371713048684704,37.18168355007427,14.0,0.0,36.0,-88.6,0.0,0.0,0.0,0.0,0.0,0.0,0.0,0.0,0.0,0.0
2026-06-10 19:54:52,-1.2252544136529164,1.5934856065562295,2.3041040531069488,-1.2404298021103741,-0.4143141270165476,-2.3996415703558744,-1.9716077487938646,-2.8699206973917786,36.547463796704584,37.28909821003476,36.95017720184845,14.0,0.0,36.0,-100,0.0,0.0,0.0,0.0,0.0,0.0,0.0,0.0,0.0,0.0
2026-06-10 19:54:53,-2.4879233151217677,1.2395187304630602,2.9499354085303136,-0.5981587321933821,-0.0724162702114941,0.5180304876590722,-1.8101530587893013,1.5321390499649103,36.75115072706122,37.16847629400365,36.85099111498695,14.0,0.0,36.0,-100,0.0,0.0,0.0,0.0,0.0,0.0,0.0,0.0,0.0,0.0
2026-06-10 19:54:54,0.6495729115968825,0.5690862215802532,-1.0660387139551288,-1.7079876179786642,1.714697240985755,0.9546274390826825,-1.4804099087998148,2.7066540240731793,36.72819963269345,36.80196571470883,36.86195522009458,14.0,0.0,36.0,12.6,0.0,0.0,0.0,0.0,0.0,0.0,0.0,0.0,0.0,0.0
2026-06-10 19:54:56,2.9463012708381946,-1.4395012823636673,-0.9834291405464488,-1.0191027530677341,-1.0957066578878822,0.5952177031352921,-2.2075620866483643,-2.851085698361061,36.514888481627466,37.18796112286712,37.28230687755383,14.0,0.0,36.0,61.8,0.0,0.0,0.0,0.0,0.0,0.0,0.0,0.0,0.0,0.0
2026-06-10 19:54:57,1.116562947255181,-1.750777246829432,-1.4522079782455208,-2.092058067256543,0.08699600829684373,-1.9839686598929298,-1.5207488078870037,-2.1497185473309335,36.775209237045615,37.26770577622778,37.148981644818775,14.0,0.0,36.0,81.1,0.0,0.0,0.0,0.0,0.0,0.0,0.0,0.0,0.0,0.0
2026-06-10 19:54:59,0.7527039244979452,-2.837135725202705,-2.8197050500379586,-1.1866299599010512,-1.4323896161808942,-2.4708555012860254,-0.2027135036041372,0.03925041740779234,36.51825633644566,36.89094173775697,37.111539301588856,14.0,0.0,36.0,144.9,0.0,0.0,0.0,0.0,0.0,0.0,0.0,0.0,0.0,0.0
2026-06-10 19:55:00,-2.7401253184577232,-1.4285980613297136,0.46372241972996786,0.8919183942592177,0.5722628623900716,-2.6312056737510257,1.9663854025196859,0.8249422797633055,36.78104625604204,37.21330167515405,37.15542678101371,14.0,0.0,36.0,24.6,0.0,0.0,0.0,0.0,0.0,0.0,0.0,0.0,0.0,0.0
2026-06-10 19:55:01,0.9190062656391849,2.4424767216724446,-2.542069211581185,-0.48237530502514403,-2.268449088441357,-1.8429819429442535,0.759663732942081,2.7911326216453647,36.923312889854955,36.924347524133964,37.15948843766641,14.0,0.0,36.0,2.0,0.0,0.0,0.0,0.0,0.0,0.0,0.0,0.0,0.0,0.0
2026-06-10 19:55:03,-1.0832059878147946,-2.6943804149600745,-1.6695844309419545,1.9666695751287637,1.1738448329851794,1.1959761621395142,-1.650258272668165,-1.031255418130513,36.922153138421194,36.93373702262369,37.26112089161486,14.0,0.0,36.0,112.6,0.0,0.0,0.0,0.0,0.0,0.0,0.0,0.0,0.0,0.0
2026-06-10 19:55:04,0.8801568948996086,0.20157322754299756,-0.46548530063762517,-1.3618637711844617,2.2973448236970446,2.9095356112442596,1.4121587109783125,1.287561704369785,36.92241661458524,36.894394305431405,36.98925520722789,14.0,0.0,36.0,9.0,0.0,0.0,0.0,0.0,0.0,0.0,0.0,0.0,0.0,0.0
2026-06-10 19:55:05,0.21901187220526097,2.235601648812384,-1.9185208961286133,-0.5351345425505158,-0.37431413877136954,-1.0781648370049555,2.5946309297222614,1.2278737572928904,36.720946709993015,36.961300451793115,36.98078630873326,14.0,0.0,36.0,-7.4,0.0,0.0,0.0,0.0,0.0,0.0,0.0,0.0,0.0,0.0
2026-06-10 19:55:07,1.5759668856654496,-1.4086132586012223,-0.3220998662562362,1.9830583434194375,2.398663873957398,2.2278222931706466,-1.508973141284442,2.823320045543663,36.817528722820384,37.14932531925757,37.06329948267229,14.0,0.0,36.0,45.1,0.0,0.0,0.0,0.0,0.0,0.0,0.0,0.0,0.0,0.0
2026-06-10 19:55:08,1.2526180165295706,2.761110284780499,1.895060872242703,-1.8016134152668395,1.4074835611832235,-2.872477787666506,-1.0625618785771231,2.706247022471726,36.54827699539326,36.83896305460537,37.19931812070438,14.0,0.0,36.0,-100,0.0,0.0,0.0,0.0,0.0,0.0,0.0,0.0,0.0,0.0
2026-06-10 19:55:09,-1.4618209041762595,-2.6995103034639856,-0.599327817261702,1.8906004106181573,0.41968676944977634,2.835331275758759,-1.1586665193100918,2.817698657609011,37.09003364085739,37.16770801695908,37.01307779916003,14.0,0.0,36.0,86.1,0.0,0.0,0.0,0.0,0.0,0.0,0.0,0.0,0.0,0.0
2026-06-10 19:55:10,-1.977214456180925,2.0180798994559606,2.8518209752936086,-0.23010248339536954,2.498103965328939,2.971909046767964,-1.6533055484804242,2.0333620363237257,36.94058220577565,37.357126177587844,37.04012502640802,14.0,0.0,36.0,-100,0.0,0.0,0.0,0.0,0.0,0.0,0.0,0.0,0.0,0.0
2026-06-10 19:55:11,2.984098695476975,-2.2895304994526873,-1.0570675307765582,0.5423261722939152,2.675767915515337,1.5313539382098353,2.287280011763614,-2.902606021255637,36.68632974966219,37.0047321311162,36.88021498665342,14.0,0.0,36.0,88.4,0.0,0.0,0.0,0.0,0.0,0.0,0.0,0.0,0.0,0.0
2026-06-10 19:55:12,-2.953362249447763,-2.7593425486976395,2.360093232148241,0.02624410892626372,1.1295829002214157,1.6843248628325718,1.3732509188437323,1.9568858587557267,36.60348719808822,37.136087523491284,37.271170167983946,14.0,0.0,36.0,11.9,0.0,0.0,0.0,0.0,0.0,0.0,0.0,0.0,0.0,0.0
2026-06-10 19:55:13,2.952498173802561,-0.5061845479448208,-1.994035865942796,-2.245143341088045,-1.2548826171371785,-2.0804606578730906,-1.7874447209436413,-2.1756356274939197,37.035517874780936,37.0109536302113,37.03735993463263,14.0,0.0,36.0,62.7,0.0,0.0,0.0,0.0,0.0,0.0,0.0,0.0,0.0,0.0
2026-06-10 19:55:14,-1.6358990858535845,-2.076313510286365,-2.6051480129081015,1.2033273266239597,1.0859022475162678,0.1619971950267871,0.2952166768921938,0.48903999435303946,36.71155513626843,37.38486520663801,37.01113388470212,14.0,0.0,36.0,121.3,0.0,0.0,0.0,0.0,0.0,0.0,0.0,0.0,0.0,0.0
2026-06-10 19:55:15,0.1094606319111957,1.168053716415776,2.83298722267336,2.448776634538124,2.8601194722630385,-0.25210290575133865,2.657888914330856,1.7658849396603786,36.56287194635786,37.04807996347556,37.22738972145245,14.0,0.0,36.0,-100,0.0,0.0,0.0,0.0,0.0,0.0,0.0,0.0,0.0,0.0
2026-06-10 19:55:17,-1.399958959106478,2.522484266640686,2.746759872122013,-2.838178060207339,2.8445760058531127,0.8818791894113476,1.4587968790457753,0.32435220288066,37.01214538633835,37.24976582039998,37.051064901575636,14.0,0.0,36.0,-100,0.0,0.0,0.0,0.0,0.0,0.0,0.0,0.0,0.0,0.0
2026-06-10 19:55:18,2.122772685806413,-1.6424249043731467,0.7086273030019132,-2.3968248632250426,-0.7437614905029974,-2.5892842548525015,-1.5680054407474224,0.5143108785960147,37.00701281063317,36.818918886610504,36.90589808705323,14.0,0.0,36.0,22.1,0.0,0.0,0.0,0.0,0.0,0.0,0.0,0.0,0.0,0.0
2026-06-10 19:55:19,0.14473710924336647,-2.649546595738667,-2.396953555808931,-2.75341498622504,0.6842612766217679,-1.8846958866219694,0.7765394379523913,-1.6034361700522712,36.5982322600535,37.274666491106096,37.28326770892434,14.0,0.0,36.0,129.9,0.0,0.0,0.0,0.0,0.0,0.0,0.0,0.0,0.0,0.0
2026-06-10 19:55:20,-0.20070584652271695,-1.3591524229515652,-0.44511311466539016,1.4194470755785114,-2.1649839185225184,0.17624213276768508,2.695049844714153,0.4411936926813347,37.043752133855214,37.175134640687176,37.05773584593401,14.0,0.0,36.0,48.1,0.0,0.0,0.0,0.0,0.0,0.0,0.0,0.0,0.0,0.0
2026-06-10 19:55:22,-0.6051672313941099,1.6166393604511224,-1.944773070224937,-2.803300559881971,-2.8703639366392837,0.6991863075414537,-0.09775328359030588,-1.8255073440452254,36.814388431913244,37.25769913945508,36.721988444072544,14.0,0.0,36.0,8.8,0.0,0.0,0.0,0.0,0.0,0.0,0.0,0.0,0.0,0.0
2026-06-10 19:55:23,-1.9604947400865285,-1.1008565365676874,-0.638155530933247,-1.734832661537622,0.921680563021587,2.105675860330658,2.0015143342222945,2.3311568640162967,36.92822188642859,36.92968261035987,37.25229525928222,14.0,0.0,36.0,47.0,0.0,0.0,0.0,0.0,0.0,0.0,0.0,0.0,0.0,0.0
2026-06-10 19:55:24,-2.4503555850301817,-2.6076366273586093,2.8112563999126827,-0.07672873289529836,-2.1430833946580146,0.8000699245859542,2.5814687076528893,2.9370241148373593,37.01938479435574,37.033963435959194,36.854769040157635,14.0,0.0,36.0,-3.6,0.0,0.0,0.0,0.0,0.0,0.0,0.0,0.0,0.0,0.0
2026-06-10 19:55:25,-1.0199261172907217,0.37173106864745087,-0.12034592709113934,1.3265930408934157,1.00664614486523,-0.28580881600635166,1.4438904669317392,2.5067742197521135,37.07452329026892,37.33021109617935,36.82441674497129,14.0,0.0,36.0,-5.9,0.0,0.0,0.0,0.0,0.0,0.0,0.0,0.0,0.0,0.0
2026-06-10 19:55:27,-0.44286686508253315,-1.504255425401518,0.8413296596563482,0.44940867952538754,1.2127519505284443,-1.2338121736168925,-1.6944337379522472,2.896586790278696,36.69828097241294,37.278427672622996,37.07781885340998,14.0,0.0,36.0,15.7,0.0,0.0,0.0,0.0,0.0,0.0,0.0,0.0,0.0,0.0
2026-06-10 19:55:28,-2.639545979677106,-1.3703313790205176,-2.4336057474317627,0.210816671757863,1.5825483145742316,0.16327233768815397,-0.3367263823496849,1.7311704248139215,36.555616058694085,37.29569952009619,36.751111683183055,14.0,0.0,36.0,98.3,0.0,0.0,0.0,0.0,0.0,0.0,0.0,0.0,0.0,0.0
2026-06-10 19:55:29,-1.4529613642834531,-1.048456957459578,-0.7071574361492479,1.4060597877025058,-2.939815117671673,-0.5788409298411059,-0.12176770678542681,-1.0096642683505301,36.91878846076154,37.15381883087426,37.238852839769635,14.0,0.0,36.0,45.0,0.0,0.0,0.0,0.0,0.0,0.0,0.0,0.0,0.0,0.0
2026-06-10 19:55:31,-1.4174796365787559,-1.834465543333689,-2.462129518844609,-2.03145928311458,-0.0626921898422852,1.8423168595771164,-0.24952030397105096,-0.795399786692335,37.021617039917395,37.076870461004056,36.70476051634841,14.0,0.0,36.0,111.9,0.0,0.0,0.0,0.0,0.0,0.0,0.0,0.0,0.0,0.0
2026-06-10 19:55:32,2.2179187230978066,2.7974665368541034,2.4437864180195614,-2.825839701545285,-0.20229079897367352,-1.2519571917077383,-0.25018071309473555,2.2330274178361122,36.50951359587217,37.04169293324324,36.88726441482622,14.0,0.0,36.0,-100,0.0,0.0,0.0,0.0,0.0,0.0,0.0,0.0,0.0,0.0
2026-06-10 19:55:33,-1.7925334608477583,-1.1780694282824473,2.199557685783592,-2.4570908511334695,-2.5230107847000496,1.1666191149900023,2.6237096135691553,-0.5800478552502133,36.544475952377866,36.890484847798575,37.09556906928051,14.0,0.0,36.0,-24.5,0.0,0.0,0.0,0.0,0.0,0.0,0.0,0.0,0.0,0.0
2026-06-10 19:55:34,0.8231479379742117,1.5191353510124177,-2.410253549391772,-1.3349345395823078,-1.3150804928519515,1.2054029668166892,1.2661854361440295,-1.4919553417610913,36.64622508755362,37.24633574969988,37.05171468578014,14.0,0.0,36.0,24.3,0.0,0.0,0.0,0.0,0.0,0.0,0.0,0.0,0.0,0.0
2026-06-10 19:55:35,-0.7381194254142498,1.44304617025918,0.7785122721203215,-2.883996695362481,1.788728332301483,-2.096501446049595,1.4584590098499248,1.3885117273840413,36.7471729281041,37.025463626689074,36.925725954455174,14.0,0.0,36.0,-57.8,0.0,0.0,0.0,0.0,0.0,0.0,0.0,0.0,0.0,0.0
2026-06-10 19:55:37,-0.604088762629031,-1.0867922554033922,1.2964578177733124,1.763918857809763,1.5620744843535457,0.21205078513878428,-2.5265089698637753,2.176044435560133,36.74616597505324,37.18789944855057,37.16994712095903,14.0,0.0,36.0,-6.6,0.0,0.0,0.0,0.0,0.0,0.0,0.0,0.0,0.0,0.0
2026-06-10 19:55:38,-0.6114894488744049,1.1617011914665198,1.9121662504098316,-0.3713832480129051,2.3986223735154617,1.0796271332136849,-2.1240324350425923,-2.56339436636348,36.85814151473832,36.98646382608224,36.86785889683614,14.0,0.0,36.0,-80.0,0.0,0.0,0.0,0.0,0.0,0.0,0.0,0.0,0.0,0.0
2026-06-10 19:55:39,-1.5303439336785898,-0.15998729763370623,0.49625765928566246,0.7201202738941985,1.1841393425821964,2.872747581600035,0.49114082977979745,-1.4398616163918427,36.77305300450821,37.12847556623005,36.84468929057441,14.0,0.0,36.0,-7.0,0.0,0.0,0.0,0.0,0.0,0.0,0.0,0.0,0.0,0.0
2026-06-10 19:55:40,-0.28016163277143846,0.7574453258111298,-2.9968715625954507,-0.931899639294854,-1.108660487479874,-1.3464981143580317,-2.2157526793485225,1.6946844766761036,36.838097454871495,36.98558576165818,36.8125876615949,14.0,0.0,36.0,56.1,0.0,0.0,0.0,0.0,0.0,0.0,0.0,0.0,0.0,0.0
2026-06-10 19:55:41,-0.1958050741421502,-2.3139011853022664,0.5879488456523658,2.115214577057179,1.516405965057051,-0.16446678143306315,2.1656613511170164,2.090515662034244,36.73765293625139,37.346667278075216,37.140968430195855,14.0,0.0,36.0,45.6,0.0,0.0,0.0,0.0,0.0,0.0,0.0,0.0,0.0,0.0
2026-06-10 19:55:42,2.4705968102522755,0.26704434792027243,2.269630507899741,0.0037990621038446193,0.35179692798096074,0.4829418771947753,0.14349477561207102,-2.982615222799764,36.87400970670685,36.84451907556127,36.91359296466656,14.0,0.0,36.0,-65.3,0.0,0.0,0.0,0.0,0.0,0.0,0.0,0.0,0.0,0.0
2026-06-10 19:55:43,-0.263065375248547,-0.7976823186604847,0.17390350135157195,0.3862731203943701,0.20793038415363174,2.913291617618034,0.9837694716223138,-2.965025945288799,37.06686312241117,37.07831583611213,36.815584279063664,14.0,0.0,36.0,18.1,0.0,0.0,0.0,0.0,0.0,0.0,0.0,0.0,0.0,0.0
2026-06-10 19:55:45,0.27125643665741084,-0.9308807099916301,-1.8857340643217195,1.1324456256351585,-2.877604429979444,-2.006473982910194,-2.2583680026818023,-0.7428750465844018,36.89848440016171,37.07988838039105,37.242644912393956,14.0,0.0,36.0,70.7,0.0,0.0,0.0,0.0,0.0,0.0,0.0,0.0,0.0,0.0
2026-06-10 19:55:46,-0.21482237210854604,-2.6130409170436337,-0.8139867147945332,-2.1632265827437767,2.315308825156131,1.0304675577670848,1.3545877635118213,-0.49881022002849207,36.915471380264734,37.07697013504708,37.02927556610656,14.0,0.0,36.0,89.8,0.0,0.0,0.0,0.0,0.0,0.0,0.0,0.0,0.0,0.0
2026-06-10 19:55:47,2.5375907900101753,-1.4799285664127235,2.1901299488084334,1.6832641291737778,1.3853851215801223,2.321630570343677,-0.1086999601528551,-2.7540477712477163,36.54336731165802,36.88752618471436,37.175603669941665,14.0,0.0,36.0,-17.3,0.0,0.0,0.0,0.0,0.0,0.0,0.0,0.0,0.0,0.0
2026-06-10 19:55:48,0.9502137203616678,-1.6657282627236545,1.096390034660537,1.966143167779916,-1.9335311803226467,2.541312463663159,-2.0375339994223283,-0.7752208704370758,36.81105564842091,37.250066463338655,37.151379817720866,14.0,0.0,36.0,15.0,0.0,0.0,0.0,0.0,0.0,0.0,0.0,0.0,0.0,0.0
2026-06-10 19:55:49,1.5535740920116723,-1.006310306557693,1.189924870570505,1.2998766960164287,2.015235385474093,2.247241850704288,0.8813064520043472,-1.0591159898169824,36.50638054116526,36.855838221722586,36.72562839948497,14.0,0.0,36.0,-3.2,0.0,0.0,0.0,0.0,0.0,0.0,0.0,0.0,0.0,0.0
2026-06-10 19:55:51,-2.7120685859927782,2.3297918481858613,-0.6832832029325466,1.0550383222189845,-2.322214920811959,-0.18039003082341143,-0.5449854268367602,2.295153624918062,36.71440454865251,37.37042105176738,36.91214956686412,14.0,0.0,36.0,-42.9,0.0,0.0,0.0,0.0,0.0,0.0,0.0,0.0,0.0,0.0
2026-06-10 19:55:52,-2.915567338332096,-0.49216835695009653,-0.28264405042665786,-0.08614333355839232,2.5532249856149143,0.9526532005051811,1.008419927939034,2.0884039131886585,36.62704974366535,37.193594164865026,37.11985191694561,14.0,0.0,36.0,21.0,0.0,0.0,0.0,0.0,0.0,0.0,0.0,0.0,0.0,0.0
2026-06-10 19:55:53,0.6758659989169051,2.621514850273334,-2.425967854156493,1.305142740517006,-1.2276449468215267,2.0395466301689122,-0.49187510892211606,0.8009527585724667,37.04907202191112,37.05352402066054,36.90575075883083,14.0,0.0,36.0,-4.3,0.0,0.0,0.0,0.0,0.0,0.0,0.0,0.0,0.0,0.0
2026-06-10 19:55:54,-1.902360017667215,-0.9194439306737574,-2.3310508777967875,0.0011266058732957163,-1.8984684418668234,-2.477494811629381,-1.4324893669342822,-1.3346813037144185,36.5231201233301,36.807903877776624,36.9290669777943,14.0,0.0,36.0,82.1,0.0,0.0,0.0,0.0,0.0,0.0,0.0,0.0,0.0,0.0
2026-06-10 19:55:56,2.522605474290833,2.6114648544844448,1.2382572423412919,0.8763075281623207,1.1528476580661868,-1.6225541581766052,-2.9783550450818588,0.16491616705234868,36.62832303419833,37.09820660703647,36.71337069803288,14.0,0.0,36.0,-100,0.0,0.0,0.0,0.0,0.0,0.0,0.0,0.0,0.0,0.0
2026-06-10 19:55:57,1.3850790296696953,-0.08786541101337475,1.104738138822598,1.402819635475268,1.1463545193093196,-2.337752235177719,-0.17573976311146122,2.6213609289099926,36.64432091751654,37.013156293560236,36.90019207328821,14.0,0.0,36.0,-27.6,0.0,0.0,0.0,0.0,0.0,0.0,0.0,0.0,0.0,0.0
2026-06-10 19:55:59,1.3922397357117058,-0.9817470991750961,0.3078515562551498,-2.4863584782407937,-0.7649291892870558,-2.222124091828462,-1.7520052333119567,-2.548586182630257,36.78515809252576,37.23099182547462,36.94769514241464,14.0,0.0,36.0,15.4,0.0,0.0,0.0,0.0,0.0,0.0,0.0,0.0,0.0,0.0
2026-06-10 19:56:00,1.5603995791103396,-1.6474994623274446,-0.757826344322778,-2.420812080367062,1.59205038048046,-2.409062277756643,-0.059845584498173565,1.6114964679298742,36.61014964893402,36.98998923492732,36.81676957273311,14.0,0.0,36.0,61.0,0.0,0.0,0.0,0.0,0.0,0.0,0.0,0.0,0.0,0.0
2026-06-10 19:56:01,2.960733884089617,0.6951578087051589,-1.9384242059222536,0.6420279085268605,-1.5317451723637694,-0.8318667043115573,2.0211076924057565,1.2562645934236514,36.93431308984371,37.132794535338945,37.02091325932033,14.0,0.0,36.0,32.7,0.0,0.0,0.0,0.0,0.0,0.0,0.0,0.0,0.0,0.0
2026-06-10 19:56:03,-2.037811001200631,-1.6498114621032853,-1.6308277195501488,-1.406751298654667,-2.237311746924181,-0.9946324763425984,1.8459320814249125,-1.980994989529825,36.56641263342618,37.09773659764762,36.94578205848788,14.0,0.0,36.0,85.3,0.0,0.0,0.0,0.0,0.0,0.0,0.0,0.0,0.0,0.0
2026-06-10 19:56:04,-0.08703183838506146,1.661042295952619,-1.6031113758154003,-2.6135354911985402,0.49442003591831396,2.7235791527242537,-0.05000054214876437,-0.5421530698518904,36.52321668170022,37.135056814933904,36.71412456266865,14.0,0.0,36.0,-0.2,0.0,0.0,0.0,0.0,0.0,0.0,0.0,0.0,0.0,0.0
2026-06-10 19:56:05,-0.3987001096941838,0.278697600954926,0.16351232304123142,1.4080857565893226,-1.2297251241413512,-1.5603324944571197,0.4437829122325043,-1.0514528399484102,36.681652924772166,37.2001917439942,36.750582428098,14.0,0.0,36.0,-12.0,0.0,0.0,0.0,0.0,0.0,0.0,0.0,0.0,0.0,0.0
2026-06-10 19:56:06,0.3494319234735901,-0.9074243357951031,0.4358199589055305,0.4905961917533146,-1.4148508959651478,-2.0301988554697763,0.22142893442598766,-0.6576033757646953,36.69532560501479,37.2706456767622,36.83073546185255,14.0,0.0,36.0,11.3,0.0,0.0,0.0,0.0,0.0,0.0,0.0,0.0,0.0,0.0
2026-06-10 19:56:08,-2.8079935106889415,-0.2211801606204613,-1.029956856246233,-1.4087953929533639,-1.3132720743064683,2.7381528829837087,-1.3202016699311538,-2.8911903400013124,36.72434870904386,37.130611015075345,36.83797907362235,14.0,0.0,36.0,33.1,0.0,0.0,0.0,0.0,0.0,0.0,0.0,0.0,0.0,0.0
2026-06-10 19:56:09,-0.4236637659749718,1.460190758815826,2.3611922401835326,1.7646084865518823,0.025466137310675485,-1.9318781500675637,-2.1173293018963557,-1.1411910095316058,36.99794166581372,36.88938779310038,37.26092991796447,14.0,0.0,36.0,-100,0.0,0.0,0.0,0.0,0.0,0.0,0.0,0.0,0.0,0.0
2026-06-10 19:56:10,0.40084628703756264,-0.16681572067541417,2.3427323681825687,-2.423293259951072,-2.3126828872577967,1.631770211548326,0.25565538629277995,0.6282423072018624,37.06114736075727,37.25838116992666,36.731603426293475,14.0,0.0,36.0,-55.3,0.0,0.0,0.0,0.0,0.0,0.0,0.0,0.0,0.0,0.0
2026-06-10 19:56:12,2.10083477265197,-0.809118090452575,0.5052803862014397,1.8984171911101972,-1.8587609746942142,-0.14720908937587662,0.8022064959771518,1.0168305458515068,37.03091306264634,36.93868495068561,37.24020441651291,14.0,0.0,36.0,8.2,0.0,0.0,0.0,0.0,0.0,0.0,0.0,0.0,0.0,0.0
2026-06-10 19:56:13,-0.5180913421433546,1.35545594468329,-1.1627667967002382,1.9369499055409385,-0.2526706363268776,2.44020609161279,0.6502372288446026,-2.1233384509530415,36.79273177715351,37.31495870006343,36.74123003253313,14.0,0.0,36.0,-3.4,0.0,0.0,0.0,0.0,0.0,0.0,0.0,0.0,0.0,0.0
2026-06-10 19:56:14,1.1972351472895522,-0.40944307792375856,0.7334202764668118,2.7131994574180363,1.8425014498008832,0.16166755090913476,-0.626073578496305,-0.9396001172283581,37.06511332170643,37.32654182303214,36.946469857909705,14.0,0.0,36.0,-8.6,0.0,0.0,0.0,0.0,0.0,0.0,0.0,0.0,0.0,0.0
2026-06-10 19:56:16,1.2953598950223268,0.5897366117976945,-1.7419749424901936,-2.2475441597444528,1.0859763923276091,-0.15715279581131014,2.253976266915558,-2.328606443002624,36.64129243480673,37.28756491102206,36.89143456666616,14.0,0.0,36.0,30.8,0.0,0.0,0.0,0.0,0.0,0.0,0.0,0.0,0.0,0.0
2026-06-10 19:56:17,1.7260033938056871,-1.4621027104816007,1.0685739968374515,-2.2115487420317805,-1.5258192658749012,-0.9951940906772885,-0.7093786251352543,0.30867659803309255,37.00116546319843,36.94228880974442,36.87421071623795,14.0,0.0,36.0,9.3,0.0,0.0,0.0,0.0,0.0,0.0,0.0,0.0,0.0,0.0
2026-06-10 19:56:18,2.246999803183905,-0.8226174184759669,-1.2305907196762422,0.1750194477768776,2.9072573700539355,2.252366691919864,-2.844757273376853,2.468076453280103,36.502385008591716,37.297926293888594,37.1492297402869,14.0,0.0,36.0,52.8,0.0,0.0,0.0,0.0,0.0,0.0,0.0,0.0,0.0,0.0
2026-06-10 19:56:20,2.770352765481186,-1.2480767183673034,0.9920190057796061,0.21813279368076444,-0.6290365108222362,2.4282745291745567,1.1928626676000098,2.9287523353184133,36.76487139141415,37.357568527124506,36.83969708777625,14.0,0.0,36.0,8.4,0.0,0.0,0.0,0.0,0.0,0.0,0.0,0.0,0.0,0.0
2026-06-10 19:56:21,-1.185566586770141,-1.0374711035355257,-2.3344252688401728,0.5788273538917252,0.16077093726767533,-2.651719794459749,-1.1079623907604512,1.788630864825988,36.99354710878563,36.80658606043029,36.93779262728571,14.0,0.0,36.0,85.3,0.0,0.0,0.0,0.0,0.0,0.0,0.0,0.0,0.0,0.0
2026-06-10 19:56:22,-1.3472488630821313,1.5208030916622608,1.6610564222523019,2.1930761269099053,-0.8176495496262399,1.8211052989124656,-1.4134568916170835,-2.212957092021175,37.050842805847076,37.235491384306705,36.85716921181666,14.0,0.0,36.0,-82.1,0.0,0.0,0.0,0.0,0.0,0.0,0.0,0.0,0.0,0.0
2026-06-10 19:56:23,-0.5225835477347203,-2.181772711754427,0.8298750348846982,-1.1273552028539604,-2.5457877075763387,1.945171214302026,2.398103570712162,2.6046959026164114,36.64361387405967,37.12285821572201,36.7101017393119,14.0,0.0,36.0,37.1,0.0,0.0,0.0,0.0,0.0,0.0,0.0,0.0,0.0,0.0
2026-06-10 19:56:24,2.780861621054239,-0.5219189785746208,-1.2200022752754223,0.6849269611505973,-0.1259977804886674,-1.2508528322260128,0.3183779963679694,-1.8375134627907836,36.967418608088316,36.93358484657281,37.296480336759934,14.0,0.0,36.0,44.6,0.0,0.0,0.0,0.0,0.0,0.0,0.0,0.0,0.0,0.0
2026-06-10 19:56:26,-2.9707452604772926,1.2236396548466102,2.68223766359624,-2.183840236398547,-1.9671775460415486,0.3647970316149909,0.6767567447209197,0.00017147333535882936,36.6291912705877,36.97234765405335,36.79068810557408,14.0,0.0,36.0,-100,0.0,0.0,0.0,0.0,0.0,0.0,0.0,0.0,0.0,0.0
2026-06-10 19:56:27,-1.4847187979567922,-2.150332167032829,-2.8434608807666946,-0.2674231586911606,0.02991696202469818,-2.294976572751578,-0.929479335010797,2.174548778233789,36.9677726457307,37.11776302927497,36.88283113324549,14.0,0.0,36.0,127.5,0.0,0.0,0.0,0.0,0.0,0.0,0.0,0.0,0.0,0.0
2026-06-10 19:56:29,-2.6458636410972938,-0.6519556768332166,-1.9110044170507359,-0.5117612310882551,2.3404604525117403,-1.667128679712681,2.8976671835833203,-0.2587714756908821,36.56925533689025,37.3179013761559,36.806483449681146,14.0,0.0,36.0,66.9,0.0,0.0,0.0,0.0,0.0,0.0,0.0,0.0,0.0,0.0
2026-06-10 19:56:30,0.6757104883718146,-2.6515706585265058,2.8685255941672505,-2.0531445212241968,-1.475016351548757,-0.4827813458654924,-0.7528814759201703,0.14399417780717094,37.06220095672658,37.120977908538094,37.02896031703566,14.0,0.0,36.0,-6.2,0.0,0.0,0.0,0.0,0.0,0.0,0.0,0.0,0.0,0.0
2026-06-10 19:56:31,-1.865315433334716,1.8781284948508796,-2.699738876128125,-0.45216540120521564,0.9978121529283577,-1.185266554821839,-2.016879231437779,-1.411513213258318,36.59995026695363,37.086816828911935,36.7119632010717,14.0,0.0,36.0,19.6,0.0,0.0,0.0,0.0,0.0,0.0,0.0,0.0,0.0,0.0
2026-06-10 19:56:33,-1.9323582633969107,0.12318403003433653,2.4825438254757577,0.4645134661066974,-0.7150052980984904,1.3841014802585034,0.5358103145359241,1.9565236416161813,36.72220004290561,37.096868103939215,36.90824713008161,14.0,0.0,36.0,-66.4,0.0,0.0,0.0,0.0,0.0,0.0,0.0,0.0,0.0,0.0
2026-06-10 19:56:34,-2.3895151338592338,-1.7936865974496614,1.1254915702041055,-0.7611556777030608,-2.2953817169137287,0.9840763957967149,2.7242457958328172,2.5090690524370896,36.86684577839641,36.88603101674629,37.251454669410656,14.0,0.0,36.0,19.1,0.0,0.0,0.0,0.0,0.0,0.0,0.0,0.0,0.0,0.0
2026-06-10 19:56:35,1.9696649783505062,-1.17776147538766,0.7391102318171274,0.27250915975624945,0.7190526522724419,-0.7617919501447741,0.12187310501561299,-0.4219028321580671,36.973862150268886,37.08633783850573,36.77676872303386,14.0,0.0,36.0,11.0,0.0,0.0,0.0,0.0,0.0,0.0,0.0,0.0,0.0,0.0
2026-06-10 19:56:36,-1.236306411741772,2.2081442041889625,-2.0559430259369496,-1.8156615442188924,0.9761316519920875,0.8872194328974006,-1.011356772371635,2.7475866777952476,36.762565555258256,37.08995795583184,37.258336456371154,14.0,0.0,36.0,-4.0,0.0,0.0,0.0,0.0,0.0,0.0,0.0,0.0,0.0,0.0
2026-06-10 19:56:38,-2.056540112763698,-1.4708996290678962,-2.4994436403600795,1.440009256482008,-0.3199779883625844,-1.3087325920470456,-0.4816177195195195,-1.9259375986534444,36.998003660397856,37.18458183685721,37.093976980036174,14.0,0.0,36.0,101.8,0.0,0.0,0.0,0.0,0.0,0.0,0.0,0.0,0.0,0.0
2026-06-10 19:56:39,2.861439536509928,-1.6326697761334206,-0.5316260103829071,-2.596822663176245,-1.3957709501518911,-0.9431572446105245,-1.325994341273168,-0.09461252644060236,36.986075204252614,37.203479248642964,36.93352735817873,14.0,0.0,36.0,54.8,0.0,0.0,0.0,0.0,0.0,0.0,0.0,0.0,0.0,0.0
2026-06-10 19:56:41,2.2788225420748756,-2.736867626730743,2.447232851362253,-2.718215779584036,-1.8229804124860136,-2.4563735770074566,-2.6302084157246672,-2.8439251917058703,37.048734093490104,37.31439114079192,36.96807909208988,14.0,0.0,36.0,4.9,0.0,0.0,0.0,0.0,0.0,0.0,0.0,0.0,0.0,0.0
2026-06-10 19:56:42,1.8643501679506373,-0.052082805637923446,-0.8535058560535873,-2.9103401374013353,-0.44170082492011,2.6248042356670345,-2.500314122570744,-0.6051749347233071,36.52373916586703,37.01504705600106,36.87067224162007,14.0,0.0,36.0,23.5,0.0,0.0,0.0,0.0,0.0,0.0,0.0,0.0,0.0,0.0
2026-06-10 19:56:44,-2.3082376853358135,-1.5649370073243718,2.5620149924148237,-0.23839573878178477,0.24919040692934002,2.7066865327495133,-0.30128671885956493,0.29352631146159425,36.69287393118094,36.99527050990935,37.07951908574725,14.0,0.0,36.0,-24.6,0.0,0.0,0.0,0.0,0.0,0.0,0.0,0.0,0.0,0.0
2026-06-10 19:56:45,-2.6572369898914503,1.531671912907072,0.7773017060584451,-1.2681232934266657,2.5537022681647024,-1.903770312162779,-0.6172276459472252,-2.832929130566484,36.66384542586337,36.88267430630513,37.262883691514666,14.0,0.0,36.0,-61.0,0.0,0.0,0.0,0.0,0.0,0.0,0.0,0.0,0.0,0.0
2026-06-10 19:56:46,0.5173527447486057,-1.8591703099540127,-2.062027342408353,2.7708206710740297,2.4154546495890923,-2.8624784487065673,-0.13424062330436914,-2.235968855747556,36.57449619121768,37.3296726110032,36.73561514298312,14.0,0.0,36.0,99.9,0.0,0.0,0.0,0.0,0.0,0.0,0.0,0.0,0.0,0.0
2026-06-10 19:56:48,1.294818683332256,2.43844172004437,0.5283928606665462,-1.9832932499517864,-1.030501382616046,1.1526274314383773,-2.051072876641779,0.09321263281927727,36.95887039716574,37.0505995775531,37.11407162649649,14.0,0.0,36.0,-77.2,0.0,0.0,0.0,0.0,0.0,0.0,0.0,0.0,0.0,0.0
2026-06-10 19:56:49,-0.02416576541727622,-0.013376548599171478,2.0841802016689037,-0.7063965992834711,2.94181590278873,2.6972382272667534,0.07408981336777387,2.186219738007564,36.759172076657066,37.29966013366892,37.15169993857417,14.0,0.0,36.0,-52.2,0.0,0.0,0.0,0.0,0.0,0.0,0.0,0.0,0.0,0.0
2026-06-10 19:56:50,-0.5288045498041112,-0.2036899841202251,1.6989770084389848,-1.410481289196731,2.021531808041189,2.1359748195811434,-2.6251666301245056,-2.385951313023009,36.90801055540542,36.973769079629996,37.1684182644672,14.0,0.0,36.0,-38.9,0.0,0.0,0.0,0.0,0.0,0.0,0.0,0.0,0.0,0.0
2026-06-10 19:56:51,0.04021727589778523,-2.2601656450366208,-1.1949721227334038,-1.1974422667503724,-1.7370875552066793,-2.9604203542517404,-0.7935802392073352,-2.5219045279930286,36.8180750212922,36.95891758186706,36.70193421613694,14.0,0.0,36.0,87.5,0.0,0.0,0.0,0.0,0.0,0.0,0.0,0.0,0.0,0.0
2026-06-10 19:56:52,1.0679651620493953,2.8467998450634795,-0.33138747539156777,2.480056414641046,2.9181865389064567,1.357842872820786,-1.7241175893271528,-2.198549942337272,36.66702473974253,37.16532206082182,37.067914159304166,14.0,0.0,36.0,-65.2,0.0,0.0,0.0,0.0,0.0,0.0,0.0,0.0,0.0,0.0
2026-06-10 19:56:53,-2.865015449016044,-1.8831967767906077,-2.4238062776340907,-2.2197479816948285,-2.2481170150652225,1.1324543481561982,-2.185775409404034,-0.5035104451283967,36.65754754226589,37.34702832248343,37.079483655720935,14.0,0.0,36.0,110.8,0.0,0.0,0.0,0.0,0.0,0.0,0.0,0.0,0.0,0.0
2026-06-10 19:56:54,-0.9937803536492558,2.30819954957005,0.26201257309965786,1.6805599801706368,0.71376393961802,-2.8592932426808626,-1.3357314746108697,-2.292727923863704,36.826526636298226,36.853151995476466,37.164680557299384,14.0,0.0,36.0,-68.6,0.0,0.0,0.0,0.0,0.0,0.0,0.0,0.0,0.0,0.0
2026-06-10 19:56:56,0.8624026876454316,2.9842832965663435,-2.0835237490579557,-2.5928996952969623,1.8512906335835702,2.782879971514088,-1.3569427558482676,-0.08354698559739493,36.566010900158254,37.219591390291065,36.93711812632614,14.0,0.0,36.0,-22.6,0.0,0.0,0.0,0.0,0.0,0.0,0.0,0.0,0.0,0.0
2026-06-10 19:56:57,-2.7791516825988465,1.9705894923693608,-1.9950597203091627,0.8438582278032642,2.2855446618218327,2.5455369471133187,0.35498771556332986,0.9934741548197312,36.578713046039354,37.063620807857404,36.79064403659631,14.0,0.0,36.0,2.1,0.0,0.0,0.0,0.0,0.0,0.0,0.0,0.0,0.0,0.0
2026-06-10 19:56:58,-1.213380224371279,1.8465494353105907,-1.931661842718382,-0.58147591214209,2.4038823446317554,-0.14481209418490337,1.801388379073435,-0.8452356447499718,37.062499051488786,36.83919114713866,36.97688236177671,14.0,0.0,36.0,3.0,0.0,0.0,0.0,0.0,0.0,0.0,0.0,0.0,0.0,0.0
2026-06-10 19:56:59,-2.645428352814418,0.3170988023181316,1.3046752841031255,-1.4664840803344765,-1.046709822449148,-0.6722866096733591,-1.535182704940034,0.8654099376314757,36.61579684264939,36.83437063877813,37.1019983164861,14.0,0.0,36.0,-43.0,0.0,0.0,0.0,0.0,0.0,0.0,0.0,0.0,0.0,0.0
2026-06-10 19:57:00,1.4619007400151727,-0.870326016272366,0.47997906625913567,-2.808671234414086,2.5791989125045696,-1.804714108738514,2.9397345163392856,1.5924246041014634,36.53346228206622,37.14499730914015,37.198479482310844,14.0,0.0,36.0,10.7,0.0,0.0,0.0,0.0,0.0,0.0,0.0,0.0,0.0,0.0
2026-06-10 19:57:01,-0.25721766632409393,-1.1128996868379537,0.32394991175839927,2.036866938942339,-1.7539780669591338,1.1598502431272895,0.7713467682946211,1.828445177698093,36.51422655195306,37.36366589196497,37.242196969266324,14.0,0.0,36.0,21.4,0.0,0.0,0.0,0.0,0.0,0.0,0.0,0.0,0.0,0.0
2026-06-10 19:57:02,0.5565242279119742,-1.977253026211204,-0.8727141797473101,-0.5784501501683081,1.9820645204702476,-2.129474093853103,-2.7660587363856517,-0.8682511600866873,36.966053193641415,37.24355992184279,36.76840773078485,14.0,0.0,36.0,71.2,0.0,0.0,0.0,0.0,0.0,0.0,0.0,0.0,0.0,0.0
2026-06-10 19:57:04,1.3651915094485831,1.8524704065635254,1.0997889350120875,1.8248937366837357,-0.5338536427146998,-2.1847912905047027,0.16193277769926429,2.1132770419694475,36.91695473563088,36.83817689422004,37.20478726739031,14.0,0.0,36.0,-77.3,0.0,0.0,0.0,0.0,0.0,0.0,0.0,0.0,0.0,0.0
2026-06-10 19:57:05,-0.7129368465124415,-2.706010494402867,-0.6183023919041162,2.9826366324262255,0.30492169141647096,0.9281920137376969,-1.2152608670863272,-2.7510363536956843,36.72930490887103,37.133159050633715,37.26652421209642,14.0,0.0,36.0,85.8,0.0,0.0,0.0,0.0,0.0,0.0,0.0,0.0,0.0,0.0
2026-06-10 19:57:06,1.5897335203646303,-2.8469574208201696,-0.3841765707251126,0.36834090274527087,-2.0686673104565587,2.5501418514852947,-0.6691145031737538,-1.8631586763743313,36.796637091162104,37.16382695675009,36.76135010043777,14.0,0.0,36.0,84.5,0.0,0.0,0.0,0.0,0.0,0.0,0.0,0.0,0.0,0.0
2026-06-10 19:57:08,-0.048478597524290734,0.12335270343885174,1.7015743376386583,0.06920399306171188,-1.9673297075783864,0.6799765131553386,2.9403088195490836,0.4573874750808664,36.707345195783105,37.02189623347269,37.11891436751384,14.0,0.0,36.0,-45.4,0.0,0.0,0.0,0.0,0.0,0.0,0.0,0.0,0.0,0.0
2026-06-10 19:57:09,1.6954974747850402,0.9076896357213595,1.9897786797101666,-1.851615896947042,-2.285159493133475,-2.0332281710360465,0.07821087819502548,-1.9981889342551626,36.6375401327349,37.26392190855616,36.89767331793879,14.0,0.0,36.0,-75.9,0.0,0.0,0.0,0.0,0.0,0.0,0.0,0.0,0.0,0.0
2026-06-10 19:57:10,0.5976050182748889,0.3495108714217672,2.181011022815772,2.8578834192755114,-2.911635878953518,-2.656699776244515,0.9389936932698326,0.18777011685108747,36.987504275161825,37.28402462910758,36.71879544224196,14.0,0.0,36.0,-66.3,0.0,0.0,0.0,0.0,0.0,0.0,0.0,0.0,0.0,0.0
2026-06-10 19:57:12,2.834506243894557,2.911387074140136,-0.21558659216783127,-2.976782699492612,1.4626845359118112,-0.6460160336120948,2.9384061299720603,2.938818511982019,36.52108537019446,36.986043332162986,36.83141215948996,14.0,0.0,36.0,-68.6,0.0,0.0,0.0,0.0,0.0,0.0,0.0,0.0,0.0,0.0
2026-06-10 19:57:13,-0.09682615546951201,-1.7070488548272216,0.5903536136558856,-1.889311508942526,0.527934315997618,1.4485329473563606,-2.063701000742567,-1.5077390216360163,36.52932221071472,37.21212626155774,36.78571141860534,14.0,0.0,36.0,28.6,0.0,0.0,0.0,0.0,0.0,0.0,0.0,0.0,0.0,0.0
2026-06-10 19:57:15,1.8379887207285748,-2.1970553035768736,1.2960852763451776,2.5428616814449967,0.1790983219866389,2.4230516103509263,2.0562204005209637,-0.7587797372795975,36.545874806942145,36.98523074449006,36.86330650745373,14.0,0.0,36.0,25.5,0.0,0.0,0.0,0.0,0.0,0.0,0.0,0.0,0.0,0.0
2026-06-10 19:57:16,-2.2700008823244557,1.2383852059472922,-1.2325413200942497,-2.473702623041512,-2.1709115536167514,-2.355110890460793,-1.0618075198131511,-0.22744105392652347,36.898612718822946,36.89509342604844,37.04920841801823,14.0,0.0,36.0,-1.9,0.0,0.0,0.0,0.0,0.0,0.0,0.0,0.0,0.0,0.0
2026-06-10 19:57:17,1.4725943957107361,-0.03765953203974037,-1.156464086264637,0.05492531092797037,0.9368041244928413,-2.9404102179062663,2.5374263388099196,1.2340452085834928,36.6882632402514,37.25380139360977,36.90709210339436,14.0,0.0,36.0,30.7,0.0,0.0,0.0,0.0,0.0,0.0,0.0,0.0,0.0,0.0
2026-06-10 19:57:18,-0.04016210203054715,0.3927193172866845,-0.8789306953625755,1.121961830658143,-2.329027152456214,-2.1696813529582015,2.6262745771764173,0.09678950942373765,36.5943455612871,37.0126644328302,37.09963575434438,14.0,0.0,36.0,12.8,0.0,0.0,0.0,0.0,0.0,0.0,0.0,0.0,0.0,0.0
2026-06-10 19:57:19,1.86716549532475,0.1258602391432504,-1.449948566643074,-2.040213905444158,-0.7387963487283198,-1.4716691018688028,-1.9486168261064927,2.1520943968027852,36.57650741453593,37.145297565977174,36.71118915677392,14.0,0.0,36.0,32.5,0.0,0.0,0.0,0.0,0.0,0.0,0.0,0.0,0.0,0.0
2026-06-10 19:57:21,-2.8506524924080288,0.544012904176514,1.8098816287276023,0.850601180167402,-1.2158427638091884,-2.3833703739374514,-2.670294554834172,2.581836298992159,36.85556452331815,37.07500053886502,36.912500789528195,14.0,0.0,36.0,-63.4,0.0,0.0,0.0,0.0,0.0,0.0,0.0,0.0,0.0,0.0
2026-06-10 19:57:22,-0.7547936633581895,2.8170281962628936,0.5905353577871764,0.9565418414430367,1.9335442079171283,-0.8133472988535564,2.0709398210022014,-1.854405716344414,37.08799540172917,37.264891533384095,37.291072940628204,14.0,0.0,36.0,-87.5,0.0,0.0,0.0,0.0,0.0,0.0,0.0,0.0,0.0,0.0
2026-06-10 19:57:23,2.405856361691308,-0.5524941008540045,2.1035953879972116,0.16694879466000323,-2.011116673486261,-1.7769803228052352,1.6169838681103226,2.1337816614211977,36.65894093607569,37.374822280632806,37.27170619337651,14.0,0.0,36.0,-40.2,0.0,0.0,0.0,0.0,0.0,0.0,0.0,0.0,0.0,0.0
2026-06-10 19:57:24,0.27752334043250304,-2.3191679943242134,-2.445761071876401,2.5505387913755637,-0.09126063613310897,1.1991440852442707,1.9058376657632197,0.3381055154563999,36.67116062440356,37.172373805544964,37.12401486477896,14.0,0.0,36.0,124.8,0.0,0.0,0.0,0.0,0.0,0.0,0.0,0.0,0.0,0.0
2026-06-10 19:57:25,1.7317320449996547,2.9637141414143873,-2.2237909828150224,0.3105156273868883,-2.0776471968672534,0.922090562812504,0.4752405463335192,-2.001188357766722,36.708090480826876,37.06290131841639,36.75810122238754,14.0,0.0,36.0,-18.4,0.0,0.0,0.0,0.0,0.0,0.0,0.0,0.0,0.0,0.0
2026-06-10 19:57:26,-0.7060274109681655,-1.1058097100134774,0.8207362081380092,1.8426195312449822,0.08642940141409117,-1.1097712435020022,-0.9786001409192244,-0.8750398524514078,36.92033516474734,37.30313976658403,36.75373853136293,14.0,0.0,36.0,6.3,0.0,0.0,0.0,0.0,0.0,0.0,0.0,0.0,0.0,0.0
2026-06-10 19:57:28,-1.3851478414838798,-1.61670836689739,-0.5558265569172578,-2.0281364328395135,-0.34901983199744,-1.2431770020776771,-1.8990624982103623,2.251411535576718,36.824636961164266,37.334872016419176,37.27072422320454,14.0,0.0,36.0,54.6,0.0,0.0,0.0,0.0,0.0,0.0,0.0,0.0,0.0,0.0
2026-06-10 19:57:29,0.12047259946525912,-0.20738502734300024,1.7189442875542884,-2.4027506684458375,-0.6002312943854529,2.3809730786557433,0.1725779447902136,1.5995712804758115,36.73844884436574,37.319898411156835,37.19157893584212,14.0,0.0,36.0,-37.8,0.0,0.0,0.0,0.0,0.0,0.0,0.0,0.0,0.0,0.0
2026-06-10 19:57:31,1.7184451189099104,0.19255529204100785,2.5705319643092297,-1.8996409786747275,1.3775071651658308,1.2582186966279494,-0.626555321206558,-0.4727469142032761,36.72978356274694,37.19583312545387,36.95793127622214,14.0,0.0,36.0,-71.1,0.0,0.0,0.0,0.0,0.0,0.0,0.0,0.0,0.0,0.0
2026-06-10 19:57:32,-2.2298045553023274,2.1453913458089167,-2.7632574382268267,0.9337385908287583,-2.622056796818566,0.7124427423588591,-1.2938565166291613,-0.7478570747010309,36.80793074310187,37.12367173478003,37.079922961367195,14.0,0.0,36.0,15.7,0.0,0.0,0.0,0.0,0.0,0.0,0.0,0.0,0.0,0.0
2026-06-10 19:57:33,-0.22177988648441804,-1.4503966760166909,0.9968168018424004,-2.6929529736043474,-2.7766353360629736,-1.325752157227315,1.396681008891516,-0.6929238735281551,36.63785255471466,36.8568800377741,37.28460750111969,14.0,0.0,36.0,11.8,0.0,0.0,0.0,0.0,0.0,0.0,0.0,0.0,0.0,0.0
2026-06-10 19:57:34,0.9028943476007005,2.130998996065925,0.8233889989714616,2.1335437229416074,0.4934235035844887,-0.5211148578949643,0.8728891730862975,-0.8537056809472032,36.914641404805394,37.183385334348344,36.97986062498316,14.0,0.0,36.0,-76.2,0.0,0.0,0.0,0.0,0.0,0.0,0.0,0.0,0.0,0.0
2026-06-10 19:57:35,-1.033688106480157,-2.0729163337482204,-2.310471227909959,-2.098876037054378,-1.947437418941636,2.8961591225619694,-0.2561538607862621,2.0597051656168635,36.66382985112467,36.91097518092127,36.97601617617346,14.0,0.0,36.0,114.7,0.0,0.0,0.0,0.0,0.0,0.0,0.0,0.0,0.0,0.0
2026-06-10 19:57:36,-1.3008696407298002,-2.903752844172243,1.2639047997853208,-1.1949176239851182,0.07901192721322392,1.303897141996714,-2.9017453449776527,-2.183276791039148,36.62461882585119,36.823244323827446,36.8591437196382,14.0,0.0,36.0,41.6,0.0,0.0,0.0,0.0,0.0,0.0,0.0,0.0,0.0,0.0
2026-06-10 19:57:37,-0.7260394685015403,1.4068632293196615,1.3402878172477584,-2.5448756193394013,1.3966494891589383,2.798663798808687,-1.9611786397024504,2.52770203443953,37.08062018082637,36.9502972617638,37.274286839835,14.0,0.0,36.0,-70.6,0.0,0.0,0.0,0.0,0.0,0.0,0.0,0.0,0.0,0.0
2026-06-10 19:57:38,0.8282055407362319,-0.18904987477553936,1.864178796875482,-0.9655077602372089,-0.6229462727564208,-0.9251094948883836,-1.8990736891268818,-2.931391441593842,36.606679022403426,37.05838482736015,37.13965456447655,14.0,0.0,36.0,-44.7,0.0,0.0,0.0,0.0,0.0,0.0,0.0,0.0,0.0,0.0
2026-06-10 19:57:39,0.1497650281389573,1.023940113520732,1.4797505120788426,-0.5641969602463242,1.5437445983939968,-0.27630924536147994,1.058421154942379,2.665373304329944,36.71155614501645,37.049816568907254,36.75291262645032,14.0,0.0,36.0,-64.3,0.0,0.0,0.0,0.0,0.0,0.0,0.0,0.0,0.0,0.0
2026-06-10 19:57:41,-1.7938983436284457,0.5993688720929145,-2.5070196116770793,1.4501598152205073,1.1945359885774662,0.16617917542449412,2.752925736067458,1.1580497780966512,36.51811581179019,37.090462529546166,37.17839491560001,14.0,0.0,36.0,50.8,0.0,0.0,0.0,0.0,0.0,0.0,0.0,0.0,0.0,0.0
2026-06-10 19:57:42,-1.3598380121424531,0.4495246843000329,2.559548596387109,2.7266343706708174,-1.9438953745710306,0.3180195704428055,-2.5383853005808046,-1.9897650055820486,36.99287551355613,37.22825787237938,37.06062665223438,14.0,0.0,36.0,-78.9,0.0,0.0,0.0,0.0,0.0,0.0,0.0,0.0,0.0,0.0
2026-06-10 19:57:44,-2.66559644777395,2.6933553400629355,-0.019238772987717034,1.4153738635148212,-1.4174587809929096,-1.387315357943877,0.34799746484363947,-0.3691867551405421,36.88575153436061,37.359060883321646,37.17201107861962,14.0,0.0,36.0,-69.7,0.0,0.0,0.0,0.0,0.0,0.0,0.0,0.0,0.0,0.0
2026-06-10 19:57:45,0.08988516763506293,-2.719223798738337,-1.1364964880927644,-1.1726102597372858,0.5047852458983346,0.5460053664342048,0.34912950082128624,-1.9014959723235014,36.82983763887996,37.257161768005524,37.02019958358449,14.0,0.0,36.0,100.1,0.0,0.0,0.0,0.0,0.0,0.0,0.0,0.0,0.0,0.0
2026-06-10 19:57:46,0.5111855913454226,1.8617976942648564,-0.31602005212979023,2.72035610167649,-0.3595795857194295,-1.245537870178745,-0.5162187904894076,-0.9017831402650387,36.74876980034324,36.88570969573516,37.18366354637676,14.0,0.0,36.0,-40.9,0.0,0.0,0.0,0.0,0.0,0.0,0.0,0.0,0.0,0.0
2026-06-10 19:57:48,1.4961210217911791,-1.2444928748852073,-2.7470939798958427,0.5627590997415215,-0.1764180692934545,2.8908052479972195,-0.25701508562059683,-2.299221510430331,36.66366340113504,36.826099673143645,36.806542518005486,14.0,0.0,36.0,104.5,0.0,0.0,0.0,0.0,0.0,0.0,0.0,0.0,0.0,0.0
2026-06-10 19:57:49,-1.3837520976623217,0.19973397812504956,-0.8228709164669246,-2.850082344812627,2.0560648067405243,0.805332571736304,-2.6878755311363474,-1.504761380435344,37.03003060663544,37.00959017029127,37.282195562119476,14.0,0.0,36.0,15.2,0.0,0.0,0.0,0.0,0.0,0.0,0.0,0.0,0.0,0.0
2026-06-10 19:57:50,1.7817093068036538,2.595892434534531,2.3756867084785327,-1.968183214389419,0.6987871065012339,-1.6583428474042798,-1.3019991625005334,-2.8774792478684086,37.05734258827813,37.09159205921446,36.82701155889174,14.0,0.0,36.0,-100,0.0,0.0,0.0,0.0,0.0,0.0,0.0,0.0,0.0,0.0
2026-06-10 19:57:51,-2.700987457150699,0.7997684724896894,2.225148144508509,1.5142471273348654,2.896498014904447,0.13619612750166166,0.3537663488937204,2.798459397813094,36.841533310010114,37.12556076250551,36.735043223549475,14.0,0.0,36.0,-78.0,0.0,0.0,0.0,0.0,0.0,0.0,0.0,0.0,0.0,0.0
2026-06-10 19:57:52,0.6986647562071218,-0.5022303788418188,0.771630611469682,0.19778037252093839,1.6457297792050216,0.19147511143417262,0.8843380097136313,0.2531762207818593,36.53125141696866,37.170842177516036,37.25625751020292,14.0,0.0,36.0,-6.4,0.0,0.0,0.0,0.0,0.0,0.0,0.0,0.0,0.0,0.0
2026-06-10 19:57:54,-2.704606661280234,2.059720345942786,-1.9684988782200075,-1.6361540507262258,0.5399229662203213,1.2390348504696966,-2.828979461479185,1.8388093508652856,36.53536364915974,36.82475477411153,36.83332155650561,14.0,0.0,36.0,-3.2,0.0,0.0,0.0,0.0,0.0,0.0,0.0,0.0,0.0,0.0
2026-06-10 19:57:55,-0.47201129699162747,2.7367613065291785,-0.8063575466529675,-1.262532076246523,-1.1618511847800403,0.05959071706224961,0.36281158944284453,-2.178642628367825,36.914807900712965,37.157202425400634,36.81236443490855,14.0,0.0,36.0,-49.7,0.0,0.0,0.0,0.0,0.0,0.0,0.0,0.0,0.0,0.0
2026-06-10 19:57:56,1.1228778922338032,-1.8256136876305324,-0.2882329863527069,-1.9608029667930538,2.115713553320333,-0.7297679214877117,-2.9562539027959356,2.6901415260430834,37.00731464451632,36.99846771443172,37.28818744575328,14.0,0.0,36.0,52.8,0.0,0.0,0.0,0.0,0.0,0.0,0.0,0.0,0.0,0.0
2026-06-10 19:57:57,0.6297449623153222,2.9816782005876634,-1.0269570710340927,2.489398227166543,-0.37366991514087955,2.410902169186315,-2.721406809167959,-1.727172795805695,36.8639830057713,36.81002181214984,37.15100507843017,14.0,0.0,36.0,-50.7,0.0,0.0,0.0,0.0,0.0,0.0,0.0,0.0,0.0,0.0
2026-06-10 19:57:58,2.6914424434472224,2.458871595216632,-1.856216810258484,1.0134834867684424,-1.685640278803975,-0.4324272382146521,1.7828212983774891,-0.22537189422044435,36.509843446646904,37.107397859931474,36.76930718304262,14.0,0.0,36.0,-14.9,0.0,0.0,0.0,0.0,0.0,0.0,0.0,0.0,0.0,0.0
2026-06-10 19:57:59,-2.770791663158332,-0.36550870625047693,1.4278773561116997,0.7594334688124085,-0.13129889992654453,-1.669396937291845,0.37590439160937006,-1.5839446856348538,36.68648177143039,36.978600975878706,37.198194856567866,14.0,0.0,36.0,-28.1,0.0,0.0,0.0,0.0,0.0,0.0,0.0,0.0,0.0,0.0
2026-06-10 19:58:01,2.5776700723642856,2.836846839106939,1.0939092625565898,2.0906567840212036,1.821248763374152,0.7699100456087518,1.8079762293343142,0.754868169099153,36.709030782457184,37.38325837674772,36.94692782098691,14.0,0.0,36.0,-100,0.0,0.0,0.0,0.0,0.0,0.0,0.0,0.0,0.0,0.0
2026-06-10 19:58:02,2.4482755256422593,-2.579733404418266,0.02510626679185668,1.7962029013513767,-0.918711551317692,2.9512027284031532,-2.625510669795684,-1.8673427859946654,36.51297914011966,36.99587162760699,37.11443142516409,14.0,0.0,36.0,66.2,0.0,0.0,0.0,0.0,0.0,0.0,0.0,0.0,0.0,0.0
2026-06-10 19:58:03,2.6783017099384754,-2.725183224082534,2.531983373265743,-0.9043140323435699,2.7690058366504804,2.488899274710821,-0.5157233647314765,1.2785417195145126,36.89020834694337,37.102534920625914,37.02832819513661,14.0,0.0,36.0,6.0,0.0,0.0,0.0,0.0,0.0,0.0,0.0,0.0,0.0,0.0
2026-06-10 19:58:04,1.3230386773085252,1.5858994405080162,0.10904205203900919,-1.4354499810571142,0.17866599074735579,2.869482283136165,-0.9685481835048226,-2.4260182161751476,36.61995332361679,37.08612357087778,36.96280743086476,14.0,0.0,36.0,-42.9,0.0,0.0,0.0,0.0,0.0,0.0,0.0,0.0,0.0,0.0
2026-06-10 19:58:05,2.95984196638524,1.0779066604187184,-0.9274572604402471,2.7059752006398963,0.400229525316667,1.9379519922232795,-0.4204511688080057,1.8114454026070907,37.092874165671795,36.83163468177997,37.254972034134454,14.0,0.0,36.0,-3.1,0.0,0.0,0.0,0.0,0.0,0.0,0.0,0.0,0.0,0.0
2026-06-10 19:58:06,1.1244193979796728,-1.0858478978609778,2.4503461210169437,-1.0957374244867009,1.2231976711146348,1.529715180834427,-0.833246317568979,0.49950301555235654,37.01259056586566,37.24211902336917,37.05758254836636,14.0,0.0,36.0,-34.9,0.0,0.0,0.0,0.0,0.0,0.0,0.0,0.0,0.0,0.0
2026-06-10 19:58:07,0.292982479808241,-2.0984926985465364,1.846182770513714,-1.2875418320229224,0.7284249500240589,2.6222404279450267,-2.404192526333343,0.7398678221229122,36.74825421158515,36.80666795052412,37.05643399755723,14.0,0.0,36.0,6.6,0.0,0.0,0.0,0.0,0.0,0.0,0.0,0.0,0.0,0.0
2026-06-10 19:58:08,1.2688314866265786,0.20507631296087592,-0.9331414989273723,2.197963269479974,1.8917366987076365,0.19305115256091376,2.8928523835228415,1.3836818984479065,36.747447792665106,37.393712648088304,36.988892670372685,14.0,0.0,36.0,20.4,0.0,0.0,0.0,0.0,0.0,0.0,0.0,0.0,0.0,0.0
2026-06-10 19:58:10,2.141919365813023,-2.8021374116962154,2.6328631114408108,1.9975428180296246,-0.08200504103942219,1.9168645649315872,2.2711443351249807,-2.172147042584153,36.66821748964142,36.90944542880554,37.03685425642274,14.0,0.0,36.0,6.5,0.0,0.0,0.0,0.0,0.0,0.0,0.0,0.0,0.0,0.0
2026-06-10 19:58:11,0.06915674636146196,-1.3990904035756986,-1.8719370447958166,0.17208540209914291,-1.7553640571872857,-2.883474225815397,-0.10244083865909248,2.054115471386897,36.52409567543726,37.38632309600362,37.213206079770636,14.0,0.0,36.0,83.1,0.0,0.0,0.0,0.0,0.0,0.0,0.0,0.0,0.0,0.0
2026-06-10 19:58:13,1.662436821927746,-1.7624277260631964,-2.8917689415534467,-0.06544852250666144,1.2589382319061464,1.42986040171437,2.479605037297876,2.658192609212537,36.77213671684938,36.94172498173092,36.97149121704859,14.0,0.0,36.0,122.3,0.0,0.0,0.0,0.0,0.0,0.0,0.0,0.0,0.0,0.0
2026-06-10 19:58:14,0.08897765849545536,-1.6926617220381779,0.06677336959836344,-2.367789212072407,0.7230337123494639,-1.4227338350176875,-0.1554949130150649,-2.6372305996384724,37.00248705686095,37.16172374983589,36.94557954696235,14.0,0.0,36.0,41.3,0.0,0.0,0.0,0.0,0.0,0.0,0.0,0.0,0.0,0.0
2026-06-10 19:58:15,1.4643711027319952,-1.5280072227756625,-0.6114878706878635,1.7394927306241668,1.6201956559188577,-2.113690168704692,-1.6726288885699572,-1.01317219603158,36.99656986290727,37.154179655201915,36.91726731347633,14.0,0.0,36.0,53.4,0.0,0.0,0.0,0.0,0.0,0.0,0.0,0.0,0.0,0.0
2026-06-10 19:58:17,-1.6133356085020718,1.9451931168898593,1.5802733087593923,-1.0425531093899323,-0.864125112711081,-1.5938229311542258,-2.850136259463447,1.3428770595436044,37.00888078035769,37.33415094888144,36.8675343227685,14.0,0.0,36.0,-93.4,0.0,0.0,0.0,0.0,0.0,0.0,0.0,0.0,0.0,0.0
2026-06-10 19:58:18,-1.6082175407827484,2.03563554141662,2.523648030445692,0.5534148076336143,-2.0926284825932613,1.9031203202572353,-0.6224190654922968,-2.4706032241359868,36.98543322640606,37.13150343379356,36.85638343837421,14.0,0.0,36.0,-100,0.0,0.0,0.0,0.0,0.0,0.0,0.0,0.0,0.0,0.0
2026-06-10 19:58:19,1.0906413906405366,-0.32093372869539394,2.1220481209643403,0.723294819508268,-1.5174498995066314,1.965771616145088,-0.30102019548035086,-2.403116053789824,36.625687673714545,36.98100563273699,36.7547910040186,14.0,0.0,36.0,-45.7,0.0,0.0,0.0,0.0,0.0,0.0,0.0,0.0,0.0,0.0
2026-06-10 19:58:20,-2.1214662482459645,-2.3279651174639433,-0.6913047867163513,-2.200055507526419,0.4345592687220696,1.679572244896483,2.268681719095621,-0.27661306468200575,36.794620531073456,37.14806810518227,36.71109471098874,14.0,0.0,36.0,80.0,0.0,0.0,0.0,0.0,0.0,0.0,0.0,0.0,0.0,0.0
2026-06-10 19:58:21,-1.9396105335789806,-1.5797337482793097,-2.21675464767451,-2.2650001812336695,1.6092942944254522,2.1419919470867033,2.851709562814566,0.48303089288793366,37.068714960657914,36.94752702895607,37.25526758491348,14.0,0.0,36.0,100.7,0.0,0.0,0.0,0.0,0.0,0.0,0.0,0.0,0.0,0.0
2026-06-10 19:58:23,1.7235851826603543,2.3449016804991825,-1.3806190742620317,-1.3099041784588692,-2.953514136583215,0.33187926696924785,-1.3961400491364506,2.7664935435780738,36.565262106996734,37.01770111865425,36.94640249413814,14.0,0.0,36.0,-25.5,0.0,0.0,0.0,0.0,0.0,0.0,0.0,0.0,0.0,0.0
2026-06-10 19:58:24,-1.6870998518368683,2.927873654082564,-0.791553140391966,-1.6798460182748949,-1.0761188398679458,-2.1670746988274994,2.780208499892268,2.661050426439161,36.56041677575191,37.150538650995095,37.28130899647458,14.0,0.0,36.0,-54.9,0.0,0.0,0.0,0.0,0.0,0.0,0.0,0.0,0.0,0.0
2026-06-10 19:58:25,2.0769626248774173,-1.7444636087802354,-0.7204792282864592,-1.157623998951795,-1.4520366578367268,2.8862190149951976,2.9741294611718807,0.3105160326407237,37.08177802992567,37.15373774378217,36.72204386991235,14.0,0.0,36.0,66.7,0.0,0.0,0.0,0.0,0.0,0.0,0.0,0.0,0.0,0.0
2026-06-10 19:58:26,-1.0426548310766242,0.8333375296511103,-0.32240913052044995,-1.9087144384017471,2.651326776096152,0.16036577068188596,2.353096302706641,-2.325998138052591,36.86013983372596,37.17986325721707,37.22375503955046,14.0,0.0,36.0,-12.0,0.0,0.0,0.0,0.0,0.0,0.0,0.0,0.0,0.0,0.0
2026-06-10 19:58:28,-2.3699547868059607,-1.4050064259171842,2.21842320636297,2.3907456124989253,1.957609870253095,-0.6758752177134708,1.9377546578465425,1.6661387613965895,36.93179283906691,37.256917057132874,36.805379551350335,14.0,0.0,36.0,-20.4,0.0,0.0,0.0,0.0,0.0,0.0,0.0,0.0,0.0,0.0
2026-06-10 19:58:29,0.6544091930790676,0.5438032962166295,2.7829128161187517,-1.8427953258784078,-0.736084411887143,-2.636730647569752,-1.7775960055351019,-0.3617946687028697,36.57107396176359,37.1360838144092,37.29931489963515,14.0,0.0,36.0,-88.2,0.0,0.0,0.0,0.0,0.0,0.0,0.0,0.0,0.0,0.0
2026-06-10 19:58:30,-0.1524386657576624,0.08361395236048308,-1.7437226249007927,-1.8736763933853737,-1.7120053272774844,2.6169324724617224,-1.2011892037275875,-2.948980704241673,36.78317130441639,37.20855157387519,36.83947064724694,14.0,0.0,36.0,43.6,0.0,0.0,0.0,0.0,0.0,0.0,0.0,0.0,0.0,0.0
2026-06-10 19:58:32,0.8256496014786263,2.286809643962134,0.1864469628461527,2.544293935077901,-1.5479590830629382,-2.0874513019276972,-2.5728742575748096,2.768804470111008,36.84464332018311,36.92415396046864,37.17955297498655,14.0,0.0,36.0,-66.3,0.0,0.0,0.0,0.0,0.0,0.0,0.0,0.0,0.0,0.0
2026-06-10 19:58:33,-2.925005319096284,-0.2951394326049357,-1.1091094494985674,-0.7363369279812835,-2.886248236179174,2.7872441261088126,-2.9997039409649218,-0.0007130130823886915,36.78243133290415,36.852225565279625,37.17512918964457,14.0,0.0,36.0,36.2,0.0,0.0,0.0,0.0,0.0,0.0,0.0,0.0,0.0,0.0
2026-06-10 19:58:34,0.13808178152118877,-1.1855019185139863,-0.36400171359316724,-0.3129505741012557,-0.3156420420938755,1.0414618404858285,-2.710321909732526,-2.092759059637076,36.93450294595166,37.20938233449227,37.14238237153761,14.0,0.0,36.0,39.2,0.0,0.0,0.0,0.0,0.0,0.0,0.0,0.0,0.0,0.0
2026-06-10 19:58:36,-2.7439126625830084,2.6250557662660166,1.7736081486427802,2.8691637243487573,1.633647089216904,0.8944351635416083,1.2066065077874963,2.5168205632817937,36.6361350761523,37.00482171380471,36.87390708173155,14.0,0.0,36.0,-100,0.0,0.0,0.0,0.0,0.0,0.0,0.0,0.0,0.0,0.0
2026-06-10 19:58:37,-1.2033440798465935,-2.010168738138968,-0.5381257338795971,-2.201500402593994,-2.8198965195625627,-0.4509534094912113,-2.54452057048877,0.24420842616972926,36.623095194371146,36.96007893475294,36.785219341844154,14.0,0.0,36.0,64.4,0.0,0.0,0.0,0.0,0.0,0.0,0.0,0.0,0.0,0.0
2026-06-10 19:58:38,-2.224762547612845,1.843393701602527,-2.4068451145961234,2.7894639407622153,-1.287056575925891,-2.927775323972683,0.8346219603869187,0.08669775146512748,36.618297257966475,37.18808122560383,36.883159399266454,14.0,0.0,36.0,13.5,0.0,0.0,0.0,0.0,0.0,0.0,0.0,0.0,0.0,0.0
2026-06-10 19:58:39,0.2805387562694128,-0.8528781461273405,-0.38263847405892637,1.144777847587413,2.921712260959671,2.2432031677401207,-2.9065278300267807,-0.2822595308355105,36.85917836980949,36.801240362798794,37.17668260685468,14.0,0.0,36.0,31.6,0.0,0.0,0.0,0.0,0.0,0.0,0.0,0.0,0.0,0.0
2026-06-10 19:58:41,-2.930932049154964,-1.8077271501665197,-0.8686827347227251,-0.4753329168089162,1.9888830806146665,2.51919854687129,-1.8891669986245627,-2.8432399860512447,37.062553056937055,37.357237633301814,36.85868863740913,14.0,0.0,36.0,69.5,0.0,0.0,0.0,0.0,0.0,0.0,0.0,0.0,0.0,0.0
2026-06-10 19:58:42,0.21867644238037798,0.9177916019645331,-1.7844869392117477,0.4478658851731474,0.7646784511872218,-0.1662835431645231,0.4799001652679764,-1.8031681837527118,37.03103149254042,37.169212293230274,36.89086970912734,14.0,0.0,36.0,22.6,0.0,0.0,0.0,0.0,0.0,0.0,0.0,0.0,0.0,0.0
2026-06-10 19:58:43,-2.50088010225625,-0.5973355516124572,2.809748315287906,-1.5813752451682979,1.767315768086232,-2.6122540208555542,2.255407171370573,0.9776404284569962,36.53786962465257,37.27590142933281,36.77913305155287,14.0,0.0,36.0,-57.4,0.0,0.0,0.0,0.0,0.0,0.0,0.0,0.0,0.0,0.0
2026-06-10 19:58:45,-1.2074702660233267,1.9631106718367581,0.12733949777532683,0.6341123088320284,0.9905038707130753,2.2662498185516124,-2.307710239950097,1.4045343249724125,36.7208588076898,37.202449332755826,36.86852562125164,14.0,0.0,36.0,-54.1,0.0,0.0,0.0,0.0,0.0,0.0,0.0,0.0,0.0,0.0
2026-06-10 19:58:46,1.7847211589788632,-1.1914253884534356,1.0387206717243629,-2.5774878207874625,-0.22458441802400975,-2.6388934871364014,0.680519148792385,1.1834567167173144,36.94354710713287,37.0303932887759,37.12328962022958,14.0,0.0,36.0,3.0,0.0,0.0,0.0,0.0,0.0,0.0,0.0,0.0,0.0,0.0
2026-06-10 19:58:47,2.3760436620945757,2.5250343255914087,-0.6520992660409513,0.37571964992595497,2.106943276462551,0.5385012815867327,1.744228231847325,-1.7817687241713114,36.574904230805316,37.082197894337384,36.953988908624325,14.0,0.0,36.0,-47.3,0.0,0.0,0.0,0.0,0.0,0.0,0.0,0.0,0.0,0.0
2026-06-10 19:58:48,2.440907538874643,1.3161997784295698,2.3068371520624895,1.28411634276502,-1.2430712807553126,-0.7720113235841599,2.4398326670048975,2.7701639319367395,36.892779038445624,37.394197519385514,37.04867318499923,14.0,0.0,36.0,-92.8,0.0,0.0,0.0,0.0,0.0,0.0,0.0,0.0,0.0,0.0
2026-06-10 19:58:49,1.6849930123052914,-1.6822924589310393,1.1489920048212028,-0.00482596797617596,-2.809009142372435,0.14501279513322007,-0.12544471266784107,2.715910677086085,37.01837378681803,37.35762056704655,36.99904357483786,14.0,0.0,36.0,13.8,0.0,0.0,0.0,0.0,0.0,0.0,0.0,0.0,0.0,0.0
2026-06-10 19:58:50,0.6173379005134709,-0.4087661804203213,-0.7817593755317391,-1.5981617202170983,-1.5310474584558391,0.775053934666265,-0.3285363929547085,-2.7985593862501443,36.56074307808939,37.00799839440912,36.99733648779758,14.0,0.0,36.0,31.0,0.0,0.0,0.0,0.0,0.0,0.0,0.0,0.0,0.0,0.0
2026-06-10 19:58:52,-1.6928945339554418,2.1585958814638877,1.2083224849653957,0.2461352525137297,0.3690572883149743,-0.47220173141703503,-2.027117721063373,0.1405518907505705,36.59687661697707,37.10774242431535,37.02058627692605,14.0,0.0,36.0,-88.3,0.0,0.0,0.0,0.0,0.0,0.0,0.0,0.0,0.0,0.0
2026-06-10 19:58:53,-2.7756808482070694,0.18093868842197214,-2.053038243327987,0.39655405311867753,-2.4721214587525284,2.2831760725407593,-2.0254674337462357,-0.894753626937085,37.076935494717475,37.21806320202566,36.737921124302694,14.0,0.0,36.0,48.5,0.0,0.0,0.0,0.0,0.0,0.0,0.0,0.0,0.0,0.0
2026-06-10 19:58:55,0.7301703982778207,1.5981699443975081,2.5491472302722524,2.6852055313472984,2.039312410156647,1.7941809590721896,1.5522038868887558,-1.9015478281976341,36.627738867750026,37.0255056633546,36.756899977420865,14.0,0.0,36.0,-100,0.0,0.0,0.0,0.0,0.0,0.0,0.0,0.0,0.0,0.0
2026-06-10 19:58:56,-2.3590023470247354,2.7450952526713914,2.9636803444815536,0.3926942347806901,-0.09872050110200625,-0.15962399095461777,0.32398103445059245,1.8426193329022436,36.69807857296075,37.385145694399654,36.98488942763984,14.0,0.0,36.0,-100,0.0,0.0,0.0,0.0,0.0,0.0,0.0,0.0,0.0,0.0
2026-06-10 19:58:57,-2.7921087268226055,1.3113174144371786,1.9763318849363465,1.539374714313822,2.003307464600524,-0.32178017222999156,-2.308390988005563,0.6352333068405773,36.937526206542024,37.07382940110821,36.94490595948777,14.0,0.0,36.0,-86.3,0.0,0.0,0.0,0.0,0.0,0.0,0.0,0.0,0.0,0.0
2026-06-10 19:58:59,2.102856585757343,-0.2555765778141339,2.659913475450373,2.743889918001855,2.4539273004998545,1.7186387751214731,-0.683291880333452,1.67211640464678,36.86912026201347,37.24147980751592,36.78772778299339,14.0,0.0,36.0,-61.7,0.0,0.0,0.0,0.0,0.0,0.0,0.0,0.0,0.0,0.0
2026-06-10 19:59:00,0.7619262865123928,-1.622173910206299,-2.4596305793464923,1.2318206601432156,-1.2656377524689622,0.8054068284140867,-0.22765843248190398,0.09909409640198064,36.55683007773681,36.84670323826117,37.160230463730386,14.0,0.0,36.0,105.8,0.0,0.0,0.0,0.0,0.0,0.0,0.0,0.0,0.0,0.0
2026-06-10 19:59:01,-1.8187639401905118,-0.12617499802346277,-0.5350390877661262,0.7836262544911228,0.493354645329803,-2.6620527978406434,-1.1869944521969302,-2.278550410493333,36.565910684300874,37.38094619625838,37.123654213541606,14.0,0.0,36.0,15.2,0.0,0.0,0.0,0.0,0.0,0.0,0.0,0.0,0.0,0.0
2026-06-10 19:59:02,1.7625065101905193,-0.059866599703105816,-2.2096675196964797,-2.8345288141185194,-0.3230050085171894,-1.0988931498510388,1.5400883943960801,-0.6502726998201189,36.55031571624165,37.19943570919533,36.89721575095915,14.0,0.0,36.0,58.9,0.0,0.0,0.0,0.0,0.0,0.0,0.0,0.0,0.0,0.0
2026-06-10 19:59:04,1.8495994190844893,1.7758593991848883,-0.043194412320692877,-1.0323749744921342,0.5423572426288112,-2.963946927574674,-0.2691294440459311,-1.8360264371772856,36.811421091203904,37.04026184054038,37.08229182903942,14.0,0.0,36.0,-46.4,0.0,0.0,0.0,0.0,0.0,0.0,0.0,0.0,0.0,0.0
2026-06-10 19:59:05,-1.0755213879997887,-1.2059052251536295,-0.12154600374665048,-0.1940004757230387,-0.49274583195316346,-2.0142954821137984,-2.3953068530554837,-2.6575296398613446,36.844137504271366,37.23825288689075,36.70311385787143,14.0,0.0,36.0,32.1,0.0,0.0,0.0,0.0,0.0,0.0,0.0,0.0,0.0,0.0
2026-06-10 19:59:07,1.6413331938716667,0.3929925531941372,-1.658735038559541,-2.7042359144314494,-2.2917445777064396,2.518270468994614,-0.6753864248494699,1.9173895949866218,36.890193079206526,37.1147471810788,36.99410177743437,14.0,0.0,36.0,33.7,0.0,0.0,0.0,0.0,0.0,0.0,0.0,0.0,0.0,0.0
2026-06-10 19:59:08,2.356982849827096,1.5549343711218802,2.9345944323807505,2.539646203872927,-1.9473160055181589,1.3444438153673106,2.754521477187086,1.2107238982376378,36.988958735012005,37.11048794671586,36.977088930883305,14.0,0.0,36.0,-100,0.0,0.0,0.0,0.0,0.0,0.0,0.0,0.0,0.0,0.0
2026-06-10 19:59:09,0.43632212840941476,-1.3221305271501513,2.3410942126587653,2.499507564810277,2.9867798962885876,-2.029680488596818,0.6142646971191184,-2.3712723376141134,36.7694397342458,36.89388337238584,37.25601848321494,14.0,0.0,36.0,-27.1,0.0,0.0,0.0,0.0,0.0,0.0,0.0,0.0,0.0,0.0
2026-06-10 19:59:10,1.5116876934720054,-0.20244475613791835,-2.075381762972856,0.9199987549713233,0.05811796559217619,2.388659990431198,0.8031823246347631,-2.674310996623703,36.88570377070153,37.06599395013263,37.10720789786461,14.0,0.0,36.0,60.5,0.0,0.0,0.0,0.0,0.0,0.0,0.0,0.0,0.0,0.0
2026-06-10 19:59:11,0.897909444928005,-1.8765474813076681,1.77584203695295,2.948567040995627,0.8166832582556678,2.7382412498774444,0.7194247866080863,0.18793442747780542,36.575296206282886,37.004930818208244,37.017375498564576,14.0,0.0,36.0,4.3,0.0,0.0,0.0,0.0,0.0,0.0,0.0,0.0,0.0,0.0
2026-06-10 19:59:12,1.3560800306692027,0.7396017246594786,-2.0778207097246018,0.4242484587869364,-2.9761689313368116,0.19802458253197752,0.34007106079689375,0.5245459846754574,36.87090846830872,37.161854480970874,37.19031903337923,14.0,0.0,36.0,34.9,0.0,0.0,0.0,0.0,0.0,0.0,0.0,0.0,0.0,0.0
2026-06-10 19:59:13,-0.6146875264958513,-0.27460491128152187,2.3416700605886094,1.9008403244209022,0.2804661296524351,-0.3234481620988401,-0.4218635972777074,-2.016667559459896,37.06211524764273,37.100195874082786,37.04287275130045,14.0,0.0,36.0,-53.8,0.0,0.0,0.0,0.0,0.0,0.0,0.0,0.0,0.0,0.0
2026-06-10 19:59:14,-1.2902841342367573,0.45505545158092,0.47695654758723727,2.1412616217724736,-2.051528473793512,2.9068337116544694,-1.5896472317146175,-0.7176649095999661,36.913494963121536,36.864108901886716,36.726112534029525,14.0,0.0,36.0,-23.4,0.0,0.0,0.0,0.0,0.0,0.0,0.0,0.0,0.0,0.0
2026-06-10 19:59:16,2.8853406005159146,-2.000841209944741,-2.7518287625124684,-0.6592055216057382,-2.44367876480874,0.7633247977158968,1.8528501122114802,-1.8591977830447584,36.75525319219172,37.014584507020714,36.79422418915865,14.0,0.0,36.0,124.2,0.0,0.0,0.0,0.0,0.0,0.0,0.0,0.0,0.0,0.0
2026-06-10 19:59:17,1.1582613323939945,-0.6927771668308269,0.24130384852570552,2.743586178601981,-2.3862926439762173,-0.5202711076792288,2.4898502173447037,0.6992532872798916,36.75436105887514,37.21894294522042,37.0926422952856,14.0,0.0,36.0,12.7,0.0,0.0,0.0,0.0,0.0,0.0,0.0,0.0,0.0,0.0
2026-06-10 19:59:18,0.06947147178036861,-1.5726252967069125,1.5677521995526593,-1.632487933525713,0.21256714725763137,-1.2986286573275565,-1.6814183525724804,-2.309034161087803,36.68468090001626,36.91748138935301,36.80622606388112,14.0,0.0,36.0,-1.4,0.0,0.0,0.0,0.0,0.0,0.0,0.0,0.0,0.0,0.0
2026-06-10 19:59:19,-2.360684530345983,-1.6516005099139717,-0.09780120501797196,-1.4100642231769278,2.6269114882172904,-1.6481034479997467,1.786826958428163,-1.1102704894783866,36.55413743699674,37.2198003672423,37.23370735112055,14.0,0.0,36.0,45.3,0.0,0.0,0.0,0.0,0.0,0.0,0.0,0.0,0.0,0.0
2026-06-10 19:59:20,-1.4738669450020387,0.6604359729997258,-2.692027435347536,0.3073246362448252,-1.1180598191770152,1.140904335012869,-0.8283414611851576,-0.3231381849882524,37.08831511445822,37.02423340381036,36.84892317381788,14.0,0.0,36.0,52.7,0.0,0.0,0.0,0.0,0.0,0.0,0.0,0.0,0.0,0.0
2026-06-10 19:59:21,-0.6996939889455613,-1.651702166781191,1.1172192869615696,-1.8960484322716555,-2.2346989065470213,-0.8835428234856746,-0.7128379960579725,-1.1508823927167824,36.69418342269422,36.82421451208055,36.96362665998907,14.0,0.0,36.0,13.0,0.0,0.0,0.0,0.0,0.0,0.0,0.0,0.0,0.0,0.0
2026-06-10 19:59:22,-0.7573615300164844,-1.2881226085253052,2.8623046750414787,-2.595534957905728,-0.3076361403912804,-0.9607588018856115,-2.96728168655663,2.3396778157680096,36.65294325250897,36.818056395776395,36.97726063484178,14.0,0.0,36.0,-42.7,0.0,0.0,0.0,0.0,0.0,0.0,0.0,0.0,0.0,0.0
2026-06-10 19:59:24,-1.5983910698248691,-0.6164184500652574,-0.9585770027306428,-1.7829353658701552,2.67773478309865,-1.034728915637064,-1.806870147711216,-2.865592618512467,36.63556845354121,37.154135345813664,37.01138994136926,14.0,0.0,36.0,39.3,0.0,0.0,0.0,0.0,0.0,0.0,0.0,0.0,0.0,0.0
2026-06-10 19:59:25,-0.40262481985744447,1.5473653189431769,-0.34596081794465583,-1.0683952178005311,-2.6127657802432926,1.2755386956244283,0.8861968851660462,2.16173039658101,37.0015130365331,37.09848024205279,37.01656689885066,14.0,0.0,36.0,-30.0,0.0,0.0,0.0,0.0,0.0,0.0,0.0,0.0,0.0,0.0
2026-06-10 19:59:26,-2.1267899373126755,-2.5815698748468128,-0.27643848668420734,-1.871104325514565,-2.0029601428791874,-0.31211205699596967,-2.2693801371521447,-0.7165863674513648,36.81630154111399,37.30501775927625,36.7207154276192,14.0,0.0,36.0,72.6,0.0,0.0,0.0,0.0,0.0,0.0,0.0,0.0,0.0,0.0
2026-06-10 19:59:27,1.5290984747696372,0.5421907711960885,-0.4873554006876981,1.2618591686089875,-1.9423108018614266,-0.03823468831004284,1.8706453230723792,-2.0035580796253987,36.84690380935301,37.37001916415571,36.95272942620531,14.0,0.0,36.0,-0.5,0.0,0.0,0.0,0.0,0.0,0.0,0.0,0.0,0.0,0.0
2026-06-10 19:59:28,-2.816551674292813,-2.6737293394203165,-0.8532616844660077,-1.334898415329468,-2.7391519747177697,-2.307660281081686,-1.0207914075792026,-2.4835324312871556,36.932004286221186,37.15137916593308,36.82320236321784,14.0,0.0,36.0,89.5,0.0,0.0,0.0,0.0,0.0,0.0,0.0,0.0,0.0,0.0
2026-06-10 19:59:30,-2.7005905401399275,0.7554934337436263,2.0891044165234405,0.9087748991388329,-1.7002788011892211,-2.0617085093095646,1.5009037584175449,2.011060640026006,36.68474219362354,37.26578412451459,36.86896708945773,14.0,0.0,36.0,-73.8,0.0,0.0,0.0,0.0,0.0,0.0,0.0,0.0,0.0,0.0
2026-06-10 19:59:31,0.7435745030478471,0.8408405339907872,2.851184221028795,-2.1538912853348857,2.8053061789126508,-0.028429987073641083,1.40335765010109,1.4390586689304579,36.98685992115012,37.17376792739807,37.099772012728685,14.0,0.0,36.0,-94.8,0.0,0.0,0.0,0.0,0.0,0.0,0.0,0.0,0.0,0.0
2026-06-10 19:59:33,1.3292874944604538,-2.939034616008975,1.4363357249651223,-0.3783460431268484,-2.686515911981104,-1.455363676867607,-2.6966651652293114,1.0290705942317668,36.84939776682569,37.22731960037423,37.20259583045097,14.0,0.0,36.0,36.8,0.0,0.0,0.0,0.0,0.0,0.0,0.0,0.0,0.0,0.0
2026-06-10 19:59:34,2.365589759939902,-2.8350663018656426,1.9104966490122424,-0.987017619887856,-1.579071449552753,-0.5439913446766935,2.8253336942474263,-2.8511348489084147,36.996254224923234,37.244999644729944,37.28782282510379,14.0,0.0,36.0,25.0,0.0,0.0,0.0,0.0,0.0,0.0,0.0,0.0,0.0,0.0
2026-06-10 19:59:35,-1.2641896357192843,1.2424247228737064,0.7087887003649946,-2.0413009920671445,-2.923845955257306,1.6425365825523173,1.9585395551100797,-0.4587022296908341,36.81513241938608,36.87802326439958,37.19820015578981,14.0,0.0,36.0,-48.7,0.0,0.0,0.0,0.0,0.0,0.0,0.0,0.0,0.0,0.0
2026-06-10 19:59:36,-1.5807217733332668,0.3009692732296134,2.105007038269231,0.6429239833650877,0.4898422980410073,0.9010643114354617,2.9548610800332122,-2.561103280099945,36.502850419207064,36.882419228976985,36.78456098552591,14.0,0.0,36.0,-60.3,0.0,0.0,0.0,0.0,0.0,0.0,0.0,0.0,0.0,0.0
2026-06-10 19:59:37,1.8591632728101075,-1.267632517163097,1.9395641181571204,2.909758762854394,1.6472251983481376,-2.8665823648149424,-1.8673671233891425,1.3907257138882585,36.79177177940962,37.354745125447,37.130488600792134,14.0,0.0,36.0,-19.7,0.0,0.0,0.0,0.0,0.0,0.0,0.0,0.0,0.0,0.0
2026-06-10 19:59:39,2.736436136812679,-0.09844933695549773,2.78418741032597,-1.507554743558335,-2.734779280315104,0.8558564518520368,-0.2309130621787605,-2.411764445054429,37.01798189277224,36.8443432544463,36.738304395502226,14.0,0.0,36.0,-69.1,0.0,0.0,0.0,0.0,0.0,0.0,0.0,0.0,0.0,0.0
2026-06-10 19:59:40,2.2860189850719177,-2.3373432051935836,-1.233627577076539,1.6116817322501555,-0.9685549156789341,-1.652151164604689,-0.023865617577256693,2.954927689786226,36.603794078037815,37.15621291052102,37.20269230812048,14.0,0.0,36.0,91.5,0.0,0.0,0.0,0.0,0.0,0.0,0.0,0.0,0.0,0.0
2026-06-10 19:59:41,0.6790452917910588,-1.4251150716954493,-1.5636822258354441,1.4566704108480781,2.2490422405908985,-1.5505009163976808,-2.8781033033620207,-2.1605423966535042,36.629581677794405,37.088091980040865,37.280714260434685,14.0,0.0,36.0,75.1,0.0,0.0,0.0,0.0,0.0,0.0,0.0,0.0,0.0,0.0
2026-06-10 19:59:42,-2.6192939587029196,-1.7421464410095007,0.9640711258974668,-2.888861676812086,1.8252510097994676,-0.8391041507183301,-2.7799432642943795,-2.814202430628323,36.742410092440956,36.85432391074406,36.92348619174764,14.0,0.0,36.0,18.3,0.0,0.0,0.0,0.0,0.0,0.0,0.0,0.0,0.0,0.0
2026-06-10 19:59:44,1.4982678718119438,0.5044147560671233,0.05188187616869788,2.737596548349811,2.963954653485394,-2.530964392008964,2.758913177308143,-0.48709248432184804,37.080744715028416,37.22788165282458,37.066930560665575,14.0,0.0,36.0,-14.3,0.0,0.0,0.0,0.0,0.0,0.0,0.0,0.0,0.0,0.0
2026-06-10 19:59:45,1.726575015534757,1.053716469116167,-2.750354010799315,-0.3616416802235354,-1.3677055041998998,-1.925446436324993,2.2316742259735873,-2.572239702920344,37.09895298060811,37.31156408766097,36.70108017658558,14.0,0.0,36.0,44.0,0.0,0.0,0.0,0.0,0.0,0.0,0.0,0.0,0.0,0.0
2026-06-10 19:59:46,-2.106091218111258,-0.8024065382392589,0.27691823935815263,-1.354652752759578,0.9803472746970776,0.3547331190973777,1.3355132606797069,-1.5433299893002623,36.849673981874716,36.81836597545263,37.23555087045497,14.0,0.0,36.0,14.4,0.0,0.0,0.0,0.0,0.0,0.0,0.0,0.0,0.0,0.0
2026-06-10 19:59:47,-0.3002841028669705,1.4403060520779025,-0.872702045059413,1.6526333038998269,-0.9716301966790062,-0.42646157846362254,-2.5067756116489543,1.0597310834314309,36.591948821843296,37.13013473512111,37.08083586758974,14.0,0.0,36.0,-16.1,0.0,0.0,0.0,0.0,0.0,0.0,0.0,0.0,0.0,0.0
2026-06-10 19:59:48,1.0594206075781107,-2.1578707457007664,-1.4626271043296102,-1.9144660810475989,0.012395700677792387,1.469515097041663,0.1178401918711467,0.7787903463448664,36.715307217414285,37.10505633214152,37.20872853382386,14.0,0.0,36.0,94.4,0.0,0.0,0.0,0.0,0.0,0.0,0.0,0.0,0.0,0.0
2026-06-10 19:59:49,-2.30672058947645,-2.8731536844669665,0.17579985234234252,-1.6981672521387887,-0.25195261574196026,0.04890445555067657,2.556611665256269,2.1158014329020087,36.59459844762448,37.35159698188376,37.00410541196367,14.0,0.0,36.0,71.0,0.0,0.0,0.0,0.0,0.0,0.0,0.0,0.0,0.0,0.0
2026-06-10 19:59:50,-1.1255134360172254,1.5590312906078339,1.1390819240466286,1.7329901668000307,0.5555499226656764,2.9595391548594296,0.937231310523666,1.0753641717664664,36.700062035387354,37.15757874643239,36.82597272322314,14.0,0.0,36.0,-67.8,0.0,0.0,0.0,0.0,0.0,0.0,0.0,0.0,0.0,0.0
2026-06-10 19:59:51,1.114862610360575,-1.3349728796993303,-2.9798332444748654,-2.5685369448367714,0.2637553064690463,1.7069874604097146,1.924473615454719,-2.468443755739072,37.07080101078656,37.34842798753042,37.191407172327125,14.0,0.0,36.0,113.4,0.0,0.0,0.0,0.0,0.0,0.0,0.0,0.0,0.0,0.0
2026-06-10 19:59:53,-1.6695054476048765,1.051807682211762,0.06443617638153532,0.9930355446248269,2.0964880047756154,-1.6587366746078784,-1.2671459835350434,-0.7192901198631132,36.570955048846535,37.35406198481272,36.90190177472232,14.0,0.0,36.0,-30.3,0.0,0.0,0.0,0.0,0.0,0.0,0.0,0.0,0.0,0.0
2026-06-10 19:59:54,0.6290375331665139,2.340463367277616,-1.242844688974306,-1.002250140807271,0.13483552231380713,2.5860158445634758,0.6594754912382328,-1.907678216518635,36.82472856262699,37.3165305746445,37.138338840338264,14.0,0.0,36.0,-26.8,0.0,0.0,0.0,0.0,0.0,0.0,0.0,0.0,0.0,0.0
2026-06-10 19:59:55,-0.32070308490070554,-0.2792316644377224,-0.6808502984162939,-0.5785754162265406,-2.88414648987396,-2.153300345802177,1.8587260724058288,-1.801521656615944,36.709154839977636,36.93253156790806,36.76015818266214,14.0,0.0,36.0,24.7,0.0,0.0,0.0,0.0,0.0,0.0,0.0,0.0,0.0,0.0
2026-06-10 19:59:56,0.22886027728456693,-0.49896308594492744,-1.4650672072628121,-1.2189921567111293,1.3998417082684949,2.771045122088891,2.1139904659210202,2.5457881733035688,36.836821335063476,36.94310839411039,37.049777766094955,14.0,0.0,36.0,53.2,0.0,0.0,0.0,0.0,0.0,0.0,0.0,0.0,0.0,0.0
2026-06-10 19:59:57,0.11928692351156123,-0.4629898411450384,0.9612103746783158,-1.2315835686096572,-1.5454090818767663,0.31866550771535307,0.9203323560647281,2.8925172691517034,36.951950846502854,37.222045633870025,36.9079961956961,14.0,0.0,36.0,-12.3,0.0,0.0,0.0,0.0,0.0,0.0,0.0,0.0,0.0,0.0
2026-06-10 19:59:59,0.9367494606480129,0.8246757733681456,-2.129698695110311,-2.1345472190789474,0.3299981159391452,-2.204382029779806,2.72218361812714,2.5871369494022076,36.66628262349897,36.92659545313057,37.28318927568652,14.0,0.0,36.0,34.0,0.0,0.0,0.0,0.0,0.0,0.0,0.0,0.0,0.0,0.0
2026-06-10 20:00:00,-2.924466448767815,0.4880590461932721,-0.1440256617493696,-1.7416125109062444,1.7615665353683996,-0.696924693194708,2.095253661035204,2.911582982936382,36.852899233738285,36.870782717379406,37.22258288548438,14.0,0.0,36.0,-8.2,0.0,0.0,0.0,0.0,0.0,0.0,0.0,0.0,0.0,0.0
2026-06-10 20:00:01,-0.5402547777585589,2.8349907308486664,0.3033125683876987,1.5059276077988821,1.198496820279547,2.457490160074693,-1.8407666145999506,0.21741115939177202,37.04910687828745,37.14736591707466,36.72379312908767,14.0,0.0,36.0,-80.8,0.0,0.0,0.0,0.0,0.0,0.0,0.0,0.0,0.0,0.0
2026-06-10 20:00:02,2.4096080650307012,-1.8121780352390535,-1.3942453268828567,-0.6520735245600289,0.10886181126631733,0.06713152194843186,-0.030952763193127897,-2.8522654256127113,36.53257988570095,36.96886756797677,36.7108001162922,14.0,0.0,36.0,82.9,0.0,0.0,0.0,0.0,0.0,0.0,0.0,0.0,0.0,0.0
2026-06-10 20:00:03,-2.2447036311015705,1.1216415438075904,2.8926868157553987,-2.3964183864777064,-1.917234249048376,2.807067133859417,-1.2293129379243777,-1.2250526021741042,36.617446174036914,37.01728170726369,37.13367652847356,14.0,0.0,36.0,-100,0.0,0.0,0.0,0.0,0.0,0.0,0.0,0.0,0.0,0.0
2026-06-10 20:00:05,-2.094507117776449,0.1484676631562909,1.4704044892788328,-1.453065310320868,-1.2896427236757264,2.4859603603264704,1.1506457344181902,-1.3353013437563124,37.09606563841811,37.37511429713927,36.88722780544172,14.0,0.0,36.0,-40.0,0.0,0.0,0.0,0.0,0.0,0.0,0.0,0.0,0.0,0.0
2026-06-10 20:00:06,-0.7602713572038757,1.7926385677417036,2.3903808894125156,-0.2860337830383237,-1.0232102844841182,2.097944271872473,1.6479603254979338,2.621851155821937,36.54000850227344,36.90195831699489,37.29272780081284,14.0,0.0,36.0,-100,0.0,0.0,0.0,0.0,0.0,0.0,0.0,0.0,0.0,0.0
2026-06-10 20:00:07,1.2365111115292002,0.7483112186659415,-1.9162109372852743,-0.38919989269769495,1.5825175896840484,2.491054591186465,1.8915578505488337,-0.7004917636925554,36.58139561443173,37.14154899036554,36.71884386742196,14.0,0.0,36.0,32.4,0.0,0.0,0.0,0.0,0.0,0.0,0.0,0.0,0.0,0.0
2026-06-10 20:00:08,2.4167965630312898,-0.002737393889425288,-0.25059924539891343,-1.0715419454262889,2.128960813580373,2.807682849228202,2.9108573975034755,-0.4401121717035368,36.67355432160966,37.30181584099609,37.104480240402026,14.0,0.0,36.0,9.4,0.0,0.0,0.0,0.0,0.0,0.0,0.0,0.0,0.0,0.0
2026-06-10 20:00:09,2.894193787236328,-1.895104042915794,1.2506472329576708,-0.3749286926508666,2.405024705952643,0.10102857964210088,2.712059206957063,0.3677635267403496,36.84048072753506,37.187748142573234,37.25769998095442,14.0,0.0,36.0,18.1,0.0,0.0,0.0,0.0,0.0,0.0,0.0,0.0,0.0,0.0
2026-06-10 20:00:11,0.6209819684102169,0.02786440484682373,-0.5763829392845987,-0.05414533275778899,-2.374541344128809,-2.260248759396597,2.692843424655841,1.526786909754648,37.03713254409631,37.03924187970178,37.14359699532936,14.0,0.0,36.0,14.4,0.0,0.0,0.0,0.0,0.0,0.0,0.0,0.0,0.0,0.0
2026-06-10 20:00:12,1.803368874243529,-0.006092072595852649,-0.3704625627196747,2.5425334662750103,-2.4053729885277484,2.8005349180131525,-0.36526188200735943,-2.9168108150590104,36.6658556231743,37.33711872247042,37.122256279813065,14.0,0.0,36.0,11.0,0.0,0.0,0.0,0.0,0.0,0.0,0.0,0.0,0.0,0.0
2026-06-10 20:00:13,1.5452767062378179,0.5387968226096156,2.758802962177807,1.4335641752119024,-1.0386943865215148,1.981120524993008,-0.43543866415641297,-2.5284267933617013,36.95262669043034,37.25225113144508,37.270740967335456,14.0,0.0,36.0,-84.5,0.0,0.0,0.0,0.0,0.0,0.0,0.0,0.0,0.0,0.0
2026-06-10 20:00:14,1.0106040371913476,1.273227863871064,-1.3387892864079596,-1.9253313064633468,0.7704134185719114,0.777521300293031,1.4458704499344304,-0.7414724590999162,37.061261018626666,36.84186589124739,36.700673514238,14.0,0.0,36.0,2.8,0.0,0.0,0.0,0.0,0.0,0.0,0.0,0.0,0.0,0.0
2026-06-10 20:00:15,-0.3010948017441839,-0.3489648400864649,-2.361911325592071,-2.4378323277593443,-2.7179265254669085,-2.20243922526935,1.2499070577211553,-2.1309245326678203,36.96213127542972,37.1996734134164,37.07699151891932,14.0,0.0,36.0,69.6,0.0,0.0,0.0,0.0,0.0,0.0,0.0,0.0,0.0,0.0
2026-06-10 20:00:16,2.239337266590006,-2.8703187080247483,-0.9054064503411561,-0.6786658737814371,-1.4784004634641774,-0.450767000591048,-2.411234158341448,0.2870407556392003,36.96544799602323,36.92399752840959,37.06247500858863,14.0,0.0,36.0,96.2,0.0,0.0,0.0,0.0,0.0,0.0,0.0,0.0,0.0,0.0
2026-06-10 20:00:17,0.5327408869012067,-2.371706194388767,-0.7559106461834952,-2.7447980641524037,1.4743686847955484,0.6041326642694802,0.12608320390506833,1.1866277576847484,36.78166784166212,36.94905184370686,36.85658020105188,14.0,0.0,36.0,81.2,0.0,0.0,0.0,0.0,0.0,0.0,0.0,0.0,0.0,0.0
2026-06-10 20:00:19,-1.1104767366188522,-0.15428009989084046,0.964544679057945,1.5477943059300117,1.6615600341486525,-1.5981802104103515,-0.2366175431751465,2.8527923063970873,36.54243956091774,36.89765422203211,36.711748434174154,14.0,0.0,36.0,-21.9,0.0,0.0,0.0,0.0,0.0,0.0,0.0,0.0,0.0,0.0
2026-06-10 20:00:20,-2.4191564206167206,2.2438540233959188,2.7222271578945367,-1.2890569781744858,-2.8143688887782474,-2.5758431424931256,2.2364387922790456,-0.42303603511337684,37.0083140174096,36.87845870296194,37.11895525352576,14.0,0.0,36.0,-100,0.0,0.0,0.0,0.0,0.0,0.0,0.0,0.0,0.0,0.0
2026-06-10 20:00:21,0.9979488406998467,0.6118990596679454,1.0491742658572054,1.2110914758716271,0.08264734466518853,-0.36484297908420693,-1.1906694559840363,-2.2807142352909953,36.846078330178294,37.21248831409655,37.140602344539246,14.0,0.0,36.0,-43.7,0.0,0.0,0.0,0.0,0.0,0.0,0.0,0.0,0.0,0.0
2026-06-10 20:00:22,-2.5519449154357234,-0.011261821584771514,-0.05587426207264912,-0.07689150217540286,-2.3516379027667496,2.814701941706854,-2.549519449456901,1.3887302484366604,37.015838235998395,37.24114773529004,37.2385997585494,14.0,0.0,36.0,1.9,0.0,0.0,0.0,0.0,0.0,0.0,0.0,0.0,0.0,0.0
2026-06-10 20:00:24,2.1519599099596878,2.7249769965804376,-1.1472088741890345,-2.4919166009776,-0.9509169999589009,-2.3116568276586,1.329975356090424,0.5225089003874235,36.51694435717691,36.870180439781656,37.13541516443974,14.0,0.0,36.0,-41.3,0.0,0.0,0.0,0.0,0.0,0.0,0.0,0.0,0.0,0.0
2026-06-10 20:00:25,-2.47513928798878,-1.8334554772547873,-0.19834125357753862,2.422723497624009,-1.57363838529728,-0.8115375996792062,2.89574543027883,-1.6359205150474232,36.81381709469139,37.166441448797556,37.27472156099941,14.0,0.0,36.0,53.6,0.0,0.0,0.0,0.0,0.0,0.0,0.0,0.0,0.0,0.0
2026-06-10 20:00:26,1.3253281150698317,1.6341051901412245,0.9264974619816457,2.277508430045401,1.6018665574646933,-1.8127506718000541,1.2904363698818253,-2.459058104600744,36.656384739228045,37.193126181418876,36.82999555385389,14.0,0.0,36.0,-66.5,0.0,0.0,0.0,0.0,0.0,0.0,0.0,0.0,0.0,0.0
2026-06-10 20:00:27,0.9562476602085876,2.221430581647189,-0.8585310233544154,1.3186466647259723,2.9027402364372854,0.5420625040379443,0.11289767489870739,-1.3847942758731815,36.8661083358646,37.257016427796074,36.98017328194686,14.0,0.0,36.0,-34.9,0.0,0.0,0.0,0.0,0.0,0.0,0.0,0.0,0.0,0.0
2026-06-10 20:00:29,-1.323284282349463,-1.9162447306163044,2.901830687397114,-0.11383185572211385,0.6811512895456215,2.5821091939795355,1.2657339831640702,-1.1328813895469738,37.013518249973444,37.28904930369723,37.010015588748104,14.0,0.0,36.0,-23.6,0.0,0.0,0.0,0.0,0.0,0.0,0.0,0.0,0.0,0.0
2026-06-10 20:00:30,1.9644582495978629,2.2018775925278353,-1.7427886565126844,-2.3878094740638556,0.9050014871148315,-1.706034278215159,2.6580778819420967,-2.634491502175585,36.946295747409486,36.83587798923083,36.82936619670354,14.0,0.0,36.0,-11.4,0.0,0.0,0.0,0.0,0.0,0.0,0.0,0.0,0.0,0.0
2026-06-10 20:00:31,1.9694637269427027,-0.16364071058840501,1.9430789136615942,0.14906895670821907,2.5324220676724503,1.174039460661521,1.2241561756154669,-0.7025861216411124,36.66833656230106,37.26077276753106,37.28362225660904,14.0,0.0,36.0,-44.8,0.0,0.0,0.0,0.0,0.0,0.0,0.0,0.0,0.0,0.0
2026-06-10 20:00:32,-2.392749776934863,0.7826223617987385,1.262403593721146,1.0050534405660478,-2.8525692704989636,2.7243800005740146,-2.302804901570646,2.8522265029932914,36.52074826857968,37.18532172425192,37.286676663118165,14.0,0.0,36.0,-52.7,0.0,0.0,0.0,0.0,0.0,0.0,0.0,0.0,0.0,0.0
2026-06-10 20:00:34,-2.6605033568225287,-2.7959578369599543,-2.3208754401358185,-2.3341783066369572,-2.627876343194154,0.09345182948978081,1.7311511710623009,-0.032758128474111636,36.861435415549806,37.23913275418604,36.74954419043659,14.0,0.0,36.0,133.2,0.0,0.0,0.0,0.0,0.0,0.0,0.0,0.0,0.0,0.0
2026-06-10 20:00:35,-1.7356558670695839,2.6541672436601322,2.251423401684052,-0.3337981463151456,-1.1632045388985195,-2.555358617202133,-2.5659694540319125,2.601959023368882,36.701427634480424,36.9590002041822,37.2946224660879,14.0,0.0,36.0,-100,0.0,0.0,0.0,0.0,0.0,0.0,0.0,0.0,0.0,0.0
2026-06-10 20:00:36,-1.0934842981972888,1.3701993720138619,-1.7635984845979678,2.4128939957257565,1.9111819694450745,-0.41667633551178884,0.6127855589568592,-1.5854484057035827,36.88229932060061,36.81155515257406,36.88023738397207,14.0,0.0,36.0,10.3,0.0,0.0,0.0,0.0,0.0,0.0,0.0,0.0,0.0,0.0
2026-06-10 20:00:37,1.6640808944287677,-0.22506676126412462,-0.4388407716624956,0.31369271729803305,-0.5548697005697467,-2.9768892916355107,-2.5928520347298454,2.483219181236813,36.87887510251396,36.94574675535942,37.112045435691016,14.0,0.0,36.0,14.4,0.0,0.0,0.0,0.0,0.0,0.0,0.0,0.0,0.0,0.0
2026-06-10 20:00:38,-2.1022645151185384,-2.7109276462184226,0.38841042754436383,-0.1797885813751039,-2.7207408908000814,-2.748715650014817,-2.8656094337945355,-0.8860242787270245,37.05800591129532,37.22130636610842,37.178864667789725,14.0,0.0,36.0,57.2,0.0,0.0,0.0,0.0,0.0,0.0,0.0,0.0,0.0,0.0
2026-06-10 20:00:40,-1.3822120552162183,1.2831271776945439,-0.7109063633670902,2.515079339286868,-1.2785799994054292,-1.3219205212512433,-1.5985820748620192,1.5053414178937157,36.66318569378954,37.12835096486029,37.26937225753494,14.0,0.0,36.0,-16.3,0.0,0.0,0.0,0.0,0.0,0.0,0.0,0.0,0.0,0.0
2026-06-10 20:00:41,0.18403523964282087,1.4871162491817005,-2.959398761103251,2.439468774974687,-1.1302732975630758,2.374274456186817,-0.01587716733388067,-2.219269943527147,36.743868677896785,36.904490528614964,36.81573866774237,14.0,0.0,36.0,39.2,0.0,0.0,0.0,0.0,0.0,0.0,0.0,0.0,0.0,0.0
2026-06-10 20:00:42,-0.5637948695631394,-2.0043152168808342,1.7332934560533886,1.869984437154069,0.13624564198358158,-1.9606574974825797,0.24753958522690578,-2.329939004980837,36.770339311478764,36.89110036467766,36.97708248966927,14.0,0.0,36.0,6.2,0.0,0.0,0.0,0.0,0.0,0.0,0.0,0.0,0.0,0.0
2026-06-10 20:00:43,2.1955831502389724,2.382205617686421,-0.19363160699875337,-2.0141234867639346,2.183326197937828,-0.9836618643872592,-0.8425622641980839,-1.5267775355535886,36.783073683624636,36.812542785059456,37.17530776189179,14.0,0.0,36.0,-57.5,0.0,0.0,0.0,0.0,0.0,0.0,0.0,0.0,0.0,0.0
2026-06-10 20:00:44,-0.4542181857568215,-0.1970946627002652,1.8825737786694479,0.7452461090011848,-2.708451084329636,1.2952661318560654,-2.0337230852676074,-2.965182558164676,37.0010065585956,37.11561666120773,37.12872248972186,14.0,0.0,36.0,-44.0,0.0,0.0,0.0,0.0,0.0,0.0,0.0,0.0,0.0,0.0
2026-06-10 20:00:45,0.8565756596778407,-2.553224418071138,0.4900551490573295,-2.487723726012525,-0.3583719636405851,2.6221716936647956,-0.10727021662066205,0.9379733445454645,36.8470239533998,36.89712980615652,36.81110235303858,14.0,0.0,36.0,54.6,0.0,0.0,0.0,0.0,0.0,0.0,0.0,0.0,0.0,0.0
2026-06-10 20:00:46,-1.1230653271889313,-0.23850532130366897,-1.7983779710266283,-0.9768117047317708,-2.190799347087087,2.6218086147220214,-1.2218055030545547,2.645339271980103,36.88535985221578,36.89002394631828,36.94154025655359,14.0,0.0,36.0,53.4,0.0,0.0,0.0,0.0,0.0,0.0,0.0,0.0,0.0,0.0
2026-06-10 20:00:48,-2.773132110123713,-1.171525771743301,-0.33304504537389334,-0.6665511657115029,1.6908773109771147,0.5515142896548255,-2.0147732081196583,0.6621976845647533,37.035463208502314,37.34304768830521,36.79377928288633,14.0,0.0,36.0,38.2,0.0,0.0,0.0,0.0,0.0,0.0,0.0,0.0,0.0,0.0
2026-06-10 20:00:49,-2.11358883172306,-2.6770162763951513,-1.6345797355572387,0.7463043622647385,1.3457746810264908,-2.5939475396151392,-1.1472560673105932,-1.4168160734454878,36.740593569374965,36.87970756149499,36.96045611024437,14.0,0.0,36.0,109.6,0.0,0.0,0.0,0.0,0.0,0.0,0.0,0.0,0.0,0.0
2026-06-10 20:00:51,0.2584243257828218,-2.168750270998438,0.9653725128632016,1.5786117527815646,-2.91427378891722,-0.1234233329266834,0.8587049410612284,-2.137859722061865,36.6294674491316,37.02133658454195,37.236919958260216,14.0,0.0,36.0,31.5,0.0,0.0,0.0,0.0,0.0,0.0,0.0,0.0,0.0,0.0
2026-06-10 20:00:52,0.2665578263126607,1.129341118268007,-1.7977957833774787,-0.6572661765548959,-2.2902458632521943,-1.0697584558675932,1.0088358130552582,-1.95370414546153,36.726127701871846,37.05074492989344,36.73978212925971,14.0,0.0,36.0,17.3,0.0,0.0,0.0,0.0,0.0,0.0,0.0,0.0,0.0,0.0
2026-06-10 20:00:53,-1.9860173108680448,1.7042332977874315,2.7069732576819012,2.2888977507571537,1.1432634812200781,-1.1496133631221062,0.2528286894207339,0.073476200366835,36.58831878881226,37.07181131583254,37.25772081413417,14.0,0.0,36.0,-100,0.0,0.0,0.0,0.0,0.0,0.0,0.0,0.0,0.0,0.0
2026-06-10 20:00:54,0.49962108873073774,-0.3338679437510237,2.0147390289494878,0.7190148982587088,-2.2648451791085873,-1.047505324550625,-2.0716374385526652,-2.0386705096260602,36.92636598648578,37.195449176820766,37.1098502514665,14.0,0.0,36.0,-45.0,0.0,0.0,0.0,0.0,0.0,0.0,0.0,0.0,0.0,0.0
2026-06-10 20:00:55,0.00013076263666889076,1.4798855612828472,-2.298929995961881,-2.553249024437908,1.704674822479574,0.9003120603028072,-2.0732839966208587,-0.9399189933799659,36.610551697273564,37.00399190643216,37.03691218871819,14.0,0.0,36.0,20.6,0.0,0.0,0.0,0.0,0.0,0.0,0.0,0.0,0.0,0.0
2026-06-10 20:00:57,-1.3654985335791634,2.704121093063618,-1.53345760606647,-2.9759158077777226,2.4476491920132277,1.019422728300155,-2.891266095697376,2.707049562550216,36.532641166854816,37.13213201653031,37.23101698656224,14.0,0.0,36.0,-31.2,0.0,0.0,0.0,0.0,0.0,0.0,0.0,0.0,0.0,0.0
2026-06-10 20:00:58,-1.356066642446627,-0.30872127154164897,2.3838474133147303,0.44793730021789546,0.7022089666419484,-1.6695681381413605,0.08754716217481118,-2.2368902749660897,36.93011852780989,37.36954633586512,37.29045808412714,14.0,0.0,36.0,-54.4,0.0,0.0,0.0,0.0,0.0,0.0,0.0,0.0,0.0,0.0
2026-06-10 20:00:59,-1.47884270353405,-1.4621500880809337,2.5837070430203193,0.8703347039792355,2.1084261863459393,1.1254043442438242,-0.5468673594551174,-1.758824342016103,36.7847373559225,37.22238497319814,37.29380594598025,14.0,0.0,36.0,-28.7,0.0,0.0,0.0,0.0,0.0,0.0,0.0,0.0,0.0,0.0
2026-06-10 20:01:00,-0.8342121208114386,-2.71358379488717,2.8311285017966323,-2.628261277271039,-0.6495199021683171,2.059472658254567,-0.4441526507389968,2.296620490929267,36.53187608317324,37.346064499527245,36.88592243448466,14.0,0.0,36.0,-2.2,0.0,0.0,0.0,0.0,0.0,0.0,0.0,0.0,0.0,0.0
2026-06-10 20:01:02,1.9883413808857133,1.668952578815464,2.826266740548835,0.7127392226582714,0.6120736168194796,0.3221020854586385,-2.7994051863079887,1.3974660868572757,37.00864510222289,37.04497213054399,37.051663773075816,14.0,0.0,36.0,-100,0.0,0.0,0.0,0.0,0.0,0.0,0.0,0.0,0.0,0.0
2026-06-10 20:01:03,-2.550998361706963,2.6095478514043666,-0.3098736760424563,-1.6783222961118232,-0.1276960219658485,-1.8703340941682631,-1.0656410239229226,-0.04347487903955116,36.64818345832827,37.182745996706025,36.72425296980145,14.0,0.0,36.0,-60.9,0.0,0.0,0.0,0.0,0.0,0.0,0.0,0.0,0.0,0.0
2026-06-10 20:01:04,-1.4017925707406325,1.970395833382975,-0.9339058715984612,-0.5513366965772035,0.9927696504505814,1.8710840294925042,-2.631121799764422,-0.5672785168873311,36.71541945959138,37.011077990857636,36.80268266606475,14.0,0.0,36.0,-27.2,0.0,0.0,0.0,0.0,0.0,0.0,0.0,0.0,0.0,0.0
2026-06-10 20:01:05,-1.0373322172927626,1.8493282685468095,-1.710082130148104,-1.8975530599723727,0.21464166347971458,-2.3859644330098653,-2.894803453016433,-2.5033438287585685,36.84992549053997,37.226730021474594,36.89201506265396,14.0,0.0,36.0,-6.2,0.0,0.0,0.0,0.0,0.0,0.0,0.0,0.0,0.0,0.0
2026-06-10 20:01:06,-1.209673293003425,-2.6885936332275437,-2.2413517510917575,0.3869926663149341,-1.284755476369733,2.311593502300668,1.5463719828637084,2.4065117479215115,36.91989441790348,37.38183539643519,36.852634171027994,14.0,0.0,36.0,129.4,0.0,0.0,0.0,0.0,0.0,0.0,0.0,0.0,0.0,0.0
2026-06-10 20:01:07,1.0809342252237233,0.816306745643355,-0.5881056388391115,1.4652079655723105,-1.3141814809126635,0.8232260028637621,1.0308485025425442,-1.4188625925330736,37.025679476555844,37.12583167315024,37.16523345431519,14.0,0.0,36.0,-5.0,0.0,0.0,0.0,0.0,0.0,0.0,0.0,0.0,0.0,0.0
2026-06-10 20:01:08,-1.5571455043765405,0.5597940588516424,-1.8828051881236358,1.9366133037285342,-0.25014915642914826,-1.240788133529068,2.003425439736371,2.5825998980244087,36.90614704987177,37.19856526996304,37.17506786797873,14.0,0.0,36.0,34.6,0.0,0.0,0.0,0.0,0.0,0.0,0.0,0.0,0.0,0.0
2026-06-10 20:01:10,0.4009530723032988,-1.3370224776526018,-1.8439032179021528,-0.34978155135529043,-1.1945153150678336,1.8809361645087854,2.4009515802164714,-0.3514872780110436,36.529374713543675,37.09999373837236,36.9906166220105,14.0,0.0,36.0,84.4,0.0,0.0,0.0,0.0,0.0,0.0,0.0,0.0,0.0,0.0
2026-06-10 20:01:11,-1.707570667389953,-1.0606170544996163,0.6851406733197067,2.8596217503310886,0.08346308724827445,-2.9879970653891497,0.24641458032479369,2.1305713317576096,36.87381260095059,36.832555538313564,36.75836811419072,14.0,0.0,36.0,8.3,0.0,0.0,0.0,0.0,0.0,0.0,0.0,0.0,0.0,0.0
2026-06-10 20:01:12,2.932144857466806,-2.7621275331295188,1.728959013859333,1.8713458555952158,2.4760826569348193,1.608601091510904,-1.1873909572588606,1.2117806814841652,36.864736224588555,36.900666080990185,36.70066561648003,14.0,0.0,36.0,26.9,0.0,0.0,0.0,0.0,0.0,0.0,0.0,0.0,0.0,0.0
2026-06-10 20:01:13,0.3191697806752005,-2.354081814879437,0.07055242828237329,1.4047323129304914,-1.8066479201773065,1.541537166141116,0.9611710235760151,-1.699213455070382,36.59299893607622,37.02199229750758,37.1178581703939,14.0,0.0,36.0,60.3,0.0,0.0,0.0,0.0,0.0,0.0,0.0,0.0,0.0,0.0
2026-06-10 20:01:14,2.092631544210409,1.0928343549774855,-1.2156408093085438,-1.7854039086442755,-2.661566688576321,2.8519921217247095,1.795747929000651,2.8527453126896054,36.95269902838229,36.87957178594663,37.20005289959283,14.0,0.0,36.0,5.5,0.0,0.0,0.0,0.0,0.0,0.0,0.0,0.0,0.0,0.0
2026-06-10 20:01:15,-2.9236747950721695,-2.4453155255178727,-2.5514269855566463,2.351313311968279,1.3057570310324715,-2.2034524310329866,2.049563401235485,0.0722628042561162,36.799265866445296,36.813083302067696,36.97113697474109,14.0,0.0,36.0,129.1,0.0,0.0,0.0,0.0,0.0,0.0,0.0,0.0,0.0,0.0
2026-06-10 20:01:17,-2.3865623515572665,2.947594342396185,-0.09802600000453188,-0.06457905847825973,0.8280093519110516,-1.7006333002537257,0.02565342020054162,2.8092067351148327,36.9735928552428,36.92808444890976,37.18764920391601,14.0,0.0,36.0,-74.5,0.0,0.0,0.0,0.0,0.0,0.0,0.0,0.0,0.0,0.0
2026-06-10 20:01:18,0.9848777242559974,-1.7157278192748573,-2.884571543576099,1.4013718482739783,-1.4562674712055708,2.0800809262093143,1.9837262727573162,1.8355008114191094,36.644381794293345,36.858694088563944,36.99721949023375,14.0,0.0,36.0,121.0,0.0,0.0,0.0,0.0,0.0,0.0,0.0,0.0,0.0,0.0
2026-06-10 20:01:19,1.1483990465301854,-0.9545438380724232,-1.1500322692747795,1.4465036156819568,0.10672311797561296,-2.26425910310896,0.9554911753989916,-0.5864836291774189,36.96427885230154,37.121009621596755,37.0435120986898,14.0,0.0,36.0,53.8,0.0,0.0,0.0,0.0,0.0,0.0,0.0,0.0,0.0,0.0
2026-06-10 20:01:20,-1.0848035074802493,-1.4725181308765858,0.48317428144996466,2.3711634713948104,2.310652762363917,-0.7710761979439416,0.25950509461038074,-0.7020211126056513,36.955476423598284,37.312258711218945,37.23660711498063,14.0,0.0,36.0,25.3,0.0,0.0,0.0,0.0,0.0,0.0,0.0,0.0,0.0,0.0
2026-06-10 20:01:22,1.2534190869089654,0.628278480739755,0.6024212595565368,-2.237525533649293,1.578467220394307,2.7162975141609085,-1.815072183222719,0.03254932354686346,36.62828908678723,37.29140409579606,37.1414450921478,14.0,0.0,36.0,-31.4,0.0,0.0,0.0,0.0,0.0,0.0,0.0,0.0,0.0,0.0
2026-06-10 20:01:23,-2.4314456889722447,0.30670625290680453,-1.2374309151850968,2.165231955804151,-0.6666278789641442,1.185028822093071,-2.456476985010397,-1.8397815384031087,36.84300658948662,37.04217246771341,36.70215626553343,14.0,0.0,36.0,23.4,0.0,0.0,0.0,0.0,0.0,0.0,0.0,0.0,0.0,0.0
2026-06-10 20:01:24,2.933974794618539,1.6942449192794413,-0.06289240939922003,-1.5668614119294038,-0.45349922545419474,0.7051866401661808,2.7290953742754986,0.5932232437807134,36.94326654869264,36.93307620470435,36.700765060564414,14.0,0.0,36.0,-40.5,0.0,0.0,0.0,0.0,0.0,0.0,0.0,0.0,0.0,0.0
2026-06-10 20:01:25,-1.2269438003327569,2.9776973607670127,-2.7460542252620534,2.3063736062645983,1.3248241996424133,0.496887014339527,2.492380408077497,-1.6508818084856225,36.915935464382585,36.958360030075305,36.96928086597059,14.0,0.0,36.0,-4.5,0.0,0.0,0.0,0.0,0.0,0.0,0.0,0.0,0.0,0.0
2026-06-10 20:01:26,-1.981002853825666,0.9084007228591036,2.5676285218524413,-0.5563730955836679,2.5683370040169278,2.3601276872121826,2.293954667376285,-0.07649802829857855,36.64149462244091,36.99681613707367,36.955785192381285,14.0,0.0,36.0,-87.6,0.0,0.0,0.0,0.0,0.0,0.0,0.0,0.0,0.0,0.0
2026-06-10 20:01:27,-1.2083501769634437,0.39627455663433686,-1.1913085385662567,1.895717047715948,-1.8592552787599619,1.2877693603189595,-2.0651845081645455,-0.005828833095851138,36.536880458905884,36.833256359852115,36.71052818584352,14.0,0.0,36.0,20.2,0.0,0.0,0.0,0.0,0.0,0.0,0.0,0.0,0.0,0.0
2026-06-10 20:01:28,-1.1421347936721682,2.848552878580061,1.070642659804803,1.4549676312211322,-0.6699584414631907,-2.9645223836815067,-1.6390446062075383,-1.6604359488553795,36.61908253060508,37.08356586325013,36.97376426370462,14.0,0.0,36.0,-100,0.0,0.0,0.0,0.0,0.0,0.0,0.0,0.0,0.0,0.0
2026-06-10 20:01:30,2.3891034394949653,-2.6981487326218643,-0.7990155620891919,-2.5335730529568767,1.3511013768748743,0.4840670508214977,-0.5444633299317418,-0.14868181302793282,36.840525733784396,37.17703426942206,36.89480182912521,14.0,0.0,36.0,90.4,0.0,0.0,0.0,0.0,0.0,0.0,0.0,0.0,0.0,0.0
2026-06-10 20:01:31,0.9305350664183125,-1.5343729060224367,-0.07689779676959008,2.1881534266998486,-2.0884797507770894,2.8024441087135266,-0.9700402715934517,-1.6257688067630074,37.012944920907195,37.38671861730214,37.237380762405714,14.0,0.0,36.0,42.6,0.0,0.0,0.0,0.0,0.0,0.0,0.0,0.0,0.0,0.0
2026-06-10 20:01:32,1.2053144461907515,-0.49168164734457864,-2.652943907929627,0.730492608576065,2.9167660189573006,-0.692986623417938,1.0621026382217993,2.2270522746807666,36.68991989912901,36.809421984969504,37.001326585148064,14.0,0.0,36.0,81.5,0.0,0.0,0.0,0.0,0.0,0.0,0.0,0.0,0.0,0.0
2026-06-10 20:01:33,2.0315618444670873,0.7655636289333985,2.3268114076117756,-0.03814183331515375,0.5044372951393443,-2.7422880963628224,-1.441929830376514,1.219358987424119,37.010235307739215,37.09328124178331,37.0700145814395,14.0,0.0,36.0,-82.1,0.0,0.0,0.0,0.0,0.0,0.0,0.0,0.0,0.0,0.0
2026-06-10 20:01:34,2.7192645681708214,2.5306697304172054,-2.9980776135604543,-1.8456205108572226,0.7256442327526003,-2.645537608274301,0.09687374382603231,-1.9838543466573617,36.61004582671235,37.1544154996741,36.82606616488388,14.0,0.0,36.0,10.8,0.0,0.0,0.0,0.0,0.0,0.0,0.0,0.0,0.0,0.0
2026-06-10 20:01:35,1.16690606534383,1.988886032372669,2.69441565168521,-0.07427970239998238,1.1866812886190257,1.5329274544589442,2.4354666512488334,2.555317881312802,36.920678108724644,36.80642693993428,37.02709189371736,14.0,0.0,36.0,-100,0.0,0.0,0.0,0.0,0.0,0.0,0.0,0.0,0.0,0.0
2026-06-10 20:01:36,1.0071895468794159,-1.7197604908960167,-2.843266836216612,-2.9336388434949012,-1.4632836954499333,-1.1060316083107389,0.9205342198580917,-0.3988597828180751,36.79877269579776,36.931516041308086,37.15112816488814,14.0,0.0,36.0,117.9,0.0,0.0,0.0,0.0,0.0,0.0,0.0,0.0,0.0,0.0
2026-06-10 20:01:38,1.2551697577388055,-1.2104794340049263,-2.0208567939141027,-2.0317166737313075,-0.6623115050415675,-1.5427028025760052,-2.1981715875929493,-0.7291471004731624,36.631417162419005,37.03200060243692,37.09772067020642,14.0,0.0,36.0,81.7,0.0,0.0,0.0,0.0,0.0,0.0,0.0,0.0,0.0,0.0
2026-06-10 20:01:39,2.7932075547930957,-2.245999305530214,-1.000196289087711,-2.123396686820377,-2.8924949377133284,-0.009863122494357057,2.2060796397515405,-2.5774121356872586,36.55404356207614,37.169950059710374,36.978877737640985,14.0,0.0,36.0,85.0,0.0,0.0,0.0,0.0,0.0,0.0,0.0,0.0,0.0,0.0
2026-06-10 20:01:41,2.0183299245080546,2.171416003981186,0.7418104929247447,-0.33384378072784493,0.31791878307021415,-2.381672910335916,1.8297060166073962,2.0143468689555046,36.84898120141892,37.10837412996034,37.070978782541694,14.0,0.0,36.0,-75.6,0.0,0.0,0.0,0.0,0.0,0.0,0.0,0.0,0.0,0.0
2026-06-10 20:01:42,2.037014038952182,-1.1713045399741968,2.7679684175399677,2.412114161968555,-2.3901639352666573,-0.9912033124250823,-0.11071314180864178,1.9360120921547015,37.06105381062924,37.19240912458162,37.28787248681233,14.0,0.0,36.0,-41.8,0.0,0.0,0.0,0.0,0.0,0.0,0.0,0.0,0.0,0.0
2026-06-10 20:01:43,1.5291549223566072,2.8715960718651026,-2.6859174807368547,0.7570793159234963,0.8258110256630813,0.694849237729946,0.5323976869167328,-1.573940831995735,36.88071625552062,36.84167988206415,37.117555730668926,14.0,0.0,36.0,-4.2,0.0,0.0,0.0,0.0,0.0,0.0,0.0,0.0,0.0,0.0
2026-06-10 20:01:44,-2.416396092266214,0.11871238307197096,-0.4644103921702505,-2.1316626328737764,0.8486412277658353,-0.40262091027921976,-0.28098502814151205,1.1293158843084106,36.51342215597745,37.27322315893257,36.814153599023584,14.0,0.0,36.0,8.6,0.0,0.0,0.0,0.0,0.0,0.0,0.0,0.0,0.0,0.0
2026-06-10 20:01:46,2.008567021760191,-2.9262553919714476,-0.8197029161339073,2.6524703898773225,-2.95471750881847,-0.19216086244188535,-2.1837025047811975,2.2176098379011666,36.714820232153215,37.16295118151577,37.239858697658605,14.0,0.0,36.0,95.7,0.0,0.0,0.0,0.0,0.0,0.0,0.0,0.0,0.0,0.0
2026-06-10 20:01:47,1.60628374291276,-1.9468660535949045,0.662126267373873,0.1399217066710805,-2.4450961956265127,-2.741725932011459,1.7046874946700568,-2.559154010963106,36.813580163982884,36.981772222830934,37.13422378644671,14.0,0.0,36.0,32.7,0.0,0.0,0.0,0.0,0.0,0.0,0.0,0.0,0.0,0.0
2026-06-10 20:01:48,2.9752202282416516,-2.9917261688922645,2.59683127466211,0.23409178774805506,0.20844779857416018,1.9639130896486297,-0.8204828692018435,-0.9089632295465631,36.855717370435556,36.80138372642847,36.84052442862288,14.0,0.0,36.0,10.8,0.0,0.0,0.0,0.0,0.0,0.0,0.0,0.0,0.0,0.0
2026-06-10 20:01:50,-0.6845820992261853,0.4635966516087917,-0.9976023058836394,1.9677244723877854,2.440633406283707,-2.1824800710812546,0.7547342475979315,0.6697894544297647,36.99935662573465,37.15277786613363,36.8732875560253,14.0,0.0,36.0,13.1,0.0,0.0,0.0,0.0,0.0,0.0,0.0,0.0,0.0,0.0
2026-06-10 20:01:51,1.5380793845154948,2.583381432316922,1.8648211518483464,0.1727287750480606,-1.9346845089530043,2.7237141427941767,-1.2810196797436288,0.5945962600682071,36.58838167181903,36.93875394470926,37.21183701846341,14.0,0.0,36.0,-100,0.0,0.0,0.0,0.0,0.0,0.0,0.0,0.0,0.0,0.0
2026-06-10 20:01:52,-2.53307214528835,-0.025026271069243045,-0.3073781134321578,-1.8985818352838888,-0.13343271584852,1.164316753213952,2.919009870467095,1.0690433649620559,36.69465656195973,36.90922612614395,36.763974908493836,14.0,0.0,36.0,10.6,0.0,0.0,0.0,0.0,0.0,0.0,0.0,0.0,0.0,0.0
2026-06-10 20:01:53,-1.1899394881847016,-2.3795453575967676,-1.8142797561535335,-1.014739592041985,2.3398612696917986,-0.05477339580227847,-1.6681456175103966,1.1107126249326704,37.02051731260647,37.289815269368326,37.13729306269495,14.0,0.0,36.0,107.6,0.0,0.0,0.0,0.0,0.0,0.0,0.0,0.0,0.0,0.0
2026-06-10 20:01:54,-2.571375780724871,-2.822769867063241,-2.2542516464092888,-0.6138604370433267,2.5771541168175176,0.1971715218778778,1.485950702550416,-2.5673467863381862,36.914932667374195,37.12771715452518,36.75546134217585,14.0,0.0,36.0,132.1,0.0,0.0,0.0,0.0,0.0,0.0,0.0,0.0,0.0,0.0
2026-06-10 20:01:56,0.22604946278558913,1.1835188882642118,-1.9160093272331886,-1.4668804661360453,1.7761741120722876,-1.2658842866394724,1.508210491041611,0.8912894264020137,36.73716159852875,37.01375042070269,36.79005883766699,14.0,0.0,36.0,19.1,0.0,0.0,0.0,0.0,0.0,0.0,0.0,0.0,0.0,0.0
2026-06-10 20:01:57,-1.4833576393708447,1.0485792269895668,-0.3948030241142684,-2.8291982688870947,-0.13104410243078046,-0.3580941219241405,-2.848060620631961,-2.5313811775352355,36.97367717922998,37.10631096025485,37.284123710603176,14.0,0.0,36.0,-18.5,0.0,0.0,0.0,0.0,0.0,0.0,0.0,0.0,0.0,0.0
2026-06-10 20:01:59,-1.3804136751119847,-2.2677457230232347,-2.860091297065935,1.1111187304169219,0.5177938194316196,-1.5968683019722474,-0.3479529082546038,1.103131637975813,36.57808136461058,36.91731325587826,37.01636934939122,14.0,0.0,36.0,131.6,0.0,0.0,0.0,0.0,0.0,0.0,0.0,0.0,0.0,0.0
2026-06-10 20:02:00,2.1358339764251584,1.5585805784040536,-0.9946769432942428,-2.427235620201221,2.0468860545541094,2.582405572112865,0.15248768823297087,-2.387402974267542,36.66302876016352,36.81826459915542,36.8550044714905,14.0,0.0,36.0,-13.2,0.0,0.0,0.0,0.0,0.0,0.0,0.0,0.0,0.0,0.0
2026-06-10 20:02:01,-1.7011858930484416,-0.13075389196856202,-1.5461639755466519,2.3350426733155567,-1.0555967951132617,-0.04184586499172038,2.793873629601558,-0.5726950192824845,36.51859184886214,36.84728430453367,36.86197969431798,14.0,0.0,36.0,44.7,0.0,0.0,0.0,0.0,0.0,0.0,0.0,0.0,0.0,0.0
2026-06-10 20:02:02,-0.049120796369974684,-1.9355479486179388,1.197213321102395,-0.9463846106078764,0.13551788717621172,-1.0345406953172114,2.7751666470361718,0.32447744973194226,36.75970615153859,37.05476467347722,37.24680255098128,14.0,0.0,36.0,20.0,0.0,0.0,0.0,0.0,0.0,0.0,0.0,0.0,0.0,0.0
2026-06-10 20:02:03,-2.2718796738378315,-1.4183356401746898,-1.7478337855077455,-0.37752840296166124,0.2618164026018093,2.0468557479110725,-2.9948696183487726,1.9195375960886985,37.05436717850701,37.21475212953726,37.07984853264337,14.0,0.0,36.0,81.4,0.0,0.0,0.0,0.0,0.0,0.0,0.0,0.0,0.0,0.0
2026-06-10 20:02:04,1.389649234257618,1.9312752943906961,2.6391249055523778,-2.780522166642264,-2.197057587167302,-1.4361633945549965,1.8208539917316937,0.47470758693065296,36.554974971314564,37.23328202733446,36.953345132629416,14.0,0.0,36.0,-100,0.0,0.0,0.0,0.0,0.0,0.0,0.0,0.0,0.0,0.0
2026-06-10 20:02:05,-0.3458238743224733,1.2105708681384613,1.3550435086870891,0.062423273674490076,-2.601503400322538,2.056395962977091,-0.460955645738375,0.8713360174022116,36.99000395038552,37.13640927436143,36.88957974548021,14.0,0.0,36.0,-65.5,0.0,0.0,0.0,0.0,0.0,0.0,0.0,0.0,0.0,0.0
2026-06-10 20:02:06,-2.45901347166289,1.9674960485328228,-1.5029116728232543,1.6012117751799453,-1.6711090613230524,-2.780933272239894,-0.9530704356647051,0.9571792339359391,36.81272355118727,37.39723462310525,36.709425504095805,14.0,0.0,36.0,-13.9,0.0,0.0,0.0,0.0,0.0,0.0,0.0,0.0,0.0,0.0
2026-06-10 20:02:07,2.398253040654949,1.8797186191067015,2.7277711365725468,0.7400014684716574,-2.7497788008633473,1.627062103142153,-1.1080865293970028,-0.45762784351683194,36.93574966822622,36.854463086455596,36.991752017431075,14.0,0.0,36.0,-100,0.0,0.0,0.0,0.0,0.0,0.0,0.0,0.0,0.0,0.0
2026-06-10 20:02:09,-0.4007370564602648,2.0751404230841075,0.15370052993201533,2.043355573867121,1.1603161167690041,0.17896830052892643,1.6160312259516711,0.8828475303558809,36.56812329963166,37.283070642218206,37.007143566830166,14.0,0.0,36.0,-56.7,0.0,0.0,0.0,0.0,0.0,0.0,0.0,0.0,0.0,0.0
2026-06-10 20:02:10,2.810380662465011,-2.5617029800820497,-2.7026824142885095,1.2402002894928366,-2.0777715961265937,2.0387374796525357,-0.9672972173258003,-1.9171658926299318,37.051590563594615,37.17497613563038,37.159216338906006,14.0,0.0,36.0,136.7,0.0,0.0,0.0,0.0,0.0,0.0,0.0,0.0,0.0,0.0
2026-06-10 20:02:11,2.1673014216199036,0.4366322127346898,0.5124204627170172,-2.247479739163715,-2.3521701955198315,-2.7367159454314383,2.1682516172057795,-0.9030265948626761,36.59797924133954,36.93455655199145,36.81169215897804,14.0,0.0,36.0,-24.8,0.0,0.0,0.0,0.0,0.0,0.0,0.0,0.0,0.0,0.0
2026-06-10 20:02:12,-2.6072602028425003,-0.20163847156367876,-2.704023505731883,0.14490710442489707,1.5693104454800126,2.7057554866500695,1.705286892540979,0.0648222186225147,36.59663833395459,36.84350944706776,36.70140015237099,14.0,0.0,36.0,77.3,0.0,0.0,0.0,0.0,0.0,0.0,0.0,0.0,0.0,0.0
2026-06-10 20:02:13,-0.16324650759997006,-1.3416161062491232,-0.7584700324414317,-0.1434863125955137,-1.9051134805705625,-2.0374320079894135,0.014543812343257745,2.456478851882067,36.936458245051234,37.084515489462994,36.91155906382188,14.0,0.0,36.0,53.3,0.0,0.0,0.0,0.0,0.0,0.0,0.0,0.0,0.0,0.0
2026-06-10 20:02:15,1.3415341866945631,1.8472314894137174,2.3868926441116383,-2.377581122330509,1.7652651960933428,2.2410715266630916,1.122908497198643,2.1540220405307577,36.87805155312256,37.37176098124157,37.03120214104576,14.0,0.0,36.0,-100,0.0,0.0,0.0,0.0,0.0,0.0,0.0,0.0,0.0,0.0
2026-06-10 20:02:16,1.080297459692141,-2.4199271899357795,2.251832704686473,0.5944636443668667,-0.547901186068144,0.9749170933320936,-0.6079773870445866,-0.4809377469243512,36.65113006774439,37.02286255368252,36.729129578455414,14.0,0.0,36.0,4.5,0.0,0.0,0.0,0.0,0.0,0.0,0.0,0.0,0.0,0.0
2026-06-10 20:02:17,1.8038363013542806,1.7397701117859086,2.6968662050683125,-1.1680650158091923,2.8817525761277807,-1.6696611426249117,-2.439499709232541,2.104607369788467,36.897434060201164,36.840980579054,37.0879504255836,14.0,0.0,36.0,-100,0.0,0.0,0.0,0.0,0.0,0.0,0.0,0.0,0.0,0.0
2026-06-10 20:02:19,-2.386146951368702,-1.7125172544584932,-1.8003942727704556,-2.7176061171565467,2.6079617915046054,0.39402125840270275,-0.5432634836407386,2.8990481204241805,36.82051897408239,37.02085228674303,37.27504144373514,14.0,0.0,36.0,90.8,0.0,0.0,0.0,0.0,0.0,0.0,0.0,0.0,0.0,0.0
2026-06-10 20:02:20,2.0696817066261675,-2.0320255291499905,-0.06148090993916089,-0.5929207036543982,-2.6176976856130176,1.1718334161486519,-1.054670491804033,-1.8133808338901356,36.94436868865585,36.881389217959274,36.937288185668244,14.0,0.0,36.0,54.2,0.0,0.0,0.0,0.0,0.0,0.0,0.0,0.0,0.0,0.0
2026-06-10 20:02:22,-1.929612163164305,0.8026574496520684,-1.037380320112466,0.3158051328494995,-2.981773434251766,-2.6745746866699145,-1.9606532853298717,-2.531217013799998,36.673309495043924,36.82797875998489,36.716116923273546,14.0,0.0,36.0,3.8,0.0,0.0,0.0,0.0,0.0,0.0,0.0,0.0,0.0,0.0
2026-06-10 20:02:23,0.8130605076578581,-0.276725913908102,2.2534264646617315,-1.9420721277731088,1.0866756105517785,-1.5695235739338553,-2.6161046335791784,-0.38328090430130946,36.920172845852676,36.93841837502956,37.00944679535704,14.0,0.0,36.0,-53.2,0.0,0.0,0.0,0.0,0.0,0.0,0.0,0.0,0.0,0.0
2026-06-10 20:02:24,-1.82206599701933,0.05728920487789546,0.34657832219293017,-1.8076474196691654,-0.0928946250233409,-0.4890383047002089,0.9976449959419917,0.8009966058769105,37.03897485449229,37.112523344455305,36.733777769599726,14.0,0.0,36.0,-10.2,0.0,0.0,0.0,0.0,0.0,0.0,0.0,0.0,0.0,0.0
2026-06-10 20:02:25,2.278690004878353,-1.4044710744722795,-0.4869142815381471,-1.3672184236424616,2.825313185566376,1.3658467425516303,-1.7443818021786293,-0.4396761825352087,37.01390227303328,37.141134405889986,37.14706557128434,14.0,0.0,36.0,48.7,0.0,0.0,0.0,0.0,0.0,0.0,0.0,0.0,0.0,0.0
2026-06-10 20:02:26,-1.2838209543573351,0.03925807945735471,1.4665713657699389,-1.1756154895361828,-0.48521345913352354,0.7503247804831621,2.0489317312782465,-2.9390469982404133,36.66606047928552,37.03465609608849,37.14566575215209,14.0,0.0,36.0,-37.5,0.0,0.0,0.0,0.0,0.0,0.0,0.0,0.0,0.0,0.0
2026-06-10 20:02:27,2.279653262168745,0.5493510520102034,1.4168985533328282,-1.9662330035710633,2.5322668546534093,-2.6844558486388403,1.6627766026508253,2.247594486202839,36.78353902195555,36.935730992356305,37.15395788528416,14.0,0.0,36.0,-51.4,0.0,0.0,0.0,0.0,0.0,0.0,0.0,0.0,0.0,0.0
2026-06-10 20:02:28,-2.19923363505191,1.7287763883821796,-2.427743024024235,1.133723589963398,2.6120205868148325,-2.3047900145202753,-0.9588768532982268,0.11765401148658228,36.98189155975407,37.22907273371135,36.93177697875379,14.0,0.0,36.0,16.4,0.0,0.0,0.0,0.0,0.0,0.0,0.0,0.0,0.0,0.0
2026-06-10 20:02:29,0.6140887391015086,0.4909077224352494,-1.6942074073316793,-2.1791828168784275,-0.20276094851854953,-2.6982682270260527,0.6990516234032196,0.7459132497202683,36.69543943199983,37.2511116541834,36.87495066424832,14.0,0.0,36.0,30.1,0.0,0.0,0.0,0.0,0.0,0.0,0.0,0.0,0.0,0.0
2026-06-10 20:02:31,1.8660812886885498,-1.4244505684806879,0.21168483278186256,2.3701720264064203,2.07142650548014,-1.1192599772194123,0.7219749260283841,-0.8226760266340492,36.610684736503366,37.39090400113938,37.18523300852147,14.0,0.0,36.0,31.2,0.0,0.0,0.0,0.0,0.0,0.0,0.0,0.0,0.0,0.0
2026-06-10 20:02:32,-0.891089733487537,-0.4453382700740951,-2.751064191545007,0.7983317788974862,-1.7046866153849625,-1.6423399982963447,-2.015636586895691,2.384325265806556,36.52247444461969,37.23817760225674,36.79208153741331,14.0,0.0,36.0,80.8,0.0,0.0,0.0,0.0,0.0,0.0,0.0,0.0,0.0,0.0
2026-06-10 20:02:33,-0.1853959620846677,2.73311726396034,-2.2637564619379047,0.5202726975443666,1.0744491757189776,2.395843731721211,0.7939462702749749,1.7811284598383716,37.002997568809164,36.84627641638315,37.117994234555844,14.0,0.0,36.0,-10.5,0.0,0.0,0.0,0.0,0.0,0.0,0.0,0.0,0.0,0.0
2026-06-10 20:02:34,1.0965560372041772,-2.3755951852265276,-1.9124366489457587,-0.303699981955293,-0.7608644287020061,-1.6073594871108894,0.30695556383152534,-0.49982986131142493,36.972819901844794,36.903013926195996,36.75393810624116,14.0,0.0,36.0,110.2,0.0,0.0,0.0,0.0,0.0,0.0,0.0,0.0,0.0,0.0
2026-06-10 20:02:36,0.7078589410857106,-2.5991863241418205,1.4586754520323568,2.346154057622745,-1.0583997364105937,0.9551889464353529,0.8052610118503303,1.6560733662324925,36.56769051019302,37.28833485254501,36.93597102754905,14.0,0.0,36.0,30.4,0.0,0.0,0.0,0.0,0.0,0.0,0.0,0.0,0.0,0.0
2026-06-10 20:02:37,2.077598279341248,0.8802171309345073,2.2955782975124945,-1.3877141184205777,-0.6195322947428523,2.1729943460710937,2.663304801753913,2.7924250986150376,36.69509046649271,37.18506533524099,36.72419936360407,14.0,0.0,36.0,-79.7,0.0,0.0,0.0,0.0,0.0,0.0,0.0,0.0,0.0,0.0
2026-06-10 20:02:39,1.519043174631033,-2.778609919377488,1.3221568048069727,-2.8476166094541737,-1.027972032084398,-1.405114218502685,2.639833164937099,0.18518716580883643,37.037298569917255,36.957840670963655,36.73523787581103,14.0,0.0,36.0,38.3,0.0,0.0,0.0,0.0,0.0,0.0,0.0,0.0,0.0,0.0
2026-06-10 20:02:40,-2.5155856965549805,-1.7352583449417534,1.968523017733177,1.9736378812091049,-0.6235680498444092,2.199866202695242,-1.8169817003241178,-0.4932587607850647,36.546133428736454,36.97076120601707,37.0661170002111,14.0,0.0,36.0,-5.8,0.0,0.0,0.0,0.0,0.0,0.0,0.0,0.0,0.0,0.0
2026-06-10 20:02:41,2.615686590436156,-0.7107175070325322,2.53728835643338,2.0464565358410827,-1.5589475765154568,-1.7127406489044743,0.9182674234718515,-2.568397978303175,36.60574279754378,36.97132072670573,36.7493825486188,14.0,0.0,36.0,-47.6,0.0,0.0,0.0,0.0,0.0,0.0,0.0,0.0,0.0,0.0
2026-06-10 20:02:42,-1.3614094790713192,-2.2664420976214057,-2.060222446989882,0.8836131634775946,-0.2708527702950225,-1.3255016214933568,-2.3926486785661174,-1.9741072090999834,37.096505895968136,37.21709824795464,37.12654437035466,14.0,0.0,36.0,110.0,0.0,0.0,0.0,0.0,0.0,0.0,0.0,0.0,0.0,0.0
2026-06-10 20:02:43,0.2104224692182135,-1.1850703963013849,1.5564522145093758,-0.7206685123324745,1.0752441497202536,2.4099267569726965,2.044519115018847,0.19320697816902843,36.78320015638619,36.871317318529314,37.26996183187678,14.0,0.0,36.0,-7.4,0.0,0.0,0.0,0.0,0.0,0.0,0.0,0.0,0.0,0.0
2026-06-10 20:02:44,-0.45415884272610185,0.5699391711205459,0.7590988202934863,0.11609043108386174,-1.8737964727821776,-2.88840160974278,1.8225833284234216,-2.8107997577822514,36.53171267528569,37.19252027293837,37.146059464619896,14.0,0.0,36.0,-34.9,0.0,0.0,0.0,0.0,0.0,0.0,0.0,0.0,0.0,0.0
2026-06-10 20:02:45,-1.1490041691016133,-0.2533652113829792,2.0668759766585065,1.9796598175111093,0.7294512060001068,-1.575933920798132,-2.8044920475994157,-1.6576858110722545,36.63395980658701,37.21058832564202,36.97483069744493,14.0,0.0,36.0,-49.1,0.0,0.0,0.0,0.0,0.0,0.0,0.0,0.0,0.0,0.0
2026-06-10 20:02:46,1.3111749056545152,1.678414324036389,-1.3715448171912243,0.08126582163578533,2.6252975077665335,-2.47701952994606,-0.7059831052019097,-0.8695273603267983,36.90644337103435,36.992195914567475,36.812780266272966,14.0,0.0,36.0,-9.5,0.0,0.0,0.0,0.0,0.0,0.0,0.0,0.0,0.0,0.0
2026-06-10 20:02:48,-2.6745914008854985,-1.0091274481180519,2.4078598927568224,1.0436037970273677,-0.6056043983598425,-0.297625427997005,0.020616921649336817,-2.379432685879042,37.06903231484677,37.39999350282228,36.90461437690499,14.0,0.0,36.0,-36.3,0.0,0.0,0.0,0.0,0.0,0.0,0.0,0.0,0.0,0.0
2026-06-10 20:02:49,-1.1516793581203189,-0.019613732603238176,-2.3077632157171406,-0.697057153692306,1.8316657249964825,-2.1222688134456957,0.5717520202671822,1.4728124683659178,36.96530280735995,37.062900848934646,37.28923584438943,14.0,0.0,36.0,59.4,0.0,0.0,0.0,0.0,0.0,0.0,0.0,0.0,0.0,0.0
2026-06-10 20:02:50,-0.16943099556289232,-0.2659497067594758,1.1338172676427085,-2.9794297874225144,1.6150723614660132,1.23148720846509,-2.3370971943182886,-0.26315520222590383,36.85945460658811,37.39196698321409,37.22314676229632,14.0,0.0,36.0,-23.0,0.0,0.0,0.0,0.0,0.0,0.0,0.0,0.0,0.0,0.0
2026-06-10 20:02:51,0.6855676845405774,-0.9071394295572333,-2.523437289404103,-2.9354089283819524,2.4115969743174634,-2.128386623737861,-2.0348328199418306,2.5295562437856933,36.65649872288485,36.99166511573134,37.16694135218623,14.0,0.0,36.0,86.6,0.0,0.0,0.0,0.0,0.0,0.0,0.0,0.0,0.0,0.0
2026-06-10 20:02:53,2.680084696127162,1.696248927249921,1.4033351981478495,-0.08983426526492089,-1.8294685963465627,-1.6514119284929527,2.356737139018981,-0.30986562029298526,36.617002449370496,36.91629265635913,37.19882422459198,14.0,0.0,36.0,-79.8,0.0,0.0,0.0,0.0,0.0,0.0,0.0,0.0,0.0,0.0
2026-06-10 20:02:54,-2.029773581182141,2.2485344186722935,-0.9785539335286413,2.869367754284877,-1.0467751541339987,0.8278525395483407,0.06589831006241287,-0.10394741241263095,36.62047989767669,37.19111333979569,37.16836819983864,14.0,0.0,36.0,-32.4,0.0,0.0,0.0,0.0,0.0,0.0,0.0,0.0,0.0,0.0
2026-06-10 20:02:56,-2.9676328112922867,-2.182735953152611,1.969746666042096,-1.4975771912616889,-2.649062082351511,-0.8666926886521966,0.6333897488421041,-1.0694788536294941,36.78345364728971,36.93124667287527,36.919468928383374,14.0,0.0,36.0,5.4,0.0,0.0,0.0,0.0,0.0,0.0,0.0,0.0,0.0,0.0
2026-06-10 20:02:57,-1.4378970449556376,-1.920691602936629,2.8072217378299387,-1.1741459438351836,2.2920301049599514,0.06185641789840712,-1.0703494145152803,0.44128168546058255,36.99918545914261,37.030509056702975,37.09143881804751,14.0,0.0,36.0,-23.4,0.0,0.0,0.0,0.0,0.0,0.0,0.0,0.0,0.0,0.0
2026-06-10 20:02:58,-1.4311159439778516,-1.9623301813472798,0.7122210122280763,1.1391389048070302,0.4356167623598748,-2.68348435944642,1.5063123181986224,2.4313071892387956,36.880572793330245,37.32211321147977,36.94774409402069,14.0,0.0,36.0,31.7,0.0,0.0,0.0,0.0,0.0,0.0,0.0,0.0,0.0,0.0
2026-06-10 20:02:59,2.9280455137304378,-1.0636826799186236,2.8350175751898297,1.593433302894531,2.668257943980885,-0.3887678553000713,-1.4646860909621144,2.992377437776682,36.869578176414294,36.92810040506506,37.27498688642112,14.0,0.0,36.0,-46.7,0.0,0.0,0.0,0.0,0.0,0.0,0.0,0.0,0.0,0.0
2026-06-10 20:03:00,0.5636123836994766,0.9025304420277367,0.37265195850305144,0.6039555725261043,-0.16957849289725724,-0.34993071490273797,-1.5387066317258316,-0.6459907204047122,36.65303876661625,37.13391399196839,37.028949146934586,14.0,0.0,36.0,-33.9,0.0,0.0,0.0,0.0,0.0,0.0,0.0,0.0,0.0,0.0
2026-06-10 20:03:02,-0.15121485072409913,0.33463920586647955,0.6166144478318314,1.0579261091783811,-0.054629857092675316,-0.6993597927350717,1.3624947674938959,2.550287670674841,36.65892010277631,36.906512090893735,36.797068259675,14.0,0.0,36.0,-24.3,0.0,0.0,0.0,0.0,0.0,0.0,0.0,0.0,0.0,0.0
2026-06-10 20:03:03,-1.5949360536019308,2.754545634025636,0.29723866803013177,1.249423428009452,0.10541358028678083,1.8024812925466405,1.473875289681386,0.10145782234919043,36.7336551743022,37.1886821587147,37.239319020343714,14.0,0.0,36.0,-77.3,0.0,0.0,0.0,0.0,0.0,0.0,0.0,0.0,0.0,0.0
2026-06-10 20:03:04,1.9641160258677068,1.1051621422334357,-0.5424513421936439,1.827409703654519,1.1900654764650014,0.6045816461855003,-1.927962242832154,0.9427120648801894,36.79864896184837,36.80650009441931,36.888549620549654,14.0,0.0,36.0,-15.2,0.0,0.0,0.0,0.0,0.0,0.0,0.0,0.0,0.0,0.0
2026-06-10 20:03:05,1.5933743222842098,-2.032750047229111,-0.8717697424150028,-0.3100096140804487,-2.916547281172788,-1.8234161680347127,-1.2645796315792746,-0.14198289134078834,37.01158241096196,36.93816404590505,36.78572243975429,14.0,0.0,36.0,73.6,0.0,0.0,0.0,0.0,0.0,0.0,0.0,0.0,0.0,0.0
2026-06-10 20:03:06,-1.5808678306941712,0.8621053016737132,1.1420504475716164,-2.247100191765559,-1.5569556960363007,-1.2347821011490525,0.46178372872569096,1.943741218906414,36.69049802390401,37.19423824347879,36.90227376947159,14.0,0.0,36.0,-52.2,0.0,0.0,0.0,0.0,0.0,0.0,0.0,0.0,0.0,0.0
2026-06-10 20:03:08,1.004092083810444,-1.6137053460372504,1.5281518978854862,1.7962029697504889,1.9554730990519733,-2.5238760513332723,-0.6545615506489368,1.2735593832736036,36.93090451358439,37.121245191383146,37.22629598804875,14.0,0.0,36.0,0.6,0.0,0.0,0.0,0.0,0.0,0.0,0.0,0.0,0.0,0.0
2026-06-10 20:03:09,0.7937339606749427,-2.1202383754298095,-1.010643332709907,1.11568710361626,-2.4274268343802667,-2.2903400708267263,1.33820778958464,-2.7786099899190004,36.602466731372786,37.23355815749114,37.267319695145154,14.0,0.0,36.0,80.5,0.0,0.0,0.0,0.0,0.0,0.0,0.0,0.0,0.0,0.0
2026-06-10 20:03:10,1.4249393479771157,2.2072533081372256,-2.6621341286411577,0.5983702799331674,2.388527518423431,-1.7589414902078788,-2.9738055701769133,2.751690833182365,36.85922318607603,36.87560518496209,36.8512220340966,14.0,0.0,36.0,9.4,0.0,0.0,0.0,0.0,0.0,0.0,0.0,0.0,0.0,0.0
2026-06-10 20:03:11,-0.046083930848209054,-1.5348700963399007,-0.888231278903989,1.3211509368309962,-0.4237019362464096,2.2693344531744755,1.2741272928261234,2.4371313496171725,36.50994185895998,37.18574329399092,37.08676189974227,14.0,0.0,36.0,64.4,0.0,0.0,0.0,0.0,0.0,0.0,0.0,0.0,0.0,0.0
2026-06-10 20:03:13,1.5996536700854191,-1.1727662763616808,-1.5810114332666578,-1.520559854073709,0.2122388317545818,2.4095603165669193,-1.1059600731039507,0.24479832575120852,36.782317402088324,37.107788191180276,36.990958097472735,14.0,0.0,36.0,71.9,0.0,0.0,0.0,0.0,0.0,0.0,0.0,0.0,0.0,0.0
2026-06-10 20:03:14,0.11411906773483649,-1.357689122974981,-2.222817962732689,1.471769064347372,0.5848766159925578,0.6479349103561578,-0.6591567646787118,2.3905863172195136,36.697894352268236,36.80435976547204,37.28650121847508,14.0,0.0,36.0,92.6,0.0,0.0,0.0,0.0,0.0,0.0,0.0,0.0,0.0,0.0
2026-06-10 20:03:15,1.340784713953255,0.3848653264611621,-1.5310689527567416,2.2694238519091305,-2.814515700065403,0.051768124382777,0.9561248867050467,0.20613797419476754,36.72442683972878,37.232607707822986,37.03321775348086,14.0,0.0,36.0,30.1,0.0,0.0,0.0,0.0,0.0,0.0,0.0,0.0,0.0,0.0
2026-06-10 20:03:16,-0.3533553775300744,0.24224219540338243,-0.5527603828321501,-0.907040624337045,-0.15021610898815396,0.054067514669619676,-2.875264672328065,1.1693164686611661,36.78912436844625,36.933405907238,37.060329492086986,14.0,0.0,36.0,6.6,0.0,0.0,0.0,0.0,0.0,0.0,0.0,0.0,0.0,0.0
2026-06-10 20:03:18,-0.527718744744579,-2.7993547321727776,-0.7187927254618836,-1.2655446562661947,-0.041083768832576695,-0.9448347269869357,1.3722430928658147,-1.5724150166670898,36.892882527897825,36.97502829773777,36.84978275807311,14.0,0.0,36.0,91.2,0.0,0.0,0.0,0.0,0.0,0.0,0.0,0.0,0.0,0.0
2026-06-10 20:03:19,-2.851834221284335,1.2913048007191712,-0.48066941412470854,2.951259541785042,-0.12876960708750973,-0.9600446936065152,-0.2583842271169372,2.611420777095206,36.8368611019028,36.83995574883847,36.798628460344666,14.0,0.0,36.0,-21.6,0.0,0.0,0.0,0.0,0.0,0.0,0.0,0.0,0.0,0.0
2026-06-10 20:03:20,-2.0066237638215156,-1.0747546047892558,-1.1375484057470786,-0.03470792466931538,-0.09254848738904453,-1.7214572861441733,-2.1598354817557635,1.0890061768029744,36.7945627489647,37.13772246546476,36.85405325457011,14.0,0.0,36.0,55.3,0.0,0.0,0.0,0.0,0.0,0.0,0.0,0.0,0.0,0.0
2026-06-10 20:03:22,0.20893957256741658,-1.776476990096557,-1.0482250306091598,0.5297143363148393,0.8802626895628451,-2.7811210040980088,1.2320480933397757,2.335775301925496,36.87164241451068,37.3156583775863,37.14384646656408,14.0,0.0,36.0,72.3,0.0,0.0,0.0,0.0,0.0,0.0,0.0,0.0,0.0,0.0
2026-06-10 20:03:23,-0.8882827505932518,0.012455036376814554,0.8680695462775185,-1.2077331060963932,-2.359645341620281,0.8584079625603405,2.3855833988601454,2.6014182748258605,36.891417366607556,36.859526177898424,36.75885813721875,14.0,0.0,36.0,-21.1,0.0,0.0,0.0,0.0,0.0,0.0,0.0,0.0,0.0,0.0
2026-06-10 20:03:24,-0.9332010972991869,2.054501278422949,-1.7151649318824318,-2.594435046161592,-1.5667851799096584,-2.3278621066094676,2.812694221318533,1.1842211631049562,36.85405187523309,37.05391100966196,37.26167317987854,14.0,0.0,36.0,-8.5,0.0,0.0,0.0,0.0,0.0,0.0,0.0,0.0,0.0,0.0
2026-06-10 20:03:25,-2.375753402840474,-2.1639598052524116,0.2571587628099916,1.0498323586844558,-2.619281731068707,0.8611574189660596,-0.3699415264442978,-0.8925807624952267,36.92319627623212,37.02310050971092,37.14365143735697,14.0,0.0,36.0,49.6,0.0,0.0,0.0,0.0,0.0,0.0,0.0,0.0,0.0,0.0
2026-06-10 20:03:26,-1.7493606229574212,2.4883274026981566,-0.09583070259728865,-1.2032670098638665,1.8840927561736347,0.11157121010490378,-2.598476816877054,-0.5807094486492872,36.63876370111091,37.39091827000214,36.77299397577483,14.0,0.0,36.0,-63.1,0.0,0.0,0.0,0.0,0.0,0.0,0.0,0.0,0.0,0.0
2026-06-10 20:03:27,-0.338428492105149,-0.6892038782357623,-2.6444524736392117,-0.722822157773062,0.6626047862465185,-1.684579011893674,-2.9458174054908786,-2.1447412739006566,36.83104756110786,36.87552062867421,37.15454657714531,14.0,0.0,36.0,83.9,0.0,0.0,0.0,0.0,0.0,0.0,0.0,0.0,0.0,0.0
2026-06-10 20:03:29,-1.4017589371830088,-0.9529066704964988,-0.16279322003003482,0.3620046654187008,2.216552550087938,2.1298306919767835,2.4688776303559195,-0.08788299076882877,36.94063342460045,37.3058939635744,36.89062049095289,14.0,0.0,36.0,31.1,0.0,0.0,0.0,0.0,0.0,0.0,0.0,0.0,0.0,0.0
2026-06-10 20:03:30,1.787539221474967,-2.379983219874317,-1.3635139362424171,2.3619706093473942,1.9489487601787348,0.050649363338003184,1.095873811745732,-2.945328015982125,36.697263065540334,36.89072655320276,37.01791568914935,14.0,0.0,36.0,97.4,0.0,0.0,0.0,0.0,0.0,0.0,0.0,0.0,0.0,0.0
2026-06-10 20:03:31,1.3855212738058027,1.085861690719291,-1.814920576958471,0.9390729190088454,-2.0140615656521637,0.6504171036052346,-0.7624431368148192,0.12944642799469808,36.75300125262455,36.95993415539536,37.07284246730516,14.0,0.0,36.0,18.8,0.0,0.0,0.0,0.0,0.0,0.0,0.0,0.0,0.0,0.0
2026-06-10 20:03:32,-0.9153409371515888,2.743717966371581,-0.6366419633702418,-2.777796997631996,-1.0938984512024226,1.1167060733921206,0.7576454717119345,-1.3518712108238626,36.96711419153504,37.31228789782759,36.76330825068441,14.0,0.0,36.0,-53.5,0.0,0.0,0.0,0.0,0.0,0.0,0.0,0.0,0.0,0.0
2026-06-10 20:03:33,0.5290216875119969,-1.2637100088843267,1.2844343656460318,0.4220167669170669,1.576717584471778,0.8376735395520569,-2.3954294484821057,0.2624604818516678,36.83643552598463,37.184495104375394,36.75085692596225,14.0,0.0,36.0,-1.3,0.0,0.0,0.0,0.0,0.0,0.0,0.0,0.0,0.0,0.0
2026-06-10 20:03:35,-0.31242970414032767,2.8605833624185415,0.8891153851500775,-2.5642006196998643,2.7057674872544037,0.6972227673899165,1.988799260569543,-1.5650400083003042,36.599192725991934,37.26288762841869,37.12058307704917,14.0,0.0,36.0,-95.6,0.0,0.0,0.0,0.0,0.0,0.0,0.0,0.0,0.0,0.0
2026-06-10 20:03:36,2.4082637596489365,-0.7714570831841665,1.9758334425287387,-2.3338004851291627,2.055061258199718,2.5917533147731895,-1.785841746050846,2.2243895950396366,37.01850169308683,36.82349118795464,37.07411504582444,14.0,0.0,36.0,-30.7,0.0,0.0,0.0,0.0,0.0,0.0,0.0,0.0,0.0,0.0
2026-06-10 20:03:37,-0.20186742384248735,-0.8314997930947055,1.4885904274362058,0.8286180167792843,-2.797852147130669,0.8514784569912521,-0.24965205116802425,-2.634373834839539,36.97659615960333,37.10067224135482,37.28704833575435,14.0,0.0,36.0,-16.7,0.0,0.0,0.0,0.0,0.0,0.0,0.0,0.0,0.0,0.0
2026-06-10 20:03:38,-0.10124986928925317,0.5243655366266138,-2.8537454106845708,-0.05775558143787407,2.097589093335098,-0.11277327577373253,1.3890204641266255,-1.8948635865210877,36.924494924743385,37.25413607060527,37.21766786489672,14.0,0.0,36.0,60.9,0.0,0.0,0.0,0.0,0.0,0.0,0.0,0.0,0.0,0.0
2026-06-10 20:03:39,-2.0530585601399665,2.6818673700602442,-2.58487282412049,-0.7691061089977378,1.1893128400322626,0.16392162727617254,1.4368687029522027,1.2330660635355253,36.52720516202903,36.861969458110615,36.809771465699335,14.0,0.0,36.0,-1.7,0.0,0.0,0.0,0.0,0.0,0.0,0.0,0.0,0.0,0.0
2026-06-10 20:03:40,2.7063141390959036,2.5413231205590954,-0.09263833953653311,1.2008651562631538,1.9592844448035587,-0.13988502144188608,-1.8701678141515368,0.6475791859840645,36.86278293048989,37.09912450918385,37.27038636103203,14.0,0.0,36.0,-64.3,0.0,0.0,0.0,0.0,0.0,0.0,0.0,0.0,0.0,0.0
2026-06-10 20:03:41,-0.12459321694951431,-2.5049618602082093,0.31114938636221723,-2.1450320584059255,-0.4256203291467475,0.7112781872301657,-2.30179783629642,-0.6310255261056503,36.715946186821974,36.892624788448174,37.13147703082906,14.0,0.0,36.0,55.9,0.0,0.0,0.0,0.0,0.0,0.0,0.0,0.0,0.0,0.0
2026-06-10 20:03:43,-1.2738265484403564,-2.58448045522122,1.2905370770521074,0.01858408840896253,-1.4337628022595774,-0.8267467939851194,0.6522390990338884,2.4431968614339423,36.521372005469935,37.30018960394851,36.816055456608986,14.0,0.0,36.0,33.4,0.0,0.0,0.0,0.0,0.0,0.0,0.0,0.0,0.0,0.0
2026-06-10 20:03:44,-0.7183141782710898,0.28066854019963383,2.0370019943339486,0.9596351140617072,1.4843758151120108,2.618803063955564,-1.3323081062004434,-1.6920040899182835,36.94118891471031,37.32492899618742,36.713954046585144,14.0,0.0,36.0,-59.3,0.0,0.0,0.0,0.0,0.0,0.0,0.0,0.0,0.0,0.0
2026-06-10 20:03:45,1.5995044039906468,-0.2686482892616002,-2.09997214730017,1.601513959865743,-2.1528604198391204,-2.773010958140492,-2.3102523963039205,1.640181132070528,37.02104335670073,37.003232099586064,37.03358359294797,14.0,0.0,36.0,58.7,0.0,0.0,0.0,0.0,0.0,0.0,0.0,0.0,0.0,0.0
2026-06-10 20:03:46,1.870879878225134,0.3517619820966371,-1.689260626291004,1.81284354805444,0.6013955047004274,-0.4453234831029804,1.1637100824468662,2.5511221140414797,37.09686097844359,37.20802766137549,36.83485552328982,14.0,0.0,36.0,34.9,0.0,0.0,0.0,0.0,0.0,0.0,0.0,0.0,0.0,0.0
2026-06-10 20:03:47,-1.0627575894406505,2.1056079253601663,1.5711053832609139,-0.9360986226267745,2.9551815345395385,2.8076783552830413,-2.249793967353767,-2.301591171994489,36.60280562232768,37.229141596755525,36.726611311905,14.0,0.0,36.0,-94.8,0.0,0.0,0.0,0.0,0.0,0.0,0.0,0.0,0.0,0.0
2026-06-10 20:03:48,-1.1901273473759586,-0.1757169344499956,-2.3734834577672004,-1.4634020028848966,-1.309140604283208,-0.8335751952490353,-1.2361865711369295,2.2550865073657453,36.809821601447446,37.370960274189166,37.10182331911892,14.0,0.0,36.0,64.9,0.0,0.0,0.0,0.0,0.0,0.0,0.0,0.0,0.0,0.0
2026-06-10 20:03:50,1.1487707845734905,-1.1295737841447955,-2.8430195148959405,-0.6002971223035845,-1.391512127975741,2.7993495952298755,-0.4899589325453264,-1.6404360507647526,36.752506727073516,37.352201485914655,36.901522505470695,14.0,0.0,36.0,103.9,0.0,0.0,0.0,0.0,0.0,0.0,0.0,0.0,0.0,0.0
2026-06-10 20:03:51,-0.5678931681288493,-2.4358487180270023,2.186003016528013,1.0104113351891693,2.558934050989362,1.7399602119482331,-1.900471967316147,-2.175190800181425,36.97378228819809,37.17090167951584,37.07958083717377,14.0,0.0,36.0,6.4,0.0,0.0,0.0,0.0,0.0,0.0,0.0,0.0,0.0,0.0
2026-06-10 20:03:52,-0.25636858093795123,-0.9438260869626367,0.4641659191295542,1.311329197639596,-0.7119233436472214,-0.9317703608618095,-2.811007794283422,1.2973756482168222,36.65472782845312,37.11945038156757,37.20535645893601,14.0,0.0,36.0,10.5,0.0,0.0,0.0,0.0,0.0,0.0,0.0,0.0,0.0,0.0
2026-06-10 20:03:53,-0.5261567263379119,0.3991074551118352,1.7855317384421756,-1.6755030534543673,-0.13965912261329239,2.805715586467504,2.92951271942811,1.7033396643222725,36.713413533687884,36.855477730519546,36.75085944402537,14.0,0.0,36.0,-53.6,0.0,0.0,0.0,0.0,0.0,0.0,0.0,0.0,0.0,0.0
2026-06-10 20:03:54,-2.8297472214027506,-2.961052781086792,-0.1550751292855299,-0.8954766961621412,-0.20257697691917054,-1.7718348497236416,-2.2810060992726218,-1.577549650564412,36.83551351237791,37.21230220240598,37.156601195388426,14.0,0.0,36.0,78.5,0.0,0.0,0.0,0.0,0.0,0.0,0.0,0.0,0.0,0.0
2026-06-10 20:03:55,-0.64329411848904,-0.5356954699152654,-2.133463070042673,0.848980050958799,1.3530849756945855,1.8060091714324296,-2.5620638003207254,1.6690409519699667,37.077532352025734,37.19866440808955,36.96763545379164,14.0,0.0,36.0,68.6,0.0,0.0,0.0,0.0,0.0,0.0,0.0,0.0,0.0,0.0
2026-06-10 20:03:56,-1.0985475571563126,2.7596051049923362,1.317901107278777,-2.3445890512331604,1.5064382370009,2.813645678876888,2.9366350764112212,1.5525232774291915,37.08630512426328,37.09143622109782,36.8269517051285,14.0,0.0,36.0,-100,0.0,0.0,0.0,0.0,0.0,0.0,0.0,0.0,0.0,0.0
2026-06-10 20:03:57,1.1593289393596606,2.4399210596615353,-2.115977340680436,-1.8582063624229217,0.6053856701930638,-2.913068932953263,-2.1225736276952247,-1.4186412485342952,37.09705410029482,36.9541371109112,36.87744844083999,14.0,0.0,36.0,-10.9,0.0,0.0,0.0,0.0,0.0,0.0,0.0,0.0,0.0,0.0
2026-06-10 20:03:59,0.5896739154339179,-1.173550298260518,2.2805876942271945,1.1838713721147238,-0.0658878395100384,0.3940117659962743,2.7639084481775082,-2.3421545957907894,36.53884599587268,36.94395119380669,36.892150851116845,14.0,0.0,36.0,-27.0,0.0,0.0,0.0,0.0,0.0,0.0,0.0,0.0,0.0,0.0
2026-06-10 20:04:00,-0.4878461381023804,1.666562805546012,-0.5392225747077202,-0.7378369958865019,2.5534454973503067,-0.8911603705314777,-0.6678109673157606,-2.316873814162957,36.63867858134123,37.14618570865509,36.87485994187991,14.0,0.0,36.0,-29.9,0.0,0.0,0.0,0.0,0.0,0.0,0.0,0.0,0.0,0.0
2026-06-10 20:04:02,-0.7891936534475947,0.022459375460172737,-2.492337288980079,2.7006630619647884,0.16728199697349933,0.3183207896243436,1.5293356562644806,-1.245695683044341,36.906255253925984,37.120201857305545,36.79651623606425,14.0,0.0,36.0,64.8,0.0,0.0,0.0,0.0,0.0,0.0,0.0,0.0,0.0,0.0
2026-06-10 20:04:03,-0.7373263703425317,-2.281385557896121,2.436276561502372,-0.5508903859235188,1.3787713903294119,-0.6017195652093763,-0.37354899792945506,-0.4701046870225767,36.90423870329605,37.04727482945866,36.88218030143643,14.0,0.0,36.0,-4.5,0.0,0.0,0.0,0.0,0.0,0.0,0.0,0.0,0.0,0.0
2026-06-10 20:04:05,0.7472057512803936,1.8542844785482337,1.9678679482540495,-1.2136325931704908,-2.3586863725337985,-1.1828387344598306,-2.119197266707933,-0.8460573828294775,36.53458481180047,36.870529726734986,36.83390384064816,14.0,0.0,36.0,-100,0.0,0.0,0.0,0.0,0.0,0.0,0.0,0.0,0.0,0.0
2026-06-10 20:04:06,-2.3796109962939243,-2.489933688667667,0.5607288611227506,-1.0236737106808582,-1.2941722918072145,2.3466764188494267,-1.3172055400994573,-2.9074777539207277,36.886583878670145,37.18763343595443,36.76309227784632,14.0,0.0,36.0,50.4,0.0,0.0,0.0,0.0,0.0,0.0,0.0,0.0,0.0,0.0
2026-06-10 20:04:07,-2.4508805052412486,1.6599513231821543,-1.342445030501477,-0.12569843867418484,-0.6499799659742806,1.6519517855641412,-2.4351645188728313,-0.6303446598277063,37.08522092462243,37.256679605090255,37.00852820572995,14.0,0.0,36.0,-8.6,0.0,0.0,0.0,0.0,0.0,0.0,0.0,0.0,0.0,0.0
2026-06-10 20:04:08,2.2340860141539416,1.937916979012667,-0.3529796093231141,1.4809216368855775,-1.170157867121708,1.7383480813366319,-1.6278767882477003,0.2712871250870945,37.05398010525542,36.891250833451515,37.026299926924054,14.0,0.0,36.0,-40.9,0.0,0.0,0.0,0.0,0.0,0.0,0.0,0.0,0.0,0.0
2026-06-10 20:04:10,-1.6631911722371653,-0.792798983204154,1.1680922517735732,-1.0325414566527316,-2.0793057276140825,2.1088781131392995,0.21684936716687542,-2.3494038659263152,37.05683872781304,37.06897892197081,37.0056458480489,14.0,0.0,36.0,-8.5,0.0,0.0,0.0,0.0,0.0,0.0,0.0,0.0,0.0,0.0
2026-06-10 20:04:11,1.030353396817823,2.744913790655815,-1.4118346025919315,2.790361251827856,-2.274678554148128,2.29800649399621,2.566214083920493,-2.289217111569539,36.8269827153444,37.1024475743876,36.87541192037588,14.0,0.0,36.0,-32.0,0.0,0.0,0.0,0.0,0.0,0.0,0.0,0.0,0.0,0.0
2026-06-10 20:04:12,-1.4100525521603673,-0.7340903252358286,-2.826236614204685,-0.8418785870494405,0.40858715806135226,-0.15726860287738909,-1.2950328607752362,1.9991512483445177,36.9306879101841,37.141294769437735,37.22668518659987,14.0,0.0,36.0,91.3,0.0,0.0,0.0,0.0,0.0,0.0,0.0,0.0,0.0,0.0
2026-06-10 20:04:13,0.9594373878339404,2.0805050060644064,-2.756704568694557,0.7108724896646312,-0.24995790154766873,0.16460536163492723,1.9029957006599751,-0.5777502946962754,36.89874051223516,37.050862714927234,37.23579618660309,14.0,0.0,36.0,18.5,0.0,0.0,0.0,0.0,0.0,0.0,0.0,0.0,0.0,0.0
2026-06-10 20:04:15,2.5475019558635585,0.6441258117830873,0.8641563321716728,-2.587011351595107,1.1534505192810531,-2.2141851159620227,2.0262796808501573,-0.6427957491492533,36.973419137521226,37.04729954599968,36.759161143448225,14.0,0.0,36.0,-39.1,0.0,0.0,0.0,0.0,0.0,0.0,0.0,0.0,0.0,0.0
2026-06-10 20:04:16,-0.5499262669353673,0.38903539880082505,1.1660669157952022,-2.2256040070485703,-2.493220458731577,1.9179963245502165,-2.9709511917552587,-1.6335801433827348,36.95355497435532,37.00974485244486,37.088422317077395,14.0,0.0,36.0,-40.7,0.0,0.0,0.0,0.0,0.0,0.0,0.0,0.0,0.0,0.0
2026-06-10 20:04:17,0.4382006128401157,-2.6280284334617656,1.306800868449761,-1.4068202529417706,1.9404688049089511,2.731953408378482,-0.13139993502856662,2.7203922126925706,36.611737064627725,37.077220381172424,36.9266421491098,14.0,0.0,36.0,35.5,0.0,0.0,0.0,0.0,0.0,0.0,0.0,0.0,0.0,0.0
2026-06-10 20:04:19,-2.418812320044914,0.3404430393391795,-0.999858742151484,-2.332164621477077,2.2083294489806917,-1.5966945754248576,-0.7767579439243812,0.10806238638750632,36.805387341038276,36.84958064471103,37.24733640387673,14.0,0.0,36.0,15.9,0.0,0.0,0.0,0.0,0.0,0.0,0.0,0.0,0.0,0.0
2026-06-10 20:04:20,0.1314393553398392,2.678134859142773,-0.13075767582182518,2.1424559281252167,2.547809266670109,0.5847604090681031,-1.8452280605727294,1.3904786478077211,36.59107995931519,37.273380803629756,37.11904690407805,14.0,0.0,36.0,-66.5,0.0,0.0,0.0,0.0,0.0,0.0,0.0,0.0,0.0,0.0
2026-06-10 20:04:21,-2.171068914262422,-1.2236531821076149,-1.3093006692639053,-2.724158774975146,-0.24703840858236736,-0.451205154598469,-0.8002531023240138,2.991404965538245,36.76499402040422,37.33236795691788,37.21084274112545,14.0,0.0,36.0,64.9,0.0,0.0,0.0,0.0,0.0,0.0,0.0,0.0,0.0,0.0
2026-06-10 20:04:22,-2.861478053754791,1.4037608975007538,-0.5333689944083195,-2.890753682093014,2.6212214564982528,-1.051021360716537,1.3967526583986594,1.9935926384760396,36.581442402762654,37.32452918368115,36.75539724677396,14.0,0.0,36.0,-22.3,0.0,0.0,0.0,0.0,0.0,0.0,0.0,0.0,0.0,0.0
2026-06-10 20:04:24,1.3863684263883274,0.6040040845718475,-1.9065957440427206,-1.2840077465244657,-0.12357316171528421,-0.10643108630458986,2.2344962981791667,1.6503627154138538,37.07858491506622,37.03101602786502,36.891411918014676,14.0,0.0,36.0,34.7,0.0,0.0,0.0,0.0,0.0,0.0,0.0,0.0,0.0,0.0
2026-06-10 20:04:25,-1.7528208331231094,0.9514153642332142,1.315154984613348,-2.858990833954156,2.412102560029119,-1.5090906354595166,-2.8112757048547645,-1.5023434138556861,36.78363033816564,36.90068950206985,37.112470029041766,14.0,0.0,36.0,-60.8,0.0,0.0,0.0,0.0,0.0,0.0,0.0,0.0,0.0,0.0
2026-06-10 20:04:26,-2.752127986342603,2.805719763220738,1.788730995420524,-0.02460400629867543,0.06999681801347668,1.8904820106581344,-0.5815440609967046,0.08411172209206175,36.922957328328316,37.094976936569935,36.73000645271211,14.0,0.0,36.0,-100,0.0,0.0,0.0,0.0,0.0,0.0,0.0,0.0,0.0,0.0
2026-06-10 20:04:27,0.5243363952213169,2.167119395335721,0.07954491504777828,-1.5692549523617094,2.8356923969891845,2.4615610479285515,-2.693740399733349,0.7885015495349461,36.57302863385697,36.926120687044204,37.14920021628074,14.0,0.0,36.0,-58.2,0.0,0.0,0.0,0.0,0.0,0.0,0.0,0.0,0.0,0.0
2026-06-10 20:04:28,0.3183685491029542,0.6231023876388813,0.10091162044156565,1.2851447617361211,-0.7993657967764145,0.7990980637635223,2.5656963868686073,-0.14088253737952705,36.68738127106129,37.2696033320631,36.73940215696989,14.0,0.0,36.0,-17.0,0.0,0.0,0.0,0.0,0.0,0.0,0.0,0.0,0.0,0.0
2026-06-10 20:04:29,2.0041520411676617,1.3318528036545736,2.1077769968648274,-2.0128109362776097,-0.8719522509807431,2.5086419351501705,0.3358591068622845,1.449276779965678,36.95206257032358,37.143721432399886,37.259596590307275,14.0,0.0,36.0,-87.5,0.0,0.0,0.0,0.0,0.0,0.0,0.0,0.0,0.0,0.0
2026-06-10 20:04:30,2.499506004965278,0.5226174963682366,0.24185971401602568,-2.047171539365266,-2.4282476587312725,1.3201901595798846,0.3372804663221909,-1.9583063729051797,36.986483877918516,37.22411837059508,37.12932200249757,14.0,0.0,36.0,-18.9,0.0,0.0,0.0,0.0,0.0,0.0,0.0,0.0,0.0,0.0
2026-06-10 20:04:32,2.406362634901164,-1.7770884098453061,2.7030316400768903,-2.1575472863131187,-0.05332605603753704,2.936076448053287,1.9259519210720697,0.3018506149985778,36.77226173590484,37.37689423588167,36.93810554278225,14.0,0.0,36.0,-21.5,0.0,0.0,0.0,0.0,0.0,0.0,0.0,0.0,0.0,0.0
2026-06-10 20:04:33,1.1385427485737365,-0.2014265168957996,2.459110694777096,1.6244987980902383,1.8663259330179063,-1.776647046219972,1.7754971089544416,-2.7810122462347118,36.68552590994845,37.15665878314819,37.07223064341109,14.0,0.0,36.0,-58.4,0.0,0.0,0.0,0.0,0.0,0.0,0.0,0.0,0.0,0.0
2026-06-10 20:04:34,1.1575961718239345,1.9632138379293664,0.6013317351701719,-0.11822338221583006,2.9128857627091547,-1.0023348038948263,-0.41490188994313737,-1.6937258317548325,36.99225767628889,36.94051741470067,36.82527433541426,14.0,0.0,36.0,-67.0,0.0,0.0,0.0,0.0,0.0,0.0,0.0,0.0,0.0,0.0
2026-06-10 20:04:35,-0.10995511968186067,-0.5697940262136436,-1.7053233356382551,-1.345574961182383,0.21175853675124046,-2.969686894140499,-2.3082030518737287,-1.0850676243764397,36.694994328676565,37.156726932472544,36.92333776326825,14.0,0.0,36.0,56.2,0.0,0.0,0.0,0.0,0.0,0.0,0.0,0.0,0.0,0.0
2026-06-10 20:04:36,1.1224085366965664,-1.482023024471618,0.22424178960863905,1.1882556657046663,-1.7570637848262758,1.2770742326740097,-2.8022143322067246,2.9568457433470794,36.706732909526785,37.06313015022844,37.23216816122183,14.0,0.0,36.0,31.8,0.0,0.0,0.0,0.0,0.0,0.0,0.0,0.0,0.0,0.0
2026-06-10 20:04:38,2.4503951082009463,2.4904966094977565,1.886046001663547,2.7230584067214707,-0.22225940416491197,0.26214352433381105,2.686739477952189,2.925647990865226,36.72401167149822,37.06014343842827,37.196684788329804,14.0,0.0,36.0,-100,0.0,0.0,0.0,0.0,0.0,0.0,0.0,0.0,0.0,0.0
2026-06-10 20:04:39,2.168626606092463,1.1183483210347358,2.2294690054016346,-0.11183976020687991,-1.6929717474150425,1.7714894118028512,-0.1985662799060557,-1.6351324793573534,36.89201818342758,37.23924690697505,37.25661106611586,14.0,0.0,36.0,-85.8,0.0,0.0,0.0,0.0,0.0,0.0,0.0,0.0,0.0,0.0
2026-06-10 20:04:40,-0.5582489318135688,-1.8852376917614349,0.13605437413625943,1.8294328714799812,1.6105034879419335,0.12264081151767137,-0.4068911350697535,2.671528887915958,36.66735577865701,36.88834522668545,37.227108372744404,14.0,0.0,36.0,45.1,0.0,0.0,0.0,0.0,0.0,0.0,0.0,0.0,0.0,0.0
2026-06-10 20:04:42,0.31202097038671406,-2.7057784013547623,-1.3308604082184754,2.62587312211261,-0.011928053952926732,-0.4589725752234841,1.0957209868503046,0.18795989248102396,37.063970035811266,37.285452212519324,36.720644874433184,14.0,0.0,36.0,104.7,0.0,0.0,0.0,0.0,0.0,0.0,0.0,0.0,0.0,0.0
2026-06-10 20:04:43,0.924894385885862,-0.3282561307125409,-1.7349861854106323,-1.5760775415631547,-0.34771843789775625,2.121385011533822,-0.09003301206241332,2.425430397051059,36.9920369373325,36.94301347149007,36.86955238141686,14.0,0.0,36.0,54.4,0.0,0.0,0.0,0.0,0.0,0.0,0.0,0.0,0.0,0.0
2026-06-10 20:04:44,-0.5675864416538428,2.510204578522977,1.4897223081351694,2.049887907794794,0.4867216311667173,-2.660409640209443,-0.9355595728055435,1.393428665304941,36.744060178406755,36.81107601403047,37.20693675074046,14.0,0.0,36.0,-100,0.0,0.0,0.0,0.0,0.0,0.0,0.0,0.0,0.0,0.0
2026-06-10 20:04:45,2.9656562756913623,0.21763040865726513,-0.07619864395616505,-2.330190215832166,-1.6009960854283354,1.4428481588192472,0.2990681052254316,1.5193494948915562,36.543834942863384,37.05435820227697,37.0729715094751,14.0,0.0,36.0,-2.8,0.0,0.0,0.0,0.0,0.0,0.0,0.0,0.0,0.0,0.0
2026-06-10 20:04:47,2.751189720609325,-2.7884259496957715,-2.0732399645060555,-1.288883484849231,-2.1655659717650475,-1.763857261853739,-2.1861403338561116,0.9675802211319908,36.62679208802316,37.13183610449633,37.046622670862924,14.0,0.0,36.0,123.7,0.0,0.0,0.0,0.0,0.0,0.0,0.0,0.0,0.0,0.0
2026-06-10 20:04:48,-1.1544883031880284,0.6659422161764121,2.5363420574369755,0.8925362968465347,2.3934095527996515,-0.5459719470208313,-2.305493898875392,1.1773926474094516,36.96496844289607,37.253335487655924,36.842571422391494,14.0,0.0,36.0,-84.2,0.0,0.0,0.0,0.0,0.0,0.0,0.0,0.0,0.0,0.0
2026-06-10 20:04:49,1.074714285626734,0.12987504260458227,1.6296078476254534,1.4535576990955708,2.0046618205016795,0.0674762531433748,-2.878091021200002,-0.7385508586853531,36.815895956116,36.9747972718638,37.27203835232565,14.0,0.0,36.0,-46.9,0.0,0.0,0.0,0.0,0.0,0.0,0.0,0.0,0.0,0.0
2026-06-10 20:04:50,1.5957897429810952,-0.0903832040421908,0.996770952083331,1.548886386721593,0.2843176158140386,-2.304620092770498,2.183565951679248,-1.8879228506596664,36.927973284516234,37.12554719927666,36.84964050824547,14.0,0.0,36.0,-23.5,0.0,0.0,0.0,0.0,0.0,0.0,0.0,0.0,0.0,0.0
2026-06-10 20:04:51,2.4536139551203746,-2.397964827558937,0.05747234522656308,-2.3647625609988037,-1.4117348473588682,0.4406573353701684,0.0014403836349878851,2.9004367147963643,36.558039605039546,36.99649387833957,37.290123753421675,14.0,0.0,36.0,60.7,0.0,0.0,0.0,0.0,0.0,0.0,0.0,0.0,0.0,0.0
2026-06-10 20:04:52,0.4866187862036986,1.3619231741964688,1.7111841437220283,2.2160185277360362,-1.9401859577178777,-1.3587971015718021,2.4417551100834913,0.4444961883522547,36.65591601757552,36.93546016426918,37.08840035819982,14.0,0.0,36.0,-78.9,0.0,0.0,0.0,0.0,0.0,0.0,0.0,0.0,0.0,0.0
2026-06-10 20:04:53,-0.8477162582230626,-2.163103258694737,-2.8638956976545558,-0.45125380636876766,-1.1074499385908378,2.754212429825574,-2.6598406449144587,0.7346796372375501,36.6274836060247,37.16889476157779,37.109297434201196,14.0,0.0,36.0,130.0,0.0,0.0,0.0,0.0,0.0,0.0,0.0,0.0,0.0,0.0
2026-06-10 20:04:54,-1.3006400818905233,-1.7196520696205857,-1.9247355445147314,1.563952481417541,0.4061358679041849,0.9330888675482116,0.1924849506117381,2.2000001072873685,36.613803220678456,37.227437624372556,36.85714188781904,14.0,0.0,36.0,94.8,0.0,0.0,0.0,0.0,0.0,0.0,0.0,0.0,0.0,0.0
2026-06-10 20:04:55,2.0395090962494997,1.4223578181704504,-1.9488927349287986,1.0870121022182033,-0.9471866579981798,-2.4689395877807625,-0.19263239484021888,2.723865911098099,36.69335111399209,37.18841240033131,36.83324749695463,14.0,0.0,36.0,12.3,0.0,0.0,0.0,0.0,0.0,0.0,0.0,0.0,0.0,0.0
2026-06-10 20:04:57,-1.0060369064164993,-1.4171846377621773,-1.1997068126359072,-0.8818073052054927,-2.0044439202618065,0.3883955695654464,-0.9963861670415879,2.649216585673683,36.6547190487381,36.92576178354007,37.1904706002086,14.0,0.0,36.0,67.4,0.0,0.0,0.0,0.0,0.0,0.0,0.0,0.0,0.0,0.0
2026-06-10 20:04:58,-0.9174700126220605,2.3250508631326046,1.2025635074205976,0.8211321432633931,-0.47107267313710643,0.050125763111254606,2.592244613361257,-0.9914567166869204,36.91883825593211,36.87155959035614,37.17818534668903,14.0,0.0,36.0,-89.9,0.0,0.0,0.0,0.0,0.0,0.0,0.0,0.0,0.0,0.0
2026-06-10 20:04:59,1.2733574916851849,-0.13957320672160067,-1.515299424059561,-2.214261719355012,0.6755918907580947,-0.7068659369548911,2.6734217119130665,-0.7932327239429275,36.66215783068718,36.86004640770906,37.037750842598705,14.0,0.0,36.0,43.8,0.0,0.0,0.0,0.0,0.0,0.0,0.0,0.0,0.0,0.0
2026-06-10 20:05:00,2.3313298001050757,1.6804680281922852,0.9269175930498346,2.4111977079868074,-0.7821405372148114,1.535480060866119,-1.5667114324113183,1.1325776311966358,36.9005226969115,37.098519267331135,37.28831938645057,14.0,0.0,36.0,-67.4,0.0,0.0,0.0,0.0,0.0,0.0,0.0,0.0,0.0,0.0
2026-06-10 20:05:01,2.5237204156815816,2.6161112023646957,1.3219718884424676,-1.0065576142874126,-0.023208936187309348,-1.4204127095685264,2.93520858137337,1.2450086939074252,36.51663761403552,37.23344081736008,36.98483130508858,14.0,0.0,36.0,-100,0.0,0.0,0.0,0.0,0.0,0.0,0.0,0.0,0.0,0.0
2026-06-10 20:05:02,-0.14877304150298087,-2.960976964598359,1.3469597536640965,2.84659464923657,2.583833598415671,-1.2430868565945477,0.43701686150265484,-1.1674978561942604,37.07428151907248,36.872517858279615,37.001774686565575,14.0,0.0,36.0,41.3,0.0,0.0,0.0,0.0,0.0,0.0,0.0,0.0,0.0,0.0
2026-06-10 20:05:03,-1.1879334736772957,0.6317978336490024,-2.8892006203091523,0.8383481861569804,2.6857826661531767,-1.6258171935293804,-1.660812223001035,1.9514764288726596,36.78122439033466,36.98784920856262,36.78192217575242,14.0,0.0,36.0,56.7,0.0,0.0,0.0,0.0,0.0,0.0,0.0,0.0,0.0,0.0
2026-06-10 20:05:05,-0.12115271737499089,-0.25906912574894303,-0.21238528442916405,2.7974018025961103,1.428107291413565,-1.4740235284087808,-0.994531670589919,1.6684338583141534,36.6427670273225,37.13156090560873,36.82212040181381,14.0,0.0,36.0,11.0,0.0,0.0,0.0,0.0,0.0,0.0,0.0,0.0,0.0,0.0
2026-06-10 20:05:06,-2.934160361646642,-1.4806709151806972,1.1910571005014017,-2.8175345818731525,2.1680903661017643,-2.835626097613761,1.7408092382132638,1.6507922213964692,36.80202701400938,36.9342800171862,36.748064809240105,14.0,0.0,36.0,6.9,0.0,0.0,0.0,0.0,0.0,0.0,0.0,0.0,0.0,0.0
2026-06-10 20:05:07,-2.8738069211791046,0.33508819563122305,0.3113830234280095,-1.5597082883673326,0.6418153963247271,2.1967599795711727,2.2809773371685633,-0.6885467436874895,36.595213997170646,37.39457812445434,37.14806832617654,14.0,0.0,36.0,-14.5,0.0,0.0,0.0,0.0,0.0,0.0,0.0,0.0,0.0,0.0
2026-06-10 20:05:08,2.73849097339522,-1.6457598903004729,-1.8336360104322986,-2.9876654862054544,2.5977539463973454,0.6076543275106845,0.7041861343356342,-1.7847560116708634,36.65577180263176,36.9923961262869,37.15372784124133,14.0,0.0,36.0,90.6,0.0,0.0,0.0,0.0,0.0,0.0,0.0,0.0,0.0,0.0
2026-06-10 20:05:09,0.6028957301424782,-2.4573357201307044,2.539992486663638,0.8668675241765174,2.3057349166681895,0.5055241274201583,0.35757734374562267,-0.2922097832789641,36.56307109585464,37.24333223946286,37.228114214272615,14.0,0.0,36.0,-1.7,0.0,0.0,0.0,0.0,0.0,0.0,0.0,0.0,0.0,0.0
2026-06-10 20:05:11,-1.5062114019961519,2.081245352763114,-2.4494862859679554,-0.6368153613705791,-2.131455246654114,-0.028326099152011786,-2.3918847025358123,-2.3486263193032313,36.93264394685446,37.214967053618516,36.772827830280825,14.0,0.0,36.0,8.3,0.0,0.0,0.0,0.0,0.0,0.0,0.0,0.0,0.0,0.0
2026-06-10 20:05:12,-0.01215001873093069,-1.2806320044701183,1.4597422660656507,2.473518863098839,2.2047663568131846,0.2245721757517476,2.653228910131981,0.06943816690625138,36.5112409995753,37.2413216364114,37.052871045216044,14.0,0.0,36.0,-3.2,0.0,0.0,0.0,0.0,0.0,0.0,0.0,0.0,0.0,0.0
2026-06-10 20:05:13,1.519371129235732,-2.950198057776365,1.3778337988832572,-0.7565382691124429,-2.686436113757858,1.091557096637275,0.5255616806303962,-2.086280131350426,36.9156438578036,36.90187214014603,36.7968862118761,14.0,0.0,36.0,41.5,0.0,0.0,0.0,0.0,0.0,0.0,0.0,0.0,0.0,0.0
2026-06-10 20:05:14,1.8080278132044718,-1.2363099141688423,-0.8979890210266466,2.6569499931231846,-1.3621546318113793,-1.1326998079774553,-0.7640481367032974,-0.16725106679844615,36.667558351801866,36.96777338138448,36.96662426399812,14.0,0.0,36.0,54.2,0.0,0.0,0.0,0.0,0.0,0.0,0.0,0.0,0.0,0.0
2026-06-10 20:05:15,-0.30182022601108605,1.959700028519764,1.353398162061369,-2.370996346633384,0.31126845657921187,1.8943837655321483,0.08943359720658517,0.23768148383394205,37.07710012514671,37.10818519071267,37.16093575132573,14.0,0.0,36.0,-84.7,0.0,0.0,0.0,0.0,0.0,0.0,0.0,0.0,0.0,0.0
2026-06-10 20:05:17,-1.1632901781204295,0.9762921265250264,-0.27514178893532293,-1.3762960300835034,-2.6052803032906695,1.2692264623681613,2.8519202317924357,-2.24464900315541,36.938832297417065,37.067634575796205,37.28631735079342,14.0,0.0,36.0,-16.1,0.0,0.0,0.0,0.0,0.0,0.0,0.0,0.0,0.0,0.0
2026-06-10 20:05:18,2.594021907282891,-2.301873444448824,1.174864997604189,1.4341594477679127,-1.3700872301204898,2.4396444460867803,1.2232005739518907,-1.6412218211420724,37.018957037077605,37.36519176209142,36.97146127774571,14.0,0.0,36.0,31.0,0.0,0.0,0.0,0.0,0.0,0.0,0.0,0.0,0.0,0.0
2026-06-10 20:05:19,2.4930118328656867,1.6134431176412152,1.2943414257567891,-1.343574702307176,-2.5839915504683253,-0.8476557350368443,2.0549523378886176,-2.6498750593301685,37.03379580078757,37.22716681763683,36.8332462423048,14.0,0.0,36.0,-74.6,0.0,0.0,0.0,0.0,0.0,0.0,0.0,0.0,0.0,0.0
2026-06-10 20:05:20,-1.382622909153705,-0.6164261363833337,2.1707705834256563,0.004045428620583547,-1.219265932137428,0.3226753749814275,0.3652262331318199,-0.4353203342746794,36.62150832226455,37.08016985989986,36.909980965148655,14.0,0.0,36.0,-39.8,0.0,0.0,0.0,0.0,0.0,0.0,0.0,0.0,0.0,0.0
2026-06-10 20:05:22,-1.9333707145808539,-0.13983811000411261,-0.8784006675038345,-0.09770515858628848,2.511473913558847,-2.039576022373339,1.1731506450869125,0.9153052242990571,36.914246597621926,36.91048408324095,36.76855588042905,14.0,0.0,36.0,25.9,0.0,0.0,0.0,0.0,0.0,0.0,0.0,0.0,0.0,0.0
2026-06-10 20:05:23,0.6281040651206502,-2.2962697593034673,-2.0088232829731227,-1.5083781074953646,-1.029405940464347,1.292466847630462,0.5754702355395382,1.0100361548031955,36.998543662727364,36.9441247675018,37.01031699766975,14.0,0.0,36.0,112.3,0.0,0.0,0.0,0.0,0.0,0.0,0.0,0.0,0.0,0.0
2026-06-10 20:05:24,1.6707872502589716,-0.8612961664586987,-2.5091261094285295,-2.672596910024077,-2.4382538784507526,0.5329210529236521,-0.8643445857148562,2.6393529835044687,36.51418082914158,37.00623149198808,37.207810579169745,14.0,0.0,36.0,87.0,0.0,0.0,0.0,0.0,0.0,0.0,0.0,0.0,0.0,0.0
2026-06-10 20:05:25,-1.9541436494410183,1.6579777798506088,-0.2803613147598991,-0.7548138587086735,1.6546311928861392,1.7367875559709312,-1.039581919301948,-0.10575937590944129,36.57107509372266,36.920495320768985,37.21812593240109,14.0,0.0,36.0,-35.3,0.0,0.0,0.0,0.0,0.0,0.0,0.0,0.0,0.0,0.0
2026-06-10 20:05:26,-1.1272876905241718,1.2913333122518758,-0.7436546308976002,-2.3062979807058843,-0.7976862297717613,1.6653160314108613,-1.4727870401981267,-1.1832390664409118,36.62094460590849,36.89908824215073,36.75296083983192,14.0,0.0,36.0,-14.1,0.0,0.0,0.0,0.0,0.0,0.0,0.0,0.0,0.0,0.0
2026-06-10 20:05:27,-2.281100170950869,1.7690750698330717,-2.615119299691223,0.4802880158741414,1.6583850509295122,2.9298692820763073,-1.3230384330931788,-0.7035209033616394,36.543617499865924,37.12783872768611,36.737262477332145,14.0,0.0,36.0,22.7,0.0,0.0,0.0,0.0,0.0,0.0,0.0,0.0,0.0,0.0
2026-06-10 20:05:28,-1.2394734161063283,0.978163064134379,2.2720505888563247,1.8492210780710892,-1.9368125172059303,-0.6723028838323235,0.8845477412448206,0.45042216513104183,36.908356701584296,37.08825056103757,36.96812333246693,14.0,0.0,36.0,-83.9,0.0,0.0,0.0,0.0,0.0,0.0,0.0,0.0,0.0,0.0
2026-06-10 20:05:29,1.063024395157326,0.8131950207607175,2.7197208201292824,1.7670939787610767,-2.321424586362788,2.5711671091250556,-1.5454367526151849,-1.3869441894839971,36.7765447401832,37.35865984988301,36.86040472414922,14.0,0.0,36.0,-90.8,0.0,0.0,0.0,0.0,0.0,0.0,0.0,0.0,0.0,0.0
2026-06-10 20:05:30,2.660540922623788,-2.3075057160154686,2.6496433044976966,-0.48311794386037965,-2.412517990722087,-1.0254159186915666,2.719755803657484,-1.7514986261495735,36.60706233409246,36.942825459842545,37.25362515828202,14.0,0.0,36.0,-8.0,0.0,0.0,0.0,0.0,0.0,0.0,0.0,0.0,0.0,0.0
2026-06-10 20:05:31,1.4724786698320624,1.7791218516125467,0.9497057964474704,-1.6329935574128036,-1.1742574044454963,-1.0577332689181471,1.676688775968259,-1.4117715590110445,36.91794094520334,37.363473398310816,37.01425663804487,14.0,0.0,36.0,-70.3,0.0,0.0,0.0,0.0,0.0,0.0,0.0,0.0,0.0,0.0
2026-06-10 20:05:33,-1.6719930477545943,2.6745443938042843,-1.666509577718294,-2.5946949614208137,-2.260260305679826,-1.8390000610395607,-0.44931231765229995,-2.1173582795777808,36.50713180815833,37.17366003655942,37.21184210383311,14.0,0.0,36.0,-27.2,0.0,0.0,0.0,0.0,0.0,0.0,0.0,0.0,0.0,0.0
2026-06-10 20:05:34,-1.6034804815614272,-2.9697400802694487,-2.9160912474371887,1.2115676308403769,0.6074894463537155,-2.284891209254593,-0.6102732843013436,-1.5128866113371375,36.94089033424656,36.97144802776248,36.88782336124384,14.0,0.0,36.0,150.7,0.0,0.0,0.0,0.0,0.0,0.0,0.0,0.0,0.0,0.0
2026-06-10 20:05:35,-1.5320378046221192,0.00803741106396405,2.7096794873005514,-0.9281132659085811,-2.7122297529842525,0.26127094631712966,0.15139741526925032,1.943456874963207,36.78837746610455,37.355320341997654,36.97831986233474,14.0,0.0,36.0,-70.1,0.0,0.0,0.0,0.0,0.0,0.0,0.0,0.0,0.0,0.0
2026-06-10 20:05:37,-2.5171700200531855,-0.7382643679865115,-0.4943345162988999,2.9498117825496006,-2.690351115618933,2.0482111129165474,-1.756578992057355,-2.237394525522717,36.7681188489395,37.161559242325644,36.81208261046495,14.0,0.0,36.0,32.0,0.0,0.0,0.0,0.0,0.0,0.0,0.0,0.0,0.0,0.0
2026-06-10 20:05:38,-0.6558288758325519,-2.442183635926521,-0.006400237278759491,0.9720851803533783,1.4357492438451418,2.084012442586914,-1.1987326256086392,-2.26982839055665,37.07929955247878,37.229852657297826,36.970141873959165,14.0,0.0,36.0,63.8,0.0,0.0,0.0,0.0,0.0,0.0,0.0,0.0,0.0,0.0
2026-06-10 20:05:39,0.30636793616316993,1.0666009296289056,0.4640076705681926,-0.7481570463514555,-0.956956020692989,-0.016713069456590013,0.29815492175508096,1.2091199015105332,36.71778262146792,37.26885122074662,37.099765463671375,14.0,0.0,36.0,-39.4,0.0,0.0,0.0,0.0,0.0,0.0,0.0,0.0,0.0,0.0
2026-06-10 20:05:40,1.5833673027122623,-2.6775617465051873,-1.7558146964649255,-2.5532206888937568,-0.3471065909581217,0.7062787282790639,-1.0479257476959944,-1.0686389817038517,36.71539457436321,37.37232897551515,36.916486577271094,14.0,0.0,36.0,114.5,0.0,0.0,0.0,0.0,0.0,0.0,0.0,0.0,0.0,0.0
2026-06-10 20:05:41,-0.34386334070625546,-1.5533440413627722,-0.6505313787954261,-1.1608455069462167,-1.7020001146862802,1.579304649571812,2.2947024606062563,-2.46516386744102,36.76004877831734,37.00828075410578,36.7352137093537,14.0,0.0,36.0,58.9,0.0,0.0,0.0,0.0,0.0,0.0,0.0,0.0,0.0,0.0
2026-06-10 20:05:42,-1.786749062410855,0.6127887205852782,-1.9845251250128142,-1.919742280926218,-0.19753496086598332,2.9336448499145105,-0.7269659849154295,0.6843682889093059,36.596803149785224,37.05870873061607,37.29819292808129,14.0,0.0,36.0,36.6,0.0,0.0,0.0,0.0,0.0,0.0,0.0,0.0,0.0,0.0
2026-06-10 20:05:43,0.4521153742512558,-0.8217259021074144,1.7657531545120353,-0.31928097213624484,0.18273856969868252,-1.0784947124507167,1.3429531511523543,0.13983836255420723,36.86788825949392,36.86103670090524,36.820360662904555,14.0,0.0,36.0,-24.3,0.0,0.0,0.0,0.0,0.0,0.0,0.0,0.0,0.0,0.0
2026-06-10 20:05:45,1.871159921539018,2.2167321165076483,0.7618631903252959,-2.5771710967733314,0.6898345964865702,-1.6138063016780781,0.32182397076632707,-0.40292901255811353,36.82075474833888,37.39794535444495,37.2265964575975,14.0,0.0,36.0,-77.7,0.0,0.0,0.0,0.0,0.0,0.0,0.0,0.0,0.0,0.0
2026-06-10 20:05:46,-0.18845106823536906,2.864214643086603,-0.4038302721725646,1.5615262549213709,1.6134753198576046,1.7651951504836392,0.20771997583584945,2.082630153623329,36.955046519388674,36.90223988489802,37.120898214437574,14.0,0.0,36.0,-62.6,0.0,0.0,0.0,0.0,0.0,0.0,0.0,0.0,0.0,0.0
2026-06-10 20:05:47,-0.4369591628668248,-2.3806489173630103,1.1662307535675769,-1.2555239970574847,-2.347132333004434,1.6402074489783152,-0.5495663093231435,-2.8198294748458883,36.96258097688962,36.80834280245297,36.83674600899783,14.0,0.0,36.0,31.9,0.0,0.0,0.0,0.0,0.0,0.0,0.0,0.0,0.0,0.0
2026-06-10 20:05:48,-0.5318252728671355,-0.8415590233994701,0.2986706737033451,-2.2226251720961896,-1.875078022889055,1.0705804304716198,0.4497566684360934,-0.04260840695964152,37.00258817369109,36.836294807789,37.14752874829333,14.0,0.0,36.0,14.8,0.0,0.0,0.0,0.0,0.0,0.0,0.0,0.0,0.0,0.0
2026-06-10 20:05:49,-2.4376005611498632,-2.7184920701296913,1.7537535647571705,-0.9677047900927724,1.5483170660798464,1.6189507006880879,-1.527423970601442,-2.7550145431264372,36.99659048700129,37.10249794997955,36.97762648050105,14.0,0.0,36.0,25.0,0.0,0.0,0.0,0.0,0.0,0.0,0.0,0.0,0.0,0.0
2026-06-10 20:05:50,-1.8938111620277873,-0.09061434409167912,0.16823518223932998,2.0632027056438105,0.4291786722238715,2.435370767498391,-0.6274915674151198,2.049748983612929,36.853639464178556,37.31392993513435,36.94184009026715,14.0,0.0,36.0,-1.1,0.0,0.0,0.0,0.0,0.0,0.0,0.0,0.0,0.0,0.0
2026-06-10 20:05:51,-0.6861813863932902,0.8090318684677644,1.0719872042563683,0.4233558273036593,-0.2286364292048182,2.817949491224006,2.3441802449571254,-2.9031676832273865,36.953802693857924,37.11051487075625,37.10430138687699,14.0,0.0,36.0,-46.1,0.0,0.0,0.0,0.0,0.0,0.0,0.0,0.0,0.0,0.0
2026-06-10 20:05:52,-1.5780875318063425,1.954682163504068,0.8964335935967638,1.6787653324938674,1.2338052666703767,0.31882421028880925,0.08485815407832353,1.5653321400660394,37.01788587264301,36.80148280840324,37.029879592944255,14.0,0.0,36.0,-73.5,0.0,0.0,0.0,0.0,0.0,0.0,0.0,0.0,0.0,0.0
2026-06-10 20:05:53,2.5149058610179402,1.1885630502690763,-0.7802161261195986,1.7252971589323787,0.8931416645839807,-2.6087293440781707,0.44613690807391926,0.13616030487443442,36.60008054087124,37.31530736337158,37.09571602564777,14.0,0.0,36.0,-11.6,0.0,0.0,0.0,0.0,0.0,0.0,0.0,0.0,0.0,0.0
2026-06-10 20:05:55,-1.8518845843112983,2.589442355302955,1.2185466595219667,1.871757984132703,-0.206197786367726,-1.3350574069731287,1.3663654691641627,-0.7211010456478704,37.05784971133035,37.1966545949033,36.989415944839855,14.0,0.0,36.0,-98.4,0.0,0.0,0.0,0.0,0.0,0.0,0.0,0.0,0.0,0.0
2026-06-10 20:05:56,-0.07177430094381432,-2.4815227972154164,1.644423341013078,-0.7383031303135916,1.7766209825036938,2.597474086143741,-2.814470916323609,-1.6968830506902985,36.552748074301384,36.943725838912655,36.80102525436407,14.0,0.0,36.0,21.5,0.0,0.0,0.0,0.0,0.0,0.0,0.0,0.0,0.0,0.0
2026-06-10 20:05:57,0.49041830375037954,-1.5150323501563214,-0.7497102461681133,-2.63761452343433,-2.9950841764619156,-1.980612033863985,-1.6536677569205573,-1.8639115919057458,36.74186402378066,36.97833875300807,36.889645155211,14.0,0.0,36.0,56.7,0.0,0.0,0.0,0.0,0.0,0.0,0.0,0.0,0.0,0.0
2026-06-10 20:05:59,-0.251914740618576,0.9068537875346756,-0.7824389876902202,-0.8142457903951588,1.4616708300123955,0.929937743156275,2.673166653199134,-0.20842575576490185,36.562083775822025,37.04883941203377,37.25223683939926,14.0,0.0,36.0,-1.4,0.0,0.0,0.0,0.0,0.0,0.0,0.0,0.0,0.0,0.0
2026-06-10 20:06:00,-2.94739088403356,1.7983513305505188,-2.8818720835021026,-2.1693419602306,-1.3310275705927515,-0.5872687339333789,0.9844081105191291,-0.9623523407955332,36.52471164267986,37.38306519301925,36.92171779467734,14.0,0.0,36.0,28.2,0.0,0.0,0.0,0.0,0.0,0.0,0.0,0.0,0.0,0.0
2026-06-10 20:06:01,0.4168815975931577,-1.00859849799722,-2.7686892806916186,0.3487422292770255,1.5717243311544475,2.6459486602767033,-2.1761136702338204,-1.9917586312029898,37.078372014210125,37.056724892014905,37.1701543057787,14.0,0.0,36.0,97.9,0.0,0.0,0.0,0.0,0.0,0.0,0.0,0.0,0.0,0.0
2026-06-10 20:06:02,-1.1448294154108023,-1.8650499389626856,-2.7652006037269254,-2.6530374541964825,1.7474506596945716,-2.2584670008386194,-0.4076659777676399,-2.008220633482863,37.01773258856889,37.23474022505019,37.14083481237255,14.0,0.0,36.0,118.4,0.0,0.0,0.0,0.0,0.0,0.0,0.0,0.0,0.0,0.0
2026-06-10 20:06:04,-2.575420912816684,2.9669654671755596,-1.0804516507693445,2.3209445996400593,-1.3138362594795694,1.4459569066554394,2.456577600277962,3.233138646496769e-05,37.092653012967396,37.0413791933016,37.08890552544058,14.0,0.0,36.0,-46.8,0.0,0.0,0.0,0.0,0.0,0.0,0.0,0.0,0.0,0.0
2026-06-10 20:06:05,-1.236829297251811,-0.7787017291652925,-0.8131554478163219,2.2357907621422166,-1.1691501301781164,1.9565635096633835,0.26324040632799495,2.415532745421425,36.85475794049312,37.08242477331107,37.25490348284431,14.0,0.0,36.0,42.3,0.0,0.0,0.0,0.0,0.0,0.0,0.0,0.0,0.0,0.0
2026-06-10 20:06:06,-2.8073701463686755,-2.988149594403602,-2.5723765026142567,2.0336159567610412,2.706161789224824,-1.347072726439748,-2.3808350734897354,2.731937503935435,36.73445573080342,37.372663165234535,37.00608853731754,14.0,0.0,36.0,141.9,0.0,0.0,0.0,0.0,0.0,0.0,0.0,0.0,0.0,0.0
2026-06-10 20:06:08,-0.481678954876946,-1.507711080274595,2.7928376990377695,-1.5206115751172444,0.5316017763841021,2.976942055053283,2.8904593440341184,-2.017936568252189,36.83384633675467,37.32460893706437,37.181159311755756,14.0,0.0,36.0,-30.3,0.0,0.0,0.0,0.0,0.0,0.0,0.0,0.0,0.0,0.0
2026-06-10 20:06:09,-2.5125657402343133,-0.5445841910836302,1.175212943395893,-2.323685716690955,-1.589720987684916,2.761715878708464,1.1731069453144674,-0.10206403431736177,36.98473668798562,36.913920877668836,36.72467980921134,14.0,0.0,36.0,-14.3,0.0,0.0,0.0,0.0,0.0,0.0,0.0,0.0,0.0,0.0
2026-06-10 20:06:10,2.844989383777089,0.764299238617089,-0.15764226290263883,0.7457005976656434,0.5698546074681539,-2.7283075519102398,2.599300396899751,0.8815333190591037,36.70980651576603,37.24752837422726,37.259642472815244,14.0,0.0,36.0,-15.8,0.0,0.0,0.0,0.0,0.0,0.0,0.0,0.0,0.0,0.0
2026-06-10 20:06:11,0.5184256440934805,0.4954444645539149,-2.402442662827646,0.060407298439367985,-2.1860330327622783,0.5555363200301908,-0.8399966453714551,2.1421624526446,36.535880520331105,36.87582814770632,37.22987629179028,14.0,0.0,36.0,49.2,0.0,0.0,0.0,0.0,0.0,0.0,0.0,0.0,0.0,0.0
2026-06-10 20:06:13,-2.154871640557431,-2.6382894956582814,-1.1877042007100296,1.3280215245297038,-1.006413408891311,2.7675766175809624,-0.844811669900599,0.47408006512989154,37.099508643697284,37.346889052005615,37.211249012165055,14.0,0.0,36.0,99.9,0.0,0.0,0.0,0.0,0.0,0.0,0.0,0.0,0.0,0.0
2026-06-10 20:06:14,-0.08225652095207803,1.6614212639331027,-1.8371895918477268,2.038768148876864,0.29663731023528594,-2.3177189382908203,-2.767805342873679,-2.5768650553084633,37.03627922424157,37.1304646190493,36.73032618955635,14.0,0.0,36.0,2.0,0.0,0.0,0.0,0.0,0.0,0.0,0.0,0.0,0.0,0.0
2026-06-10 20:06:15,1.1762238723157044,1.6148758493289606,-1.101344250442233,1.6969099393277194,-0.8718970105135635,2.052169306026168,1.9084962034774833,-2.06941426134172,36.71418441631116,37.343408472728505,36.72898709253335,14.0,0.0,36.0,-11.3,0.0,0.0,0.0,0.0,0.0,0.0,0.0,0.0,0.0,0.0
2026-06-10 20:06:16,2.2343367913183707,-0.8776032586211149,0.8567589492119487,-0.7945971547690922,-1.5094693443169256,0.2373458325215676,0.5181057938599474,0.8356197713056845,37.007007824319594,37.00383161442889,36.82390040623721,14.0,0.0,36.0,0.9,0.0,0.0,0.0,0.0,0.0,0.0,0.0,0.0,0.0,0.0
2026-06-10 20:06:17,-0.4257378158342444,1.399441133090364,-1.3346612416237618,1.767523942248073,0.7928674162713376,-1.1241434165764341,-0.32606522352875267,1.7228120387378256,36.51643831449598,37.26400882763785,37.14234109774176,14.0,0.0,36.0,-2.4,0.0,0.0,0.0,0.0,0.0,0.0,0.0,0.0,0.0,0.0
2026-06-10 20:06:18,0.20287276753505967,2.739608384696689,-1.0780317683451697,-2.8728968354436573,0.9516979652273028,-0.4359646497991294,0.5926909813857812,-2.151038521251521,37.064079211806266,36.90798815313602,36.73892982085991,14.0,0.0,36.0,-42.9,0.0,0.0,0.0,0.0,0.0,0.0,0.0,0.0,0.0,0.0
2026-06-10 20:06:19,1.0711188525273094,-0.8546709161759227,-0.2768808090293975,-1.523788581315716,-2.514460062221257,1.6161374857225024,-1.058386070153601,-2.7586776183411823,36.55995855161451,36.921791168954115,36.771021772903566,14.0,0.0,36.0,29.5,0.0,0.0,0.0,0.0,0.0,0.0,0.0,0.0,0.0,0.0
2026-06-10 20:06:21,-0.15799063894429644,2.2522652125624614,1.573565982704773,1.2046197039664976,1.7226026948599937,0.1616021034173194,-1.2940552379856423,-0.46073644759158316,36.77147815017539,36.91145865404482,36.99546553337507,14.0,0.0,36.0,-99.5,0.0,0.0,0.0,0.0,0.0,0.0,0.0,0.0,0.0,0.0
2026-06-10 20:06:22,-2.6185819523253206,0.19506091719118945,0.5377806565966985,-2.051225575450993,0.3867790755986724,0.007723932625593122,0.6015372624288586,1.9881679577312363,36.83885119552859,36.8425276865355,36.91877798531999,14.0,0.0,36.0,-18.6,0.0,0.0,0.0,0.0,0.0,0.0,0.0,0.0,0.0,0.0
2026-06-10 20:06:23,0.3207483119967369,1.6869947597119648,-2.7252845051640318,0.941362337253322,-2.234291348439559,-2.795702284043762,1.6561994776873643,-0.357746187588206,36.81652916923463,37.07390452057615,36.761650310190745,14.0,0.0,36.0,26.3,0.0,0.0,0.0,0.0,0.0,0.0,0.0,0.0,0.0,0.0
2026-06-10 20:06:25,1.6399522700950087,1.4874487084846706,1.2295340690917493,-2.0132001634388494,-2.6987769835729054,-2.8487709382830015,1.5246858315069591,1.9345581496247632,36.50128552416336,36.897633670108384,37.182823387339475,14.0,0.0,36.0,-70.9,0.0,0.0,0.0,0.0,0.0,0.0,0.0,0.0,0.0,0.0
2026-06-10 20:06:26,-1.2961096217886137,-0.06506464631517161,1.7970241921290118,-1.5894414057031123,1.7321691752768746,2.7070715355202877,1.0426137929765043,0.9495235311047923,36.7957313796418,36.8426133338929,36.70126553416518,14.0,0.0,36.0,-42.9,0.0,0.0,0.0,0.0,0.0,0.0,0.0,0.0,0.0,0.0
2026-06-10 20:06:27,-2.459135299634543,1.3928583384601625,2.1763506706177953,0.9576223884592441,-1.6262309424324983,-2.2301842676910932,0.8058763579342862,-1.102526282839302,36.62755649222243,36.95646716795836,37.07069069821564,14.0,0.0,36.0,-93.0,0.0,0.0,0.0,0.0,0.0,0.0,0.0,0.0,0.0,0.0
2026-06-10 20:06:29,2.557923290008519,-2.9300681441315675,0.22402564368947164,-0.3464168382823263,1.5162786129301402,1.2103697667500342,-2.8600632182106565,-0.9532050686647016,36.999364437545964,36.849769424744004,37.1741228967672,14.0,0.0,36.0,69.1,0.0,0.0,0.0,0.0,0.0,0.0,0.0,0.0,0.0,0.0
2026-06-10 20:06:30,2.060675335810674,-2.6087868038194775,-0.9537020580665594,2.8139925144814057,2.9718699838706746,-2.78379165320582,1.9748736861408425,-1.4998211544084417,36.902813155887664,37.10523574829173,37.208706721846724,14.0,0.0,36.0,91.7,0.0,0.0,0.0,0.0,0.0,0.0,0.0,0.0,0.0,0.0
2026-06-10 20:06:31,2.763078527941852,-0.6542094838595665,0.058540179523995484,0.8224023234964468,-1.5036352274791587,-2.9855214782342125,-1.7679855424579343,0.356932001067503,36.59213473440857,37.139433338851674,37.15127726212012,14.0,0.0,36.0,13.0,0.0,0.0,0.0,0.0,0.0,0.0,0.0,0.0,0.0,0.0
2026-06-10 20:06:33,-0.9864602151374893,1.2430037373099658,-1.7469993711219445,2.672556440230059,1.6816781136269983,-1.9483754605942851,-1.3616072815321159,1.684212169586547,36.514731614601594,37.294292325737224,36.72477000020395,14.0,0.0,36.0,11.4,0.0,0.0,0.0,0.0,0.0,0.0,0.0,0.0,0.0,0.0
2026-06-10 20:06:34,0.9021280555395634,-1.8170648310863924,-0.2423625635087001,-2.7831119195487615,2.5694550525361874,0.03474462924611199,-1.3947593293563174,0.6125124064699543,36.70990570263914,37.012757975863636,37.15117942579903,14.0,0.0,36.0,52.6,0.0,0.0,0.0,0.0,0.0,0.0,0.0,0.0,0.0,0.0
2026-06-10 20:06:35,2.5816183860528312,-2.174995328027417,-1.630375610323749,1.9332414491638428,2.757345990270184,-2.6730439794912515,2.632512714037242,-0.8760537247228477,36.851411092127776,36.84188914314562,37.240557797371885,14.0,0.0,36.0,98.4,0.0,0.0,0.0,0.0,0.0,0.0,0.0,0.0,0.0,0.0
2026-06-10 20:06:37,-1.7515866593987672,-0.14290804587009998,-0.03680806583777141,-2.318189139201617,1.0280028775322254,1.2489630486304844,2.629463481983726,-0.4433831408938449,36.50726038908917,36.85606199010618,37.0556046854059,14.0,0.0,36.0,6.6,0.0,0.0,0.0,0.0,0.0,0.0,0.0,0.0,0.0,0.0
2026-06-10 20:06:38,1.141259877977058,-1.7333045583678508,0.19647077527211998,-0.08820316225244795,-2.7762447884219448,2.727839414382018,2.062924465351398,-2.3932403793924344,36.881280897233864,37.20310068654275,36.8917046441179,14.0,0.0,36.0,42.1,0.0,0.0,0.0,0.0,0.0,0.0,0.0,0.0,0.0,0.0
2026-06-10 20:06:39,2.887839825620768,0.2816478664213382,2.5228499524265144,1.135647754069181,-2.3837483616926645,0.6360101131467939,2.2389705582132002,-2.6455668320790835,36.753802111190204,36.91303171574334,37.00012942271225,14.0,0.0,36.0,-71.1,0.0,0.0,0.0,0.0,0.0,0.0,0.0,0.0,0.0,0.0
2026-06-10 20:06:40,-2.8822021224602654,-0.9608911853091908,0.45422531286661094,0.06285579494275906,-1.4387616362692472,2.228710053167327,0.6435531909424688,-1.8439952434508928,36.71105769554193,37.185786630657155,37.24649654974827,14.0,0.0,36.0,14.5,0.0,0.0,0.0,0.0,0.0,0.0,0.0,0.0,0.0,0.0
2026-06-10 20:06:41,1.7779231452430224,2.5439423078744756,-0.3610398308447751,1.3492800457732406,0.5196629563814774,-1.8627599592062034,-1.9871439376449767,1.6430593721184552,36.532369049466524,36.941342743955154,37.178236901741144,14.0,0.0,36.0,-58.4,0.0,0.0,0.0,0.0,0.0,0.0,0.0,0.0,0.0,0.0
2026-06-10 20:06:43,2.020414788218538,-1.454928910150428,-0.8596875959725425,-0.7160308969288556,-0.6572632461897916,2.114160594714317,2.148725198474029,-0.20474089699689557,36.892228920110966,36.881055461074645,36.87455784127908,14.0,0.0,36.0,62.0,0.0,0.0,0.0,0.0,0.0,0.0,0.0,0.0,0.0,0.0
2026-06-10 20:06:44,-1.590297069672666,2.516657069851936,2.8571544474275328,2.017777858493422,-2.9119015513844078,0.9728703057836707,1.3894057875117323,-2.3953906231196864,36.97613710841771,37.00242239015583,37.00828060168987,14.0,0.0,36.0,-100,0.0,0.0,0.0,0.0,0.0,0.0,0.0,0.0,0.0,0.0
2026-06-10 20:06:45,2.3078861823894448,0.852147871819616,1.4140123504570408,0.5859988022494074,-1.8933506961546296,-1.2988690551402302,-1.9969689751934474,-2.797293727341753,36.78043142365211,36.92403323553306,37.022910245539194,14.0,0.0,36.0,-60.2,0.0,0.0,0.0,0.0,0.0,0.0,0.0,0.0,0.0,0.0
2026-06-10 20:06:47,1.5111526538846967,-2.8924870263035,0.07547387592384336,-0.013900449272067128,1.6674412617628773,0.028805697322239254,-0.7111386428121951,-1.6685830695330297,36.8154939145553,37.085309761284066,37.05132263028816,14.0,0.0,36.0,72.5,0.0,0.0,0.0,0.0,0.0,0.0,0.0,0.0,0.0,0.0
2026-06-10 20:06:48,2.1588411291582235,-2.691497543559011,1.5676443038076808,2.340390427633361,-0.6037485260745208,0.27784029574850866,1.3808471186786218,-2.0830411606083135,36.80264457516597,37.02631503173258,37.07927543612544,14.0,0.0,36.0,29.9,0.0,0.0,0.0,0.0,0.0,0.0,0.0,0.0,0.0,0.0
2026-06-10 20:06:49,1.5469707632506626,0.03663508243303726,0.7390716255859435,2.8013327121126466,-2.5119391390352055,0.042288125066249016,2.0031167807567627,0.8383857451553984,36.63559704896408,37.145209417109804,36.93758687584156,14.0,0.0,36.0,-19.0,0.0,0.0,0.0,0.0,0.0,0.0,0.0,0.0,0.0,0.0
2026-06-10 20:06:50,-1.110311709855752,2.6455801314112932,-1.2676397712282943,2.8772246401942496,2.966664639064268,-2.8233533898206096,2.7731673050342627,2.320525182095773,37.008316521336376,37.2177200144986,37.173514873201725,14.0,0.0,36.0,-35.7,0.0,0.0,0.0,0.0,0.0,0.0,0.0,0.0,0.0,0.0
2026-06-10 20:06:51,2.078532753179264,-1.7026198400584578,0.12529551770072844,-0.33399616596008563,-2.537117260209196,1.4000152398272014,2.1486498070742517,2.6505414681851844,37.01823464527887,37.178050906125016,36.892225001032436,14.0,0.0,36.0,42.6,0.0,0.0,0.0,0.0,0.0,0.0,0.0,0.0,0.0,0.0
2026-06-10 20:06:52,-0.27555443934888935,-0.7118614484041448,-0.7950203103843423,0.4445287874378918,1.2026781529856603,-1.259741063561451,1.5925351466601052,2.354417154405473,36.71374363271633,37.009401721125656,36.852543780325846,14.0,0.0,36.0,39.1,0.0,0.0,0.0,0.0,0.0,0.0,0.0,0.0,0.0,0.0
2026-06-10 20:06:53,-1.6172079030407236,2.1699932107835753,1.685657346999216,-2.2831254936117613,-0.6884740720253535,-1.1584003562441125,0.17759120420274943,0.6577892274929207,36.875507105334606,36.8299225142328,36.798808758037936,14.0,0.0,36.0,-100,0.0,0.0,0.0,0.0,0.0,0.0,0.0,0.0,0.0,0.0
2026-06-10 20:06:54,1.5194716949204041,1.977324350396601,0.9076009622799863,0.17866926052451682,1.1927137717615572,-0.08265977016921511,-0.27243852817215153,-1.7089139962496969,36.668691634552786,37.127269884988216,36.919397541257396,14.0,0.0,36.0,-74.8,0.0,0.0,0.0,0.0,0.0,0.0,0.0,0.0,0.0,0.0
2026-06-10 20:06:55,1.1710677634496385,0.2795135986688728,-1.6200724532045074,-2.802024319833181,0.015443445571860615,2.710035807389567,-1.62431513849406,1.1400660726707432,36.6996833036161,36.881408006776944,36.916922448292866,14.0,0.0,36.0,35.2,0.0,0.0,0.0,0.0,0.0,0.0,0.0,0.0,0.0,0.0
2026-06-10 20:06:56,-0.24332821988398567,0.658100406623864,-2.584778287709659,-2.2031998735393152,2.4140692870295615,1.9963515892973813,-0.637278535954942,-2.923099140957244,36.92845970490452,37.38983637807943,37.120375091249294,14.0,0.0,36.0,50.5,0.0,0.0,0.0,0.0,0.0,0.0,0.0,0.0,0.0,0.0
2026-06-10 20:06:57,-1.5142962255711696,2.904418922411959,2.6044602000631123,0.6008684539979412,-1.3973331566989984,-2.948834395108097,-2.0090256964642577,-2.535623601992244,37.03658539745553,36.93460299302819,36.88541756884869,14.0,0.0,36.0,-100,0.0,0.0,0.0,0.0,0.0,0.0,0.0,0.0,0.0,0.0
2026-06-10 20:06:58,0.7109602353691598,2.8675185505920933,0.17102401209016005,-0.08008207615963059,-2.2018547337821817,0.45178549961011205,1.018652358200713,2.188851552403717,36.62840456648456,37.10562755883024,36.965389748646864,14.0,0.0,36.0,-77.8,0.0,0.0,0.0,0.0,0.0,0.0,0.0,0.0,0.0,0.0
2026-06-10 20:07:00,-2.1611629319154924,1.8408913428743165,2.019465658226264,-1.6855278359066852,-1.3420280711579162,2.929275560889513,-0.31528052463571,-2.7247388361810163,36.72899675559798,36.887739825408914,37.16345047485167,14.0,0.0,36.0,-98.5,0.0,0.0,0.0,0.0,0.0,0.0,0.0,0.0,0.0,0.0
2026-06-10 20:07:01,2.1267273522205556,2.2995356741104267,-1.3432589147897287,1.822389032789574,-1.9203897050276344,-0.1738121893639173,0.5408249370874616,-2.1885513248313657,36.90970950586036,36.846229612645914,36.94158494153233,14.0,0.0,36.0,-24.5,0.0,0.0,0.0,0.0,0.0,0.0,0.0,0.0,0.0,0.0
2026-06-10 20:07:02,-0.4426082063407275,2.582659663869416,-1.159284201960449,1.090015124149776,1.8145513864829521,-0.2685960466622199,1.1266442177563354,-1.5895529191161946,36.6380402719573,37.12124236959647,37.136302559614606,14.0,0.0,36.0,-36.4,0.0,0.0,0.0,0.0,0.0,0.0,0.0,0.0,0.0,0.0
2026-06-10 20:07:03,-2.320938080494091,-2.0560796669825963,-0.47188556175541274,-2.871715461816771,-1.203168861377409,-2.9931898150543708,-0.9787734070817375,2.381876626104196,37.04665664083415,37.01548850370981,36.77813257392411,14.0,0.0,36.0,63.4,0.0,0.0,0.0,0.0,0.0,0.0,0.0,0.0,0.0,0.0
2026-06-10 20:07:04,1.6140621322297903,-1.8437237712164354,-0.46663032910841107,-0.6728390465492762,-2.320178559613577,-0.5691984323302064,2.78098934627522,1.1165805511075133,36.578078182375826,37.315273597818496,37.23720846472266,14.0,0.0,36.0,60.8,0.0,0.0,0.0,0.0,0.0,0.0,0.0,0.0,0.0,0.0
2026-06-10 20:07:05,-2.407348704710528,0.1708866878866262,0.553504342066057,2.2847698884553838,1.735805325960193,1.4291220194963357,0.24539490926045993,-0.7652333848580044,36.82383580695003,36.92253555644502,36.790534891504926,14.0,0.0,36.0,-17.9,0.0,0.0,0.0,0.0,0.0,0.0,0.0,0.0,0.0,0.0
2026-06-10 20:07:06,2.3035318484662355,-1.143735494919808,-2.852161970448174,-0.8330974248921965,2.577111490110945,-0.5746254152799293,0.983478395442412,1.121796631094445,37.03324565667361,36.820846660978425,37.204465747164804,14.0,0.0,36.0,103.5,0.0,0.0,0.0,0.0,0.0,0.0,0.0,0.0,0.0,0.0
2026-06-10 20:07:08,-0.8743094061210455,0.6927276443026411,-0.28717150835834904,-0.23726974665728395,0.7766489065869027,1.1568820424721444,-2.18959674443969,-1.133569589490717,36.606010995785816,36.91286536374253,37.06597712777708,14.0,0.0,36.0,-11.0,0.0,0.0,0.0,0.0,0.0,0.0,0.0,0.0,0.0,0.0
2026-06-10 20:07:09,0.3580931604629196,-2.226813347780494,0.9079469889943588,-2.0944452210938853,0.616351778824046,0.11768594485745654,-0.4896619304860428,-1.525374297268041,36.678225858876026,36.95891533225,36.89530010205277,14.0,0.0,36.0,33.9,0.0,0.0,0.0,0.0,0.0,0.0,0.0,0.0,0.0,0.0
2026-06-10 20:07:10,1.4095483635608943,-2.1883827631480184,-1.29992543505692,-0.7552404001279784,-1.6234387840611624,0.8174189187223306,2.0179070295720756,-1.5496809809696726,36.50321348758724,37.03350258935776,37.079082134522636,14.0,0.0,36.0,91.6,0.0,0.0,0.0,0.0,0.0,0.0,0.0,0.0,0.0,0.0
2026-06-10 20:07:11,-1.060646333929818,1.0156193907654103,-0.6164860593916446,-0.3380491578145377,-0.6415408808277476,-1.974169737481125,0.16881664997479895,-0.3816917467881984,36.819425915971266,36.997565951496085,37.286783670978984,14.0,0.0,36.0,-11.2,0.0,0.0,0.0,0.0,0.0,0.0,0.0,0.0,0.0,0.0
2026-06-10 20:07:13,-2.3497882234389214,1.9274952992539678,2.602157886229304,1.8218250626970622,1.4518540075801036,-2.3515652611307836,-1.3830076251780106,-0.41212787568850295,36.60843402392174,37.22823130255314,37.05443628276839,14.0,0.0,36.0,-100,0.0,0.0,0.0,0.0,0.0,0.0,0.0,0.0,0.0,0.0
2026-06-10 20:07:14,-2.837209400536455,0.5478778994143174,-1.6762441170151503,-0.46932634065778966,-1.0630910620402731,-1.1966000289130514,-2.729196100716438,-2.9234622443534484,36.666298114072355,36.95500800849446,37.00527010040264,14.0,0.0,36.0,27.2,0.0,0.0,0.0,0.0,0.0,0.0,0.0,0.0,0.0,0.0
2026-06-10 20:07:15,2.216706902865843,-0.1976063533219845,-2.361828103631988,-0.5210658348918766,1.4649733280337234,-0.8063261740498913,0.48191674046882493,-1.7245893644289287,36.737949648329135,37.39236988989492,37.18510657689821,14.0,0.0,36.0,66.0,0.0,0.0,0.0,0.0,0.0,0.0,0.0,0.0,0.0,0.0
2026-06-10 20:07:17,1.2671948924644765,-0.01327414338858457,1.1889794642031308,1.5950627167784557,1.9220189205952822,-2.853055548900565,2.243773513509608,-0.5915769217271576,36.77156766744089,37.339334215827016,37.144746132839295,14.0,0.0,36.0,-30.7,0.0,0.0,0.0,0.0,0.0,0.0,0.0,0.0,0.0,0.0
2026-06-10 20:07:18,0.48505446817300646,-0.5788062931559388,-2.6238256416647525,-2.4106473613889823,-1.4158919832955204,2.3485799536430303,-1.7014105068700498,0.8485107503635749,37.028374584072495,36.80803838137647,36.934187174588715,14.0,0.0,36.0,83.1,0.0,0.0,0.0,0.0,0.0,0.0,0.0,0.0,0.0,0.0
2026-06-10 20:07:19,1.5141724184771697,-2.679733645610394,2.6742509466573807,-2.018057576001295,-1.0125999925687061,-0.5169549925782535,0.6782242207691578,-2.5836654936731325,36.646444323319,37.0006286859125,36.822369379767125,14.0,0.0,36.0,0.2,0.0,0.0,0.0,0.0,0.0,0.0,0.0,0.0,0.0,0.0
2026-06-10 20:07:20,-1.951522875448595,-1.6725181272378677,2.738654461189501,-0.48006610911952574,2.892226196250083,1.5451396384879548,-2.7171641442484247,0.5160643102543929,36.944386496320206,37.25914010269294,36.83477001773378,14.0,0.0,36.0,-28.2,0.0,0.0,0.0,0.0,0.0,0.0,0.0,0.0,0.0,0.0
2026-06-10 20:07:22,-1.8385849447034066,0.9294382219514334,0.7570485356465193,-0.1395006402304606,-1.3854547710173908,2.5205275763198918,2.687558004742546,-0.8236861021181725,36.567341930613004,37.373938349682874,36.855239254580816,14.0,0.0,36.0,-41.0,0.0,0.0,0.0,0.0,0.0,0.0,0.0,0.0,0.0,0.0
2026-06-10 20:07:23,-2.188831601558709,1.8374688858316546,-1.5869649177291674,2.842325561245783,-2.3358057635017015,1.415494582311286,0.027726052169655624,-2.7709007286049188,36.94259007428152,37.21602155073849,37.1408607614347,14.0,0.0,36.0,-5.8,0.0,0.0,0.0,0.0,0.0,0.0,0.0,0.0,0.0,0.0
2026-06-10 20:07:25,1.1928548604272189,-0.8029500849497779,0.2242945374380474,1.1932654202765471,-0.19617735813716708,2.5678703648764314,0.978529161805958,-2.023796379763826,36.95341646817033,37.041466666674125,37.034941868755844,14.0,0.0,36.0,16.7,0.0,0.0,0.0,0.0,0.0,0.0,0.0,0.0,0.0,0.0
2026-06-10 20:07:26,1.5220704778597938,-2.2953420860820763,-0.8297106099311082,-2.891948377918862,0.42219411140589846,0.3678778666026479,1.3901017245833431,2.4173188547841837,37.09000018777477,37.06834707686898,37.211708299448105,14.0,0.0,36.0,81.7,0.0,0.0,0.0,0.0,0.0,0.0,0.0,0.0,0.0,0.0
2026-06-10 20:07:27,0.7585233818786077,-0.1409054124704876,0.9933426007719355,0.5951911335493651,2.5992277811898568,2.9542858461888155,-1.796756739105765,-2.6011940698432316,37.030496143374464,37.17826507212873,36.9593815255199,14.0,0.0,36.0,-21.5,0.0,0.0,0.0,0.0,0.0,0.0,0.0,0.0,0.0,0.0
2026-06-10 20:07:28,2.05141639289089,-2.4993842006252445,0.6640240755867617,-0.5477233405203625,-1.1375632059896974,2.367075570652319,-0.8815194351842219,0.10728020919563486,37.09117515552038,37.10255612957575,36.78297778482095,14.0,0.0,36.0,48.2,0.0,0.0,0.0,0.0,0.0,0.0,0.0,0.0,0.0,0.0
2026-06-10 20:07:29,-1.452836835273821,2.7885049932221415,1.6250615181669446,1.1537712105225193,-1.37455273276235,-2.1992595211966597,0.23883920649957524,0.9167755595938507,37.06489036900516,37.27684118181152,37.06820477436331,14.0,0.0,36.0,-100,0.0,0.0,0.0,0.0,0.0,0.0,0.0,0.0,0.0,0.0
2026-06-10 20:07:31,1.2444909374342359,-0.7133611126642769,0.7266798881897247,0.2247474552762423,0.21222463288058924,2.963880928606173,1.478591305787666,-2.020262513510111,37.090980519782995,37.1945850958005,37.25956001471017,14.0,0.0,36.0,1.9,0.0,0.0,0.0,0.0,0.0,0.0,0.0,0.0,0.0,0.0
2026-06-10 20:07:32,1.9880626427112151,2.843715368459611,-0.39985710083825854,2.1120772085978974,0.4918847409580991,-2.3889081690423977,-2.8706847715136936,-2.318802618122767,36.73102586491374,37.30864132015412,37.25578005544616,14.0,0.0,36.0,-65.8,0.0,0.0,0.0,0.0,0.0,0.0,0.0,0.0,0.0,0.0
2026-06-10 20:07:33,-2.4984789214221363,-0.2062809510972059,-2.160480975269688,2.7925122487853775,0.180875644036802,0.19243874514073944,2.8611538873385385,-2.711628624477192,36.9279845236678,37.24309046772738,36.847818189509894,14.0,0.0,36.0,62.7,0.0,0.0,0.0,0.0,0.0,0.0,0.0,0.0,0.0,0.0
2026-06-10 20:07:34,2.588824075651809,0.20406628928725823,0.11174650195314495,2.9319373114422334,-1.2745710154436085,0.16258005198473047,-1.8314956445964177,-0.5918250903946594,36.78494316826801,36.94189946553061,36.86056214588756,14.0,0.0,36.0,-9.0,0.0,0.0,0.0,0.0,0.0,0.0,0.0,0.0,0.0,0.0
2026-06-10 20:07:35,1.8242596644277702,2.5848721946991375,2.5682894926932924,-0.6165020747572951,1.204464168289988,-2.6058666107072828,-1.545557038120663,-2.7898532534650204,36.9920632624439,37.09665285174735,37.17743293384521,14.0,0.0,36.0,-100,0.0,0.0,0.0,0.0,0.0,0.0,0.0,0.0,0.0,0.0
2026-06-10 20:07:36,-2.1802125695498136,-1.838649347818455,-2.2040939375667525,0.9559113961887,0.6470343709623969,1.7436255397078755,-2.655487320905311,0.8037179259913065,36.94886784456166,36.905500103517326,37.19958222687419,14.0,0.0,36.0,104.1,0.0,0.0,0.0,0.0,0.0,0.0,0.0,0.0,0.0,0.0
2026-06-10 20:07:37,1.2910920115456639,-0.5420310671693507,-2.104727828391909,2.5900620140296633,1.9394019751959455,1.2846525120278365,-1.498871399036101,-2.7739270095157904,37.02902620299296,37.385293803452136,37.04424571969154,14.0,0.0,36.0,68.3,0.0,0.0,0.0,0.0,0.0,0.0,0.0,0.0,0.0,0.0
2026-06-10 20:07:39,-2.667197118523551,1.324611996569364,1.6065482128669624,1.226559003503219,-0.18263528574130383,2.4697586823950237,2.5256241723845108,0.914106865160841,37.021063780148296,37.0927916106869,36.89499421259541,14.0,0.0,36.0,-73.3,0.0,0.0,0.0,0.0,0.0,0.0,0.0,0.0,0.0,0.0
2026-06-10 20:07:40,0.12764134856999032,-1.7630897984807963,-2.0411754027264277,1.9034468012134411,2.763836832814331,-1.7123294266632634,2.4417862273721402,-1.5889096918787364,36.6405548646154,36.80735020778787,36.95569920109172,14.0,0.0,36.0,98.7,0.0,0.0,0.0,0.0,0.0,0.0,0.0,0.0,0.0,0.0
2026-06-10 20:07:41,1.125615239147237,-1.9965826119493606,-0.48567205845459505,-2.69991336860475,1.246810667874768,-1.8655076104789314,-2.318264246598016,-1.8944182998438555,36.64315358248979,36.95651357056092,36.721846802368525,14.0,0.0,36.0,62.1,0.0,0.0,0.0,0.0,0.0,0.0,0.0,0.0,0.0,0.0
2026-06-10 20:07:42,1.3239771237883513,-0.07765346114297689,1.0127386142254675,0.27956451584555,1.399064305054818,-2.884275139830507,2.4814183017785574,2.9300740777477046,36.985837793102064,37.123960495145084,36.80778858993605,14.0,0.0,36.0,-24.4,0.0,0.0,0.0,0.0,0.0,0.0,0.0,0.0,0.0,0.0
2026-06-10 20:07:44,1.4337540276674092,1.2596558500562374,0.3910269744639798,-2.594998243110352,1.8856828287138239,-0.02754194542630195,0.6919336964736695,0.9569243611303344,36.65186893664515,37.02777339438834,37.116975473110685,14.0,0.0,36.0,-42.4,0.0,0.0,0.0,0.0,0.0,0.0,0.0,0.0,0.0,0.0
2026-06-10 20:07:45,2.811427788708781,-1.8660026572433324,-1.3550489877108212,0.23902398244637268,0.40705372732323664,-2.3728223689120354,-1.1669295088305005,2.6831094132241793,36.83287691745139,37.10275559588122,37.19775006695503,14.0,0.0,36.0,81.5,0.0,0.0,0.0,0.0,0.0,0.0,0.0,0.0,0.0,0.0
2026-06-10 20:07:46,-1.7688128842017992,0.16640585303055255,-1.548325193261874,0.7855979661947767,-2.922357305851647,0.2663853362470894,-2.0795162739895083,0.1622943066493816,37.09471292712662,37.30644726626535,37.2797426288291,14.0,0.0,36.0,34.8,0.0,0.0,0.0,0.0,0.0,0.0,0.0,0.0,0.0,0.0
2026-06-10 20:07:48,1.5163485969969042,0.03407043706505597,-1.319184973701124,-2.2208369857436323,-1.0335114960863943,-1.7574145536213224,0.2511333500484825,-0.07288230100248771,37.0384871401501,37.36086362461903,36.97852040609482,14.0,0.0,36.0,32.5,0.0,0.0,0.0,0.0,0.0,0.0,0.0,0.0,0.0,0.0
2026-06-10 20:07:49,-0.6179169339787411,2.6706169887186864,-2.424009165383718,-0.40995284124778886,-1.5917235148168756,2.4697283580574316,-2.9275764909644697,-1.0552077124149817,37.022852582233384,36.99105590084117,37.13375339167595,14.0,0.0,36.0,-6.6,0.0,0.0,0.0,0.0,0.0,0.0,0.0,0.0,0.0,0.0
2026-06-10 20:07:50,2.9727748250961437,-2.593676878382336,-1.2013115213944874,-0.7951417733757831,2.7883089772242737,-2.0350909035394475,0.42412978174672045,-2.47970513774819,36.90834784860232,36.90873089499048,36.881118476359475,14.0,0.0,36.0,97.3,0.0,0.0,0.0,0.0,0.0,0.0,0.0,0.0,0.0,0.0
2026-06-10 20:07:51,0.39715352723152897,0.4804838541648584,0.6906399319639926,0.5264079844833089,1.4049004166716088,-2.49967534354426,0.08672496570282195,2.4104118305050246,36.82444260134439,37.388573456449556,36.93531394566128,14.0,0.0,36.0,-31.5,0.0,0.0,0.0,0.0,0.0,0.0,0.0,0.0,0.0,0.0
2026-06-10 20:07:53,1.0633998918621366,0.5605807449359519,1.0298525036816413,-2.1071070368243587,2.210995152245836,0.2388855400151435,-0.2522772585686024,2.194435840401029,36.753393915902016,37.019006733706995,36.786525122468014,14.0,0.0,36.0,-41.1,0.0,0.0,0.0,0.0,0.0,0.0,0.0,0.0,0.0,0.0
2026-06-10 20:07:54,-0.38799744529628555,2.2516559447919002,-2.9141508237502194,1.2336150864758721,-0.8180188990496071,2.3388460563325513,0.25948722103545485,-1.5394150356842313,36.93615736940098,37.13425263970349,37.04214260618008,14.0,0.0,36.0,18.4,0.0,0.0,0.0,0.0,0.0,0.0,0.0,0.0,0.0,0.0
2026-06-10 20:07:55,0.5589626610505931,2.173985066258341,0.3276755062067451,-0.03028921134667062,-0.4385155124536766,-2.8849495769213296,-2.533063411354833,1.399785850632628,36.7905707414859,36.96924506174813,37.175478836273356,14.0,0.0,36.0,-67.4,0.0,0.0,0.0,0.0,0.0,0.0,0.0,0.0,0.0,0.0
2026-06-10 20:07:56,2.8576612938156343,-2.6891050506215297,-0.2660938126572754,0.11201689679945792,-0.09396266197682657,1.0626820824723016,-1.5329031524312364,0.9868165594942271,36.5641255091499,36.93119915870516,37.2149528314705,14.0,0.0,36.0,76.2,0.0,0.0,0.0,0.0,0.0,0.0,0.0,0.0,0.0,0.0
2026-06-10 20:07:57,1.044450914213888,0.6371590720488549,0.041025657253948467,-0.38764704314526055,-1.630814124026474,0.97093488811073,2.6549993369174416,0.9258894256493289,36.7267653841924,36.84252582204969,36.80128656866097,14.0,0.0,36.0,-15.7,0.0,0.0,0.0,0.0,0.0,0.0,0.0,0.0,0.0,0.0
2026-06-10 20:07:58,-2.0000248013014783,-2.939673640462577,-2.7093482524023047,-2.418693312227526,-1.0743093727677429,-0.8119997523157814,2.5238530167476316,-2.043598537338493,37.01019671348088,36.80000014421199,37.2481866030912,14.0,0.0,36.0,146.9,0.0,0.0,0.0,0.0,0.0,0.0,0.0,0.0,0.0,0.0
2026-06-10 20:07:59,2.356284005317238,-1.9081204247558996,0.09487070033160272,-2.046492388803796,2.4087588238791966,-0.34497012566174146,-1.6400344466159849,-1.5237027098164033,36.7488619442568,37.02273841832792,36.85317164516909,14.0,0.0,36.0,45.9,0.0,0.0,0.0,0.0,0.0,0.0,0.0,0.0,0.0,0.0
2026-06-10 20:08:01,0.966561796267535,-0.20297131509620137,1.1583640051241773,-2.09654231060145,-1.581261701335879,-0.047105505286573646,-2.86646304734701,-1.2455410128229765,36.55803669766731,36.995684552448694,37.019717315503556,14.0,0.0,36.0,-26.2,0.0,0.0,0.0,0.0,0.0,0.0,0.0,0.0,0.0,0.0
2026-06-10 20:08:02,1.5537064398198979,-1.2155974483576066,-0.3699927921591257,-0.7788065066799907,-2.2152326833116307,-0.42829650769814087,1.25399159873702,1.416048178703659,36.8325877534256,36.811222454975315,36.89198839196146,14.0,0.0,36.0,41.4,0.0,0.0,0.0,0.0,0.0,0.0,0.0,0.0,0.0,0.0
2026-06-10 20:08:03,1.5806441967481648,-0.9342258455360497,2.344667483072394,-1.8765354039731956,-2.0082132445730405,2.6208378138149735,-2.036057339437993,-2.795925807984431,36.76306486273353,37.29413336494991,37.21146909745699,14.0,0.0,36.0,-36.2,0.0,0.0,0.0,0.0,0.0,0.0,0.0,0.0,0.0,0.0
2026-06-10 20:08:05,2.641763220199598,2.778620448201101,1.0953948437376972,0.05165759272825721,-0.7396470814332581,-1.639569294798043,-1.683996187011235,-0.37576835715418877,36.90624882894698,37.3189537400787,36.79429549941256,14.0,0.0,36.0,-100,0.0,0.0,0.0,0.0,0.0,0.0,0.0,0.0,0.0,0.0
2026-06-10 20:08:06,2.8232859879804773,2.936928888149101,2.1095003968285777,-0.31011356611018037,0.8848088845404805,0.500378271308191,1.4294887208124285,0.7631957095785844,36.963138283371904,37.357077251578744,37.19143581947728,14.0,0.0,36.0,-100,0.0,0.0,0.0,0.0,0.0,0.0,0.0,0.0,0.0,0.0
2026-06-10 20:08:07,2.3423030080937135,-2.5639680522901394,1.7386634797837281,-1.8363902589791856,2.2846156974017093,-0.39327752446627695,1.2297629862086055,0.2958159591063483,37.0913565619113,36.81211152256761,36.98515281231707,14.0,0.0,36.0,21.8,0.0,0.0,0.0,0.0,0.0,0.0,0.0,0.0,0.0,0.0
2026-06-10 20:08:09,-2.311365223826279,-1.6213920105773179,2.5417188753865982,-1.074550935993342,-2.9746926820976913,-1.0355826436751765,1.8789974898979418,-2.271644032292739,36.73562767661097,37.24547992895181,37.10405438665735,14.0,0.0,36.0,-23.4,0.0,0.0,0.0,0.0,0.0,0.0,0.0,0.0,0.0,0.0
2026-06-10 20:08:10,2.571532877290177,0.1566983046415027,-2.510537759192143,1.6469301472359286,-2.5387849750923834,-1.3895190239399848,-2.3395334304614885,2.327516768961944,36.80502196465272,37.28540091886917,36.774507504673196,14.0,0.0,36.0,59.0,0.0,0.0,0.0,0.0,0.0,0.0,0.0,0.0,0.0,0.0
2026-06-10 20:08:11,-1.7628706750755776,-2.81857410744828,-1.462158508292918,0.1943077981933774,2.361434441937071,0.6718031468351664,-1.0471301774715236,1.3415403653520066,37.08287398444004,37.20372712454772,36.891310528595106,14.0,0.0,36.0,110.5,0.0,0.0,0.0,0.0,0.0,0.0,0.0,0.0,0.0,0.0
2026-06-10 20:08:12,-0.14476806627302974,2.5495130812255358,-2.3302415488579094,1.935999391101623,2.9778747182393186,0.9187414978022206,0.5084803709784174,-2.2484459714928944,36.81102923107016,36.832844854799404,37.225072477473866,14.0,0.0,36.0,-5.0,0.0,0.0,0.0,0.0,0.0,0.0,0.0,0.0,0.0,0.0
2026-06-10 20:08:14,1.1110797101420076,1.04406240121385,1.8567232012087889,1.7305120895804382,1.0288869240293117,2.91857365242341,1.034030021723117,-1.3001931683816323,36.52346905797979,36.858688280669824,37.01978240728326,14.0,0.0,36.0,-73.0,0.0,0.0,0.0,0.0,0.0,0.0,0.0,0.0,0.0,0.0
2026-06-10 20:08:15,0.8327990102149334,-2.703435460775842,2.7549915904470774,-1.1718062252719115,-1.2403515793569995,-0.041609225877792255,0.2450135929973407,1.738725706660718,36.910518233554654,37.17123952893684,37.083330407508626,14.0,0.0,36.0,-1.2,0.0,0.0,0.0,0.0,0.0,0.0,0.0,0.0,0.0,0.0
2026-06-10 20:08:16,0.06829926677190956,-1.9270268453602897,-2.3445858981602266,1.195275583107053,0.46786076314019365,-1.2676109044425612,-2.8931997573466677,-2.186321350842505,36.92642122337367,36.94359868220623,37.01534163321013,14.0,0.0,36.0,108.4,0.0,0.0,0.0,0.0,0.0,0.0,0.0,0.0,0.0,0.0
2026-06-10 20:08:17,-0.12043589511088548,1.1659591996387402,-1.0673317391120016,2.1070707943883056,2.1761220918488506,-1.9124931474382685,-1.0150364967789371,-0.9707069883165893,37.012745317903466,37.190393726222,37.25435508092595,14.0,0.0,36.0,-4.0,0.0,0.0,0.0,0.0,0.0,0.0,0.0,0.0,0.0,0.0
2026-06-10 20:08:18,-2.5411115704461804,-1.8290078282804823,1.7709360549179536,-1.2665919252245068,1.1757524105315982,-1.5136214074885097,-1.2214024224644944,-1.694184871401464,36.933693037535555,37.366016691878706,36.756954668591916,14.0,0.0,36.0,0.1,0.0,0.0,0.0,0.0,0.0,0.0,0.0,0.0,0.0,0.0
2026-06-10 20:08:19,2.29770131969852,-2.049696140897346,0.9571880546308074,1.3893680811361024,-2.4736280564521778,1.7211135431328417,-1.0024428175492717,-1.3162490358093213,37.09295248786488,37.0955674562695,37.14984949260848,14.0,0.0,36.0,28.6,0.0,0.0,0.0,0.0,0.0,0.0,0.0,0.0,0.0,0.0
2026-06-10 20:08:21,-0.004359819219950989,-1.4365562820793287,-2.1700261659330504,-1.6879853723376066,1.8833431893210362,-1.1022636654924625,-1.6583914038762737,-2.3345974089732935,36.572110225932924,37.38115012566095,36.81167248135917,14.0,0.0,36.0,91.9,0.0,0.0,0.0,0.0,0.0,0.0,0.0,0.0,0.0,0.0
2026-06-10 20:08:22,-2.706557161041825,-0.3951607994497568,-1.8999094677489061,-1.935261577240917,-0.7113994882079688,-2.3744676542706573,-2.7550720143147895,-0.5025726048008856,37.08359923678708,37.35463549691004,37.199759779561475,14.0,0.0,36.0,56.8,0.0,0.0,0.0,0.0,0.0,0.0,0.0,0.0,0.0,0.0
2026-06-10 20:08:23,0.23750317980241453,-2.8739241276072987,-2.010891643132249,-1.4911501934077305,-1.785507251257804,-0.45877591058935785,2.9675326880129553,0.6933941427774828,36.77804356839262,37.34428426291252,37.031506424205055,14.0,0.0,36.0,127.6,0.0,0.0,0.0,0.0,0.0,0.0,0.0,0.0,0.0,0.0
2026-06-10 20:08:24,-1.0554322500025821,-0.4440339326918581,2.8774446556827193,2.685669622343819,2.630891377157166,0.6457750374012781,-1.494172138897818,-2.7590118312958447,36.92905917028229,37.01029276028316,36.82496382079341,14.0,0.0,36.0,-63.3,0.0,0.0,0.0,0.0,0.0,0.0,0.0,0.0,0.0,0.0
