Timestamp,PT-3,PT-4,PT-5,PT-6,PT-7,PT-8,PT-9,PT-10,Temperatura EF,Temperatura SF,Temperatura Tanque,Setpoint Conductividad,Salida Conductividad,Setpoint Temperatura,Presión Transmembrana,Nivel,Valvula 27,C. Deareación,Protector Calefactor,Aire en Sangre,Sangre en dializante,Purga de aire,Cond. Sensor patrón,Temp. Sensor patrón,Cond. Sensor raw
2026-06-10 17:43:12,1.6160772257772518,-1.6006725137163138,2.859082007003649,-0.6385258022251721,-2.342599574605012,1.683635892371778,1.8279878698255345,2.7418298923001263,36.97673623625305,36.90905440611788,36.99867856238909,14.0,0.0,36.0,-30.8,0.0,0.0,0.0,0.0,0.0,0.0,0.0,0.0,0.0,0.0
2026-06-10 17:43:13,-2.544138924972953,1.90487105192466,0.5658804101375914,0.7343865867827288,1.2973557506038773,-1.0366268156324037,-2.253704054023678,-1.7643196558703675,36.864104609780895,37.009895584679,37.206577879970986,14.0,0.0,36.0,-65.5,0.0,0.0,0.0,0.0,0.0,0.0,0.0,0.0,0.0,0.0
2026-06-10 17:43:14,-0.6518932935424528,-1.3155997698109958,-2.4884429370196592,2.3269384359752685,0.5963895519443172,2.367722445066928,-1.7586689561097477,1.76913091688205,36.79252194190609,36.89587865868747,37.20895881366768,14.0,0.0,36.0,98.7,0.0,0.0,0.0,0.0,0.0,0.0,0.0,0.0,0.0,0.0
2026-06-10 17:43:16,-1.2724341663687253,2.068280800178446,2.323430244080944,-1.8836756428930324,0.12445814051996695,-0.358919058170315,-0.0682847328452505,2.843914408168099,37.02688680873516,37.0139950144279,37.10702459170604,14.0,0.0,36.0,-100,0.0,0.0,0.0,0.0,0.0,0.0,0.0,0.0,0.0,0.0
2026-06-10 17:43:17,2.3825484889236703,-2.154139240662187,-1.2012854593802027,2.564531875789294,0.13821249026258364,0.6692411238509295,0.758445601590533,-0.4326093287786783,36.92704588163671,37.176255076238995,36.98457845160043,14.0,0.0,36.0,87.5,0.0,0.0,0.0,0.0,0.0,0.0,0.0,0.0,0.0,0.0
2026-06-10 17:43:18,-1.245671005558463,1.7789050389147336,-0.03209368428930226,2.5609482676154904,-1.6527785849571714,-0.2913204623785699,1.7835774918760672,2.5881885254042896,36.57380284960789,37.058152351555435,37.0322450171483,14.0,0.0,36.0,-44.4,0.0,0.0,0.0,0.0,0.0,0.0,0.0,0.0,0.0,0.0
2026-06-10 17:43:19,-0.8922183012256246,2.672285843833535,2.9493721121369,2.071904572534443,0.2794591982691417,2.707578191540847,0.3234299975451078,-0.4850973341379543,36.63704528644932,36.948053069122466,37.268664907874225,14.0,0.0,36.0,-100,0.0,0.0,0.0,0.0,0.0,0.0,0.0,0.0,0.0,0.0
2026-06-10 17:43:20,-1.5084100059006418,1.7626182955572602,2.4681154881562897,1.8200818659955162,0.14625140370268142,2.729607930218476,2.9944274146347354,0.16057388024179664,36.53121662788324,37.26583900349092,36.91769946066959,14.0,0.0,36.0,-100,0.0,0.0,0.0,0.0,0.0,0.0,0.0,0.0,0.0,0.0
2026-06-10 17:43:21,-2.3099390733271923,0.48294672641667535,-2.3338407993842143,-2.714085159023077,-1.3411594897806038,-2.4297754516673136,0.05346703442410217,1.800319439405282,36.88002134183355,37.11824609224159,36.93997119946955,14.0,0.0,36.0,46.7,0.0,0.0,0.0,0.0,0.0,0.0,0.0,0.0,0.0,0.0
2026-06-10 17:43:22,-2.7224285792651948,2.3322069311616307,0.05829445650739551,-1.59831160931721,-1.0447570816806118,1.157072610201995,-2.685786629646943,1.6649097984654553,36.55305095480611,37.21003134905239,36.93000438079291,14.0,0.0,36.0,-62.6,0.0,0.0,0.0,0.0,0.0,0.0,0.0,0.0,0.0,0.0
2026-06-10 17:43:24,-0.32798586660553575,0.2460207108298027,1.2392573172456798,-2.346372805254397,-0.5866422365624895,1.8457726813606516,1.4985624401518072,-2.5241399859235787,36.62557556141832,37.22956903516594,37.277390870564716,14.0,0.0,36.0,-36.7,0.0,0.0,0.0,0.0,0.0,0.0,0.0,0.0,0.0,0.0
2026-06-10 17:43:25,-1.0280360590862836,-2.2230502178221916,-2.153771395227361,2.8971326962753103,-0.13522064334228556,-1.4415126609505424,-2.0558657380826117,-2.300185810355117,37.09889621169809,37.25629332650327,36.88011148574937,14.0,0.0,36.0,111.4,0.0,0.0,0.0,0.0,0.0,0.0,0.0,0.0,0.0,0.0
2026-06-10 17:43:26,-2.515543697176529,0.49939050391752104,1.2995559746142407,1.1941785716816504,-2.2950122041548706,2.528011619230874,-0.47369945538207325,-2.028846501660313,36.644923336992456,36.97832881947787,37.25535187897757,14.0,0.0,36.0,-45.5,0.0,0.0,0.0,0.0,0.0,0.0,0.0,0.0,0.0,0.0
2026-06-10 17:43:27,-0.6034210319155395,-1.9282988221125645,-0.6853512162006341,-0.46619642736651734,1.1415103244750453,-1.7723704276834598,-2.793268433138098,-2.8816387208963086,36.621002373260644,37.25437766924901,36.81134976735191,14.0,0.0,36.0,65.3,0.0,0.0,0.0,0.0,0.0,0.0,0.0,0.0,0.0,0.0
2026-06-10 17:43:28,-0.7353550343028332,-2.3547701196648347,-2.5022622692804055,-1.4572563555675606,0.42982913317415505,-2.489986323580882,1.9872863947641601,2.6838839584090586,36.80189853747118,37.3812624382782,36.775079743956084,14.0,0.0,36.0,125.3,0.0,0.0,0.0,0.0,0.0,0.0,0.0,0.0,0.0,0.0
2026-06-10 17:43:29,-0.7341230090950379,-0.8999475230911225,-2.316660278196345,2.0386702446971654,1.4981379144396705,-0.9159091287665673,-2.751104451016738,-0.209684642087693,37.07819444990111,37.28510159681889,37.08427063475164,14.0,0.0,36.0,81.3,0.0,0.0,0.0,0.0,0.0,0.0,0.0,0.0,0.0,0.0
2026-06-10 17:43:30,1.4845039075896596,-2.445401555203108,2.038696753089223,2.697140624522156,-1.8845196759483909,-2.0323984714466627,1.0658872143917728,-0.1884039644530624,37.084121888604955,37.06288734004143,36.96257063752538,14.0,0.0,36.0,10.0,0.0,0.0,0.0,0.0,0.0,0.0,0.0,0.0,0.0,0.0
2026-06-10 17:43:32,2.533617615143985,-0.4666599814132013,-1.317567032551453,2.471127352412603,0.18151747742361968,1.3815297449034798,-1.8406841780475642,-0.1758518741145032,36.90967305258375,37.28673998522175,36.88114963776688,14.0,0.0,36.0,45.9,0.0,0.0,0.0,0.0,0.0,0.0,0.0,0.0,0.0,0.0
2026-06-10 17:43:33,1.2616957500872248,-1.8730231413793004,1.4920548745813988,-2.449868688911454,-1.4655476614713487,-2.3548540220416703,-0.2787647037543106,-2.011797449871976,36.77749504593127,37.26831658330667,36.89640526087679,14.0,0.0,36.0,8.5,0.0,0.0,0.0,0.0,0.0,0.0,0.0,0.0,0.0,0.0
2026-06-10 17:43:34,0.19382748181780807,0.6461863193056576,0.6570444117663365,-0.8308656331014532,1.1379910849361305,1.3343254222003624,2.879356469513554,-0.9504810131711707,36.665246588866985,37.28474162918051,36.791961133717315,14.0,0.0,36.0,-31.6,0.0,0.0,0.0,0.0,0.0,0.0,0.0,0.0,0.0,0.0
2026-06-10 17:43:35,0.5046826243015934,2.6148069466643493,-2.5849953826449186,-0.37831978575824143,-2.9190220592225504,-1.751507489222244,2.881355987802353,1.6015854813210462,36.59906647322726,37.30116781592853,36.70629030696766,14.0,0.0,36.0,-0.2,0.0,0.0,0.0,0.0,0.0,0.0,0.0,0.0,0.0,0.0
2026-06-10 17:43:37,1.6743487751321382,0.09502206268370283,-2.210106808502018,-0.2441181335798368,1.442557998958712,-2.4353889692255635,1.7748421288082668,-1.9725705414770756,36.72383520372355,37.003037163557416,36.80121361169033,14.0,0.0,36.0,54.4,0.0,0.0,0.0,0.0,0.0,0.0,0.0,0.0,0.0,0.0
2026-06-10 17:43:38,-1.3987679380700475,-2.8602831574648047,-2.0648295145145292,2.278140628056195,-2.6986028282837475,-0.16101430823171237,1.2120148200971572,2.2417600595974854,36.72309273498357,37.378733785191706,37.18869680345379,14.0,0.0,36.0,127.9,0.0,0.0,0.0,0.0,0.0,0.0,0.0,0.0,0.0,0.0
2026-06-10 17:43:39,1.0717975059841347,1.4342571538662865,0.9341429133988637,1.4209898596134938,-0.7267121812469322,-2.8267230351930794,-2.904178628315081,0.19680158256643754,36.60200308034856,36.84648475316556,37.250682942321646,14.0,0.0,36.0,-64.1,0.0,0.0,0.0,0.0,0.0,0.0,0.0,0.0,0.0,0.0
2026-06-10 17:43:40,-2.929971943267226,-0.16805956556001655,1.9723272410595225,2.6179403092310967,1.1369701465447086,2.5532331404237194,-1.4686905724527899,-1.9224272665732693,36.698233646543265,37.067430058849865,37.11724205803254,14.0,0.0,36.0,-46.1,0.0,0.0,0.0,0.0,0.0,0.0,0.0,0.0,0.0,0.0
2026-06-10 17:43:41,-0.4373546270123514,2.7036738922164645,-0.043119727760549065,-2.0606058700508774,1.9124774974781396,2.3851907219842223,-1.9680035097553428,-2.8861147995563057,37.04846625157584,37.25624123521664,37.15014880228104,14.0,0.0,36.0,-68.6,0.0,0.0,0.0,0.0,0.0,0.0,0.0,0.0,0.0,0.0
2026-06-10 17:43:43,0.16908323258506197,0.17943346957247375,0.9090453206509252,-0.18935181053001582,-1.4130800938160204,-0.851352330266562,0.026324500205141987,1.644109383089205,36.81591609667346,36.89691618881863,36.962807470054436,14.0,0.0,36.0,32.9,0.0,0.0,0.0,0.0,0.0,0.0,0.0,0.0,0.0,0.0
2026-06-10 17:43:44,-2.5710593900709564,1.9801873647285673,-2.4839223757580937,-0.6931718208650404,0.9431468649969532,-2.019576066715811,-0.04439454196356163,-2.6449647296576595,37.08123433211118,37.20293829635209,36.84521413480228,14.0,0.0,36.0,32.9,0.0,0.0,0.0,0.0,0.0,0.0,0.0,0.0,0.0,0.0
2026-06-10 17:43:45,0.28046310819334774,-1.4135457977311263,1.2919808081054134,-1.8167957345660577,0.7559333631525034,-0.05095479011117643,0.24245562971841483,2.726167371586289,37.00859214192506,37.0809794258427,37.09953564509089,14.0,0.0,36.0,32.9,0.0,0.0,0.0,0.0,0.0,0.0,0.0,0.0,0.0,0.0
2026-06-10 17:43:47,2.0608323229535817,0.8337350336669047,-1.141421869955957,-2.3353324757235856,0.12794402709471253,-0.4468725128528046,-0.21177294697036242,-1.5229381074348192,36.65041733279881,37.16366863923708,37.062958774847765,14.0,0.0,36.0,32.9,0.0,0.0,0.0,0.0,0.0,0.0,0.0,0.0,0.0,0.0
2026-06-10 17:43:48,1.9375527528222296,2.307255318404983,2.0465547975471328,2.100515499794068,-2.0204671990665872,0.030022048109763944,-0.5407946677768249,-2.753593826213775,36.86231032455931,36.93846999490406,36.93384786610521,14.0,0.0,36.0,32.9,0.0,0.0,0.0,0.0,0.0,0.0,0.0,0.0,0.0,0.0
2026-06-10 17:43:49,0.799580664991892,0.26744169981667554,0.279254756828764,-2.2901501055506994,2.5351421031889885,1.0782057650928554,-1.8397702871824175,-0.10187586880084787,36.70731487609768,37.16508883664449,36.808855635479894,14.0,0.0,36.0,32.9,0.0,0.0,0.0,0.0,0.0,0.0,0.0,0.0,0.0,0.0
2026-06-10 17:43:50,1.316921281020921,-0.969447025595239,-2.444820169901009,1.7605004280176253,-0.6760948114909984,-1.418484266720204,-2.197897346305683,-0.7308516725501191,36.96696120497436,36.80782377179449,36.744645756004054,14.0,0.0,36.0,32.9,0.0,0.0,0.0,0.0,0.0,0.0,0.0,0.0,0.0,0.0
2026-06-10 17:43:52,0.23168457050350133,2.187135817878392,1.0904741332867687,-2.8753448031303,0.6697422814642646,0.7369468447833407,-1.709222734611407,0.0590128316449503,37.03337929172358,37.23751599341031,37.285470573241035,14.0,0.0,36.0,32.9,0.0,0.0,0.0,0.0,0.0,0.0,0.0,0.0,0.0,0.0
2026-06-10 17:43:53,-0.9380514101675015,-1.1370304709208052,-1.3295667520899324,-2.598178907398693,2.371573698246152,2.333960180508205,2.5305286770245736,1.750020022520638,37.02334333854367,37.021747714547416,37.086988616360614,14.0,0.0,36.0,32.9,0.0,0.0,0.0,0.0,0.0,0.0,0.0,0.0,0.0,0.0
2026-06-10 17:43:54,-2.3673270053093445,-0.9611825711699069,-2.5251608445761393,-2.5179042913553813,0.22239607653159466,-1.0951332237630287,1.4741429171971987,2.331333859022701,36.71330763787663,37.246761845440034,36.85280026807994,14.0,0.0,36.0,32.9,0.0,0.0,0.0,0.0,0.0,0.0,0.0,0.0,0.0,0.0
2026-06-10 17:43:56,0.13550039924330282,1.8698348336964576,-0.24434420531518874,0.8230114967092721,-1.6263867050152236,1.2264981307318816,2.7192904155978956,1.7642877374916637,36.660134034054664,37.09418050789199,37.11890679644251,14.0,0.0,36.0,32.9,0.0,0.0,0.0,0.0,0.0,0.0,0.0,0.0,0.0,0.0
2026-06-10 17:43:57,-0.17525358290616655,-0.9115303627551783,0.3479246669787899,-0.2951099972114939,2.003570868435281,2.3569501657408978,-1.5486125130104411,-0.6176752918674633,36.66905059396291,36.99998763331596,36.89774707283817,14.0,0.0,36.0,32.9,0.0,0.0,0.0,0.0,0.0,0.0,0.0,0.0,0.0,0.0
2026-06-10 17:43:59,-1.2196260317991805,-0.47202053884849926,2.7024447220356507,-0.31556925477782105,-2.6477560837872236,-0.5576757676608466,1.235837023949225,2.555641460645605,37.072046022946815,37.16023307398715,37.192952216843764,14.0,0.0,36.0,32.9,0.0,0.0,0.0,0.0,0.0,0.0,0.0,0.0,0.0,0.0
2026-06-10 17:44:00,-0.06816539138958966,1.745554873696003,0.7595496344746007,-2.2762565751846138,1.1051441321288245,-0.1152828639336736,2.5613095841647553,1.467256756047762,36.809332257943524,37.36755094385012,37.19104402426702,14.0,0.0,36.0,32.9,0.0,0.0,0.0,0.0,0.0,0.0,0.0,0.0,0.0,0.0
2026-06-10 17:44:01,-2.583223993705615,2.90130469363426,-2.1503985914547847,1.8201129842534804,2.14835320455607,-1.254743694117192,1.0638261213983213,-1.428188094137185,36.941659238188215,37.30144127368628,37.05503609827059,14.0,0.0,36.0,32.9,0.0,0.0,0.0,0.0,0.0,0.0,0.0,0.0,0.0,0.0
2026-06-10 17:44:02,0.8003346661566018,-0.4608572718016113,1.8706037248930434,1.026440006380959,-1.5204332893035215,-1.7270365369962588,1.244482676017176,0.8065945708560518,36.61272357215997,37.15110146190523,36.819654203927065,14.0,0.0,36.0,32.9,0.0,0.0,0.0,0.0,0.0,0.0,0.0,0.0,0.0,0.0
2026-06-10 17:44:03,-2.1327813986654443,1.4404382934112405,-1.6861026215649952,1.540012418063709,2.185181721619098,0.4537281392304404,0.9525502823873886,1.3383511420743783,36.711445521098675,37.278830892540824,37.2636795090963,14.0,0.0,36.0,32.9,0.0,0.0,0.0,0.0,0.0,0.0,0.0,0.0,0.0,0.0
2026-06-10 17:44:04,-1.363333890091714,-1.6869865078641055,2.4969466146861574,-1.7667551251114195,-2.723669394139213,-0.5262859902176764,-2.8796710756113573,0.8401818872950058,36.77931007794971,36.932706411568184,37.15171713127538,14.0,0.0,36.0,32.9,0.0,0.0,0.0,0.0,0.0,0.0,0.0,0.0,0.0,0.0
2026-06-10 17:44:05,0.23810509662445867,-0.9917000013428661,-1.876910324036624,2.7927143967946924,-1.718350973120994,-0.5582280559704298,-1.095774519413288,-2.3455578114522373,36.73181801438653,37.04034213959535,37.168701791399975,14.0,0.0,36.0,32.9,0.0,0.0,0.0,0.0,0.0,0.0,0.0,0.0,0.0,0.0
2026-06-10 17:44:06,-2.9774585183881523,-2.634726313504509,2.7768958292790824,2.09794494182091,1.5010280375956366,2.558818467633931,2.3396970985384247,-0.6118191790865835,36.82405342444875,37.137183625578686,37.06278438423605,14.0,0.0,36.0,32.9,0.0,0.0,0.0,0.0,0.0,0.0,0.0,0.0,0.0,0.0
2026-06-10 17:44:07,-1.6137579255342367,-0.28476836765197566,1.475783331662055,0.37436776348700995,-1.7449863057331665,2.720098397157969,-0.4852374447069048,-0.31704431418158663,36.850188282559195,37.020389926416954,36.753761919012824,14.0,0.0,36.0,32.9,0.0,0.0,0.0,0.0,0.0,0.0,0.0,0.0,0.0,0.0
2026-06-10 17:44:08,0.4332350902876323,-2.7911068114959665,0.8445914326145507,-2.671718127463094,-1.0688883913491716,-1.108833827151966,-1.3394263614597222,0.6104139253165162,36.51288979091518,37.2567470903475,37.29853662293939,14.0,0.0,36.0,32.9,0.0,0.0,0.0,0.0,0.0,0.0,0.0,0.0,0.0,0.0
2026-06-10 17:44:09,-0.6890701190426753,2.5089969362212203,-2.299661348427593,2.9537701172640025,1.3163660231941057,0.22752704308163763,-0.015885772050894253,0.6981147605989695,37.04267203160411,37.32389226044626,37.13733689465288,14.0,0.0,36.0,32.9,0.0,0.0,0.0,0.0,0.0,0.0,0.0,0.0,0.0,0.0
2026-06-10 17:44:10,-0.38701817336375566,-2.2995138407969007,2.119351121085616,-0.10632611622734967,-2.9440029445791813,1.1534889693688566,-1.6082338915112995,0.8833293787728289,36.75718972216454,37.06297874407837,36.7963451849867,14.0,0.0,36.0,32.9,0.0,0.0,0.0,0.0,0.0,0.0,0.0,0.0,0.0,0.0
2026-06-10 17:44:11,-1.3034571380154907,-1.1090773696348426,-0.20524315740122479,-1.830365702816858,-2.314236058396556,2.2284823212230807,-2.102668438419938,0.13360899074899057,36.67422161189899,36.894448710154926,36.76438345698655,14.0,0.0,36.0,32.9,0.0,0.0,0.0,0.0,0.0,0.0,0.0,0.0,0.0,0.0
2026-06-10 17:44:13,0.10500884678855815,-1.822879747376598,1.3405671351698736,-1.6646963564716415,-2.3888186882452347,-1.3186476604606434,1.8347592154150156,-0.9341597842454528,36.96034670179688,37.20327550010714,36.77617565661973,14.0,0.0,36.0,32.9,0.0,0.0,0.0,0.0,0.0,0.0,0.0,0.0,0.0,0.0
2026-06-10 17:44:14,0.9551534636597916,2.6881603761767767,2.602108228006194,2.1373873098407454,2.8988330264642563,2.591816798137729,0.6353059026424694,-2.1962667118986774,36.714547168775326,37.17575048812795,36.945777186044666,14.0,0.0,36.0,32.9,0.0,0.0,0.0,0.0,0.0,0.0,0.0,0.0,0.0,0.0
2026-06-10 17:44:15,2.1544637903391965,0.4109121613962108,2.510582676356151,-0.13083333148914544,-1.8284274064667578,-1.7305592613429268,0.5320685397847584,2.4451806424005937,36.66330536594857,37.382580954287825,37.06020678579537,14.0,0.0,36.0,32.9,0.0,0.0,0.0,0.0,0.0,0.0,0.0,0.0,0.0,0.0
2026-06-10 17:44:16,-2.2299516646433597,0.990588590261742,2.4929830205410486,-1.1075216454067742,-0.1784870585850813,0.8664861412355549,0.32234151933467414,0.6313387790053389,36.68428302519999,37.113745800692385,37.17511450992558,14.0,0.0,36.0,32.9,0.0,0.0,0.0,0.0,0.0,0.0,0.0,0.0,0.0,0.0
2026-06-10 17:44:17,1.05131556641488,0.023485133885449372,-2.673111082171549,-2.516096997631916,-0.9559547836979752,-2.8825640916551074,2.4394987522414056,1.1648718572703274,37.05271850013398,37.15958167927112,37.01129730073902,14.0,0.0,36.0,32.9,0.0,0.0,0.0,0.0,0.0,0.0,0.0,0.0,0.0,0.0
2026-06-10 17:44:18,-0.606624489770268,2.9358098588389208,1.2744613367869828,-1.870737502848697,-2.558174974192945,0.4519686506561893,-1.9386637919054523,2.4108769814418496,36.58098692670369,37.149919066280304,36.87977722234815,14.0,0.0,36.0,32.9,0.0,0.0,0.0,0.0,0.0,0.0,0.0,0.0,0.0,0.0
2026-06-10 17:44:20,2.219722664059498,1.4708724995764682,2.8870847994479885,-0.5961888477463271,2.158176079696335,-1.5182503733717891,2.1864882292759766,0.8920561684234283,36.68819601493487,37.219960316192214,36.97562372756886,14.0,0.0,36.0,32.9,0.0,0.0,0.0,0.0,0.0,0.0,0.0,0.0,0.0,0.0
2026-06-10 17:44:21,-0.4429838596166489,-2.0301645542383673,1.9206323763948117,-0.30320000722480245,-0.5447838618743308,-2.4972239079080056,-0.7341019919474001,-1.3862117691362508,36.94052284572668,37.07028562743849,36.853982906989756,14.0,0.0,36.0,32.9,0.0,0.0,0.0,0.0,0.0,0.0,0.0,0.0,0.0,0.0
2026-06-10 17:44:22,-1.6958531611075118,-2.8637276730085737,-2.824090047269121,-1.5559076792821647,2.978675389764687,1.5138808165854396,-1.9131002049567094,-2.4660873775122725,36.6092900635889,37.009362214547885,36.883360409549795,14.0,0.0,36.0,32.9,0.0,0.0,0.0,0.0,0.0,0.0,0.0,0.0,0.0,0.0
2026-06-10 17:44:23,-1.1118987429668812,-1.5080510640101175,1.3170922342000981,-1.6947008805475934,-1.1759829367923835,-1.266287863787774,0.36719857010324564,0.04427683864663923,37.05645235071176,37.37709014075308,37.00454754438536,14.0,0.0,36.0,32.9,0.0,0.0,0.0,0.0,0.0,0.0,0.0,0.0,0.0,0.0
2026-06-10 17:44:25,1.4775750342500338,1.1895147077941672,-0.9639287242281531,-0.2626037562170058,-0.03656016665951123,1.184461793372808,2.287188791962283,-0.25951130683886703,36.59989404894511,36.86621193203185,36.950427109229416,14.0,0.0,36.0,32.9,0.0,0.0,0.0,0.0,0.0,0.0,0.0,0.0,0.0,0.0
2026-06-10 17:44:26,-0.12855428894016985,2.2631307868439157,1.9386005082080668,-1.5027024861631078,2.4081110353213306,-1.0232584334342165,-2.5619100364078644,-2.8517383504594624,36.52220416368585,37.118786356850244,36.72451856838036,14.0,0.0,36.0,32.9,0.0,0.0,0.0,0.0,0.0,0.0,0.0,0.0,0.0,0.0
2026-06-10 17:44:27,-1.0946706671318276,1.34912975288759,-2.939007350885337,-2.818108477314392,-1.1815560762171016,-2.940516126672694,-2.3893328380128187,0.3582485734531966,36.78876236796657,36.93954444606614,37.04089485349109,14.0,0.0,36.0,32.9,0.0,0.0,0.0,0.0,0.0,0.0,0.0,0.0,0.0,0.0
2026-06-10 17:44:28,2.896384356626605,-2.1027114421066404,2.8247147160333954,-1.1810254234037254,-0.12421595860625079,-0.5066118651393197,0.45928201278984027,0.6727971895573552,36.8457679792708,37.39286015752154,36.74882714816157,14.0,0.0,36.0,32.9,0.0,0.0,0.0,0.0,0.0,0.0,0.0,0.0,0.0,0.0
2026-06-10 17:44:30,-1.7257353150590529,-0.9596515017242142,-1.2657182545641215,0.5304457116748682,2.235766791175248,0.0700878756905392,1.2326765521640084,-0.6312694900146987,37.09732830003346,36.821443578616744,37.16728680938681,14.0,0.0,36.0,32.9,0.0,0.0,0.0,0.0,0.0,0.0,0.0,0.0,0.0,0.0
2026-06-10 17:44:31,-2.5552494380994952,2.246727192340715,-2.7359730392808546,1.0493959643588937,-1.5626681831098,0.9040588219089121,-2.7305569989880545,-1.973413631084505,36.936118556835446,36.916187809719,37.1897901459611,14.0,0.0,36.0,32.9,0.0,0.0,0.0,0.0,0.0,0.0,0.0,0.0,0.0,0.0
2026-06-10 17:44:33,0.3302976048354287,1.7701646707504342,2.1626148489381567,0.9360604918831514,0.3139033709586032,0.20277574956606337,2.564429852557965,0.24542279783512333,36.9250084822358,37.05937871409315,37.1942639731076,14.0,0.0,36.0,32.9,0.0,0.0,0.0,0.0,0.0,0.0,0.0,0.0,0.0,0.0
2026-06-10 17:44:34,0.49463157006932246,-1.6623267319495374,-0.02412912009345458,0.35279697872860893,-1.8376174087182031,-0.5500527843576704,-2.8611986508361715,1.7740967142654194,36.75727729039129,37.342972353529454,36.87705078778042,14.0,0.0,36.0,32.9,0.0,0.0,0.0,0.0,0.0,0.0,0.0,0.0,0.0,0.0
2026-06-10 17:44:35,-0.4645498631676608,-0.46274224969327493,-2.023832605223799,0.5577546937161681,-0.6682220910468235,-0.5945957365332823,-2.616181839242426,-1.105045107610948,36.85940613154207,37.16187428325327,37.20308257658874,14.0,0.0,36.0,32.9,0.0,0.0,0.0,0.0,0.0,0.0,0.0,0.0,0.0,0.0
2026-06-10 17:44:37,1.276030363072591,1.085495335470032,2.6907336723594657,-2.87331339805169,2.201972214577326,2.2642221818352644,-0.35362211477351746,-0.9982567804220137,36.74435597291862,37.39515713757186,36.85788166992534,14.0,0.0,36.0,32.9,0.0,0.0,0.0,0.0,0.0,0.0,0.0,0.0,0.0,0.0
2026-06-10 17:44:38,-0.5990123434266756,0.9111087438280778,-1.9110929399859846,2.0666854852366887,-2.596403773935169,1.086766497503156,-2.3219198009223883,0.4308171996818233,37.02897112128011,36.8945939508678,36.89731466669796,14.0,0.0,36.0,32.9,0.0,0.0,0.0,0.0,0.0,0.0,0.0,0.0,0.0,0.0
2026-06-10 17:44:39,-1.9185608578769031,2.3375215588915754,1.3299897212395742,2.88816869781743,2.8497753438344793,1.5314012706875175,2.8113630018598563,2.843293044168016,36.65108906369549,37.226604763343914,36.92014827158418,14.0,0.0,36.0,32.9,0.0,0.0,0.0,0.0,0.0,0.0,0.0,0.0,0.0,0.0
2026-06-10 17:44:40,2.819187343372202,2.9178587531619957,-2.4783548821311,2.2149157940353543,1.2655463592253575,1.7171139285342871,-2.902013500626964,-1.1221201309009006,36.87910694546039,37.36522272638649,36.9949963019166,14.0,0.0,36.0,32.9,0.0,0.0,0.0,0.0,0.0,0.0,0.0,0.0,0.0,0.0
2026-06-10 17:44:41,-2.8152516623208483,0.19729770436649208,-1.2825017403648122,0.588224214986548,1.3874590890421787,-1.4551939532195373,-1.2813427758733622,1.0997946560493075,36.89550643877626,36.88528500901631,37.01473436640157,14.0,0.0,36.0,32.9,0.0,0.0,0.0,0.0,0.0,0.0,0.0,0.0,0.0,0.0
2026-06-10 17:44:42,-2.8313667693249966,1.4141256224072087,2.208412410303203,-0.4968033973056034,1.9558037273179103,-1.3178628539800454,-0.7402720462551562,-2.7909981761575544,36.73091559523998,37.31249118421288,36.85203894323404,14.0,0.0,36.0,32.9,0.0,0.0,0.0,0.0,0.0,0.0,0.0,0.0,0.0,0.0
2026-06-10 17:44:44,-1.7558159463449796,-0.26324897672165193,-1.6190046551502502,0.5681583345327077,-1.2554920337424074,2.3671449482503784,-2.7254839560041337,2.809480835443238,36.85962354887359,36.82154207030078,36.76543657921228,14.0,0.0,36.0,32.9,0.0,0.0,0.0,0.0,0.0,0.0,0.0,0.0,0.0,0.0
2026-06-10 17:44:45,-2.009079154276427,-2.966277020639917,1.7370264007593565,-0.6750964745276944,2.8232962625024385,-1.4106393920274725,-0.19365210313375325,-1.0675565486377887,36.803761770090944,36.86657941226481,37.110300755273755,14.0,0.0,36.0,32.9,0.0,0.0,0.0,0.0,0.0,0.0,0.0,0.0,0.0,0.0
2026-06-10 17:44:46,2.874688241857582,-1.4957585581808095,-2.38629717150618,0.2380665853653996,-2.463047767714553,1.6233060300579982,-1.8916644738261021,1.0582431767318488,36.7851941677473,37.139851747451075,37.232159071005604,14.0,0.0,36.0,32.9,0.0,0.0,0.0,0.0,0.0,0.0,0.0,0.0,0.0,0.0
2026-06-10 17:44:47,-2.1075714753619366,2.1183837665007497,-1.1897004258539656,-0.829876934656999,-2.6004353486143215,-2.055778365490002,1.0248299162058139,0.749636154753619,37.08012877413398,37.18078175631493,36.85117719102819,14.0,0.0,36.0,32.9,0.0,0.0,0.0,0.0,0.0,0.0,0.0,0.0,0.0,0.0
2026-06-10 17:44:49,-1.6388646535672613,0.939710293126292,2.205616085151185,1.5296111904031982,0.02401257765200704,-1.425236944603151,-1.1464113071597095,2.518529341650132,36.663417130482266,36.886858625937656,36.992612663269036,14.0,0.0,36.0,32.9,0.0,0.0,0.0,0.0,0.0,0.0,0.0,0.0,0.0,0.0
2026-06-10 17:44:50,0.6199389137206976,1.8085638927354273,-1.5609095052601476,-1.901668533197572,-1.7983698183789933,1.442193119737035,-1.8854128649878752,-1.8204990655984818,36.643180161716984,37.23982126265093,37.138646261199305,14.0,0.0,36.0,32.9,0.0,0.0,0.0,0.0,0.0,0.0,0.0,0.0,0.0,0.0
2026-06-10 17:44:51,-2.014208244444825,-0.7647740811611028,0.5609124424430911,-1.612194207945786,-1.1267195179464442,-2.2218483824329245,0.9574099895774353,1.545599760795719,36.855183139537175,37.06585115156011,36.850363284023636,14.0,0.0,36.0,32.9,0.0,0.0,0.0,0.0,0.0,0.0,0.0,0.0,0.0,0.0
2026-06-10 17:44:52,0.012262368480151054,-1.9320109928530822,-1.3697375685749054,-2.767541939888615,1.4971818257666012,-2.006964288221832,2.9048671381747564,0.4836861836448261,36.95943177060899,36.87391788180674,36.812319519294626,14.0,0.0,36.0,32.9,0.0,0.0,0.0,0.0,0.0,0.0,0.0,0.0,0.0,0.0
2026-06-10 17:44:54,1.9961389344519942,1.0672392697989093,-1.3181785069426328,1.684429467168865,-0.16921181432272192,0.3937734962711854,-2.8002248403076777,2.675249216658658,36.85004395738995,36.81214019472113,37.21967690209113,14.0,0.0,36.0,32.9,0.0,0.0,0.0,0.0,0.0,0.0,0.0,0.0,0.0,0.0
2026-06-10 17:44:55,2.254627480567099,0.9931160304970663,-0.29113143249835405,-1.2926468307086405,2.6183251263273917,-0.8429496882654197,-1.309931331382989,-2.1328281160910243,36.973335168144736,36.88709175789139,36.9048482511775,14.0,0.0,36.0,32.9,0.0,0.0,0.0,0.0,0.0,0.0,0.0,0.0,0.0,0.0
2026-06-10 17:44:57,-1.0849372301540527,-0.37171090063923895,-0.8232988874996807,1.1814827422770238,2.177637381174403,2.3299833741839224,-0.2928583405976797,-2.8478271350020634,36.54182949683081,37.38942523359003,37.00949234967655,14.0,0.0,36.0,32.9,0.0,0.0,0.0,0.0,0.0,0.0,0.0,0.0,0.0,0.0
2026-06-10 17:44:58,-0.2442334148367804,-0.5433151845683302,-0.12087580304781564,-2.337645055432387,-2.988751720612304,0.5055292678133618,1.1812523749558288,-0.9797687053883637,36.588995487387244,36.956759628436366,37.21046136554175,14.0,0.0,36.0,32.9,0.0,0.0,0.0,0.0,0.0,0.0,0.0,0.0,0.0,0.0
2026-06-10 17:44:59,-2.056200380074655,-1.3614276389778304,-1.434743995293149,0.3861623924369679,-0.7414246878082587,1.3458043996539306,1.4320068758985842,-1.5030194409951207,36.858912941937895,37.13842548925053,37.20536578865364,14.0,0.0,36.0,32.9,0.0,0.0,0.0,0.0,0.0,0.0,0.0,0.0,0.0,0.0
2026-06-10 17:45:00,-2.151676409529892,2.4973986963968926,1.9051376084694693,-1.6884692870254276,1.6057021736675354,0.8712971852583973,2.3994266660858283,-0.16877002107594574,37.06937991585311,36.82515197201167,37.15423453963688,14.0,0.0,36.0,32.9,0.0,0.0,0.0,0.0,0.0,0.0,0.0,0.0,0.0,0.0
2026-06-10 17:45:02,-1.9586635289510446,-2.1272227700228408,-1.0592088702223499,0.7566567658729682,-2.3138903629842593,1.0421606385863829,-1.8218997180175964,-2.6168080933616045,36.82986244874737,37.250545390853425,37.17576441041941,14.0,0.0,36.0,32.9,0.0,0.0,0.0,0.0,0.0,0.0,0.0,0.0,0.0,0.0
2026-06-10 17:45:03,-2.315255185013297,0.42283342683722047,2.6121868709993796,0.9353663925046329,0.9008471189852809,1.5193354429817365,0.05129946091604243,-2.296970348378418,36.59569547135698,37.061379077944025,36.7762975774413,14.0,0.0,36.0,32.9,0.0,0.0,0.0,0.0,0.0,0.0,0.0,0.0,0.0,0.0
2026-06-10 17:45:04,0.2723268986659697,0.3905625058420852,2.71161709656068,-1.9188765956790532,1.3317684462145216,-2.620994490592947,2.1244883863394914,1.934005780682508,36.90433890586497,37.14860161739881,37.05037809297321,14.0,0.0,36.0,32.9,0.0,0.0,0.0,0.0,0.0,0.0,0.0,0.0,0.0,0.0
2026-06-10 17:45:05,2.202596220735937,-0.6276115290018502,-0.4925374737146626,1.7505554229147497,-1.2355112197602733,2.9375928055108194,1.55247190509637,-0.5881529246714576,36.6863996256983,36.94643094023174,37.2405493791721,14.0,0.0,36.0,32.9,0.0,0.0,0.0,0.0,0.0,0.0,0.0,0.0,0.0,0.0
2026-06-10 17:45:06,2.339793400263755,-2.8552846263552665,0.18760842574443615,1.0138266470597825,-2.7636793232378096,-0.9426387458353993,0.9876911500523669,1.1679181560204333,36.62992881942024,37.156140156795,37.247225322446575,14.0,0.0,36.0,32.9,0.0,0.0,0.0,0.0,0.0,0.0,0.0,0.0,0.0,0.0
2026-06-10 17:45:07,-1.7653006717946147,-2.547067225056007,0.42931374900055674,-0.6270314487301123,-2.2395550013509316,2.7580181355852478,-0.39813311490095504,-1.968563335961721,36.50980327784534,37.28385405199163,36.79177955832947,14.0,0.0,36.0,32.9,0.0,0.0,0.0,0.0,0.0,0.0,0.0,0.0,0.0,0.0
2026-06-10 17:45:09,1.1797340401289613,-0.37879779905726974,-2.4992551090475232,-1.4545148015462004,0.3759475596487505,2.785922608075385,-0.0665441455688005,-0.23959651051174546,36.67127628342496,36.88326494441906,36.91961555120646,14.0,0.0,36.0,32.9,0.0,0.0,0.0,0.0,0.0,0.0,0.0,0.0,0.0,0.0
2026-06-10 17:45:10,2.7213773950039135,-2.8626555959117135,2.851605058433396,0.9869143331776717,-1.9748378649789267,-0.4277812807048118,-1.4681812901561793,0.32725995649484574,36.8435950114148,37.12381024806345,37.12297806395533,14.0,0.0,36.0,32.9,0.0,0.0,0.0,0.0,0.0,0.0,0.0,0.0,0.0,0.0
2026-06-10 17:45:11,-0.9578851979267924,-2.8526601361235877,2.791602913870821,2.50411623243747,-1.0159685134304157,-1.9464421868214836,1.0764887047090603,-0.1095926525762776,36.69078685011746,37.24745023403055,37.21744022316684,14.0,0.0,36.0,32.9,0.0,0.0,0.0,0.0,0.0,0.0,0.0,0.0,0.0,0.0
2026-06-10 17:45:13,1.5620654042465034,-1.4854050782833494,-1.5736190360158475,-2.460997939948415,1.653860675339966,-2.599234540279289,0.7585465742017607,-1.988053965347852,37.03520305249451,37.14979098757776,36.764313078943935,14.0,0.0,36.0,32.9,0.0,0.0,0.0,0.0,0.0,0.0,0.0,0.0,0.0,0.0
2026-06-10 17:45:14,-2.3326163747581132,-1.44585612796885,-1.185422056386821,2.8264656702291866,0.4078197628706528,2.0575885850914295,2.4872773870362623,-2.063532495135493,36.93142732573178,37.21833397415864,37.2490498484356,14.0,0.0,36.0,32.9,0.0,0.0,0.0,0.0,0.0,0.0,0.0,0.0,0.0,0.0
2026-06-10 17:45:15,-0.8190237489906651,0.4247119789184657,2.124180767141098,2.8797930066789688,1.4669669731999333,-2.9871688642230287,-1.756981763420414,0.6207262786237182,36.538553271282154,37.193870319433984,36.86043368059742,14.0,0.0,36.0,32.9,0.0,0.0,0.0,0.0,0.0,0.0,0.0,0.0,0.0,0.0
2026-06-10 17:45:16,1.9329837092939117,-0.8355348764533606,2.3308047557783036,-1.1850954975878703,-1.633327367628606,-0.3120091984772255,-0.39916997302059576,-2.2921192449165586,37.06403368621567,37.23009016176151,36.90419285684654,14.0,0.0,36.0,32.9,0.0,0.0,0.0,0.0,0.0,0.0,0.0,0.0,0.0,0.0
2026-06-10 17:45:17,0.31288791248147163,0.3990566362517658,-1.1799640525620996,2.0987806431902625,-1.679076802631337,-2.151356921195883,-0.5639819438353699,-0.5185354082577933,36.987668363702625,37.29982647869731,37.126242608761444,14.0,0.0,36.0,32.9,0.0,0.0,0.0,0.0,0.0,0.0,0.0,0.0,0.0,0.0
2026-06-10 17:45:19,2.6694240108912553,-1.0039912651337397,-1.9869141105783314,0.8656147234283824,2.2834148030483092,-0.504194973391221,2.335810179431789,-2.2932332223442176,36.95919425850542,36.93999988000774,37.19468251233412,14.0,0.0,36.0,32.9,0.0,0.0,0.0,0.0,0.0,0.0,0.0,0.0,0.0,0.0
2026-06-10 17:45:20,-1.6161498972687034,0.6944085766229113,1.0456574326791408,-2.81311984015539,-2.8025717963725443,-2.563726315761768,2.155506337538439,2.7056674470852258,36.78223526038882,36.96952375323675,36.891736581509576,14.0,0.0,36.0,32.9,0.0,0.0,0.0,0.0,0.0,0.0,0.0,0.0,0.0,0.0
2026-06-10 17:45:21,-1.1913063019246908,-2.136572927523604,2.48445576596818,-2.8716969101726972,-2.996966227560212,-2.6637848357258562,-1.425688587914856,2.022488649116762,36.66587322556886,37.37272880833153,36.85275326790619,14.0,0.0,36.0,32.9,0.0,0.0,0.0,0.0,0.0,0.0,0.0,0.0,0.0,0.0
2026-06-10 17:45:23,-2.345466123926066,0.8985388358450219,-2.992551588021392,-2.1112771570042717,0.13216041854520233,0.09617664933230996,-1.3052739240551174,2.8165611621800766,36.96975806984241,37.30597538080824,36.81520447327361,14.0,0.0,36.0,32.9,0.0,0.0,0.0,0.0,0.0,0.0,0.0,0.0,0.0,0.0
2026-06-10 17:45:24,0.6421972109922152,1.8334184362642478,-1.9680115423483902,2.9847066356374334,0.40704996137864224,0.2578900638667845,2.049831005485573,-1.1893478037186958,36.72534871671405,36.93147762085752,37.14270353265625,14.0,0.0,36.0,32.9,0.0,0.0,0.0,0.0,0.0,0.0,0.0,0.0,0.0,0.0
2026-06-10 17:45:25,2.546278911570825,2.6151713644221894,-1.199042840234158,-0.6268411835902779,-0.24344155755031416,-0.027797483857996852,2.238522698185558,0.9793777527237317,36.96513135865371,37.266671264657006,36.96821617289336,14.0,0.0,36.0,32.9,0.0,0.0,0.0,0.0,0.0,0.0,0.0,0.0,0.0,0.0
2026-06-10 17:45:26,2.45874255057205,2.954918651908919,0.9284334145122912,0.8582435308677319,-2.698290271192275,0.35889493530937067,-1.1594734689734865,-0.9199836264094934,36.65734011718571,37.12502408928699,36.89136751526064,14.0,0.0,36.0,32.9,0.0,0.0,0.0,0.0,0.0,0.0,0.0,0.0,0.0,0.0
2026-06-10 17:45:28,-1.4348104272960418,0.29590236673079495,2.585465568793511,-0.6247654179669033,2.6423848665238143,-0.38314678010856795,-2.1349815245852906,0.036248805112125915,36.87752856348901,37.30875135013007,36.895420401856335,14.0,0.0,36.0,32.9,0.0,0.0,0.0,0.0,0.0,0.0,0.0,0.0,0.0,0.0
2026-06-10 17:45:29,-1.008161556574027,-2.7952195826963444,1.949758583554102,-1.015423359718718,-2.562364394101877,1.725959943494984,-0.5984110072570878,-1.0894763930575904,36.802659992079015,37.28623639967524,36.95537051317226,14.0,0.0,36.0,32.9,0.0,0.0,0.0,0.0,0.0,0.0,0.0,0.0,0.0,0.0
2026-06-10 17:45:30,-1.2742623849931043,1.0211222211556805,-2.0607798543196423,1.9832712337239364,1.8236979312798995,-2.1448446800229504,-0.605025319717976,-2.619187436765932,36.83551149325145,36.95900656628453,36.98193085878708,14.0,0.0,36.0,32.9,0.0,0.0,0.0,0.0,0.0,0.0,0.0,0.0,0.0,0.0
2026-06-10 17:45:31,2.4451652050712775,2.6787407113299633,0.21659437298190642,-1.2438525748317317,1.2950763754199883,-2.813451343561507,0.1478972340076452,-0.5406420481239631,36.54276700036917,37.38042181268065,37.24671368467423,14.0,0.0,36.0,32.9,0.0,0.0,0.0,0.0,0.0,0.0,0.0,0.0,0.0,0.0
2026-06-10 17:45:33,1.3457800860727236,2.60881936311712,2.909771332449095,2.200435085180299,-0.44511014884420463,1.526700472966664,0.9913569254560919,-0.433098121026938,36.54993264799838,37.18981219197218,36.946629676500635,14.0,0.0,36.0,32.9,0.0,0.0,0.0,0.0,0.0,0.0,0.0,0.0,0.0,0.0
2026-06-10 17:45:34,-0.9561764642889257,-1.5384782295568522,-2.898226923531573,1.9258071102220367,2.564615224688822,2.6431805817231213,0.8727386524495078,0.8086090551519618,36.62911832576135,37.25086710607944,36.916923250827125,14.0,0.0,36.0,32.9,0.0,0.0,0.0,0.0,0.0,0.0,0.0,0.0,0.0,0.0
2026-06-10 17:45:35,1.782885406116133,-0.4560692848848573,0.5028885109353141,0.19679752058837696,-0.6318190096648126,-2.324916914686499,-1.5092816788615033,0.9402107476923414,36.84344405485133,37.12775095883049,37.274279553481726,14.0,0.0,36.0,32.9,0.0,0.0,0.0,0.0,0.0,0.0,0.0,0.0,0.0,0.0
2026-06-10 17:45:36,1.7335194458923375,-0.3459727520632323,2.7775264157154442,-1.1140197535332257,-2.042090014772378,2.1714497231255265,-1.1067624048732476,-0.5920477319674751,36.70863923359711,37.22446804677696,36.98869364081228,14.0,0.0,36.0,32.9,0.0,0.0,0.0,0.0,0.0,0.0,0.0,0.0,0.0,0.0
2026-06-10 17:45:38,1.4734458490453308,-0.45562808624188866,2.977349561370386,-0.4898253995659325,-2.32588771881073,-1.529805920868331,-0.8955928244896327,-1.9979947993396614,36.87618132967406,37.26029803156463,36.79842784261707,14.0,0.0,36.0,32.9,0.0,0.0,0.0,0.0,0.0,0.0,0.0,0.0,0.0,0.0
2026-06-10 17:45:39,0.23173459379425054,-2.0072536221765684,0.9120775589396688,1.7722408934785943,1.2465444303353497,2.220491822093657,-0.6981907465577839,-1.616855679468976,36.52899429744572,37.36004545106491,36.938590338735324,14.0,0.0,36.0,32.9,0.0,0.0,0.0,0.0,0.0,0.0,0.0,0.0,0.0,0.0
2026-06-10 17:45:40,-1.1777036167327861,0.608410830007553,-2.839653509078086,0.827478913784673,-1.3846714772511153,-2.930990243005001,-1.730489930745671,2.724989779272411,36.97664571233473,37.01402728536741,36.920027788159004,14.0,0.0,36.0,32.9,0.0,0.0,0.0,0.0,0.0,0.0,0.0,0.0,0.0,0.0
2026-06-10 17:45:41,-0.5874774059263403,-1.8574596296100776,2.8134813856829,1.5574706616249507,-2.046749101915325,1.186996635763446,2.361563560830863,-2.7037070969636803,36.89792276176281,36.98503460308775,37.26906133856787,14.0,0.0,36.0,32.9,0.0,0.0,0.0,0.0,0.0,0.0,0.0,0.0,0.0,0.0
2026-06-10 17:45:42,0.7166208870363229,0.8438339398866668,1.4056469982695514,2.1877209063453176,1.4472837468523423,-1.2648436524860378,0.7480146849209501,-0.39336947113457477,37.04876793632667,36.85575630935648,36.912331658531706,14.0,0.0,36.0,32.9,0.0,0.0,0.0,0.0,0.0,0.0,0.0,0.0,0.0,0.0
2026-06-10 17:45:43,1.1902856453848099,-2.404032963475008,0.5534419916512254,1.1259827387347157,0.9071522175328646,0.6551047661488241,-2.90726125382974,1.2807957379325234,37.09084540466891,37.28047884922038,36.78709454835851,14.0,0.0,36.0,32.9,0.0,0.0,0.0,0.0,0.0,0.0,0.0,0.0,0.0,0.0
2026-06-10 17:45:45,-1.0446996384320706,2.2987009996621186,-1.608316478284391,-2.8087341187796686,-2.165806545852739,-0.4400140218147195,1.6209619546060274,-1.9348845167431767,36.654779274382705,37.105433038576365,37.02493215209837,14.0,0.0,36.0,32.9,0.0,0.0,0.0,0.0,0.0,0.0,0.0,0.0,0.0,0.0
2026-06-10 17:45:46,1.082612636811886,2.4813921961390486,-1.3156805485672138,1.7749716811989753,-0.023883177148928514,1.690724574433995,1.3286377578969262,2.8438679044399313,36.73960501176562,37.02119928757281,36.94284908559955,14.0,0.0,36.0,32.9,0.0,0.0,0.0,0.0,0.0,0.0,0.0,0.0,0.0,0.0
2026-06-10 17:45:47,1.6620207360541395,0.19681017884676333,-0.8611646010745426,1.9197291123859106,0.7673537590332784,1.755374094256073,-1.7541312789821677,1.3585409053842197,37.06385759574408,37.20985481883148,36.91639647422848,14.0,0.0,36.0,32.9,0.0,0.0,0.0,0.0,0.0,0.0,0.0,0.0,0.0,0.0
2026-06-10 17:45:48,0.9607183081670847,-2.286230055887532,1.1634481083667927,-1.3266673021446531,1.0423890161055693,1.4304603722126696,-2.872218459816586,1.7511553030560245,36.645961251039054,37.07388040446751,36.82991545065049,14.0,0.0,36.0,32.9,0.0,0.0,0.0,0.0,0.0,0.0,0.0,0.0,0.0,0.0
2026-06-10 17:45:49,2.6561247425801433,-2.8364700873166315,-0.13279041353876453,0.7248561764086703,-0.4904570156707848,1.7045253480538358,-2.285918578619233,-1.1431993836918135,37.03085077252625,37.04975586494003,36.76163441777342,14.0,0.0,36.0,32.9,0.0,0.0,0.0,0.0,0.0,0.0,0.0,0.0,0.0,0.0
2026-06-10 17:45:50,0.5096909343773,-0.8847617828259691,-1.6297606155354993,-0.5804832574170895,2.8907943347314795,-1.8273801234638223,-0.6836827528661757,-1.6832786413432832,37.0552214586932,36.91085059634131,36.912057357963064,14.0,0.0,36.0,32.9,0.0,0.0,0.0,0.0,0.0,0.0,0.0,0.0,0.0,0.0
2026-06-10 17:45:51,-1.4799276811807418,-1.2648681735723653,-2.783703712908067,2.710999058418393,0.45524393063260327,1.9822952294795337,-1.6756711884374929,-2.9802506673266826,37.013918492415385,37.127674685643875,37.200917690780514,14.0,0.0,36.0,32.9,0.0,0.0,0.0,0.0,0.0,0.0,0.0,0.0,0.0,0.0
2026-06-10 17:45:52,0.511261652994718,2.889328557948202,2.031479241385334,-2.788608309931561,-1.9219693670002,-2.546813823183521,-1.5939739813739233,-0.05163417721857311,36.904310265998205,37.32491108873904,36.726465769517745,14.0,0.0,36.0,32.9,0.0,0.0,0.0,0.0,0.0,0.0,0.0,0.0,0.0,0.0
2026-06-10 17:45:54,-2.554727823138448,-0.671214666741248,2.167623135569345,1.3686795258902444,-0.6874231375487314,-0.9405979778551061,-1.3977030362361977,1.3147346418290535,36.95515775910738,37.385858580785886,36.82664711032804,14.0,0.0,36.0,32.9,0.0,0.0,0.0,0.0,0.0,0.0,0.0,0.0,0.0,0.0
2026-06-10 17:45:55,0.3585086010635168,-0.19863334800256283,2.8219383297101057,1.628924340384871,1.1714287234699263,-2.4759454833874055,-0.8945363034801668,-0.9805604546155062,36.80990180439504,37.04021310676516,36.7416807862311,14.0,0.0,36.0,32.9,0.0,0.0,0.0,0.0,0.0,0.0,0.0,0.0,0.0,0.0
2026-06-10 17:45:56,1.3796044533237772,-1.400532414493934,1.9785340699493474,-1.8045800882180392,0.9050348803580759,2.6309606132515277,1.7585292798370507,-0.559577969185721,36.88974291707479,37.229787535672706,37.16110992631845,14.0,0.0,36.0,32.9,0.0,0.0,0.0,0.0,0.0,0.0,0.0,0.0,0.0,0.0
2026-06-10 17:45:58,2.497647656191898,2.96570081879913,0.3930103121124322,1.8356582262161343,2.7487753119973384,1.4004476815787363,0.05442956864628412,-0.22843545505105656,37.07282873777242,37.055129509907644,36.95966789285227,14.0,0.0,36.0,32.9,0.0,0.0,0.0,0.0,0.0,0.0,0.0,0.0,0.0,0.0
2026-06-10 17:45:59,0.9947401067935058,-2.3655858179036455,-1.900172297762472,1.6486404524522857,-2.5380083563325337,2.6502810922677424,-2.014012998392017,-2.410453027518198,36.91732745599886,37.36441132176863,36.88789735608258,14.0,0.0,36.0,32.9,0.0,0.0,0.0,0.0,0.0,0.0,0.0,0.0,0.0,0.0
2026-06-10 17:46:00,1.397376355228702,1.8651683777396917,2.518530617700332,2.0338386888094133,-1.2080416007042896,-2.6153655596194643,2.5701898941026933,-1.9479187346826825,36.743143603912216,37.23793878847096,36.92546910792615,14.0,0.0,36.0,32.9,0.0,0.0,0.0,0.0,0.0,0.0,0.0,0.0,0.0,0.0
2026-06-10 17:46:02,-0.48421577104624225,1.6983878310540703,-2.7153476076186323,0.45383358617762637,-1.2960932710251725,-2.5660754596945043,-1.105767638767986,-0.07925227955379599,36.7341499819269,37.03856997492224,37.288835287333384,14.0,0.0,36.0,32.9,0.0,0.0,0.0,0.0,0.0,0.0,0.0,0.0,0.0,0.0
2026-06-10 17:46:03,2.102146960405583,-1.7950014784364068,2.682131504670153,2.404959653956414,1.1666727533167265,-0.7768812185257632,-0.8778300020165664,2.206192795608307,36.699399430763016,37.13871131709394,36.82412796805975,14.0,0.0,36.0,32.9,0.0,0.0,0.0,0.0,0.0,0.0,0.0,0.0,0.0,0.0
2026-06-10 17:46:04,0.6504788822673384,1.0384213151314237,1.7861019857035547,-1.3647289893475774,0.5465456328606333,1.6996889563565007,-1.558120462534918,-1.3502447125707324,37.053058992499615,36.84650729971793,37.1453747199935,14.0,0.0,36.0,32.9,0.0,0.0,0.0,0.0,0.0,0.0,0.0,0.0,0.0,0.0
2026-06-10 17:46:06,0.7670976494746404,0.5447928578023751,-0.7991409186348051,2.43730015576367,-1.7790402989472165,-0.06437496555545064,-2.092843998185738,0.4215827278812223,36.55587156193599,36.82926790524212,36.74632210320272,14.0,0.0,36.0,32.9,0.0,0.0,0.0,0.0,0.0,0.0,0.0,0.0,0.0,0.0
2026-06-10 17:46:07,-1.5790788121226607,2.1584467997315873,-2.233561601668049,-1.6166820824060406,-1.6499425079710226,-0.7816709147679597,-1.7926574806749163,0.11593407780358955,37.041112832215624,37.040677461062515,37.135161632620466,14.0,0.0,36.0,32.9,0.0,0.0,0.0,0.0,0.0,0.0,0.0,0.0,0.0,0.0
2026-06-10 17:46:08,0.44643043592441867,1.9207587622544935,-0.48917907316112963,1.6132791060262335,-0.38393637311165296,-2.814334641380649,-1.5257984621093763,1.3385427986438279,37.073694078476215,36.96799458079033,36.90739818094328,14.0,0.0,36.0,32.9,0.0,0.0,0.0,0.0,0.0,0.0,0.0,0.0,0.0,0.0
2026-06-10 17:46:09,2.668414576237188,-0.9293488343645784,-2.1286307848786024,-0.004477722740872991,-0.7218248473608995,1.7155201069489836,0.8656932420453085,-2.9741112472970905,36.61755595231948,36.87020899339841,37.20369298941121,14.0,0.0,36.0,32.9,0.0,0.0,0.0,0.0,0.0,0.0,0.0,0.0,0.0,0.0
2026-06-10 17:46:11,0.6389405781251982,-0.8439604653125299,0.40273941802957225,-2.937774057716979,1.816414572576102,-1.3703685685625382,-2.2055973457066,-1.8759441201059166,36.533081584235376,36.881370596263444,37.29285448907399,14.0,0.0,36.0,32.9,0.0,0.0,0.0,0.0,0.0,0.0,0.0,0.0,0.0,0.0
2026-06-10 17:46:12,0.5706291693170691,2.5706706351955706,-2.7680121231641133,1.2998127468671594,0.14757712253248112,-0.23643265082529474,-2.7087907554041286,1.3933430254452182,36.96339538327312,36.88678373840565,36.981766099380856,14.0,0.0,36.0,32.9,0.0,0.0,0.0,0.0,0.0,0.0,0.0,0.0,0.0,0.0
2026-06-10 17:46:13,-1.1681369420262833,0.6185099696331808,2.2479509602099617,-1.328205996772285,1.8236784201083278,1.270977020525775,-2.4675773163137915,-0.7984963673077248,36.70120853584637,36.935963252605745,37.043637162844924,14.0,0.0,36.0,32.9,0.0,0.0,0.0,0.0,0.0,0.0,0.0,0.0,0.0,0.0
2026-06-10 17:46:14,-0.9525390636683522,2.4058701082608227,1.1827564634765828,-1.737290760651884,-2.4717573657246215,0.4829241921126348,2.367245590440909,-0.04178436212120218,36.63845536962466,36.833328103998774,36.98924992471605,14.0,0.0,36.0,32.9,0.0,0.0,0.0,0.0,0.0,0.0,0.0,0.0,0.0,0.0
2026-06-10 17:46:16,-1.612889367846015,-0.9607624784302446,-1.0269065542338178,0.2889599161812506,-1.4262242129112008,2.9768580639070166,-1.9572579849844423,-0.6826121934757312,37.035386544800645,37.283760354368994,36.77311568412852,14.0,0.0,36.0,32.9,0.0,0.0,0.0,0.0,0.0,0.0,0.0,0.0,0.0,0.0
2026-06-10 17:46:17,-0.33124127909779544,-0.9516311144225638,2.331765321203058,1.2321569685870077,2.760793318339771,0.007728081560794742,-0.21294532280627543,-0.7263608590552666,36.84852872306941,37.12114556465244,36.833991125521884,14.0,0.0,36.0,32.9,0.0,0.0,0.0,0.0,0.0,0.0,0.0,0.0,0.0,0.0
2026-06-10 17:46:18,-0.8069316587445758,-1.6713176520098856,1.5810123108083616,-2.7348991567874874,2.985046364353467,0.8104786791239094,-2.3307415640677394,-0.34332552762040613,36.854412399215626,37.19246069320241,37.03833002186572,14.0,0.0,36.0,32.9,0.0,0.0,0.0,0.0,0.0,0.0,0.0,0.0,0.0,0.0
2026-06-10 17:46:20,0.43449713286185787,-1.345251626715593,0.6499505437767197,-0.36501888687629425,-0.6974464217333791,1.0948040990438077,-2.2704853819590776,0.23478132704235843,37.06879076737316,37.3739717853634,37.06704730591228,14.0,0.0,36.0,32.9,0.0,0.0,0.0,0.0,0.0,0.0,0.0,0.0,0.0,0.0
2026-06-10 17:46:21,1.3765535567412526,0.07264055180433893,-2.9593119147441604,0.44567140588341037,0.3889506327700132,1.4314275836396257,-2.8946896929068737,-1.001230981022545,36.93679093129358,36.89503613867974,36.7662685132482,14.0,0.0,36.0,32.9,0.0,0.0,0.0,0.0,0.0,0.0,0.0,0.0,0.0,0.0
2026-06-10 17:46:22,1.6682322578244273,-0.7848976369008769,-1.4724729078987673,0.05299810704269792,-2.492300644696923,-1.0687905243358762,-1.5074289921987716,-2.1734753068576387,36.508391616028014,37.14025839724916,36.728835456311174,14.0,0.0,36.0,32.9,0.0,0.0,0.0,0.0,0.0,0.0,0.0,0.0,0.0,0.0
2026-06-10 17:46:23,-1.6818636163088527,1.9682121765149443,0.7694958525745363,2.587266504069019,-0.2993556815128713,2.5280656700146578,2.596797794068067,0.4309660747002617,36.72848538104413,37.316236536352775,36.97244845591529,14.0,0.0,36.0,32.9,0.0,0.0,0.0,0.0,0.0,0.0,0.0,0.0,0.0,0.0
2026-06-10 17:46:24,1.312334882752097,-1.9024175550889915,0.6629093648905915,2.5441598764609843,-2.256363511423659,-2.436767544409469,1.029695708443473,-0.7404247930798036,36.75801645112565,37.167340073396915,37.101901618755505,14.0,0.0,36.0,32.9,0.0,0.0,0.0,0.0,0.0,0.0,0.0,0.0,0.0,0.0
2026-06-10 17:46:25,-2.0992383903192966,-2.2209701694274173,-2.925785467316155,-2.4245596997138703,-1.6790050210763356,-2.220444404339733,2.5086967445381116,2.6408785803293355,36.82524000503385,36.92827016179946,36.715192852033645,14.0,0.0,36.0,32.9,0.0,0.0,0.0,0.0,0.0,0.0,0.0,0.0,0.0,0.0
2026-06-10 17:46:27,-1.2623402249217937,2.274721629829484,0.7067912490552368,2.064947590076356,-1.0138175799421103,2.7238228735888432,0.7752162304165644,2.1122914225404603,36.75154730734125,37.11163625104071,36.93749003408224,14.0,0.0,36.0,32.9,0.0,0.0,0.0,0.0,0.0,0.0,0.0,0.0,0.0,0.0
2026-06-10 17:46:28,2.5356372628363566,-1.7445217170085512,0.318057120074287,1.1121298687097303,2.143073159628589,1.0500338814213883,2.8067885508672603,2.856441711112872,36.81199496934596,37.04002658092136,37.22877246830778,14.0,0.0,36.0,32.9,0.0,0.0,0.0,0.0,0.0,0.0,0.0,0.0,0.0,0.0
2026-06-10 17:46:29,-2.704559526904025,1.8019049457492864,-1.5222730139702927,1.2189935921467,1.8381359975961544,-2.025510542721899,-0.19915726596278205,-0.18431447292572845,36.77834433616199,37.00734674139118,37.03470341989745,14.0,0.0,36.0,32.9,0.0,0.0,0.0,0.0,0.0,0.0,0.0,0.0,0.0,0.0
2026-06-10 17:46:31,-0.005059705499624201,1.3282667115065054,0.5358824325894025,1.3404741047804585,2.381692051646244,2.783799957499541,-1.7453444500702682,-1.295843364511602,36.79801546374448,37.35754043849286,36.89141700700625,14.0,0.0,36.0,32.9,0.0,0.0,0.0,0.0,0.0,0.0,0.0,0.0,0.0,0.0
2026-06-10 17:46:32,-1.0539344494725824,-0.3573214468850985,-2.5688113184634442,-0.8012041168917166,-0.6317380595602464,2.481627699137217,2.2223758945538927,-2.2733589318964382,36.709357471549374,37.07464115681744,36.74043657831782,14.0,0.0,36.0,32.9,0.0,0.0,0.0,0.0,0.0,0.0,0.0,0.0,0.0,0.0
2026-06-10 17:46:33,-2.6776511249015864,-1.3383153706302744,0.9253615092358585,-0.9006069126790126,1.1086872234513603,1.540219392148197,0.20254384819139082,2.1649589201021486,36.73959913900442,37.22070349675817,37.15454158651126,14.0,0.0,36.0,32.9,0.0,0.0,0.0,0.0,0.0,0.0,0.0,0.0,0.0,0.0
2026-06-10 17:46:34,2.541526430752514,1.945567386840139,0.7803309916781442,-1.6836492064261714,-2.5000328515674566,-1.3475810354770754,-2.945717393263056,2.9136924504575603,36.79048345445457,37.34177916127199,36.82251248645107,14.0,0.0,36.0,32.9,0.0,0.0,0.0,0.0,0.0,0.0,0.0,0.0,0.0,0.0
2026-06-10 17:46:35,-0.23657681175977663,-2.0120359966874757,-1.0768957367171685,-1.9616434476861346,-0.16749461801936905,1.2414432702884612,-2.344867174645043,-1.268654106337388,36.941722113382404,36.95643821494169,36.83665329639624,14.0,0.0,36.0,32.9,0.0,0.0,0.0,0.0,0.0,0.0,0.0,0.0,0.0,0.0
2026-06-10 17:46:37,-1.0258727015302216,-0.6067734190832321,-1.8298618385074417,2.4905528395095935,-1.8349756577133747,-2.620964714913016,-0.3974928131237405,-2.9823112250410992,36.99639607774381,36.84833865960664,36.79361134653871,14.0,0.0,36.0,32.9,0.0,0.0,0.0,0.0,0.0,0.0,0.0,0.0,0.0,0.0
2026-06-10 17:46:38,2.7727368233549585,-2.176764627241194,2.1576084120837073,1.7154553932427579,-0.9177422124514951,-1.4180931368350593,2.3285814360033976,0.04364701201087273,36.60916007246352,36.91222490764605,37.055898065321315,14.0,0.0,36.0,32.9,0.0,0.0,0.0,0.0,0.0,0.0,0.0,0.0,0.0,0.0
2026-06-10 17:46:39,0.05454931951056485,-2.840227185978108,-0.8116260719761703,1.4366630329902597,2.7817527084079474,2.434129520227655,1.776998712371653,-0.7028161290444181,36.578038330428456,36.84209003189878,36.796026371629324,14.0,0.0,36.0,32.9,0.0,0.0,0.0,0.0,0.0,0.0,0.0,0.0,0.0,0.0
2026-06-10 17:46:40,1.665207953778891,-0.1532987969117694,-1.4696537745757836,-2.9002218477365904,-0.20802232199497528,-2.491659897638816,-1.4619978715190287,-2.4631362433785204,37.0497978910751,37.34330724959487,36.92822004602204,14.0,0.0,36.0,32.9,0.0,0.0,0.0,0.0,0.0,0.0,0.0,0.0,0.0,0.0
2026-06-10 17:46:41,1.6566224581224747,1.1512802005901879,-0.6606521792610764,-2.6322454429199693,2.006286153495312,-2.6603158886600156,1.5482443953684584,-0.4808059502190014,36.980785508586656,37.257811280208124,37.0455388661297,14.0,0.0,36.0,32.9,0.0,0.0,0.0,0.0,0.0,0.0,0.0,0.0,0.0,0.0
2026-06-10 17:46:43,2.62142405360622,0.6702021166977197,2.741673824178843,-1.9083489219383487,-2.9109884240117525,-1.6208172731239299,-2.3867147707345326,-0.8790208111496693,36.512021196406664,36.892387492976844,36.90553277499902,14.0,0.0,36.0,32.9,0.0,0.0,0.0,0.0,0.0,0.0,0.0,0.0,0.0,0.0
2026-06-10 17:46:44,-0.30307921700796836,-1.1644478842245765,2.9246226821693266,-1.6636332355895085,1.9217697950062842,1.7089118585123542,2.952465380713308,-1.6037478722466953,37.095234759428905,37.15301798725762,36.95233501975566,14.0,0.0,36.0,32.9,0.0,0.0,0.0,0.0,0.0,0.0,0.0,0.0,0.0,0.0
2026-06-10 17:46:45,-1.2702446674581909,-0.5524438088941226,-1.2357528363498098,2.725493484105731,-0.3349011180014565,1.7485814587855701,-2.2075943388727506,-2.6707175324263046,36.741159950002704,37.11414807686105,36.832492193671754,14.0,0.0,36.0,32.9,0.0,0.0,0.0,0.0,0.0,0.0,0.0,0.0,0.0,0.0
2026-06-10 17:46:46,-2.7233944303491775,-0.5282200842604343,-1.731307496129842,-0.1252552497350603,2.9619860778672056,2.650232491220997,-1.685981010062399,0.09712197022944169,36.71252601698965,37.27970579096386,37.020064335103086,14.0,0.0,36.0,32.9,0.0,0.0,0.0,0.0,0.0,0.0,0.0,0.0,0.0,0.0
2026-06-10 17:46:48,-2.1663880197886884,-0.6675510747324394,0.9887781068686099,1.7495188620602544,0.23284905082805452,-0.8838020370630475,1.0522203213389156,2.2222954058915256,36.72478681213927,37.34931377565991,36.92855352170719,14.0,0.0,36.0,32.9,0.0,0.0,0.0,0.0,0.0,0.0,0.0,0.0,0.0,0.0
2026-06-10 17:46:49,0.9217099821329189,-2.8494708122396277,0.4433598260320841,2.2091237002742163,-0.6550848594569345,-0.24796820749781823,-1.160650718032286,0.692183998312383,36.937146333937875,37.10887353721468,37.03994726691209,14.0,0.0,36.0,32.9,0.0,0.0,0.0,0.0,0.0,0.0,0.0,0.0,0.0,0.0
2026-06-10 17:46:50,0.6376218056699541,2.557434561523902,2.2468796092524945,-1.1330250508136832,2.064990008255176,1.698808366352102,2.352195877242644,1.8137792286965393,36.65494573027991,37.31000975889735,37.198102813063116,14.0,0.0,36.0,32.9,0.0,0.0,0.0,0.0,0.0,0.0,0.0,0.0,0.0,0.0
2026-06-10 17:46:51,1.3024485271289699,0.18964784353804287,2.0050278752089845,2.997729124334211,0.16909430126862546,-0.9086366708565952,-2.6215873358262,0.9774886048460965,37.06900505528942,37.31504599279152,37.10978250784292,14.0,0.0,36.0,32.9,0.0,0.0,0.0,0.0,0.0,0.0,0.0,0.0,0.0,0.0
2026-06-10 17:46:52,-0.7808397711726833,0.201518287909352,-1.0533892216597889,-0.3061696363262705,-0.34051557786264564,-0.9704753402403528,-1.5789133905238524,-1.7837811211932255,37.03677105078636,37.30023703460651,36.95889706934417,14.0,0.0,36.0,32.9,0.0,0.0,0.0,0.0,0.0,0.0,0.0,0.0,0.0,0.0
2026-06-10 17:46:53,2.5161122062024583,2.5947876337770177,-1.440131438420806,1.360294606964632,-1.866540918610339,-0.177346485336773,1.8801558993055787,-1.8724741996419303,36.97606222554288,37.33269920960826,37.03674146779188,14.0,0.0,36.0,32.9,0.0,0.0,0.0,0.0,0.0,0.0,0.0,0.0,0.0,0.0
2026-06-10 17:46:55,-0.6803742002971767,-2.7851483503591807,0.7102647262754367,-1.4068397061748623,0.53877855969764,-1.3352377441603527,0.5045227253613103,-1.5781747151360082,37.09093740503636,36.85842145903722,37.04691457008136,14.0,0.0,36.0,32.9,0.0,0.0,0.0,0.0,0.0,0.0,0.0,0.0,0.0,0.0
2026-06-10 17:46:56,-1.8376836380086776,-1.6962213429067776,1.700668037111999,2.559934156590012,2.008685658819039,2.500814058213277,-0.8910958895740575,0.7190535215076266,36.948886260618515,36.99089318273171,36.74993425822787,14.0,0.0,36.0,32.9,0.0,0.0,0.0,0.0,0.0,0.0,0.0,0.0,0.0,0.0
2026-06-10 17:46:57,2.476985129255607,-1.1899017034441912,-0.29993666093543103,-2.835564032842113,2.500867161789273,2.6526335442728186,-1.803913695165223,-2.667584824343047,36.63355900388877,36.98930782792442,36.896474765886495,14.0,0.0,36.0,32.9,0.0,0.0,0.0,0.0,0.0,0.0,0.0,0.0,0.0,0.0
2026-06-10 17:46:58,1.572669078373064,0.37514883665662246,-0.20915168908093662,0.8391012967413531,0.5851241911857361,-0.08765836690970241,-0.9799901112999736,1.5594146654549466,37.08017138968843,37.19364806627813,36.977570659349404,14.0,0.0,36.0,32.9,0.0,0.0,0.0,0.0,0.0,0.0,0.0,0.0,0.0,0.0
2026-06-10 17:47:00,0.7416795549945436,0.8290584973045929,2.5608647026741878,-1.6714260832257077,-1.046292934231555,2.082038804702889,1.9696900333006226,1.17674131102308,36.89616093824992,37.14907845903165,36.860876302686606,14.0,0.0,36.0,32.9,0.0,0.0,0.0,0.0,0.0,0.0,0.0,0.0,0.0,0.0
2026-06-10 17:47:01,-0.49388275952518956,-1.2606168651500043,-0.09597521983237156,-2.262598016431846,1.5832094864770951,1.4093290715606042,-2.9269161380036,-0.40740964362233445,37.020992604531386,36.97290247365745,36.78855284894267,14.0,0.0,36.0,32.9,0.0,0.0,0.0,0.0,0.0,0.0,0.0,0.0,0.0,0.0
2026-06-10 17:47:02,-0.18354202432407796,0.8502456111208616,-1.8057073311223142,-2.854561851433606,1.1688443442502514,1.3966726698065806,1.3542163398391196,2.67130257097777,36.686551027746624,36.96874363635656,37.018484617938,14.0,0.0,36.0,32.9,0.0,0.0,0.0,0.0,0.0,0.0,0.0,0.0,0.0,0.0
2026-06-10 17:47:03,-0.8368811888257346,0.5397822350654735,-2.7820602520041486,-2.6164353811706924,1.6106600889369824,1.0410899658155222,2.1053830036930776,2.2340972700764876,36.940397946395436,37.08171947347019,36.80252115502355,14.0,0.0,36.0,32.9,0.0,0.0,0.0,0.0,0.0,0.0,0.0,0.0,0.0,0.0
2026-06-10 17:47:04,-1.979110311374706,2.3688138084495423,0.09633967675338706,-0.4549477385153926,1.9123844038040332,0.9599639550364163,-1.0237280029448814,-0.7380053504924788,36.58872707827358,37.23154755936543,36.983995858808534,14.0,0.0,36.0,32.9,0.0,0.0,0.0,0.0,0.0,0.0,0.0,0.0,0.0,0.0
2026-06-10 17:47:05,-2.3077156207488487,-0.5774558949246575,-0.8912552336072581,-2.589790720372992,-0.9089304377076566,0.7550555066392977,-1.8028844713628238,-0.11075077154359825,36.913616231461,37.138581254746505,37.1505355504529,14.0,0.0,36.0,32.9,0.0,0.0,0.0,0.0,0.0,0.0,0.0,0.0,0.0,0.0
2026-06-10 17:47:06,-2.5253935163680445,-0.3873857676353101,-0.0647275773203333,-2.105709069440014,2.1084079090000776,-0.45101242629506366,2.6133973127755485,0.6979697146119594,37.09873382335577,36.81053224289206,37.06504900994654,14.0,0.0,36.0,32.9,0.0,0.0,0.0,0.0,0.0,0.0,0.0,0.0,0.0,0.0
2026-06-10 17:47:07,1.1637526830201317,2.194506518395351,1.7821968085394309,-1.3871929621949464,-0.30438774628508103,0.3968158838744058,-2.860946567987943,-2.704011003732208,36.529885715730465,37.22267688231164,36.785120036941024,14.0,0.0,36.0,32.9,0.0,0.0,0.0,0.0,0.0,0.0,0.0,0.0,0.0,0.0
2026-06-10 17:47:09,1.4969858130075728,2.142545276512468,2.6166438083316352,2.7273611168821486,-0.2776277138055012,2.1632573809079974,-0.4828396051266983,0.9840978778390732,37.0351034188442,36.914196694892325,37.275494695870655,14.0,0.0,36.0,32.9,0.0,0.0,0.0,0.0,0.0,0.0,0.0,0.0,0.0,0.0
2026-06-10 17:47:10,1.1333897740887835,-0.11372576634895282,0.9442326948522148,2.2591827379366496,-0.6382705039253445,-1.2015184109641295,2.8290516012468876,-1.2450320439336766,36.99224893977894,36.94668483868696,36.84697476137198,14.0,0.0,36.0,32.9,0.0,0.0,0.0,0.0,0.0,0.0,0.0,0.0,0.0,0.0
2026-06-10 17:47:11,-0.9727002598944048,1.4377740598467286,2.2376019001249476,-2.26012646087361,1.0607120694439107,1.6299798782821728,0.28484153167486914,-0.795401936181853,36.83552742158816,37.38092488021941,37.08097759173429,14.0,0.0,36.0,32.9,0.0,0.0,0.0,0.0,0.0,0.0,0.0,0.0,0.0,0.0
2026-06-10 17:47:13,1.4361345152263905,-2.3835669792769565,-2.530939991307412,0.7959276266511344,2.4274610053202883,0.4145080586797345,-0.4655959941801502,-2.294059406008727,36.85124107405962,37.13575368984925,36.84391379460576,14.0,0.0,36.0,32.9,0.0,0.0,0.0,0.0,0.0,0.0,0.0,0.0,0.0,0.0
2026-06-10 17:47:14,-1.4822953529338434,1.9886008205102748,1.0794382625609167,1.1299549772294855,1.6816976929335343,-0.30983534322419715,-1.7281003700693294,0.34872831100292156,36.786749558207795,37.336514622448334,36.722506927235585,14.0,0.0,36.0,32.9,0.0,0.0,0.0,0.0,0.0,0.0,0.0,0.0,0.0,0.0
2026-06-10 17:47:15,-0.9613194888005543,-1.0765066273282735,0.18324084196362556,2.5183174402988033,-2.885575311589823,-0.9954587782023587,-2.9350274792108664,1.5676429987170675,36.91724186953063,37.1848449331073,37.12265116475112,14.0,0.0,36.0,32.9,0.0,0.0,0.0,0.0,0.0,0.0,0.0,0.0,0.0,0.0
2026-06-10 17:47:16,-0.7939632884459664,1.0266030144304672,0.8892013844038731,-2.068161156911156,0.8479963115186409,-0.5731718506174523,1.3186501006086644,2.663713117582507,37.04855028266589,36.830255745646134,36.81569595448815,14.0,0.0,36.0,32.9,0.0,0.0,0.0,0.0,0.0,0.0,0.0,0.0,0.0,0.0
2026-06-10 17:47:17,-0.9377388334616996,-2.906780312751092,-0.7265068347306647,-0.5666750256938511,-1.3758542713273425,1.6156032074191735,-1.7076469944937822,0.5494466686758281,37.052666878732644,37.381593969155205,37.06782128698827,14.0,0.0,36.0,32.9,0.0,0.0,0.0,0.0,0.0,0.0,0.0,0.0,0.0,0.0
2026-06-10 17:47:18,-0.5000237483495011,0.035520767944676734,-2.8246565214962924,1.6837803835707659,2.768971074833278,-1.4691263074021175,1.7261738634747132,0.508712024317556,36.79886206397575,37.329816245897696,37.16188042042451,14.0,0.0,36.0,32.9,0.0,0.0,0.0,0.0,0.0,0.0,0.0,0.0,0.0,0.0
2026-06-10 17:47:20,2.695327730960603,-1.5317865188602173,2.470374331330034,0.9544983333342278,1.9607183325618038,-1.3238546380771854,-2.0635022083134706,1.1003690291689274,36.91583536033021,36.845127105016715,36.882931277975935,14.0,0.0,36.0,32.9,0.0,0.0,0.0,0.0,0.0,0.0,0.0,0.0,0.0,0.0
2026-06-10 17:47:21,2.737156466584432,0.9751970518646864,-1.407619563926573,-1.0466209073267565,2.336753212505406,-0.496954331462649,2.691894464851125,1.3909157187486771,36.821887009992295,37.24146830339835,36.814841484168646,14.0,0.0,36.0,32.9,0.0,0.0,0.0,0.0,0.0,0.0,0.0,0.0,0.0,0.0
2026-06-10 17:47:22,0.6795042560387401,0.830444453742027,-1.2264051497024946,-1.1676151845462923,-0.7848203243347127,-1.4519092798069668,-1.6934343298771917,2.8677578507064876,36.78248657305443,37.2186332046053,37.17318295837675,14.0,0.0,36.0,32.9,0.0,0.0,0.0,0.0,0.0,0.0,0.0,0.0,0.0,0.0
2026-06-10 17:47:23,0.6797810283120294,-2.8637876146328303,-0.41132869517956294,1.8851939941179356,-2.7187675543238905,0.039668245403499114,-0.9520938936021337,-1.942419665113644,36.78058367940111,37.12754592984882,36.82255529962818,14.0,0.0,36.0,32.9,0.0,0.0,0.0,0.0,0.0,0.0,0.0,0.0,0.0,0.0
2026-06-10 17:47:24,1.9929384147474352,-2.994851017487279,-0.43065172793644013,-1.8219381580828347,-0.64669172471429,-1.0602108083869493,0.613754454696462,-1.5549261991416234,36.87306139026052,36.85358636575791,36.99769205963116,14.0,0.0,36.0,32.9,0.0,0.0,0.0,0.0,0.0,0.0,0.0,0.0,0.0,0.0
2026-06-10 17:47:26,-1.3767391135665359,2.198694568035445,2.481741587104511,-2.89679685073818,1.9605872300285068,1.6675309232739561,-2.887480870571468,0.36319853803501445,36.65290021659566,37.01977526587263,37.01170106554438,14.0,0.0,36.0,32.9,0.0,0.0,0.0,0.0,0.0,0.0,0.0,0.0,0.0,0.0
2026-06-10 17:47:27,-1.5300715674430112,-0.0964551817017214,2.3818036543194,-2.4387372501185776,0.4035524650479285,0.8213844617245982,1.1555844598721068,-2.258496465416996,36.52030333740809,37.37810038080174,37.13697272700306,14.0,0.0,36.0,32.9,0.0,0.0,0.0,0.0,0.0,0.0,0.0,0.0,0.0,0.0
2026-06-10 17:47:28,2.352501065056896,0.010213419887842967,2.946598396977782,-2.209503309526707,-0.5292383776999232,0.18534618066611053,2.064610053021058,2.0909802583362893,36.60820926988814,36.8381050190933,37.248436362506986,14.0,0.0,36.0,32.9,0.0,0.0,0.0,0.0,0.0,0.0,0.0,0.0,0.0,0.0
2026-06-10 17:47:30,-2.152953193809773,-2.291264598156,-0.023703461300878637,1.5273799366920517,-2.6115487960051107,-2.4172207446217007,1.6051627826069241,0.8240690004986506,36.69327572792898,37.19570374159588,37.16438647648903,14.0,0.0,36.0,32.9,0.0,0.0,0.0,0.0,0.0,0.0,0.0,0.0,0.0,0.0
2026-06-10 17:47:31,1.5958890677601714,-1.7117092015153197,-0.1049826111619172,2.688556675129223,1.2373245847758358,2.239188745505712,-0.636334399098093,1.2552232965667356,36.92294715653519,37.37857213560585,36.82568020601759,14.0,0.0,36.0,32.9,0.0,0.0,0.0,0.0,0.0,0.0,0.0,0.0,0.0,0.0
2026-06-10 17:47:32,2.246096158205793,-0.386830527975345,-0.7773077505203663,-2.281836324329642,-2.908319783701347,0.09687742074636763,2.0192663503469204,-0.3973465775803975,36.62558536381778,37.03733294554198,37.072617102582996,14.0,0.0,36.0,32.9,0.0,0.0,0.0,0.0,0.0,0.0,0.0,0.0,0.0,0.0
2026-06-10 17:47:33,0.29256221341365407,-1.2036017282758558,1.6921802510873603,1.810372374481739,-0.24954451519387177,2.226597999918221,1.1865085345187332,0.2386442701444733,37.06563431849556,36.92647859531587,37.15325092901145,14.0,0.0,36.0,32.9,0.0,0.0,0.0,0.0,0.0,0.0,0.0,0.0,0.0,0.0
2026-06-10 17:47:35,1.1016874695426964,-0.9577031959211899,-2.6039536231542657,0.5522347304586104,-0.03689200365291745,2.6873584878780754,0.5004370545613321,-2.9160748730450825,36.687902903175875,37.28132913067488,37.14859550238438,14.0,0.0,36.0,32.9,0.0,0.0,0.0,0.0,0.0,0.0,0.0,0.0,0.0,0.0
2026-06-10 17:47:36,-2.3800429578206552,-1.5771870497637002,-1.5966886194531384,-2.201345911068662,-1.2602537487908905,1.3202987975324811,0.04971458566985776,-2.7981443462714983,36.575700679476526,37.16387596686682,37.20494734936849,14.0,0.0,36.0,32.9,0.0,0.0,0.0,0.0,0.0,0.0,0.0,0.0,0.0,0.0
2026-06-10 17:47:37,2.252954427213914,1.907575114926379,0.9654360377154787,-1.3746543334752674,-0.2457052502267194,-2.925838572432844,-2.5054733864801246,1.2526577597577653,36.637309801221214,37.36284159310575,37.22207999023342,14.0,0.0,36.0,32.9,0.0,0.0,0.0,0.0,0.0,0.0,0.0,0.0,0.0,0.0
2026-06-10 17:47:38,-0.6404567812144211,-1.2458723710438118,1.1534480645526752,0.49231288613223034,-1.5118225107258614,-2.08435398623441,1.2383005450930327,-2.383942587173343,36.80515826192217,36.807438796775834,36.83572486458604,14.0,0.0,36.0,32.9,0.0,0.0,0.0,0.0,0.0,0.0,0.0,0.0,0.0,0.0
2026-06-10 17:47:40,-1.1430341301519567,0.12471471941737855,0.4031852375094793,-2.111259542241899,-1.4220136310119431,-2.4703486892185884,-0.31353608589480375,1.7477779558590445,36.52130697896833,36.88895642608773,37.08829629695307,14.0,0.0,36.0,32.9,0.0,0.0,0.0,0.0,0.0,0.0,0.0,0.0,0.0,0.0
2026-06-10 17:47:41,-1.235919543012923,-0.9468505261666751,-2.542018352973459,-1.8441099281155524,0.32784888393462985,2.8072232354749644,0.2543010547284106,-0.001666995920156289,36.64267419648054,36.86850676717645,36.818606207637146,14.0,0.0,36.0,32.9,0.0,0.0,0.0,0.0,0.0,0.0,0.0,0.0,0.0,0.0
2026-06-10 17:47:42,0.1152411607939623,0.7093619261625959,0.9136989968957177,0.16126075509947935,1.3928409090514142,0.28040014809567193,-2.3649040096177147,-0.3453537562911535,36.81860317878143,36.984674478431856,36.929738428477776,14.0,0.0,36.0,32.9,0.0,0.0,0.0,0.0,0.0,0.0,0.0,0.0,0.0,0.0
2026-06-10 17:47:43,0.16037120295131269,-1.0302915784704934,-2.848566428486648,-1.3793987357003257,-0.7558094462574392,0.8962872044771659,0.814164907502871,-2.8189159682262064,36.73218489693658,37.128091490593306,36.70097962111533,14.0,0.0,36.0,32.9,0.0,0.0,0.0,0.0,0.0,0.0,0.0,0.0,0.0,0.0
2026-06-10 17:47:44,0.7067985414053517,1.727057441153499,-0.32524261790124864,-2.215270037836911,-1.9478700771702426,0.32380714318411385,-2.006154210806382,0.21711725317928376,36.71775337307132,36.91637292553315,36.710965307361434,14.0,0.0,36.0,32.9,0.0,0.0,0.0,0.0,0.0,0.0,0.0,0.0,0.0,0.0
2026-06-10 17:47:45,-2.884690352673587,-1.2206777759577556,-2.170257840119027,0.7939711268305438,2.904540325405846,1.1885320998876887,2.6179860020504906,-2.998224034638816,36.83137426070109,36.9837059746563,37.11553390307921,14.0,0.0,36.0,32.9,0.0,0.0,0.0,0.0,0.0,0.0,0.0,0.0,0.0,0.0
2026-06-10 17:47:46,0.7277193099028945,-0.7569364063093058,1.286191806410545,-0.9097391272593791,2.5511647389313232,2.7480079929850083,-0.17563336813425767,2.6184704363405267,36.937050453162286,37.08456910659875,36.88732482151678,14.0,0.0,36.0,32.9,0.0,0.0,0.0,0.0,0.0,0.0,0.0,0.0,0.0,0.0
2026-06-10 17:47:47,0.5754395918171298,-1.3727568255971339,2.299304275073445,-2.5482026998678005,0.5849618679493891,-0.4824573574673532,0.574917494725649,-0.8172056644956172,36.520714107742776,37.220401838165586,36.8832766304033,14.0,0.0,36.0,32.9,0.0,0.0,0.0,0.0,0.0,0.0,0.0,0.0,0.0,0.0
2026-06-10 17:47:48,2.3950428979988336,-2.0455286955568335,-2.536170764288374,-0.9062771975770203,-2.1022170323845426,-2.816111967376254,-2.4895980369760498,1.4030579730181305,36.76774529081697,37.29791895066901,37.021485023932634,14.0,0.0,36.0,32.9,0.0,0.0,0.0,0.0,0.0,0.0,0.0,0.0,0.0,0.0
2026-06-10 17:47:49,1.2562814043848727,-0.9966147064116697,-0.7007017951737353,1.9382367182577074,-0.12180181628514575,2.538706307772224,0.9573960606941689,-1.5933016168228573,36.62384695915784,37.24301560884392,37.233937988556505,14.0,0.0,36.0,32.9,0.0,0.0,0.0,0.0,0.0,0.0,0.0,0.0,0.0,0.0
2026-06-10 17:47:51,-2.2176683069258667,0.7931483071161538,-2.3201298904135306,-2.104932387029301,-1.0337262281631794,-1.4750820197636816,2.6797648765624817,-0.7698866847218264,36.85940039677363,37.12754871328198,36.99117916326736,14.0,0.0,36.0,32.9,0.0,0.0,0.0,0.0,0.0,0.0,0.0,0.0,0.0,0.0
2026-06-10 17:47:52,-2.7948158072477773,-1.9728358935724528,0.32816239952348614,-2.5879518236990835,0.5678565203254795,-1.0920171872842734,-2.983812123740533,0.799671251959106,37.005624608825464,37.27350651608621,36.75934963277348,14.0,0.0,36.0,32.9,0.0,0.0,0.0,0.0,0.0,0.0,0.0,0.0,0.0,0.0
2026-06-10 17:47:53,-1.467601332274912,-1.3102809143668577,1.438588955073726,2.103633387537399,-1.7188818228144378,0.372899023231704,1.0957122243668644,0.5098410076193374,37.08362279351766,37.308736366116044,37.177740983833715,14.0,0.0,36.0,32.9,0.0,0.0,0.0,0.0,0.0,0.0,0.0,0.0,0.0,0.0
2026-06-10 17:47:54,-2.6666476382195716,-0.958569915152836,0.7998501858739457,-2.936751290817459,-0.09567283373633373,-0.3796924971237461,-2.868368368849264,0.1918176385136312,36.82931937923036,37.121830039441534,37.20141983912429,14.0,0.0,36.0,32.9,0.0,0.0,0.0,0.0,0.0,0.0,0.0,0.0,0.0,0.0
2026-06-10 17:47:55,-1.6489202135321637,2.2119176093028425,2.7025672326528962,0.6830726055609686,-2.8063742997461736,1.9422028149146024,1.431964272559008,2.576381959791803,36.64028553741982,36.81492676230828,36.87427376536748,14.0,0.0,36.0,32.9,0.0,0.0,0.0,0.0,0.0,0.0,0.0,0.0,0.0,0.0
2026-06-10 17:47:56,-0.896004087670891,2.0536269630262147,-0.9339834311153377,-1.6844109871145991,2.5716514889243918,-1.592518673573803,-0.03852632547404955,0.8645858107556199,36.61951301659646,37.31000908419725,37.16946245010818,14.0,0.0,36.0,32.9,0.0,0.0,0.0,0.0,0.0,0.0,0.0,0.0,0.0,0.0
2026-06-10 17:47:58,1.271557682672423,-0.9238009086779781,-2.964514099602077,-1.1287011211090918,-2.280557972728433,0.8828195687124998,-2.33906077592996,-1.2193034912560805,36.65819039857144,36.9711304051597,37.01118646789457,14.0,0.0,36.0,32.9,0.0,0.0,0.0,0.0,0.0,0.0,0.0,0.0,0.0,0.0
2026-06-10 17:47:59,-2.8111024598649257,0.44856931088364504,-2.0993537154350412,-2.5838347340390113,1.2146464510880053,2.3025777009240143,-1.1315762212282117,0.5824418824172368,37.05722953860367,37.116035314372425,36.88533886451749,14.0,0.0,36.0,32.9,0.0,0.0,0.0,0.0,0.0,0.0,0.0,0.0,0.0,0.0
2026-06-10 17:48:00,1.925110784014235,-0.912972042793772,1.5244131992246128,0.8347901159553164,1.6166758018146759,0.7423313989612019,2.840604085555209,-0.5779032054207951,36.983034204659894,37.19826302423286,36.8372996302806,14.0,0.0,36.0,32.9,0.0,0.0,0.0,0.0,0.0,0.0,0.0,0.0,0.0,0.0
2026-06-10 17:48:01,-0.6852487685921904,-2.64911082984291,-0.0229828287769136,1.7608596962222736,-0.013899228533702512,2.114108312123399,0.8909898853444487,0.4742407338771537,36.679298648711,37.18347545028271,36.92353427468138,14.0,0.0,36.0,32.9,0.0,0.0,0.0,0.0,0.0,0.0,0.0,0.0,0.0,0.0
2026-06-10 17:48:02,-0.5050959505620423,-1.6666314809841951,0.6682392093148595,-1.7416793804178263,0.5217547347888054,0.40782413076181356,1.8852360597307793,0.03514576852244389,36.892005928057856,37.24464269175039,36.79517825209532,14.0,0.0,36.0,32.9,0.0,0.0,0.0,0.0,0.0,0.0,0.0,0.0,0.0,0.0
2026-06-10 17:48:03,-1.354741412552745,0.6409098518954068,-0.6309342993632345,0.2297432574628524,2.597004099386032,-1.6380486020387397,-0.6801104298400702,0.38569164842111237,36.566333545255446,37.31906732349466,37.01749354370679,14.0,0.0,36.0,32.9,0.0,0.0,0.0,0.0,0.0,0.0,0.0,0.0,0.0,0.0
2026-06-10 17:48:04,0.20287489877625609,-2.8806665281901402,-0.0314531907056792,-1.9310120233627632,2.744160882127664,1.6890983377807096,2.2804227017769616,-1.367916425423502,36.568223518526054,36.9465573837994,36.86885345937384,14.0,0.0,36.0,32.9,0.0,0.0,0.0,0.0,0.0,0.0,0.0,0.0,0.0,0.0
2026-06-10 17:48:05,-2.5362907616333907,-1.0987942941673852,2.1013829513559115,-1.9011727992639382,-2.6450746290306,2.816611979976802,-0.5935115056625526,2.400675393551774,36.70036367755827,37.182863464373355,37.236821389810466,14.0,0.0,36.0,32.9,0.0,0.0,0.0,0.0,0.0,0.0,0.0,0.0,0.0,0.0
2026-06-10 17:48:07,-0.2157090604955001,2.9451533872358695,0.2779058605301672,0.09080409010595947,-1.233652242591868,-1.8746172641294507,1.8291415694820001,0.584156646487453,36.70448923931827,37.39069141563363,36.89022732691753,14.0,0.0,36.0,32.9,0.0,0.0,0.0,0.0,0.0,0.0,0.0,0.0,0.0,0.0
2026-06-10 17:48:08,-2.309309459847933,0.25019321036007947,2.152088286827656,1.0784062486654022,-2.303991707191987,0.40434824991081486,1.5876100943090448,-0.7081203285249025,36.920719829181444,37.210653711910105,36.76073354183823,14.0,0.0,36.0,32.9,0.0,0.0,0.0,0.0,0.0,0.0,0.0,0.0,0.0,0.0
2026-06-10 17:48:09,-2.703725989075265,-0.894527564462618,1.5294726958936806,-0.844476262735192,0.06743027442438176,0.23846179067986917,0.4743337580382674,-2.397067509193608,36.82482827024567,37.199569501753636,37.052436412871,14.0,0.0,36.0,32.9,0.0,0.0,0.0,0.0,0.0,0.0,0.0,0.0,0.0,0.0
2026-06-10 17:48:10,2.5217434392570937,-1.39495750655598,-0.9786410917833246,-2.112533043824195,-2.0780422503961216,1.7027102678428179,-0.5195990634986094,-1.6927231711820165,36.61449291052127,36.934661575395296,36.81672806061919,14.0,0.0,36.0,32.9,0.0,0.0,0.0,0.0,0.0,0.0,0.0,0.0,0.0,0.0
2026-06-10 17:48:11,1.9845398289069562,2.1066679809920643,-2.4782550249494864,-0.5463761583987412,-2.2535671050571633,-0.9755938573637288,-1.149445626750717,0.312173178171514,37.09142319542328,37.23027084603115,37.03422704673229,14.0,0.0,36.0,32.9,0.0,0.0,0.0,0.0,0.0,0.0,0.0,0.0,0.0,0.0
2026-06-10 17:48:13,2.673298292634424,0.1562497030141996,-2.2586111065721415,2.543474393323981,1.9284731146145386,1.7213615096672958,1.002285381272431,1.3706602574509175,36.520991857815126,36.95002168525089,37.05213907110328,14.0,0.0,36.0,32.9,0.0,0.0,0.0,0.0,0.0,0.0,0.0,0.0,0.0,0.0
2026-06-10 17:48:14,2.686555145956622,2.424765583116943,-2.695221703816195,-2.3266117904945536,-1.0362177380853257,1.2643407703020122,-2.539390262761862,2.1276599072239986,36.70250573444365,37.17907602200976,37.185732092951284,14.0,0.0,36.0,32.9,0.0,0.0,0.0,0.0,0.0,0.0,0.0,0.0,0.0,0.0
2026-06-10 17:48:15,-0.3708113290244075,0.640745497654406,-1.3862224396498908,-2.947385905731722,-2.059956215527785,-2.0109347450258834,1.8028790273769806,-0.16793813506083,36.828171028891454,37.21521554865123,37.13246036994548,14.0,0.0,36.0,32.9,0.0,0.0,0.0,0.0,0.0,0.0,0.0,0.0,0.0,0.0
2026-06-10 17:48:16,-2.8227425414097045,0.5683913628437107,-2.6818034334830587,-2.22543907049776,2.687782724308869,2.739193319048688,1.841738065687065,-2.508545710182802,36.57654209904501,36.89216617836747,37.22872731690548,14.0,0.0,36.0,32.9,0.0,0.0,0.0,0.0,0.0,0.0,0.0,0.0,0.0,0.0
2026-06-10 17:48:18,2.526843805276979,-2.7107121157820075,-0.8637405728946019,-2.054940437779339,2.830724976727735,1.2821250135143103,0.021361632717471934,-1.158783181979203,36.8139949729905,37.356891806394835,36.93573374203045,14.0,0.0,36.0,32.9,0.0,0.0,0.0,0.0,0.0,0.0,0.0,0.0,0.0,0.0
2026-06-10 17:48:19,-0.826697835872996,1.0357188544553884,0.943929811455579,2.427839943339256,2.6611897291809203,-1.3052705287648911,-0.18264209473340154,-1.022927805972082,37.046503744305035,37.08160269121438,36.872107790850364,14.0,0.0,36.0,32.9,0.0,0.0,0.0,0.0,0.0,0.0,0.0,0.0,0.0,0.0
2026-06-10 17:48:20,1.1298135360668349,-1.9991006155365547,2.112092186368158,0.32161841264803837,-2.1567912880303,-1.0358233539786408,1.8733999261767504,-1.8930911629812566,36.58467164606432,37.125380330359015,37.05201238711797,14.0,0.0,36.0,32.9,0.0,0.0,0.0,0.0,0.0,0.0,0.0,0.0,0.0,0.0
2026-06-10 17:48:21,2.4314997480383793,-1.4195705627790154,2.6421619929714026,1.8589200219262416,-0.3551894802555262,0.5982649783061444,-1.6596582150342303,-0.9033456258156161,36.64211374341612,36.95943717630196,36.72726053300898,14.0,0.0,36.0,32.9,0.0,0.0,0.0,0.0,0.0,0.0,0.0,0.0,0.0,0.0
2026-06-10 17:48:22,0.013474459730486554,-0.5803173291505779,2.845492402220671,-0.14905325756802235,-2.5715689349109025,-1.8186732085790005,0.18822304512681942,1.6401881219970083,36.59072706457202,36.89798534829685,36.73901541829288,14.0,0.0,36.0,32.9,0.0,0.0,0.0,0.0,0.0,0.0,0.0,0.0,0.0,0.0
2026-06-10 17:48:24,0.5091346052205505,-2.5169900408675563,0.6165651335057847,2.659184993370384,1.7767997864783922,1.1031613701237308,1.01616062891188,-0.6042159955644602,36.70781649431187,36.927580860649314,36.83546801646455,14.0,0.0,36.0,32.9,0.0,0.0,0.0,0.0,0.0,0.0,0.0,0.0,0.0,0.0
2026-06-10 17:48:25,-0.5036446823781731,-1.0108962229686362,-1.199150319685335,0.7137608956814576,-2.2917022384424532,-0.2318320265481546,1.5504287159087884,2.2491053044451164,36.748189970974515,37.1216927531446,37.04590874842006,14.0,0.0,36.0,32.9,0.0,0.0,0.0,0.0,0.0,0.0,0.0,0.0,0.0,0.0
2026-06-10 17:48:26,0.774216578269912,-0.29877991612286436,-2.1327060384462877,2.474439806396955,0.9341794838845408,-0.968534356356479,0.7303753947557912,-0.3100398031717817,36.58527178423826,37.2293974326179,37.249403138002535,14.0,0.0,36.0,32.9,0.0,0.0,0.0,0.0,0.0,0.0,0.0,0.0,0.0,0.0
2026-06-10 17:48:27,-1.2399728543746151,0.771239926306313,2.285992800244145,1.5648654680385796,1.4255215269444594,0.8346346448911097,1.4214513173302592,2.1642217272361153,36.7500033075858,37.24090306123984,37.00469037779785,14.0,0.0,36.0,32.9,0.0,0.0,0.0,0.0,0.0,0.0,0.0,0.0,0.0,0.0
2026-06-10 17:48:29,0.34375001118091664,-1.0680601668670622,-2.2185557313841517,2.5739542253689223,1.2001582471638983,0.890702214398114,-1.0427085744702536,-2.699907538918025,36.59574648123598,37.248346329775444,37.147242336381915,14.0,0.0,36.0,32.9,0.0,0.0,0.0,0.0,0.0,0.0,0.0,0.0,0.0,0.0
2026-06-10 17:48:30,-0.6458481106600118,-0.49204948623305267,0.9594217830170946,-0.7641878486072882,1.1390077999079855,1.8676661159660624,2.8806507926565548,1.9239119046085875,36.73062200860312,37.286154789983776,37.237407180140494,14.0,0.0,36.0,32.9,0.0,0.0,0.0,0.0,0.0,0.0,0.0,0.0,0.0,0.0
2026-06-10 17:48:31,-2.7824840095252865,-1.3372585693551418,1.0862596417277173,2.5145201061052784,-1.9620406894136735,-1.8677125291010388,-2.62604486663463,0.07144198761607745,36.84537158787514,36.88510777667543,36.7628914664425,14.0,0.0,36.0,32.9,0.0,0.0,0.0,0.0,0.0,0.0,0.0,0.0,0.0,0.0
2026-06-10 17:48:33,0.9481951940792577,-2.338187979961859,-1.2704658468754535,1.0982505500447557,-0.20757779070281934,0.9782606559926474,-1.9531747737158338,-0.8958411815106668,36.544740960739986,37.04905579525564,36.84659947808199,14.0,0.0,36.0,32.9,0.0,0.0,0.0,0.0,0.0,0.0,0.0,0.0,0.0,0.0
2026-06-10 17:48:34,0.8096942436402785,0.3016901309554192,1.989312048092378,-2.1731316578343716,1.5286006106212753,1.6592913230569772,-2.8934928894240253,1.2670951065191947,36.53316134053039,37.27003737899917,36.759613735735606,14.0,0.0,36.0,32.9,0.0,0.0,0.0,0.0,0.0,0.0,0.0,0.0,0.0,0.0
2026-06-10 17:48:35,2.5225741891403874,2.0173807121243232,-2.2428313621921734,1.4304036381571503,-0.6768843629141119,1.044488043238517,1.4008524379946339,-2.4555297029853476,36.72683220589557,37.20926588155907,37.12812835172396,14.0,0.0,36.0,32.9,0.0,0.0,0.0,0.0,0.0,0.0,0.0,0.0,0.0,0.0
2026-06-10 17:48:36,0.13577942748645233,-1.0125450434474517,0.7565114488322786,2.698117265265039,2.1696723830702256,-1.5856905608724536,-1.1418301930619215,0.14738980117048506,36.657382070622546,37.33192583816971,37.108206314721585,14.0,0.0,36.0,32.9,0.0,0.0,0.0,0.0,0.0,0.0,0.0,0.0,0.0,0.0
2026-06-10 17:48:37,2.324044885701962,0.6835633423537057,2.6109827294712336,-1.6855482552592573,-2.827769809313521,0.8941180613983537,0.03941229921583478,0.3134599904159896,36.55570576174156,37.18540076853494,37.20892887915965,14.0,0.0,36.0,32.9,0.0,0.0,0.0,0.0,0.0,0.0,0.0,0.0,0.0,0.0
2026-06-10 17:48:39,-1.2141222551213473,-0.15575331211581478,-1.04922955034654,0.8457108957930757,2.4616439122977747,0.09610655860747652,-2.0721367612627573,0.20597601003760246,36.50787360017837,36.854463397107324,36.95304494732959,14.0,0.0,36.0,32.9,0.0,0.0,0.0,0.0,0.0,0.0,0.0,0.0,0.0,0.0
2026-06-10 17:48:40,-0.38971677416440986,0.025340198369137923,2.303404493133395,1.0317929516551327,1.610991530958712,2.695822285155213,-2.473723519984319,1.9073475118632173,36.89601078342533,36.94480504308116,37.2727582730233,14.0,0.0,36.0,32.9,0.0,0.0,0.0,0.0,0.0,0.0,0.0,0.0,0.0,0.0
2026-06-10 17:48:41,1.964105351534518,1.2768689878115538,1.0723009837138715,0.593827222638657,-2.8263765646702135,-1.1411977625312553,1.5729380085809588,-2.859001724572154,36.53415020660172,37.335714733270564,36.84672565493053,14.0,0.0,36.0,32.9,0.0,0.0,0.0,0.0,0.0,0.0,0.0,0.0,0.0,0.0
2026-06-10 17:48:42,0.5563505789334018,-0.42011842302982405,-1.8935222204085838,0.6917138664463751,1.8341378035126716,-0.4773409743136945,2.5695686910107254,0.8775278902806529,36.87182596146625,37.38101570402819,36.727345673783866,14.0,0.0,36.0,32.9,0.0,0.0,0.0,0.0,0.0,0.0,0.0,0.0,0.0,0.0
2026-06-10 17:48:43,-0.7884665909091328,-2.035018444433122,-2.108178624694898,0.3062421750517723,-0.14496803948129955,2.8029091645393,2.962145699377089,-1.4996391635694695,36.742977039985746,37.2919598743829,36.89782616904128,14.0,0.0,36.0,32.9,0.0,0.0,0.0,0.0,0.0,0.0,0.0,0.0,0.0,0.0
2026-06-10 17:48:44,-0.31925707174358386,0.5757590623103983,-1.6297089407589442,1.9770176512932842,0.46608892891067333,-2.757251032296992,2.500805544356691,1.0592497397754785,36.87010295374138,37.18820678104745,36.91969123020102,14.0,0.0,36.0,32.9,0.0,0.0,0.0,0.0,0.0,0.0,0.0,0.0,0.0,0.0
2026-06-10 17:48:46,1.765848119135379,-0.20896993236685502,0.7095612169552887,1.2208264851967918,0.6636997004533853,2.4398213225184255,1.9720571302388743,0.13326654434543883,36.98445466123577,37.23464731747523,36.765303070641245,14.0,0.0,36.0,32.9,0.0,0.0,0.0,0.0,0.0,0.0,0.0,0.0,0.0,0.0
2026-06-10 17:48:47,1.7811208748711946,2.295456085823223,2.41423328566378,0.14392042206816757,-2.489198533885217,2.6093847114470234,-2.8481314628172356,-0.6808184910076873,37.00687460571307,36.826513490727784,37.159048573599506,14.0,0.0,36.0,32.9,0.0,0.0,0.0,0.0,0.0,0.0,0.0,0.0,0.0,0.0
2026-06-10 17:48:48,-0.06042143511604614,-1.7914009343319117,0.6526281987630442,0.5854769313130159,1.2756835431620486,-2.8613333582278573,-1.6779836086536142,0.5472348023053684,36.696920020875375,36.81134078245824,37.132475796416486,14.0,0.0,36.0,32.9,0.0,0.0,0.0,0.0,0.0,0.0,0.0,0.0,0.0,0.0
2026-06-10 17:48:50,-0.34396454384190056,-1.9246207524473071,2.3414391034160236,-1.5036515688800718,-2.9256695667898214,1.085447790065012,0.2517248792752138,1.6097283260967696,37.04786750797534,36.9310071550759,37.04035331172907,14.0,0.0,36.0,32.9,0.0,0.0,0.0,0.0,0.0,0.0,0.0,0.0,0.0,0.0
2026-06-10 17:48:51,0.7802260057813735,-0.24589105294344327,-1.7665117287475065,-1.6023906161314592,-0.57084568161088,1.0406206064915455,0.5212279142773246,2.275877384102878,36.834304574755116,37.30353695422383,36.97858265843592,14.0,0.0,36.0,32.9,0.0,0.0,0.0,0.0,0.0,0.0,0.0,0.0,0.0,0.0
2026-06-10 17:48:52,1.3170028925104411,-2.1475416493400843,2.940089094658031,1.3814642369854262,0.5878533952793417,0.8737889670128869,2.7227990331231275,-1.7178100079455643,36.862599512233174,36.805698751210926,37.1641658341947,14.0,0.0,36.0,32.9,0.0,0.0,0.0,0.0,0.0,0.0,0.0,0.0,0.0,0.0
2026-06-10 17:48:53,-0.37949172366059614,1.6773560140129593,0.8440966681476345,1.8290989006165663,-2.7150020629185336,0.02771572340036732,-1.1630045875401616,-0.08119849922095579,36.55206141085349,37.223872243865465,36.7242633025914,14.0,0.0,36.0,32.9,0.0,0.0,0.0,0.0,0.0,0.0,0.0,0.0,0.0,0.0
2026-06-10 17:48:54,0.6543130593068449,1.6935616186519864,0.07658973806386671,2.5613900823149534,2.996734389927176,1.9725991287269942,0.39679321863276673,2.0824054684172246,36.65738547289027,36.86710441210568,37.15780597054722,14.0,0.0,36.0,32.9,0.0,0.0,0.0,0.0,0.0,0.0,0.0,0.0,0.0,0.0
2026-06-10 17:48:56,-0.6857455150294025,-2.531295815241811,2.793540906278551,-1.2402059690608256,-0.8036295577930295,0.14294812467283968,1.4609176200500702,0.2990021069379192,36.83032079041596,36.966626671396185,36.817541695900466,14.0,0.0,36.0,32.9,0.0,0.0,0.0,0.0,0.0,0.0,0.0,0.0,0.0,0.0
2026-06-10 17:48:57,2.342217514834939,-0.5901711777192107,-1.8809887801125442,-0.2875408185764705,-0.12029219030385185,-0.32238586803013813,0.03279507412665694,-0.19070032636094147,36.98553625488989,37.10613885236027,37.205544331842006,14.0,0.0,36.0,32.9,0.0,0.0,0.0,0.0,0.0,0.0,0.0,0.0,0.0,0.0
2026-06-10 17:48:58,-0.4203919401573968,1.4747688214069772,-1.4669781910299544,-1.9021281565884045,-1.6735300267832374,2.7159241699011467,-1.927623802575313,0.11667239192275414,36.78533344595295,37.095545835088245,36.90591009835119,14.0,0.0,36.0,32.9,0.0,0.0,0.0,0.0,0.0,0.0,0.0,0.0,0.0,0.0
2026-06-10 17:48:59,-1.1361310026543718,-1.4682920784641276,1.253129151427185,0.10710004592829403,-0.6802165667344187,-1.7990741566151376,-0.3657576004896139,-1.9925275907727835,36.810898712518885,37.398485677347594,37.24020618180057,14.0,0.0,36.0,32.9,0.0,0.0,0.0,0.0,0.0,0.0,0.0,0.0,0.0,0.0
2026-06-10 17:49:00,2.214682877968455,2.260523619997599,-2.801478231148736,2.4194394654510543,-1.6714461583176798,-1.2932177816927404,-2.9979818784417582,-2.449400700861953,36.52196321120629,37.06916941150918,36.72118267020389,14.0,0.0,36.0,32.9,0.0,0.0,0.0,0.0,0.0,0.0,0.0,0.0,0.0,0.0
2026-06-10 17:49:02,-1.2963796487848347,1.52083021887786,-0.6797533952795449,0.9788914509609681,0.0922452763186068,-2.86262152442212,0.23283522128107936,-1.0489671815312311,36.80283124093173,37.33936583992589,37.21435603783074,14.0,0.0,36.0,32.9,0.0,0.0,0.0,0.0,0.0,0.0,0.0,0.0,0.0,0.0
2026-06-10 17:49:03,-1.8769647008200807,0.997962482409819,0.22894253620525173,1.7981625140332902,-1.2246806996688364,2.3976593340544836,-0.618705375874915,2.518810704632589,36.728351133719755,37.39781943339577,36.78652281596772,14.0,0.0,36.0,32.9,0.0,0.0,0.0,0.0,0.0,0.0,0.0,0.0,0.0,0.0
2026-06-10 17:49:04,1.8009907250128636,2.187357398785597,-0.851740940884921,-1.7044819933794035,-2.289344235934707,-1.0072735289559243,1.576986001770119,-0.1935254180685213,36.826972831329,36.988558350804816,37.02305187329331,14.0,0.0,36.0,32.9,0.0,0.0,0.0,0.0,0.0,0.0,0.0,0.0,0.0,0.0
2026-06-10 17:49:05,-1.266718627081573,-2.787644688113563,-1.122773326383909,-2.0937297625128255,1.8390448346791626,2.874012573408611,1.9383092222432534,-0.6829786098570012,36.625803312812856,36.888704690033414,37.06014795924876,14.0,0.0,36.0,32.9,0.0,0.0,0.0,0.0,0.0,0.0,0.0,0.0,0.0,0.0
2026-06-10 17:49:06,2.0867263733167007,-1.4868885484729768,-1.8161595000034887,1.6503192980720982,2.389666051207487,0.12931574030191628,-0.4888291890798948,-2.5350035148357906,36.569819468121246,37.22793576558702,36.943697886176075,14.0,0.0,36.0,32.9,0.0,0.0,0.0,0.0,0.0,0.0,0.0,0.0,0.0,0.0
2026-06-10 17:49:07,-2.318473920900799,1.0705764780818638,2.5658299969421883,2.783590495596953,-1.843299911080679,2.2105849370089956,0.31967169279940144,-1.2229399250065967,36.7455340809406,36.821474198405085,37.29173401661494,14.0,0.0,36.0,32.9,0.0,0.0,0.0,0.0,0.0,0.0,0.0,0.0,0.0,0.0
2026-06-10 17:49:09,2.4017625609582582,-0.31842195182719024,0.4007813420579418,1.9628662667659347,-1.0797633167369751,-0.16934510848142015,-2.1387778605056083,2.143320128392549,36.93887875444894,36.93736420198263,36.78450198098874,14.0,0.0,36.0,32.9,0.0,0.0,0.0,0.0,0.0,0.0,0.0,0.0,0.0,0.0
2026-06-10 17:49:10,1.7474200608692954,-0.0985634729125282,2.576607504822822,-0.43602134947477644,2.504732269496757,-2.627919741609831,1.9937411043917521,-1.7965909789362113,36.61437567969361,37.24780020365638,37.141751082185536,14.0,0.0,36.0,32.9,0.0,0.0,0.0,0.0,0.0,0.0,0.0,0.0,0.0,0.0
2026-06-10 17:49:11,-1.7154733761214305,-2.9143438934456016,1.0443461464487456,0.15880092369881726,1.5903174683512713,-2.1577268042131648,-2.021493968496098,-1.3990170629168865,36.89366016120711,37.085808205081285,36.79396849279629,14.0,0.0,36.0,32.9,0.0,0.0,0.0,0.0,0.0,0.0,0.0,0.0,0.0,0.0
2026-06-10 17:49:13,-1.2754869416524375,-0.02376336260626788,-2.507257617345074,-2.676143749894545,1.9088093501305945,-1.4246078745677682,1.7750370448084336,0.05619238027123519,36.667170502722335,37.151927414906176,37.19925268835988,14.0,0.0,36.0,32.9,0.0,0.0,0.0,0.0,0.0,0.0,0.0,0.0,0.0,0.0
2026-06-10 17:49:14,-2.6149894564100817,-0.9953874941861596,-0.4174117338571546,-2.404018248673511,-2.454251385067757,-2.715484834768091,-2.557449655720786,-0.2046703436585391,36.81193748653038,36.889001730914565,36.98574109240544,14.0,0.0,36.0,32.9,0.0,0.0,0.0,0.0,0.0,0.0,0.0,0.0,0.0,0.0
2026-06-10 17:49:15,-2.911428690649907,1.8911693828247182,2.410990151251913,2.3397184391251065,2.119267540880946,2.4856818467715094,0.12393276191561409,-1.1590592881156618,36.500819673977794,37.18493354499827,37.23409271901612,14.0,0.0,36.0,32.9,0.0,0.0,0.0,0.0,0.0,0.0,0.0,0.0,0.0,0.0
2026-06-10 17:49:16,-0.5490424116578616,-2.4596567213212315,1.0017111710916664,-0.7917429708031269,-0.4806007321388108,0.37041051206551234,-1.069504889811238,0.5331649081548058,37.00633150494458,37.38093010638758,37.064193407307,14.0,0.0,36.0,32.9,0.0,0.0,0.0,0.0,0.0,0.0,0.0,0.0,0.0,0.0
2026-06-10 17:49:18,0.258698116159803,-1.784060057541897,-1.589076871717559,-0.9586856298315038,-0.5726714718030284,-1.7393534167494873,2.801793118325671,1.0584264739712204,36.729167455079114,36.839991523048745,37.047180643763205,14.0,0.0,36.0,32.9,0.0,0.0,0.0,0.0,0.0,0.0,0.0,0.0,0.0,0.0
2026-06-10 17:49:19,-1.1038798166257797,2.558880305090839,1.2905750174632136,-1.1676921057503493,-0.22657523282030922,-0.9864439879946381,1.384034605719524,1.54833054407323,36.76246689953856,37.01892841751326,36.88227145084445,14.0,0.0,36.0,32.9,0.0,0.0,0.0,0.0,0.0,0.0,0.0,0.0,0.0,0.0
2026-06-10 17:49:20,-0.4525218206775503,-2.918319697232052,1.0380105687353236,-1.671438930170439,-2.0736751904403934,-0.06833075492950602,-2.6893023046370983,-1.5788408084605268,36.717253422035704,37.19709009270548,36.87638348579252,14.0,0.0,36.0,32.9,0.0,0.0,0.0,0.0,0.0,0.0,0.0,0.0,0.0,0.0
2026-06-10 17:49:21,-1.2951566597031132,-0.6444805920184145,-1.3418742673346729,-1.0580256576073295,-1.8826336819264717,0.3712095049907713,1.2773814657764682,-2.534437796459447,36.529932102302716,37.01678929187977,36.79074916427921,14.0,0.0,36.0,32.9,0.0,0.0,0.0,0.0,0.0,0.0,0.0,0.0,0.0,0.0
2026-06-10 17:49:23,-2.1598981219831845,-2.8678837544172935,1.5538417795057509,0.7525862232985507,-2.3826179288526266,-0.8752463592859172,-1.1066773454625873,-0.1275708059609002,36.53038881090731,37.12856057189674,37.154793282310365,14.0,0.0,36.0,32.9,0.0,0.0,0.0,0.0,0.0,0.0,0.0,0.0,0.0,0.0
2026-06-10 17:49:24,0.8059544823619902,0.5318167237174469,1.0133260212322615,-2.4186112807825175,-1.9407350052985326,-0.5282143635882122,-0.4035588696403627,-1.8441378405736206,36.96921658349095,37.18182386751735,37.27967889349781,14.0,0.0,36.0,32.9,0.0,0.0,0.0,0.0,0.0,0.0,0.0,0.0,0.0,0.0
2026-06-10 17:49:25,-0.6214087266421648,1.2815741549092516,-0.6007310318595396,0.05794595374038902,1.854991299869404,2.5068914234686064,-0.058394454461394574,-0.7487203849918043,36.79326729517742,37.10610834098917,36.72938737474555,14.0,0.0,36.0,32.9,0.0,0.0,0.0,0.0,0.0,0.0,0.0,0.0,0.0,0.0
2026-06-10 17:49:27,1.971408430081591,-0.5845949687715555,0.6722409134428959,2.1497566253789016,-0.5329705483136058,0.03668929257965914,0.7856222267024493,-0.6225830301140345,36.854400107111765,36.847241631427536,37.19971989413681,14.0,0.0,36.0,32.9,0.0,0.0,0.0,0.0,0.0,0.0,0.0,0.0,0.0,0.0
2026-06-10 17:49:28,0.9212716710469624,2.676579461983213,-1.4734392029805348,2.0762892606261323,1.9808449760247786,-2.8573447846840585,-1.1410115411184585,-1.7716394817747037,36.85899612051472,37.342348154978566,36.871221487990105,14.0,0.0,36.0,32.9,0.0,0.0,0.0,0.0,0.0,0.0,0.0,0.0,0.0,0.0
2026-06-10 17:49:30,-1.0242783345101882,-1.2512492410948257,-1.9568776425072085,2.4365895751797506,-1.6398014380686234,-0.3040984597903149,1.7515539208885826,2.634461467270853,37.09265356406502,37.30632381730522,36.82748724196604,14.0,0.0,36.0,32.9,0.0,0.0,0.0,0.0,0.0,0.0,0.0,0.0,0.0,0.0
2026-06-10 17:49:31,-2.918854826812141,-0.41568899166265716,-0.25500075893430596,2.959273241670772,0.6839328529295949,0.6287015387397359,-0.6813940100482352,-1.0497462867753629,36.88154948388619,37.20154257143297,36.92288875945838,14.0,0.0,36.0,32.9,0.0,0.0,0.0,0.0,0.0,0.0,0.0,0.0,0.0,0.0
2026-06-10 17:49:32,0.4134054820655608,-0.33648150612592875,-1.9707672744262805,0.3932041824802015,-2.485660708295253,2.038705629021041,0.8496239840513726,2.8959603084994683,37.055971742882896,36.89741012067833,37.14058080272905,14.0,0.0,36.0,32.9,0.0,0.0,0.0,0.0,0.0,0.0,0.0,0.0,0.0,0.0
2026-06-10 17:49:33,-1.4003836271701064,-0.21895622081698507,2.2945362913089395,1.4314254406591669,2.117021950746281,0.853161626327601,-1.0713213191772355,0.937112349433141,36.98800511935626,37.305638755959016,36.707570095009274,14.0,0.0,36.0,32.9,0.0,0.0,0.0,0.0,0.0,0.0,0.0,0.0,0.0,0.0
2026-06-10 17:49:35,-1.1429487098260374,0.7890794409085355,-2.2759640679851314,0.3478975997716347,0.5275377692668886,-2.385115342466787,-2.2899953959092922,1.7743707368359773,37.053789277200096,36.905332394628324,36.772811821697175,14.0,0.0,36.0,32.9,0.0,0.0,0.0,0.0,0.0,0.0,0.0,0.0,0.0,0.0
2026-06-10 17:49:36,-1.144505499413767,-0.046051721350740316,-2.400585826326317,0.031714077161371534,-1.4474533435743009,0.5773587511752627,-2.972299049379169,-0.8875271935727524,36.56629905072102,37.34544810211304,36.71115478775733,14.0,0.0,36.0,32.9,0.0,0.0,0.0,0.0,0.0,0.0,0.0,0.0,0.0,0.0
2026-06-10 17:49:37,2.1892564330545268,0.5346942180027199,-1.496852076823799,0.09790881344565694,1.445360985924144,0.5927428407743403,-0.18721672528398337,2.4502743621370007,37.00183466607322,36.860654833833856,36.94214625103219,14.0,0.0,36.0,32.9,0.0,0.0,0.0,0.0,0.0,0.0,0.0,0.0,0.0,0.0
2026-06-10 17:49:38,1.7796614892321623,2.3838548408713454,-0.5443090371655463,0.04327981616294263,1.5105071787622686,-1.76120817260662,-1.6627467651190713,-2.169514586682661,37.011078169384305,37.38532662514123,36.85403920273343,14.0,0.0,36.0,32.9,0.0,0.0,0.0,0.0,0.0,0.0,0.0,0.0,0.0,0.0
2026-06-10 17:49:39,1.181746734069601,-2.7083218464813816,-0.5103416617288747,-1.0312531189871705,-0.45471502238130146,2.978465752069976,-2.225443242797983,-2.674982093829692,36.61288151953318,37.15364288603688,36.720989069648276,14.0,0.0,36.0,32.9,0.0,0.0,0.0,0.0,0.0,0.0,0.0,0.0,0.0,0.0
2026-06-10 17:49:40,2.859418753123175,-1.4133444224542886,-1.5969411433149197,-0.8346452201908918,-2.8132266599774445,-1.6341213775599508,1.7067110850996263,-2.7000894474426334,36.75648067017417,37.155539861300674,36.987225015836835,14.0,0.0,36.0,32.9,0.0,0.0,0.0,0.0,0.0,0.0,0.0,0.0,0.0,0.0
2026-06-10 17:49:41,2.561868191394047,-0.5344494597578118,-2.727313111298918,1.192770464144452,-1.8881758303707878,-0.4461069971738141,-2.693186184913744,2.08172777757599,36.82875933160152,37.056127794310584,37.05577036461548,14.0,0.0,36.0,32.9,0.0,0.0,0.0,0.0,0.0,0.0,0.0,0.0,0.0,0.0
2026-06-10 17:49:42,1.097654606210833,1.9848907785990413,-1.1612916316858277,2.723065487818773,0.051984600452051666,-0.45702931627074994,1.89564831399559,-0.5170504022796019,36.798304949384104,36.83282574628405,37.12846013417747,14.0,0.0,36.0,32.9,0.0,0.0,0.0,0.0,0.0,0.0,0.0,0.0,0.0,0.0
2026-06-10 17:49:43,-0.38960553964886113,0.7940014546869678,-0.32079422670952074,0.21420945665053193,-1.4368161862264235,-0.952043816421428,0.972797069611838,1.5648365677485012,36.98856097049297,37.37462089359839,37.29172056552225,14.0,0.0,36.0,32.9,0.0,0.0,0.0,0.0,0.0,0.0,0.0,0.0,0.0,0.0
2026-06-10 17:49:44,2.080446442934578,-2.390739118115284,0.2941071603840504,-2.7045765413907334,-2.469563428128426,0.5575785402955997,-2.647960733730418,1.270152414036973,36.65843749956901,37.26822943438111,37.07438933791428,14.0,0.0,36.0,32.9,0.0,0.0,0.0,0.0,0.0,0.0,0.0,0.0,0.0,0.0
2026-06-10 17:49:46,0.10856112599871892,-0.8111734920710276,0.009902747043943894,2.9679824715450103,-2.8380658368594607,0.3017714912364813,2.426446399960639,-0.3378865197596692,36.63917195777462,37.257938140834995,36.74024353676308,14.0,0.0,36.0,32.9,0.0,0.0,0.0,0.0,0.0,0.0,0.0,0.0,0.0,0.0
2026-06-10 17:49:47,-1.220754438253661,2.581842557130167,0.6283404068888245,1.0074431985308836,-0.5309985008281437,-0.10385953118235891,1.291390335882613,2.735249154559371,36.75076344416746,37.34498031467507,37.09463987884271,14.0,0.0,36.0,32.9,0.0,0.0,0.0,0.0,0.0,0.0,0.0,0.0,0.0,0.0
2026-06-10 17:49:48,-2.8600224883845202,0.4504692982343679,2.1511341360674257,1.0085708644084006,1.4836125541314447,2.3129893331782387,-1.7366721429571128,0.6203417826355846,36.73939141239883,37.35024162666915,37.064083604263885,14.0,0.0,36.0,32.9,0.0,0.0,0.0,0.0,0.0,0.0,0.0,0.0,0.0,0.0
2026-06-10 17:49:49,-2.8960253029879173,1.8958828284599107,-1.8413395577242113,1.7905895135164567,0.9737838698591732,-2.8771128474455523,-0.5530741166480304,0.32545752561671293,36.90443673663646,37.322062237778454,37.123718132017274,14.0,0.0,36.0,32.9,0.0,0.0,0.0,0.0,0.0,0.0,0.0,0.0,0.0,0.0
2026-06-10 17:49:50,-2.9308878527983024,0.0602379113438416,-0.4390269217739782,2.404687267590784,-0.7508470474823028,2.790428639542438,2.1245640183522703,0.4429960234126624,36.95072599291821,36.90139800370762,36.92936251245257,14.0,0.0,36.0,32.9,0.0,0.0,0.0,0.0,0.0,0.0,0.0,0.0,0.0,0.0
2026-06-10 17:49:51,-2.325811247184145,-0.5966489098829753,-1.2984084754303378,-2.604710706707844,-1.648699014047458,0.16621827780544685,0.3687514328392516,-2.080464282720742,36.66321117929216,37.12986485089122,37.1367720518142,14.0,0.0,36.0,32.9,0.0,0.0,0.0,0.0,0.0,0.0,0.0,0.0,0.0,0.0
2026-06-10 17:49:52,-2.3266007041498256,0.35361111066834283,0.06043487898184985,-2.5702416228228113,1.2864964608922378,0.8229966172035512,-0.5390448886197348,-2.7825840188083872,36.870151885771875,36.84850371605386,36.93312711804812,14.0,0.0,36.0,32.9,0.0,0.0,0.0,0.0,0.0,0.0,0.0,0.0,0.0,0.0
2026-06-10 17:49:54,-2.7466591866631216,-2.00887272289677,2.9001780436173235,-2.1981614966038823,1.3271379215360906,-0.39806781195537067,2.3588004449695736,0.7659792213342538,36.672489172760145,36.94135785514693,36.910683660728004,14.0,0.0,36.0,32.9,0.0,0.0,0.0,0.0,0.0,0.0,0.0,0.0,0.0,0.0
2026-06-10 17:49:55,-1.7607402143317958,2.3475383487094064,-0.7267218415372461,2.3807822277582993,2.1586599869217453,2.7492809505298528,-2.5739804459213493,-1.4374348215094115,36.71874796039433,37.11929641927336,37.03485369963688,14.0,0.0,36.0,32.9,0.0,0.0,0.0,0.0,0.0,0.0,0.0,0.0,0.0,0.0
2026-06-10 17:49:56,-2.7983909500795816,0.8717900892720603,1.38802099674359,-1.3006488014485589,1.1158202449167671,-0.5995702887430299,2.9598540589208664,2.5988297267637863,36.50787132742575,37.023552762490304,37.03279595213875,14.0,0.0,36.0,32.9,0.0,0.0,0.0,0.0,0.0,0.0,0.0,0.0,0.0,0.0
2026-06-10 17:49:57,-0.5219323199410959,-1.7523376601088916,2.2544562364474094,-2.317615508827712,-1.2955284479830624,2.4542993943258145,-0.36821439166273784,0.38136195746172596,36.569989940289354,37.141023041134666,37.09134989405491,14.0,0.0,36.0,32.9,0.0,0.0,0.0,0.0,0.0,0.0,0.0,0.0,0.0,0.0
2026-06-10 17:49:58,-0.3160692940512817,1.939336272455332,-2.263249213551968,-2.9466214918878038,-0.17098027586901132,-1.2067161783101379,-1.2460628243080631,1.5327390440623985,36.6147663536149,36.819635180796645,36.82407508379773,14.0,0.0,36.0,32.9,0.0,0.0,0.0,0.0,0.0,0.0,0.0,0.0,0.0,0.0
2026-06-10 17:49:59,-0.409863505662849,0.9751558348769542,2.079815412251901,-2.0545179003025655,0.6037075543899775,0.17949194145019387,0.551243562311269,-0.5436290015455385,36.89241917539296,37.161143453047124,37.0550124015115,14.0,0.0,36.0,32.9,0.0,0.0,0.0,0.0,0.0,0.0,0.0,0.0,0.0,0.0
2026-06-10 17:50:00,1.6725263968809223,2.716927419552346,-1.2497603293343778,-2.5574566227232607,1.8727295121401566,-0.19084662645867967,-1.6376454429138494,-2.8271512577823206,36.8965184087764,36.84933074394282,36.86014313562333,14.0,0.0,36.0,32.9,0.0,0.0,0.0,0.0,0.0,0.0,0.0,0.0,0.0,0.0
2026-06-10 17:50:02,-2.651747522483449,-1.2640903135205241,-0.9838092953871662,-2.029717177525489,-2.8717850542757346,-0.4713053404623171,2.1895374575605757,-1.333225443148723,37.02940273091886,37.25552836164429,37.14302614803425,14.0,0.0,36.0,32.9,0.0,0.0,0.0,0.0,0.0,0.0,0.0,0.0,0.0,0.0
2026-06-10 17:50:03,2.0228379938942513,-2.0412919205511626,-2.3761895465005196,1.596508168318124,-2.139930499133425,2.939685176478614,1.6298236121647456,-0.9777399724683233,36.64825130163685,37.165567237011025,37.16755274112835,14.0,0.0,36.0,32.9,0.0,0.0,0.0,0.0,0.0,0.0,0.0,0.0,0.0,0.0
2026-06-10 17:50:04,-0.3064058324438048,1.538081805289929,-1.6327288723466735,-0.10783798706283543,-1.5455936171941618,2.2230712500952157,0.9815411902990987,-0.10204989523470465,36.76871286201886,37.120378651362174,36.78601482056408,14.0,0.0,36.0,32.9,0.0,0.0,0.0,0.0,0.0,0.0,0.0,0.0,0.0,0.0
2026-06-10 17:50:05,0.36454950097625316,2.274133179575932,1.6848472688658802,1.12085164749303,2.728122372095437,1.870218164133684,1.1276367573810466,-0.11178999421871083,36.63548333777488,37.145857997774435,36.82084603639294,14.0,0.0,36.0,32.9,0.0,0.0,0.0,0.0,0.0,0.0,0.0,0.0,0.0,0.0
2026-06-10 17:50:06,0.007287731549301846,-1.6855428565051862,1.6922694916340415,0.044053991399677805,-2.793648806515552,-0.5552313804420184,-0.6680223486272174,1.7226404448734742,36.57703094038364,36.8820424683806,37.2780984471811,14.0,0.0,36.0,32.9,0.0,0.0,0.0,0.0,0.0,0.0,0.0,0.0,0.0,0.0
2026-06-10 17:50:07,-1.1758033192930588,-1.3655782445605875,0.5336447663039889,0.5716518884196726,-1.9665365331867604,0.44742300713133076,0.26016132883228993,-0.7128123412416469,37.07251515402751,36.9770482114005,36.792894339769006,14.0,0.0,36.0,32.9,0.0,0.0,0.0,0.0,0.0,0.0,0.0,0.0,0.0,0.0
2026-06-10 17:50:08,0.8546498798121789,2.6136766110648715,-2.088322909661195,-0.2181582133591249,-2.3125784735142565,1.8216861760272192,1.573321050717519,-0.6396372925861069,37.00371396755312,37.25673635494057,37.12217849041815,14.0,0.0,36.0,32.9,0.0,0.0,0.0,0.0,0.0,0.0,0.0,0.0,0.0,0.0
2026-06-10 17:50:10,0.32540037181368664,1.8841539788330932,1.107164014214285,-0.8266171437966587,0.6000687503739677,2.566582484497026,2.1736414073957615,2.5083552739108725,36.67654449835576,37.19080144201311,37.0852694334861,14.0,0.0,36.0,32.9,0.0,0.0,0.0,0.0,0.0,0.0,0.0,0.0,0.0,0.0
2026-06-10 17:50:11,-0.4964974595717915,-2.724720936905399,0.5972256419208342,1.9131627311104538,2.1159945906298594,2.788601441958929,2.6791432781603275,-0.47924514561474396,36.82777548321941,37.299793753566604,37.02372874676917,14.0,0.0,36.0,32.9,0.0,0.0,0.0,0.0,0.0,0.0,0.0,0.0,0.0,0.0
2026-06-10 17:50:12,-1.4795031505719116,-1.8737654191638229,-1.0846906802431742,0.49564259376425435,0.5361783713270203,-2.230263741279935,-0.4296683292783916,-2.403057227853658,37.086331555670824,37.38571305634671,37.10198622055272,14.0,0.0,36.0,32.9,0.0,0.0,0.0,0.0,0.0,0.0,0.0,0.0,0.0,0.0
2026-06-10 17:50:13,1.7835273036154362,2.33010493126573,1.3195773460638929,1.8938425932233587,1.3829219363396161,0.47166297667719004,1.1775287684197773,-2.7771410493837436,37.081205459854104,37.14360499685953,37.03237355688691,14.0,0.0,36.0,32.9,0.0,0.0,0.0,0.0,0.0,0.0,0.0,0.0,0.0,0.0
2026-06-10 17:50:15,2.615262089719722,1.3533153842108039,-2.806671989436484,-2.3603866421326423,2.5363538207824243,-1.969308822352993,2.444392768530042,-2.5813392936328023,36.62177320707053,37.059059940616294,36.8819296428905,14.0,0.0,36.0,32.9,0.0,0.0,0.0,0.0,0.0,0.0,0.0,0.0,0.0,0.0
2026-06-10 17:50:16,-1.5324651795294708,2.584966801365434,-0.4172550059535123,-2.547496293815449,-1.1354945003990389,-2.477316306996471,-2.6483375756302534,2.5411045905688256,36.56785970867077,37.32937474851265,36.84971206965408,14.0,0.0,36.0,32.9,0.0,0.0,0.0,0.0,0.0,0.0,0.0,0.0,0.0,0.0
2026-06-10 17:50:17,1.5356728731843567,-1.4430537153248117,1.6016453208484478,-1.7339524384277822,0.05898727740252463,-0.3757688490513269,-2.5640232522528206,0.8796131082984591,36.82025143798767,37.04005304274651,37.052417702709135,14.0,0.0,36.0,32.9,0.0,0.0,0.0,0.0,0.0,0.0,0.0,0.0,0.0,0.0
2026-06-10 17:50:18,1.7107362017081194,-0.2649709529275288,1.7554899912942998,2.416075192906999,-1.9523878920824809,-2.885368020488138,-2.9410111953941316,-0.7650090395238971,36.6513829526165,37.01658815460212,36.79294554707367,14.0,0.0,36.0,32.9,0.0,0.0,0.0,0.0,0.0,0.0,0.0,0.0,0.0,0.0
2026-06-10 17:50:19,-0.8439065133887791,0.762555756849193,0.8714441627257301,2.2903755620601984,-0.5259666216676271,2.4826151355142247,2.261660592376688,-0.6876112572424371,37.04511189440497,37.13057818070468,36.975345960995256,14.0,0.0,36.0,32.9,0.0,0.0,0.0,0.0,0.0,0.0,0.0,0.0,0.0,0.0
2026-06-10 17:50:21,-2.6229432536610084,1.6185620810951082,-0.6711683231053982,-0.14711729787753924,0.6924250198816573,2.0055556371092385,0.32321121550397613,0.13495869977639874,36.889325544281455,37.33646523392454,36.91924263409856,14.0,0.0,36.0,32.9,0.0,0.0,0.0,0.0,0.0,0.0,0.0,0.0,0.0,0.0
2026-06-10 17:50:22,1.1708762847471306,-2.0873369249504696,1.3991887893862716,-1.7387031870075642,-1.314913242852024,-1.3292892568823766,0.7800230625273628,0.7443926446984208,36.69322512883438,36.860396936865534,36.88674921762552,14.0,0.0,36.0,32.9,0.0,0.0,0.0,0.0,0.0,0.0,0.0,0.0,0.0,0.0
2026-06-10 17:50:23,0.8764219746960742,2.3263554068756553,-1.6347226607975316,-0.7963859385354803,2.451285082346584,-1.0321168249203985,-2.434453533690693,-1.541035159008305,36.91579701577202,36.93000988865087,37.135059148699916,14.0,0.0,36.0,32.9,0.0,0.0,0.0,0.0,0.0,0.0,0.0,0.0,0.0,0.0
2026-06-10 17:50:24,-2.613286453799483,-1.508497461537638,1.5288687336622164,-2.4205801163264176,-2.08989706781301,1.4427608468109776,-1.494952997121204,1.6347027871543975,36.8507821617132,37.31158666991389,37.016689076479054,14.0,0.0,36.0,32.9,0.0,0.0,0.0,0.0,0.0,0.0,0.0,0.0,0.0,0.0
2026-06-10 17:50:25,2.8509930846273193,-0.4406161552447152,-1.3433176217025444,0.0031710841829508674,-2.8779467259894096,-0.3688885749743456,-2.6932659758161384,-1.81105304535374,36.83573610044792,37.05965033411788,36.96161705837775,14.0,0.0,36.0,32.9,0.0,0.0,0.0,0.0,0.0,0.0,0.0,0.0,0.0,0.0
2026-06-10 17:50:26,0.4228012970109094,1.2942739764406017,2.5335501581841005,-2.10537299233569,-0.2257605964749656,0.46839823653147983,-0.4039372301452966,-0.18968450662047776,36.897918988305186,37.177697412101814,36.849895330848675,14.0,0.0,36.0,32.9,0.0,0.0,0.0,0.0,0.0,0.0,0.0,0.0,0.0,0.0
2026-06-10 17:50:28,0.9166410461024688,1.4912242190625875,2.9401249412569594,1.618234686856554,1.4231323991074873,2.9656608221472496,-2.3856551461344244,-0.014701881483622614,36.67426751429638,37.2341236731181,36.87972439684961,14.0,0.0,36.0,32.9,0.0,0.0,0.0,0.0,0.0,0.0,0.0,0.0,0.0,0.0
2026-06-10 17:50:29,1.522029840352518,-1.2861204248794114,-0.21426324336224356,2.509418383835933,0.31757123617494587,-2.8876785298736642,-1.1627871731473012,0.7574349547035562,36.93759570685401,37.303317827249074,36.94736398302918,14.0,0.0,36.0,32.9,0.0,0.0,0.0,0.0,0.0,0.0,0.0,0.0,0.0,0.0
2026-06-10 17:50:30,-1.56479931306587,1.5253095045244454,2.681164418698021,0.7136405657599827,-2.2360601044952846,2.2311977436704398,-0.6780247465656926,-0.48551464580527526,36.66060063016855,36.950862504188734,37.13001920253563,14.0,0.0,36.0,32.9,0.0,0.0,0.0,0.0,0.0,0.0,0.0,0.0,0.0,0.0
2026-06-10 17:50:31,2.0488388883039104,0.3203883982048561,-1.6898906279483663,-1.7451953039411132,0.2582221317462112,0.8224160140487777,1.5006474846879128,-2.5003176325000784,36.923115870720785,36.80993842718244,37.123150536712416,14.0,0.0,36.0,32.9,0.0,0.0,0.0,0.0,0.0,0.0,0.0,0.0,0.0,0.0
2026-06-10 17:50:33,-1.2990634075967447,-0.6791803573757007,0.7148498445436866,-0.9428445915927623,-0.927261066182413,-1.2910581138865274,0.6816056564764481,2.8359710824646154,36.59900488364733,36.99582439519819,36.981550375788615,14.0,0.0,36.0,32.9,0.0,0.0,0.0,0.0,0.0,0.0,0.0,0.0,0.0,0.0
2026-06-10 17:50:34,-0.7666561021988239,2.6113035351510163,-2.620760207652066,1.7863396103725675,-2.5407268097786244,2.081371997810262,0.5859286751199404,-2.6784789390071437,36.836406483572524,37.113015245713854,36.74061455286191,14.0,0.0,36.0,32.9,0.0,0.0,0.0,0.0,0.0,0.0,0.0,0.0,0.0,0.0
2026-06-10 17:50:35,-0.8053256660574188,1.6614333913862822,-2.149643874190877,-0.30523282277227715,1.7493805271222769,-1.5729426763866392,2.6702181197060675,2.2412534466671037,36.74353592020093,37.25266040993948,37.04178183688787,14.0,0.0,36.0,32.9,0.0,0.0,0.0,0.0,0.0,0.0,0.0,0.0,0.0,0.0
2026-06-10 17:50:36,-2.412789879191118,-1.1567942736066517,-1.0483739774617968,-0.9879790659295757,-1.1730389755295785,-1.8390409413952133,-1.965367032557263,1.2053741694765758,36.8702665277353,37.14567302800476,37.25907186742985,14.0,0.0,36.0,32.9,0.0,0.0,0.0,0.0,0.0,0.0,0.0,0.0,0.0,0.0
2026-06-10 17:50:37,-1.6176432006926922,-1.7476112955228438,2.124837399967676,2.7094381217997103,-0.25483493382302047,2.9852610430876707,-2.568061906259189,-0.22309880333473675,36.52721502479314,37.09150412667002,36.701273061263166,14.0,0.0,36.0,32.9,0.0,0.0,0.0,0.0,0.0,0.0,0.0,0.0,0.0,0.0
2026-06-10 17:50:38,0.34059438281539833,-1.5233588290089604,-0.9652413205472143,-1.7253870396835145,0.26476360121154086,-2.832089502806016,-1.5836687454392546,-0.029764475136636825,36.85982725343565,37.17571630975801,36.802772316638205,14.0,0.0,36.0,32.9,0.0,0.0,0.0,0.0,0.0,0.0,0.0,0.0,0.0,0.0
2026-06-10 17:50:39,2.375651847552218,-0.8908287988239407,0.028171179832355175,-1.2235747913115438,-2.235392182771537,-2.3356053079011057,-2.434273222136241,0.8316833491596332,36.9297567808712,37.1706520613303,37.0324870617907,14.0,0.0,36.0,32.9,0.0,0.0,0.0,0.0,0.0,0.0,0.0,0.0,0.0,0.0
2026-06-10 17:50:40,-2.0504410072404564,-0.19696172717437666,-2.538581649076251,0.20695199251995433,1.2445725113871333,-2.091952031232586,2.105974264986413,-1.5102105565205353,36.82164705318196,36.80207516953305,37.06894488469548,14.0,0.0,36.0,32.9,0.0,0.0,0.0,0.0,0.0,0.0,0.0,0.0,0.0,0.0
2026-06-10 17:50:41,-0.6852885056788516,-2.565263977581911,2.9599784194882135,1.9135539875051002,-1.30033118284762,-2.365951340575811,0.9792489266283861,-1.0109163372067833,36.588719457387064,37.383497258517714,37.06177348745205,14.0,0.0,36.0,32.9,0.0,0.0,0.0,0.0,0.0,0.0,0.0,0.0,0.0,0.0
2026-06-10 17:50:43,-1.6666541534206434,-1.6173178344383905,-2.804673502372879,-1.350062966384916,-0.06956369243919891,0.8544181569363336,1.530119153846945,2.3357185233426545,36.67510286247599,36.91605977975051,36.92097413697494,14.0,0.0,36.0,32.9,0.0,0.0,0.0,0.0,0.0,0.0,0.0,0.0,0.0,0.0
2026-06-10 17:50:44,2.884682309090662,-1.0452120864894847,-1.3065962890969958,2.3159728528131094,-0.7445884243827781,-2.3815517216016118,1.4171559596636358,2.983572264324617,36.78165175388867,36.936581998060944,37.15685345625331,14.0,0.0,36.0,32.9,0.0,0.0,0.0,0.0,0.0,0.0,0.0,0.0,0.0,0.0
2026-06-10 17:50:46,-1.7461546562712018,-2.3994942538455466,-0.4456809027933688,-0.8895815390831481,-0.9931656898507861,-2.7954524743055473,-1.9978303729929765,1.881175574977612,37.028288883775865,37.38201948103651,36.82752607854819,14.0,0.0,36.0,32.9,0.0,0.0,0.0,0.0,0.0,0.0,0.0,0.0,0.0,0.0
2026-06-10 17:50:47,-2.5999343896614917,1.884433947731119,-0.31940560319928224,0.7181795690724564,1.5441026664237487,-2.796984188790719,1.2674885306301462,0.854431172926061,36.71578309921464,36.99535904070032,36.87134470164109,14.0,0.0,36.0,32.9,0.0,0.0,0.0,0.0,0.0,0.0,0.0,0.0,0.0,0.0
2026-06-10 17:50:48,2.520517883738309,-2.5709691936781938,-1.749077480455604,0.31472307328514715,1.3171317299006216,0.6682810440631375,0.8436345348515717,2.220043584981349,36.73230284389947,37.03724067365401,36.869183861052115,14.0,0.0,36.0,32.9,0.0,0.0,0.0,0.0,0.0,0.0,0.0,0.0,0.0,0.0
2026-06-10 17:50:49,2.8564055600350944,2.653945251207844,1.251334229283632,-1.931036351204148,-1.1772961411035938,-0.7952232531613488,-0.6894215405394095,0.12920751824450605,36.5231252189557,36.93426392517771,36.99848798354534,14.0,0.0,36.0,32.9,0.0,0.0,0.0,0.0,0.0,0.0,0.0,0.0,0.0,0.0
2026-06-10 17:50:51,-1.1723809223083503,1.0430921533417976,2.530199902313143,-2.561808929386076,0.18837143384078558,0.7240682377822587,-0.35333740876668607,0.04714388465719388,36.87342296707049,37.0052155597678,36.76028079995888,14.0,0.0,36.0,32.9,0.0,0.0,0.0,0.0,0.0,0.0,0.0,0.0,0.0,0.0
2026-06-10 17:50:52,0.6782720584495752,-0.9490396639506491,-2.499402318132789,-1.7772899074891664,-2.179981253140853,-1.317495661185094,1.1504825245500996,-2.387327301411596,37.00673595879459,37.269614270471926,37.25140983044202,14.0,0.0,36.0,32.9,0.0,0.0,0.0,0.0,0.0,0.0,0.0,0.0,0.0,0.0
2026-06-10 17:50:53,0.19980679338067064,-2.015355785207598,-1.6719085603213402,0.42719379534425306,1.73564545469711,-1.1312558984856962,-1.760365501644212,1.3873566118804481,36.66464544986986,36.9147919329914,36.76930610589077,14.0,0.0,36.0,32.9,0.0,0.0,0.0,0.0,0.0,0.0,0.0,0.0,0.0,0.0
2026-06-10 17:50:54,-0.11907612023090497,2.0197110630283515,-1.0524308877231145,-2.3211559954412664,-2.2873562314690794,0.5594125665880338,-1.2786604186302073,-1.2656704741206903,36.959237539173344,37.21348415396957,36.913415694967874,14.0,0.0,36.0,32.9,0.0,0.0,0.0,0.0,0.0,0.0,0.0,0.0,0.0,0.0
2026-06-10 17:50:56,-1.9321252947891037,1.827481985730043,-0.6750896840983853,-1.4079975075966824,-0.8643231155623798,2.1395884765542696,1.0092981339562161,1.837650703505604,36.957643042401315,37.365182232630296,36.71213038939279,14.0,0.0,36.0,32.9,0.0,0.0,0.0,0.0,0.0,0.0,0.0,0.0,0.0,0.0
2026-06-10 17:50:57,1.402470663778442,1.4960190401655211,2.352519688244544,2.974070815615538,-0.7381122842107963,-0.16005547023525812,-2.479210049681602,0.09558145842364674,36.6351611840492,36.85282076608592,37.007561016671715,14.0,0.0,36.0,32.9,0.0,0.0,0.0,0.0,0.0,0.0,0.0,0.0,0.0,0.0
2026-06-10 17:50:58,0.9052112953776388,1.0770094578013678,-2.42331806134022,-0.8828703311260213,-0.45051507962717885,0.043444719938789955,-0.22736916313229694,-2.1541085969596043,36.78885407731955,37.388969065604904,36.930356808697944,14.0,0.0,36.0,32.9,0.0,0.0,0.0,0.0,0.0,0.0,0.0,0.0,0.0,0.0
2026-06-10 17:51:00,-1.7447198724111657,-0.7398290112185126,-2.4518458977418436,2.199309226738613,-2.5199287624814755,1.8531844573849492,-0.11406687824422201,2.020276905244291,36.92292938582211,37.37287425646058,37.12546814291993,14.0,0.0,36.0,32.9,0.0,0.0,0.0,0.0,0.0,0.0,0.0,0.0,0.0,0.0
2026-06-10 17:51:01,0.6045659294164802,2.047659830643709,-1.3297813245426109,1.0063528235961643,0.0008912752472749474,-0.5989704655219135,-2.264720693973011,-0.9644175080378394,36.64563660151769,37.39021978417818,36.720295670382434,14.0,0.0,36.0,32.9,0.0,0.0,0.0,0.0,0.0,0.0,0.0,0.0,0.0,0.0
2026-06-10 17:51:02,-1.9528456939216932,0.7358975193453787,0.6880836422620473,1.6705016775611075,2.984724478963206,0.7423824404974155,1.8100677779517422,-1.9879404465100035,36.93106380193547,36.93013225758194,36.74220976997501,14.0,0.0,36.0,32.9,0.0,0.0,0.0,0.0,0.0,0.0,0.0,0.0,0.0,0.0
2026-06-10 17:51:04,-0.02496277209086184,2.50401433674409,1.2661619177937702,-0.4569202707869433,2.2381357247222455,-0.778866970156761,0.7375769690970619,-1.090727614750053,36.59648202533,37.094762684738036,36.82024686404754,14.0,0.0,36.0,32.9,0.0,0.0,0.0,0.0,0.0,0.0,0.0,0.0,0.0,0.0
2026-06-10 17:51:05,-1.6793140119025258,1.5389175802282864,1.6502685874070888,1.7694106991364773,-0.9142648479702129,2.4860304929927093,-0.6963716647408651,-0.007075749226140182,36.871579584374906,36.992824620541384,37.25820238615206,14.0,0.0,36.0,32.9,0.0,0.0,0.0,0.0,0.0,0.0,0.0,0.0,0.0,0.0
2026-06-10 17:51:07,-1.9671601804732706,-0.674854782125605,1.9815777939831927,2.9930854927037913,-2.1012426082725653,-1.3372352204799405,-0.27719828292657,0.07118723668106064,36.77950413666874,36.88734952997779,37.20734565788029,14.0,0.0,36.0,32.9,0.0,0.0,0.0,0.0,0.0,0.0,0.0,0.0,0.0,0.0
2026-06-10 17:51:08,-1.6436668350430288,-0.02489106699641752,1.5221922065355047,-1.9147759370296753,-0.05798122934129246,-2.3471584503920044,-0.8428490032771245,1.7503791614917423,37.03884313973369,37.23409638489525,36.967128834272025,14.0,0.0,36.0,32.9,0.0,0.0,0.0,0.0,0.0,0.0,0.0,0.0,0.0,0.0
2026-06-10 17:51:10,-2.534094857574612,-0.908270264032708,-0.8243907831456969,2.3174492336445542,-0.7910261507803655,-1.229950629661244,1.0324345012419105,-2.89013282923833,36.967914730144315,36.94486560572414,36.919635259703966,14.0,0.0,36.0,32.9,0.0,0.0,0.0,0.0,0.0,0.0,0.0,0.0,0.0,0.0
2026-06-10 17:51:11,-0.9084157243877624,2.8829535359818594,-2.5929384311257024,-1.512391833910211,0.0635487587891066,-0.4134123543889623,2.982720073337263,1.6819887267712073,36.73892492966265,37.39349706694655,37.15491970807525,14.0,0.0,36.0,32.9,0.0,0.0,0.0,0.0,0.0,0.0,0.0,0.0,0.0,0.0
2026-06-10 17:51:12,0.14482010089762465,0.8476281035429851,-2.81276118278359,2.7879702495724317,-1.0685471666099646,-0.8536410746824687,-0.29696968326379825,-2.5613931034215933,36.723885622466085,37.11769413177107,37.21131570470133,14.0,0.0,36.0,32.9,0.0,0.0,0.0,0.0,0.0,0.0,0.0,0.0,0.0,0.0
2026-06-10 17:51:13,0.13513029042699642,-2.7568780908581543,1.3206057228430153,0.29400742889818243,1.6428783886516438,2.866652679499997,0.7087706603828829,2.051367081855463,36.88297178411408,37.351292760874244,37.206333676714664,14.0,0.0,36.0,32.9,0.0,0.0,0.0,0.0,0.0,0.0,0.0,0.0,0.0,0.0
2026-06-10 17:51:15,1.0403980462414548,-2.0856090698853498,-2.659847077588034,-1.8644359021754584,2.616379491685053,1.1460956550716155,-1.7034638395548527,0.24142887199685692,37.037181753739276,37.324263998915036,36.84003629887347,14.0,0.0,36.0,32.9,0.0,0.0,0.0,0.0,0.0,0.0,0.0,0.0,0.0,0.0
2026-06-10 17:51:16,1.6154362506370576,2.1477680298314974,0.5006835598628969,-0.23651967402456409,0.5633494925653668,-1.697254373059134,1.7119012745533553,1.407593924202657,37.046993372733766,36.81754039132427,36.76391944111018,14.0,0.0,36.0,32.9,0.0,0.0,0.0,0.0,0.0,0.0,0.0,0.0,0.0,0.0
2026-06-10 17:51:17,1.8028318021283072,-0.5361265479670929,-0.972376658261616,-1.4100715870566152,1.064249417000057,0.20840228304900954,-0.13588690757715138,-2.9511450588028154,36.99110553072033,36.88292814123074,36.75192887122762,14.0,0.0,36.0,32.9,0.0,0.0,0.0,0.0,0.0,0.0,0.0,0.0,0.0,0.0
2026-06-10 17:51:18,-2.8984173296968736,0.45513361133979036,2.779053720537979,2.6922066854025646,0.9064185338141928,1.1966109104766778,0.27754553345737865,-0.7794962256848796,36.91124286606936,36.870065018985876,36.72754619649183,14.0,0.0,36.0,32.9,0.0,0.0,0.0,0.0,0.0,0.0,0.0,0.0,0.0,0.0
2026-06-10 17:51:19,1.1729991231481476,2.347197914236469,1.5457413830779618,1.4407840431656442,0.7935600936901928,1.8819405165602872,1.4781747098587505,0.2648977766197276,36.549036220274026,37.25468546521718,37.11383185932873,14.0,0.0,36.0,32.9,0.0,0.0,0.0,0.0,0.0,0.0,0.0,0.0,0.0,0.0
2026-06-10 17:51:20,0.5009734292849908,2.776693452430706,-0.06535477247469457,1.4205783117485034,2.326920655163156,-1.5057109598675729,-0.16003940421764584,2.459931871510185,36.5257378720795,37.11298825696511,37.19605575360477,14.0,0.0,36.0,32.9,0.0,0.0,0.0,0.0,0.0,0.0,0.0,0.0,0.0,0.0
2026-06-10 17:51:21,1.8833151508225363,1.2270500465558545,2.467337436961869,-1.2911326459507517,1.0968603725873978,-1.7397429730325453,2.1605820387656793,-0.8525882668805727,37.05427246483974,37.037138260218086,36.729963872284365,14.0,0.0,36.0,32.9,0.0,0.0,0.0,0.0,0.0,0.0,0.0,0.0,0.0,0.0
2026-06-10 17:51:23,-2.926606399978822,0.3878129217593749,-1.9341155430197794,-2.7153357652737533,1.0893651855042918,-1.8407426735323609,-2.710593205068972,1.199847975707942,36.95353366004332,36.98406723011985,36.77387752584002,14.0,0.0,36.0,32.9,0.0,0.0,0.0,0.0,0.0,0.0,0.0,0.0,0.0,0.0
2026-06-10 17:51:24,0.5075150233250234,-0.7008921510882544,-1.3751683916774937,0.5897713958967046,-0.09670720063345861,0.8458224345458714,-1.8473417448254568,-0.709870101762184,36.91672840141217,36.81782777175719,36.70054563919488,14.0,0.0,36.0,32.9,0.0,0.0,0.0,0.0,0.0,0.0,0.0,0.0,0.0,0.0
2026-06-10 17:51:25,-1.6702083440434528,2.546379139019984,0.13929495559443694,1.444707603679908,1.440007001532786,-0.6157503065895109,2.3931932246260974,2.6003416849904992,36.776985643374836,37.17452490738659,36.88894597500726,14.0,0.0,36.0,32.9,0.0,0.0,0.0,0.0,0.0,0.0,0.0,0.0,0.0,0.0
2026-06-10 17:51:26,-1.630353180426281,0.9171672937314441,-1.1760026545124596,0.6002956246313205,1.7950554531724219,0.8340815617444464,-2.0331602506682813,-0.6962380147643703,36.59070701349389,37.183165906341,37.16880309862927,14.0,0.0,36.0,32.9,0.0,0.0,0.0,0.0,0.0,0.0,0.0,0.0,0.0,0.0
2026-06-10 17:51:27,2.5883946041619073,-2.5332498194819006,2.1945511517510905,2.285344594150337,2.365363681191977,-2.9622411169852434,-0.3803883097934371,1.9315605438625498,36.56552976182518,37.031682836655285,36.84466840343342,14.0,0.0,36.0,32.9,0.0,0.0,0.0,0.0,0.0,0.0,0.0,0.0,0.0,0.0
2026-06-10 17:51:28,-1.2596348824843762,-1.4797187996659609,2.2908604797696768,1.3842403858701307,-2.080312790345565,-2.6112621182019806,0.9009206392916527,-2.1562745103681733,36.677214834638185,37.256446392521134,37.288366366855406,14.0,0.0,36.0,32.9,0.0,0.0,0.0,0.0,0.0,0.0,0.0,0.0,0.0,0.0
2026-06-10 17:51:29,-0.2208704829529795,0.0032170711783408024,-2.4559055888316315,1.9101131682235426,-2.5374504788225387,-1.8787851858333255,1.1201951590433081,0.3073248604356835,36.73648311808605,36.90383036640985,37.13427103309392,14.0,0.0,36.0,32.9,0.0,0.0,0.0,0.0,0.0,0.0,0.0,0.0,0.0,0.0
2026-06-10 17:51:30,-0.5767059342854934,-0.6378059627322887,-1.3513514791645016,-0.35617033069631443,-0.5468796183818583,-1.331959475112951,2.28779893898051,2.941270476589713,37.09289169804281,37.115065228708296,37.11075002818991,14.0,0.0,36.0,32.9,0.0,0.0,0.0,0.0,0.0,0.0,0.0,0.0,0.0,0.0
2026-06-10 17:51:31,-0.9921686124383329,-0.007893577284853848,0.8557477411112941,-1.1508610050390096,-0.45915355551897274,0.28472469178769355,0.8645303478353941,2.7626479656542315,37.02701534689174,37.35047709738984,36.750415262136336,14.0,0.0,36.0,32.9,0.0,0.0,0.0,0.0,0.0,0.0,0.0,0.0,0.0,0.0
2026-06-10 17:51:32,2.969028319431696,2.5002919646467685,2.9652219587059285,0.42489267050807644,0.3720400142949556,0.9339597638317079,-1.782750857966549,-1.876755253434495,37.07587802237182,36.82914616946131,37.249559533983884,14.0,0.0,36.0,32.9,0.0,0.0,0.0,0.0,0.0,0.0,0.0,0.0,0.0,0.0
2026-06-10 17:51:33,1.5063471849582966,-0.9085865160250091,2.6688434018984726,-2.3772401428510865,-0.09934899876206238,-0.06930139915895772,-0.001213518347438658,0.13525284642456947,37.067655094470446,37.26827366737717,36.918607514024075,14.0,0.0,36.0,32.9,0.0,0.0,0.0,0.0,0.0,0.0,0.0,0.0,0.0,0.0
2026-06-10 17:51:35,-2.9233875551006867,-1.4324924826809022,-2.7651641911900793,2.1761900856750893,-1.7961756696050653,-1.5137524268751137,-1.9972026356225614,-2.0295403393077542,36.686687483381874,37.13453967014643,37.293475696517326,14.0,0.0,36.0,32.9,0.0,0.0,0.0,0.0,0.0,0.0,0.0,0.0,0.0,0.0
2026-06-10 17:51:36,1.0755362871224587,-0.7806155549328828,1.3935269818382192,2.802795742333471,0.36726817892921026,-2.0297904225358527,0.8277531694533988,-1.8970450827756782,36.79617206566837,37.27959832058302,36.91156628796811,14.0,0.0,36.0,32.9,0.0,0.0,0.0,0.0,0.0,0.0,0.0,0.0,0.0,0.0
2026-06-10 17:51:37,0.5080963139742787,-1.1051643758763359,-1.7000588662553295,1.0080338189667613,-2.670810782379142,-1.0357007804340466,1.6271077230629052,-2.0521577869792393,36.829042192078056,36.92624632389351,37.0110920866966,14.0,0.0,36.0,32.9,0.0,0.0,0.0,0.0,0.0,0.0,0.0,0.0,0.0,0.0
2026-06-10 17:51:38,-1.032895385402554,-0.36293589773974544,2.657027073109207,0.30412702394782354,-1.2887769606891035,-0.20468979746670657,-2.6113528940478066,-0.5433275547243763,36.59600898082448,36.950377533246396,36.95096207222862,14.0,0.0,36.0,32.9,0.0,0.0,0.0,0.0,0.0,0.0,0.0,0.0,0.0,0.0
2026-06-10 17:51:40,1.8157238622323915,2.7382717831643406,0.0014305816194051246,1.9558580937684793,-1.9685080397045225,0.5691510535670856,-0.9738212115139557,2.010317324908854,36.79251121419849,37.036588329141544,36.932815444484646,14.0,0.0,36.0,32.9,0.0,0.0,0.0,0.0,0.0,0.0,0.0,0.0,0.0,0.0
2026-06-10 17:51:41,1.9632498412442043,-2.505927950364308,1.8574784566799174,1.5311288473332203,0.011371915242929909,1.0410514620692588,1.496317898209516,-1.0638315182326965,36.680725080185745,36.93707014714899,36.930444990693346,14.0,0.0,36.0,32.9,0.0,0.0,0.0,0.0,0.0,0.0,0.0,0.0,0.0,0.0
2026-06-10 17:51:42,2.5946450520017468,-2.150073861212316,-1.5517673439486885,2.55937570857313,-1.4791818378317556,2.0706913912256653,0.9093976988947441,0.8014976776590457,36.5202759515334,37.1945397868667,37.07729237234099,14.0,0.0,36.0,32.9,0.0,0.0,0.0,0.0,0.0,0.0,0.0,0.0,0.0,0.0
2026-06-10 17:51:43,-0.1821305947943639,0.1115957821140885,-0.049890440238595346,2.6216971713746364,-2.7292211125233794,-1.3422019612918683,1.8928928989165623,0.26625149394278846,36.64859525339614,37.32601597950298,37.24084247545447,14.0,0.0,36.0,32.9,0.0,0.0,0.0,0.0,0.0,0.0,0.0,0.0,0.0,0.0
2026-06-10 17:51:44,-1.7570286295422506,2.979087988441508,-0.5733941964127713,-2.6557398762602364,-0.6574945967416923,0.8672347979570025,-0.0245964761002595,-0.2163777461226628,36.68124256234795,37.042757580516444,36.965419343473144,14.0,0.0,36.0,32.9,0.0,0.0,0.0,0.0,0.0,0.0,0.0,0.0,0.0,0.0
2026-06-10 17:51:46,-0.4070936252714681,1.3774896782966888,1.5940459656657104,-2.55013248521494,2.6521962473720544,2.1207586910227603,-0.6078441528672611,-2.404550218126917,37.06654331233087,36.912207238199834,37.252724629738225,14.0,0.0,36.0,32.9,0.0,0.0,0.0,0.0,0.0,0.0,0.0,0.0,0.0,0.0
2026-06-10 17:51:47,-0.9405789407029603,2.5233468472117906,-1.6305073712652118,-2.6738514945500134,1.6096158029321606,2.056534641679278,1.8385031588938094,-2.284698916194446,36.712205189687324,37.3116241536813,37.009893820358585,14.0,0.0,36.0,32.9,0.0,0.0,0.0,0.0,0.0,0.0,0.0,0.0,0.0,0.0
2026-06-10 17:51:48,-2.061532215513577,0.0895984917660817,0.21270479551620447,0.38145591994444317,0.1197574742651053,-2.987946565202118,-2.9389986067360465,2.7922003829741957,36.75935183465285,37.30741580763418,36.83339836675699,14.0,0.0,36.0,32.9,0.0,0.0,0.0,0.0,0.0,0.0,0.0,0.0,0.0,0.0
2026-06-10 17:51:49,-1.309764583409065,-2.2595475962020037,-1.1432977373259312,0.019968564991287963,-2.587577724092475,1.0002129042093433,-0.26276629235191784,1.027833489108687,37.04713790373767,37.36458913891044,36.93699489913016,14.0,0.0,36.0,32.9,0.0,0.0,0.0,0.0,0.0,0.0,0.0,0.0,0.0,0.0
2026-06-10 17:51:50,0.2735018000351399,1.7540952705644095,-1.784170870699575,1.1828491589182457,1.2122867500092065,1.933944635607821,-1.607441559448564,0.2123060285193783,37.02944132898769,37.38687271739825,36.798394245573576,14.0,0.0,36.0,32.9,0.0,0.0,0.0,0.0,0.0,0.0,0.0,0.0,0.0,0.0
2026-06-10 17:51:51,-1.3861744369562055,-0.39673218069274174,1.2547115660384325,0.4891914060851956,1.907627138681014,-2.838310595415492,2.3274488771444393,-1.6830456561707332,36.91813284524739,37.31578921757999,37.10273509598939,14.0,0.0,36.0,32.9,0.0,0.0,0.0,0.0,0.0,0.0,0.0,0.0,0.0,0.0
2026-06-10 17:51:52,-1.2153785300316415,-1.0466954362557082,-2.636826865694424,-1.2216570962763196,-2.335171384701825,1.0294449756659443,-0.3860564330538532,2.028785195369581,37.03771704151834,36.92836020672623,37.18171651125189,14.0,0.0,36.0,32.9,0.0,0.0,0.0,0.0,0.0,0.0,0.0,0.0,0.0,0.0
2026-06-10 17:51:53,-2.1338762148310737,-2.2976758374893373,-2.1131398778671597,2.2457737076125524,-0.5280292332788914,-1.0074924854893226,0.3753977803571025,2.2890216616531536,36.78913098845008,37.125093831535395,37.11959138134202,14.0,0.0,36.0,32.9,0.0,0.0,0.0,0.0,0.0,0.0,0.0,0.0,0.0,0.0
2026-06-10 17:51:54,-0.3544141016614253,-1.1354864882589328,-0.235069755426756,2.820237404830416,-1.9418044337458658,1.4003860031468252,0.6330931068302106,0.9217380330722693,36.806288743664105,36.97926837978934,37.125668638522505,14.0,0.0,36.0,32.9,0.0,0.0,0.0,0.0,0.0,0.0,0.0,0.0,0.0,0.0
2026-06-10 17:51:55,-0.054940771531571286,-1.9337289709487102,-2.209421001655886,1.748776515639646,2.574927924421135,2.080336049933879,-1.4807202968207023,2.162741171736588,36.69326437520354,37.070836477134,36.844102880739634,14.0,0.0,36.0,32.9,0.0,0.0,0.0,0.0,0.0,0.0,0.0,0.0,0.0,0.0
2026-06-10 17:51:56,2.9646599411680086,-2.9454451908007604,-0.20951125849920604,0.3756921799150552,-2.453983822792744,-1.0950763849132292,-1.7099719825869086,-2.3515381939467,36.90761069087425,37.360965349342294,37.09334845044259,14.0,0.0,36.0,32.9,0.0,0.0,0.0,0.0,0.0,0.0,0.0,0.0,0.0,0.0
2026-06-10 17:51:57,-2.3578062575852807,2.1891341170108713,-1.8279351314500523,-0.8026423451813818,0.14640710766050935,-1.1873566517174696,-2.5559020844151714,2.4787716267219366,36.91232875452714,36.96681947587276,36.78418482699032,14.0,0.0,36.0,32.9,0.0,0.0,0.0,0.0,0.0,0.0,0.0,0.0,0.0,0.0
2026-06-10 17:51:59,-0.6165260840067766,-1.859615865211106,-0.11405143055626521,-1.947166331328809,-1.2535360838970475,0.5281852023814944,2.5887243501182606,0.29384214148327636,36.56108710462828,37.24168760658883,36.75504278127807,14.0,0.0,36.0,32.9,0.0,0.0,0.0,0.0,0.0,0.0,0.0,0.0,0.0,0.0
2026-06-10 17:52:00,-0.8209386508457341,-2.1890844882876843,0.35804998678678945,-0.10538409688889638,0.044610540799788545,0.9808517987233505,1.4451018100860606,1.5332704516509645,36.90498821121285,37.22806122870043,37.071386220883824,14.0,0.0,36.0,32.9,0.0,0.0,0.0,0.0,0.0,0.0,0.0,0.0,0.0,0.0
2026-06-10 17:52:01,1.9847371746081413,0.06217923041537432,2.014717253711325,0.5506733746294077,-0.034741628795999624,-0.18401560797123206,1.7809121420416503,0.34464410011127944,36.77416931909162,37.05000880166812,37.19303451531787,14.0,0.0,36.0,32.9,0.0,0.0,0.0,0.0,0.0,0.0,0.0,0.0,0.0,0.0
2026-06-10 17:52:02,0.6046057208806364,-0.6347496979597711,1.6641580783247623,0.5507101254693669,-0.3241985042191424,2.3906399831210434,-1.373349256370956,-1.6978459888419015,37.052481575248414,37.314801511741535,36.84284680006938,14.0,0.0,36.0,32.9,0.0,0.0,0.0,0.0,0.0,0.0,0.0,0.0,0.0,0.0
2026-06-10 17:52:03,0.20147746413933199,-0.014484743446466553,2.8479352271992715,0.34094231984671985,2.840996733294878,-1.3622025156729025,-1.5987698453713197,-0.6121391861407073,36.884882577716354,37.14222232406955,36.94706317045646,14.0,0.0,36.0,32.9,0.0,0.0,0.0,0.0,0.0,0.0,0.0,0.0,0.0,0.0
2026-06-10 17:52:04,-2.3286739613907974,2.9394009996165673,0.4073776722016249,2.7449831162111185,-2.9243563771238077,2.6856637920755215,0.7766044321747616,2.8789928500556297,36.884611109552004,37.027646355809466,37.00744292559627,14.0,0.0,36.0,32.9,0.0,0.0,0.0,0.0,0.0,0.0,0.0,0.0,0.0,0.0
2026-06-10 17:52:06,-2.9188680328948378,-0.55680132674083,-2.2453221759913764,-2.4028684292066016,-1.0949881725890154,1.5449782359092845,-0.5893534103956455,2.513418220516326,36.978450247363476,37.259103173482934,37.272984405214196,14.0,0.0,36.0,32.9,0.0,0.0,0.0,0.0,0.0,0.0,0.0,0.0,0.0,0.0
2026-06-10 17:52:07,1.325658326436498,-2.3356223872457003,0.4679231886069166,-2.9107236730192914,-1.5467556952169559,0.10818526900429548,2.1512283395071368,-0.6195026869474196,37.014784224278436,37.355560440932834,36.823012460849306,14.0,0.0,36.0,32.9,0.0,0.0,0.0,0.0,0.0,0.0,0.0,0.0,0.0,0.0
2026-06-10 17:52:08,2.9912155069628694,-1.920212065288496,-1.8666027619907517,0.42358276567528863,-2.480576072553974,0.43210600999011595,2.0367025127949745,-2.9872179407380073,36.729115053834754,37.22523145079678,36.972729575009566,14.0,0.0,36.0,32.9,0.0,0.0,0.0,0.0,0.0,0.0,0.0,0.0,0.0,0.0
2026-06-10 17:52:10,-1.1155901691409682,1.6421106498906237,0.8575417191532249,-0.3911498505563573,2.181657610054267,0.3469643614174478,2.496176333843917,2.627572351524166,37.012746766045325,37.343086749803504,36.94040874229115,14.0,0.0,36.0,32.9,0.0,0.0,0.0,0.0,0.0,0.0,0.0,0.0,0.0,0.0
2026-06-10 17:52:11,1.5283698990069512,-1.8239041757424475,-2.6824459708932817,-1.3675866936942713,1.6593874460164209,-0.7910875724132334,2.791886744343403,0.5850674000443852,36.954286644491745,37.06391632107957,36.8970501180501,14.0,0.0,36.0,32.9,0.0,0.0,0.0,0.0,0.0,0.0,0.0,0.0,0.0,0.0
2026-06-10 17:52:12,0.9753684516665895,2.9157430389547487,2.674986133574186,0.55228847526406,1.830026458767744,-1.3123695011770082,2.387234224903919,-0.980301201044675,36.88816306340972,36.84493273870293,36.81618823657965,14.0,0.0,36.0,32.9,0.0,0.0,0.0,0.0,0.0,0.0,0.0,0.0,0.0,0.0
2026-06-10 17:52:13,-2.605797994104516,-0.7198739396934428,-2.7211572099507055,2.8849927545992955,-1.5419243503730973,2.6727125813543022,-2.3781616016183493,-0.25752609500303514,36.912579713439534,37.156926036645835,36.91581091487241,14.0,0.0,36.0,32.9,0.0,0.0,0.0,0.0,0.0,0.0,0.0,0.0,0.0,0.0
2026-06-10 17:52:14,0.6130149162211369,1.7191136649739658,-2.352977552644532,0.6991649197775702,1.7330687540442176,0.8976337283226723,-1.4644895430313916,-2.4026161931916947,36.855008751984634,37.149889821990904,37.07601713645983,14.0,0.0,36.0,32.9,0.0,0.0,0.0,0.0,0.0,0.0,0.0,0.0,0.0,0.0
2026-06-10 17:52:15,2.2741411546925256,-2.347274898691773,-2.6253578227614387,-0.07119644283431992,1.964955963914897,2.635839421592543,0.4730641954893975,-1.6414410661082557,36.81768937665073,36.88360543510477,37.140901282065826,14.0,0.0,36.0,32.9,0.0,0.0,0.0,0.0,0.0,0.0,0.0,0.0,0.0,0.0
2026-06-10 17:52:16,2.755012830606594,2.3958116313066142,0.15367345366086926,-1.7084936556386348,-1.8100078762610066,1.1455541762512755,-2.180143433028836,2.6682711919973308,36.79622900117708,36.923449788702214,36.8713721020776,14.0,0.0,36.0,32.9,0.0,0.0,0.0,0.0,0.0,0.0,0.0,0.0,0.0,0.0
2026-06-10 17:52:17,1.2760182286832062,-1.1813914075293594,-0.45667882442560037,-2.9234899595107384,-2.8372250160188317,-2.115211688999927,-1.629344537058363,-1.54226776667188,36.653456791470724,37.16175235987343,36.802304670880105,14.0,0.0,36.0,32.9,0.0,0.0,0.0,0.0,0.0,0.0,0.0,0.0,0.0,0.0
2026-06-10 17:52:18,-1.112419651192518,1.13584945174052,2.6052212278778475,1.956165407435562,2.5156594056949073,2.409075491703299,-0.3068270116250842,0.055664384585047966,36.840308327943035,37.15761217404177,37.091367665876085,14.0,0.0,36.0,32.9,0.0,0.0,0.0,0.0,0.0,0.0,0.0,0.0,0.0,0.0
2026-06-10 17:52:19,2.333232983992928,-0.8455366832889997,-0.30513488326359894,2.8272035705499423,-0.6592110139085081,-0.8036861989231685,-2.372915675375144,-1.195708136594529,37.065333715372766,37.22121428295145,37.10585422564563,14.0,0.0,36.0,32.9,0.0,0.0,0.0,0.0,0.0,0.0,0.0,0.0,0.0,0.0
2026-06-10 17:52:21,-1.0729362654709307,-0.3989013372674708,2.9799310490683535,-2.5890674077759797,-1.5668598301751462,-2.043519438592533,1.7288009890668752,2.895524052419958,36.61887478037193,37.071826366723144,37.23486456552735,14.0,0.0,36.0,32.9,0.0,0.0,0.0,0.0,0.0,0.0,0.0,0.0,0.0,0.0
2026-06-10 17:52:22,-1.2412123411513953,0.14745438329156046,1.8779661709638198,-2.5206067832639665,-0.27146121046719873,1.272150417211959,2.910129399685937,-2.1019557960666932,36.69234402970644,36.886889150596225,36.73380121992492,14.0,0.0,36.0,32.9,0.0,0.0,0.0,0.0,0.0,0.0,0.0,0.0,0.0,0.0
2026-06-10 17:52:23,0.9028020007559068,-2.694803848203131,1.588320893996734,1.4317665221333442,1.2076522528598055,1.0703132000623627,-1.7186024180021384,1.777132418832159,36.6317263967778,36.9890991640779,36.92514677806344,14.0,0.0,36.0,32.9,0.0,0.0,0.0,0.0,0.0,0.0,0.0,0.0,0.0,0.0
2026-06-10 17:52:24,-1.9989879854165475,-0.37609422626972533,2.334598846959424,0.287195941307095,0.7459592549772545,-1.7938905539995904,1.7323229143336567,-2.167456454959236,37.07572879121973,36.97435429081553,36.80034318076874,14.0,0.0,36.0,32.9,0.0,0.0,0.0,0.0,0.0,0.0,0.0,0.0,0.0,0.0
2026-06-10 17:52:25,1.6243288923119543,1.4206406460839824,-0.8619673144624453,-1.8251521252048293,-0.6918446991141494,1.7829820695067804,-1.563258001097043,-2.750852742089588,36.850285740602445,37.19450494040393,37.15156204298492,14.0,0.0,36.0,32.9,0.0,0.0,0.0,0.0,0.0,0.0,0.0,0.0,0.0,0.0
2026-06-10 17:52:26,-2.5021738302242045,-2.274208475811269,1.4248519622987788,0.8416860257192997,2.6920060044897722,-1.8358853809405793,-0.6138305552838594,-0.02870114862944506,36.85915501322609,37.17571212227076,36.79225115457268,14.0,0.0,36.0,32.9,0.0,0.0,0.0,0.0,0.0,0.0,0.0,0.0,0.0,0.0
2026-06-10 17:52:28,-2.597351927378117,-2.7294422405093695,-0.7196932772526732,1.9508447700769036,0.48965559155430727,-0.23878878868543696,0.15839105723410718,-0.5844649240481345,36.63809309365028,37.12729677119075,37.059972739997164,14.0,0.0,36.0,32.9,0.0,0.0,0.0,0.0,0.0,0.0,0.0,0.0,0.0,0.0
2026-06-10 17:52:29,-2.0735272987748257,-2.564110178734741,-2.665353520954265,2.8454223462523984,0.47529435665511777,1.3866249175045509,0.3487748520484737,-2.4076161890906835,36.89338572537935,37.16360874320408,36.9311285902082,14.0,0.0,36.0,32.9,0.0,0.0,0.0,0.0,0.0,0.0,0.0,0.0,0.0,0.0
2026-06-10 17:52:30,1.0106882065911842,-0.43447078554524543,1.046389773771618,-1.1593773358570525,0.43772953918754354,0.8032003800576577,2.478600283695224,1.0457373845589037,36.7557197979945,37.16365867962351,36.89567764226751,14.0,0.0,36.0,32.9,0.0,0.0,0.0,0.0,0.0,0.0,0.0,0.0,0.0,0.0
2026-06-10 17:52:31,0.3141579772234695,0.8462096362936169,2.10750441967609,1.127104391802379,-2.441269225960303,-0.5550158627473372,1.0605876557348681,-0.15052015603279045,36.65213319941306,36.967028375262984,37.014251234902325,14.0,0.0,36.0,32.9,0.0,0.0,0.0,0.0,0.0,0.0,0.0,0.0,0.0,0.0
2026-06-10 17:52:32,-1.1704857542405769,2.3915631019771206,-0.4315533467091637,-2.5850064113375173,-2.037989732128179,0.6598690505253426,1.8361007030327237,-0.4018957091059736,37.045513554529535,37.33195518052231,36.77046978676855,14.0,0.0,36.0,32.9,0.0,0.0,0.0,0.0,0.0,0.0,0.0,0.0,0.0,0.0
2026-06-10 17:52:34,-1.0588032158115497,-1.1563118689296203,-2.295909360378765,-1.9445444939423242,-2.1657155604027487,-0.6307126847196391,-0.6087564958021261,2.103813180968748,36.64866578187356,37.2015466490708,36.94580464357835,14.0,0.0,36.0,32.9,0.0,0.0,0.0,0.0,0.0,0.0,0.0,0.0,0.0,0.0
2026-06-10 17:52:35,-1.7545037080931225,2.337839645611301,-0.5607506547400001,2.178934798273966,-1.794072577839825,0.013251099534793198,0.5789134240598406,2.0608463387371465,36.74085411366856,36.980740189965815,36.949338243681524,14.0,0.0,36.0,32.9,0.0,0.0,0.0,0.0,0.0,0.0,0.0,0.0,0.0,0.0
2026-06-10 17:52:36,1.2197290955307718,1.198440651659899,1.0663737900848673,2.4966650023704746,-0.8667685413798076,2.8009279994530765,1.4161842955198445,2.9285493185014104,36.59510125815967,37.234032196819534,36.918021653329866,14.0,0.0,36.0,32.9,0.0,0.0,0.0,0.0,0.0,0.0,0.0,0.0,0.0,0.0
2026-06-10 17:52:37,0.7948454629879835,1.582811184693706,0.5585815644856185,-2.5052100822965606,1.5293835892002043,0.6170455706543505,0.7312878864144694,-1.6478566672052732,36.75848318985519,36.9112729826244,37.13640973194448,14.0,0.0,36.0,32.9,0.0,0.0,0.0,0.0,0.0,0.0,0.0,0.0,0.0,0.0
2026-06-10 17:52:38,1.7744844926944978,-2.758351203572495,1.6031507771902094,-2.0833871459086355,0.20162851654709524,-2.516766740895819,-2.6210517711135686,1.5976425472944413,36.839746515459254,36.849111233871874,37.0419633970579,14.0,0.0,36.0,32.9,0.0,0.0,0.0,0.0,0.0,0.0,0.0,0.0,0.0,0.0
2026-06-10 17:52:40,1.946041971847528,-1.6277316519075968,1.403667763108797,-0.008470544581880013,1.0839302174046077,0.3046218112924479,-0.10047211378717158,-2.5298641038293126,36.972329361929745,36.86640743180023,36.78201519069384,14.0,0.0,36.0,32.9,0.0,0.0,0.0,0.0,0.0,0.0,0.0,0.0,0.0,0.0
2026-06-10 17:52:41,-0.689851228474236,2.956135170713856,1.2963614100416265,1.0129703410277742,-1.682016565214223,2.3696529885138453,-1.0682923660526253,2.6433948823909503,36.70752916196636,36.80165646494804,37.276382332576915,14.0,0.0,36.0,32.9,0.0,0.0,0.0,0.0,0.0,0.0,0.0,0.0,0.0,0.0
2026-06-10 17:52:42,-0.9330200687412207,0.9470224770870939,-1.2296187426622707,-1.0435127664376347,-1.619376773913223,0.5030061861395669,0.01788564166741491,1.5455006554842186,36.89414920693992,37.15109993011154,37.140825547887154,14.0,0.0,36.0,32.9,0.0,0.0,0.0,0.0,0.0,0.0,0.0,0.0,0.0,0.0
2026-06-10 17:52:43,2.2775399107345313,-0.007527887300261327,-1.958049193113237,-0.5117210927769182,-0.9531222723289652,0.150379615384872,-0.30858783583040417,-1.0613211290617273,36.795900033579414,36.82681418521543,36.773772294634405,14.0,0.0,36.0,32.9,0.0,0.0,0.0,0.0,0.0,0.0,0.0,0.0,0.0,0.0
2026-06-10 17:52:44,1.0363823398261376,-1.6563436452817395,2.0938952762602216,-1.5520183402617083,-2.76264376302471,-2.3781581928832973,-1.5708084720583837,-2.0696070401240974,36.7912840140484,37.33908527859045,37.24776708564943,14.0,0.0,36.0,32.9,0.0,0.0,0.0,0.0,0.0,0.0,0.0,0.0,0.0,0.0
2026-06-10 17:52:46,-2.805566846468993,-0.43661617854707657,-0.1965584854884881,1.8264814614818556,1.6120555446716214,1.086617452553294,-2.8744462256401953,2.809060300779737,37.09481641625446,36.8366104232008,36.79357474444607,14.0,0.0,36.0,32.9,0.0,0.0,0.0,0.0,0.0,0.0,0.0,0.0,0.0,0.0
2026-06-10 17:52:47,-2.0979530605524506,2.8846845706908892,2.976957098946361,2.599366501916964,-0.2514546342180699,-2.4797860685081026,-0.09296777733433004,-1.756444481016605,37.057360488734716,36.93885572422649,36.80598438856167,14.0,0.0,36.0,32.9,0.0,0.0,0.0,0.0,0.0,0.0,0.0,0.0,0.0,0.0
2026-06-10 17:52:48,1.900387184079161,-1.819633678146431,2.9367415617410364,0.018261109102568174,-1.4699919603724316,-1.151499664643665,-2.30464562829496,0.22391611205452833,36.67095324632066,37.012317385042095,36.76769234142046,14.0,0.0,36.0,32.9,0.0,0.0,0.0,0.0,0.0,0.0,0.0,0.0,0.0,0.0
2026-06-10 17:52:50,-2.2128179986315644,-0.19934088409174766,-2.1137069343891626,-2.8654947489057867,2.9698451739078067,-0.6079788004709035,1.5404753858414182,2.649609544977217,36.92739093288089,37.253460183354434,37.24441273234369,14.0,0.0,36.0,32.9,0.0,0.0,0.0,0.0,0.0,0.0,0.0,0.0,0.0,0.0
2026-06-10 17:52:51,0.9947564791969037,1.623113805803742,-0.7885379936260808,1.3519742790849545,2.4875349425077076,0.9262631049088457,-2.7733927786799057,1.1954448502447015,36.98590176931511,37.39848275489254,36.97721946842551,14.0,0.0,36.0,32.9,0.0,0.0,0.0,0.0,0.0,0.0,0.0,0.0,0.0,0.0
2026-06-10 17:52:52,1.6128511554884923,-2.481870628879035,1.1767879325975539,1.9890776302698718,-2.5272410993501753,-2.0595576473920483,2.5839916200707655,-1.386060653228094,36.76150885333607,36.823599217340366,36.764514163983,14.0,0.0,36.0,32.9,0.0,0.0,0.0,0.0,0.0,0.0,0.0,0.0,0.0,0.0
2026-06-10 17:52:53,0.11342584332302774,-0.931266082649655,2.8751548788992,2.9432791430732,-1.466917468770603,2.591342842655582,-2.9625882212068033,1.5971329531018883,36.96256855814696,36.991866244437205,37.08276715767334,14.0,0.0,36.0,32.9,0.0,0.0,0.0,0.0,0.0,0.0,0.0,0.0,0.0,0.0
2026-06-10 17:52:54,-1.181323527327795,-0.9949813490938659,-1.6090516386455342,-1.818754813441729,-1.331692439081504,-1.9478258989142239,2.665071036657131,-2.0658997159870953,37.01783029953441,37.27302181882502,36.769496072759125,14.0,0.0,36.0,32.9,0.0,0.0,0.0,0.0,0.0,0.0,0.0,0.0,0.0,0.0
2026-06-10 17:52:55,-2.4085867719869616,2.3469215795044605,2.266923996394916,-0.16367744370204473,-2.3508476756768477,2.8082332014875897,-2.828190552496895,-0.9022408125616308,36.89186788454322,37.136726431962515,36.73010041913982,14.0,0.0,36.0,32.9,0.0,0.0,0.0,0.0,0.0,0.0,0.0,0.0,0.0,0.0
2026-06-10 17:52:56,0.5844805864362206,-0.5173242755116796,1.1978924043457173,0.315446091203075,0.4478962337585708,2.1252266610498154,0.8478545440099152,-2.131040246863383,36.582674786188534,37.30015554218928,37.165538251336194,14.0,0.0,36.0,32.9,0.0,0.0,0.0,0.0,0.0,0.0,0.0,0.0,0.0,0.0
2026-06-10 17:52:58,1.44653465499173,-2.7234524752173686,0.8366784125759987,-0.5801448621832384,-1.531908334521165,-2.985755311917833,-2.2462910227880357,-1.3109322491767532,36.612460751613895,36.83051248735067,36.997193310443436,14.0,0.0,36.0,32.9,0.0,0.0,0.0,0.0,0.0,0.0,0.0,0.0,0.0,0.0
2026-06-10 17:52:59,1.9514602428347745,-0.08851384523563555,2.9651060829424694,0.11941109495929059,-0.7848025649144117,2.885644992817319,0.08651328216293752,-2.7955884001034255,36.80294976765513,36.807501383570106,37.235513518497015,14.0,0.0,36.0,32.9,0.0,0.0,0.0,0.0,0.0,0.0,0.0,0.0,0.0,0.0
2026-06-10 17:53:00,0.6756929496946942,1.4766087035401778,-2.7637991995898905,-1.9050996773705795,2.0618119544372213,-1.7686349783416389,2.5395180608050154,2.249570927603447,36.870136423478044,36.92050768728756,37.184094780468314,14.0,0.0,36.0,32.9,0.0,0.0,0.0,0.0,0.0,0.0,0.0,0.0,0.0,0.0
2026-06-10 17:53:02,0.692240004002389,2.8454711492931466,2.4270462084632207,0.5187489877172835,0.30112706314426685,1.205753331254309,-2.817099666002178,1.5853102731961926,36.81545594691931,37.18373381570094,37.08829203728224,14.0,0.0,36.0,32.9,0.0,0.0,0.0,0.0,0.0,0.0,0.0,0.0,0.0,0.0
2026-06-10 17:53:03,2.023872706118449,0.023464911101574337,-0.4442888827129883,-1.8120089442996639,-1.8349256635235307,2.937682590074531,2.0528633452774407,-0.45692056789609925,37.06463648800079,37.33803835836303,37.28671234094971,14.0,0.0,36.0,32.9,0.0,0.0,0.0,0.0,0.0,0.0,0.0,0.0,0.0,0.0
2026-06-10 17:53:04,-1.6123109349514313,-2.050300530330131,0.712507220656593,-1.4553202787102693,-1.8042283159027903,2.679974349923696,-1.3516590716504862,-2.2201773863622734,36.99516835042197,36.86547560066469,37.29788082081623,14.0,0.0,36.0,32.9,0.0,0.0,0.0,0.0,0.0,0.0,0.0,0.0,0.0,0.0
2026-06-10 17:53:05,-0.31919961322171897,-0.008842972259580417,-2.5220214651644737,0.4418947129679265,2.291060280005903,-0.11228011222138434,-0.09183634447770572,-2.200099517938854,36.55231117202875,37.136127797246,37.05870840830226,14.0,0.0,36.0,32.9,0.0,0.0,0.0,0.0,0.0,0.0,0.0,0.0,0.0,0.0
2026-06-10 17:53:06,0.15282027387218156,0.9623478401387002,1.8832222223630346,-0.7847953013083675,1.3384138131120569,-1.704302694351165,-0.8057904542804804,2.988140929389983,36.67907324620309,37.20112170643193,37.272726576488594,14.0,0.0,36.0,32.9,0.0,0.0,0.0,0.0,0.0,0.0,0.0,0.0,0.0,0.0
2026-06-10 17:53:08,1.793607745436181,-0.2594289296894954,0.18335470007662824,-2.107203871258993,-2.708354651172804,-1.868223856909139,2.699880265139206,2.9874036387051337,36.53362911335094,37.22444291604046,36.707063977004225,14.0,0.0,36.0,32.9,0.0,0.0,0.0,0.0,0.0,0.0,0.0,0.0,0.0,0.0
2026-06-10 17:53:09,2.1386912265102698,-1.017450442699087,-0.5140364379462108,-1.7594256750854278,-2.6411172914266396,-2.2341743998758075,2.035162407928823,1.00533072978934,36.933387958643706,37.192191239073125,37.17334992063422,14.0,0.0,36.0,32.9,0.0,0.0,0.0,0.0,0.0,0.0,0.0,0.0,0.0,0.0
2026-06-10 17:53:10,-0.20803859493839116,-1.1000190510237333,2.576467777271663,-0.08536597475778862,0.48525371774745985,-2.582835744084245,0.10369084295288644,-2.965289947372293,36.79501964416095,37.3299227411648,37.04762697038541,14.0,0.0,36.0,32.9,0.0,0.0,0.0,0.0,0.0,0.0,0.0,0.0,0.0,0.0
2026-06-10 17:53:12,-2.4941213847648562,-0.2246459518670516,-1.7131486000932017,0.9756245761305369,2.9802291627587163,-0.5138049057293008,1.5927010286832948,-1.1416489520743922,36.81130055653713,37.116824213136766,36.9201034075816,14.0,0.0,36.0,32.9,0.0,0.0,0.0,0.0,0.0,0.0,0.0,0.0,0.0,0.0
2026-06-10 17:53:13,1.4590299449655522,-1.4236688530721342,0.22411875335241893,-0.6040660495641035,0.516935578624802,0.06444887712902903,1.0638411961186778,-1.625315912850602,36.6962714513067,36.81285350654591,37.204423864141965,14.0,0.0,36.0,32.9,0.0,0.0,0.0,0.0,0.0,0.0,0.0,0.0,0.0,0.0
2026-06-10 17:53:14,-2.036546536371352,2.960902671516812,-2.623493930444051,-0.21483448076861666,0.15988055309360671,2.5547221327842697,1.9183518116996883,0.8820816899310144,36.92294042640979,37.216745264815486,37.07141601015468,14.0,0.0,36.0,32.9,0.0,0.0,0.0,0.0,0.0,0.0,0.0,0.0,0.0,0.0
2026-06-10 17:53:15,-0.5660498179639704,-2.926257116828455,-2.677285054956392,0.0722525454465428,1.124251252762491,0.4184233693751822,-1.309286700232246,0.6025092830824867,36.78428028129384,37.39446616733048,37.18682667017895,14.0,0.0,36.0,32.9,0.0,0.0,0.0,0.0,0.0,0.0,0.0,0.0,0.0,0.0
2026-06-10 17:53:16,0.8224230395051184,0.34233526741161535,2.7864872723811773,2.750954904340885,1.4618961383147768,-1.4515366725898322,2.673161670239809,-1.010218802154903,36.73980139468857,37.12196784267884,36.846458518042695,14.0,0.0,36.0,32.9,0.0,0.0,0.0,0.0,0.0,0.0,0.0,0.0,0.0,0.0
2026-06-10 17:53:18,-2.913331882272426,-0.4523098257382805,2.440806839960999,1.612638271154477,-0.3740604591976835,0.08306548994890539,-0.25181238565339115,1.3678552431688829,36.66277457080114,36.92482560452879,37.084174105375155,14.0,0.0,36.0,32.9,0.0,0.0,0.0,0.0,0.0,0.0,0.0,0.0,0.0,0.0
2026-06-10 17:53:19,0.1610313427305905,-0.8624119827395367,-0.5706079183023389,-2.5926793184759154,-2.394664934689972,-0.5851887169886822,0.6272610681364403,-2.0317470885229696,36.6986322155167,37.27755985050976,37.26811295945367,14.0,0.0,36.0,32.9,0.0,0.0,0.0,0.0,0.0,0.0,0.0,0.0,0.0,0.0
2026-06-10 17:53:20,1.9816549151488116,2.0030903712533377,-0.971493040651298,2.6041261570591407,-2.4226794063491237,-0.06892924634139641,-1.2449872621849687,-1.648733360522109,36.99597253802832,37.05434131466275,37.044044367259936,14.0,0.0,36.0,32.9,0.0,0.0,0.0,0.0,0.0,0.0,0.0,0.0,0.0,0.0
2026-06-10 17:53:21,-1.8500122820339433,1.2698174234713093,-2.7119234314522296,0.9240126332475289,-0.37574565924547354,2.753439412059146,-2.718856812611264,0.6123853415872231,36.59882787467967,37.183049817191126,36.88235207412353,14.0,0.0,36.0,32.9,0.0,0.0,0.0,0.0,0.0,0.0,0.0,0.0,0.0,0.0
2026-06-10 17:53:22,-0.5967427377541026,0.3057594202151588,-0.5998345731231867,2.3093200621093803,2.4294817148116614,1.9472743602156566,-0.23840499184304775,-0.8482792586457082,36.59013904892477,36.927514196179786,37.25191128470474,14.0,0.0,36.0,32.9,0.0,0.0,0.0,0.0,0.0,0.0,0.0,0.0,0.0,0.0
2026-06-10 17:53:23,1.4877671028072665,1.227482353503481,1.3101746031181873,1.938486712113944,-1.9362819288417108,-2.290781121158445,1.7021965510625323,1.3363710684157226,36.80645118671972,36.97825685054901,36.87162660009866,14.0,0.0,36.0,32.9,0.0,0.0,0.0,0.0,0.0,0.0,0.0,0.0,0.0,0.0
2026-06-10 17:53:24,-2.0621497881857875,1.6270674108876788,-1.4173657417618541,-2.156143554615452,1.3864627958814708,-0.4347311589945191,1.9205028849935335,2.501270251036461,36.56624416886587,36.882392172947704,36.84819395693517,14.0,0.0,36.0,32.9,0.0,0.0,0.0,0.0,0.0,0.0,0.0,0.0,0.0,0.0
2026-06-10 17:53:25,-1.1485703659469593,-1.7966007184078565,1.2815756110514105,0.8421043977259579,-1.5344992152292531,0.4281549056430638,2.3741743145044047,1.7037454352884662,36.51031037491943,37.36806747583559,37.20611330568721,14.0,0.0,36.0,32.9,0.0,0.0,0.0,0.0,0.0,0.0,0.0,0.0,0.0,0.0
2026-06-10 17:53:26,2.8156983999391816,2.4856161728377417,-0.9184949502933972,1.1683835658103314,-2.9921635442526866,0.4359857044458497,1.4153941749085526,-1.4344181925973924,36.52792727138818,36.92633024508166,37.103616268878525,14.0,0.0,36.0,32.9,0.0,0.0,0.0,0.0,0.0,0.0,0.0,0.0,0.0,0.0
2026-06-10 17:53:28,2.8172970347174884,-2.853031190395837,1.629900800930038,0.31809863838890884,-2.5255494623680255,2.0147801228598503,0.9749461758956923,-2.965475612657217,36.60594332322206,36.97358365924207,36.764151017695326,14.0,0.0,36.0,32.9,0.0,0.0,0.0,0.0,0.0,0.0,0.0,0.0,0.0,0.0
2026-06-10 17:53:29,2.4607476800995673,2.3756092188393465,1.3220469045462826,2.034331869428092,0.34919009487539476,-0.8999945248515409,-0.7746424349969989,1.9310613282448585,36.58100811083454,37.0663807123589,37.25010755238295,14.0,0.0,36.0,32.9,0.0,0.0,0.0,0.0,0.0,0.0,0.0,0.0,0.0,0.0
2026-06-10 17:53:30,-2.0778493455822336,2.677660223094029,2.208506762487951,-1.5785644906391203,-2.8166477434940185,-2.2331882344275655,0.8902981730105557,1.0965552572213966,36.65956648978449,37.03901759296827,36.967861449595496,14.0,0.0,36.0,32.9,0.0,0.0,0.0,0.0,0.0,0.0,0.0,0.0,0.0,0.0
2026-06-10 17:53:31,1.2820236727090384,-0.6516618314874725,-1.2330751368507227,-1.6472038672956155,2.324330269744183,0.5294138568293381,-2.0812638876489054,-0.038040082824147614,36.56539186570815,36.87922033928239,36.82829259495534,14.0,0.0,36.0,32.9,0.0,0.0,0.0,0.0,0.0,0.0,0.0,0.0,0.0,0.0
2026-06-10 17:53:32,-2.3100717603701395,0.22379990359010637,1.0589204148503208,1.2315076804429363,1.3625727039889348,2.6994641848056906,-0.3580923528864721,0.9292120561643049,36.605908783022564,37.12341911206065,37.265723568302036,14.0,0.0,36.0,32.9,0.0,0.0,0.0,0.0,0.0,0.0,0.0,0.0,0.0,0.0
2026-06-10 17:53:33,0.2850639104930135,-2.015385389477715,0.7120767399974302,1.2268498015563862,2.010334539507543,2.367135755137382,0.5983916343032805,0.11791472956981552,37.02893925078466,37.387877343938264,36.77340819864509,14.0,0.0,36.0,32.9,0.0,0.0,0.0,0.0,0.0,0.0,0.0,0.0,0.0,0.0
2026-06-10 17:53:35,-1.8432585830626804,2.2060523192579815,1.002544887590866,-1.5691959506831166,1.2203715679589022,2.904250855724184,-0.9798053101330946,1.042452355291653,36.956975175318625,36.83127224774791,36.884207885361405,14.0,0.0,36.0,32.9,0.0,0.0,0.0,0.0,0.0,0.0,0.0,0.0,0.0,0.0
2026-06-10 17:53:36,-1.093038029406247,-0.937522810527109,1.9862096137436422,1.4639692349310423,-0.5602525164121976,-1.3487920619123168,0.943853968907876,-1.2292202947744075,36.596644856269705,37.038612199417905,36.70311091238414,14.0,0.0,36.0,32.9,0.0,0.0,0.0,0.0,0.0,0.0,0.0,0.0,0.0,0.0
2026-06-10 17:53:37,-1.6289496186092305,-0.0678708125786418,1.8878784225654321,-0.31279591343123325,2.567114320584003,2.0157602130720997,2.083418280380993,-2.6549074408930826,36.96198143514355,37.25971591276766,37.14271402921191,14.0,0.0,36.0,32.9,0.0,0.0,0.0,0.0,0.0,0.0,0.0,0.0,0.0,0.0
2026-06-10 17:53:38,2.6702955950223153,-0.5237844127544964,0.15116675868105522,-2.3720774480196862,-0.13676569177010212,-0.5917664969089804,0.7662737779646385,-1.8538913851688745,37.01907233692255,37.31696400189634,36.99309737013939,14.0,0.0,36.0,32.9,0.0,0.0,0.0,0.0,0.0,0.0,0.0,0.0,0.0,0.0
2026-06-10 17:53:40,-2.5312054313359713,0.2998116297416926,-2.434137404071603,0.7658267606532219,-2.7049600312245836,1.6998788002250818,-1.1173085033998198,-1.2451186361229862,36.871390692368585,36.96247529678049,36.7639072936824,14.0,0.0,36.0,32.9,0.0,0.0,0.0,0.0,0.0,0.0,0.0,0.0,0.0,0.0
2026-06-10 17:53:41,-0.13591290474669293,-1.4081849395127042,-0.9953805841376688,2.3368700915715213,-0.9324212529224991,-1.5012745763251552,-1.1374325250685398,-2.749797315729363,36.541891302760106,36.921048943790844,37.19811601446937,14.0,0.0,36.0,32.9,0.0,0.0,0.0,0.0,0.0,0.0,0.0,0.0,0.0,0.0
2026-06-10 17:53:43,0.8994856666043152,-2.8352370235433115,2.146965747959543,-2.5653429202306555,-0.5716193264829288,-0.035167537910256286,-2.4194522507006786,-2.6630643773406995,36.73611763894766,37.00527633902779,37.098744004679844,14.0,0.0,36.0,32.9,0.0,0.0,0.0,0.0,0.0,0.0,0.0,0.0,0.0,0.0
2026-06-10 17:53:44,1.1730377496555757,1.1231654296095677,2.9413439258538263,-0.228329441365545,-0.6215785201990274,1.4511176254535396,1.6764697530431443,-0.3039813686509589,36.8837079062235,36.86161636946893,36.86521774140971,14.0,0.0,36.0,32.9,0.0,0.0,0.0,0.0,0.0,0.0,0.0,0.0,0.0,0.0
2026-06-10 17:53:45,-0.3095820689594282,2.6905685044373833,2.7317572871625693,-2.4054322992562085,0.011250998270824653,-2.081936652009251,-2.352975192436297,-2.7940082734739073,36.567043264944076,37.353101714779434,36.760712916355196,14.0,0.0,36.0,32.9,0.0,0.0,0.0,0.0,0.0,0.0,0.0,0.0,0.0,0.0
2026-06-10 17:53:47,1.6679464775559563,2.428655936958255,2.2756222570067957,-0.6663460287039342,-1.4977743695425485,-2.160601549898157,0.8533121501436858,1.435738309510059,36.95879835521787,37.315714348297114,37.10550172458978,14.0,0.0,36.0,32.9,0.0,0.0,0.0,0.0,0.0,0.0,0.0,0.0,0.0,0.0
2026-06-10 17:53:48,-1.0181903241149906,2.6108581112600815,0.8977893243920603,-2.8545428629190055,0.22926976870003601,-2.1947651765846796,-0.615052139505015,0.9399040171940065,36.71969647631493,36.913423343291626,36.916105071951115,14.0,0.0,36.0,32.9,0.0,0.0,0.0,0.0,0.0,0.0,0.0,0.0,0.0,0.0
2026-06-10 17:53:49,-2.2087459355106285,1.922140412334513,0.03757139470635451,-0.7704845815923917,1.332226892675159,-2.886291634592907,-1.6919887362891342,0.8765302525917411,36.81626162692921,37.3466413859337,37.13727743695309,14.0,0.0,36.0,32.9,0.0,0.0,0.0,0.0,0.0,0.0,0.0,0.0,0.0,0.0
2026-06-10 17:53:50,1.685305756038308,2.850663351199562,-2.7435651264093677,-1.6772518568899653,1.8797003891485247,-1.1595089944041523,-2.6920472113850815,-1.5050060754672967,37.07251561239764,37.1392241635594,37.23900141365001,14.0,0.0,36.0,32.9,0.0,0.0,0.0,0.0,0.0,0.0,0.0,0.0,0.0,0.0
2026-06-10 17:53:51,0.20187405734430675,-1.5082429213764121,-0.8263027497373341,-0.4532535455181268,-2.1237985069316068,2.62145534095223,-2.2825932524263433,-1.4740023250148522,36.78766321093136,37.187884923601004,36.80334081555189,14.0,0.0,36.0,32.9,0.0,0.0,0.0,0.0,0.0,0.0,0.0,0.0,0.0,0.0
2026-06-10 17:53:52,-1.7113671039183913,0.6015756709311733,1.8545194449752813,0.5690097061108883,0.231795804105567,1.9232968316206573,-1.0443760586473971,0.8996423866869909,36.914640617599105,37.36863965670077,37.21886797214737,14.0,0.0,36.0,32.9,0.0,0.0,0.0,0.0,0.0,0.0,0.0,0.0,0.0,0.0
2026-06-10 17:53:54,1.651026820532624,-0.6462227836624868,-0.5057712585172971,2.8239131898202956,1.0949418419723722,-1.0718322859285065,2.4265077928561958,1.6271889434278215,36.678848363359975,36.80251185488827,37.008138295194804,14.0,0.0,36.0,32.9,0.0,0.0,0.0,0.0,0.0,0.0,0.0,0.0,0.0,0.0
2026-06-10 17:53:55,-0.588834309014195,0.6827456948769788,-2.4736260846079037,2.7195352677593867,2.6822785389068535,1.9493791660250048,-2.159687079359162,0.5936078172095991,36.514793634816975,37.367005283472146,37.031784272717054,14.0,0.0,36.0,32.9,0.0,0.0,0.0,0.0,0.0,0.0,0.0,0.0,0.0,0.0
2026-06-10 17:53:56,1.1745873258694797,-2.4628962827594663,2.5106491479979427,1.092605830410803,0.9134715859499813,1.7324199773736373,0.5253640248942744,1.9988503914971583,36.634191004484165,37.20509224823448,37.01698712492048,14.0,0.0,36.0,32.9,0.0,0.0,0.0,0.0,0.0,0.0,0.0,0.0,0.0,0.0
2026-06-10 17:53:58,-2.023634119594983,1.9879733191663762,2.19971543514543,-1.7958161286235594,2.618476509795344,0.9684001164960301,2.1132473150676727,0.23655306272510934,36.50563221396543,37.17067481004984,37.06152758209895,14.0,0.0,36.0,32.9,0.0,0.0,0.0,0.0,0.0,0.0,0.0,0.0,0.0,0.0
2026-06-10 17:53:59,2.895534391644767,-2.4414199623154405,-0.14538155678989018,1.563387236641189,0.3322480404944499,2.8435802903075196,-0.33180655662634706,1.8307144059986005,36.657542754084474,36.89067918100974,37.293127937756786,14.0,0.0,36.0,32.9,0.0,0.0,0.0,0.0,0.0,0.0,0.0,0.0,0.0,0.0
2026-06-10 17:54:00,-1.058730209334739,2.1429404687247766,-0.646489146903221,0.9206301406765469,-1.683000164478422,2.1719632526639394,-2.6772001528114644,-0.7638337755212508,36.9445269653955,37.192854495437935,37.02311416900733,14.0,0.0,36.0,32.9,0.0,0.0,0.0,0.0,0.0,0.0,0.0,0.0,0.0,0.0
2026-06-10 17:54:01,-0.18186915235619505,-0.12421777602432549,-0.7342466482493397,-1.6642858804715768,0.4623594250427532,2.3169807132686184,2.965190749401886,0.15725459272134845,36.5522428995872,37.26077210168374,36.96124232984252,14.0,0.0,36.0,32.9,0.0,0.0,0.0,0.0,0.0,0.0,0.0,0.0,0.0,0.0
2026-06-10 17:54:02,-1.0553880333692267,-1.2023184326023106,-1.0039992623759415,-2.6689296801841893,-1.6995020805823737,-2.668802984470865,-1.450705237033457,-2.6283642185069125,36.99940689746777,36.89581278776837,36.93451953464262,14.0,0.0,36.0,32.9,0.0,0.0,0.0,0.0,0.0,0.0,0.0,0.0,0.0,0.0
2026-06-10 17:54:04,0.03696258819175302,0.5735155293491392,1.7490503568057134,1.1872369822181001,-0.6551633461385631,-2.5885447476220502,-2.6921683825794824,0.47902338289815294,36.82853372903382,36.87542483153425,37.167448147293754,14.0,0.0,36.0,32.9,0.0,0.0,0.0,0.0,0.0,0.0,0.0,0.0,0.0,0.0
2026-06-10 17:54:05,1.5347295892823407,-1.5908265041640268,2.8102821959584396,-0.68578993006739,1.4399216560668728,0.5964537204481211,-2.7314401541905236,-2.1364999645820526,36.872282693332345,37.14166628174547,36.74916649423179,14.0,0.0,36.0,32.9,0.0,0.0,0.0,0.0,0.0,0.0,0.0,0.0,0.0,0.0
2026-06-10 17:54:06,2.623319878377389,0.9769099203513063,1.0402342880243154,-0.13685535046572017,-2.4191505991261666,-1.3627337776557515,-0.886059614464223,-0.407345969406971,36.82723773842511,37.04092482645308,36.974787490799265,14.0,0.0,36.0,32.9,0.0,0.0,0.0,0.0,0.0,0.0,0.0,0.0,0.0,0.0
2026-06-10 17:54:07,2.6832377061892236,-0.12324238271623855,-2.3650656126129856,0.8707784614843104,-0.5282062216147487,-2.9820850403455395,-1.0087435619313136,2.1583618741819004,37.053918581073106,36.83206847227239,36.767678580575875,14.0,0.0,36.0,32.9,0.0,0.0,0.0,0.0,0.0,0.0,0.0,0.0,0.0,0.0
2026-06-10 17:54:08,-0.8995613545244527,-1.5367931317356507,2.2240681058934353,0.055941860205622085,1.764598070660286,-0.9246429927257465,2.773817987900194,-1.40934857099738,36.68969424656215,36.81445745380146,37.10578631724191,14.0,0.0,36.0,32.9,0.0,0.0,0.0,0.0,0.0,0.0,0.0,0.0,0.0,0.0
2026-06-10 17:54:10,-0.08972986541737527,0.899025141680732,-1.6483722330236388,-2.775707823726,-1.0141876608279314,-2.629401850049197,-0.5189046369300119,1.7288571332921938,36.52227184042258,36.96783950242085,37.098622432920536,14.0,0.0,36.0,32.9,0.0,0.0,0.0,0.0,0.0,0.0,0.0,0.0,0.0,0.0
2026-06-10 17:54:11,-2.788490956481276,1.4499352062719915,1.1982199422305424,0.7107746344532733,-1.534327339229737,-1.0243634959239845,-0.5532647290332129,-2.4098242051352625,36.680474459308925,37.08068458774798,37.018528634331375,14.0,0.0,36.0,32.9,0.0,0.0,0.0,0.0,0.0,0.0,0.0,0.0,0.0,0.0
2026-06-10 17:54:12,0.5314795623291175,-2.512440858728014,-1.715386745371644,-0.7431292928181805,2.716833463459131,-1.1797787838663807,0.5153317057675171,1.9787297856732557,36.684100310756435,37.20324123841479,37.27855143142245,14.0,0.0,36.0,32.9,0.0,0.0,0.0,0.0,0.0,0.0,0.0,0.0,0.0,0.0
2026-06-10 17:54:13,-1.6375937800265885,-1.1630594513342007,2.029505085559042,0.2828060971298596,-1.871370663174602,0.5843033469731522,0.24826751474861242,-0.48860672914854186,36.58211700349677,36.817846462483104,37.18514359587252,14.0,0.0,36.0,32.9,0.0,0.0,0.0,0.0,0.0,0.0,0.0,0.0,0.0,0.0
2026-06-10 17:54:15,1.400155697324033,1.8562893561830567,0.47863995013495053,2.6791023998185235,-2.572603710710557,-1.6649244169590898,-2.3177570805447827,-0.4050493901219103,36.849000409600784,37.11266185209079,37.042803486240075,14.0,0.0,36.0,32.9,0.0,0.0,0.0,0.0,0.0,0.0,0.0,0.0,0.0,0.0
2026-06-10 17:54:16,-0.30351112634379973,1.4572957404624685,2.1465722057790835,1.7172010060859817,2.0198467258069757,2.723328355457718,-1.2744800670058423,0.3508167679112675,36.51398678913557,36.862829385744085,36.84529441475424,14.0,0.0,36.0,32.9,0.0,0.0,0.0,0.0,0.0,0.0,0.0,0.0,0.0,0.0
2026-06-10 17:54:18,-1.9345469523554564,1.9802918893217072,1.4056589489489104,2.4448976679821426,-1.242399630757685,0.01734273335884673,2.3231922189174057,0.005693601630119893,37.0513205516781,37.01274544589511,36.85747950665866,14.0,0.0,36.0,32.9,0.0,0.0,0.0,0.0,0.0,0.0,0.0,0.0,0.0,0.0
2026-06-10 17:54:19,-2.023548458295264,-0.21912886229960726,-1.4226866677009125,0.10447036672797827,1.9504436860460714,-1.0409231302311484,-2.4407092546260376,-2.4429258280066044,36.66126251279555,36.8920918614456,37.06419187641236,14.0,0.0,36.0,32.9,0.0,0.0,0.0,0.0,0.0,0.0,0.0,0.0,0.0,0.0
2026-06-10 17:54:20,2.936905369318148,-0.6500763226652335,-2.7876918698898043,2.7329635678255437,-1.693685907943026,1.4584392758936353,-0.03409496070604945,0.10231223024793312,36.88482162661118,36.84920210291373,37.015212921830354,14.0,0.0,36.0,32.9,0.0,0.0,0.0,0.0,0.0,0.0,0.0,0.0,0.0,0.0
2026-06-10 17:54:22,-2.9982842670014263,-1.1637626115146666,-0.8103389312609823,-1.1963772669900863,1.1824302659722958,0.8344261067379151,2.9515995070870567,-0.5848402969240682,37.073013679542946,37.11951438690994,36.73576715613713,14.0,0.0,36.0,32.9,0.0,0.0,0.0,0.0,0.0,0.0,0.0,0.0,0.0,0.0
2026-06-10 17:54:23,-0.9000684728042541,-2.6367291623517985,2.7012726482787706,2.395423161334292,2.8435862093642745,1.3945579359483649,-0.672696756729187,2.452193633861679,37.00823826195233,37.21735621571255,36.983801512953924,14.0,0.0,36.0,32.9,0.0,0.0,0.0,0.0,0.0,0.0,0.0,0.0,0.0,0.0
2026-06-10 17:54:24,-1.1929201813166943,0.6485695127792663,2.3170582178818595,2.4402379768048714,1.4044398450570545,2.312516646656486,-2.1310449328973067,-0.17644615141001152,36.69181795988909,37.143025041554054,37.15591610155554,14.0,0.0,36.0,32.9,0.0,0.0,0.0,0.0,0.0,0.0,0.0,0.0,0.0,0.0
2026-06-10 17:54:25,-0.9565498800483425,-2.224081479456574,2.199387093431273,0.6565777186496655,-0.7054473868107323,2.545078659633604,-1.4049242619022784,0.7542955401964817,36.84959799080832,37.137933763151224,36.9250547605908,14.0,0.0,36.0,32.9,0.0,0.0,0.0,0.0,0.0,0.0,0.0,0.0,0.0,0.0
2026-06-10 17:54:26,1.340283998172608,-0.18476357177745673,0.7582661740468497,2.69023266863638,-0.7304681946360536,-1.2458805728201825,-2.7113959926826894,2.2223188677294283,36.81531445310501,36.92298170234352,36.873470314654575,14.0,0.0,36.0,32.9,0.0,0.0,0.0,0.0,0.0,0.0,0.0,0.0,0.0,0.0
2026-06-10 17:54:28,-2.9519607676602724,2.3148124072356655,0.06813578014395683,0.5404512301618931,-1.9908606574550207,-2.5398868132719477,1.222304805503521,-1.1757148521153786,36.92561531703132,36.990876151881785,36.987109504836575,14.0,0.0,36.0,32.9,0.0,0.0,0.0,0.0,0.0,0.0,0.0,0.0,0.0,0.0
2026-06-10 17:54:29,-1.016200432933246,0.11035132054423702,-2.9555555632889035,2.3000463720720363,1.1377042661725536,1.6321354088687992,-1.6626253381175122,-2.8330982356502274,36.559041688384006,37.04144031319822,36.710424443487554,14.0,0.0,36.0,32.9,0.0,0.0,0.0,0.0,0.0,0.0,0.0,0.0,0.0,0.0
2026-06-10 17:54:30,-0.5146594688077415,-0.6469266773119635,0.7792822654248717,-0.6851418338341633,-2.3100695558290774,2.187015357999388,1.8778720023608004,1.640901781998073,37.095572915813094,37.01709764720884,36.96679551894636,14.0,0.0,36.0,32.9,0.0,0.0,0.0,0.0,0.0,0.0,0.0,0.0,0.0,0.0
2026-06-10 17:54:31,-1.828959180111148,-0.21255829786262126,-2.533247562250976,0.10694899695042048,-2.746226926491964,2.0726964487798547,-0.8674420118480866,1.88073987437717,36.85023169217401,37.16017560414627,36.86267020970846,14.0,0.0,36.0,32.9,0.0,0.0,0.0,0.0,0.0,0.0,0.0,0.0,0.0,0.0
2026-06-10 17:54:32,-1.9036919571212039,-2.978518704738927,1.0161110313345718,-0.7760648780947585,2.564188498422274,0.5838396941396411,0.148073975597113,0.19653236178985356,36.62141095348179,37.02616609983434,37.22812249727518,14.0,0.0,36.0,32.9,0.0,0.0,0.0,0.0,0.0,0.0,0.0,0.0,0.0,0.0
2026-06-10 17:54:34,1.5207407396069152,-0.00966972533142929,-1.4312468060282961,-0.7945105833068227,1.1015925758710186,-1.5122322796714571,2.012526571696709,-1.6610433818921222,36.67856678747718,37.30491802976106,37.2343830371232,14.0,0.0,36.0,32.9,0.0,0.0,0.0,0.0,0.0,0.0,0.0,0.0,0.0,0.0
2026-06-10 17:54:35,2.2582243237607296,-1.827913998326152,2.771674053786553,2.873020638244104,-1.2765770970850427,-0.19058315645302448,-0.8604543857753892,-1.5523892009210891,37.08603256677305,36.98665543969175,36.777084293937435,14.0,0.0,36.0,32.9,0.0,0.0,0.0,0.0,0.0,0.0,0.0,0.0,0.0,0.0
2026-06-10 17:54:36,0.7180249505626426,0.28347246925819247,-0.8584396658760474,-2.114741255076342,0.09496623487574629,-0.7735849380174455,-0.7035694987750967,1.9201567372057635,36.54346497346489,37.346171139613325,36.86535045512698,14.0,0.0,36.0,32.9,0.0,0.0,0.0,0.0,0.0,0.0,0.0,0.0,0.0,0.0
2026-06-10 17:54:37,0.2501660343673997,-2.70186555244812,-2.8538059090748504,0.023365065910117888,1.3514058591907245,2.12505910018964,-1.1802755166330328,-2.9720532051462953,36.92715545220849,37.02648830700932,36.75083318581716,14.0,0.0,36.0,32.9,0.0,0.0,0.0,0.0,0.0,0.0,0.0,0.0,0.0,0.0
2026-06-10 17:54:39,-0.4719611004002666,1.2456564699576589,-1.6273686093624087,-1.4135539794636938,-1.0416190149707552,0.8204271395571308,-2.6438215226561494,-1.5413714457112653,36.55709435660738,37.070428127286455,36.97701537198939,14.0,0.0,36.0,32.9,0.0,0.0,0.0,0.0,0.0,0.0,0.0,0.0,0.0,0.0
2026-06-10 17:54:40,1.8649025611282504,-0.2188772755598749,-1.85893253279286,2.2608552234274466,2.569227205305011,0.7408441183230252,0.10901238567607807,-0.21712984394386758,36.98015466869021,37.10811357826499,36.71730120087432,14.0,0.0,36.0,32.9,0.0,0.0,0.0,0.0,0.0,0.0,0.0,0.0,0.0,0.0
2026-06-10 17:54:41,-2.758118070086256,2.1717089436325194,2.2404936499430903,0.035129629075290936,0.20192725733316053,0.8783699366908531,1.9516141193528656,-0.5514330791913786,36.74137496102675,37.20973813297277,37.1879842504122,14.0,0.0,36.0,32.9,0.0,0.0,0.0,0.0,0.0,0.0,0.0,0.0,0.0,0.0
2026-06-10 17:54:42,1.4863511812744319,-1.0923840010681096,-2.3803114460622816,-2.6493625633974593,2.92038043582836,0.36676041170008,-0.05204759254339386,0.12686448368099823,36.80646826571932,37.097047889277555,36.76017914148051,14.0,0.0,36.0,32.9,0.0,0.0,0.0,0.0,0.0,0.0,0.0,0.0,0.0,0.0
2026-06-10 17:54:43,-2.6990339714384177,1.012730302246844,-0.20178138936533374,-2.987384267854579,2.6084228106624208,2.8300810000998577,1.3168929149607926,-0.6278043057676292,37.0454507424028,37.02702091895006,37.01609399727926,14.0,0.0,36.0,32.9,0.0,0.0,0.0,0.0,0.0,0.0,0.0,0.0,0.0,0.0
2026-06-10 17:54:45,0.8280721977180008,-1.3782005508042796,-1.374480680377265,-2.928807637237064,-2.3216645944994494,1.8242486022524744,-2.965633573584526,0.8179781459679694,36.97815371943804,37.386562561579545,37.26987348540326,14.0,0.0,36.0,32.9,0.0,0.0,0.0,0.0,0.0,0.0,0.0,0.0,0.0,0.0
2026-06-10 17:54:46,-1.69037274327576,-2.1870516900594783,-2.1643109791790187,-1.1689080421746614,-2.796911597403385,1.9413831686825267,2.377506340884981,1.7816916716084377,37.03247561287819,37.09350486056147,36.8628185682204,14.0,0.0,36.0,32.9,0.0,0.0,0.0,0.0,0.0,0.0,0.0,0.0,0.0,0.0
2026-06-10 17:54:48,0.16245117210503546,0.9672503462394806,1.7602155217883322,2.2082423249305734,-1.8166750135172396,-1.0323607943607038,0.13096442574002065,-2.207529005082124,37.006852029508835,36.810790190419404,37.2380083299608,14.0,0.0,36.0,32.9,0.0,0.0,0.0,0.0,0.0,0.0,0.0,0.0,0.0,0.0
2026-06-10 17:54:49,1.5978165941485596,0.5422565141631335,0.39613398086047846,2.485607047563115,0.29972899473938064,-2.2208762549099856,0.7452381937386217,-1.7200305571676766,36.79670795227168,37.2314958958407,36.82741762365242,14.0,0.0,36.0,32.9,0.0,0.0,0.0,0.0,0.0,0.0,0.0,0.0,0.0,0.0
2026-06-10 17:54:50,1.661965745826091,-2.299752893472902,-0.9669105998840548,0.22945812518046704,-0.27569213820335303,-1.6114671021908635,1.4782765909839828,-0.2925861985333924,36.63669960771171,36.8568048846424,36.86200134808787,14.0,0.0,36.0,32.9,0.0,0.0,0.0,0.0,0.0,0.0,0.0,0.0,0.0,0.0
2026-06-10 17:54:51,0.19787542961489457,-0.04773626593034397,2.052411205025228,1.873370947106439,2.952311721123799,-0.13773973208912071,2.709298600504873,-2.8855317464673504,36.859894577804305,36.91473307154861,37.27399306458975,14.0,0.0,36.0,32.9,0.0,0.0,0.0,0.0,0.0,0.0,0.0,0.0,0.0,0.0
2026-06-10 17:54:52,0.24156954008298293,2.8940065327948403,1.622543276862503,0.9062106888714352,1.7081029420984946,-2.4737267880041074,0.054796469876823295,2.631423630937725,36.59902171463485,36.89565151367569,37.005487198473126,14.0,0.0,36.0,32.9,0.0,0.0,0.0,0.0,0.0,0.0,0.0,0.0,0.0,0.0
2026-06-10 17:54:53,2.9946063742831495,-2.829232223593297,-1.7604750346533373,0.09205586507185615,2.680031507149187,-1.8320387617115466,0.2521109223675744,-1.491480396887094,36.66546530570259,37.265958861657026,37.08570163452007,14.0,0.0,36.0,32.9,0.0,0.0,0.0,0.0,0.0,0.0,0.0,0.0,0.0,0.0
2026-06-10 17:54:54,0.5174335137588795,-2.0122148939931552,-2.9039952076267697,0.21597057530094332,1.2654002370064,-0.829251774055054,-0.7242334470666925,-2.893409180069872,36.763057955508835,36.806771830554034,37.284884773128816,14.0,0.0,36.0,32.9,0.0,0.0,0.0,0.0,0.0,0.0,0.0,0.0,0.0,0.0
2026-06-10 17:54:56,-1.7761719779953828,-0.6175655840665875,-0.39079741227893905,0.5891796198191548,1.175171226494867,-1.0131304825108878,-0.8357255860586403,1.1451033081972373,37.017809740235805,37.08904525003708,36.95445044862339,14.0,0.0,36.0,32.9,0.0,0.0,0.0,0.0,0.0,0.0,0.0,0.0,0.0,0.0
2026-06-10 17:54:57,0.33361533305650903,-2.8489354409726024,-0.16636136291386583,-1.4692876307539233,-1.7460898919617585,0.5010514454006199,2.5816803062775273,0.4837408917134227,36.56708327376809,37.18718757064763,37.15109247916078,14.0,0.0,36.0,32.9,0.0,0.0,0.0,0.0,0.0,0.0,0.0,0.0,0.0,0.0
2026-06-10 17:54:58,-1.8645151979237113,-2.178047662647678,0.6390570746991067,-0.03204588736739389,2.4269322505765585,-2.6005784357172965,2.9966621823037807,2.841759410126018,36.867260757164445,36.93593691153067,36.93398460875103,14.0,0.0,36.0,32.9,0.0,0.0,0.0,0.0,0.0,0.0,0.0,0.0,0.0,0.0
2026-06-10 17:54:59,-1.9609722974741366,2.643035659065383,0.6121233844417713,-2.1843524935946634,0.07681909636111728,-1.6355794489151598,-1.47316605457505,-1.6418489470255704,36.9094319890597,37.10199168259723,36.832809882877484,14.0,0.0,36.0,32.9,0.0,0.0,0.0,0.0,0.0,0.0,0.0,0.0,0.0,0.0
2026-06-10 17:55:01,-1.7855521445351556,1.2345125466419269,2.429679712007834,-2.254302901326976,-2.284846485544346,-1.8636371250459054,0.24151071283988923,-2.5082371864366193,36.66680737631775,37.079723279391516,36.86564928489147,14.0,0.0,36.0,32.9,0.0,0.0,0.0,0.0,0.0,0.0,0.0,0.0,0.0,0.0
2026-06-10 17:55:02,-1.884675989907243,-1.7842599551618945,-0.6836933837092589,-0.22856863295755137,1.596596458269012,0.9158698380674224,-0.5392230103077233,1.3515249053163183,36.59270566498014,36.842272675831,37.26900507605434,14.0,0.0,36.0,32.9,0.0,0.0,0.0,0.0,0.0,0.0,0.0,0.0,0.0,0.0
2026-06-10 17:55:03,0.6417475195068487,-2.878928271655446,0.42936113952577015,1.304825007439434,-2.413153855234529,-1.8356393991755517,-1.4689066927733456,1.1786260850390207,36.81043264322711,36.94089109958065,37.02351011116926,14.0,0.0,36.0,32.9,0.0,0.0,0.0,0.0,0.0,0.0,0.0,0.0,0.0,0.0
2026-06-10 17:55:04,0.2529823692460482,1.3513389292307467,-1.5470253943893781,-0.7644571742074637,0.5768834398397833,1.2876061612073633,2.120210334736143,2.530241766468227,36.52568539229385,36.960745219389764,36.7763104648805,14.0,0.0,36.0,32.9,0.0,0.0,0.0,0.0,0.0,0.0,0.0,0.0,0.0,0.0
2026-06-10 17:55:06,-2.1899058588579567,-2.301662210058159,0.24454579496245632,-2.80693770383265,0.9766722154652596,0.9871659374529784,-2.158555371345622,1.0388953712169577,36.60169581475598,37.290399312011026,37.27923220349979,14.0,0.0,36.0,32.9,0.0,0.0,0.0,0.0,0.0,0.0,0.0,0.0,0.0,0.0
2026-06-10 17:55:07,-1.1070938637089434,-2.6615211818198983,-0.7151291921465952,-1.852444878866303,-1.1745474938675413,-2.2729461274817577,2.7093494878113535,-2.338598001223394,36.859111486133436,37.28199292172585,37.22157288413346,14.0,0.0,36.0,32.9,0.0,0.0,0.0,0.0,0.0,0.0,0.0,0.0,0.0,0.0
2026-06-10 17:55:08,1.2558613504682619,-0.9794385042077316,0.4744582029557387,0.30177528876578297,-1.6449971960311103,-2.7299124189494695,-1.801195571831876,1.7815336171097593,37.098297101602945,37.19773236607461,37.13195256593473,14.0,0.0,36.0,32.9,0.0,0.0,0.0,0.0,0.0,0.0,0.0,0.0,0.0,0.0
2026-06-10 17:55:09,-1.6956374067647182,2.141154818121345,-2.6875886829647246,-0.5635610541385283,-1.584718605703713,-1.0083596530362928,-1.63510590950559,-0.7983617062607982,36.72635228745976,37.01486036401889,37.11323581269483,14.0,0.0,36.0,32.9,0.0,0.0,0.0,0.0,0.0,0.0,0.0,0.0,0.0,0.0
2026-06-10 17:55:11,-2.2025133717721195,-0.22937495517450657,-1.1042714978122723,2.3465889475350794,-0.19035756165162887,2.119735881543516,1.3959450673454024,0.2778234190349611,36.92528107762997,36.866145643275345,37.16850196395028,14.0,0.0,36.0,32.9,0.0,0.0,0.0,0.0,0.0,0.0,0.0,0.0,0.0,0.0
2026-06-10 17:55:12,-0.42336527530043755,-1.002428773751156,-1.4557983837855852,2.559429600899513,0.2949356974438784,2.86352198052377,2.2562967459794656,-0.5081235532781911,36.92948244701267,36.98174885123704,37.271183221468206,14.0,0.0,36.0,32.9,0.0,0.0,0.0,0.0,0.0,0.0,0.0,0.0,0.0,0.0
2026-06-10 17:55:13,-0.15025581536536503,1.9580425389437028,0.2205497822600866,1.144911690396814,-2.061767162803219,2.0602193440286136,-1.7622438019606164,-0.2504948074466058,37.097408727498845,37.165190932660764,36.742879256799455,14.0,0.0,36.0,32.9,0.0,0.0,0.0,0.0,0.0,0.0,0.0,0.0,0.0,0.0
2026-06-10 17:55:14,-0.49108889394852095,-1.7402147798845937,2.2867597654159386,-2.986065512819431,-1.492849108032121,-0.7518808269309201,-2.402948063022926,0.8585431257363174,36.96265360367779,37.24666345363497,37.29817993125742,14.0,0.0,36.0,32.9,0.0,0.0,0.0,0.0,0.0,0.0,0.0,0.0,0.0,0.0
2026-06-10 17:55:15,-1.415808342867195,-1.0248016599187622,-2.1886259300910833,-2.1848815628570475,2.458197014414459,2.352923013551891,-0.7928369021816088,-1.91852412265764,36.66507606426777,37.10118785888336,37.27480202011369,14.0,0.0,36.0,32.9,0.0,0.0,0.0,0.0,0.0,0.0,0.0,0.0,0.0,0.0
2026-06-10 17:55:17,0.5707341816550549,-0.7025139809781269,-1.6632048384546363,0.5262558999523499,2.5556253643743565,-1.0643981435964898,-1.5104666314246586,2.1664355712917116,37.0982109538829,37.17376977472587,37.289942679778875,14.0,0.0,36.0,32.9,0.0,0.0,0.0,0.0,0.0,0.0,0.0,0.0,0.0,0.0
2026-06-10 17:55:18,2.4068127590940662,-2.9300549091221835,-0.4160462649898564,1.3563635940065701,-1.9799266591701639,1.7665228394735806,-1.540505372895071,1.091722723603345,36.96293696842303,36.93754302618559,37.08827254651711,14.0,0.0,36.0,32.9,0.0,0.0,0.0,0.0,0.0,0.0,0.0,0.0,0.0,0.0
2026-06-10 17:55:19,1.3387685868947967,0.4330107551972562,-2.8605009981849436,1.3699689944934192,-2.913061102267145,-0.0331993533576771,-0.7308216500774862,-1.7601236017294055,36.550888491609676,37.08145174082853,37.211882385804024,14.0,0.0,36.0,32.9,0.0,0.0,0.0,0.0,0.0,0.0,0.0,0.0,0.0,0.0
2026-06-10 17:55:21,0.8690919993870923,2.6852335585707117,-0.6986694725677816,-1.073280896743633,1.7243825227273337,2.122411773309679,2.72375493795543,-2.367882827987586,36.791163530400674,37.08403766609633,36.94405688550307,14.0,0.0,36.0,32.9,0.0,0.0,0.0,0.0,0.0,0.0,0.0,0.0,0.0,0.0
2026-06-10 17:55:22,0.17995893875925084,0.34206962424844356,-1.9013134907587759,-1.8092782547682333,2.7548688509419677,1.9924597811547322,-2.563410780460237,-2.1620930302535033,37.01857980734397,36.96703551022689,37.16511537751233,14.0,0.0,36.0,32.9,0.0,0.0,0.0,0.0,0.0,0.0,0.0,0.0,0.0,0.0
2026-06-10 17:55:23,1.6162674487827973,-1.5010244122495777,1.4121047656928276,2.8140627045690563,-2.434109342530907,-2.061013237869962,2.674521079857511,-1.247290837534716,36.54099544417679,36.82676785157841,37.04984541365176,14.0,0.0,36.0,32.9,0.0,0.0,0.0,0.0,0.0,0.0,0.0,0.0,0.0,0.0
2026-06-10 17:55:24,-2.486106743585461,2.7004039932268853,-0.6364868709895517,1.31624794800583,-0.5909245923372675,-1.321620179485768,1.5867964161840806,1.2428655307441527,36.86225974535834,37.059095701974194,36.88719189913151,14.0,0.0,36.0,32.9,0.0,0.0,0.0,0.0,0.0,0.0,0.0,0.0,0.0,0.0
2026-06-10 17:55:25,0.43672249286260634,-1.0350732987579752,-2.4731778557024544,-0.7161362959763102,-0.7669123281163692,1.6378284413414992,-0.45110760291102014,1.9706806646364496,36.533455873294514,36.84392875608963,37.2164415095926,14.0,0.0,36.0,32.9,0.0,0.0,0.0,0.0,0.0,0.0,0.0,0.0,0.0,0.0
2026-06-10 17:55:27,-0.04328492560580166,1.881531043572826,-2.4572263421411975,-0.0740445610409779,-1.6179665968958776,-0.12722452890909652,0.1637571545908898,2.719468529060358,37.03385873365926,37.29060326507269,37.299566367571984,14.0,0.0,36.0,32.9,0.0,0.0,0.0,0.0,0.0,0.0,0.0,0.0,0.0,0.0
2026-06-10 17:55:28,-0.8966733798958266,-2.1196522785254945,2.5072569806065435,-2.966590757445344,2.8580841897215707,-0.6360139149488893,0.38380974954770597,1.8875382727440329,36.65166933692292,37.02184861774278,37.25096599652142,14.0,0.0,36.0,32.9,0.0,0.0,0.0,0.0,0.0,0.0,0.0,0.0,0.0,0.0
2026-06-10 17:55:29,-0.25268585244698727,2.118647048351346,1.3443512702674303,0.3928853188623904,-1.7142787698477095,-1.1794507810727295,0.18664857099816778,0.001074145378950675,37.07801763683328,36.84202826457259,37.25923286843249,14.0,0.0,36.0,32.9,0.0,0.0,0.0,0.0,0.0,0.0,0.0,0.0,0.0,0.0
2026-06-10 17:55:31,-2.179378816553837,-0.5284822764033397,-1.9091917465089843,2.901214018983584,2.9012534317069107,-1.5803971204462384,-1.3778738682744753,1.5466647399660118,36.95824335063938,36.96355707871927,37.095413430214165,14.0,0.0,36.0,32.9,0.0,0.0,0.0,0.0,0.0,0.0,0.0,0.0,0.0,0.0
2026-06-10 17:55:32,-1.1423031505071592,-1.8456924956200278,-2.2670801586252196,-2.596319316193785,2.314006843014388,0.008434852388075953,-2.0050989306073705,-2.253688521278596,36.85388701131682,36.92789755958246,37.10229542618449,14.0,0.0,36.0,32.9,0.0,0.0,0.0,0.0,0.0,0.0,0.0,0.0,0.0,0.0
2026-06-10 17:55:33,-0.8611011023851396,-2.5122424801340824,-2.631001757440127,1.6302498273604096,-1.3726027332243416,-0.7440005254781936,1.4689993590100396,1.0960043871368823,37.02729817119822,37.33026788966354,36.8187253160853,14.0,0.0,36.0,32.9,0.0,0.0,0.0,0.0,0.0,0.0,0.0,0.0,0.0,0.0
2026-06-10 17:55:34,0.9108544908985317,-1.4864258297886874,2.237589713325688,-1.0576220509265608,2.1503034736992337,0.01135695085889088,-2.593395166876273,-2.5203442162583083,36.91407272702435,37.3504517744806,37.18491588539364,14.0,0.0,36.0,32.9,0.0,0.0,0.0,0.0,0.0,0.0,0.0,0.0,0.0,0.0
2026-06-10 17:55:35,0.0761865148704457,-1.046154514754322,1.9386227094963964,-1.6364298652997955,-2.033577458863359,-0.0005136906557550169,-2.677925946296809,-1.2601021803538652,36.85866827565477,36.971692448148886,37.02347110005791,14.0,0.0,36.0,32.9,0.0,0.0,0.0,0.0,0.0,0.0,0.0,0.0,0.0,0.0
2026-06-10 17:55:37,-2.2021348453767535,0.6666000780585,-2.47610566527847,-0.916149664669609,2.655281866778732,-2.6397673365602374,2.6376050440571843,-1.431903925696969,36.619145566341324,37.317877154020216,37.277201292682804,14.0,0.0,36.0,32.9,0.0,0.0,0.0,0.0,0.0,0.0,0.0,0.0,0.0,0.0
2026-06-10 17:55:38,2.3976089168151944,0.5192840371655167,1.855474344181057,-1.7738555091494748,-1.9357378611296594,2.4843215295931627,-1.1312066346480003,-2.7819748594724185,36.59910324172844,37.154028659008716,37.16441854544104,14.0,0.0,36.0,32.9,0.0,0.0,0.0,0.0,0.0,0.0,0.0,0.0,0.0,0.0
2026-06-10 17:55:39,-1.851603944696512,0.22441814872082322,-0.977759391852203,2.016692089280429,1.9091477532029,-1.8736903065209607,0.136784657704355,2.565706304685328,36.72932634305754,37.13769952404585,36.73980762755876,14.0,0.0,36.0,32.9,0.0,0.0,0.0,0.0,0.0,0.0,0.0,0.0,0.0,0.0
2026-06-10 17:55:41,-1.552095409922822,1.2591152306069615,1.908296940986201,-0.5213081170241187,2.2288950119322966,0.6300803848590331,-2.4042315229876214,0.6155713993366545,36.80175892653749,37.15649527623527,37.18341380164381,14.0,0.0,36.0,32.9,0.0,0.0,0.0,0.0,0.0,0.0,0.0,0.0,0.0,0.0
2026-06-10 17:55:42,-1.4263452294221077,-0.24817485549010776,1.6280219035567542,-0.28700483962985235,-1.1316088481721516,2.590757776217526,-2.247165933858065,-0.5759661139816075,36.76439609222608,37.17853022586941,37.253343112207304,14.0,0.0,36.0,32.9,0.0,0.0,0.0,0.0,0.0,0.0,0.0,0.0,0.0,0.0
2026-06-10 17:55:43,1.3805014571510057,1.1916362904426947,1.8904462703916831,2.4009350517698618,2.881821224197285,-2.393818858591755,2.79538756606882,-1.394549366188155,36.884225444460164,36.90397134067074,37.01342938306373,14.0,0.0,36.0,32.9,0.0,0.0,0.0,0.0,0.0,0.0,0.0,0.0,0.0,0.0
2026-06-10 17:55:44,1.910040511738905,-0.8776431053807014,0.19531435895174454,2.074829310173188,-2.6067137293545866,-1.658183911352417,1.5373797347157572,-0.5172222199771088,36.51580945560429,37.08717530071776,36.73728690428264,14.0,0.0,36.0,32.9,0.0,0.0,0.0,0.0,0.0,0.0,0.0,0.0,0.0,0.0
2026-06-10 17:55:46,-0.5211482834875536,2.0382062245277828,-0.7525858840780435,-0.4230944435855646,-2.3155449391772827,-2.641306499194382,-1.6555367406090586,-0.46100565406140337,36.831927649588906,37.04499835265218,36.86709986559995,14.0,0.0,36.0,32.9,0.0,0.0,0.0,0.0,0.0,0.0,0.0,0.0,0.0,0.0
2026-06-10 17:55:47,1.126404747029909,0.6662902719776702,0.4743302142299175,1.564239474283232,-1.4524059931662845,0.7589829867208002,-0.3237469514549649,1.9108477574375895,36.92186670192592,36.809010171439795,36.947538119223466,14.0,0.0,36.0,32.9,0.0,0.0,0.0,0.0,0.0,0.0,0.0,0.0,0.0,0.0
2026-06-10 17:55:48,2.3952177670107773,2.0294348008019627,2.423602433068849,-2.1987180403762734,2.079538512008,-2.663718878852963,1.4314011434924874,-0.4953907947561653,36.866426736393784,37.138370271445986,36.99075003083772,14.0,0.0,36.0,32.9,0.0,0.0,0.0,0.0,0.0,0.0,0.0,0.0,0.0,0.0
2026-06-10 17:55:49,0.07404048365101668,2.855015895680574,0.3475333767469926,1.8463140605778037,-1.9623316241122293,-2.216254875787728,0.16919140179267966,2.064431046175823,36.822470014695995,36.96256932565434,36.89659968726491,14.0,0.0,36.0,32.9,0.0,0.0,0.0,0.0,0.0,0.0,0.0,0.0,0.0,0.0
2026-06-10 17:55:50,1.2408590669782953,-2.6892406822431436,-2.3509005618042447,-2.33291721490511,1.5354588927872967,0.8907219179958767,-0.49307253476033175,2.45542378851444,36.66064812365755,37.11360198867584,36.98325086351615,14.0,0.0,36.0,32.9,0.0,0.0,0.0,0.0,0.0,0.0,0.0,0.0,0.0,0.0
2026-06-10 17:55:51,2.426122456505963,-1.2636104233641525,-1.3116476979446474,0.8000440618055045,-0.8981356215255447,-0.7891125691525724,-1.6380864663174455,-2.7549492987291435,36.95805389939575,37.33066564700513,37.27990659106186,14.0,0.0,36.0,32.9,0.0,0.0,0.0,0.0,0.0,0.0,0.0,0.0,0.0,0.0
2026-06-10 17:55:53,-2.302749510298642,2.9779242655704286,2.1863978910288555,-0.27165975198988734,2.775569538605361,2.6964266898629887,-0.4044383883723923,2.1157265205839337,36.74091823209291,36.980481911989735,37.10577487755121,14.0,0.0,36.0,32.9,0.0,0.0,0.0,0.0,0.0,0.0,0.0,0.0,0.0,0.0
2026-06-10 17:55:54,0.11136454904577775,-2.88233922269765,2.642635322170861,-1.8039683771371888,-1.3678552401396304,0.38107126217656173,2.743915763935737,2.868469130497912,36.8548943085673,37.15324306102113,36.834562683659314,14.0,0.0,36.0,32.9,0.0,0.0,0.0,0.0,0.0,0.0,0.0,0.0,0.0,0.0
2026-06-10 17:55:55,-0.8152038882148083,-1.5776035788713287,0.7966619972723876,0.9781076966552815,0.013171237228792432,1.365728584489303,-0.263911624752311,1.556170601904153,36.90309120339953,36.820808132248715,37.26161065941266,14.0,0.0,36.0,32.9,0.0,0.0,0.0,0.0,0.0,0.0,0.0,0.0,0.0,0.0
2026-06-10 17:55:57,-0.44603595018465647,2.2174704215927843,-1.9987713431255296,2.046287899967215,0.7628479873178127,0.9010565479166006,2.3891532648934497,2.623153722457051,36.896326845527355,37.346025809043,37.0709232213838,14.0,0.0,36.0,32.9,0.0,0.0,0.0,0.0,0.0,0.0,0.0,0.0,0.0,0.0
2026-06-10 17:55:58,2.3168204644852413,-1.3829697148401816,0.7294216299531211,-1.6087032908768817,2.3852532457515014,-1.9756496010793,-0.23697170141065094,0.07166897062405386,36.511979374127584,37.247050643077934,36.73053029387153,14.0,0.0,36.0,32.9,0.0,0.0,0.0,0.0,0.0,0.0,0.0,0.0,0.0,0.0
2026-06-10 17:55:59,-2.4123935169839106,-2.5831218051444216,-1.7452071382523036,2.6333234277929076,0.14462914087177836,-2.9239315458705475,-0.8151300603647189,0.10729233284223749,37.09703701733625,36.882854410811376,36.79990975407154,14.0,0.0,36.0,32.9,0.0,0.0,0.0,0.0,0.0,0.0,0.0,0.0,0.0,0.0
2026-06-10 17:56:01,1.533176785198199,-2.5141740955972973,-0.22976257453297588,0.6753251231212118,0.2200617146856949,0.45276786882692033,-1.2697617043463665,-0.6875817739658778,36.66042936421015,37.193565925524425,36.73024149701558,14.0,0.0,36.0,32.9,0.0,0.0,0.0,0.0,0.0,0.0,0.0,0.0,0.0,0.0
2026-06-10 17:56:02,0.6739592356307673,-1.567117779158422,0.2056739153384166,1.298166316112762,0.8793270732520675,-1.686571818595716,0.3010642138915456,2.8009969645578447,37.066647231312814,37.28849623879536,37.00372200181707,14.0,0.0,36.0,32.9,0.0,0.0,0.0,0.0,0.0,0.0,0.0,0.0,0.0,0.0
2026-06-10 17:56:03,-1.1424201523247297,-0.4326365644658505,0.4932833750719361,2.6219766948262953,-2.8129619110560053,0.1650215297986617,1.436011785525066,1.8554943422796173,36.608650586076685,37.36816118690492,37.2720778053117,14.0,0.0,36.0,32.9,0.0,0.0,0.0,0.0,0.0,0.0,0.0,0.0,0.0,0.0
2026-06-10 17:56:04,-0.9287128136318246,1.7368269320902998,0.9556972793121892,2.1664690922577012,-2.516421684279461,-0.7078977433729143,0.6955582804872589,-0.22670177048057205,36.73141385501541,36.81707056385881,37.21003964627484,14.0,0.0,36.0,32.9,0.0,0.0,0.0,0.0,0.0,0.0,0.0,0.0,0.0,0.0
2026-06-10 17:56:05,-1.3423174556412085,-0.20006534735817105,-1.3099709651123395,0.5426836566488764,-2.762176378793572,1.6943247231366945,1.887374362234298,-0.6443281789253228,36.680126090519586,37.29285972874386,37.188035350937874,14.0,0.0,36.0,32.9,0.0,0.0,0.0,0.0,0.0,0.0,0.0,0.0,0.0,0.0
2026-06-10 17:56:06,-2.440048539634964,-0.20623827866108702,2.964861754503228,2.3424801975902874,-2.9921024301548265,-0.4486522624795546,0.6051656330392738,-2.5169434510538498,36.56583508951525,37.00435354999601,36.738358235747306,14.0,0.0,36.0,32.9,0.0,0.0,0.0,0.0,0.0,0.0,0.0,0.0,0.0,0.0
2026-06-10 17:56:08,0.6743390647648804,-2.982072671690119,-0.05605227707652549,-1.391422640537484,1.815245914306975,2.86712000192054,2.6918960071277036,-1.848648228471386,36.8608202717128,37.08372327374127,37.08182695513249,14.0,0.0,36.0,32.9,0.0,0.0,0.0,0.0,0.0,0.0,0.0,0.0,0.0,0.0
2026-06-10 17:56:09,0.23502002843335124,0.3901840344030463,-2.051469907189643,1.8061152470320119,0.22070500429012618,-0.7475839367169073,-0.352050178468323,-1.887001832633012,36.95370739704164,36.93534566753822,37.275738357395845,14.0,0.0,36.0,32.9,0.0,0.0,0.0,0.0,0.0,0.0,0.0,0.0,0.0,0.0
2026-06-10 17:56:10,0.6910347109941544,1.758824762582747,-0.9387344405508902,-2.9272903640007475,-1.9723117958653744,0.1572812150017464,1.225593362552246,1.026242603161558,37.08132525647935,37.10803555098827,37.11858297563344,14.0,0.0,36.0,32.9,0.0,0.0,0.0,0.0,0.0,0.0,0.0,0.0,0.0,0.0
2026-06-10 17:56:11,-2.5270929174272285,-1.777660165175096,-0.036155611947298105,1.361343964924072,-1.8948344255724179,1.2135022062905518,-0.1414375374087764,-2.3259410882713696,36.783272269922406,36.99739702550387,37.03629921570982,14.0,0.0,36.0,32.9,0.0,0.0,0.0,0.0,0.0,0.0,0.0,0.0,0.0,0.0
2026-06-10 17:56:13,-1.6417321738074906,1.4774347835775163,-1.0301100412163102,-2.323651013214559,-1.118757472342527,1.7475504251336949,1.7302496929116016,0.44301826283959667,37.04157090106444,36.882864065037076,36.88210205045381,14.0,0.0,36.0,32.9,0.0,0.0,0.0,0.0,0.0,0.0,0.0,0.0,0.0,0.0
2026-06-10 17:56:14,2.2229936317471246,-1.5432057048210488,0.01862462593213987,-0.828698972313977,2.064692317765755,-2.8333544864298124,0.0734525211908652,-2.029846983333765,36.94320330288994,36.84005572139451,36.992280800857365,14.0,0.0,36.0,32.9,0.0,0.0,0.0,0.0,0.0,0.0,0.0,0.0,0.0,0.0
2026-06-10 17:56:15,-1.7806681912204754,-0.5985145230976148,0.6197438905447195,1.1591634301733809,1.198988621198123,-1.5242868672162362,-2.5432154486542977,-0.34622543907922676,36.599373672411936,36.811482657616345,37.02323461007627,14.0,0.0,36.0,32.9,0.0,0.0,0.0,0.0,0.0,0.0,0.0,0.0,0.0,0.0
2026-06-10 17:56:17,0.33997465862485843,-1.8676317968991052,-0.7333002475467314,0.8977863198606908,-2.638226092214425,-0.25015617147526203,-2.189425079187921,0.08885439648809257,37.09831290839964,37.28139551872047,36.85686150515628,14.0,0.0,36.0,32.9,0.0,0.0,0.0,0.0,0.0,0.0,0.0,0.0,0.0,0.0
2026-06-10 17:56:18,-1.4428286131040045,-0.2671592556419724,0.14390729676167968,-2.310379479654797,1.6032926089254476,-0.37077201760234946,-0.16735288016079686,-1.1263923206492645,36.51847297692051,37.301945830705165,36.7327718555411,14.0,0.0,36.0,32.9,0.0,0.0,0.0,0.0,0.0,0.0,0.0,0.0,0.0,0.0
2026-06-10 17:56:19,1.1056167323830337,0.8890374544917301,1.2041190339898478,0.7939588990181683,1.8672646315873624,-2.6799161084857146,0.836695796369499,1.9916818710457003,36.599890001268314,37.34852788705632,36.94326025269917,14.0,0.0,36.0,32.9,0.0,0.0,0.0,0.0,0.0,0.0,0.0,0.0,0.0,0.0
2026-06-10 17:56:20,-1.0919692114126207,0.7366087050284542,-1.2620255673717566,-1.1986680332766062,2.4676777065112114,-2.688736768085166,2.268230081317814,-1.5415038935564573,36.64936548163326,36.94110329463351,36.89901120058978,14.0,0.0,36.0,32.9,0.0,0.0,0.0,0.0,0.0,0.0,0.0,0.0,0.0,0.0
2026-06-10 17:56:22,-1.265107364125137,2.570943846823888,1.7607683332059594,-1.3476655304729988,-1.0691162976522706,0.6847545527281174,2.683928714887207,2.3304866812283977,36.57009364985471,37.15013073072532,37.15936877048493,14.0,0.0,36.0,32.9,0.0,0.0,0.0,0.0,0.0,0.0,0.0,0.0,0.0,0.0
2026-06-10 17:56:23,-0.8062280445016139,-2.975496210776508,-0.1276988857971988,2.8145963411247488,-0.9904748340219225,-2.0023880305653483,0.7532786551617487,-0.5760695518500545,36.52980844714028,37.16721186116561,37.111415072347526,14.0,0.0,36.0,32.9,0.0,0.0,0.0,0.0,0.0,0.0,0.0,0.0,0.0,0.0
2026-06-10 17:56:25,-2.2784992302357465,2.900052507851224,-2.116252648701572,-0.8088437063209968,-2.736499935824429,-2.501652318375922,-0.7414114932225253,-2.2994517523799383,36.55834601647376,36.843161437954194,36.97332566675039,14.0,0.0,36.0,32.9,0.0,0.0,0.0,0.0,0.0,0.0,0.0,0.0,0.0,0.0
2026-06-10 17:56:26,-2.8697492006843213,-1.183539991894303,-2.58477125228191,0.8939642450727665,-0.5063889771152352,2.003899207184718,1.9018300861893085,2.1104989924778303,36.731920585340994,37.03429383337795,37.009685456328334,14.0,0.0,36.0,32.9,0.0,0.0,0.0,0.0,0.0,0.0,0.0,0.0,0.0,0.0
2026-06-10 17:56:27,2.169572141203406,-0.4945930150030433,1.9264564831285211,2.275235409926302,2.4139094999085113,0.12223230223432457,0.3505973570322709,-2.835960207607982,36.724348599018136,37.266901099010624,36.89448402097312,14.0,0.0,36.0,32.9,0.0,0.0,0.0,0.0,0.0,0.0,0.0,0.0,0.0,0.0
2026-06-10 17:56:28,-0.14259473701625502,2.840830262914328,1.4296396192375047,1.3437869735279255,2.3270092812433685,-2.6111459958204177,0.04006757028988428,-1.18609707888096,36.93780687018447,37.24967143068884,36.788695014381155,14.0,0.0,36.0,32.9,0.0,0.0,0.0,0.0,0.0,0.0,0.0,0.0,0.0,0.0
2026-06-10 17:56:30,0.5437395921588415,-1.6920530531218232,-1.0621885443597805,-2.428523704248847,2.950899112578144,2.0028311394917253,-1.910357344661652,-0.17587279726088267,36.853814862529426,37.181209937598005,36.74621552857597,14.0,0.0,36.0,32.9,0.0,0.0,0.0,0.0,0.0,0.0,0.0,0.0,0.0,0.0
2026-06-10 17:56:31,-1.7433254260942253,0.875260619287122,-2.1060516140639787,-1.8314426433913062,-0.02305251496172911,-0.19565027651039912,-0.46016338086762065,-2.196385316983232,36.64330639897038,37.154792700713585,36.82440443672236,14.0,0.0,36.0,32.9,0.0,0.0,0.0,0.0,0.0,0.0,0.0,0.0,0.0,0.0
2026-06-10 17:56:32,2.9656554518605454,-2.2847549304281474,-1.679594838231295,-0.5952687989027963,-0.6160960458175779,-1.2467368645909611,1.7322653117422373,1.720461574905043,36.9859255582099,37.17282156246069,37.04627325852399,14.0,0.0,36.0,32.9,0.0,0.0,0.0,0.0,0.0,0.0,0.0,0.0,0.0,0.0
2026-06-10 17:56:33,2.6137078844137083,0.19786470606885453,1.5164880364076678,-2.752564478565704,-2.2036466757059996,0.684759298533919,0.28003855784327536,-1.742006580054925,36.592618583889845,37.348483149900034,36.9724266058682,14.0,0.0,36.0,32.9,0.0,0.0,0.0,0.0,0.0,0.0,0.0,0.0,0.0,0.0
2026-06-10 17:56:34,0.9247494457837524,1.569808729358554,1.9360784043212922,0.11400439028846598,-2.611290620475688,-0.46991763005843357,2.094933294725765,0.7671647973074118,36.941383880044455,37.149543865864864,36.71101845388647,14.0,0.0,36.0,32.9,0.0,0.0,0.0,0.0,0.0,0.0,0.0,0.0,0.0,0.0
2026-06-10 17:56:35,-1.115958198839444,-1.9723739867371615,2.2307316089375684,2.269706050126578,-1.9158847895684852,0.36331061344438353,-1.6608393065894083,-1.376064293128177,36.84164145592564,37.18606171996703,37.19191543548712,14.0,0.0,36.0,32.9,0.0,0.0,0.0,0.0,0.0,0.0,0.0,0.0,0.0,0.0
2026-06-10 17:56:37,-1.486503937040631,-0.2789688650728106,1.186627444092201,-2.0633348544687964,2.8138204872243096,-2.0788074888637267,0.9196361226927996,1.0657112398096888,36.96095135449198,36.9375582387877,37.206551234086604,14.0,0.0,36.0,32.9,0.0,0.0,0.0,0.0,0.0,0.0,0.0,0.0,0.0,0.0
2026-06-10 17:56:38,0.5326731067471657,-0.08631620777952786,2.100852534621784,-0.45002400488211114,2.091829628807604,-1.9621192321685035,2.8925403352520753,2.8417733238329843,36.695612500807734,37.1176551396229,36.77407762112165,14.0,0.0,36.0,32.9,0.0,0.0,0.0,0.0,0.0,0.0,0.0,0.0,0.0,0.0
2026-06-10 17:56:39,2.1768419761658837,-2.4273059512143407,-0.9750822531570122,0.15307838169459798,-0.3123719524659996,-1.2495225844793343,-0.48051912371129113,-1.0737810622200268,36.83005464233542,36.859003056557455,36.862298315386,14.0,0.0,36.0,32.9,0.0,0.0,0.0,0.0,0.0,0.0,0.0,0.0,0.0,0.0
2026-06-10 17:56:40,-2.597786532428313,-0.6404629502076546,-1.4923711213823796,1.7099676751817299,-1.3286511503127596,2.540417695362544,-0.9166881096034647,2.4617545338478966,36.999059135865835,36.89629011778116,36.74510447167817,14.0,0.0,36.0,32.9,0.0,0.0,0.0,0.0,0.0,0.0,0.0,0.0,0.0,0.0
2026-06-10 17:56:42,-1.4871193539653658,2.0564655883760974,-0.4334850389145819,-1.5877802899853652,-0.21075800831599345,-1.631625082898124,-1.215644297377141,-2.512381085836952,36.962905396716714,36.85958890344254,36.91376204091463,14.0,0.0,36.0,32.9,0.0,0.0,0.0,0.0,0.0,0.0,0.0,0.0,0.0,0.0
2026-06-10 17:56:43,0.3532296981649141,0.7545217820629802,1.9423491633844225,2.36560826144259,0.35532870636687974,-2.5331123889337364,-0.31129157592064827,-1.950357076372428,36.83461912516765,37.07584477564648,37.192613399214764,14.0,0.0,36.0,32.9,0.0,0.0,0.0,0.0,0.0,0.0,0.0,0.0,0.0,0.0
2026-06-10 17:56:44,-2.8860179411843196,-2.6709784967802737,-1.0076531411058107,-0.7888920611951304,0.6237052074755489,2.3459776238272614,1.6382040005180842,0.6478623994034818,37.086968350438205,37.072532601125324,36.991706557857725,14.0,0.0,36.0,32.9,0.0,0.0,0.0,0.0,0.0,0.0,0.0,0.0,0.0,0.0
2026-06-10 17:56:45,2.595358946679065,0.11830321354298157,2.319253025493195,0.49461597421983505,1.690131788429733,0.4736280218796347,1.2071009824803367,2.452282015613462,36.97788277182723,36.8427909566037,37.13897333770343,14.0,0.0,36.0,32.9,0.0,0.0,0.0,0.0,0.0,0.0,0.0,0.0,0.0,0.0
2026-06-10 17:56:46,-0.4238053024771089,-0.7208001585955173,-1.2840362686489306,2.583089874801046,1.9527862116965995,-1.3103152907727356,-2.45586602030587,-2.120900343010111,36.69108389395585,37.09185742365603,36.70113451588922,14.0,0.0,36.0,32.9,0.0,0.0,0.0,0.0,0.0,0.0,0.0,0.0,0.0,0.0
2026-06-10 17:56:47,2.153332520793014,0.4628588684857249,1.5131916320132106,2.208649662279864,0.5442987007685831,0.27915833831413117,1.5872032942352865,2.1959090655559628,36.677998177669345,37.133974148120885,36.73434742501761,14.0,0.0,36.0,32.9,0.0,0.0,0.0,0.0,0.0,0.0,0.0,0.0,0.0,0.0
2026-06-10 17:56:49,1.9295312888084712,-1.1229177343743852,0.27248392010649436,-0.23023399374875808,-0.014689001490524767,2.048281494719502,2.624575155712259,-1.6707069894475866,36.819841341440394,37.005371732130705,37.21021326795538,14.0,0.0,36.0,32.9,0.0,0.0,0.0,0.0,0.0,0.0,0.0,0.0,0.0,0.0
2026-06-10 17:56:50,1.1683049188569674,2.5537336966613493,-0.9198382788402215,-0.21785648535550228,2.3106733477803516,-2.303225485576827,-0.08779802764890832,1.3556870220355766,36.86484065760113,37.35199872459722,37.03168250318936,14.0,0.0,36.0,32.9,0.0,0.0,0.0,0.0,0.0,0.0,0.0,0.0,0.0,0.0
2026-06-10 17:56:51,0.0869578974338534,-1.8694625065439834,1.6042941624723328,-0.056102550871747425,2.307848124803016,-1.854683326286431,1.1055181957542484,-0.5966750998243571,36.569023647024366,37.04621010575697,36.93896678915592,14.0,0.0,36.0,32.9,0.0,0.0,0.0,0.0,0.0,0.0,0.0,0.0,0.0,0.0
2026-06-10 17:56:52,-0.4938482845348897,1.8923681735066644,-2.7569868821011125,-2.4157676091833427,-2.9988224158262664,0.26922236934346966,-0.13612016778527902,-2.318038441082825,36.63976139656763,37.28961765957246,36.72439602030062,14.0,0.0,36.0,32.9,0.0,0.0,0.0,0.0,0.0,0.0,0.0,0.0,0.0,0.0
2026-06-10 17:56:53,-0.385034173986206,2.088004995652301,2.9886716172107395,-0.13579123333336351,2.1194724914366496,-1.7439475994614448,-0.1668815120075453,0.20961596077150002,36.926496288348176,37.165287712224675,36.94030682506898,14.0,0.0,36.0,32.9,0.0,0.0,0.0,0.0,0.0,0.0,0.0,0.0,0.0,0.0
2026-06-10 17:56:54,-0.05995845572208891,-0.1092933928172668,-1.559371242379755,0.9033925084827366,-1.502450172799762,1.2264364846207396,1.2913920748942465,1.0174888030857856,36.54476245183906,37.02108808439679,36.73523849884292,14.0,0.0,36.0,32.9,0.0,0.0,0.0,0.0,0.0,0.0,0.0,0.0,0.0,0.0
2026-06-10 17:56:55,1.207835855183287,2.529390224740898,-0.23672562262293795,-0.29619975421804057,2.8010963271101685,-1.2264580632988065,-1.2443642696651913,-2.316870250282938,36.76633246497269,37.31646756660553,37.221597100077666,14.0,0.0,36.0,32.9,0.0,0.0,0.0,0.0,0.0,0.0,0.0,0.0,0.0,0.0
2026-06-10 17:56:56,-0.3005214887658587,1.6153899406169465,0.9573576195110789,-2.6090846275313297,2.5566686049683502,-2.201173690178214,-0.5624167352083349,0.23642919254264516,36.6525191655931,37.013256520340356,36.74197556866244,14.0,0.0,36.0,32.9,0.0,0.0,0.0,0.0,0.0,0.0,0.0,0.0,0.0,0.0
2026-06-10 17:56:58,-1.7590893188412773,-1.2937621766148835,-0.8873322753449808,-1.3179272715036094,2.992964453071142,1.7688128641312302,0.0033608420264492622,-2.890225512436305,36.794669779873445,36.907946332161394,37.01080548133438,14.0,0.0,36.0,32.9,0.0,0.0,0.0,0.0,0.0,0.0,0.0,0.0,0.0,0.0
2026-06-10 17:56:59,-1.857843433872821,-2.5712840568798225,-2.326878301949673,2.6478655753078533,1.5209169373921743,1.1597918940269034,1.2613412483331778,2.8256678795936736,36.84470836153083,37.02673256235547,36.9446526056392,14.0,0.0,36.0,32.9,0.0,0.0,0.0,0.0,0.0,0.0,0.0,0.0,0.0,0.0
2026-06-10 17:57:00,2.707168780540945,-2.436917846015321,1.0538559309196947,1.767440978219045,-2.3042424017361096,1.9269856940584411,0.4768027984236518,-2.9302135951192874,36.57088152383,37.015606888506134,36.880918305638765,14.0,0.0,36.0,32.9,0.0,0.0,0.0,0.0,0.0,0.0,0.0,0.0,0.0,0.0
2026-06-10 17:57:02,-1.1133554791098048,2.3757257627803527,1.9655027006745023,1.6356918587396212,1.8900581462300527,-0.3552675212162737,-0.6172137440541454,1.745202347514958,36.824666671282074,36.865087190834075,37.287537876566816,14.0,0.0,36.0,32.9,0.0,0.0,0.0,0.0,0.0,0.0,0.0,0.0,0.0,0.0
2026-06-10 17:57:03,0.01975143860662154,1.6158219881000129,0.4701282373101767,-1.9176975877055225,-0.23570731322879457,-0.6394361392922274,2.7008493767431743,-2.831204378164161,36.526966729763316,37.39065741037372,37.12519238250857,14.0,0.0,36.0,32.9,0.0,0.0,0.0,0.0,0.0,0.0,0.0,0.0,0.0,0.0
2026-06-10 17:57:04,-0.8061741489846987,2.252285373404675,2.5766568175181686,-0.8759707395348864,1.5487722351759707,2.1613413272993647,-0.8015170696484883,-1.947614470348291,36.778867771572635,36.923987814357815,37.294822496182796,14.0,0.0,36.0,32.9,0.0,0.0,0.0,0.0,0.0,0.0,0.0,0.0,0.0,0.0
2026-06-10 17:57:05,-0.7646631926645844,-0.5069854558067268,-1.7970781399649745,-2.6585214977572758,0.21392088468290016,2.944455501145745,-1.1642517476727012,2.431496870978674,36.76566826373103,37.32142219054491,36.72586908500755,14.0,0.0,36.0,32.9,0.0,0.0,0.0,0.0,0.0,0.0,0.0,0.0,0.0,0.0
2026-06-10 17:57:06,0.5044449996760378,2.763514091764973,-2.3655779710830824,1.1735915191666288,-2.013282141183227,0.08893683507169214,1.9883383819148568,1.936469434244124,36.58015149312549,37.123789491889134,36.99622863292008,14.0,0.0,36.0,32.9,0.0,0.0,0.0,0.0,0.0,0.0,0.0,0.0,0.0,0.0
2026-06-10 17:57:07,-2.360775194422019,0.35879729421061324,0.9042115920183189,-1.9399311619253123,1.6964299260033426,-1.912164214258154,0.6802857335314849,-1.9721332543033743,36.53625730664862,37.09700207213028,36.90511079386251,14.0,0.0,36.0,32.9,0.0,0.0,0.0,0.0,0.0,0.0,0.0,0.0,0.0,0.0
2026-06-10 17:57:08,2.4873477935844157,-0.37599803233698825,0.6019750260240402,-1.479265561501237,-0.7377048928045253,0.5509536185501069,2.6022503377605,-1.5910169537810097,37.074084108873706,36.80965002226748,36.908476450653836,14.0,0.0,36.0,32.9,0.0,0.0,0.0,0.0,0.0,0.0,0.0,0.0,0.0,0.0
2026-06-10 17:57:10,1.2776225114041564,1.108999014848406,0.15227584132007443,2.4357802385786487,0.6932455732367018,-0.05441085859566375,-1.8332748565078523,-2.836824686165147,36.717036967371456,36.989608558642225,37.10213677673738,14.0,0.0,36.0,32.9,0.0,0.0,0.0,0.0,0.0,0.0,0.0,0.0,0.0,0.0
2026-06-10 17:57:11,-0.7916148209516196,1.0105486409834228,0.3387132590317714,0.6094597741538976,-2.5910722569811675,0.28640652916857157,1.0780522271688797,1.8685001644423442,36.71277039656537,36.94286682723655,37.042629284962814,14.0,0.0,36.0,32.9,0.0,0.0,0.0,0.0,0.0,0.0,0.0,0.0,0.0,0.0
