Timestamp,PT-3,PT-4,PT-5,PT-6,PT-7,PT-8,PT-9,PT-10,Temperatura EF,Temperatura SF,Temperatura Tanque,Setpoint Conductividad,Salida Conductividad,Setpoint Temperatura,Presión Transmembrana,Nivel,Valvula 27,C. Deareación,Protector Calefactor,Aire en Sangre,Sangre en dializante,Purga de aire,Cond. Sensor patrón,Temp. Sensor patrón,Cond. Sensor raw
2026-06-09 14:14:09,-0.1440602924484482,-0.22131534127147923,2.962107793025078,2.29947797269383,2.539340764759732,0.5328698450517808,0.6374959248150356,0.25566364659696195,37.03635871976091,37.17500529027911,36.74390790032116,14.0,20.0,36.0,-70.3,0.0,0.0,0.0,0.0,0.0,0.0,0.0,0.0,0.0,0.0
2026-06-09 14:14:10,0.9091859090388712,0.07528345657362401,-1.916707809476325,-2.860081790713525,1.3605858621327043,2.446281355541826,2.694260677467982,-2.176903354487679,36.8627762063142,37.17456646708746,36.91119679745631,14.0,20.0,36.0,50.2,0.0,0.0,0.0,0.0,0.0,0.0,0.0,0.0,0.0,0.0
2026-06-09 14:14:11,-0.9898568179179268,0.10844475821127375,-1.8469098707399718,2.1210059370996595,1.9779333479729893,-2.0222789073703344,-2.3022478128245147,0.19861808660214475,36.882872243468825,36.953509718648796,36.76161339589213,14.0,20.0,36.0,42.8,0.0,0.0,0.0,0.0,0.0,0.0,0.0,0.0,0.0,0.0
2026-06-09 14:14:12,0.9420746094382402,-2.6307108375185972,-0.6900707342147943,-2.477220453382567,-1.9552075040183619,0.3061786272427649,0.006760898237833768,1.9774076912841139,36.55011317845728,37.32074204291347,36.89542805454233,14.0,20.0,36.0,86.0,0.0,0.0,0.0,0.0,0.0,0.0,0.0,0.0,0.0,0.0
2026-06-09 14:14:13,2.3731418383651004,0.356075586221801,-0.1861963442571204,-2.0426813561879174,1.279462171275953,-1.213611414389599,2.1466000274411776,0.9105633985121657,36.54196419751237,36.95995965055257,37.050219290830675,14.0,20.0,36.0,-3.9,0.0,0.0,0.0,0.0,0.0,0.0,0.0,0.0,0.0,0.0
2026-06-09 14:14:14,2.57280021347235,-1.0060021960236627,-2.0910903616619354,-2.7143652448574436,0.6878390174070441,-1.7899096193567279,0.5940876652187645,2.20756970224624,36.97600425579954,36.95098935142746,36.791087871526244,14.0,20.0,36.0,79.5,0.0,0.0,0.0,0.0,0.0,0.0,0.0,0.0,0.0,0.0
2026-06-09 14:14:16,-2.1213680953860248,0.8777253529059275,-0.5965296941754525,-1.6589860674268593,0.5549989163930626,-1.4354079788597953,-2.8742103193521786,1.6446801123863306,36.719069389309766,36.84160558440622,37.00424492730049,14.0,20.0,36.0,-9.4,0.0,0.0,0.0,0.0,0.0,0.0,0.0,0.0,0.0,0.0
2026-06-09 14:14:17,-1.5667153585069296,-2.7679727014842297,0.8760814959101832,-2.1510918394962246,-2.817233235161487,0.037019264796244844,-2.54772781544518,-2.3355143727473333,36.91897235271132,36.97454088056967,37.17296647335272,14.0,20.0,36.0,-9.4,0.0,0.0,0.0,0.0,0.0,0.0,0.0,0.0,0.0,0.0
2026-06-09 14:14:18,0.3970355319398129,-0.2810515580071673,-2.689169490624403,-0.9926017823224136,-1.6763922608749544,0.7596395546444081,2.114008586964238,0.8770168469410429,36.68586177256751,37.357926081976856,36.98198969612323,14.0,20.0,36.0,-9.4,0.0,0.0,0.0,0.0,0.0,0.0,0.0,0.0,0.0,0.0
2026-06-09 14:14:19,-2.585691560466259,-2.2951701454075435,0.9721467468437899,2.196081753312715,-2.903575154613624,-2.2451811958149515,0.9711255480989758,-2.52402353336122,36.841460154030315,37.17052495254894,37.08607546951458,14.0,20.0,36.0,-9.4,0.0,0.0,0.0,0.0,0.0,0.0,0.0,0.0,0.0,0.0
2026-06-09 14:14:21,-0.8526874239710356,1.6073274416871008,0.3132103565378763,-0.4700222403440115,1.8373255542532467,-2.439626820974458,1.6237743891834295,2.079967712439558,36.70953269659761,37.07605995815412,36.73839397110765,14.0,20.0,36.0,-9.4,0.0,0.0,0.0,0.0,0.0,0.0,0.0,0.0,0.0,0.0
2026-06-09 14:14:22,-2.495610696859049,-0.7397829681256543,-0.6978014314781174,0.028923689870967717,2.679530509512012,2.192593487729157,0.45350947772205696,1.1954833796389117,36.7759376003181,37.39804342506108,37.05816192756541,14.0,20.0,36.0,-9.4,0.0,0.0,0.0,0.0,0.0,0.0,0.0,0.0,0.0,0.0
2026-06-09 14:14:23,-0.9632339837283013,-1.7765365334845098,2.304474756691164,-1.2518877379908233,-1.813086661173323,-1.1573322907883943,-2.757301203233147,-1.9295030510726752,37.082079941426194,37.224013893682184,37.298839024526586,14.0,20.0,36.0,-9.4,0.0,0.0,0.0,0.0,0.0,0.0,0.0,0.0,0.0,0.0
2026-06-09 14:14:24,2.4969446672283553,2.2226981243997095,-0.8473905965354334,-2.769495529435023,-2.648500741096936,-2.7285244904873167,0.01100057887328898,2.1347120585250066,37.04628796027,36.96915760750445,37.17685660870816,14.0,20.0,36.0,-9.4,0.0,0.0,0.0,0.0,0.0,0.0,0.0,0.0,0.0,0.0
2026-06-09 14:14:25,-2.225289622163362,2.103483052645675,-2.5901087502284144,-2.506511789238126,-2.714502445687014,-2.305333907263012,-1.0496947277360742,1.537404756968976,36.70818129567603,37.346811279971455,36.74555541519101,14.0,20.0,36.0,-9.4,0.0,0.0,0.0,0.0,0.0,0.0,0.0,0.0,0.0,0.0
2026-06-09 14:14:26,0.0881858551272634,0.06229869791797871,1.7398880761253768,-1.4900041884851585,2.4353479058469096,-0.9446085257142274,2.077228820686731,2.9052484494572894,37.067542149370205,37.257223183585644,36.92617917132514,14.0,20.0,36.0,-9.4,0.0,0.0,0.0,0.0,0.0,0.0,0.0,0.0,0.0,0.0
2026-06-09 14:14:27,2.836711069489022,-0.08499806574200619,0.07516180193026711,-2.7816878286910174,0.2462660147715665,-2.4576225415349775,-2.3440343761820386,-0.42183627658237155,36.73735482185973,37.36988864311254,36.98592606069313,14.0,20.0,36.0,-9.4,0.0,0.0,0.0,0.0,0.0,0.0,0.0,0.0,0.0,0.0
2026-06-09 14:14:28,1.0485508887394355,0.5676355043801893,-2.570115843259034,-1.2355430584822162,-0.34886377161161075,0.7382821069105976,1.5026045420024428,-1.418539512883975,36.554709150587506,36.96729513557342,36.912676029651934,14.0,20.0,36.0,-9.4,0.0,0.0,0.0,0.0,0.0,0.0,0.0,0.0,0.0,0.0
2026-06-09 14:14:29,0.8524312233180797,-0.8422261600157439,-1.8766123217922843,-0.016114274760104852,-0.12580199893066002,0.583406061292111,-1.895718216879292,-1.986756772931453,36.70599198464111,36.96021769566705,36.958385547646806,14.0,20.0,36.0,-9.4,0.0,0.0,0.0,0.0,0.0,0.0,0.0,0.0,0.0,0.0
2026-06-09 14:14:30,1.1158965274270436,-1.1277377461164202,2.2818191097977785,-1.8364812789877938,1.0220070317057708,0.09892429040346107,1.5512741751325008,1.8679248001316475,37.09782118725973,36.856232454572115,36.72462259736833,14.0,20.0,36.0,-9.4,0.0,0.0,0.0,0.0,0.0,0.0,0.0,0.0,0.0,0.0
2026-06-09 14:14:31,-0.3810186048420059,-1.7832801582993383,-1.6754857818141886,-2.4590673684091593,-1.5541811558584442,-2.255703151389975,0.5324853440656518,1.3472492970330041,36.84307067985648,37.13563670784958,36.914618192749,14.0,20.0,36.0,-9.4,0.0,0.0,0.0,0.0,0.0,0.0,0.0,0.0,0.0,0.0
2026-06-09 14:14:33,-2.071745037155813,1.8601501249884533,-2.980910237351697,-1.7948607797268203,1.7324779582503602,-2.9837939640266216,-2.6921390595656787,1.4086305821922505,36.968324242520154,37.035078916341725,37.18239904907625,14.0,20.0,36.0,-9.4,0.0,0.0,0.0,0.0,0.0,0.0,0.0,0.0,0.0,0.0
2026-06-09 14:14:34,-2.205616620408314,0.40160922615858086,-0.05705827061844104,-2.669870745223805,1.754949612351858,0.5007911791194735,1.9634285648150893,-2.37723214702385,36.963978935863025,37.2493657522453,36.867291762283216,14.0,20.0,36.0,-9.4,0.0,0.0,0.0,0.0,0.0,0.0,0.0,0.0,0.0,0.0
2026-06-09 14:14:35,2.3186495607267883,-2.0320350453605958,-2.244157319959739,0.4852688578511746,2.253271508674956,-0.5971592808420874,2.0159393479824512,0.6119635913476209,36.7038817264527,37.171472041756616,37.15277753684085,14.0,20.0,36.0,111.3,0.0,0.0,0.0,0.0,0.0,0.0,0.0,0.0,0.0,0.0
2026-06-09 14:14:36,2.185226776260901,1.634838391803119,1.0259866116540852,1.8127603374174424,-1.5895166621192878,-0.968857546249204,-0.7164137999447755,-2.914467542063134,36.76252130283094,37.19514121601032,37.29344890631431,14.0,20.0,36.0,-69.6,0.0,0.0,0.0,0.0,0.0,0.0,0.0,0.0,0.0,0.0
2026-06-09 14:14:37,0.9934827061696341,1.9006090088598473,-2.895014349190605,2.486956713095612,-2.7948397128460467,0.13540687634555537,1.2665707028294255,0.6900894723295812,37.03616755058142,37.12266252739046,37.05205072072808,14.0,20.0,36.0,26.4,0.0,0.0,0.0,0.0,0.0,0.0,0.0,0.0,0.0,0.0
2026-06-09 14:14:38,0.2957331165548567,-0.28320695555966235,-1.9630651104287256,-0.9678934135877104,0.7874164621825059,1.5391581817323807,1.3811389861168832,1.3315378327687082,36.69311907632887,37.05588427625717,36.997353644753495,14.0,20.0,36.0,59.5,0.0,0.0,0.0,0.0,0.0,0.0,0.0,0.0,0.0,0.0
2026-06-09 14:14:39,-1.2858007500285116,-0.0460782216684974,2.482727446367962,2.4603446289950632,2.4614100106616537,-2.8367556792072834,1.7773896417601085,2.700323170700158,37.03826225638253,37.361780801334206,37.21357292663625,14.0,20.0,36.0,-63.5,0.0,0.0,0.0,0.0,0.0,0.0,0.0,0.0,0.0,0.0
2026-06-09 14:14:41,2.6031403922775898,1.0054655915717445,2.5494000301371535,0.8521566804237288,0.26944115114531364,2.8156177740468387,2.5032904089009236,-0.605846142215654,36.649920856895534,37.09234284284208,37.06181678479519,14.0,20.0,36.0,-89.3,0.0,0.0,0.0,0.0,0.0,0.0,0.0,0.0,0.0,0.0
2026-06-09 14:14:42,-2.617752286091375,-1.7179817370649544,-2.96384479207865,-1.1796316151725845,-0.281016975611438,0.8942414305380488,0.42011427746855645,1.4356168774513742,37.01389134110047,37.251740398861024,36.87318001373705,14.0,20.0,36.0,121.7,0.0,0.0,0.0,0.0,0.0,0.0,0.0,0.0,0.0,0.0
2026-06-09 14:14:43,0.9804093508500094,0.4234168110735075,-1.2252624325516002,0.6074369479229635,-1.6849404450335999,1.5426178938620065,1.6045934679508989,2.6765033506697575,36.84265552520007,37.303777364899275,36.79682027803752,14.0,20.0,36.0,22.3,0.0,0.0,0.0,0.0,0.0,0.0,0.0,0.0,0.0,0.0
2026-06-09 14:14:44,-2.5007628354688225,2.9756958472728776,-2.6907290886857456,-1.9321293183966781,-1.8471876228279585,-1.2666920404548427,-1.9565442487819096,1.7754545326082756,36.70792152681767,36.91569882527886,36.86137017879902,14.0,20.0,36.0,22.3,0.0,0.0,0.0,0.0,0.0,0.0,0.0,0.0,0.0,0.0
2026-06-09 14:14:45,-2.309989904297865,1.182088476349902,-0.19939924350440652,0.2808022964412835,1.1258472446047527,-2.977387685511008,2.6184678720432366,1.7317619778790956,36.526710821823734,37.10151260513077,37.2537129363841,14.0,20.0,36.0,22.3,0.0,0.0,0.0,0.0,0.0,0.0,0.0,0.0,0.0,0.0
2026-06-09 14:14:47,0.6826343072952588,2.9089541914178136,-0.986500024348723,1.9698124890621385,0.17201377474938617,0.06227936634270925,0.9782196221387762,2.6582195040387964,36.5457618270169,37.03070403368885,37.123902602118775,14.0,20.0,36.0,22.3,0.0,0.0,0.0,0.0,0.0,0.0,0.0,0.0,0.0,0.0
2026-06-09 14:14:48,2.759820796974278,2.2284312986406487,2.196847230378676,2.685280587765341,-2.744413590466743,1.934520830316261,0.7873518572847722,1.7329818320008474,36.76516170073363,37.1131903198688,36.74904318166215,14.0,20.0,36.0,22.3,0.0,0.0,0.0,0.0,0.0,0.0,0.0,0.0,0.0,0.0
2026-06-09 14:14:49,-2.2211059704951475,-2.418505935549476,2.8924471863337518,-0.9459554856484162,-1.7361468951838934,-0.30432857460928275,1.5885194734985522,-1.4189619369155073,36.70443065605732,36.81323316734391,36.7941250664718,14.0,20.0,36.0,-17.9,0.0,0.0,0.0,0.0,0.0,0.0,0.0,0.0,0.0,0.0
2026-06-09 14:14:50,-2.1465041440571326,2.266360959654044,-0.5213453463785571,2.165228397773131,2.812792883852401,0.1675424551778808,-2.987929060401302,-1.272122143469196,36.86628711332473,37.20679152050142,37.18581393368279,14.0,20.0,36.0,-17.9,0.0,0.0,0.0,0.0,0.0,0.0,0.0,0.0,0.0,0.0
2026-06-09 14:14:51,0.06967618900039962,0.8787030210510007,0.7012285313342721,-0.6624461228085252,2.0246375025024443,-0.8109870060267226,-1.2963926649292223,-0.9801194502728063,37.08795215159085,37.086628830857386,37.15780494953768,14.0,20.0,36.0,-17.9,0.0,0.0,0.0,0.0,0.0,0.0,0.0,0.0,0.0,0.0
2026-06-09 14:14:52,-2.7650706823139712,1.682323279859828,0.33555494156145294,2.273403998835028,-2.206432914589408,2.0165267993192026,1.6630551757351757,1.3132305314546482,36.91888620005771,37.32410626068205,36.83399246008861,14.0,20.0,36.0,-50.3,0.0,0.0,0.0,0.0,0.0,0.0,0.0,0.0,0.0,0.0
2026-06-09 14:14:53,-2.5188342687131042,-0.7525279886449585,-0.6393480474063029,-0.8370440461967581,2.215755081133657,-0.5356536254030737,-0.8313918047986975,0.1325633479212347,37.062943895968665,37.00823349489485,37.294657583636315,14.0,20.0,36.0,35.3,0.0,0.0,0.0,0.0,0.0,0.0,0.0,0.0,0.0,0.0
2026-06-09 14:14:54,-0.2139303264550838,-0.027137754300307293,-1.5620168201172602,-0.4622592563367425,-0.5552340941639042,-0.23378252286113543,-0.6910940388757627,-0.8450618315746468,36.89740170078157,37.162607760486594,37.00162400907561,14.0,20.0,36.0,40.6,0.0,0.0,0.0,0.0,0.0,0.0,0.0,0.0,0.0,0.0
2026-06-09 14:14:56,0.6294936099651443,-1.407401614792123,1.6156908985997607,-0.05617372832972478,-2.944531998790055,-2.9939159467215273,-0.019797418020618185,-0.708137784105153,37.01724535585291,36.859910706060745,37.12071404065831,14.0,20.0,36.0,-6.9,0.0,0.0,0.0,0.0,0.0,0.0,0.0,0.0,0.0,0.0
2026-06-09 14:14:57,-0.08711797433136415,-1.4362962277805822,-1.2686986954623702,-2.290156832176626,-0.776538494016147,-1.4390488470802147,0.7201874821284626,-1.4056847172844686,37.090862415977334,37.33116385577221,36.75867573441794,14.0,20.0,36.0,69.6,0.0,0.0,0.0,0.0,0.0,0.0,0.0,0.0,0.0,0.0
2026-06-09 14:14:58,2.8995306480047507,-1.9350576847387837,-1.3303815904622285,1.151737775816251,2.846145923899658,-1.713349235929135,0.8325495297808949,-1.6013813932595764,36.64125974853052,36.96482259532935,36.86281698371925,14.0,20.0,36.0,84.0,0.0,0.0,0.0,0.0,0.0,0.0,0.0,0.0,0.0,0.0
2026-06-09 14:14:59,0.8187545295272627,1.6109750810108059,1.4761050017772686,-1.2331910122248992,0.9243523794773747,-2.7801830310583124,2.723180688605332,0.19432981662624993,36.91591358080898,37.09807088185027,36.93962148636798,14.0,20.0,36.0,-79.9,0.0,0.0,0.0,0.0,0.0,0.0,0.0,0.0,0.0,0.0
2026-06-09 14:15:00,0.5953668552527684,-0.7777558038786134,-1.456807067107099,2.3592163528883745,-2.033851688711449,-1.2654494598838404,2.33824321593983,0.26730484406751964,36.65625687663304,37.38450534987574,36.71454025788344,14.0,20.0,36.0,58.3,0.0,0.0,0.0,0.0,0.0,0.0,0.0,0.0,0.0,0.0
2026-06-09 14:15:02,-2.006655576849288,2.470630923869604,-0.09183714604759574,-1.3432820416788045,0.2141455617498389,0.6104602780517894,-2.515130253970575,-1.7024975757634615,36.747679127729604,37.01599303835645,37.28859829224902,14.0,20.0,36.0,-62.5,0.0,0.0,0.0,0.0,0.0,0.0,0.0,0.0,0.0,0.0
2026-06-09 14:15:03,1.4448951544631496,0.48965775893945374,0.10433908130730751,1.5159393292056063,1.2400135398501302,0.8684696705307706,-1.3794914645459977,-0.23702705793167667,37.05315286922075,37.04312704539975,36.82928778092287,14.0,20.0,36.0,-15.6,0.0,0.0,0.0,0.0,0.0,0.0,0.0,0.0,0.0,0.0
2026-06-09 14:15:04,-1.073873389450198,-0.9912360158070781,1.4845539279550408,1.330603734147811,-2.7785021378577968,-2.855734989574958,-2.0341581318410755,0.164486758438243,36.53092905653167,37.2728554258142,37.12702760728341,14.0,20.0,36.0,-15.2,0.0,0.0,0.0,0.0,0.0,0.0,0.0,0.0,0.0,0.0
2026-06-09 14:15:05,-2.884096571776529,1.0101158732048336,-1.697673019679146,0.9841884692386236,-2.982473085270239,0.5141609014668509,-2.0342366845656468,-0.9851052966300751,36.669443886570235,37.23533235988895,36.74072959913246,14.0,20.0,36.0,17.0,0.0,0.0,0.0,0.0,0.0,0.0,0.0,0.0,0.0,0.0
2026-06-09 14:15:07,-0.09189340368566112,2.8757593278300195,-1.2604807223581682,-2.3263661867187757,-2.6032456030462754,0.16665136783544554,1.2942081760759985,2.3662105703370697,37.048246395826325,37.015059011562954,36.704181161518655,14.0,20.0,36.0,-41.0,0.0,0.0,0.0,0.0,0.0,0.0,0.0,0.0,0.0,0.0
2026-06-09 14:15:08,-1.6899001624572967,-2.2921539784206786,-1.0119828299475793,0.4025025299415175,2.8008437417089764,2.5093108244364473,1.208677003996848,2.872911640556582,36.745568291882506,37.1612186203323,37.191577634372976,14.0,20.0,36.0,87.3,0.0,0.0,0.0,0.0,0.0,0.0,0.0,0.0,0.0,0.0
2026-06-09 14:15:09,1.0700150450690087,0.5355537810159339,-1.7530666885050956,2.318497350216732,1.076962305639256,0.28997534756681853,1.111288186224721,-1.553457750269921,36.828057908233106,36.880864337994595,36.97322318908526,14.0,20.0,36.0,32.2,0.0,0.0,0.0,0.0,0.0,0.0,0.0,0.0,0.0,0.0
2026-06-09 14:15:10,-2.9300035880124717,-0.8585175038754618,-1.105258817838402,2.1955020112369725,1.2966806158432131,-2.035365547936097,0.9587129384046746,-2.196542826555242,36.50949822273366,36.80465142988339,37.246337835398286,14.0,20.0,36.0,50.2,0.0,0.0,0.0,0.0,0.0,0.0,0.0,0.0,0.0,0.0
2026-06-09 14:15:11,-2.9207945279237393,-1.0830901381770164,-1.3170583797181812,1.5749357757673526,-0.10050643922062452,-0.2456004413916517,2.9130107018679237,-0.09046421146388273,36.99858915807178,36.86954593270034,37.24340708406122,14.0,20.0,36.0,63.4,0.0,0.0,0.0,0.0,0.0,0.0,0.0,0.0,0.0,0.0
2026-06-09 14:15:12,0.13392732441866828,0.2643653374441439,-1.6885153250229479,-1.5693380505185164,1.8324103142782118,-2.225632745101762,1.3588337516646023,2.3235957020464024,36.75101754288751,37.25749658303145,36.89618700242871,14.0,20.0,36.0,36.4,0.0,0.0,0.0,0.0,0.0,0.0,0.0,0.0,0.0,0.0
2026-06-09 14:15:13,-1.1596147515130266,-0.2017604108909148,2.1696990350357854,2.765212550579034,-0.30479321107545587,-2.6296744090248287,2.3957814361809513,-0.5936291293430069,36.69686654347854,37.195911608441705,36.84733081198177,14.0,20.0,36.0,-51.0,0.0,0.0,0.0,0.0,0.0,0.0,0.0,0.0,0.0,0.0
2026-06-09 14:15:15,1.8984792437129672,-0.41820343394770276,1.7175697144874968,-2.038323578668354,-1.3533766886181913,-1.2827842831502296,2.477819124158122,-2.511290310276038,36.538915901451645,37.284632706733916,36.94128296790158,14.0,20.0,36.0,-33.0,0.0,0.0,0.0,0.0,0.0,0.0,0.0,0.0,0.0,0.0
2026-06-09 14:15:16,-1.5180958630482562,1.864334368597489,0.13311405244275232,-0.9573484085587829,1.9278682912241916,2.7837505461609,2.5830417757545696,2.9741713277834485,36.62781768826236,37.10103107891552,36.71699555943783,14.0,20.0,36.0,-49.0,0.0,0.0,0.0,0.0,0.0,0.0,0.0,0.0,0.0,0.0
2026-06-09 14:15:17,-1.112319580692648,0.5867036170334607,-2.0272204764985706,-1.4251735659251439,-2.5739637010749146,-0.705152500551685,-1.8990305503470302,-2.908534510750709,36.86348937042003,37.05839591394377,36.73605612557483,14.0,20.0,36.0,35.9,0.0,0.0,0.0,0.0,0.0,0.0,0.0,0.0,0.0,0.0
2026-06-09 14:15:18,2.5597497363541244,2.6118009117049574,2.031350622717394,2.2263609033461815,1.0759968312433186,-0.7080812662546343,1.2891387902696572,-0.28587693212428267,36.97671622193946,36.9878537698707,36.81723771809551,14.0,20.0,36.0,-100,0.0,0.0,0.0,0.0,0.0,0.0,0.0,0.0,0.0,0.0
2026-06-09 14:15:20,-2.547113299796317,2.6869196238122877,0.313857940669092,2.9816558809224167,-1.2076076068954358,-2.122943703798716,-2.99539907632132,-0.5300740623609839,36.79159881157276,37.055207906763364,36.84409528967218,14.0,20.0,36.0,-80.2,0.0,0.0,0.0,0.0,0.0,0.0,0.0,0.0,0.0,0.0
2026-06-09 14:15:21,-0.18054539249596502,-1.2806162204001938,-0.7574847246485374,-1.210075066951598,-1.5111672401156142,1.0284666317144397,1.3390641053137706,2.7388293672998962,36.548680823672065,37.1971198186795,36.780573877127196,14.0,20.0,36.0,53.9,0.0,0.0,0.0,0.0,0.0,0.0,0.0,0.0,0.0,0.0
2026-06-09 14:15:23,0.5895403107284327,-0.9172967630608682,1.6098730202094451,-2.4388115299178916,1.7957591001891835,0.16818137698834734,-0.43213438296539053,-2.804728097373962,36.636443076810316,37.38640988193319,36.715344079493306,14.0,20.0,36.0,-18.0,0.0,0.0,0.0,0.0,0.0,0.0,0.0,0.0,0.0,0.0
2026-06-09 14:15:24,-1.0116207349399189,2.128591190933384,-0.03527453547665704,1.4153133799837496,2.9610704595916557,-0.45488732190854897,-1.1683148917870927,-0.8780066468937404,36.753135475262994,37.20836777066106,36.89280121668867,14.0,20.0,36.0,-54.9,0.0,0.0,0.0,0.0,0.0,0.0,0.0,0.0,0.0,0.0
2026-06-09 14:15:25,2.729740549849537,0.3289681024617237,-2.095032102340994,1.6291317536730414,0.45951098926642153,2.434181261131691,-1.63928708372128,1.1842669351069874,36.68138404010717,36.93808798014355,37.230558314596166,14.0,20.0,36.0,46.1,0.0,0.0,0.0,0.0,0.0,0.0,0.0,0.0,0.0,0.0
2026-06-09 14:15:27,2.480926877111843,0.32329559329486646,-2.306513676044786,2.6906777908122885,-0.8490262999134761,2.8198648600307434,-2.09395271168929,-2.312176768637558,37.098027918089535,36.95432162712746,37.27605808047097,14.0,20.0,36.0,51.6,0.0,0.0,0.0,0.0,0.0,0.0,0.0,0.0,0.0,0.0
2026-06-09 14:15:28,-1.9614375638531938,-1.3145244569899983,2.612652079658166,-2.4598363405834665,0.48474618594460495,0.4986503824716726,-2.28332927109739,-1.950761583689403,37.076593487150284,37.39220860179081,36.72004704032665,14.0,20.0,36.0,-34.5,0.0,0.0,0.0,0.0,0.0,0.0,0.0,0.0,0.0,0.0
2026-06-09 14:15:29,-2.70503284794533,-0.4980786922603828,-1.1939043507854463,2.897920376116211,2.1356043513376264,2.643120623618155,0.15695057073822483,0.09125900272670684,36.65340430848856,37.12352229342737,37.04391795898687,14.0,20.0,36.0,45.2,0.0,0.0,0.0,0.0,0.0,0.0,0.0,0.0,0.0,0.0
2026-06-09 14:15:30,2.6280637901377837,0.27404542551595457,1.3677464571665947,0.5314910098480352,0.039252786007161866,1.6683454459253522,2.8840069935828163,-0.6807307818864721,36.891859335023355,36.80449327714663,37.29309102921935,14.0,20.0,36.0,-40.2,0.0,0.0,0.0,0.0,0.0,0.0,0.0,0.0,0.0,0.0
2026-06-09 14:15:31,-0.8762288154250242,2.1703602729183906,1.392178945961641,2.9424075521798745,1.6739738098946795,-2.0744734162352945,2.326149062564853,-2.7991216774412813,36.70680466050529,37.05535689598565,37.29740920798848,14.0,20.0,36.0,-92.0,0.0,0.0,0.0,0.0,0.0,0.0,0.0,0.0,0.0,0.0
2026-06-09 14:15:32,2.213900468158629,-0.257039474255647,0.6164103795207057,-0.3735787290838517,-1.1690624699482222,1.274628729859483,-0.17878039136145052,1.5097883867084683,36.90140353823857,36.90681418608303,36.80345185801627,14.0,20.0,36.0,-8.7,0.0,0.0,0.0,0.0,0.0,0.0,0.0,0.0,0.0,0.0
2026-06-09 14:15:34,0.08663497909752937,-0.8036749071828924,-0.6984695527990818,2.3349008512957363,0.21077222089330672,-1.539473160346777,0.38414593624893456,-0.6905282232033931,37.052421697749224,37.205362228591284,37.23132035604167,14.0,20.0,36.0,38.3,0.0,0.0,0.0,0.0,0.0,0.0,0.0,0.0,0.0,0.0
2026-06-09 14:15:35,2.1012110808169053,1.3603097915865279,-1.1366896993013207,0.8803175280707229,-2.554847234240486,-2.2635864313425995,2.3667607808344995,0.9407375589585998,36.807830956229154,37.38879049386673,36.80737944469341,14.0,20.0,36.0,-5.7,0.0,0.0,0.0,0.0,0.0,0.0,0.0,0.0,0.0,0.0
2026-06-09 14:15:36,1.0338186572823442,0.9261737807369319,-0.30627731123244306,2.580563230835316,-2.2287681582793435,0.5090645039282942,-1.3400888882753526,1.423109281214276,36.53715133186851,37.05430578859464,36.8543704899309,14.0,20.0,36.0,-16.4,0.0,0.0,0.0,0.0,0.0,0.0,0.0,0.0,0.0,0.0
2026-06-09 14:15:37,0.7971876170983023,-0.6610290613830685,2.798359787966617,1.1585731409621562,0.326086237007039,0.2622932561753837,2.090645717998851,-2.2928458610723337,36.66852818847857,37.30834204184892,37.20605690425642,14.0,20.0,36.0,-54.1,0.0,0.0,0.0,0.0,0.0,0.0,0.0,0.0,0.0,0.0
2026-06-09 14:15:38,1.3611030587068003,2.550315944687928,1.2170482511483751,1.7579795786483388,-0.5260683951963774,-1.1178070081803135,-0.6564047572791747,1.8203107411725616,36.663610103815614,36.853000297173494,37.04965571545356,14.0,20.0,36.0,-98.3,0.0,0.0,0.0,0.0,0.0,0.0,0.0,0.0,0.0,0.0
2026-06-09 14:15:39,-2.4783162403373273,0.7487528513775179,1.7839650276260404,2.7376191741387776,1.9953201759927435,-2.0838124876315565,-0.9340222916213579,2.3561088073993064,36.976297146620524,37.23259467564096,36.75931797073776,14.0,20.0,36.0,-67.0,0.0,0.0,0.0,0.0,0.0,0.0,0.0,0.0,0.0,0.0
2026-06-09 14:15:40,-0.015485652147054552,0.06576207062915662,2.658055587682073,1.8768533225295991,0.21413699772716654,-1.3930399708578134,0.46608948852906007,2.7902352383147306,36.768835869115584,37.12974012322764,37.17883712713302,14.0,20.0,36.0,-70.9,0.0,0.0,0.0,0.0,0.0,0.0,0.0,0.0,0.0,0.0
2026-06-09 14:15:42,-1.8505396486197194,2.488779531186938,2.6671634104162756,-0.5596148287927294,1.4679117605093266,0.9261497691018197,2.6105957513582236,0.42683379955444556,36.98714981783648,36.849934293596455,36.94235648196164,14.0,20.0,36.0,-100,0.0,0.0,0.0,0.0,0.0,0.0,0.0,0.0,0.0,0.0
2026-06-09 14:15:43,-2.3554907473421567,2.7418135700131687,-0.04235553150783611,-2.860603603333428,0.8637773139157123,0.7992940730577902,-0.39480581571029916,0.9989993524492742,36.93655204539264,37.35515984789563,37.06170450340502,14.0,20.0,36.0,-69.6,0.0,0.0,0.0,0.0,0.0,0.0,0.0,0.0,0.0,0.0
2026-06-09 14:15:45,0.8995123455186875,0.24797021795953755,1.3839837841745677,-0.9662211215519023,-2.449444327365764,2.286011377727121,1.3751806327669147,-0.7786407323814197,37.050893382903915,36.825840607678934,36.81902056999094,14.0,20.0,36.0,-40.4,0.0,0.0,0.0,0.0,0.0,0.0,0.0,0.0,0.0,0.0
2026-06-09 14:15:46,-1.828953050032997,2.866773264891929,-2.875159903516659,0.7162419149950887,2.284126143137885,-0.2061858809139352,1.7295856957885434,1.0503418723707618,36.864286943207794,36.843659503703726,36.89746852217161,14.0,20.0,36.0,1.0,0.0,0.0,0.0,0.0,0.0,0.0,0.0,0.0,0.0,0.0
2026-06-09 14:15:47,-2.455240595239669,-0.2698729140199445,1.4374379660460228,0.4985927116054305,0.9139766099551654,2.580541563009497,-0.9124463761066237,2.896951771107786,36.60528750681583,37.20999688656217,37.12190579735257,14.0,20.0,36.0,-29.4,0.0,0.0,0.0,0.0,0.0,0.0,0.0,0.0,0.0,0.0
2026-06-09 14:15:48,-1.7060160222206642,2.9896980306843703,-0.11874553254480702,-1.3850899974986501,0.6720964265361191,1.4339260552309545,2.5726438770980096,-0.32604885348770907,36.710921531418585,37.016032255336754,36.87542510382324,14.0,20.0,36.0,-72.2,0.0,0.0,0.0,0.0,0.0,0.0,0.0,0.0,0.0,0.0
2026-06-09 14:15:49,0.1213076830888653,-2.594114340424385,-0.6247537318551051,0.40523901257654593,-1.0745644265032066,1.5494870772957325,-0.4337657901027434,-2.2051176033042355,37.037266023596395,36.98791722638023,36.99250149367609,14.0,20.0,36.0,83.8,0.0,0.0,0.0,0.0,0.0,0.0,0.0,0.0,0.0,0.0
2026-06-09 14:15:51,1.1340274223597175,2.12961544042693,-2.651395608773944,-1.6131081846001811,0.8741468968173534,2.3536597207267143,1.2789204507644225,-0.14349508491831386,36.55227335874173,37.20961285919648,37.05918757227368,14.0,20.0,36.0,15.3,0.0,0.0,0.0,0.0,0.0,0.0,0.0,0.0,0.0,0.0
2026-06-09 14:15:52,0.6963965007235067,-1.418305103610033,-1.8408854203415759,-1.4819222421850564,-1.0859336740416328,0.29925071479927023,2.9416694947201556,2.1896009809085246,36.57415391732562,37.05129090827357,37.012826058652394,14.0,20.0,36.0,85.9,0.0,0.0,0.0,0.0,0.0,0.0,0.0,0.0,0.0,0.0
2026-06-09 14:15:53,-2.2503641931298892,-0.055501218735606095,2.534491531650101,-1.1707704322062582,2.1919739076902456,1.2519382174358071,-0.12465552747965702,-0.007780620528909932,37.04438837148172,37.011882877644084,36.77291323779198,14.0,20.0,36.0,-63.5,0.0,0.0,0.0,0.0,0.0,0.0,0.0,0.0,0.0,0.0
2026-06-09 14:15:54,0.11482346317561554,-2.0038533621283596,2.4687220718389478,0.18317737800916323,-1.5778164258452188,2.407693875653413,0.12228540708710156,0.29029465097072205,37.092677377830476,37.284136086360164,37.19344961595283,14.0,20.0,36.0,-10.8,0.0,0.0,0.0,0.0,0.0,0.0,0.0,0.0,0.0,0.0
2026-06-09 14:15:55,-1.259338860282208,1.2241633577198918,1.2278213159315206,-0.8720711870701647,2.23576729648458,-0.7440268892619573,-0.425979071485596,-1.2770529450221717,36.56137311441804,37.085546763638185,36.837956890662426,14.0,20.0,36.0,-64.0,0.0,0.0,0.0,0.0,0.0,0.0,0.0,0.0,0.0,0.0
2026-06-09 14:15:56,-2.6596842204867785,2.5008092317563397,0.8224475441684036,1.3497020914215287,1.1546700658158295,-1.1828460485698908,1.6683294523381358,2.0438286649181707,37.03499244499547,37.36802644480623,36.92736875257611,14.0,20.0,36.0,-85.7,0.0,0.0,0.0,0.0,0.0,0.0,0.0,0.0,0.0,0.0
2026-06-09 14:15:57,0.06621330379679158,0.4663083409838342,-2.816437919272457,2.2811610789075267,0.7080466610072262,-2.8173828531356784,1.5913402352234396,2.694413662169339,36.978548493894905,36.9222018957752,37.012292507524506,14.0,20.0,36.0,60.2,0.0,0.0,0.0,0.0,0.0,0.0,0.0,0.0,0.0,0.0
2026-06-09 14:15:59,-0.09100866056921442,-2.069408543467768,2.938758870246687,2.1485238156622604,-1.0552763688194353,-0.8273542651881112,0.13412637689084317,1.6212097971783335,37.04771690707168,37.379205189954874,36.76352798354517,14.0,20.0,36.0,-22.8,0.0,0.0,0.0,0.0,0.0,0.0,0.0,0.0,0.0,0.0
2026-06-09 14:16:00,2.416998760516022,2.437357661882256,-1.3553218630099484,2.006742714078581,-1.6160310861935785,0.16962349937016263,0.9361661810355688,2.109523138603433,37.058710697873515,37.044922054014215,36.83271523614476,14.0,20.0,36.0,-27.4,0.0,0.0,0.0,0.0,0.0,0.0,0.0,0.0,0.0,0.0
2026-06-09 14:16:01,1.4612442000662762,2.084456068250102,2.4008077705560993,1.921562065665949,-2.2201651927466113,-1.3756085548232622,1.7743995265049115,-1.2678527222756875,36.82798714374612,37.24191077535033,37.091221784054,14.0,20.0,36.0,-100,0.0,0.0,0.0,0.0,0.0,0.0,0.0,0.0,0.0,0.0
2026-06-09 14:16:02,0.337147290580015,-2.9330244805484518,0.09516642754461646,0.9294754465874004,-0.8109665393813623,-0.524116170261506,-0.2815176380973323,2.886253227054472,36.66022559456687,36.835442376019145,36.81110545973989,14.0,20.0,36.0,73.0,0.0,0.0,0.0,0.0,0.0,0.0,0.0,0.0,0.0,0.0
2026-06-09 14:16:03,-2.879582617674452,-1.2098167531966946,-2.102925611788179,-0.7967291011113211,0.9754357454697509,2.3551712770849544,-0.6448710392842143,-0.2672070621797751,36.68273328482325,36.9860542118136,37.18395826053017,14.0,20.0,36.0,86.5,0.0,0.0,0.0,0.0,0.0,0.0,0.0,0.0,0.0,0.0
2026-06-09 14:16:04,2.519603748211071,2.0706762575068467,0.6116302705761507,2.4036268232408524,2.802454077598542,1.8130212652899766,-0.37171517691133804,0.6393072344731481,36.83754648031076,37.141707629331854,37.13795209716347,14.0,20.0,36.0,-68.6,0.0,0.0,0.0,0.0,0.0,0.0,0.0,0.0,0.0,0.0
2026-06-09 14:16:05,-1.8392984074174121,2.632541494983851,1.332659875008348,-1.0618228429783851,0.9716011744032449,1.0527238056246189,1.2361306301892574,-0.6302067047038129,36.87639409345551,37.050426914789796,36.88213860924101,14.0,20.0,36.0,-100,0.0,0.0,0.0,0.0,0.0,0.0,0.0,0.0,0.0,0.0
2026-06-09 14:16:07,-2.7417144906622752,-0.6602918464413436,-1.8775357788163747,-2.1978669325004176,1.3444551462957275,-1.3535427057783418,1.8558602614883002,0.012658448646327258,37.01856679155977,37.16622071404361,36.831583541474515,14.0,20.0,36.0,65.9,0.0,0.0,0.0,0.0,0.0,0.0,0.0,0.0,0.0,0.0
2026-06-09 14:16:08,1.8354829490743167,-2.7659971598301683,-2.7769979177863924,-2.0988134929531705,-1.0707629994247903,1.8966084834271033,-0.0701151045335644,-1.4494949450802128,36.90472943012271,36.84193287362925,37.01532255324344,14.0,20.0,36.0,144.2,0.0,0.0,0.0,0.0,0.0,0.0,0.0,0.0,0.0,0.0
2026-06-09 14:16:10,2.9906135266889615,2.2078255282047614,-0.8608409420543408,-2.7664870948157985,-2.8654612797768317,-0.6666775821066029,-0.9316968536745578,2.934940842690005,36.78031351290556,36.87661801258012,37.13037599509644,14.0,20.0,36.0,-35.6,0.0,0.0,0.0,0.0,0.0,0.0,0.0,0.0,0.0,0.0
2026-06-09 14:16:11,1.2695955177010427,1.1877522009405128,-0.05388923405918877,-1.6753633741996075,2.5788753304244985,0.6374372036656144,-2.7153028572128974,0.3480860383270965,36.734904521295746,36.82931769449139,37.13775901982278,14.0,20.0,36.0,-30.4,0.0,0.0,0.0,0.0,0.0,0.0,0.0,0.0,0.0,0.0
2026-06-09 14:16:12,1.9437567384871546,2.7900149319170398,2.3316567020254766,-2.6638581992213695,-2.4854045766323427,-0.44573082982626877,-2.0830116145581306,1.7746567653821756,37.096654759606174,37.14084046465686,36.77833210744307,14.0,20.0,36.0,-100,0.0,0.0,0.0,0.0,0.0,0.0,0.0,0.0,0.0,0.0
2026-06-09 14:16:13,1.6936265469739142,2.7129772824187324,2.3952774100678074,2.1741807211921405,-2.563216365052893,-0.9319611548828668,1.0313298926209091,0.7755817649354655,36.5859759304769,36.935670787759946,37.16018392582055,14.0,20.0,36.0,-100,0.0,0.0,0.0,0.0,0.0,0.0,0.0,0.0,0.0,0.0
2026-06-09 14:16:14,-0.21514374735836306,-1.0548725422672576,-2.0884105124339083,0.9485333027437868,2.7473267242393717,-0.6803208567378558,1.7008756987983,-2.6797648705015726,36.89353586873762,37.01142671674012,37.25914960719093,14.0,20.0,36.0,81.8,0.0,0.0,0.0,0.0,0.0,0.0,0.0,0.0,0.0,0.0
2026-06-09 14:16:15,0.945027296440073,1.5961145821588758,0.2985721113146953,-0.4542492667935232,2.2330929228495204,-0.14715206288665694,-1.2030361253263604,1.0759672345185285,36.97396970396272,37.30546360842232,37.116479790238266,14.0,20.0,36.0,-49.7,0.0,0.0,0.0,0.0,0.0,0.0,0.0,0.0,0.0,0.0
2026-06-09 14:16:16,-0.1624133026456791,2.7856985173141187,-1.3864018371427878,1.2352773439699174,-2.615294241783456,-2.3008325351482615,-1.4631644543846483,-2.12670619361702,36.87428251152002,37.399060957299874,37.05859953346802,14.0,20.0,36.0,-38.1,0.0,0.0,0.0,0.0,0.0,0.0,0.0,0.0,0.0,0.0
2026-06-09 14:16:17,-0.9357022945207518,-1.0450587631995605,1.22982391612884,-1.1999943796878134,2.58164556007193,-0.9491215489681597,-2.2880358463240507,-0.3329287528088378,36.79756545279687,36.8018409404686,36.800817097195555,14.0,20.0,36.0,-6.4,0.0,0.0,0.0,0.0,0.0,0.0,0.0,0.0,0.0,0.0
2026-06-09 14:16:18,-2.944222487713844,-1.2460018018199839,-1.4192738460212302,-1.7606616960687758,-0.26937826956538924,2.151749490954673,1.804436471573207,-1.186962474074822,36.5986319998879,37.0938854212997,37.29058146704287,14.0,20.0,36.0,70.9,0.0,0.0,0.0,0.0,0.0,0.0,0.0,0.0,0.0,0.0
2026-06-09 14:16:20,-1.3453361952763339,-1.6803221140894178,-2.6571315339612136,2.38772867888626,-0.36259592488796244,-1.6219192134468854,-2.8649894943901337,-0.7911763281220185,36.849691392568275,36.926589984178484,37.06658564353699,14.0,20.0,36.0,109.9,0.0,0.0,0.0,0.0,0.0,0.0,0.0,0.0,0.0,0.0
2026-06-09 14:16:21,-2.818378864281418,0.262798179241992,-1.8140385586106678,-1.242282029502567,-2.792922364605611,-1.9724890904693557,2.0210687262334464,0.06853870745665036,37.03746405604346,37.375989599142954,36.704956402057086,14.0,20.0,36.0,40.1,0.0,0.0,0.0,0.0,0.0,0.0,0.0,0.0,0.0,0.0
2026-06-09 14:16:23,1.1907212850874611,-0.10619521420618838,-2.6411874972249243,1.9327639751095926,0.489225721044404,-0.35124241221170527,-0.3148885483359143,-1.928555682259548,36.56990941860987,36.833995418373995,36.89030139119863,14.0,20.0,36.0,70.7,0.0,0.0,0.0,0.0,0.0,0.0,0.0,0.0,0.0,0.0
2026-06-09 14:16:24,1.3987692581003008,-1.5505622618169246,1.1287226490163569,1.3353959176972587,-1.6101925998119635,-2.98496740895807,2.6817619662012904,-0.7922974400794116,36.811649331625084,37.23189955619766,37.166661328264595,14.0,20.0,36.0,10.8,0.0,0.0,0.0,0.0,0.0,0.0,0.0,0.0,0.0,0.0
2026-06-09 14:16:25,1.589275850922947,-2.072341543221844,-2.2841347502545855,0.4732207479977353,2.51086408706705,-2.806793935251546,-0.9828452133883236,2.2158120853230843,36.857894202164836,37.18957969732549,37.023791848918385,14.0,20.0,36.0,110.8,0.0,0.0,0.0,0.0,0.0,0.0,0.0,0.0,0.0,0.0
2026-06-09 14:16:26,1.3543001888830783,0.5827132414387304,1.9728660843199926,-0.7793610500567754,2.5109627939183055,-0.7769927322770882,-0.943269565442816,2.0300507222169797,37.044555121205256,36.91566823645344,37.18538181935185,14.0,20.0,36.0,-66.9,0.0,0.0,0.0,0.0,0.0,0.0,0.0,0.0,0.0,0.0
2026-06-09 14:16:27,-0.23714948932724544,1.590113135760367,0.9493725077598532,-1.722062319083216,-2.915777865044034,-1.8719536852162508,-0.934438317885022,2.4369538483896926,36.83979081570199,37.191914171670255,36.93450069446313,14.0,20.0,36.0,-67.1,0.0,0.0,0.0,0.0,0.0,0.0,0.0,0.0,0.0,0.0
2026-06-09 14:16:28,0.21354622804201817,1.4971095285670462,-1.1427251987764782,-1.3740450561588098,1.0562763892838145,0.20361345903184702,-2.2847260885240352,-1.4688776972585658,37.0265533599671,36.85893318395308,36.95071254770709,14.0,20.0,36.0,-10.2,0.0,0.0,0.0,0.0,0.0,0.0,0.0,0.0,0.0,0.0
2026-06-09 14:16:30,0.6978974527755657,-1.4128646299906549,1.9800357134634652,-2.455124095406784,1.8902351865665885,2.1395685777613282,2.9496610774327507,2.345261012927997,36.656936092938736,36.87514530252518,37.27779072995932,14.0,20.0,36.0,-12.1,0.0,0.0,0.0,0.0,0.0,0.0,0.0,0.0,0.0,0.0
2026-06-09 14:16:31,0.17621931614275654,-1.6053587708339305,-0.04087282268648629,1.1279477519454923,-1.1205361324208325,2.8659817585471075,-0.1243822047051042,2.1620915828781673,36.98767153480322,37.00575324715704,37.075899139243596,14.0,20.0,36.0,43.9,0.0,0.0,0.0,0.0,0.0,0.0,0.0,0.0,0.0,0.0
2026-06-09 14:16:32,1.4518328657743753,-1.6109435322222487,0.580231373371995,0.20169108394601842,-0.5280731518001684,1.8256543450461375,-0.39321109652918285,2.0881437052450433,36.72972399373404,37.0113083191102,36.993847012928974,14.0,20.0,36.0,27.4,0.0,0.0,0.0,0.0,0.0,0.0,0.0,0.0,0.0,0.0
2026-06-09 14:16:33,1.4524571954091599,1.422306405415621,-0.17999884678520495,1.555561937298637,1.4005211364068346,-0.11626326299576029,-2.61560177675042,-0.627296456442914,36.72979365103301,37.15747973908467,37.06028718890095,14.0,20.0,36.0,-33.5,0.0,0.0,0.0,0.0,0.0,0.0,0.0,0.0,0.0,0.0
2026-06-09 14:16:34,0.7974941697279609,-1.3379339877960228,-0.3525596681203038,-0.1490241476534231,-0.34043164330615916,1.695368846411104,-2.2870580329690315,-2.1024602458471975,36.50334824415445,36.93355788083736,37.22236701080409,14.0,20.0,36.0,43.4,0.0,0.0,0.0,0.0,0.0,0.0,0.0,0.0,0.0,0.0
2026-06-09 14:16:36,-1.596724445426433,-1.7974603506559446,-1.4188317494357454,-1.493629128586331,0.38602925505035435,-1.28973805021167,2.395634023537978,1.865638749578797,36.93652193145478,36.86787935600143,37.20934742878684,14.0,20.0,36.0,83.7,0.0,0.0,0.0,0.0,0.0,0.0,0.0,0.0,0.0,0.0
2026-06-09 14:16:37,1.9422075655319286,-1.0281087537813192,1.2671736254133377,-2.1285636059319186,2.0624709779778305,-0.5279604828630564,2.2836658328677233,-1.868392641775441,36.85885339875451,37.03236695064511,37.15643497037879,14.0,20.0,36.0,-5.3,0.0,0.0,0.0,0.0,0.0,0.0,0.0,0.0,0.0,0.0
2026-06-09 14:16:39,2.247143539269703,-1.7484552637082422,-1.0271963356711264,2.294180206988859,-0.2676293457240093,-2.166455771553454,1.0116029679816974,2.0023802264925408,36.55653456945833,37.385544965555894,37.20501623535181,14.0,20.0,36.0,71.2,0.0,0.0,0.0,0.0,0.0,0.0,0.0,0.0,0.0,0.0
2026-06-09 14:16:40,2.964100907830808,-0.866053771131019,1.1779021577212285,2.314474655945567,-2.6527237373921677,-1.432003643636632,-2.919881513433487,-0.712872363394716,36.532888547087985,36.9394397383162,37.1240741285026,14.0,20.0,36.0,-10.2,0.0,0.0,0.0,0.0,0.0,0.0,0.0,0.0,0.0,0.0
2026-06-09 14:16:41,-0.6157817895107094,-2.374922017165928,2.120641856963003,2.9978329453368264,-2.383604680835705,-2.34402467892491,-0.8622889200719812,-2.3284897548636314,36.71169709292604,37.32241725502245,36.80174408580696,14.0,20.0,36.0,5.0,0.0,0.0,0.0,0.0,0.0,0.0,0.0,0.0,0.0,0.0
2026-06-09 14:16:42,-2.2228323051199395,1.229126743280931,-1.0600128038358734,-0.7716988281528288,-1.6259508217588161,-1.6666888906540012,2.4837055264871255,-1.916680318695801,36.51033176513991,37.12902704706964,36.928666399577445,14.0,20.0,36.0,-4.0,0.0,0.0,0.0,0.0,0.0,0.0,0.0,0.0,0.0,0.0
2026-06-09 14:16:43,-0.797297262020412,-1.8085441581659558,-0.6011775224983764,0.3488226206586358,1.9825302293405986,1.4036216021898245,-2.4687301790534435,0.284747112461754,36.5371945125075,37.047226743055276,37.20323760431077,14.0,20.0,36.0,61.8,0.0,0.0,0.0,0.0,0.0,0.0,0.0,0.0,0.0,0.0
2026-06-09 14:16:44,2.776207107183403,0.21926987996731517,2.260365447327511,0.9321641976400015,-0.6768517306067761,-2.0167602910832403,1.451822986032413,-2.969332591444975,36.8556961817966,37.189590961457036,37.18241887968731,14.0,20.0,36.0,-64.4,0.0,0.0,0.0,0.0,0.0,0.0,0.0,0.0,0.0,0.0
2026-06-09 14:16:46,-1.6979673957653527,2.2264822462798,-0.021982117216481356,-0.16741279328560754,0.8032399741601415,-0.6354373957634589,-1.8049856438065517,-1.3461855138842247,37.01913649136647,36.97687145688589,37.0080940230933,14.0,20.0,36.0,-58.2,0.0,0.0,0.0,0.0,0.0,0.0,0.0,0.0,0.0,0.0
2026-06-09 14:16:47,-1.236615002100704,-1.7033310458637727,0.7806615341068648,0.9461786284620501,-0.3178640174286751,-2.74543173975865,-1.8178038530148788,0.4701249838353587,36.94514694508082,37.07429239119403,37.07824032985323,14.0,20.0,36.0,21.6,0.0,0.0,0.0,0.0,0.0,0.0,0.0,0.0,0.0,0.0
2026-06-09 14:16:49,0.8070875268143873,-1.5549665584853671,1.5505825386334422,-2.6134929465675736,-2.517122586410204,-1.4754723372658334,2.33665060034175,-0.16424970471129896,36.785000311821214,37.037053373113345,37.276844183969196,14.0,20.0,36.0,0.5,0.0,0.0,0.0,0.0,0.0,0.0,0.0,0.0,0.0,0.0
2026-06-09 14:16:50,2.6822707882822687,-2.8210718588490886,-2.1958877722411643,-1.3253354950763054,-1.7964189410320914,2.2234217213286858,2.609721706589573,2.3228146250147974,36.89364804032124,37.27948874279611,37.091445069078816,14.0,20.0,36.0,132.1,0.0,0.0,0.0,0.0,0.0,0.0,0.0,0.0,0.0,0.0
2026-06-09 14:16:51,-0.9763982503167297,1.3960968288864395,-2.930325504323271,1.375366596663337,2.3038351463614433,0.5467502989709221,-1.2527555955289544,1.6493621246398238,36.79776543408623,37.28157542189329,36.86428771883614,14.0,20.0,36.0,39.3,0.0,0.0,0.0,0.0,0.0,0.0,0.0,0.0,0.0,0.0
2026-06-09 14:16:52,0.7900808469159584,0.4377852014534618,-0.6206923381606151,-1.8175263022122459,2.776071625243164,-1.326674582728032,-2.922672580212265,-2.8034195200776493,36.55033957794245,37.192503742066606,36.95963668608332,14.0,20.0,36.0,2.6,0.0,0.0,0.0,0.0,0.0,0.0,0.0,0.0,0.0,0.0
2026-06-09 14:16:54,2.6537747360085886,0.12999427232887317,0.7166922038127908,-2.2559206176971784,-0.2558086723002546,1.3760707749872143,-0.6226386266038331,0.37598959027560497,36.99556231988366,37.33371766104133,36.80590052391846,14.0,20.0,36.0,-21.5,0.0,0.0,0.0,0.0,0.0,0.0,0.0,0.0,0.0,0.0
2026-06-09 14:16:55,-0.49444079348481695,-2.8418227344568256,-1.1608652731448492,2.186570533736109,-1.1704148391840785,0.0013161697890327062,-1.230754018171806,2.6996148842736876,36.68775557911871,36.92572957846482,36.90008287243396,14.0,20.0,36.0,102.9,0.0,0.0,0.0,0.0,0.0,0.0,0.0,0.0,0.0,0.0
2026-06-09 14:16:56,0.962333688288707,-0.611488823862814,-2.9139831799857028,2.9632264954314707,0.9461247766385745,-2.6525593019729667,2.868585261920762,1.6032077472908348,37.06248186489898,37.05258440592304,36.96261933048591,14.0,20.0,36.0,91.3,0.0,0.0,0.0,0.0,0.0,0.0,0.0,0.0,0.0,0.0
2026-06-09 14:16:57,-2.0654049928722547,2.3447863402891347,2.126412078227636,2.8135377974122484,-0.8108889983060301,-1.9305608049026388,0.5636371682468768,1.7401615508372315,37.02908168413673,36.82071974775624,36.725930732441235,14.0,20.0,36.0,-100,0.0,0.0,0.0,0.0,0.0,0.0,0.0,0.0,0.0,0.0
2026-06-09 14:16:59,1.2392604207895141,-1.7618331826483202,-1.0627131492481445,0.6587837506388481,0.114818254611603,1.9714120294258173,0.6446512019579465,1.2984665980999166,36.57576988805161,37.061073704188985,37.16375686157127,14.0,20.0,36.0,74.3,0.0,0.0,0.0,0.0,0.0,0.0,0.0,0.0,0.0,0.0
2026-06-09 14:17:00,1.2106283735186159,-0.9205811259084271,-1.9660504671488033,-1.5590224277355542,2.949439074897737,-2.8022261051971804,-0.11028856346675076,1.6587927542700882,36.679423067806965,37.21569451353873,36.92616808136169,14.0,20.0,36.0,73.2,0.0,0.0,0.0,0.0,0.0,0.0,0.0,0.0,0.0,0.0
2026-06-09 14:17:01,1.8114818291200852,1.3562800488869122,-0.7732963987062647,0.4206530773184012,-2.825849898573101,0.15835377862032685,-0.753183464806404,-1.236757118868159,36.9245119566326,37.22493051314269,36.709514036643036,14.0,20.0,36.0,-15.4,0.0,0.0,0.0,0.0,0.0,0.0,0.0,0.0,0.0,0.0
2026-06-09 14:17:02,0.3242236024530385,-1.7076894822817954,-2.6772410591241815,0.048646478542610616,0.7818219139331699,2.661570302045413,-2.1236430526854138,-0.209095052454511,36.977135967092146,36.81547049498803,36.861145950196075,14.0,20.0,36.0,113.7,0.0,0.0,0.0,0.0,0.0,0.0,0.0,0.0,0.0,0.0
2026-06-09 14:17:03,1.3697777110800908,-1.4337432565938528,2.3612284378015858,-2.9471572488212905,2.0792710066893365,-1.4615418989761502,-1.7240351733225452,-0.19308729683363346,36.97462955291452,36.80327795565497,37.1443625941102,14.0,20.0,36.0,-25.6,0.0,0.0,0.0,0.0,0.0,0.0,0.0,0.0,0.0,0.0
2026-06-09 14:17:04,2.491219333439033,0.5294736082313332,0.1940929081246483,-1.498028858849485,-0.4921485314878593,-1.1566297559568643,2.635259571590061,-0.662963869437351,36.61742079116618,36.99459308432456,37.23111743232887,14.0,20.0,36.0,-18.0,0.0,0.0,0.0,0.0,0.0,0.0,0.0,0.0,0.0,0.0
2026-06-09 14:17:05,1.5946614032156585,-2.0072491839615463,-0.6151145993110729,2.0419304597607413,2.0420624714204125,-1.72300283516429,-0.001323554514812919,-1.2641390225539668,36.78516629368286,36.95425566583391,37.084181440595835,14.0,20.0,36.0,66.9,0.0,0.0,0.0,0.0,0.0,0.0,0.0,0.0,0.0,0.0
2026-06-09 14:17:06,0.9146390298482925,-1.4864617091175887,0.20787296655640075,0.14607849678706364,-2.5494960925383334,2.1187899538031285,-0.2633117091522621,-0.36625354731308324,36.77638842515325,37.13175984868733,36.94786788267265,14.0,20.0,36.0,34.0,0.0,0.0,0.0,0.0,0.0,0.0,0.0,0.0,0.0,0.0
2026-06-09 14:17:08,-1.0131074902438422,2.7078490248641547,0.9460280127110638,-1.0063199099458597,2.08803485664657,0.8276961757623154,-0.029263889991639314,1.8772325320192493,36.86331022969278,37.14601366290263,37.29007039426508,14.0,20.0,36.0,-94.1,0.0,0.0,0.0,0.0,0.0,0.0,0.0,0.0,0.0,0.0
2026-06-09 14:17:09,-0.23946702251941865,2.143311296451113,-0.5904017855434969,2.3141577827300477,2.6498472148119205,2.855239342287173,-1.749382697203477,1.9216802257359147,36.80237769762819,36.912553449387545,36.81232703376942,14.0,20.0,36.0,-39.6,0.0,0.0,0.0,0.0,0.0,0.0,0.0,0.0,0.0,0.0
2026-06-09 14:17:10,1.8601323949368034,-0.6727874651261487,-2.8506651468609308,-2.65982152889285,1.6089108750855825,1.3878915617545484,2.719124787814253,2.9344441478046015,36.727394827491814,37.238614783009105,36.74909791068181,14.0,20.0,36.0,93.2,0.0,0.0,0.0,0.0,0.0,0.0,0.0,0.0,0.0,0.0
2026-06-09 14:17:11,2.359848975691034,1.386529336792087,-0.4751782080865423,2.23432538633764,2.9477158028850434,1.6029265335839717,-0.14638228035570755,-1.3512772170657572,36.639894611809915,37.374258270113764,36.7823726305511,14.0,20.0,36.0,-22.8,0.0,0.0,0.0,0.0,0.0,0.0,0.0,0.0,0.0,0.0
2026-06-09 14:17:12,-2.300216534294398,-2.043878027264972,-0.5555564611257622,-2.7987053645041913,0.9521233297850049,1.293041190592529,-0.331627536434564,2.5993982234040676,36.78167830187429,36.88012796490426,37.189569294714495,14.0,20.0,36.0,67.7,0.0,0.0,0.0,0.0,0.0,0.0,0.0,0.0,0.0,0.0
2026-06-09 14:17:14,-2.8303572455116637,0.40331896074122264,0.20971887833829328,2.2520901358123115,-0.6091853921818249,0.43908263392146907,-2.662080566326173,2.160252582836912,36.76322779330279,37.054048986291235,37.13445898905915,14.0,20.0,36.0,-17.0,0.0,0.0,0.0,0.0,0.0,0.0,0.0,0.0,0.0,0.0
2026-06-09 14:17:15,-2.656093196850564,1.663043299234677,2.207107149380948,1.9334322243756699,2.409183349927445,2.8634065948517557,0.4988280672725107,2.5503444464872818,36.593466147659974,36.82801184922341,36.803345828719095,14.0,20.0,36.0,-98.4,0.0,0.0,0.0,0.0,0.0,0.0,0.0,0.0,0.0,0.0
2026-06-09 14:17:16,0.2716350953015616,-2.7307415535097808,0.0780091294435099,-2.979046728772186,2.1464026926891018,0.4474166703381375,-2.9307553358845286,0.917052712148684,36.827495138783064,37.136411176915246,37.209575496350695,14.0,20.0,36.0,67.4,0.0,0.0,0.0,0.0,0.0,0.0,0.0,0.0,0.0,0.0
2026-06-09 14:17:17,-1.3159449839524906,-2.587497949984825,-1.7053083853212427,0.6288468783535519,2.439027850155135,-1.2480363169447,0.8353127648371013,-1.5455574449041465,36.57493141319203,37.066813880988896,37.24955956714284,14.0,20.0,36.0,110.8,0.0,0.0,0.0,0.0,0.0,0.0,0.0,0.0,0.0,0.0
2026-06-09 14:17:19,2.221880000711862,0.31517572746637956,2.404946138522285,0.8474753273831084,-0.9668380810135,-1.7322179387330927,-2.739151519323607,-2.2351974871390228,36.90219705588725,37.20778409205259,36.83064865481048,14.0,20.0,36.0,-72.6,0.0,0.0,0.0,0.0,0.0,0.0,0.0,0.0,0.0,0.0
2026-06-09 14:17:20,2.0041229119136075,2.8450863676233284,0.09733443835833544,-1.970868788737297,2.0988366689505575,2.607885941426524,-0.7119898639202247,-0.6357313635842057,36.7226284508675,37.397601043134564,37.06661547831948,14.0,20.0,36.0,-75.1,0.0,0.0,0.0,0.0,0.0,0.0,0.0,0.0,0.0,0.0
2026-06-09 14:17:21,-0.4200471235215959,-2.3819013326171827,1.6551866972614784,-1.4056475465544667,1.9653326256387764,0.024705158161240526,2.576639637408902,-1.7334476694166943,36.62742427784593,37.23386744042499,36.79159783586672,14.0,20.0,36.0,20.1,0.0,0.0,0.0,0.0,0.0,0.0,0.0,0.0,0.0,0.0
2026-06-09 14:17:23,0.726645152356022,-0.569046283571129,-2.659912602264657,-2.2702318311326977,2.040366045061374,2.0392303375790606,1.011192302962714,-1.2230372352925911,36.822729171042795,37.14503738498016,36.899420251691254,14.0,20.0,36.0,85.0,0.0,0.0,0.0,0.0,0.0,0.0,0.0,0.0,0.0,0.0
2026-06-09 14:17:24,-1.1025227387489935,-2.6650151363381345,-2.8361561524894814,-2.7871335594489297,-0.9905816851545381,2.4262764691550895,1.128239963779862,-1.3932767402336794,36.608410095460364,37.337693264863084,36.81665318166796,14.0,20.0,36.0,144.0,0.0,0.0,0.0,0.0,0.0,0.0,0.0,0.0,0.0,0.0
2026-06-09 14:17:25,1.4553733205365216,0.47754801490484855,0.37793119353196714,-2.710118777873837,-0.6990653408505478,0.7053903729903634,-1.5054415732567992,-2.61077992270019,37.012934980891984,37.062090208424046,36.72386948526303,14.0,20.0,36.0,-22.5,0.0,0.0,0.0,0.0,0.0,0.0,0.0,0.0,0.0,0.0
2026-06-09 14:17:26,-2.3835243349791266,-2.3717986951360066,-0.4817295380391071,2.6829314508757243,-2.2036137999165026,-1.4418245830367513,0.019913437875187512,0.5158138919473596,36.50701117422148,37.360225102339356,37.167099648287014,14.0,20.0,36.0,73.1,0.0,0.0,0.0,0.0,0.0,0.0,0.0,0.0,0.0,0.0
2026-06-09 14:17:28,-0.8298796500800734,-0.9445459306151491,-2.6828278811003363,1.953962687088005,-0.15407444737406095,-1.858586868421793,0.521756516796251,-0.7621556322784038,37.046371481257076,37.03982252194196,36.837813473100994,14.0,20.0,36.0,93.1,0.0,0.0,0.0,0.0,0.0,0.0,0.0,0.0,0.0,0.0
2026-06-09 14:17:29,2.45562317046911,1.610165129096349,-0.49744383458511,0.3744678687417107,0.18280702926537717,-1.458101735225047,1.3174071668462783,-0.6451554265956778,36.896606370043486,37.21986515933635,37.294715698839596,14.0,20.0,36.0,-28.8,0.0,0.0,0.0,0.0,0.0,0.0,0.0,0.0,0.0,0.0
2026-06-09 14:17:31,1.3531223574036968,-2.5418677500409066,1.3936911083401462,1.9594213830053624,-1.0355204093020716,0.3232818103160042,-1.075021259047907,0.6723116312550483,36.9097426060972,37.07671667082333,37.11458993560932,14.0,20.0,36.0,29.3,0.0,0.0,0.0,0.0,0.0,0.0,0.0,0.0,0.0,0.0
2026-06-09 14:17:32,-1.7995625353637803,2.158929100650635,-2.5369525461485507,-1.807652785701254,-2.846584979377412,-0.7782022199917469,0.004348043820188607,2.7433093099504084,36.709193060183146,37.26436877698968,37.114502854240925,14.0,20.0,36.0,9.4,0.0,0.0,0.0,0.0,0.0,0.0,0.0,0.0,0.0,0.0
2026-06-09 14:17:33,1.49214211339714,0.6776073193696823,-0.10409276054057459,2.68549921194474,0.8835964820838278,-1.6817934498196878,-2.067357672557232,-1.9929881872941055,37.019147998292226,36.96091656246509,36.834647820986106,14.0,20.0,36.0,-16.7,0.0,0.0,0.0,0.0,0.0,0.0,0.0,0.0,0.0,0.0
2026-06-09 14:17:35,-2.6233753076837143,-1.3360455670134639,1.4858862088185418,1.1812436850561294,2.00986285539091,1.8362754437013171,-2.3349839580465073,1.3606156503157054,36.591413490739484,36.9949216011387,37.03867737631298,14.0,20.0,36.0,-4.1,0.0,0.0,0.0,0.0,0.0,0.0,0.0,0.0,0.0,0.0
2026-06-09 14:17:36,0.9582609876401254,-0.6043849053470289,1.4170083473276929,0.44099419983949684,0.8995190529078201,-1.2618224392068782,-0.2471849529464869,-0.8057964589907707,36.58966903011615,36.91209778319247,36.93460293803176,14.0,20.0,36.0,-21.8,0.0,0.0,0.0,0.0,0.0,0.0,0.0,0.0,0.0,0.0
2026-06-09 14:17:37,1.2376825736072217,-0.7687880792097004,-2.3834911873840534,1.8774222063884576,-2.1825596617268737,-0.7268110526394915,-2.034005887992138,-1.0556273406580945,37.0500919916075,37.055624320286526,37.0493173810939,14.0,20.0,36.0,80.1,0.0,0.0,0.0,0.0,0.0,0.0,0.0,0.0,0.0,0.0
2026-06-09 14:17:39,-2.243375621498923,1.032679460724009,0.23877601743137689,-1.6644145588925188,1.4898920859836968,0.25253488904981314,2.64615891394134,1.9473754530400162,36.54105391265842,36.969684826688216,37.03096460012564,14.0,20.0,36.0,-31.4,0.0,0.0,0.0,0.0,0.0,0.0,0.0,0.0,0.0,0.0
2026-06-09 14:17:40,-2.412498046670888,-0.529582048537395,0.17055264797735603,-2.864727967403283,1.3518711939641026,-1.1530237468901865,-1.507788960064446,-1.5336423338830727,36.59020953510696,37.369941639386205,36.88957111442756,14.0,20.0,36.0,8.0,0.0,0.0,0.0,0.0,0.0,0.0,0.0,0.0,0.0,0.0
2026-06-09 14:17:41,2.7800793011371603,2.644270607049428,2.325872234369916,-2.5390294931601636,-1.933791624639573,2.051372664060777,-2.7738585767119925,0.6725900138302965,36.90531797869631,37.25808465953374,37.04142928449684,14.0,20.0,36.0,-100,0.0,0.0,0.0,0.0,0.0,0.0,0.0,0.0,0.0,0.0
2026-06-09 14:17:42,1.0938585905207363,-0.1644965358578414,-2.3752943935334923,-1.504741119130847,-0.9294579551565101,-0.15597430204482432,-0.8121308645380498,-0.004936885665846269,37.00775502318405,37.143021203944464,36.933214983459806,14.0,20.0,36.0,65.2,0.0,0.0,0.0,0.0,0.0,0.0,0.0,0.0,0.0,0.0
2026-06-09 14:17:43,1.1790718815222405,-2.4377539867564386,-1.6771299509310138,1.1591093665470487,0.9396746218306475,0.4811806010894948,-1.6050770204054552,0.12919176244996144,36.765011116276405,37.3128642870066,36.935293103027824,14.0,20.0,36.0,105.8,0.0,0.0,0.0,0.0,0.0,0.0,0.0,0.0,0.0,0.0
2026-06-09 14:17:44,2.9991445606031313,-0.33422535384282526,1.5035596556983766,2.095343593356459,2.185036859413481,2.1418507542723217,-1.4309149935688954,2.1501845863227507,36.95574900091692,37.1814587353986,36.840285109069995,14.0,20.0,36.0,-29.9,0.0,0.0,0.0,0.0,0.0,0.0,0.0,0.0,0.0,0.0
2026-06-09 14:17:45,0.7886382299440275,0.9423694481897931,-2.1700747869066888,-2.649013573031011,-2.906456668166177,1.55793858772833,2.2682926494097195,-2.685619600115806,36.93541554508302,37.02792049273748,37.1947244354843,14.0,20.0,36.0,33.7,0.0,0.0,0.0,0.0,0.0,0.0,0.0,0.0,0.0,0.0
2026-06-09 14:17:46,2.344693297098088,1.7202039350473513,-0.5981314883097886,1.4013186353179794,1.2218377301719503,0.6795829292261448,-1.288228498537396,1.7806265187829204,36.54379931247181,37.03694640611541,37.05657564214511,14.0,20.0,36.0,-29.3,0.0,0.0,0.0,0.0,0.0,0.0,0.0,0.0,0.0,0.0
2026-06-09 14:17:48,2.6150382533947383,-2.737053270934582,0.593073138081702,-0.5133951100895064,-0.4256628664658715,0.6910668556018851,0.4185655132430317,-1.063354781716304,36.98672143586909,36.89467866845241,36.82475348025001,14.0,20.0,36.0,56.0,0.0,0.0,0.0,0.0,0.0,0.0,0.0,0.0,0.0,0.0
2026-06-09 14:17:49,-0.9401282368319297,-1.7420136443508392,1.126963040059196,1.4454664255526453,1.4481585467783216,1.5879731912635418,0.38968510587817207,0.8230524150030778,37.0963169525581,36.875194085056734,36.88664255913075,14.0,20.0,36.0,16.9,0.0,0.0,0.0,0.0,0.0,0.0,0.0,0.0,0.0,0.0
2026-06-09 14:17:51,1.20115797329324,-2.0240768993413356,2.670851804222453,2.908720573356562,-2.406803507500954,0.543001395992448,-2.7237209674518823,-2.5128320540612687,36.87229677802721,37.0177972154389,36.74951465744718,14.0,20.0,36.0,-17.8,0.0,0.0,0.0,0.0,0.0,0.0,0.0,0.0,0.0,0.0
2026-06-09 14:17:52,-2.266257504357095,-0.48931139188037864,2.8992830682987547,1.0629433410835771,1.2490607016494444,-2.777996845114849,-1.3375860718637036,0.5624589181142206,36.655118275189224,37.107439198211104,36.9850381927367,14.0,20.0,36.0,-64.4,0.0,0.0,0.0,0.0,0.0,0.0,0.0,0.0,0.0,0.0
2026-06-09 14:17:53,-0.6416938904437144,-2.039055599780915,2.869231498122782,-1.8633956115885104,2.0243666869067045,-1.0544935406673417,-2.8610433730719387,-1.7357105797823735,36.79307952643561,37.22835531862529,36.77424756920807,14.0,20.0,36.0,-23.4,0.0,0.0,0.0,0.0,0.0,0.0,0.0,0.0,0.0,0.0
2026-06-09 14:17:54,1.1077738339025789,1.421799602464393,-0.47087367183180984,2.34442496690912,2.9405023028707635,1.7040926377152115,0.7244082911583529,0.4039493890745409,36.93932708219406,36.899147494001646,37.01375968329841,14.0,20.0,36.0,-23.4,0.0,0.0,0.0,0.0,0.0,0.0,0.0,0.0,0.0,0.0
2026-06-09 14:17:55,-1.1459875811715128,-2.426995197219462,-2.9344365728795925,-0.8659765850982559,-2.293313097091257,0.4596837823695896,0.12231553080469926,1.7087452833804075,36.7961381822866,37.31109509154861,36.88043684088479,14.0,20.0,36.0,138.9,0.0,0.0,0.0,0.0,0.0,0.0,0.0,0.0,0.0,0.0
2026-06-09 14:17:56,2.1798740862478994,-0.509634423382435,0.955736991872715,-0.25944587410999365,-1.4067077631620022,-1.9821915838975492,-0.5591083729912185,-2.060768667526103,37.026643145218,37.34401093994968,37.14934777874022,14.0,20.0,36.0,-12.8,0.0,0.0,0.0,0.0,0.0,0.0,0.0,0.0,0.0,0.0
2026-06-09 14:17:57,0.6139302770556969,-2.5785120996659394,-1.9044613578256124,2.203855702614433,1.7812993299760098,-1.5637756892079995,-0.025085839860086168,0.4319105438403352,37.017602079987824,37.26898908746575,37.26360005003136,14.0,20.0,36.0,115.1,0.0,0.0,0.0,0.0,0.0,0.0,0.0,0.0,0.0,0.0
2026-06-09 14:17:58,-2.080683900253761,1.3308524764776548,-2.272570165727301,-1.1694430495258425,2.329850307553908,2.9804751824359874,1.0632215259065738,-2.3582518826276755,36.684165628875014,36.82205458791629,37.11496650442779,14.0,20.0,36.0,26.4,0.0,0.0,0.0,0.0,0.0,0.0,0.0,0.0,0.0,0.0
2026-06-09 14:17:59,-0.19696700429167624,-2.2504416322580503,-1.8023292701246614,-1.9580261178729113,-1.2705404890453844,-2.2402088109125318,2.6050860214802487,0.49829809885823373,36.90217782072133,36.87050537592736,36.868336490212265,14.0,20.0,36.0,105.0,0.0,0.0,0.0,0.0,0.0,0.0,0.0,0.0,0.0,0.0
2026-06-09 14:18:00,1.7072322561549473,-2.927344473130268,-2.8902048367257853,2.803801884254863,1.3524052379046125,2.6305046598179986,-2.99384695614561,-2.5065211914811383,37.071624030682194,37.25152803785398,37.18649930849377,14.0,20.0,36.0,150.2,0.0,0.0,0.0,0.0,0.0,0.0,0.0,0.0,0.0,0.0
2026-06-09 14:18:01,2.594128687678211,2.6074633029351855,-2.034004747110106,1.907722191150448,-2.1128700036129207,2.652499371988637,0.42015035399933387,-0.9199351090708454,37.02222716632091,37.17484993705451,37.2313489146607,14.0,20.0,36.0,-13.3,0.0,0.0,0.0,0.0,0.0,0.0,0.0,0.0,0.0,0.0
2026-06-09 14:18:03,-2.9122959419715313,1.0598626635030133,-2.3130484808361014,0.9076743569072248,-1.4199008657887955,1.5607949510633912,-1.0628468669354054,2.409275121287326,36.93236074455164,37.257917522509736,37.22171210782038,14.0,20.0,36.0,32.7,0.0,0.0,0.0,0.0,0.0,0.0,0.0,0.0,0.0,0.0
2026-06-09 14:18:04,-1.238895419390663,-2.256659781412842,2.2257293600727994,1.0408015636236954,1.4283449140567193,-0.7990179312010781,-0.1709572206544614,-0.3395606471045767,36.79789939592244,37.27021491976384,37.03470659439216,14.0,20.0,36.0,0.3,0.0,0.0,0.0,0.0,0.0,0.0,0.0,0.0,0.0,0.0
2026-06-09 14:18:05,-2.912252111606297,-2.36670812871398,-0.06358834003573088,0.3972956226643123,2.5586767233579533,0.0582073187840777,0.6917140863230022,1.7898738452659222,36.79767006257645,36.88174780480747,36.736996113489624,14.0,20.0,36.0,63.2,0.0,0.0,0.0,0.0,0.0,0.0,0.0,0.0,0.0,0.0
2026-06-09 14:18:06,-1.1614528597116138,-2.625111674819669,-1.1838896053421277,-0.7260616480838364,0.5776777401452642,-1.0890275697190237,-2.9259033647501034,-2.7935808997642164,36.80494904412007,37.053307874763604,36.86839066306669,14.0,20.0,36.0,96.5,0.0,0.0,0.0,0.0,0.0,0.0,0.0,0.0,0.0,0.0
2026-06-09 14:18:07,-0.43744713918763845,0.682461056999931,0.2745131982921638,0.5543208795256547,-2.3194204637851428,-0.7655638601206838,2.9616070682144677,-1.4096891355572885,36.74979629128573,37.20156081621199,37.25606632732391,14.0,20.0,36.0,-23.6,0.0,0.0,0.0,0.0,0.0,0.0,0.0,0.0,0.0,0.0
2026-06-09 14:18:08,1.6246985865643992,0.8677341393728324,-0.3526589562922764,-1.6654388501416715,-1.3123673943138443,1.6033953775171224,1.5275028285604257,1.849614578640578,36.68763034381609,37.16315318016178,36.99559133964793,14.0,20.0,36.0,-11.8,0.0,0.0,0.0,0.0,0.0,0.0,0.0,0.0,0.0,0.0
2026-06-09 14:18:10,-0.49218380595349576,2.550980624345744,2.191989187655455,-2.8675004127082175,0.8355213570358258,0.5801334951059922,1.7014836400508369,0.5565166753620874,36.831343503170764,37.38253007306874,37.2121375847985,14.0,20.0,36.0,-100,0.0,0.0,0.0,0.0,0.0,0.0,0.0,0.0,0.0,0.0
2026-06-09 14:18:11,2.394914028783395,0.3200269817100976,0.6627561940627595,-2.9640491200325796,-0.007842744352782205,1.434115951117315,-0.43449987238951326,1.174166955289646,36.84607208035652,37.129959922342394,36.825000258595104,14.0,20.0,36.0,-24.9,0.0,0.0,0.0,0.0,0.0,0.0,0.0,0.0,0.0,0.0
2026-06-09 14:18:12,-0.4752731586558392,2.072337576809864,-1.352010886874694,-2.867584349744532,-0.5471212812557606,-0.5306459802535173,-2.9641346362182146,2.4055425569692295,36.5017336818665,36.97586650701046,36.81429208636988,14.0,20.0,36.0,-20.4,0.0,0.0,0.0,0.0,0.0,0.0,0.0,0.0,0.0,0.0
2026-06-09 14:18:13,1.345924994343899,1.3960669818517264,-2.3169073437655054,0.29132805584689336,-0.6439863379351496,-2.0461458647145347,-1.9626708750017265,1.1787773567393405,36.5038263072342,36.90353597864409,37.048421217620934,14.0,20.0,36.0,21.8,0.0,0.0,0.0,0.0,0.0,0.0,0.0,0.0,0.0,0.0
2026-06-09 14:18:14,-0.34547467104874574,1.8778492605405317,-0.13386680024674202,1.9962578813937855,1.3437381305143994,-2.9318726034036082,2.776343012461142,2.3622483940066825,36.8984221657175,36.968916939441634,37.068689093336914,14.0,20.0,36.0,-45.2,0.0,0.0,0.0,0.0,0.0,0.0,0.0,0.0,0.0,0.0
2026-06-09 14:18:15,-1.445821942194155,2.0641447509026083,2.9822588659655986,2.699441537906929,-2.8095633601628633,1.599302760645096,-1.5491827115846493,-2.6409646339320627,36.970381702255885,36.86071054125176,37.12295988989145,14.0,20.0,36.0,-100,0.0,0.0,0.0,0.0,0.0,0.0,0.0,0.0,0.0,0.0
2026-06-09 14:18:17,-0.08557774150720832,-2.38856638930827,1.376811959895723,0.3120647553818996,-1.631713810745217,1.9606528549974511,0.37570541902614174,1.148220881965078,36.53729518418247,37.17102980089603,36.87671542793405,14.0,20.0,36.0,27.3,0.0,0.0,0.0,0.0,0.0,0.0,0.0,0.0,0.0,0.0
2026-06-09 14:18:18,0.7733091477806004,0.8256072311964449,2.1503547118699,-0.6019739673924667,2.1720025915442323,2.4514135314388072,-1.4281474818141064,-1.24959147550715,36.88583919335491,37.23094554032103,36.77368929721086,14.0,20.0,36.0,-76.4,0.0,0.0,0.0,0.0,0.0,0.0,0.0,0.0,0.0,0.0
2026-06-09 14:18:19,1.7575925798395904,0.8443226506308443,1.2957250319367954,-0.36583729665902753,-0.4934630776749822,0.5296354012623983,-0.3508598541079766,-2.083656924676678,36.78795975502841,37.23252648526437,37.13283574976743,14.0,20.0,36.0,-55.2,0.0,0.0,0.0,0.0,0.0,0.0,0.0,0.0,0.0,0.0
2026-06-09 14:18:20,0.609391572737958,1.4260871095023093,-1.332165339443776,-1.990354177641984,1.9273906969325347,-2.841571066311202,-1.2399083097686632,1.2132537920908808,36.93178354527448,37.24309315427927,37.20018257348007,14.0,20.0,36.0,-4.5,0.0,0.0,0.0,0.0,0.0,0.0,0.0,0.0,0.0,0.0
2026-06-09 14:18:22,0.2821070726920114,-2.946401042423844,-0.015522437121113342,-0.0604847480862567,-1.4354094736498197,-0.7556751302330325,-0.7677879855298517,-0.31997316241212204,37.086053954951545,36.892096201908345,37.26007127710023,14.0,20.0,36.0,75.8,0.0,0.0,0.0,0.0,0.0,0.0,0.0,0.0,0.0,0.0
2026-06-09 14:18:23,2.065771201701418,2.876121570247788,1.8443131442027685,-0.9848008341849139,1.2543286415941797,1.898507923736723,1.1985752775223197,-0.14574033648471962,36.8582471968748,37.20753080327081,37.09131513033572,14.0,20.0,36.0,-100,0.0,0.0,0.0,0.0,0.0,0.0,0.0,0.0,0.0,0.0
2026-06-09 14:18:24,-1.811014523713694,0.003709697683046187,-0.7454607464036851,-0.5055023797746498,0.6500302147222978,0.3045035070580031,2.032520823139513,-0.4182685645736699,36.54285933193182,37.38954451699783,37.150739131573935,14.0,20.0,36.0,20.3,0.0,0.0,0.0,0.0,0.0,0.0,0.0,0.0,0.0,0.0
2026-06-09 14:18:25,-1.5074777675808049,1.818340450322812,-1.3563587870014746,0.09618318593029018,0.05130931104186853,-0.06999271408120755,-2.382055723153945,0.3312798218329256,37.0052190349501,36.9260904097068,37.266321646717735,14.0,20.0,36.0,-13.2,0.0,0.0,0.0,0.0,0.0,0.0,0.0,0.0,0.0,0.0
2026-06-09 14:18:27,-1.2935176730929259,-0.07981993164951362,0.1793898818342221,0.36871531777715383,1.9072025159651265,-1.633489166435607,-1.834335507789803,2.463384951776167,36.8813809139652,36.834588441304874,37.07591903632358,14.0,20.0,36.0,-4.3,0.0,0.0,0.0,0.0,0.0,0.0,0.0,0.0,0.0,0.0
2026-06-09 14:18:28,2.9211755589260786,1.606994380198751,-1.8830536754179221,0.630225045558646,2.053618424832755,-2.9110948490372737,1.4708752031484966,-0.5855575839009997,36.9418196008623,36.81380760192799,37.217286756417934,14.0,20.0,36.0,6.4,0.0,0.0,0.0,0.0,0.0,0.0,0.0,0.0,0.0,0.0
2026-06-09 14:18:29,0.9244616009225055,-2.559709440033784,0.4314813962344317,-1.9036462994661179,0.17450164195178397,1.7242943275099627,-2.351659641687257,-0.6942185823497744,37.09314123597665,37.309185264916536,36.74092441158052,14.0,20.0,36.0,54.7,0.0,0.0,0.0,0.0,0.0,0.0,0.0,0.0,0.0,0.0
2026-06-09 14:18:31,-1.3707067415158365,0.40199370306797366,-0.9196129870669938,-0.9713511749949788,1.0762920902203064,-2.787670325440243,-0.9602665794992662,2.2128437706637367,36.51587403794861,36.90918701140596,37.12625231573956,14.0,20.0,36.0,11.5,0.0,0.0,0.0,0.0,0.0,0.0,0.0,0.0,0.0,0.0
2026-06-09 14:18:32,-1.5861024886186597,-1.0196226258000112,1.8838869564354734,-0.5889337341406815,1.096956787236719,-2.2464442108976006,-0.7095912121359582,-0.6685449607789753,37.01481686093251,37.22813531179213,36.73658154011038,14.0,20.0,36.0,-23.8,0.0,0.0,0.0,0.0,0.0,0.0,0.0,0.0,0.0,0.0
2026-06-09 14:18:33,0.6084296585059956,-1.410391886604563,-0.6930277862716765,1.3728864195257007,-1.7559422577651915,-1.360915644075601,-2.220557392986886,-2.7176503188843375,37.0987300325641,37.051289543112176,36.90900938111904,14.0,20.0,36.0,52.6,0.0,0.0,0.0,0.0,0.0,0.0,0.0,0.0,0.0,0.0
2026-06-09 14:18:34,1.059207098194471,2.373717421044203,-1.412819550277404,2.6255512007284976,0.5310561415433384,0.8700714655861752,-2.901039707945934,1.769626481057304,36.6515979626268,37.1769546367316,37.03131109152009,14.0,20.0,36.0,-25.9,0.0,0.0,0.0,0.0,0.0,0.0,0.0,0.0,0.0,0.0
2026-06-09 14:18:35,-0.24737150560767152,1.9382906066530232,0.5024525392509052,-0.6738504465845043,1.9721524088817954,2.8473346596537654,-1.103515647169785,-0.5527210655852439,37.02319948423597,37.05172564297732,37.0333931844473,14.0,20.0,36.0,-62.2,0.0,0.0,0.0,0.0,0.0,0.0,0.0,0.0,0.0,0.0
2026-06-09 14:18:36,-2.5588891242528637,-1.2390546444990125,1.4939779402066344,2.580220025740646,-1.2611238769033595,-0.7333995330061809,1.322281606719506,-2.0654832549215,37.0500857033142,37.2090719413531,37.014750044801225,14.0,20.0,36.0,-6.3,0.0,0.0,0.0,0.0,0.0,0.0,0.0,0.0,0.0,0.0
2026-06-09 14:18:37,2.9549882646588816,0.5587648544402439,-1.935404618208932,-1.933033249047654,-2.917279104027541,-1.954908878757575,0.20350884684709447,0.5749970640270972,36.7563966132841,37.008580546474796,37.046527974538854,14.0,20.0,36.0,34.7,0.0,0.0,0.0,0.0,0.0,0.0,0.0,0.0,0.0,0.0
2026-06-09 14:18:38,-1.385138189948381,1.503469564541506,0.08165490567600298,2.55994090192228,-1.8952919271052424,-2.287273118877004,1.2886113186864492,-2.141896739348547,37.064876429963114,37.08114771086919,36.707797215354596,14.0,20.0,36.0,-41.5,0.0,0.0,0.0,0.0,0.0,0.0,0.0,0.0,0.0,0.0
2026-06-09 14:18:39,-2.834586455034376,2.273657458559181,-0.3863692821397624,-0.1937675581917917,1.2333388075277476,-1.7129292369990943,-2.482132931386009,1.1146221358641961,36.84388584972271,37.08639155363884,37.040958583014366,14.0,20.0,36.0,-50.9,0.0,0.0,0.0,0.0,0.0,0.0,0.0,0.0,0.0,0.0
2026-06-09 14:18:41,-2.7462920461086435,0.3916951005877447,-2.7819366986602088,0.7434309035568472,2.8417801897230124,1.7203961968602268,-1.0474563566499653,-1.984137734179062,36.78512422658359,36.85955436272123,37.125410170133925,14.0,20.0,36.0,62.1,0.0,0.0,0.0,0.0,0.0,0.0,0.0,0.0,0.0,0.0
2026-06-09 14:18:42,-0.18566685467476418,2.5119068161046414,-0.6919925055645653,1.9409902151082106,-0.06335859601407856,2.970754276504457,-0.3005529206177,0.434613996192855,37.09949946947958,37.34337999541675,37.24786004214878,14.0,20.0,36.0,-45.7,0.0,0.0,0.0,0.0,0.0,0.0,0.0,0.0,0.0,0.0
2026-06-09 14:18:43,-0.6173559337297787,1.8201841205410219,0.7881183258574742,-0.23779204139290222,1.8710225060415766,-0.8680980726256777,0.35964703057096514,-1.1266603307362633,36.750375489838454,37.180613125768566,36.760703913381086,14.0,20.0,36.0,-67.7,0.0,0.0,0.0,0.0,0.0,0.0,0.0,0.0,0.0,0.0
2026-06-09 14:18:45,-0.34885661651645883,-1.8278719253861448,-1.630721742337795,-0.9954206851860645,-2.8143548290515814,2.108408188667836,2.013317899191062,-1.600787780400923,36.54019033870797,36.86397302108998,37.14617616686994,14.0,20.0,36.0,91.5,0.0,0.0,0.0,0.0,0.0,0.0,0.0,0.0,0.0,0.0
2026-06-09 14:18:46,1.2984873209618053,-2.062332281361189,-1.4924692498801857,1.6494824550931604,-0.9002874220590327,2.814921783277849,-1.4678211160278278,0.46474628805870033,36.53021401944899,37.37960892669035,36.74007648626172,14.0,20.0,36.0,92.6,0.0,0.0,0.0,0.0,0.0,0.0,0.0,0.0,0.0,0.0
2026-06-09 14:18:47,2.461455162866671,-2.0932345623716397,-0.3195583611782342,2.5026665134914188,-1.8902384598577875,2.4379792602256067,2.425316099337423,-0.22241525857221944,36.80285330034904,37.16041962850932,36.83511982303765,14.0,20.0,36.0,64.8,0.0,0.0,0.0,0.0,0.0,0.0,0.0,0.0,0.0,0.0
2026-06-09 14:18:48,-0.8593484403614933,-0.8726452867223102,1.5582403725762175,-1.6339029208046494,1.0658180220286457,0.21318411895313272,2.353983896620168,0.33102933504200927,36.658430737923425,37.245584140300394,36.705652972401914,14.0,20.0,36.0,-16.4,0.0,0.0,0.0,0.0,0.0,0.0,0.0,0.0,0.0,0.0
2026-06-09 14:18:49,-2.057847912834294,-0.31887649094303105,2.9930676686305446,-1.012520118578307,0.05282630367315999,-0.7149099887383681,0.06152299722794252,-2.950686984185398,36.93623348433978,36.868078386422184,36.97024887120111,14.0,20.0,36.0,-69.5,0.0,0.0,0.0,0.0,0.0,0.0,0.0,0.0,0.0,0.0
2026-06-09 14:18:50,-2.4997434303856814,0.07316470847900458,-0.4795978399562446,0.6805907939117146,1.901840852580202,1.0608001410288432,0.5691613050344415,2.113487507427166,36.95140324482068,37.00532089992601,37.007034351399966,14.0,20.0,36.0,11.3,0.0,0.0,0.0,0.0,0.0,0.0,0.0,0.0,0.0,0.0
2026-06-09 14:18:51,0.9487040501921511,-1.2767652650685355,-1.3096177522934596,0.10897469636412405,-1.391443543419518,2.834901935079264,-1.2629995023107343,-2.8662571201661695,37.09463208651995,36.83587194126905,36.82525608494885,14.0,20.0,36.0,67.7,0.0,0.0,0.0,0.0,0.0,0.0,0.0,0.0,0.0,0.0
2026-06-09 14:18:53,1.0324954874827998,-0.35265830333662684,-2.98446508927253,0.5029900801896083,2.1518226174804846,-2.2455633835567896,1.5456337865623215,-2.0975930354562093,36.766898719911524,37.35301465310783,36.91099155227678,14.0,20.0,36.0,85.9,0.0,0.0,0.0,0.0,0.0,0.0,0.0,0.0,0.0,0.0
2026-06-09 14:18:54,-1.0292652802087465,-0.6952453280670916,0.5720161502409553,1.2233280845662033,-2.1836602715226716,-2.8542950790657327,-0.5625901699370175,-0.4480196734914008,36.83061358828295,36.954937589496495,37.06993696129905,14.0,20.0,36.0,1.5,0.0,0.0,0.0,0.0,0.0,0.0,0.0,0.0,0.0,0.0
2026-06-09 14:18:55,-2.8458738731364868,1.3467991652295783,0.8730625616921812,-2.9107271163703707,2.860568476571439,-2.211499804277591,2.447198233003367,2.3458968793664496,36.68424739311548,36.880892926107826,36.80336147992635,14.0,20.0,36.0,-57.3,0.0,0.0,0.0,0.0,0.0,0.0,0.0,0.0,0.0,0.0
2026-06-09 14:18:57,-2.8420660992100055,-1.6523778235942261,0.763742800124116,2.306021836002798,2.9593474006477996,-2.273982154030837,0.8873012305795349,-1.8210058632244353,36.57423568733614,37.096850324323555,37.05829022338388,14.0,20.0,36.0,22.3,0.0,0.0,0.0,0.0,0.0,0.0,0.0,0.0,0.0,0.0
2026-06-09 14:18:58,-1.2147612531793948,0.8413891913484468,-1.9276413005599622,1.7563768458922606,0.7456834814956537,2.321134141509134,0.8835419056039093,2.285798714038565,36.89244399216096,36.9821665650418,36.75106231715481,14.0,20.0,36.0,29.7,0.0,0.0,0.0,0.0,0.0,0.0,0.0,0.0,0.0,0.0
2026-06-09 14:18:59,-2.054523861322603,-0.9087062632686762,-2.1207418233656066,-2.423476803504127,-0.8910678720605989,0.9657261264133394,-2.726311320897465,2.359953949641275,36.69524679206479,37.10090024969175,37.1634149534536,14.0,20.0,36.0,77.5,0.0,0.0,0.0,0.0,0.0,0.0,0.0,0.0,0.0,0.0
2026-06-09 14:19:00,0.18981553030736542,-2.9000720679836522,-0.43795120039324553,0.8640299695210802,2.1242004777674746,0.282451027923857,0.4738611229467047,1.315998175035726,36.659471112760116,37.31471720417346,36.78312570559973,14.0,20.0,36.0,86.7,0.0,0.0,0.0,0.0,0.0,0.0,0.0,0.0,0.0,0.0
2026-06-09 14:19:01,1.2277816144152478,-0.3806408496588336,1.620149076768893,-2.10327057091357,-0.5943624884621239,-1.7287662843024156,1.6985412427621558,-2.4441326062319417,37.062240314145306,37.17188455513066,36.71565036221039,14.0,20.0,36.0,-32.1,0.0,0.0,0.0,0.0,0.0,0.0,0.0,0.0,0.0,0.0
2026-06-09 14:19:03,-2.1474917390891033,2.436840470459342,2.620663134897537,-2.4840863763289303,2.317546874251887,-0.37785548749039854,-2.3129536704665172,-0.22829760331852533,36.59281553346377,37.33327248368096,36.78450248150601,14.0,20.0,36.0,-100,0.0,0.0,0.0,0.0,0.0,0.0,0.0,0.0,0.0,0.0
2026-06-09 14:19:04,-2.3806017129201646,1.76761961610483,1.1263248327962243,-0.2370847748574092,-1.0768708956026851,-2.840270757848864,0.5170537914490234,-2.5669853667586797,37.071029530785985,37.38581328083348,36.76199078222601,14.0,20.0,36.0,-76.0,0.0,0.0,0.0,0.0,0.0,0.0,0.0,0.0,0.0,0.0
2026-06-09 14:19:05,-1.4046841623692197,-2.5736375382985397,-2.218896452990096,-0.5819522494557994,1.8082625574134248,0.23790258917540008,2.1487870190784353,2.449241109727639,36.76156902784824,37.10448508104355,37.17285319874344,14.0,20.0,36.0,125.1,0.0,0.0,0.0,0.0,0.0,0.0,0.0,0.0,0.0,0.0
2026-06-09 14:19:06,-1.5773887330005194,0.20265417848687317,0.14722727307848205,-2.142904019277715,-1.946067171709744,2.440020068187719,1.0248288678340405,0.8377402325151433,36.88621887284378,37.39389633325423,37.28681216367051,14.0,20.0,36.0,-7.3,0.0,0.0,0.0,0.0,0.0,0.0,0.0,0.0,0.0,0.0
2026-06-09 14:19:07,-0.8272792519858228,-2.0877059697677747,2.662254736523958,-1.3515605379624807,-1.1032698714208489,-2.3241111660838145,-1.4470994601149738,-0.6130562960199208,36.71810029963707,37.3971801859336,37.28293639297215,14.0,20.0,36.0,-16.7,0.0,0.0,0.0,0.0,0.0,0.0,0.0,0.0,0.0,0.0
2026-06-09 14:19:09,2.6622610656558736,-2.028649734794081,-1.941704846713298,0.32719645887616045,2.7196572226249858,-0.15341250444118293,2.965323953846829,2.920244040499491,36.68491680400263,36.913295924609145,36.76765669779509,14.0,20.0,36.0,104.1,0.0,0.0,0.0,0.0,0.0,0.0,0.0,0.0,0.0,0.0
2026-06-09 14:19:10,-0.7472073413333535,2.263284269973793,0.5887274752476523,-2.208934219845628,2.705541564851746,1.0662404048112624,-1.3254895089516745,2.5103961144526865,36.793327708676976,36.943836320252814,37.2951998564691,14.0,20.0,36.0,-73.9,0.0,0.0,0.0,0.0,0.0,0.0,0.0,0.0,0.0,0.0
2026-06-09 14:19:11,-0.010651098834491002,-0.5627868248816617,1.7854894069073648,-2.8419517381995,2.9405335162625175,-0.0939713451840074,2.518604271361461,-0.676278774139262,36.91287908301868,37.17671840601831,37.00428279222053,14.0,20.0,36.0,-30.4,0.0,0.0,0.0,0.0,0.0,0.0,0.0,0.0,0.0,0.0
2026-06-09 14:19:13,-2.321119119619006,2.9199876301986443,-2.1623245281013634,0.23710398778766084,1.9539010753743353,0.43821135708617387,1.5880900904011286,-1.779727302662235,37.02117677581628,37.28847070733975,36.7018564772301,14.0,20.0,36.0,-18.6,0.0,0.0,0.0,0.0,0.0,0.0,0.0,0.0,0.0,0.0
2026-06-09 14:19:14,1.3983816900636263,-2.21428957128482,-1.7682404005597394,1.9018754685106103,-2.820277637858016,0.39800715336686565,2.1504523242858227,-1.8559085554372015,36.564812602659735,37.324965829945036,36.75499995911718,14.0,20.0,36.0,104.3,0.0,0.0,0.0,0.0,0.0,0.0,0.0,0.0,0.0,0.0
2026-06-09 14:19:15,-0.3455686405921865,2.3479914063328255,1.5463572609477358,0.08303402479296818,-0.38585765853656273,-2.5100931045186274,2.2367786887538106,1.1320833713065568,37.03272296266558,37.38697194836537,37.196473398247115,14.0,20.0,36.0,-100,0.0,0.0,0.0,0.0,0.0,0.0,0.0,0.0,0.0,0.0
2026-06-09 14:19:16,-1.8425557926780352,-1.234938040600151,1.2827454924398864,2.3203000282657396,-1.4705046339822991,1.5453754996094933,-2.0714546225439108,-0.1555164554821018,36.73981434751559,36.99105499431395,37.042372832563416,14.0,20.0,36.0,-1.5,0.0,0.0,0.0,0.0,0.0,0.0,0.0,0.0,0.0,0.0
2026-06-09 14:19:17,-1.641558248753439,0.4256175906342472,-1.1424660570762384,-1.2228185896324872,-1.837716471840563,1.5710648918388257,0.940936811786389,-2.8271190331836458,36.81640758349478,37.22728988430095,37.00978546213739,14.0,20.0,36.0,19.8,0.0,0.0,0.0,0.0,0.0,0.0,0.0,0.0,0.0,0.0
2026-06-09 14:19:19,-0.1973737458597138,-2.728406513839543,-1.7634728052319981,-0.8156202657903706,-2.1743355535135658,-2.2543678430981955,-1.960533286444073,-1.0630460836427573,36.78729869414664,36.96009996010559,37.25908716090107,14.0,20.0,36.0,114.0,0.0,0.0,0.0,0.0,0.0,0.0,0.0,0.0,0.0,0.0
2026-06-09 14:19:20,1.6109419016346012,-1.930574974252896,-0.7432501697418745,1.5788193319080577,0.9806939908461931,-1.1357147183927334,-1.5902592767138368,-0.43865010503517876,36.95163061776568,37.13220293514712,37.192483499679746,14.0,20.0,36.0,67.8,0.0,0.0,0.0,0.0,0.0,0.0,0.0,0.0,0.0,0.0
2026-06-09 14:19:21,-1.7441079584651853,-0.6089912662575436,1.7325663041924537,-1.7264513776813684,-2.872197407498109,-1.143858276367116,-2.3654734813175913,-1.2512107847498812,36.60328940980356,36.982795342609606,36.76704656953889,14.0,20.0,36.0,-30.8,0.0,0.0,0.0,0.0,0.0,0.0,0.0,0.0,0.0,0.0
2026-06-09 14:19:22,1.8005320932465736,-2.5146307816803883,1.67228386783479,-2.2613095175640554,0.3994223832448083,-0.14344426905640795,2.5186945755217742,2.4837624222962074,37.05573143484444,37.18754782737646,36.823797138296044,14.0,20.0,36.0,23.0,0.0,0.0,0.0,0.0,0.0,0.0,0.0,0.0,0.0,0.0
2026-06-09 14:19:23,2.7698841006043935,-1.1921599497486646,0.9844584806444119,-2.2008980008731673,-2.0146400434676877,1.178911237094006,0.46144601348812087,-2.9119858049983955,37.089801859309254,36.94853694554237,37.19696240299113,14.0,20.0,36.0,6.2,0.0,0.0,0.0,0.0,0.0,0.0,0.0,0.0,0.0,0.0
2026-06-09 14:19:25,2.6821969187352313,0.49376494939632476,0.30633294521354815,2.233797336025268,-1.0324108284858875,1.9059925361121701,0.1736358896479775,-1.362369259882032,36.57576804914399,37.19917385869494,37.071007206984646,14.0,20.0,36.0,-19.6,0.0,0.0,0.0,0.0,0.0,0.0,0.0,0.0,0.0,0.0
2026-06-09 14:19:26,-0.6605955876163732,1.0156724425020132,-1.833296207161446,-0.43242393888488984,-0.7128604874621671,-1.722784893256803,2.648170729625013,1.9159302135553506,36.648688751862444,36.81389483530396,37.1193460913243,14.0,20.0,36.0,21.6,0.0,0.0,0.0,0.0,0.0,0.0,0.0,0.0,0.0,0.0
2026-06-09 14:19:27,2.522975233373245,0.870869290825901,-2.1452237039616318,-2.5705374028186334,0.122698169708221,-1.2480802130266286,2.357716460027204,2.3186375483146335,36.588232401568426,36.81730603393707,36.72825046242655,14.0,20.0,36.0,33.5,0.0,0.0,0.0,0.0,0.0,0.0,0.0,0.0,0.0,0.0
2026-06-09 14:19:28,1.7066338494278739,-0.9873400400292525,-0.9001351308423233,2.3087416309560904,0.5963028027391211,-1.145811917592823,0.12277193670224573,-0.09356464995364489,36.800908757661716,37.039775860175986,37.014684313753165,14.0,20.0,36.0,48.3,0.0,0.0,0.0,0.0,0.0,0.0,0.0,0.0,0.0,0.0
2026-06-09 14:19:29,0.3541014919504608,-2.3553154612982077,-0.24103668726976402,2.338385740237287,-2.367602558166648,0.6567232348434366,0.8258148001935535,-0.4570577399577891,37.03845909731713,37.31549842668004,37.15918760730279,14.0,20.0,36.0,67.9,0.0,0.0,0.0,0.0,0.0,0.0,0.0,0.0,0.0,0.0
2026-06-09 14:19:31,-1.4998514954885207,-2.2743443256439395,1.295746585633272,2.054887702289421,1.4013291693751162,-2.1119827549235373,-0.8730364510108468,0.416881514637816,37.01971536237656,37.14385273595101,37.01946267988519,14.0,20.0,36.0,23.8,0.0,0.0,0.0,0.0,0.0,0.0,0.0,0.0,0.0,0.0
2026-06-09 14:19:32,0.1865316706963882,2.339217267905858,-0.2968360788741844,2.6071906082946157,-1.2884225104119265,-0.027631208761987658,1.672196660814187,-2.5223148729462985,36.83521750334263,36.87454328749695,36.908463937825296,14.0,20.0,36.0,-52.0,0.0,0.0,0.0,0.0,0.0,0.0,0.0,0.0,0.0,0.0
2026-06-09 14:19:33,0.05821504549869072,0.2682935854616306,0.32813126607176146,2.296748995620831,-2.6592646906711734,-0.5269214513701135,-0.46259139018920425,-2.8703710820298665,37.01443522599028,36.913577847273196,37.255663322491785,14.0,20.0,36.0,-15.9,0.0,0.0,0.0,0.0,0.0,0.0,0.0,0.0,0.0,0.0
2026-06-09 14:19:34,-1.30509920963837,2.728894850473873,1.37346273490874,-0.9383370593014755,-2.4386170084742105,-2.0364643232736235,1.6227157852213665,-2.022108154127486,36.64986426750368,37.233856821587004,36.79161110569004,14.0,20.0,36.0,-100,0.0,0.0,0.0,0.0,0.0,0.0,0.0,0.0,0.0,0.0
2026-06-09 14:19:35,1.8681498261408391,-0.44969294140273597,-1.8724890023331204,1.5700796265839045,0.7767947420330685,0.5291550990995066,2.0371723436734257,0.49399633789464525,36.55740954814703,37.24642810851408,36.99294073022082,14.0,20.0,36.0,61.3,0.0,0.0,0.0,0.0,0.0,0.0,0.0,0.0,0.0,0.0
2026-06-09 14:19:36,0.5794220782054453,2.064394840597716,1.6920443934857108,-2.0839139981832577,0.3659951271749522,1.257565744604431,2.2750663484465994,0.9816033335925614,36.98014111206248,37.36321349522744,37.07829213588734,14.0,20.0,36.0,-95.4,0.0,0.0,0.0,0.0,0.0,0.0,0.0,0.0,0.0,0.0
2026-06-09 14:19:37,1.9513007890650211,1.9848206288827628,1.4058969423702603,-2.586324673369034,-1.5300435233253018,-1.685887988444502,1.9896330952463277,1.2833408896305638,36.54660340657363,37.06209334921712,36.74404391012258,14.0,20.0,36.0,-87.5,0.0,0.0,0.0,0.0,0.0,0.0,0.0,0.0,0.0,0.0
2026-06-09 14:19:39,-2.045713209899608,0.10128491777336635,-0.7092001985836087,1.493480163005156,-2.1826410838992905,-0.35808762873772393,0.8232723331853391,1.6835712421452529,36.535130465892955,37.27408838604353,36.94709929127946,14.0,20.0,36.0,16.0,0.0,0.0,0.0,0.0,0.0,0.0,0.0,0.0,0.0,0.0
2026-06-09 14:19:40,2.816161837878486,-2.379725163670611,1.2318204549622616,0.5978430926714573,-0.9360568069273469,-1.1358017986822886,-0.5623557120451852,0.6438688003521014,36.80150824814291,37.01398533707356,36.94854751318818,14.0,20.0,36.0,28.8,0.0,0.0,0.0,0.0,0.0,0.0,0.0,0.0,0.0,0.0
2026-06-09 14:19:41,-2.2171364483003284,-1.792093617902081,-1.9050968422537389,-2.10016447945077,2.653795861440205,0.24469717138730562,1.616814802540408,1.348857343313954,36.86751366891521,37.01491278911041,37.056376984668724,14.0,20.0,36.0,96.5,0.0,0.0,0.0,0.0,0.0,0.0,0.0,0.0,0.0,0.0
2026-06-09 14:19:43,-0.20559377675700663,-2.238735203557537,2.0365530398499008,2.5821747230719065,1.7722745168676806,-0.279398772931192,-1.426273959779363,-0.988093150860168,36.72711277808857,37.178041355500625,37.19011194304091,14.0,20.0,36.0,4.4,0.0,0.0,0.0,0.0,0.0,0.0,0.0,0.0,0.0,0.0
2026-06-09 14:19:44,2.975187308947488,1.8720513659366036,-0.6466683737530952,-2.5525273581892973,0.9952225235446068,0.5713064408677377,-0.09933925082821604,0.5143636715084963,36.826575248850936,37.0633269669895,36.991212103449676,14.0,20.0,36.0,-31.4,0.0,0.0,0.0,0.0,0.0,0.0,0.0,0.0,0.0,0.0
2026-06-09 14:19:46,-1.5044614810055001,2.232308584038231,1.367734342010018,1.9125805663017426,0.6039725887381078,2.1121275825388004,2.6853084614764713,-1.8737503130423079,36.691906076301976,37.23125856038708,36.92403701894335,14.0,20.0,36.0,-90.7,0.0,0.0,0.0,0.0,0.0,0.0,0.0,0.0,0.0,0.0
2026-06-09 14:19:47,-2.425637416065276,1.927780877068411,0.5685750762917046,-0.8457773109717337,1.3651751390849665,1.5341286775071783,1.254365007385294,-1.0210984268749819,37.09932638518028,36.80602833453599,36.83915767214737,14.0,20.0,36.0,-63.2,0.0,0.0,0.0,0.0,0.0,0.0,0.0,0.0,0.0,0.0
2026-06-09 14:19:48,-0.18452285133736668,-1.7080311916740214,1.468324802922833,-2.056826154499806,-1.227517664810116,-1.6549099480690534,-1.1041169045063504,-0.3062335801271119,36.62006193926942,37.28743332440275,37.01059777014479,14.0,20.0,36.0,4.8,0.0,0.0,0.0,0.0,0.0,0.0,0.0,0.0,0.0,0.0
2026-06-09 14:19:49,0.7439701119971134,1.2200694262866785,-2.1911398139926446,2.3145241906404,-2.1247761845420094,-1.3826206799305503,-1.3082306371067987,1.8484841302211423,37.072214000200056,37.06212486534853,36.7566798466479,14.0,20.0,36.0,23.8,0.0,0.0,0.0,0.0,0.0,0.0,0.0,0.0,0.0,0.0
2026-06-09 14:19:50,-1.1670216184456284,2.2525269212238017,-0.1350695640673476,1.5470399168915243,-2.48549160871445,1.3780850138654834,2.4280822450484205,-2.069178515937919,36.80796474362283,37.237362074142474,37.25996426781866,14.0,20.0,36.0,-52.8,0.0,0.0,0.0,0.0,0.0,0.0,0.0,0.0,0.0,0.0
2026-06-09 14:19:52,0.2192405388544385,1.8317135464433356,0.2917752640144826,-0.49237023572012495,2.793359810275483,-2.2815607292687416,-0.6980146681639612,-0.7589834596109619,36.580318971343985,36.90417814003763,37.163270485808866,14.0,20.0,36.0,-56.4,0.0,0.0,0.0,0.0,0.0,0.0,0.0,0.0,0.0,0.0
2026-06-09 14:19:53,-2.6852044663076633,-1.3003678103867577,0.6807165943653084,0.5298756998400025,1.8479740202058093,-1.7482303187496102,-0.9688893870934114,1.4104806845475348,36.75121732487666,36.95623661442255,36.94729671559495,14.0,20.0,36.0,14.7,0.0,0.0,0.0,0.0,0.0,0.0,0.0,0.0,0.0,0.0
2026-06-09 14:19:54,-1.028268602484182,0.5891880534952723,-2.5838755075725786,2.993002290695684,0.2054104769339138,1.491288854172013,1.5002517687663186,-1.9264903104544897,36.66541164985313,37.22319067865061,37.1616195444201,14.0,20.0,36.0,53.1,0.0,0.0,0.0,0.0,0.0,0.0,0.0,0.0,0.0,0.0
2026-06-09 14:19:56,-0.37688955257880163,2.722272325474,-0.6761483307748826,0.3217113278405388,-2.0540279442472533,2.3876171712630097,-1.7171882061810053,-2.800600784117293,36.86874568149977,37.22243943672186,36.99703495486931,14.0,20.0,36.0,-52.6,0.0,0.0,0.0,0.0,0.0,0.0,0.0,0.0,0.0,0.0
2026-06-09 14:19:57,-2.31542381094635,-0.23512677220185374,-2.0007285725583874,-1.6412136622799445,0.979518187948448,0.06335291765932372,1.7787744539704065,1.9983090685062521,36.931744184383874,36.967455871776345,36.867383632148815,14.0,20.0,36.0,58.7,0.0,0.0,0.0,0.0,0.0,0.0,0.0,0.0,0.0,0.0
2026-06-09 14:19:58,-2.6663494203977183,2.4223468727971156,1.9674282910610312,1.3370813060506075,-2.142624832065086,-0.5480808060294464,0.6539089134660352,-0.7160369021329438,36.856264312070294,36.992802034623146,36.71062079948787,14.0,20.0,36.0,-100,0.0,0.0,0.0,0.0,0.0,0.0,0.0,0.0,0.0,0.0
2026-06-09 14:19:59,2.13868447117407,-2.3042041038822174,-2.806589356824299,-0.19358848419339036,1.5132183028173536,-1.5355693186290102,0.9733236736155093,1.2431027219968422,36.684317402992605,37.085650009877405,37.08776652905861,14.0,20.0,36.0,131.9,0.0,0.0,0.0,0.0,0.0,0.0,0.0,0.0,0.0,0.0
2026-06-09 14:20:01,-1.0011659485699806,2.004308105882031,-2.9773003442272525,-2.827726421304067,-1.240305141300502,-2.9654762491466937,0.06411459903192496,-0.8593637488778638,37.080388926871,37.27293220072809,36.73684919958032,14.0,20.0,36.0,23.7,0.0,0.0,0.0,0.0,0.0,0.0,0.0,0.0,0.0,0.0
2026-06-09 14:20:02,0.3257547484954948,2.0150327544033804,1.1939325923534243,-2.0793719436106977,2.274141038016225,1.9692165582729793,1.9286082185011164,-1.429894889664164,37.0787868982093,37.095571529001056,37.09429840420176,14.0,20.0,36.0,-81.0,0.0,0.0,0.0,0.0,0.0,0.0,0.0,0.0,0.0,0.0
2026-06-09 14:20:03,1.9357540000049331,-2.160298312374483,-2.648349054800669,-1.8286663397411016,2.1455492740569815,-0.3462460212921288,-1.2749640738956707,1.9960361588995248,36.84025550427231,37.376691270320265,36.984611557936724,14.0,20.0,36.0,123.5,0.0,0.0,0.0,0.0,0.0,0.0,0.0,0.0,0.0,0.0
2026-06-09 14:20:04,2.0952757493173353,-0.32562182740349677,-1.5427174442512275,-0.10287402589674333,-0.8670093256040494,-2.639434326383853,-2.7966060932668855,2.5183780105243248,36.92539713180157,36.90817288688759,37.20103634136634,14.0,20.0,36.0,45.6,0.0,0.0,0.0,0.0,0.0,0.0,0.0,0.0,0.0,0.0
2026-06-09 14:20:06,2.739808338590315,-1.7274157085209096,-1.0540853181707481,0.8923151269978127,2.204152347070469,-2.1693779858412157,-1.9364776778771637,-2.2021642919851825,36.628399290216194,36.853244461013055,37.03405250408462,14.0,20.0,36.0,69.9,0.0,0.0,0.0,0.0,0.0,0.0,0.0,0.0,0.0,0.0
2026-06-09 14:20:07,-1.6584985066841516,-2.305095602228048,2.3547399351276255,2.910820605763499,1.737744214989215,-0.3825672521252077,-2.222985947855298,-0.7502413032201787,36.80769315398155,37.19146821053445,37.26194957515292,14.0,20.0,36.0,-2.6,0.0,0.0,0.0,0.0,0.0,0.0,0.0,0.0,0.0,0.0
2026-06-09 14:20:08,0.913568410490635,-1.3915737455685444,-0.4316629430793819,-1.1201181056781286,-0.7210215164545044,0.38700770482847524,-2.404391540968485,-1.3519129648157866,36.53310742184435,36.910164548034814,36.862960327445506,14.0,20.0,36.0,46.1,0.0,0.0,0.0,0.0,0.0,0.0,0.0,0.0,0.0,0.0
2026-06-09 14:20:09,-2.7849027030932763,0.11111586636290571,-0.23141741680680106,-0.3919401229727235,-2.844164653332377,-2.401985235480624,1.3378607060693515,-1.9832921918529918,36.7592142729414,37.37497440407444,36.83890010040435,14.0,20.0,36.0,2.6,0.0,0.0,0.0,0.0,0.0,0.0,0.0,0.0,0.0,0.0
2026-06-09 14:20:11,-0.5070209591067867,-2.830232002781826,-1.8507421748079993,-0.5257417926886965,2.50836339714939,2.4559422373023034,1.3239629444217815,-2.9269971701582924,36.80524614910015,37.15479936533841,36.863240779964784,14.0,20.0,36.0,122.9,0.0,0.0,0.0,0.0,0.0,0.0,0.0,0.0,0.0,0.0
2026-06-09 14:20:12,-2.7222506143489014,-2.624717137057374,-0.46363739052504505,0.3882087670788277,-1.2230704233052305,1.4404248259286883,1.1560176587234023,0.27214859962637394,36.52088969002226,37.14985581846105,37.29496957745138,14.0,20.0,36.0,81.2,0.0,0.0,0.0,0.0,0.0,0.0,0.0,0.0,0.0,0.0
2026-06-09 14:20:14,1.2366774470393072,-0.5283860129259854,2.9230081295314303,1.5964533705329913,-2.911734057875515,-0.46543276443835113,-1.064251012200128,2.2945286514077843,36.87905031334508,37.30559385495311,36.85298271417561,14.0,20.0,36.0,-62.7,0.0,0.0,0.0,0.0,0.0,0.0,0.0,0.0,0.0,0.0
2026-06-09 14:20:15,-1.0614052345120175,-2.5906090058918294,-1.4820510827662137,-1.3757588867044463,-1.4575936968264602,0.889485351700249,1.0291130192938471,-0.6120194313609608,36.52003937343449,37.311155712392285,37.131084947150015,14.0,20.0,36.0,106.3,0.0,0.0,0.0,0.0,0.0,0.0,0.0,0.0,0.0,0.0
2026-06-09 14:20:16,1.3730843025487687,1.2669447442264739,-0.4397335391749855,2.656625521607433,-0.1094913402212363,-0.36224412649683524,0.21327771295160147,-1.3966676232752349,36.84720932521223,37.24581226405813,36.79185429790401,14.0,20.0,36.0,-21.5,0.0,0.0,0.0,0.0,0.0,0.0,0.0,0.0,0.0,0.0
2026-06-09 14:20:18,1.3744914946045128,-2.3070890665364665,1.2556332712200078,1.0017624235012654,-2.294467131638799,1.3093514498075436,2.2439814083752,2.4504067076907665,36.996969666397604,36.87345021478857,36.79003360422117,14.0,20.0,36.0,29.0,0.0,0.0,0.0,0.0,0.0,0.0,0.0,0.0,0.0,0.0
2026-06-09 14:20:19,-1.8369594297834506,2.8613673705654907,2.532927312319882,-0.7087385331084475,0.422001138686781,1.4209152216170633,-2.7226839962014617,0.005229018829795429,36.557628048722506,37.13288359677855,36.725074212853,14.0,20.0,36.0,-100,0.0,0.0,0.0,0.0,0.0,0.0,0.0,0.0,0.0,0.0
2026-06-09 14:20:20,-1.051199917524198,-2.635107558647901,-1.8942099186288721,-2.627677391542643,2.7021409031283294,-0.9460416705555996,-1.2660735017859575,2.980279622020486,37.001870621837384,37.359682150426146,36.8496817337381,14.0,20.0,36.0,116.0,0.0,0.0,0.0,0.0,0.0,0.0,0.0,0.0,0.0,0.0
2026-06-09 14:20:22,-0.7578538869083129,1.9958868635707718,2.3129323620768645,-0.1683649760324224,2.266712684921517,-0.07092846983344492,-2.1312104472085256,-0.7049059680518948,36.884451327718665,36.946121232320145,37.0122425216708,14.0,20.0,36.0,-100,0.0,0.0,0.0,0.0,0.0,0.0,0.0,0.0,0.0,0.0
2026-06-09 14:20:23,2.9042730577603972,-2.042446953241962,1.0837726227275812,1.8023036514004227,-0.7894186744440614,-2.51799039174315,2.2938016050906223,0.9290714699603067,36.68098212217769,37.26735599341448,36.953469904808735,14.0,20.0,36.0,24.7,0.0,0.0,0.0,0.0,0.0,0.0,0.0,0.0,0.0,0.0
2026-06-09 14:20:24,2.8753358248879763,-0.012019507724200906,-1.6003408681084323,2.1917417582897336,2.429529029916611,1.3319806220923347,0.28153848679879756,2.933052599891478,36.59416307283409,36.84253536940434,36.70242795111003,14.0,20.0,36.0,42.5,0.0,0.0,0.0,0.0,0.0,0.0,0.0,0.0,0.0,0.0
2026-06-09 14:20:25,1.5693127390238057,-1.2616610276944575,1.4642843271770012,0.8854886523343639,-1.026662153651004,0.3804161829650887,-2.7301328492843533,-0.739657980463079,36.5615935551415,37.21233512796423,37.1771713377576,14.0,20.0,36.0,-6.4,0.0,0.0,0.0,0.0,0.0,0.0,0.0,0.0,0.0,0.0
2026-06-09 14:20:26,1.02389826704162,-0.22617792278598214,-0.4417440988500383,-0.17008198519766804,0.09858157044206095,0.38624438094470337,-1.3084646146514765,0.27035336144969335,36.757087872866066,37.31217687470991,36.939740790246454,14.0,20.0,36.0,16.8,0.0,0.0,0.0,0.0,0.0,0.0,0.0,0.0,0.0,0.0
2026-06-09 14:20:27,-2.6067104754101114,-2.7909028784779544,-2.0606007579755934,0.009654795479351108,1.413148025951008,1.6586778163837606,-1.7253868168535413,0.768147861197364,36.99947559199277,37.1642575999597,36.91637278686812,14.0,20.0,36.0,125.4,0.0,0.0,0.0,0.0,0.0,0.0,0.0,0.0,0.0,0.0
2026-06-09 14:20:29,-1.6227868182982563,-0.6204807002776871,0.6184783586392246,0.09279547391544707,-1.7841022267740618,2.550120013604162,-2.7522928256761556,1.4242608906678162,36.8779191078367,36.989439809378695,37.126382860588976,14.0,20.0,36.0,-0.0,0.0,0.0,0.0,0.0,0.0,0.0,0.0,0.0,0.0,0.0
2026-06-09 14:20:30,-1.774243719980407,-0.21204666111073323,-0.15909963233491453,-2.324591824397473,1.7721587487190344,1.867963850974145,-0.9356975045281173,-2.606169039580837,36.873899438836794,36.89812089063164,37.055849204601,14.0,20.0,36.0,10.1,0.0,0.0,0.0,0.0,0.0,0.0,0.0,0.0,0.0,0.0
2026-06-09 14:20:31,2.298792430009504,0.35320543270496607,0.9349890047556544,2.034380925861428,1.2374093372828492,2.0924057684471578,-1.038364798122749,-2.7588199484511806,37.07261796298996,36.934847508636004,36.728035253787986,14.0,20.0,36.0,-32.8,0.0,0.0,0.0,0.0,0.0,0.0,0.0,0.0,0.0,0.0
2026-06-09 14:20:33,-0.38752904280663625,-2.8211535139041555,-0.9859721719247312,-2.288106140511972,2.1703618655293733,0.35516289996561756,1.2965498555165258,-1.984813752319607,36.74185955141635,36.86944872423803,36.81390073541145,14.0,20.0,36.0,99.3,0.0,0.0,0.0,0.0,0.0,0.0,0.0,0.0,0.0,0.0
2026-06-09 14:20:34,1.9368689529950505,2.5852819737805994,-1.072999852162642,0.3764763587330511,2.418679401198646,-1.4365558222156876,-1.6003429434756378,-1.5831441072764607,37.02358131643366,37.26253531792881,37.28140170935669,14.0,20.0,36.0,-40.6,0.0,0.0,0.0,0.0,0.0,0.0,0.0,0.0,0.0,0.0
2026-06-09 14:20:35,-0.9143018054060041,-2.21119286603715,-0.17071835215531594,1.4342563642336446,1.6224929613437906,2.1480319409163293,2.700598773004666,-1.0304469367217817,36.686369934879224,36.985190024030736,37.01636303506019,14.0,20.0,36.0,64.0,0.0,0.0,0.0,0.0,0.0,0.0,0.0,0.0,0.0,0.0
2026-06-09 14:20:36,1.7319913282695767,-1.8968135454832187,1.8204133723899005,-2.635224896417527,2.256404164840065,0.5147537768195294,-1.358537739627175,0.08137691138607916,36.96691428666359,37.113622670231614,36.82829504996845,14.0,20.0,36.0,1.6,0.0,0.0,0.0,0.0,0.0,0.0,0.0,0.0,0.0,0.0
2026-06-09 14:20:37,-0.14212853056667418,-2.330725151325086,1.612724662602007,-1.3050777641957942,-0.9942963614835856,-0.7561555204721007,-0.09592286096565461,2.2782086688216907,36.764067993209906,37.08645702682549,36.70498405259131,14.0,20.0,36.0,18.1,0.0,0.0,0.0,0.0,0.0,0.0,0.0,0.0,0.0,0.0
2026-06-09 14:20:38,0.8433908744158054,-2.472242869672817,2.692072694042732,0.8124220723120179,-2.7101858909245453,-2.9023188333319574,-2.5764031597414823,-0.10531518273171159,36.762847814225324,37.279341891727576,37.02238095963572,14.0,20.0,36.0,-8.4,0.0,0.0,0.0,0.0,0.0,0.0,0.0,0.0,0.0,0.0
2026-06-09 14:20:39,2.5876273818215267,2.241876329809502,2.353503367833399,-2.5705089303621094,2.1893945452744035,-2.9286705808816595,-1.631551939733982,-2.700904987683984,36.795322501573615,37.17505139452431,37.121759713383646,14.0,20.0,36.0,-100,0.0,0.0,0.0,0.0,0.0,0.0,0.0,0.0,0.0,0.0
2026-06-09 14:20:40,0.8392699186203609,2.0509159462270405,-0.06870348158114048,1.0078178888414318,0.5383107762783204,-2.78545603102616,-0.7281378981890425,0.6918236672571254,37.06088703147002,37.23527568207621,37.28729336666758,14.0,20.0,36.0,-53.0,0.0,0.0,0.0,0.0,0.0,0.0,0.0,0.0,0.0,0.0
2026-06-09 14:20:42,-2.5501086209123853,-0.08068378205055993,0.7255869250719011,-0.5447885170406908,-2.8868949572402527,0.9131382343124375,-0.16014984224061646,2.818624202848178,37.04881679711778,37.375804167665564,36.78450241330674,14.0,20.0,36.0,-16.3,0.0,0.0,0.0,0.0,0.0,0.0,0.0,0.0,0.0,0.0
2026-06-09 14:20:43,2.3371752365147334,-1.3651875592110412,0.43607801603789786,0.4227467092562378,-2.853617728153973,0.3171289589645827,2.5828380315869914,2.5389823589714684,36.57333540354867,37.38208044777816,37.26998263304875,14.0,20.0,36.0,25.5,0.0,0.0,0.0,0.0,0.0,0.0,0.0,0.0,0.0,0.0
2026-06-09 14:20:44,-0.4732602969638191,-1.6680621098980015,-1.3496652321170053,1.8609575004765118,1.5427275002318357,-0.640622024387222,1.5089884668181863,-1.1042754534672719,36.795765910996934,37.08709713560725,36.71717403522567,14.0,20.0,36.0,78.5,0.0,0.0,0.0,0.0,0.0,0.0,0.0,0.0,0.0,0.0
2026-06-09 14:20:46,1.697750381745526,1.2276443335320426,0.8954633487881738,0.1230247529003563,1.7709592629287876,-0.029793867122430484,0.11665460956060691,0.5600302014112843,36.512990533981146,37.08885853049667,37.243498567102236,14.0,20.0,36.0,-54.9,0.0,0.0,0.0,0.0,0.0,0.0,0.0,0.0,0.0,0.0
2026-06-09 14:20:47,-1.9282137377073825,-2.0069053460257367,-1.906113821860061,-1.9759425168131537,-1.0039812231126304,-0.5518563520367854,-2.241710380407456,0.18735948717950235,36.84405318057089,37.2101979004027,37.26658261953304,14.0,20.0,36.0,99.8,0.0,0.0,0.0,0.0,0.0,0.0,0.0,0.0,0.0,0.0
2026-06-09 14:20:48,-2.2675762660186285,2.0563695387055345,-2.997466726589683,-0.3153343340319634,0.11729582889465862,0.3606817883589155,-1.673119805449492,-1.1857501763354086,36.976166146423914,37.36187981304153,36.98804588717754,14.0,20.0,36.0,23.7,0.0,0.0,0.0,0.0,0.0,0.0,0.0,0.0,0.0,0.0
2026-06-09 14:20:49,-2.7643567122666752,0.8076941016261054,-1.3410720572939585,2.6767341291537132,-2.7976216983946287,-1.5137211012626763,-1.8545530277053004,-0.4892315868457837,36.846262246682926,37.03140301924871,37.08873820396272,14.0,20.0,36.0,12.1,0.0,0.0,0.0,0.0,0.0,0.0,0.0,0.0,0.0,0.0
2026-06-09 14:20:50,2.155222309820469,-2.636277002498666,2.6387107460939383,2.2618692357854666,1.427856138501129,-1.3586850724738517,-0.39680805833451416,-2.7485871304625933,36.90911900143692,37.204791976184914,36.79336447628433,14.0,20.0,36.0,-0.9,0.0,0.0,0.0,0.0,0.0,0.0,0.0,0.0,0.0,0.0
2026-06-09 14:20:52,-1.785678261898399,0.489043879354099,1.246840255367676,-1.5490161083409344,-1.7805400130227682,0.799364668648967,-2.660580346758752,-1.249680796307993,37.05936520141765,36.804241589769326,36.892306681650716,14.0,20.0,36.0,-45.8,0.0,0.0,0.0,0.0,0.0,0.0,0.0,0.0,0.0,0.0
2026-06-09 14:20:53,0.24732628095595421,-1.1613185608643595,2.6415928340296535,-0.6181793323985896,-2.7281400716872186,-0.9028492286218275,-0.3416263522579248,-0.8669739940047072,36.67177685370889,37.122711990037665,36.83355704037103,14.0,20.0,36.0,-38.9,0.0,0.0,0.0,0.0,0.0,0.0,0.0,0.0,0.0,0.0
2026-06-09 14:20:54,-0.02802023103627649,1.3742563007380246,1.6501639050111745,1.7880504490735483,1.869407501866208,1.1921025986979616,-0.9112244957290985,2.817204734648234,36.843600273174886,37.37027212132138,37.08585045808343,14.0,20.0,36.0,-78.1,0.0,0.0,0.0,0.0,0.0,0.0,0.0,0.0,0.0,0.0
2026-06-09 14:20:55,2.2998535523094867,0.5874953053371268,2.281743348005606,2.669126902705317,1.2911007950354758,-1.5984487214537506,0.7423887525646462,-0.3467954642838329,36.6724089148952,36.85629595053862,36.92240410787168,14.0,20.0,36.0,-74.6,0.0,0.0,0.0,0.0,0.0,0.0,0.0,0.0,0.0,0.0
2026-06-09 14:20:57,0.06849113733350354,-1.3383934342261818,2.375534240550719,0.922868808574258,2.1226728732837383,-2.96150632284509,-2.1402473065557963,2.8263250462238716,36.62236667141806,37.330700440701676,37.1073605284476,14.0,20.0,36.0,-29.4,0.0,0.0,0.0,0.0,0.0,0.0,0.0,0.0,0.0,0.0
2026-06-09 14:20:58,-1.160904552578772,1.6037154287450388,-0.3338430231466112,0.4459373083036393,1.650824332423256,-0.8511420370964045,-0.5018471797878563,0.41475632624803893,36.61439921522681,37.13540546253754,37.172378095558955,14.0,20.0,36.0,-33.5,0.0,0.0,0.0,0.0,0.0,0.0,0.0,0.0,0.0,0.0
2026-06-09 14:20:59,0.8700384149500247,-2.2813458911236637,-0.4320791116607188,-2.1655685037580206,1.8902962463690303,2.96640616982146,-0.4334721609562182,-1.1337271669505609,36.79676331236458,36.97742566566649,36.76697980283723,14.0,20.0,36.0,71.4,0.0,0.0,0.0,0.0,0.0,0.0,0.0,0.0,0.0,0.0
2026-06-09 14:21:00,-0.2172187709347151,-0.7373539809136531,2.1073587891054064,1.602660912542249,2.657492160887333,2.9745512735014383,-1.6704565159393403,0.5465409427189671,36.88478153008276,37.21841969496226,36.83449543653527,14.0,20.0,36.0,-34.8,0.0,0.0,0.0,0.0,0.0,0.0,0.0,0.0,0.0,0.0
2026-06-09 14:21:02,-0.697548439824442,-1.3641568481644402,0.1887821485545791,-2.711357297903503,2.821916299581633,-2.424535782881991,-0.7213099341141005,2.946768414707708,37.042744618961066,37.335392302754094,36.73117696368165,14.0,20.0,36.0,28.8,0.0,0.0,0.0,0.0,0.0,0.0,0.0,0.0,0.0,0.0
2026-06-09 14:21:03,-0.5164242074262555,2.515422031062492,1.2441971463937183,-2.1449213483494036,-1.1341625989790587,0.00247194294198394,2.062583548747366,2.8458443298817464,37.05348752746881,36.95582899877694,37.242416609815876,14.0,20.0,36.0,-96.2,0.0,0.0,0.0,0.0,0.0,0.0,0.0,0.0,0.0,0.0
2026-06-09 14:21:04,0.5523522094136544,2.673949226224307,-1.3547277576932293,-1.056908765597871,-1.3446746787799344,-2.0708788063497963,-0.4350988311593831,-2.843566789212376,36.85832429738888,37.19391755071023,37.15498534093108,14.0,20.0,36.0,-35.4,0.0,0.0,0.0,0.0,0.0,0.0,0.0,0.0,0.0,0.0
2026-06-09 14:21:05,-2.4364742356620583,-1.3190135892548014,-2.1546587376824125,1.1506016689285472,-1.2492483975104889,2.96031016688492,-0.9306380204384874,-0.39429956563404556,36.80950936318021,37.36073257948537,37.18718113615615,14.0,20.0,36.0,90.8,0.0,0.0,0.0,0.0,0.0,0.0,0.0,0.0,0.0,0.0
2026-06-09 14:21:06,0.05814140173918236,-1.8165347082033139,0.7973244159183746,1.6986506705603688,-1.3955778059217636,0.40354314496226973,2.2737164437991693,-0.22884370005116672,36.62997998168328,37.34603787727512,37.09022986037151,14.0,20.0,36.0,27.7,0.0,0.0,0.0,0.0,0.0,0.0,0.0,0.0,0.0,0.0
2026-06-09 14:21:07,0.3008084119396841,-2.519779038816231,-1.4915183257353142,1.0119590848299627,2.697228810400019,-2.198541754681011,0.04752589773732918,-1.3180947558628389,36.96985799435414,37.06402427484449,36.89296531485476,14.0,20.0,36.0,102.6,0.0,0.0,0.0,0.0,0.0,0.0,0.0,0.0,0.0,0.0
2026-06-09 14:21:08,1.791264649154095,-1.7153431022425087,2.2974638746104885,-0.3116792516647684,-0.8379914263026675,1.948135869774231,-2.0596293790852003,-1.8062502985559792,36.57188586648798,37.05462819809782,37.14643799319631,14.0,20.0,36.0,-15.1,0.0,0.0,0.0,0.0,0.0,0.0,0.0,0.0,0.0,0.0
2026-06-09 14:21:10,-1.1616066331396868,-2.313787705792297,0.7010117852176041,0.4623068971147166,1.591919293074393,1.6146624560972924,-2.2036618974902593,0.7101570015861753,36.77129962909515,36.861817702911885,36.85771869576956,14.0,20.0,36.0,41.4,0.0,0.0,0.0,0.0,0.0,0.0,0.0,0.0,0.0,0.0
2026-06-09 14:21:11,0.7462886898069323,-2.268602128359883,0.33841716090709717,-0.9242466540480416,2.1147782862285656,-0.6871702337518046,1.0393907596513356,1.3291923064469886,36.59613204816391,37.043004545809836,36.89021362608088,14.0,20.0,36.0,50.1,0.0,0.0,0.0,0.0,0.0,0.0,0.0,0.0,0.0,0.0
2026-06-09 14:21:12,1.9156968684999942,0.21296894086884066,-2.969443198018567,2.10623842482906,2.2975313166888345,2.6662207669201514,-2.6178181206200133,0.37716891291221266,36.72240173652578,36.86274473529149,37.134653804276994,14.0,20.0,36.0,71.3,0.0,0.0,0.0,0.0,0.0,0.0,0.0,0.0,0.0,0.0
2026-06-09 14:21:14,0.8393474185496652,0.04650199638350916,-0.18555601403261424,0.8899427328969507,1.1504592937371134,-1.7631446316103538,2.3797303006101664,0.27376149414953765,36.514509573611896,37.09861627445653,36.737052709045834,14.0,20.0,36.0,3.9,0.0,0.0,0.0,0.0,0.0,0.0,0.0,0.0,0.0,0.0
2026-06-09 14:21:15,-2.0761387978577313,0.8883665602503079,1.2675513772451543,0.40553781460156646,-1.2515011055354832,1.202101728404064,0.7601806733733243,0.4517537689191893,36.71653674611523,37.133558829326304,37.03276491663246,14.0,20.0,36.0,-54.8,0.0,0.0,0.0,0.0,0.0,0.0,0.0,0.0,0.0,0.0
2026-06-09 14:21:17,2.2879398232889736,1.0641747765528713,1.7482585030212947,-1.4181029963570628,0.5681560535636834,-0.534960191911702,-2.6688862858001103,-0.8875563290504949,36.91633607331747,36.822947961989314,37.21864371793841,14.0,20.0,36.0,-74.3,0.0,0.0,0.0,0.0,0.0,0.0,0.0,0.0,0.0,0.0
2026-06-09 14:21:18,-0.29662187562289777,-0.07886364392443657,-1.2000215708573287,-0.5547716446240796,-2.208008887047578,0.7013508961931647,-2.8584139241558533,2.03640657281552,36.931202903763165,36.86904005744116,36.99315634152247,14.0,20.0,36.0,32.0,0.0,0.0,0.0,0.0,0.0,0.0,0.0,0.0,0.0,0.0
2026-06-09 14:21:19,1.7816945160242446,-1.7058217688075898,1.446236345672558,-1.108791320244959,2.076474418723638,-2.4831233066695266,2.39586724018701,2.5667042500312913,36.75380465161653,37.37834308549296,36.71028758695707,14.0,20.0,36.0,6.7,0.0,0.0,0.0,0.0,0.0,0.0,0.0,0.0,0.0,0.0
2026-06-09 14:21:20,-0.18350957726881711,-1.2860622789580323,0.4577549787437998,1.9164919921487922,1.5257129506512124,2.1703449997756126,-2.853782355932789,-2.7547418903898917,36.8946990019473,36.964301633281885,37.09275519687106,14.0,20.0,36.0,21.1,0.0,0.0,0.0,0.0,0.0,0.0,0.0,0.0,0.0,0.0
2026-06-09 14:21:21,-2.79250773847854,-1.1533308973954797,0.37792536995161274,-0.0016653822141159402,-1.793207453098233,-0.5906484196033945,0.6759297154742767,1.8033556964388433,36.93241129293764,36.84167999988311,36.91230537590937,14.0,20.0,36.0,20.1,0.0,0.0,0.0,0.0,0.0,0.0,0.0,0.0,0.0,0.0
2026-06-09 14:21:22,2.2744023594691676,0.4394038968711427,-0.5943460765291029,-2.574382358364585,-1.984494484689489,0.5195317870377374,-1.5042537822145114,0.18246049133027276,36.63714587452236,37.36803214918807,37.17329563249393,14.0,20.0,36.0,3.5,0.0,0.0,0.0,0.0,0.0,0.0,0.0,0.0,0.0,0.0
2026-06-09 14:21:24,0.88349560088038,-1.6661732843972863,-2.954329231845014,0.9977221860314831,-2.4754511571059528,2.265383232847868,2.069479673157998,0.07731790485934331,36.70401480278042,37.3795702534229,37.26736317624883,14.0,20.0,36.0,121.6,0.0,0.0,0.0,0.0,0.0,0.0,0.0,0.0,0.0,0.0
2026-06-09 14:21:25,-1.8695640250484649,0.7967702382405126,-1.6759889772457432,-2.7238331016363477,2.6343619760597035,-1.34246158064741,2.911880550898025,0.36357147970230175,36.502461753910715,36.84033469006067,37.0086911675148,14.0,20.0,36.0,23.5,0.0,0.0,0.0,0.0,0.0,0.0,0.0,0.0,0.0,0.0
2026-06-09 14:21:26,2.5955160600859912,-1.2848071854266874,0.2608387423082572,2.0380589480193105,2.2943642775552693,-0.6952561314131409,0.9553291388646032,-1.8542499651278335,36.856358328367904,37.13031399707085,36.78605553545444,14.0,20.0,36.0,26.6,0.0,0.0,0.0,0.0,0.0,0.0,0.0,0.0,0.0,0.0
2026-06-09 14:21:27,1.8006172628685633,-2.7233738559787466,-1.1687721106281845,-2.478082680724806,-0.1838919907317158,0.22310628078908668,-2.660179211927245,-1.1500481316674749,36.844379029910876,37.140918801447,37.02855472258093,14.0,20.0,36.0,99.4,0.0,0.0,0.0,0.0,0.0,0.0,0.0,0.0,0.0,0.0
2026-06-09 14:21:28,1.0507679033369977,1.6652603268808788,-1.120391190975905,-0.997456927684214,-0.8802580744793445,2.041393266059613,-1.487881044552579,-0.07559609045652049,37.030131712637235,37.3260541741173,37.16778064526625,14.0,20.0,36.0,-13.8,0.0,0.0,0.0,0.0,0.0,0.0,0.0,0.0,0.0,0.0
2026-06-09 14:21:30,1.3451678245953307,2.133918660619245,1.3726017523440541,1.3685822971569355,2.21567349972314,1.0309190285478067,-0.43438846487681104,-1.1419953839438042,36.86139723968211,36.80797813158948,37.27812990714912,14.0,20.0,36.0,-90.4,0.0,0.0,0.0,0.0,0.0,0.0,0.0,0.0,0.0,0.0
2026-06-09 14:21:31,0.9198253422433593,0.1514830790056072,1.1509940445484919,-1.7506320931922021,-0.6548333954610257,2.2474916687435567,2.3358583549641656,-2.3601417775199587,36.93144189782908,36.80743598921761,36.75746057570949,14.0,20.0,36.0,-31.4,0.0,0.0,0.0,0.0,0.0,0.0,0.0,0.0,0.0,0.0
2026-06-09 14:21:32,-2.323938941429698,2.605314801012419,2.1578724734218557,-2.7786836565684867,1.8230191088479462,-0.4964027616454647,-0.34017314039429447,-0.25249708756080835,36.820036601347944,36.92738949950641,36.84554527933737,14.0,20.0,36.0,-100,0.0,0.0,0.0,0.0,0.0,0.0,0.0,0.0,0.0,0.0
2026-06-09 14:21:33,-1.6243465250007263,-0.48958258180440284,1.4026433221733132,1.7571938157384164,0.3792965421381904,2.7103201460663415,1.3674077863531604,2.8090912054439166,36.63174551301013,36.94837023170475,37.058448356741934,14.0,20.0,36.0,-21.6,0.0,0.0,0.0,0.0,0.0,0.0,0.0,0.0,0.0,0.0
2026-06-09 14:21:34,-1.47713835381314,-2.7899438581760885,1.5429948924043435,1.5594841865106854,1.8045871300242524,-1.5752318166881132,-2.856173915452043,2.2676536334101343,37.068073025663054,36.89069633613075,36.82782916967362,14.0,20.0,36.0,30.0,0.0,0.0,0.0,0.0,0.0,0.0,0.0,0.0,0.0,0.0
2026-06-09 14:21:35,1.1723312121241616,2.789438246901021,-1.3570072854087867,-0.8344666256393909,-0.45331785057148366,1.5825372575656882,-2.42168441473054,0.6396108596885006,36.87026285348194,37.00534308746999,36.94236925260937,14.0,20.0,36.0,-37.5,0.0,0.0,0.0,0.0,0.0,0.0,0.0,0.0,0.0,0.0
2026-06-09 14:21:36,2.3299243545867885,2.8665152817690176,0.5739151908713742,-0.42548749664304353,0.4254963527502982,-2.0915371757083854,-1.576463691960143,0.7530732314771944,36.85635419698345,37.04952197843356,37.237298861867465,14.0,20.0,36.0,-90.8,0.0,0.0,0.0,0.0,0.0,0.0,0.0,0.0,0.0,0.0
2026-06-09 14:21:37,-1.4931726860972518,2.6646163933450335,0.6361117460193766,-0.1023176627063509,-1.9649849751651778,2.2024690666371747,0.028295788150938694,-2.3732495881490108,36.6109355050255,36.951924534598724,37.03325117020352,14.0,20.0,36.0,-84.2,0.0,0.0,0.0,0.0,0.0,0.0,0.0,0.0,0.0,0.0
2026-06-09 14:21:39,0.4922588014666176,-2.9358466990065706,-0.5933434469479573,2.4064809765278294,-1.164847146338255,2.7897730591604013,1.3414657201262123,0.5019231912880966,36.6061632316359,36.857789471789296,37.1686069193672,14.0,20.0,36.0,93.3,0.0,0.0,0.0,0.0,0.0,0.0,0.0,0.0,0.0,0.0
2026-06-09 14:21:40,-0.1819883722415625,0.3228639289656039,-0.9627885607897504,2.010139600982103,-1.323940987260553,-2.0481077929948284,-2.7361964480812966,-2.7176866753073794,36.997203503193525,37.09015916005769,37.077990408121195,14.0,20.0,36.0,14.2,0.0,0.0,0.0,0.0,0.0,0.0,0.0,0.0,0.0,0.0
2026-06-09 14:21:41,2.0381343805600816,1.5361420340058531,-2.2556990604941456,1.1664977228658113,2.4271830679851822,-0.13073975711269092,-2.512248621040192,-1.2415720465562934,36.637205930299864,37.25221454248329,37.20266203279503,14.0,20.0,36.0,17.3,0.0,0.0,0.0,0.0,0.0,0.0,0.0,0.0,0.0,0.0
2026-06-09 14:21:42,2.950784872305073,-1.1002108636747971,1.7545900343470535,-1.054903447689086,-2.666308502613381,0.21685601887270867,-1.0576269372193046,2.3598817874305595,36.8968206235356,36.8144662265132,37.29395718369149,14.0,20.0,36.0,-17.3,0.0,0.0,0.0,0.0,0.0,0.0,0.0,0.0,0.0,0.0
2026-06-09 14:21:43,-2.0928876535784235,1.1736011504372863,-1.1619231375061443,-1.3741313246253222,-1.9861029484061736,0.6216064548398652,-1.2562546933813408,1.951404450080945,36.978863082979245,37.01435287869368,36.88832874859142,14.0,20.0,36.0,-0.6,0.0,0.0,0.0,0.0,0.0,0.0,0.0,0.0,0.0,0.0
2026-06-09 14:21:44,0.26486559358507966,-0.1825985084556523,0.24213514579700313,0.023825482554586497,-0.27625212402514965,-1.5094099744452847,-1.8378091388176307,2.54668046682278,36.84042939430805,36.97919816048434,37.118547107343076,14.0,20.0,36.0,-3.2,0.0,0.0,0.0,0.0,0.0,0.0,0.0,0.0,0.0,0.0
2026-06-09 14:21:46,-2.70312166442901,-0.6249859835262699,-1.3651373545307235,-1.214565538935698,1.1394532756527394,-2.7809281735630007,0.6031985089658654,-2.0251863560905283,36.972542221146405,37.0658067478108,36.85200529953554,14.0,20.0,36.0,50.4,0.0,0.0,0.0,0.0,0.0,0.0,0.0,0.0,0.0,0.0
2026-06-09 14:21:47,-2.2285836429657087,-0.1747877342458124,0.7130756556365889,-0.6751175006028145,2.841487576112156,0.6942364088554838,1.8122264126144945,-1.9277327822757582,36.83324976500912,37.059982923191896,37.18605381921734,14.0,20.0,36.0,-12.7,0.0,0.0,0.0,0.0,0.0,0.0,0.0,0.0,0.0,0.0
2026-06-09 14:21:48,-1.6150456744430037,-2.272807829906767,0.4904844979407974,1.491184408746995,-0.5782231058372278,-0.11769206511210317,-0.7747103798719799,-2.132015399631467,36.77023741975997,36.92260605500311,36.75536302580998,14.0,20.0,36.0,45.6,0.0,0.0,0.0,0.0,0.0,0.0,0.0,0.0,0.0,0.0
2026-06-09 14:21:49,-0.239555648929338,-0.3517838481399611,2.375560020585529,-1.2205566052408028,-1.9835324804304033,2.6664376593776247,1.6171562624932676,-1.0838210051867165,36.77536769922786,37.33211469577207,37.036881066744414,14.0,20.0,36.0,-50.2,0.0,0.0,0.0,0.0,0.0,0.0,0.0,0.0,0.0,0.0
2026-06-09 14:21:50,-1.8193391718980134,1.4224953148190416,2.2170564010039975,-0.8511406926178195,0.8886488672571748,-2.6043393445532192,2.2589174491903066,2.96819625342678,36.94364746858462,36.929062233214566,37.05880001364029,14.0,20.0,36.0,-94.3,0.0,0.0,0.0,0.0,0.0,0.0,0.0,0.0,0.0,0.0
2026-06-09 14:21:52,1.477703381201529,-1.0442590424795064,2.6877978494549826,-0.48422783293676064,2.4402458657334867,-2.5998621924527487,2.452416726004972,-2.1411729748334665,36.92535577802419,37.33644642572795,36.894782033824505,14.0,20.0,36.0,-42.6,0.0,0.0,0.0,0.0,0.0,0.0,0.0,0.0,0.0,0.0
2026-06-09 14:21:53,2.2257912069464494,2.070198626370777,-1.4688136483772392,0.44426839441305965,-0.8664917329686741,1.3124383207436772,-2.314589477291099,1.6029167649939762,36.695084574692935,36.80795109668951,37.05297940768812,14.0,20.0,36.0,-16.1,0.0,0.0,0.0,0.0,0.0,0.0,0.0,0.0,0.0,0.0
2026-06-09 14:21:54,-1.4512573014554426,0.752812985665984,-2.9002909965810533,-2.7645975617928964,1.4982064408092892,-0.0028506102550576173,2.624832281550564,0.5715578583586138,37.01045938057638,36.92058266107235,37.20504625441901,14.0,20.0,36.0,56.8,0.0,0.0,0.0,0.0,0.0,0.0,0.0,0.0,0.0,0.0
2026-06-09 14:21:55,-1.5675960386252064,-2.0434336021972044,0.21906734353278434,-1.2912284967409586,-2.3688481087728377,2.133859716469166,2.3614007917687436,-1.6041055024507056,36.85700819079151,37.0054970572765,36.86861986591925,14.0,20.0,36.0,49.4,0.0,0.0,0.0,0.0,0.0,0.0,0.0,0.0,0.0,0.0
2026-06-09 14:21:56,-1.7786184715564484,-0.7144176547298247,2.101970144642565,0.1271246056616615,-0.1082570641472822,-2.5562816956658594,-1.1202239633537658,-0.7928618093920172,36.58150868478904,37.17481146309736,37.23436668097187,14.0,20.0,36.0,-37.7,0.0,0.0,0.0,0.0,0.0,0.0,0.0,0.0,0.0,0.0
2026-06-09 14:21:58,2.2362214344083684,-1.9376542661394924,-1.5590142529343929,0.1118326489136976,-2.944023107074213,0.8453276201365822,-0.9788385465966396,-2.789008669379702,36.90668889857124,37.195341968467076,36.81850845179592,14.0,20.0,36.0,90.3,0.0,0.0,0.0,0.0,0.0,0.0,0.0,0.0,0.0,0.0
2026-06-09 14:21:59,0.06560667047254576,2.2834616895394486,2.6642217013545118,1.479391126745785,0.20013302980582282,-2.561393121342997,0.5579169101553112,-0.974855509157103,36.64666345222419,36.81563976716782,36.772409773617376,14.0,20.0,36.0,-100,0.0,0.0,0.0,0.0,0.0,0.0,0.0,0.0,0.0,0.0
2026-06-09 14:22:00,-2.943505529491296,2.349618584316092,-2.412534559047467,0.22868277239732926,-2.127748280652976,-1.984453672667531,2.910458557078975,-1.8331022405320259,36.533605164640385,36.909855329126515,37.054860621819444,14.0,20.0,36.0,2.1,0.0,0.0,0.0,0.0,0.0,0.0,0.0,0.0,0.0,0.0
2026-06-09 14:22:01,0.44413844821613235,-1.6426921355195734,1.6850128680375276,-0.6830295015505032,1.5356953447556876,-1.8552842979980888,2.4190806717937035,0.28649671242506525,36.776269223407716,36.98374587474487,37.11102683363708,14.0,20.0,36.0,-0.8,0.0,0.0,0.0,0.0,0.0,0.0,0.0,0.0,0.0,0.0
2026-06-09 14:22:03,1.1547032677012385,2.5778233118326614,2.4510793521339345,-1.5665472700064924,1.7312079806662526,0.6005584217534614,-1.3539092183389203,2.345413760989424,36.93426653014409,37.25139439604091,36.71414179602272,14.0,20.0,36.0,-100,0.0,0.0,0.0,0.0,0.0,0.0,0.0,0.0,0.0,0.0
2026-06-09 14:22:04,-1.627720970680833,1.7101741708117029,-1.8923035127458976,-0.9113172728886161,1.9021645861407794,-1.5253523853817836,-2.6403099337795246,1.8060245015465464,36.8412650222839,37.250576491567415,37.121947623706404,14.0,20.0,36.0,2.6,0.0,0.0,0.0,0.0,0.0,0.0,0.0,0.0,0.0,0.0
2026-06-09 14:22:06,1.9040257870661819,-2.5922114438384156,0.1924804122529138,-0.7739894389061619,0.02175612658563786,1.3467807483640684,-1.3715551493041642,1.6331038214332088,36.81790984454537,37.01285044332876,36.717332754350764,14.0,20.0,36.0,62.0,0.0,0.0,0.0,0.0,0.0,0.0,0.0,0.0,0.0,0.0
2026-06-09 14:22:07,-1.8723726835711947,-2.0866433699291633,-0.6520863827463055,2.430794732356496,-0.9261250614860517,0.29797715010279147,2.22048164118498,1.7089263042989309,36.56176133803971,37.25543661985046,36.96404065275097,14.0,20.0,36.0,72.1,0.0,0.0,0.0,0.0,0.0,0.0,0.0,0.0,0.0,0.0
2026-06-09 14:22:08,2.9704365350344375,-1.8947134246221604,1.8951294657839854,1.3043557742678846,1.7890289636673558,-2.1462745230248226,-1.5076396170853408,1.4699973013659982,36.722102595882454,37.005646343676446,37.129636080593684,14.0,20.0,36.0,-1.8,0.0,0.0,0.0,0.0,0.0,0.0,0.0,0.0,0.0,0.0
2026-06-09 14:22:09,-2.269347810519238,1.4352853823029665,1.1329008707466777,2.091370064777122,1.3649364969816355,2.189725042406682,-1.271037831849134,-2.4020536556590253,37.00379358254207,37.309663945047326,37.19970034110748,14.0,20.0,36.0,-65.9,0.0,0.0,0.0,0.0,0.0,0.0,0.0,0.0,0.0,0.0
2026-06-09 14:22:11,1.4580340547510167,0.00806174272508775,0.6861160827824442,-1.064123210527031,0.1487947221084358,-0.8587198757090153,-0.9204256144688516,0.8953197296321092,37.05627826687308,37.00765187593175,37.25308017168265,14.0,20.0,36.0,-18.8,0.0,0.0,0.0,0.0,0.0,0.0,0.0,0.0,0.0,0.0
2026-06-09 14:22:12,-1.9999039681158628,1.4847238145455046,1.516170091650051,2.8283207189536475,0.10435246779054141,0.39289032049661365,2.1564114653795654,-0.6332291789234006,36.69993453912619,37.20596268812078,36.7722608939218,14.0,20.0,36.0,-76.3,0.0,0.0,0.0,0.0,0.0,0.0,0.0,0.0,0.0,0.0
2026-06-09 14:22:13,0.09799047237099678,-2.323612217944432,1.782824768949209,0.128185624111687,1.840985309020521,1.31802422681384,-2.7480299551782945,-2.4944941784641292,36.639252295179396,36.92743461686305,36.8436709043818,14.0,20.0,36.0,13.3,0.0,0.0,0.0,0.0,0.0,0.0,0.0,0.0,0.0,0.0
2026-06-09 14:22:14,-2.396511346606438,-2.668208588289171,2.0424744025168913,2.5926353890043927,-1.2633828134694267,-2.3538262610581753,1.960577171176272,-1.2664285272313216,36.735914212263395,37.09494234784202,37.202070904244394,14.0,20.0,36.0,16.0,0.0,0.0,0.0,0.0,0.0,0.0,0.0,0.0,0.0,0.0
2026-06-09 14:22:16,2.6878719022023008,0.7566406637576666,-0.20356727264060037,0.765349197283899,0.7812102539272301,-1.126995503903089,1.1513834216054306,1.542293540351606,36.97673086097661,37.232796819343854,36.94942655775867,14.0,20.0,36.0,-14.3,0.0,0.0,0.0,0.0,0.0,0.0,0.0,0.0,0.0,0.0
2026-06-09 14:22:17,0.12149699767411137,-0.11901740362575008,-0.27996046904177696,2.163625333078948,-0.931766671132181,2.6930664084949276,-1.0796838693987223,0.31806397601001546,36.7117744930356,36.97103020956923,36.72976729664266,14.0,20.0,36.0,11.1,0.0,0.0,0.0,0.0,0.0,0.0,0.0,0.0,0.0,0.0
2026-06-09 14:22:18,-2.818144095400962,-0.42480669951696237,-1.021156056365369,-1.5782757252289288,-1.967285837163024,-2.2643488375731344,-2.1906687434116296,2.1775571309280055,36.574106662588854,37.00378240467018,36.9617991243013,14.0,20.0,36.0,35.2,0.0,0.0,0.0,0.0,0.0,0.0,0.0,0.0,0.0,0.0
2026-06-09 14:22:20,-1.1667054395943384,-2.9667048753272023,1.98588509146518,-2.626702686130246,0.5050023622464019,-1.0785840561212712,0.6403487357632676,0.2109472455436987,37.0530515682153,37.010067756968276,36.986463042335174,14.0,20.0,36.0,25.1,0.0,0.0,0.0,0.0,0.0,0.0,0.0,0.0,0.0,0.0
2026-06-09 14:22:21,2.0532180148413284,0.7014219073572483,2.433731896306087,-2.3573269896691125,2.955722661427795,0.6647461449658572,0.6505797477783872,1.1253522799308175,36.96671094388117,36.85521042780715,37.2469747736284,14.0,20.0,36.0,-80.4,0.0,0.0,0.0,0.0,0.0,0.0,0.0,0.0,0.0,0.0
2026-06-09 14:22:22,-2.8807640639542567,0.24395933215448018,-0.44247184407629003,2.4838929550033475,0.27118535096142793,0.9764744476183718,1.5472685729803857,1.1498962325919901,36.73864456155839,36.95487549469842,36.795497240060726,14.0,20.0,36.0,6.4,0.0,0.0,0.0,0.0,0.0,0.0,0.0,0.0,0.0,0.0
2026-06-09 14:22:23,-0.004578302456586414,-2.4770320563737704,-2.3015921076465187,-0.79515573122137,0.7411324579441816,-1.6750070749114687,-2.600464587885629,1.5822113263492525,37.060136060420305,36.90240534689813,37.036889677657314,14.0,20.0,36.0,121.4,0.0,0.0,0.0,0.0,0.0,0.0,0.0,0.0,0.0,0.0
2026-06-09 14:22:24,1.865566242096107,-1.1655871735284367,0.5631533912189366,-0.687954654940647,2.5898555774009866,0.7053678045426781,1.2345071369124927,0.2803290661730031,36.87017285770469,37.18087910363208,36.9276966754947,14.0,20.0,36.0,16.5,0.0,0.0,0.0,0.0,0.0,0.0,0.0,0.0,0.0,0.0
2026-06-09 14:22:25,-1.6709979619600857,-1.155953977204025,1.2295774857987913,-0.12334130378870034,-1.029761495823965,-1.9359354485925406,-0.9648250767401079,-1.0599294763085785,36.571455905141576,37.07354866771885,37.0875714797448,14.0,20.0,36.0,-3.4,0.0,0.0,0.0,0.0,0.0,0.0,0.0,0.0,0.0,0.0
2026-06-09 14:22:27,-1.5541709916973474,1.53490577915366,-0.24051892709890765,-1.7147769942944138,2.3703195390837726,1.334478863350073,-0.512033895746641,0.4034804292858629,36.74952537700718,36.88117603310315,37.15378958180878,14.0,20.0,36.0,-33.1,0.0,0.0,0.0,0.0,0.0,0.0,0.0,0.0,0.0,0.0
2026-06-09 14:22:28,-2.1352280510097907,-0.9150268765369649,-2.2607442226889587,-0.8701008273131183,-1.3765341345509041,1.6071162285572367,-1.3230822541077938,1.188755058890541,36.59610247650584,36.856280263553316,36.714184636745856,14.0,20.0,36.0,82.3,0.0,0.0,0.0,0.0,0.0,0.0,0.0,0.0,0.0,0.0
2026-06-09 14:22:29,2.7077223771442505,2.5203970851089617,-1.2689590386729706,2.6968162217052383,-2.043817598962163,-2.6320201339686964,-2.0552403984057372,2.6314760473351058,37.05808906329492,37.01694196602784,36.81391943164657,14.0,20.0,36.0,-34.7,0.0,0.0,0.0,0.0,0.0,0.0,0.0,0.0,0.0,0.0
2026-06-09 14:22:31,-2.2591729679128636,-2.018539616270327,-2.046906315495666,-1.3225303068941718,2.7687786198855973,0.5689932443466503,-1.231976307597814,1.1190128546489193,36.582210894497024,36.85739460106853,36.871600489791234,14.0,20.0,36.0,104.8,0.0,0.0,0.0,0.0,0.0,0.0,0.0,0.0,0.0,0.0
2026-06-09 14:22:32,-1.4471980565869427,-1.5482891668532557,-0.41167633710568285,1.4866654606860878,-0.9046686938274684,2.906181700640194,2.21039438932164,-2.243823748519056,36.771651660346954,36.82486067871848,37.13865139763803,14.0,20.0,36.0,53.2,0.0,0.0,0.0,0.0,0.0,0.0,0.0,0.0,0.0,0.0
2026-06-09 14:22:34,-0.09935070286265812,-0.5777362199206251,0.32425862516843607,2.7590684994835524,1.1197935838175583,-1.3277142698445177,2.0684274349840024,0.43562377528879015,36.75418681199113,37.13538112199478,36.788978920991966,14.0,20.0,36.0,6.9,0.0,0.0,0.0,0.0,0.0,0.0,0.0,0.0,0.0,0.0
2026-06-09 14:22:35,1.1471969741090078,-0.7353026862421315,2.1127942368820056,1.6534147331936202,-1.8760140021231395,-2.5016698455550976,0.21615379503379462,2.240021265792037,36.590119073010406,37.280853848599506,36.87568882232051,14.0,20.0,36.0,-36.8,0.0,0.0,0.0,0.0,0.0,0.0,0.0,0.0,0.0,0.0
2026-06-09 14:22:36,-2.2894755912066156,-1.6136931831078654,1.8578711866779942,2.070553738331812,-2.8436845732798846,-2.0312907337243207,-0.288543592260301,2.359023167282003,36.673153307529624,36.941847485376115,37.01240767225164,14.0,20.0,36.0,-7.5,0.0,0.0,0.0,0.0,0.0,0.0,0.0,0.0,0.0,0.0
2026-06-09 14:22:37,1.7331785755149092,1.6409574032288674,-1.9604465557360555,1.7421710421860332,2.322646575148429,1.5986507590960484,2.92503894067457,1.1012341223410456,37.063673392111525,37.07965197710264,37.046284240408916,14.0,20.0,36.0,10.5,0.0,0.0,0.0,0.0,0.0,0.0,0.0,0.0,0.0,0.0
2026-06-09 14:22:38,2.7265414971971413,-0.4485141260766383,-2.668374374965423,0.007015967926004674,-2.065936647589673,-2.1752480184901617,2.741937630649499,2.2538228761687993,36.832535972221756,36.9429336330577,37.23801429069694,14.0,20.0,36.0,80.9,0.0,0.0,0.0,0.0,0.0,0.0,0.0,0.0,0.0,0.0
2026-06-09 14:22:39,-1.4666501199399073,-2.4873014063747387,-0.7219045791635614,2.1326970845435547,-2.1464339850456637,-1.4909650867777138,-1.915640381501425,-2.892833972303646,36.774421139353414,36.97906750084994,37.18330286663567,14.0,20.0,36.0,81.3,0.0,0.0,0.0,0.0,0.0,0.0,0.0,0.0,0.0,0.0
2026-06-09 14:22:41,2.7598547163154787,1.7828321086858905,2.4771954200769724,-0.33345286467519575,2.5283370300380197,-0.41339715911239683,-2.127146972020988,2.859561239458877,36.95916424444968,37.0570083133515,37.05050696896522,14.0,20.0,36.0,-100,0.0,0.0,0.0,0.0,0.0,0.0,0.0,0.0,0.0,0.0
2026-06-09 14:22:42,-2.776468666296965,0.37789856472171923,-1.3946771540652037,0.9820404640059213,1.539980171450698,0.46452366822810287,1.0456601439277264,-0.6760964837198049,36.983669479676834,36.847143078640364,37.05174189665304,14.0,20.0,36.0,27.0,0.0,0.0,0.0,0.0,0.0,0.0,0.0,0.0,0.0,0.0
2026-06-09 14:22:43,-2.385737499030027,1.6032727806473677,0.17796978542642172,1.9636438323803214,-2.836867285399686,1.0259246338320853,-1.9240079617682073,0.2455783637699671,36.583985629146134,36.82775593499504,36.83054173902632,14.0,20.0,36.0,-46.5,0.0,0.0,0.0,0.0,0.0,0.0,0.0,0.0,0.0,0.0
2026-06-09 14:22:44,-1.015000597161944,-0.40957127228483614,1.7113333468395382,1.3613199705506762,-1.0854840523706752,-2.4303454201890013,-2.157406780594015,0.33047542779309946,36.500278709669374,37.2556310454437,36.963394405644024,14.0,20.0,36.0,-36.0,0.0,0.0,0.0,0.0,0.0,0.0,0.0,0.0,0.0,0.0
2026-06-09 14:22:46,2.7836861189569806,-0.17842368004113318,-2.39115245468436,1.9798688907369355,0.1566907861502207,0.020143230174911597,0.09905328228000077,1.035839466556812,37.05434324170131,37.11607821109235,37.21618743269152,14.0,20.0,36.0,66.5,0.0,0.0,0.0,0.0,0.0,0.0,0.0,0.0,0.0,0.0
2026-06-09 14:22:47,1.4620607494067634,-1.962796849929801,0.4103208735395043,-0.7842063989859884,-0.020468430601525256,-0.7963743339070986,-1.0109469949697383,-2.019473159212103,36.91177603650326,37.00353314947476,37.16743365195612,14.0,20.0,36.0,39.2,0.0,0.0,0.0,0.0,0.0,0.0,0.0,0.0,0.0,0.0
2026-06-09 14:22:48,-1.3916435458784804,-0.866963875625117,0.40783978671852417,2.605115613494128,-0.17837711480017582,2.7627160838499627,2.4756870515327805,-1.490075590971163,36.83421086746474,36.92773672062686,36.836028717165554,14.0,20.0,36.0,14.5,0.0,0.0,0.0,0.0,0.0,0.0,0.0,0.0,0.0,0.0
2026-06-09 14:22:50,2.6000485971465395,1.1025711063467352,-0.571973416935637,1.2347568998593221,-0.3119699824561968,-2.820575356567481,-0.7227750487158375,0.6576508027947714,36.70932092900566,36.91518871187402,36.97407893830547,14.0,20.0,36.0,-15.5,0.0,0.0,0.0,0.0,0.0,0.0,0.0,0.0,0.0,0.0
2026-06-09 14:22:51,1.818446859792882,2.494579918288119,-1.4701761493608863,0.3463704951913189,-1.510661511940099,-0.9925680080283668,2.6433359108735273,2.7581363253827718,36.566693666046056,37.102074164249125,36.82832941977104,14.0,20.0,36.0,-25.7,0.0,0.0,0.0,0.0,0.0,0.0,0.0,0.0,0.0,0.0
2026-06-09 14:22:52,0.34719207541982566,1.2310399294067897,0.548425492709455,1.4522535229092028,-1.169568604286147,2.8045330929656602,-1.468813479969903,-2.0856213813881754,36.828578794415435,37.226150919946846,37.20988776083678,14.0,20.0,36.0,-45.3,0.0,0.0,0.0,0.0,0.0,0.0,0.0,0.0,0.0,0.0
2026-06-09 14:22:53,-0.188105272866407,-2.606591678953256,0.23637395969126063,1.3719274854491896,1.2054556440285404,-1.945946991953901,-1.0443240099056386,2.439267864083618,37.03904997666346,36.87576965122882,37.1742801245952,14.0,20.0,36.0,59.8,0.0,0.0,0.0,0.0,0.0,0.0,0.0,0.0,0.0,0.0
2026-06-09 14:22:55,1.9097704068534824,-2.060191694357889,-0.8322542188016664,-1.4440300648958564,1.1171931948022147,2.7636466691964987,-1.5214439119228316,-0.14238770349813556,36.87382169596299,36.982746199192306,36.741718195417455,14.0,20.0,36.0,75.4,0.0,0.0,0.0,0.0,0.0,0.0,0.0,0.0,0.0,0.0
2026-06-09 14:22:56,-0.5877060956913551,-1.5477088867092912,0.3464008639898113,2.820640290716253,-1.612558435594343,2.7532690065388605,-0.7535908087398546,-1.2462023415109644,36.96530226498766,37.00847295495937,36.7856744904217,14.0,20.0,36.0,32.1,0.0,0.0,0.0,0.0,0.0,0.0,0.0,0.0,0.0,0.0
2026-06-09 14:22:57,-1.5161085943556933,-0.2512021697604654,1.6208453801056137,2.291317119312847,-2.1342671055842093,-2.274436675156263,-0.768171018162799,-0.7913450994724478,36.64445265646064,36.943966997582024,37.096223809140874,14.0,20.0,36.0,-36.9,0.0,0.0,0.0,0.0,0.0,0.0,0.0,0.0,0.0,0.0
2026-06-09 14:22:58,-2.4763408360453605,-0.7488609174285523,-1.470966413460399,-1.3630179908031124,1.0111450267536544,-2.2616450047974914,-0.7291836242760992,-1.572761626880145,36.794644535210956,37.22562948688538,36.954849174352915,14.0,20.0,36.0,55.9,0.0,0.0,0.0,0.0,0.0,0.0,0.0,0.0,0.0,0.0
2026-06-09 14:22:59,-2.747309318035665,1.7534185760810486,2.5069392714026204,2.03690221639021,-1.2186616154127836,1.2102107490096223,-2.033783332342826,2.3709299081290194,36.91885323159883,37.04505442274264,36.815946421854385,14.0,20.0,36.0,-100,0.0,0.0,0.0,0.0,0.0,0.0,0.0,0.0,0.0,0.0
2026-06-09 14:23:00,2.2766224438475158,1.7338029757806366,-1.6053205308358165,0.019019986463646,-2.441928363996246,1.1446470029475222,2.1736841170458003,-1.1399203624325225,36.659727022628644,37.287169448379935,37.133960149063114,14.0,20.0,36.0,-1.7,0.0,0.0,0.0,0.0,0.0,0.0,0.0,0.0,0.0,0.0
2026-06-09 14:23:01,-1.7978919525511778,2.2693548211426107,-1.627056336867629,-2.054196136748077,-0.6268760138550595,1.3540949357356418,-2.889536667579134,1.6152266736739058,36.65089095484814,37.228403028098775,37.087785517650836,14.0,20.0,36.0,-17.4,0.0,0.0,0.0,0.0,0.0,0.0,0.0,0.0,0.0,0.0
2026-06-09 14:23:02,2.8406064538350675,-0.21135192616944742,-0.10159138025369208,0.857644702890243,2.617843637380613,-2.7692639206967335,0.9600679928917857,-0.8556039835732587,36.95851703855625,37.01972842140318,37.09740090925358,14.0,20.0,36.0,7.2,0.0,0.0,0.0,0.0,0.0,0.0,0.0,0.0,0.0,0.0
2026-06-09 14:23:04,1.6074775333880194,2.8310216738371663,-0.5298373140754631,-0.15908658869200476,1.3642436188922131,-1.0022636232093078,-1.0814583911743019,-1.9601252240673268,37.032486717586465,36.88019510039939,36.93097819804736,14.0,20.0,36.0,-60.5,0.0,0.0,0.0,0.0,0.0,0.0,0.0,0.0,0.0,0.0
2026-06-09 14:23:05,2.9339346684461622,1.7020551248187683,-2.8057778029478677,1.9008603256468195,1.0619000253162678,2.993408596121874,-0.5693000469897189,-1.8085494601481371,36.6929682032499,37.14620557978247,37.00024226499677,14.0,20.0,36.0,29.8,0.0,0.0,0.0,0.0,0.0,0.0,0.0,0.0,0.0,0.0
2026-06-09 14:23:06,-1.2704830777715115,-0.22997953647308433,0.11498924856530834,-1.2087597990694037,0.14817397117563402,2.428771209053333,1.391708896696743,-0.42257064208707407,36.562841494892815,37.1600629412021,36.72250045392449,14.0,20.0,36.0,4.9,0.0,0.0,0.0,0.0,0.0,0.0,0.0,0.0,0.0,0.0
2026-06-09 14:23:08,2.8042355161500527,0.11751791299916459,-1.9617498302702898,0.15502863641865705,0.5890963591264713,-0.010849892571212827,1.0915863749518042,1.2603526039408042,36.506525924782515,37.199643431985685,37.18374559151461,14.0,20.0,36.0,48.2,0.0,0.0,0.0,0.0,0.0,0.0,0.0,0.0,0.0,0.0
2026-06-09 14:23:09,-2.0735810783657875,0.9345979796223505,1.2837288915357599,0.07510191416454459,-1.7587420217087735,1.4147703514040106,-0.36439012133177107,2.0256431421060945,36.88725547652186,37.28201300739932,36.729479410193946,14.0,20.0,36.0,-56.8,0.0,0.0,0.0,0.0,0.0,0.0,0.0,0.0,0.0,0.0
2026-06-09 14:23:10,-0.015578212178277262,0.2189854252460135,-0.1737741094100489,1.2040802230060432,-0.574010765150919,-2.9986039913341846,-2.3716864867113276,2.272136087254535,36.60099980994899,36.83159615947033,37.10161650808338,14.0,20.0,36.0,-3.9,0.0,0.0,0.0,0.0,0.0,0.0,0.0,0.0,0.0,0.0
2026-06-09 14:23:11,-2.173266428029204,2.173217283773166,-2.410423764476758,1.5887153894232782,-2.9023407238291217,-1.9691000377268326,0.835147377187516,1.8517399648274644,37.04018896506673,36.84685055802823,36.70235058758547,14.0,20.0,36.0,5.6,0.0,0.0,0.0,0.0,0.0,0.0,0.0,0.0,0.0,0.0
2026-06-09 14:23:13,-2.8383748203840646,-0.12467287697131013,0.40071704513330797,-0.41775042287124364,-1.577614451732243,-0.6341969009008617,-0.1336932061753151,2.884853904777639,36.98252798186967,36.93739193924947,37.074491808383456,14.0,20.0,36.0,-7.5,0.0,0.0,0.0,0.0,0.0,0.0,0.0,0.0,0.0,0.0
2026-06-09 14:23:14,0.4811417920871035,1.0000749901554427,-0.18963510196456035,2.687756709895777,-1.4310845310492006,-2.088274289796911,-0.9107530496707499,-0.5356529556897707,36.51436761764183,37.00667663115512,36.87010222592239,14.0,20.0,36.0,-22.5,0.0,0.0,0.0,0.0,0.0,0.0,0.0,0.0,0.0,0.0
2026-06-09 14:23:15,-0.6676225100136364,-2.0564306756079143,-2.7731180176532337,-0.822164660706354,-0.9587042469173266,1.3491767429648105,-0.5090709926081978,0.47847373634014545,36.91668002638018,36.80640122618799,37.07038077582553,14.0,20.0,36.0,125.3,0.0,0.0,0.0,0.0,0.0,0.0,0.0,0.0,0.0,0.0
2026-06-09 14:23:17,1.263816648840737,-1.5113253438274388,-1.5892199453165632,-0.26090100721003484,1.0378685993275258,-1.2238266850837638,0.011432276495059401,1.1121732394919803,36.60967028362985,37.34646298801898,37.05841216509028,14.0,20.0,36.0,79.6,0.0,0.0,0.0,0.0,0.0,0.0,0.0,0.0,0.0,0.0
2026-06-09 14:23:18,-0.39639796803666627,-0.4544671779827798,-0.5344240807695639,-2.7362984700046207,2.0530070624412042,-1.3234545462568335,-1.0499054358487354,2.7623641068295566,36.713283323015744,36.81088042590872,37.08040992086743,14.0,20.0,36.0,24.4,0.0,0.0,0.0,0.0,0.0,0.0,0.0,0.0,0.0,0.0
2026-06-09 14:23:19,0.8106369698984048,2.3746789061282776,-2.5940640952052214,0.7651070919534808,-1.565417169960734,-2.094419670831257,-0.8219592250152781,-0.15984632411863542,36.80327577243888,36.970072801431364,36.81868321659688,14.0,20.0,36.0,4.2,0.0,0.0,0.0,0.0,0.0,0.0,0.0,0.0,0.0,0.0
2026-06-09 14:23:21,1.5979937278399774,-2.3388495442238986,1.7876113114609131,2.6385639710396998,0.3066665287687962,-1.849500227314638,0.13253556567868863,0.3960979685133159,37.06663333997047,37.009096269869104,37.135960488249474,14.0,20.0,36.0,13.4,0.0,0.0,0.0,0.0,0.0,0.0,0.0,0.0,0.0,0.0
2026-06-09 14:23:22,0.985679426407418,2.0057751515269713,0.43352146912944267,-2.533414345588438,-0.9116262676867395,-2.359622330069729,0.31228045251718983,1.6390849156737666,36.68896423090246,36.99984700955856,37.089800974655034,14.0,20.0,36.0,-64.1,0.0,0.0,0.0,0.0,0.0,0.0,0.0,0.0,0.0,0.0
2026-06-09 14:23:23,-2.26030704276177,-0.8162514634045213,2.5580846924625424,2.231596700256624,1.1276022526518803,1.1726680930505777,1.1905717307975792,2.5545518153521627,36.99849890739612,37.37057145378871,36.8621180726841,14.0,20.0,36.0,-43.9,0.0,0.0,0.0,0.0,0.0,0.0,0.0,0.0,0.0,0.0
2026-06-09 14:23:24,-1.098609234279911,0.7651230192314693,1.4440554603294888,0.06697479664431283,0.957960519476384,-1.816387691432047,1.7828623474708598,2.7130623275375543,36.79701252538277,36.80555728311475,36.97051772522633,14.0,20.0,36.0,-57.1,0.0,0.0,0.0,0.0,0.0,0.0,0.0,0.0,0.0,0.0
2026-06-09 14:23:26,-2.0330795439734346,2.3234766971449776,1.21913229763644,-2.6977372934232724,0.4870825734611097,-1.5325911195840578,-1.0698325730391267,-2.9842664016945157,36.99149250235489,37.22612410820714,37.05392461707695,14.0,20.0,36.0,-92.9,0.0,0.0,0.0,0.0,0.0,0.0,0.0,0.0,0.0,0.0
2026-06-09 14:23:27,2.658678225750859,-2.6148431282399778,-2.3149893156923973,-2.881628816881846,-0.7461580074464482,-1.4127468792885467,-0.6180480293339179,0.7140193804687627,36.91479490922741,37.06927243304123,37.118079507298134,14.0,20.0,36.0,126.5,0.0,0.0,0.0,0.0,0.0,0.0,0.0,0.0,0.0,0.0
2026-06-09 14:23:28,-2.3270399157600834,-1.9218983944790293,-2.435713046866863,1.9747182477850451,1.7453722542728798,-0.6212442893284154,2.1410505853357957,-0.21342466170567853,36.90581320042639,37.36709708814794,37.26486521498295,14.0,20.0,36.0,113.4,0.0,0.0,0.0,0.0,0.0,0.0,0.0,0.0,0.0,0.0
2026-06-09 14:23:29,1.0684001362283606,-1.6344461067902096,0.9469747342412811,0.9211002051849411,2.0688142921510915,2.9489576197896508,1.837421422303894,-1.2428512919466623,37.05102215075088,37.33283892379716,37.04635565835628,14.0,20.0,36.0,20.2,0.0,0.0,0.0,0.0,0.0,0.0,0.0,0.0,0.0,0.0
2026-06-09 14:23:31,-1.0657894400316388,-1.1548466472872576,-1.2388299950363768,-0.8543075488139178,-2.4935897291039684,1.7524860287765343,-0.9221851009820377,-2.932094228243308,37.07610311310567,37.28347925177535,37.27398809029476,14.0,20.0,36.0,62.3,0.0,0.0,0.0,0.0,0.0,0.0,0.0,0.0,0.0,0.0
2026-06-09 14:23:32,-2.0050729974295365,2.5620009040297953,1.0082481764002118,-0.4969066468699346,-2.000891294644634,-1.914429767530776,0.3757558362644655,-0.33500960379729516,36.7881406585247,36.94880889861007,37.19036006641007,14.0,20.0,36.0,-93.1,0.0,0.0,0.0,0.0,0.0,0.0,0.0,0.0,0.0,0.0
2026-06-09 14:23:33,0.4813964350930027,0.31873478790209564,0.8686701347375059,-1.3422047767443854,-1.4139199712535464,-1.1188126423998743,1.8074046664539676,0.0612506333047218,36.74838920364836,37.28136184540341,36.70893340809213,14.0,20.0,36.0,-30.4,0.0,0.0,0.0,0.0,0.0,0.0,0.0,0.0,0.0,0.0
2026-06-09 14:23:34,-2.0171705108821687,2.1772288184937745,-2.4055416268978167,0.35104597837653007,-2.167236071408148,-1.2123243440073557,2.48177515271602,1.9970673680468742,36.80588064509596,36.88380391709753,37.13707282884554,14.0,20.0,36.0,6.5,0.0,0.0,0.0,0.0,0.0,0.0,0.0,0.0,0.0,0.0
2026-06-09 14:23:35,-0.2645333140385806,1.764926980252448,-2.847623972299332,0.3667205529902837,1.029754192240805,0.8499454264907866,0.765438602997663,1.9307519983201749,37.02677535664934,36.94920237655035,36.90602528392688,14.0,20.0,36.0,28.8,0.0,0.0,0.0,0.0,0.0,0.0,0.0,0.0,0.0,0.0
2026-06-09 14:23:37,2.7005800394098385,-1.7269530790432837,-0.24135338915109816,0.9458396603925836,-1.4479892761000523,-0.9770249815708425,2.507474438459556,-1.5409300509026551,36.5394456901872,37.19008908864882,37.1493095906642,14.0,20.0,36.0,51.7,0.0,0.0,0.0,0.0,0.0,0.0,0.0,0.0,0.0,0.0
2026-06-09 14:23:38,1.1934338289993844,-2.029115376877066,2.3738310934401845,2.4306524343952125,0.5363760000165119,-1.5564632409381627,1.8298479141288837,-2.7164672621608457,36.62324976349501,37.26664120916361,36.745688512647405,14.0,20.0,36.0,-8.8,0.0,0.0,0.0,0.0,0.0,0.0,0.0,0.0,0.0,0.0
2026-06-09 14:23:39,-1.3616694004871903,2.505457173887777,0.3866952384955269,-1.8135097722560378,2.1762638904839875,-2.7575243470387565,2.4595228504596047,2.5620677466882364,36.916088989744466,37.160012809510306,36.763522908993636,14.0,20.0,36.0,-74.9,0.0,0.0,0.0,0.0,0.0,0.0,0.0,0.0,0.0,0.0
2026-06-09 14:23:40,-2.5412640396187585,-2.848402079080703,0.961576607457145,1.1213276179501808,-0.5391339411412215,1.9694579963857155,-1.8795580940657195,-2.2755020196868543,36.702570933366474,37.025692677193234,37.008622707206996,14.0,20.0,36.0,48.8,0.0,0.0,0.0,0.0,0.0,0.0,0.0,0.0,0.0,0.0
2026-06-09 14:23:42,-2.542626600286396,-0.3830754564977119,1.2906028568287695,-2.4956125626203933,-1.2564155909145336,1.4098270183675652,2.731263959394731,-2.1965672722738128,37.07995104663631,36.82562221257805,37.01078993246895,14.0,20.0,36.0,-21.4,0.0,0.0,0.0,0.0,0.0,0.0,0.0,0.0,0.0,0.0
2026-06-09 14:23:43,2.139622825683012,-0.39804515069180946,2.9933411765102624,-0.6533814977502965,-1.7816435233131618,0.9649029362263661,2.64193509686028,0.3292783348714554,36.501538374573045,36.96778573702383,37.00812937430547,14.0,20.0,36.0,-65.3,0.0,0.0,0.0,0.0,0.0,0.0,0.0,0.0,0.0,0.0
2026-06-09 14:23:44,1.1430963311967277,-0.7588934855700082,-2.897762574714739,-0.27742260365754934,-1.7567038334912461,-2.341209112509956,1.2695497051708156,1.0466085348712806,36.99864050422049,37.27719886956568,37.17163871969425,14.0,20.0,36.0,94.0,0.0,0.0,0.0,0.0,0.0,0.0,0.0,0.0,0.0,0.0
2026-06-09 14:23:45,-1.3006953272663446,-2.319909120777979,-2.759450330857705,-1.893198624665613,-1.6694727572561472,2.5462185048365837,-2.4019463514781783,-1.6948816804483748,36.945469211451275,37.259963017908845,36.81359067398223,14.0,20.0,36.0,131.4,0.0,0.0,0.0,0.0,0.0,0.0,0.0,0.0,0.0,0.0
2026-06-09 14:23:46,-2.001256311399927,-1.425209862223738,-2.1240282618389053,-2.3232213595481976,-0.8413838487074012,-2.8319689993351007,1.1532783194628253,2.8549456150354553,36.826186008583434,36.895331940191426,37.19841179481556,14.0,20.0,36.0,90.9,0.0,0.0,0.0,0.0,0.0,0.0,0.0,0.0,0.0,0.0
2026-06-09 14:23:47,1.8494955560908721,-2.0608997275502956,2.0360625681669386,-2.9126271155670755,2.9446432704121985,-1.0446490777282342,-2.214564193739931,2.2365570710681313,37.093136239417106,37.379602034007924,37.01049778120675,14.0,20.0,36.0,-1.0,0.0,0.0,0.0,0.0,0.0,0.0,0.0,0.0,0.0,0.0
2026-06-09 14:23:49,-1.3839895773971866,-1.4853923110033695,2.7335239206086,1.5374255242277197,2.6227242571275573,-1.6645653248305055,-0.2015148309696233,2.3325398418125936,36.53421134193865,37.36469432189275,36.80438913482563,14.0,20.0,36.0,-33.2,0.0,0.0,0.0,0.0,0.0,0.0,0.0,0.0,0.0,0.0
2026-06-09 14:23:50,1.1713464417507673,-2.387221479694907,2.6286983676092746,1.271310832829169,1.6115188680662573,1.2187234270390892,-1.6206793253361498,-1.1480055231999928,36.60290140230829,37.2440733366913,36.70845823004264,14.0,20.0,36.0,-6.4,0.0,0.0,0.0,0.0,0.0,0.0,0.0,0.0,0.0,0.0
2026-06-09 14:23:51,-2.818006270757567,-0.6881880251230035,0.5826627138599356,2.9344501103344456,-0.4971614064514984,1.32596051503588,-2.5175589813917316,-0.3320169912965585,36.86927103324132,37.30586340427907,36.73704511953315,14.0,20.0,36.0,2.1,0.0,0.0,0.0,0.0,0.0,0.0,0.0,0.0,0.0,0.0
2026-06-09 14:23:52,-2.1615634206867442,-0.7897527607577111,2.819921827914487,-0.757295411118049,1.8598148593878516,1.6559487261238015,2.818182103580538,-0.5579797558152881,36.86816279367969,37.32054178100976,37.1673615250484,14.0,20.0,36.0,-50.3,0.0,0.0,0.0,0.0,0.0,0.0,0.0,0.0,0.0,0.0
2026-06-09 14:23:53,-0.38578822950824243,0.3030104746489144,-0.22852261614827274,1.6579382988317493,1.8472192435937043,0.8477756843651081,1.5797821311593898,-1.9292315631597738,36.797745080973094,36.836513706169676,37.12162586666475,14.0,20.0,36.0,-0.7,0.0,0.0,0.0,0.0,0.0,0.0,0.0,0.0,0.0,0.0
2026-06-09 14:23:55,-1.1706452990227991,1.5369531955915763,-2.322233396483672,-0.7505570773674428,1.2833605839795812,1.3773984920726212,1.4140584000961374,-2.1718246663144534,36.503956631273994,37.33304221754182,37.12049097318827,14.0,20.0,36.0,21.7,0.0,0.0,0.0,0.0,0.0,0.0,0.0,0.0,0.0,0.0
2026-06-09 14:23:56,2.7134039767216187,-2.975411900357742,2.2515026092397097,0.9329486861554646,-0.6835368850889108,-1.438091693597126,0.9972466537898903,-2.6350724513141084,36.75245339499607,37.041450003414525,36.730788500485936,14.0,20.0,36.0,18.5,0.0,0.0,0.0,0.0,0.0,0.0,0.0,0.0,0.0,0.0
2026-06-09 14:23:57,-2.243053597800751,2.7449519903050748,1.2632553734960998,-1.8106132411723583,-1.7337335745595142,2.73058710714234,2.5972095747337605,0.5559448743225515,36.81808988169585,37.37357400712937,36.79062255262324,14.0,20.0,36.0,-100,0.0,0.0,0.0,0.0,0.0,0.0,0.0,0.0,0.0,0.0
2026-06-09 14:23:58,0.3481766994648572,-2.7875483533778453,-1.5757275128908839,0.833445538660841,-1.0784194863699388,-0.8407412531605578,-1.9677080536891727,-0.82671115056367,36.50329160723573,37.18541909348991,36.76045761156317,14.0,20.0,36.0,111.4,0.0,0.0,0.0,0.0,0.0,0.0,0.0,0.0,0.0,0.0
2026-06-09 14:23:59,2.2601096045770364,1.2245496054403926,-1.5855223418608346,2.00111701296393,-0.814341709711778,1.04700216961366,0.5387471856291048,1.9827501680098907,36.62899991181541,37.06312130543273,36.94597973560074,14.0,20.0,36.0,10.1,0.0,0.0,0.0,0.0,0.0,0.0,0.0,0.0,0.0,0.0
2026-06-09 14:24:00,-2.38455781306593,-0.9792426466401181,-2.6391760190934628,-2.9860156837649408,0.43737863207425054,-1.4620612459115898,1.3451192002142065,-2.8966826795398846,36.69550485852874,37.34550062618948,37.1439451688393,14.0,20.0,36.0,93.5,0.0,0.0,0.0,0.0,0.0,0.0,0.0,0.0,0.0,0.0
2026-06-09 14:24:01,-2.352901343577524,1.4517696373989768,-1.5694522801307595,-1.4549450787614413,-0.025477169878154182,-1.0010978739603087,-0.14755471644332996,1.2842427256528435,36.51679726320865,37.104988186188564,36.76659588344415,14.0,20.0,36.0,2.5,0.0,0.0,0.0,0.0,0.0,0.0,0.0,0.0,0.0,0.0
2026-06-09 14:24:03,1.2555217232043834,2.7721742363547595,-0.2651400839512723,2.608618046501756,-2.8707935247461824,-2.764025626711612,1.3633649510006123,-1.0169865022280318,36.746164693589016,37.2154264983564,37.23961244617485,14.0,20.0,36.0,-65.5,0.0,0.0,0.0,0.0,0.0,0.0,0.0,0.0,0.0,0.0
2026-06-09 14:24:04,-2.308963127097842,1.9638449968576221,-1.4870813641170366,-0.5062202266114753,0.46806381606819025,1.192002984952306,1.2464394564238006,2.8530374344508633,36.9949563486753,37.27502123799435,36.79439619319197,14.0,20.0,36.0,-11.1,0.0,0.0,0.0,0.0,0.0,0.0,0.0,0.0,0.0,0.0
2026-06-09 14:24:05,-2.756157941447576,0.2897827633381347,-1.2439623648801996,1.1016053453225165,2.6104261538538918,1.853127211982506,-2.980745686746409,2.673077639033849,36.90073029849529,37.356751940492195,36.972072072995665,14.0,20.0,36.0,24.1,0.0,0.0,0.0,0.0,0.0,0.0,0.0,0.0,0.0,0.0
2026-06-09 14:24:06,-0.9060434247845608,1.2179741630129923,1.1839067381473072,1.796501710165339,0.23063317287877538,1.0878750583405123,-2.2218955646887375,2.0036067090290093,36.65488880376661,37.25270115030679,36.881328739424944,14.0,20.0,36.0,-62.7,0.0,0.0,0.0,0.0,0.0,0.0,0.0,0.0,0.0,0.0
2026-06-09 14:24:07,-0.687017011204067,-0.8806525703467782,-1.6553523075910015,-0.9783884894783323,-0.0011717895676097712,0.1422260495437504,0.7785961065999798,2.6905396847717764,36.60831490181573,36.88159067970052,36.82902579488622,14.0,20.0,36.0,66.0,0.0,0.0,0.0,0.0,0.0,0.0,0.0,0.0,0.0,0.0
2026-06-09 14:24:08,-2.5843557511954574,1.8080189442124315,-0.14022234803914024,2.896624530943667,-2.156263834881221,-2.0866932813583174,2.2624280334170974,2.8263064050459272,36.85000720612788,36.91129506442479,36.87668516379145,14.0,20.0,36.0,-43.0,0.0,0.0,0.0,0.0,0.0,0.0,0.0,0.0,0.0,0.0
2026-06-09 14:24:09,2.7688295582353293,-0.9169785645893764,-2.315894511167415,-0.9433679247222351,-2.8034019507101005,-0.6346007999433656,1.8754248304567662,-0.73975322967729,37.06958504484633,36.84555684892701,37.222996260202734,14.0,20.0,36.0,84.2,0.0,0.0,0.0,0.0,0.0,0.0,0.0,0.0,0.0,0.0
2026-06-09 14:24:11,2.745550295119573,2.6306253759870524,-1.1108357031506129,-0.258026064605855,0.0925253041275611,-2.6134079532475694,0.5003239024650807,1.9105672493075083,36.77400135278704,36.83042535816647,36.955624257298894,14.0,20.0,36.0,-40.4,0.0,0.0,0.0,0.0,0.0,0.0,0.0,0.0,0.0,0.0
2026-06-09 14:24:12,0.8809953664930781,-2.439382433756863,-1.770920991864269,-2.0531607337561697,1.3172293044022272,0.6601061204522072,-1.2845835247834974,-2.8303244773699454,36.6333819170079,37.12890179724879,37.23077328690092,14.0,20.0,36.0,108.6,0.0,0.0,0.0,0.0,0.0,0.0,0.0,0.0,0.0,0.0
2026-06-09 14:24:14,1.2055565397938341,2.4354664906468972,-2.323046858654374,-2.822403361460486,2.736127139493056,-2.716562324126557,1.920483345898079,-1.6083602591504322,37.05260962612077,37.30161179651426,37.15753027277787,14.0,20.0,36.0,-3.3,0.0,0.0,0.0,0.0,0.0,0.0,0.0,0.0,0.0,0.0
2026-06-09 14:24:15,-0.21913469142148267,0.602758122937737,1.037523893853833,-1.6540102607733813,0.2375325292814381,-1.3756912180761602,-2.6349838075388536,-2.1645763093157795,36.5705584090257,37.30884993390955,36.75891878141855,14.0,20.0,36.0,-44.4,0.0,0.0,0.0,0.0,0.0,0.0,0.0,0.0,0.0,0.0
2026-06-09 14:24:17,-1.1783043133356275,-1.908945899304069,1.2198824958899603,1.1343107039087403,-2.319095576104779,-0.2558739043335221,1.776982040811598,-1.8801452846162463,36.5914952369575,37.39500177970555,36.95700971889036,14.0,20.0,36.0,18.6,0.0,0.0,0.0,0.0,0.0,0.0,0.0,0.0,0.0,0.0
2026-06-09 14:24:18,0.19183989800267787,0.7199325455685548,0.3788407021310931,-0.2326744965500236,-2.0706672185967965,-1.3171539610217557,0.6403749503672427,0.3901380788857054,36.96283421997859,37.13451589867731,36.777018762967465,14.0,20.0,36.0,-28.7,0.0,0.0,0.0,0.0,0.0,0.0,0.0,0.0,0.0,0.0
2026-06-09 14:24:19,-0.24837994619075676,-2.1850144310625437,-0.8315973367059462,-2.320312262256803,-2.9962032968317356,0.4859898376711831,-2.156568427317386,0.8434237764928207,36.83349907115619,37.084894393671284,36.96523428337993,14.0,20.0,36.0,77.2,0.0,0.0,0.0,0.0,0.0,0.0,0.0,0.0,0.0,0.0
2026-06-09 14:24:20,2.0147882012628644,1.8464338380916914,-0.37072699560301725,-1.6813956115736857,0.6868008183098122,-0.4248669042499964,-1.934666093742106,0.6168414501590651,36.572164433271965,36.91522062804336,36.93235773368716,14.0,20.0,36.0,-39.3,0.0,0.0,0.0,0.0,0.0,0.0,0.0,0.0,0.0,0.0
2026-06-09 14:24:21,0.05914120497165021,-0.11868085859144939,1.5301405394092447,2.3157146537836537,1.22546715684501,0.15670947922360323,-2.256198631229527,2.0073562471976274,36.817299342470456,37.134863884888475,36.86615269936235,14.0,20.0,36.0,-37.5,0.0,0.0,0.0,0.0,0.0,0.0,0.0,0.0,0.0,0.0
2026-06-09 14:24:23,-1.507147455148917,2.4616951982571758,0.8403154472202834,2.2305409906642293,-2.7971015218234996,2.1763986022881694,-0.8706450713387897,-2.9687121765518514,36.72077332544228,37.21483621309844,37.22651192003935,14.0,20.0,36.0,-84.7,0.0,0.0,0.0,0.0,0.0,0.0,0.0,0.0,0.0,0.0
2026-06-09 14:24:24,1.1606558613842628,1.7984907052481667,2.329029054453457,1.945436655112128,2.0317818401321395,-2.3529947654827343,2.4824648953182997,-2.9805867834748314,37.0117553168073,37.16761848110143,36.854402646435446,14.0,20.0,36.0,-100,0.0,0.0,0.0,0.0,0.0,0.0,0.0,0.0,0.0,0.0
2026-06-09 14:24:25,-1.8872963302425554,1.0813458266116367,1.016312029401785,-1.4933442558354004,0.25109832845254987,1.7163056939971204,-1.1455015818073935,2.681664044897632,36.84799800366143,37.32898061067983,37.11609900198643,14.0,20.0,36.0,-54.0,0.0,0.0,0.0,0.0,0.0,0.0,0.0,0.0,0.0,0.0
2026-06-09 14:24:26,-0.017312922109397277,0.7233919181150075,1.6319332196098149,-0.7691805445000996,-2.1061322758329997,-1.441649179626427,2.7224895300288434,-0.3035576831606104,37.08952361362651,37.21382219479151,37.08690452114508,14.0,20.0,36.0,-60.3,0.0,0.0,0.0,0.0,0.0,0.0,0.0,0.0,0.0,0.0
2026-06-09 14:24:27,-0.7697124923485763,0.6229506354941337,-1.5095398118585088,1.3157654007819009,-0.2960808639917616,-1.9975669833676244,-2.2068850990138564,2.8298440439725727,36.80224957504516,36.964141810822944,36.74630645384882,14.0,20.0,36.0,20.8,0.0,0.0,0.0,0.0,0.0,0.0,0.0,0.0,0.0,0.0
2026-06-09 14:24:28,2.742770698591075,-0.27599006462934383,2.283246286218848,2.6783429968476424,-2.718200135421393,0.8529288705343552,-2.2395459084278238,-0.41078465013285337,37.08299567844999,36.85369099054131,36.95527005047608,14.0,20.0,36.0,-52.6,0.0,0.0,0.0,0.0,0.0,0.0,0.0,0.0,0.0,0.0
2026-06-09 14:24:29,0.8182322323650935,1.0310755999564947,0.9844384036433396,-1.4942619407240005,0.5881943386892612,-0.8346881454859596,-0.6601449111435178,2.1848224805008805,36.61551037865367,37.218339466230894,36.867248946925294,14.0,20.0,36.0,-52.9,0.0,0.0,0.0,0.0,0.0,0.0,0.0,0.0,0.0,0.0
2026-06-09 14:24:31,0.8899708326957754,2.125108947243625,0.5149483711202523,-2.0590036219911143,2.5652567548047447,2.9679682646374275,-1.3470859617121134,-2.2078159531754213,36.736798266724456,36.98824616420604,36.750616487557494,14.0,20.0,36.0,-67.5,0.0,0.0,0.0,0.0,0.0,0.0,0.0,0.0,0.0,0.0
2026-06-09 14:24:32,-1.9466237898973315,-2.9988443705185563,0.9282512161265126,-1.0714774349924567,-0.045447121881105446,1.8748656844201488,-1.2842919398262933,-0.3603551526948481,36.86975881504403,36.97063794130597,37.156499604754714,14.0,20.0,36.0,53.8,0.0,0.0,0.0,0.0,0.0,0.0,0.0,0.0,0.0,0.0
2026-06-09 14:24:33,1.0188974091545386,-1.5852065030414353,-2.8156568549477554,-0.7183826019058692,-1.9810169464510121,-1.9905376640170978,-2.3488194724935987,0.5887092308048896,36.53315283564799,37.32369341992427,37.10438540446754,14.0,20.0,36.0,111.6,0.0,0.0,0.0,0.0,0.0,0.0,0.0,0.0,0.0,0.0
2026-06-09 14:24:34,1.7183592901207385,2.1141186903324645,-1.2094550976165925,-0.7603490138192583,1.3232079828554726,-1.936869928234947,-1.972288219509383,-0.42947990395221813,36.7402759258369,37.0962747593612,37.10209987161311,14.0,20.0,36.0,-25.3,0.0,0.0,0.0,0.0,0.0,0.0,0.0,0.0,0.0,0.0
2026-06-09 14:24:36,-0.04039143946900925,0.6948067464377408,0.39369872311599163,-2.015013559779904,-0.1713163742621906,-0.04557784522229813,0.008813418492206182,0.05747934046766989,36.51787113091215,37.00916265560257,37.21219978906553,14.0,20.0,36.0,-28.2,0.0,0.0,0.0,0.0,0.0,0.0,0.0,0.0,0.0,0.0
2026-06-09 14:24:37,1.89843718154102,-2.75283654997504,2.9547053825329446,-1.0279007610147033,-0.9809912640137561,1.956504100057571,-2.7088858366337663,2.604252403382059,37.002667867217994,37.1217503725061,37.16841035938353,14.0,20.0,36.0,-5.6,0.0,0.0,0.0,0.0,0.0,0.0,0.0,0.0,0.0,0.0
2026-06-09 14:24:38,0.21253073234721143,1.0557404956645238,-0.08204694408125057,1.4445551224268582,-1.064213826226096,-0.6215560626416585,2.6364228095271294,1.2952740094455537,36.73556337119352,37.37063753045532,36.73708944444467,14.0,20.0,36.0,-24.2,0.0,0.0,0.0,0.0,0.0,0.0,0.0,0.0,0.0,0.0
2026-06-09 14:24:39,2.988831210312055,-0.5756596155985316,2.4015615306418514,-2.5031044450915956,1.668897212062074,-1.407786494286887,-1.6626855870231547,-0.9354445096840553,36.73476654048078,36.910430373665626,36.86993912183411,14.0,20.0,36.0,-48.7,0.0,0.0,0.0,0.0,0.0,0.0,0.0,0.0,0.0,0.0
2026-06-09 14:24:40,-2.8775842141034316,2.985710779749815,-0.4814265211534816,-0.3387059915242032,-2.425877733551493,-0.8378480140425211,0.7941405546570568,1.6555980513362796,36.74308929920947,36.859113382961866,37.25963381498162,14.0,20.0,36.0,-64.8,0.0,0.0,0.0,0.0,0.0,0.0,0.0,0.0,0.0,0.0
2026-06-09 14:24:42,-1.4113420812578161,-0.8460611351427314,1.617501442073956,-2.4756363339906686,2.1009615958663934,-1.0208397017690718,2.6798041937350137,2.771791379667473,36.9471506079492,37.33231537375581,37.29958926355482,14.0,20.0,36.0,-19.1,0.0,0.0,0.0,0.0,0.0,0.0,0.0,0.0,0.0,0.0
2026-06-09 14:24:43,2.2593812591413336,-1.38969804689309,2.347019429696801,-1.9157366975166004,1.451034469658092,2.0481357689144577,-1.8025528250705372,0.10823450736330464,36.89619835690331,37.02728917422621,37.10408538833128,14.0,20.0,36.0,-24.6,0.0,0.0,0.0,0.0,0.0,0.0,0.0,0.0,0.0,0.0
2026-06-09 14:24:44,-2.6364350566166532,0.23124098813817007,2.785045868453164,0.2902632905370588,-1.5628017247467085,-2.2147631705173616,2.5016075651433995,-1.0572460217798172,36.53981421323098,36.86900488031161,37.26366605363511,14.0,20.0,36.0,-77.9,0.0,0.0,0.0,0.0,0.0,0.0,0.0,0.0,0.0,0.0
2026-06-09 14:24:45,2.2070172178047995,-1.1167083780551,-1.5024631433875644,1.4223302894430363,0.6024413786939715,0.5523743823226477,1.0712654066233682,-2.6572147547926876,36.85934649550875,37.37058488449216,36.79157125552359,14.0,20.0,36.0,68.5,0.0,0.0,0.0,0.0,0.0,0.0,0.0,0.0,0.0,0.0
2026-06-09 14:24:47,-1.2183002646187566,-1.4870026618122174,0.9647166834899901,-0.7320492046400457,2.070993802747479,-0.18804604171213768,0.48526512368477714,2.012454357247581,36.54062536184798,36.99513345948994,36.81345047484414,14.0,20.0,36.0,13.7,0.0,0.0,0.0,0.0,0.0,0.0,0.0,0.0,0.0,0.0
2026-06-09 14:24:48,2.4704594563261484,-1.3988876200385678,0.5824891714553488,2.3089556667125377,-1.1249976032351128,1.0756331014336045,0.6077366750004689,2.6975633137627018,36.621395465806295,36.95402608718007,37.299737392840505,14.0,20.0,36.0,22.0,0.0,0.0,0.0,0.0,0.0,0.0,0.0,0.0,0.0,0.0
2026-06-09 14:24:49,0.25097638615369355,0.25351711777051467,2.4853665463440384,-1.203707035507927,-1.109341474945872,0.5634973072459268,2.4168683417869126,-2.5610204991518595,36.95145192154282,37.05055701250174,37.27201944298417,14.0,20.0,36.0,-69.3,0.0,0.0,0.0,0.0,0.0,0.0,0.0,0.0,0.0,0.0
2026-06-09 14:24:50,-1.0048370339652724,-1.3052898932527464,0.45057319805458196,-0.5990090883711332,2.309904286765729,2.0145055595711625,2.8251713339290134,-2.0621341040745875,37.06944712894019,36.954914959184315,37.01082465498428,14.0,20.0,36.0,24.5,0.0,0.0,0.0,0.0,0.0,0.0,0.0,0.0,0.0,0.0
2026-06-09 14:24:51,0.18553629664375748,1.658600955920261,2.431622117016568,-0.06679584600492072,2.2532938382610563,1.3889824790033822,0.8021375285541006,-2.517273264409572,36.6109453888376,36.80840074591892,36.94391580930464,14.0,20.0,36.0,-100,0.0,0.0,0.0,0.0,0.0,0.0,0.0,0.0,0.0,0.0
2026-06-09 14:24:52,2.1821319926801044,-2.6578329777755134,2.983097309628911,-2.500948245317353,2.168198546570447,-0.34374625615559395,0.18104230153545453,1.161304744028568,36.89573850800188,37.15793753423004,37.255203383324265,14.0,20.0,36.0,-8.5,0.0,0.0,0.0,0.0,0.0,0.0,0.0,0.0,0.0,0.0
2026-06-09 14:24:53,0.3908425431413862,-2.592165812860342,-0.9970468139876885,1.079202904840967,-0.697259091443934,-1.5058486692369486,-0.5571091578703928,1.8513256690169735,36.74629814638358,37.066204967159386,36.835246159340976,14.0,20.0,36.0,91.8,0.0,0.0,0.0,0.0,0.0,0.0,0.0,0.0,0.0,0.0
2026-06-09 14:24:54,-0.7971622855394571,2.1153439285154043,-1.7736482399232172,-0.2735297413513922,-0.84607458098957,1.2296596745476567,1.3778195856765727,-0.9472076641438552,36.76330435241537,37.10569115944912,36.9222051663756,14.0,20.0,36.0,-7.5,0.0,0.0,0.0,0.0,0.0,0.0,0.0,0.0,0.0,0.0
2026-06-09 14:24:55,0.03957827505308309,-0.5563518699340939,2.9739577105935897,1.3272083534446608,-2.994719643036291,-0.05309075801802621,-0.6938583441208079,-0.8360355495994529,37.001535549409596,36.81349479067742,36.864168357010485,14.0,20.0,36.0,-62.9,0.0,0.0,0.0,0.0,0.0,0.0,0.0,0.0,0.0,0.0
2026-06-09 14:24:57,-2.6347560510491057,1.1709573005248117,0.4580257406613879,-2.3187129053762368,-1.875004745435242,-2.2838401777940343,1.5373838245259819,2.588356363369904,36.674263137315656,36.86450628116117,36.96230395990587,14.0,20.0,36.0,-42.5,0.0,0.0,0.0,0.0,0.0,0.0,0.0,0.0,0.0,0.0
2026-06-09 14:24:58,1.5609065023418118,0.5782340278742151,1.8071674922447603,1.677059103289416,-0.9667253970512197,-2.2206049995701562,-0.046777762139235346,2.870939228049541,37.03407006686773,37.02296815271485,37.17914779532366,14.0,20.0,36.0,-62.8,0.0,0.0,0.0,0.0,0.0,0.0,0.0,0.0,0.0,0.0
2026-06-09 14:24:59,0.5233510924800231,0.2802458773670766,0.763943858947318,-1.2209916547314952,-0.7327296103231324,0.38722504132570634,-0.3281224717099471,-0.14267207275283234,36.88630407879788,36.84472484704412,37.17274294904928,14.0,20.0,36.0,-27.0,0.0,0.0,0.0,0.0,0.0,0.0,0.0,0.0,0.0,0.0
2026-06-09 14:25:00,-0.4616459486688149,1.5977903597650709,-1.7822349808588551,-2.7376336480605787,2.8491607705956303,0.8712400694834264,-2.1305499900739804,-2.77163569747516,36.984607686999276,36.800325124888765,37.00167694867247,14.0,20.0,36.0,4.1,0.0,0.0,0.0,0.0,0.0,0.0,0.0,0.0,0.0,0.0
2026-06-09 14:25:01,-2.65071329723886,-0.6718411442968688,-0.35937096783029787,-1.679316852059518,0.672397854633008,0.5177280356136924,-2.112463274925079,-2.395673001625791,36.93880724267178,37.087968412039444,37.05043056194845,14.0,20.0,36.0,25.9,0.0,0.0,0.0,0.0,0.0,0.0,0.0,0.0,0.0,0.0
2026-06-09 14:25:03,-0.12797960987018975,0.15507717510699504,1.0755389818738132,-0.03470215405066579,0.19864248608613355,2.0761404982675264,-2.7845947154765627,-2.100270542094398,36.92141703598389,37.09631006144707,37.26896761903045,14.0,20.0,36.0,-32.2,0.0,0.0,0.0,0.0,0.0,0.0,0.0,0.0,0.0,0.0
2026-06-09 14:25:04,2.2585193098743437,-1.4985250734014013,0.12558600930404307,0.20420517839820285,0.34263784859714086,-0.8136358802167667,1.6455652195129504,2.1388377798303084,36.51157466895595,37.276302973095554,37.22536737309156,14.0,20.0,36.0,35.9,0.0,0.0,0.0,0.0,0.0,0.0,0.0,0.0,0.0,0.0
2026-06-09 14:25:06,0.3152363557706619,1.5310357281601963,-0.20215504945072116,-1.194521703099913,-1.550960458304713,1.4804274283341012,1.6086061963654714,-1.5962482775232918,37.074767142518446,36.84906646493603,37.295833471414085,14.0,20.0,36.0,-32.8,0.0,0.0,0.0,0.0,0.0,0.0,0.0,0.0,0.0,0.0
2026-06-09 14:25:07,0.4046434566083099,2.7397773330286928,-0.12420783705839433,-2.3856163369461556,1.2817476419960787,-2.8284499719064238,2.4357875164007092,2.44593683216901,36.785374324633096,37.239803377164165,36.89929931682724,14.0,20.0,36.0,-67.8,0.0,0.0,0.0,0.0,0.0,0.0,0.0,0.0,0.0,0.0
2026-06-09 14:25:08,-1.6238373807266477,1.3862434833823905,0.6187579046887763,-2.721765693170748,-0.49410324925178273,-0.34143479516564845,1.2154113930057537,0.045096717951859766,36.65095606279115,37.05687178695297,36.93239858206753,14.0,20.0,36.0,-51.4,0.0,0.0,0.0,0.0,0.0,0.0,0.0,0.0,0.0,0.0
2026-06-09 14:25:09,-0.26919789548854656,1.013106068274082,-2.151636997882082,1.6782223412177917,-0.14209692569907872,1.7938940031861978,0.06455365080872699,1.8764104247200253,36.561830337825825,37.326633317688255,37.018521973524514,14.0,20.0,36.0,30.4,0.0,0.0,0.0,0.0,0.0,0.0,0.0,0.0,0.0,0.0
2026-06-09 14:25:11,1.8571798573583838,-0.9394963829709466,1.926174543942345,0.8546429416531871,-2.3085467444646226,0.10753000010500235,-1.2456294180766414,-1.7849193785068938,36.89585787467561,36.889211657562896,37.19917979227204,14.0,20.0,36.0,-26.1,0.0,0.0,0.0,0.0,0.0,0.0,0.0,0.0,0.0,0.0
2026-06-09 14:25:12,2.228531891082228,1.0053196886778473,1.5828223415544524,0.29585279893707384,-1.8865794357783152,-0.676365510027995,-2.254541234876422,-2.9365730412685465,36.95826875494327,37.085711216639524,36.884338285908676,14.0,20.0,36.0,-68.4,0.0,0.0,0.0,0.0,0.0,0.0,0.0,0.0,0.0,0.0
2026-06-09 14:25:13,0.10830979779173466,-2.7827123413384633,2.2586985840532465,2.5050770434354073,0.8905156938740886,2.5995070866724506,2.083655508765556,-2.923791793332902,36.62279830010644,36.98644519169187,37.17472599338095,14.0,20.0,36.0,15.9,0.0,0.0,0.0,0.0,0.0,0.0,0.0,0.0,0.0,0.0
2026-06-09 14:25:15,-2.3107418232924366,2.0333283471837618,-2.592922379398757,-2.369976788728697,0.10907253561114283,-2.1432823049950365,1.3791175820646897,1.3916782724457564,36.712273202548445,36.91833641990254,36.96152465640296,14.0,20.0,36.0,14.1,0.0,0.0,0.0,0.0,0.0,0.0,0.0,0.0,0.0,0.0
2026-06-09 14:25:16,-1.7229573585001123,-0.6518856343135981,2.681080571155542,-1.6276704825793549,-2.904718970157722,2.1547205058834713,-2.3167634137618505,-2.0613707769289737,36.946021105140666,36.89265936025455,37.117294290913776,14.0,20.0,36.0,-52.6,0.0,0.0,0.0,0.0,0.0,0.0,0.0,0.0,0.0,0.0
2026-06-09 14:25:17,-2.376355903154687,1.1104027432938288,2.7152031402391605,1.3303407998538797,-1.0073992845065778,-2.4353524779644005,0.7252851130566387,2.8528513860382443,36.78388133255001,37.24917948791365,37.075071831969744,14.0,20.0,36.0,-99.8,0.0,0.0,0.0,0.0,0.0,0.0,0.0,0.0,0.0,0.0
2026-06-09 14:25:19,0.6838407108801539,-1.6362770828729296,1.9468393955974133,0.0221064410488907,2.099007253750779,2.683054809650594,2.408889464932421,-2.048418985103824,36.85379759654452,37.06875562083071,36.729258184633785,14.0,20.0,36.0,-5.5,0.0,0.0,0.0,0.0,0.0,0.0,0.0,0.0,0.0,0.0
2026-06-09 14:25:20,-1.693372523335405,-2.075429104054695,-0.45978743758022755,1.5110758092084549,-2.8459634751392953,0.21213293331190908,-0.6454686635470068,2.5986735558709677,36.91836164148443,37.06740898278398,36.812464166254685,14.0,20.0,36.0,65.3,0.0,0.0,0.0,0.0,0.0,0.0,0.0,0.0,0.0,0.0
2026-06-09 14:25:22,-2.6698245744583193,1.8224253009856328,2.9431219899903516,0.44703428235408227,2.881550082579361,-0.08425003391715613,2.0397753173026443,-0.42872781647145786,36.58781131883014,37.272611659283754,37.067612350584554,14.0,20.0,36.0,-100,0.0,0.0,0.0,0.0,0.0,0.0,0.0,0.0,0.0,0.0
2026-06-09 14:25:23,-1.927435550239224,0.6197542999086529,0.8517362594758318,-2.540226236381237,-1.7919955735763389,1.9580405777820733,-0.06919411391504049,0.21626313446395162,36.6758789359968,37.30879593777661,36.96373255044207,14.0,20.0,36.0,-37.1,0.0,0.0,0.0,0.0,0.0,0.0,0.0,0.0,0.0,0.0
2026-06-09 14:25:24,2.915856369035927,2.164720635637803,-1.0117961950018146,-2.3440347361142138,-2.1796798115795006,-1.446240284653437,-1.3996630417677065,-2.789526380745734,37.03001085808076,36.977454440088515,37.09084524257783,14.0,20.0,36.0,-31.2,0.0,0.0,0.0,0.0,0.0,0.0,0.0,0.0,0.0,0.0
2026-06-09 14:25:25,-0.5512108705976191,-0.6556554201119482,1.0592750277692202,2.5924547709188834,0.5978027640447774,2.2897452546572508,-1.0152360374038178,2.8467618276483355,37.06775883536387,37.00450864056384,37.04020563801913,14.0,20.0,36.0,-9.8,0.0,0.0,0.0,0.0,0.0,0.0,0.0,0.0,0.0,0.0
2026-06-09 14:25:26,-1.410729574117185,-2.9782644321787624,0.5014459240118452,1.466559422663443,2.5662497138999374,-0.18345737716321064,-0.8923187099713461,0.012782358364896496,37.087399972033325,37.363578747631536,36.71745183193375,14.0,20.0,36.0,63.5,0.0,0.0,0.0,0.0,0.0,0.0,0.0,0.0,0.0,0.0
2026-06-09 14:25:27,-2.7558000964288034,-2.120424633765997,-2.707624854654675,-0.2925051328446715,-2.0759249762865615,1.9575368146322294,2.707241328204452,2.385872747104547,36.82568272825062,37.143927462872824,37.14741171451033,14.0,20.0,36.0,127.2,0.0,0.0,0.0,0.0,0.0,0.0,0.0,0.0,0.0,0.0
2026-06-09 14:25:29,-0.4544954988143788,1.2247506103903945,-1.5995399555909562,-1.7337449021763307,-1.4708229010657277,-1.6098343361781173,2.2752398783471124,-0.28517594011132097,36.93086814676319,37.33590632345089,37.02365962963722,14.0,20.0,36.0,10.0,0.0,0.0,0.0,0.0,0.0,0.0,0.0,0.0,0.0,0.0
2026-06-09 14:25:30,0.5686165767000357,-0.1245010755495417,-1.267689126799166,-1.1944471531604506,-0.868525496788707,-2.6047526851170746,-0.540743442014846,-1.7175380902269086,36.96449328782354,37.225412046742335,37.24254435475125,14.0,20.0,36.0,34.4,0.0,0.0,0.0,0.0,0.0,0.0,0.0,0.0,0.0,0.0
2026-06-09 14:25:31,-2.702414228058508,2.6273116748132743,0.9317542674892016,2.329810388140123,0.2541060768820511,-2.6605410411218764,2.3345447008841838,-2.076419828629466,36.646143526577006,36.92390546529061,36.719414567128595,14.0,20.0,36.0,-92.2,0.0,0.0,0.0,0.0,0.0,0.0,0.0,0.0,0.0,0.0
2026-06-09 14:25:32,1.8450226633770033,2.014033991883873,-1.8425127408892992,-1.1809305272912813,1.0302425358159848,0.5852878099299468,1.0307690086895933,0.6440102503939773,37.062168417940754,36.97127182572944,36.84615928036345,14.0,20.0,36.0,-3.6,0.0,0.0,0.0,0.0,0.0,0.0,0.0,0.0,0.0,0.0
2026-06-09 14:25:33,-2.9832155402645544,-1.464296092857599,-0.10843672605508203,-0.5647485536385002,0.0656316687782299,1.3170733637906338,-2.648234390515163,2.1512710764710814,37.03513614039664,37.04177634110782,37.09757956546403,14.0,20.0,36.0,40.0,0.0,0.0,0.0,0.0,0.0,0.0,0.0,0.0,0.0,0.0
2026-06-09 14:25:35,0.588156816201673,-2.2716119324059454,1.9642877094644717,2.1863137497611422,0.8735660814806048,-1.4629720732796399,1.363463914814484,-1.9489295738473802,36.668438924809664,36.88119212961588,36.87325773942786,14.0,20.0,36.0,7.9,0.0,0.0,0.0,0.0,0.0,0.0,0.0,0.0,0.0,0.0
2026-06-09 14:25:36,1.7601946970643185,0.9715592454128106,-0.9649423644251383,2.501613028412363,-2.6650797170696916,2.3267127346326735,-1.225997835654213,0.2987143968868615,36.89114627998498,36.9768200551458,37.10795611147495,14.0,20.0,36.0,0.4,0.0,0.0,0.0,0.0,0.0,0.0,0.0,0.0,0.0,0.0
2026-06-09 14:25:37,0.7165839787386101,-1.4536764830030886,-2.8573607326441097,-2.405602995680067,-1.3361268142979261,2.900678519837018,-2.8408821123655152,-1.036359787860209,37.09138214268782,36.982359892170386,37.19520426008414,14.0,20.0,36.0,111.5,0.0,0.0,0.0,0.0,0.0,0.0,0.0,0.0,0.0,0.0
2026-06-09 14:25:38,-2.3059271378586588,1.4401225166978282,-1.9728678396561232,0.7112514022364982,-1.0665781940012657,-1.790512531991823,-1.8459991023362092,0.9581459525577607,37.00968664739282,37.21327210004463,36.87377611371019,14.0,20.0,36.0,12.0,0.0,0.0,0.0,0.0,0.0,0.0,0.0,0.0,0.0,0.0
2026-06-09 14:25:39,1.516856167319391,-1.0222249080954868,-0.5246588189440309,0.4358232926790482,-0.7573611896220296,0.627592794565647,0.4544000556420791,1.9422916792234703,36.93558452985873,36.82544584938912,36.956845960437064,14.0,20.0,36.0,40.5,0.0,0.0,0.0,0.0,0.0,0.0,0.0,0.0,0.0,0.0
2026-06-09 14:25:40,-2.722448742285392,0.1447300484501688,-2.132656122919272,2.2515779616796134,1.3187523922119562,-1.6364318923317651,-2.3477446254294625,0.37122852353828906,36.795433195087206,36.84324004306651,36.70563860552714,14.0,20.0,36.0,49.4,0.0,0.0,0.0,0.0,0.0,0.0,0.0,0.0,0.0,0.0
2026-06-09 14:25:42,-1.2767546770374922,0.778081636258646,2.9099881181493616,-0.14514241266424577,1.5426352373965848,-2.572624650833142,-0.27017957318293284,-0.6496315225413989,36.6581515279132,37.014446025814124,36.89136791667348,14.0,20.0,36.0,-96.8,0.0,0.0,0.0,0.0,0.0,0.0,0.0,0.0,0.0,0.0
2026-06-09 14:25:43,-1.8849845428815544,-1.002314445135867,-1.6388989032307966,-0.4359198079843285,-0.6435413769407794,0.7455104612625814,1.2006927919497707,1.2417818751091048,36.87981481936613,36.87382817122184,37.258262890291235,14.0,20.0,36.0,69.3,0.0,0.0,0.0,0.0,0.0,0.0,0.0,0.0,0.0,0.0
2026-06-09 14:25:44,1.9259068580362175,2.7463084276593097,-2.1008486223771765,1.4657759967179729,-0.4992871311498308,0.6235106398978099,0.9162372864898298,1.144984657774601,36.72338795407917,36.82900640425534,36.88011566376665,14.0,20.0,36.0,-15.9,0.0,0.0,0.0,0.0,0.0,0.0,0.0,0.0,0.0,0.0
2026-06-09 14:25:45,-0.6761366469620738,-2.491884065325173,0.7315951723332024,1.0541415512061398,2.2886686876736437,2.3668098728230094,2.4944840356166313,-0.8801249772678057,36.56797714699221,37.00778189554689,37.013763387787954,14.0,20.0,36.0,47.9,0.0,0.0,0.0,0.0,0.0,0.0,0.0,0.0,0.0,0.0
2026-06-09 14:25:46,2.805608179832813,1.131795997147858,-1.0565339506693154,2.3357144011085005,0.5478202474322833,1.9335610975721513,2.735528628004504,-0.04554260620989581,36.82578118906165,37.19200008084511,36.84000415229641,14.0,20.0,36.0,0.4,0.0,0.0,0.0,0.0,0.0,0.0,0.0,0.0,0.0,0.0
2026-06-09 14:25:48,0.6455285715386245,-0.02440562778816746,0.073459007471393,-0.8029224730882634,0.6975603479722761,1.8629930374560884,-1.8512588036342392,-2.512635516308767,36.999787828957025,36.83467642752735,36.76947151744898,14.0,20.0,36.0,-1.3,0.0,0.0,0.0,0.0,0.0,0.0,0.0,0.0,0.0,0.0
2026-06-09 14:25:49,-0.9081970976801053,-2.563734921774757,-0.35867629940716617,2.787639210648643,0.6678364563208268,0.7021210704688521,-1.0003892885542853,-1.1038839653506773,36.50865526755073,37.37989914246919,37.05036603869706,14.0,20.0,36.0,75.4,0.0,0.0,0.0,0.0,0.0,0.0,0.0,0.0,0.0,0.0
2026-06-09 14:25:51,-0.31277738468653693,0.7710347052749009,-0.6516112235180391,-1.9719990323924979,-1.577212276969168,-0.7984521428104694,1.6670720466535798,-0.03917520555136145,36.618862753637515,37.23831554293045,36.738831058833,14.0,20.0,36.0,-2.7,0.0,0.0,0.0,0.0,0.0,0.0,0.0,0.0,0.0,0.0
2026-06-09 14:25:52,-1.6472981438202152,-2.479091469810851,2.6203487700792065,1.0837635502705627,1.6939001256069464,2.8362807878533323,-2.1583879355872093,-0.053328911335749574,36.736827284489614,37.189171467740124,37.036130160077256,14.0,20.0,36.0,-3.3,0.0,0.0,0.0,0.0,0.0,0.0,0.0,0.0,0.0,0.0
2026-06-09 14:25:53,1.8226097201921618,-2.1062403386583215,-0.49180928383850997,1.6436746156455158,-0.8506774451372161,2.313599847424639,0.601887345140518,0.09941967718873146,36.73616335627138,37.338784738109496,37.17780257755303,14.0,20.0,36.0,68.6,0.0,0.0,0.0,0.0,0.0,0.0,0.0,0.0,0.0,0.0
2026-06-09 14:25:54,2.8625576971626536,-0.8837350355996647,0.9378780134112175,1.2427783376153165,2.6373172608317015,-1.5096203272390343,-2.289997813182355,-0.6697490635939589,36.687066906894444,36.93667595084809,36.79858475227583,14.0,20.0,36.0,-3.3,0.0,0.0,0.0,0.0,0.0,0.0,0.0,0.0,0.0,0.0
2026-06-09 14:25:55,1.7525744943622747,-2.5750220958292678,-1.4815534874721321,-0.6451753266445817,2.440581343141049,0.4909678062642282,2.2720667246163018,0.2619264444868916,36.710026946710755,37.249830049304045,36.74846485956656,14.0,20.0,36.0,106.3,0.0,0.0,0.0,0.0,0.0,0.0,0.0,0.0,0.0,0.0
2026-06-09 14:25:56,-2.872003829459453,1.349778459254166,-1.425131701139082,0.7457252248242678,0.8118425672544802,0.0919382949132137,-2.524251268935962,1.3342782922241874,36.628360898741725,36.957024198300125,36.869166596506595,14.0,20.0,36.0,0.7,0.0,0.0,0.0,0.0,0.0,0.0,0.0,0.0,0.0,0.0
2026-06-09 14:25:58,-2.5648442912373004,2.8466942869904415,-0.62393289486725,1.8041959916112997,-2.1717404611331004,-1.1712773414482893,1.8705640851845171,0.08171397734779617,36.80889966305012,37.1505145171069,37.233811756950054,14.0,20.0,36.0,-57.1,0.0,0.0,0.0,0.0,0.0,0.0,0.0,0.0,0.0,0.0
2026-06-09 14:25:59,-0.3375324814357734,2.5878051170218352,-1.1049763486801296,-2.4726656801534435,-0.2060541865844021,2.617152490771555,0.7750279671636404,0.730332704289991,36.96365734089403,36.8203924988398,36.79565183970043,14.0,20.0,36.0,-36.6,0.0,0.0,0.0,0.0,0.0,0.0,0.0,0.0,0.0,0.0
2026-06-09 14:26:00,2.0753326104512864,0.9697263111922858,-1.418896383464262,-0.005537333437999337,2.1216484643209075,0.9901968857889933,-0.25267800767540294,2.484049805169983,36.729816778563354,37.33419597850484,36.83060707748274,14.0,20.0,36.0,12.0,0.0,0.0,0.0,0.0,0.0,0.0,0.0,0.0,0.0,0.0
2026-06-09 14:26:01,0.7547000721067931,-0.6983093527669193,-0.78374564969043,-1.992541303323096,2.650716368835049,-2.1075747255316455,2.9575450514256314,0.22387890007482625,36.739298781078325,36.82989837401239,37.10714391895379,14.0,20.0,36.0,38.7,0.0,0.0,0.0,0.0,0.0,0.0,0.0,0.0,0.0,0.0
2026-06-09 14:26:02,-1.8408640666873717,-2.137770258914541,1.807347520441688,0.47044258021312224,-2.3012431471638894,-2.656750352578367,-2.7191615842130727,-2.198024112697941,36.68130157637372,37.043962380809255,37.06119599824444,14.0,20.0,36.0,5.9,0.0,0.0,0.0,0.0,0.0,0.0,0.0,0.0,0.0,0.0
2026-06-09 14:26:04,-0.3964283701695286,-2.551850244502643,1.8458008410124265,1.1468323200387127,-0.8102617611300733,-2.162220520919296,-1.3180009539916118,0.6628548012595257,36.83991031404704,37.168368868458934,37.211334051665354,14.0,20.0,36.0,16.5,0.0,0.0,0.0,0.0,0.0,0.0,0.0,0.0,0.0,0.0
2026-06-09 14:26:05,-1.4647327364870237,1.8117829027168053,-1.5722288250171552,1.9518112676778347,1.8735373037744463,-2.588867232589992,0.7183183072323329,-2.2644286155895617,36.5378580816759,37.11002163402626,37.15510586061909,14.0,20.0,36.0,-7.1,0.0,0.0,0.0,0.0,0.0,0.0,0.0,0.0,0.0,0.0
2026-06-09 14:26:06,-2.1699750360262033,-0.921354468906423,0.4948624426006871,0.14169728038131169,2.2202302499515705,-2.2208239968482006,-0.04953781345347563,1.8591507315348315,37.00633709069466,36.96521359121745,36.89622824740308,14.0,20.0,36.0,9.9,0.0,0.0,0.0,0.0,0.0,0.0,0.0,0.0,0.0,0.0
2026-06-09 14:26:08,2.202868506141046,-2.3691394947994504,2.4061462593411225,2.0175624240039634,-1.5466219229304732,1.310722067661409,-2.5661627268713882,2.4231770432841824,36.77936947501175,36.91471537042406,37.24066481713338,14.0,20.0,36.0,-1.6,0.0,0.0,0.0,0.0,0.0,0.0,0.0,0.0,0.0,0.0
2026-06-09 14:26:09,-2.9475419754279724,2.6353406946938174,-2.51300287411605,2.4959516521322964,-1.3220092925973899,0.08698378406092688,-1.279565656083908,1.9312003368428865,36.83828085730656,37.02235385109036,37.128069619747635,14.0,20.0,36.0,-3.8,0.0,0.0,0.0,0.0,0.0,0.0,0.0,0.0,0.0,0.0
2026-06-09 14:26:10,1.6253882448946264,2.921169546960602,2.603414107437861,0.8533416357024866,-0.33412405712302906,2.9540173847707427,-1.9330784267200338,2.079700405929417,36.999299080294,37.1675216449088,36.94920457750265,14.0,20.0,36.0,-100,0.0,0.0,0.0,0.0,0.0,0.0,0.0,0.0,0.0,0.0
2026-06-09 14:26:11,-0.6302529353667854,1.2780638039718353,0.742308664191687,-2.4314880591885792,-1.4061302360412544,-0.17019685850919908,2.0798646267356755,0.1346344377229891,36.88093949359219,36.91108673043263,37.09240861341346,14.0,20.0,36.0,-51.3,0.0,0.0,0.0,0.0,0.0,0.0,0.0,0.0,0.0,0.0
2026-06-09 14:26:12,1.9630603165021636,2.676185356594905,-0.7180409823073717,1.8220659055000397,1.063444353121266,-0.7677964372315289,-1.551423277975754,-1.5688005356695125,36.66361159253969,37.11726947658741,37.23700345149109,14.0,20.0,36.0,-51.8,0.0,0.0,0.0,0.0,0.0,0.0,0.0,0.0,0.0,0.0
2026-06-09 14:26:14,0.056570103710722464,0.28200043887119275,-0.07891147451476899,-1.7585156668231543,1.072998264260983,0.960847974534019,-1.0137993291205036,-0.4776606347978447,37.05002003792616,36.84610542030215,36.79519379255036,14.0,20.0,36.0,-5.3,0.0,0.0,0.0,0.0,0.0,0.0,0.0,0.0,0.0,0.0
2026-06-09 14:26:15,0.968497839036341,-2.9696014663248986,1.0121443945025845,0.03833641770926022,-1.2263679913253114,2.7993526743163386,1.87792519563956,-1.8857178872443372,37.07632187404157,37.166719036786894,37.07212182628583,14.0,20.0,36.0,53.0,0.0,0.0,0.0,0.0,0.0,0.0,0.0,0.0,0.0,0.0
2026-06-09 14:26:16,-2.248451931568415,1.0511502561770056,2.8390089449081533,0.5139749842923287,0.19300491147614096,-1.264517643748439,2.7744844568061193,0.6585076632325171,36.83854748744132,37.27384628616792,36.8368583443425,14.0,20.0,36.0,-99.8,0.0,0.0,0.0,0.0,0.0,0.0,0.0,0.0,0.0,0.0
2026-06-09 14:26:17,-2.237017991510986,0.12339644239914627,1.460631867451152,0.38948392482774263,2.2916186293969236,2.166561593444756,2.574767192753214,-0.7097479805866169,36.948917826336924,37.17892676252515,36.843207281831425,14.0,20.0,36.0,-38.6,0.0,0.0,0.0,0.0,0.0,0.0,0.0,0.0,0.0,0.0
2026-06-09 14:26:18,2.7900023381211607,2.892782926524805,-0.7314376138455203,1.5929500031518398,0.7650700167210518,-2.7879072186998926,-0.8224118350788272,1.484599057472911,36.62020575956789,37.1345248194418,36.70278542664583,14.0,20.0,36.0,-57.7,0.0,0.0,0.0,0.0,0.0,0.0,0.0,0.0,0.0,0.0
2026-06-09 14:26:20,1.2267614060429723,-1.136698527285142,2.75187829302919,-2.207354323741368,1.3559121348757115,-2.914362943410957,2.0302928749924725,-2.335695043152149,36.59398418226886,37.08439312693473,36.89380734272322,14.0,20.0,36.0,-42.2,0.0,0.0,0.0,0.0,0.0,0.0,0.0,0.0,0.0,0.0
2026-06-09 14:26:21,-0.745981703626164,1.4174193907160042,-0.8819380568685546,-1.5054571206931648,-2.4951698315208413,-0.505456638947976,-2.9469639624197552,1.821990925385311,36.898540102265066,37.3178083227857,37.15482220353302,14.0,20.0,36.0,-15.6,0.0,0.0,0.0,0.0,0.0,0.0,0.0,0.0,0.0,0.0
2026-06-09 14:26:22,1.2070854661296586,-1.519975090172224,-1.6522254849646105,-0.5993586524345025,-2.7149611066864754,0.9332827434304338,0.6606264063297034,0.49535477353793045,36.8202356760591,37.37990835413269,37.29710040948001,14.0,20.0,36.0,82.8,0.0,0.0,0.0,0.0,0.0,0.0,0.0,0.0,0.0,0.0
2026-06-09 14:26:23,-1.4174341840704954,2.124550944014884,-0.20184520944731066,-2.983350677797733,1.7813705829819542,-0.6164288321203291,2.3589417117342366,1.4114530842181532,37.01250558172531,36.930794677079064,36.77965166511809,14.0,20.0,36.0,-48.8,0.0,0.0,0.0,0.0,0.0,0.0,0.0,0.0,0.0,0.0
2026-06-09 14:26:24,-1.6565637304749208,-1.7819339137598966,-0.3898906467399357,-1.036984358174447,-1.5411081387993193,0.09142645257108084,0.04556582563684053,0.5892238395647684,36.7064293667835,36.899976646375485,36.962579362840785,14.0,20.0,36.0,56.2,0.0,0.0,0.0,0.0,0.0,0.0,0.0,0.0,0.0,0.0
2026-06-09 14:26:25,-1.6440691462064434,-0.23232939698319566,-0.3862076773784997,-0.13870866900932732,-2.066394115197336,-0.3854475301515832,-1.6834945715034835,-2.066212806938024,36.9672250172299,36.90133755382887,36.87009413389669,14.0,20.0,36.0,15.0,0.0,0.0,0.0,0.0,0.0,0.0,0.0,0.0,0.0,0.0
2026-06-09 14:26:26,-1.3273775607213065,2.39471302008121,2.7383034993628,-2.586993338907533,-2.567810856949972,0.12291003522695476,0.017720193721688204,-2.7360401501931433,36.69466183363497,37.0083045196661,37.14189427026336,14.0,20.0,36.0,-100,0.0,0.0,0.0,0.0,0.0,0.0,0.0,0.0,0.0,0.0
2026-06-09 14:26:27,-0.5013530043300829,1.6735134776993608,1.5919869110106681,2.7185879201819665,0.20956659199842775,2.1296591081735725,0.5451712869297225,-0.4375087618772584,36.95272843164258,37.39047399840487,36.92347055035445,14.0,20.0,36.0,-83.1,0.0,0.0,0.0,0.0,0.0,0.0,0.0,0.0,0.0,0.0
2026-06-09 14:26:29,0.36766456443499074,0.5763872029256651,-2.493637441850349,-0.9987400072657744,-2.5463038063814745,-2.430315494596793,-1.7852390145049333,0.4702630796668288,36.81069123141546,37.379534667709514,36.71136809703534,14.0,20.0,36.0,47.5,0.0,0.0,0.0,0.0,0.0,0.0,0.0,0.0,0.0,0.0
2026-06-09 14:26:30,0.6161750913519581,2.9759801219518556,-2.193809831460195,2.3711375702282957,-2.65897509602509,1.6681684797446144,1.5988354619747795,0.8204235036751415,36.863093266041155,36.979070519469346,36.78324924157252,14.0,20.0,36.0,-18.6,0.0,0.0,0.0,0.0,0.0,0.0,0.0,0.0,0.0,0.0
2026-06-09 14:26:31,1.5008534162961125,0.350885019243107,0.4283008083855213,0.7024995595597017,-1.4856814998477188,2.815563480464631,-1.0337501353060867,-2.751209213169207,36.95198880021922,36.95401699941752,36.78721563448935,14.0,20.0,36.0,-19.3,0.0,0.0,0.0,0.0,0.0,0.0,0.0,0.0,0.0,0.0
2026-06-09 14:26:32,1.0919139118284003,-2.1796570736864087,-0.6694133162070219,1.865337220391619,0.7606983171471837,2.5420600375425266,-0.9729513273722432,-0.1725314317216995,36.727198808879045,37.37423847259152,37.00438710300058,14.0,20.0,36.0,74.5,0.0,0.0,0.0,0.0,0.0,0.0,0.0,0.0,0.0,0.0
2026-06-09 14:26:33,1.7721312809897096,-0.4823429061043276,0.9601904613581453,1.1918516621758357,-0.056963666983297134,-1.9288626198445291,-2.6473464704139875,-2.842782838800649,36.705010108479556,37.0264436738408,36.88803112544773,14.0,20.0,36.0,-14.6,0.0,0.0,0.0,0.0,0.0,0.0,0.0,0.0,0.0,0.0
2026-06-09 14:26:35,2.1538092488029683,-2.7296768091311394,-2.5226630700245263,-2.6212351737686514,0.5410697557473343,-0.7648030874461531,-0.7760787884840754,-0.27077518209809126,36.655464049380406,36.994908181811404,36.8076488998697,14.0,20.0,36.0,135.0,0.0,0.0,0.0,0.0,0.0,0.0,0.0,0.0,0.0,0.0
2026-06-09 14:26:36,-1.6061041274830956,2.8047736286339857,-2.2604613953593677,-0.925400852515617,-0.7119463575236695,2.535028260824295,-0.3032830613709079,-2.568463246283894,36.91894118590785,36.94561846880041,36.934422964867636,14.0,20.0,36.0,-13.0,0.0,0.0,0.0,0.0,0.0,0.0,0.0,0.0,0.0,0.0
2026-06-09 14:26:37,-0.882120576953012,2.532330659978977,1.336296890091317,1.8476101862830276,0.7989036970078409,0.300501151695002,-1.6295288644015247,-2.8516966866613775,37.05824551448119,37.04750948933725,37.04154625048635,14.0,20.0,36.0,-100,0.0,0.0,0.0,0.0,0.0,0.0,0.0,0.0,0.0,0.0
2026-06-09 14:26:38,-2.607555706887924,0.707852573563561,-0.8214346614168067,-1.7907047556415046,-2.638851161936153,-0.6091812416570326,-2.3736136434958803,-2.357985646834765,36.836607216366076,37.14655350896262,36.96320296931689,14.0,20.0,36.0,1.4,0.0,0.0,0.0,0.0,0.0,0.0,0.0,0.0,0.0,0.0
2026-06-09 14:26:39,-2.694898875614043,2.5127540766377745,2.8720565137198637,2.4007374360445466,1.9980685054827738,0.19084142706705087,-1.396376552634696,-1.595383806424495,36.68715368031247,36.94658949890622,37.27295237118343,14.0,20.0,36.0,-100,0.0,0.0,0.0,0.0,0.0,0.0,0.0,0.0,0.0,0.0
2026-06-09 14:26:40,1.5967651461688224,0.7566107209056585,1.6298773163582991,0.9539576673641932,2.151203336858911,-2.2161631885403317,2.9003365134570602,-1.8043393598109416,36.74269315017919,37.01839352992965,36.74845575897587,14.0,20.0,36.0,-61.4,0.0,0.0,0.0,0.0,0.0,0.0,0.0,0.0,0.0,0.0
2026-06-09 14:26:42,1.7971410262686067,2.0361588201934957,0.6809893598806727,1.8035275536589142,2.1734454295743175,0.5018244590819059,-0.9766378068513157,-2.7295116838641467,37.06710491338855,37.23449238900232,36.80093398186856,14.0,20.0,36.0,-70.5,0.0,0.0,0.0,0.0,0.0,0.0,0.0,0.0,0.0,0.0
2026-06-09 14:26:43,1.2758440307090622,-2.1750204910825377,-0.12616343319634282,1.4922854632738867,-1.65938146012998,-2.3873138292881793,-2.650050153902522,-2.003871597978863,36.99160660337604,37.39655934290449,37.07978885933317,14.0,20.0,36.0,57.0,0.0,0.0,0.0,0.0,0.0,0.0,0.0,0.0,0.0,0.0
2026-06-09 14:26:44,2.247045326054052,1.1255338411912668,1.6001104225662584,0.03463779246002385,0.7963056322674786,-2.3024736144191555,0.5670263848727313,-2.933392253834276,37.09257379067134,37.333266016243854,36.95560062039169,14.0,20.0,36.0,-71.3,0.0,0.0,0.0,0.0,0.0,0.0,0.0,0.0,0.0,0.0
2026-06-09 14:26:45,-1.3609089854319645,-0.6372081096133106,2.96666595315323,-1.3430128782563233,-2.572156222077666,1.322186050266609,-0.3163272857970343,-0.2170121562950853,37.092016144852444,37.22682052234934,37.015992752861756,14.0,20.0,36.0,-59.7,0.0,0.0,0.0,0.0,0.0,0.0,0.0,0.0,0.0,0.0
2026-06-09 14:26:47,1.0274501519884032,0.957750395952444,0.9830518827292938,2.2099274454169002,-0.2880364066029033,-0.6707922951435745,2.0311134998415374,-0.35449362964632325,36.55504555137448,37.217913076367644,37.297599551516136,14.0,20.0,36.0,-49.5,0.0,0.0,0.0,0.0,0.0,0.0,0.0,0.0,0.0,0.0
2026-06-09 14:26:48,-2.092930438254295,-2.08251111870834,0.940344763476582,-0.6190923111877566,2.9821250723368937,-1.709986188238014,1.7619123844627893,-2.381550854783554,37.09464333232577,36.92967515587838,36.70251651482556,14.0,20.0,36.0,29.6,0.0,0.0,0.0,0.0,0.0,0.0,0.0,0.0,0.0,0.0
2026-06-09 14:26:49,-2.1087953470725314,-0.5938286744223671,-1.4632260418521934,-0.3210325932505471,-0.1366605899925002,-1.3198649956065487,-1.060219388611339,-2.8384206693725176,36.608998655751854,37.29288548324113,37.08484133965323,14.0,20.0,36.0,52.0,0.0,0.0,0.0,0.0,0.0,0.0,0.0,0.0,0.0,0.0
2026-06-09 14:26:50,2.4292899602117712,-0.660134801108244,0.21113915593329846,0.004842362214439788,1.8034924793630598,1.789457443707584,2.707117678382642,-0.8135316656910838,36.796251364179625,36.84436188196634,36.8579905342347,14.0,20.0,36.0,13.9,0.0,0.0,0.0,0.0,0.0,0.0,0.0,0.0,0.0,0.0
2026-06-09 14:26:51,2.8269920100591985,-1.8998960020279678,-0.04070667754645907,1.2719696458406755,2.930585483058061,1.9670303270013418,2.297469301516716,-0.23647477360850955,36.50897160975756,37.27959319182233,36.94380528225895,14.0,20.0,36.0,52.3,0.0,0.0,0.0,0.0,0.0,0.0,0.0,0.0,0.0,0.0
2026-06-09 14:26:52,-0.28075272134128415,1.0168920361404759,-1.4763567603213283,1.5501913551376383,0.05577154262642825,-1.6710378041757223,2.523298568807114,-2.8116751442034458,36.66505901406889,37.10541183854567,36.87744749118925,14.0,20.0,36.0,12.3,0.0,0.0,0.0,0.0,0.0,0.0,0.0,0.0,0.0,0.0
2026-06-09 14:26:54,-2.7013155988197,0.580935156965658,0.3633498047978403,2.6061435711990377,1.721525085691269,1.9226696046758125,0.7499593248476621,-1.760354791330815,36.72509225340228,37.16447022142644,36.8614812027891,14.0,20.0,36.0,-23.1,0.0,0.0,0.0,0.0,0.0,0.0,0.0,0.0,0.0,0.0
2026-06-09 14:26:55,-2.409979473678989,0.8630334115804272,2.275494010387617,0.3017378086548579,0.5841503305740048,-0.5617499402840158,-1.5214114790856117,0.4438240321231013,36.66073433423679,37.03667908065556,37.22234656700639,14.0,20.0,36.0,-82.2,0.0,0.0,0.0,0.0,0.0,0.0,0.0,0.0,0.0,0.0
2026-06-09 14:26:56,-0.05159842395551406,1.9176768757310594,1.9608980635111868,-1.3515457918379499,-1.5343304992596853,-2.0439811110754125,2.402556981326117,-1.4345079568874028,37.070999761321175,37.29371998470243,37.05478553216904,14.0,20.0,36.0,-100,0.0,0.0,0.0,0.0,0.0,0.0,0.0,0.0,0.0,0.0
2026-06-09 14:26:58,-1.6957396462480303,-1.6987891020185109,2.7369273455748138,2.3660998534152693,-0.9705717320400593,-1.0940512242636249,-2.34479804947952,-2.5197495565430295,36.96251408781044,37.06881932806039,36.90944765754678,14.0,20.0,36.0,-28.6,0.0,0.0,0.0,0.0,0.0,0.0,0.0,0.0,0.0,0.0
2026-06-09 14:26:59,2.3811465037803377,-2.530032074847684,-1.7903486714018015,0.9770591712088623,0.05451875413952578,-1.0275794112692171,1.4565713057834246,1.9116977142667402,36.978445540330746,36.9097404091385,36.838539413023206,14.0,20.0,36.0,111.9,0.0,0.0,0.0,0.0,0.0,0.0,0.0,0.0,0.0,0.0
2026-06-09 14:27:00,-2.9879539377774225,-2.5447915655437585,-2.3550740945136677,-1.5598068299176335,-0.318041690731806,0.8802751494055667,-2.504555605578753,-2.9331252640764385,36.88333695245194,37.02169748452498,36.875710856734074,14.0,20.0,36.0,125.9,0.0,0.0,0.0,0.0,0.0,0.0,0.0,0.0,0.0,0.0
2026-06-09 14:27:01,-1.4004283446135453,-1.464025073585813,0.645273848990155,0.6411074546369662,-2.516278102008976,-0.9039406134205343,-2.253405162100127,-0.21515666946263412,36.56912940702892,36.99292185576527,37.2992907770668,14.0,20.0,36.0,19.6,0.0,0.0,0.0,0.0,0.0,0.0,0.0,0.0,0.0,0.0
2026-06-09 14:27:03,1.1532420060728903,0.1684555240132708,-1.6188998116360058,-0.2853976193732888,0.8367954930303756,-2.7942396339491173,0.12455621107679882,1.2384168642963465,36.66038735450667,36.88861481877435,37.052018147118744,14.0,20.0,36.0,36.2,0.0,0.0,0.0,0.0,0.0,0.0,0.0,0.0,0.0,0.0
2026-06-09 14:27:04,-1.103462678394391,-0.7373884882066859,1.1587522597762963,-1.4990948817282663,2.381820872354135,-2.7578444559694097,-0.7014467786717038,-2.1292015559355955,36.99380075536152,36.94070750202455,37.236096292816285,14.0,20.0,36.0,-12.6,0.0,0.0,0.0,0.0,0.0,0.0,0.0,0.0,0.0,0.0
2026-06-09 14:27:05,-1.710215773842826,-2.860997731913934,-1.124214174136003,1.7214456708511614,-2.1057583461923755,2.711312123460866,0.8745073962551007,-0.1600591572128609,36.5025858391189,37.231529166000655,37.231018031156225,14.0,20.0,36.0,104.8,0.0,0.0,0.0,0.0,0.0,0.0,0.0,0.0,0.0,0.0
2026-06-09 14:27:06,1.6673702141758007,-0.10076869869399507,-2.168063249390144,1.702764987398873,-0.7006405517107495,0.9669690073649311,0.6009804339326106,-1.0596243055291952,36.58898102180768,37.21646796097473,36.833312728177425,14.0,20.0,36.0,59.5,0.0,0.0,0.0,0.0,0.0,0.0,0.0,0.0,0.0,0.0
2026-06-09 14:27:08,1.8064219776524393,-1.990244089373257,-0.6364134536302446,2.88977187266691,-0.8575770880690534,-1.0528375013497402,1.1855211465231141,-1.7351769826913683,36.848801428503236,36.8227162833319,36.92480108254717,14.0,20.0,36.0,68.0,0.0,0.0,0.0,0.0,0.0,0.0,0.0,0.0,0.0,0.0
2026-06-09 14:27:09,-1.1275873056598107,-0.5177586372304974,-0.5301625629503084,1.1670699154935322,-1.6885616670225403,2.6743363743913706,-2.477899769687048,2.679098362924705,36.81291957628113,36.89594368133992,37.0566975269126,14.0,20.0,36.0,27.2,0.0,0.0,0.0,0.0,0.0,0.0,0.0,0.0,0.0,0.0
2026-06-09 14:27:10,1.8864994603361094,2.682255517731207,-1.529120560445782,-1.0874460456757598,-0.8689004467592314,2.932129644162819,-2.828010213411689,-1.2680770231875476,37.02443491069765,37.050984915254624,37.21897705961762,14.0,20.0,36.0,-29.8,0.0,0.0,0.0,0.0,0.0,0.0,0.0,0.0,0.0,0.0
2026-06-09 14:27:12,-0.42451880265745023,1.7125496710214554,-2.1525186728900234,2.6926721578588637,-2.773794600302452,-2.601622345559953,-2.3311686560040576,0.91915774255326,36.94015949628653,37.016336635708136,37.103129380232204,14.0,20.0,36.0,8.9,0.0,0.0,0.0,0.0,0.0,0.0,0.0,0.0,0.0,0.0
2026-06-09 14:27:13,-1.3083211501095169,-2.213258526863613,0.4830240627373472,1.8709797269504307,0.5441875877304447,1.7595409853413253,0.5811453841777681,0.18030059646850338,36.887203106025076,37.32530778084475,37.28193252261288,14.0,20.0,36.0,45.9,0.0,0.0,0.0,0.0,0.0,0.0,0.0,0.0,0.0,0.0
2026-06-09 14:27:14,1.3810396168177483,-0.6557519695804723,-0.28232376142655324,0.6006915136832198,1.6138139500730286,1.2347258373907284,-2.6159034838147024,-0.38831751891284894,37.016817960822614,37.02497189960947,36.96610622609371,14.0,20.0,36.0,23.6,0.0,0.0,0.0,0.0,0.0,0.0,0.0,0.0,0.0,0.0
2026-06-09 14:27:15,1.549682796987243,1.6946575749518296,-2.3088905315837787,2.118534034298328,-1.7762653589324964,0.10353076750631462,2.475320238074863,0.9727746125959493,36.81723574216232,37.05971775214988,36.7094148429918,14.0,20.0,36.0,17.2,0.0,0.0,0.0,0.0,0.0,0.0,0.0,0.0,0.0,0.0
2026-06-09 14:27:17,-0.1954017365333196,2.460762805179952,0.14810853712515382,0.8888982220783328,-2.6003732897258685,-0.8771612355193472,-1.023726762009389,2.2747093328720966,36.70712082104037,37.079426931186624,36.77105570879932,14.0,20.0,36.0,-68.4,0.0,0.0,0.0,0.0,0.0,0.0,0.0,0.0,0.0,0.0
2026-06-09 14:27:18,0.799704775480826,1.9690891286332413,0.5712217114455909,2.8217174807439687,-0.9100966482252053,0.9266003663794917,-2.412659386897065,2.1583111422968875,36.68936717813036,37.24342200486364,36.98131927088302,14.0,20.0,36.0,-66.4,0.0,0.0,0.0,0.0,0.0,0.0,0.0,0.0,0.0,0.0
2026-06-09 14:27:19,-2.6047576121156424,1.4679836002449687,2.0755201316794096,2.207928891319952,0.025875558007583788,-0.7511583834919087,-0.254548515857687,1.2889125390533316,36.860395322651115,37.07335400813253,37.29108416856392,14.0,20.0,36.0,-92.1,0.0,0.0,0.0,0.0,0.0,0.0,0.0,0.0,0.0,0.0
2026-06-09 14:27:21,0.5836490802938599,-1.9153616464794374,2.3380982483316712,-0.9592561816396952,0.3086263327901224,0.9640587052449554,-2.733736914038084,1.440511277752778,36.87480189748486,37.060547968028665,36.8619573481907,14.0,20.0,36.0,-11.8,0.0,0.0,0.0,0.0,0.0,0.0,0.0,0.0,0.0,0.0
2026-06-09 14:27:22,1.9908539351244183,-0.39244960514976235,2.1460463598540978,2.5134778402308804,-2.7404690999641566,1.9809011429311205,1.2099740565149375,-2.405159877806966,36.901932029481735,37.109543666588905,36.818667078748646,14.0,20.0,36.0,-43.7,0.0,0.0,0.0,0.0,0.0,0.0,0.0,0.0,0.0,0.0
2026-06-09 14:27:23,0.9563759609543512,-1.4766190273771498,-0.5245697950341874,-1.4165293143533713,-2.0132343755375492,-2.577535094486673,-2.22285767932331,-0.49078131777408984,37.07155628626768,37.265085989557186,37.17888378563619,14.0,20.0,36.0,49.3,0.0,0.0,0.0,0.0,0.0,0.0,0.0,0.0,0.0,0.0
2026-06-09 14:27:24,-0.30672006063783464,1.555494296467903,2.4909844622665718,-2.363235746880508,-0.0661445766464217,-1.6802363638680855,-2.3705826393818703,0.3263568630652438,36.83690100604411,37.376107887046174,37.2378397183562,14.0,20.0,36.0,-100,0.0,0.0,0.0,0.0,0.0,0.0,0.0,0.0,0.0,0.0
2026-06-09 14:27:25,2.898304460523663,-2.161208511682922,-2.2147832670893175,1.3388095519540153,-1.484332938960792,2.2426972277709245,-2.1817258004728872,-0.2345721049420706,36.65489373208254,37.10891883501281,36.91032790700294,14.0,20.0,36.0,113.2,0.0,0.0,0.0,0.0,0.0,0.0,0.0,0.0,0.0,0.0
2026-06-09 14:27:27,-2.5131746844833263,1.8411059881385112,1.7370462216127676,-2.0068058796056736,1.3414246252664945,-0.9254256449912552,0.2497876991930834,-1.1028997058207362,36.957317630496355,37.17006454721935,36.892248090943866,14.0,20.0,36.0,-92.9,0.0,0.0,0.0,0.0,0.0,0.0,0.0,0.0,0.0,0.0
2026-06-09 14:27:28,1.882178061783776,0.004745534653551875,1.4177854686433315,1.2715468691821536,0.27847512531479257,2.5809786280177756,-2.386962599526112,2.9183306743656843,36.8717207990529,37.279923815184475,36.729642458818624,14.0,20.0,36.0,-36.7,0.0,0.0,0.0,0.0,0.0,0.0,0.0,0.0,0.0,0.0
2026-06-09 14:27:29,-1.0777601170471982,-2.01762992679732,-1.367169567735824,2.0706707777716264,-0.5591188710345101,-2.573623671996771,-0.10065936801899111,-0.8394027233177974,37.06595662451601,36.80379740711501,37.27318541596135,14.0,20.0,36.0,86.2,0.0,0.0,0.0,0.0,0.0,0.0,0.0,0.0,0.0,0.0
2026-06-09 14:27:31,-0.6414530366271345,-2.098739970039274,1.32863329340905,-1.1003826552598093,-1.0564968783994748,-2.5825805272868765,1.9403001078607476,0.300656512683132,36.568333783326665,36.9963765604982,37.16405319889073,14.0,20.0,36.0,19.6,0.0,0.0,0.0,0.0,0.0,0.0,0.0,0.0,0.0,0.0
2026-06-09 14:27:32,-1.1558764565620288,-0.3330292957408343,-0.7901505011889505,-0.576371153829836,-1.3299553858555087,1.6980445012249223,-1.3421852078106467,-1.7539329478097065,36.55708704252718,37.294673236902796,37.2218657833992,14.0,20.0,36.0,29.2,0.0,0.0,0.0,0.0,0.0,0.0,0.0,0.0,0.0,0.0
2026-06-09 14:27:33,-0.7463329746806777,-0.4097991600663362,-2.7677333160313804,1.3127078867224036,-2.580934424981117,-0.29460803446207917,-0.7502953768967862,-1.1966276682764467,37.02801343669867,36.94287042982622,36.86030307328623,14.0,20.0,36.0,81.6,0.0,0.0,0.0,0.0,0.0,0.0,0.0,0.0,0.0,0.0
2026-06-09 14:27:34,-1.2030198516416726,0.6926015095522535,1.1753830586291327,1.7965774587988648,-2.317001280247815,-2.221370351331906,-0.9726799926376568,1.9953952322702193,36.652324361743155,36.80992150118475,36.8380622303123,14.0,20.0,36.0,-49.9,0.0,0.0,0.0,0.0,0.0,0.0,0.0,0.0,0.0,0.0
2026-06-09 14:27:35,2.6492190819871153,-1.35364180996285,-1.3830054648999495,2.596796248451443,-1.8847228030983658,-2.2463961678435362,0.09757939014640371,0.8646422968362852,36.603158611761145,37.16122524824303,36.73901318455424,14.0,20.0,36.0,69.7,0.0,0.0,0.0,0.0,0.0,0.0,0.0,0.0,0.0,0.0
2026-06-09 14:27:36,1.1572056861360238,-0.32510294408956586,-1.324410991158243,2.9115439745768175,-1.5914096112253295,1.0035666807150996,0.9360750674615423,0.8356990538737259,37.09689766997518,37.34229889605804,36.776281129827765,14.0,20.0,36.0,43.6,0.0,0.0,0.0,0.0,0.0,0.0,0.0,0.0,0.0,0.0
2026-06-09 14:27:38,-1.932812669088075,0.6084977316513407,2.494295826164973,-1.9569741063961685,1.592446423065006,2.7576364713999233,2.696935185913314,-1.8750030249751957,36.90104887978384,36.93660449215993,36.74939852062876,14.0,20.0,36.0,-77.5,0.0,0.0,0.0,0.0,0.0,0.0,0.0,0.0,0.0,0.0
2026-06-09 14:27:39,-0.6003297324351333,-2.517345712650217,-2.29469349273001,2.366899488816702,-1.0274471377711991,1.9981172893597092,2.9091980619584437,1.9028250980225199,36.90121504117345,37.217048438973315,37.20678286399207,14.0,20.0,36.0,126.9,0.0,0.0,0.0,0.0,0.0,0.0,0.0,0.0,0.0,0.0
2026-06-09 14:27:40,-0.9564922592473177,1.4739245973871675,1.451600341272191,-1.438654047681543,2.3065898236121916,-0.8311796829604976,-2.232078554138779,2.6709015991341962,37.04410271764657,37.344067335880894,37.055190268811295,14.0,20.0,36.0,-77.2,0.0,0.0,0.0,0.0,0.0,0.0,0.0,0.0,0.0,0.0
2026-06-09 14:27:42,-2.1375087891401994,1.3079321433059752,-2.837003907534436,-0.7224922097767745,1.5585069372373352,0.4838789107013399,2.1080727686946066,-2.1487880324482305,36.76852694731895,36.876014216452084,36.79457410096844,14.0,20.0,36.0,40.8,0.0,0.0,0.0,0.0,0.0,0.0,0.0,0.0,0.0,0.0
2026-06-09 14:27:43,-0.5196775723378417,1.6832676422492021,-1.5070207522443368,1.4630568742142538,-2.0760143269700633,0.40158999628801073,2.245554916843954,-2.8209087440949636,36.744818598934685,37.276646975897926,37.25038584292544,14.0,20.0,36.0,-3.2,0.0,0.0,0.0,0.0,0.0,0.0,0.0,0.0,0.0,0.0
2026-06-09 14:27:44,1.5670205010611662,2.9786138046418422,-1.8134477172821957,1.2633281312323472,-2.12555050695171,-0.5217285831254443,-1.8105535188782182,-1.2663628849301163,36.74315581934641,37.242588939921255,37.0474935531972,14.0,20.0,36.0,-31.3,0.0,0.0,0.0,0.0,0.0,0.0,0.0,0.0,0.0,0.0
2026-06-09 14:27:45,-1.9479755000009917,2.7771351212182074,-2.801231319773259,-0.06373599905615102,-2.3782335715857545,-0.9990789592640867,-2.0988052183096437,1.1891276254003946,36.945617928055654,37.04925688989906,36.74985891776612,14.0,20.0,36.0,-0.9,0.0,0.0,0.0,0.0,0.0,0.0,0.0,0.0,0.0,0.0
2026-06-09 14:27:46,-1.3605238566936353,-1.8679555357852593,1.5201713027931287,-0.30470584677175516,-1.5965225793666111,-2.6964964331374888,-0.41801460608335983,-0.36938815585313467,36.58514269279249,37.179843330486534,37.05184019500084,14.0,20.0,36.0,7.4,0.0,0.0,0.0,0.0,0.0,0.0,0.0,0.0,0.0,0.0
2026-06-09 14:27:48,-1.982882578670499,-0.71023106802871,0.8661347588417727,0.5391454511605525,-0.6120930064340113,-0.32044080376825823,2.5648693019512105,-2.340476332506731,36.661073688039394,36.99500668143929,36.92754052720326,14.0,20.0,36.0,-2.9,0.0,0.0,0.0,0.0,0.0,0.0,0.0,0.0,0.0,0.0
2026-06-09 14:27:49,-2.471948463320638,0.7690875463757623,2.655209692185644,-1.8616561925621036,-2.2340299282494813,-2.410089237124815,-0.8992501669216777,2.705497780390549,36.86759715195934,37.11913028376693,37.05751398016437,14.0,20.0,36.0,-90.2,0.0,0.0,0.0,0.0,0.0,0.0,0.0,0.0,0.0,0.0
2026-06-09 14:27:50,1.5630610765858597,2.8323859078586544,-2.647631046184223,2.708633699078833,-2.1479124927873077,-2.3712327629512906,-1.3538599192127936,0.8655515528080051,37.012223048434,36.95318167043141,36.7458792402918,14.0,20.0,36.0,-6.6,0.0,0.0,0.0,0.0,0.0,0.0,0.0,0.0,0.0,0.0
2026-06-09 14:27:52,-0.5863505396542776,-0.4567237465707139,-1.176548343574871,0.6291835947603199,-2.889015422248866,-1.1021291097670027,2.723323457494341,-1.185073966383991,36.914872281266334,37.14910903620282,36.91860260677118,14.0,20.0,36.0,43.0,0.0,0.0,0.0,0.0,0.0,0.0,0.0,0.0,0.0,0.0
2026-06-09 14:27:53,-0.3239000586229297,-0.7220744506793295,-1.1071898288133963,0.7040497894802087,-1.2395921328932893,-0.10813927195794726,-1.8412591816611368,1.336040691492391,36.8974950514584,37.33163641422496,36.82576863865024,14.0,20.0,36.0,46.3,0.0,0.0,0.0,0.0,0.0,0.0,0.0,0.0,0.0,0.0
2026-06-09 14:27:54,-1.1540627013521771,-0.6715091803220998,-2.3724801741186914,-1.6285854743721393,1.2214860803609682,2.619089819631327,0.4722812157003524,1.4716182493771761,36.8620627051783,37.129090842068244,36.86414920010354,14.0,20.0,36.0,80.3,0.0,0.0,0.0,0.0,0.0,0.0,0.0,0.0,0.0,0.0
2026-06-09 14:27:56,-1.6999091021271413,-0.07018034347807323,-0.10187657059907407,0.6317483000917266,-0.4250094649169771,1.5756442275465457,0.32899875367685993,0.6437461586980326,36.875394634189334,36.82700917719415,36.81924837632538,14.0,20.0,36.0,5.4,0.0,0.0,0.0,0.0,0.0,0.0,0.0,0.0,0.0,0.0
2026-06-09 14:27:57,-1.1746659024151416,1.8037093983042185,-0.9082082652585983,0.052974109636981126,1.2801954834853264,-0.0645722843995511,0.05863118446237525,1.4902697960974365,36.75636971572318,36.822527056119455,36.853227176056166,14.0,20.0,36.0,-23.2,0.0,0.0,0.0,0.0,0.0,0.0,0.0,0.0,0.0,0.0
2026-06-09 14:27:58,2.5113331881733156,2.233362614983559,-2.0973494185459796,2.0547237934018376,0.2672020841842162,0.8107448930779784,1.9435638421881203,-2.8241867099194713,36.87660756214894,36.82447846260473,37.141088539429276,14.0,20.0,36.0,-2.1,0.0,0.0,0.0,0.0,0.0,0.0,0.0,0.0,0.0,0.0
2026-06-09 14:27:59,-1.1781716171512608,-1.1460245259117472,0.4583929217276652,-0.20524925547106987,-1.1996169611971645,-2.8905335121204283,1.4542915261112004,-0.5355969755619148,36.70069097862392,37.37573358147785,37.037142627090674,14.0,20.0,36.0,17.1,0.0,0.0,0.0,0.0,0.0,0.0,0.0,0.0,0.0,0.0
2026-06-09 14:28:00,1.8085800345398093,-0.6743538778552276,-2.2941267328243935,1.4425109125680953,1.8209640824571718,-0.5582574042990744,-0.6428793638424071,0.8474786808142492,36.71552487711503,36.938798070609494,37.17875730272353,14.0,20.0,36.0,76.2,0.0,0.0,0.0,0.0,0.0,0.0,0.0,0.0,0.0,0.0
2026-06-09 14:28:01,2.5578393278615357,-2.9932124769117117,-0.563248144083027,-1.9822415402341653,0.16667759045840524,2.946937491965259,1.3635319358389433,-2.966351760950796,37.02884458599441,37.34125720910207,36.94222102355702,14.0,20.0,36.0,94.1,0.0,0.0,0.0,0.0,0.0,0.0,0.0,0.0,0.0,0.0
2026-06-09 14:28:02,-0.319566471518705,1.0899248178078036,-2.2796336732546814,1.7372065798325815,1.053733596512025,-2.3382365140657475,1.1784270843139728,-2.7621151421482537,36.63516244588194,37.03112665546141,37.007592634139165,14.0,20.0,36.0,30.2,0.0,0.0,0.0,0.0,0.0,0.0,0.0,0.0,0.0,0.0
2026-06-09 14:28:03,-1.0054314000125626,0.9795375079490842,1.233904988964242,1.7503531897493332,1.9091407903902171,1.9689653512431917,-0.9817417013140135,2.3619864065502787,36.995675378430384,37.3245139333437,36.90190825119212,14.0,20.0,36.0,-56.7,0.0,0.0,0.0,0.0,0.0,0.0,0.0,0.0,0.0,0.0
2026-06-09 14:28:05,-2.022194636164551,-0.894799316279645,-1.7645491660484593,1.0400189585949775,-0.39711698792344396,0.7775923472458466,0.7744123602293698,1.2436263317237657,36.960688609134834,37.21848501403145,36.90664809189835,14.0,20.0,36.0,69.5,0.0,0.0,0.0,0.0,0.0,0.0,0.0,0.0,0.0,0.0
2026-06-09 14:28:06,-2.655073278614929,-1.993868046924011,-2.2048370285635723,2.8276204437985406,-1.1679363299384022,0.5757367701088509,-0.5085659609174713,1.2650235958928668,36.54252338540506,36.91233336669876,37.19323137843934,14.0,20.0,36.0,108.6,0.0,0.0,0.0,0.0,0.0,0.0,0.0,0.0,0.0,0.0
2026-06-09 14:28:07,1.4189564631478166,-1.5695670674573774,-0.9889489624236516,1.8774229305800647,-2.856522903027365,0.26386178378423786,-0.9821638643367772,2.961386572949227,36.99691668630369,37.2136723662798,36.81569870100354,14.0,20.0,36.0,65.8,0.0,0.0,0.0,0.0,0.0,0.0,0.0,0.0,0.0,0.0
2026-06-09 14:28:09,-2.8558477970633156,-0.32301617917876513,-2.5123414127793215,2.6636596848320906,-2.3377060129614753,2.6566439942785536,-1.7702705121349565,-2.2012910229509566,36.75431954559805,37.08373419683334,36.780524023180575,14.0,20.0,36.0,73.8,0.0,0.0,0.0,0.0,0.0,0.0,0.0,0.0,0.0,0.0
2026-06-09 14:28:10,0.33195956823636097,-0.9812054959445877,1.1533426248555703,-1.4449233132561063,-0.6232937888261949,-0.5919901911306114,2.981885991736319,2.1097795520636318,36.70415367456442,36.82218223998239,37.28770197612255,14.0,20.0,36.0,-3.3,0.0,0.0,0.0,0.0,0.0,0.0,0.0,0.0,0.0,0.0
2026-06-09 14:28:11,-0.02706700123863115,2.126249702084465,2.3114934988539755,-1.3832249738295792,2.091770254441972,-2.623713727296396,-2.4045715028598975,-2.2365587273010403,36.63758637363774,37.151959619411855,37.1051136448549,14.0,20.0,36.0,-100,0.0,0.0,0.0,0.0,0.0,0.0,0.0,0.0,0.0,0.0
2026-06-09 14:28:12,-0.8197390149761263,-2.0825144590112568,1.6408703272194423,1.8267233847121016,1.4176445285713077,-1.4595581188256965,0.1749398976416079,-1.7748829165805433,36.56204789911118,36.94531785845098,37.113655862811825,14.0,20.0,36.0,10.8,0.0,0.0,0.0,0.0,0.0,0.0,0.0,0.0,0.0,0.0
2026-06-09 14:28:13,2.0527758816614323,0.38531277754332915,2.5049963784012137,0.9970578564523302,-1.385830917186762,-1.818587010225684,2.262149645045902,-1.2449239013502205,36.63979099796226,37.232175745869064,37.26121933033314,14.0,20.0,36.0,-74.5,0.0,0.0,0.0,0.0,0.0,0.0,0.0,0.0,0.0,0.0
2026-06-09 14:28:15,1.6359229260278978,-0.9733659346018095,1.0044486621772517,2.167025754919174,1.5995606040736856,0.9107788867325639,-0.3143962935638407,-2.5772845623470984,36.504205414914495,37.29191277005036,36.87142694723991,14.0,20.0,36.0,-0.5,0.0,0.0,0.0,0.0,0.0,0.0,0.0,0.0,0.0,0.0
2026-06-09 14:28:16,2.7027378233697172,2.68244749057215,1.0754716944502096,-0.3983857290424009,-0.31934276408670215,-0.543009616468892,-1.1661601836705766,2.4839044221176465,36.714832414571056,36.96560690428538,36.78670845692681,14.0,20.0,36.0,-98.0,0.0,0.0,0.0,0.0,0.0,0.0,0.0,0.0,0.0,0.0
2026-06-09 14:28:17,-0.05257128366926622,-2.7903181033096294,-0.8573334128093975,0.9012902072521518,-1.0057460299955303,-1.6918046466898757,-0.5834886490107039,-0.6582484777484972,36.76101660071953,37.102695505781064,36.93143748109766,14.0,20.0,36.0,93.2,0.0,0.0,0.0,0.0,0.0,0.0,0.0,0.0,0.0,0.0
2026-06-09 14:28:19,1.6148085118568858,0.616157922254053,-0.5059797782649227,-0.07880166667783106,1.8767064499966386,-1.9362566203516105,0.3404698895246341,0.604864564841499,36.7142349900992,37.261522490274714,36.91477518382425,14.0,20.0,36.0,-3.6,0.0,0.0,0.0,0.0,0.0,0.0,0.0,0.0,0.0,0.0
2026-06-09 14:28:20,0.7084090303831339,2.7105713023767066,-2.535122228035976,-0.958563805994106,-0.4134779041036758,-1.7244206635969874,0.2872685699287101,-1.9560362682893075,36.85573559109124,36.86533153104287,37.13133564180535,14.0,20.0,36.0,-5.3,0.0,0.0,0.0,0.0,0.0,0.0,0.0,0.0,0.0,0.0
2026-06-09 14:28:21,2.908775443292896,2.771210568646321,2.2410135715865254,2.235029263566127,-0.7544653587080274,-0.0008740334290839868,-1.5555316305555873,1.4480485321782561,36.75521997030784,36.88773222375959,37.11589693555486,14.0,20.0,36.0,-100,0.0,0.0,0.0,0.0,0.0,0.0,0.0,0.0,0.0,0.0
2026-06-09 14:28:22,2.9404362669958486,-0.6620710407714787,1.5088525582155388,-2.6263597447002875,1.6086199959458902,2.4538790683538103,2.826600410549152,2.454101451256112,36.54145868313823,37.39728317276941,36.91896004032427,14.0,20.0,36.0,-19.3,0.0,0.0,0.0,0.0,0.0,0.0,0.0,0.0,0.0,0.0
2026-06-09 14:28:23,1.3268446742039224,-2.673648862880218,0.7032034992522038,-1.8578223269048515,-2.1880596041650255,-2.6412484282943494,-1.8623078447834875,-2.0946516237392983,36.63361215414649,37.28992744628303,36.93658281424968,14.0,20.0,36.0,48.7,0.0,0.0,0.0,0.0,0.0,0.0,0.0,0.0,0.0,0.0
2026-06-09 14:28:25,-1.3264823497199643,1.9620893886003081,1.3333401563636675,-2.0406431159482983,-2.8984721772072675,-2.614195297190969,1.7789382191237921,-2.0311861337402526,36.65125908457356,36.81444745173405,37.012102722146736,14.0,20.0,36.0,-85.6,0.0,0.0,0.0,0.0,0.0,0.0,0.0,0.0,0.0,0.0
2026-06-09 14:28:26,1.4034050825304094,2.189394956742407,2.0385068358085636,-2.4468675869891845,-1.4343009639097826,-2.679522003787832,-2.8864364997044776,1.4957786746142432,36.52682289994557,36.96951829204333,36.90994220878037,14.0,20.0,36.0,-100,0.0,0.0,0.0,0.0,0.0,0.0,0.0,0.0,0.0,0.0
2026-06-09 14:28:27,-0.5333814982412166,-2.6836620653306147,0.30753416687654145,1.912738567969102,0.34275016947804815,2.772312711879728,-0.22312077031561195,-2.0519113201511736,37.05430261725867,37.16876535488923,37.050138401549226,14.0,20.0,36.0,62.7,0.0,0.0,0.0,0.0,0.0,0.0,0.0,0.0,0.0,0.0
2026-06-09 14:28:28,1.4033616534413884,-0.5125870465648084,-0.1577271820030992,0.6504145222586999,-2.3664929896941924,0.07846304302963247,2.810659541976862,-1.0634554773505382,37.01969230510078,36.87267477312355,37.1360833826159,14.0,20.0,36.0,18.8,0.0,0.0,0.0,0.0,0.0,0.0,0.0,0.0,0.0,0.0
2026-06-09 14:28:30,2.96816721633213,0.29947597991114705,0.7436300629487924,2.9615512615500297,1.5204795778200957,-2.5503193962365263,0.2731697687686072,-1.8827960391312388,36.512156425789364,37.35241358449203,36.958638505828006,14.0,20.0,36.0,-28.1,0.0,0.0,0.0,0.0,0.0,0.0,0.0,0.0,0.0,0.0
2026-06-09 14:28:31,-1.103525154921574,2.3595902378452207,1.391573306019465,-2.5834132655493267,0.8720667718336905,-1.2993704598518785,1.686468066750674,-1.2271867089674149,36.88804673379155,37.21206899573794,37.25087090724484,14.0,20.0,36.0,-96.8,0.0,0.0,0.0,0.0,0.0,0.0,0.0,0.0,0.0,0.0
2026-06-09 14:28:32,0.9369581138198342,-1.6117331666095611,2.9706838288450177,-1.9421648417219484,-2.2726432637255645,-0.28446866703465457,-1.8485082617543216,-1.0767654317865563,36.95159800193515,37.26587810286558,37.08481387790215,14.0,20.0,36.0,-36.2,0.0,0.0,0.0,0.0,0.0,0.0,0.0,0.0,0.0,0.0
2026-06-09 14:28:33,1.0054574959630145,1.80967290512279,2.04686589787074,-1.6297476617514146,-0.20750766606420123,1.3988584705727334,2.001002519410145,1.660153109011441,36.89372940010565,37.08332698057087,36.80679361812834,14.0,20.0,36.0,-98.0,0.0,0.0,0.0,0.0,0.0,0.0,0.0,0.0,0.0,0.0
2026-06-09 14:28:35,-1.1694331352684615,-2.9420142098587028,2.4366681691752268,0.860393416977856,-0.312202905703745,-2.2459713467044757,1.7730803220746196,2.6099338612199086,37.01878997290761,37.26736118489242,36.81781779052479,14.0,20.0,36.0,12.8,0.0,0.0,0.0,0.0,0.0,0.0,0.0,0.0,0.0,0.0
2026-06-09 14:28:36,-2.689103108374102,-1.5503644797438034,0.40379212614166615,0.19673051851029522,-1.8027885496163047,2.1318493469288793,-2.7513489037377594,2.178978030649664,36.937112378417766,36.887504566212044,36.76316133729041,14.0,20.0,36.0,29.3,0.0,0.0,0.0,0.0,0.0,0.0,0.0,0.0,0.0,0.0
2026-06-09 14:28:37,2.3304269671694584,-0.0364822949158361,0.2524843670838264,2.6011697418113187,-2.097982383905797,2.5483625213651084,-1.5060773733114978,1.2296498701869734,36.601161368642764,37.00319647743416,36.787399365554876,14.0,20.0,36.0,-5.1,0.0,0.0,0.0,0.0,0.0,0.0,0.0,0.0,0.0,0.0
2026-06-09 14:28:38,-2.3393519000654894,0.893168543807831,-0.7943805957825525,0.31083429696025755,-0.7995682609369519,1.6836361925333359,1.4173387523824408,-1.2173538935021202,36.72901618467424,37.03679595679638,37.07430638801505,14.0,20.0,36.0,-1.0,0.0,0.0,0.0,0.0,0.0,0.0,0.0,0.0,0.0,0.0
2026-06-09 14:28:39,0.5371432008529178,-2.2049101240007554,1.7555082491212506,-1.2256549835816326,-2.6559688304368594,-0.2877431312780896,-0.7582212191884938,0.9854539053883897,36.966760208645866,37.22761240198457,36.97708603635413,14.0,20.0,36.0,11.1,0.0,0.0,0.0,0.0,0.0,0.0,0.0,0.0,0.0,0.0
2026-06-09 14:28:40,2.3262986572081363,-2.690010511246154,0.9854693092968931,2.715067579659415,-1.8497695996307921,2.176664407054983,-1.850320323164231,1.3821194432529982,36.982120424142394,37.133664766312435,37.16168018704782,14.0,20.0,36.0,44.2,0.0,0.0,0.0,0.0,0.0,0.0,0.0,0.0,0.0,0.0
2026-06-09 14:28:42,2.026681469243381,-2.040389901045672,-0.8506108340433607,2.4517805168534155,1.39310349869322,0.22910069837003721,-2.4781790670056365,-2.0844590619133836,36.75089519239066,37.02559780568739,37.014519899065085,14.0,20.0,36.0,73.6,0.0,0.0,0.0,0.0,0.0,0.0,0.0,0.0,0.0,0.0
2026-06-09 14:28:43,1.9846672138362784,0.33075842757083773,-2.2314096334172504,-2.0609329635290843,-2.679858310381797,0.5171987340251096,-2.192940461904727,0.5798887345179522,36.57303456916829,37.22129579238361,36.721053432569896,14.0,20.0,36.0,48.3,0.0,0.0,0.0,0.0,0.0,0.0,0.0,0.0,0.0,0.0
2026-06-09 14:28:44,0.8249780825326054,1.5904544166833672,-1.3153675443016628,2.827846695332231,-2.404307045667646,-2.83482282855619,1.0064314325621684,2.3616117388734903,36.66990368297337,37.035396857063546,36.719932063755536,14.0,20.0,36.0,-8.0,0.0,0.0,0.0,0.0,0.0,0.0,0.0,0.0,0.0,0.0
2026-06-09 14:28:45,-2.4628468593970023,-2.910568341379325,-2.499858445587875,0.9979211222894269,-2.4451398308070558,-0.6674608880196562,-0.9416946331784759,2.8310072692559096,36.68232947016552,37.1597586647762,37.20117234032348,14.0,20.0,36.0,139.1,0.0,0.0,0.0,0.0,0.0,0.0,0.0,0.0,0.0,0.0
2026-06-09 14:28:46,-1.3875404566683098,-2.9295729604243954,-0.22226384544946942,0.9054830011278323,1.7392481824265253,0.4322818155774897,-0.3257020877796002,-0.8248164314458366,36.502384943780214,37.30237072311575,37.00850403444632,14.0,20.0,36.0,81.6,0.0,0.0,0.0,0.0,0.0,0.0,0.0,0.0,0.0,0.0
2026-06-09 14:28:47,0.5216820401892468,0.19444132991915986,-1.25110189042498,1.8267245750122214,0.9233521338483266,-1.955473213495334,-0.40845083889338873,1.2123715089728213,36.51364551896069,37.28155418557694,37.14411479370503,14.0,20.0,36.0,26.1,0.0,0.0,0.0,0.0,0.0,0.0,0.0,0.0,0.0,0.0
2026-06-09 14:28:48,-1.9560135267383219,-2.406705299767147,0.8997923671598347,0.23884501720718543,1.067933228342035,1.5021477819066078,2.5848236543759597,2.37029925241944,36.628707835684054,37.2783460526917,36.7330357898944,14.0,20.0,36.0,41.0,0.0,0.0,0.0,0.0,0.0,0.0,0.0,0.0,0.0,0.0
2026-06-09 14:28:50,-0.78033085238516,2.043899862413583,0.5277240805010273,-1.6115692314914147,-1.0019067951655398,1.136686589147141,-1.4416244462914989,-1.2290650064055058,36.7420433074528,36.92922954084435,37.236881934054,14.0,20.0,36.0,-66.6,0.0,0.0,0.0,0.0,0.0,0.0,0.0,0.0,0.0,0.0
2026-06-09 14:28:51,-1.583428712155733,-0.6805986217809061,0.2501228331259435,-0.5377093549992145,0.5920747112404481,1.2355424374095332,-1.022384271867437,-2.7633039443692966,36.9340196177792,36.82572003597876,36.75234661105279,14.0,20.0,36.0,11.2,0.0,0.0,0.0,0.0,0.0,0.0,0.0,0.0,0.0,0.0
2026-06-09 14:28:52,-2.5069035286726375,-0.5918788152249386,1.5114813639620728,0.18738781546895922,1.9498026619637399,1.1557738775294055,-2.420977995244133,-2.804921986667023,37.098635964593,37.10983000488871,37.03589264516754,14.0,20.0,36.0,-24.4,0.0,0.0,0.0,0.0,0.0,0.0,0.0,0.0,0.0,0.0
2026-06-09 14:28:53,-0.002328596408183614,1.5024362935898363,-2.428377940728431,-1.897631713816685,2.234599061287099,-0.3734704578910053,2.0975582532723216,1.7797519618619395,36.58287993496856,37.3134737020317,37.120040204217815,14.0,20.0,36.0,24.8,0.0,0.0,0.0,0.0,0.0,0.0,0.0,0.0,0.0,0.0
2026-06-09 14:28:54,1.8059529555625078,-0.8112318599074912,0.6790285647354359,-2.385849231805868,-1.0663859427600404,2.660172746155725,2.3645105956733445,2.125596780912101,36.646742897116354,37.007346138768774,37.247550613311795,14.0,20.0,36.0,5.9,0.0,0.0,0.0,0.0,0.0,0.0,0.0,0.0,0.0,0.0
2026-06-09 14:28:56,0.5537307782902081,2.4629538241044733,-2.9460982396367363,1.8100953337898105,-0.38231698430067107,-1.6766983816636276,0.03027551686419594,-1.4957254769030384,36.63391183982243,37.153872533153596,37.16882948721133,14.0,20.0,36.0,11.7,0.0,0.0,0.0,0.0,0.0,0.0,0.0,0.0,0.0,0.0
2026-06-09 14:28:57,2.676724926148715,1.7933588525059267,0.44914236771200144,0.898888903567804,0.2238463978540377,1.495760686256899,-1.2156250145081695,-0.28525401182572807,36.5274954566746,37.12606782123715,36.98088326742611,14.0,20.0,36.0,-57.8,0.0,0.0,0.0,0.0,0.0,0.0,0.0,0.0,0.0,0.0
2026-06-09 14:28:58,-1.0922980704773986,-1.0821498864771766,-2.0598488419409553,2.5730123513412444,2.6458293436559384,1.2574588445447317,2.6864445732649713,-2.501775839356343,36.66349356617997,37.02827210980511,37.183480986795594,14.0,20.0,36.0,83.2,0.0,0.0,0.0,0.0,0.0,0.0,0.0,0.0,0.0,0.0
2026-06-09 14:28:59,-2.573244333923297,1.6598866033217714,1.288686494288977,-1.1273639342099766,-2.0887125723468527,2.7396892940812148,-2.345910256096185,1.5658762407742497,37.05625385176042,37.27765653211125,36.81162893589076,14.0,20.0,36.0,-76.0,0.0,0.0,0.0,0.0,0.0,0.0,0.0,0.0,0.0,0.0
2026-06-09 14:29:01,1.9153397855810317,-1.6900686540180403,-1.7988275869587358,-0.9925104170396168,0.10723406974714056,1.7762075691003956,-0.4207133618836183,0.3972163575939769,36.653239561705654,36.85909627945607,37.22492661990582,14.0,20.0,36.0,90.9,0.0,0.0,0.0,0.0,0.0,0.0,0.0,0.0,0.0,0.0
2026-06-09 14:29:02,-1.965112291216793,1.501330581323142,2.4571195476909384,-1.4721049779775333,2.6966353944549883,1.1625691918450762,-1.4797094422522843,-1.864563933635734,37.09331573276779,36.84198453149225,36.90618314707231,14.0,20.0,36.0,-100,0.0,0.0,0.0,0.0,0.0,0.0,0.0,0.0,0.0,0.0
2026-06-09 14:29:03,-1.4646004993450865,0.21609448413376953,1.1116855344975276,2.8826995040632175,1.4927347001291782,-2.9497455068510092,-0.5223241340432643,0.1166863331250787,36.91242141559399,37.101908482493606,36.894716193610876,14.0,20.0,36.0,-36.1,0.0,0.0,0.0,0.0,0.0,0.0,0.0,0.0,0.0,0.0
2026-06-09 14:29:04,-2.0842422915142027,-0.21956587571340513,2.455113790304617,-1.6641727296339859,-0.4532039901788911,-2.6242208086179435,-1.7584150375481455,-0.9455378669450987,36.781752158979884,37.18925987212845,37.10136521111198,14.0,20.0,36.0,-60.0,0.0,0.0,0.0,0.0,0.0,0.0,0.0,0.0,0.0,0.0
2026-06-09 14:29:05,1.802137226085378,-2.90032570546386,-2.952430838781778,-2.243984968954292,-1.745693590438887,2.5373484257831755,0.7723937346055583,-1.211131653882495,37.0922977244255,37.35567579249598,36.82461951567316,14.0,20.0,36.0,153.0,0.0,0.0,0.0,0.0,0.0,0.0,0.0,0.0,0.0,0.0
2026-06-09 14:29:07,-0.4856350450375695,1.5108496074994582,-1.9387904489692134,-0.3009033941062076,0.13979053153166543,2.654812341514716,1.3775137644277926,-2.181014338925007,36.92556679466482,36.95019694119682,36.89385891843965,14.0,20.0,36.0,13.1,0.0,0.0,0.0,0.0,0.0,0.0,0.0,0.0,0.0,0.0
2026-06-09 14:29:08,0.18158560071680618,2.0041670153037536,-2.0672666251342524,-2.0007579836906952,-0.06737806875071062,-2.993158220098647,1.791525267579825,1.562760833576501,36.52954861659362,36.86379480907432,36.91741764603277,14.0,20.0,36.0,1.0,0.0,0.0,0.0,0.0,0.0,0.0,0.0,0.0,0.0,0.0
2026-06-09 14:29:09,-1.9119988415580322,-2.0898890848886094,0.6431406654607486,-2.566862263308702,2.0632297479892916,2.745036486678102,-0.3972619357357452,1.4436183409913248,36.904496653255976,36.80756376039046,36.97399845355366,14.0,20.0,36.0,38.6,0.0,0.0,0.0,0.0,0.0,0.0,0.0,0.0,0.0,0.0
2026-06-09 14:29:10,-0.6446397702961191,2.4929740071292636,0.451541914087521,2.111651375947268,-1.8691674058785068,0.07846009360519401,-0.5517155281756283,0.5386066977640933,37.005997911700426,36.892039020834794,36.88491748703565,14.0,20.0,36.0,-76.4,0.0,0.0,0.0,0.0,0.0,0.0,0.0,0.0,0.0,0.0
2026-06-09 14:29:12,1.8918661451625756,1.7405616205124108,1.7809406781984594,-1.7555368215990783,2.651585316148503,-2.2038358118825236,2.407886269041139,-0.7460156481921221,36.62261148246744,37.116017861404934,36.79316941521864,14.0,20.0,36.0,-91.0,0.0,0.0,0.0,0.0,0.0,0.0,0.0,0.0,0.0,0.0
2026-06-09 14:29:13,-0.44855742409904664,1.9213195843077013,2.8416357004871307,2.3590882596646043,-1.8276279270197733,0.3923015330866395,2.533958609000095,0.49505703509320487,36.723884940294475,37.1388835657949,37.10660733222228,14.0,20.0,36.0,-100,0.0,0.0,0.0,0.0,0.0,0.0,0.0,0.0,0.0,0.0
2026-06-09 14:29:14,0.6387149847833125,0.19545787514297253,2.463054273144188,-1.4028115566052428,0.29594801628823664,-0.40345451850985814,2.6537054858900797,-1.1988680148358926,36.88536244549071,37.17718767147473,37.22907522343656,14.0,20.0,36.0,-67.6,0.0,0.0,0.0,0.0,0.0,0.0,0.0,0.0,0.0,0.0
2026-06-09 14:29:15,0.07371156539582469,1.198028845515779,2.3227366997870096,1.634159857897882,1.3573650379733904,-2.1654617719580305,-0.32690054359802323,-1.88562631704007,36.90568804439264,37.24707702167994,36.79007699792909,14.0,20.0,36.0,-92.3,0.0,0.0,0.0,0.0,0.0,0.0,0.0,0.0,0.0,0.0
2026-06-09 14:29:16,-1.6219679990762823,0.19008063338785597,-2.30018973188696,-0.8418084924720031,0.6706722540641348,0.1892942778349349,-0.8397133028926778,-2.9315739685584816,36.76245023956981,37.26307720152576,36.718954744743996,14.0,20.0,36.0,54.2,0.0,0.0,0.0,0.0,0.0,0.0,0.0,0.0,0.0,0.0
2026-06-09 14:29:18,1.4000930698671628,-0.946739679421722,0.4814174766706092,-2.651413564807923,-1.3644931657147858,1.4843411023429045,-0.3527067916138531,-0.3004965177111538,37.03629400182653,37.39898156656671,36.84973021919594,14.0,20.0,36.0,12.6,0.0,0.0,0.0,0.0,0.0,0.0,0.0,0.0,0.0,0.0
2026-06-09 14:29:19,1.497009506696636,-2.7015055235898777,2.261165210435151,2.9902310752896497,0.45480074248643465,1.9027928759702046,-1.723915250023869,2.0684036702672053,36.683256140975736,36.916673144442576,37.131276417707824,14.0,20.0,36.0,11.5,0.0,0.0,0.0,0.0,0.0,0.0,0.0,0.0,0.0,0.0
2026-06-09 14:29:20,-0.8350111740366639,1.3161454222516316,2.005391565783003,-1.6562771366974296,-1.6651028874104232,-2.616221205638951,2.4139352814640764,-0.26059443253853765,36.54494987015325,37.30798249039081,36.856952108830285,14.0,20.0,36.0,-86.0,0.0,0.0,0.0,0.0,0.0,0.0,0.0,0.0,0.0,0.0
2026-06-09 14:29:21,0.8512526788436721,1.1665374559086459,-0.3144897998823142,-1.3819631700927317,-0.26629890691063185,0.2368584359489061,0.31837355535485923,-2.753121134044785,36.55849704824197,37.102760722682596,37.25951242618567,14.0,20.0,36.0,-21.8,0.0,0.0,0.0,0.0,0.0,0.0,0.0,0.0,0.0,0.0
2026-06-09 14:29:22,2.231203018167351,-1.7959883382730493,1.8100626626973861,-2.1716419338643993,2.479687948804533,2.645505762470097,-0.2493952634513521,-2.6511438163153,36.59373018151336,36.9374335637806,37.19615706751137,14.0,20.0,36.0,0.8,0.0,0.0,0.0,0.0,0.0,0.0,0.0,0.0,0.0,0.0
2026-06-09 14:29:23,-2.07772947567538,0.42512490716401974,1.3353056969471417,-1.2506445530060593,-2.4656917857791045,-2.486950987394352,0.09237655488218799,2.4201564663428963,37.05829059474016,37.167293196967975,37.211740637645846,14.0,20.0,36.0,-46.7,0.0,0.0,0.0,0.0,0.0,0.0,0.0,0.0,0.0,0.0
2026-06-09 14:29:25,-1.5291542948105263,-2.6774310913247525,2.6621845095525396,0.27698475088664054,0.4268271203741141,-1.651396532359418,1.069542627781181,0.8125637664587746,36.796141840177626,36.98237945527511,37.11918245140906,14.0,20.0,36.0,0.1,0.0,0.0,0.0,0.0,0.0,0.0,0.0,0.0,0.0,0.0
2026-06-09 14:29:26,1.8051863902701974,0.8181569654758656,-2.672916598941086,-0.8390774936053864,-0.737264158591107,0.7459838244599988,2.064186572117304,-1.6260231785006196,36.838741065993915,37.04497519747638,36.70950093278723,14.0,20.0,36.0,49.4,0.0,0.0,0.0,0.0,0.0,0.0,0.0,0.0,0.0,0.0
2026-06-09 14:29:27,-1.113278738179122,1.5294716233739267,1.701557725008664,-1.5913392539287308,2.562234693443516,0.6951885205880508,-1.3120154675596138,-0.38390611115668305,36.63598904558108,36.826100228608645,37.161881126758075,14.0,20.0,36.0,-83.9,0.0,0.0,0.0,0.0,0.0,0.0,0.0,0.0,0.0,0.0
2026-06-09 14:29:28,1.3806461481904932,-1.0651538096523605,-2.2760150427097017,-0.018229974760533008,-1.3322455082565723,2.924674950927182,-1.5050555103175394,-0.9624650183508798,36.973419191876474,37.04995370450738,36.81980733376811,14.0,20.0,36.0,87.1,0.0,0.0,0.0,0.0,0.0,0.0,0.0,0.0,0.0,0.0
2026-06-09 14:29:29,2.311099252678696,-2.099456369730725,-2.722957037789917,-0.20541086853908386,0.54080831657304,0.9040482878713472,-0.7394351119497351,-1.8655637020976672,36.94228964337621,37.1932929706862,36.777776552827454,14.0,20.0,36.0,124.8,0.0,0.0,0.0,0.0,0.0,0.0,0.0,0.0,0.0,0.0
2026-06-09 14:29:30,2.349268235488932,-0.31843209930893845,-0.6326454192794184,1.5643109936714188,0.8828888150660403,0.9376327313535562,1.5234884443591614,1.8054911998212617,36.77034742252623,37.290646863246145,36.73802879840535,14.0,20.0,36.0,25.8,0.0,0.0,0.0,0.0,0.0,0.0,0.0,0.0,0.0,0.0
2026-06-09 14:29:31,-0.7343642498446119,-1.8711846171690174,2.1478585789416353,-1.9588470015443593,-0.9653538105324246,-2.970047282917835,1.2011238831612943,-1.2014719626971422,36.60889741440252,37.143426938692535,37.131709485561906,14.0,20.0,36.0,-8.0,0.0,0.0,0.0,0.0,0.0,0.0,0.0,0.0,0.0,0.0
2026-06-09 14:29:33,2.032155505356446,0.20248314298606207,0.7803148012950301,-2.232216317309838,-2.6602579324062123,2.076765563044539,0.29409223922129346,-0.33697713615472225,36.536549423806854,37.2763108773558,37.21578214940469,14.0,20.0,36.0,-24.2,0.0,0.0,0.0,0.0,0.0,0.0,0.0,0.0,0.0,0.0
2026-06-09 14:29:34,1.1327261375694926,1.0958388673166004,-0.11169964283506495,1.3968724750145594,-1.385745719487144,0.7820684692150524,-2.151090928228147,2.012540423498689,36.98019749924384,36.88574763435101,37.18799100870767,14.0,20.0,36.0,-26.1,0.0,0.0,0.0,0.0,0.0,0.0,0.0,0.0,0.0,0.0
2026-06-09 14:29:35,-0.7212900535537345,-1.5385296006564024,-1.955514689170988,2.60080248957692,2.603912320849151,1.1108643612669136,-2.009489514229924,1.5685021265140673,37.06477364807115,37.142579897086506,36.85144462031877,14.0,20.0,36.0,89.9,0.0,0.0,0.0,0.0,0.0,0.0,0.0,0.0,0.0,0.0
2026-06-09 14:29:36,0.3178940856544159,1.1483266769101226,-0.33296372788852935,-0.00534313086927618,2.81201370910712,2.2865168201893304,0.8426151991330366,-0.41079674603678473,37.06660572655981,37.35732392326749,36.84809531866914,14.0,20.0,36.0,-19.5,0.0,0.0,0.0,0.0,0.0,0.0,0.0,0.0,0.0,0.0
2026-06-09 14:29:38,-1.7442559491151126,-0.8219913732007491,0.04881914586565683,-0.19156612859155686,1.4275893153111863,-2.9777918847810554,2.031645585031006,-2.879987438690671,36.6496752204242,37.15959303396194,37.13297110163953,14.0,20.0,36.0,19.5,0.0,0.0,0.0,0.0,0.0,0.0,0.0,0.0,0.0,0.0
2026-06-09 14:29:39,-1.834217636332666,-1.964683628838385,1.060949932448091,2.1663448752555547,-2.905293594246129,-1.1702280180813474,1.3889764198539893,-1.7522840353002693,36.57267655704578,37.103230263278476,37.182691920813106,14.0,20.0,36.0,23.5,0.0,0.0,0.0,0.0,0.0,0.0,0.0,0.0,0.0,0.0
2026-06-09 14:29:40,-2.4121440313701186,1.0093041929891502,-0.48824784298053103,1.2536749141862202,-2.1614152016468076,2.92643058841296,-2.2216216882448734,-0.17021754208392137,37.03959735595645,36.841314406672694,37.1598808757588,14.0,20.0,36.0,-13.1,0.0,0.0,0.0,0.0,0.0,0.0,0.0,0.0,0.0,0.0
2026-06-09 14:29:41,2.5971155040026517,2.1157855704024184,-1.3080909929855822,2.1540093728119984,1.292408723974117,2.776021370700823,0.5455489003787193,-1.6302427178175822,37.037425388991515,37.12546987125554,37.19443432531744,14.0,20.0,36.0,-19.2,0.0,0.0,0.0,0.0,0.0,0.0,0.0,0.0,0.0,0.0
2026-06-09 14:29:42,0.6673961665078192,1.3109322072461893,-2.666043616789392,-0.616631834432185,-1.278309288664604,1.470114760412855,1.8974427949167332,1.1344555921050592,36.59828304975965,36.99068065808073,36.701191382370226,14.0,20.0,36.0,36.7,0.0,0.0,0.0,0.0,0.0,0.0,0.0,0.0,0.0,0.0
2026-06-09 14:29:43,-2.831248779089325,-2.12991195977187,-2.4487361589667476,-0.4659145731041745,-2.3011925147146304,-0.28365701078375993,0.6543179585837633,-1.9228213146594262,37.0470277623158,37.192999296675744,37.03632758999642,14.0,20.0,36.0,118.6,0.0,0.0,0.0,0.0,0.0,0.0,0.0,0.0,0.0,0.0
2026-06-09 14:29:44,2.1783999897337534,-1.069707133995737,0.57748062466825,-2.9684236186137234,-1.7475471179113273,0.7177038433749838,-1.8174548079236825,-0.9445577084150552,36.58522894672642,37.07679977718875,36.874979446265165,14.0,20.0,36.0,12.2,0.0,0.0,0.0,0.0,0.0,0.0,0.0,0.0,0.0,0.0
2026-06-09 14:29:45,-2.2730861564926146,1.772685710390804,-2.510209841113012,0.46467504738838183,-0.17535472009255848,1.1576824271816593,-2.5471833633485415,-2.698806036759744,36.62726346435051,37.32081050162023,36.74929220875818,14.0,20.0,36.0,18.4,0.0,0.0,0.0,0.0,0.0,0.0,0.0,0.0,0.0,0.0
2026-06-09 14:29:46,1.4379497780639685,-2.2817876755346864,1.533456321959858,-1.9005911914340798,-2.4743763282319726,1.1640630405884345,-2.062740014410032,-2.9573228972140195,36.92400363146459,37.17186037283219,37.06331230152241,14.0,20.0,36.0,18.9,0.0,0.0,0.0,0.0,0.0,0.0,0.0,0.0,0.0,0.0
2026-06-09 14:29:48,0.10192521019087142,0.6344507622305242,-2.0527659883462688,-2.0037932657635498,0.4557998501592886,2.272152814566563,2.904966299689007,-0.8251635550565002,36.699224006423094,37.06492031092572,37.08126033213324,14.0,20.0,36.0,39.3,0.0,0.0,0.0,0.0,0.0,0.0,0.0,0.0,0.0,0.0
2026-06-09 14:29:49,2.0529053126007266,1.7709814045465944,-2.4103603560642357,-0.5557846879627295,-1.6096740283513622,2.2941241907137897,-0.8479315142705355,-1.8305190223149967,37.09218901675469,37.09229187857785,37.004107369581625,14.0,20.0,36.0,17.3,0.0,0.0,0.0,0.0,0.0,0.0,0.0,0.0,0.0,0.0
2026-06-09 14:29:50,0.5863594750968795,-2.704345246059513,0.5017012798162304,1.7139653274987383,-1.3251682876046869,-2.725211352486375,1.0902059915386353,0.8060216876821733,36.57667279282226,37.08121047417611,37.18904419514455,14.0,20.0,36.0,56.1,0.0,0.0,0.0,0.0,0.0,0.0,0.0,0.0,0.0,0.0
2026-06-09 14:29:52,-2.416585980262494,-2.0346593782669258,-2.575426728597371,-0.14582083123879386,1.476929404014399,-1.0382092183512626,2.4410714772759636,0.21403588041945287,37.07337431784886,37.29396099792868,37.23392095233223,14.0,20.0,36.0,119.9,0.0,0.0,0.0,0.0,0.0,0.0,0.0,0.0,0.0,0.0
2026-06-09 14:29:53,-2.0772661607935863,2.8580587511002937,-1.2841471851617696,-1.4939077232970133,-0.11463525859978985,0.8728081807614698,-0.23587085532114127,-2.974045528340131,36.72405655142123,36.816402268603674,37.21580178738469,14.0,20.0,36.0,-40.4,0.0,0.0,0.0,0.0,0.0,0.0,0.0,0.0,0.0,0.0
2026-06-09 14:29:54,1.0143410901554448,0.02283899450099769,0.14983803174103194,0.5970043055018008,1.509174934086337,0.6136450125004154,2.3778267927418693,1.5653196909286162,36.8518851797384,37.05377352656422,36.721470333343326,14.0,20.0,36.0,-3.0,0.0,0.0,0.0,0.0,0.0,0.0,0.0,0.0,0.0,0.0
2026-06-09 14:29:56,2.3639235824048708,0.32995915751678817,1.1325471747146487,1.1018070666704745,2.3156344615429845,-2.384631688650985,-1.3262964381041549,2.308553359027952,36.695396509380124,37.25979224281598,36.793295410598766,14.0,20.0,36.0,-39.7,0.0,0.0,0.0,0.0,0.0,0.0,0.0,0.0,0.0,0.0
2026-06-09 14:29:57,-1.416380644279756,2.1166826994313634,-0.3041560273144661,1.8127128797983465,0.41668403978411517,-1.41925399619096,1.2274677860148309,0.612272148087948,36.58866735859002,37.27447907382112,36.91439262331083,14.0,20.0,36.0,-47.0,0.0,0.0,0.0,0.0,0.0,0.0,0.0,0.0,0.0,0.0
2026-06-09 14:29:58,2.4978907694296595,-0.24695404931725573,-2.5919004992679584,1.1966081076871475,-1.575174450650848,2.961721461137212,2.506645090237912,-0.7976281141290933,36.52879349783358,37.2722861688741,36.99006903888336,14.0,20.0,36.0,76.1,0.0,0.0,0.0,0.0,0.0,0.0,0.0,0.0,0.0,0.0
2026-06-09 14:29:59,-1.8799996793556424,1.0674688237693122,0.6581379125143032,-1.139595930388121,-2.469686020792799,-0.7041252874907244,2.990248412034303,-2.0937671427706146,37.05713240704344,37.29871724359209,36.825553486912284,14.0,20.0,36.0,-43.5,0.0,0.0,0.0,0.0,0.0,0.0,0.0,0.0,0.0,0.0
2026-06-09 14:30:01,2.0036460910512606,0.5889274866343603,-0.627083704534348,-2.391198614694642,0.7741466443196794,-0.09037173478770377,-0.33350647832674696,1.2089200726771896,36.82977649061247,36.886214036669514,36.9752692708214,14.0,20.0,36.0,0.8,0.0,0.0,0.0,0.0,0.0,0.0,0.0,0.0,0.0,0.0
2026-06-09 14:30:02,-2.6432249947826163,-2.3208714219871682,0.24533651852283533,1.4285044420867745,0.8246782947786384,2.4334479854387627,2.0652641045076843,-2.941904763594085,36.817635440135504,37.38081740071837,36.98405265713935,14.0,20.0,36.0,55.9,0.0,0.0,0.0,0.0,0.0,0.0,0.0,0.0,0.0,0.0
2026-06-09 14:30:03,-2.721343508388405,1.8552685090599503,-1.089962586523938,1.506363519346885,-2.4942912044124674,0.02186810927997218,-2.7405622379078554,-0.6061836450412299,36.82711047199242,36.86499113584023,36.99061334229952,14.0,20.0,36.0,-21.1,0.0,0.0,0.0,0.0,0.0,0.0,0.0,0.0,0.0,0.0
2026-06-09 14:30:05,0.7627467309967173,0.3399481031542795,0.47398258201988597,-0.7005699071584583,-0.3132216437727129,-2.8854944969858796,-2.4530869673318363,-2.641031349643419,36.632015209258135,36.86750144556842,37.25505198048067,14.0,20.0,36.0,-23.7,0.0,0.0,0.0,0.0,0.0,0.0,0.0,0.0,0.0,0.0
2026-06-09 14:30:06,-2.611442060027975,0.7469403285796061,-2.754470615043668,1.1288435571998416,-1.8013534944266245,-2.564700121979867,1.637366142726382,1.0803236486001033,36.7885211541217,36.938885566838366,36.929973393871784,14.0,20.0,36.0,51.4,0.0,0.0,0.0,0.0,0.0,0.0,0.0,0.0,0.0,0.0
2026-06-09 14:30:07,2.8846086131060122,-2.633563232550535,-2.4001785175245303,-0.7796524548882768,0.024234443991182353,-2.076814286639342,-2.265125762000321,-0.45351905723892383,36.6170299555639,37.20262712462154,37.161844764651875,14.0,20.0,36.0,128.0,0.0,0.0,0.0,0.0,0.0,0.0,0.0,0.0,0.0,0.0
2026-06-09 14:30:08,2.7142222129869102,1.0374192223380714,-2.50363852034482,1.4690169490583624,-0.8479198670665884,-0.7382507252562767,0.7599525670172826,-2.406082908549274,36.77283200410632,37.16955535272851,37.03580672843984,14.0,20.0,36.0,37.9,0.0,0.0,0.0,0.0,0.0,0.0,0.0,0.0,0.0,0.0
2026-06-09 14:30:09,1.8809676005189164,2.9320851589812644,-1.5580115187256915,-1.5522753862315708,-1.022256031177234,1.3176755985842057,-1.055477654593661,-2.1187634269007574,36.92349493503826,37.180179065704074,37.215437286359865,14.0,20.0,36.0,-35.4,0.0,0.0,0.0,0.0,0.0,0.0,0.0,0.0,0.0,0.0
2026-06-09 14:30:11,0.5187650214118196,-2.9270831689793653,1.4324627233584337,-2.3479974342081205,1.0092292164080785,-2.9169772219586774,2.821131839769916,1.7588076473552254,37.00924624986107,37.20236824449128,37.129089030225174,14.0,20.0,36.0,38.6,0.0,0.0,0.0,0.0,0.0,0.0,0.0,0.0,0.0,0.0
2026-06-09 14:30:12,1.1398506899006335,0.23366310423326198,-0.43660144839088977,-1.6417517771671648,1.137753656427897,1.5542296214725067,1.5162662650453989,0.8220673509530512,36.73146401677528,37.3952133795756,37.03774684353098,14.0,20.0,36.0,6.8,0.0,0.0,0.0,0.0,0.0,0.0,0.0,0.0,0.0,0.0
2026-06-09 14:30:13,-1.3430105831626216,-2.875664108183325,1.5226609083572047,-1.82347369183657,2.666319311991889,2.591766356151018,-0.8658843035261681,-1.0406414618983386,36.78735586053184,37.3439593319003,37.20925809484966,14.0,20.0,36.0,35.8,0.0,0.0,0.0,0.0,0.0,0.0,0.0,0.0,0.0,0.0
2026-06-09 14:30:14,1.427130609793421,-2.8532941877164193,-2.735959076649208,0.5906210659128899,0.030450671761189874,-1.2492912026039646,-1.1756108166942667,2.2170257606954467,36.96698786509553,37.0742654325294,37.07529605411624,14.0,20.0,36.0,143.3,0.0,0.0,0.0,0.0,0.0,0.0,0.0,0.0,0.0,0.0
2026-06-09 14:30:16,-1.7994740625657146,0.8129925679947334,2.2085998884344553,2.798368618040622,-1.829478029610189,-0.5582079054066451,0.9976031347495864,2.1258048089593,36.95436451784309,37.229441964283915,36.83326405794992,14.0,20.0,36.0,-77.9,0.0,0.0,0.0,0.0,0.0,0.0,0.0,0.0,0.0,0.0
2026-06-09 14:30:17,-1.8058341475902737,-1.7799129709330894,1.3027653042662894,-0.7879570727884024,2.7509886737707285,-2.8850459754288154,-0.913265926564705,-2.500152740923629,36.6658147197833,36.902594732609465,37.13688129442017,14.0,20.0,36.0,10.4,0.0,0.0,0.0,0.0,0.0,0.0,0.0,0.0,0.0,0.0
2026-06-09 14:30:18,1.7016316672335297,0.3493258664128849,2.4733907683631235,0.19540924292843798,0.05311736512877463,-2.989742669118018,0.8144185702996496,-0.12365844220758104,37.08529200441833,37.24340538057045,36.80749225762454,14.0,20.0,36.0,-74.1,0.0,0.0,0.0,0.0,0.0,0.0,0.0,0.0,0.0,0.0
2026-06-09 14:30:20,0.9751550670743976,0.3851621471489839,-2.2294549626540197,1.6526140314143865,-1.1346250247455274,2.547154841396848,-0.9666511146222483,-2.757206575281584,36.5451806168555,36.97893132329428,36.765709524163185,14.0,20.0,36.0,48.5,0.0,0.0,0.0,0.0,0.0,0.0,0.0,0.0,0.0,0.0
2026-06-09 14:30:21,-1.984873750269544,2.267311082174592,0.8153680733570727,-1.891677626987271,-0.18123846651927122,-1.9689214626204825,0.7097265450770203,1.2532002242697882,36.5012223010129,37.34156192595828,36.97770566007126,14.0,20.0,36.0,-80.3,0.0,0.0,0.0,0.0,0.0,0.0,0.0,0.0,0.0,0.0
2026-06-09 14:30:22,-2.859200948073524,1.4609806079737506,-2.4682420084167758,-2.4001149177555634,-2.4266378877631247,-0.5901722820074324,-2.6365472180415583,2.4973379794535564,36.7420536575727,37.044907205981715,37.26111502683521,14.0,20.0,36.0,24.4,0.0,0.0,0.0,0.0,0.0,0.0,0.0,0.0,0.0,0.0
2026-06-09 14:30:23,-0.5583201286042172,2.6311231499684364,1.0297679838294993,1.6136273764659332,0.3813967186129057,-0.7817819887622548,1.5537179169095596,-1.7526885611135201,36.63962839432209,37.27985911055003,36.97243415466112,14.0,20.0,36.0,-94.3,0.0,0.0,0.0,0.0,0.0,0.0,0.0,0.0,0.0,0.0
2026-06-09 14:30:25,-1.4645084571894613,0.13357068864780786,2.8357913061926716,-0.12308897816645104,-0.7103821400978347,0.01734580050561485,-2.684338615690443,-1.0822399413677213,36.731976759638584,37.12146655179251,37.109763290113584,14.0,20.0,36.0,-78.1,0.0,0.0,0.0,0.0,0.0,0.0,0.0,0.0,0.0,0.0
2026-06-09 14:30:26,-1.3721259127396361,-0.6417150821558719,2.2094246258181505,-0.22612963189616186,0.4757566028398874,1.2782317823075644,-1.6263876205762107,0.6475028194647363,36.74172872033091,37.39049589500332,36.99114018867494,14.0,20.0,36.0,-40.7,0.0,0.0,0.0,0.0,0.0,0.0,0.0,0.0,0.0,0.0
2026-06-09 14:30:28,0.023452575114790264,-0.6391434766982149,-0.24859787626486263,-2.5949977459317637,0.6140045117778077,-1.4209908877395665,-0.364284033017523,0.21057235091640703,36.91547608856263,37.367546028145405,36.82574309347095,14.0,20.0,36.0,22.1,0.0,0.0,0.0,0.0,0.0,0.0,0.0,0.0,0.0,0.0
2026-06-09 14:30:29,-1.5017740927057792,-2.3728261045520145,-0.2728124437785495,-1.742800680938267,-2.8984452666219687,-0.4881835476508951,0.3362035998302808,-1.8923408072095829,36.53846271235116,37.19942912865594,36.82284748177804,14.0,20.0,36.0,68.3,0.0,0.0,0.0,0.0,0.0,0.0,0.0,0.0,0.0,0.0
2026-06-09 14:30:30,-0.51900461188339,-1.4760045214784316,2.8144088167740398,2.6512115432208505,2.3363249168416056,1.982391914372081,-1.3507968368241272,-0.29349066130801527,36.80903258499993,36.977816228996,37.11994127279449,14.0,20.0,36.0,-34.3,0.0,0.0,0.0,0.0,0.0,0.0,0.0,0.0,0.0,0.0
2026-06-09 14:30:32,2.539920880235451,-2.2444244871470094,-0.11354088181970656,-1.0672397886006686,2.8343183172719497,-0.3436996998724977,2.5903134755604,-1.9587969324761865,36.76538203080999,36.92579177622417,37.19460561827451,14.0,20.0,36.0,62.1,0.0,0.0,0.0,0.0,0.0,0.0,0.0,0.0,0.0,0.0
2026-06-09 14:30:33,-1.139660152976836,0.5095432673935618,2.316769913933821,2.1451238777615487,-0.9984494101193402,-0.9832638837541188,2.629979517994464,1.8453894899682926,36.77709796689129,37.21558872486176,37.07058641907413,14.0,20.0,36.0,-72.3,0.0,0.0,0.0,0.0,0.0,0.0,0.0,0.0,0.0,0.0
2026-06-09 14:30:34,-2.455175300578345,-2.3107721714779212,1.1033687296904233,2.589713106927813,0.8815362944930918,-2.2704107658598165,2.6835986616168377,1.068700360950853,36.966795953575215,37.09937865079926,36.70748755477749,14.0,20.0,36.0,31.4,0.0,0.0,0.0,0.0,0.0,0.0,0.0,0.0,0.0,0.0
2026-06-09 14:30:35,-2.488187295574854,-2.733504594494481,-1.3720440473403166,-1.5240544315204543,2.062377525430094,0.4659557245963266,-1.9661101415205626,-1.3474198254108372,36.605273193829596,37.29331346945333,36.785612176819164,14.0,20.0,36.0,105.4,0.0,0.0,0.0,0.0,0.0,0.0,0.0,0.0,0.0,0.0
2026-06-09 14:30:37,0.46207557802380883,-2.3135346499317837,-2.420693385888241,1.6133638051345836,-2.953416150235342,2.213118544292901,-1.0739273383861665,1.7005193269210377,36.759219812065666,37.35996507279062,36.8190682275276,14.0,20.0,36.0,123.0,0.0,0.0,0.0,0.0,0.0,0.0,0.0,0.0,0.0,0.0
2026-06-09 14:30:38,0.44446469145731404,-2.06931384337485,-1.504802689134466,0.5058232673011793,-0.19942412142692856,-2.0080031080301413,-0.49938854325257687,0.9592705849965224,37.02529539880029,37.01425614674738,36.92179231157209,14.0,20.0,36.0,91.2,0.0,0.0,0.0,0.0,0.0,0.0,0.0,0.0,0.0,0.0
2026-06-09 14:30:39,-0.02402029848979126,-2.6978563665434336,0.5160795082226102,-2.549375126929316,2.0954284515101804,-0.25777024577191376,-2.976097493923497,0.6347607036519278,36.95350584706114,36.9326517246048,37.27800062326921,14.0,20.0,36.0,54.8,0.0,0.0,0.0,0.0,0.0,0.0,0.0,0.0,0.0,0.0
2026-06-09 14:30:41,1.6574750302071628,1.6925202391187444,-1.4523744081811905,-0.4907778448595135,0.14945734409853717,-1.2257291431482948,1.5639415570314164,-0.2091577391270203,36.64633083971418,36.91377994842291,36.76830292276837,14.0,20.0,36.0,-6.0,0.0,0.0,0.0,0.0,0.0,0.0,0.0,0.0,0.0,0.0
2026-06-09 14:30:42,1.948840202065231,-0.053462568123682,-2.765131536153422,2.7076298484499706,-1.9994741743416398,-1.5133151487864624,2.5993143433419608,-0.4924037429492234,36.60225590512307,37.27191832364927,37.24448164485611,14.0,20.0,36.0,73.4,0.0,0.0,0.0,0.0,0.0,0.0,0.0,0.0,0.0,0.0
2026-06-09 14:30:43,-0.18139984250072683,1.229111821280883,0.720492381633854,0.8692134392761894,2.555178821438303,-2.715110139326857,-2.1040601039566558,1.7232696311434497,36.86827710089966,37.07555087658956,37.151106486328324,14.0,20.0,36.0,-52.8,0.0,0.0,0.0,0.0,0.0,0.0,0.0,0.0,0.0,0.0
2026-06-09 14:30:44,1.4794482770570454,-1.9374541925471542,-1.9030520562377273,0.368287966563031,-1.8793465609818256,0.2658487606551798,2.0922632220622326,-2.877060448262018,36.51730360697349,36.922972074552455,37.05292433774881,14.0,20.0,36.0,100.5,0.0,0.0,0.0,0.0,0.0,0.0,0.0,0.0,0.0,0.0
2026-06-09 14:30:46,-2.5848835870126172,-1.327942338111026,-1.5043784957520838,-1.3908178267179758,-1.7104619935381984,-0.8235528682727411,0.5839025004908489,1.394399139488245,37.015851731428924,37.35898020877975,36.97985008653231,14.0,20.0,36.0,73.1,0.0,0.0,0.0,0.0,0.0,0.0,0.0,0.0,0.0,0.0
2026-06-09 14:30:47,-1.4971499654289533,-1.1313504669752907,1.915094041120721,2.122187495468026,-1.7969602626749661,0.5485631201260812,2.9604885231759184,0.38003477687092957,36.85900442881499,37.08159658580343,36.79565618748804,14.0,20.0,36.0,-18.5,0.0,0.0,0.0,0.0,0.0,0.0,0.0,0.0,0.0,0.0
2026-06-09 14:30:48,0.9060293350034874,0.2309817542832211,1.8976871400957434,1.6607221052187988,2.555220386703807,1.7199685312734463,1.5904405778813926,-2.4668038614779495,36.86390078638613,36.879922305064106,37.262730685226835,14.0,20.0,36.0,-53.4,0.0,0.0,0.0,0.0,0.0,0.0,0.0,0.0,0.0,0.0
2026-06-09 14:30:49,-0.4112844218607088,2.4994525968620014,-1.781886301857739,-0.12025118606368101,1.1232213898513974,2.9002026514676382,-0.8320688150708699,-0.4069923697446445,36.75919480191689,36.85446278400677,36.97222141728109,14.0,20.0,36.0,-17.5,0.0,0.0,0.0,0.0,0.0,0.0,0.0,0.0,0.0,0.0
2026-06-09 14:30:50,1.6246488688190102,1.295799503372666,2.4247118923664033,-0.6713323170941141,-1.489881980978902,1.285052579254641,-0.19761086965959773,-2.746889486478338,36.67487495348245,37.28110039015027,36.79685432268028,14.0,20.0,36.0,-95.7,0.0,0.0,0.0,0.0,0.0,0.0,0.0,0.0,0.0,0.0
2026-06-09 14:30:51,-2.33255242507789,0.20505180173171933,-2.422668136160487,-2.718100140979674,-1.8384886807508887,0.7902588894382658,2.6592277182925823,-1.5285126809757124,36.87017353739707,37.069213464548895,36.82324271921574,14.0,20.0,36.0,59.1,0.0,0.0,0.0,0.0,0.0,0.0,0.0,0.0,0.0,0.0
2026-06-09 14:30:52,1.7252567042404099,-0.3247123447925846,-0.467432814453975,-1.3202346858338823,-2.0957701075045168,-2.1099478870925,-2.941508299245771,1.9339691845650329,36.59526468586224,36.93202797979641,36.86047895451127,14.0,20.0,36.0,18.0,0.0,0.0,0.0,0.0,0.0,0.0,0.0,0.0,0.0,0.0
2026-06-09 14:30:54,-2.5030041568943933,-0.6560864489481331,-2.8215419541248794,0.18351439281245696,0.365758092425557,0.2354716799695633,2.380643931405384,0.4830829811386188,36.56599774025236,37.272162397478134,36.81781652728894,14.0,20.0,36.0,91.2,0.0,0.0,0.0,0.0,0.0,0.0,0.0,0.0,0.0,0.0
2026-06-09 14:30:55,1.8065000316916855,2.8700334956054876,-0.655063343023004,1.3419915323893843,-1.0356193314921962,1.7383325273036707,-0.4481595278741404,2.616762110986878,36.620185846861276,37.006870867365755,37.02651775802538,14.0,20.0,36.0,-56.6,0.0,0.0,0.0,0.0,0.0,0.0,0.0,0.0,0.0,0.0
2026-06-09 14:30:56,2.734423967979815,-1.2227309512732696,-2.121788523860759,-2.597926486990523,-2.6600253281039414,1.3314640048890043,2.916009525016343,1.917035215164022,36.70858053060331,36.948934439741066,36.871287994323296,14.0,20.0,36.0,88.6,0.0,0.0,0.0,0.0,0.0,0.0,0.0,0.0,0.0,0.0
2026-06-09 14:30:58,-1.8236937042354666,1.4896931632743025,2.7627870635016603,-2.5474785199192835,1.2640184697878905,-0.0959236575948168,1.060344375678052,1.582525472809425,36.961202106086766,37.28742806768662,37.204047054587335,14.0,20.0,36.0,-100,0.0,0.0,0.0,0.0,0.0,0.0,0.0,0.0,0.0,0.0
2026-06-09 14:30:59,0.6270425520945739,-1.165561259305288,-1.1666221592734356,-0.9700563326567151,-1.1532360088117566,-2.878692706378735,-1.6291747778120496,1.7702979441428077,36.67508738664137,37.37074008331811,36.79105454273136,14.0,20.0,36.0,58.1,0.0,0.0,0.0,0.0,0.0,0.0,0.0,0.0,0.0,0.0
2026-06-09 14:31:00,2.673721946267616,-2.7121922876103124,2.9243948464678438,-2.4984379719632495,0.53550196507849,-0.9224993887706363,-0.8404799716362934,0.43663855563466125,36.75654502529013,37.023222475849764,36.97712347562401,14.0,20.0,36.0,-6.4,0.0,0.0,0.0,0.0,0.0,0.0,0.0,0.0,0.0,0.0
2026-06-09 14:31:02,0.04064018427887861,2.000803879710033,2.4061599072915696,-0.6499735658553556,-0.26103693364113667,-1.5160565582679952,0.9301100430048792,1.758502252170695,37.054333149379005,37.043395678319435,37.0542328732667,14.0,20.0,36.0,-100,0.0,0.0,0.0,0.0,0.0,0.0,0.0,0.0,0.0,0.0
2026-06-09 14:31:03,1.667336976406415,0.7857219266137605,-0.4970992370646523,1.9075076934202748,-1.8439698227638954,2.8273009520062065,2.978588869810606,-1.3539630119433632,36.90310535231033,37.312413987310315,37.01594020676543,14.0,20.0,36.0,-4.6,0.0,0.0,0.0,0.0,0.0,0.0,0.0,0.0,0.0,0.0
2026-06-09 14:31:05,1.3599515797467667,2.473923094949244,-2.1868339026514327,0.6260669165705934,2.475250416424016,-0.2758352369991126,1.3788928926656414,-1.282806420038229,36.921610931694715,37.32093708923417,37.119659231585715,14.0,20.0,36.0,-6.9,0.0,0.0,0.0,0.0,0.0,0.0,0.0,0.0,0.0,0.0
2026-06-09 14:31:06,-1.595606714656078,-0.17312785265865038,0.9930328731685352,-0.0983003244778562,2.713661167487585,-2.9484590521233693,1.6815781249223232,-1.188396591584318,36.996020823789365,36.84370597396442,36.79983513972121,14.0,20.0,36.0,-21.8,0.0,0.0,0.0,0.0,0.0,0.0,0.0,0.0,0.0,0.0
2026-06-09 14:31:07,1.0202090074856205,-0.395747096253368,1.9575884712928868,-0.007169711988736616,-1.2625143095424631,-0.3298018282355981,-2.983248992302161,2.0423947093222106,36.996920691576136,36.81914297745965,37.24452156641689,14.0,20.0,36.0,-42.0,0.0,0.0,0.0,0.0,0.0,0.0,0.0,0.0,0.0,0.0
2026-06-09 14:31:08,1.6923844326316289,0.36731136688061383,1.206663421145569,1.3228151008693816,1.4455533531134357,1.4153879720650266,0.7637593512550014,2.4565973475213347,36.732101424824464,36.86511848259656,37.20060653000258,14.0,20.0,36.0,-39.6,0.0,0.0,0.0,0.0,0.0,0.0,0.0,0.0,0.0,0.0
2026-06-09 14:31:09,-0.7559642114734464,-0.6715359797123872,0.8671150663143425,2.0918465241365958,2.9259184611253497,-2.449526824348188,0.12859616026304943,0.48749931033079985,37.05294261233179,36.8306438091702,36.961332044954155,14.0,20.0,36.0,-6.2,0.0,0.0,0.0,0.0,0.0,0.0,0.0,0.0,0.0,0.0
2026-06-09 14:31:10,1.193377014656738,-2.4046245902962733,2.8681405681268712,1.7164193410373993,0.7575501433021525,1.6934229232923785,-0.3814069856529301,-1.789647043437433,37.03294945296414,36.92732911923446,36.906281602290726,14.0,20.0,36.0,-11.3,0.0,0.0,0.0,0.0,0.0,0.0,0.0,0.0,0.0,0.0
2026-06-09 14:31:11,-0.021282337646507887,-0.36103190845026667,2.625367864972435,-1.038944990823774,-1.6500403486219057,0.15059538766442682,1.5156194195636061,-1.5086083317373844,36.65651072286024,36.89347764044722,36.98122482983474,14.0,20.0,36.0,-57.7,0.0,0.0,0.0,0.0,0.0,0.0,0.0,0.0,0.0,0.0
2026-06-09 14:31:13,0.16487342449582076,-0.8720132796869651,-1.939153637139287,-1.8828304038698396,0.19600561753265922,1.2373789677354088,2.885108647605046,-1.3040380094199497,36.77430339744864,36.80876739500917,36.73233138705327,14.0,20.0,36.0,74.8,0.0,0.0,0.0,0.0,0.0,0.0,0.0,0.0,0.0,0.0
2026-06-09 14:31:14,-0.9964785734431794,-1.1987711452270062,1.8021141200820345,2.4873347965099875,1.4703980289323386,-0.08850329697458692,0.0139211882109187,1.4495291892973317,36.6810980894692,36.84610811058096,37.216693148799756,14.0,20.0,36.0,-15.6,0.0,0.0,0.0,0.0,0.0,0.0,0.0,0.0,0.0,0.0
2026-06-09 14:31:15,-1.1697921584423452,1.2619770684020875,1.7946699521074265,2.216914631172017,2.064395683639079,-1.34546438633738,2.904773863806474,-0.3731990247367065,36.99066884629505,36.8913818539888,36.96353097082342,14.0,20.0,36.0,-78.3,0.0,0.0,0.0,0.0,0.0,0.0,0.0,0.0,0.0,0.0
2026-06-09 14:31:16,0.7363674203390058,1.6361427728495324,1.7825519636069336,-2.5259265355231175,-0.04050761161820304,1.1592957355858582,-0.5073487978748208,0.5890306543995782,36.55138987952078,37.213945717441135,37.15241830803945,14.0,20.0,36.0,-88.1,0.0,0.0,0.0,0.0,0.0,0.0,0.0,0.0,0.0,0.0
2026-06-09 14:31:17,0.055442523705070634,-1.6053003914806043,0.7045476550620022,-1.8029279693102038,1.8647894090521842,-1.8163877118642509,-1.467483836758649,-1.479156635125834,36.619923491509404,36.99838878245775,37.12249223549907,14.0,20.0,36.0,21.6,0.0,0.0,0.0,0.0,0.0,0.0,0.0,0.0,0.0,0.0
2026-06-09 14:31:18,-0.1664112099209074,-1.3811601156871807,-2.5850262531857107,2.754177428057292,2.9650683219494933,0.6248323592861729,-1.4907826144550367,0.676223533901287,36.53030976319493,36.88768910966235,36.99067211578433,14.0,20.0,36.0,102.1,0.0,0.0,0.0,0.0,0.0,0.0,0.0,0.0,0.0,0.0
2026-06-09 14:31:20,-2.169910936526177,-2.1874058097646722,0.783319185708391,0.6592062726456627,-0.8712664478009975,0.5660135450297137,0.6021415866189508,-2.1155109207471234,36.630828823382814,37.297879759460564,36.95253316306268,14.0,20.0,36.0,36.9,0.0,0.0,0.0,0.0,0.0,0.0,0.0,0.0,0.0,0.0
2026-06-09 14:31:21,1.0667537961237725,-0.1545299039289656,0.8611443044997333,2.1579176376645925,1.5937855571425779,-0.13302301951823559,-1.0557373123558447,-0.12466287253545705,36.91203635468119,37.28349793538741,36.998808777338176,14.0,20.0,36.0,-18.9,0.0,0.0,0.0,0.0,0.0,0.0,0.0,0.0,0.0,0.0
2026-06-09 14:31:22,2.6816008135244767,-1.060210437285998,-2.433288918773363,-1.9571903434767879,-1.647677451235546,-1.7715733424258673,0.37671325833428426,2.0406769105050575,36.6522584560709,37.08809567653125,37.03768504456875,14.0,20.0,36.0,89.6,0.0,0.0,0.0,0.0,0.0,0.0,0.0,0.0,0.0,0.0
2026-06-09 14:31:24,2.1062062591505697,0.8713501074580403,-1.1292864108133636,-1.0515432105720546,-2.049574691062704,-0.5166786059301214,2.9430622236007267,0.9583829260475705,37.07138892770132,36.91426753136666,36.812032152873584,14.0,20.0,36.0,7.9,0.0,0.0,0.0,0.0,0.0,0.0,0.0,0.0,0.0,0.0
2026-06-09 14:31:25,-2.87394232675179,1.9809616413487552,-1.518926203745636,-0.16515571405675544,2.8791759803957797,-0.619219822770968,-0.5520137643621652,0.08360338073503337,37.02540477352304,37.054636398962096,36.88787733996221,14.0,20.0,36.0,-12.5,0.0,0.0,0.0,0.0,0.0,0.0,0.0,0.0,0.0,0.0
2026-06-09 14:31:26,-2.2253909894349704,-2.757254435011818,-0.4290486429645637,-0.8757591056101703,1.5096193206412751,-0.9733906216991728,0.39385740082849496,-1.9180085441655417,36.55884295528656,37.12747214209617,37.16482278024376,14.0,20.0,36.0,82.1,0.0,0.0,0.0,0.0,0.0,0.0,0.0,0.0,0.0,0.0
2026-06-09 14:31:28,0.8444387768206809,1.319851506366958,-1.802089513530356,-1.8462088443531977,-1.7360544277089118,-1.495926927370779,2.1407499945023556,2.183226768781048,36.92863612298475,37.31490750591599,36.71059875744988,14.0,20.0,36.0,12.8,0.0,0.0,0.0,0.0,0.0,0.0,0.0,0.0,0.0,0.0
2026-06-09 14:31:29,-1.733032638037489,2.4542255356252527,-0.4887768269215047,2.1459845448281936,-2.7443764534629853,1.7329250682403057,-1.6874806779803857,-2.0693143863197676,36.72551517689293,37.12878590088198,36.98317233150584,14.0,20.0,36.0,-50.8,0.0,0.0,0.0,0.0,0.0,0.0,0.0,0.0,0.0,0.0
2026-06-09 14:31:30,1.43356690786257,-1.474718893873787,0.38856233034950627,1.1985625863473341,2.1797901926294116,-2.923961991338997,0.6683219829017926,-2.701318714375504,36.831244520161256,37.333644672611506,37.23777927102077,14.0,20.0,36.0,27.0,0.0,0.0,0.0,0.0,0.0,0.0,0.0,0.0,0.0,0.0
2026-06-09 14:31:31,0.20749018208401893,-0.1261433472537612,0.11146947424806752,-1.7113820903366836,-0.8127635655192815,0.903810809348573,-2.4871651766333542,1.6733391385713041,36.95840000951165,37.25621983285437,37.18573057956241,14.0,20.0,36.0,-0.4,0.0,0.0,0.0,0.0,0.0,0.0,0.0,0.0,0.0,0.0
2026-06-09 14:31:33,-0.7755238500079482,1.1795703122208332,-1.2000466573452804,1.6191847987036496,-1.2966317208661322,-1.0966733999208065,-2.7236206932967906,-2.802638076188062,36.84622486393007,37.373496415209445,36.79647538209292,14.0,20.0,36.0,-1.4,0.0,0.0,0.0,0.0,0.0,0.0,0.0,0.0,0.0,0.0
2026-06-09 14:31:34,-1.649300589035382,2.397125743144934,1.3502645469978534,0.06146612114078254,1.2475259752947334,2.708782125934712,-2.5199232443264643,2.5634508387613257,36.77380070866894,36.94411925238527,37.01626881836796,14.0,20.0,36.0,-96.8,0.0,0.0,0.0,0.0,0.0,0.0,0.0,0.0,0.0,0.0
2026-06-09 14:31:35,-1.5841483167277421,-0.5313070121147714,-2.787292814106423,2.300627773718464,1.2020867418395849,-0.7655750209071952,-0.07480228141205192,0.4472953825835302,36.54396700759933,37.21952582230187,36.74268348692825,14.0,20.0,36.0,85.4,0.0,0.0,0.0,0.0,0.0,0.0,0.0,0.0,0.0,0.0
2026-06-09 14:31:37,-2.7265534193242864,2.4807657022735476,0.9503984121632798,1.4557587966161156,-0.5274530367606003,2.250448391062804,1.3653019754830495,1.3399623119764907,36.67719483089125,36.81090807838511,36.8565936558238,14.0,20.0,36.0,-86.9,0.0,0.0,0.0,0.0,0.0,0.0,0.0,0.0,0.0,0.0
2026-06-09 14:31:38,2.7759861518537825,1.9201282389466083,-1.0802035238297243,-0.06716550038467473,0.3975348552907816,1.3426783170508774,-2.847192374675858,-2.075348789674445,36.82930411481086,36.83306822308799,37.06017551484918,14.0,20.0,36.0,-22.5,0.0,0.0,0.0,0.0,0.0,0.0,0.0,0.0,0.0,0.0
2026-06-09 14:31:39,2.376833501516863,-2.610219644140199,2.916982618686199,-0.05923623578430082,2.786742021081828,-1.511558666596259,2.2550598910540174,2.33092525493072,36.70136283437404,37.2820516350965,37.09014806875077,14.0,20.0,36.0,-7.6,0.0,0.0,0.0,0.0,0.0,0.0,0.0,0.0,0.0,0.0
2026-06-09 14:31:40,-2.9604626899920623,2.897423510771832,-1.773516565725366,1.1720150583006435,2.3684012052351093,0.859227248049101,2.152064799040909,0.07429203090835745,36.705512890781414,36.93293465370134,37.140811013345534,14.0,20.0,36.0,-27.6,0.0,0.0,0.0,0.0,0.0,0.0,0.0,0.0,0.0,0.0
2026-06-09 14:31:41,-0.620302377723509,-0.5912794462194126,-0.20177512864591662,-1.2050853746817234,-2.1130183031689342,-1.731793121909015,-2.3000075064654073,0.737983258199169,36.817709640217366,37.07199481554905,37.16784130459973,14.0,20.0,36.0,18.5,0.0,0.0,0.0,0.0,0.0,0.0,0.0,0.0,0.0,0.0
2026-06-09 14:31:42,1.9395607984003709,-2.290721754831935,0.3439424242922815,2.235148956724359,0.12339176637506011,-2.921762552656665,0.44287745338016116,-0.019489992113802757,37.00412590036105,37.1383714330877,36.897751415857215,14.0,20.0,36.0,49.1,0.0,0.0,0.0,0.0,0.0,0.0,0.0,0.0,0.0,0.0
2026-06-09 14:31:44,0.7952554631492594,-1.6473013433574477,-0.22748569771973948,-2.050108882117514,2.919041572952893,-2.6970092533860806,2.5607468629512233,-2.9945271694764672,36.944910509446196,36.91724454678171,37.096176635670716,14.0,20.0,36.0,48.4,0.0,0.0,0.0,0.0,0.0,0.0,0.0,0.0,0.0,0.0
2026-06-09 14:31:45,-0.14413681197201367,-0.2609368702125954,1.06039833977096,2.6732784925640427,0.2194478565120077,1.8576347247523355,0.9847873316126763,-1.1595569319048873,36.65268251352453,37.32799319749792,37.258026649948874,14.0,20.0,36.0,-19.3,0.0,0.0,0.0,0.0,0.0,0.0,0.0,0.0,0.0,0.0
2026-06-09 14:31:46,1.581847561505029,0.5532635021684706,0.45046089662701405,1.6451705479704604,2.5811612532801913,-1.7461617835717862,-2.0527595816259128,1.390915235833404,36.88471004348075,36.809884765740804,36.854666205160306,14.0,20.0,36.0,-27.9,0.0,0.0,0.0,0.0,0.0,0.0,0.0,0.0,0.0,0.0
2026-06-09 14:31:47,1.5758428941023528,-1.9106569218022091,-2.5729997016734196,-0.06080963810276696,-0.18960497492013095,1.301100209277891,-1.140039167348405,-2.1007273799722403,36.85605423181627,37.03091873032824,36.85213666209192,14.0,20.0,36.0,116.0,0.0,0.0,0.0,0.0,0.0,0.0,0.0,0.0,0.0,0.0
2026-06-09 14:31:48,2.5886345031442914,0.21999648592639298,-1.6947005637914867,-0.45580558902478785,-0.34184794308751965,2.865739537181036,1.1585007608959597,0.8657975190681699,36.87967983818399,36.87829168510573,36.87686512484992,14.0,20.0,36.0,40.1,0.0,0.0,0.0,0.0,0.0,0.0,0.0,0.0,0.0,0.0
2026-06-09 14:31:50,-1.5328722801159969,0.15172840493121864,-0.9827588253674668,0.1811057481864089,-2.1042700777890353,1.3171240311131678,0.3434511533418405,0.49431502326440935,36.58078875837283,37.04003348648024,37.028920659177956,14.0,20.0,36.0,22.3,0.0,0.0,0.0,0.0,0.0,0.0,0.0,0.0,0.0,0.0
2026-06-09 14:31:51,-2.8201303403500915,-2.643417558843283,-0.0806220546453531,-1.0001502391826558,1.4057550025593981,2.4661892855275482,-1.4106800135969413,1.362717573014459,36.6264914170122,37.32792733285392,36.85063120975173,14.0,20.0,36.0,71.0,0.0,0.0,0.0,0.0,0.0,0.0,0.0,0.0,0.0,0.0
2026-06-09 14:31:52,-0.304759785242136,-2.4273688553306227,0.11800166618864072,2.515536890505598,-1.3911572113346684,-0.9985985804516728,-1.832856184038421,2.8839190613363943,36.71663400240882,37.296122521320285,37.294826798249325,14.0,20.0,36.0,58.3,0.0,0.0,0.0,0.0,0.0,0.0,0.0,0.0,0.0,0.0
2026-06-09 14:31:53,-2.226361410268048,2.868536298494111,-0.4430143762659662,-1.7568301818180398,-0.6011924715967067,2.7363045769269796,-0.4837323404511169,1.0994458038319266,36.579150776713554,37.39617130720006,37.0077031571764,14.0,20.0,36.0,-61.6,0.0,0.0,0.0,0.0,0.0,0.0,0.0,0.0,0.0,0.0
2026-06-09 14:31:54,2.3771413130633974,1.3631245053407657,1.2682031044306754,-0.12982813822151673,0.37330769482956416,1.8443958651761108,-2.795259751864595,0.4027687858111131,36.83343991749986,37.13284775989179,37.09476166787314,14.0,20.0,36.0,-68.5,0.0,0.0,0.0,0.0,0.0,0.0,0.0,0.0,0.0,0.0
2026-06-09 14:31:55,1.958069100318946,2.461213492933436,-2.103018047456147,1.2589606958022692,0.40265742497271173,-0.5607276622770136,-2.3561318693774584,2.584488038505258,36.782774404046584,37.28166924057063,36.76539222722369,14.0,20.0,36.0,-10.7,0.0,0.0,0.0,0.0,0.0,0.0,0.0,0.0,0.0,0.0
2026-06-09 14:31:56,-0.29094391418680354,1.4709516578188797,-0.4340645588699772,2.485829633750569,-2.9526941580798045,0.3582434706695232,1.062471880817995,0.39402588190608423,37.087299561173026,37.09116795765397,37.12187031053132,14.0,20.0,36.0,-26.1,0.0,0.0,0.0,0.0,0.0,0.0,0.0,0.0,0.0,0.0
2026-06-09 14:31:58,-2.941028035405318,-2.984567557931005,-1.5952169522415627,-0.6945034128436696,2.973966801496502,-1.2899096996254973,-1.9848403156823977,-0.8656029924368496,36.760937454406246,37.26275220248547,36.929511537646995,14.0,20.0,36.0,116.8,0.0,0.0,0.0,0.0,0.0,0.0,0.0,0.0,0.0,0.0
2026-06-09 14:31:59,-2.784037638940929,0.29205063351419547,-1.4833429569846892,0.2840734210279505,-0.6667504604024224,0.9779489922882711,0.6640278059282934,0.7428499456387736,36.947623614864455,37.263365133114746,37.24617652989326,14.0,20.0,36.0,31.6,0.0,0.0,0.0,0.0,0.0,0.0,0.0,0.0,0.0,0.0
2026-06-09 14:32:00,0.3795477187440639,-0.8291925445709669,1.4095115373088376,1.5870388956541603,-0.05279458225397571,-0.06601847478485645,-1.672711496239799,-0.8948861345598047,36.84767455292819,37.363309859317745,36.76266886612649,14.0,20.0,36.0,-15.9,0.0,0.0,0.0,0.0,0.0,0.0,0.0,0.0,0.0,0.0
2026-06-09 14:32:01,-0.817745940871772,1.5087314261193505,0.4001873819896282,-1.2573429655122927,-1.5700365545834192,0.04125625126864296,2.357899279616305,1.1591524388566068,36.603338228316886,36.82805649954362,36.82825096614681,14.0,20.0,36.0,-48.2,0.0,0.0,0.0,0.0,0.0,0.0,0.0,0.0,0.0,0.0
2026-06-09 14:32:02,-1.7917182434041279,-1.85304509533989,-1.5003438048645943,-1.8379104819336771,-0.11273587024366627,-2.514749290441837,2.266435484741936,-0.5899766656608865,36.67048902936151,36.94436457865717,37.074898698059904,14.0,20.0,36.0,86.6,0.0,0.0,0.0,0.0,0.0,0.0,0.0,0.0,0.0,0.0
2026-06-09 14:32:04,-1.2677738010716249,1.1538179183607253,1.0298750494705535,-0.8199950827585769,2.219004988335193,-1.8787434360797446,-0.19347704714906566,2.506908001765238,36.78560968570919,36.901296476888355,37.076786399085194,14.0,20.0,36.0,-57.5,0.0,0.0,0.0,0.0,0.0,0.0,0.0,0.0,0.0,0.0
2026-06-09 14:32:05,2.668047276649819,-0.14755327215261982,1.4937744524979957,-2.910506737209933,2.9752433379916816,-0.4717720860219252,-0.793043728636222,-0.7664038399736319,36.825188161266645,37.22268998664935,37.009801320622095,14.0,20.0,36.0,-35.4,0.0,0.0,0.0,0.0,0.0,0.0,0.0,0.0,0.0,0.0
2026-06-09 14:32:07,-2.6371398734893456,1.5009236420355823,-1.3742735652649876,2.3088799643669855,2.712355736161536,1.93694616728839,-0.9852288292709588,0.244898472877499,36.65845661117695,37.07053599428838,36.993394165563416,14.0,20.0,36.0,-2.8,0.0,0.0,0.0,0.0,0.0,0.0,0.0,0.0,0.0,0.0
2026-06-09 14:32:08,-2.0000977441783716,-1.3027835755418529,-1.1370856783647356,1.2545205427353823,-2.019923579701712,1.0096838123926553,-0.6311367082763657,2.151996574761479,37.05716241841704,37.26474675417955,37.20059403132384,14.0,20.0,36.0,63.3,0.0,0.0,0.0,0.0,0.0,0.0,0.0,0.0,0.0,0.0
2026-06-09 14:32:09,2.0620200320160595,2.317203547195609,2.525688100542057,-2.33147240288835,0.904321927196273,-0.7215863107617686,0.9843497724944235,0.9675662684381772,37.00093906359882,37.087612992619505,36.846803786093716,14.0,20.0,36.0,-100,0.0,0.0,0.0,0.0,0.0,0.0,0.0,0.0,0.0,0.0
2026-06-09 14:32:10,1.9914397603607359,-0.030057731529725906,0.5478999929349921,-2.3452736182223965,1.3539789685284145,-2.970107699710784,-0.0403970104790039,1.8404846973455626,36.94471891885739,37.32874068441274,36.76171009269277,14.0,20.0,36.0,-14.9,0.0,0.0,0.0,0.0,0.0,0.0,0.0,0.0,0.0,0.0
2026-06-09 14:32:11,1.4874028281088378,1.7359519343934533,-1.5757748863750267,1.8561545866136324,-2.226685940700584,1.3978003219147146,-0.4898729663080852,0.1628280687932997,36.8230144748172,37.05812215670646,36.99301938694718,14.0,20.0,36.0,-3.7,0.0,0.0,0.0,0.0,0.0,0.0,0.0,0.0,0.0,0.0
2026-06-09 14:32:12,-0.5116283923912475,0.5424180574707216,-2.1058458453564244,0.5002223538542818,-0.6906830681949825,-0.6909706332298002,0.665730274728781,-0.2636925557918284,36.95986157262854,37.0532352147762,37.02419725310802,14.0,20.0,36.0,40.4,0.0,0.0,0.0,0.0,0.0,0.0,0.0,0.0,0.0,0.0
2026-06-09 14:32:14,-2.3331072665854586,-0.8456588072311808,2.107044445004446,2.3592912661105716,-0.8998365722987893,-1.0469398767586058,0.08966818133175858,-2.0842951727028622,36.99192300668239,37.207965971348294,36.799304754313404,14.0,20.0,36.0,-33.1,0.0,0.0,0.0,0.0,0.0,0.0,0.0,0.0,0.0,0.0
2026-06-09 14:32:15,1.6547450904754335,-2.5857495405117366,1.1514306727024826,-2.7274697667549797,1.2061598471754609,-0.8980742892118396,2.8740836504339873,2.62462087991398,36.731369773070426,37.23502329476791,37.099273738260344,14.0,20.0,36.0,38.1,0.0,0.0,0.0,0.0,0.0,0.0,0.0,0.0,0.0,0.0
2026-06-09 14:32:16,0.2241367377300838,1.326851374750226,-1.9101489501917728,-2.4092717033756745,0.0009049320863132593,0.8099111905595073,-0.14248347769315028,2.753704903218898,37.07997583347588,37.03676385427095,36.754144761076745,14.0,20.0,36.0,15.4,0.0,0.0,0.0,0.0,0.0,0.0,0.0,0.0,0.0,0.0
2026-06-09 14:32:17,2.710076350818488,1.094488385389269,2.4343967096372676,-1.786970269401071,1.3327701811279073,-1.7686594341619277,1.4510714254540922,-2.664430718602187,36.52043883740779,36.9063828753184,37.112280761840566,14.0,20.0,36.0,-91.4,0.0,0.0,0.0,0.0,0.0,0.0,0.0,0.0,0.0,0.0
2026-06-09 14:32:18,-0.5686677285467217,0.8595055606508781,2.4010722452816564,-2.434856954080221,-1.1231469173981254,-1.6928802829262883,-1.511315292967565,-2.134489673696986,36.97109832326521,37.07083718838845,36.94249240475582,14.0,20.0,36.0,-85.9,0.0,0.0,0.0,0.0,0.0,0.0,0.0,0.0,0.0,0.0
2026-06-09 14:32:19,-0.780947814056514,0.5948127658699267,-1.7856530301283198,1.2251907661729895,0.9630797723031588,0.478499904312927,-2.0627973453976627,0.5803099508450824,37.05636992815057,37.34359707471022,36.78797962192992,14.0,20.0,36.0,30.0,0.0,0.0,0.0,0.0,0.0,0.0,0.0,0.0,0.0,0.0
2026-06-09 14:32:20,-0.25979005735348126,-0.15860646408627943,-2.640579106865955,-1.5417967206071395,-1.5050618892643755,-0.5553746355733216,1.7867862838183344,2.7791406162457726,36.92599891498838,37.2995269866596,36.78369986812458,14.0,20.0,36.0,73.0,0.0,0.0,0.0,0.0,0.0,0.0,0.0,0.0,0.0,0.0
2026-06-09 14:32:22,0.8443845164309156,0.8292136950594458,-0.54607131664359,-0.7032584644817108,-2.441785470499723,2.1734139571480267,0.20394759348068536,-0.39307136417159594,37.018951587278885,37.28802995281902,36.95616678154963,14.0,20.0,36.0,-6.1,0.0,0.0,0.0,0.0,0.0,0.0,0.0,0.0,0.0,0.0
2026-06-09 14:32:23,2.1032088410969116,1.7200749708679757,0.7430339835322446,1.1860096440195287,0.6337637324718428,0.29819964496463136,-0.24725957402582655,0.5133851892001116,36.58169601715003,37.11492941956142,36.809389097306834,14.0,20.0,36.0,-63.7,0.0,0.0,0.0,0.0,0.0,0.0,0.0,0.0,0.0,0.0
2026-06-09 14:32:24,-1.8626057163294651,2.247999831181092,1.8218006055093436,-0.7459015813514291,-1.6272942279285791,-1.9690158909559794,-1.0047784986549249,0.6193410943856374,36.57729789624172,37.326932473012796,37.298113949854965,14.0,20.0,36.0,-100,0.0,0.0,0.0,0.0,0.0,0.0,0.0,0.0,0.0,0.0
2026-06-09 14:32:25,1.2620051313398744,-0.3727591048078196,0.6054485512014178,-1.1204701895422635,-2.8502252020712726,0.9013771127723529,-2.214299984352846,-2.204018474844492,36.728035253636996,36.96569304032103,36.827030279599555,14.0,20.0,36.0,-6.7,0.0,0.0,0.0,0.0,0.0,0.0,0.0,0.0,0.0,0.0
2026-06-09 14:32:26,-0.6032800672775123,0.5477684569297834,1.662871605879955,-0.754512249904189,0.20458525337701783,-2.637109538563384,-2.323042612150363,-1.7326875060528635,36.949443380891395,37.33985745063036,36.83074306067153,14.0,20.0,36.0,-59.6,0.0,0.0,0.0,0.0,0.0,0.0,0.0,0.0,0.0,0.0
2026-06-09 14:32:28,2.9916442252445137,0.7345288681870423,1.7489744210338483,-0.5656072330447288,0.8809138711784041,1.021341867511362,-0.266968975179775,1.8683100709938882,36.98096728387569,37.240244377247734,37.087553841511905,14.0,20.0,36.0,-63.8,0.0,0.0,0.0,0.0,0.0,0.0,0.0,0.0,0.0,0.0
2026-06-09 14:32:29,-1.9196223982983172,-2.7968019639917054,-1.1692749426487026,0.28807600742699124,0.6803444054479115,-2.6671888604158736,-1.6146974805922656,-0.9341389278594718,36.68513033575947,37.04596393008643,37.22705616801143,14.0,20.0,36.0,100.4,0.0,0.0,0.0,0.0,0.0,0.0,0.0,0.0,0.0,0.0
2026-06-09 14:32:31,-1.277848379508994,0.006077414316742136,-2.0010502239469448,-2.965260956758896,-0.309932915906447,-0.8419234872365435,0.6294605005449339,1.6289143912035167,36.856915594399766,37.00963635499975,37.12158907068596,14.0,20.0,36.0,51.5,0.0,0.0,0.0,0.0,0.0,0.0,0.0,0.0,0.0,0.0
2026-06-09 14:32:32,-0.6414597998028313,0.8825857304691072,1.840100091768889,1.0643664308703098,1.5199390842386489,-1.6661196609629947,0.8454115436211418,-2.138223558573384,36.654713159550624,37.350373201251834,36.771706391140555,14.0,20.0,36.0,-70.8,0.0,0.0,0.0,0.0,0.0,0.0,0.0,0.0,0.0,0.0
2026-06-09 14:32:33,0.5518241325009612,2.8167995320228316,2.885380185914766,-1.6474043567234011,-2.282140597966431,2.2164552566582145,-1.3935854833585848,0.0481228188572409,36.83191472590261,36.92886290132021,36.71339475698527,14.0,20.0,36.0,-100,0.0,0.0,0.0,0.0,0.0,0.0,0.0,0.0,0.0,0.0
2026-06-09 14:32:34,0.24526776541181494,-0.6217106535559789,-1.0718221650747362,0.63131846040321,-1.8564273284201616,2.216742174413514,1.9228154026077515,-0.7065443408085317,36.7684378707044,36.960185947463145,37.0753238526963,14.0,20.0,36.0,45.9,0.0,0.0,0.0,0.0,0.0,0.0,0.0,0.0,0.0,0.0
2026-06-09 14:32:35,-1.4309310555796129,-0.45682192023425827,2.3907343221153097,2.779343883558756,-1.3281669703604695,-0.32038256694579204,1.066475265891337,-2.9825725499490368,36.506337373167696,37.398291770168555,37.03253180966931,14.0,20.0,36.0,-49.6,0.0,0.0,0.0,0.0,0.0,0.0,0.0,0.0,0.0,0.0
2026-06-09 14:32:36,-1.0497037924038946,1.3272130276218927,1.922278035725931,2.2699897338667574,0.5640764734993997,2.2802460553163364,-2.081266728242155,-1.4253370119930586,37.01658496219714,37.185533827010225,36.89827031797325,14.0,20.0,36.0,-83.9,0.0,0.0,0.0,0.0,0.0,0.0,0.0,0.0,0.0,0.0
2026-06-09 14:32:38,-0.7209738270515675,-0.2499292326254694,1.316146607432441,-1.4784382152426427,1.1491389029819539,1.9283117057208168,2.1290672446694563,1.8922839050994513,37.021462171381,37.10632725454979,36.908031489360596,14.0,20.0,36.0,-25.5,0.0,0.0,0.0,0.0,0.0,0.0,0.0,0.0,0.0,0.0
2026-06-09 14:32:39,-0.1789128308246557,-0.1766866978288899,-1.2633996899971607,2.754686926842071,1.1108340162771286,-2.160493003564299,-2.527171040684192,-2.35539065491756,36.60981874410559,37.09657029773391,37.02387496600508,14.0,20.0,36.0,34.9,0.0,0.0,0.0,0.0,0.0,0.0,0.0,0.0,0.0,0.0
2026-06-09 14:32:40,-0.5805770247553439,-2.32480477689489,1.897334542902625,0.29827280487424623,1.517162190473794,0.11141354738977949,1.7506546924995359,-2.1279335838097766,36.911180782550275,37.00404727330374,36.82190388421582,14.0,20.0,36.0,12.0,0.0,0.0,0.0,0.0,0.0,0.0,0.0,0.0,0.0,0.0
2026-06-09 14:32:41,2.5693817269483485,-0.5456082070309534,1.4005443353458729,-2.1630508588471793,0.6796556053626914,0.45333988327275865,-2.194400736391187,-2.5440343758483928,36.5422347699255,37.06289903130903,36.77652522213775,14.0,20.0,36.0,-23.0,0.0,0.0,0.0,0.0,0.0,0.0,0.0,0.0,0.0,0.0
2026-06-09 14:32:42,-1.128163479166892,-1.8202503925080444,-0.8105349702806333,0.5251346204816265,-1.514335182624614,-1.1493570813615408,0.22848610074896003,2.429155119901825,36.52809764919241,36.88520426233462,36.845057836178725,14.0,20.0,36.0,67.6,0.0,0.0,0.0,0.0,0.0,0.0,0.0,0.0,0.0,0.0
2026-06-09 14:32:43,2.0927716694013494,-0.5055920243910093,1.590065391643658,0.5082569177583585,0.575189286794719,-2.253172202056086,2.3522431663686136,-2.7650857475035497,36.69206350734979,37.19561249055888,36.85234784272599,14.0,20.0,36.0,-28.0,0.0,0.0,0.0,0.0,0.0,0.0,0.0,0.0,0.0,0.0
2026-06-09 14:32:44,1.9637404443777946,1.1278018293660805,-0.5846818570508097,-1.9602243114774511,1.6579300363544798,-0.02332871616810417,-0.5071848577609464,-0.48387674046543827,36.74325788678929,36.83307287951888,36.718757418305756,14.0,20.0,36.0,-14.3,0.0,0.0,0.0,0.0,0.0,0.0,0.0,0.0,0.0,0.0
2026-06-09 14:32:45,-2.6969844021329634,-2.274089527399783,-2.7259745229316428,-1.5193827482766007,-2.8884235387500805,1.8550334472963677,-1.0397186615416034,-1.7157985742747623,36.805537952818945,37.17291877316861,36.807192348947005,14.0,20.0,36.0,129.7,0.0,0.0,0.0,0.0,0.0,0.0,0.0,0.0,0.0,0.0
2026-06-09 14:32:47,-0.542285037070303,2.6489041747020288,-1.4733621295814885,-0.9337132626341411,0.8213572019968911,1.6054565175618443,-0.9546157927983678,-0.6993910690454133,36.76635657414511,37.16910277691112,36.789219900464296,14.0,20.0,36.0,-30.1,0.0,0.0,0.0,0.0,0.0,0.0,0.0,0.0,0.0,0.0
2026-06-09 14:32:48,0.6111508210218473,2.673928659594835,-0.7901318694410238,2.14983359916887,0.7340463284780938,-1.3715797567573087,1.6412775497102867,-2.12032219602279,36.86310299127647,36.95851605791599,37.200801069118775,14.0,20.0,36.0,-48.6,0.0,0.0,0.0,0.0,0.0,0.0,0.0,0.0,0.0,0.0
2026-06-09 14:32:49,0.5796318118041297,-1.6600432611552685,1.9873193621457563,-0.05220519150230496,2.784431528088481,0.07799021046816224,-2.296625030628582,0.2223179092128431,36.64266607279444,36.811136784785106,36.86675295873621,14.0,20.0,36.0,-9.6,0.0,0.0,0.0,0.0,0.0,0.0,0.0,0.0,0.0,0.0
2026-06-09 14:32:51,-2.0341777294099437,-1.8942772857697905,-0.8370487631940495,0.09817003853067163,1.2463847652285684,0.17397999077995774,1.764965033616063,2.5938633342243413,37.04652731086153,37.11504472564838,37.064185232695756,14.0,20.0,36.0,71.6,0.0,0.0,0.0,0.0,0.0,0.0,0.0,0.0,0.0,0.0
2026-06-09 14:32:52,-2.1039136812947277,-1.8127955807656964,-2.0165759193438433,-0.19947891103753035,0.4170668521294343,2.8414866475572715,1.3463454201420673,-1.1791486806040865,36.743891444851656,37.31438094989472,36.85675653598618,14.0,20.0,36.0,101.1,0.0,0.0,0.0,0.0,0.0,0.0,0.0,0.0,0.0,0.0
2026-06-09 14:32:54,-1.7051534176169179,2.750415262095709,-1.2825739661966675,-1.2833996051984338,-0.9346126715146346,-2.688126953216459,0.2610524468134132,0.8249948568424994,36.690424743081465,36.911369124578485,36.877879885877924,14.0,20.0,36.0,-39.2,0.0,0.0,0.0,0.0,0.0,0.0,0.0,0.0,0.0,0.0
2026-06-09 14:32:55,2.9739487507518803,-0.9491143016634109,2.6304206548386873,0.757504550768338,1.7464357643610997,-1.6718866246174529,-2.190153096201546,-0.9114393215109331,36.80995873903687,37.09753208952047,37.001433364163866,14.0,20.0,36.0,-45.4,0.0,0.0,0.0,0.0,0.0,0.0,0.0,0.0,0.0,0.0
2026-06-09 14:32:56,-2.0814067491476695,-0.5690250609805263,-1.7660685793852793,0.8598984492954109,1.9859182760220895,2.150732387227322,-2.866177094253459,-1.7324684703046065,37.04679303834777,37.089759502315296,36.71174853193633,14.0,20.0,36.0,60.0,0.0,0.0,0.0,0.0,0.0,0.0,0.0,0.0,0.0,0.0
2026-06-09 14:32:57,-1.5850776992006448,-2.3763430972438977,2.7112431696604515,-2.0144244055794447,0.9755596614151436,1.3761883740819423,-0.3394560982388848,0.9389643575127189,36.93456877077124,36.89500559800973,36.91446928453811,14.0,20.0,36.0,-8.1,0.0,0.0,0.0,0.0,0.0,0.0,0.0,0.0,0.0,0.0
2026-06-09 14:32:59,0.6450231616236755,2.5790127315769062,-1.399519461832376,2.8367285323836207,1.537850206916394,-2.7631229364791983,1.4855274472423785,-0.8618125464791104,37.0701776442272,37.15870449246418,36.81441171735294,14.0,20.0,36.0,-31.1,0.0,0.0,0.0,0.0,0.0,0.0,0.0,0.0,0.0,0.0
2026-06-09 14:33:00,-2.551207705871052,-1.4034409207698726,0.033189040430201544,-2.6400060955935123,-0.7629743393966164,0.8498193654619275,1.556847888475966,-0.8211390743638711,36.69182976615392,36.98343730979346,36.89005835355897,14.0,20.0,36.0,36.6,0.0,0.0,0.0,0.0,0.0,0.0,0.0,0.0,0.0,0.0
2026-06-09 14:33:01,-1.2994966033274928,2.8613231218587494,-1.4651594266713723,-1.810507201353035,-0.3150477115988979,-0.5709531982500433,2.3665549939425325,2.3750024712539055,36.86234752832489,36.924868864734485,37.118510834934725,14.0,20.0,36.0,-35.2,0.0,0.0,0.0,0.0,0.0,0.0,0.0,0.0,0.0,0.0
2026-06-09 14:33:02,2.11201806866267,-2.5400219153581243,-1.2813476879441423,-2.916759443253161,-2.096120997841827,1.5477471125990796,2.71111454873325,1.899297817538593,36.60305842984424,37.03247672030415,36.87195412584229,14.0,20.0,36.0,100.9,0.0,0.0,0.0,0.0,0.0,0.0,0.0,0.0,0.0,0.0
2026-06-09 14:33:04,-0.32779667462371975,-1.0420076549527495,-0.5225527049823331,-0.311716173076932,2.451540075015986,-0.9390400821538467,-0.4791599488393228,-1.069731146504415,36.998230596019496,37.121000757102536,37.27636156530589,14.0,20.0,36.0,39.7,0.0,0.0,0.0,0.0,0.0,0.0,0.0,0.0,0.0,0.0
2026-06-09 14:33:05,-0.9375802295595639,0.8891018856276807,0.49255534318006156,0.8890172518208419,-0.8299241143599927,-0.7989668019771061,-2.399191204012239,0.8779896638604914,36.78162247036736,37.254082269689306,37.14749554238098,14.0,20.0,36.0,-37.3,0.0,0.0,0.0,0.0,0.0,0.0,0.0,0.0,0.0,0.0
2026-06-09 14:33:06,0.2000147618859036,2.2439623067668046,-1.6481502495511664,-0.1473643382266654,-1.1626318475118456,-0.8145115588083227,2.8860055982772055,2.36991114088461,36.536634260272336,37.23800781689611,36.83653022381797,14.0,20.0,36.0,-14.4,0.0,0.0,0.0,0.0,0.0,0.0,0.0,0.0,0.0,0.0
2026-06-09 14:33:07,1.4171676933168564,0.42022909872600955,2.761560925787858,2.1865974126050185,2.325061450867664,-1.0945725735073024,-0.09254014547935974,-2.3715972266239467,36.71505998668755,36.91871265793031,36.77810370629975,14.0,20.0,36.0,-82.9,0.0,0.0,0.0,0.0,0.0,0.0,0.0,0.0,0.0,0.0
2026-06-09 14:33:08,1.4793167024080471,0.7624930056251564,0.7007498116845001,2.5888924412225096,1.4750624053243682,-0.43025128688415126,-1.8373586976460545,2.244334720086984,36.93243172567854,37.25179096609058,37.227838500996675,14.0,20.0,36.0,-39.0,0.0,0.0,0.0,0.0,0.0,0.0,0.0,0.0,0.0,0.0
2026-06-09 14:33:09,-2.5564843089209726,0.6172989249438787,2.5918935305876216,2.1536504259276654,-1.6055838899172392,1.162955720072362,-0.28449581045027905,-0.29696854511577087,36.65181932437311,37.24463400930123,36.87007081084812,14.0,20.0,36.0,-82.5,0.0,0.0,0.0,0.0,0.0,0.0,0.0,0.0,0.0,0.0
2026-06-09 14:33:10,2.1061180790265723,1.722975035034203,-2.266821816170898,-2.723516491669513,2.8718491310085668,2.430336822941415,2.643698145440295,-1.892546194411041,36.72281455277114,36.91432489295062,36.8067001072516,14.0,20.0,36.0,16.6,0.0,0.0,0.0,0.0,0.0,0.0,0.0,0.0,0.0,0.0
2026-06-09 14:33:12,0.3097120171655616,-0.3101004869094055,-2.99435191053018,-2.935046748321052,2.012063535024658,1.4498167072157049,2.73908147405535,2.9152090229918164,36.8867613095849,36.82932491427809,36.7698761977686,14.0,20.0,36.0,87.5,0.0,0.0,0.0,0.0,0.0,0.0,0.0,0.0,0.0,0.0
2026-06-09 14:33:13,0.5938473225803351,-0.9771090908077302,-1.5258580305915146,0.9500307076939354,1.0645667877128737,-2.853875612959368,2.1402321555966237,-0.4247518103819514,36.77899425886611,36.86228574411519,37.044602366092,14.0,20.0,36.0,64.4,0.0,0.0,0.0,0.0,0.0,0.0,0.0,0.0,0.0,0.0
2026-06-09 14:33:14,1.8442718937195544,-2.004860535663978,-0.5669714793410394,-1.2691031084126148,0.6350061571032839,-0.6741108470333499,2.9815062716263157,0.2099517747444315,37.070166593674735,37.01453093644337,36.84708366407285,14.0,20.0,36.0,67.7,0.0,0.0,0.0,0.0,0.0,0.0,0.0,0.0,0.0,0.0
2026-06-09 14:33:15,-0.29161600030707246,-1.6682043865144478,1.3955014003518906,2.4923601661563186,1.3497921679176255,-2.136644440944481,2.9468074185933615,-2.370935418347292,36.525499449686166,37.238757094253245,37.123193174049376,14.0,20.0,36.0,7.5,0.0,0.0,0.0,0.0,0.0,0.0,0.0,0.0,0.0,0.0
2026-06-09 14:33:16,1.7795739104448813,1.2152834342371737,1.8206474577030995,-0.02139904107448798,-0.8951311909848942,-1.7796854052938242,2.3884315126022457,-2.239857832907145,36.684677646066795,37.13977602288097,37.27589942885093,14.0,20.0,36.0,-78.2,0.0,0.0,0.0,0.0,0.0,0.0,0.0,0.0,0.0,0.0
2026-06-09 14:33:18,-1.6726708821412635,1.985318023066256,0.5186330975758704,0.3928919489658522,0.3366607804019104,-2.267360438596268,-0.225161825743033,-1.3398376705037613,36.68401423123746,37.08371129790346,37.16779113498158,14.0,20.0,36.0,-66.0,0.0,0.0,0.0,0.0,0.0,0.0,0.0,0.0,0.0,0.0
2026-06-09 14:33:19,-1.748506604686926,2.0676997162346726,-1.569168043508444,-0.7114160143294148,1.5540221137019685,-0.3560221790015947,2.0190350824179477,0.2729521208928647,37.07847615922114,37.3692978955991,36.83273833305893,14.0,20.0,36.0,-12.1,0.0,0.0,0.0,0.0,0.0,0.0,0.0,0.0,0.0,0.0
2026-06-09 14:33:20,2.492577673390712,0.8572399846808652,-2.4613283630617753,2.7021606701562266,0.9339131159445975,-2.768365904434,-2.8225808187193575,1.9809240659167608,37.07661130853177,37.39887244110495,37.04043105027894,14.0,20.0,36.0,38.7,0.0,0.0,0.0,0.0,0.0,0.0,0.0,0.0,0.0,0.0
2026-06-09 14:33:21,-2.4322091430729094,-0.10741779276959651,-0.08251244891746357,0.9283365320880845,-1.4985501368468643,-0.4275734096558148,2.7922742383728094,-0.48150113079729673,36.59091057870568,37.280902656617734,36.73165435138332,14.0,20.0,36.0,6.1,0.0,0.0,0.0,0.0,0.0,0.0,0.0,0.0,0.0,0.0
2026-06-09 14:33:22,1.0648632275080319,2.2667568977602794,1.4648996582281448,2.9285257826429465,2.3028100973698864,0.5157003738540835,1.402425868850739,-1.2126603137934,36.9910614654646,36.96682120711752,37.04922921314851,14.0,20.0,36.0,-95.5,0.0,0.0,0.0,0.0,0.0,0.0,0.0,0.0,0.0,0.0
2026-06-09 14:33:23,0.658568721090683,0.46574315774797403,0.5414806112900816,0.7750451228263313,2.2969041842012707,-0.5818435721051052,0.2229778888889209,-0.5988068089149161,36.7323737267323,37.29761973771556,37.22437583567468,14.0,20.0,36.0,-26.2,0.0,0.0,0.0,0.0,0.0,0.0,0.0,0.0,0.0,0.0
2026-06-09 14:33:24,-1.4604004908245194,1.0398379718667812,-2.501084183085685,0.4508573471890003,-1.3435269952248907,-2.9756376995570992,1.0816191718214725,2.6860872358379755,36.69829426907472,37.38488826712883,37.13427067104672,14.0,20.0,36.0,36.8,0.0,0.0,0.0,0.0,0.0,0.0,0.0,0.0,0.0,0.0
2026-06-09 14:33:25,2.47626104524862,1.363387364033179,-0.5223643237709981,2.8774938191616606,-2.1910735822761964,-2.324819551360008,-0.32563005238036347,1.4406521151662357,36.70644577678299,36.989211176981044,36.764163988002515,14.0,20.0,36.0,-23.1,0.0,0.0,0.0,0.0,0.0,0.0,0.0,0.0,0.0,0.0
2026-06-09 14:33:27,-1.2746203598629104,1.678074943925873,-1.5027210273852134,1.901932572930205,-1.4568725578935582,-0.9249479059664756,1.4576689708862256,-1.1570507074338643,36.67112214711017,37.13804970576472,36.96166396985591,14.0,20.0,36.0,-4.3,0.0,0.0,0.0,0.0,0.0,0.0,0.0,0.0,0.0,0.0
2026-06-09 14:33:28,2.968319279216777,0.22047299071839976,-1.9239580028589025,-2.6857426191221467,-2.8243656606769876,0.6345986716319758,-1.6382918837809772,0.5118757484047674,36.933203994180026,36.862624736205014,36.83987297754806,14.0,20.0,36.0,43.5,0.0,0.0,0.0,0.0,0.0,0.0,0.0,0.0,0.0,0.0
2026-06-09 14:33:29,1.5376138359436178,1.5254690784681832,1.2699700665798428,-1.2978086776277347,-1.0640349315418898,2.7770410183934677,0.5246920868776601,-2.2395556902737894,36.95181546070282,37.01994476695571,37.09875161873405,14.0,20.0,36.0,-70.6,0.0,0.0,0.0,0.0,0.0,0.0,0.0,0.0,0.0,0.0
2026-06-09 14:33:30,2.567683279816068,2.0246243535643575,0.003627362719869076,-0.9776620495044206,-1.305443741408223,-0.17037135286251104,1.4374058515190953,-0.7073882852684039,36.98968361029045,37.043747483889696,36.797274004760396,14.0,20.0,36.0,-51.8,0.0,0.0,0.0,0.0,0.0,0.0,0.0,0.0,0.0,0.0
2026-06-09 14:33:31,-1.0084072852134713,1.9971553584561645,0.5832641836480832,0.6023227961636959,-1.7195818449245948,-2.715362327650954,2.638332707147228,-1.5172845650438795,37.04959400425223,37.046408553788346,37.04835115905377,14.0,20.0,36.0,-66.8,0.0,0.0,0.0,0.0,0.0,0.0,0.0,0.0,0.0,0.0
2026-06-09 14:33:33,-0.853245812515075,0.5378223634030608,2.8353595953894475,1.9968800280384054,-1.5445010404747128,1.3911340172042932,0.4754620249973138,-2.479832285590621,37.00358764292711,37.16006502470833,37.176703836213946,14.0,20.0,36.0,-86.3,0.0,0.0,0.0,0.0,0.0,0.0,0.0,0.0,0.0,0.0
2026-06-09 14:33:34,-1.5785198028333964,-0.7020988758797317,-0.7960513301743779,2.4579155390485408,2.5364063603597664,-1.1691812554007317,-2.867002723049286,-0.2694458174281493,36.51994680036995,37.12389070318094,37.03905960512432,14.0,20.0,36.0,36.7,0.0,0.0,0.0,0.0,0.0,0.0,0.0,0.0,0.0,0.0
2026-06-09 14:33:35,1.1512363750477377,-0.8052993110971256,-1.1663475958224767,-0.5008907340139368,-1.7986660084461241,-0.92201112189285,0.5066958995887849,-1.9193539957534522,36.681423506071646,37.286241577121594,36.75424880110165,14.0,20.0,36.0,50.8,0.0,0.0,0.0,0.0,0.0,0.0,0.0,0.0,0.0,0.0
2026-06-09 14:33:37,0.909481818384362,-0.15374576815510554,1.8417166976331734,2.60211795850312,-2.804940724162887,1.7621869671603747,-2.8819196184087703,1.4769667816908,36.70443623326788,36.98671619849216,37.17388573863264,14.0,20.0,36.0,-44.2,0.0,0.0,0.0,0.0,0.0,0.0,0.0,0.0,0.0,0.0
2026-06-09 14:33:38,0.4853461442698803,2.9982293764545407,1.0044485878197449,0.5320848084130585,-0.7962214811019805,1.5514134008500369,-1.0386338406437294,-1.4630875994152883,36.914206861072124,36.98365374499635,37.04134175762111,14.0,20.0,36.0,-100,0.0,0.0,0.0,0.0,0.0,0.0,0.0,0.0,0.0,0.0
2026-06-09 14:33:39,-1.6571530662517289,-0.9549031142947175,2.535204393837267,0.5040531453384851,2.355164939952921,-0.20379887326397927,-0.11795472605401613,1.7615520296462863,37.02887859033251,36.927657293910634,36.784496367822285,14.0,20.0,36.0,-41.0,0.0,0.0,0.0,0.0,0.0,0.0,0.0,0.0,0.0,0.0
2026-06-09 14:33:41,-0.5581112426079287,0.5807409619733925,0.4823248974613681,-2.950206937240913,0.4104307346491307,-2.1206738327145755,-2.2543766526711386,2.684400728962542,36.78426243402828,37.23387170482052,37.29210764471473,14.0,20.0,36.0,-29.7,0.0,0.0,0.0,0.0,0.0,0.0,0.0,0.0,0.0,0.0
2026-06-09 14:33:42,-1.5902578903540612,2.999048904103991,-0.555992939555539,-1.757664986527403,1.8132663350755998,-2.2259815852300524,-0.7695796748485026,1.1477697267160734,37.043503626636564,36.93406018032817,36.751486408835824,14.0,20.0,36.0,-64.7,0.0,0.0,0.0,0.0,0.0,0.0,0.0,0.0,0.0,0.0
2026-06-09 14:33:44,-2.5154730023545424,1.3447903698728574,1.8241137433427799,-1.2985522679032857,0.6094616344980714,-2.3783081085848563,-2.1687488216088053,-0.028458154077314113,36.68512076033765,36.92254701593705,37.0363858095001,14.0,20.0,36.0,-84.2,0.0,0.0,0.0,0.0,0.0,0.0,0.0,0.0,0.0,0.0
2026-06-09 14:33:45,0.9920055687910603,-0.3206033607328971,0.76344173081687,1.0908254786362397,-2.7418872599699498,-2.0478635772257405,-0.7185750438503558,1.8720432891617849,36.64512032150589,37.09297146529407,37.08040948087536,14.0,20.0,36.0,-12.8,0.0,0.0,0.0,0.0,0.0,0.0,0.0,0.0,0.0,0.0
2026-06-09 14:33:47,-2.202429247431832,0.01328864155690912,-2.6732450948031943,-0.5317645477691557,-1.2723190179078856,-0.36896379153838854,-1.770238814962132,0.4643826104710289,36.58236440830486,37.308907644079945,36.862658954197016,14.0,20.0,36.0,67.7,0.0,0.0,0.0,0.0,0.0,0.0,0.0,0.0,0.0,0.0
2026-06-09 14:33:48,-0.01561336859296869,-0.48316022905243683,-2.728035973402728,1.7969990359143138,2.653462119624015,0.15422826899559006,-1.4227297425221876,-0.9218495261163278,36.969934500187854,37.2556953585661,36.90616583627489,14.0,20.0,36.0,82.4,0.0,0.0,0.0,0.0,0.0,0.0,0.0,0.0,0.0,0.0
2026-06-09 14:33:50,-0.7170253007582206,-1.810058263960157,0.9481224965284598,1.446143307667298,-2.627399762651602,1.846326474747805,2.3612139342730734,-2.534079527354126,36.85337680898183,36.80449587975138,36.709673359694335,14.0,20.0,36.0,24.4,0.0,0.0,0.0,0.0,0.0,0.0,0.0,0.0,0.0,0.0
2026-06-09 14:33:51,-1.8499411589355232,-2.30602954814324,1.0866812459818487,0.04064849233596668,-2.804779587091218,-1.9503620575462015,1.0309190270240016,-0.8835163788501657,36.87249930139103,37.18403296118472,37.18992836682558,14.0,20.0,36.0,31.1,0.0,0.0,0.0,0.0,0.0,0.0,0.0,0.0,0.0,0.0
2026-06-09 14:33:52,-1.3035070632490526,1.215007478052038,1.1041927303245407,-0.6239521177203402,-0.888372011417017,1.541084994619034,0.9304060010918156,2.078366083346875,36.50403148736889,37.13013381848209,37.213122793222865,14.0,20.0,36.0,-58.7,0.0,0.0,0.0,0.0,0.0,0.0,0.0,0.0,0.0,0.0
2026-06-09 14:33:53,-2.566282130205356,1.8799447062851744,2.855162253992863,-1.57029582600665,2.446867750793725,1.9806762742098503,-1.012140065278504,-2.6811924082574015,37.05097308412599,37.309217092711464,36.84643070027106,14.0,20.0,36.0,-100,0.0,0.0,0.0,0.0,0.0,0.0,0.0,0.0,0.0,0.0
2026-06-09 14:33:54,1.2574919169241365,0.4541412329848722,2.0288921956436665,0.44904457287506805,2.8284890052334246,-0.2408488615918234,2.3911714795880235,-0.09400644187940443,36.81735570965293,36.84235275395498,36.713067758472846,14.0,20.0,36.0,-63.1,0.0,0.0,0.0,0.0,0.0,0.0,0.0,0.0,0.0,0.0
2026-06-09 14:33:55,2.211180454371287,-0.03579670716873018,1.4399236879397446,0.9760421320949249,1.3629433951931063,-0.988445896074408,-0.8644663334107028,-2.137408197207331,36.53841730870372,36.93254849793967,36.72060150273675,14.0,20.0,36.0,-37.2,0.0,0.0,0.0,0.0,0.0,0.0,0.0,0.0,0.0,0.0
2026-06-09 14:33:56,1.270481433423984,0.42319156002109715,2.931430038264063,0.019113962601300383,-1.3433579996559493,-2.0595613007678173,1.8723295788203123,0.9973580446752086,36.841519502217814,36.97535220139093,36.99254858230553,14.0,20.0,36.0,-86.8,0.0,0.0,0.0,0.0,0.0,0.0,0.0,0.0,0.0,0.0
2026-06-09 14:33:57,2.620511256997956,2.129561838440563,-1.147993308134884,-1.4367812899197652,-0.4500878869223581,-1.5175724346659893,1.435457657970682,-0.0897539563030243,36.772856295585484,36.936420937976116,36.73641018642219,14.0,20.0,36.0,-25.4,0.0,0.0,0.0,0.0,0.0,0.0,0.0,0.0,0.0,0.0
2026-06-09 14:33:59,2.5195972213811375,-0.5196556285235934,0.6455901929899479,2.704265209753773,-1.1020729344649787,0.948405610684369,1.4192111115569084,-0.14021897394846405,36.64702694952373,36.96201407557298,36.96563624943414,14.0,20.0,36.0,-2.1,0.0,0.0,0.0,0.0,0.0,0.0,0.0,0.0,0.0,0.0
2026-06-09 14:34:00,1.121544690762856,2.95832627408795,0.9888022750440939,-1.956145586772562,-2.4199697314196285,-1.9838518348544327,-2.5537478066310477,-0.5089609893730964,36.9436705528179,37.2818288867635,37.05798506802679,14.0,20.0,36.0,-100,0.0,0.0,0.0,0.0,0.0,0.0,0.0,0.0,0.0,0.0
2026-06-09 14:34:01,-0.4843850637684497,2.3324275593342634,-0.171069025647816,1.3501525700052852,2.6574461267774483,1.5236115278460973,2.8271792919985774,0.9912218937002573,36.83990552937897,36.92853517508195,37.02703857888006,14.0,20.0,36.0,-53.7,0.0,0.0,0.0,0.0,0.0,0.0,0.0,0.0,0.0,0.0
2026-06-09 14:34:02,2.9021025581730147,0.42407525850067795,-0.3483150178580452,0.21933599379552593,0.2736936113684174,0.6870452843647996,-0.13954522273108694,-1.7256230960062746,36.668353716609744,37.30834112074321,37.07429342566785,14.0,20.0,36.0,-1.7,0.0,0.0,0.0,0.0,0.0,0.0,0.0,0.0,0.0,0.0
2026-06-09 14:34:04,2.3483628037343793,-0.0685409148768068,-2.0482165104453998,1.2892786320130103,1.1998264247062487,-1.108581204900854,-1.6882446357011358,1.4804462063284722,36.64533079933459,36.90995641444896,37.235749800169245,14.0,20.0,36.0,53.3,0.0,0.0,0.0,0.0,0.0,0.0,0.0,0.0,0.0,0.0
2026-06-09 14:34:05,1.8944937982819479,-1.8337666069396343,-2.173591552343912,-2.7877964713691554,-2.730533437264274,1.5813068699070865,-0.3474385703978289,0.5969370498605073,36.60030268704945,37.16354193743792,37.17574581730151,14.0,20.0,36.0,104.2,0.0,0.0,0.0,0.0,0.0,0.0,0.0,0.0,0.0,0.0
2026-06-09 14:34:07,-0.9012855672638027,0.7569601216904838,-0.5289551598957898,0.5617001171052411,1.5604742350204273,2.5758150858925815,2.369805346889253,0.23635164081265803,37.08596163095441,37.151597436823565,37.09021791500659,14.0,20.0,36.0,-3.4,0.0,0.0,0.0,0.0,0.0,0.0,0.0,0.0,0.0,0.0
2026-06-09 14:34:08,2.7871296276007875,-2.101703691745871,-1.064146544163456,-2.1282964476819375,1.6837400271525498,-1.5399379790382866,1.584730837983944,0.259574281345734,36.52839313269588,37.34554290771819,36.96948168184778,14.0,20.0,36.0,81.9,0.0,0.0,0.0,0.0,0.0,0.0,0.0,0.0,0.0,0.0
2026-06-09 14:34:09,0.9582426060282745,1.6253220109179702,1.2101852828473225,-0.2704056694553607,1.2923144278944072,-2.0083152075206807,2.7974822457573802,-1.5242720585058562,36.656568827640115,37.34820250213313,37.09119952979699,14.0,20.0,36.0,-72.9,0.0,0.0,0.0,0.0,0.0,0.0,0.0,0.0,0.0,0.0
2026-06-09 14:34:10,1.2488000691963368,-2.26803944803632,-1.577244265065362,0.008182377871372992,-1.2361643674545588,1.2414882163403833,-2.452126542268792,2.3840764675390593,36.753676273352575,37.20108387791185,37.18284300414865,14.0,20.0,36.0,98.8,0.0,0.0,0.0,0.0,0.0,0.0,0.0,0.0,0.0,0.0
2026-06-09 14:34:11,-2.5040833952700154,1.749590154295717,-0.26030530850953326,1.4968576930206305,1.962265671083907,-2.9303618348894385,0.3827605414785529,2.0962858041860652,36.51571029790567,37.29174568203689,37.06625466650053,14.0,20.0,36.0,-39.8,0.0,0.0,0.0,0.0,0.0,0.0,0.0,0.0,0.0,0.0
2026-06-09 14:34:12,2.5123481227172,-2.559625321833885,2.272714311199831,0.4875783857604361,0.9504879425205033,2.070427479891995,2.790175333197043,0.3936247394171355,36.7587665457231,37.35556458290552,36.8832415937848,14.0,20.0,36.0,9.8,0.0,0.0,0.0,0.0,0.0,0.0,0.0,0.0,0.0,0.0
2026-06-09 14:34:14,1.8736504752823215,-0.8466466679670663,1.4677152838774772,0.48070739697365816,2.596439468481279,-0.9152828413214849,2.2521512276242914,-2.47239183093487,36.71189439652985,37.31981367516767,36.771528825854666,14.0,20.0,36.0,-15.4,0.0,0.0,0.0,0.0,0.0,0.0,0.0,0.0,0.0,0.0
2026-06-09 14:34:15,-1.9620085164280918,-0.716188885957374,0.22715624508443977,1.6516949898995303,-1.5855077034247453,2.953461538673473,2.5000123256790108,-0.4116780406133116,37.01323782312218,36.98859094193509,37.150556986135754,14.0,20.0,36.0,15.4,0.0,0.0,0.0,0.0,0.0,0.0,0.0,0.0,0.0,0.0
2026-06-09 14:34:16,-2.4291266065601067,1.4565128975859984,-1.7755543556938216,-1.299038232597718,-0.25469439780696446,0.8144009028969732,-2.110851267957849,0.7776781341889918,36.50121312659738,36.87503316149739,36.92200982749393,14.0,20.0,36.0,7.6,0.0,0.0,0.0,0.0,0.0,0.0,0.0,0.0,0.0,0.0
2026-06-09 14:34:17,2.4043758356187457,-0.2622642834037361,1.932176843402467,-1.8124487117296955,-1.6420234364742776,-2.561378409439501,-0.5812689703113207,-2.243768709797193,36.84474033066849,37.357416675574314,37.03472128220647,14.0,20.0,36.0,-44.8,0.0,0.0,0.0,0.0,0.0,0.0,0.0,0.0,0.0,0.0
2026-06-09 14:34:18,0.39394453434525367,-2.28521498634586,-0.6702182622452106,2.777941253145416,0.5518531761611021,-1.811719771839789,-1.0834371462554189,-2.1629892510109627,37.02274359666581,37.0478502552497,36.775030213527785,14.0,20.0,36.0,75.0,0.0,0.0,0.0,0.0,0.0,0.0,0.0,0.0,0.0,0.0
2026-06-09 14:34:19,2.67991886609655,2.448347724194875,2.0814343815642573,-0.0016671255960480913,-2.3112050576815855,2.2615693826357814,2.714047903208244,-0.6227222184363082,36.89642680188161,37.31917074050482,36.86220915097964,14.0,20.0,36.0,-100,0.0,0.0,0.0,0.0,0.0,0.0,0.0,0.0,0.0,0.0
2026-06-09 14:34:21,1.9912181029261724,-2.377431263737554,2.059831535327432,1.9806035976634053,-0.6974477084288457,2.8390861673724226,2.55123400509937,-1.129836660272202,36.71906664926356,37.29285731189129,36.96265070436494,14.0,20.0,36.0,10.9,0.0,0.0,0.0,0.0,0.0,0.0,0.0,0.0,0.0,0.0
2026-06-09 14:34:22,0.9048173578076608,-0.8462674564566015,1.143198154069328,1.798288037442883,-2.251551604453387,-2.6388165757223616,-0.8880345218797809,1.612264373353396,36.85016541331264,37.01416407905002,37.112705377620465,14.0,20.0,36.0,-9.4,0.0,0.0,0.0,0.0,0.0,0.0,0.0,0.0,0.0,0.0
2026-06-09 14:34:23,0.3942520938945391,0.43693567760343033,1.604590576642055,-0.6838250138387996,0.8835392546094449,-1.6288939660087878,-2.975262369855514,2.279131844904942,36.93070534346572,37.184715932884465,36.899381253416045,14.0,20.0,36.0,-55.1,0.0,0.0,0.0,0.0,0.0,0.0,0.0,0.0,0.0,0.0
2026-06-09 14:34:24,-2.382524550759197,-2.4058916520568685,1.6578550161411671,1.201959432152103,-2.5023058901939885,0.9818223616621626,-1.1203504915400708,-0.6598586772163086,37.08327509501148,37.3142967958349,37.23148098262833,14.0,20.0,36.0,19.3,0.0,0.0,0.0,0.0,0.0,0.0,0.0,0.0,0.0,0.0
2026-06-09 14:34:26,-0.9948038977635827,0.4407905689685059,0.36754438471785056,1.9397393703957206,0.5746648183869758,-0.16712360318179176,0.5387593690591728,0.9023226142672769,36.963269426253675,37.055509944421466,36.925923853139636,14.0,20.0,36.0,-20.7,0.0,0.0,0.0,0.0,0.0,0.0,0.0,0.0,0.0,0.0
2026-06-09 14:34:27,1.8624812760865819,0.18396640673888243,1.734581718358914,0.10309018595725039,-1.133083537635179,1.0970945562777157,1.489591024367673,2.076725235454675,36.79316048626996,36.894137798602294,36.95628240744322,14.0,20.0,36.0,-48.3,0.0,0.0,0.0,0.0,0.0,0.0,0.0,0.0,0.0,0.0
2026-06-09 14:34:28,2.642054153578579,1.753391626529087,1.7268161429491187,-0.27686354345695374,2.9800870959398598,0.6971371391209038,-2.010066649771395,-1.7979270792819186,36.70158053005791,37.14970701182798,36.76278347153409,14.0,20.0,36.0,-90.6,0.0,0.0,0.0,0.0,0.0,0.0,0.0,0.0,0.0,0.0
2026-06-09 14:34:30,-0.3842113110342562,-0.182813655921775,-2.0683712378332317,-0.8649663647062198,0.9622556801720417,2.6488094034025034,1.1787346617502443,1.5864132514067109,37.04701482190074,37.137867092493636,36.85871762367585,14.0,20.0,36.0,60.1,0.0,0.0,0.0,0.0,0.0,0.0,0.0,0.0,0.0,0.0
2026-06-09 14:34:31,-2.5830586646255687,-2.3070606591953187,1.1129357002843303,2.20847566380216,-2.008032434337694,-2.075308587704572,0.9079831469116098,-2.274242558799693,37.0310341768794,37.31690707767101,37.01889518650789,14.0,20.0,36.0,30.3,0.0,0.0,0.0,0.0,0.0,0.0,0.0,0.0,0.0,0.0
2026-06-09 14:34:32,2.0115632897585307,1.3693009309223267,0.9620030100689534,0.8884850794179799,-1.7646300523293106,0.6496171954759355,1.4008630042977277,-0.7271689627360489,36.550055173122004,37.193305609803694,36.94425346467816,14.0,20.0,36.0,-59.3,0.0,0.0,0.0,0.0,0.0,0.0,0.0,0.0,0.0,0.0
2026-06-09 14:34:33,-1.1047247175865025,-0.7261735890067396,2.3952781166451125,1.0402317367749179,2.174349272716939,-0.946482790714537,-1.0896822356490283,-1.3474005209899986,36.51212878819899,36.99878330149777,36.91279058772394,14.0,20.0,36.0,-44.2,0.0,0.0,0.0,0.0,0.0,0.0,0.0,0.0,0.0,0.0
2026-06-09 14:34:34,1.7545235586498213,-1.0964978950674922,-1.6869808367288788,-1.5471849810387195,0.1285887687074343,-0.1388303427748543,-0.9813886796751126,-1.3947537256261622,36.82773845237154,36.817924596824895,36.79927969602418,14.0,20.0,36.0,71.4,0.0,0.0,0.0,0.0,0.0,0.0,0.0,0.0,0.0,0.0
2026-06-09 14:34:35,-1.9646031828751942,2.5555958209682395,2.4810729792080757,0.6404054149311564,2.5982097889448896,1.370120656489017,0.22797011632995723,-0.813705826816431,36.63411785209853,37.161252241862684,37.23945879640746,14.0,20.0,36.0,-100,0.0,0.0,0.0,0.0,0.0,0.0,0.0,0.0,0.0,0.0
2026-06-09 14:34:36,-2.73347775717596,-1.4111160147019963,1.5816930012147319,-2.8433162344264646,-1.7762099062600192,-0.17619126105657168,-0.7441381307106472,-1.1956855131838409,36.723293565598155,37.132300334095454,36.92521666691108,14.0,20.0,36.0,-4.9,0.0,0.0,0.0,0.0,0.0,0.0,0.0,0.0,0.0,0.0
2026-06-09 14:34:37,1.2484315029832604,2.711329209639308,2.944898436823612,-2.0245662787922454,-0.652491903084981,-0.0594074528081987,2.9552394531474917,-2.6149641423382852,36.9301573034649,37.02273168915488,36.811502423207294,14.0,20.0,36.0,-100,0.0,0.0,0.0,0.0,0.0,0.0,0.0,0.0,0.0,0.0
2026-06-09 14:34:38,-0.1951602712558973,-0.9014424099054326,0.3440558770676496,0.422878490417669,0.750265303752486,-1.1762660869476527,0.9914799399558927,-0.18038122705787707,36.85380752711967,37.247183432910646,37.00001303465216,14.0,20.0,36.0,14.3,0.0,0.0,0.0,0.0,0.0,0.0,0.0,0.0,0.0,0.0
2026-06-09 14:34:39,-2.012526990009312,-1.7989738455577537,-1.3099320507067909,-2.0218386791707514,1.8880722156771474,1.9977986302347412,-1.2057744879345402,-0.4961936898981403,36.63590147892367,37.16841310963714,36.79860966662996,14.0,20.0,36.0,80.8,0.0,0.0,0.0,0.0,0.0,0.0,0.0,0.0,0.0,0.0
2026-06-09 14:34:41,-1.2609129515522497,-0.39138711738756715,1.8949553475043253,-0.616915436204434,-1.8027258469819973,0.615151113431748,-2.8897572899658575,1.0138008834102656,36.58464449825431,37.359313954234864,36.87062758804818,14.0,20.0,36.0,-40.0,0.0,0.0,0.0,0.0,0.0,0.0,0.0,0.0,0.0,0.0
2026-06-09 14:34:42,1.0703051767134717,0.778902819623478,2.006994882557171,-1.884426708512334,-2.2617449129051437,2.4922666900877584,2.3893223128868097,0.2640527166620288,36.86135751478367,37.33184527939509,36.88941027827113,14.0,20.0,36.0,-69.6,0.0,0.0,0.0,0.0,0.0,0.0,0.0,0.0,0.0,0.0
2026-06-09 14:34:43,-0.7912340866633527,-2.430885263170697,-2.4229577908672186,-0.6131262601841119,0.24844693206436608,1.3423544029775698,-1.3791105755543775,1.9532722492836356,36.97680284553795,37.29046460023794,36.833300843131305,14.0,20.0,36.0,125.5,0.0,0.0,0.0,0.0,0.0,0.0,0.0,0.0,0.0,0.0
2026-06-09 14:34:44,1.7331076265563556,-1.535190388102321,-2.1121722004863814,2.1758103985687276,0.0648916671657318,-2.6756391735392357,0.9359884180705356,-2.973957509342096,36.98007686495418,37.305441490052075,36.85517697305746,14.0,20.0,36.0,93.4,0.0,0.0,0.0,0.0,0.0,0.0,0.0,0.0,0.0,0.0
2026-06-09 14:34:46,0.5558588734076544,2.460033225659725,1.6068544747733364,-0.7053628098383804,1.42217545961711,-1.1692614241241321,0.47128274226015066,-1.5112831440156738,36.65775985552021,37.05020116001836,36.74013034946341,14.0,20.0,36.0,-100,0.0,0.0,0.0,0.0,0.0,0.0,0.0,0.0,0.0,0.0
2026-06-09 14:34:47,-1.73801397015397,-2.8243476602108997,2.126147607588196,-0.4861368143271898,-0.5017745196066694,-1.9780698427657422,-1.5954908255437041,0.10383594745112301,36.58655714708072,37.3096732362638,36.91974427659719,14.0,20.0,36.0,16.3,0.0,0.0,0.0,0.0,0.0,0.0,0.0,0.0,0.0,0.0
2026-06-09 14:34:49,-2.5663746351035215,2.7041406011639513,-0.18779573124189408,-1.8723466082820348,-1.870018037896902,-2.564556697120791,-2.1529041637998443,1.02559074244531,36.7139828912609,37.185660336722044,37.20844101160503,14.0,20.0,36.0,-67.4,0.0,0.0,0.0,0.0,0.0,0.0,0.0,0.0,0.0,0.0
2026-06-09 14:34:50,-1.3917799985690904,-2.7390271978072587,-0.5873321059150918,-1.3530750220983925,-1.4339612218014277,1.0081454878702019,2.9945964014507576,-0.47501108494248445,36.68186368448629,37.221463237126464,37.19810714638899,14.0,20.0,36.0,88.0,0.0,0.0,0.0,0.0,0.0,0.0,0.0,0.0,0.0,0.0
2026-06-09 14:34:51,-0.3280238401843012,0.341586260546932,1.409215356766568,-2.541233583502967,-1.4326030111608328,1.7177096786483936,0.06515526464259924,-0.600120462652086,36.64521887982963,36.92592479068767,36.99453612262657,14.0,20.0,36.0,-44.4,0.0,0.0,0.0,0.0,0.0,0.0,0.0,0.0,0.0,0.0
2026-06-09 14:34:52,1.1731412755781818,0.12863278439236403,2.351461541807101,-0.6726919109646285,0.2839692017608879,1.708845422167255,-1.4095489270716215,-1.5578302385528306,36.6452839465453,37.25099277336144,37.02446376533501,14.0,20.0,36.0,-64.0,0.0,0.0,0.0,0.0,0.0,0.0,0.0,0.0,0.0,0.0
2026-06-09 14:34:53,-2.4956771930335235,-1.0185702196025677,-2.4825297877198604,1.472194906749162,-0.8487999432284932,1.8034236346497963,1.3050024663842077,0.29231489472507377,36.99709279505244,36.855889516801625,37.1029154616476,14.0,20.0,36.0,92.1,0.0,0.0,0.0,0.0,0.0,0.0,0.0,0.0,0.0,0.0
2026-06-09 14:34:55,2.0886417684922254,-1.6642721987062288,2.9581369485931654,1.0027228204483754,-1.0142476498158173,2.9923016919155216,-2.7502627231856094,2.730639553076296,36.57885058698508,37.12860905829809,37.24217319666302,14.0,20.0,36.0,-33.3,0.0,0.0,0.0,0.0,0.0,0.0,0.0,0.0,0.0,0.0
2026-06-09 14:34:56,-0.7587987634677451,0.3638465381728313,-1.3803307066645956,-1.3458391264175043,-1.3068811470151454,-0.10172738467691111,-1.594229509704429,2.1326361710847985,36.715327287003795,36.90161977391116,37.08131499037029,14.0,20.0,36.0,25.4,0.0,0.0,0.0,0.0,0.0,0.0,0.0,0.0,0.0,0.0
2026-06-09 14:34:57,-1.4678611712400056,-0.2538760560743505,1.6347693552797251,-0.9621165911994263,-2.0285739345123384,1.1763066590283469,1.0385707654624268,2.9200411547724823,36.73222152767797,36.85798007063388,36.88249542623084,14.0,20.0,36.0,-34.6,0.0,0.0,0.0,0.0,0.0,0.0,0.0,0.0,0.0,0.0
2026-06-09 14:34:58,0.11658695917494999,2.4478990513481484,0.740314480229971,2.2525755305078023,-2.925175214981472,1.6300258875498574,-2.274194584723875,-0.07783893772042383,36.71744773884375,36.824771317247865,37.002283168494216,14.0,20.0,36.0,-82.8,0.0,0.0,0.0,0.0,0.0,0.0,0.0,0.0,0.0,0.0
2026-06-09 14:35:00,1.6625530583882426,0.18602439739358623,0.5559402824339355,-2.030721590370331,2.22219241216799,-2.388533813617818,2.746900990643381,-2.577320954581875,36.767708803803494,36.83496726289741,37.11861849397881,14.0,20.0,36.0,-19.0,0.0,0.0,0.0,0.0,0.0,0.0,0.0,0.0,0.0,0.0
2026-06-09 14:35:01,2.521693535010934,-0.1062622538029947,0.9853470087116705,1.1839598287683675,2.9385130578745473,-0.5599373055500365,-2.843928859116878,2.0275862261398636,36.64572008723078,37.09287177361763,36.97276674568137,14.0,20.0,36.0,-24.4,0.0,0.0,0.0,0.0,0.0,0.0,0.0,0.0,0.0,0.0
2026-06-09 14:35:02,-2.547935596603286,-0.6538267046228277,-2.753050578565728,-2.447653165110774,0.6061865297508691,-0.277064077420933,1.3862074809180829,0.15779605052337597,37.091522075792476,37.1691193270151,36.986414098613196,14.0,20.0,36.0,88.6,0.0,0.0,0.0,0.0,0.0,0.0,0.0,0.0,0.0,0.0
2026-06-09 14:35:03,1.3356509333859954,-0.15882820885116677,-2.4195907638488343,0.06664155823647722,-0.8939249613215892,0.1360547705449875,-0.33111411988257267,1.3283832464928356,36.76500626728166,36.966744063173714,36.7929778314705,14.0,20.0,36.0,66.6,0.0,0.0,0.0,0.0,0.0,0.0,0.0,0.0,0.0,0.0
2026-06-09 14:35:04,1.9030545758315363,-2.4179012065337426,2.277216069825955,-2.0105762041017687,-2.613994508569472,-2.458763522625075,-0.505354388181722,-1.8376828197977153,36.661026768717775,37.32137155998183,37.00609914660084,14.0,20.0,36.0,2.2,0.0,0.0,0.0,0.0,0.0,0.0,0.0,0.0,0.0,0.0
2026-06-09 14:35:05,-1.5151029822207234,2.6018762550736607,-2.5873814924568572,-1.8889724541417094,1.9617028569143313,1.1344378159530324,-2.0534297755174227,2.2796740680571155,36.65821921328703,37.2031599133874,37.25504104548236,14.0,20.0,36.0,-0.8,0.0,0.0,0.0,0.0,0.0,0.0,0.0,0.0,0.0,0.0
2026-06-09 14:35:06,2.7091272418114984,2.213181303148146,-2.8056437626153254,2.398268519900105,1.3735779510274098,2.6998352175230433,1.6227513636375672,-1.3860195268637858,37.064963638295055,37.30855339836491,36.80682139124095,14.0,20.0,36.0,17.5,0.0,0.0,0.0,0.0,0.0,0.0,0.0,0.0,0.0,0.0
2026-06-09 14:35:07,2.6116423084443117,-2.5076791989285505,0.09560975432700092,0.16691875144144452,2.9672673387543727,1.4119774547502377,-1.9039402200438162,1.423043042865329,37.00544297129491,36.94473234382712,36.87985615709847,14.0,20.0,36.0,62.1,0.0,0.0,0.0,0.0,0.0,0.0,0.0,0.0,0.0,0.0
2026-06-09 14:35:09,-2.0120860157536007,-2.1827511521792013,-0.4424387260683953,0.4053436369195653,1.3876635341421943,0.3344168533626046,-2.2775836655728083,-0.7104012443316909,37.01808723655916,37.33432068381494,37.21307660142745,14.0,20.0,36.0,66.9,0.0,0.0,0.0,0.0,0.0,0.0,0.0,0.0,0.0,0.0
2026-06-09 14:35:10,-1.7984567155367694,2.2901101806845547,-0.24379257709164381,-0.4883112192427137,1.9942326553133514,1.2089505746678988,-1.2240109296216268,1.2766714619978305,36.526540334676596,37.298801225747205,37.095943601367786,14.0,20.0,36.0,-52.9,0.0,0.0,0.0,0.0,0.0,0.0,0.0,0.0,0.0,0.0
2026-06-09 14:35:11,-0.5157084054032754,-2.9859303344837005,2.8615693961597914,-2.282167902263301,2.1648269777890903,-1.8629520525769,-0.02732063612059532,0.5190117387738264,36.894718524635856,37.00430298095647,36.861335656067546,14.0,20.0,36.0,2.3,0.0,0.0,0.0,0.0,0.0,0.0,0.0,0.0,0.0,0.0
2026-06-09 14:35:12,-2.2913359254895727,0.1084943422351543,2.375891137929493,1.3228932912941644,-0.6757648754829351,2.7300820456156965,-0.5661502435369652,-0.7785778801450514,36.70971712993553,37.109749253469346,37.26921354830095,14.0,20.0,36.0,-63.2,0.0,0.0,0.0,0.0,0.0,0.0,0.0,0.0,0.0,0.0
2026-06-09 14:35:14,-1.9837185914065516,1.0546491219781222,-0.9008822864737587,-0.40877894378861956,-0.7405074018294426,-2.8226624463417065,-2.606980817464727,-2.528123068060262,36.690283499544655,37.28978094958752,36.81364333319541,14.0,20.0,36.0,-6.7,0.0,0.0,0.0,0.0,0.0,0.0,0.0,0.0,0.0,0.0
2026-06-09 14:35:15,1.3644551406843153,0.7221950486450011,-0.7577940613774188,-0.25674810743183585,-1.7520210179661757,1.7653384224359723,-2.6408070217106934,1.7175622366783507,36.594679565852594,37.23230990802558,37.04531265529656,14.0,20.0,36.0,0.5,0.0,0.0,0.0,0.0,0.0,0.0,0.0,0.0,0.0,0.0
2026-06-09 14:35:16,-0.3814795832696145,2.787032953311039,-2.555310634241744,-0.7603314277496427,0.3557500151391717,0.5819671985431012,0.6742414353643911,2.743914229304771,36.58462455714654,36.91773158442108,36.75548899627898,14.0,20.0,36.0,-5.4,0.0,0.0,0.0,0.0,0.0,0.0,0.0,0.0,0.0,0.0
2026-06-09 14:35:17,-0.0917264925664365,-0.6278856414792684,-2.8313508407973407,2.1345421831130196,2.1327139390320466,0.432005519422332,0.5931307232691436,-1.5575987589644553,37.054629682956396,37.09560758185703,36.745039327277794,14.0,20.0,36.0,90.0,0.0,0.0,0.0,0.0,0.0,0.0,0.0,0.0,0.0,0.0
2026-06-09 14:35:18,2.2258140716111496,-1.4118273605943792,2.8484636405370374,-2.682761845648129,-0.7151462436882539,-1.170554807900028,-1.3672089864073702,2.4366274659146683,36.85649904497793,36.806947034293735,37.108775937550746,14.0,20.0,36.0,-38.4,0.0,0.0,0.0,0.0,0.0,0.0,0.0,0.0,0.0,0.0
2026-06-09 14:35:20,1.4584089119775836,-2.3330906303666428,0.4185117641493443,0.916788989158591,-2.182911140417859,-2.6263322790367107,0.33159201652940284,2.1924114153065215,36.86861773596121,36.97235998708379,37.00694654495879,14.0,20.0,36.0,48.4,0.0,0.0,0.0,0.0,0.0,0.0,0.0,0.0,0.0,0.0
2026-06-09 14:35:21,0.27295857943697444,1.8370986729252845,2.4419578444044703,-2.2573109900314785,-1.9325449627358529,-2.626724554914399,-1.1857142440654864,-0.9618391220733908,36.659117910595725,36.90456328407684,36.744695978239236,14.0,20.0,36.0,-100,0.0,0.0,0.0,0.0,0.0,0.0,0.0,0.0,0.0,0.0
2026-06-09 14:35:22,-1.9452169386180824,2.2727484706112584,-1.139622970951887,2.958109820797091,-1.0986081676818384,0.2966252340534252,-1.6741481088119516,-2.3779290192884788,37.011531813965085,37.377966288796024,36.91217307385614,14.0,20.0,36.0,-30.0,0.0,0.0,0.0,0.0,0.0,0.0,0.0,0.0,0.0,0.0
2026-06-09 14:35:24,2.2726376428391095,0.9209486429060139,0.05172411679774447,2.6850922996311244,2.5709301432490115,2.491459880081237,1.3790866790791032,-0.8188581268571973,37.05002107933932,37.078637940793605,36.71314904194845,14.0,20.0,36.0,-23.2,0.0,0.0,0.0,0.0,0.0,0.0,0.0,0.0,0.0,0.0
2026-06-09 14:35:25,-0.934402401289451,0.2722965000734314,0.6123812061414964,-1.0477737232669164,-1.4831406577838129,2.151690482390471,0.2516352056572373,0.19058291483490652,36.61843989673814,36.8307062400586,37.27715128998298,14.0,20.0,36.0,-21.7,0.0,0.0,0.0,0.0,0.0,0.0,0.0,0.0,0.0,0.0
2026-06-09 14:35:26,0.8926568326820434,-2.7139382635199825,-2.259732727069506,-2.034484776392033,-0.08179761196361923,-1.14829464294383,0.042530909969712205,2.5278902816615894,36.60768804581893,37.27777953277021,36.72419411515224,14.0,20.0,36.0,128.1,0.0,0.0,0.0,0.0,0.0,0.0,0.0,0.0,0.0,0.0
2026-06-09 14:35:28,-0.71943420699488,-1.4901598193872354,-2.001732102829801,-1.0419498167593135,-1.4684058409531073,-2.2276201380589438,2.0736518027339743,1.1627174879312854,36.72877118470114,37.08336139372977,37.01914387586652,14.0,20.0,36.0,90.2,0.0,0.0,0.0,0.0,0.0,0.0,0.0,0.0,0.0,0.0
2026-06-09 14:35:29,1.956952259571458,-0.6037935593106316,-0.2710063645870102,0.0861638255592676,0.40650506048079205,1.4026568030337323,1.007003322869278,-2.3039186586487483,37.07855129941019,36.937117266141684,36.867148126708,14.0,20.0,36.0,23.8,0.0,0.0,0.0,0.0,0.0,0.0,0.0,0.0,0.0,0.0
2026-06-09 14:35:30,-1.4062949076151392,-0.27755769875775194,-1.0024413834065085,-0.08075488848209122,0.9312210061063344,0.9122564561994309,-2.0552551998113717,-2.8149068989893173,37.05821098640272,37.19800911555666,36.89952200618799,14.0,20.0,36.0,32.5,0.0,0.0,0.0,0.0,0.0,0.0,0.0,0.0,0.0,0.0
2026-06-09 14:35:32,2.6261670464990123,-0.6647465510375605,2.889728908471369,-1.311606776798252,2.63476500218668,-0.18543808243891924,2.314392568435598,-2.3528770066604063,36.999228663132996,36.87427680304733,37.13477192656693,14.0,20.0,36.0,-56.5,0.0,0.0,0.0,0.0,0.0,0.0,0.0,0.0,0.0,0.0
2026-06-09 14:35:33,2.448035457160211,1.6700814540874918,-2.9412061392553013,-1.2830290806985771,-0.08733486590459894,-2.285840751490253,-0.8200037690684265,0.7889159593054695,36.98997027254619,36.93999217484473,36.78346361954358,14.0,20.0,36.0,31.3,0.0,0.0,0.0,0.0,0.0,0.0,0.0,0.0,0.0,0.0
2026-06-09 14:35:34,-2.548699225779592,-1.3087305068539987,-1.9594773157685115,-2.504811137529352,0.5772345633864666,0.9036835995442818,2.9944640947713923,1.733341467197846,36.97978366078533,37.27984547670933,36.78442055661406,14.0,20.0,36.0,86.5,0.0,0.0,0.0,0.0,0.0,0.0,0.0,0.0,0.0,0.0
2026-06-09 14:35:35,2.1899762243642806,1.8007694878980018,1.136862228853209,-2.3731898665311104,0.7080244543966736,-2.895862288264606,0.8119139720121438,1.4684390650670842,36.940951345727434,37.12647617532362,37.04973365188887,14.0,20.0,36.0,-77.0,0.0,0.0,0.0,0.0,0.0,0.0,0.0,0.0,0.0,0.0
2026-06-09 14:35:36,1.786271270003751,2.0563784269667327,1.4794572867478024,-0.7692180959916115,-0.8012089678796426,2.521136576689125,-0.9471019244007346,-2.6741179291349138,36.6407505136866,36.95716991932038,37.02884159753167,14.0,20.0,36.0,-90.6,0.0,0.0,0.0,0.0,0.0,0.0,0.0,0.0,0.0,0.0
2026-06-09 14:35:37,-1.1274055926032103,1.7903327984032567,1.805980734905889,-2.1727448913172145,0.8800530133577329,0.7857812439448577,-0.6644036396380151,2.9752492791956566,36.9390803436334,37.251970186480705,37.05671443142573,14.0,20.0,36.0,-92.9,0.0,0.0,0.0,0.0,0.0,0.0,0.0,0.0,0.0,0.0
2026-06-09 14:35:39,2.5592224196691866,-2.4646810570421134,-0.38295230700255845,1.1986434734215825,1.7956109635173192,1.3698861030923446,-0.6791885521560777,-1.7470631275815922,36.67972883822425,37.003762402282646,37.12064951208955,14.0,20.0,36.0,74.0,0.0,0.0,0.0,0.0,0.0,0.0,0.0,0.0,0.0,0.0
2026-06-09 14:35:40,0.5420478961633233,1.8184856723716347,-2.551342350011442,-2.270303193293841,1.5215782289026727,2.324676814341358,2.430131080760326,-0.3655680981872891,36.88288462583589,37.196094106056584,36.75938928705731,14.0,20.0,36.0,21.3,0.0,0.0,0.0,0.0,0.0,0.0,0.0,0.0,0.0,0.0
2026-06-09 14:35:41,0.30851093050737877,1.6570416017410903,-0.6149121219817006,-0.17861362586243068,2.093106494609346,-1.1514908630539806,1.095935732032796,-1.9900606142067672,36.921789360660654,37.08595781086989,37.13187978555125,14.0,20.0,36.0,-27.0,0.0,0.0,0.0,0.0,0.0,0.0,0.0,0.0,0.0,0.0
2026-06-09 14:35:43,0.9296278609429072,-0.8620931440455717,0.23607106357884433,2.0401019726564256,-1.4627736802056142,-0.07966838772943996,2.295303272235575,2.0642434652452204,36.77042056836197,37.32573895597796,37.009615525714445,14.0,20.0,36.0,17.3,0.0,0.0,0.0,0.0,0.0,0.0,0.0,0.0,0.0,0.0
2026-06-09 14:35:44,0.11660851611702272,-2.749545386593338,1.0581880867069158,-1.2873837352759858,1.9064535829917766,0.21928916803112308,2.132087269543659,-2.9768475870561266,36.60627655818179,37.02363937386105,37.207156839910056,14.0,20.0,36.0,44.9,0.0,0.0,0.0,0.0,0.0,0.0,0.0,0.0,0.0,0.0
2026-06-09 14:35:45,1.3257739638858084,-1.1378455753458705,-2.177405546466105,1.6046859131243414,2.9109568545985107,2.2821693902338964,1.2520752670426685,-2.642616223294537,36.71293359429863,37.01056516441325,37.22915927533831,14.0,20.0,36.0,87.5,0.0,0.0,0.0,0.0,0.0,0.0,0.0,0.0,0.0,0.0
2026-06-09 14:35:46,2.177185331286829,0.272410325447066,-2.452368670370134,0.7152259176031901,0.1296291072279061,-1.3582590928701768,-0.7631029721999267,-0.9386875818985265,36.90580014905155,36.88818821200677,36.901781770610214,14.0,20.0,36.0,55.3,0.0,0.0,0.0,0.0,0.0,0.0,0.0,0.0,0.0,0.0
2026-06-09 14:35:47,0.024918316317208422,0.5643721535001851,-2.2023021072228155,-2.6148367282143616,2.425102137150705,-0.19309785164664817,2.266051156435015,2.457131079675217,36.98599260594201,37.129635590075736,36.98083780891806,14.0,20.0,36.0,43.4,0.0,0.0,0.0,0.0,0.0,0.0,0.0,0.0,0.0,0.0
2026-06-09 14:35:49,-2.7987587884585183,0.3954617953298101,2.0387357862290223,-1.3240826201020872,1.4507444486989325,2.8620711639767267,-1.1028830786397488,-1.7538007502840316,36.67944035733635,37.36670979157408,36.96524648913545,14.0,20.0,36.0,-62.1,0.0,0.0,0.0,0.0,0.0,0.0,0.0,0.0,0.0,0.0
2026-06-09 14:35:50,0.6897244895137193,0.12937505890026557,2.513361391303409,-0.4309531585659596,-1.7924986351112744,0.16546108075703936,-0.37634168654483613,-2.4815053907444673,36.858976481256896,37.23343813136914,36.97139387816767,14.0,20.0,36.0,-68.4,0.0,0.0,0.0,0.0,0.0,0.0,0.0,0.0,0.0,0.0
2026-06-09 14:35:51,-0.4808668142626127,1.110401597954267,2.140147641758004,-1.6619039691078152,-1.9995332909364012,0.22842205921522396,0.975944958741175,2.024976790649607,36.89095281125037,37.032681623404294,37.09982711505308,14.0,20.0,36.0,-83.4,0.0,0.0,0.0,0.0,0.0,0.0,0.0,0.0,0.0,0.0
2026-06-09 14:35:53,-1.4924962743167443,2.9806094728511905,-2.82335666023441,-1.5288171095570207,1.516377528280418,-2.966822960755313,2.565902527646969,-1.9735709423492442,36.87330130073525,37.186217818352674,36.95719421600055,14.0,20.0,36.0,-4.3,0.0,0.0,0.0,0.0,0.0,0.0,0.0,0.0,0.0,0.0
2026-06-09 14:35:54,-0.7696070687902568,1.6484754621040931,-0.8545659874655156,-1.0782394706076694,-1.4521507569745813,0.6609918651476607,2.4535503537424566,-0.08034231681140946,37.01614620730777,37.15700174050852,37.10322005436623,14.0,20.0,36.0,-19.0,0.0,0.0,0.0,0.0,0.0,0.0,0.0,0.0,0.0,0.0
2026-06-09 14:35:55,1.0102620828450428,0.4360892270932806,0.5559380973325254,-2.7545964891245887,-0.7778495492640882,0.7295735765714064,-2.5575868566270277,1.4394406136091682,37.00794044129759,37.15537671312779,36.78551020406373,14.0,20.0,36.0,-26.6,0.0,0.0,0.0,0.0,0.0,0.0,0.0,0.0,0.0,0.0
2026-06-09 14:35:56,-0.8455227311269065,-2.4417612927694354,1.7919297253903412,0.3197218366408361,0.07236303296039903,2.2482137875971784,0.9499377981738331,0.8974593310648524,36.59762470028563,37.09398923207142,36.78724294181374,14.0,20.0,36.0,18.4,0.0,0.0,0.0,0.0,0.0,0.0,0.0,0.0,0.0,0.0
2026-06-09 14:35:58,-1.7374721739140824,-0.8009673523202219,-1.54928144987401,-2.922956546193584,1.7556068239249845,1.9069736562692174,-2.0843084105594785,-2.098315881035032,36.75086703756022,37.050005070184426,36.71757518176616,14.0,20.0,36.0,60.7,0.0,0.0,0.0,0.0,0.0,0.0,0.0,0.0,0.0,0.0
2026-06-09 14:35:59,-1.6878075775015868,-2.627886919988061,-1.1395857347218956,-2.2783797601771365,-2.6514397515898827,2.7401194872268206,2.4450086534742512,1.7432860371196455,36.899493082680706,37.38925548117464,36.71720384065493,14.0,20.0,36.0,100.0,0.0,0.0,0.0,0.0,0.0,0.0,0.0,0.0,0.0,0.0
2026-06-09 14:36:00,-2.689039699805326,-0.588540744778169,-2.263750002735292,2.6412484636488784,-2.21121400180061,2.3765668926872268,0.14443193848206715,2.9170587420556977,37.00994657941726,37.11942768973311,36.74410209226563,14.0,20.0,36.0,75.0,0.0,0.0,0.0,0.0,0.0,0.0,0.0,0.0,0.0,0.0
2026-06-09 14:36:02,-2.444563839283818,2.9374766625376107,0.1271875197905441,-0.08149573399743382,-1.441127999163365,-0.0023291617356617778,-0.5787434445105264,-2.818134698143146,36.93720960631878,37.02683823848119,37.08002831911025,14.0,20.0,36.0,-79.5,0.0,0.0,0.0,0.0,0.0,0.0,0.0,0.0,0.0,0.0
2026-06-09 14:36:03,-2.26864307110965,-1.7989697973215708,-2.9241570283458804,2.3113883757594715,-2.4857052760783853,1.1684407151564136,0.386708184923541,1.4558394843122882,36.7542447103606,37.11713219818691,37.00627572500166,14.0,20.0,36.0,122.9,0.0,0.0,0.0,0.0,0.0,0.0,0.0,0.0,0.0,0.0
2026-06-09 14:36:04,1.4696537763152184,-1.1458201639799048,-0.6575769849976889,-0.8158606727397588,0.12179573713771319,-1.4416749849306285,1.0935150730334229,0.145496044108405,36.533033052804534,37.27521441757003,37.13437070107231,14.0,20.0,36.0,46.5,0.0,0.0,0.0,0.0,0.0,0.0,0.0,0.0,0.0,0.0
2026-06-09 14:36:05,0.8416598782585654,-1.036200046801296,2.494800482694922,2.5578774851592385,0.5127283093833577,2.8666771868184533,0.2833495487961035,2.575567164165774,36.65191614751133,37.308210169399935,37.01275633061113,14.0,20.0,36.0,-36.1,0.0,0.0,0.0,0.0,0.0,0.0,0.0,0.0,0.0,0.0
2026-06-09 14:36:06,1.6509928097724842,0.2942608860771916,2.8988667654658418,-0.16219320402387272,1.8876551753712487,-2.7795058252210936,-0.49788593445325,1.2218563312856023,36.97674951475221,37.01290216592242,36.838941641603284,14.0,20.0,36.0,-84.2,0.0,0.0,0.0,0.0,0.0,0.0,0.0,0.0,0.0,0.0
2026-06-09 14:36:07,1.8556570598354059,-0.7685381888698553,0.6241796693574431,1.315097506740294,-0.5434698866097913,-2.298978873077272,-2.5192865554756487,0.9227269363016131,36.78401670041182,36.87237885871908,36.91637076753276,14.0,20.0,36.0,1.3,0.0,0.0,0.0,0.0,0.0,0.0,0.0,0.0,0.0,0.0
2026-06-09 14:36:09,-2.7275555047197084,-0.3286488726038028,1.0950956763978539,0.30475854900698085,-0.7439571353163288,-0.8158341772924675,1.347085027478263,-1.4073548272814598,36.887574964048305,37.29283288562487,37.047730607205445,14.0,20.0,36.0,-19.6,0.0,0.0,0.0,0.0,0.0,0.0,0.0,0.0,0.0,0.0
2026-06-09 14:36:10,-0.26008824915449535,0.4479392967474638,-0.09183903640129731,-2.8133004774438994,0.049177349437262485,-1.6165105315505928,1.116740274057772,-0.12548763521445494,37.06031120058202,37.07132438865921,37.04503108038029,14.0,20.0,36.0,-9.5,0.0,0.0,0.0,0.0,0.0,0.0,0.0,0.0,0.0,0.0
2026-06-09 14:36:11,-1.8721860410902083,-0.9318209416216447,0.23316008297716584,-1.8433211482303697,1.5245772956412944,1.7372913867774535,-2.078128787974849,-0.24209831189709252,36.58258959171304,36.98069371303902,37.17505302735065,14.0,20.0,36.0,17.9,0.0,0.0,0.0,0.0,0.0,0.0,0.0,0.0,0.0,0.0
2026-06-09 14:36:12,2.1221894829928694,-2.1908607238502222,-2.1020769822871372,-0.7083061999360525,-0.508583341634183,2.088047081644101,1.583495081096829,-1.5264077847974664,36.562264217361644,37.27474522058728,36.77072334468103,14.0,20.0,36.0,112.8,0.0,0.0,0.0,0.0,0.0,0.0,0.0,0.0,0.0,0.0
2026-06-09 14:36:13,-2.419288753391207,2.526673185272969,-2.2556816003257625,1.605261355814621,-1.26437762414388,1.8335318248060668,2.0918089264245605,2.8235257429465594,36.861743274474165,37.04398693950041,36.99403330100795,14.0,20.0,36.0,-5.0,0.0,0.0,0.0,0.0,0.0,0.0,0.0,0.0,0.0,0.0
2026-06-09 14:36:14,1.1682207449559519,0.34713978874347795,1.5004966263067967,1.1316616776934154,-1.1797386579992177,2.068352593041962,1.0900448271230125,-2.4498368391628382,36.77127286941116,37.3017545816983,36.962878810645186,14.0,20.0,36.0,-46.2,0.0,0.0,0.0,0.0,0.0,0.0,0.0,0.0,0.0,0.0
2026-06-09 14:36:16,-1.0102109922615257,-2.3669643946892345,2.571371826852051,2.260663479090617,-0.618419116778997,0.03523819088214086,-0.04534766592491346,2.0816806012452282,37.0391951564618,37.06655172272737,36.91424937802101,14.0,20.0,36.0,-5.3,0.0,0.0,0.0,0.0,0.0,0.0,0.0,0.0,0.0,0.0
2026-06-09 14:36:17,-1.6490133731913492,0.7894988216832024,2.608272735704986,2.4637263592862126,-2.139732170436295,-2.3168161043318927,2.0059749496622734,-2.0232838694485644,36.5114819217532,37.33578011256872,36.72514587211568,14.0,20.0,36.0,-88.0,0.0,0.0,0.0,0.0,0.0,0.0,0.0,0.0,0.0,0.0
2026-06-09 14:36:19,-1.159590108962591,1.0829901298025373,-1.8955509141302502,-1.8030368567267292,1.3123920884175497,-2.7852437321980106,-0.6072652200843729,-1.335737888323592,36.54624647692113,37.34194426021742,37.220293228748744,14.0,20.0,36.0,19.3,0.0,0.0,0.0,0.0,0.0,0.0,0.0,0.0,0.0,0.0
2026-06-09 14:36:20,0.43710611447419145,0.8168726991713111,-2.90501768046547,-0.267444897624431,2.8178259329862794,-1.047694286672971,2.0623485102661885,0.49549572265897135,36.9728829172888,37.00618644157807,37.29102472833017,14.0,20.0,36.0,54.5,0.0,0.0,0.0,0.0,0.0,0.0,0.0,0.0,0.0,0.0
2026-06-09 14:36:21,-2.5105121831221897,-0.5622599076440076,-2.8509409096552814,0.29028940220818633,-0.5284931760918061,-2.671672206424656,-2.3199197330444337,2.279654737785391,36.69399763059938,37.337718104265505,37.1731862290347,14.0,20.0,36.0,85.8,0.0,0.0,0.0,0.0,0.0,0.0,0.0,0.0,0.0,0.0
2026-06-09 14:36:23,0.22733886843412154,-2.816291043181975,0.14966470307548496,1.4336408935804599,-0.6697290747733975,-1.2666185489977448,-0.4770538807101925,1.0368074866715435,37.04446443727906,37.17185743886231,37.252578442070245,14.0,20.0,36.0,68.1,0.0,0.0,0.0,0.0,0.0,0.0,0.0,0.0,0.0,0.0
2026-06-09 14:36:24,-0.13915487518484237,0.8346637101396372,1.3985991262140471,2.031947037150034,-1.9924190872917062,-0.739529544433382,-1.2066049741541829,2.036802990588498,36.94175088680204,36.828199339860895,36.888727772361925,14.0,20.0,36.0,-58.7,0.0,0.0,0.0,0.0,0.0,0.0,0.0,0.0,0.0,0.0
2026-06-09 14:36:25,-2.015658036690987,-0.6645195165473714,-0.7381718698241073,2.3941804799452306,0.42144421868894266,0.9017684873319163,2.8562590112472908,1.8868766306891693,37.078304499239636,36.85866147090383,37.127571445204495,14.0,20.0,36.0,38.1,0.0,0.0,0.0,0.0,0.0,0.0,0.0,0.0,0.0,0.0
2026-06-09 14:36:26,-2.53128665423474,-1.5853676981993556,2.077755045469141,-2.6497140086049686,1.9973858569731409,-2.3569794928985233,-2.557645370936309,-2.869569246679088,36.96478714834918,36.908851453724246,37.16544026210136,14.0,20.0,36.0,-15.2,0.0,0.0,0.0,0.0,0.0,0.0,0.0,0.0,0.0,0.0
2026-06-09 14:36:28,-0.5048880249603362,0.33636888046500335,2.069252567598701,-2.580188179220401,1.2107075679588553,-2.2655294540191218,1.8498078478161517,-0.26551779378741536,36.789889415762566,37.36471025974037,37.190485772788655,14.0,20.0,36.0,-62.4,0.0,0.0,0.0,0.0,0.0,0.0,0.0,0.0,0.0,0.0
2026-06-09 14:36:29,-2.1399054985041612,-0.1659126226882739,2.433809123092379,-1.0325776308619217,-1.9034335912239053,-1.5860471088299095,-2.389173068873667,2.8707947281273736,36.973886417378594,36.949342082349204,37.27928858110297,14.0,20.0,36.0,-60.6,0.0,0.0,0.0,0.0,0.0,0.0,0.0,0.0,0.0,0.0
2026-06-09 14:36:30,1.249698482747812,-0.9103787149590672,-0.07721880739987297,-1.5192381211154562,-1.2560730322004614,2.843703642427414,1.1578466183987208,-1.0651316537089586,36.72369280287372,37.167211289506625,36.72948305859662,14.0,20.0,36.0,27.5,0.0,0.0,0.0,0.0,0.0,0.0,0.0,0.0,0.0,0.0
2026-06-09 14:36:32,2.7578737841937944,-0.6903688686887861,0.1468420791027656,2.6384784800011127,-1.011827792935716,-2.7607334053464303,2.6233051195826933,0.8127200366180545,36.681359422270496,37.388674292706774,36.988810563109915,14.0,20.0,36.0,14.0,0.0,0.0,0.0,0.0,0.0,0.0,0.0,0.0,0.0,0.0
2026-06-09 14:36:33,-2.235975115081776,-0.1602889750465737,0.13701286830464898,0.23711694074443468,-1.3176701136293012,-0.6670826556139078,-0.41575677268169065,-2.896427298387783,36.722114240947164,37.04262127875627,36.76015745884714,14.0,20.0,36.0,0.1,0.0,0.0,0.0,0.0,0.0,0.0,0.0,0.0,0.0,0.0
2026-06-09 14:36:34,2.8394116715104936,2.7682723673190583,0.34891293767013076,-0.16387479171007246,2.277448772547439,1.59221688808727,0.7940724394857464,-2.0158438076286425,36.914222645235995,37.00911523682706,36.83013925388935,14.0,20.0,36.0,-79.4,0.0,0.0,0.0,0.0,0.0,0.0,0.0,0.0,0.0,0.0
2026-06-09 14:36:36,1.1170294426899083,-0.3033161862552891,2.964404058943259,-1.4304691129288443,-2.751283224385164,1.468347418773222,-2.84107831711509,-0.6115369300269249,36.873870948082896,37.29083906138319,36.83631607537885,14.0,20.0,36.0,-69.5,0.0,0.0,0.0,0.0,0.0,0.0,0.0,0.0,0.0,0.0
2026-06-09 14:36:37,-2.591438734345624,0.8332997904352508,-1.0354751734869405,0.830466841082032,-2.861884627989795,-2.355691989526047,-2.6862672043300586,-1.9028583159889074,36.77135960465684,37.013765309452424,37.24657934317299,14.0,20.0,36.0,2.7,0.0,0.0,0.0,0.0,0.0,0.0,0.0,0.0,0.0,0.0
2026-06-09 14:36:38,-0.5251842334318297,0.4307793774780797,0.641801337986065,-0.35289366475209505,2.644873920945667,-1.1176118727226039,2.4324462248454246,2.164074253057663,36.950329042514014,36.84901883210218,36.78981303993045,14.0,20.0,36.0,-27.1,0.0,0.0,0.0,0.0,0.0,0.0,0.0,0.0,0.0,0.0
2026-06-09 14:36:39,-2.307260137523607,-2.8560908556536573,-0.9870726065718647,0.7108088226882616,-1.0177025359868896,2.691458558276497,1.5360630610607249,1.3977776922417418,36.85025737801326,37.27646526053506,36.99083766596584,14.0,20.0,36.0,101.5,0.0,0.0,0.0,0.0,0.0,0.0,0.0,0.0,0.0,0.0
2026-06-09 14:36:41,-0.31992471608169026,-2.124306705662919,-2.7292828713912103,-0.35695834380041536,-1.5011160761243136,1.9588631838046622,-0.3945225662726628,-1.907832718092419,36.93706119825925,36.92683026880514,37.169920230768845,14.0,20.0,36.0,126.3,0.0,0.0,0.0,0.0,0.0,0.0,0.0,0.0,0.0,0.0
2026-06-09 14:36:42,2.0455818672918245,-0.9253904851079744,-2.2025866016913187,2.3688332732286934,0.243122164240825,-0.22383464198430714,0.8791042500115265,-2.1000808834600733,37.08554208926819,37.388110163249266,37.242686030914584,14.0,20.0,36.0,81.2,0.0,0.0,0.0,0.0,0.0,0.0,0.0,0.0,0.0,0.0
2026-06-09 14:36:43,-1.8000700761194348,0.6780938381442612,2.5323174246904037,0.42922680494896515,1.1054436844253708,2.5363661273092486,1.070932158954717,2.6616597791617957,36.7443082888625,36.80923177057891,37.15181475379847,14.0,20.0,36.0,-81.2,0.0,0.0,0.0,0.0,0.0,0.0,0.0,0.0,0.0,0.0
2026-06-09 14:36:45,-0.6242776228464111,2.165264353780226,2.213247460878497,-1.3022232753183551,-0.6027544445669193,1.3956706728641635,-1.64807935085884,1.0678587652109446,36.53086908894307,36.81135115579163,36.896359641930225,14.0,20.0,36.0,-100,0.0,0.0,0.0,0.0,0.0,0.0,0.0,0.0,0.0,0.0
2026-06-09 14:36:46,-1.9428413818720063,-1.2100835415613946,-1.9227041625575854,0.9023562581756073,1.1412395679461467,-2.5950899372249787,-1.2555857929800225,-1.5137983447857781,36.70419086106536,36.88157905535471,36.77198047140145,14.0,20.0,36.0,79.1,0.0,0.0,0.0,0.0,0.0,0.0,0.0,0.0,0.0,0.0
2026-06-09 14:36:47,2.6228582760110744,2.233596214851067,1.4376240604501085,1.2628631830726738,-0.8718723047497474,2.246807579786104,0.02124981084663702,2.758914867375661,36.82587303957603,37.39246156202254,37.110255000882,14.0,20.0,36.0,-93.8,0.0,0.0,0.0,0.0,0.0,0.0,0.0,0.0,0.0,0.0
2026-06-09 14:36:49,1.4318060891964883,-1.0947673167696366,2.9420803043461543,1.6875392194360552,-1.152439146559491,1.2501943848325707,1.3303340745145764,0.07700239683005172,36.93652934245862,37.08704688573355,36.919018474417264,14.0,20.0,36.0,-46.5,0.0,0.0,0.0,0.0,0.0,0.0,0.0,0.0,0.0,0.0
2026-06-09 14:36:50,-0.34216591626362725,-1.2955454885879722,0.7310108197834246,-2.1215942459623687,-1.056155863639472,2.6652180844560016,2.143489588869537,-2.244045901919332,36.696828673549334,37.188168649108405,37.10953466361513,14.0,20.0,36.0,17.0,0.0,0.0,0.0,0.0,0.0,0.0,0.0,0.0,0.0,0.0
2026-06-09 14:36:51,-0.06589161202290583,-1.6891278377051375,-0.4196013107028964,2.608719747326571,0.10836417986986335,2.5784439878992664,-1.310728441068015,-2.8644534312520777,36.93460217137216,37.044719159800486,36.79015519888422,14.0,20.0,36.0,55.2,0.0,0.0,0.0,0.0,0.0,0.0,0.0,0.0,0.0,0.0
2026-06-09 14:36:52,-2.9244214461800775,2.2780292024618127,-0.7589345299886219,-2.272288783599101,-0.7861527866692306,1.0312660332094872,-1.5375192432245104,-1.408414935461052,37.07046966805736,37.036566489179904,36.796600188675136,14.0,20.0,36.0,-39.5,0.0,0.0,0.0,0.0,0.0,0.0,0.0,0.0,0.0,0.0
2026-06-09 14:36:53,-1.738030935236437,1.7282698499392444,1.7395650048284041,0.31654816272140884,2.930641945154223,-0.48116879639798693,-2.4364909824342673,2.8991224828378757,36.52311084885486,37.25992838972336,37.03406124074137,14.0,20.0,36.0,-91.1,0.0,0.0,0.0,0.0,0.0,0.0,0.0,0.0,0.0,0.0
2026-06-09 14:36:55,-2.4263700805890736,-2.4484442711020655,2.185566355098522,-2.782329445206274,-0.933430834565049,-1.7820132877459132,-0.8892608824178558,-0.8217246176609625,36.794753780767266,36.96308595107608,36.94829682659169,14.0,20.0,36.0,5.5,0.0,0.0,0.0,0.0,0.0,0.0,0.0,0.0,0.0,0.0
2026-06-09 14:36:56,-2.4949746785618108,-1.1719326141108988,-1.8317768127395984,0.8244585111110823,1.150932673215511,0.2337814572637127,-2.143012541114114,-1.166265509067682,37.06895945004386,37.36787676807953,36.901225849746425,14.0,20.0,36.0,76.7,0.0,0.0,0.0,0.0,0.0,0.0,0.0,0.0,0.0,0.0
2026-06-09 14:36:57,-0.4316873163446284,2.963057936615554,0.15561597245897918,-1.1879717725522918,1.018895510687476,1.8650568630324917,-0.24315000220327931,1.389612708705254,36.89832492500598,37.08506653821329,37.03548061231712,14.0,20.0,36.0,-79.8,0.0,0.0,0.0,0.0,0.0,0.0,0.0,0.0,0.0,0.0
2026-06-09 14:36:58,-1.9424577732108352,-0.8846610828556516,2.809267719555846,-1.611126290150152,-0.7494339016008054,1.488431261461102,0.5469654752626907,2.462348048549889,36.937781416374946,37.14394407549735,36.7205037056128,14.0,20.0,36.0,-48.7,0.0,0.0,0.0,0.0,0.0,0.0,0.0,0.0,0.0,0.0
2026-06-09 14:37:00,-0.6105694074213321,1.236200166816496,0.17321035717660482,-0.670843310645628,2.7621666861897127,-0.28995888833431227,-1.0807361403950149,-0.7173151561909585,37.07015740571379,37.05210650741979,36.80705527367812,14.0,20.0,36.0,-37.1,0.0,0.0,0.0,0.0,0.0,0.0,0.0,0.0,0.0,0.0
2026-06-09 14:37:01,1.8164784092366464,-0.5840814778948804,-1.4262426639206505,-2.532596897345856,1.9521026438536628,-1.9763600847285687,2.6087896349834194,1.3373037594910002,37.0663270316573,37.00828661882867,36.78541174991414,14.0,20.0,36.0,52.3,0.0,0.0,0.0,0.0,0.0,0.0,0.0,0.0,0.0,0.0
2026-06-09 14:37:02,2.34420618829885,-0.7854193501074511,-0.8486367468828995,2.699262750656578,2.6048221599141597,-0.9082267889776743,-2.496938491463621,-2.529886053261264,37.03695621327233,37.29012770772193,36.80277834014293,14.0,20.0,36.0,40.6,0.0,0.0,0.0,0.0,0.0,0.0,0.0,0.0,0.0,0.0
2026-06-09 14:37:03,-1.5999051691918742,2.7368428947163226,1.3012150201131671,-0.48209301068140853,-0.0971910216445222,2.6214792433417964,2.5673921923082847,2.4241365324157353,37.094882914788926,37.231617270810354,37.141845298523,14.0,20.0,36.0,-100,0.0,0.0,0.0,0.0,0.0,0.0,0.0,0.0,0.0,0.0
2026-06-09 14:37:05,1.376710933383543,2.4395265736038496,-1.931528678461205,1.4622878764041047,-2.172128506635705,2.238968567957765,1.453972969483786,-0.44897429449657,36.74484000575826,37.00686904672458,36.74077218610854,14.0,20.0,36.0,-11.3,0.0,0.0,0.0,0.0,0.0,0.0,0.0,0.0,0.0,0.0
2026-06-09 14:37:06,-2.683138826269637,-2.297607607982813,-0.08959840011290154,-0.2238156401758875,-2.4744216209610324,-1.7851298128180741,0.5823156253498958,-1.1895003354473601,36.650877918466115,37.15938075751987,36.96226122935597,14.0,20.0,36.0,61.1,0.0,0.0,0.0,0.0,0.0,0.0,0.0,0.0,0.0,0.0
2026-06-09 14:37:08,-2.992094021104153,-2.3359804978537646,-0.6855248428588929,-0.6848398976547285,0.9294207938802832,0.4422017567122709,-2.57423972743679,2.3556449721170525,36.54816626597578,37.08425596100765,37.078024305791196,14.0,20.0,36.0,77.1,0.0,0.0,0.0,0.0,0.0,0.0,0.0,0.0,0.0,0.0
2026-06-09 14:37:09,0.9291138739473146,1.2657849149644758,1.6783180728102192,1.776377051645035,-0.6678251871316667,0.9445361338569191,-0.4041455917691259,-0.7660551215441416,36.61002768409158,36.997209265706466,37.02991343356112,14.0,20.0,36.0,-75.9,0.0,0.0,0.0,0.0,0.0,0.0,0.0,0.0,0.0,0.0
2026-06-09 14:37:10,-2.627866207794473,1.9040270224928912,0.804477249277082,-1.2383932976460204,0.20138069568144212,2.1952423151986045,2.493522953343481,0.6223458186501647,36.57318280979026,36.80690079368616,36.759797592279725,14.0,20.0,36.0,-67.7,0.0,0.0,0.0,0.0,0.0,0.0,0.0,0.0,0.0,0.0
2026-06-09 14:37:12,1.88204333803768,-0.0617967079268098,1.7097258475969515,-0.6431668964920969,2.733133872669118,2.9804098743026026,-1.834587921675871,-0.6100604039448494,37.055336172306056,37.29578009182047,37.09263845782915,14.0,20.0,36.0,-42.0,0.0,0.0,0.0,0.0,0.0,0.0,0.0,0.0,0.0,0.0
2026-06-09 14:37:13,1.2790906412465777,1.348024842371272,-1.495902765222961,-0.17780119061275101,-1.288139769750652,-2.7572119798639134,-2.411339816833159,-1.8903388747671337,37.07303847890049,37.140335425947356,37.17082109238306,14.0,20.0,36.0,1.2,0.0,0.0,0.0,0.0,0.0,0.0,0.0,0.0,0.0,0.0
2026-06-09 14:37:14,0.16312200647682928,-2.3575517967461637,0.9331558268461855,0.7780476391222853,1.6408506670148677,-0.21046116349278865,-2.8274664589663763,1.3330537909743514,36.84956393000566,37.34825577531305,36.90958827064037,14.0,20.0,36.0,35.3,0.0,0.0,0.0,0.0,0.0,0.0,0.0,0.0,0.0,0.0
2026-06-09 14:37:15,-1.7904679300974025,-0.7866416691411384,0.7962706695137722,-1.3944305460590305,0.8487588806999442,1.2411710045468016,2.860326733614902,-2.8994924603788386,37.08667048134536,37.00678544367857,36.724449501391035,14.0,20.0,36.0,1.8,0.0,0.0,0.0,0.0,0.0,0.0,0.0,0.0,0.0,0.0
2026-06-09 14:37:16,-0.03469350807014315,-0.5569752306871338,2.006810282182766,0.31250977207261954,-1.7849275884178595,-2.569259420970313,-1.870591563207647,-0.6962618825909086,37.08747368599677,37.365608078779196,36.89766189926606,14.0,20.0,36.0,-39.7,0.0,0.0,0.0,0.0,0.0,0.0,0.0,0.0,0.0,0.0
2026-06-09 14:37:18,2.799875892419924,2.0642612306576567,-1.7776957433929619,-2.3141570041492665,0.49682754667527096,2.079573620131886,0.3498271108111948,-2.3806390251051943,36.670712101151906,37.1904160261876,36.829861534394254,14.0,20.0,36.0,-6.2,0.0,0.0,0.0,0.0,0.0,0.0,0.0,0.0,0.0,0.0
2026-06-09 14:37:19,1.6783751643917206,0.7264444884526751,-1.7602156494529368,1.342907061163066,-2.4758645596919493,2.741119604365606,-1.7206547828611511,2.417511384361381,37.02159758113128,36.800031376739,36.85464636485653,14.0,20.0,36.0,27.2,0.0,0.0,0.0,0.0,0.0,0.0,0.0,0.0,0.0,0.0
2026-06-09 14:37:20,-1.2312775697306204,1.298596232423213,0.664383597224814,2.165612174645612,2.081001934244325,-0.8158949652462235,-2.894048163845272,-0.6705838139200182,36.79098162516444,36.97752739029641,36.989047976496586,14.0,20.0,36.0,-52.6,0.0,0.0,0.0,0.0,0.0,0.0,0.0,0.0,0.0,0.0
2026-06-09 14:37:21,2.7817451200155974,-1.670926369959184,2.6389647228570485,-0.09475673639507587,1.3189391691737207,0.08708621549868267,0.6317519975015742,-2.459618407251316,36.85055463018311,37.27499776989997,36.73785546290446,14.0,20.0,36.0,-24.7,0.0,0.0,0.0,0.0,0.0,0.0,0.0,0.0,0.0,0.0
2026-06-09 14:37:23,-0.999864482262935,2.832536887331629,-1.7984024581967246,-2.7002808806171035,0.4164468889427879,-0.7677023198492194,0.9921952209350109,-2.8422997478858565,36.83148720162768,37.11322726886071,37.13433307408484,14.0,20.0,36.0,-26.6,0.0,0.0,0.0,0.0,0.0,0.0,0.0,0.0,0.0,0.0
2026-06-09 14:37:24,-2.290911070770939,-1.5811950971036755,-2.6375927349678037,2.779055440196789,0.025863435355499398,-0.49741135118365865,-0.3854691828288104,-0.8153646064815421,37.07572788847241,37.02132102342742,36.84295225362719,14.0,20.0,36.0,108.6,0.0,0.0,0.0,0.0,0.0,0.0,0.0,0.0,0.0,0.0
2026-06-09 14:37:26,0.8888359927558014,0.9826867624177931,-2.3255265473944196,0.7691828643020187,-0.9283408146965426,-1.3805213848538223,2.552999861915146,-2.7773721959205453,37.03911950579973,37.15108779348517,37.22710862459191,14.0,20.0,36.0,35.3,0.0,0.0,0.0,0.0,0.0,0.0,0.0,0.0,0.0,0.0
2026-06-09 14:37:27,-1.3193637807835326,2.1252017772598704,2.9203863670806083,-0.3120366797314569,1.4705203407338523,-2.55717805866055,2.368471305180824,2.4155333207901233,36.570230842822575,36.921340165402704,37.14911773347627,14.0,20.0,36.0,-100,0.0,0.0,0.0,0.0,0.0,0.0,0.0,0.0,0.0,0.0
2026-06-09 14:37:28,-2.984768206065531,2.616867335079803,-0.1107580856012369,-1.3522032837579518,1.0718892855084352,-2.2888240466084984,-1.3348997346571965,-0.3004092351796963,36.83039111850556,36.95379040333519,36.77636788343201,14.0,20.0,36.0,-66.6,0.0,0.0,0.0,0.0,0.0,0.0,0.0,0.0,0.0,0.0
2026-06-09 14:37:29,0.242360106642435,2.276455634715152,-1.469151796569361,2.9277660796492295,-2.9183177452023026,-1.3167796051189402,-2.185390980337856,-2.07421156280682,37.049656727689324,37.11717945479191,36.917452497969535,14.0,20.0,36.0,-22.6,0.0,0.0,0.0,0.0,0.0,0.0,0.0,0.0,0.0,0.0
2026-06-09 14:37:30,-2.363722551715293,-1.4671613441901552,0.8922241000115898,0.9763260160459439,-0.6759425194886162,-0.06243846612484827,2.1901582000420206,-1.6218092099139707,36.84085611090963,36.88895573964343,37.22193412271354,14.0,20.0,36.0,15.9,0.0,0.0,0.0,0.0,0.0,0.0,0.0,0.0,0.0,0.0
2026-06-09 14:37:31,1.3694664986142993,-1.2290625358655465,-1.005435104380894,-1.9552286205722267,-2.8007391748742094,-0.8699250456295546,-0.7865252180908584,0.1483059876805033,36.71135541481981,37.21521848592766,37.005043038938,14.0,20.0,36.0,57.0,0.0,0.0,0.0,0.0,0.0,0.0,0.0,0.0,0.0,0.0
2026-06-09 14:37:33,2.124561726255875,-2.5539314359898344,2.006782043990386,-0.5581733505537931,-0.1857683299599171,-2.191090648199312,1.6198585245557062,1.7439710964869697,37.09493598769909,37.253021102283746,36.97116816622192,14.0,20.0,36.0,13.9,0.0,0.0,0.0,0.0,0.0,0.0,0.0,0.0,0.0,0.0
2026-06-09 14:37:34,1.4289195815491524,-2.143255900229989,1.0456976694575584,1.3754639075969486,-0.3189589285640677,-1.8414402871160542,0.35814195422317274,-2.2430504335120087,36.69765739310891,37.12079385936986,36.72506681472726,14.0,20.0,36.0,27.6,0.0,0.0,0.0,0.0,0.0,0.0,0.0,0.0,0.0,0.0
2026-06-09 14:37:36,-1.2085068174333333,-1.8723890844992084,-1.0399623425832945,-2.219529905826888,1.8319188667899482,1.4964383393221077,0.09552381578937563,-1.1781571053778892,37.09328047799721,36.82584662292135,36.72147680280594,14.0,20.0,36.0,76.1,0.0,0.0,0.0,0.0,0.0,0.0,0.0,0.0,0.0,0.0
2026-06-09 14:37:37,-1.0787156161126574,0.8234077941556914,0.697903566013033,1.5394880678689589,2.636536314164628,-1.0802100216774682,2.264557706755679,-0.24629798030131944,36.518969462922136,36.96994187560419,37.05881204632141,14.0,20.0,36.0,-38.7,0.0,0.0,0.0,0.0,0.0,0.0,0.0,0.0,0.0,0.0
2026-06-09 14:37:38,-2.6446472679973207,-0.13595003548706153,-2.3507934547188816,2.2856580437906038,1.8243708513262433,-2.95884826543283,-1.6164998854944168,2.896280548124709,36.94687379950171,37.19598706451035,36.97141533211903,14.0,20.0,36.0,62.0,0.0,0.0,0.0,0.0,0.0,0.0,0.0,0.0,0.0,0.0
2026-06-09 14:37:40,-2.7653613554077157,0.3816327022603998,-0.4403458205405233,-0.030244980413648648,0.741645494003432,-0.9823507848664566,-1.1390004985158777,-0.8576478138045323,36.71618987135168,37.36559686826975,36.938896705748974,14.0,20.0,36.0,0.5,0.0,0.0,0.0,0.0,0.0,0.0,0.0,0.0,0.0,0.0
2026-06-09 14:37:41,-2.7496558127322217,-1.2656896543290945,2.3081522008729554,-1.770637452824695,2.3403527977659637,-0.10536475880599294,-1.2562154406286525,-0.42967187638483795,36.95057024610504,36.82791119697594,37.04345577340429,14.0,20.0,36.0,-27.6,0.0,0.0,0.0,0.0,0.0,0.0,0.0,0.0,0.0,0.0
2026-06-09 14:37:42,-0.42915307501412503,0.7388302765035997,-1.4187232243298855,0.10096140308779189,-0.015735332832083948,0.4032928484879781,-1.2498452082904008,-2.4780487954989985,37.02813984008573,37.30979891394873,37.06820495629474,14.0,20.0,36.0,17.2,0.0,0.0,0.0,0.0,0.0,0.0,0.0,0.0,0.0,0.0
2026-06-09 14:37:44,-2.2189103560830397,2.0312781530522663,2.269848000195827,2.3554194173420866,0.33463027912706256,-0.32923685080294085,-2.4227715457498293,1.1493602322783403,36.99030360557213,36.878185378291505,37.270015514779686,14.0,20.0,36.0,-100,0.0,0.0,0.0,0.0,0.0,0.0,0.0,0.0,0.0,0.0
2026-06-09 14:37:45,-0.11792184317049781,2.3822939366315925,0.6832023592181544,0.17908461050468816,1.3644838105392996,-0.8973135382788309,0.7792532409357316,0.5600100998673696,36.917019053517976,37.129042753234906,37.06609527322511,14.0,20.0,36.0,-79.3,0.0,0.0,0.0,0.0,0.0,0.0,0.0,0.0,0.0,0.0
2026-06-09 14:37:46,2.0882640134898827,-0.8917452654505662,-2.7330711766634748,2.598423294269737,2.843266872128191,-1.8149784586243274,0.10442616116112635,-2.531241192827518,36.53534299771224,37.12023141932129,37.25586283472387,14.0,20.0,36.0,92.9,0.0,0.0,0.0,0.0,0.0,0.0,0.0,0.0,0.0,0.0
2026-06-09 14:37:47,-2.8055186508654075,-2.9790604391403406,-1.2876056494127224,2.2759493484113777,2.8427101737852727,0.056336227316603704,-2.2339454879047738,-1.487077824308521,36.51660338801729,36.989950221698315,37.12523958494212,14.0,20.0,36.0,109.2,0.0,0.0,0.0,0.0,0.0,0.0,0.0,0.0,0.0,0.0
2026-06-09 14:37:49,2.983500811860967,0.3579425189622176,2.735881502774215,0.060035037544406755,2.3514067521261186,-0.6129067868109388,0.5883477110940261,1.467409459594311,36.840685369213055,37.136267332340935,37.07566838605167,14.0,20.0,36.0,-80.0,0.0,0.0,0.0,0.0,0.0,0.0,0.0,0.0,0.0,0.0
2026-06-09 14:37:50,-2.024439683018686,2.4475476986320697,1.3465579185957193,1.8803695026789171,0.5989938698596351,-0.6611948279853239,-0.47870386141209,-0.5153188221146614,36.59972228038635,37.0038575458205,37.147903982471654,14.0,20.0,36.0,-98.7,0.0,0.0,0.0,0.0,0.0,0.0,0.0,0.0,0.0,0.0
2026-06-09 14:37:52,-1.9423103721527986,1.598442752178201,0.672153468874285,-1.7173341081723952,-0.7548912891633934,-0.5037079102807454,-0.4712788523137057,-2.4249422047976372,36.97053016502171,37.10023127947281,37.289975291200356,14.0,20.0,36.0,-59.2,0.0,0.0,0.0,0.0,0.0,0.0,0.0,0.0,0.0,0.0
2026-06-09 14:37:53,1.145512199402777,1.03318999865039,2.8308833130848488,2.9963175700207403,0.04963394087128803,-2.5839457959202012,-2.3016201205290785,-0.5334564812129541,36.68223704440403,36.91064519035175,37.06952504949752,14.0,20.0,36.0,-100,0.0,0.0,0.0,0.0,0.0,0.0,0.0,0.0,0.0,0.0
2026-06-09 14:37:54,1.1501059453523288,1.50445274882106,0.2379030201359802,1.6592003911780182,0.38497184097276715,-2.461570896069755,-2.9567370446673786,1.8859659485314957,37.043348423392764,37.18511233880629,36.858545781121975,14.0,20.0,36.0,-47.8,0.0,0.0,0.0,0.0,0.0,0.0,0.0,0.0,0.0,0.0
2026-06-09 14:37:55,-0.1718387576012934,-1.1023063161906403,-0.11481168791031848,0.011475044191664452,-1.4681498887852145,0.5429133819526482,2.8585878534837317,-1.0754566250527775,36.97620622327452,36.93857317247913,37.188379749417585,14.0,20.0,36.0,33.2,0.0,0.0,0.0,0.0,0.0,0.0,0.0,0.0,0.0,0.0
2026-06-09 14:37:56,1.945180448025864,-2.6825421722828127,2.3059663445103062,1.9717165862393955,0.6186718971865153,0.6007424712629019,1.9246111211232844,1.8814497068586684,36.90172484255836,37.22827989235428,36.86267525823797,14.0,20.0,36.0,11.0,0.0,0.0,0.0,0.0,0.0,0.0,0.0,0.0,0.0,0.0
2026-06-09 14:37:57,0.4561186962671635,-0.2889623177451184,-2.624769600576803,1.6975633434426118,2.0993673793778322,1.6667814676576889,-1.850156809936733,0.19912871514677244,36.818518905256845,37.16506199628286,36.89755218059255,14.0,20.0,36.0,75.3,0.0,0.0,0.0,0.0,0.0,0.0,0.0,0.0,0.0,0.0
2026-06-09 14:37:59,-0.9759699226136482,1.2467956658664363,-1.550832521032652,1.082301319011746,1.066982559161362,0.5137805254071708,1.1741135110812317,-0.4723793322199219,37.07609531683692,37.08136142185705,37.26328680202033,14.0,20.0,36.0,8.7,0.0,0.0,0.0,0.0,0.0,0.0,0.0,0.0,0.0,0.0
2026-06-09 14:38:00,-1.2243114654319063,0.1347266819475781,2.672905397068382,-1.007222717978111,-1.7769571839458234,-2.204369062298723,2.3889343466886075,-2.5550971730926295,36.84716472965612,37.02769672243762,37.12120411459379,14.0,20.0,36.0,-72.5,0.0,0.0,0.0,0.0,0.0,0.0,0.0,0.0,0.0,0.0
2026-06-09 14:38:01,-0.372688115102358,-2.2980666065597726,0.40582912954422223,-0.47740420316260757,1.124516858711564,0.40148138654280174,1.0766404043512878,-2.536080205364226,36.90560298533093,37.32537773979966,37.29965103733641,14.0,20.0,36.0,49.7,0.0,0.0,0.0,0.0,0.0,0.0,0.0,0.0,0.0,0.0
2026-06-09 14:38:02,2.4575398498093737,-2.3477733890608006,-2.935457394196451,1.8377076830421704,-1.923137891017908,1.9532684979218597,2.9696388291752136,1.4228004161180863,36.68976489178251,37.191038475357274,37.10216432118156,14.0,20.0,36.0,139.1,0.0,0.0,0.0,0.0,0.0,0.0,0.0,0.0,0.0,0.0
2026-06-09 14:38:03,2.6661168713992573,-2.564129735717797,1.8136220415568873,-1.552573925015031,2.4294200327564184,1.6877379894606896,-2.9294609220726464,2.6018200407294447,36.83341322876829,37.32545668067443,37.29750108608183,14.0,20.0,36.0,18.8,0.0,0.0,0.0,0.0,0.0,0.0,0.0,0.0,0.0,0.0
2026-06-09 14:38:05,-1.4361754112346072,1.656062557900781,1.2471594710082163,1.7285297837820135,-1.8781945696789901,1.4007250068436523,2.349561904463653,-0.2774122945285562,36.804635695697534,37.06353167491378,37.02482663671687,14.0,20.0,36.0,-73.2,0.0,0.0,0.0,0.0,0.0,0.0,0.0,0.0,0.0,0.0
2026-06-09 14:38:06,-1.5715729989302454,-1.8875191160140896,-1.9314243197567422,2.6071090540774113,-1.7731146125106194,1.1552300966304179,2.907215455354131,1.2091495598039002,36.70523208935962,37.19578884763728,37.24056884267339,14.0,20.0,36.0,100.8,0.0,0.0,0.0,0.0,0.0,0.0,0.0,0.0,0.0,0.0
2026-06-09 14:38:07,0.8885239761593269,2.057148436563649,-0.6376967660376236,2.7128476348282415,-0.6265151993808522,-1.9607630789153057,0.4445048324374259,2.4575036056355604,36.660632922943414,37.180773600772895,37.216883854854416,14.0,20.0,36.0,-37.5,0.0,0.0,0.0,0.0,0.0,0.0,0.0,0.0,0.0,0.0
2026-06-09 14:38:08,-1.1570902217568286,-2.9278757600326237,-0.22991020411563712,-1.0742018583517328,-0.739880139487572,-2.734998420353871,-0.6157381289471342,-0.9228655853696321,36.96793986621437,36.9694800262191,37.20038894804849,14.0,20.0,36.0,80.0,0.0,0.0,0.0,0.0,0.0,0.0,0.0,0.0,0.0,0.0
2026-06-09 14:38:10,-2.392823391902385,-2.31232425499336,1.969581666487879,-1.868529439894808,0.5045153785125405,-1.4261852123894514,1.4490183000800805,0.40677153807840316,36.9650203293868,37.0864548814561,36.9589582866584,14.0,20.0,36.0,8.9,0.0,0.0,0.0,0.0,0.0,0.0,0.0,0.0,0.0,0.0
2026-06-09 14:38:11,-2.529938297523243,0.4780645482325596,1.5123075268417328,-2.4231245014249136,-1.7109760772135356,0.19550318168407665,-0.18889227224839322,-2.2755905125753033,36.84486632628478,37.06013598776127,37.03115229043838,14.0,20.0,36.0,-51.5,0.0,0.0,0.0,0.0,0.0,0.0,0.0,0.0,0.0,0.0
2026-06-09 14:38:12,-2.688076737083489,2.7968067667528294,2.340046129230508,-0.30358804538246265,-2.626170612281343,0.6428925838744228,1.1223084364034817,-0.6707615513444951,36.968856009549626,37.37227585657777,37.092876720645386,14.0,20.0,36.0,-100,0.0,0.0,0.0,0.0,0.0,0.0,0.0,0.0,0.0,0.0
2026-06-09 14:38:13,0.5467771939116988,-2.650794214965282,-0.928427729270406,-1.159354714732964,-1.503206873771401,2.7937831200140533,-0.0005967612218205076,-0.6397069042846386,36.92788195452125,36.983791834052774,37.197436393058396,14.0,20.0,36.0,93.9,0.0,0.0,0.0,0.0,0.0,0.0,0.0,0.0,0.0,0.0
2026-06-09 14:38:15,0.6208451745616488,-1.585292607000809,2.941034059537409,1.0779806496592172,2.787641207069159,2.7822920048492135,-0.45130103039155056,-1.942893280403045,36.58746986805188,36.900062530097934,36.805046919742864,14.0,20.0,36.0,-33.9,0.0,0.0,0.0,0.0,0.0,0.0,0.0,0.0,0.0,0.0
2026-06-09 14:38:16,2.9049225024585965,0.3211197058505859,0.1679228834209936,-0.7373305587078107,-2.2014296824027797,0.5176991679439844,-2.6183018223391006,-1.9427699049178009,36.51514583193548,37.13229530407176,37.07709501586322,14.0,20.0,36.0,-13.7,0.0,0.0,0.0,0.0,0.0,0.0,0.0,0.0,0.0,0.0
2026-06-09 14:38:17,2.711794491401827,0.5469001170411345,1.1688539534715021,-0.6374101107943151,0.3045109739166696,-1.2700574196513843,1.5962666642090388,1.4046239636024467,36.59034708682931,37.38680771248193,36.918651348905016,14.0,20.0,36.0,-44.2,0.0,0.0,0.0,0.0,0.0,0.0,0.0,0.0,0.0,0.0
2026-06-09 14:38:18,-2.0692403700476003,-1.1099005783560847,-1.462466034731603,0.9892442432361372,-0.5613044742755093,1.116776409131683,0.17916423907757695,-0.8906151996075247,36.50288044421016,37.33845441260989,36.862444286374426,14.0,20.0,36.0,67.2,0.0,0.0,0.0,0.0,0.0,0.0,0.0,0.0,0.0,0.0
2026-06-09 14:38:19,-2.929345819790207,0.28109990089429004,-0.7627147059551089,1.442297712782275,-2.1257323555392635,-2.9508044231060895,2.269959455651387,-2.8185664657439986,36.67722305359658,37.03881775954896,37.1510983323419,14.0,20.0,36.0,12.1,0.0,0.0,0.0,0.0,0.0,0.0,0.0,0.0,0.0,0.0
2026-06-09 14:38:20,1.071954548336688,2.162812903346607,1.0647665798313906,0.7659813934073263,-1.5727622713579508,-0.19819111366197983,-1.1796678684376058,-1.5617240546119648,37.074539878591104,37.32965196924529,37.15918557167584,14.0,20.0,36.0,-84.1,0.0,0.0,0.0,0.0,0.0,0.0,0.0,0.0,0.0,0.0
2026-06-09 14:38:21,-2.53152533435909,2.685967512258779,-2.5967217381882035,0.3078938721158906,0.5348641382270918,-1.1533294656814963,1.2677953776210868,-1.7779281401113618,36.601591138384386,37.34527239833493,36.71939039324862,14.0,20.0,36.0,-2.3,0.0,0.0,0.0,0.0,0.0,0.0,0.0,0.0,0.0,0.0
2026-06-09 14:38:23,1.7021105158334215,-0.7956017034745759,0.2747519260581388,-1.5282088633182715,-2.8461074166730578,-1.8117428679106162,1.4606230042156296,2.1726896854348645,36.90679521232198,36.91199417081385,36.91278184607293,14.0,20.0,36.0,13.3,0.0,0.0,0.0,0.0,0.0,0.0,0.0,0.0,0.0,0.0
2026-06-09 14:38:24,1.2244815025312983,0.6773077008602844,1.874775260960302,-0.8584548735970952,2.999013308709319,-2.688013524908386,1.0184561356985906,-2.3033098138786796,36.90697525681504,36.985572387372095,37.02494689872603,14.0,20.0,36.0,-66.8,0.0,0.0,0.0,0.0,0.0,0.0,0.0,0.0,0.0,0.0
2026-06-09 14:38:25,1.5085617784556282,0.9463656703325349,-0.5052141837127047,0.3374154338276796,1.667899847151368,2.7780373385990016,2.0599394373993896,-2.07495629856599,37.07249010080054,37.115944752355446,36.79647369248207,14.0,20.0,36.0,-9.0,0.0,0.0,0.0,0.0,0.0,0.0,0.0,0.0,0.0,0.0
2026-06-09 14:38:26,0.5182764490155929,-2.882315223931312,-2.1873359332093236,1.267342277697832,1.3397493453516205,-1.1084778127906727,2.286153974108612,2.1526749072842843,36.98943059530773,37.36466611038387,37.269473451838294,14.0,20.0,36.0,131.7,0.0,0.0,0.0,0.0,0.0,0.0,0.0,0.0,0.0,0.0
2026-06-09 14:38:28,-0.8045809227670375,-1.6289759331347438,2.4013040717137244,2.1683459042685618,-0.7188181013566766,-2.9643396453015285,-0.07178377726128371,0.06565834847279461,36.90951802818835,36.98467611220374,37.029148098417465,14.0,20.0,36.0,-21.5,0.0,0.0,0.0,0.0,0.0,0.0,0.0,0.0,0.0,0.0
2026-06-09 14:38:29,2.8650301611474855,0.25606606188926273,2.404207959998617,-1.280163256323965,2.481555955557411,0.6931057363174515,0.6440340121312444,1.3681321905249497,36.71049686989263,37.16625948204709,37.0767492455411,14.0,20.0,36.0,-68.1,0.0,0.0,0.0,0.0,0.0,0.0,0.0,0.0,0.0,0.0
2026-06-09 14:38:30,0.3878920203314795,-1.2526496354140435,-2.7531987025778664,0.12285223821926339,-1.983516108494774,0.504209816293296,-2.8243636920284123,0.18656774701647016,37.01437393811738,36.82608564080562,36.748615765476146,14.0,20.0,36.0,102.4,0.0,0.0,0.0,0.0,0.0,0.0,0.0,0.0,0.0,0.0
2026-06-09 14:38:32,-0.27432983645793607,2.283505299994319,2.9861751547575563,-1.8500209060863069,0.42512686263693933,1.6495931528445338,2.8662079382193664,-0.7942496864813293,36.98252750202025,37.19313186808622,37.248083338201624,14.0,20.0,36.0,-100,0.0,0.0,0.0,0.0,0.0,0.0,0.0,0.0,0.0,0.0
2026-06-09 14:38:33,2.2014794090267653,0.9047791903547209,1.692480311301197,-2.6202809597723995,0.21967803029933242,-1.0175730034493016,1.9719829450107396,1.8575636292113424,36.6964639390017,37.378475631893416,36.79613758421085,14.0,20.0,36.0,-66.7,0.0,0.0,0.0,0.0,0.0,0.0,0.0,0.0,0.0,0.0
2026-06-09 14:38:35,-1.539566983654071,0.9293920420452744,2.1816585890801976,-0.5091534429610878,2.7435092863744917,-1.8067109068096197,1.6597982395111455,0.6198082846697526,36.940463034236735,36.827401145909484,36.7358131973702,14.0,20.0,36.0,-80.5,0.0,0.0,0.0,0.0,0.0,0.0,0.0,0.0,0.0,0.0
2026-06-09 14:38:36,2.5460258084472622,-0.43757182676904005,-1.9341306172294146,-0.8653424261732106,-1.3585739294498675,2.5057877903784256,2.575713440656351,-2.546832881611157,36.832984045368946,37.28633349732177,36.95372876896617,14.0,20.0,36.0,63.9,0.0,0.0,0.0,0.0,0.0,0.0,0.0,0.0,0.0,0.0
2026-06-09 14:38:37,2.894937282334669,0.878839761194949,0.1499608464045572,2.972652388010836,-1.1374636440146084,0.8289323542141878,0.5530720593664968,0.49542590211146775,36.503562632889775,36.88473133941175,36.91038514138115,14.0,20.0,36.0,-25.9,0.0,0.0,0.0,0.0,0.0,0.0,0.0,0.0,0.0,0.0
2026-06-09 14:38:39,1.555295252612158,-2.7964097221512145,2.271970892582461,1.3124980985090815,2.2955526265602035,-1.779985533063222,1.880388695390005,-1.6493296365051415,37.02075773300752,36.81042660733418,36.854354321045356,14.0,20.0,36.0,13.6,0.0,0.0,0.0,0.0,0.0,0.0,0.0,0.0,0.0,0.0
2026-06-09 14:38:40,1.6282991440995405,0.9530599451043633,1.8945268518486982,2.745100607279822,1.9386760469872026,1.1400828190561842,1.3256490231765605,0.061786504686817345,36.779694332389894,37.282424368311155,36.812713173046454,14.0,20.0,36.0,-72.4,0.0,0.0,0.0,0.0,0.0,0.0,0.0,0.0,0.0,0.0
2026-06-09 14:38:41,-0.8734954771765695,2.0159320925790096,2.844224074293921,-2.0220811254476088,2.61025454793913,0.48936654256274403,-1.1492172519389854,-2.3974756247682505,36.64880870368249,37.00239254159987,37.25510474418719,14.0,20.0,36.0,-100,0.0,0.0,0.0,0.0,0.0,0.0,0.0,0.0,0.0,0.0
2026-06-09 14:38:42,-0.8757954064628382,-1.4488275680154434,0.9258759119682907,-1.71699364439389,0.8397156483879646,-2.5123760097475545,2.4054828071244794,-2.5048217554385572,36.94386410245647,37.151456818561186,36.93919538552527,14.0,20.0,36.0,13.5,0.0,0.0,0.0,0.0,0.0,0.0,0.0,0.0,0.0,0.0
2026-06-09 14:38:43,-0.34314631184975575,-2.2734904732255092,-0.7596419866531647,-1.2089518083061752,1.3381272784489546,-0.7343965865138964,2.88366630156602,2.721360062324977,37.04081594354596,37.39896446884475,37.17850152981712,14.0,20.0,36.0,79.5,0.0,0.0,0.0,0.0,0.0,0.0,0.0,0.0,0.0,0.0
2026-06-09 14:38:45,-2.1601864552906624,1.5496150309699148,2.3440008275190714,1.8869859071004322,0.5066140633636369,-1.7400972525621143,-2.4442141047592383,1.6472717583676522,36.71806780625161,37.28094036428118,37.079827189054484,14.0,20.0,36.0,-100,0.0,0.0,0.0,0.0,0.0,0.0,0.0,0.0,0.0,0.0
2026-06-09 14:38:46,-0.9094214128134128,-2.173968387645118,0.6002036254096508,-0.07392102210443152,0.1984413956385387,-1.3144925168128345,-2.03264479659076,2.6500582997959903,36.52450686362993,37.37767596182105,37.096442839974564,14.0,20.0,36.0,39.0,0.0,0.0,0.0,0.0,0.0,0.0,0.0,0.0,0.0,0.0
2026-06-09 14:38:47,-0.9871370017574392,2.3739995682719384,-1.1830833102528127,-0.8667457918606063,-0.4600404286061388,1.3911450704025743,1.6468088679237596,-0.2820425185773452,36.8994471499337,37.0499781269213,36.84480306937562,14.0,20.0,36.0,-29.3,0.0,0.0,0.0,0.0,0.0,0.0,0.0,0.0,0.0,0.0
2026-06-09 14:38:48,-2.562228023078365,-0.75961077931753,1.870490924415667,2.7418950908551434,2.338622714846852,0.07757081769586982,-0.23203937961906718,1.5775462452095592,36.593876552992576,37.00573493568036,37.215288024888615,14.0,20.0,36.0,-28.8,0.0,0.0,0.0,0.0,0.0,0.0,0.0,0.0,0.0,0.0
2026-06-09 14:38:49,-1.7383111724614544,-2.119656772369286,0.358669764610998,-1.999982839688579,1.2713524932299336,-0.4942513570308851,-2.2465731363486396,-0.052407970561644035,36.62934813731828,37.34059280448599,37.024765961758376,14.0,20.0,36.0,44.2,0.0,0.0,0.0,0.0,0.0,0.0,0.0,0.0,0.0,0.0
2026-06-09 14:38:50,1.230246512129522,-1.0458512614078472,-1.902143204023531,2.4754303252899748,0.06020494629924311,-1.11854117096919,0.02148381627221907,-0.17779767086327558,36.970804084184984,36.879681935811064,36.8460304678429,14.0,20.0,36.0,75.7,0.0,0.0,0.0,0.0,0.0,0.0,0.0,0.0,0.0,0.0
2026-06-09 14:38:52,2.8052235846970497,1.1623131895027088,-0.6811401282349419,-1.8547756333531107,-2.37811422679068,0.38995014863991795,1.7920120359374376,1.03768853331092,36.615596842852334,37.34480504374024,36.90705711966093,14.0,20.0,36.0,-11.4,0.0,0.0,0.0,0.0,0.0,0.0,0.0,0.0,0.0,0.0
2026-06-09 14:38:53,0.23805045347151976,-0.7901222011219033,1.6929862927478556,-2.9460325802973815,2.2709883249222926,-2.8192806993027686,-1.247351756684554,1.4324981601045428,37.0047825063602,37.25624678105527,36.70948603889854,14.0,20.0,36.0,-25.4,0.0,0.0,0.0,0.0,0.0,0.0,0.0,0.0,0.0,0.0
2026-06-09 14:38:54,-2.664633287021231,1.8731914299839856,2.758899012604986,-1.8356100256509884,-1.5290790210607856,-1.485803595916698,-0.5550847012639202,2.097637796809778,36.73088499089124,36.999053742939765,36.966593853317015,14.0,20.0,36.0,-100,0.0,0.0,0.0,0.0,0.0,0.0,0.0,0.0,0.0,0.0
2026-06-09 14:38:56,-2.6911198985187834,-1.4468337584076485,2.052820171462276,0.34895830622339963,-0.9852140102897651,-2.8703979681613383,1.4703544112850206,2.56106910499396,37.06957052833284,37.09031054244468,37.245856254901334,14.0,20.0,36.0,-16.4,0.0,0.0,0.0,0.0,0.0,0.0,0.0,0.0,0.0,0.0
2026-06-09 14:38:57,-1.312260955930238,2.9308345963810707,-1.632006481391379,1.0101012882621552,-2.652153106103518,0.3609685793023645,-2.816615957689691,-2.715505052560173,37.088549356768375,36.84904620276462,37.09276763935458,14.0,20.0,36.0,-34.8,0.0,0.0,0.0,0.0,0.0,0.0,0.0,0.0,0.0,0.0
2026-06-09 14:38:58,0.5969292699064255,-1.3282845458184225,-2.27604119582136,1.7947483671769149,0.7501078983390626,-2.8649619147100918,0.34162419583318915,-0.4970576064980392,36.52285645497731,37.00366969792321,37.29236403247433,14.0,20.0,36.0,91.9,0.0,0.0,0.0,0.0,0.0,0.0,0.0,0.0,0.0,0.0
2026-06-09 14:38:59,-1.1290078890851953,-1.0514862173388564,0.4342511046886921,0.10045505426999668,2.9281158236758067,-0.8904797780487126,0.13009891390883155,-1.1820681210151798,36.92142747893767,37.27418541882973,37.10561358064028,14.0,20.0,36.0,15.6,0.0,0.0,0.0,0.0,0.0,0.0,0.0,0.0,0.0,0.0
2026-06-09 14:39:00,2.2434344791198138,-0.15692070398683722,-1.326445690692977,0.365287252634809,0.7804272506445429,-2.495562700800853,0.8504533192053918,-0.6717834435471306,36.545840488571116,36.92294561480177,37.189259948730786,14.0,20.0,36.0,37.5,0.0,0.0,0.0,0.0,0.0,0.0,0.0,0.0,0.0,0.0
2026-06-09 14:39:01,-0.23114673346839432,-2.958743236153042,1.5335763685751385,-1.6858885428828705,1.6500356685879272,-2.9786928837708944,1.896347076889814,-0.8866502754759091,36.857477873566026,36.94864437954346,37.07254469631344,14.0,20.0,36.0,36.3,0.0,0.0,0.0,0.0,0.0,0.0,0.0,0.0,0.0,0.0
2026-06-09 14:39:02,2.4108136263019047,-1.452337813168826,1.8029706183638305,2.177709635537216,-1.7142961352213886,0.24947727071965087,-2.4961905622242186,-1.37067355984674,36.698023773922976,37.125953101101445,36.768345160236684,14.0,20.0,36.0,-10.2,0.0,0.0,0.0,0.0,0.0,0.0,0.0,0.0,0.0,0.0
2026-06-09 14:39:03,1.9233424261142575,0.9832336713704457,0.05449811145006489,0.2574743305269873,1.4384160986661874,0.4626387660922613,-2.7025538833605975,-0.9816362430419567,36.540928910860515,37.115601405649684,36.7589838141559,14.0,20.0,36.0,-28.0,0.0,0.0,0.0,0.0,0.0,0.0,0.0,0.0,0.0,0.0
2026-06-09 14:39:05,-1.419718578389898,-1.9038289180333787,2.457365477974985,-0.03868061208806495,2.5012490534298024,1.406496786203153,-0.18439499821920702,1.0240148063834607,36.854594441722234,37.02798820804761,36.92194362143576,14.0,20.0,36.0,-13.7,0.0,0.0,0.0,0.0,0.0,0.0,0.0,0.0,0.0,0.0
2026-06-09 14:39:06,2.6789896746252957,-2.0784302089056172,2.265582107130445,-1.671369029399531,1.058425691749461,-0.8543279881807755,0.0664031683823958,-0.6268617846675548,37.03253598737334,37.19963804022038,37.22854764017049,14.0,20.0,36.0,-5.2,0.0,0.0,0.0,0.0,0.0,0.0,0.0,0.0,0.0,0.0
2026-06-09 14:39:07,1.398072017480608,-0.6356439441046611,2.8666129787330688,1.5074782379240634,1.69262608407967,2.2502999742781276,-0.14747034625964073,0.779861220513915,36.99717900619132,36.967052119216014,36.935807181839365,14.0,20.0,36.0,-56.6,0.0,0.0,0.0,0.0,0.0,0.0,0.0,0.0,0.0,0.0
2026-06-09 14:39:08,2.692686787809671,-2.1345556602883957,2.004819640500778,-0.6285031350984562,1.3933935600553466,-1.6996394444449123,-2.7282507292118026,-2.527763648890284,36.870421884688206,37.058539643639136,37.26590462526129,14.0,20.0,36.0,1.1,0.0,0.0,0.0,0.0,0.0,0.0,0.0,0.0,0.0,0.0
2026-06-09 14:39:10,-1.4013935788990253,0.894708429359528,2.121166531545069,-1.9576497773545072,-0.7281710259135679,1.45200367902215,-0.6780757940128086,1.5859918574678264,36.6017908652748,36.924248435709764,37.12067190644983,14.0,20.0,36.0,-77.6,0.0,0.0,0.0,0.0,0.0,0.0,0.0,0.0,0.0,0.0
2026-06-09 14:39:11,0.7620212774307582,0.7630134020331645,-2.982183492301843,-1.0159173652909552,0.8554246572857389,-1.0571202352595521,1.8516301309667993,-2.3186175912505353,36.62136038348604,36.99883280004547,37.04732323380769,14.0,20.0,36.0,57.8,0.0,0.0,0.0,0.0,0.0,0.0,0.0,0.0,0.0,0.0
2026-06-09 14:39:12,0.6881415466492733,-2.759327329838028,1.6450899316033922,2.2399272500546656,2.991546129731618,1.045976106007485,-0.05386522942435423,2.9960933951562154,36.87781665825558,36.918650160615414,37.11117925596464,14.0,20.0,36.0,29.3,0.0,0.0,0.0,0.0,0.0,0.0,0.0,0.0,0.0,0.0
2026-06-09 14:39:14,2.111899324137342,2.338573489222375,0.39761337685458154,-0.07847887494549965,-1.7953196294417948,-0.837232703843231,-2.251938750742398,-1.3932876883023477,37.05671568511737,37.119355052588176,36.7165602607497,14.0,20.0,36.0,-72.3,0.0,0.0,0.0,0.0,0.0,0.0,0.0,0.0,0.0,0.0
2026-06-09 14:39:15,-0.4016467207708798,-1.5425174966380524,1.6317235183635805,2.3282841622938566,-2.075521043816214,1.0391350642701411,0.6382867875034952,0.9266069040817575,36.71643068888538,36.89601482459357,36.92079905436724,14.0,20.0,36.0,-1.5,0.0,0.0,0.0,0.0,0.0,0.0,0.0,0.0,0.0,0.0
2026-06-09 14:39:17,-0.9541492530317752,0.8948020922250164,-2.2699016795659674,-2.348894574017925,-1.6018465204828847,-2.2317486913048934,2.258645087426032,-0.005244757258124455,36.6190177369144,37.2069885368914,36.7646651136042,14.0,20.0,36.0,35.6,0.0,0.0,0.0,0.0,0.0,0.0,0.0,0.0,0.0,0.0
2026-06-09 14:39:18,-0.5225698122414872,0.45261549505372045,2.4459105324828156,0.8570018636087404,-2.4990353012965065,2.33723383581291,1.2607830136853853,-1.698029788934925,36.863067955437,37.00128999754183,36.78539816972457,14.0,20.0,36.0,-73.1,0.0,0.0,0.0,0.0,0.0,0.0,0.0,0.0,0.0,0.0
2026-06-09 14:39:19,2.1817143607722613,0.13719899922713985,2.548160453228559,1.3271708113809115,-0.9783140191722843,-1.0946539114171359,-1.1178791303832287,0.20313223083878817,36.89304302484983,37.19000230511392,37.05718841565383,14.0,20.0,36.0,-70.5,0.0,0.0,0.0,0.0,0.0,0.0,0.0,0.0,0.0,0.0
2026-06-09 14:39:20,-0.895472346123368,-1.1499742010196692,1.0603750189717553,-2.233626813235351,-1.4441158014724993,0.018325499257427325,0.4023231234354103,-1.3562714883777447,36.97500273198808,36.8187391486276,37.21910900057281,14.0,20.0,36.0,2.5,0.0,0.0,0.0,0.0,0.0,0.0,0.0,0.0,0.0,0.0
2026-06-09 14:39:21,0.42478926769399283,-0.31500276162982077,0.7999069242009411,0.0037251081087337212,-2.0009147430920837,-1.7463439572548436,2.4217579668083253,-0.26745980997365404,37.04599556194286,36.88649579744171,36.9528882202922,14.0,20.0,36.0,-12.2,0.0,0.0,0.0,0.0,0.0,0.0,0.0,0.0,0.0,0.0
2026-06-09 14:39:22,-1.372685498488533,-0.7340094289703307,-1.532008837029917,2.8917530280107506,2.8621035412435374,-2.2347529146702105,-2.612322358789405,0.944683861237229,37.06319343261425,36.808708202047455,37.12165847908288,14.0,20.0,36.0,56.2,0.0,0.0,0.0,0.0,0.0,0.0,0.0,0.0,0.0,0.0
2026-06-09 14:39:24,-0.3316906735069156,2.9412292642477373,2.673812314938682,-2.508005998385231,-0.7946882255503089,2.7715455014662274,-0.02079397973020125,2.7738539265263285,36.8761396532,37.00791335123929,37.18315461069546,14.0,20.0,36.0,-100,0.0,0.0,0.0,0.0,0.0,0.0,0.0,0.0,0.0,0.0
2026-06-09 14:39:25,0.18230213296701603,2.0095397824400516,2.0848160605516135,2.3714901319979855,-2.990644855966475,2.7677217502173654,2.059173545202852,-0.6498988338056755,36.580652209373,37.18802507448692,36.9054229859082,14.0,20.0,36.0,-100,0.0,0.0,0.0,0.0,0.0,0.0,0.0,0.0,0.0,0.0
2026-06-09 14:39:26,0.11067635963838374,0.24141572790849164,2.604098874435497,0.6226581156710522,-2.6329800149268694,-2.132315970750092,-2.1526874736886183,2.285426035405367,36.63086376440379,37.18210742950626,37.169267857523806,14.0,20.0,36.0,-75.7,0.0,0.0,0.0,0.0,0.0,0.0,0.0,0.0,0.0,0.0
2026-06-09 14:39:27,-1.676355450147451,0.5703837902586235,-2.8661066131692268,2.577529724582269,0.16234342596559026,0.9544095858989392,-1.0315586357419515,1.6123398867253522,36.59549023899035,37.37048753056017,37.28849444273602,14.0,20.0,36.0,59.3,0.0,0.0,0.0,0.0,0.0,0.0,0.0,0.0,0.0,0.0
2026-06-09 14:39:28,-0.7512825101587044,-2.5367398607467573,-0.020659297315375635,2.7658563509215925,-1.076472368800317,-2.2626710941278887,-1.1857527227293383,1.9746767455321184,37.032818339249765,36.9200452350396,36.81072532946782,14.0,20.0,36.0,64.4,0.0,0.0,0.0,0.0,0.0,0.0,0.0,0.0,0.0,0.0
2026-06-09 14:39:30,0.97145971674684,0.40051234710663364,0.11941179834364934,-2.5548494133088284,0.16960409912728203,-2.9604539120088944,0.352355043816039,1.2080698127099003,36.82544048585438,37.102258543352185,37.24046140680508,14.0,20.0,36.0,-14.7,0.0,0.0,0.0,0.0,0.0,0.0,0.0,0.0,0.0,0.0
2026-06-09 14:39:31,-1.13212182630815,2.17876234352239,2.2168649275557737,1.9360517891370694,2.0440513609056303,1.1609291363624097,2.8035137484297596,-0.7630797035826626,36.99968726605734,37.39660689754567,36.7459381239048,14.0,20.0,36.0,-100,0.0,0.0,0.0,0.0,0.0,0.0,0.0,0.0,0.0,0.0
2026-06-09 14:39:32,0.02795363257825878,0.7343931080840633,-2.1814987268372663,-2.402791056409194,1.003453183791775,-2.7250249758203413,2.765542191534739,2.252768925174526,37.06886009599851,36.973036864833,36.89711812911087,14.0,20.0,36.0,37.4,0.0,0.0,0.0,0.0,0.0,0.0,0.0,0.0,0.0,0.0
2026-06-09 14:39:33,-1.7694120424474695,-0.6577349397240568,-0.422831582320101,-1.1403304983049039,0.48556816411778225,0.9510902557635954,-2.1244582136110988,-2.299054651990592,36.50115274393669,37.14842084967368,37.25537937308538,14.0,20.0,36.0,27.4,0.0,0.0,0.0,0.0,0.0,0.0,0.0,0.0,0.0,0.0
2026-06-09 14:39:34,-0.6470091756044214,1.5678045414952182,2.749592412220939,-2.6746328103202432,-2.5436157506817065,-0.01210180969608965,-1.839162058915264,1.5567815404487604,36.69023584889198,36.82044420117066,37.191659147563094,14.0,20.0,36.0,-100,0.0,0.0,0.0,0.0,0.0,0.0,0.0,0.0,0.0,0.0
2026-06-09 14:39:35,0.6487004990546685,2.2956441005047488,2.720386431112325,-2.149670288180465,-0.2785478789975997,-2.9163461500266576,-0.7791152580340208,0.18975978497273216,36.712537328400614,37.33688190144808,36.890067848133135,14.0,20.0,36.0,-100,0.0,0.0,0.0,0.0,0.0,0.0,0.0,0.0,0.0,0.0
2026-06-09 14:39:36,-2.9323338382343422,0.36708075137904395,-1.9360071824386744,1.4689407488303576,-1.9796320732345813,-1.1782623961246252,1.7447766243968577,2.2587672848153657,36.95219372479356,36.88463526443214,36.84763303917994,14.0,20.0,36.0,40.9,0.0,0.0,0.0,0.0,0.0,0.0,0.0,0.0,0.0,0.0
2026-06-09 14:39:38,-2.5914975473736312,-1.046743815082786,2.777458958008574,-2.633432988298895,1.695209592041384,-1.6985367719029847,0.20341900771659382,0.8269062015924624,37.025029640979625,37.34404517418644,37.15174443901389,14.0,20.0,36.0,-45.5,0.0,0.0,0.0,0.0,0.0,0.0,0.0,0.0,0.0,0.0
2026-06-09 14:39:39,-1.3720502550461273,2.9663233506541546,1.4081964366764952,-2.1129465464367048,-0.1397985742973109,2.414796533021468,-2.8675809709309563,-1.4972603114998646,36.8358437099962,37.19114939622471,37.1468852422157,14.0,20.0,36.0,-100,0.0,0.0,0.0,0.0,0.0,0.0,0.0,0.0,0.0,0.0
2026-06-09 14:39:41,-2.4674499573415996,0.4184262025580625,0.6720012868512937,-0.40598842365150345,2.791091578813182,2.8317137429015533,-2.7636067912653397,-2.0168409276284014,36.61587476287041,37.33248113493452,37.26889303053132,14.0,20.0,36.0,-28.2,0.0,0.0,0.0,0.0,0.0,0.0,0.0,0.0,0.0,0.0
2026-06-09 14:39:42,2.6959031179227653,-1.0134431687149683,1.9039924813780598,1.746177765205477,-1.6867082659934465,-0.10624802588119397,0.89360637343799,1.8495301217574074,36.72512801060326,37.158491662748546,36.95093968794307,14.0,20.0,36.0,-22.6,0.0,0.0,0.0,0.0,0.0,0.0,0.0,0.0,0.0,0.0
2026-06-09 14:39:44,-0.27091411259804143,1.168954855591699,1.5162271357019188,2.7978308215859027,-1.2566644109501603,-2.9158778834799066,-2.6931105892487976,-0.6250069780378071,36.70059868840725,37.2748406889481,36.75778997001115,14.0,20.0,36.0,-72.2,0.0,0.0,0.0,0.0,0.0,0.0,0.0,0.0,0.0,0.0
2026-06-09 14:39:45,2.1932626485117623,-1.8384868700254051,0.3061574694704814,-0.18805030388135613,0.13787704612225404,1.6345707222987365,0.4783408023027915,-1.7989244266711855,36.56583050745161,36.874626954818076,37.02441712719124,14.0,20.0,36.0,40.7,0.0,0.0,0.0,0.0,0.0,0.0,0.0,0.0,0.0,0.0
2026-06-09 14:39:46,-2.389628272590027,1.2101931388843585,-1.535976492888578,-2.8353192978146904,-1.50223135342683,-1.2244677263814088,2.830936530063579,2.446167541919963,36.787337096874126,37.24279981343221,37.0777679952408,14.0,20.0,36.0,9.2,0.0,0.0,0.0,0.0,0.0,0.0,0.0,0.0,0.0,0.0
2026-06-09 14:39:47,1.6055303787517392,-1.9152420491032869,-1.5476782717422684,1.9981058930068425,1.6966219634710686,1.7717427061833915,-1.4294665445842087,-2.4603318695674234,36.6904855412435,37.14146701687472,37.04209292265451,14.0,20.0,36.0,89.7,0.0,0.0,0.0,0.0,0.0,0.0,0.0,0.0,0.0,0.0
2026-06-09 14:39:49,2.3192282724980604,2.269099446525119,0.16832618862424908,-2.9168109394845727,1.341721594072748,1.2700147622604465,1.335763444176373,2.3023744333427594,36.852704516542694,36.859063444892335,36.86868088442788,14.0,20.0,36.0,-61.7,0.0,0.0,0.0,0.0,0.0,0.0,0.0,0.0,0.0,0.0
2026-06-09 14:39:50,-2.2631822694032904,-1.4354664374270263,1.215803703185749,-0.07243999825774505,-0.11473914323364642,-1.780986584311437,1.0312154973646335,-0.663949572945103,36.62586931381457,37.397108760737545,36.90764575210118,14.0,20.0,36.0,5.3,0.0,0.0,0.0,0.0,0.0,0.0,0.0,0.0,0.0,0.0
2026-06-09 14:39:51,-0.46332957561877164,1.8737623806433152,2.866994965991265,0.5037683158200323,-2.72855097264714,1.7486523618172196,-1.5762895246579272,-0.20984802010433423,36.946808903589165,37.234108501841604,36.92042856678884,14.0,20.0,36.0,-100,0.0,0.0,0.0,0.0,0.0,0.0,0.0,0.0,0.0,0.0
2026-06-09 14:39:52,1.9385838052392748,-2.566490206665893,-1.3636625984118698,0.1194942634351106,-2.212379295499955,-1.5345354218490488,2.208600143386051,0.3055844046893217,36.92208958214565,37.38834925953048,36.75002613023322,14.0,20.0,36.0,102.0,0.0,0.0,0.0,0.0,0.0,0.0,0.0,0.0,0.0,0.0
2026-06-09 14:39:54,1.1080799050426977,-1.9285060576386028,0.9611954653903387,-1.516053468453882,2.64828546377647,-2.7219604282173226,-0.001596007774631758,-0.09695284868238696,36.74318408885651,37.30732827488143,37.10897233358776,14.0,20.0,36.0,23.7,0.0,0.0,0.0,0.0,0.0,0.0,0.0,0.0,0.0,0.0
2026-06-09 14:39:55,-2.8736783001359045,0.8506300496217944,2.407805264718199,0.9632016055575559,-0.7184901033306197,-2.701780596886306,-2.585190753761912,1.8534598816707604,36.53696033156446,37.07963045253761,36.78569657900316,14.0,20.0,36.0,-86.9,0.0,0.0,0.0,0.0,0.0,0.0,0.0,0.0,0.0,0.0
2026-06-09 14:39:56,-1.2153308879698612,-1.1701845608653716,2.4799356224007783,-0.5725316038979975,-2.3917039680707397,1.0382485799820547,-2.7716089108239186,0.6541464364468603,36.71087502756628,37.3407944173839,37.03181885858214,14.0,20.0,36.0,-34.7,0.0,0.0,0.0,0.0,0.0,0.0,0.0,0.0,0.0,0.0
2026-06-09 14:39:57,1.7016618887550186,-1.9178105988359955,-2.724892430824757,-1.7987098164593032,1.7348089098669695,2.9750316427670933,0.7350773383475993,-0.6223338185300111,37.03842880833406,37.2666335640814,37.0070929560134,14.0,20.0,36.0,121.9,0.0,0.0,0.0,0.0,0.0,0.0,0.0,0.0,0.0,0.0
2026-06-09 14:39:58,-2.6353600250484366,-2.3412503807862857,0.07671637977457824,0.08072526347317455,-2.2906766497626254,-0.434514042096632,1.162734350963893,1.3954606704737333,36.940070017331244,37.29056308548529,37.07662855542376,14.0,20.0,36.0,58.9,0.0,0.0,0.0,0.0,0.0,0.0,0.0,0.0,0.0,0.0
2026-06-09 14:39:59,2.290448455089906,2.137199452061532,-1.4824639385663887,-0.8387773089337549,0.8365128148796073,-0.21379681821262286,-1.962612560206667,0.32301927315127976,36.945293143252854,37.16236563358598,37.019657681848535,14.0,20.0,36.0,-18.0,0.0,0.0,0.0,0.0,0.0,0.0,0.0,0.0,0.0,0.0
2026-06-09 14:40:01,2.1424180905401435,0.517585710907555,-0.8018770350346713,-2.408821122062608,1.0031155940949334,-1.0576332750355784,1.9429307370762459,2.273130252645558,36.8127932321303,37.146053673136315,36.79273438641161,14.0,20.0,36.0,7.8,0.0,0.0,0.0,0.0,0.0,0.0,0.0,0.0,0.0,0.0
2026-06-09 14:40:02,0.6863527780552952,-0.6806566729386745,-0.42512351126482173,-1.653934148591874,1.6563962705951063,1.4171824135733715,-0.8705578338785971,0.03182276173287635,36.847011011833196,37.0930576002824,36.908458389551086,14.0,20.0,36.0,28.9,0.0,0.0,0.0,0.0,0.0,0.0,0.0,0.0,0.0,0.0
2026-06-09 14:40:03,-1.1871434736706312,2.6049909328854124,-0.6679313816498538,-2.743150655180914,1.3212374119228034,-1.297875620315659,-2.83452908484585,0.40164171428709494,36.913607142812324,37.20120922195687,36.91892424490345,14.0,20.0,36.0,-52.2,0.0,0.0,0.0,0.0,0.0,0.0,0.0,0.0,0.0,0.0
2026-06-09 14:40:04,2.4297772844967556,-2.5302057726821467,-1.3186101015254248,0.9648364694045832,0.44676374296783994,-0.6618182419957925,0.9419453201483945,-1.4344321543284857,36.77530151616685,37.26118128430778,37.23603470838795,14.0,20.0,36.0,99.7,0.0,0.0,0.0,0.0,0.0,0.0,0.0,0.0,0.0,0.0
2026-06-09 14:40:05,-0.4867979085701082,0.4543531847607465,1.790456395615732,0.5729849002613934,1.8363350961975389,2.547449486147804,-0.2967316446536268,-2.530470646722712,36.64976324755579,36.976378241810785,37.25398353346462,14.0,20.0,36.0,-56.9,0.0,0.0,0.0,0.0,0.0,0.0,0.0,0.0,0.0,0.0
2026-06-09 14:40:07,-0.12167720787839098,-0.7789708488876936,0.6659578519533071,0.05855897628248563,1.6480797192978462,1.1918878187841297,2.4235590680518007,1.7203328307376573,36.679006232867124,37.03002382725636,36.97503839049807,14.0,20.0,36.0,4.7,0.0,0.0,0.0,0.0,0.0,0.0,0.0,0.0,0.0,0.0
2026-06-09 14:40:08,0.09688243082877435,-0.2686647186821758,2.3160571846661906,2.863665167517662,0.10885945179633172,-1.9768562617767969,2.2988248010076138,-2.5320894531000357,36.52416691440582,36.845141702861405,36.82942760931641,14.0,20.0,36.0,-52.8,0.0,0.0,0.0,0.0,0.0,0.0,0.0,0.0,0.0,0.0
2026-06-09 14:40:09,-0.03625741078912981,-1.5915892978404933,1.8201754576168723,2.0534425516987875,0.2250005637252417,0.49491534957021166,-2.684275895986192,0.011898729957662724,37.097989612732555,36.91916947595959,36.87801666690765,14.0,20.0,36.0,-7.0,0.0,0.0,0.0,0.0,0.0,0.0,0.0,0.0,0.0,0.0
2026-06-09 14:40:10,-1.101597299967505,0.2760234197611817,-0.09110726935578839,0.8265880733753947,0.323699944843467,-0.2570475928850233,-0.8700709745984447,-0.007740304865432979,36.92177271467581,37.01932914873586,36.80182743139855,14.0,20.0,36.0,-5.3,0.0,0.0,0.0,0.0,0.0,0.0,0.0,0.0,0.0,0.0
2026-06-09 14:40:12,2.8303943429199583,0.4698108330943298,2.904271019044872,0.37807118368121984,1.5003548999172418,0.005427529867967351,-0.9424617990609123,-0.5870660392730467,36.80686305906205,37.139572837596695,36.914080034493985,14.0,20.0,36.0,-87.7,0.0,0.0,0.0,0.0,0.0,0.0,0.0,0.0,0.0,0.0
2026-06-09 14:40:13,-0.20530480331491985,0.07033345551100734,1.5532929759380734,1.2701535205682477,-2.1161727835498088,-0.8228323965200479,1.5563788986731133,1.9597184321883416,36.88217175644186,37.07327898792512,37.24494578457903,14.0,20.0,36.0,-41.6,0.0,0.0,0.0,0.0,0.0,0.0,0.0,0.0,0.0,0.0
2026-06-09 14:40:14,-2.3481123838571896,0.5960125641539591,-2.51234875971249,0.11071283194977255,0.36194913398510575,-1.7620975132930128,1.6191552105122362,-2.0077234456475033,36.59381903168709,37.04692850436043,37.24959006652178,14.0,20.0,36.0,49.5,0.0,0.0,0.0,0.0,0.0,0.0,0.0,0.0,0.0,0.0
2026-06-09 14:40:15,2.6986362150730727,2.5705218297894286,-1.329685595245241,-1.6958276622373278,0.9654073120429025,1.865346439713612,1.097014178779954,-1.4377441688590578,37.08134450710014,37.20708732867948,37.08955709271179,14.0,20.0,36.0,-30.6,0.0,0.0,0.0,0.0,0.0,0.0,0.0,0.0,0.0,0.0
2026-06-09 14:40:16,-2.3661092287295693,1.2533308541726962,1.0397299500425508,-2.8560068982512252,1.9657861395527778,-0.03474822304535108,1.9967838186318367,1.191334954702385,36.67987249617468,36.87971535287673,37.074341683452616,14.0,20.0,36.0,-58.3,0.0,0.0,0.0,0.0,0.0,0.0,0.0,0.0,0.0,0.0
2026-06-09 14:40:18,-1.8182630378225095,-1.986313849279862,2.3549759470768636,-2.153251525090586,1.9620866132269636,2.56502723470782,-2.498903353229519,-2.942837930551398,36.87320641885621,36.92076533769081,37.11105579496425,14.0,20.0,36.0,-9.5,0.0,0.0,0.0,0.0,0.0,0.0,0.0,0.0,0.0,0.0
2026-06-09 14:40:19,-2.341137103997124,1.8302020073647345,-0.03062501890428848,-0.465746915560298,-2.6662796659916568,-0.7585463524753444,2.0927193138690043,1.484147773560057,37.06137089228741,37.161966033486834,37.01695338226223,14.0,20.0,36.0,-45.9,0.0,0.0,0.0,0.0,0.0,0.0,0.0,0.0,0.0,0.0
2026-06-09 14:40:21,-1.4239024277127013,-1.9477498802419695,2.254055835582035,1.1423822344614178,-1.0976223562076195,0.4787715220699136,-2.3882384049075434,-2.007449373602883,36.72687346496981,37.281456179537095,37.22258517347722,14.0,20.0,36.0,-8.9,0.0,0.0,0.0,0.0,0.0,0.0,0.0,0.0,0.0,0.0
2026-06-09 14:40:22,-1.4173979431762431,1.0252605707302784,-0.48398383734291706,0.44181584477226643,-0.9517522445823525,-0.0892181050314842,-2.9168858017171764,1.5275799074266736,36.93024283314763,36.811245808177006,37.06122784342512,14.0,20.0,36.0,-15.5,0.0,0.0,0.0,0.0,0.0,0.0,0.0,0.0,0.0,0.0
2026-06-09 14:40:23,2.2959369164672987,-0.7135821341813244,2.767661025952335,2.9867714463573636,1.4151571080746121,-1.6140555779047778,0.22692129428650265,0.9175112540050829,37.04238433434801,37.039998684269534,36.734565699187165,14.0,20.0,36.0,-53.8,0.0,0.0,0.0,0.0,0.0,0.0,0.0,0.0,0.0,0.0
2026-06-09 14:40:24,2.660304831361958,-1.7807136053243595,0.8437916231268239,-0.1557584448486682,0.9598586099423612,0.19138726546014695,-2.2055502067220383,-0.7549032854457796,36.8834616347432,37.25441003490344,37.0186783477991,14.0,20.0,36.0,23.2,0.0,0.0,0.0,0.0,0.0,0.0,0.0,0.0,0.0,0.0
2026-06-09 14:40:25,1.0676238734261485,2.8168513937461235,-2.708166715334597,2.3882127959921027,1.147962741376352,-0.7595548411291495,-1.5474996796990357,0.9591256156773857,36.54755602840096,37.256880280034565,37.08813037106057,14.0,20.0,36.0,-4.0,0.0,0.0,0.0,0.0,0.0,0.0,0.0,0.0,0.0,0.0
2026-06-09 14:40:26,0.48161861130955685,2.565577649449711,2.3631802691692103,0.09662620069171757,-1.0393076176319327,-0.06723925960952304,-1.2611105842781956,2.0078659741037317,36.769935548323055,37.206934499979816,36.835685683995344,14.0,20.0,36.0,-100,0.0,0.0,0.0,0.0,0.0,0.0,0.0,0.0,0.0,0.0
2026-06-09 14:40:28,-1.9993505980808401,0.4450445289765157,0.64899350464992,0.9597642660429617,-2.8042193327659417,2.8765813549935224,-0.8227985856175692,-0.130087875771276,36.848618345607754,37.38593236538965,37.155182409605395,14.0,20.0,36.0,-27.3,0.0,0.0,0.0,0.0,0.0,0.0,0.0,0.0,0.0,0.0
2026-06-09 14:40:29,-0.11321530377794042,-1.6224990224350908,-2.8629142288144824,0.8410487297599691,1.4381064936795394,-1.3305179115549286,-1.4584362185114805,0.7133535217035334,36.73240466183116,37.137985333713175,37.08990389669261,14.0,20.0,36.0,114.6,0.0,0.0,0.0,0.0,0.0,0.0,0.0,0.0,0.0,0.0
2026-06-09 14:40:31,-2.3770793194727613,1.3029528641591508,0.0755910769305097,2.093743753508937,-2.4413627525319463,1.559476500872134,2.433075454499365,-0.718771152062696,36.97556327452871,37.27476361898158,36.8612901812823,14.0,20.0,36.0,-33.6,0.0,0.0,0.0,0.0,0.0,0.0,0.0,0.0,0.0,0.0
2026-06-09 14:40:32,0.8045269612922401,-0.025181017935140382,-0.7502099026670512,2.464634791178171,0.027031601566658736,1.0514247332911077,2.1308318473151946,0.2829614836900971,36.87043799122808,37.191069472966895,37.2523230888249,14.0,20.0,36.0,21.6,0.0,0.0,0.0,0.0,0.0,0.0,0.0,0.0,0.0,0.0
2026-06-09 14:40:33,0.3446014938282307,1.9484456848063516,1.56190678736262,1.1253563401387332,-0.8260411933285092,2.9376370501943807,-0.07755275698285224,0.993513527279597,37.073567896126136,37.15776270842738,37.06497853933583,14.0,20.0,36.0,-89.3,0.0,0.0,0.0,0.0,0.0,0.0,0.0,0.0,0.0,0.0
2026-06-09 14:40:34,-0.829140661244149,2.0912462241142435,-2.2658102941410982,-0.4588583159581354,2.421552341421217,1.0456063403776739,-1.3864265891731078,-2.4459181810005326,36.724942098015426,37.35592565126301,37.259181128685,14.0,20.0,36.0,4.3,0.0,0.0,0.0,0.0,0.0,0.0,0.0,0.0,0.0,0.0
2026-06-09 14:40:35,2.860362959016536,-0.005757272705960048,0.26582392002638855,-0.3794625340082769,-0.18427739890922545,0.5271568207287318,0.5504527859466908,1.4724263030726927,36.60507029372142,36.84018726598855,37.00064462714535,14.0,20.0,36.0,-6.2,0.0,0.0,0.0,0.0,0.0,0.0,0.0,0.0,0.0,0.0
2026-06-09 14:40:36,-1.145523170728952,1.6638771593109816,2.0054529399594756,-1.3415031030986522,-1.3402270331741175,2.198163162437077,-0.6899168393404009,0.30852743475916355,36.74550637225117,36.93733118687198,36.90990527706159,14.0,20.0,36.0,-94.1,0.0,0.0,0.0,0.0,0.0,0.0,0.0,0.0,0.0,0.0
2026-06-09 14:40:38,0.16918214180215596,2.2408560470112935,-1.4653689471756406,2.747789386679499,-0.5984182891458456,1.6082129111744923,-1.2203049857317523,0.6305143240342064,36.76447751982717,36.99418056735907,36.77544752260011,14.0,20.0,36.0,-19.9,0.0,0.0,0.0,0.0,0.0,0.0,0.0,0.0,0.0,0.0
2026-06-09 14:40:39,-2.3734492904947277,-1.5802654205178435,-2.24489813611029,-2.8721678937399115,-2.2355539208542146,1.0994466475229174,-1.801654263694823,-2.6485793848452035,36.816810720872574,37.052969194615955,37.173489160030385,14.0,20.0,36.0,98.6,0.0,0.0,0.0,0.0,0.0,0.0,0.0,0.0,0.0,0.0
2026-06-09 14:40:40,0.4625654099449821,0.5193124496620847,2.298269048059529,-2.898692783094674,0.6233954346245749,-2.202157319684149,-2.2455354799208425,-0.743751445862999,36.833224097386186,37.32238498283704,37.04942001084043,14.0,20.0,36.0,-75.1,0.0,0.0,0.0,0.0,0.0,0.0,0.0,0.0,0.0,0.0
2026-06-09 14:40:41,-0.835085402195606,1.4853513380314007,1.4161771571445172,-2.1799210300861263,-1.6793965773477486,0.39986196065548985,2.73310988501963,0.10355346077277883,36.93431481106215,36.85849438508541,37.135716733493744,14.0,20.0,36.0,-73.5,0.0,0.0,0.0,0.0,0.0,0.0,0.0,0.0,0.0,0.0
2026-06-09 14:40:43,-2.599015927516502,-2.3260340205059333,-1.276782131667521,-0.9668260432954732,-0.14598397623774328,2.1267554802844497,-2.7808156567203746,0.41771478371268955,36.92645459620523,37.24730079163594,37.27646081334989,14.0,20.0,36.0,92.8,0.0,0.0,0.0,0.0,0.0,0.0,0.0,0.0,0.0,0.0
2026-06-09 14:40:44,1.1489635545512673,0.27160631748840913,-2.4111295231625562,2.3029326856044205,-0.05127831188247356,-1.7763509841633454,-0.44197260029014984,-1.1806270845605515,36.605683444310934,36.8573925635023,36.91788419274685,14.0,20.0,36.0,54.2,0.0,0.0,0.0,0.0,0.0,0.0,0.0,0.0,0.0,0.0
2026-06-09 14:40:46,1.4354549710568527,0.5334900446386799,0.06907226617896445,-2.8834499784115595,2.388595646913725,-1.4526227382515708,-0.4969410347869516,2.3644108443308722,36.562599051390386,37.18277501059861,36.846583666841056,14.0,20.0,36.0,-16.6,0.0,0.0,0.0,0.0,0.0,0.0,0.0,0.0,0.0,0.0
2026-06-09 14:40:47,0.311175431090434,-0.17576507012229392,2.428867940684306,1.8319785668538646,2.114765830776305,-1.8232946350920292,-1.393929871171586,0.2925116463700217,37.04323287594121,37.04796160988967,37.05217720433021,14.0,20.0,36.0,-59.9,0.0,0.0,0.0,0.0,0.0,0.0,0.0,0.0,0.0,0.0
2026-06-09 14:40:48,2.9334433732335006,-1.1156176101592372,-2.5151420486939675,-2.0669472714927437,-0.8909277752852969,-0.32591563383341793,-2.2416989862585255,-1.1422759096096982,36.51312020987777,37.28101952479187,37.1519377279105,14.0,20.0,36.0,92.6,0.0,0.0,0.0,0.0,0.0,0.0,0.0,0.0,0.0,0.0
2026-06-09 14:40:49,-2.287532843782927,2.035071560496286,-2.029335555577707,2.5428680969168056,2.051457772402191,1.3970003465726428,-0.3996476892598375,0.5704685356091979,36.72193618459455,37.00444609101094,37.004105534434665,14.0,20.0,36.0,0.4,0.0,0.0,0.0,0.0,0.0,0.0,0.0,0.0,0.0,0.0
2026-06-09 14:40:51,-0.1606333697363267,2.2870152743900816,-0.4709918599002849,-2.995215044764678,-1.5936294235170732,1.9848748331672796,-2.8827625094827534,-0.05303015411628875,36.64233058588892,37.187617571643194,36.90768803482422,14.0,20.0,36.0,-47.4,0.0,0.0,0.0,0.0,0.0,0.0,0.0,0.0,0.0,0.0
2026-06-09 14:40:52,1.0385108520852793,2.8134287852435342,2.53756883759047,0.9774564034769151,-2.3528074083523336,2.2479460616438978,0.43537078968754184,-1.5066948369981112,36.97424147798222,37.240558519587516,36.80663608488322,14.0,20.0,36.0,-100,0.0,0.0,0.0,0.0,0.0,0.0,0.0,0.0,0.0,0.0
2026-06-09 14:40:53,0.36003762641225734,1.098515054315997,-0.4336752214610229,-0.1363315491531929,1.2057385006381551,-2.486198803141276,0.5571159482274899,1.704335923817565,36.66524058644165,37.17324234504432,37.18106670346207,14.0,20.0,36.0,-18.2,0.0,0.0,0.0,0.0,0.0,0.0,0.0,0.0,0.0,0.0
2026-06-09 14:40:54,-0.8686925543360315,-0.4256102401764186,-0.9114327396360347,-1.762229569373788,2.562564278724932,1.7856708003163186,1.9933752547739667,1.4474185790556247,36.7886800632178,36.993992209327104,36.83902603709747,14.0,20.0,36.0,36.5,0.0,0.0,0.0,0.0,0.0,0.0,0.0,0.0,0.0,0.0
2026-06-09 14:40:55,-0.1705247076426435,-0.14943975962662392,-1.0366150981992452,2.401706591168298,0.873729973729084,-2.452954828099891,-0.019714871687691815,0.4645015067554312,36.83929530310755,37.056611345159766,36.77493707810967,14.0,20.0,36.0,29.4,0.0,0.0,0.0,0.0,0.0,0.0,0.0,0.0,0.0,0.0
2026-06-09 14:40:57,0.3074971443727841,2.7018921356436643,-1.7308062183075714,-2.455940783563289,1.7337372273203275,1.975015601646767,2.0766587805372883,-1.6226570669969491,36.634533828229934,37.353297998447204,37.2329787411469,14.0,20.0,36.0,-23.1,0.0,0.0,0.0,0.0,0.0,0.0,0.0,0.0,0.0,0.0
2026-06-09 14:40:58,1.588133424461482,1.541657853064529,2.1524832277045256,-0.6041781997168298,-2.4895384222342978,2.894732224542481,1.4949113665877372,0.9499801630424414,36.55467617900152,37.27859255006518,37.14834336566656,14.0,20.0,36.0,-93.3,0.0,0.0,0.0,0.0,0.0,0.0,0.0,0.0,0.0,0.0
2026-06-09 14:40:59,1.3448346746803974,-1.6338212916288173,-0.1360555660900289,-2.7003668350455996,-1.515101816369298,-2.911288794885156,2.620648302469533,2.5224439204283806,36.73546733841173,36.983250290092876,36.75500534375384,14.0,20.0,36.0,45.6,0.0,0.0,0.0,0.0,0.0,0.0,0.0,0.0,0.0,0.0
2026-06-09 14:41:00,-0.20998631787023925,2.763448112836034,1.4591848541597416,2.8405880222314366,-0.5040839118675384,-1.1182801380680663,-0.27044151537394745,2.7157284419610885,36.710700094244224,37.1736784401109,37.11473601828449,14.0,20.0,36.0,-100,0.0,0.0,0.0,0.0,0.0,0.0,0.0,0.0,0.0,0.0
2026-06-09 14:41:02,-0.6990792779162587,-2.352890096831107,0.6677574750502977,2.8505888428034245,1.7455251406706784,0.9251695905278616,-2.9778222503512373,2.7542975361389184,36.62099594927932,37.15999441757302,36.7883137766613,14.0,20.0,36.0,42.5,0.0,0.0,0.0,0.0,0.0,0.0,0.0,0.0,0.0,0.0
2026-06-09 14:41:03,0.28449992245575473,-0.07586999527080618,-0.24731139907278088,0.3239136440588557,-1.1899699249432691,-2.2056702740068044,-1.3303255521601438,-0.4228105757446561,36.921439546902505,37.366965609717596,36.71543637143324,14.0,20.0,36.0,6.6,0.0,0.0,0.0,0.0,0.0,0.0,0.0,0.0,0.0,0.0
2026-06-09 14:41:04,0.30786324644122365,-2.983281105411125,0.5571616494313605,-0.7411360380852399,-1.057537388131666,1.4344877191241698,-1.1171108099729343,0.27856998499345176,36.62842682825598,37.08037666658939,36.75306744182941,14.0,20.0,36.0,62.9,0.0,0.0,0.0,0.0,0.0,0.0,0.0,0.0,0.0,0.0
2026-06-09 14:41:05,1.8802348494325178,1.6535190347181672,1.8025610880969243,0.05294535802327349,2.6539734406174134,-2.7651696953118936,2.7003684756948285,-0.3607437216136704,36.60115176267894,37.17904847351271,37.11666906536851,14.0,20.0,36.0,-89.4,0.0,0.0,0.0,0.0,0.0,0.0,0.0,0.0,0.0,0.0
2026-06-09 14:41:06,-0.3874265861106796,0.4994565225818297,-0.2717629997884301,-2.3557352864439585,1.6286289448057243,-0.906301819000527,-0.5448709787503452,2.572540787423116,36.81648377412533,37.348298019586174,37.20168394679063,14.0,20.0,36.0,-6.6,0.0,0.0,0.0,0.0,0.0,0.0,0.0,0.0,0.0,0.0
2026-06-09 14:41:08,-0.7681784202705249,-1.1314289866683462,-1.7221736933204608,-1.3586560592310175,1.7711774941351388,-1.8662084542295754,-1.9297130187810592,-0.9139979565102285,36.886584598049,36.91500823817238,36.94869370378804,14.0,20.0,36.0,71.9,0.0,0.0,0.0,0.0,0.0,0.0,0.0,0.0,0.0,0.0
2026-06-09 14:41:09,1.9897247135692702,-2.057955251090192,0.0003497973513262309,-2.0055237911990043,1.0958499607393284,-2.6096618373991474,2.4562240254458487,-0.4014398339348073,36.62896502543993,36.93511490591086,36.781001258897334,14.0,20.0,36.0,53.1,0.0,0.0,0.0,0.0,0.0,0.0,0.0,0.0,0.0,0.0
2026-06-09 14:41:10,1.4297976310611098,0.0007765753691182375,-2.1499939315268852,-0.1302228224720503,-2.3113476463022415,1.2500500139401636,2.7759643522911723,-1.2976390875729427,36.986378085892014,37.15968588950975,37.063261451805566,14.0,20.0,36.0,57.6,0.0,0.0,0.0,0.0,0.0,0.0,0.0,0.0,0.0,0.0
2026-06-09 14:41:11,-1.9395786466524307,-0.5671482832731312,2.491969078499574,2.34655477992989,-2.898058326418612,2.3933127708307946,-0.7376777377526977,0.16187174612208155,36.64984613758334,37.222777938306926,36.74081188757686,14.0,20.0,36.0,-48.9,0.0,0.0,0.0,0.0,0.0,0.0,0.0,0.0,0.0,0.0
2026-06-09 14:41:12,-2.0361634953722154,2.502260706764048,0.9893404610756065,2.270132580837404,-2.192949387993374,1.328657230489532,-1.7622685645681715,2.955658552053708,36.649717989728,36.88972234213274,37.29825218101697,14.0,20.0,36.0,-90.5,0.0,0.0,0.0,0.0,0.0,0.0,0.0,0.0,0.0,0.0
2026-06-09 14:41:13,2.9418820886832195,0.06328622707928444,-1.2933660367956066,2.788993670292453,0.398969935463489,-1.0809509207830903,1.5103031388356296,1.391521918098678,37.04588370795741,37.103100677475,37.18940076848722,14.0,20.0,36.0,32.0,0.0,0.0,0.0,0.0,0.0,0.0,0.0,0.0,0.0,0.0
2026-06-09 14:41:15,-0.30453953947732604,-1.9355935264242625,2.9333183269703085,2.286146131661538,0.7232204530845667,-2.4127086446344657,2.5004481914118273,0.6356377580979049,36.81614254870272,36.95267665809136,37.28763635920479,14.0,20.0,36.0,-25.8,0.0,0.0,0.0,0.0,0.0,0.0,0.0,0.0,0.0,0.0
2026-06-09 14:41:16,0.29601910464755044,2.1130702741684937,-0.13875775010420455,-2.883345138236974,-0.27947202667810345,-2.277662140645985,-0.7088095049913612,-1.7573154572657463,36.90646390047706,37.35555379698451,37.07547762656377,14.0,20.0,36.0,-52.5,0.0,0.0,0.0,0.0,0.0,0.0,0.0,0.0,0.0,0.0
2026-06-09 14:41:18,-0.8929243894990284,-0.33797095610223993,1.754305419081553,0.384494938931903,-0.35268071307315196,-1.933810345559801,-1.83779757729343,-2.622972424855639,36.567755366719545,37.208036724816075,36.99763111439037,14.0,20.0,36.0,-38.5,0.0,0.0,0.0,0.0,0.0,0.0,0.0,0.0,0.0,0.0
2026-06-09 14:41:19,2.308724069879891,1.7335405601257055,0.034734857256379925,0.17186383515762893,0.40488045761471003,1.6369419388071504,-0.9754711300840526,-1.0744600468553862,36.50504122060022,36.975354447599805,37.103979042604834,14.0,20.0,36.0,-45.4,0.0,0.0,0.0,0.0,0.0,0.0,0.0,0.0,0.0,0.0
2026-06-09 14:41:20,-1.8737923691531198,-0.11470233474706326,-2.2706048997470454,-2.6235401197049626,1.5469275800043043,2.826554960556276,1.7756742119197373,-0.020658522965076642,36.87493809499008,37.045607430436355,37.16890162443061,14.0,20.0,36.0,64.0,0.0,0.0,0.0,0.0,0.0,0.0,0.0,0.0,0.0,0.0
2026-06-09 14:41:21,-0.001004747670965589,2.4139318092480497,2.1225556211963053,0.3952220790485397,2.965771059876932,-1.4138045272323412,1.1525991168008876,2.6472504508810317,36.62290478995409,36.86668839078779,36.973640393307384,14.0,20.0,36.0,-100,0.0,0.0,0.0,0.0,0.0,0.0,0.0,0.0,0.0,0.0
2026-06-09 14:41:22,1.7076571461574197,-0.136446637006427,1.098133220509073,-1.4938863304867946,-2.6071649892414968,-0.3107641418715992,-0.6844152145960276,0.07030993088165438,36.60730134738225,37.28749260057299,37.297219746326434,14.0,20.0,36.0,-25.4,0.0,0.0,0.0,0.0,0.0,0.0,0.0,0.0,0.0,0.0
2026-06-09 14:41:23,1.44642374449493,1.2138744834593815,1.8959572378046365,-1.216716689997111,-2.361251764288073,0.7131524296541274,0.1472235385463745,-0.06239050795500667,37.06705478567569,36.807742534504165,36.83311422127413,14.0,20.0,36.0,-80.0,0.0,0.0,0.0,0.0,0.0,0.0,0.0,0.0,0.0,0.0
2026-06-09 14:41:25,0.3567078050982704,-2.1490273352479443,-1.8905204225716408,1.2363631714011278,-2.5106356093307607,1.5878366942765298,-0.6676843782740054,1.974544846751387,37.056824900438286,37.36132479903786,37.21101057063603,14.0,20.0,36.0,104.9,0.0,0.0,0.0,0.0,0.0,0.0,0.0,0.0,0.0,0.0
2026-06-09 14:41:26,-0.1410158401170385,1.6171377201374142,-1.7558299285293786,0.4770869223650802,-2.8365485178923877,1.161336232641398,-1.4830169126985122,-2.665799939349788,37.0896419414966,37.17280880197964,36.75257029037987,14.0,20.0,36.0,3.4,0.0,0.0,0.0,0.0,0.0,0.0,0.0,0.0,0.0,0.0
2026-06-09 14:41:27,-0.6316697360814088,-1.2773428134661702,0.70062424985443,-1.2937433009271713,0.7200944797836573,-1.9867335328463207,1.5120982201191984,-2.581519851939531,36.82467057045565,37.250902524161035,36.74745833949397,14.0,20.0,36.0,14.7,0.0,0.0,0.0,0.0,0.0,0.0,0.0,0.0,0.0,0.0
2026-06-09 14:41:29,-0.39430382122954555,-2.483067530276635,-2.6358035877225685,-1.989952019794785,1.817318814028006,-2.3065949999455007,-2.578063268307659,-0.7160895313598621,36.54668215933568,37.325480145686264,37.146289422244195,14.0,20.0,36.0,129.9,0.0,0.0,0.0,0.0,0.0,0.0,0.0,0.0,0.0,0.0
2026-06-09 14:41:30,0.30387494043491703,0.8783978458423132,-2.1618327705476323,2.094807153983206,1.6819046230657042,-0.2959244119149549,1.1079811295071416,2.6644294027603097,36.93609981266911,37.30391264233864,36.81714923991688,14.0,20.0,36.0,33.6,0.0,0.0,0.0,0.0,0.0,0.0,0.0,0.0,0.0,0.0
2026-06-09 14:41:31,1.1283488464393638,1.9153472112380356,1.8679842604364918,0.5276771718536937,1.7282216924743494,-2.7825695570527675,0.26402388381365594,-1.1798321296416805,36.66102530567615,36.89834915906133,37.295139833625065,14.0,20.0,36.0,-99.1,0.0,0.0,0.0,0.0,0.0,0.0,0.0,0.0,0.0,0.0
2026-06-09 14:41:32,-1.3064717678238205,2.3293414907771224,2.1343564196131926,-2.617228091909209,2.476604530033388,-2.01900835488974,1.41728884630888,-2.5780677452935548,36.5868707876267,37.10500459824902,36.98532619239348,14.0,20.0,36.0,-100,0.0,0.0,0.0,0.0,0.0,0.0,0.0,0.0,0.0,0.0
2026-06-09 14:41:33,1.8649037012187453,1.6040216261919102,0.5357918684583969,2.845786894216608,0.8213035587359334,-1.674468240149296,1.281169158927658,2.256663575107784,36.71310791219831,37.048910999209504,37.03397495373491,14.0,20.0,36.0,-55.5,0.0,0.0,0.0,0.0,0.0,0.0,0.0,0.0,0.0,0.0
2026-06-09 14:41:35,1.4589600673009606,0.5619798793149604,2.969370946118709,2.9357796505701312,0.8233391409465378,-0.4289160311454632,-1.9553857226344034,-0.6516515683919177,36.86151396832057,36.82468971606917,36.76790301062743,14.0,20.0,36.0,-92.5,0.0,0.0,0.0,0.0,0.0,0.0,0.0,0.0,0.0,0.0
2026-06-09 14:41:36,0.8506429388011156,-1.7597498052138179,0.45608539088427147,0.6117486172232258,-1.6231715071204114,2.6426025990653432,0.5620437438687467,0.2091719153491467,36.754759105869724,36.86967412003548,37.16586422800613,14.0,20.0,36.0,35.3,0.0,0.0,0.0,0.0,0.0,0.0,0.0,0.0,0.0,0.0
2026-06-09 14:41:37,1.2181872076363138,-1.4992406651586558,-2.819306483665509,-1.394373954226894,0.9818123085015564,-2.6840094578063054,-2.4112830452473846,2.6155789928654896,36.89210644959205,37.10130888553179,36.715045260754685,14.0,20.0,36.0,109.1,0.0,0.0,0.0,0.0,0.0,0.0,0.0,0.0,0.0,0.0
2026-06-09 14:41:38,-0.5653072118516089,1.7242051707498636,1.9364066776245297,1.515287612877949,1.09902161212392,2.2143825847834755,-0.14130416393711487,2.6747473802383155,36.6473619754084,37.19050510082926,36.78548471450539,14.0,20.0,36.0,-93.6,0.0,0.0,0.0,0.0,0.0,0.0,0.0,0.0,0.0,0.0
2026-06-09 14:41:40,-0.3788082777600712,1.4309111979539093,-0.16291953804847514,-1.0943123500807221,1.9717382651956745,1.3552203293418348,1.403046249672224,2.697531580209625,36.756014447199654,37.046826256068904,37.002345163159696,14.0,20.0,36.0,-31.4,0.0,0.0,0.0,0.0,0.0,0.0,0.0,0.0,0.0,0.0
2026-06-09 14:41:41,0.7105658157350581,-1.414481235527509,-0.23904900385013939,-0.47638245160056725,-1.3371925222191687,-0.5966560233827769,-2.485639266221303,0.9674814684324771,36.551669407373716,36.85837119192715,36.81228163559363,14.0,20.0,36.0,41.2,0.0,0.0,0.0,0.0,0.0,0.0,0.0,0.0,0.0,0.0
2026-06-09 14:41:42,2.9936514634530518,1.0995486104796681,1.6290063873317786,0.6937671997293915,1.7276459262557964,2.34819521435059,0.2911281347512391,-0.04926833039121181,36.56880502028988,36.99596092137548,37.21660830700725,14.0,20.0,36.0,-69.2,0.0,0.0,0.0,0.0,0.0,0.0,0.0,0.0,0.0,0.0
2026-06-09 14:41:43,0.1315587132608016,0.1434791449276256,-2.7790788758732727,-1.5949826740024702,-2.725265409941514,0.5979786334830024,-2.278225828665465,0.6441128361385315,36.817499801113776,37.33529561553737,36.736473638883666,14.0,20.0,36.0,67.3,0.0,0.0,0.0,0.0,0.0,0.0,0.0,0.0,0.0,0.0
2026-06-09 14:41:44,2.220941697765726,0.6170945879796514,-0.4949080859554362,-0.5460941495460365,0.34481689917993075,-0.9195094067863185,0.7697120423077939,0.4168036476285364,36.67172638328685,37.03987538965752,37.17619413737178,14.0,20.0,36.0,-3.2,0.0,0.0,0.0,0.0,0.0,0.0,0.0,0.0,0.0,0.0
2026-06-09 14:41:45,-0.012242766826540574,-0.9195198125617274,-0.13975466205002274,0.5361726662857542,0.7832003423641307,1.3900846785274998,2.8149076296255426,-0.9178387648682671,37.062031314995245,37.254399029659105,37.29214185851371,14.0,20.0,36.0,29.5,0.0,0.0,0.0,0.0,0.0,0.0,0.0,0.0,0.0,0.0
2026-06-09 14:41:47,2.3913059118061772,-1.8376548516519813,-0.7209756982796911,1.9505180766992165,2.7575782225613956,0.2561455484377446,0.38754320175789214,1.059234078171345,36.51056688430829,37.1792807077309,36.76966442586902,14.0,20.0,36.0,66.5,0.0,0.0,0.0,0.0,0.0,0.0,0.0,0.0,0.0,0.0
2026-06-09 14:41:48,-0.1761926178077471,-1.908637697937444,1.8248278617221274,-1.8005559268899014,-0.47077043795551266,1.8432750141886327,1.5071785428088544,-2.1973215852699672,37.08956416710589,37.39612068841897,36.81715610589375,14.0,20.0,36.0,3.8,0.0,0.0,0.0,0.0,0.0,0.0,0.0,0.0,0.0,0.0
2026-06-09 14:41:49,2.186609513791314,1.4177995787780215,2.015941826285493,1.73384452270151,0.3066835485337629,1.741324271853867,-1.7823858149861873,-0.7225421484790644,36.991514594275785,36.92249759095306,37.26848072359422,14.0,20.0,36.0,-88.8,0.0,0.0,0.0,0.0,0.0,0.0,0.0,0.0,0.0,0.0
2026-06-09 14:41:50,1.5287687516616746,2.887509666059872,-2.13638717541956,0.07654685057084798,-1.7096174105167738,-1.0770210667678874,0.08433468377885944,-1.7297451666070045,36.526675337410474,37.05849039681161,37.09966743064522,14.0,20.0,36.0,-19.9,0.0,0.0,0.0,0.0,0.0,0.0,0.0,0.0,0.0,0.0
2026-06-09 14:41:51,-0.4250666565172829,2.8458125540861605,0.6981776504820574,-0.06149341950600151,2.773107541612413,2.876671964333106,-0.5681453564066046,2.595702899263017,36.79886576567665,36.87426852107063,37.28713144145637,14.0,20.0,36.0,-90.5,0.0,0.0,0.0,0.0,0.0,0.0,0.0,0.0,0.0,0.0
2026-06-09 14:41:53,2.635274321022762,-2.3566458161480472,1.1610317140802184,0.9248806388796798,-2.821436861279377,-0.6882338181150351,2.412153328167517,0.1953490069101358,36.86545785991379,36.94068655443257,37.195150946966685,14.0,20.0,36.0,31.8,0.0,0.0,0.0,0.0,0.0,0.0,0.0,0.0,0.0,0.0
2026-06-09 14:41:54,1.0213737353262413,-0.3848822521853199,-1.7780570030171972,2.9773720712634706,-2.476404532145005,0.6627619198700359,-1.835106214091176,0.40486191253183446,36.68377573822921,37.1013325001366,37.11591694119526,14.0,20.0,36.0,55.3,0.0,0.0,0.0,0.0,0.0,0.0,0.0,0.0,0.0,0.0
2026-06-09 14:41:56,1.233405920687015,0.7042868769657309,-1.043145649165135,0.7658566960796933,1.342778594190901,0.08139031202052127,-1.294636532512132,-2.5972847824459073,36.51535818818071,37.20039313750061,36.803713561735414,14.0,20.0,36.0,8.2,0.0,0.0,0.0,0.0,0.0,0.0,0.0,0.0,0.0,0.0
2026-06-09 14:41:57,1.5699972009401222,1.8174023832839996,-0.034060461334015635,-1.6379033655087099,-1.8052304013815939,-1.9467751997109097,2.448924492497726,-2.247424927780031,36.727678859658006,36.873955061018265,37.185623637359264,14.0,20.0,36.0,-45.9,0.0,0.0,0.0,0.0,0.0,0.0,0.0,0.0,0.0,0.0
2026-06-09 14:41:58,-2.547212922270993,-1.261394407074459,0.27036423584122504,1.1068208703667866,2.997163938144988,1.7057759996773383,1.0814167759630111,-0.4020824151634588,36.638576495199985,37.26337539915055,36.995115325926555,14.0,20.0,36.0,27.0,0.0,0.0,0.0,0.0,0.0,0.0,0.0,0.0,0.0,0.0
2026-06-09 14:41:59,-1.0544710659813887,-1.1316501528261367,-1.8670267083160144,1.4278919932032768,-2.7861885083750257,-2.0099222085472768,0.21935868355202226,-2.7134200610453316,36.63249366314272,36.906775593607584,36.885038754321954,14.0,20.0,36.0,76.6,0.0,0.0,0.0,0.0,0.0,0.0,0.0,0.0,0.0,0.0
2026-06-09 14:42:00,0.24024526156356396,-1.1374642951490141,2.7370141552531297,-0.11438273476860061,-2.606903063139899,-2.2313208669493934,-2.88286514366448,1.6771958765475627,36.79143324796457,36.90198592899931,36.962399459919816,14.0,20.0,36.0,-43.9,0.0,0.0,0.0,0.0,0.0,0.0,0.0,0.0,0.0,0.0
2026-06-09 14:42:02,1.307701184766417,-1.640815383531118,-2.8857012682833463,-2.462424404800349,-1.95940301758811,0.9599191427965525,2.0628512029148176,2.659962580351193,36.93484069133942,37.253318092729984,37.15913801362664,14.0,20.0,36.0,118.6,0.0,0.0,0.0,0.0,0.0,0.0,0.0,0.0,0.0,0.0
2026-06-09 14:42:03,-2.024432767482754,-2.217444585968842,-0.943479090656818,1.7640934629214264,1.6556323493693519,-2.37768774957907,-1.0814065231321985,-2.3870774983013643,37.05471899675118,37.38477227560489,36.939697868503565,14.0,20.0,36.0,80.0,0.0,0.0,0.0,0.0,0.0,0.0,0.0,0.0,0.0,0.0
2026-06-09 14:42:04,2.5859080002909502,1.4668840423270204,-2.430404730865393,-1.763540428601782,2.4043941610925064,2.1007074263210717,-2.4928814850634393,-1.019099683003097,37.09572753887898,37.25466455988753,36.835775506652524,14.0,20.0,36.0,24.7,0.0,0.0,0.0,0.0,0.0,0.0,0.0,0.0,0.0,0.0
2026-06-09 14:42:05,2.0628993990278426,2.18845824137272,1.9534824946548568,-2.230880948472488,1.002805002645463,0.42585226200021786,1.2345298897988082,2.3959495592717968,36.94827923653548,36.95205556630843,36.942493993836,14.0,20.0,36.0,-100,0.0,0.0,0.0,0.0,0.0,0.0,0.0,0.0,0.0,0.0
2026-06-09 14:42:06,-0.18092439445601594,-0.5420368147872456,1.6395599497315247,1.0112873108035725,0.09968257855499907,0.6728164460916997,0.6965429127315281,0.23391113852526102,36.64938456310628,37.059197002386824,36.95449717069931,14.0,20.0,36.0,-27.7,0.0,0.0,0.0,0.0,0.0,0.0,0.0,0.0,0.0,0.0
2026-06-09 14:42:08,2.0997847920090154,1.483250567989801,-2.8443944087568567,1.6761743471398036,0.36132454867628194,1.1582839529281026,-0.6140429721020846,-2.6579402238037293,36.99629045577279,37.234960298267644,36.89176942539019,14.0,20.0,36.0,35.5,0.0,0.0,0.0,0.0,0.0,0.0,0.0,0.0,0.0,0.0
2026-06-09 14:42:09,-0.720163125715259,-2.4433234597018663,-2.4863823563339222,-0.03947253924232719,-1.3966453837810413,1.7262363086483958,-1.7454453551897249,0.7547060427126127,36.797032359536615,37.21018472985656,37.22355859974876,14.0,20.0,36.0,127.5,0.0,0.0,0.0,0.0,0.0,0.0,0.0,0.0,0.0,0.0
2026-06-09 14:42:10,0.9264688111385504,0.14552777125831717,2.0260024437407127,-2.8685645845691443,1.7516727503739702,0.8636409226129977,-0.7443599913327801,-1.9654592346198225,36.545559246942084,37.10582175014241,36.82177649917977,14.0,20.0,36.0,-56.1,0.0,0.0,0.0,0.0,0.0,0.0,0.0,0.0,0.0,0.0
2026-06-09 14:42:11,-0.928859823482235,2.617689307789986,0.2650391733162687,-0.20870471814375513,1.9202442860988898,1.3595201540837172,0.9493611479847655,2.3985832728978957,36.91425152141592,37.24795892761072,36.81935877176624,14.0,20.0,36.0,-73.4,0.0,0.0,0.0,0.0,0.0,0.0,0.0,0.0,0.0,0.0
2026-06-09 14:42:13,0.3060749023888789,0.7737739975836675,-2.3588750279036788,-0.24510072405309646,2.5655018360937785,-0.6433731253758541,-2.674297898796889,-0.16204059223263823,36.90697024547106,37.35863624883728,36.80561349960264,14.0,20.0,36.0,39.3,0.0,0.0,0.0,0.0,0.0,0.0,0.0,0.0,0.0,0.0
2026-06-09 14:42:14,0.4066715726861698,-2.206781783465112,2.7104725611041864,2.7647069962758897,-0.5483414107960556,2.0297614576303875,0.11738536129474841,-0.7279655456584053,37.01198006615078,37.352513192212626,37.102936263384876,14.0,20.0,36.0,-12.0,0.0,0.0,0.0,0.0,0.0,0.0,0.0,0.0,0.0,0.0
2026-06-09 14:42:15,2.1287255340436406,-0.11241483242127615,-0.06907755748132871,2.9756789153551075,-0.7200871240017852,2.624936638341449,-2.351782140873379,-1.196283737761455,36.90130422286456,36.88643828576244,37.24711117655776,14.0,20.0,36.0,4.8,0.0,0.0,0.0,0.0,0.0,0.0,0.0,0.0,0.0,0.0
2026-06-09 14:42:16,0.36457940817251666,-2.805567260890519,0.7360578001740414,0.5652954164551112,-1.7446926214747023,1.8136548620225987,1.388210381236032,1.2109953384313297,36.81869161912277,36.804080892601576,36.82757996805453,14.0,20.0,36.0,55.1,0.0,0.0,0.0,0.0,0.0,0.0,0.0,0.0,0.0,0.0
2026-06-09 14:42:18,2.7809466400898604,0.5844609261989722,-2.9571125668991347,0.707269884517002,-2.8995506280377605,2.2477251589776017,0.3002658553425954,-1.2943566197556526,36.532065189376326,36.81249428240081,37.21201376793804,14.0,20.0,36.0,62.6,0.0,0.0,0.0,0.0,0.0,0.0,0.0,0.0,0.0,0.0
2026-06-09 14:42:19,-2.6643812765119677,2.409002247109477,-0.13029889594025956,-1.5716541828650907,2.992922728190676,-1.8842591634890962,-2.2977222505947523,-2.1242173527307564,36.710593087317676,36.849583120183915,37.01833837789039,14.0,20.0,36.0,-61.0,0.0,0.0,0.0,0.0,0.0,0.0,0.0,0.0,0.0,0.0
2026-06-09 14:42:20,-1.744903047329505,-2.974337308295571,-2.3442754430707056,0.02374632249720854,1.3209586797011665,1.8420285010176238,1.7478199065180409,0.5476101690776649,36.62066537741889,37.00625637334855,37.28098219691837,14.0,20.0,36.0,139.3,0.0,0.0,0.0,0.0,0.0,0.0,0.0,0.0,0.0,0.0
2026-06-09 14:42:22,-2.8417223095768,2.7752614965571727,-0.6230784895232335,1.7605000778983984,0.32247033533682457,1.403875974299261,-2.909689617680846,-2.3413894581404153,37.055023614350745,36.97238580184251,36.938828262802375,14.0,20.0,36.0,-56.4,0.0,0.0,0.0,0.0,0.0,0.0,0.0,0.0,0.0,0.0
2026-06-09 14:42:23,0.003710414353669478,0.15110810175807288,2.348193094462677,0.2238545627980324,-1.619953629611198,-0.4471469643524397,0.10435405343863469,0.8869746990925851,36.996106163924345,37.1585413364591,37.299555750227924,14.0,20.0,36.0,-64.8,0.0,0.0,0.0,0.0,0.0,0.0,0.0,0.0,0.0,0.0
2026-06-09 14:42:24,-2.8780209713363627,-2.6935888903320517,-2.8214170654391495,-2.100235990153724,0.3372194890656699,0.40950996371448145,-1.8701281712890354,-0.24681181467575541,37.04304148094755,37.06822188175767,36.9633421796994,14.0,20.0,36.0,141.9,0.0,0.0,0.0,0.0,0.0,0.0,0.0,0.0,0.0,0.0
2026-06-09 14:42:25,-0.523314683167277,1.53185966618212,1.3735828691502663,-0.21602384939950614,-0.9442166681724711,-2.0979367579749013,0.37099202070841164,2.929535411317546,36.8112295512699,37.32674933452075,36.93618728535653,14.0,20.0,36.0,-76.0,0.0,0.0,0.0,0.0,0.0,0.0,0.0,0.0,0.0,0.0
2026-06-09 14:42:26,-1.6889710301128087,2.8589280819325253,-2.612960100437098,-0.9086360007482126,-2.2363199330292534,1.3460528593159093,-2.682854097209505,2.0527647328928396,36.82711315580761,36.88933616442607,37.05792614413932,14.0,20.0,36.0,-7.0,0.0,0.0,0.0,0.0,0.0,0.0,0.0,0.0,0.0,0.0
2026-06-09 14:42:28,0.30221735092062474,1.0119249595514237,-2.1660713151331965,-0.046294465066784696,2.525416019914884,0.38283049996296237,-2.695168160781561,-1.8642991243982328,36.660873768052646,36.801257461264534,37.04006447590523,14.0,20.0,36.0,28.7,0.0,0.0,0.0,0.0,0.0,0.0,0.0,0.0,0.0,0.0
2026-06-09 14:42:29,-2.4517663541386563,-0.8403923106579692,-2.4900948458219183,2.574478018114009,-1.1948495409626938,-1.1283706412300918,0.5847311198228837,0.554207291699023,36.73835504740374,36.92364596161715,36.94814291773719,14.0,20.0,36.0,85.8,0.0,0.0,0.0,0.0,0.0,0.0,0.0,0.0,0.0,0.0
2026-06-09 14:42:30,2.89801645117981,2.6069335964130476,0.8585432393278492,2.7524593116722063,0.8858289222210751,-2.2171493674267615,1.2767265222130941,-2.7649075788712443,36.790412673006266,36.81746944159448,37.24073694818498,14.0,20.0,36.0,-90.1,0.0,0.0,0.0,0.0,0.0,0.0,0.0,0.0,0.0,0.0
2026-06-09 14:42:31,2.98083454640173,1.1057000593743247,0.7397176238471901,-1.6749665924932118,-0.896753876534806,-0.44741881461090793,0.9874772286900835,-1.2101308610979065,37.09982169633975,37.00905757506806,36.77663423715649,14.0,20.0,36.0,-47.4,0.0,0.0,0.0,0.0,0.0,0.0,0.0,0.0,0.0,0.0
2026-06-09 14:42:32,0.9044849613964194,-1.0689248990813895,-0.9161055341428797,1.6178610162575922,-2.9067556877464664,1.7309262249983046,-2.1844821848487985,-0.2631053167485966,36.91154320440727,36.935368498300996,37.18471998594895,14.0,20.0,36.0,51.1,0.0,0.0,0.0,0.0,0.0,0.0,0.0,0.0,0.0,0.0
2026-06-09 14:42:34,-2.1582853495642635,-2.8721911931965307,0.7156553567083961,0.4384974299034674,-1.2525209115799343,0.011827875814547362,1.648078051807345,1.570871662626402,37.053097927752184,37.090857223444615,36.999547019998154,14.0,20.0,36.0,56.6,0.0,0.0,0.0,0.0,0.0,0.0,0.0,0.0,0.0,0.0
2026-06-09 14:42:35,-2.5409030905789693,0.9182037488429029,1.026348092208261,2.2957174159753766,2.1866222557254202,0.541647823032692,1.527126800676557,-2.2218835193170685,36.67465889862097,37.39052958006435,36.9321572579636,14.0,20.0,36.0,-49.2,0.0,0.0,0.0,0.0,0.0,0.0,0.0,0.0,0.0,0.0
2026-06-09 14:42:36,-0.5583394481323531,0.3935821563265396,-1.238767195665568,0.9462795051387429,-0.7643380676070182,1.036433857577551,-0.06962848344628725,-0.9742245764686208,36.658764348357586,36.89194527323432,37.28450806385897,14.0,20.0,36.0,22.3,0.0,0.0,0.0,0.0,0.0,0.0,0.0,0.0,0.0,0.0
2026-06-09 14:42:37,2.5884090155656745,-1.0551198153747101,0.6983250379393562,2.760393504674382,-0.3842330071690432,0.41402811411671436,0.11202395107955931,-1.6977194368640605,36.6738960374171,37.27317792936475,36.9649903439256,14.0,20.0,36.0,9.5,0.0,0.0,0.0,0.0,0.0,0.0,0.0,0.0,0.0,0.0
2026-06-09 14:42:38,0.5450014725066272,-0.313436124101814,0.779126003188467,-1.013169152801333,2.456373481047301,-0.4742402607622185,-2.2408997155905843,1.1553277090008578,36.62665841505674,37.26971211605373,37.23441482323321,14.0,20.0,36.0,-13.4,0.0,0.0,0.0,0.0,0.0,0.0,0.0,0.0,0.0,0.0
2026-06-09 14:42:40,2.283997683987266,0.1726399516933852,-1.2702691488310052,0.59241581300883,2.7298926476637417,-1.4091812649614734,2.7637573831575075,-1.3766904184224529,37.0550382047708,37.36420512310185,37.1886781484492,14.0,20.0,36.0,29.1,0.0,0.0,0.0,0.0,0.0,0.0,0.0,0.0,0.0,0.0
2026-06-09 14:42:41,-2.310838952911025,-2.4431803884937877,2.095591302898109,-2.8075460557662533,-2.890881873632879,2.0029764853665126,-2.2791058797965738,1.080739253725726,36.94273272748592,37.06564553782933,37.246235471199455,14.0,20.0,36.0,8.8,0.0,0.0,0.0,0.0,0.0,0.0,0.0,0.0,0.0,0.0
2026-06-09 14:42:43,-1.5094362446008402,-2.9174971110726586,1.3270230828090082,-0.7826137554189119,-1.7936705226605216,0.30245741360838885,-2.9761073347222555,2.554179828356091,36.807938358096145,36.95516214858346,36.89016997681938,14.0,20.0,36.0,39.8,0.0,0.0,0.0,0.0,0.0,0.0,0.0,0.0,0.0,0.0
2026-06-09 14:42:44,-2.9795317463330697,-2.1960658519588367,-1.5509221445686199,-1.4202204284640445,-1.5290662900164789,2.6667430181840253,2.784048556990485,-1.0606565829788608,36.97738774990357,37.02021627651365,36.82762052275263,14.0,20.0,36.0,99.6,0.0,0.0,0.0,0.0,0.0,0.0,0.0,0.0,0.0,0.0
2026-06-09 14:42:45,0.5997354501787786,1.4591224607532363,-2.2735711616079897,-2.4409420046487202,2.3119699474297466,1.2690511388488748,-0.729931215118178,-2.2220167358864114,36.775173426484194,36.98407816048465,36.85211562230271,14.0,20.0,36.0,21.3,0.0,0.0,0.0,0.0,0.0,0.0,0.0,0.0,0.0,0.0
2026-06-09 14:42:46,-2.197453260717638,-1.6092536013527736,2.6721439987364066,-0.7156683493852087,0.8818979914550984,-1.8150629782991043,-2.980238295937439,-0.5851054606210093,36.98535077460335,37.027330281028824,37.103272518816354,14.0,20.0,36.0,-29.9,0.0,0.0,0.0,0.0,0.0,0.0,0.0,0.0,0.0,0.0
2026-06-09 14:42:47,1.9897319114467313,-1.3379888693399435,-1.9874680613409055,-1.2380277518058023,0.81246284266197,-0.09457107411071108,-2.7371323107666026,-0.754818335462148,37.03900741048074,36.93582192401702,36.85472334848704,14.0,20.0,36.0,84.6,0.0,0.0,0.0,0.0,0.0,0.0,0.0,0.0,0.0,0.0
2026-06-09 14:42:49,0.5035375587702844,-1.054771666783514,0.7124460294263453,1.7130586985471226,-0.9813583020787888,2.974798492842001,2.306202031235106,-1.5969735202730149,36.810873444023315,36.87276145380713,36.878572790673395,14.0,20.0,36.0,11.5,0.0,0.0,0.0,0.0,0.0,0.0,0.0,0.0,0.0,0.0
2026-06-09 14:42:50,-0.8756489980858428,-0.7516502839578729,-0.34539842557933076,1.3749041581949175,0.6046929947997546,-2.947114429481588,0.5439748819053385,1.0840868269298394,36.58294903223062,37.39077853808708,37.025212568929206,14.0,20.0,36.0,27.2,0.0,0.0,0.0,0.0,0.0,0.0,0.0,0.0,0.0,0.0
2026-06-09 14:42:51,-0.8160184326363611,0.7155373460654024,2.6496342693196357,-0.6684087047054783,0.40476129951327255,2.010737252345246,0.18938179618582307,0.5881146407135436,36.645046599293366,37.10254408519955,36.90408836699287,14.0,20.0,36.0,-85.9,0.0,0.0,0.0,0.0,0.0,0.0,0.0,0.0,0.0,0.0
2026-06-09 14:42:52,1.6089199480498344,0.947478098570365,2.7789347079390723,-2.085835327577861,0.4638635731721461,0.6569074956106027,-2.2832080944774953,1.1029219363319243,36.732570447956725,37.232383838140336,37.0674224090971,14.0,20.0,36.0,-97.2,0.0,0.0,0.0,0.0,0.0,0.0,0.0,0.0,0.0,0.0
2026-06-09 14:42:53,-0.4155347604209112,-2.4113588796384775,0.8314066723896025,0.6676763965163968,1.6949930488884295,-2.3345454205582366,-0.5757833008581574,2.703982420316425,36.89447117311444,37.05920729408703,37.27400583995496,14.0,20.0,36.0,39.4,0.0,0.0,0.0,0.0,0.0,0.0,0.0,0.0,0.0,0.0
2026-06-09 14:42:54,0.21949114706891892,2.032230357948883,-1.3794154509697176,-2.9445473742778794,-0.25928407006531007,-2.3278484349731356,0.2523175342783759,1.439168122033963,37.01489051396052,36.9126111540987,36.81650530129269,14.0,20.0,36.0,-17.9,0.0,0.0,0.0,0.0,0.0,0.0,0.0,0.0,0.0,0.0
2026-06-09 14:42:56,2.31817984123557,0.46049226161171175,-2.792685640956143,1.2407911532224043,0.027690375455443395,-2.6297492232765167,-0.9233628262940652,-1.4521227239717422,36.82931157187372,37.12472800813621,36.8527751240931,14.0,20.0,36.0,58.5,0.0,0.0,0.0,0.0,0.0,0.0,0.0,0.0,0.0,0.0
2026-06-09 14:42:57,1.5798952574622476,2.0720128029281293,-0.3813266224161369,1.5249139193037893,-0.9914454194111761,-2.425247599941664,1.366256872808683,0.7434427097945759,36.96043322740944,36.98747362563933,37.061861700451345,14.0,20.0,36.0,-44.2,0.0,0.0,0.0,0.0,0.0,0.0,0.0,0.0,0.0,0.0
2026-06-09 14:42:58,-1.3722484122112453,-1.8548217901314135,1.4482110380692346,2.5275603133575135,-0.4052976873902656,-2.530112031564729,2.557332819624947,-0.0020852154082442453,37.00136187959007,37.35322927532416,36.835170503596984,14.0,20.0,36.0,10.5,0.0,0.0,0.0,0.0,0.0,0.0,0.0,0.0,0.0,0.0
2026-06-09 14:42:59,1.6045947553313233,0.3749010069298633,0.15469442040402548,-1.6141706636427293,-0.6035830994965226,1.9588628078830954,-2.5464410631121135,1.9011471223379264,36.70924528528582,36.867793073224775,37.195052165484256,14.0,20.0,36.0,-14.0,0.0,0.0,0.0,0.0,0.0,0.0,0.0,0.0,0.0,0.0
2026-06-09 14:43:00,0.04969771082923735,-1.210626288344685,-0.40866807518401016,1.0155363960276418,-2.0212638454162475,0.20268479850714627,1.6476390718515859,-0.10575284774126947,36.58728825807323,37.269817501720816,37.050870325772564,14.0,20.0,36.0,42.8,0.0,0.0,0.0,0.0,0.0,0.0,0.0,0.0,0.0,0.0
2026-06-09 14:43:02,2.395258998457061,-0.41899852915227687,-0.5974882736895548,-0.5963245984683518,2.2395232903837785,-2.6222697424729824,-2.610746231697634,1.7317688139912857,36.54993659368205,37.09088299992906,37.02172373045083,14.0,20.0,36.0,23.7,0.0,0.0,0.0,0.0,0.0,0.0,0.0,0.0,0.0,0.0
2026-06-09 14:43:03,1.5379543854976738,1.4906293156298087,-2.9289110363141013,1.5292150659882875,0.749855208718273,1.1025555173460404,-2.7286225341039003,-1.6740645588352618,36.99646019251396,37.233966995177646,36.86796657805692,14.0,20.0,36.0,36.4,0.0,0.0,0.0,0.0,0.0,0.0,0.0,0.0,0.0,0.0
2026-06-09 14:43:04,0.32160575488488785,-0.935008921201911,-0.030835000865581108,-2.5894318694743017,-1.9087557134131459,1.8822792640188366,2.251692517778194,1.47943354719877,36.76202075739944,37.04260884693541,37.29184167008577,14.0,20.0,36.0,27.0,0.0,0.0,0.0,0.0,0.0,0.0,0.0,0.0,0.0,0.0
2026-06-09 14:43:05,-2.3331873699815366,1.2189491227628952,0.45478650106375307,2.488194480146994,1.343127331626107,1.9869681086674547,1.734167499856845,1.0452673832809474,36.52386039029585,36.94440995375118,36.77339019046737,14.0,20.0,36.0,-41.4,0.0,0.0,0.0,0.0,0.0,0.0,0.0,0.0,0.0,0.0
2026-06-09 14:43:07,2.186289234456769,1.284350940285993,-1.8585933504409418,0.05744721641832218,-0.2587512380617101,-0.6118829636072993,1.4967883017675891,-1.4339035757621983,36.95094625297648,37.39976610331071,36.82297302624032,14.0,20.0,36.0,15.3,0.0,0.0,0.0,0.0,0.0,0.0,0.0,0.0,0.0,0.0
2026-06-09 14:43:08,2.448350715460407,-0.40136671834047943,2.5239102225497128,-1.6562831611528215,-2.993448575565047,-1.7612484373647364,-1.9170263484082952,-1.0172055124062134,36.87893649622728,37.13918702765419,37.2175577846292,14.0,20.0,36.0,-56.7,0.0,0.0,0.0,0.0,0.0,0.0,0.0,0.0,0.0,0.0
2026-06-09 14:43:09,-0.5383695250759231,1.2565025005197628,1.2558670978849982,2.7803906218759273,1.3221213092183897,2.2660721526866867,-0.534504072858315,-0.1750687074733719,36.64951203575593,36.99389129771539,36.706356061798395,14.0,20.0,36.0,-64.1,0.0,0.0,0.0,0.0,0.0,0.0,0.0,0.0,0.0,0.0
2026-06-09 14:43:10,2.344820800247227,1.6822207140461156,-2.0568446800554643,-0.3023508219204851,-1.3304505370905944,-1.6272106541834928,-2.407272208436979,0.5615980534679079,36.69973775931623,37.262921667370364,36.94154903965747,14.0,20.0,36.0,7.7,0.0,0.0,0.0,0.0,0.0,0.0,0.0,0.0,0.0,0.0
2026-06-09 14:43:12,1.5256511646857343,-1.696954380921032,-2.351909784297497,-2.7916987046037267,1.3452161572318095,-1.1394428215202095,0.20456967545147586,-1.921053552094324,36.935351968575816,37.399538755998634,37.17710246425919,14.0,20.0,36.0,104.2,0.0,0.0,0.0,0.0,0.0,0.0,0.0,0.0,0.0,0.0
2026-06-09 14:43:13,-0.5392301145518141,1.318593912076393,-1.4696129590338274,2.095787039017517,-2.3569822305928376,0.14821371801881122,-0.3443161079735484,2.693922715806707,36.844518017898885,37.24576011406034,37.143284432554275,14.0,20.0,36.0,3.8,0.0,0.0,0.0,0.0,0.0,0.0,0.0,0.0,0.0,0.0
2026-06-09 14:43:14,2.280369124584422,-2.009908535065058,2.6777821294385404,-2.34956985659327,0.3405057932046125,0.051137401120604054,-2.3625389989316297,0.6111964194418711,36.55186608568836,37.23785650730678,37.2589036540953,14.0,20.0,36.0,-18.4,0.0,0.0,0.0,0.0,0.0,0.0,0.0,0.0,0.0,0.0
2026-06-09 14:43:15,1.9171472643229546,1.7926477277347352,0.04108936155939835,-1.6125599684751986,2.9644391670797106,-2.5855886613908634,-1.2759267968396173,-2.0424466584530583,37.08275178802949,37.15678300477409,37.15750708168151,14.0,20.0,36.0,-49.3,0.0,0.0,0.0,0.0,0.0,0.0,0.0,0.0,0.0,0.0
2026-06-09 14:43:16,0.11656555461420881,1.871692465527869,2.661540164488728,-2.79369724741288,-1.2133250410045981,-0.012521668533212349,-2.967622903100617,2.077431171293153,36.73530293700469,37.32647689885126,37.023953957760874,14.0,20.0,36.0,-100,0.0,0.0,0.0,0.0,0.0,0.0,0.0,0.0,0.0,0.0
2026-06-09 14:43:18,-0.9862688825076904,-1.9121818395436305,-1.1098152184868897,2.44972974872472,0.8116223449241247,1.6888175289045702,2.6373280884049306,2.5342511317348686,36.73672798810748,37.047082674728244,36.93827723964027,14.0,20.0,36.0,80.3,0.0,0.0,0.0,0.0,0.0,0.0,0.0,0.0,0.0,0.0
2026-06-09 14:43:19,0.9942635734088876,0.9365958753434658,2.335844403066197,0.061533869758476634,-2.085292407774549,-0.7819537978350448,-0.3848304011591921,2.512410646992109,36.90380447065884,37.18495812571368,36.95023020727897,14.0,20.0,36.0,-85.2,0.0,0.0,0.0,0.0,0.0,0.0,0.0,0.0,0.0,0.0
2026-06-09 14:43:20,0.16478705672919158,0.17789215304496242,1.7886724357239716,-1.5852408261674853,0.1726897441786428,-0.12052440769371398,-2.892266607115457,-1.220234222414956,36.55912686962424,36.89462293355378,36.91548432200216,14.0,20.0,36.0,-52.4,0.0,0.0,0.0,0.0,0.0,0.0,0.0,0.0,0.0,0.0
2026-06-09 14:43:21,2.6677895555818685,0.8196593862112582,-2.083806230430092,0.3615216681080806,1.0041060249224731,1.611629574534029,2.704324357230016,-2.7407987115916947,37.055814018628546,37.076793601612266,36.92873982331033,14.0,20.0,36.0,34.8,0.0,0.0,0.0,0.0,0.0,0.0,0.0,0.0,0.0,0.0
2026-06-09 14:43:22,-0.8869408309728568,-0.4761494564600195,0.9177335724466582,-0.8391650074604029,-1.9474141572473551,-1.457813505119041,-0.6588231398220858,2.7292323813589823,36.76595271778938,36.91469494631675,36.70859184743119,14.0,20.0,36.0,-12.5,0.0,0.0,0.0,0.0,0.0,0.0,0.0,0.0,0.0,0.0
2026-06-09 14:43:24,-2.716668084584426,0.5834384780055868,1.973855374842369,0.08995691291428987,-0.3050914094467778,-1.5417256013580496,-2.62368254410228,-0.7591168867302676,37.03682145552719,37.29325790792508,36.86060507268314,14.0,20.0,36.0,-68.2,0.0,0.0,0.0,0.0,0.0,0.0,0.0,0.0,0.0,0.0
2026-06-09 14:43:25,0.5661144444137514,-1.2393132184727857,1.4063164916675674,2.349865141669201,2.4556978453846057,-1.4447413408003738,-2.1841269961796295,-2.2700693976843276,36.95267604597885,37.266959662615946,36.86937129514344,14.0,20.0,36.0,-6.1,0.0,0.0,0.0,0.0,0.0,0.0,0.0,0.0,0.0,0.0
2026-06-09 14:43:26,-1.071440449978386,1.265568254896726,0.3437834241255082,1.88108515441363,-2.4231374421438687,0.9489314247721063,-1.962320283161979,-1.672588299744855,36.55994317890743,36.9503799840427,37.195236860698124,14.0,20.0,36.0,-42.1,0.0,0.0,0.0,0.0,0.0,0.0,0.0,0.0,0.0,0.0
2026-06-09 14:43:27,-2.3846231081052176,-0.5020620976674461,-2.9998216435005407,0.7079754276242314,2.2584671048102063,-2.4241899222884724,-0.1457156162119988,1.5654079046756095,36.909587194302475,36.96476149853876,37.20606007760762,14.0,20.0,36.0,89.3,0.0,0.0,0.0,0.0,0.0,0.0,0.0,0.0,0.0,0.0
2026-06-09 14:43:28,-2.9693114302814223,-1.9312587706447826,-0.878479600182362,2.4763922844158426,2.053363565934619,-2.3115537635417978,-1.9811029135967315,2.182345876557,36.65329639788127,37.11038627244295,36.9610925385351,14.0,20.0,36.0,70.5,0.0,0.0,0.0,0.0,0.0,0.0,0.0,0.0,0.0,0.0
2026-06-09 14:43:30,-0.799386699771655,2.2829387828290315,-1.5691228204306256,1.7813128997348189,-0.9643925719752255,-0.09646412961963469,-1.4414543511390971,1.1445814301694863,36.748585854750345,37.22754666987599,36.86774252422691,14.0,20.0,36.0,-19.2,0.0,0.0,0.0,0.0,0.0,0.0,0.0,0.0,0.0,0.0
2026-06-09 14:43:31,-1.2500022928035213,2.320368329885044,-1.4808289933129826,-1.8449533477621745,-0.8562540687345894,-0.9695833427411085,1.4577053972983975,-0.5564450396490788,36.59818894351489,37.194695896072204,37.086242248978124,14.0,20.0,36.0,-21.5,0.0,0.0,0.0,0.0,0.0,0.0,0.0,0.0,0.0,0.0
2026-06-09 14:43:32,-2.4923671929006597,-0.3563385027349515,0.3659616945023778,0.35365442978947836,0.6597808322457954,-0.17089854284774564,-1.0940912324506669,0.623292532881659,36.627418728001665,37.185532091065184,37.10870957705152,14.0,20.0,36.0,-0.9,0.0,0.0,0.0,0.0,0.0,0.0,0.0,0.0,0.0,0.0
2026-06-09 14:43:33,2.7385940509063245,1.053591026145389,-1.8178869439969416,1.0211713437801109,1.0057389080704446,-1.2478365120288075,0.8644222809801829,2.836798328057405,36.77031007882761,37.084588142707204,37.19327884235815,14.0,20.0,36.0,19.6,0.0,0.0,0.0,0.0,0.0,0.0,0.0,0.0,0.0,0.0
2026-06-09 14:43:34,-0.33564853003777895,1.1830418681103954,2.2291824522461567,-0.6793053117401229,1.3734770368129228,1.1863574741322882,-2.880938939659491,2.243804779013553,36.81745826323126,37.270118653814215,36.761915914410224,14.0,20.0,36.0,-89.1,0.0,0.0,0.0,0.0,0.0,0.0,0.0,0.0,0.0,0.0
2026-06-09 14:43:35,-2.220064405510255,1.2559205361081878,-0.4904959829627975,2.654089661972259,-1.6745515920747065,-1.4501775077894308,0.7313743509688577,-0.7245845883308659,36.91226273633751,36.81777667663038,37.2106779943468,14.0,20.0,36.0,-20.2,0.0,0.0,0.0,0.0,0.0,0.0,0.0,0.0,0.0,0.0
2026-06-09 14:43:37,-2.808651846021502,1.9424723959838204,0.6111907878086735,-0.05182179357389405,2.876725538127536,-0.8945752840026966,0.16743721629325536,-2.594031977032185,36.58516753059237,37.33514568907572,36.74568745878982,14.0,20.0,36.0,-66.4,0.0,0.0,0.0,0.0,0.0,0.0,0.0,0.0,0.0,0.0
2026-06-09 14:43:38,0.021660943425059642,-2.1723360101506115,-0.3726611126326711,2.9111911490743285,-1.6361441566915722,-0.0007786246076140202,-1.409068805039398,-1.7091743426652468,36.55187070631798,37.18257704442646,36.75418640094362,14.0,20.0,36.0,65.1,0.0,0.0,0.0,0.0,0.0,0.0,0.0,0.0,0.0,0.0
2026-06-09 14:43:39,-2.4228098406875724,0.6936548532593587,2.428721591016462,-2.8845308841432136,0.8347844893273471,-2.585006686595451,-1.183427713437088,-1.444593349765964,36.72801741088932,36.95797586834015,37.023757783137576,14.0,20.0,36.0,-82.6,0.0,0.0,0.0,0.0,0.0,0.0,0.0,0.0,0.0,0.0
2026-06-09 14:43:40,-0.23792465426904608,-0.8516746243858178,-2.188198331213072,1.810274171258043,2.6284261089921044,-1.2677079453225768,2.8548692505682913,0.04348984991237703,37.03468972100697,36.9650354897772,36.776038956023925,14.0,20.0,36.0,79.4,0.0,0.0,0.0,0.0,0.0,0.0,0.0,0.0,0.0,0.0
2026-06-09 14:43:42,-0.08949703846122414,-2.352278275696327,-0.4646967798159576,-1.4761928507608093,0.15217478615582936,1.3018552859851003,-2.782952785086273,-2.749102617470787,37.06669807965077,37.09151838441577,36.8110976410853,14.0,20.0,36.0,72.1,0.0,0.0,0.0,0.0,0.0,0.0,0.0,0.0,0.0,0.0
2026-06-09 14:43:43,-1.8828357878180448,1.3847703666721793,1.9698232529492223,-1.0645690111014194,0.09025830350210695,2.280008825849534,2.1276075338178213,-0.9135441936907425,37.057749676806075,37.261576684946526,37.25964246148438,14.0,20.0,36.0,-84.5,0.0,0.0,0.0,0.0,0.0,0.0,0.0,0.0,0.0,0.0
2026-06-09 14:43:44,0.09718876538638455,-2.6060601407130424,-2.2923704852955216,1.6865857722278985,-2.9597664634275413,-2.4610501998254186,0.31564745698013885,-1.697267937402883,36.761925940284996,37.38711122285508,36.92574416066662,14.0,20.0,36.0,125.6,0.0,0.0,0.0,0.0,0.0,0.0,0.0,0.0,0.0,0.0
2026-06-09 14:43:45,0.8775353439061622,1.2950478907596077,0.25549694878513174,1.9330630952703016,0.17762497574415992,1.0202662083913703,1.860450577418332,-0.005633451749440965,36.98495787861563,37.29057305908861,36.897113523485885,14.0,20.0,36.0,-38.7,0.0,0.0,0.0,0.0,0.0,0.0,0.0,0.0,0.0,0.0
2026-06-09 14:43:47,2.5064462261805955,-1.9316919318854553,-0.5343689843428505,0.07155181994478976,-0.42566057879746566,-0.7873891130420292,-2.252773532074741,1.8064444398269979,36.65683011300275,36.85940674498619,36.991200909152674,14.0,20.0,36.0,62.2,0.0,0.0,0.0,0.0,0.0,0.0,0.0,0.0,0.0,0.0
2026-06-09 14:43:48,1.741884941819582,-2.968663133922749,0.7163909422355372,2.5072080248797404,-0.1347367658251324,-0.8824898642260313,0.9350186185249254,0.8002549522260693,36.57790122508267,36.93450238908991,36.874433837316644,14.0,20.0,36.0,58.3,0.0,0.0,0.0,0.0,0.0,0.0,0.0,0.0,0.0,0.0
2026-06-09 14:43:49,-0.8681904411378607,-0.7147345670727634,-2.6540462315383277,-1.0316946087846495,2.713350656007295,0.6375694155409439,1.0232520336639546,1.5964128683635845,36.5585756576773,37.271502842056385,36.826864941665896,14.0,20.0,36.0,87.9,0.0,0.0,0.0,0.0,0.0,0.0,0.0,0.0,0.0,0.0
2026-06-09 14:43:50,-2.997318599347679,1.4483734538126445,0.9936361359607262,-0.23531525988126845,2.817049144738144,-1.8399932188520893,-2.3921536940384525,-1.7809121866943887,36.73729054779328,36.93417124976381,36.98152813300635,14.0,20.0,36.0,-65.3,0.0,0.0,0.0,0.0,0.0,0.0,0.0,0.0,0.0,0.0
2026-06-09 14:43:51,-2.4634323724566523,-0.6077981229661673,-1.8930326834942743,1.2572505454107734,1.1247200868694396,-1.2846432716337086,2.8240440049786457,2.4932140647833094,37.02532856413352,36.855543081932595,37.23062551791281,14.0,20.0,36.0,65.4,0.0,0.0,0.0,0.0,0.0,0.0,0.0,0.0,0.0,0.0
2026-06-09 14:43:52,-2.3590237478227962,-0.20583807055343506,-1.4307888666595614,0.7243738979024839,-2.3270958171680927,0.5743266615069009,0.08281548001255157,0.2229193317208642,36.82339351055955,36.96878080880305,37.223740324409704,14.0,20.0,36.0,42.6,0.0,0.0,0.0,0.0,0.0,0.0,0.0,0.0,0.0,0.0
2026-06-09 14:43:54,-0.573200270527539,2.8941281711433158,2.860012050338552,-0.6274818899473935,1.9731396084631054,2.509632534806417,2.8607576004590243,-1.1202354073920702,36.82179878003002,37.11801987452243,36.77960804438791,14.0,20.0,36.0,-100,0.0,0.0,0.0,0.0,0.0,0.0,0.0,0.0,0.0,0.0
2026-06-09 14:43:55,-1.6856375880754004,-0.7666745484563027,0.44744334109811756,0.9354732468020366,-2.536428354028134,-1.67096991196385,-0.3799539647768473,-2.786183415194753,36.667334964563,37.272125141327436,37.27932816066342,14.0,20.0,36.0,7.2,0.0,0.0,0.0,0.0,0.0,0.0,0.0,0.0,0.0,0.0
2026-06-09 14:43:56,-1.2807737173824898,-0.13411984701762591,-2.0710414517066136,1.8195957375919125,2.599546078447222,-0.584322755237932,-0.04832885903500772,1.3847569532668738,36.98757932111104,37.1686613703569,36.884142694490464,14.0,20.0,36.0,56.7,0.0,0.0,0.0,0.0,0.0,0.0,0.0,0.0,0.0,0.0
2026-06-09 14:43:58,-2.220855011741289,0.05551452345823815,1.6797073448061548,2.2898244298595296,0.46540700809798174,-1.5956497811885602,2.388320895175312,1.8915720131117828,36.61851608211754,37.25823477767641,37.16936256358134,14.0,20.0,36.0,-44.5,0.0,0.0,0.0,0.0,0.0,0.0,0.0,0.0,0.0,0.0
2026-06-09 14:43:59,0.19326833292740586,-1.7784665651315854,1.8924074065708654,-1.0369020940605966,2.3706652543062727,0.5276044893609475,-0.4390673978881794,1.8949182522582566,36.74237263226341,36.965815378706246,37.08859557300102,14.0,20.0,36.0,-2.9,0.0,0.0,0.0,0.0,0.0,0.0,0.0,0.0,0.0,0.0
2026-06-09 14:44:00,2.4368821201973025,-2.3613841121220265,2.730638430423375,0.47782944122379023,2.3175826342838786,0.2147189385421462,2.430360022392078,-0.7339396423062192,36.961046131343544,37.22210263715509,36.70354358732505,14.0,20.0,36.0,-8.2,0.0,0.0,0.0,0.0,0.0,0.0,0.0,0.0,0.0,0.0
2026-06-09 14:44:02,-0.9164836577256352,-0.9867365617884909,-0.739234703591531,-2.8898511872429657,1.4094225011331538,-0.5790514410342533,-1.6539904806760066,-1.3443659935335956,36.874927418577734,37.28340849115931,36.9088854457332,14.0,20.0,36.0,43.5,0.0,0.0,0.0,0.0,0.0,0.0,0.0,0.0,0.0,0.0
2026-06-09 14:44:03,-1.8377830545103693,-2.490270642575932,-0.8555717927301769,2.2414386817127125,2.004179342388756,-2.7496526358659414,1.6643646919930095,0.9994829402404015,36.60000362418592,37.35974186901565,37.28711759758776,14.0,20.0,36.0,86.0,0.0,0.0,0.0,0.0,0.0,0.0,0.0,0.0,0.0,0.0
2026-06-09 14:44:04,-2.3582595116981944,-1.4801968110886399,2.5681014238430633,-0.9973633227971428,2.1857772506573863,2.0846989947902106,2.316727227853118,1.4109852593676004,36.554935120887535,37.3389185128147,37.23820608180287,14.0,20.0,36.0,-25.9,0.0,0.0,0.0,0.0,0.0,0.0,0.0,0.0,0.0,0.0
2026-06-09 14:44:05,0.8657126544511495,-2.6509164165365116,-0.23213713679921222,-2.3589461395626836,1.4848006169159271,-1.165625526230387,-1.9167891825191943,-2.03527803329907,36.639786131627496,37.00162144596604,36.709152477904134,14.0,20.0,36.0,73.0,0.0,0.0,0.0,0.0,0.0,0.0,0.0,0.0,0.0,0.0
2026-06-09 14:44:07,0.2702639524798931,2.2829935099445624,-1.2944357972075802,2.6019972453351423,1.8442202557904324,-0.8366025388935387,-1.9546081121480678,-1.6442883645309079,36.939018753615656,36.90995219185391,37.14411280952499,14.0,20.0,36.0,-27.0,0.0,0.0,0.0,0.0,0.0,0.0,0.0,0.0,0.0,0.0
2026-06-09 14:44:08,2.4041428207862214,-1.6521277541254678,0.3727998398630512,0.7922780919578583,0.04196848209581461,1.044803877239497,-0.12547530324046408,2.9246644586758848,36.54460576700691,37.01623937205615,36.757094803555596,14.0,20.0,36.0,33.5,0.0,0.0,0.0,0.0,0.0,0.0,0.0,0.0,0.0,0.0
2026-06-09 14:44:09,2.7538739775639822,-2.5104675120334337,2.4344317012813317,2.961090076796973,2.471207473647806,2.5696530477098456,2.8249511107955225,2.7410397219977805,36.64026923102741,37.340962887839126,37.15729510888013,14.0,20.0,36.0,4.7,0.0,0.0,0.0,0.0,0.0,0.0,0.0,0.0,0.0,0.0
2026-06-09 14:44:10,-0.40230984069255626,-0.9573935180719748,-2.8404158454629314,-1.1376123481591798,1.1732606605277986,-2.7941355225059734,1.04079388245367,-0.6898429657608149,36.68474546902911,37.17873867555574,36.938778518020676,14.0,20.0,36.0,97.3,0.0,0.0,0.0,0.0,0.0,0.0,0.0,0.0,0.0,0.0
2026-06-09 14:44:12,-0.19982507584591636,2.4105045702465793,0.06377941706550594,-1.327556608494369,-2.7819445481912286,-2.12730546662773,-2.5615847793254143,0.2198785288282208,36.60303901814094,37.203261795972615,36.92284706275803,14.0,20.0,36.0,-66.3,0.0,0.0,0.0,0.0,0.0,0.0,0.0,0.0,0.0,0.0
2026-06-09 14:44:13,-0.4458169217862964,2.7412958865738624,-2.837441501144239,1.5102875555284072,1.716515786380632,-2.067267422945301,-2.9567092219847946,2.939351648803304,37.01417214086967,37.12210926073606,36.78744770589957,14.0,20.0,36.0,-0.0,0.0,0.0,0.0,0.0,0.0,0.0,0.0,0.0,0.0,0.0
2026-06-09 14:44:14,-1.0658460983852016,-2.2474626386130367,2.0191594303229223,0.8751948653354593,1.0172871283784453,-1.5438809938924314,-2.5636607578081967,-0.5643589073383164,36.67005345562292,37.15265653234925,37.234611927329986,14.0,20.0,36.0,3.8,0.0,0.0,0.0,0.0,0.0,0.0,0.0,0.0,0.0,0.0
2026-06-09 14:44:16,2.925056734403829,-2.4214432577234977,0.04784358509496123,1.9594062449293457,-0.14199282044569017,0.6820147695559298,-0.7575352848788386,-0.07222957328952262,36.743529709067374,36.99613412170858,36.95689399740572,14.0,20.0,36.0,61.3,0.0,0.0,0.0,0.0,0.0,0.0,0.0,0.0,0.0,0.0
2026-06-09 14:44:17,1.9787247686735316,-1.051183399641471,-2.2746646902561505,0.4846904245303305,2.7471210031791244,-1.081823389626449,2.9588066185958404,-1.3911500498873592,36.619517190429114,37.021390462343675,36.99142860574668,14.0,20.0,36.0,86.9,0.0,0.0,0.0,0.0,0.0,0.0,0.0,0.0,0.0,0.0
2026-06-09 14:44:19,0.1717145931932409,1.7811598934424486,-2.831363711399261,-0.6361384178416625,-1.6471180622511725,-0.49109644391554585,0.6603955097531626,-1.4189874385306795,36.62354457233306,37.24898301134704,36.857594784906894,14.0,20.0,36.0,27.2,0.0,0.0,0.0,0.0,0.0,0.0,0.0,0.0,0.0,0.0
2026-06-09 14:44:20,1.752113070800501,2.5271670555169976,-1.6959094777238821,-2.2692054931707633,-2.7692711254189333,2.7531624587247823,-0.9582073576788384,1.2454486322137415,37.093833770927574,36.9268967638788,36.73021834603255,14.0,20.0,36.0,-20.6,0.0,0.0,0.0,0.0,0.0,0.0,0.0,0.0,0.0,0.0
2026-06-09 14:44:21,-0.40019771208922084,-1.1077239819465778,1.419811958483919,0.13788661790273604,-1.3074131367018875,2.772030893510177,2.297184184349793,1.5045262405237736,36.84120311211459,37.38008676031489,36.74814694432169,14.0,20.0,36.0,-5.5,0.0,0.0,0.0,0.0,0.0,0.0,0.0,0.0,0.0,0.0
2026-06-09 14:44:22,-2.7164731289048794,1.8339632634280765,1.4652293506825496,0.18306502815213932,0.6537527755348842,0.20075394808578118,0.711595108584608,-1.5265003507833155,36.98572560813658,36.94943533868785,37.26266034846497,14.0,20.0,36.0,-84.9,0.0,0.0,0.0,0.0,0.0,0.0,0.0,0.0,0.0,0.0
2026-06-09 14:44:23,2.3597899185682794,-2.1756332454742333,-2.198079915323296,-0.6276536341345951,-0.6322998629091279,0.8974496449832907,1.0335843003937715,1.1702259159226207,36.849067003297534,36.98143104795274,37.19231660414926,14.0,20.0,36.0,114.1,0.0,0.0,0.0,0.0,0.0,0.0,0.0,0.0,0.0,0.0
2026-06-09 14:44:25,-0.6928797585212059,0.14500547522177332,-0.15915362541938816,-0.6474004908002806,-0.9336407123230579,-2.4673092013936717,-2.198958554937568,-2.466976651998956,36.96475288578277,37.179333780869264,37.01819209485484,14.0,20.0,36.0,-2.0,0.0,0.0,0.0,0.0,0.0,0.0,0.0,0.0,0.0,0.0
2026-06-09 14:44:26,0.24415625214263148,-2.1555422846169394,-1.7855392392316312,0.4244457714877097,-2.7825441418841805,2.220227208575152,0.9601944045561526,2.9263823392148254,36.80614318232035,37.20132868026908,36.98141136141037,14.0,20.0,36.0,103.5,0.0,0.0,0.0,0.0,0.0,0.0,0.0,0.0,0.0,0.0
2026-06-09 14:44:28,-0.24405144864250472,2.9673227351070537,2.305228539400834,1.9055438040000228,-1.947877452362363,0.30227675976320345,1.7260732831895718,-1.990044683371367,37.0800178363366,36.845608600877945,37.22998067091117,14.0,20.0,36.0,-100,0.0,0.0,0.0,0.0,0.0,0.0,0.0,0.0,0.0,0.0
2026-06-09 14:44:29,-2.1650909155196425,-0.6673056074269099,-0.4012286919201875,2.710251823576571,-0.9849685986211858,2.5379570449582802,-1.0512362846952072,-0.8151331701514284,36.99658422738674,37.186515033088526,37.04173349457698,14.0,20.0,36.0,28.4,0.0,0.0,0.0,0.0,0.0,0.0,0.0,0.0,0.0,0.0
2026-06-09 14:44:30,-2.6821657837766537,-1.5289228464704903,-2.281812331243862,0.7110442256875826,1.7817072095772852,1.4021962626261244,-2.7783490136974445,1.0418127474105523,36.83995491583591,37.203078770552565,37.11773348203715,14.0,20.0,36.0,97.8,0.0,0.0,0.0,0.0,0.0,0.0,0.0,0.0,0.0,0.0
2026-06-09 14:44:31,2.5461142061672604,-2.727255893413068,1.0875394670969456,-0.8356338163443224,-0.7810027280947494,-2.239152857363512,0.5244605215511808,2.6081778571922385,37.03968683274898,37.001592852847956,37.041757198465,14.0,20.0,36.0,41.5,0.0,0.0,0.0,0.0,0.0,0.0,0.0,0.0,0.0,0.0
2026-06-09 14:44:33,1.6201515688815231,-0.7527266340102399,-1.481660138487444,-2.3682084129119474,1.6556628492234706,0.4576391068333523,-1.836697903194555,0.0286646830371291,36.82484585269541,37.39539664155586,36.79674696951486,14.0,20.0,36.0,57.1,0.0,0.0,0.0,0.0,0.0,0.0,0.0,0.0,0.0,0.0
2026-06-09 14:44:34,1.287843900942148,-2.9046183973019564,-1.4544072249842765,-0.3000739005012707,-0.2684217600104617,0.5118024825637368,2.4283366061898164,-0.7524389670354275,36.62514778622207,36.93870853118016,36.91085658190352,14.0,20.0,36.0,114.2,0.0,0.0,0.0,0.0,0.0,0.0,0.0,0.0,0.0,0.0
2026-06-09 14:44:35,-2.2037513091699346,-2.0489177634621947,2.361550983293725,-0.16489849633273668,2.8289245881091416,-0.3148245804512513,-2.5297524706682584,2.1389497338578067,36.829461404328214,37.31836825890385,37.00758887545391,14.0,20.0,36.0,-9.5,0.0,0.0,0.0,0.0,0.0,0.0,0.0,0.0,0.0,0.0
2026-06-09 14:44:36,2.94114837480499,1.9994971139324376,-0.7829533303449585,-1.6995733720061001,0.4033761213778,-2.183228134991401,2.39310241030143,-2.5224694311632616,37.07625485650368,36.91625258966954,36.87915081965783,15.0,20.0,36.0,-31.4,0.0,0.0,0.0,0.0,0.0,0.0,0.0,0.0,0.0,0.0
2026-06-09 14:44:37,2.031101044121286,-1.0065928134906148,2.1248909142078434,-2.378333806162793,2.251572252549612,-2.549252700558112,2.0288082434330983,-1.0879776646697414,36.77391382429411,36.92230097132881,36.93316579272316,15.0,20.0,36.0,-29.2,0.0,0.0,0.0,0.0,0.0,0.0,0.0,0.0,0.0,0.0
2026-06-09 14:44:38,-1.0019039392895281,2.3574337380148753,0.8393397886738656,-0.6050799718141677,2.2572996485914594,0.04085406280227932,-0.2845387885146562,-1.616746815309395,36.532608091025196,37.37311099815772,37.04951597801458,15.0,20.0,36.0,-82.8,0.0,0.0,0.0,0.0,0.0,0.0,0.0,0.0,0.0,0.0
2026-06-09 14:44:40,1.794988455691576,-0.04630624043536713,1.6360725821372863,2.297550720876478,2.258588614835894,-0.33117455472112844,-2.4483563216960107,-1.3462326200833914,36.739599104656655,37.29408287790399,37.20339597863526,15.0,20.0,36.0,-42.5,0.0,0.0,0.0,0.0,0.0,0.0,0.0,0.0,0.0,0.0
2026-06-09 14:44:41,1.1945579445733188,1.7467502355323763,-0.28488469760434043,-0.5471949254866946,0.12622901166992584,-0.9449555487896446,-1.5560756129706925,-1.6455009939471146,36.867330842501474,36.923872784286544,36.771980033399544,15.0,20.0,36.0,-39.1,0.0,0.0,0.0,0.0,0.0,0.0,0.0,0.0,0.0,0.0
2026-06-09 14:44:42,0.44991872018199075,2.080638893188433,-1.8308729226607048,-2.2864068125641728,-0.22863953972865048,0.1634586616107967,2.7557942416945327,1.0723255524861388,37.060019309105854,37.0349393086095,36.89009377600078,15.0,20.0,36.0,-5.0,0.0,0.0,0.0,0.0,0.0,0.0,0.0,0.0,0.0,0.0
2026-06-09 14:44:43,-2.494557870646494,1.7621002895498101,1.7965994740537,0.2485060539642685,-2.0312584775985356,-2.2454307501346094,1.245163689449262,0.4981139201547866,36.933492601256404,36.80465696939559,37.2916719305435,15.0,20.0,36.0,-92.5,0.0,0.0,0.0,0.0,0.0,0.0,0.0,0.0,0.0,0.0
2026-06-09 14:44:44,-2.4094954346145183,-2.9950908401458993,0.8902353833875485,-2.792045331310117,0.15653353472328302,1.70360746852052,-2.678243255901833,-2.180167561018291,36.98657455932829,37.18811296331358,36.94843451942036,15.0,20.0,36.0,53.9,0.0,0.0,0.0,0.0,0.0,0.0,0.0,0.0,0.0,0.0
2026-06-09 14:44:46,0.5144334880007211,2.0833810588642514,1.2448214364987473,-0.7378065195301984,-2.4875783537479688,2.234663329550667,2.0738013660241563,0.3179915305337131,36.58505627947987,37.36598969186762,36.77988358138632,15.0,20.0,36.0,-83.9,0.0,0.0,0.0,0.0,0.0,0.0,0.0,0.0,0.0,0.0
2026-06-09 14:44:47,2.896973223377831,2.9716845643016505,-1.0521391200722583,1.5837884065973213,-0.40280765879865754,-2.18854066889453,1.9687391627660622,1.825060523608764,36.885520479805415,37.26603976665109,37.1582474642919,15.0,20.0,36.0,-49.7,0.0,0.0,0.0,0.0,0.0,0.0,0.0,0.0,0.0,0.0
2026-06-09 14:44:48,-2.2703383709270932,1.360015733624385,2.338176190125041,-0.43114032026064875,1.4248924602621527,1.632015551304061,-1.8831670581909732,-0.826267338050354,37.073077885525194,37.09858665760654,37.276859524881225,15.0,20.0,36.0,-95.8,0.0,0.0,0.0,0.0,0.0,0.0,0.0,0.0,0.0,0.0
2026-06-09 14:44:49,0.7531978674758433,2.296314510980869,-2.0189813334537225,1.0507548645040243,1.8783153762691445,-0.5324060505152524,-1.0768939095425276,-1.611318363088421,36.63069873412819,37.050378057831566,37.25370417656229,15.0,20.0,36.0,-8.0,0.0,0.0,0.0,0.0,0.0,0.0,0.0,0.0,0.0,0.0
2026-06-09 14:44:50,-0.3322929456249839,-2.64508297954041,-1.74832419088802,1.4669845334275067,0.43594494001972217,-1.5263343722886504,-1.5974617586010325,1.406716978802323,36.86104705557328,37.29649227865269,36.95437199919166,15.0,20.0,36.0,112.0,0.0,0.0,0.0,0.0,0.0,0.0,0.0,0.0,0.0,0.0
2026-06-09 14:44:52,-2.3303141493590203,-2.6818852380335647,1.3790654956454675,-2.5865289724092473,0.9065308681952882,2.209526849282338,-2.0373841925939704,-0.8305534386050515,36.760626821217656,37.042439824302456,37.261638229396354,15.0,20.0,36.0,33.8,0.0,0.0,0.0,0.0,0.0,0.0,0.0,0.0,0.0,0.0
2026-06-09 14:44:53,-2.30413304682042,-0.0021746558666668747,-2.1227032925118694,-0.7395865542203044,-0.9917413707880467,0.09839192059613389,-1.1467785441016023,0.20330231673683796,36.534776106148996,37.15042859185305,36.855338019313685,15.0,20.0,36.0,54.4,0.0,0.0,0.0,0.0,0.0,0.0,0.0,0.0,0.0,0.0
2026-06-09 14:44:54,-0.4396726313565402,1.869017803668422,1.2441114358555279,0.6025082908217434,2.63476154179505,0.46936879456605807,-2.1693866627617524,-2.8243735228114994,36.85227309150737,36.980524342760404,36.865240890013055,15.0,20.0,36.0,-81.3,0.0,0.0,0.0,0.0,0.0,0.0,0.0,0.0,0.0,0.0
2026-06-09 14:44:56,2.5344394113212,-1.1598279203830597,1.7521036270248898,2.0252611515674817,0.392090557474555,-0.9176806127264436,2.6300795144835565,0.8819094339804474,37.05455167655255,36.923211013152354,36.837499509699356,15.0,20.0,36.0,-14.5,0.0,0.0,0.0,0.0,0.0,0.0,0.0,0.0,0.0,0.0
2026-06-09 14:44:57,-2.0346610144152972,-0.7373567996892056,-2.7020645310155977,-0.43084970501465936,1.509942783748242,-1.8388972374358845,2.224746902659068,-2.5521370500903195,36.89861992900118,37.260566812725656,36.751276265952086,15.0,20.0,36.0,89.1,0.0,0.0,0.0,0.0,0.0,0.0,0.0,0.0,0.0,0.0
2026-06-09 14:44:58,-1.53628019956309,0.6430137974543029,0.24809663913874758,-2.4151949810110764,0.6464319576660005,-2.5329784762654093,0.8617399935863017,1.8889623671293556,36.826901310553055,36.976662892981814,36.788723614041515,15.0,20.0,36.0,-23.9,0.0,0.0,0.0,0.0,0.0,0.0,0.0,0.0,0.0,0.0
2026-06-09 14:44:59,2.376099587236409,-0.6840175213644288,-2.070046781837699,-1.3806496175186889,0.3906964197611402,-0.21392489418875105,1.717602646962776,1.333854274646546,36.7946595945166,37.26005837343106,36.94210238446857,15.0,20.0,36.0,72.0,0.0,0.0,0.0,0.0,0.0,0.0,0.0,0.0,0.0,0.0
2026-06-09 14:45:00,2.6347988609644126,0.937334828501565,2.023164855106069,-2.441453506732743,-2.2252606774856183,2.948047955162984,0.2856426957835132,0.5605548628045804,36.79465240698425,37.25842023638729,36.734290458558775,15.0,20.0,36.0,-74.9,0.0,0.0,0.0,0.0,0.0,0.0,0.0,0.0,0.0,0.0
2026-06-09 14:45:02,-0.09616875720855322,2.674114440289989,1.7118367052961982,-1.9532385760463953,-2.0278291598885625,0.9839620059890404,0.7593566201295943,0.4491455146236989,36.86746017436485,36.84385758298749,36.83419701857383,15.0,20.0,36.0,-100,0.0,0.0,0.0,0.0,0.0,0.0,0.0,0.0,0.0,0.0
2026-06-09 14:45:03,-0.011538549978480805,-1.3574239059599067,1.8249038512298013,-2.827580115030072,-0.39594755452618546,0.39859093252848155,0.03926463161830185,-0.9462830720045163,36.71270362178003,37.35162505743313,37.08176285999295,15.0,20.0,36.0,-11.9,0.0,0.0,0.0,0.0,0.0,0.0,0.0,0.0,0.0,0.0
2026-06-09 14:45:04,0.05015026397089173,-1.9666290668070925,2.417751306936209,-0.1498111797640953,1.9487720580340566,0.40223101988581034,2.262819801693002,-2.53738586343753,36.565832140459804,37.23990758043873,36.98236662752798,15.0,20.0,36.0,-10.3,0.0,0.0,0.0,0.0,0.0,0.0,0.0,0.0,0.0,0.0
2026-06-09 14:45:05,0.2069626286606261,2.6756467385148186,-0.1793641237333401,1.7163481506258211,-2.983003831983482,-1.7660249637690633,1.991023117339675,-2.367973259644014,36.939377800697535,36.92291523228021,36.7751310159348,15.0,20.0,36.0,-64.4,0.0,0.0,0.0,0.0,0.0,0.0,0.0,0.0,0.0,0.0
2026-06-09 14:45:06,2.4138376069558767,0.8441331795408158,-1.7430448442285578,-2.46778211360828,0.011167874419244495,2.5499414739245525,0.8516155671230106,-0.18668742973488195,36.688695107044616,37.3245375839154,37.22716209731785,15.0,20.0,36.0,24.9,0.0,0.0,0.0,0.0,0.0,0.0,0.0,0.0,0.0,0.0
2026-06-09 14:45:07,-1.5621455844693157,-2.0950009785463504,0.9159183316857837,1.426973445296241,1.6214784276931216,-1.7378858386575178,1.8192091487748163,-0.18068892607568632,36.88232015276033,36.81214173128796,37.08461527026941,15.0,20.0,36.0,30.5,0.0,0.0,0.0,0.0,0.0,0.0,0.0,0.0,0.0,0.0
2026-06-09 14:45:09,1.3504195169289686,0.9463017154611109,2.551911593842089,1.9452177930891388,0.6262531854574078,0.6169853192141956,-2.943995850494267,0.9810106339121711,36.51269350091469,37.33738952408089,36.8420719657403,15.0,20.0,36.0,-91.6,0.0,0.0,0.0,0.0,0.0,0.0,0.0,0.0,0.0,0.0
2026-06-09 14:45:10,2.935397273050202,-0.683419245545525,0.4554314799082966,-0.5673544870017002,-2.9725937614736377,0.114928212185891,2.4894567138748425,-2.539389258961153,37.047598223575584,37.1151348993286,37.07693572537889,15.0,20.0,36.0,7.2,0.0,0.0,0.0,0.0,0.0,0.0,0.0,0.0,0.0,0.0
2026-06-09 14:45:11,0.8377697684566217,-1.0214759860770113,2.4708615607737894,2.266071233036862,-2.38881772262139,-2.1395981217244593,1.762204359366872,-0.5282426696140625,36.74082410965805,37.01516702759192,37.28002443251111,15.0,20.0,36.0,-37.7,0.0,0.0,0.0,0.0,0.0,0.0,0.0,0.0,0.0,0.0
2026-06-09 14:45:13,2.5462731751038046,0.708390929733973,1.127814836360547,-1.846946512277428,2.3227121402994744,-2.091599112524948,-2.6591246097169234,-1.0371547521345912,36.69019937690473,37.331979350791606,37.11895268244504,15.0,20.0,36.0,-49.9,0.0,0.0,0.0,0.0,0.0,0.0,0.0,0.0,0.0,0.0
2026-06-09 14:45:14,0.40128605934695294,-2.038493606490882,-2.841913294797405,2.745572936285839,-0.9801422754069584,2.5742842669722075,-0.4107950500118074,1.7460867757069023,36.59006446709693,37.26815710507586,37.15988375421362,15.0,20.0,36.0,127.3,0.0,0.0,0.0,0.0,0.0,0.0,0.0,0.0,0.0,0.0
2026-06-09 14:45:16,0.534143896345566,1.0335913473748501,2.75217645094646,-0.8975542423921548,1.2465063459728407,-1.8566301284779592,-0.11329383860828912,2.0092775663153324,37.06597671960499,37.162757893792126,37.22728148728466,15.0,20.0,36.0,-98.9,0.0,0.0,0.0,0.0,0.0,0.0,0.0,0.0,0.0,0.0
2026-06-09 14:45:17,-2.041648021797211,1.3708990903827125,-2.443689594249335,-2.0519119087332687,-2.9325006296731218,-1.603984304566559,0.5722760405761846,-2.3289410601938254,37.0562027187162,37.04160245266403,36.98336510403339,15.0,20.0,36.0,27.2,0.0,0.0,0.0,0.0,0.0,0.0,0.0,0.0,0.0,0.0
2026-06-09 14:45:19,1.0447820512632422,2.6852793716955103,2.8427138937655423,-1.4797721213929593,1.2581866832635358,-2.8623670771931247,-0.620606324623532,-0.7956975735661138,36.802539689267874,37.212452992162234,36.77223290107798,15.0,20.0,36.0,-100,0.0,0.0,0.0,0.0,0.0,0.0,0.0,0.0,0.0,0.0
2026-06-09 14:45:20,-2.7684347096529516,-0.015347375247455552,0.9593909845823081,-1.3656703364814953,1.794662981101494,-1.412990526280009,0.7436339299667072,1.09324808772286,37.0718226047476,36.82576569613365,37.02054168065391,15.0,20.0,36.0,-24.7,0.0,0.0,0.0,0.0,0.0,0.0,0.0,0.0,0.0,0.0
2026-06-09 14:45:21,-2.768699904992688,-2.2039782420517335,-2.8813843683217706,-1.114176176475029,0.07190258620556556,-1.482959105635617,-2.8011418466428615,2.2147129445490696,36.61427676113024,37.395650241285985,36.70864826400255,15.0,20.0,36.0,129.4,0.0,0.0,0.0,0.0,0.0,0.0,0.0,0.0,0.0,0.0
2026-06-09 14:45:23,1.5510897530328895,-0.4367439302050373,-0.01362167870570774,0.5422763897632574,2.315098282487467,1.708854185645067,1.4520666506744169,1.425483768422323,36.85389887828083,37.000187524855825,36.768961293308884,15.0,20.0,36.0,13.2,0.0,0.0,0.0,0.0,0.0,0.0,0.0,0.0,0.0,0.0
2026-06-09 14:45:24,1.251745427357144,-1.6381410863023904,-2.0511599754935563,2.7997949202748877,0.9310694815258467,-0.20671445357210905,-1.3498941841446912,-2.808982809277471,36.52278579739026,37.31087801139391,37.13522477511778,15.0,20.0,36.0,94.6,0.0,0.0,0.0,0.0,0.0,0.0,0.0,0.0,0.0,0.0
2026-06-09 14:45:25,1.7888083860216133,-2.696766422005857,-2.3302874537186424,1.860798048141091,-0.4811101337758812,-0.548587716931566,-2.769266453081659,-2.1004370440879656,36.77317681354405,37.25613737013194,36.95058697144617,15.0,20.0,36.0,128.3,0.0,0.0,0.0,0.0,0.0,0.0,0.0,0.0,0.0,0.0
2026-06-09 14:45:27,-1.5322288861868003,-2.2345951031386377,2.941853949746159,0.9226400294748078,-1.2216438689075326,-2.7165494904033753,2.520260136029032,-1.8626306103903139,37.003381153418175,37.38747795570127,36.71798500076467,15.0,20.0,36.0,-18.4,0.0,0.0,0.0,0.0,0.0,0.0,0.0,0.0,0.0,0.0
2026-06-09 14:45:28,0.9501995975111734,2.1711194695054843,-0.5549857142792445,1.8772175724823086,-0.13513795586611277,0.7834328236976917,0.9366728657753236,-2.377761661613776,37.05318162328631,37.3646302878071,37.128452483203155,15.0,20.0,36.0,-40.9,0.0,0.0,0.0,0.0,0.0,0.0,0.0,0.0,0.0,0.0
2026-06-09 14:45:30,1.7610846803382616,0.4359097334074393,1.6363509075235347,2.8267899402627235,-1.5785508144933131,2.0851414722091883,-2.0563653730415803,2.3456899287552764,36.62223177066825,36.92177657497323,37.17585393881591,15.0,20.0,36.0,-53.6,0.0,0.0,0.0,0.0,0.0,0.0,0.0,0.0,0.0,0.0
2026-06-09 14:45:31,0.30409092298604135,2.222717348933208,-2.665336927328185,-1.3259893699509735,0.627798968733472,-2.6377385076922613,2.7216926217917985,-0.5954273862375494,36.78617654790696,37.06813846422697,37.145407776801996,15.0,20.0,36.0,11.5,0.0,0.0,0.0,0.0,0.0,0.0,0.0,0.0,0.0,0.0
2026-06-09 14:45:32,2.606297448037534,-2.7008590468993003,-1.096730101132104,-1.6575675969142134,1.265944436750031,1.101136157879285,0.19826008030952158,1.4636246681262666,36.619003969182415,37.012314062843224,37.29098378435086,15.0,20.0,36.0,98.8,0.0,0.0,0.0,0.0,0.0,0.0,0.0,0.0,0.0,0.0
2026-06-09 14:45:34,-2.5195871250060007,-1.2793843675846635,-2.278191058984988,-2.145353792191339,-0.5421716668370564,1.0497606750017994,-2.815470458255401,-0.5781660170697585,36.67648342264709,36.856417694728194,37.14175470992546,15.0,20.0,36.0,91.1,0.0,0.0,0.0,0.0,0.0,0.0,0.0,0.0,0.0,0.0
2026-06-09 14:45:35,-0.5891576419501403,-0.8054313774203932,0.4633326138889675,1.4111751227290625,0.7859693938684682,-2.6446238325560625,2.46312834341707,-0.15654850252931318,37.03621536056491,37.084263919000115,37.26408189241183,15.0,20.0,36.0,8.8,0.0,0.0,0.0,0.0,0.0,0.0,0.0,0.0,0.0,0.0
2026-06-09 14:45:36,-1.6492979208746563,-2.836797708644583,-0.8298961861236998,-1.985221529036658,-2.787028168217902,2.8742486132239993,0.07235421349936288,-0.39057982683076853,36.85850607574822,37.0255470905159,37.112728490781386,15.0,20.0,36.0,96.3,0.0,0.0,0.0,0.0,0.0,0.0,0.0,0.0,0.0,0.0
2026-06-09 14:45:37,-2.0003192531859915,-1.9608433664896465,-1.9507467401767014,-0.23255439688138102,1.0286476876731676,-2.128652002385812,1.5179642801456126,1.807903496514676,36.85398702580383,37.33347190613347,37.127407196013046,15.0,20.0,36.0,100.8,0.0,0.0,0.0,0.0,0.0,0.0,0.0,0.0,0.0,0.0
2026-06-09 14:45:38,-1.577635199994536,1.1709618799661285,-0.7291824982554642,0.13334639468757103,2.5569799172778307,1.4145440800374836,0.023065333099006935,-2.7103274608581502,36.724550792031266,37.272624267212905,37.15674103292593,15.0,20.0,36.0,-10.7,0.0,0.0,0.0,0.0,0.0,0.0,0.0,0.0,0.0,0.0
2026-06-09 14:45:40,-2.229530305186376,-0.5014705688768588,0.2747274562172093,-0.7732618108841276,2.4249858846775076,-2.7759152792975295,-1.2291425572797394,-1.9897480636601865,36.81884909200808,37.121840760131704,36.823577393200644,15.0,20.0,36.0,3.9,0.0,0.0,0.0,0.0,0.0,0.0,0.0,0.0,0.0,0.0
2026-06-09 14:45:41,-0.5496206877612506,-0.37340763536870636,1.635800862086871,-2.6608138157908567,2.0984542295138393,0.34120560851522796,-0.5002556019706046,-0.03995348713344393,36.70571845215416,37.14813572452672,36.86349291011409,15.0,20.0,36.0,-32.7,0.0,0.0,0.0,0.0,0.0,0.0,0.0,0.0,0.0,0.0
2026-06-09 14:45:42,-1.0264554913933372,0.7436390295919093,-0.2945530411488453,1.5732140549999176,0.7311741707190791,2.7782666596234673,-1.933938194542044,-0.5152632630674256,36.523085874410256,37.17945175087145,37.04793251068371,15.0,20.0,36.0,-11.2,0.0,0.0,0.0,0.0,0.0,0.0,0.0,0.0,0.0,0.0
2026-06-09 14:45:43,1.18291721763201,-0.7919811641579297,-0.40792905673416335,2.191713534430141,-0.13086150702646826,0.17490496133782862,2.9507198875918528,2.563457722767546,37.053899115679464,37.04282811455208,36.84968584189571,15.0,20.0,36.0,32.6,0.0,0.0,0.0,0.0,0.0,0.0,0.0,0.0,0.0,0.0
2026-06-09 14:45:44,2.2157187259822244,-1.0467581039910578,1.3268854176226572,1.4637074872463698,2.4950114567236277,-1.5048980858547338,-1.0542184856624885,-0.507421764309588,36.928997275405536,37.03980257305285,37.26026989317572,15.0,20.0,36.0,-8.5,0.0,0.0,0.0,0.0,0.0,0.0,0.0,0.0,0.0,0.0
2026-06-09 14:45:46,1.4915364413453833,-1.6217474385858608,-0.6025906151041505,1.888463365373143,2.1588881768171344,0.2829605245848481,2.0750646045580954,-1.6184354197166086,36.93016783084027,36.98378988588819,36.994843347153065,15.0,20.0,36.0,58.7,0.0,0.0,0.0,0.0,0.0,0.0,0.0,0.0,0.0,0.0
2026-06-09 14:45:47,2.1391035280775004,0.09159381908633035,1.4097961449773289,-0.7158366630174005,2.8444089638147174,2.231993152100154,-0.09666230428850975,2.8945114564555805,36.71242649987609,36.809493187093835,36.89594256245529,15.0,20.0,36.0,-37.8,0.0,0.0,0.0,0.0,0.0,0.0,0.0,0.0,0.0,0.0
2026-06-09 14:45:48,-1.4752559559863112,0.38248484385649295,2.043707434450984,-0.03090982912618312,-2.4532033704175373,0.21893652043422485,-0.39597909520798824,-1.0518718238438998,37.06814659362499,37.122305770041976,36.93402604349337,15.0,20.0,36.0,-62.8,0.0,0.0,0.0,0.0,0.0,0.0,0.0,0.0,0.0,0.0
2026-06-09 14:45:49,-2.6071098627883043,-0.9993856074668725,1.478808677150215,-2.092036110970457,-1.9518694236507683,0.3379069974779796,-0.26991604224882026,0.5503229276438111,37.09660044571217,37.1066780080804,36.82782251552801,15.0,20.0,36.0,-12.4,0.0,0.0,0.0,0.0,0.0,0.0,0.0,0.0,0.0,0.0
2026-06-09 14:45:50,-1.7511172897474248,1.558490816390357,2.186238573674734,1.8604980164977398,-0.2924936186239986,-0.11583813471293958,2.028389867063286,-0.5139994401833796,36.98615160854999,36.9500888013835,36.78071732863264,15.0,20.0,36.0,-95.9,0.0,0.0,0.0,0.0,0.0,0.0,0.0,0.0,0.0,0.0
2026-06-09 14:45:51,-2.8212104517867105,-0.3093299847269275,-2.4197541589539986,2.269595001805415,-2.461969299988241,1.6475298698906364,-1.7262943606473922,0.39979805265948576,36.675089700428785,37.327491042958066,36.70554272700225,15.0,20.0,36.0,70.5,0.0,0.0,0.0,0.0,0.0,0.0,0.0,0.0,0.0,0.0
2026-06-09 14:45:53,0.604722241804077,1.6094577329773152,2.016759213942528,1.4028844051599094,-2.96331862567781,-1.126157435275403,-0.7969624924575287,2.749840572142654,36.530876653286434,37.194615558459105,36.71209480601665,15.0,20.0,36.0,-94.7,0.0,0.0,0.0,0.0,0.0,0.0,0.0,0.0,0.0,0.0
2026-06-09 14:45:54,-1.9019598464334593,2.968956148891359,2.482922266765904,-2.5678730314350897,-0.9017378564420331,-0.8171727661927553,-2.1945784796581935,0.16286099505456963,37.030833094594236,37.11056458996471,36.97372310966721,15.0,20.0,36.0,-100,0.0,0.0,0.0,0.0,0.0,0.0,0.0,0.0,0.0,0.0
2026-06-09 14:45:55,1.3724261584480777,-1.0262126382262837,2.7215148896726546,2.061091552468265,-1.9829862647291114,0.6644960690458541,-2.717435584321867,-0.6542664589112475,36.8261881333549,36.87227027670805,36.85816262325724,15.0,20.0,36.0,-44.9,0.0,0.0,0.0,0.0,0.0,0.0,0.0,0.0,0.0,0.0
2026-06-09 14:45:57,1.808435185189503,-2.154130292308153,1.168271385175263,2.83372948666163,-0.34257406417257386,-1.7007926058051308,2.237895457072346,0.840312229995595,36.66739355444045,37.27885455585029,36.819573346215236,15.0,20.0,36.0,25.8,0.0,0.0,0.0,0.0,0.0,0.0,0.0,0.0,0.0,0.0
2026-06-09 14:45:58,0.8162622778667501,0.48612922578382944,-0.07838428758140648,2.9960865094717235,-1.2343704266982485,1.9651755057272542,0.3109149014298973,-2.3317714526186655,36.80032550434131,36.860998291718204,37.093728514309255,15.0,20.0,36.0,-9.4,0.0,0.0,0.0,0.0,0.0,0.0,0.0,0.0,0.0,0.0
2026-06-09 14:45:59,1.7078476801116196,-0.31349165799055756,-0.18361622965249902,2.672081085439281,-1.3824198804303163,2.0709641843386715,-2.1898118198335386,-1.2229120875673543,36.73503265429881,37.38535305681625,36.78643733299527,15.0,20.0,36.0,12.8,0.0,0.0,0.0,0.0,0.0,0.0,0.0,0.0,0.0,0.0
2026-06-09 14:46:00,-0.8525420363608509,2.264169520549806,-0.9062727469655751,0.18769559320546803,-0.5595903714170514,-0.9714343272397068,-1.621028281937773,0.04508343762548872,37.04753081238081,36.96857553045511,36.913798035114546,15.0,20.0,36.0,-36.4,0.0,0.0,0.0,0.0,0.0,0.0,0.0,0.0,0.0,0.0
2026-06-09 14:46:01,-1.4499270586526094,-1.0557152458869432,-2.0576449676974997,-1.3726087175813102,0.06898249090167452,1.4616860179407656,-1.8122384779358212,-1.1843758738259655,37.01178803294864,37.12127137974536,37.25427942242632,15.0,20.0,36.0,80.3,0.0,0.0,0.0,0.0,0.0,0.0,0.0,0.0,0.0,0.0
2026-06-09 14:46:02,2.473912107566276,0.5555348308678627,1.2546664204037716,-1.0554346048596694,-2.4902897105177213,0.1941461300574261,-0.41257140457839014,1.6388184348943167,36.931730662281645,36.94322765714026,36.74615622818225,15.0,20.0,36.0,-46.9,0.0,0.0,0.0,0.0,0.0,0.0,0.0,0.0,0.0,0.0
2026-06-09 14:46:04,-1.3419858764376271,-0.9009001437127235,0.9832145869513162,0.7762824274723967,2.707977596480154,-1.4619668450544918,-1.3284796804975623,-1.2751645946071046,36.66283120501994,36.92528631280621,36.8440943361116,15.0,20.0,36.0,-3.5,0.0,0.0,0.0,0.0,0.0,0.0,0.0,0.0,0.0,0.0
2026-06-09 14:46:05,-2.029397780371607,0.1773491145487398,1.5407385473567938,-1.2227308966071146,-0.9529250524631072,0.5114428789853593,1.0220185229969463,1.2908221720026836,37.04607195959995,36.94522717047563,37.1432673273138,15.0,20.0,36.0,-43.7,0.0,0.0,0.0,0.0,0.0,0.0,0.0,0.0,0.0,0.0
2026-06-09 14:46:06,-2.4454185583509025,-0.7057348806723147,0.519559669833467,-0.7938665074426057,-2.767195913117565,-1.9195404700923437,-1.1247501502585173,1.4693357296970113,36.5316923756831,37.38951581677544,37.0052062970071,15.0,20.0,36.0,3.3,0.0,0.0,0.0,0.0,0.0,0.0,0.0,0.0,0.0,0.0
2026-06-09 14:46:07,-1.0062611266596877,0.09573796837712045,1.4713403162709557,1.927317286184362,0.11711063303521563,2.386713417578841,-1.5149082000345884,-1.401519240612989,36.52962856551928,37.24766502939731,36.72678616436605,15.0,20.0,36.0,-40.1,0.0,0.0,0.0,0.0,0.0,0.0,0.0,0.0,0.0,0.0
2026-06-09 14:46:08,0.8484848585919416,-2.5597755039485017,-2.431968371830215,-2.0937339528522507,1.259088021014687,0.13779041784542567,2.7850854431946948,1.8695144436331592,37.09775066838002,37.042852766487336,37.18522329859504,15.0,20.0,36.0,130.5,0.0,0.0,0.0,0.0,0.0,0.0,0.0,0.0,0.0,0.0
2026-06-09 14:46:10,2.0137580659438195,2.615216337150744,1.5253738352745474,-0.025511872529682122,-0.35106601569247076,0.7575228745902027,-2.3650808565147616,-1.672552521573478,36.73812005888779,37.10841177028273,36.835755470665205,15.0,20.0,36.0,-100,0.0,0.0,0.0,0.0,0.0,0.0,0.0,0.0,0.0,0.0
2026-06-09 14:46:11,-0.2585015706996425,-0.7547884490007464,-2.1400184343281596,-0.4587778241279894,2.5421052939113107,-1.1349260559597534,-2.977449593285782,0.552232540783435,36.62205822820631,37.17689637695523,36.974322568027965,15.0,20.0,36.0,72.8,0.0,0.0,0.0,0.0,0.0,0.0,0.0,0.0,0.0,0.0
2026-06-09 14:46:12,-2.3097474173682357,1.8760372073671707,0.18925265857330098,-2.052543762120539,1.5167360297038632,-1.091412756002552,-0.6670329139475726,-2.068798081128918,36.90559731609304,37.26398454361252,37.27698210670342,15.0,20.0,36.0,-54.3,0.0,0.0,0.0,0.0,0.0,0.0,0.0,0.0,0.0,0.0
2026-06-09 14:46:13,-0.3595374385600518,-0.5081239515216351,-1.6656320528245296,-0.6308190286654698,0.334441731107193,-0.791380936213419,1.0237596460106406,-2.6590376017726998,36.68054567013806,37.34526584572861,36.945228830393845,15.0,20.0,36.0,56.3,0.0,0.0,0.0,0.0,0.0,0.0,0.0,0.0,0.0,0.0
2026-06-09 14:46:15,-0.15254142069077448,-2.605535291911869,-2.6524226392356294,-1.5913400131628443,1.6576161089536088,0.4256261440614493,-2.258160790430332,1.8541880207686479,36.836284322609266,36.99016271594442,37.082096659213384,15.0,20.0,36.0,135.0,0.0,0.0,0.0,0.0,0.0,0.0,0.0,0.0,0.0,0.0
2026-06-09 14:46:16,0.49972588034412935,2.259137950714729,-0.27047415457006085,1.6514799956595754,2.2317935252653127,-1.013957271387979,2.216219470765745,-2.473511559291577,36.64558280738222,37.09984463879779,37.17147115735046,15.0,20.0,36.0,-50.8,0.0,0.0,0.0,0.0,0.0,0.0,0.0,0.0,0.0,0.0
2026-06-09 14:46:17,-0.5555763922339958,-0.687829964240124,2.937593392299564,-1.5367778173128628,-0.013659606185439266,1.1091766504689815,-2.145651805816227,2.807982501551572,36.53190726236177,37.06941231599656,37.15393030134189,15.0,20.0,36.0,-58.7,0.0,0.0,0.0,0.0,0.0,0.0,0.0,0.0,0.0,0.0
2026-06-09 14:46:19,1.998733695388145,2.3443021595486986,-2.188760872523729,2.307851661191485,-1.2195631899541481,-2.12594049861122,0.4285292966907699,2.1632409697415547,36.759710092780416,36.803131625431085,36.73756016275702,15.0,20.0,36.0,-4.9,0.0,0.0,0.0,0.0,0.0,0.0,0.0,0.0,0.0,0.0
2026-06-09 14:46:20,0.2958230895671017,0.3182057476251856,1.9149561788298914,-0.8139174040874178,2.230722200153375,-1.748457654558085,1.7080471508524493,-2.9568756553440183,36.70527137401166,37.33463765410455,36.83398886349795,15.0,20.0,36.0,-57.8,0.0,0.0,0.0,0.0,0.0,0.0,0.0,0.0,0.0,0.0
2026-06-09 14:46:21,0.39059483514205295,2.396826592320581,0.7154352747686241,-1.6358353789068885,-1.4502093569259435,1.2674036811327802,2.068287293649348,-0.7820074974812927,36.73581325138802,37.10233410375096,36.86354144613194,15.0,20.0,36.0,-78.8,0.0,0.0,0.0,0.0,0.0,0.0,0.0,0.0,0.0,0.0
2026-06-09 14:46:22,0.7088532940793444,-1.391796955390167,0.9895477731103646,-2.6430169453794274,1.237958433792815,2.5280404465009427,0.4654634931042745,2.063704748546053,36.940140638469856,37.1475981948958,37.13158285257121,15.0,20.0,36.0,11.9,0.0,0.0,0.0,0.0,0.0,0.0,0.0,0.0,0.0,0.0
2026-06-09 14:46:24,-1.3259274778227064,2.8938910157215476,-1.015985556260926,-1.670248596400814,0.30024627344278176,-1.4970825709738553,-1.46751322837531,-2.8463512394537007,36.574328899485025,36.822198159351,37.005421125388665,15.0,20.0,36.0,-50.0,0.0,0.0,0.0,0.0,0.0,0.0,0.0,0.0,0.0,0.0
2026-06-09 14:46:25,-0.8201414506630549,0.28983873813994165,-0.6708403691958149,-2.6167228465589947,-0.5765817960732504,2.104894626290921,0.9851893249394577,-2.869500245605315,36.93160435764175,37.21969476327268,37.26330010405667,15.0,20.0,36.0,11.4,0.0,0.0,0.0,0.0,0.0,0.0,0.0,0.0,0.0,0.0
2026-06-09 14:46:26,-2.777964585831616,-2.2320829652628067,0.0220987926766143,-2.1585908283388884,1.9628593888274022,2.52391876337074,-1.0889276671058137,-0.37845693393276836,37.036875020515396,37.08782617853816,36.79310985014063,15.0,20.0,36.0,57.9,0.0,0.0,0.0,0.0,0.0,0.0,0.0,0.0,0.0,0.0
2026-06-09 14:46:27,0.5424602436519099,-2.5578324044394494,-0.8116200711576678,0.29165024258414185,-0.9828966740742469,-0.09636483116399486,1.9504115579478327,-0.40241409539729434,36.93632605925575,37.28974099321628,37.146859445995915,15.0,20.0,36.0,88.1,0.0,0.0,0.0,0.0,0.0,0.0,0.0,0.0,0.0,0.0
2026-06-09 14:46:28,-1.505637715581444,-1.924823764757104,-1.0630794939685333,-1.1114104841801415,1.558327801834709,2.945319768303298,-0.3153648643387661,-0.9693116247766653,36.978024213195,37.26324331295809,36.97314199952015,15.0,20.0,36.0,78.6,0.0,0.0,0.0,0.0,0.0,0.0,0.0,0.0,0.0,0.0
2026-06-09 14:46:30,0.393347709866231,-0.19981313045347804,-1.1364300604474586,-1.5172981488624895,-0.6948428444295569,-0.03566275418858034,0.7414767071906203,1.429413214201534,36.922740664101205,37.306653775343655,36.96131787739172,15.0,20.0,36.0,34.9,0.0,0.0,0.0,0.0,0.0,0.0,0.0,0.0,0.0,0.0
2026-06-09 14:46:31,-0.5741314499700847,2.4168415702861825,0.48766697923247904,2.7934769275970037,-2.7217167809572085,1.285337952866616,-1.5356611457888423,2.539787884154987,36.98407770654718,37.112848844776806,37.25257602286219,15.0,20.0,36.0,-75.2,0.0,0.0,0.0,0.0,0.0,0.0,0.0,0.0,0.0,0.0
2026-06-09 14:46:32,-0.47553478219096945,-0.4111636233831,-1.643351100796986,-2.0570475177552323,0.9714820126509132,-2.3661659824586083,-1.7374599166652291,1.9512612802967864,36.79052113254623,37.200631866061045,37.04915975919181,15.0,20.0,36.0,51.1,0.0,0.0,0.0,0.0,0.0,0.0,0.0,0.0,0.0,0.0
2026-06-09 14:46:33,0.5749137770262802,-1.5741511857317383,-0.15523932513124272,-2.93160424299906,1.354046990112085,2.5106968393652176,2.7736755179631167,1.1303024037257643,36.899972427626814,37.126780047316586,37.01642048675509,15.0,20.0,36.0,47.4,0.0,0.0,0.0,0.0,0.0,0.0,0.0,0.0,0.0,0.0
2026-06-09 14:46:35,-0.3101153271048762,-0.8589047984405811,0.7596071505872213,1.7573759428270854,-0.6315069130247029,1.2519326406129325,1.9883975048450253,-0.82808603573487,36.98213139346122,37.29719931584485,37.261287807188644,15.0,20.0,36.0,4.2,0.0,0.0,0.0,0.0,0.0,0.0,0.0,0.0,0.0,0.0
2026-06-09 14:46:36,-1.537950168337618,0.0226219678820323,-0.5828228900686097,-0.8377136618457639,0.14498370258306892,1.7926520496754081,-0.2389579577084593,-0.31554109837250577,36.77823548354546,37.1497827922785,37.02713812078995,14.0,20.0,36.0,15.3,0.0,0.0,0.0,0.0,0.0,0.0,0.0,0.0,0.0,0.0
2026-06-09 14:46:38,2.9336085319092717,0.0864146591741406,2.473088676749791,-2.4684753583460286,0.08627938504772725,0.27014197542336404,-0.2823272583145062,-1.3419244783511102,37.055265554382565,36.858156944857036,37.088754971388006,14.0,20.0,36.0,-66.2,0.0,0.0,0.0,0.0,0.0,0.0,0.0,0.0,0.0,0.0
2026-06-09 14:46:39,-0.48576716334178904,2.530884914965373,1.848383755525294,0.44931208649347365,-1.872448008482072,0.5035059982874786,1.305326439562382,2.5112642946062733,37.03369768602818,37.09077756741175,36.70327998378127,14.0,20.0,36.0,-100,0.0,0.0,0.0,0.0,0.0,0.0,0.0,0.0,0.0,0.0
2026-06-09 14:46:41,2.894194555510504,-0.614190001267084,2.5616150330389216,1.2760816692863397,-2.4299123181426467,-0.9228893672117331,-0.6978526015631852,0.7818937718376571,36.84579452621903,37.29373852523208,36.93083683344208,14.0,20.0,36.0,-51.2,0.0,0.0,0.0,0.0,0.0,0.0,0.0,0.0,0.0,0.0
2026-06-09 14:46:42,1.2280265141446671,2.4805665643875665,-2.1609421163652898,0.29256116310852853,0.6679120246217214,1.7691053298830823,-1.826439165241502,-2.72159283199633,36.964875207476304,37.22068897379788,37.2938511770938,14.0,20.0,36.0,-8.3,0.0,0.0,0.0,0.0,0.0,0.0,0.0,0.0,0.0,0.0
2026-06-09 14:46:43,-0.5447132110462354,-1.1485397277015152,0.34208262597657946,-1.518429017841884,1.5926093303320723,2.575843058614339,-2.878842557388745,-2.927846922072611,36.76634486704662,37.23826957329864,37.00257096052038,14.0,20.0,36.0,20.7,0.0,0.0,0.0,0.0,0.0,0.0,0.0,0.0,0.0,0.0
2026-06-09 14:46:44,1.0148967526319268,-2.5836001187581705,2.1249375155280923,2.531409962762769,-0.6808893654474444,-1.66530922695317,0.3777450128133655,-1.7494668285677948,36.63560065755384,37.18526311103721,36.77199290915756,14.0,20.0,36.0,11.2,0.0,0.0,0.0,0.0,0.0,0.0,0.0,0.0,0.0,0.0
2026-06-09 14:46:46,-1.2452009707446927,2.394434849656994,0.6544431309072176,-2.4395766132870724,-0.8116562662945341,-1.2867352421845202,0.97225947440859,-2.339893384319752,36.641343615608015,37.0356897521553,36.85496965328921,14.0,20.0,36.0,-79.0,0.0,0.0,0.0,0.0,0.0,0.0,0.0,0.0,0.0,0.0
2026-06-09 14:46:47,-1.2779694798712022,1.1420954784502477,-2.573664190969684,1.0845311392366046,-2.655226188074831,2.1367863602625796,-2.888891869718808,1.448606077917976,36.64345701275538,37.13830219575274,37.22625086325609,14.0,20.0,36.0,36.6,0.0,0.0,0.0,0.0,0.0,0.0,0.0,0.0,0.0,0.0
2026-06-09 14:46:48,-2.9042460372348295,0.9123278926052056,1.6914298584999141,2.9785204809788386,2.684310572018936,0.6352735538500367,-0.2886042656014407,1.7577349709878556,36.783777577604056,37.14186457074214,37.03240208157399,14.0,20.0,36.0,-67.2,0.0,0.0,0.0,0.0,0.0,0.0,0.0,0.0,0.0,0.0
2026-06-09 14:46:49,-2.0244416017695492,0.46733668712271026,0.8126840453513378,-1.192408229857081,2.7567168703346967,2.912370972225829,2.9724563967344046,-1.9646585210528478,36.66332843305018,36.9803950526387,37.284548410421216,14.0,20.0,36.0,-30.2,0.0,0.0,0.0,0.0,0.0,0.0,0.0,0.0,0.0,0.0
2026-06-09 14:46:51,-1.8145000335104298,0.3467775193298186,2.0614617116865492,2.1816848603128705,-1.6403509643572962,0.9776376876909323,-0.45185698075322334,-1.8765725993308862,36.694272832433505,36.92622786292887,37.1931340999682,14.0,20.0,36.0,-62.0,0.0,0.0,0.0,0.0,0.0,0.0,0.0,0.0,0.0,0.0
2026-06-09 14:46:52,0.9204387826575857,-1.0405491785984209,1.9517121737300664,-2.0383231486787765,2.9656518859758085,2.411243321873444,-0.740200729633989,2.3816613459532903,37.07318836439866,37.361351446839365,37.20917655014773,14.0,20.0,36.0,-22.7,0.0,0.0,0.0,0.0,0.0,0.0,0.0,0.0,0.0,0.0
2026-06-09 14:46:53,2.2051289266124785,-1.830706623789262,1.4520332155064875,2.953386972523756,2.721799708044893,-2.0741502970721446,2.95009048265681,-1.8399852142725461,36.731646240908496,37.19206513364988,36.7327323699175,14.0,20.0,36.0,10.2,0.0,0.0,0.0,0.0,0.0,0.0,0.0,0.0,0.0,0.0
2026-06-09 14:46:54,0.7710712683394476,1.8189108275204315,2.5162414913886266,-1.9097036005633417,0.495270096297987,2.857746086512301,-1.7884741968805844,2.0272658211453507,36.80443979651846,37.36566923595629,37.17397736882564,14.0,20.0,36.0,-100,0.0,0.0,0.0,0.0,0.0,0.0,0.0,0.0,0.0,0.0
2026-06-09 14:46:55,1.9710968320526385,-0.6641805656536155,2.5290607957876006,-1.715599202851421,-2.0827635506090996,-0.677762797956289,2.126340533776558,-2.4770337837889382,37.04703514961544,36.975829163361816,37.03312496575812,14.0,20.0,36.0,-47.5,0.0,0.0,0.0,0.0,0.0,0.0,0.0,0.0,0.0,0.0
2026-06-09 14:46:56,1.7006402281274893,-1.3542154214026656,0.274203897089043,-0.49905765407248737,2.3642400178013423,1.1224246037063592,2.1258630711265054,0.7103459832024774,36.660376398218716,37.11375916717974,37.224358579473844,14.0,20.0,36.0,29.6,0.0,0.0,0.0,0.0,0.0,0.0,0.0,0.0,0.0,0.0
2026-06-09 14:46:57,-2.0183664866509927,2.4589061336362876,2.166682324288491,-0.6230135055854533,0.9482911032799484,1.680977037425614,0.027053705115239968,1.1904727839916802,36.584255723293936,36.99998077935975,36.95021014911982,14.0,20.0,36.0,-100,0.0,0.0,0.0,0.0,0.0,0.0,0.0,0.0,0.0,0.0
2026-06-09 14:46:59,-2.271538703851883,-0.19608749860354502,-2.7161335883988276,2.4679873585116123,-0.7127920337316294,2.2620290237319036,2.564379896951661,-0.84538065902579,37.01409225665084,37.035713942194356,37.04542353619184,14.0,20.0,36.0,77.7,0.0,0.0,0.0,0.0,0.0,0.0,0.0,0.0,0.0,0.0
2026-06-09 14:47:00,2.8690945894186957,1.2694495885750392,-0.490117336660413,-1.2377217976148853,-0.6785319204232163,0.024115561859428425,-0.6329037019263684,1.3113007669779932,36.94783817937901,36.956311705284975,36.91190701823818,14.0,20.0,36.0,-20.5,0.0,0.0,0.0,0.0,0.0,0.0,0.0,0.0,0.0,0.0
2026-06-09 14:47:01,1.0481453987808838,1.435789751195208,2.863011044537899,1.525536185340898,2.7492051619421165,-0.31155551371770684,-2.9518664615498764,-1.6160172829526789,37.01057907669778,37.18637780821838,37.01593397580106,14.0,20.0,36.0,-100,0.0,0.0,0.0,0.0,0.0,0.0,0.0,0.0,0.0,0.0
2026-06-09 14:47:03,2.6690252532981216,-1.463543672935829,2.3487528444943457,-1.815216953380159,0.0662918038304996,0.8891353964456155,1.2199603516104505,0.5338718699751803,37.056905482462234,36.98963811207989,36.88339262590775,14.0,20.0,36.0,-21.8,0.0,0.0,0.0,0.0,0.0,0.0,0.0,0.0,0.0,0.0
2026-06-09 14:47:04,-2.4235784221212056,-0.1648673943106349,-0.9110026774192743,-1.2911747867644223,2.771680465271456,2.0993667804445337,-2.8360715505889944,1.2117004414113186,36.528740860988,37.303818359834985,36.90978879139784,14.0,20.0,36.0,27.5,0.0,0.0,0.0,0.0,0.0,0.0,0.0,0.0,0.0,0.0
2026-06-09 14:47:05,2.689185412733023,-2.6715903151629723,-0.6890321620138082,-1.0215581386287493,1.154950362846396,-1.7516693842652469,-2.986694245433858,-1.473033872384912,36.537575462434575,37.282235433612335,36.86898506127833,14.0,20.0,36.0,84.5,0.0,0.0,0.0,0.0,0.0,0.0,0.0,0.0,0.0,0.0
2026-06-09 14:47:06,-0.8145224428187072,-1.9565556486563294,-1.968464071426219,1.619809183887015,1.4910564456525321,0.07222195212722538,-2.1580355909313855,-2.6987518690611605,36.69923137098235,36.84465018726716,37.170114446114624,14.0,20.0,36.0,100.4,0.0,0.0,0.0,0.0,0.0,0.0,0.0,0.0,0.0,0.0
2026-06-09 14:47:08,-1.6551168137362169,-1.0986589553147983,0.3179770600403331,-2.108502126986931,0.552432335422079,1.1758840680281804,-1.5945045668282871,0.6422777082312683,36.54930262221789,36.82253800584931,37.27058207370496,14.0,20.0,36.0,20.0,0.0,0.0,0.0,0.0,0.0,0.0,0.0,0.0,0.0,0.0
2026-06-09 14:47:09,-1.2107155402105276,1.4816226850816028,-0.5154945578909276,2.6684328882764516,2.2981125987739333,2.56289363905241,-1.9063963657402614,-1.5941727288002892,37.00064580114641,36.96200164123489,36.7332576580664,14.0,20.0,36.0,-24.7,0.0,0.0,0.0,0.0,0.0,0.0,0.0,0.0,0.0,0.0
2026-06-09 14:47:11,2.3576564656804138,-0.5517550615988593,-2.417105749754702,1.971572308478951,-1.4543215060122967,-1.8179891025867931,0.46373783887043185,2.8627321718204737,37.08584642731291,36.97905434663953,37.12754956438779,14.0,20.0,36.0,76.1,0.0,0.0,0.0,0.0,0.0,0.0,0.0,0.0,0.0,0.0
2026-06-09 14:47:12,-2.6170897749985347,1.731414310113637,1.7655813565181644,0.7931199902416552,-1.2010045335697945,1.9796632772170248,-2.328172846592504,-1.4517165886399603,36.5453119450369,37.32102838096674,36.72252923523766,14.0,20.0,36.0,-90.6,0.0,0.0,0.0,0.0,0.0,0.0,0.0,0.0,0.0,0.0
2026-06-09 14:47:13,-2.687387773788922,1.9461571624414615,0.7182013805320642,-1.9492502588468867,-2.988319783169025,0.1549052456786577,-0.27798957785790446,0.4001537802250592,36.50247226986312,37.34784024084545,37.05060492308099,14.0,20.0,36.0,-69.0,0.0,0.0,0.0,0.0,0.0,0.0,0.0,0.0,0.0,0.0
2026-06-09 14:47:14,-1.9316318315114818,-0.13909596177499584,-2.293300312626739,-0.3619208179033193,-0.08765492410416886,1.7197550084248565,0.6448392015541762,1.1008122315128501,36.64663414724794,37.2753580330192,37.173255132742895,14.0,20.0,36.0,64.1,0.0,0.0,0.0,0.0,0.0,0.0,0.0,0.0,0.0,0.0
2026-06-09 14:47:15,-2.0445015359593732,-2.1550808083331834,-1.7629810718407803,-0.8444306114977245,-1.8799845774764006,2.3958792204399737,-2.1424859935548834,-2.0144227518538678,36.66609624716838,37.1452714415374,37.22004899555748,14.0,20.0,36.0,101.4,0.0,0.0,0.0,0.0,0.0,0.0,0.0,0.0,0.0,0.0
2026-06-09 14:47:16,1.7596131131440185,0.32309023981205653,-1.5573866170708068,1.388212180919246,1.424782218995695,0.5542306713791247,0.3672794242256505,-1.0475641393045774,36.96101352438124,36.94606711651873,37.2367806358868,14.0,20.0,36.0,32.4,0.0,0.0,0.0,0.0,0.0,0.0,0.0,0.0,0.0,0.0
2026-06-09 14:47:18,-0.03384324774245684,2.0497395670998335,0.9418866043036354,-0.8836718498069187,0.9559059075980683,-0.4152051798962022,2.5854488386451138,-2.641475534545055,36.846265254054565,37.081572093411125,37.055478307356594,14.0,20.0,36.0,-76.3,0.0,0.0,0.0,0.0,0.0,0.0,0.0,0.0,0.0,0.0
2026-06-09 14:47:19,0.22260440146823957,0.004406687955856192,-2.8823222635460524,2.850926513936794,-1.748757583848642,-0.8036738221397433,-1.892436667290087,-0.029569578376166916,36.90069735569321,37.29648679234032,37.10288442991894,14.0,20.0,36.0,73.1,0.0,0.0,0.0,0.0,0.0,0.0,0.0,0.0,0.0,0.0
2026-06-09 14:47:20,-1.9052731641323912,-2.963276114175076,-2.9732988059772394,-2.070558154551505,0.15748666246285525,1.9860839411450648,0.36998425011059766,-1.7268071037573087,36.68671974953373,36.80656238491452,36.803446610348104,14.0,20.0,36.0,154.7,0.0,0.0,0.0,0.0,0.0,0.0,0.0,0.0,0.0,0.0
2026-06-09 14:47:21,0.5876618034635608,0.30083605102242306,1.9933783837231633,1.7788166089964301,-1.0041784486752938,0.003856740327146113,0.1250188512080852,0.5526208829917723,36.653658121118035,36.849085437856466,36.73898080811256,14.0,20.0,36.0,-59.3,0.0,0.0,0.0,0.0,0.0,0.0,0.0,0.0,0.0,0.0
2026-06-09 14:47:22,-2.9119484552515527,0.8662271638425443,-1.451779242392972,-1.3052614555014292,1.8683512408665068,-0.282971270481557,1.960798650398651,-2.1386159166715664,36.934596293343205,37.011414915275004,37.25975757321111,14.0,20.0,36.0,16.0,0.0,0.0,0.0,0.0,0.0,0.0,0.0,0.0,0.0,0.0
2026-06-09 14:47:24,1.635542049800998,-2.238006738799995,-2.1402724642007627,2.002148233026529,-1.9925183076656425,-2.5573608616762,0.5026557524878728,-0.7233463493686791,36.96262927767148,37.26992065897461,36.8557511042637,14.0,20.0,36.0,112.2,0.0,0.0,0.0,0.0,0.0,0.0,0.0,0.0,0.0,0.0
2026-06-09 14:47:25,0.2898423106483339,-2.5017296518365093,-2.768483412566822,-0.530840934179075,2.284762591505184,2.5823014890312326,2.0498562315260997,-0.024410596054838862,36.610655624800316,37.282888106078964,36.818163683139964,14.0,20.0,36.0,138.6,0.0,0.0,0.0,0.0,0.0,0.0,0.0,0.0,0.0,0.0
2026-06-09 14:47:26,0.6350717543490347,-2.4719254356429374,-1.182496678281692,2.967963212751088,1.519673303208692,-2.6757045944463833,-1.3450636704520145,-0.2841786465947802,36.67592581164584,37.37226383521018,36.85536491362805,14.0,20.0,36.0,92.5,0.0,0.0,0.0,0.0,0.0,0.0,0.0,0.0,0.0,0.0
2026-06-09 14:47:28,0.41249468269144174,0.869442359820443,-1.9046033640645843,1.20793314308772,2.135534858417281,0.9797376046553317,0.13203860829899483,0.6259781483752977,36.76305550524508,37.19086151467688,36.86129114744451,14.0,20.0,36.0,27.3,0.0,0.0,0.0,0.0,0.0,0.0,0.0,0.0,0.0,0.0
2026-06-09 14:47:29,-1.8022735612451712,2.9374321124163725,-0.26712038804309657,-0.8590978501948547,1.8993069179847835,-1.0334315831582255,-1.097640951387592,-2.5055808075551598,36.650160146658386,37.06940945883482,36.91295814638073,14.0,20.0,36.0,-70.1,0.0,0.0,0.0,0.0,0.0,0.0,0.0,0.0,0.0,0.0
2026-06-09 14:47:31,-1.805933767233473,-0.8857054117311227,1.929822390124098,1.081608344696054,-2.747852115450991,-2.3847150405861175,-1.2407824227512274,2.7778713614482715,36.50592217996893,36.921955079969074,37.283973561201165,14.0,20.0,36.0,-28.8,0.0,0.0,0.0,0.0,0.0,0.0,0.0,0.0,0.0,0.0
2026-06-09 14:47:32,0.3154620239376742,-1.105514667417606,1.8301489662663428,-2.9531355064676195,-0.9683020261967581,2.8999144747453958,0.9600002420580429,-1.0605734850895092,36.870218810711776,37.02526673334992,36.838001821084816,14.0,20.0,36.0,-16.8,0.0,0.0,0.0,0.0,0.0,0.0,0.0,0.0,0.0,0.0
2026-06-09 14:47:34,0.32169018012860473,0.7593353882362708,-0.0773503197359715,-0.6108375821756882,-1.463818576267014,-0.6821448381354482,0.8514541504506328,-1.851909070085725,36.93692314920665,36.832649544744484,36.969876341525506,14.0,20.0,36.0,-17.5,0.0,0.0,0.0,0.0,0.0,0.0,0.0,0.0,0.0,0.0
2026-06-09 14:47:35,1.213909287020475,-0.8477800009959946,-0.8995705619029408,-2.8248988622451576,-1.58346773244027,0.9761186986472423,-1.36900421187235,0.7143555701183635,36.9438339709993,37.26332688218408,36.73506234653371,14.0,20.0,36.0,45.0,0.0,0.0,0.0,0.0,0.0,0.0,0.0,0.0,0.0,0.0
2026-06-09 14:47:37,2.793664139080474,2.781158409767924,1.3619391774827747,0.1701128582620517,-1.0383480432143737,2.301932603986974,1.3636673218808086,2.3068008154520925,36.90702014482006,37.03003617659059,36.934314058014806,14.0,20.0,36.0,-100,0.0,0.0,0.0,0.0,0.0,0.0,0.0,0.0,0.0,0.0
2026-06-09 14:47:38,1.431883990714395,-1.8729856079398053,2.3757425546379114,-1.3473609967603961,0.773441542854588,-0.1812758645612278,1.991924972195216,-1.2310905081790258,36.91763897585676,37.18805803433148,36.82547324358944,14.0,20.0,36.0,-12.1,0.0,0.0,0.0,0.0,0.0,0.0,0.0,0.0,0.0,0.0
2026-06-09 14:47:39,2.58081660742938,-1.5077031942904346,-2.7048578514919255,-0.02715345171996031,0.10218392108164309,-2.176692738856906,-0.9996104408866997,-0.5757068296341248,36.8328748389239,36.8349078100098,37.23000520971401,14.0,20.0,36.0,107.3,0.0,0.0,0.0,0.0,0.0,0.0,0.0,0.0,0.0,0.0
2026-06-09 14:47:40,2.4062273320313263,1.0397274101082488,-2.7728298937264793,0.28267105014048344,1.4409800673520152,-0.9556014448270127,0.9066138964391315,-2.56231877367813,36.637423757516565,37.348717415557864,36.85765120991852,14.0,20.0,36.0,44.8,0.0,0.0,0.0,0.0,0.0,0.0,0.0,0.0,0.0,0.0
2026-06-09 14:47:41,-0.43874359462487833,-0.8019526474908814,-2.2129444514017598,-2.3145461353790133,1.3052041845592628,2.2078892184206804,0.8644902583322853,-2.119927716264967,37.02646250482805,37.260545756210355,36.99741333994206,14.0,20.0,36.0,79.5,0.0,0.0,0.0,0.0,0.0,0.0,0.0,0.0,0.0,0.0
2026-06-09 14:47:42,-0.22270196518824426,0.04410126277240156,-1.6134723098013155,0.43229310002204935,-1.6767079351028153,-0.48904284884319793,-2.2417683342926775,2.0391230695354485,36.680415322616355,37.11699468914814,36.99505746415484,14.0,20.0,36.0,39.2,0.0,0.0,0.0,0.0,0.0,0.0,0.0,0.0,0.0,0.0
2026-06-09 14:47:44,-2.312722687257928,-0.8463045202523842,-1.6525322898846693,0.2716343408826001,0.3123646126843065,-2.231883329454139,2.6522884310306045,1.132529482350006,36.816316159944904,37.3773877516614,36.79702245228988,14.0,20.0,36.0,64.8,0.0,0.0,0.0,0.0,0.0,0.0,0.0,0.0,0.0,0.0
2026-06-09 14:47:45,-0.1791181736156764,1.8006696347928983,-1.6587429651847572,-0.3565940945171411,-2.9525392176263114,-1.4456149703611008,2.6505401125553325,0.2105307373080878,36.69538784949365,36.95813402890268,37.15017108866885,14.0,20.0,36.0,-3.1,0.0,0.0,0.0,0.0,0.0,0.0,0.0,0.0,0.0,0.0
2026-06-09 14:47:47,-0.8646662119925601,-1.5256520476936222,-0.7772068497200033,-1.0300462346861274,1.9889188173616148,0.1288867972429113,2.2629871997667967,-2.418554846231862,36.54155206501763,37.19068749733038,37.124991245633105,14.0,20.0,36.0,60.7,0.0,0.0,0.0,0.0,0.0,0.0,0.0,0.0,0.0,0.0
2026-06-09 14:47:48,1.0038996163217604,2.4353928399421205,-0.41117820624925905,-1.8135346344703138,-1.8246056839245426,2.7863350242878573,0.4187205850809379,-2.2291007053690275,37.083175590381046,36.94382118715151,37.29803976452118,14.0,20.0,36.0,-50.7,0.0,0.0,0.0,0.0,0.0,0.0,0.0,0.0,0.0,0.0
2026-06-09 14:47:49,-0.2330481717793771,-0.46162026719695337,-1.1349427350112926,2.8837134546719536,0.8461143496160695,0.46361597151743217,-1.7236357960767241,2.7747531356308457,37.03940214551096,37.25766195234183,36.9289483683141,14.0,20.0,36.0,40.7,0.0,0.0,0.0,0.0,0.0,0.0,0.0,0.0,0.0,0.0
2026-06-09 14:47:50,-2.0602207210662122,-2.431148907911582,0.7617130220600403,-2.779113338557533,-2.1883940251496363,-2.766755348775604,1.0624601320822133,2.851655086424061,36.97254614820799,36.97801676612165,37.21179357266725,14.0,20.0,36.0,42.3,0.0,0.0,0.0,0.0,0.0,0.0,0.0,0.0,0.0,0.0
2026-06-09 14:47:52,-0.13211470737270314,-0.2237295513328874,1.4779361476725237,1.3071454977287758,2.430411892915748,-2.132267815794401,-2.070032786528123,-1.779229471795502,36.75885220545489,37.34570334345845,36.86409026947467,14.0,20.0,36.0,-34.5,0.0,0.0,0.0,0.0,0.0,0.0,0.0,0.0,0.0,0.0
2026-06-09 14:47:53,-2.8034311540391865,-2.1303742904779686,1.5997647472213972,2.569632124852548,-2.5991971839402312,-1.5927018727397524,-2.624099164326223,0.0009926689066457328,36.5054887327259,36.84308097999375,36.996859248074266,14.0,20.0,36.0,11.6,0.0,0.0,0.0,0.0,0.0,0.0,0.0,0.0,0.0,0.0
2026-06-09 14:47:54,0.907671282164892,-0.04775246936409561,2.3198201603931654,1.2971645916309473,-0.09496069202788249,-1.2515548028306682,2.870307144618266,2.8625558885034286,36.55914824322043,37.15944504066697,36.88757956656469,14.0,20.0,36.0,-57.9,0.0,0.0,0.0,0.0,0.0,0.0,0.0,0.0,0.0,0.0
2026-06-09 14:47:55,-0.6748040024272601,-1.1301999217030978,2.685846882766514,-1.2988068770413626,1.6468238433285762,-1.5021210584125801,-0.1462735020368653,0.959565972544044,36.87658163597435,37.02644573942324,36.86442103575307,14.0,20.0,36.0,-41.0,0.0,0.0,0.0,0.0,0.0,0.0,0.0,0.0,0.0,0.0
2026-06-09 14:47:56,0.823926030338261,0.9251582037583996,2.3713684626882383,-0.8916263077646005,1.3018715450656426,0.6316875065157221,0.9660193278397036,1.522896276564766,36.929040098598584,37.16442062880099,36.7352321628031,14.0,20.0,36.0,-84.4,0.0,0.0,0.0,0.0,0.0,0.0,0.0,0.0,0.0,0.0
2026-06-09 14:47:57,-1.9680303602866325,1.640041973701864,1.397817629945254,-0.7503463431458002,2.0635005327648726,2.4565629918694043,-0.6874213643095883,2.7558718282434347,36.964633649290235,37.31323522278137,36.71446634188264,14.0,20.0,36.0,-77.7,0.0,0.0,0.0,0.0,0.0,0.0,0.0,0.0,0.0,0.0
2026-06-09 14:47:59,-0.7398419285591773,1.515871752487227,0.5044854406868753,-0.033107549374767675,0.894935921964914,-1.7779545354030801,0.6613499284902691,-0.7376117258574926,36.72386941820871,37.39406276784556,36.81319397807372,14.0,20.0,36.0,-52.8,0.0,0.0,0.0,0.0,0.0,0.0,0.0,0.0,0.0,0.0
2026-06-09 14:48:00,-2.537613984483759,-1.9950488055662845,1.0530405563032987,-2.468664189052882,-2.3517079872565376,1.747704650056149,0.23361669637858995,0.8470920747699155,37.02206385386576,37.270058693301465,37.27922205219896,14.0,20.0,36.0,25.3,0.0,0.0,0.0,0.0,0.0,0.0,0.0,0.0,0.0,0.0
2026-06-09 14:48:01,1.8749442307183468,-1.472212028788052,0.025807381012525887,0.9580777542208603,-1.188619059082867,-0.26997477637495093,-0.07449039436102556,1.2780678885196934,36.687061020970695,36.86045208543572,36.98507802942548,14.0,20.0,36.0,37.2,0.0,0.0,0.0,0.0,0.0,0.0,0.0,0.0,0.0,0.0
2026-06-09 14:48:02,0.01994953943936384,2.240157264577192,2.4868871203574763,-1.0135624577187432,-2.1789594413348032,2.0912237581046966,-1.9417664116804936,1.7935333039396237,36.883540198669735,37.317955624246686,37.03697709193846,14.0,20.0,36.0,-100,0.0,0.0,0.0,0.0,0.0,0.0,0.0,0.0,0.0,0.0
2026-06-09 14:48:04,2.812828550536069,-0.7991906751707916,2.7941049210111677,2.8881091536504275,0.11194604648827777,-1.364406032223038,0.9648291757499425,2.3075336816670706,36.50726577852617,36.86086621527862,36.73399717902581,14.0,20.0,36.0,-51.8,0.0,0.0,0.0,0.0,0.0,0.0,0.0,0.0,0.0,0.0
2026-06-09 14:48:05,-0.19636084927231678,-0.5931390941356138,-1.235606327091657,-1.802945062193123,-0.4033220080180522,2.895548891091721,-2.0974503719053894,0.14728372900487852,36.51113606872113,37.203927929107294,37.25419610247931,14.0,20.0,36.0,47.7,0.0,0.0,0.0,0.0,0.0,0.0,0.0,0.0,0.0,0.0
2026-06-09 14:48:06,1.3668866193695948,-0.6326541244129631,2.941651023434396,2.0101645405889155,2.410261957077946,0.621074419750733,-1.6952583940712482,-2.4170321965004127,36.94899642478021,36.89130526546347,36.8760574885533,14.0,20.0,36.0,-60.2,0.0,0.0,0.0,0.0,0.0,0.0,0.0,0.0,0.0,0.0
2026-06-09 14:48:07,1.1065773830997676,2.6345477503002392,-1.3610662220769107,-0.9611889440014805,-1.0300615621276954,0.6462962071794234,2.409630225013194,-2.562341404785518,36.675688976719364,37.04142912057594,37.144048502895124,14.0,20.0,36.0,-31.4,0.0,0.0,0.0,0.0,0.0,0.0,0.0,0.0,0.0,0.0
2026-06-09 14:48:08,0.1319810476412533,0.8561146892971392,1.1323361068021063,1.9068532876470874,0.04344070337330841,2.898507676493254,-2.328193219738938,0.12775855844661832,36.87225206112727,37.059530354268254,37.10601665166123,14.0,20.0,36.0,-51.1,0.0,0.0,0.0,0.0,0.0,0.0,0.0,0.0,0.0,0.0
2026-06-09 14:48:10,0.7423077913278417,2.9717179798614106,0.6458488855096305,2.2002466089786346,-0.0846939407692,-2.7813334723396235,0.3196843635508593,2.138369917552838,36.68118620590755,37.075240810175124,36.872306242009074,14.0,20.0,36.0,-94.8,0.0,0.0,0.0,0.0,0.0,0.0,0.0,0.0,0.0,0.0
2026-06-09 14:48:11,2.136835171860101,0.5182383749982371,-2.8808163639091395,-2.4060231965387695,-2.6433704979083044,-1.7832472140921867,-2.508268195891353,-0.30767319689558903,37.08543968295267,37.3670241521949,37.122588623703116,14.0,20.0,36.0,58.9,0.0,0.0,0.0,0.0,0.0,0.0,0.0,0.0,0.0,0.0
2026-06-09 14:48:13,2.4293317368011564,-0.5465366097544604,1.1256750360144157,-1.4102062231114714,-1.7341926123577915,-1.8160679174398793,-1.6930002368743988,-1.9271565322806143,36.58131142231149,37.23439823217026,37.068730462893214,14.0,20.0,36.0,-16.7,0.0,0.0,0.0,0.0,0.0,0.0,0.0,0.0,0.0,0.0
2026-06-09 14:48:14,1.748791665687273,-1.7268472050700332,2.4400457208616233,1.6150871067247907,-0.7001944047489141,-1.0270267093039627,0.503383517718234,-0.9356600151338643,36.7596022496231,37.159031356576136,36.893266599321244,14.0,20.0,36.0,-18.7,0.0,0.0,0.0,0.0,0.0,0.0,0.0,0.0,0.0,0.0
2026-06-09 14:48:15,-1.2798372749254,1.7880169984846876,-2.201774148501964,-0.6015721525841058,2.759354605850806,-1.710056718344011,0.5877456579651827,-0.26560175855422585,37.02790725375154,37.09287810969701,37.218144862528995,14.0,20.0,36.0,10.1,0.0,0.0,0.0,0.0,0.0,0.0,0.0,0.0,0.0,0.0
2026-06-09 14:48:16,-0.14695229749834038,0.0744158152246035,-0.4121953728873389,-1.8901505052700738,-0.39744235211221035,1.757714594744388,-2.1367512889326523,1.6131827117468855,36.70070419357205,36.949707245667895,37.0798805353256,14.0,20.0,36.0,8.5,0.0,0.0,0.0,0.0,0.0,0.0,0.0,0.0,0.0,0.0
2026-06-09 14:48:18,0.19736641626789897,1.1514582265371498,-1.4207102726394971,2.544446263855222,-2.8867491356847497,0.11820224701850446,-0.92041403750334,1.8536166939891263,36.7789835726755,37.20125641642206,36.73352812107217,14.0,20.0,36.0,6.6,0.0,0.0,0.0,0.0,0.0,0.0,0.0,0.0,0.0,0.0
2026-06-09 14:48:19,2.9813147977758963,2.7620523082759174,-2.527637360090989,-1.8959590519871912,-2.399479769803815,-2.628334956409483,-2.3638751108345657,1.4899808561487742,36.563469857970176,37.17025023359083,36.805822769957985,14.0,20.0,36.0,-8.6,0.0,0.0,0.0,0.0,0.0,0.0,0.0,0.0,0.0,0.0
2026-06-09 14:48:20,-1.6764962948780706,2.594848262642084,2.279131030278334,2.7565344922087087,-1.6450664697447863,1.5540457686536824,1.9692597275530597,0.11472942298514877,36.5187976967899,36.9035851241074,37.057852052898255,14.0,20.0,36.0,-100,0.0,0.0,0.0,0.0,0.0,0.0,0.0,0.0,0.0,0.0
2026-06-09 14:48:21,0.27034661132602533,1.4374819319559489,-1.1036994692086708,0.04652535833990967,2.2303017446126487,-1.380321647315875,0.5523081576362623,-1.6706930458421982,36.54741543048461,36.883930042583124,37.12232172521555,14.0,20.0,36.0,-9.0,0.0,0.0,0.0,0.0,0.0,0.0,0.0,0.0,0.0,0.0
2026-06-09 14:48:23,-0.8349019252373351,-2.895509987931317,0.550184196140548,2.2088321232855197,0.7580629997561248,1.2466081164266738,2.8659796195769216,1.2241819323018586,36.602049653996,37.162378416291666,37.18892634934121,14.0,20.0,36.0,62.7,0.0,0.0,0.0,0.0,0.0,0.0,0.0,0.0,0.0,0.0
2026-06-09 14:48:24,-0.9678468273320684,2.9201307609090996,1.1327050209326028,-1.6700740956214124,-1.720385662978591,0.9066751276272873,0.3469936611661337,1.7328318192701033,36.773101295321695,36.8574455290333,36.932618150140534,14.0,20.0,36.0,-100,0.0,0.0,0.0,0.0,0.0,0.0,0.0,0.0,0.0,0.0
2026-06-09 14:48:25,-1.6531904256347811,-0.5807125792628414,1.5681466802059028,-0.5399134808365194,-1.5586523902690146,-2.5058794047829247,2.1098258444185056,-1.7315513758755983,36.76478463290604,37.30441924373981,36.859269045828434,14.0,20.0,36.0,-25.7,0.0,0.0,0.0,0.0,0.0,0.0,0.0,0.0,0.0,0.0
2026-06-09 14:48:26,-1.1294165012821662,1.2513541046823953,1.7593686162767685,-1.1665317847809833,2.4555712431419607,-2.9560435441471764,0.15718448526287032,0.5223350115247878,36.95810127997056,36.92632179273333,36.92091929697251,14.0,20.0,36.0,-79.2,0.0,0.0,0.0,0.0,0.0,0.0,0.0,0.0,0.0,0.0
2026-06-09 14:48:27,-2.58822470574074,1.8765960992631934,-0.8128202371787352,0.19355315331063494,1.3245312000267138,-0.9373213715955719,0.3304260986517118,2.2478732405068094,36.523505717412235,37.20522028534787,36.89984935651767,14.0,20.0,36.0,-27.8,0.0,0.0,0.0,0.0,0.0,0.0,0.0,0.0,0.0,0.0
2026-06-09 14:48:29,-1.6346818198331918,2.8713459850808274,2.943422874053577,-0.35092814731706756,1.923039210745963,1.2238261472100742,0.6238004816366383,-1.0039673760764174,36.584059037192276,37.36858169560176,36.74437322405884,14.0,20.0,36.0,-100,0.0,0.0,0.0,0.0,0.0,0.0,0.0,0.0,0.0,0.0
2026-06-09 14:48:30,0.6560952774275499,0.32080958312827423,-0.11160269867477446,0.6060903482451527,-1.2745918558066118,2.6054323996526465,1.6530642037341465,2.664791994837974,36.73151492266527,36.81043736079475,37.020674612593595,14.0,20.0,36.0,-3.3,0.0,0.0,0.0,0.0,0.0,0.0,0.0,0.0,0.0,0.0
2026-06-09 14:48:31,-1.7795170368727544,-0.866313859319999,-0.9294072977593126,1.3085369082075173,-2.3925820297043727,1.3074030159783838,-2.3309531335607945,-0.9773664347066022,36.91622061950503,36.86658575466905,36.89695023302873,14.0,20.0,36.0,45.9,0.0,0.0,0.0,0.0,0.0,0.0,0.0,0.0,0.0,0.0
2026-06-09 14:48:33,-0.9013796052461212,2.339535256790122,-0.6410368234899959,1.6157400675673301,-1.5518618559923751,1.515414991184655,2.3020764549094412,0.10817921884828419,36.586118383942775,36.97357805181193,37.284271017578455,14.0,20.0,36.0,-42.0,0.0,0.0,0.0,0.0,0.0,0.0,0.0,0.0,0.0,0.0
2026-06-09 14:48:34,-0.38036637935462236,1.4415703422855213,-2.7295976335160486,0.6199546547789376,-0.6304607763165593,-0.41842686769173465,-2.6666656141736436,1.4030922480529728,36.51596655552437,37.143934514829205,37.17254124914404,14.0,20.0,36.0,31.8,0.0,0.0,0.0,0.0,0.0,0.0,0.0,0.0,0.0,0.0
2026-06-09 14:48:35,-1.69807059091525,-1.6982076932958106,1.1055183704977516,-2.650573660541255,-0.43786591745631576,-2.580352977289106,-1.4732943338555966,1.4409535733158343,36.81373840322961,37.37098161483558,37.09392434758751,14.0,20.0,36.0,13.3,0.0,0.0,0.0,0.0,0.0,0.0,0.0,0.0,0.0,0.0
2026-06-09 14:48:36,2.2867688388752443,-2.059776950117637,-0.47978157693107093,1.8007618943887476,1.111931168527553,-0.905908770287549,1.059020281876145,2.239883915648371,36.81593015115249,37.021845530312866,37.232425298764255,14.0,20.0,36.0,65.7,0.0,0.0,0.0,0.0,0.0,0.0,0.0,0.0,0.0,0.0
2026-06-09 14:48:37,-1.7771532237966101,-1.3925013795425487,-0.28515186303709816,2.852619013421225,-2.1527486907909807,0.8524984231325994,-0.8202029609181416,1.1890928133996983,36.76252366653335,37.03734305851982,36.75071616681023,14.0,20.0,36.0,43.4,0.0,0.0,0.0,0.0,0.0,0.0,0.0,0.0,0.0,0.0
2026-06-09 14:48:38,-1.855405626603765,0.13061886082184238,1.478592462262406,-0.9060810366085246,-2.7520194944283323,1.6471932078377716,-1.8640047802834376,-1.128160229315821,36.50970552698533,37.39056597589283,36.85663413311226,14.0,20.0,36.0,-41.7,0.0,0.0,0.0,0.0,0.0,0.0,0.0,0.0,0.0,0.0
2026-06-09 14:48:40,-1.3372203974096792,-0.5681521796258555,-2.9918747667526167,-1.2448516517841632,-2.3663835490154272,-2.544167139006042,0.3707088451375675,-0.23640062053941113,36.531594951544655,37.190691446902854,36.919583034720254,14.0,20.0,36.0,91.0,0.0,0.0,0.0,0.0,0.0,0.0,0.0,0.0,0.0,0.0
2026-06-09 14:48:41,0.7421431047632518,-1.472674988443962,1.433026847526457,1.9075431333347135,2.464725805520831,1.3802070185467148,2.2981442780884622,-2.722751409703948,36.97822245847885,37.04732358570635,37.14956959521064,14.0,20.0,36.0,2.9,0.0,0.0,0.0,0.0,0.0,0.0,0.0,0.0,0.0,0.0
2026-06-09 14:48:42,0.6724211888329754,2.8004702437240043,2.4925570405369486,-0.10065432010820086,-2.6285480939970203,2.3768020571384714,-2.4096103423667383,-1.3571949018872171,36.9824235692837,37.14230109185346,36.77129574307819,14.0,20.0,36.0,-100,0.0,0.0,0.0,0.0,0.0,0.0,0.0,0.0,0.0,0.0
2026-06-09 14:48:43,-2.217082992431104,1.5436432440886243,-1.8554350128561572,-0.8554555682024585,-1.2141491072110944,0.9057741604053478,2.04351011627101,-2.4930494303585924,36.93948323327866,37.31574878918411,36.70295152002045,14.0,20.0,36.0,9.5,0.0,0.0,0.0,0.0,0.0,0.0,0.0,0.0,0.0,0.0
2026-06-09 14:48:45,0.8462400694352938,-2.1513993935645224,-0.9840171570033216,2.0177953057101856,-0.8862109911411604,0.2889093658637174,-0.7312465032281761,1.127509582420429,36.65695247599331,37.19733009076245,36.744765919260985,14.0,20.0,36.0,80.9,0.0,0.0,0.0,0.0,0.0,0.0,0.0,0.0,0.0,0.0
2026-06-09 14:48:46,2.158211262940199,-1.0964878637350102,2.862400809168941,0.7171843345822526,-2.9303593997178674,-2.7575370731379056,2.213611377676802,-0.7999296444277855,37.019935879872115,37.115809061390415,37.28556815473413,14.0,20.0,36.0,-45.9,0.0,0.0,0.0,0.0,0.0,0.0,0.0,0.0,0.0,0.0
2026-06-09 14:48:47,0.8561548889632098,1.0225094216316934,1.8753671763620092,-1.2642065728094694,-0.3441862084548246,-1.9565301116360723,2.1708759486729976,-1.6584794709661876,37.00663145359913,37.26437759257019,37.11615543855294,14.0,20.0,36.0,-74.8,0.0,0.0,0.0,0.0,0.0,0.0,0.0,0.0,0.0,0.0
2026-06-09 14:48:49,1.5982474692577622,2.940620796255981,0.4568708508913928,-2.4962859969466007,1.5185104002996042,-2.1284745989151825,2.4069363027653417,2.729455834886245,36.652555833442655,37.359829885936264,37.25210007991246,14.0,20.0,36.0,-87.7,0.0,0.0,0.0,0.0,0.0,0.0,0.0,0.0,0.0,0.0
2026-06-09 14:48:50,1.0005030573967675,1.3340516864817138,1.4775767358543588,-0.7071732723871764,-1.50520563609027,0.9429967662162975,1.8469123780336698,1.5615101627289851,36.54982407530951,36.82667593565875,37.23275955933387,14.0,20.0,36.0,-71.3,0.0,0.0,0.0,0.0,0.0,0.0,0.0,0.0,0.0,0.0
2026-06-09 14:48:51,0.9267099677244293,-1.5243565287030605,-0.2075484176994835,-2.307868403971634,2.482858157628275,0.13363092292770684,2.053697285272607,-2.728225876043192,36.9280818467803,36.86091107806868,37.03358915984449,14.0,20.0,36.0,45.9,0.0,0.0,0.0,0.0,0.0,0.0,0.0,0.0,0.0,0.0
2026-06-09 14:48:53,-0.23676398941267163,-0.4540369991970543,1.9788912484261258,-1.5890831469220343,-1.8872366904678892,0.7076211036485054,1.444622147805588,-0.16453909612269246,36.86856425153812,36.8130321549762,37.10201928105123,14.0,20.0,36.0,-38.4,0.0,0.0,0.0,0.0,0.0,0.0,0.0,0.0,0.0,0.0
2026-06-09 14:48:54,0.11251838233868083,-1.343883931978709,-2.7631373056362447,1.030448961968454,2.469571555482652,0.768431424167412,0.1508159836657743,-2.0205978199363783,36.91916522125821,37.181353625303814,36.77716915812519,14.0,20.0,36.0,106.7,0.0,0.0,0.0,0.0,0.0,0.0,0.0,0.0,0.0,0.0
2026-06-09 14:48:55,0.469878035688315,-2.432805995334146,0.44911488689436174,-0.4260318007359869,-2.0701726262505717,-0.32514687753517846,-0.4845870774788361,-0.3638950978731845,36.57537481904062,36.85860931618975,37.25157958682031,14.0,20.0,36.0,50.9,0.0,0.0,0.0,0.0,0.0,0.0,0.0,0.0,0.0,0.0
2026-06-09 14:48:56,-2.8974866325432513,1.422503178844659,-2.3274779151686316,-1.9656742583570161,-1.1007097708095535,2.110346738881022,0.07235461208057448,-1.7603792404205019,36.59474102026196,37.34494584875657,37.097927542557755,14.0,20.0,36.0,24.5,0.0,0.0,0.0,0.0,0.0,0.0,0.0,0.0,0.0,0.0
2026-06-09 14:48:57,0.7860050396567004,-2.988510208001951,-2.344459942931873,1.0459035458162589,0.17634273178933135,2.4990138796040986,-2.861843423625817,0.091479085855517,36.60409687440854,36.82563919500026,36.82699496446928,14.0,20.0,36.0,137.7,0.0,0.0,0.0,0.0,0.0,0.0,0.0,0.0,0.0,0.0
2026-06-09 14:48:58,-2.9503201256007867,-2.6888718476000077,-2.598962699213666,-0.5579957868188279,-2.3557041729736454,-0.7821436885088717,-1.1871677462197245,-2.762984027673469,36.82492080784994,36.94050890194488,36.934787093186515,14.0,20.0,36.0,135.7,0.0,0.0,0.0,0.0,0.0,0.0,0.0,0.0,0.0,0.0
2026-06-09 14:48:59,1.0825983382709632,1.6916470888847774,0.9636980797736645,1.7409147755318202,0.2105254491802886,0.47138183318706695,2.149263577471274,2.140974959120041,36.73119068591893,36.90504298220446,36.88206021099707,14.0,20.0,36.0,-67.4,0.0,0.0,0.0,0.0,0.0,0.0,0.0,0.0,0.0,0.0
2026-06-09 14:49:01,2.131559623868058,-2.7434685109869585,-0.37926886287617423,2.1547378398800703,2.276894074296372,0.996001506873339,1.8047958556930936,2.7696606502600485,36.88078009062782,37.27866254750574,36.854244443554386,14.0,20.0,36.0,82.1,0.0,0.0,0.0,0.0,0.0,0.0,0.0,0.0,0.0,0.0
2026-06-09 14:49:02,1.669553303620182,-0.9599655401038776,-2.358651064213824,-1.061860831962872,-1.8653968450843943,2.3134788910059854,-1.5050311813244326,-2.560278713122218,36.951344246514296,36.94528140064864,36.969972427959945,14.0,20.0,36.0,86.2,0.0,0.0,0.0,0.0,0.0,0.0,0.0,0.0,0.0,0.0
2026-06-09 14:49:03,1.6925242160518792,-0.36015152308071885,0.9970158652635694,0.8624779902156714,-0.7908296419344474,-1.1189786542023932,-2.022817222244157,1.5146177637650649,36.65678290820209,37.285964145550906,37.19555929919015,14.0,20.0,36.0,-18.0,0.0,0.0,0.0,0.0,0.0,0.0,0.0,0.0,0.0,0.0
2026-06-09 14:49:04,0.9954269857447375,1.7187214280661909,-2.5259925024846743,-2.0572408010601704,2.8004348726562736,-1.4620247816632144,-0.5476039507729764,-0.6252137075982462,36.76111832947661,36.95071432186406,37.12666685634831,14.0,20.0,36.0,19.9,0.0,0.0,0.0,0.0,0.0,0.0,0.0,0.0,0.0,0.0
2026-06-09 14:49:06,1.0846956920223008,2.1027750076418217,2.458170343966465,2.541885463928704,0.3971336949422728,2.660740096137742,-2.682746447149409,-0.9729910960870511,36.746170215267604,36.87668011576728,36.83034670437492,14.0,20.0,36.0,-100,0.0,0.0,0.0,0.0,0.0,0.0,0.0,0.0,0.0,0.0
2026-06-09 14:49:07,1.5424116976309774,-2.5686340609754392,2.424513926595276,-0.7808905064375624,2.660845893877015,-2.7904381596102876,-0.3283580255812897,0.6980594305310603,37.05808621524977,37.2212063632142,37.18466734957878,14.0,20.0,36.0,2.2,0.0,0.0,0.0,0.0,0.0,0.0,0.0,0.0,0.0,0.0
2026-06-09 14:49:08,2.4607034761474527,1.4290869985425374,-2.547540459458639,-0.8964440647788376,-0.8989015289665598,0.43766756063985923,-0.6054918236535896,-1.867556523719739,37.01851319119389,37.34374573709166,37.26186463362637,14.0,20.0,36.0,28.8,0.0,0.0,0.0,0.0,0.0,0.0,0.0,0.0,0.0,0.0
2026-06-09 14:49:09,0.39503322641819505,-1.264934460764777,-1.6163923614295344,1.3161776407950008,0.343266910844064,1.3296496673158211,-0.3206036964527783,2.728074315934766,36.81318253556977,37.27934078554206,37.07864745840193,14.0,20.0,36.0,75.0,0.0,0.0,0.0,0.0,0.0,0.0,0.0,0.0,0.0,0.0
2026-06-09 14:49:10,2.888712791042323,0.37847952732742707,-1.500967918240892,0.9222224356257396,0.5562840248522471,0.5085248166366583,-1.066790684179875,0.08006960328417545,36.54564450766686,36.848320460801524,36.78230974649101,14.0,20.0,36.0,28.7,0.0,0.0,0.0,0.0,0.0,0.0,0.0,0.0,0.0,0.0
2026-06-09 14:49:12,-1.4655148288388933,-2.0876521865439646,-2.9833757752236942,-0.48096260249823786,-2.036658467274144,2.3327733897440392,-1.3070509606491092,-0.9089272456882185,36.719489122816476,37.29491120263433,36.94946308621634,14.0,20.0,36.0,131.6,0.0,0.0,0.0,0.0,0.0,0.0,0.0,0.0,0.0,0.0
2026-06-09 14:49:13,1.5448456702484359,-0.530746208181863,1.0685575914210377,-0.07751004262118766,-0.4428418115633628,-1.3292450992998948,1.3546293145365977,-2.0682474646160296,37.045413213720224,36.85632672284394,37.23134272270498,14.0,20.0,36.0,-13.9,0.0,0.0,0.0,0.0,0.0,0.0,0.0,0.0,0.0,0.0
2026-06-09 14:49:14,2.722389084295897,-2.213893255216561,-1.0408047206076287,0.3919566869229163,0.7471024677019322,-0.34586529080937733,0.5397834019020551,1.8850066681672724,36.56497753693696,36.852346214706685,37.24220214904953,14.0,20.0,36.0,84.3,0.0,0.0,0.0,0.0,0.0,0.0,0.0,0.0,0.0,0.0
2026-06-09 14:49:15,-0.15586269376616624,1.9642832389268907,0.2125585458659902,-1.5857823268514952,2.1893471107719478,-1.7231516438918897,-1.5422252728593933,-0.8390799006704093,37.04922977777146,36.85157313093495,36.94086624772969,14.0,20.0,36.0,-57.9,0.0,0.0,0.0,0.0,0.0,0.0,0.0,0.0,0.0,0.0
2026-06-09 14:49:17,-1.732328513921792,-2.059746975294548,-2.241415479895263,-0.06972144370713096,-1.7218235818422765,-0.6246058934445093,-2.4775689260782086,1.6401781020264679,36.964898902119884,36.823498139041334,36.844045202920114,14.0,20.0,36.0,109.7,0.0,0.0,0.0,0.0,0.0,0.0,0.0,0.0,0.0,0.0
2026-06-09 14:49:18,-1.6570427219990258,-2.5086214289910838,2.690791434142165,-1.6013746590132585,1.5238003094554848,-2.6327579951604907,1.9302090788213455,-2.540739808019343,36.90040513520093,37.17896495026066,36.754961920422446,14.0,20.0,36.0,-5.1,0.0,0.0,0.0,0.0,0.0,0.0,0.0,0.0,0.0,0.0
2026-06-09 14:49:19,-0.60012119139407,-2.2698018241766516,-2.3885068512257606,1.9746668456157197,-1.2184571538640339,-0.28524177171124787,1.4584082920668546,2.91525522261246,36.78884470118123,37.32981941657286,36.87922375676558,14.0,20.0,36.0,121.0,0.0,0.0,0.0,0.0,0.0,0.0,0.0,0.0,0.0,0.0
2026-06-09 14:49:20,1.0320733419200643,-0.3512131089072046,-0.7206629260588109,-2.2610859179429297,0.3999803971067948,2.4306998974694363,-2.8249226558530616,-1.5331564005795864,36.98755761077476,37.29504454065452,37.14067445773108,14.0,20.0,36.0,27.5,0.0,0.0,0.0,0.0,0.0,0.0,0.0,0.0,0.0,0.0
2026-06-09 14:49:21,-1.9917524747702609,-1.2198857489335067,1.6990173874142096,-0.5616298576862468,1.7726429760774938,1.9514610688394063,-1.4055962301175868,1.0058902253617177,36.585685465015075,37.14517899431189,36.867840049480655,14.0,20.0,36.0,-12.1,0.0,0.0,0.0,0.0,0.0,0.0,0.0,0.0,0.0,0.0
2026-06-09 14:49:23,-1.1282289548109092,1.487380681617096,0.37027247819372056,-1.4440741669477029,-1.4252345436107774,1.0616292457755998,0.7446084175201051,0.8943150435030365,36.75265587211318,37.394553070953926,36.82344027711208,14.0,20.0,36.0,-47.1,0.0,0.0,0.0,0.0,0.0,0.0,0.0,0.0,0.0,0.0
2026-06-09 14:49:24,-0.45813121366184006,-2.4970854780120946,-2.6777421632187144,-2.7803802537718636,0.871745217724099,0.2718336103868064,-0.7688814102449233,-1.5120701298733825,36.552145781101366,37.12652791675803,37.210290663754556,14.0,20.0,36.0,133.6,0.0,0.0,0.0,0.0,0.0,0.0,0.0,0.0,0.0,0.0
2026-06-09 14:49:25,1.4155257765181464,1.7521185227379323,1.1975325164892494,-0.015121911207347516,1.7226900517370778,-0.8556054196583274,-2.31010726434962,-1.6376656381210093,36.61405148215469,36.82944350714649,37.05852884522528,14.0,20.0,36.0,-77.9,0.0,0.0,0.0,0.0,0.0,0.0,0.0,0.0,0.0,0.0
2026-06-09 14:49:26,2.5080535166362408,-1.9152847219765665,-2.5724107174679327,-0.3546238369998336,-2.481586592976309,-0.36304960338782655,-2.5126329531917704,-0.5309636537394322,36.708834491537246,37.02108343076241,36.94693277687481,14.0,20.0,36.0,114.6,0.0,0.0,0.0,0.0,0.0,0.0,0.0,0.0,0.0,0.0
2026-06-09 14:49:27,-0.1063253220768745,-1.3383283931552907,1.4986576415583484,-2.2718777908360743,1.6555872280023634,0.8066815229156146,-1.4361565857495178,0.45773178764901434,36.63914795180644,37.00908920927486,36.91547517341199,14.0,20.0,36.0,-4.5,0.0,0.0,0.0,0.0,0.0,0.0,0.0,0.0,0.0,0.0
2026-06-09 14:49:28,1.4729162353797367,1.2368767122363815,2.0925272298703,1.215430093400954,1.139825543201841,-0.16009402655890792,-0.07925319299153166,2.6290023923109462,36.664745907367,37.13569354593189,36.73286052808299,14.0,20.0,36.0,-86.2,0.0,0.0,0.0,0.0,0.0,0.0,0.0,0.0,0.0,0.0
2026-06-09 14:49:29,-2.0409271700391374,2.9671300970277947,2.5410631713389025,-1.9628508855664861,1.1001771777314806,2.349820126085712,1.1153306328403678,2.7724970718514186,37.058961936479214,36.916005453043944,37.10708548994148,14.0,20.0,36.0,-100,0.0,0.0,0.0,0.0,0.0,0.0,0.0,0.0,0.0,0.0
2026-06-09 14:49:30,-0.33853670366534105,0.24727570746775118,-2.8340843795022344,-2.8914685079166507,-1.8101140982145223,2.061932045657839,-1.0434172578884233,0.9322028084684244,36.69376839939573,36.80871727662336,37.16033352501389,14.0,20.0,36.0,67.4,0.0,0.0,0.0,0.0,0.0,0.0,0.0,0.0,0.0,0.0
2026-06-09 14:49:32,-2.8610970842465235,-1.4493909134553309,-0.16694028144046813,2.0419686691328387,1.582095577413944,2.02535013970118,-0.08310102421490839,-2.7603571812952516,37.09767572309746,37.356990937286085,37.24635873645394,14.0,20.0,36.0,42.8,0.0,0.0,0.0,0.0,0.0,0.0,0.0,0.0,0.0,0.0
2026-06-09 14:49:33,-1.8078325246491367,-1.1869253643351034,-2.4040122120950915,-1.849178356769052,0.9005038989526821,-2.0539311230238404,2.642467640078589,2.501205079074536,36.67024062008465,37.060859404894,37.016163152620926,14.0,20.0,36.0,93.1,0.0,0.0,0.0,0.0,0.0,0.0,0.0,0.0,0.0,0.0
2026-06-09 14:49:35,-0.1150961160437114,1.203494064611193,0.13572488862476417,-1.6055619933182026,0.8573263011366796,-0.47348649764117345,0.960743814935825,-1.939728944406679,36.94260305317879,36.93654254309054,37.07512054760859,14.0,20.0,36.0,-34.4,0.0,0.0,0.0,0.0,0.0,0.0,0.0,0.0,0.0,0.0
2026-06-09 14:49:36,0.04463326141836532,1.0708189827435568,2.393435094537125,2.3018972373339928,0.5268129497306919,-0.5645783988040498,1.4839755978047782,1.4991047046134875,36.50542583755574,37.32524722299366,36.752531505973415,14.0,20.0,36.0,-89.1,0.0,0.0,0.0,0.0,0.0,0.0,0.0,0.0,0.0,0.0
2026-06-09 14:49:37,-0.7699448859143558,-1.3757896007366586,0.1390305674595309,0.47145208564155894,0.3405580804031487,-0.7791371762533981,-0.34483225692093544,2.292273851511845,37.003463595480895,37.05966361617219,37.13823357600645,14.0,20.0,36.0,31.4,0.0,0.0,0.0,0.0,0.0,0.0,0.0,0.0,0.0,0.0
2026-06-09 14:49:38,-2.9569204171871464,-0.9234856159091778,2.7421705156241503,2.351828495848748,-2.3189889737344433,1.836944169742262,-0.07497240123667837,-2.052927103608722,36.99468045336065,37.37249624509905,37.29331629223981,14.0,20.0,36.0,-46.1,0.0,0.0,0.0,0.0,0.0,0.0,0.0,0.0,0.0,0.0
2026-06-09 14:49:39,2.58306884835282,2.4467585381747963,2.4219351760934753,0.659865615541245,0.8882260558786221,-0.5552780303503666,-2.9890362217567183,-2.606731354520419,36.523318749855946,36.93175153116246,36.708758892475906,14.0,20.0,36.0,-100,0.0,0.0,0.0,0.0,0.0,0.0,0.0,0.0,0.0,0.0
2026-06-09 14:49:40,0.5705792333569892,-0.34526234054572935,0.08918831461467303,2.4852711120820112,1.8913848175116366,2.319649858637506,-2.3248413958187957,-2.381241409521449,36.90957136129091,37.152921699217764,36.871199227145944,14.0,20.0,36.0,6.6,0.0,0.0,0.0,0.0,0.0,0.0,0.0,0.0,0.0,0.0
2026-06-09 14:49:41,2.5130165040392596,-0.401069696838003,1.2172111349594568,0.7115549427276342,2.781584485542144,1.9677298092009359,-2.3722553099652686,-0.9794701087935778,36.92024140163462,37.30592033531697,37.2276216749887,14.0,20.0,36.0,-21.3,0.0,0.0,0.0,0.0,0.0,0.0,0.0,0.0,0.0,0.0
2026-06-09 14:49:43,0.6811522959144884,-1.8664051802734551,1.9213431823687204,-0.5424648130402989,-1.1759236860627702,0.6509514221049901,-1.2157044868340043,-0.4146983232317627,36.516269068273054,36.93369179795359,36.720054485657485,14.0,20.0,36.0,-1.7,0.0,0.0,0.0,0.0,0.0,0.0,0.0,0.0,0.0,0.0
2026-06-09 14:49:44,-1.670274863945035,2.230257108803425,-2.9650200955080455,-1.73622406392247,-1.9408061241534158,0.23287287270146706,2.3429183496236723,-0.11875145362303519,36.659633425304776,37.20222456246736,37.01771584713656,14.0,20.0,36.0,20.3,0.0,0.0,0.0,0.0,0.0,0.0,0.0,0.0,0.0,0.0
2026-06-09 14:49:46,1.2874957840640873,-1.6811944638359362,-0.5691703574914486,-2.432730160717861,-1.2476811073769118,-1.735545981135645,0.7609462304037353,1.598168209178108,36.909418525773305,37.05605938274969,37.26332479993962,14.0,20.0,36.0,57.7,0.0,0.0,0.0,0.0,0.0,0.0,0.0,0.0,0.0,0.0
2026-06-09 14:49:47,-0.7554092386170828,2.8504043699521198,0.018482221830035783,2.975317441777105,0.5213593307173578,-0.005028337714150233,0.6703773866677314,0.02649414231284908,36.7883110530982,37.261675222019726,36.8833579656324,14.0,20.0,36.0,-73.8,0.0,0.0,0.0,0.0,0.0,0.0,0.0,0.0,0.0,0.0
2026-06-09 14:49:48,-2.1995852847294,-0.027332859073554427,-0.9733895232934673,-1.8799044619558969,2.250835748607079,-1.9082876339549737,-1.6707096292178543,-2.747489377280056,36.90213252368905,36.97206311319278,36.88976911771713,14.0,20.0,36.0,24.1,0.0,0.0,0.0,0.0,0.0,0.0,0.0,0.0,0.0,0.0
2026-06-09 14:49:49,-0.8527156072214206,-1.1072761651497411,2.6800698931201605,-0.3907183786634896,1.4803754926454422,-2.191746995843505,-1.5773800917391543,-0.5000239602266348,36.85337917246007,37.275919193319396,37.232941319725334,14.0,20.0,36.0,-42.6,0.0,0.0,0.0,0.0,0.0,0.0,0.0,0.0,0.0,0.0
2026-06-09 14:49:51,2.4008014056550113,1.8161774723009048,0.7062819864014696,-1.520219291526418,1.9270558039695018,0.900652742545347,-2.081628279506295,-1.5743398584050823,37.05358859432637,36.978390135343396,36.84043852185423,14.0,20.0,36.0,-65.8,0.0,0.0,0.0,0.0,0.0,0.0,0.0,0.0,0.0,0.0
2026-06-09 14:49:52,-0.8031279996930714,-0.5552363900960122,1.6550200572912406,0.8727625289897141,1.8942550245662773,-2.4287827799311685,2.709161667477315,-0.7410502435879778,37.009337548722264,37.3838705079164,37.1614792193041,14.0,20.0,36.0,-28.3,0.0,0.0,0.0,0.0,0.0,0.0,0.0,0.0,0.0,0.0
2026-06-09 14:49:53,-1.7251467013086241,-2.2504473353293166,1.539681849064288,1.6063977568352392,-0.6044841996509889,0.18542629053086923,1.8750577447526346,-2.569996806702954,36.72802098925904,37.07765741137913,37.090836000827146,14.0,20.0,36.0,19.4,0.0,0.0,0.0,0.0,0.0,0.0,0.0,0.0,0.0,0.0
2026-06-09 14:49:54,2.1609309595912256,0.08741534404145668,-0.4000350223904592,-0.7186245421821109,-0.8628818247256298,1.6211377925185824,-1.8155367269689673,-2.009195853963242,36.59542466876443,37.09966436811169,37.166907453233144,14.0,20.0,36.0,8.0,0.0,0.0,0.0,0.0,0.0,0.0,0.0,0.0,0.0,0.0
2026-06-09 14:49:56,1.1925308578303548,1.3744162496784753,-0.40978241435100715,-1.7780106808873566,-2.904629790688444,-1.9575931399276867,-1.8576889037656759,-0.6900343875149977,36.70657748045095,37.243457481148674,36.83191806440171,14.0,20.0,36.0,-26.9,0.0,0.0,0.0,0.0,0.0,0.0,0.0,0.0,0.0,0.0
2026-06-09 14:49:57,-2.1207501359756487,-0.7244587909006293,2.4028010792857124,-2.563423900534433,0.2412276122802135,-2.831992464324818,-1.0690973302003675,-0.23193428998017218,36.93248782992001,36.96663293872445,36.725886051019835,14.0,20.0,36.0,-45.3,0.0,0.0,0.0,0.0,0.0,0.0,0.0,0.0,0.0,0.0
2026-06-09 14:49:58,-2.0028001402078353,1.0174986689615988,2.9826128670831764,2.927773531954796,0.15382386613123877,0.6797815063192383,-0.44175789729414827,-0.8343557325123472,37.08726265504744,36.80955103037855,36.990946029202085,14.0,20.0,36.0,-100,0.0,0.0,0.0,0.0,0.0,0.0,0.0,0.0,0.0,0.0
2026-06-09 14:50:00,-2.7977759386883325,-2.733673673264613,0.634460042706253,-0.776378095503707,2.5748716442486232,-1.833748066332167,1.1061832981601327,0.5506875434384817,36.99125830311474,37.34426745778887,37.189088236544485,14.0,20.0,36.0,53.9,0.0,0.0,0.0,0.0,0.0,0.0,0.0,0.0,0.0,0.0
2026-06-09 14:50:01,-0.1441914345705677,-1.294412737568536,-2.153954347247873,-0.34264254779840364,-2.185214710818862,0.7126884183865654,-2.836714669691548,-1.7062606098780244,36.658607840491385,36.99464223556244,36.85831840904462,14.0,20.0,36.0,88.1,0.0,0.0,0.0,0.0,0.0,0.0,0.0,0.0,0.0,0.0
2026-06-09 14:50:02,-0.14786113731805095,2.5629433290155,-2.230060219665042,-2.8179285068826605,-1.2930257029132686,1.956684867158958,2.0259530339553145,2.9724347435769474,36.87739963949371,37.360843554511035,36.7561835164573,14.0,20.0,36.0,-6.6,0.0,0.0,0.0,0.0,0.0,0.0,0.0,0.0,0.0,0.0
2026-06-09 14:50:04,-1.1987702808380911,-1.1729129258312907,-1.8172410067097948,-1.1881785541433572,-0.8958601998988867,2.9572218311168452,-1.894717438551987,1.3994987024467607,36.56048726505888,37.2650732876062,37.28352693840594,14.0,20.0,36.0,77.8,0.0,0.0,0.0,0.0,0.0,0.0,0.0,0.0,0.0,0.0
2026-06-09 14:50:05,2.639835765581754,-2.5285574370206096,1.3578978726470474,-2.2892896263442477,-2.0346564191126912,1.1498153422924426,-0.9436628245048029,2.9905337584541476,37.00307044454344,36.914891676388336,37.018398553510224,14.0,20.0,36.0,30.4,0.0,0.0,0.0,0.0,0.0,0.0,0.0,0.0,0.0,0.0
2026-06-09 14:50:06,-1.7657216619457885,2.9231160332247246,1.0549652576713413,-0.010868607927921659,-2.85667305437966,1.1081572957388452,1.4177616674134654,1.761897487804175,37.08448113542921,36.80016275709884,37.18296170304826,14.0,20.0,36.0,-100,0.0,0.0,0.0,0.0,0.0,0.0,0.0,0.0,0.0,0.0
2026-06-09 14:50:07,-0.5846169482949604,-0.5888934402745161,1.6214005587507865,-1.0198424241847814,1.9708751754369391,-0.8684990219836144,-1.517396952504788,-1.742204777454546,36.997677548420725,36.99076775065517,36.78930786318818,14.0,20.0,36.0,-27.9,0.0,0.0,0.0,0.0,0.0,0.0,0.0,0.0,0.0,0.0
2026-06-09 14:50:09,0.2031009691028216,-1.0574385983808636,-2.569359729453647,2.0910268420658884,1.752432899063331,1.2958497361595,-2.9791395059132153,-2.7521463999081712,36.58730904067293,37.12497751194374,36.83890924606556,14.0,20.0,36.0,92.9,0.0,0.0,0.0,0.0,0.0,0.0,0.0,0.0,0.0,0.0
2026-06-09 14:50:10,2.19432583171855,-1.7617911767133725,-0.40151073718241026,2.4860799300847756,-2.653917266747235,-2.7657984427468483,1.088393379577635,1.9333615262862294,36.79843048840834,37.22790096632929,37.099431069907595,14.0,20.0,36.0,55.1,0.0,0.0,0.0,0.0,0.0,0.0,0.0,0.0,0.0,0.0
2026-06-09 14:50:11,0.48073975326067364,1.9880446540049235,-2.4149877053474498,1.0573546019801476,1.611551961006855,-1.0047221143872487,-0.13435088025161868,0.8812455227333631,36.50245361126737,37.09131759541224,36.755739936502074,14.0,20.0,36.0,10.5,0.0,0.0,0.0,0.0,0.0,0.0,0.0,0.0,0.0,0.0
2026-06-09 14:50:12,-1.0908274742028565,-0.5858941946711358,1.3049078550293478,-1.86254767924017,-2.577910095761845,1.5804227513943516,0.3434233538907221,0.18173035782474312,36.61894224119183,36.967492510480014,36.76285846466586,14.0,20.0,36.0,-17.6,0.0,0.0,0.0,0.0,0.0,0.0,0.0,0.0,0.0,0.0
2026-06-09 14:50:13,-2.6860931944593283,0.2111862708282377,0.21786726994978522,-2.2476115951424855,-1.2952322829490766,1.8773343891663874,-2.52034868315424,-1.7082038551822805,36.66427929788377,36.849463088296865,37.06122861218351,14.0,20.0,36.0,-11.4,0.0,0.0,0.0,0.0,0.0,0.0,0.0,0.0,0.0,0.0
2026-06-09 14:50:15,1.71290492582704,1.3538391005291235,2.575310652786607,0.03654684230884042,-1.3245363748811998,1.223833797244561,-2.4522245626015504,-2.9655223320537782,36.50068273290802,37.06153668817146,36.980860732752,14.0,20.0,36.0,-100,0.0,0.0,0.0,0.0,0.0,0.0,0.0,0.0,0.0,0.0
2026-06-09 14:50:16,-2.9330104211387527,-1.2346003886456576,0.4809511759015228,-0.1830495035808113,-1.9924119458601814,2.6564874701502985,-1.8243207664900551,-0.06594062018491087,36.77324459343173,37.093558905759345,37.02606374133365,14.0,20.0,36.0,19.9,0.0,0.0,0.0,0.0,0.0,0.0,0.0,0.0,0.0,0.0
2026-06-09 14:50:17,-2.5864683085073534,1.883239177756865,1.4949853889812772,-1.9065762181767918,0.11996965261604364,0.34630092876481555,0.5238596187528692,2.3647238445530254,36.58765158515645,37.061460379251834,36.70704521468871,14.0,20.0,36.0,-86.9,0.0,0.0,0.0,0.0,0.0,0.0,0.0,0.0,0.0,0.0
2026-06-09 14:50:19,1.1291354617068512,2.5584135978147016,-1.0858584276528056,2.828738170135945,-1.1072813887567594,-2.7955520023076046,0.6436760330886653,2.0710550737344446,36.623900100332456,37.30873307564101,37.05936412439665,14.0,20.0,36.0,-39.2,0.0,0.0,0.0,0.0,0.0,0.0,0.0,0.0,0.0,0.0
2026-06-09 14:50:20,1.3086433084268725,-1.296122737029036,-0.6116756695936916,-0.6884897847091476,1.4811724308988774,-0.2793277148529265,-1.8800804205862798,1.9221334342800134,36.60726047786302,37.052270811801904,36.98247879930626,14.0,20.0,36.0,48.3,0.0,0.0,0.0,0.0,0.0,0.0,0.0,0.0,0.0,0.0
2026-06-09 14:50:21,1.2476445673029968,-2.506521174195398,2.1498472551946923,-1.8822161484658777,2.361757770002967,-1.9964918830013454,-2.5297110979489554,0.3223378960027041,36.66698967570827,37.24729168127202,36.92282983403143,14.0,20.0,36.0,7.0,0.0,0.0,0.0,0.0,0.0,0.0,0.0,0.0,0.0,0.0
2026-06-09 14:50:22,2.3382202448808744,0.6135366529304478,-2.0621637800576265,-1.0041847260453256,-1.0031797847590815,0.3697209870422471,-1.5657925910521635,-1.657337680896916,37.00713360262899,37.275535986786025,36.77977902223134,14.0,20.0,36.0,36.9,0.0,0.0,0.0,0.0,0.0,0.0,0.0,0.0,0.0,0.0
2026-06-09 14:50:23,2.114417350591027,-2.9278132632042233,1.092597846006881,-0.9535441631802728,-0.635454466400954,1.7583585641142907,0.8417878884394563,-2.911399934043555,36.62182295693663,36.82401254680933,36.70585195653675,14.0,20.0,36.0,48.8,0.0,0.0,0.0,0.0,0.0,0.0,0.0,0.0,0.0,0.0
2026-06-09 14:50:24,2.070800891159114,-1.8955247996889901,0.025326101894369124,0.3111129351067552,0.14081038128175472,1.255314884419784,-0.542465672919417,0.9279716284407202,36.91208702626842,36.99445894626429,37.2525278012304,14.0,20.0,36.0,48.7,0.0,0.0,0.0,0.0,0.0,0.0,0.0,0.0,0.0,0.0
2026-06-09 14:50:25,-0.38541335831288936,0.7617722222705048,-2.766717173790851,-1.9029705558598162,2.24778356526906,2.7276336088549193,0.6846637181964441,1.7818363009374227,36.90566118382083,36.980788253353666,37.114217267404456,14.0,20.0,36.0,53.5,0.0,0.0,0.0,0.0,0.0,0.0,0.0,0.0,0.0,0.0
2026-06-09 14:50:26,1.6238068405963304,1.692155355500205,2.0502473838524544,1.141753175703264,-2.6648085506292736,1.7022346765761993,-1.2259876027277754,1.1105615835057936,36.64448628519598,37.33146531346147,37.29287994000361,14.0,20.0,36.0,-96.5,0.0,0.0,0.0,0.0,0.0,0.0,0.0,0.0,0.0,0.0
2026-06-09 14:50:28,-2.131064296063826,-1.7682531166239843,-2.3740268220137386,1.744288409649755,0.5653140742411873,-0.8601236800457461,-2.0965856117696418,0.47302370644819014,36.68419105787216,37.28440992956795,37.217593321746364,14.0,20.0,36.0,105.6,0.0,0.0,0.0,0.0,0.0,0.0,0.0,0.0,0.0,0.0
2026-06-09 14:50:29,-0.4052959143817696,-1.2299894493236998,-2.7035173584319545,-1.5202865871247446,-0.058402723390332145,1.7880650246822585,-2.6764306448104356,-1.6618167672484359,36.59364081733192,36.831124979653296,37.27086640707194,14.0,20.0,36.0,101.3,0.0,0.0,0.0,0.0,0.0,0.0,0.0,0.0,0.0,0.0
2026-06-09 14:50:30,-2.9955111594881867,0.8126001310733293,2.7761762094496962,-0.03463435534883352,2.134102668473525,-2.35968587002626,-0.30078739200998283,1.7275986087690063,37.063714344484,37.17265542670433,37.062239864606546,14.0,20.0,36.0,-94.1,0.0,0.0,0.0,0.0,0.0,0.0,0.0,0.0,0.0,0.0
2026-06-09 14:50:31,-1.4799903968617723,2.774690405373713,-2.064487451513755,1.9554054888530787,1.9166596789655115,-1.5801437265825966,-2.286430674044885,-0.6450464754655485,37.08930342849337,37.174511586753226,37.22197551252026,14.0,20.0,36.0,-20.3,0.0,0.0,0.0,0.0,0.0,0.0,0.0,0.0,0.0,0.0
2026-06-09 14:50:32,-0.34923529661284647,-2.3034857109187206,-0.3673829983860104,0.1584701912782136,2.036491556778694,-1.2839764621236185,-2.2620315759660103,-0.09937767769134176,36.52111956460889,36.80161831122137,37.20934619885883,14.0,20.0,36.0,67.3,0.0,0.0,0.0,0.0,0.0,0.0,0.0,0.0,0.0,0.0
2026-06-09 14:50:34,-0.8538964981385111,-0.17410425796249474,2.5336263479566448,2.375582668622946,1.0987955387848798,2.943615760184513,0.8713054186694564,2.9455812254481257,36.82427773029074,37.106008373525526,37.095453104229094,14.0,20.0,36.0,-59.1,0.0,0.0,0.0,0.0,0.0,0.0,0.0,0.0,0.0,0.0
2026-06-09 14:50:35,-0.2977221984436529,-2.4658082214298362,-1.2567408784202456,-0.3012134150786254,-2.798164449787139,-0.3101976216645044,-2.4044618424719264,0.7554181370090491,36.95711841735685,37.2968264495125,36.78586524326588,14.0,20.0,36.0,94.9,0.0,0.0,0.0,0.0,0.0,0.0,0.0,0.0,0.0,0.0
2026-06-09 14:50:36,1.962966635141023,-1.5639899413950686,-0.9642288840462179,2.942763486717988,0.30342119924244315,2.5626426865701397,-0.38272651144800607,2.8827484949463216,36.55975885892758,37.060631673936236,37.07283563159134,14.0,20.0,36.0,66.5,0.0,0.0,0.0,0.0,0.0,0.0,0.0,0.0,0.0,0.0
2026-06-09 14:50:38,-1.2476295774635522,-1.8145755076523113,0.21543361642150316,-1.603886213311086,-0.13407517027297144,2.0556303660967394,0.9299038373031254,-2.7887944089871297,36.61781302345704,37.28995286417389,36.86213734783088,14.0,20.0,36.0,42.8,0.0,0.0,0.0,0.0,0.0,0.0,0.0,0.0,0.0,0.0
2026-06-09 14:50:39,-1.7667434419169603,0.9546481193927878,0.30273644699253843,1.7758088080475787,-0.954468948439863,2.280118328445454,1.7521019400209958,-2.5073510889574546,36.666502452003506,37.158272093494524,37.2306856636163,14.0,20.0,36.0,-30.5,0.0,0.0,0.0,0.0,0.0,0.0,0.0,0.0,0.0,0.0
2026-06-09 14:50:40,-1.6443716184799066,-2.2789005310537434,-1.8309403125944994,0.01097497915961787,0.8728391836983591,0.869911161783389,-1.3825891863381603,2.7484067453808185,36.64168981991031,36.950484999228046,37.23574205464184,14.0,20.0,36.0,106.0,0.0,0.0,0.0,0.0,0.0,0.0,0.0,0.0,0.0,0.0
2026-06-09 14:50:41,1.9402529180733064,1.1158575843606044,-2.769242691067366,2.287066246379821,0.39083098153613216,2.492703550728118,-1.3679743807520182,0.24457668700817514,36.579755874022595,37.16589861157319,36.9800583378979,14.0,20.0,36.0,43.3,0.0,0.0,0.0,0.0,0.0,0.0,0.0,0.0,0.0,0.0
2026-06-09 14:50:42,-1.2433684481065497,-0.30978498180467273,-1.494775037879478,0.6101761328556559,2.5969275033369597,-1.6394722026318607,0.2572445242415413,-2.9407158942889513,36.844802760011135,37.311275605311145,36.80827851023576,14.0,20.0,36.0,46.0,0.0,0.0,0.0,0.0,0.0,0.0,0.0,0.0,0.0,0.0
2026-06-09 14:50:44,-2.738910550206696,2.538912412505651,0.4661031148520429,-0.24726042291984385,0.8443441144893358,1.9017855338191616,-1.0028756624416788,0.4165401440157077,36.526578587612086,37.28414804433609,37.058349479587356,14.0,20.0,36.0,-77.3,0.0,0.0,0.0,0.0,0.0,0.0,0.0,0.0,0.0,0.0
2026-06-09 14:50:45,2.279625960884749,-2.4429781178711494,1.8318046827970331,-0.5269787872481642,1.1141092741327068,1.9146252271414994,1.6001734544779778,1.176918083100654,36.774397061098085,37.215420583869374,36.91363532756583,14.0,20.0,36.0,17.6,0.0,0.0,0.0,0.0,0.0,0.0,0.0,0.0,0.0,0.0
2026-06-09 14:50:46,0.3446089329104085,1.9857050559420335,2.603223351802031,-2.2774761187441905,0.8251033540378785,-0.4230940886149481,-1.368893958349653,-2.322362133088393,36.59179332377519,36.97162790234295,37.05559264666402,14.0,20.0,36.0,-100,0.0,0.0,0.0,0.0,0.0,0.0,0.0,0.0,0.0,0.0
2026-06-09 14:50:47,-0.5396487551572733,2.2231148642441934,-0.7966666783913139,0.8163611821862453,-1.4756719816543205,-1.24334876723242,-1.7525153655681567,-2.422992507887459,36.90333192882386,36.86830305610446,37.265059430658575,14.0,20.0,36.0,-38.4,0.0,0.0,0.0,0.0,0.0,0.0,0.0,0.0,0.0,0.0
2026-06-09 14:50:49,-2.7030494826017097,-1.1427186987466358,-2.0750689358449663,-2.9085838025050954,2.8115949918769516,-0.5534528829061474,-0.808000221863618,-2.7790158680137926,36.81759928837298,36.87559354892935,37.06608396191593,14.0,20.0,36.0,82.5,0.0,0.0,0.0,0.0,0.0,0.0,0.0,0.0,0.0,0.0
2026-06-09 14:50:50,0.4340315094620464,-0.699059249614427,-0.17250264739546184,0.14390513274110361,2.5449945901561035,-1.565438965458352,-2.606105019491948,2.8688658021798554,37.083571892164336,36.9464184468614,36.949381867010146,14.0,20.0,36.0,20.5,0.0,0.0,0.0,0.0,0.0,0.0,0.0,0.0,0.0,0.0
2026-06-09 14:50:51,2.9842113212108963,-0.06533455234107599,-1.4378398331948241,-1.779753826696418,-1.9303692829585968,-0.7386055559876619,2.9906118661902372,-1.2890352337216848,36.52250252153493,36.8763994068354,37.063708807443064,14.0,20.0,36.0,40.0,0.0,0.0,0.0,0.0,0.0,0.0,0.0,0.0,0.0,0.0
2026-06-09 14:50:52,-0.9278481115938249,1.6989089763270186,0.1628490513631382,-1.146629266155157,-0.6150404419091378,-2.0254445136225776,-0.048735046557072614,-1.253540002050737,36.81477252765167,36.965524859369914,37.11423537703956,14.0,20.0,36.0,-49.2,0.0,0.0,0.0,0.0,0.0,0.0,0.0,0.0,0.0,0.0
2026-06-09 14:50:54,-1.927572935710638,0.686479514812981,1.024885769730103,-2.8236426297270825,2.797977883850833,1.3569981785943632,0.20606207813485122,0.11505779393748838,36.634962652065965,36.934533707417586,37.21961728806628,14.0,20.0,36.0,-43.5,0.0,0.0,0.0,0.0,0.0,0.0,0.0,0.0,0.0,0.0
2026-06-09 14:50:55,-0.4914151370992199,-1.384271479774397,2.0015687023896254,0.8952193008722897,2.998078788553576,-2.913667900085671,-2.048865791585918,-2.607053907442828,37.01234904519851,36.932160266205436,36.95975480598922,14.0,20.0,36.0,-18.4,0.0,0.0,0.0,0.0,0.0,0.0,0.0,0.0,0.0,0.0
2026-06-09 14:50:56,0.2398084430174241,-1.0699605605578346,2.893419562793749,2.195851857111185,1.7986281661524819,-1.7050078685967316,-1.9785108622973802,-1.7923184917174004,36.87094967190241,37.39147307002968,36.94751111036146,14.0,20.0,36.0,-49.0,0.0,0.0,0.0,0.0,0.0,0.0,0.0,0.0,0.0,0.0
2026-06-09 14:50:58,-0.4907544577297971,2.777338808315248,0.20638923111742002,-1.5275511835515514,2.637289875243413,-2.0847713784505264,-2.184253433914628,1.13704526340611,36.61230420920193,37.1776855341827,37.06315722618033,14.0,20.0,36.0,-79.3,0.0,0.0,0.0,0.0,0.0,0.0,0.0,0.0,0.0,0.0
2026-06-09 14:50:59,-0.288647759661389,-2.5180047880914205,0.07609276705179191,-1.4193308145051318,-0.38755627923559244,-0.03242050639401839,1.2589434476868817,1.8040942385058596,36.52138902858039,36.97613539590864,36.997024810552006,14.0,20.0,36.0,63.8,0.0,0.0,0.0,0.0,0.0,0.0,0.0,0.0,0.0,0.0
2026-06-09 14:51:00,0.01577825783893516,1.6851865170384794,-2.8639901292909604,2.283923470388186,-1.0434265962421563,1.0653097925242259,0.016798818725718867,0.7279684014532632,36.78763702111075,36.89701728185586,37.199389434497235,14.0,20.0,36.0,31.0,0.0,0.0,0.0,0.0,0.0,0.0,0.0,0.0,0.0,0.0
2026-06-09 14:51:01,-2.7430248675993276,-2.4342843663561844,-2.2713557775090356,1.9534971520132203,-1.514317968260763,-1.1887436356540844,-2.77346859870828,-2.7349791206324063,36.52005428784268,37.09618648508275,36.79017621270345,14.0,20.0,36.0,119.7,0.0,0.0,0.0,0.0,0.0,0.0,0.0,0.0,0.0,0.0
2026-06-09 14:51:03,2.14541979702914,-2.564702307050654,-0.8272630906554346,-2.1355366152811297,-0.344498937826879,-0.8117543900030117,-0.6504672923071979,1.9598167141714544,36.89519750000743,37.30462755814622,36.926770584799435,14.0,20.0,36.0,87.0,0.0,0.0,0.0,0.0,0.0,0.0,0.0,0.0,0.0,0.0
2026-06-09 14:51:04,0.44885486285777887,-1.1598555904410432,-2.5226360198838265,0.8044875882289197,-1.0930929175429074,1.3924204500439155,-0.3682710981548114,1.7398687544523384,36.55247250926575,37.218438594882,36.73112940768223,14.0,20.0,36.0,95.7,0.0,0.0,0.0,0.0,0.0,0.0,0.0,0.0,0.0,0.0
2026-06-09 14:51:05,-1.6683312806119714,1.8611496388761628,-1.1287980504362671,-1.8389511957843698,-2.759785022961604,2.1448642545506553,-0.5644581603931931,1.6054788173251575,36.73424280357885,36.85051986381845,37.21499379211493,14.0,20.0,36.0,-18.1,0.0,0.0,0.0,0.0,0.0,0.0,0.0,0.0,0.0,0.0
2026-06-09 14:51:07,-0.6980000267089119,-2.0440638665664457,2.8014616197808433,1.7606377715745047,-1.1168676276980651,-0.32976787942337005,2.438615381418453,-0.3640968290874693,36.824745521821484,36.90487596004783,37.230003512901924,14.0,20.0,36.0,-18.5,0.0,0.0,0.0,0.0,0.0,0.0,0.0,0.0,0.0,0.0
2026-06-09 14:51:08,2.846739692089474,0.6640583697878641,1.4450309745336796,-2.9449257748856104,1.3117880485966458,2.87832515392376,0.21783700142942486,0.6327953137407833,36.86681880803825,37.23283366622454,36.8439255568832,14.0,20.0,36.0,-53.0,0.0,0.0,0.0,0.0,0.0,0.0,0.0,0.0,0.0,0.0
2026-06-09 14:51:09,1.3722204785522214,-1.017374199667586,-0.6206037675870437,0.5809164924056942,1.475860037081203,2.9233208866954437,2.067264113372273,0.4362953005319219,36.55379877370005,36.87930189575821,37.032397960108455,14.0,20.0,36.0,44.8,0.0,0.0,0.0,0.0,0.0,0.0,0.0,0.0,0.0,0.0
2026-06-09 14:51:10,-2.79445584651575,2.3984796024343167,2.9062355108359412,-2.802238708136592,2.7887044485432337,2.3463874569412857,-0.7093781707301936,0.7039259566092415,36.94968252803629,37.137130402605045,36.8712301792824,14.0,20.0,36.0,-100,0.0,0.0,0.0,0.0,0.0,0.0,0.0,0.0,0.0,0.0
2026-06-09 14:51:12,2.7382972564509407,1.7317452671745395,-2.0930788048343336,1.1679974500898318,1.0593373360783742,1.7769971751180282,-0.36080059568203326,1.6424554860899736,36.73343782807963,37.22219346377545,36.74135386402039,14.0,20.0,36.0,10.1,0.0,0.0,0.0,0.0,0.0,0.0,0.0,0.0,0.0,0.0
2026-06-09 14:51:13,0.422071922007623,-1.489627107309313,-0.14861979429425265,1.9168249183925594,2.316265542562018,2.318942969931456,-1.7251074180223263,-0.04864101996439807,36.91636145740025,37.029210433139774,36.94343748281483,14.0,20.0,36.0,42.7,0.0,0.0,0.0,0.0,0.0,0.0,0.0,0.0,0.0,0.0
2026-06-09 14:51:14,-2.8289291701401083,1.8519718232529332,2.1129150847517595,0.48561045669516556,-0.8761139129188691,1.2307245680301468,-1.8959706740055096,2.7703446194642085,36.52215274019066,37.14736939460468,37.10951038693337,14.0,20.0,36.0,-100,0.0,0.0,0.0,0.0,0.0,0.0,0.0,0.0,0.0,0.0
2026-06-09 14:51:15,-2.260399309619594,1.6816753606404697,-1.831942790918031,-0.9952131822464527,2.1983690741449333,0.6419099643089474,-2.2661614499733567,1.2274114567362382,36.637344166982736,37.375855765178066,36.937318085476704,14.0,20.0,36.0,3.1,0.0,0.0,0.0,0.0,0.0,0.0,0.0,0.0,0.0,0.0
2026-06-09 14:51:16,-2.056237741239752,-0.015552733344383451,-2.9028657204748956,-1.1498052013909519,2.9609474519433716,-0.5940824469531796,1.3965918876000316,-1.0985472067128983,37.09533888804068,36.81105562965524,36.78202708878789,14.0,20.0,36.0,75.9,0.0,0.0,0.0,0.0,0.0,0.0,0.0,0.0,0.0,0.0
2026-06-09 14:51:17,2.9942085134610403,-2.859504288124229,-0.3518858201596613,1.0541810150445308,2.4074816791961293,1.2432901321921577,0.25573613072120693,-1.690337879509083,36.69236671756668,36.98187841736512,36.91145832163449,14.0,20.0,36.0,83.8,0.0,0.0,0.0,0.0,0.0,0.0,0.0,0.0,0.0,0.0
2026-06-09 14:51:18,-0.8627160596927395,-1.6075930068097646,-1.3064528145797842,-1.549930237552134,-0.4765966611849599,0.8169418133440143,0.9628830748627779,-0.962489305739437,36.60982527051878,37.27827700528791,37.082338446991805,14.0,20.0,36.0,76.2,0.0,0.0,0.0,0.0,0.0,0.0,0.0,0.0,0.0,0.0
2026-06-09 14:51:20,1.6133362759147287,-0.6475219491398461,-2.2486335369132133,0.9697498646727531,-2.3435454985217885,-2.9509363456430533,0.5403946677899762,2.7065528257636746,36.67233965558819,37.07263113596528,36.98580171332763,14.0,20.0,36.0,73.7,0.0,0.0,0.0,0.0,0.0,0.0,0.0,0.0,0.0,0.0
2026-06-09 14:51:21,-2.7040564912829526,2.8772108174656914,1.9619247325526707,2.3453303645811596,-0.2375450995208599,2.9733021913874182,1.426650674178294,-1.0411062400905529,36.605866327296624,37.26124573419908,36.88102355418925,14.0,20.0,36.0,-100,0.0,0.0,0.0,0.0,0.0,0.0,0.0,0.0,0.0,0.0
2026-06-09 14:51:22,-1.6957653468387939,2.801410472174595,-0.4727799948423148,2.951176358298528,0.17147982846322307,-0.5926649770064114,-0.7096269237178796,-2.0854874973505457,36.61970811134217,36.87949333145623,37.039830009143536,14.0,20.0,36.0,-60.9,0.0,0.0,0.0,0.0,0.0,0.0,0.0,0.0,0.0,0.0
2026-06-09 14:51:23,0.5381068366973398,2.58173185065195,-1.5749207640737315,-0.7176978650642987,-2.445853092510599,-1.0718474689889814,1.4432086768294443,-2.3853357848462826,37.00405580648287,36.985879724633186,37.11085499365368,14.0,20.0,36.0,-25.8,0.0,0.0,0.0,0.0,0.0,0.0,0.0,0.0,0.0,0.0
2026-06-09 14:51:25,-0.09967541200601815,-2.5100847866619374,0.4981190045460653,0.3704901243601526,-0.7647925671660962,-2.572265089108502,-1.674117434069315,2.669294608964506,36.86398605158266,36.96192688689623,36.8307388872432,14.0,20.0,36.0,49.9,0.0,0.0,0.0,0.0,0.0,0.0,0.0,0.0,0.0,0.0
2026-06-09 14:51:26,-0.06049076150391253,0.8261225764177196,2.9220183150096286,-1.4273861089195168,-0.23419892412804533,0.9059358435457652,-1.2793312463597233,-2.387456191625203,36.610316973262115,36.825988029058564,36.81839881466466,14.0,20.0,36.0,-97.1,0.0,0.0,0.0,0.0,0.0,0.0,0.0,0.0,0.0,0.0
2026-06-09 14:51:27,-2.849181420812597,0.7179506736864028,2.0912259845786867,0.5312080474912877,-1.5411115264588062,2.363608725670785,-0.15371409016322923,-0.3036501815125936,37.0913480163999,37.03409697335476,36.868711233874265,14.0,20.0,36.0,-71.5,0.0,0.0,0.0,0.0,0.0,0.0,0.0,0.0,0.0,0.0
2026-06-09 14:51:28,0.39911053286165155,2.3743008827580097,1.383566413493372,-1.880567028825181,0.047655159300572514,2.994983625599895,-1.5032455089020638,0.8481015589215284,36.96332851130195,37.05780770235809,37.25603615942679,14.0,20.0,36.0,-96.4,0.0,0.0,0.0,0.0,0.0,0.0,0.0,0.0,0.0,0.0
2026-06-09 14:51:29,-0.9835872980500038,1.3883926547995848,2.3601529993108423,1.90464285986965,0.21042078278088638,2.3874060241791453,2.063259028138914,-2.7455374093365146,36.834037398607514,37.07734416030421,36.898404891645704,14.0,20.0,36.0,-94.7,0.0,0.0,0.0,0.0,0.0,0.0,0.0,0.0,0.0,0.0
2026-06-09 14:51:31,0.06841331784171434,0.5674942100086628,2.8784666783206063,0.2251904801299327,-1.7887782516842472,-1.1634584453723655,2.492795376787898,-1.9157399762799112,37.065329428993145,36.99017640742615,37.23951015943352,14.0,20.0,36.0,-88.4,0.0,0.0,0.0,0.0,0.0,0.0,0.0,0.0,0.0,0.0
2026-06-09 14:51:32,1.1969101667188236,-2.9274821642172646,0.5814365562359449,-1.9585901226420512,-2.3261345064955297,-1.5078433844651469,-1.3817967254379802,-0.3347407733694876,36.51673062947308,36.97005775774923,36.86471593139698,14.0,20.0,36.0,59.2,0.0,0.0,0.0,0.0,0.0,0.0,0.0,0.0,0.0,0.0
2026-06-09 14:51:33,-0.8009085500835749,1.681620045401508,1.0126423250875805,-0.7758380651753369,-1.6227577408748393,2.501571024912785,0.8284551171443693,1.8871164230807675,36.615122378637224,37.35005031466952,36.868684008254526,14.0,20.0,36.0,-68.0,0.0,0.0,0.0,0.0,0.0,0.0,0.0,0.0,0.0,0.0
2026-06-09 14:51:34,-0.2736587973011986,0.9010348798202927,0.15201763829823367,1.1169138314172473,-1.1358982943644647,0.09273624062377284,2.7893516742087217,1.1975228908791191,36.79656169348775,37.04512073910931,36.98471781360521,14.0,20.0,36.0,-25.8,0.0,0.0,0.0,0.0,0.0,0.0,0.0,0.0,0.0,0.0
2026-06-09 14:51:36,1.2856017942765838,-2.7320445727864024,0.8591432660579406,2.5898551396594316,-0.26962964576941495,0.8872592593668038,1.6118247306720566,-1.8420977329460884,37.054549348901524,37.036020031366164,37.22702357902024,14.0,20.0,36.0,49.7,0.0,0.0,0.0,0.0,0.0,0.0,0.0,0.0,0.0,0.0
2026-06-09 14:51:37,2.6918044028943564,-2.6784601151324594,-2.299295203638252,-2.096463177002132,1.2792871241503248,-2.0442234035268028,-0.8001753364419186,1.0482612136027765,36.99675799696824,37.3471160080927,37.28112326346553,14.0,20.0,36.0,127.3,0.0,0.0,0.0,0.0,0.0,0.0,0.0,0.0,0.0,0.0
2026-06-09 14:51:38,-1.5844572500180762,-1.413754731284827,-2.1510808058620885,0.6220687687399389,-2.912544767131503,-0.8461565650061438,-0.2614231642901026,2.4093743493170647,37.098443207224726,37.23407972996823,36.88913182632763,14.0,20.0,36.0,91.6,0.0,0.0,0.0,0.0,0.0,0.0,0.0,0.0,0.0,0.0
2026-06-09 14:51:39,2.7963011269380313,-2.3534829764749197,-0.05933899410606713,-0.8507691487328413,2.047129679859557,-2.5737518608757766,0.615160454364053,0.8856483306932637,36.776276008935845,36.80065026427217,36.92225283788644,14.0,20.0,36.0,61.4,0.0,0.0,0.0,0.0,0.0,0.0,0.0,0.0,0.0,0.0
2026-06-09 14:51:41,1.8497741356791675,-1.0536407661441336,2.820284604442655,0.038861886782467714,0.7737379742703219,0.8478515268233546,2.580626560034892,2.7805390230860008,36.5853661103349,36.821408881829946,37.003894255211435,14.0,20.0,36.0,-44.0,0.0,0.0,0.0,0.0,0.0,0.0,0.0,0.0,0.0,0.0
2026-06-09 14:51:42,-0.3210354869868137,1.3391560419630393,2.999645163756375,-2.6738141174170527,-0.9321469186319833,2.0098181346599553,-0.9160239827540737,2.2738515380440774,36.73510481252222,37.00910098827368,36.87953043593181,14.0,20.0,36.0,-100,0.0,0.0,0.0,0.0,0.0,0.0,0.0,0.0,0.0,0.0
2026-06-09 14:51:43,-0.31000013702404416,-2.9084566068208657,-1.1472008225763066,2.3437415315759633,2.9377149626191894,0.871321987002871,-1.5082303177346132,-1.8346902019045008,36.918504528828024,36.89088962974986,36.77698179557442,14.0,20.0,36.0,104.6,0.0,0.0,0.0,0.0,0.0,0.0,0.0,0.0,0.0,0.0
2026-06-09 14:51:44,0.5531105435353472,-1.711806732133149,1.9712546423360227,-0.4206264809371705,1.2172879499114,2.0112286237375683,-0.5509971026545437,-0.908943723131693,36.97430166797638,36.830949907182905,36.758618964589544,14.0,20.0,36.0,-6.0,0.0,0.0,0.0,0.0,0.0,0.0,0.0,0.0,0.0,0.0
2026-06-09 14:51:45,0.014594973521953936,-2.8078782464129057,1.3732439589585734,-0.43206041810214746,2.022144525155414,1.574153390808986,0.089753738454311,2.3402509119970727,36.8989974010364,37.10069747057702,37.243648762731176,14.0,20.0,36.0,37.9,0.0,0.0,0.0,0.0,0.0,0.0,0.0,0.0,0.0,0.0
2026-06-09 14:51:46,0.46181907977102643,1.8898466833872334,1.899445767805486,2.2500736673571,2.0113516988873448,-2.3531627380911457,2.676222805672234,0.49347604090894315,36.75711570996326,37.36996131838399,36.96392376147379,14.0,20.0,36.0,-97.8,0.0,0.0,0.0,0.0,0.0,0.0,0.0,0.0,0.0,0.0
2026-06-09 14:51:47,-0.7223160850943668,-0.7361324589099141,-0.10528320841850736,-2.7660071083622233,-1.09659957467163,-1.970809036295801,-1.1378731785980272,-1.5056036576718308,37.033213622629596,36.991020476664325,37.222434064200534,14.0,20.0,36.0,20.2,0.0,0.0,0.0,0.0,0.0,0.0,0.0,0.0,0.0,0.0
2026-06-09 14:51:48,2.005531440939656,-1.460153322019002,2.811564908671097,-2.493208181862858,1.2838328915526258,0.6590060000083957,0.7057868262559586,-1.0510258110630404,37.06814103786229,36.99704902488329,37.15019261148724,14.0,20.0,36.0,-34.3,0.0,0.0,0.0,0.0,0.0,0.0,0.0,0.0,0.0,0.0
2026-06-09 14:51:49,0.9128380333038097,-0.15357631880986844,-1.770271705091582,-2.0698553451855144,-0.32956620558143346,-0.9461904443091624,0.44941909129347213,1.470402113167255,37.00119636048192,37.15907553148958,36.73251239781771,14.0,20.0,36.0,49.5,0.0,0.0,0.0,0.0,0.0,0.0,0.0,0.0,0.0,0.0
2026-06-09 14:51:50,2.688358549673257,-0.1918086815768203,-1.0208470887006602,-1.365327057481443,1.2888292096642742,-2.797060132408639,0.34410551660832667,0.0709511677345609,36.981327498577215,36.904900681291714,37.15630139092565,14.0,20.0,36.0,30.1,0.0,0.0,0.0,0.0,0.0,0.0,0.0,0.0,0.0,0.0
2026-06-09 14:51:52,2.030440920705578,-1.4474462583883303,1.6248325188959196,0.5188737818727986,-0.09259506547487995,-0.953516525242156,-1.1639815486326743,-1.6968064411854207,36.65544405959763,36.897650520298136,37.001336617064396,14.0,20.0,36.0,-5.6,0.0,0.0,0.0,0.0,0.0,0.0,0.0,0.0,0.0,0.0
2026-06-09 14:51:53,-2.768321126420097,1.7642608566249658,-1.7300089968000796,-2.964744546743344,-1.2547723870646694,0.7143529180625015,-0.3500195142445728,-1.1273479264038033,36.87013789471708,37.18618954799521,36.76575980381763,14.0,20.0,36.0,-0.7,0.0,0.0,0.0,0.0,0.0,0.0,0.0,0.0,0.0,0.0
2026-06-09 14:51:54,-1.4750980993441833,2.880908699611995,1.5837795059233377,1.9613034610061586,-2.036532954009955,0.9306038805946235,-0.07045732695907425,-2.643959169474279,36.81656913916604,37.26717666689451,36.79919090699164,14.0,20.0,36.0,-100,0.0,0.0,0.0,0.0,0.0,0.0,0.0,0.0,0.0,0.0
2026-06-09 14:51:55,-2.8653493778830477,0.45941772257707214,-1.2548984920452946,0.03397286609974959,1.2947323183444093,2.5650208768957334,-2.1704874099094913,2.0066119000077522,36.845022617545844,36.846075092034816,36.92393429703501,14.0,20.0,36.0,20.8,0.0,0.0,0.0,0.0,0.0,0.0,0.0,0.0,0.0,0.0
2026-06-09 14:51:57,-1.160970606316846,-1.4727610646038332,0.7281786827768104,1.269105651761289,-1.7119795784642782,2.818218522112959,0.5790220770756025,0.8048723520207419,36.99030835930417,37.16540761406247,36.940125084484336,14.0,20.0,36.0,21.0,0.0,0.0,0.0,0.0,0.0,0.0,0.0,0.0,0.0,0.0
2026-06-09 14:51:58,-0.26353168151408823,0.8969606769055547,-0.6987407152978893,-2.6089344505524226,-2.0215061274100696,-2.8815601266143336,2.4914390795402994,1.466303258201429,36.71970723420381,37.14478819343914,36.83575396613486,14.0,20.0,36.0,-5.3,0.0,0.0,0.0,0.0,0.0,0.0,0.0,0.0,0.0,0.0
2026-06-09 14:51:59,0.8927620547103521,-2.03234791026198,-1.6956449319287787,-0.6360465588851936,-2.634103683726078,-1.8545748715938644,1.7808389490148357,-0.12285100415001615,36.686136344632736,37.25385688507149,36.93258845858202,14.0,20.0,36.0,96.4,0.0,0.0,0.0,0.0,0.0,0.0,0.0,0.0,0.0,0.0
2026-06-09 14:52:00,0.9836651034193165,2.367395351192787,-0.17009305377796657,-1.234033928257672,2.440338209155316,0.8787527742852217,2.39184597851727,-2.1039172208982473,36.80430891994682,36.9289268630739,37.003904850598076,14.0,20.0,36.0,-55.2,0.0,0.0,0.0,0.0,0.0,0.0,0.0,0.0,0.0,0.0
2026-06-09 14:52:01,0.8055290507963071,2.8647333332067344,-2.174396573286806,2.171062171679192,-2.455427582101568,-2.664512351535471,-0.27187549160543867,-1.1829982825683727,36.534380841504,36.8408755119931,37.119905297268154,14.0,20.0,36.0,-19.3,0.0,0.0,0.0,0.0,0.0,0.0,0.0,0.0,0.0,0.0
2026-06-09 14:52:03,0.034968375970988674,-1.0311681688524685,1.9798880889061383,0.5426546454442063,2.1421278402754016,1.3684985387433874,-0.6498680108229014,-1.953335776070181,36.891017551695576,37.058551812013356,36.887268382295446,14.0,20.0,36.0,-24.2,0.0,0.0,0.0,0.0,0.0,0.0,0.0,0.0,0.0,0.0
2026-06-09 14:52:04,1.966076091868537,1.500281475149838,1.7197857602482793,1.266353128675851,1.203455924820763,-2.3774190195058975,0.12877244796063092,2.2977596699152745,36.785544853604506,37.180888453116886,36.87417855004074,14.0,20.0,36.0,-84.4,0.0,0.0,0.0,0.0,0.0,0.0,0.0,0.0,0.0,0.0
2026-06-09 14:52:05,-0.2441808593644721,2.824688195040501,-2.0266290614172013,-2.5125552894617846,-1.8805166817353378,0.01309841935391809,1.5069347807937898,-1.9348769826791081,36.61571860783968,37.28104318274591,36.707434966013025,14.0,20.0,36.0,-19.9,0.0,0.0,0.0,0.0,0.0,0.0,0.0,0.0,0.0,0.0
2026-06-09 14:52:06,2.5237115722700993,-2.88781840566027,-2.5517757717593463,-2.597814298459706,1.7607751966140661,-1.53503208607789,0.819421204035101,2.124618115143763,36.92749538137051,37.1704716872395,37.058602380573554,14.0,20.0,36.0,140.3,0.0,0.0,0.0,0.0,0.0,0.0,0.0,0.0,0.0,0.0
2026-06-09 14:52:07,-1.177599548582648,-1.8638339038957048,-1.6009961596690723,-0.5934993401106721,-2.518771169607949,-1.427416244143798,-1.252646008488886,-1.749866679999252,36.938954622003585,37.15947149114447,37.20408765418926,14.0,20.0,36.0,88.3,0.0,0.0,0.0,0.0,0.0,0.0,0.0,0.0,0.0,0.0
2026-06-09 14:52:09,0.6034976945488815,-2.1708864958593956,2.734190895544609,1.9044993251766922,-1.696416206914191,0.6201086367394266,0.9476268791059299,-2.6370173625079643,36.59536903378244,36.988057442844216,36.71558175677492,14.0,20.0,36.0,-13.8,0.0,0.0,0.0,0.0,0.0,0.0,0.0,0.0,0.0,0.0
2026-06-09 14:52:10,0.2685092790005026,1.9594428086763074,-2.6740458290032163,-0.25527517479038986,1.7031829896647013,1.1624313178873225,-1.2852555991292836,-2.1541104277900143,36.59649418812414,37.043908779642734,37.05086723018274,14.0,20.0,36.0,18.4,0.0,0.0,0.0,0.0,0.0,0.0,0.0,0.0,0.0,0.0
2026-06-09 14:52:11,-2.030886671757334,2.0368667966248726,0.774866045279544,-2.7009248209598464,0.13298832550281237,-2.7650669885766233,0.17720736532713577,1.5245806754124516,36.75005440658399,37.16407735120481,36.80887272231869,14.0,20.0,36.0,-74.0,0.0,0.0,0.0,0.0,0.0,0.0,0.0,0.0,0.0,0.0
2026-06-09 14:52:13,-1.2576327898595616,1.8492746410638636,-0.5887930761793427,-1.2693270848921472,1.0654087549170397,-2.4916324649340305,2.5845581618694453,2.5327352380828243,36.7932663990504,37.274238464394806,36.83223860147253,14.0,20.0,36.0,-32.5,0.0,0.0,0.0,0.0,0.0,0.0,0.0,0.0,0.0,0.0
2026-06-09 14:52:14,2.1968378957022203,0.6970466365198797,1.0323027737490156,-2.4958720395514185,-0.39404787774848504,-0.8944135617217261,-2.9973890517499413,-1.062463142722,36.90713279313447,37.08623072791868,36.981705096875984,14.0,20.0,36.0,-46.7,0.0,0.0,0.0,0.0,0.0,0.0,0.0,0.0,0.0,0.0
2026-06-09 14:52:15,-1.7691091405213148,1.197651186162723,1.4518844317819344,1.9706380738451736,0.807055418648968,-1.6649227263686055,1.928394571257341,-1.543333739673371,36.93762366956361,36.90811844020986,37.05654515901888,14.0,20.0,36.0,-68.4,0.0,0.0,0.0,0.0,0.0,0.0,0.0,0.0,0.0,0.0
2026-06-09 14:52:16,-1.8195673771816574,-0.04189008146405371,1.3999925519591923,0.10080490554006616,-1.074078389360124,-0.9174322801434807,-2.450919135184016,-1.3867109378936726,36.72081680328724,36.961090729060516,37.26401905432651,14.0,20.0,36.0,-36.8,0.0,0.0,0.0,0.0,0.0,0.0,0.0,0.0,0.0,0.0
2026-06-09 14:52:17,1.1043710559912379,-0.6085894064111708,-2.1270458608940483,2.1447399855701192,2.9105027927074163,-0.38452714151614087,0.5847096416578434,0.6393817676124973,36.95844510156465,37.32495934990134,37.25881712989974,14.0,20.0,36.0,70.8,0.0,0.0,0.0,0.0,0.0,0.0,0.0,0.0,0.0,0.0
2026-06-09 14:52:18,2.328593169561266,-1.7121700041831076,1.095924541487749,0.09351476071100917,-0.22458844630944608,-1.2738178457840834,2.0154538888822664,-1.5700977570696748,36.86958873568926,37.325478101716996,36.86655631401747,14.0,20.0,36.0,16.3,0.0,0.0,0.0,0.0,0.0,0.0,0.0,0.0,0.0,0.0
2026-06-09 14:52:20,2.732547191666537,0.2057439363013498,0.7184045821381542,-1.4234213899834063,-1.1613881111231317,-2.519283170555296,1.554860993621399,-1.715312939717591,36.633659427636,36.927722640835825,36.90295791042712,14.0,20.0,36.0,-24.4,0.0,0.0,0.0,0.0,0.0,0.0,0.0,0.0,0.0,0.0
2026-06-09 14:52:21,0.4504890389718277,-2.744492307622527,1.806292787313457,1.2575813101384758,-0.6630580123534964,0.230219825478998,-2.5670390168170423,-2.8603517664969664,36.73235678382538,37.30419689628724,36.85909035502469,14.0,20.0,36.0,23.1,0.0,0.0,0.0,0.0,0.0,0.0,0.0,0.0,0.0,0.0
2026-06-09 14:52:23,-2.4240705205829634,-0.9421387279039442,0.15468503382177756,-1.309170998322826,2.726770823072709,-0.055899420446990256,-2.409385780375918,-2.4438196687535325,36.849886927445894,37.239099447091526,36.86204996960992,14.0,20.0,36.0,19.1,0.0,0.0,0.0,0.0,0.0,0.0,0.0,0.0,0.0,0.0
2026-06-09 14:52:24,-2.6038937524425867,1.3792853340592863,2.646519371379803,-2.7649007731324127,-1.0788222190935308,1.547729676804698,-0.898089610239631,1.8164375143448135,36.75927890072649,37.32794443436883,37.03805935195248,14.0,20.0,36.0,-100,0.0,0.0,0.0,0.0,0.0,0.0,0.0,0.0,0.0,0.0
2026-06-09 14:52:25,-0.985624152798688,1.1798582955646095,-0.1962706165085839,1.8626736600490332,-1.1679548557409423,1.5513999715333568,-0.6575552990116487,-1.4620866931594014,36.59153774073839,37.11111566354947,37.085809625336246,14.0,20.0,36.0,-25.0,0.0,0.0,0.0,0.0,0.0,0.0,0.0,0.0,0.0,0.0
2026-06-09 14:52:27,2.404419647935569,-2.87455925495405,-2.645951028823193,-1.3197214153983978,-0.7702061164632585,-1.8437357485846833,-1.6622642146954345,-2.3391375323989876,36.892201521623406,37.22003829238126,36.83607306961,14.0,20.0,36.0,141.0,0.0,0.0,0.0,0.0,0.0,0.0,0.0,0.0,0.0,0.0
2026-06-09 14:52:27,1.339624770190878,-0.7268677895754716,0.25628281603087677,0.8132281468664315,1.3934527342519285,-1.8342960786156233,-1.9032305460618821,-1.8500378378001878,36.65097433023742,37.29224942287905,37.15258262075553,14.0,20.0,36.0,10.3,0.0,0.0,0.0,0.0,0.0,0.0,0.0,0.0,0.0,0.0
2026-06-09 14:52:29,1.4717573548664475,2.4172284609221677,0.8884313855156947,1.6810013705544788,-2.1359053033778728,-2.586067864254625,-1.3523829733001569,-1.3825386409433793,36.623381785834525,37.251304702717555,36.78683527871793,14.0,20.0,36.0,-87.4,0.0,0.0,0.0,0.0,0.0,0.0,0.0,0.0,0.0,0.0
2026-06-09 14:52:30,-1.491360769170021,2.879069718845253,1.2254342550595405,-2.8628814368473883,0.3369876963285501,-2.0663116597314417,-2.641768314306757,-2.881346939363044,36.885721819413696,37.01839317485646,37.14935806688968,14.0,20.0,36.0,-100,0.0,0.0,0.0,0.0,0.0,0.0,0.0,0.0,0.0,0.0
2026-06-09 14:52:31,0.8206201643178961,1.3767718570283254,-1.1581126463366855,2.2602535529878187,-2.247164093843505,-0.7521160815027041,1.4075931101213124,1.7610991851599263,37.04396987630513,37.160161372912015,36.77033019996812,14.0,20.0,36.0,-5.3,0.0,0.0,0.0,0.0,0.0,0.0,0.0,0.0,0.0,0.0
2026-06-09 14:52:33,-1.538256831525989,-2.805909261300506,0.3567556930488833,-0.08999244341323553,-1.1140877059978136,0.31424679609454564,2.060315587814978,-1.8357104309315915,36.64106827598255,36.95632564749924,37.05442489923563,14.0,20.0,36.0,64.5,0.0,0.0,0.0,0.0,0.0,0.0,0.0,0.0,0.0,0.0
2026-06-09 14:52:34,-2.030249769518133,-1.3568191964544352,2.042558286039897,-2.584558946463038,0.4633070969935198,0.6311341134091011,2.370232173140611,2.928764466429625,36.63587661047329,37.38326967637358,37.13805536077886,14.0,20.0,36.0,-16.2,0.0,0.0,0.0,0.0,0.0,0.0,0.0,0.0,0.0,0.0
2026-06-09 14:52:35,-2.6173630173874782,-1.832231999604054,0.595196189822528,2.556200688745802,0.6216096406203788,-2.2696227759193235,2.654685295530448,-1.8556541563030502,36.835450237351516,37.19554335322378,36.83164449713907,14.0,20.0,36.0,32.2,0.0,0.0,0.0,0.0,0.0,0.0,0.0,0.0,0.0,0.0
2026-06-09 14:52:36,-0.8889143166176208,-2.4896203063069207,1.444491390637804,-2.6831913241210037,1.284273984930702,-0.2558133769870965,-2.954391677096595,-0.5917249851050475,37.00463955774104,37.350288804935474,37.22595627196481,14.0,20.0,36.0,25.4,0.0,0.0,0.0,0.0,0.0,0.0,0.0,0.0,0.0,0.0
2026-06-09 14:52:38,2.879447466291241,-1.9868181533494413,-2.1328332914358805,1.1296020094286394,0.024889007925879447,1.2152859354346068,-1.990718538913359,2.645275223722381,36.631157353525,37.02533480616903,37.16469024556664,14.0,20.0,36.0,106.1,0.0,0.0,0.0,0.0,0.0,0.0,0.0,0.0,0.0,0.0
2026-06-09 14:52:39,2.7815223304899765,1.3448340395744989,-1.7629352206715856,1.3603270543715222,-0.9481533941946045,-1.0091789904898252,0.030550880284991422,0.19131816456028528,36.85036194652533,37.12198869601204,36.81370497905199,14.0,20.0,36.0,10.3,0.0,0.0,0.0,0.0,0.0,0.0,0.0,0.0,0.0,0.0
2026-06-09 14:52:41,1.1949954804530183,0.6580950266184415,2.4915127088884343,0.9913340842576712,0.575700168604472,-2.3543380556115645,-1.0015384498192135,2.679329442634913,36.52141068956226,37.18052527388273,37.062158322182725,14.0,20.0,36.0,-83.1,0.0,0.0,0.0,0.0,0.0,0.0,0.0,0.0,0.0,0.0
2026-06-09 14:52:42,1.686615923499275,-0.6397821252669424,1.0812602275792953,1.8684288107083855,-2.3491492739260815,-0.45365001270017835,0.5906117071803547,1.834570756267687,36.81462264057264,37.33309513381744,36.98846203963265,14.0,20.0,36.0,-11.3,0.0,0.0,0.0,0.0,0.0,0.0,0.0,0.0,0.0,0.0
2026-06-09 14:52:43,-1.8319256542368962,-0.7144608258130498,1.8518370094774737,0.656332508404065,-2.555667075803923,-1.0852584402796066,-0.009308500617195126,1.9457229681104886,36.564180882415016,37.30766476381925,36.95411602448458,14.0,20.0,36.0,-30.0,0.0,0.0,0.0,0.0,0.0,0.0,0.0,0.0,0.0,0.0
2026-06-09 14:52:45,2.3997640367829156,1.5489224678004927,1.0405707414951966,-0.1317713436952932,1.3652732676942367,1.8783125279422208,-1.8137903484271471,1.944491123909108,36.70133683690486,37.29949870092455,36.78103857478959,14.0,20.0,36.0,-66.9,0.0,0.0,0.0,0.0,0.0,0.0,0.0,0.0,0.0,0.0
2026-06-09 14:52:46,0.24665547461501536,-2.1871653354808833,-2.8170286748320263,-1.9961583859848349,1.5145221289790092,-2.590990595081351,0.5939873875959343,-0.6939514628237049,36.69096396689284,37.05573040729225,37.05460333388521,14.0,20.0,36.0,128.4,0.0,0.0,0.0,0.0,0.0,0.0,0.0,0.0,0.0,0.0
2026-06-09 14:52:47,-0.5015974548395175,2.030102595542713,-2.9325369225433855,0.8800310149387904,-0.4794669367809048,2.9825044615907146,-2.3575126797127126,-1.8430785798690459,37.09110360763482,37.151273877317834,37.21957480839605,14.0,20.0,36.0,23.6,0.0,0.0,0.0,0.0,0.0,0.0,0.0,0.0,0.0,0.0
2026-06-09 14:52:48,-1.356969869304262,-0.4734673458376837,2.803670881195515,2.84552865087419,2.844300383571656,1.4143648027916722,2.3501797533833804,1.480289215676268,37.0264050007744,37.04366742211707,37.032927271440684,14.0,20.0,36.0,-58.4,0.0,0.0,0.0,0.0,0.0,0.0,0.0,0.0,0.0,0.0
2026-06-09 14:52:49,2.2592707380652275,2.0089371256333353,2.4156781811109367,0.6417189852957783,-0.1763874345700982,-2.170181311366572,0.8996616858736353,0.799443440957254,36.91139354212898,36.95400618264732,36.76769593316513,14.0,20.0,36.0,-100,0.0,0.0,0.0,0.0,0.0,0.0,0.0,0.0,0.0,0.0
2026-06-09 14:52:50,-1.4863898275665786,2.8233636238106445,-0.9478990860788614,-1.6578910059020928,-1.703573368161274,2.6885103680455495,-2.0750659539172256,-0.41225171109969594,36.69368791794731,36.90433040864214,36.781411080038325,14.0,20.0,36.0,-48.2,0.0,0.0,0.0,0.0,0.0,0.0,0.0,0.0,0.0,0.0
2026-06-09 14:52:51,0.7677526563839381,-0.617825720017128,-1.7937260385293523,1.3584165536983352,1.038413943415919,-0.1784645773585729,2.1332224731051443,0.32529678973634457,36.65593601732957,37.29297279069203,37.158777642396544,14.0,20.0,36.0,63.3,0.0,0.0,0.0,0.0,0.0,0.0,0.0,0.0,0.0,0.0
2026-06-09 14:52:52,-2.802136667112711,-1.4183157367982322,-0.2712481302654677,2.750093247772167,-1.14210748424229,-2.7335378416110316,-2.984929243659884,-1.0518094599386838,37.064781538050376,37.223136518884125,37.09312285443369,14.0,20.0,36.0,40.8,0.0,0.0,0.0,0.0,0.0,0.0,0.0,0.0,0.0,0.0
2026-06-09 14:52:53,-2.06471970000249,2.157419350273842,2.203835087545139,1.890200729732082,-2.566030763029371,-1.4249662620702364,-1.9661580494414603,-1.149588517076677,36.911362242199786,37.23200810674113,36.86037321261203,14.0,20.0,36.0,-100,0.0,0.0,0.0,0.0,0.0,0.0,0.0,0.0,0.0,0.0
2026-06-09 14:52:54,-2.6266929316727756,2.80742864257767,-2.688242976810865,-1.4396083511971944,1.6323419506660954,-1.2180422309634027,-1.7448665848918126,-2.161476222400841,36.77886155751422,37.19373077027942,36.869070233518755,14.0,20.0,36.0,-4.6,0.0,0.0,0.0,0.0,0.0,0.0,0.0,0.0,0.0,0.0
2026-06-09 14:52:55,-1.7567979896523507,1.1610038718459048,2.4093937148073783,-2.4267028724501847,2.120730950129687,-1.5397485797691817,-2.212873717243176,-2.3233978745604595,37.01273322129253,37.01413684395065,36.73146228526858,14.0,20.0,36.0,-94.2,0.0,0.0,0.0,0.0,0.0,0.0,0.0,0.0,0.0,0.0
2026-06-09 14:52:56,-1.144270016466326,-2.499118153542713,-2.4360858617386545,2.270085231623308,2.6886691305594486,-0.3085604008684215,-2.947198675732509,1.3271493635631497,37.02979788244035,36.895147148206874,37.04424374763995,14.0,20.0,36.0,126.0,0.0,0.0,0.0,0.0,0.0,0.0,0.0,0.0,0.0,0.0
2026-06-09 14:52:57,-1.3632630059710802,2.9310883658193587,-2.5119902632689426,-2.7823807920919306,-0.36305024772393235,0.3873751103299625,1.0349136712705915,-1.5376292880886562,36.820587463933244,36.91454188677228,36.870170208081774,14.0,20.0,36.0,-10.1,0.0,0.0,0.0,0.0,0.0,0.0,0.0,0.0,0.0,0.0
2026-06-09 14:52:58,-1.3266467180539365,0.8017104276616562,-0.4403883874542798,-1.8180375454578837,-1.2860595367527055,2.1920049206784364,0.6933688878116366,-1.8120549973033224,36.866369052436326,36.95360969441527,36.7622435835254,14.0,20.0,36.0,-7.9,0.0,0.0,0.0,0.0,0.0,0.0,0.0,0.0,0.0,0.0
2026-06-09 14:52:59,2.3245124142311777,-0.18622302512809563,0.04660081623502155,2.429248096470581,2.9551282388141686,-2.3370017955522533,1.492692199378574,-2.977907471663271,36.64771878400227,37.38609202526232,36.705656716189104,14.0,20.0,36.0,3.2,0.0,0.0,0.0,0.0,0.0,0.0,0.0,0.0,0.0,0.0
2026-06-09 14:53:01,-0.04806406621798587,0.8934480482011722,1.1698114384742127,0.6078486379067098,0.23781692536023513,0.5731470929382838,-0.144121009648988,-1.3260586387123137,36.808285418468664,37.29481190928457,36.83220434214363,14.0,20.0,36.0,-53.1,0.0,0.0,0.0,0.0,0.0,0.0,0.0,0.0,0.0,0.0
2026-06-09 14:53:02,-2.6253197236641546,2.115884938491911,-0.5968264696427252,0.9358719380461062,-2.440125194701433,-2.7453893609695688,1.7780258693369628,-0.9995399886432312,36.77956868263599,37.19337561864946,36.72818459393332,14.0,20.0,36.0,-39.8,0.0,0.0,0.0,0.0,0.0,0.0,0.0,0.0,0.0,0.0
2026-06-09 14:53:03,2.202572571396712,-0.720647368677378,0.16130205285811616,0.933991053364863,-2.365534837608246,-1.5613758790530134,2.2207154790407015,-0.5443557431798869,36.76501321451123,37.244995202282695,36.809867077138975,14.0,20.0,36.0,14.8,0.0,0.0,0.0,0.0,0.0,0.0,0.0,0.0,0.0,0.0
2026-06-09 14:53:04,2.7981391988653836,0.6652444544769609,-2.6831419177012314,-2.3902741324562244,-1.4531870497236878,0.10220583758262247,-1.824935474394205,1.2517340883680328,36.964719257028506,36.921094952773586,36.703386457617086,14.0,20.0,36.0,51.3,0.0,0.0,0.0,0.0,0.0,0.0,0.0,0.0,0.0,0.0
2026-06-09 14:53:05,-1.312720402159703,-1.4782420271862555,2.8320713916933355,2.0967327559127646,0.7772264624705838,-1.6417137381684799,1.8590109791046068,0.9987351083934537,36.824862986144375,36.90743073649596,37.077262688002904,14.0,20.0,36.0,-34.9,0.0,0.0,0.0,0.0,0.0,0.0,0.0,0.0,0.0,0.0
2026-06-09 14:53:06,-1.4009289263183995,1.6150600925003182,-1.4910306171970087,-0.767199184839761,1.5564242340999632,-1.6300076992630315,1.024188279693723,-2.850391410443862,36.85266531064891,37.06817844274282,36.73327139865756,14.0,20.0,36.0,-3.5,0.0,0.0,0.0,0.0,0.0,0.0,0.0,0.0,0.0,0.0
2026-06-09 14:53:07,-0.6691773456505103,-1.0738425555465256,-2.9054395512293794,-0.7488590411608529,2.528776575271113,-0.6156258230736231,-2.835969490975952,-2.1633379780851705,36.75723025468699,37.16371615783563,37.201935178532764,14.0,20.0,36.0,101.2,0.0,0.0,0.0,0.0,0.0,0.0,0.0,0.0,0.0,0.0
2026-06-09 14:53:09,0.30573421215446306,2.490525168680618,0.29937945724983406,-0.4252737793246224,0.22770383430568497,1.5201116740709306,-2.4959009500701645,1.5779421108390217,36.79777198087206,36.805346424359236,37.088695645020486,14.0,20.0,36.0,-72.6,0.0,0.0,0.0,0.0,0.0,0.0,0.0,0.0,0.0,0.0
2026-06-09 14:53:10,-1.1334371339091474,1.8980425378598111,-1.2125387599498567,2.233238826784011,0.18995178371546473,1.5271464911922177,-1.6397572693945686,0.0033850352651443316,36.528885701623715,37.01242041820933,36.99617115694651,14.0,20.0,36.0,-17.8,0.0,0.0,0.0,0.0,0.0,0.0,0.0,0.0,0.0,0.0
2026-06-09 14:53:11,0.348085378576136,-2.498247762333138,-0.9881782781341952,-0.7665994554883566,1.3245511355114559,-2.761472169960607,-1.6868079750714207,1.383469342346416,37.07501979006914,37.04855664616283,36.94166301050568,14.0,20.0,36.0,87.9,0.0,0.0,0.0,0.0,0.0,0.0,0.0,0.0,0.0,0.0
2026-06-09 14:53:12,0.5001307194077347,1.9149477568595028,0.0042452658400442544,2.5022046828188547,-1.0423342124229917,2.5278439839054556,2.8767929666248744,-2.705234649529925,36.59620142577269,37.31347618047413,36.768985573589696,14.0,20.0,36.0,-46.9,0.0,0.0,0.0,0.0,0.0,0.0,0.0,0.0,0.0,0.0
2026-06-09 14:53:14,-1.0468621059250753,-1.9603962869903715,1.0209007055152046,1.5423435105186272,-1.7018888483751116,-1.4976038851341527,0.08178434061845863,2.2833556550277443,36.64252883332151,36.85187035776169,36.832562537711155,14.0,20.0,36.0,23.6,0.0,0.0,0.0,0.0,0.0,0.0,0.0,0.0,0.0,0.0
2026-06-09 14:53:15,2.752678148755103,-0.9455226896340254,2.256938256577227,0.9666412729733072,-2.859932681021218,1.381470900144576,-1.9480714084062574,2.149829622373428,36.85415684129951,37.36486356591086,36.748799120119216,14.0,20.0,36.0,-34.2,0.0,0.0,0.0,0.0,0.0,0.0,0.0,0.0,0.0,0.0
2026-06-09 14:53:16,-1.1574050723773532,-1.815555837412373,-1.6407727061232311,-2.49917608438112,-2.2143740706389403,-1.887649862911653,2.1937644173487625,-1.2624958833682993,36.977184767572666,37.276487589829784,36.809134948340166,14.0,20.0,36.0,89.5,0.0,0.0,0.0,0.0,0.0,0.0,0.0,0.0,0.0,0.0
2026-06-09 14:53:17,-0.5317010892989513,0.7929444800568239,-1.191875861580209,-2.3803039557489702,-2.5236933915760904,0.8432651170467809,-0.298892321061496,2.0126536529785426,36.84564084690138,36.88137697223939,37.23654088803831,14.0,20.0,36.0,10.6,0.0,0.0,0.0,0.0,0.0,0.0,0.0,0.0,0.0,0.0
2026-06-09 14:53:18,-2.0911339757544694,-1.5403531708945561,1.7358459526561134,0.6799675701776797,2.228645031994702,2.011863962272601,-0.36284828367951594,2.402123658515457,37.01790939669131,37.04614441676751,37.25143612096419,14.0,20.0,36.0,-4.2,0.0,0.0,0.0,0.0,0.0,0.0,0.0,0.0,0.0,0.0
2026-06-09 14:53:19,-2.882604922984216,0.021074511127531892,0.8183019769440669,2.0675365357933506,-2.105550438495813,1.805740463954617,2.0415360935162896,0.7008519301125156,36.945438144577786,37.394450927806325,36.71302364608287,14.0,20.0,36.0,-19.8,0.0,0.0,0.0,0.0,0.0,0.0,0.0,0.0,0.0,0.0
2026-06-09 14:53:21,-0.24142515353249117,-0.03757411959255119,-2.3231115433578946,2.238063254141018,-1.0979567732428472,1.1509516688468633,-2.116148242536409,-0.8322714000693168,36.944575281269685,36.833281245507926,37.03247040778211,14.0,20.0,36.0,60.6,0.0,0.0,0.0,0.0,0.0,0.0,0.0,0.0,0.0,0.0
2026-06-09 14:53:22,1.3954087826597403,-2.814127809700733,-1.6197227482121594,-2.528413609601558,0.7799957217943922,-0.5818297420779253,1.6751509543926755,-2.074227280759012,36.85075932981378,36.83668743526825,36.95754426653268,14.0,20.0,36.0,115.2,0.0,0.0,0.0,0.0,0.0,0.0,0.0,0.0,0.0,0.0
2026-06-09 14:53:24,0.5710242503306295,1.906712674838996,1.402690406471848,1.6495888410226565,-0.07958665212807281,1.2596094214137512,-0.8676696913499926,2.162899398631776,36.786047151165555,37.36433843292093,36.81649495350989,14.0,20.0,36.0,-85.4,0.0,0.0,0.0,0.0,0.0,0.0,0.0,0.0,0.0,0.0
2026-06-09 14:53:25,0.48099819685601464,0.1787999078112028,-1.5727836794879522,-0.3140934922741505,-0.9413053770295683,0.483502909822072,-0.9220990100698652,-2.5868529085358345,36.59382315765186,37.395289013119,37.27726563026143,14.0,20.0,36.0,35.8,0.0,0.0,0.0,0.0,0.0,0.0,0.0,0.0,0.0,0.0
2026-06-09 14:53:26,-1.9612517499967976,1.2040064341388792,-0.10143811907357714,-2.0123962014129413,-2.4672886689193634,2.218672544610876,0.5890489507855117,1.063610391294712,37.083574113025776,37.25009199357096,37.15926946292079,14.0,20.0,36.0,-27.1,0.0,0.0,0.0,0.0,0.0,0.0,0.0,0.0,0.0,0.0
2026-06-09 14:53:28,-1.693959157671698,-0.8104288631196921,0.04463598097317245,0.08669831992965182,1.479075046652767,-0.4426825179251912,-2.248398262727206,-2.6048097370654144,36.52172491134417,37.312553401570334,36.926661144153115,14.0,20.0,36.0,18.5,0.0,0.0,0.0,0.0,0.0,0.0,0.0,0.0,0.0,0.0
2026-06-09 14:53:29,0.5559426121866071,1.092741220397631,1.3393137647448805,-0.08106929757392489,1.8195059970597498,-0.9026950393576341,1.2849137820157015,0.25412536496833305,36.70553972136334,36.81148054385154,36.733109275534616,14.0,20.0,36.0,-62.7,0.0,0.0,0.0,0.0,0.0,0.0,0.0,0.0,0.0,0.0
2026-06-09 14:53:30,-0.9124794080842089,2.1476829440474363,-2.4415738342113777,2.5336057743639486,2.828074873462368,-2.9932687305154095,1.0743385186467496,-1.6979811815563655,36.507404784038705,36.844131845463906,36.809023882699954,14.0,20.0,36.0,6.6,0.0,0.0,0.0,0.0,0.0,0.0,0.0,0.0,0.0,0.0
2026-06-09 14:53:31,0.357145891158984,-2.2959656325419755,-0.6688470770639907,2.3339839886447082,-2.0839088696030617,-0.5854573666221432,-2.1695108146074937,-1.1726701284615146,36.62706659269924,37.12808588240854,37.19244737687505,14.0,20.0,36.0,75.3,0.0,0.0,0.0,0.0,0.0,0.0,0.0,0.0,0.0,0.0
2026-06-09 14:53:32,0.906582659392094,2.19712331382608,2.126981633474566,0.7544316509389399,1.0655868407626272,0.3471707150044008,1.8106381141282073,-2.1024755421511654,36.96956712913438,37.26950489040331,36.81704294495113,14.0,20.0,36.0,-100,0.0,0.0,0.0,0.0,0.0,0.0,0.0,0.0,0.0,0.0
2026-06-09 14:53:33,-2.9295963735422514,-1.1889917625068693,-2.336451095350591,-1.8356335301658988,-2.5442639343966196,2.13884059358512,-0.4983965946387334,1.2292875119937436,36.75994341563874,37.125602280680525,36.86453892738562,14.0,20.0,36.0,92.0,0.0,0.0,0.0,0.0,0.0,0.0,0.0,0.0,0.0,0.0
2026-06-09 14:53:34,1.6549495204127744,2.9071033195408322,-0.0751249837982213,-0.5610734974463076,-1.5276497605274795,1.2546872546258,-1.4729508191718717,-0.8369205356310463,36.95835240358947,36.86537404797687,36.735259249417176,14.0,20.0,36.0,-73.3,0.0,0.0,0.0,0.0,0.0,0.0,0.0,0.0,0.0,0.0
2026-06-09 14:53:35,1.7598042308269726,1.4951814327248414,-0.739689419601302,-0.8552580580197722,-1.4565838682755745,0.8602597127357523,2.1556064643928163,-0.08576897865179056,36.654043514318914,36.97951770588884,36.86762450969834,14.0,20.0,36.0,-18.0,0.0,0.0,0.0,0.0,0.0,0.0,0.0,0.0,0.0,0.0
2026-06-09 14:53:36,1.4432569713141623,0.40326387504463135,-1.5740979579142507,1.4286976550206347,-1.7229937158493056,-0.8017859592369678,0.4832888366075645,-2.072965079022083,36.854418926128645,37.12283827723798,37.2176499147519,14.0,20.0,36.0,30.1,0.0,0.0,0.0,0.0,0.0,0.0,0.0,0.0,0.0,0.0
2026-06-09 14:53:37,2.4622829013974536,-0.9232716603650273,1.6368013805342745,-1.4952520812598966,-0.2647324280409862,0.12534779524572315,0.6867334626888422,-1.7817187731456117,36.795840827587874,37.26815962516772,36.75072936321497,14.0,20.0,36.0,-18.0,0.0,0.0,0.0,0.0,0.0,0.0,0.0,0.0,0.0,0.0
2026-06-09 14:53:38,2.493594634759444,0.3101774757192848,-1.160410735169213,0.5003429687546865,-2.4745551236726557,-0.9498516750165318,-0.8780683661386894,1.5856370447701238,36.741093064578834,36.97605136979732,37.127225085690824,14.0,20.0,36.0,21.1,0.0,0.0,0.0,0.0,0.0,0.0,0.0,0.0,0.0,0.0
2026-06-09 14:53:39,-2.2311673253516613,-2.7018982439169257,-2.5992865737035817,-1.5303947356628052,-1.9519796187029235,-1.7249604047415132,-1.7526094635583211,1.916522946132745,36.56540518123928,37.17480135741292,36.73877436003745,14.0,20.0,36.0,135.3,0.0,0.0,0.0,0.0,0.0,0.0,0.0,0.0,0.0,0.0
2026-06-09 14:53:41,0.3721183819366525,1.9740499785425705,0.523208450366774,1.0450939561626882,-1.2246947319499935,0.8394202565125961,-0.24202004866422744,0.02129887790213747,36.93648784663652,37.24702924587181,36.88451569252169,14.0,20.0,36.0,-64.3,0.0,0.0,0.0,0.0,0.0,0.0,0.0,0.0,0.0,0.0
2026-06-09 14:53:42,1.9657932355948784,-2.606622862514521,-2.4688899437591987,-1.8989425947036822,0.8809344344536214,2.2212817712195756,-2.9650897363154165,-1.14634652142069,36.70622010439187,37.382428252654215,37.10941187364617,14.0,20.0,36.0,130.9,0.0,0.0,0.0,0.0,0.0,0.0,0.0,0.0,0.0,0.0
2026-06-09 14:53:43,-0.3962041751865861,-0.3346718531611099,0.045220428425060355,1.5287665457508357,-2.971154112984964,1.5635182593086556,-0.05160425972992133,-0.39363459403439727,36.66033562664486,36.91898708405551,37.05254771692112,14.0,20.0,36.0,8.2,0.0,0.0,0.0,0.0,0.0,0.0,0.0,0.0,0.0,0.0
2026-06-09 14:53:45,-2.1560969787559214,1.2160582588739128,1.1595303546592906,0.1569190009011363,0.739094505464418,1.9219167597348887,-2.8452167812737517,2.9313672576225285,36.67310952595684,36.942268807774546,36.86419797300031,14.0,20.0,36.0,-61.9,0.0,0.0,0.0,0.0,0.0,0.0,0.0,0.0,0.0,0.0
2026-06-09 14:53:46,-1.6418926799092115,-2.268311964111346,2.0080243569574074,-2.5533045499613634,-1.861533721975752,-2.884440156106539,-0.8273907566502072,2.0772758073846855,36.70712704684081,37.225878854237166,36.79758294521372,14.0,20.0,36.0,4.9,0.0,0.0,0.0,0.0,0.0,0.0,0.0,0.0,0.0,0.0
2026-06-09 14:53:47,-2.446828006767623,2.875783143731116,-2.8028447240690233,1.8367039119971844,-2.062872747919714,1.79569003195542,-1.872502442522681,0.44433161987492076,36.841766768589736,36.945447242918156,37.281659239662844,14.0,20.0,36.0,-1.9,0.0,0.0,0.0,0.0,0.0,0.0,0.0,0.0,0.0,0.0
2026-06-09 14:53:48,2.6572486294190645,-1.6728502713319748,2.6776956188685874,-2.460167742996883,2.4005793383457483,2.1389038981895885,1.0444507944308006,2.3324571193864703,36.619055547587735,37.21111398127889,36.93351888168316,14.0,20.0,36.0,-24.4,0.0,0.0,0.0,0.0,0.0,0.0,0.0,0.0,0.0,0.0
2026-06-09 14:53:49,-2.359097474673702,-0.78987420466507,1.0638163913166192,-0.8018771955486104,0.24329051799691515,2.9423182787692648,-1.1591566267070723,-1.857902310256909,36.72497739509071,37.11707251261226,36.84297262795395,14.0,20.0,36.0,-6.2,0.0,0.0,0.0,0.0,0.0,0.0,0.0,0.0,0.0,0.0
2026-06-09 14:53:50,0.5545700970575211,-0.651634816471446,-1.0844740038036969,-0.23936994300479508,2.6487293483147925,-1.270571551074093,-0.7531463067180444,-1.1256570640418284,36.53479952860114,37.162465654719526,36.952240445223765,14.0,20.0,36.0,43.9,0.0,0.0,0.0,0.0,0.0,0.0,0.0,0.0,0.0,0.0
2026-06-09 14:53:51,2.2004591708718744,-0.8634471993212385,0.17879817212291282,-2.333899798062008,-2.7129222077611996,-2.1059791324179074,-0.7499642064752408,1.8540627184894207,36.93845359895162,37.16711579518328,36.7493143864032,14.0,20.0,36.0,16.3,0.0,0.0,0.0,0.0,0.0,0.0,0.0,0.0,0.0,0.0
2026-06-09 14:53:52,1.424933418825134,0.8500416097986929,0.6610925969258812,-2.1047274094051542,-2.25523262924443,-1.348353450730282,2.88719404572314,-2.1043295028741418,36.75140539556358,37.31126015603191,37.28182024506654,14.0,20.0,36.0,-38.3,0.0,0.0,0.0,0.0,0.0,0.0,0.0,0.0,0.0,0.0
2026-06-09 14:53:53,-0.32006528323758454,1.9741642784200302,0.8005685326718508,2.237776687038127,1.908760928722625,1.0699233514180513,1.5605217321679294,-1.624540632742844,37.005111652851504,36.98945916535525,36.73616730133214,14.0,20.0,36.0,-70.4,0.0,0.0,0.0,0.0,0.0,0.0,0.0,0.0,0.0,0.0
2026-06-09 14:53:54,1.3198853115917881,-0.9161418700260007,-1.5899659833891213,-0.10128230594425336,2.0846169280628715,-0.3621701539840654,1.070715316493093,-2.477483956147982,36.91508276065407,36.93176529240966,36.781615040777176,14.0,20.0,36.0,65.2,0.0,0.0,0.0,0.0,0.0,0.0,0.0,0.0,0.0,0.0
2026-06-09 14:53:55,1.6674974492467687,2.2447971192017606,2.221031089940169,0.6687801563739986,2.823771391573586,0.0016958021389905653,-1.271935276246256,0.3066351677636501,37.010007789968384,37.24395602534622,36.757265762112695,14.0,20.0,36.0,-100,0.0,0.0,0.0,0.0,0.0,0.0,0.0,0.0,0.0,0.0
2026-06-09 14:53:57,-2.9180753608130696,2.2775600146870136,-1.7635059230710426,-1.5505249603962656,1.160531729829584,1.3792845500053428,1.367595541987658,0.5006361545801221,36.614206312642324,37.259758954464836,36.78997762307697,14.0,20.0,36.0,-11.9,0.0,0.0,0.0,0.0,0.0,0.0,0.0,0.0,0.0,0.0
2026-06-09 14:53:58,-1.4155400452087397,2.568783479012298,-2.1615452820065135,0.37484928535120865,2.63537882769287,-0.3161822437267743,1.2053241962127315,0.9720459025137096,36.88242194507474,37.0999045140643,37.23729207736205,14.0,20.0,36.0,-10.1,0.0,0.0,0.0,0.0,0.0,0.0,0.0,0.0,0.0,0.0
2026-06-09 14:53:59,2.4899984061012193,2.962256086907482,0.661928503902125,-0.1898004380556202,2.826099800228378,-2.406345880667411,2.7123396731223526,-0.6739025785030681,37.016978031642836,37.23861467065295,37.21416461414862,14.0,20.0,36.0,-93.6,0.0,0.0,0.0,0.0,0.0,0.0,0.0,0.0,0.0,0.0
2026-06-09 14:54:00,0.918401775195492,0.8014864878545978,-2.5103910401610205,2.3873779035893232,-2.530847531312734,1.393448880361328,0.7459306516465105,1.4814668332689447,36.91867922620607,37.14062147668763,36.76539951163603,14.0,20.0,36.0,45.3,0.0,0.0,0.0,0.0,0.0,0.0,0.0,0.0,0.0,0.0
2026-06-09 14:54:01,-1.986697550525617,-1.520496112840349,1.2063111910679432,1.021740095109699,0.8890934395075067,-2.8054659188877453,2.245573415201477,2.931652405093703,36.6946770799834,37.24350760210801,37.10150484887657,14.0,20.0,36.0,7.8,0.0,0.0,0.0,0.0,0.0,0.0,0.0,0.0,0.0,0.0
2026-06-09 14:54:02,-1.0223800362308795,-1.8116497882103801,-0.48443563245759513,-1.4848588590293268,-2.4693478156981694,1.6891525591654508,-0.2658636985273919,0.5862973391362227,36.81945578776904,37.082372780045034,37.18377986820187,14.0,20.0,36.0,60.1,0.0,0.0,0.0,0.0,0.0,0.0,0.0,0.0,0.0,0.0
2026-06-09 14:54:03,-2.9547309880156076,1.1172784692244742,-2.270201632505438,-2.7037272033661877,1.0989911693678946,-2.0271143955010777,2.602318028427753,1.8591473397965128,36.73316562691899,36.856547291798165,37.00414274673668,14.0,20.0,36.0,30.1,0.0,0.0,0.0,0.0,0.0,0.0,0.0,0.0,0.0,0.0
2026-06-09 14:54:04,1.0734942557213891,-1.4222831858381777,2.7369394936430878,-2.6526890036415267,0.5761521961310336,-2.8408144164755678,2.4390658357512898,0.9755092434006372,37.07502083175342,36.8678153326805,37.264690826229845,14.0,20.0,36.0,-34.2,0.0,0.0,0.0,0.0,0.0,0.0,0.0,0.0,0.0,0.0
2026-06-09 14:54:05,1.1707832663026796,-0.8915624804627686,-1.6000514114338078,0.2744262085999978,-2.797318183519007,-0.018367102546300806,-0.6694239297839681,-1.0255008530600795,36.64860066147405,36.96010621043842,36.78078595201562,14.0,20.0,36.0,64.1,0.0,0.0,0.0,0.0,0.0,0.0,0.0,0.0,0.0,0.0
2026-06-09 14:54:07,-2.7135076773435984,1.1104000720323146,-1.1762730094593659,-2.140764126116062,-0.8785862184159305,-0.5965460954782107,2.1411162740358627,-1.3531596916444355,36.71508800534862,36.81174714599112,37.09525758642709,14.0,20.0,36.0,2.5,0.0,0.0,0.0,0.0,0.0,0.0,0.0,0.0,0.0,0.0
2026-06-09 14:54:08,0.3265196929993621,-1.965597260053625,-1.0945606081941495,-0.12236902513675618,-1.9261344613294598,-2.128228293815938,-0.9946028096157558,1.3481230494225462,36.57709423488374,37.359037546356795,37.19282976768266,14.0,20.0,36.0,77.6,0.0,0.0,0.0,0.0,0.0,0.0,0.0,0.0,0.0,0.0
2026-06-09 14:54:09,1.4784630369103908,-0.3522016743607068,-0.5880041714000765,-1.8168026892988973,-1.974790118525619,0.48595166790534394,-1.6568878799907152,-1.8274552068537884,36.978747803393595,37.38861351791155,37.158776943456594,14.0,20.0,36.0,23.7,0.0,0.0,0.0,0.0,0.0,0.0,0.0,0.0,0.0,0.0
2026-06-09 14:54:10,-0.6774701928569318,-0.22085594482875326,-0.8359785538154751,0.38078553944754123,-1.8897634096978255,-1.9135641200631728,-0.4462393149157666,-0.030173170919168157,36.64659991699203,36.99483866915221,36.75218119457815,14.0,20.0,36.0,26.1,0.0,0.0,0.0,0.0,0.0,0.0,0.0,0.0,0.0,0.0
2026-06-09 14:54:11,2.1358964366681574,2.3248984631058756,-0.3616018632950082,-0.6982066360467871,1.7629132673335057,-1.4459172594791772,0.06875234570226407,-1.2726134246993965,36.73208869975207,37.045085873605316,36.71788185887754,14.0,20.0,36.0,-51.5,0.0,0.0,0.0,0.0,0.0,0.0,0.0,0.0,0.0,0.0
2026-06-09 14:54:12,-1.0923181404592703,-0.5560396613777998,0.7199223807710826,-0.037734750413376705,2.9042760288532747,2.0895839761169057,-2.159070425236274,-2.83768676902775,36.87261349466746,37.139508572443475,36.802509666038944,14.0,20.0,36.0,-4.3,0.0,0.0,0.0,0.0,0.0,0.0,0.0,0.0,0.0,0.0
2026-06-09 14:54:13,-1.29475532971286,-2.291663960752169,2.9745134506133164,-1.3552398206614096,0.4159931339604661,2.6299227579819533,2.0239390746355976,1.2207257722170732,36.889634842326174,37.350434161320194,37.151631286196974,14.0,20.0,36.0,-15.3,0.0,0.0,0.0,0.0,0.0,0.0,0.0,0.0,0.0,0.0
2026-06-09 14:54:15,-1.765575227602971,0.08266936206529607,-1.3495451075719462,-2.002035431492806,0.08315512297069283,1.0955936193935312,2.6907724396000443,1.7819688714604718,36.81381876754683,36.93319508643138,37.25891718614667,14.0,20.0,36.0,34.7,0.0,0.0,0.0,0.0,0.0,0.0,0.0,0.0,0.0,0.0
2026-06-09 14:54:16,0.3991783895646188,-2.033522278750774,0.15834310005319496,-1.09012102071146,-2.1189806371320374,-0.10010912553131934,-0.9483215771605784,-0.45477522866995823,37.01084311967903,36.85993603241802,37.0429460571285,14.0,20.0,36.0,48.0,0.0,0.0,0.0,0.0,0.0,0.0,0.0,0.0,0.0,0.0
2026-06-09 14:54:17,1.6399481709311718,0.5208909344672321,2.637318097424325,-2.9441632276167065,2.2053220999630323,-2.182644283985873,-0.17791585546427413,-1.038884927271646,37.04148881005457,36.91977123770142,37.1504446523655,14.0,20.0,36.0,-82.8,0.0,0.0,0.0,0.0,0.0,0.0,0.0,0.0,0.0,0.0
2026-06-09 14:54:18,-0.7296844948523242,-0.32851555405174704,-2.393478699926085,-1.2959603540718934,-0.6718544200824432,-2.849860410195281,-1.58136524044431,-2.3077299545293437,36.90401747267899,37.38481137324381,37.03850330775924,14.0,20.0,36.0,68.2,0.0,0.0,0.0,0.0,0.0,0.0,0.0,0.0,0.0,0.0
2026-06-09 14:54:19,0.9167577614203171,2.2805711411650273,2.966626615333258,2.6677483924978196,-2.129821894015547,-2.6901846360673973,0.14568764709173543,-0.9156781087541859,36.66242696123931,36.99269237285187,36.85113853010047,14.0,20.0,36.0,-100,0.0,0.0,0.0,0.0,0.0,0.0,0.0,0.0,0.0,0.0
2026-06-09 14:54:21,-2.9620492904391678,0.9797311817481562,0.17939729832466877,1.8563775516951395,1.5028386617592018,-2.9889810233089076,-0.2114855644060305,-1.9699680845240155,36.68007446788707,37.28483724076371,36.94927113141005,14.0,20.0,36.0,-31.6,0.0,0.0,0.0,0.0,0.0,0.0,0.0,0.0,0.0,0.0
2026-06-09 14:54:22,-1.7101062881067022,2.1036170719381992,-0.8823465585902204,0.7452824361095267,0.765810717576608,0.36142776393097,0.036744549546075866,-2.3833850972881327,36.59069606701076,37.17822264817551,37.220704126076534,14.0,20.0,36.0,-31.4,0.0,0.0,0.0,0.0,0.0,0.0,0.0,0.0,0.0,0.0
2026-06-09 14:54:23,1.8994725970500204,-0.5897999623186809,-0.7523604533248216,2.0452982686349923,0.45539907056635354,-0.8299956910370891,-2.894986671019719,-0.44205079590883667,36.8133834360422,37.06090473131675,37.14056143301756,14.0,20.0,36.0,32.8,0.0,0.0,0.0,0.0,0.0,0.0,0.0,0.0,0.0,0.0
2026-06-09 14:54:24,-2.581465009643365,-1.6558622721909106,-1.9780390225259399,-0.4037643923109897,2.172874469754694,-1.1801626626599915,-2.505687313534005,1.0719585787584682,36.56950223225762,37.25552643987387,37.13392385735373,14.0,20.0,36.0,92.1,0.0,0.0,0.0,0.0,0.0,0.0,0.0,0.0,0.0,0.0
2026-06-09 14:54:25,-2.2921803022931977,-1.3808918068651699,1.6333031677213823,2.6945914374602307,1.7235117315707882,1.648015796739374,-0.9677184246811148,-1.6090310029318524,36.95532264267872,37.367096713740324,37.00338375985587,14.0,20.0,36.0,-6.2,0.0,0.0,0.0,0.0,0.0,0.0,0.0,0.0,0.0,0.0
2026-06-09 14:54:26,-0.6011236475321735,1.4724782577047986,-1.25006826538475,-0.6948166125312749,0.07311687920776855,-1.5133048303698207,2.9897388798580433,1.9701261404483672,36.81991482280352,36.988333302016244,36.974834558592356,14.0,20.0,36.0,-5.0,0.0,0.0,0.0,0.0,0.0,0.0,0.0,0.0,0.0,0.0
2026-06-09 14:54:27,2.445489756142595,2.5477462568585043,-0.27907987189007644,1.3384960824927994,-1.2423243619568782,-2.664071507071782,2.351104406498828,-0.5088279715969879,37.09576348988651,36.946083076471574,36.93155412316492,14.0,20.0,36.0,-58.8,0.0,0.0,0.0,0.0,0.0,0.0,0.0,0.0,0.0,0.0
2026-06-09 14:54:29,0.767357028893056,2.3975110788202665,-0.14909718811786554,-2.075639618912068,0.6472061681166519,1.28620566373674,0.9469652904176487,1.8331375228662576,36.816127153592014,36.99249440695462,37.02137766439648,14.0,20.0,36.0,-57.0,0.0,0.0,0.0,0.0,0.0,0.0,0.0,0.0,0.0,0.0
2026-06-09 14:54:30,0.5477891187411128,2.2214469265555294,-0.32375255999391683,-0.7471928194945718,-2.6553810172929717,-1.0207697979841033,2.9523613832791176,-0.19457618121887643,36.64507939735101,37.06896633441188,37.03249020481447,14.0,20.0,36.0,-48.1,0.0,0.0,0.0,0.0,0.0,0.0,0.0,0.0,0.0,0.0
2026-06-09 14:54:31,-0.04720258657885257,-0.23856204129770564,0.666182656664648,-2.7851875437542226,0.9668116695295765,-0.35484894935102584,-0.7173413056682652,-0.2464567500540964,36.511139335740395,37.28891745386513,36.88822486378318,14.0,20.0,36.0,-11.6,0.0,0.0,0.0,0.0,0.0,0.0,0.0,0.0,0.0,0.0
2026-06-09 14:54:32,0.6333788702359922,-2.751041684250194,-1.8467649932305552,2.1915637599095117,-0.8747878760782877,-0.9337064707590459,1.1790528925288744,-1.451061871624791,37.08858101963734,37.24059394809111,37.214313103624384,14.0,20.0,36.0,119.0,0.0,0.0,0.0,0.0,0.0,0.0,0.0,0.0,0.0,0.0
2026-06-09 14:54:34,2.42625929149834,1.1799844994952355,-2.475791635701311,-1.80025903990636,0.19618857257316602,0.5060470953307741,-0.697580646749349,-0.8477812878826327,36.85039656255466,37.19382978865032,36.75246292725725,14.0,20.0,36.0,33.4,0.0,0.0,0.0,0.0,0.0,0.0,0.0,0.0,0.0,0.0
2026-06-09 14:54:35,-1.603328260219691,2.1631269598936997,-2.04464981005105,-1.3198496398184276,-1.8856580935637877,0.5780672536622835,-1.6570833648692598,-2.1215430991789495,36.63118145976772,37.09125857575799,36.81756369107582,14.0,20.0,36.0,-3.6,0.0,0.0,0.0,0.0,0.0,0.0,0.0,0.0,0.0,0.0
2026-06-09 14:54:36,-0.7477159905493842,-1.937827954729497,2.698691470516269,-0.008769591306172941,1.448224899028574,0.6749778264535848,-2.056788724578298,-1.1459979307844035,36.530502911447826,37.19075554077576,37.27550938604907,14.0,20.0,36.0,-20.4,0.0,0.0,0.0,0.0,0.0,0.0,0.0,0.0,0.0,0.0
2026-06-09 14:54:37,-1.9294222876800255,-1.8960093452446505,-0.26192269228114906,-2.850844136500955,1.5660152779231655,-1.931829923655262,-1.0912125721240775,1.4663822317977546,36.98508822854474,37.23225272586892,36.838236417535235,14.0,20.0,36.0,54.3,0.0,0.0,0.0,0.0,0.0,0.0,0.0,0.0,0.0,0.0
2026-06-09 14:54:38,-2.05372637628684,1.5628526405496865,-1.2288553138723464,2.9079632872134855,-0.9302820988643896,-1.1721289742498062,-1.5954267936638264,-0.051058178625887685,36.567362991532605,37.24433314088223,37.18511709881145,14.0,20.0,36.0,-10.0,0.0,0.0,0.0,0.0,0.0,0.0,0.0,0.0,0.0,0.0
2026-06-09 14:54:40,2.864343307797503,-2.9046644775259796,-1.9132671796236225,1.5938082398643436,-2.399360694318906,-2.6338283534733486,2.9481920684778977,2.136958397437297,36.78429991405405,36.8919599167009,37.0947361230123,14.0,20.0,36.0,124.7,0.0,0.0,0.0,0.0,0.0,0.0,0.0,0.0,0.0,0.0
2026-06-09 14:54:41,-0.24132008339960365,1.6657820321502976,-1.75338479735138,2.355274593666703,2.936824968272008,-1.3762174762749801,-2.7066654036659505,-0.907499822302186,36.56832137799696,37.1790628070476,37.012241587280805,14.0,20.0,36.0,0.2,0.0,0.0,0.0,0.0,0.0,0.0,0.0,0.0,0.0,0.0
2026-06-09 14:54:42,-0.7885235264926127,1.2188165813383591,0.7613532472678024,1.6962484640490931,-0.9944437995869873,-1.6637380109527433,1.47499408311214,-2.0244884490753448,36.74588264074467,37.30358189585231,36.7510480590185,14.0,20.0,36.0,-51.3,0.0,0.0,0.0,0.0,0.0,0.0,0.0,0.0,0.0,0.0
2026-06-09 14:54:43,-2.7970007437203104,-0.4768348840923107,-0.20424100098825182,-2.4528718333908985,-2.1518182241125006,-2.2671069877422534,2.1488994220671422,-2.5413473567132514,36.80172603517645,37.3048035366466,36.99926786004299,14.0,20.0,36.0,17.6,0.0,0.0,0.0,0.0,0.0,0.0,0.0,0.0,0.0,0.0
2026-06-09 14:54:44,1.0660460333992932,-1.0202098595330549,0.8093152682598816,0.7156155978398537,2.382085595891109,-2.523352948986018,2.9623789204591304,-1.6824835691043638,36.85078808152219,36.91577877720248,37.193572646875765,14.0,20.0,36.0,5.7,0.0,0.0,0.0,0.0,0.0,0.0,0.0,0.0,0.0,0.0
2026-06-09 14:54:45,-1.8023157237855216,1.053427153971782,-0.7774326864335301,-0.0654122657435261,1.0004520017098386,2.0747642570835767,1.6674579039065396,-1.3252895797905646,37.09597118092272,36.97744869776673,37.146704574208876,14.0,20.0,36.0,-5.3,0.0,0.0,0.0,0.0,0.0,0.0,0.0,0.0,0.0,0.0
2026-06-09 14:54:46,-1.0087972499296,1.4811807769938996,-0.692849683096175,-2.118327923582491,0.1365795569695658,0.43853509493674725,0.849589447739008,0.6209639515627305,36.94290494883941,37.12572853369161,37.087916866472675,14.0,20.0,36.0,-19.7,0.0,0.0,0.0,0.0,0.0,0.0,0.0,0.0,0.0,0.0
2026-06-09 14:54:47,-2.38442184110274,0.11784553109333284,-2.8736709272772627,-0.28250554615284695,-1.5194052234452582,-2.8913955253144445,0.17465918423033333,2.2760196441478007,37.06715644875675,36.90249630776643,36.839021123120425,14.0,20.0,36.0,69.9,0.0,0.0,0.0,0.0,0.0,0.0,0.0,0.0,0.0,0.0
2026-06-09 14:54:49,-0.0521682860157795,-0.7382165310835456,1.6350285203507235,0.5347581799368655,2.7803115744666336,-1.6170355494292734,2.3576601704859375,-2.4181140468777937,37.07411283770693,37.0204216787188,36.845578953946266,14.0,20.0,36.0,-22.8,0.0,0.0,0.0,0.0,0.0,0.0,0.0,0.0,0.0,0.0
2026-06-09 14:54:50,-1.6227050127162266,-0.03753384150082795,-0.9923294002213661,-0.14226225165856654,-2.3532251375622737,1.594207289891287,-0.7101864615597986,0.41113879678944354,37.02253121072855,37.36678642153956,37.16477437966338,14.0,20.0,36.0,27.1,0.0,0.0,0.0,0.0,0.0,0.0,0.0,0.0,0.0,0.0
2026-06-09 14:54:51,2.209482110747725,2.8478191313826553,2.0573393505970365,-1.5368014713324518,2.1120279196329523,-1.9459159652263085,1.953972994227005,0.3918402331127364,36.86291567508472,37.169780354158874,37.102545103840065,14.0,20.0,36.0,-100,0.0,0.0,0.0,0.0,0.0,0.0,0.0,0.0,0.0,0.0
2026-06-09 14:54:52,-1.4880374873966862,2.2694660851417563,2.788475739956718,0.7000735174566506,0.19331895698180768,1.7847947902831622,-0.13074680747859713,1.4981920813351843,36.65971928692328,37.022959336684295,36.78572819018845,14.0,20.0,36.0,-100,0.0,0.0,0.0,0.0,0.0,0.0,0.0,0.0,0.0,0.0
2026-06-09 14:54:54,1.4538243106462883,-2.5744018559783646,-0.7758865877634262,0.8071243640575494,2.3480133562622036,2.5805867921991776,1.006820411022975,-1.5222692149616857,36.65152565744267,37.02768772697422,36.91511400591003,14.0,20.0,36.0,88.4,0.0,0.0,0.0,0.0,0.0,0.0,0.0,0.0,0.0,0.0
2026-06-09 14:54:55,-2.636445585010128,-0.06068501199930809,0.7025419073620922,0.19668032185392237,0.37371496041197716,-0.5161408432915167,1.3847562018852315,-2.963236044598246,36.50690238253524,36.894699650620204,36.98681635267882,14.0,20.0,36.0,-16.2,0.0,0.0,0.0,0.0,0.0,0.0,0.0,0.0,0.0,0.0
2026-06-09 14:54:56,1.1869378627126608,-2.492461290527409,2.9660369396448036,0.6689881788053818,1.942051323874031,2.005192209756091,0.8477031560385271,-1.5556141521203408,36.646252745305425,37.04768121311215,36.78200958146888,14.0,20.0,36.0,-10.8,0.0,0.0,0.0,0.0,0.0,0.0,0.0,0.0,0.0,0.0
2026-06-09 14:54:57,-0.6439539836528434,1.4289147003220393,-1.161009889081148,0.7661676147673746,-1.0891688501739754,1.8352351925146024,-0.3154685296507913,-1.476303870425833,37.004049866810696,36.96240732738633,37.15305852933159,14.0,20.0,36.0,-6.2,0.0,0.0,0.0,0.0,0.0,0.0,0.0,0.0,0.0,0.0
2026-06-09 14:54:58,1.1424303546825847,0.6788552902099276,-2.613819564508791,-0.539453581229274,-0.6199717756008782,-2.8844105727327856,0.2747243277347069,-0.880886584391642,36.502921520463325,37.06241054427088,36.908414049061335,14.0,20.0,36.0,48.7,0.0,0.0,0.0,0.0,0.0,0.0,0.0,0.0,0.0,0.0
2026-06-09 14:55:00,1.720461350098983,-2.5599355653577343,1.5401018389743406,-2.5818027341382557,1.9318366548304562,-0.9923376704095448,-2.0546729819568155,-2.300383229971355,36.96215849450327,37.18651170949046,37.20023173451556,14.0,20.0,36.0,24.8,0.0,0.0,0.0,0.0,0.0,0.0,0.0,0.0,0.0,0.0
2026-06-09 14:55:01,-2.882168124226782,0.4585106431735553,1.7966706833310706,0.2275312083973935,2.72575592988885,0.8619080698794201,-0.4063686217564011,2.9264985362510405,36.71572740979193,36.92317858941056,36.95447606880873,14.0,20.0,36.0,-58.1,0.0,0.0,0.0,0.0,0.0,0.0,0.0,0.0,0.0,0.0
2026-06-09 14:55:02,-0.723549271267613,-1.8552434713700099,-0.21476999025205057,1.2651396129969177,-2.4124337553441246,0.29368863975368775,-1.6940002788408284,2.620243982120857,36.571723713248964,37.09613286453855,37.02752514787538,14.0,20.0,36.0,52.8,0.0,0.0,0.0,0.0,0.0,0.0,0.0,0.0,0.0,0.0
2026-06-09 14:55:03,1.6776117804263526,-0.3216700702823232,-0.3392012776897575,-0.6459306342627347,0.024221245400572133,-1.9242218601888303,-1.468854533095085,2.1145833173238486,36.79622175109736,37.11217109794397,37.09305765321757,14.0,20.0,36.0,15.4,0.0,0.0,0.0,0.0,0.0,0.0,0.0,0.0,0.0,0.0
2026-06-09 14:55:04,0.7520917714057465,-1.1561954358395463,0.7706790098818379,1.0429356104965528,1.9495497599560672,0.79504550992191,-0.29390597059514656,-1.7669642088475768,36.57262512891541,36.81922676725605,36.769531449854725,14.0,20.0,36.0,10.2,0.0,0.0,0.0,0.0,0.0,0.0,0.0,0.0,0.0,0.0
2026-06-09 14:55:05,-1.9108701989207457,-0.7911495640539012,1.335820165192822,-1.3041558353300458,-1.5198806570809786,2.117665678471359,-1.2071554728371314,-0.44249706737551353,36.577962555347796,37.260650337157074,37.2018107922473,14.0,20.0,36.0,-13.6,0.0,0.0,0.0,0.0,0.0,0.0,0.0,0.0,0.0,0.0
2026-06-09 14:55:07,-0.842917298201546,1.9973535285768476,1.2599411842255606,0.6519001499312096,0.02801079775527171,2.731544954507358,0.7757726052264182,-0.02079473543188426,36.79323193176521,37.01695072710775,36.800854285442874,14.0,20.0,36.0,-82.5,0.0,0.0,0.0,0.0,0.0,0.0,0.0,0.0,0.0,0.0
2026-06-09 14:55:08,1.253761952717448,1.3137881932601116,2.4387149274132147,-2.180731098077887,-1.113150896488585,2.7127896746247444,2.9394198066964554,2.6882370034723717,36.572613069674915,36.811566397687486,36.89292765293505,14.0,20.0,36.0,-94.2,0.0,0.0,0.0,0.0,0.0,0.0,0.0,0.0,0.0,0.0
2026-06-09 14:55:09,2.5757757614126273,0.5401941703002175,2.378025059198885,-1.1871683017077002,-1.514482140526345,1.3740740253313044,-0.8621409524833306,2.391435325678245,36.92151823767818,37.3549076095762,36.77388347219121,14.0,20.0,36.0,-75.2,0.0,0.0,0.0,0.0,0.0,0.0,0.0,0.0,0.0,0.0
2026-06-09 14:55:10,-0.3500437658969444,2.03951523191515,2.2413218186131108,2.0932296967024104,2.37113032650747,-0.8239130585753411,0.7247747602818944,1.0285987363560114,36.64338414041828,37.016953970405865,36.919274813584856,14.0,20.0,36.0,-100,0.0,0.0,0.0,0.0,0.0,0.0,0.0,0.0,0.0,0.0
2026-06-09 14:55:11,2.792890393452611,0.8898338422928482,-1.1239985113626,-0.9740252449344151,0.13384912359851864,-1.0428977620016657,-1.4126567171862652,-2.5828951354079654,36.617792552966385,36.94053871754094,37.12152069535801,14.0,20.0,36.0,4.8,0.0,0.0,0.0,0.0,0.0,0.0,0.0,0.0,0.0,0.0
2026-06-09 14:55:12,-1.2139151622257838,0.5853997499785057,0.5603610014727214,-1.2135154388665594,-0.6104990410466993,-2.8665067579692836,-1.090150931695724,-1.4525759336390052,36.625295844977934,37.21835349318196,36.966473870393486,14.0,20.0,36.0,-31.6,0.0,0.0,0.0,0.0,0.0,0.0,0.0,0.0,0.0,0.0
2026-06-09 14:55:14,2.045325990971195,1.0152539289923013,-2.4630547341844347,-1.412209263164212,1.6128079466113006,1.1741855163213621,2.024256018824138,-0.7100541577765505,36.823180241633096,37.27225843410768,37.26437771698198,14.0,20.0,36.0,39.0,0.0,0.0,0.0,0.0,0.0,0.0,0.0,0.0,0.0,0.0
2026-06-09 14:55:15,0.006672588605459495,1.4932407157225436,-2.2257207911073227,2.6980161826342135,2.2126042079540635,-1.4301916933367784,2.4232185280364353,2.9783300282717944,36.83551864326149,36.93397600280664,36.82551182428137,14.0,20.0,36.0,19.4,0.0,0.0,0.0,0.0,0.0,0.0,0.0,0.0,0.0,0.0
2026-06-09 14:55:16,0.4819939284814576,1.556462596480996,-0.5404802778835398,-2.4483046882809933,-0.6730931950525796,2.3542276201979195,2.4660472497856567,1.3128653189147013,36.78452193789237,37.15767878292176,36.7116170955338,14.0,20.0,36.0,-23.9,0.0,0.0,0.0,0.0,0.0,0.0,0.0,0.0,0.0,0.0
2026-06-09 14:55:18,1.88496494136605,-1.8949936929239324,-2.7790694819001165,2.5541452267734783,2.6623876883409636,2.4716118963625098,2.616215939565297,0.9445796248993155,37.04345507672294,37.202654804690106,36.81626347554555,14.0,20.0,36.0,123.4,0.0,0.0,0.0,0.0,0.0,0.0,0.0,0.0,0.0,0.0
2026-06-09 14:55:19,1.8836456239387775,-0.7936766800804849,0.527386128071293,-2.0397053175165274,-2.492799654277289,2.548829660714829,-2.822426435410966,-2.07054460663411,36.99976986926779,37.35173763573758,37.10229756598066,14.0,20.0,36.0,6.7,0.0,0.0,0.0,0.0,0.0,0.0,0.0,0.0,0.0,0.0
2026-06-09 14:55:20,-2.5529553747442666,2.952242588337757,-1.4601034015190875,-2.5228852275640548,2.4234230021359586,2.2046253820007475,-1.7796498051293046,-1.2214713194625557,36.54857736438004,37.19381648755533,37.080827720984004,14.0,20.0,36.0,-38.4,0.0,0.0,0.0,0.0,0.0,0.0,0.0,0.0,0.0,0.0
2026-06-09 14:55:21,-1.8658037297250605,2.0180746341385474,0.26024596120700627,2.7514229696615216,1.2995916619303172,-1.9217768637025183,0.7862696146661392,2.2750932873004874,36.667835275304306,36.83311013095392,37.25935730997771,14.0,20.0,36.0,-59.5,0.0,0.0,0.0,0.0,0.0,0.0,0.0,0.0,0.0,0.0
2026-06-09 14:55:22,1.9459560754758343,1.961374800145392,1.453532065702884,1.4351117419918449,-1.1911982163504493,-1.0859382681315866,0.40686649776478445,-2.8555564988793574,36.64354404399124,36.94689133894724,37.15091999037661,14.0,20.0,36.0,-88.6,0.0,0.0,0.0,0.0,0.0,0.0,0.0,0.0,0.0,0.0
2026-06-09 14:55:23,2.078953609652948,1.5766369856762008,-2.7669394193393027,-1.136188702136981,0.5601512226764536,-0.5887318400508113,-2.1719134778858433,0.6272486281914165,36.60666729095464,36.95847713605418,36.92599570744766,14.0,20.0,36.0,29.4,0.0,0.0,0.0,0.0,0.0,0.0,0.0,0.0,0.0,0.0
2026-06-09 14:55:24,-1.076229928077375,-1.0635545037512038,0.47818114817114576,-1.0430886381516842,2.990780267463659,2.7688545819849546,1.8034361222320232,1.363210853456689,36.65300837238345,37.3394921080456,36.87022916168143,14.0,20.0,36.0,17.4,0.0,0.0,0.0,0.0,0.0,0.0,0.0,0.0,0.0,0.0
2026-06-09 14:55:25,0.7498731787075634,-2.696202724100992,-0.6452589445726833,-2.9115497771707997,-2.2634072361474145,-1.1615721001314672,-2.8844299882685043,-0.5102915282012099,36.693290161830845,37.1591560683776,37.21147641688008,14.0,20.0,36.0,84.4,0.0,0.0,0.0,0.0,0.0,0.0,0.0,0.0,0.0,0.0
2026-06-09 14:55:26,-2.6899951562369164,-0.8707381763853013,1.7266444197490989,-0.3189309546981103,2.4663457145144996,-0.7703380537558648,-0.8494398382982147,-2.6766275147264844,36.856744527677876,37.22127169044552,37.269044318756414,14.0,20.0,36.0,-22.9,0.0,0.0,0.0,0.0,0.0,0.0,0.0,0.0,0.0,0.0
2026-06-09 14:55:28,1.631862807017951,2.454924269214093,-2.291013074837267,-2.8258044234003323,1.9440459371163321,0.5652154684917763,-2.786595883296412,2.7951511044191717,36.86023320102352,37.3075790452757,37.22511331759706,14.0,20.0,36.0,-5.3,0.0,0.0,0.0,0.0,0.0,0.0,0.0,0.0,0.0,0.0
2026-06-09 14:55:29,-2.306409171421035,0.6010775950918701,1.6862982428347397,-0.30554907317895275,2.1315641465969337,-2.5888419992842038,2.926306271763991,-2.743826809516233,36.95249016307162,37.185156480656524,36.72147640889987,14.0,20.0,36.0,-59.0,0.0,0.0,0.0,0.0,0.0,0.0,0.0,0.0,0.0,0.0
2026-06-09 14:55:31,-0.22698367114508233,-2.1548839245127995,-1.0555965000387648,-1.0510977249570321,-0.06512676266140716,2.3755372488862374,-2.777717379317836,0.024146618946968346,37.03683240081446,37.038743744778266,37.081133716433634,14.0,20.0,36.0,82.8,0.0,0.0,0.0,0.0,0.0,0.0,0.0,0.0,0.0,0.0
2026-06-09 14:55:32,-2.8761807139109488,-0.17202500934779907,-2.840481485916178,1.7537585721409865,-1.173719464139965,-0.02659337277275675,-2.6022758725370836,0.8062946997377249,36.830218608323406,37.209947937355025,36.87878570726781,14.0,20.0,36.0,76.6,0.0,0.0,0.0,0.0,0.0,0.0,0.0,0.0,0.0,0.0
2026-06-09 14:55:33,-0.530103263618491,-0.37684934626490296,-2.0661132071608783,1.9818550981850676,1.3590786000680746,2.3822171330328974,-0.8898721294991834,-1.3104255759657761,36.74574639316638,37.395994772224036,37.242468528433605,14.0,20.0,36.0,63.9,0.0,0.0,0.0,0.0,0.0,0.0,0.0,0.0,0.0,0.0
2026-06-09 14:55:34,-2.57660064608617,0.8295526803177378,2.8166193621181126,-0.6527297536739143,-1.1164028223848967,-0.4864860001887794,0.3322959246938746,2.368408764793144,36.88377421487625,37.222214323689414,37.29992311925942,14.0,20.0,36.0,-94.4,0.0,0.0,0.0,0.0,0.0,0.0,0.0,0.0,0.0,0.0
2026-06-09 14:55:35,-2.3929670111222823,-2.112851854192453,0.1989694923349825,0.16099204894568775,1.169985775501524,2.8681414449898135,-1.9377569938469663,-2.1453207017822034,36.523237702971024,37.30199892265028,37.14974850160248,14.0,20.0,36.0,50.0,0.0,0.0,0.0,0.0,0.0,0.0,0.0,0.0,0.0,0.0
2026-06-09 14:55:36,-2.6199283937815308,-1.035992524660605,-2.393655177865287,-1.3820391508124517,0.4652189418301953,-1.1944295726011895,-2.1014762271960836,0.47849431271337917,36.8163788665482,37.18684557011069,37.175438488905776,14.0,20.0,36.0,87.0,0.0,0.0,0.0,0.0,0.0,0.0,0.0,0.0,0.0,0.0
2026-06-09 14:55:37,2.9250023556384344,1.2575725135667124,-0.36303138805778623,0.2945202725387954,-0.929582494774448,-2.5284715655028123,-1.0258264935433627,-0.8256330571596959,36.61517155280804,36.948606443041456,37.210900170103436,14.0,20.0,36.0,-24.9,0.0,0.0,0.0,0.0,0.0,0.0,0.0,0.0,0.0,0.0
2026-06-09 14:55:38,-1.8758185844392088,-0.08211678926754384,-2.4406152216644843,2.1715564631671,-1.3324275341158924,0.8993217127135233,0.0686233168227881,-2.5101094522233636,36.65381417107076,37.16896634755809,37.031785503152975,14.0,20.0,36.0,65.7,0.0,0.0,0.0,0.0,0.0,0.0,0.0,0.0,0.0,0.0
2026-06-09 14:55:39,1.3083175778312661,-0.6990500011213636,0.7183191410545806,1.4523868140621001,-1.658061920021991,-2.646489862656738,0.5344672535111559,2.8154970006952347,36.620080749952706,37.27387858779137,36.94186375661209,14.0,20.0,36.0,-1.6,0.0,0.0,0.0,0.0,0.0,0.0,0.0,0.0,0.0,0.0
2026-06-09 14:55:40,-2.804225124051575,0.4873561778048918,-0.7474316558443883,-1.5554279108991218,-1.9734791966637415,1.6811233290120233,-0.19690770207160657,-0.27928104140298693,36.77052166017067,37.306598000659456,37.26098090703036,14.0,20.0,36.0,7.5,0.0,0.0,0.0,0.0,0.0,0.0,0.0,0.0,0.0,0.0
2026-06-09 14:55:42,2.690160076857296,-0.012507599935790203,1.6572181851913133,2.161606107084962,-1.6372572127060636,0.3673295317235059,0.34258443412352246,0.7664242700480397,36.50103762472137,37.06086526926488,36.761355709633165,14.0,20.0,36.0,-42.2,0.0,0.0,0.0,0.0,0.0,0.0,0.0,0.0,0.0,0.0
2026-06-09 14:55:43,2.2782811910648295,-2.8843394641799582,2.397391564543085,2.665893181765367,-2.4167748024997397,1.5402776416516009,2.3175397170192547,-2.74352914158297,36.98509441546298,37.02123834297108,37.11109725372618,14.0,20.0,36.0,14.5,0.0,0.0,0.0,0.0,0.0,0.0,0.0,0.0,0.0,0.0
2026-06-09 14:55:44,1.202809891012758,-1.9421348863891135,-2.8528262184756406,-0.2797002670420454,2.6715268658016376,-2.8964054347749606,1.5152220979780475,1.8766788715653444,36.85638693127941,37.027013336924796,37.184241750324645,14.0,20.0,36.0,123.3,0.0,0.0,0.0,0.0,0.0,0.0,0.0,0.0,0.0,0.0
2026-06-09 14:55:46,1.3684677709813968,-1.6821996911696893,-2.614429977969633,1.3534956193375143,-1.5668893624757418,0.1721430107512365,-0.9322469408558423,-1.669872045413064,36.983377502557296,37.319329672109454,36.83082616905083,14.0,20.0,36.0,110.7,0.0,0.0,0.0,0.0,0.0,0.0,0.0,0.0,0.0,0.0
2026-06-09 14:55:47,0.5962377652272854,-0.9247960235579078,-2.908374237945388,2.598666344083762,2.5242891679022232,1.5099388610623272,0.2009658181248395,-0.6126393804017969,36.89389466913588,37.06890141821385,36.82587923398981,14.0,20.0,36.0,100.0,0.0,0.0,0.0,0.0,0.0,0.0,0.0,0.0,0.0,0.0
2026-06-09 14:55:48,0.12419348491492554,2.095255433313814,0.33557185602606854,-2.6442400523548106,-0.12849169128693916,-0.779226737571403,0.3587278828001921,2.1032236802132838,36.73062922817833,36.824181077947635,37.13236791479985,14.0,20.0,36.0,-63.1,0.0,0.0,0.0,0.0,0.0,0.0,0.0,0.0,0.0,0.0
2026-06-09 14:55:49,-0.13095515068926566,0.1298155774686398,-1.8800900615087168,1.2420186202262347,1.9226940454377353,0.6828383488835734,-0.4516856167451784,-2.7164316973391145,36.83640644656841,37.27483157839874,36.98927015050462,14.0,20.0,36.0,45.4,0.0,0.0,0.0,0.0,0.0,0.0,0.0,0.0,0.0,0.0
2026-06-09 14:55:50,0.37381422635627626,-2.082480427078643,0.0026336127439030577,-2.490002082627761,-0.05148496455738938,-0.8321306526665939,-2.189915761065207,-1.377549151187778,36.72894754929224,37.201817436012384,37.132824749264714,14.0,20.0,36.0,52.3,0.0,0.0,0.0,0.0,0.0,0.0,0.0,0.0,0.0,0.0
2026-06-09 14:55:51,0.3170929336145676,1.8719849822666648,-2.6787048185602647,-0.4289544850956766,0.1728552221219184,-2.7112786742934656,1.0365905482607536,1.9807702249341848,36.741850235309414,37.27470032605022,36.74433723004137,14.0,20.0,36.0,20.0,0.0,0.0,0.0,0.0,0.0,0.0,0.0,0.0,0.0,0.0
2026-06-09 14:55:52,-1.4021307441615554,-0.5664231707817153,-1.6321824849581772,-0.694508806886692,1.3069998798384672,1.2786045738883907,-2.7637487429974428,0.0174716707481104,36.892250263014176,37.25852847288884,37.284643058206704,14.0,20.0,36.0,56.1,0.0,0.0,0.0,0.0,0.0,0.0,0.0,0.0,0.0,0.0
2026-06-09 14:55:53,-2.6486824883941917,-1.965261590791858,-2.5164493671217922,-0.06545576746469273,1.4737528634121064,2.310293625667324,-0.6456166599053885,-0.4212992683565764,36.806262792873284,37.14677986790984,36.83203922413819,14.0,20.0,36.0,116.7,0.0,0.0,0.0,0.0,0.0,0.0,0.0,0.0,0.0,0.0
2026-06-09 14:55:54,0.12668448185231318,-1.2374208573036904,2.952188381416243,-1.3503316746385712,-0.9941654039560373,-2.112353894827799,0.45657943143079516,-0.7297804648131461,37.07012764528617,37.124355059435324,37.026051920183,14.0,20.0,36.0,-45.2,0.0,0.0,0.0,0.0,0.0,0.0,0.0,0.0,0.0,0.0
2026-06-09 14:55:55,0.5279216510472136,2.5675155561445564,0.7500163402608075,1.768060260423276,1.1102882311331843,0.38631255910592976,1.9293118936039226,1.8620895360422383,36.600128103803705,36.83017708414008,37.11268577407577,14.0,20.0,36.0,-84.6,0.0,0.0,0.0,0.0,0.0,0.0,0.0,0.0,0.0,0.0
2026-06-09 14:55:57,-0.5184197593494235,-2.98963600779061,1.777569365810935,2.2115345948631644,2.767087136690174,-1.3325239935043292,1.3628047293959522,1.8984680107624676,37.03155738547409,37.30295055763514,37.022727218498325,14.0,20.0,36.0,31.4,0.0,0.0,0.0,0.0,0.0,0.0,0.0,0.0,0.0,0.0
2026-06-09 14:55:58,-1.5695554835125594,-2.708980893537892,1.882439458140917,2.0618708994154087,0.7096098474033736,0.989821702662073,-0.7996355018251808,0.00952334565595958,36.95613071083622,37.307778803801995,37.02242492364851,14.0,20.0,36.0,21.5,0.0,0.0,0.0,0.0,0.0,0.0,0.0,0.0,0.0,0.0
2026-06-09 14:55:59,-0.5264204113824045,-1.6724670037866254,1.1335248065850845,-2.8225760652112584,-2.9379552132099107,-1.2748370185344893,-0.12969144458138748,1.8687219200674008,36.9843801547633,36.84434345570214,37.0311230399548,14.0,20.0,36.0,13.2,0.0,0.0,0.0,0.0,0.0,0.0,0.0,0.0,0.0,0.0
2026-06-09 14:56:00,1.3358624530401988,-0.29702437987583163,-2.398457813337361,-1.5913701891890775,-1.1590109461610039,1.7610639345763932,0.4163771107174963,2.2756854761711995,36.54206869351913,37.27267559118772,36.93627871446981,14.0,20.0,36.0,70.8,0.0,0.0,0.0,0.0,0.0,0.0,0.0,0.0,0.0,0.0
2026-06-09 14:56:01,0.28003096862361687,-1.8923381981495142,-0.994042877640402,0.020542930665410353,2.2617633258191647,-1.4080474589522456,-0.3278985156900598,-0.0987640555090703,36.946668512922976,37.32237890238279,37.26074251975937,14.0,20.0,36.0,73.8,0.0,0.0,0.0,0.0,0.0,0.0,0.0,0.0,0.0,0.0
2026-06-09 14:56:02,-1.9843511568065741,-2.8949553140475786,-1.4137658525925798,0.6799823976041965,2.853968149551024,-2.995755436253172,-0.08305470063660847,1.0439775774986755,36.97273451568654,37.20230306831759,36.72688364040121,14.0,20.0,36.0,109.9,0.0,0.0,0.0,0.0,0.0,0.0,0.0,0.0,0.0,0.0
2026-06-09 14:56:04,-0.7537485664241452,-0.46025789218543744,2.8309432211640466,-0.008165285255733234,2.888675346000607,-2.791973708377148,2.06884169835428,2.9703592157829934,36.692408672248476,37.00675724374838,37.29349804602477,14.0,20.0,36.0,-61.7,0.0,0.0,0.0,0.0,0.0,0.0,0.0,0.0,0.0,0.0
2026-06-09 14:56:05,-0.3357396610260768,1.7715582859223717,-1.54602779551919,0.8052758612722082,2.516624857184606,-1.3122007716614634,-2.1962008880473882,2.770506104341864,37.01651095698895,37.20517841660719,37.23345262506352,14.0,20.0,36.0,-7.6,0.0,0.0,0.0,0.0,0.0,0.0,0.0,0.0,0.0,0.0
2026-06-09 14:56:06,-0.6850040087220819,-2.419123438576614,0.5460592180268771,-1.4945022168366535,0.9694698986445562,0.6517341347265155,-0.18322341614601934,-1.5882930856349817,36.57139465293115,37.26015662092083,36.81541229553936,14.0,20.0,36.0,48.7,0.0,0.0,0.0,0.0,0.0,0.0,0.0,0.0,0.0,0.0
2026-06-09 14:56:07,-0.9466150500266517,-0.7216206440841431,-1.1592945553061105,-2.1960893585071224,2.605215445529934,2.406706275470845,0.8574437719871426,2.041657746533092,36.79071262201045,36.870351785875165,37.060189457615685,14.0,20.0,36.0,50.3,0.0,0.0,0.0,0.0,0.0,0.0,0.0,0.0,0.0,0.0
2026-06-09 14:56:08,-2.1087746055872496,-1.6829278106727998,0.672847892222963,1.9723989352601627,0.2681794420820638,-2.3694264801716605,0.2606157784811405,-2.0288702614997023,36.68957973468317,37.21348108328201,37.070690439813404,14.0,20.0,36.0,25.1,0.0,0.0,0.0,0.0,0.0,0.0,0.0,0.0,0.0,0.0
2026-06-09 14:56:10,1.1589135139858584,1.675684069957061,2.1450013616328594,-0.21177052791642392,0.8594555816074818,2.4577792963090612,2.5185904746965395,-2.7262553350642333,36.937433497820976,37.35259070208276,37.02857102060334,14.0,20.0,36.0,-96.3,0.0,0.0,0.0,0.0,0.0,0.0,0.0,0.0,0.0,0.0
2026-06-09 14:56:11,1.577815501628275,2.0653137366782817,-2.0241190155774973,-0.38020946433575187,-2.4047193112639587,-0.7283107017812886,-2.8468600825235293,-1.3446846669463963,36.606343034061254,37.059567025651305,37.153067970394815,14.0,20.0,36.0,-2.9,0.0,0.0,0.0,0.0,0.0,0.0,0.0,0.0,0.0,0.0
2026-06-09 14:56:12,-0.6643572600316969,1.3964210169155642,-2.1291101495068663,-0.3094990930912376,-2.0259098300096987,2.225502499050002,-0.03944010397193365,2.4366562536664427,36.50508169955658,36.89285456657645,36.77403813599321,14.0,20.0,36.0,20.0,0.0,0.0,0.0,0.0,0.0,0.0,0.0,0.0,0.0,0.0
2026-06-09 14:56:13,-0.3510239381670335,-2.5324382822495197,2.959319461104535,2.544729992664566,-1.3970821031614356,1.682377426615643,1.020910217702382,1.1034865531057374,37.06563896576397,37.30448589568813,37.16887693286317,14.0,20.0,36.0,-9.7,0.0,0.0,0.0,0.0,0.0,0.0,0.0,0.0,0.0,0.0
2026-06-09 14:56:14,2.678034906877625,1.3785855139246488,-2.25968262300713,-0.6912720338239455,-2.977197312632049,-2.3955647625266354,-0.9194757618786107,-2.5457851919959777,36.76591452758303,36.905981681703885,37.260023597914966,14.0,20.0,36.0,21.1,0.0,0.0,0.0,0.0,0.0,0.0,0.0,0.0,0.0,0.0
2026-06-09 14:56:15,1.0986669953256332,-2.7005994534182953,-0.6574433719148649,-1.5063813019552361,2.3672429912599373,1.481852856167536,-0.6835887701958017,2.5812242984920424,36.872154180469835,37.34413769046653,36.833459885434955,14.0,20.0,36.0,87.2,0.0,0.0,0.0,0.0,0.0,0.0,0.0,0.0,0.0,0.0
2026-06-09 14:56:16,-1.5106540904671442,-1.679325931743185,-1.9940059308001639,2.808308538461697,-2.4993923812525694,1.891940504697386,0.9786895885503082,-1.6889740947558853,36.80286388266037,37.2593977934833,37.23444182669488,14.0,20.0,36.0,96.4,0.0,0.0,0.0,0.0,0.0,0.0,0.0,0.0,0.0,0.0
2026-06-09 14:56:17,-2.852288454152938,-2.34221729584611,-0.7471064506693912,-2.6037546423024462,1.627466533776884,-0.7456396797321578,1.2748511773513025,-0.8963587206705208,36.690810632783894,36.89815965785567,36.87122335070953,14.0,20.0,36.0,80.1,0.0,0.0,0.0,0.0,0.0,0.0,0.0,0.0,0.0,0.0
2026-06-09 14:56:18,2.103433330127496,-0.16567962222588317,1.7962628023588385,-0.44815066220496913,2.47334079136239,1.4056265045739362,-1.2027654240278314,0.0421273503869779,36.81165905276124,37.299889526599515,37.19887136880313,14.0,20.0,36.0,-42.1,0.0,0.0,0.0,0.0,0.0,0.0,0.0,0.0,0.0,0.0
2026-06-09 14:56:19,-2.9751412242702564,-1.0853252816617005,0.5914213118762293,-0.22594555617529632,-2.408537807431122,-0.22292819986805323,2.015224363954684,2.8919481997123633,37.02237148146984,36.825269182974715,37.247643400374464,14.0,20.0,36.0,13.7,0.0,0.0,0.0,0.0,0.0,0.0,0.0,0.0,0.0,0.0
2026-06-09 14:56:21,-0.5319438884384895,2.40650606651627,-0.27528216993419585,2.260029742639996,-2.695585904781603,1.057233171153781,0.39002370338093906,-2.98294390374908,36.71609241961192,37.01481592815316,37.152393186355205,14.0,20.0,36.0,-54.4,0.0,0.0,0.0,0.0,0.0,0.0,0.0,0.0,0.0,0.0
2026-06-09 14:56:22,2.2145120183630818,-2.0062922124827924,0.8194917634428913,1.845563601519487,-0.048698110207284984,0.21025709737128206,2.7810612302900317,-0.14933239632620232,36.955979133378506,37.284016331819096,36.92088338489692,14.0,20.0,36.0,32.2,0.0,0.0,0.0,0.0,0.0,0.0,0.0,0.0,0.0,0.0
2026-06-09 14:56:23,2.84800570313928,-1.6792404632150515,1.4473296980212433,0.052703476954333084,1.5757914892321407,-2.2413088268651777,0.6309931793025818,1.233739584942728,36.77893257852235,37.34205860630674,37.0076793524852,14.0,20.0,36.0,5.2,0.0,0.0,0.0,0.0,0.0,0.0,0.0,0.0,0.0,0.0
2026-06-09 14:56:24,-1.6870335142391946,-2.780252061691983,2.8669055687607248,0.18171045632137472,2.7393567852927765,2.101432689510437,0.6347502419414077,0.4452276735069747,36.81726925549892,37.099514365903005,36.7668860047348,14.0,20.0,36.0,-0.9,0.0,0.0,0.0,0.0,0.0,0.0,0.0,0.0,0.0,0.0
2026-06-09 14:56:26,0.564418529497611,1.3268956830747207,2.2252017780191364,-1.0197023075186724,-1.5222457674975314,-0.12189128135938176,0.43017897930342786,-1.7742244801234328,36.54267199215896,37.148426504283314,37.09705308107482,14.0,20.0,36.0,-91.7,0.0,0.0,0.0,0.0,0.0,0.0,0.0,0.0,0.0,0.0
2026-06-09 14:56:27,1.5867715276787218,-1.3121643046113538,-1.8578615049669334,2.4756980070601884,-0.21874499926585544,-2.9121929207959525,1.4769306203647963,1.848613296418696,36.73958821616738,37.09828025316648,37.01176348222302,14.0,20.0,36.0,81.3,0.0,0.0,0.0,0.0,0.0,0.0,0.0,0.0,0.0,0.0
2026-06-09 14:56:28,1.302961076549984,1.6637814086114435,-1.1535088601183838,-2.782089988843886,-0.9379064262057639,-0.5309415369318708,2.69766942964392,-1.4395578977751156,36.84715779050627,37.20493844246809,37.23727955943602,14.0,20.0,36.0,-12.1,0.0,0.0,0.0,0.0,0.0,0.0,0.0,0.0,0.0,0.0
2026-06-09 14:56:29,-0.20590986826084734,-2.3662652096052654,2.426791484694329,1.4922796549065733,-0.4119272979780959,0.44554010370302066,-2.7582458512962926,0.12176240918322989,36.5946351422316,37.17229955892535,37.27576655509691,14.0,20.0,36.0,-2.7,0.0,0.0,0.0,0.0,0.0,0.0,0.0,0.0,0.0,0.0
2026-06-09 14:56:30,-2.6731289197987653,2.4520580969341097,-1.552358349680343,1.5333107263367136,2.7491093012854293,1.1088113999848002,0.7727371756846755,-0.957136390922515,36.52885350846402,37.39472339105072,36.92004037151731,14.0,20.0,36.0,-22.3,0.0,0.0,0.0,0.0,0.0,0.0,0.0,0.0,0.0,0.0
2026-06-09 14:56:32,-0.5596011200949338,2.4591275493669595,0.5174716760603371,2.084607506709477,-1.4681580154046145,0.27214607413538516,2.738237811989462,-1.958389127947286,36.72613092944239,36.89021459582372,37.283378684629845,14.0,20.0,36.0,-75.5,0.0,0.0,0.0,0.0,0.0,0.0,0.0,0.0,0.0,0.0
2026-06-09 14:56:33,0.5014375406941194,-1.6903415929574872,-1.7787607573539945,-1.654757279307101,-1.1737326278660956,-1.8980109732127952,2.087725369687785,2.1065053569709935,36.608604717506,36.93759360758506,36.72693939992458,14.0,20.0,36.0,89.8,0.0,0.0,0.0,0.0,0.0,0.0,0.0,0.0,0.0,0.0
2026-06-09 14:56:34,1.3280510173674207,1.7992652360579218,-1.7378137252488266,-0.3409528859295561,2.921999875331972,2.87742711868502,2.6880457242789486,1.4929764483317918,36.613819930705,36.842386717241396,36.84328988559978,14.0,20.0,36.0,1.2,0.0,0.0,0.0,0.0,0.0,0.0,0.0,0.0,0.0,0.0
2026-06-09 14:56:35,-0.51751073499881,-2.6314993958228046,0.9508972028983109,1.9067471052870024,0.8320499027496782,0.032532096924219545,2.726197692419543,-2.61802992978751,36.85161739711396,37.3682162147436,36.77711309327435,14.0,20.0,36.0,44.8,0.0,0.0,0.0,0.0,0.0,0.0,0.0,0.0,0.0,0.0
2026-06-09 14:56:36,1.6840619651464799,0.1067037953634129,-2.1618250887667587,-2.635799147988286,-0.9549534762713945,1.0698876950815723,1.645377917541988,1.5559331354239623,36.58219638997514,37.121449419130236,36.7294998624445,14.0,20.0,36.0,54.5,0.0,0.0,0.0,0.0,0.0,0.0,0.0,0.0,0.0,0.0
2026-06-09 14:56:38,2.185745837697672,2.3917008156272974,1.7428406064758217,1.7796795356770918,1.9012367382962818,2.6990870953319606,-1.7329116077613078,-2.1023871428079968,37.0609279707332,37.201270010085004,36.800930171102685,14.0,20.0,36.0,-100,0.0,0.0,0.0,0.0,0.0,0.0,0.0,0.0,0.0,0.0
2026-06-09 14:56:39,-1.4922802820092347,-0.5367970284107995,2.509429950927716,0.301135693844496,0.137501572792452,0.20445485512966055,-0.19577192071520422,-0.06898495293868034,36.98425802026338,37.28367035115481,36.98119363706035,14.0,20.0,36.0,-51.0,0.0,0.0,0.0,0.0,0.0,0.0,0.0,0.0,0.0,0.0
2026-06-09 14:56:40,-2.9114741502758568,1.7325168613496498,-0.9617001306028459,-2.567782238300456,-2.795530546741481,1.6150851308403809,1.5351830845628154,1.890731592778816,36.796929223231736,37.14545654236427,36.78219714871949,14.0,20.0,36.0,-18.4,0.0,0.0,0.0,0.0,0.0,0.0,0.0,0.0,0.0,0.0
2026-06-09 14:56:42,2.938544634535943,2.405979798550976,-0.8009149851931734,0.2048788499632095,-1.9333184874818803,2.4624860630656062,-1.9476623626396243,-2.353385759382908,36.596006984342495,36.97566651734108,36.70318528400895,14.0,20.0,36.0,-41.2,0.0,0.0,0.0,0.0,0.0,0.0,0.0,0.0,0.0,0.0
2026-06-09 14:56:43,-1.9730750018616472,-1.7870007512805688,-2.8964057844374773,-2.199614102504307,1.7490423374278388,1.5866104056557147,-0.32961157693046683,0.5098485933194592,36.99161944342627,37.07946694995825,37.09255493900478,14.0,20.0,36.0,121.7,0.0,0.0,0.0,0.0,0.0,0.0,0.0,0.0,0.0,0.0
2026-06-09 14:56:45,-2.8146448106404733,-0.7767550849857598,2.9853901317363816,1.9475528416689007,0.11761519865103232,0.32853047407907265,2.3837994709713337,0.22645464087285339,36.780535118873836,37.319980740163274,37.193590175929195,14.0,20.0,36.0,-55.8,0.0,0.0,0.0,0.0,0.0,0.0,0.0,0.0,0.0,0.0
2026-06-09 14:56:46,0.5930822206767643,2.1874987093208613,-2.5210995907877547,-2.5742237605689153,2.9594844055107217,-0.9160223119383177,2.033168339714501,2.668549174404059,36.968109756233154,36.86422977082466,37.28451286508869,14.0,20.0,36.0,9.2,0.0,0.0,0.0,0.0,0.0,0.0,0.0,0.0,0.0,0.0
2026-06-09 14:56:47,0.6553473930134914,-2.303644222728929,-0.009475440816113512,0.28845769446241043,1.0137767074019681,0.3322540694968774,2.2705422795371115,-1.145167217667859,36.900712617412026,36.910910288696186,37.2690945780033,14.0,20.0,36.0,61.1,0.0,0.0,0.0,0.0,0.0,0.0,0.0,0.0,0.0,0.0
2026-06-09 14:56:48,0.846614959062272,2.5672580045429596,-0.1836425094074925,0.46019871410653046,-2.541907070304096,1.2616551658682926,-2.066510585953978,-0.5220800537199435,36.6094568168633,37.382284439649275,37.07219345544988,14.0,20.0,36.0,-62.0,0.0,0.0,0.0,0.0,0.0,0.0,0.0,0.0,0.0,0.0
2026-06-09 14:56:49,-1.3487308097533959,2.7301580881181904,2.3510463706940836,2.1693483268957685,-2.4289646217158802,-0.12338770750200556,0.14333971198265694,-0.7780380696739475,36.595787195207514,36.85122946354751,36.74864408807693,14.0,20.0,36.0,-100,0.0,0.0,0.0,0.0,0.0,0.0,0.0,0.0,0.0,0.0
2026-06-09 14:56:50,-2.8545153759687967,0.20277586810387627,-0.12542211257189528,-0.9758144933934343,2.165053514766793,-1.0172919288202107,2.5223986781600773,1.2625196036223683,36.90513882715822,36.841215808190995,36.72539872899618,14.0,20.0,36.0,-1.2,0.0,0.0,0.0,0.0,0.0,0.0,0.0,0.0,0.0,0.0
2026-06-09 14:56:51,-1.3940496735955026,-1.090672886191963,-2.430643341954323,1.5565606841568718,1.9671484374548456,1.4283298654970755,1.6970666071440776,2.7948965798555205,37.04466344315607,37.357683997711554,37.250212873377585,14.0,20.0,36.0,92.6,0.0,0.0,0.0,0.0,0.0,0.0,0.0,0.0,0.0,0.0
2026-06-09 14:56:52,1.662559129655686,-2.8906307187893674,1.207932475818204,-1.2734234797125559,-1.2788059683132107,0.12337470130223593,0.24771529366345213,0.5088380231271552,36.84733840265786,36.81747138606867,36.73927455078883,14.0,20.0,36.0,43.7,0.0,0.0,0.0,0.0,0.0,0.0,0.0,0.0,0.0,0.0
2026-06-09 14:56:53,-0.44063980998926766,2.972842769961593,2.8152429598154454,-0.6375111715764126,-2.9514229775508136,2.0666244575332744,-2.498043099263776,-0.4496992415222003,36.86932629036841,37.21760481688246,37.027679491212496,14.0,20.0,36.0,-100,0.0,0.0,0.0,0.0,0.0,0.0,0.0,0.0,0.0,0.0
2026-06-09 14:56:54,2.745767812074936,-2.2188986450842574,-1.0709452044639993,-1.3479023618181705,0.7665719162268401,-0.08604929633123826,-1.4578862647849766,2.8626680591086915,36.77966359458723,36.90441149860522,37.089821880509696,14.0,20.0,36.0,84.3,0.0,0.0,0.0,0.0,0.0,0.0,0.0,0.0,0.0,0.0
2026-06-09 14:56:55,1.483491432261724,2.4717344130867005,-1.1522642150791045,2.5568500549867554,-2.9793645869810907,2.7535579454928634,2.8907342395812474,-0.9524402939036278,36.757600213819885,36.85293887680276,37.231605069139945,14.0,20.0,36.0,-31.3,0.0,0.0,0.0,0.0,0.0,0.0,0.0,0.0,0.0,0.0
2026-06-09 14:56:57,1.3979446893309655,-0.9021529230642686,-2.9532414944340633,-2.213056822285894,-2.9476869769233294,1.5631673854481232,2.1040729523374226,-1.8657078949362524,37.09497009478677,36.997534794466716,36.90648637423413,14.0,20.0,36.0,101.5,0.0,0.0,0.0,0.0,0.0,0.0,0.0,0.0,0.0,0.0
2026-06-09 14:56:58,-1.4606929173704961,2.01301659462798,-1.4020641606970201,-1.0775027995585456,-2.303455437179737,0.5518978358047861,-1.0997836504280778,1.6319646930185305,36.80109135673404,37.03923675430875,36.88636857014331,14.0,20.0,36.0,-16.1,0.0,0.0,0.0,0.0,0.0,0.0,0.0,0.0,0.0,0.0
2026-06-09 14:56:59,2.26500533951588,2.1771987075398176,0.9209518261708367,-2.776888514123458,1.4459578150713677,-0.6193389497062602,-2.5141458852153944,-1.2238381211099678,36.53454015998831,37.20181975262681,36.71741667674105,14.0,20.0,36.0,-81.7,0.0,0.0,0.0,0.0,0.0,0.0,0.0,0.0,0.0,0.0
2026-06-09 14:57:00,0.22174087257206399,2.822520916182275,-1.668537366695771,2.3721614224041723,2.9142123009071046,-2.715560832737392,2.815460779156357,2.776921645080285,36.851942258905424,37.0155088560594,37.2603245710421,14.0,20.0,36.0,-29.8,0.0,0.0,0.0,0.0,0.0,0.0,0.0,0.0,0.0,0.0
2026-06-09 14:57:01,0.4362491664461121,-0.853360541179339,0.6739942300655768,-2.4863553890796704,0.7077532934801214,1.3663120558383275,1.5139581639731645,0.6161713706513576,36.50189062118978,37.37780049843537,37.27928699897202,14.0,20.0,36.0,6.1,0.0,0.0,0.0,0.0,0.0,0.0,0.0,0.0,0.0,0.0
2026-06-09 14:57:02,1.7523036564550178,-0.6944709110292582,0.4246699473775237,2.344398688645649,-2.4828125401114116,1.4590947015995352,-0.6101477662088435,0.3981759784535708,36.774070973045816,36.83089186602182,37.25539449671123,14.0,20.0,36.0,7.4,0.0,0.0,0.0,0.0,0.0,0.0,0.0,0.0,0.0,0.0
2026-06-09 14:57:03,-2.9836409779578115,0.7707804550163462,1.56272697485639,1.805532200114225,-2.096052793455957,-1.384496236782725,1.5429398781697712,-2.0508019953322227,37.02580586569201,36.94600399655571,37.07046005736093,14.0,20.0,36.0,-60.3,0.0,0.0,0.0,0.0,0.0,0.0,0.0,0.0,0.0,0.0
2026-06-09 14:57:04,1.3826223349528783,1.0084324512048575,-1.594107803925941,0.025792723162393116,1.804625955345168,-1.4574963453821017,-1.6553072016941692,1.9639500653679978,36.79638316866249,37.013526200439195,36.70166275858082,14.0,20.0,36.0,13.6,0.0,0.0,0.0,0.0,0.0,0.0,0.0,0.0,0.0,0.0
2026-06-09 14:57:05,1.5111368481388272,-0.9615941696983707,2.30881565695522,-2.022962842850747,1.8618008584433623,1.7011489997932232,0.9555606951007416,-2.8791171507036473,36.9237770368624,37.25332725615954,36.99546889493578,14.0,20.0,36.0,-33.5,0.0,0.0,0.0,0.0,0.0,0.0,0.0,0.0,0.0,0.0
2026-06-09 14:57:06,-1.3770232070635857,1.5098777552235738,0.8735173621822732,1.9662372190978648,2.274691944247559,-1.5000260160683543,-0.4750010565298499,-1.2805417413150673,36.90855720258127,36.900353896204344,36.96075229976012,14.0,20.0,36.0,-62.6,0.0,0.0,0.0,0.0,0.0,0.0,0.0,0.0,0.0,0.0
2026-06-09 14:57:08,-1.0537938982003403,1.705181044333857,-0.6634474408308222,-2.2359408028626535,2.6766766595455564,-1.5198139603701843,-1.0695019359398878,-1.3384314829757535,36.66368256105511,36.8673813123701,36.825084248553935,14.0,20.0,36.0,-28.2,0.0,0.0,0.0,0.0,0.0,0.0,0.0,0.0,0.0,0.0
2026-06-09 14:57:09,-0.9479969474353007,1.4645330162783186,-1.867068314164177,1.0536525611659542,0.8312166403068524,-1.7877582209525493,1.6213456467414398,2.650287076239656,36.72361392928129,37.257217193171066,37.20651083829731,14.0,20.0,36.0,10.3,0.0,0.0,0.0,0.0,0.0,0.0,0.0,0.0,0.0,0.0
2026-06-09 14:57:10,1.1713565202151797,1.9960573636377994,-0.8125654771961761,-2.6625182134039065,-0.6444740134173434,0.3709341228909966,-1.738839449315472,-1.9350175026455416,37.07740311761683,37.226845085734475,36.97615558219359,14.0,20.0,36.0,-31.3,0.0,0.0,0.0,0.0,0.0,0.0,0.0,0.0,0.0,0.0
2026-06-09 14:57:11,1.2146899114247773,-2.1154182083849,1.5134857654790679,-0.38083256332054116,-1.7662348387535907,-0.9368371925634609,-2.5156262163924743,-1.13919558715126,37.0357725986869,37.29321596081763,36.875006715720495,14.0,20.0,36.0,13.8,0.0,0.0,0.0,0.0,0.0,0.0,0.0,0.0,0.0,0.0
2026-06-09 14:57:12,0.2330160066746534,-2.2670496913658464,-2.766670557396089,0.6694917539522898,0.4894559823721938,-1.937941336789262,-0.9537946508483337,0.5836042444078315,37.06944042264826,37.169578462108134,36.94526370695732,14.0,20.0,36.0,128.7,0.0,0.0,0.0,0.0,0.0,0.0,0.0,0.0,0.0,0.0
2026-06-09 14:57:13,-0.872024072465126,1.5466586346656612,-0.9128068457815544,-2.409560396200725,0.667748681945814,1.6025313788173952,-1.1405348279273058,0.9957637653295288,36.50509799078211,37.3024534231273,36.97522815256201,14.0,20.0,36.0,-16.2,0.0,0.0,0.0,0.0,0.0,0.0,0.0,0.0,0.0,0.0
2026-06-09 14:57:14,-2.525569781653642,-2.8829016731719666,-1.2603568553420508,-1.5422074232382967,0.8181115964251218,1.54213995316195,0.5721108405272464,-1.6736740117824616,36.9209402714891,36.96050424384128,36.96357432068602,14.0,20.0,36.0,108.2,0.0,0.0,0.0,0.0,0.0,0.0,0.0,0.0,0.0,0.0
2026-06-09 14:57:15,0.47015355049885965,-0.8341686454775283,1.1025170051882753,-2.622831916925877,2.5492309619511238,2.7009577316331814,2.125061749088392,-1.0643034312790662,37.053319175813265,37.26936581089608,36.70316638883611,14.0,20.0,36.0,-4.5,0.0,0.0,0.0,0.0,0.0,0.0,0.0,0.0,0.0,0.0
2026-06-09 14:57:17,-1.3932588951657348,-2.4093268443543208,-0.8862822654346001,-1.513099531831418,2.958569207558953,-0.995500878898131,-0.814862168156798,2.328476101689505,37.08113472578308,37.081610462810374,36.943214292065,14.0,20.0,36.0,84.3,0.0,0.0,0.0,0.0,0.0,0.0,0.0,0.0,0.0,0.0
2026-06-09 14:57:18,2.9279007321061314,2.928706670940814,0.5276386852113788,1.1718971881296767,1.4279482652733986,1.0432926867188392,-0.5026404475790942,0.9763823402976413,36.505085610614614,36.84232636208543,37.01857238866182,14.0,20.0,36.0,-89.1,0.0,0.0,0.0,0.0,0.0,0.0,0.0,0.0,0.0,0.0
2026-06-09 14:57:19,2.779272495567712,2.9023064811410038,2.1089063544122455,0.904922267665806,-2.303374662161362,2.813210256136802,1.4367270042062756,2.7083428332055703,37.01810660657079,36.89716566600687,36.973954926213736,14.0,20.0,36.0,-100,0.0,0.0,0.0,0.0,0.0,0.0,0.0,0.0,0.0,0.0
2026-06-09 14:57:20,2.454726597460736,1.0361184818831877,2.4463208228578637,1.2416978594152352,2.23264072216797,1.4585152347385968,1.999461012948342,-0.8963818846266074,37.00447515653783,37.00867490396981,37.26849226576822,14.0,20.0,36.0,-88.3,0.0,0.0,0.0,0.0,0.0,0.0,0.0,0.0,0.0,0.0
2026-06-09 14:57:21,0.4603388103081514,0.22606767254047178,0.36636374589072496,1.1928089929436645,2.216746262505243,2.9395818311206003,2.385919455295065,-0.30251146862566314,37.06415185995654,37.03715071150893,37.021697237704934,14.0,20.0,36.0,-12.7,0.0,0.0,0.0,0.0,0.0,0.0,0.0,0.0,0.0,0.0
2026-06-09 14:57:22,1.1668875669408605,-1.8745394630356393,-1.4286789157189335,0.04652143340713799,-1.2505500648132746,2.951437559139026,-1.9044558023545652,-2.5557349338195468,36.723192057389085,37.00926627364869,36.77697358402832,14.0,20.0,36.0,85.9,0.0,0.0,0.0,0.0,0.0,0.0,0.0,0.0,0.0,0.0
2026-06-09 14:57:23,-0.13756873489380705,1.1190174714008094,-2.8318571142378484,0.6109133596728507,-0.9522579344689017,-2.5158746625094057,-0.6637956267496454,0.9294080640859952,37.058393693073484,37.19634124131843,36.82272039428115,14.0,20.0,36.0,42.7,0.0,0.0,0.0,0.0,0.0,0.0,0.0,0.0,0.0,0.0
2026-06-09 14:57:24,-2.1277082992853305,-1.9015289651655658,-1.7164270440052467,2.1599126524891865,-0.2411444930568445,-2.115480519383344,2.9490917437557256,-2.8112138051037556,36.5417696483408,37.188150194243924,36.99482583722333,14.0,20.0,36.0,94.0,0.0,0.0,0.0,0.0,0.0,0.0,0.0,0.0,0.0,0.0
2026-06-09 14:57:26,-2.5952107546941523,0.48227344294338303,2.096654696687059,-2.9660256401851273,1.7599777808218757,0.6158634154219822,2.90090598120603,0.9569938238673803,36.70075159942715,37.112633110983005,36.86244772637056,14.0,20.0,36.0,-64.9,0.0,0.0,0.0,0.0,0.0,0.0,0.0,0.0,0.0,0.0
2026-06-09 14:57:27,-2.6106276153625476,1.9094331555760338,-0.00389605346084565,-2.7474558238345295,-1.9990083351958305,0.03474277870534159,1.268117548693267,0.4206901446699627,37.02879598451187,37.05407853646518,36.701869567494924,14.0,20.0,36.0,-48.6,0.0,0.0,0.0,0.0,0.0,0.0,0.0,0.0,0.0,0.0
2026-06-09 14:57:28,1.8441528277684656,0.2923278783975536,-1.2204527623538661,-1.9381908945291677,2.674379516203733,-0.13597985668902446,-2.573002252008722,-1.1502843473752042,36.98059915747518,37.36529957797774,36.94566520973113,14.0,20.0,36.0,22.6,0.0,0.0,0.0,0.0,0.0,0.0,0.0,0.0,0.0,0.0
2026-06-09 14:57:29,1.8874178962512778,-1.4270732753972213,1.0684006761775873,-0.31461730350879513,-2.584985550876713,2.359800761553794,1.8936683705232937,-0.4034010291577381,36.782843540165715,37.36191089714838,37.2509899488018,14.0,20.0,36.0,11.4,0.0,0.0,0.0,0.0,0.0,0.0,0.0,0.0,0.0,0.0
2026-06-09 14:57:31,1.7757663773541834,1.8758146434018599,0.7751304794253375,-1.4586769633239498,0.9336058275298695,-1.9349841525618157,1.9000692673672113,2.5012903234683765,36.90659568072343,37.2725323740793,36.83012275714902,14.0,20.0,36.0,-68.6,0.0,0.0,0.0,0.0,0.0,0.0,0.0,0.0,0.0,0.0
2026-06-09 14:57:32,0.6605614909550725,0.46691329417059446,1.375864947333807,1.830469902514249,1.5724784402283483,-0.9500967695335474,-0.17964983877596463,-0.5967293429456983,36.68819612265504,37.080760368699394,37.119207824069775,14.0,20.0,36.0,-48.2,0.0,0.0,0.0,0.0,0.0,0.0,0.0,0.0,0.0,0.0
2026-06-09 14:57:33,0.10747350094170294,-2.600363269318682,-1.833105584280149,1.9895674507803882,0.04631726577223283,-1.7458858655863387,-1.0023802295540425,-0.2352373557501357,36.62746846006499,37.28088769136518,36.97755254463375,14.0,20.0,36.0,113.3,0.0,0.0,0.0,0.0,0.0,0.0,0.0,0.0,0.0,0.0
2026-06-09 14:57:34,-1.3367421217458912,0.8264628579400988,-2.777094543419201,-1.8710494558978568,2.6955378203754092,1.93736681274562,-2.7368755920743437,1.2671732342668243,36.79984138591287,37.39681447455571,36.74922599674274,14.0,20.0,36.0,50.0,0.0,0.0,0.0,0.0,0.0,0.0,0.0,0.0,0.0,0.0
2026-06-09 14:57:35,-2.4799352151651064,-0.5734668272605195,1.4527768298086619,-2.453125720175392,1.830435789442948,0.1221175876966738,1.8890043002383248,-1.193003524395312,36.948581402600496,37.188905752376044,36.925581866329054,14.0,20.0,36.0,-21.7,0.0,0.0,0.0,0.0,0.0,0.0,0.0,0.0,0.0,0.0
2026-06-09 14:57:36,-0.906793738905797,-2.2135055986152414,-1.0220952397331586,0.8889965431461713,-1.6567147086772296,0.32874462934275517,-2.6737202773925084,-1.4648146971598537,36.553736097668725,37.07089127596738,36.93576208783134,14.0,20.0,36.0,82.5,0.0,0.0,0.0,0.0,0.0,0.0,0.0,0.0,0.0,0.0
2026-06-09 14:57:37,0.5326749094420942,-0.7103939781762589,0.07649514617336184,2.3958752697005306,-1.661295308671324,1.9958477545227238,-0.4385115143698526,-2.473942248607461,36.65904544772385,37.369558130770045,36.7582124678547,14.0,20.0,36.0,17.2,0.0,0.0,0.0,0.0,0.0,0.0,0.0,0.0,0.0,0.0
2026-06-09 14:57:38,0.23617200789140158,0.29896315505201176,-0.8904068663632723,-0.15281578326148493,-0.7826295594498394,1.4274346404737122,-2.4471311940321656,0.7181393956823325,36.919901825975934,36.93197307299187,36.856085157159626,14.0,20.0,36.0,14.8,0.0,0.0,0.0,0.0,0.0,0.0,0.0,0.0,0.0,0.0
2026-06-09 14:57:39,1.1170717000365027,-0.2512423016856067,-2.7485663994113567,2.0038862301561187,2.0028941863035374,-1.6258813370186005,2.4938737780126106,0.06511976452027657,36.80250122937257,37.250713725576524,36.77306255872384,14.0,20.0,36.0,78.0,0.0,0.0,0.0,0.0,0.0,0.0,0.0,0.0,0.0,0.0
2026-06-09 14:57:40,-2.443921854298491,2.659640861984565,-2.6056021618867247,1.0051673351316897,-1.6742567364567875,-2.4705396563530377,-1.197058325865554,1.6747255168939557,36.691719829499185,37.0345444740454,37.128040261106875,14.0,20.0,36.0,-3.2,0.0,0.0,0.0,0.0,0.0,0.0,0.0,0.0,0.0,0.0
2026-06-09 14:57:42,2.843823762434333,-1.5813846313743702,-1.220548407059591,-1.8373996548726288,-0.515987047550658,0.7379350087047829,-2.0176873699138422,1.4175804417509967,36.803124545498456,37.180813601864095,37.038921967608395,14.0,20.0,36.0,71.8,0.0,0.0,0.0,0.0,0.0,0.0,0.0,0.0,0.0,0.0
2026-06-09 14:57:43,-0.5994510885440558,0.6753705432759469,-2.044596578693292,-0.6742204986783125,2.2318058268062977,-0.734176692186344,1.7713332709888325,2.011618502328332,36.66313693871006,37.04315053092569,37.07740206470586,14.0,20.0,36.0,35.9,0.0,0.0,0.0,0.0,0.0,0.0,0.0,0.0,0.0,0.0
2026-06-09 14:57:44,0.07238968450515504,1.5240490660048103,-2.8556760789064777,2.892659518012783,-1.2090264646358875,0.6024316455777976,1.9341523261083609,-0.4831010473616315,36.56296523856994,36.950241294344494,36.921295595209074,14.0,20.0,36.0,35.7,0.0,0.0,0.0,0.0,0.0,0.0,0.0,0.0,0.0,0.0
2026-06-09 14:57:45,-0.5656767385743433,2.8704672628338956,-0.7846435529913514,0.5443982405222236,-0.5853820367982365,-2.044642153935129,-2.081577524438443,0.6864625352154516,36.815458562145544,36.84064072725785,37.13449628468274,14.0,20.0,36.0,-56.0,0.0,0.0,0.0,0.0,0.0,0.0,0.0,0.0,0.0,0.0
2026-06-09 14:57:46,1.281751961579455,0.2798931898605188,-2.3621655341083816,-0.5276995290157132,1.9616578627637171,1.3028974977526007,-1.9227930304419187,1.6057718799922593,36.77531439746556,37.200460467422445,37.28567801079782,14.0,20.0,36.0,53.5,0.0,0.0,0.0,0.0,0.0,0.0,0.0,0.0,0.0,0.0
2026-06-09 14:57:47,0.34721445874915524,2.2325589663342766,-1.2057139016636773,-1.7278645383190072,-0.9878551467566759,1.868577818917906,-0.07747996627361609,-0.10455632362413958,36.762906213965636,37.31509121023336,37.23548369705191,14.0,20.0,36.0,-25.7,0.0,0.0,0.0,0.0,0.0,0.0,0.0,0.0,0.0,0.0
2026-06-09 14:57:49,0.9449844286261988,2.6529393362045743,-1.6321637862505916,-1.9925648823298991,0.18595841626498366,-1.8152729469965685,2.317138338335731,-0.9354118158321683,36.785696849254116,37.041004070156795,36.755776445354535,14.0,20.0,36.0,-26.1,0.0,0.0,0.0,0.0,0.0,0.0,0.0,0.0,0.0,0.0
2026-06-09 14:57:50,1.103986709234559,-2.7527244455368427,1.1334017473581657,-0.9967266936059316,1.7958792632730534,2.0457549348354984,-2.7242548462219025,-0.8968973839136996,37.03688253044531,36.948141409748516,36.91890216935776,14.0,20.0,36.0,41.5,0.0,0.0,0.0,0.0,0.0,0.0,0.0,0.0,0.0,0.0
2026-06-09 14:57:51,0.9572226136894155,0.48976061996146036,-1.43998198328416,1.391241988906673,-1.8486027613131844,2.927844840869228,-1.125035504308617,-1.9787812143076116,36.7271480360778,36.81100548596383,36.87027401559574,14.0,20.0,36.0,25.5,0.0,0.0,0.0,0.0,0.0,0.0,0.0,0.0,0.0,0.0
2026-06-09 14:57:52,2.8177958891821593,-0.014826478684892397,1.7128734765016,-1.3492888026471637,0.6825498752441757,2.1016514863197813,2.4893644951118716,-1.4024073195271838,37.09270909015737,37.00935522017346,37.02153319835185,14.0,20.0,36.0,-41.6,0.0,0.0,0.0,0.0,0.0,0.0,0.0,0.0,0.0,0.0
2026-06-09 14:57:53,-0.6402888599839058,-2.8415843002768906,2.114981503672695,-1.6973382405925834,-2.075944746651596,1.8813106481430877,0.7912990914756204,1.2122362672058253,36.811885887039416,36.93357355597081,36.974816018601864,14.0,20.0,36.0,20.1,0.0,0.0,0.0,0.0,0.0,0.0,0.0,0.0,0.0,0.0
2026-06-09 14:57:54,-1.9593875663667597,1.2097799564277985,2.907433400558138,2.337676327772196,-1.1089013516753734,-0.7638415118736903,0.3504920482797824,0.09877413509858535,36.586164872692784,37.25801923988137,36.92822788988467,14.0,20.0,36.0,-100,0.0,0.0,0.0,0.0,0.0,0.0,0.0,0.0,0.0,0.0
2026-06-09 14:57:55,-2.049331008489251,2.4550486625986245,2.5429005873496937,-2.0926089586882854,-2.4785989090978138,2.3476381621606537,1.348363724018082,0.7361773403253871,36.8483142453125,37.29218808010732,37.17448701523604,14.0,20.0,36.0,-100,0.0,0.0,0.0,0.0,0.0,0.0,0.0,0.0,0.0,0.0
2026-06-09 14:57:56,2.950591619823009,-1.3295991611598368,-0.020173215070394157,0.5131298185184718,-0.35453719589233446,-0.8592865407406256,-0.40473175309036646,0.8076610386503384,36.553862047247016,37.39429714077923,36.78383079126483,14.0,20.0,36.0,34.3,0.0,0.0,0.0,0.0,0.0,0.0,0.0,0.0,0.0,0.0
2026-06-09 14:57:58,-0.21328093829904127,-0.03134352129761009,-0.30600500145188114,-1.249835794816238,-2.931048352090487,-1.8086953526229068,0.09753283759239739,-1.4143561526661457,36.51138719976895,37.050229234743114,37.01993056795486,14.0,20.0,36.0,7.9,0.0,0.0,0.0,0.0,0.0,0.0,0.0,0.0,0.0,0.0
2026-06-09 14:57:59,1.1980247524201566,-0.24440666743301875,1.986433564360814,-0.4869578074664558,2.833131822848828,-2.993197959293806,0.9146930086401222,2.248192940430595,36.7052989073649,37.23310593427763,37.07907556519702,14.0,20.0,36.0,-46.1,0.0,0.0,0.0,0.0,0.0,0.0,0.0,0.0,0.0,0.0
2026-06-09 14:58:00,1.1661613859936377,-0.34857178379743736,0.3669429215926714,1.6621592796134639,-1.2269003912364387,1.8194124331550299,-2.4657700669125733,-1.425356197124153,36.636600111881954,36.812942297636816,37.249912187795175,14.0,20.0,36.0,-0.8,0.0,0.0,0.0,0.0,0.0,0.0,0.0,0.0,0.0,0.0
2026-06-09 14:58:01,-1.5337644273797388,-2.8313827759702708,2.5025124690741887,-2.3839487141890343,0.344875864549965,-1.445635885051589,0.07675729561175126,-0.8353316674729294,36.74874395937212,36.99928533977609,36.92593459208793,14.0,20.0,36.0,7.8,0.0,0.0,0.0,0.0,0.0,0.0,0.0,0.0,0.0,0.0
2026-06-09 14:58:02,-0.2256677820660311,0.8850049939009579,2.451423838693639,-2.6220230375585656,0.7905833765741104,-2.3182535974025917,-0.6865122423058607,1.2822608656528862,36.76674335482572,37.12316351499952,36.72207993279093,14.0,20.0,36.0,-87.8,0.0,0.0,0.0,0.0,0.0,0.0,0.0,0.0,0.0,0.0
2026-06-09 14:58:03,1.7343154145656978,-2.110192798064717,-0.7059362256364841,-2.412701109573563,-1.8896990975071846,2.536410327938735,-2.584456610811288,1.8626828323621982,36.95899098808298,37.30625928122633,36.995040202353074,14.0,20.0,36.0,72.8,0.0,0.0,0.0,0.0,0.0,0.0,0.0,0.0,0.0,0.0
2026-06-09 14:58:04,2.6107895833031307,0.06214860397716926,1.204980040167463,-2.7307537858811233,-0.28077112134716486,-0.7268612504863374,-2.601527072932793,0.26155188006520236,36.908743392465695,37.27569712987878,36.841179571916406,14.0,20.0,36.0,-34.4,0.0,0.0,0.0,0.0,0.0,0.0,0.0,0.0,0.0,0.0
2026-06-09 14:58:06,0.01096087013260938,1.4982818498589516,0.21219600626613477,-2.8123955605177815,2.0851198926346646,1.2629164803031427,-0.2711614117575927,1.7192263424086347,36.966456158854825,37.092630949170825,37.0076015951543,14.0,20.0,36.0,-43.7,0.0,0.0,0.0,0.0,0.0,0.0,0.0,0.0,0.0,0.0
2026-06-09 14:58:07,-2.4133237593248675,1.9401485475775813,-2.3578733800803597,0.45884013957190906,-2.473958104212989,-1.8968374735607367,-1.67118938798626,2.00792002382057,36.76637911602864,37.24613149475687,37.041220318782,14.0,20.0,36.0,9.0,0.0,0.0,0.0,0.0,0.0,0.0,0.0,0.0,0.0,0.0
2026-06-09 14:58:08,-2.9348324764114286,-2.0503863702783773,2.532101758838026,-2.2872537878695782,-1.8266042452092262,-1.0315674331172644,2.4119971915464546,-1.3154344881568107,36.7536328975021,37.240035064054695,37.065352366095276,14.0,20.0,36.0,-11.8,0.0,0.0,0.0,0.0,0.0,0.0,0.0,0.0,0.0,0.0
2026-06-09 14:58:09,1.5927382906913046,-2.149124067291739,1.7438285407480931,0.4870105201050974,-1.2009249903028674,1.4032983522543816,2.7955479037595055,-2.8704799650746375,37.046347339037844,37.1224596203767,37.20607529480824,14.0,20.0,36.0,12.6,0.0,0.0,0.0,0.0,0.0,0.0,0.0,0.0,0.0,0.0
2026-06-09 14:58:11,-1.119596087632416,0.8027551831333346,-1.8031422674655855,2.592192001885733,-1.4885089352748753,-2.818647180873371,-2.6665435804736264,-1.8621850979476233,37.02227340066652,37.09383529189825,36.98137523223522,14.0,20.0,36.0,23.1,0.0,0.0,0.0,0.0,0.0,0.0,0.0,0.0,0.0,0.0
2026-06-09 14:58:12,1.5007796848040247,-0.9954051150815406,-1.6830261279774328,-2.7019947751408875,-0.8232758590153377,1.654426516641803,-2.90517469515564,0.5836752619030223,36.77839389366632,36.93232815267076,37.10938578245889,14.0,20.0,36.0,68.6,0.0,0.0,0.0,0.0,0.0,0.0,0.0,0.0,0.0,0.0
2026-06-09 14:58:14,1.5245380491382639,1.6018744934486762,0.7763105242164858,2.758949557371613,-1.6639240386216998,-0.9830476734257148,-2.662460286015338,-0.0777056223879713,36.637640573300324,36.905842707299854,36.957912683483755,14.0,20.0,36.0,-63.3,0.0,0.0,0.0,0.0,0.0,0.0,0.0,0.0,0.0,0.0
2026-06-09 14:58:15,-2.214097854240179,1.9233732628309657,0.16682855334885627,1.34422463682154,-0.005808604979321785,0.3384284415459784,0.31826813120556263,2.911558933209098,36.60285613371399,37.15243592984119,37.066690891875425,14.0,20.0,36.0,-53.7,0.0,0.0,0.0,0.0,0.0,0.0,0.0,0.0,0.0,0.0
2026-06-09 14:58:16,2.0440601617274385,2.1033531347073797,-0.9689069302289575,-1.6799224828277743,-2.1753999934284005,-0.555792320315132,-1.7992784322831585,1.6011475058140725,36.701958857413594,37.17989378965824,37.03131771853563,14.0,20.0,36.0,-30.5,0.0,0.0,0.0,0.0,0.0,0.0,0.0,0.0,0.0,0.0
2026-06-09 14:58:17,2.3876349110980897,2.7487464398671193,-1.0431909857200745,1.5617392545198463,1.9886678435060707,-2.1784380442137694,-1.384509256145672,-2.533060473277346,36.7201401126105,36.95988918658282,36.783262180040104,14.0,20.0,36.0,-45.9,0.0,0.0,0.0,0.0,0.0,0.0,0.0,0.0,0.0,0.0
2026-06-09 14:58:18,-1.489107652694861,-2.9834761251826407,1.9292235817330274,1.5430260197410668,1.6992959676593138,-0.9465998686568362,-0.26222601450075356,-2.6748461458781394,36.863207733968814,37.06333922440015,37.083478084022424,14.0,20.0,36.0,26.7,0.0,0.0,0.0,0.0,0.0,0.0,0.0,0.0,0.0,0.0
2026-06-09 14:58:19,-1.4174331440514638,-0.44084263718134586,2.944491617774835,1.5690256660080237,1.9240232101659824,2.4855738702319243,0.4583139237025464,2.509410211156939,36.67732592914177,37.05088954662567,37.15434954876716,14.0,20.0,36.0,-63.3,0.0,0.0,0.0,0.0,0.0,0.0,0.0,0.0,0.0,0.0
2026-06-09 14:58:20,1.8656304040986589,2.76152159343488,-0.6965596638160045,2.897025735846152,1.831909342568566,-0.7750377725136017,2.5218864309826294,-1.1632938036893758,37.084873423088226,37.26475217425715,37.24368893003625,14.0,20.0,36.0,-52.5,0.0,0.0,0.0,0.0,0.0,0.0,0.0,0.0,0.0,0.0
2026-06-09 14:58:21,-0.5494504131451778,-1.2473780776155587,0.9017637112919434,-1.0699711743855713,-0.046248078404580006,1.9665376008788638,2.3608680678779788,2.5714395564871513,36.98384610806773,36.95245383335604,36.823085304396656,14.0,20.0,36.0,11.1,0.0,0.0,0.0,0.0,0.0,0.0,0.0,0.0,0.0,0.0
2026-06-09 14:58:22,-0.610431097792759,-0.49871012691156924,-2.0627869196275914,-2.7458484736194477,0.463297810151571,1.2053376284751778,-2.4622740705092894,-1.140591181018342,36.85998173067663,37.28689917392324,36.765249822184515,14.0,20.0,36.0,65.6,0.0,0.0,0.0,0.0,0.0,0.0,0.0,0.0,0.0,0.0
2026-06-09 14:58:23,-1.605861831031298,0.16412602885472216,0.4831386330326488,-0.15762304685506212,0.857630477286512,0.01757908652778406,2.230780327039322,-1.6126497804686268,36.947871379653336,36.85107935398708,37.08129082666413,14.0,20.0,36.0,-15.6,0.0,0.0,0.0,0.0,0.0,0.0,0.0,0.0,0.0,0.0
2026-06-09 14:58:25,1.6613379427176413,1.0259168911578538,1.0300769783844075,2.3474259886801647,-0.29747802684015356,2.0218722849327513,1.9664160192346136,-0.32446852415214344,36.70692390298743,36.982084139531715,36.980802938101796,14.0,20.0,36.0,-51.2,0.0,0.0,0.0,0.0,0.0,0.0,0.0,0.0,0.0,0.0
2026-06-09 14:58:26,-2.731463313558665,-1.454547350016169,2.0904065823875966,0.8062916916746223,2.159684022921689,-0.5902069312317662,0.29089514034085084,-2.5243296822113175,36.790526845421205,37.13539243092176,36.80990909337819,14.0,20.0,36.0,-16.6,0.0,0.0,0.0,0.0,0.0,0.0,0.0,0.0,0.0,0.0
2026-06-09 14:58:28,-2.9141466020310967,-2.2059923555838443,2.5971578978868095,-2.223480277774147,-1.2593951102354966,-2.382535298506484,-0.5448020010345993,-0.9170500963020753,36.55127231424233,37.29053527565784,37.19782482640339,14.0,20.0,36.0,-11.6,0.0,0.0,0.0,0.0,0.0,0.0,0.0,0.0,0.0,0.0
2026-06-09 14:58:29,1.4564874240824315,-2.4188822906176632,1.0685696534648566,2.3347425115184928,1.7551073345750527,2.0532394258493127,1.8136166735247299,2.8909833350186087,36.536911853956155,37.076067120394484,37.077091060830746,14.0,20.0,36.0,36.8,0.0,0.0,0.0,0.0,0.0,0.0,0.0,0.0,0.0,0.0
2026-06-09 14:58:30,-2.331337173574912,0.2301230070636735,-0.22253250766062482,2.82687068350954,0.09267231099061757,2.333807329415654,-1.3809735937138035,2.8098771567243954,36.75750475732514,36.97358913698686,37.06964248107465,14.0,20.0,36.0,0.3,0.0,0.0,0.0,0.0,0.0,0.0,0.0,0.0,0.0,0.0
2026-06-09 14:58:31,-2.5063942665000445,-0.8099206244612209,-0.1302587195996976,1.7647811936921176,-2.0396068430710197,-0.15231175271859065,2.3827377966089376,0.2859283251830962,36.814638151367554,36.99696273498981,36.90171373874482,14.0,20.0,36.0,25.4,0.0,0.0,0.0,0.0,0.0,0.0,0.0,0.0,0.0,0.0
2026-06-09 14:58:33,0.5167691712872529,-1.4040938617616616,0.02301606404744172,1.3879065801992647,1.5397661074695677,-0.05412506434969799,1.9437240604620971,-0.7334957412721135,36.50868438547944,37.1720677333923,36.93842211425501,14.0,20.0,36.0,36.7,0.0,0.0,0.0,0.0,0.0,0.0,0.0,0.0,0.0,0.0
2026-06-09 14:58:34,-0.47390692805269463,-1.7879433151910775,-1.031130025608723,-0.9115425168718909,-2.8268285112616205,-2.1235344875124817,-2.285727216139504,0.23975239633492906,36.932961060264674,37.14922245036669,37.063267164273014,14.0,20.0,36.0,70.7,0.0,0.0,0.0,0.0,0.0,0.0,0.0,0.0,0.0,0.0
2026-06-09 14:58:35,-2.7131413954116614,-0.863211411659313,2.3571803895951344,-1.0738629255238425,-0.364646264242106,-1.843866044522058,-0.1597586610741346,-1.1270108099763798,36.95097462950054,37.080527505856075,36.78142881869284,14.0,20.0,36.0,-39.6,0.0,0.0,0.0,0.0,0.0,0.0,0.0,0.0,0.0,0.0
2026-06-09 14:58:36,-0.6454586047028386,0.5777773437721385,2.7331823558101167,-0.43274489853688136,-2.873844414000624,-0.5701621405367674,0.5963146150120102,-2.6199549655580885,36.53042962221526,37.19467775573542,36.78040438799539,14.0,20.0,36.0,-85.6,0.0,0.0,0.0,0.0,0.0,0.0,0.0,0.0,0.0,0.0
2026-06-09 14:58:37,-2.9878226635625773,1.2290454486033795,-2.013303540146678,1.7217435976112094,2.5099328914113146,-1.4928311852659717,1.7450442885197983,1.991507161337009,37.090728676241895,37.2121884229996,36.70691225512072,14.0,20.0,36.0,20.4,0.0,0.0,0.0,0.0,0.0,0.0,0.0,0.0,0.0,0.0
2026-06-09 14:58:39,2.235493657590485,-2.272080093304541,0.2894166664104061,0.44166877144969074,0.09898139908977033,1.9637527116936964,0.6148247640245699,-0.7291021881427913,36.99272318323501,36.99180211157104,36.919940147583084,14.0,20.0,36.0,52.6,0.0,0.0,0.0,0.0,0.0,0.0,0.0,0.0,0.0,0.0
2026-06-09 14:58:40,-1.1495120959916683,-0.5507377119546484,1.619658741004133,-1.5345962611415107,1.2700307733103156,2.3285139707149387,-2.4132517904085384,-0.7309000746096426,36.73302762682345,37.06830421352664,37.16287955260039,14.0,20.0,36.0,-27.7,0.0,0.0,0.0,0.0,0.0,0.0,0.0,0.0,0.0,0.0
2026-06-09 14:58:41,-0.2596840505927811,-2.73714863944633,-2.0698614389944305,2.5567571598174865,0.8718416452340851,-2.7483113434136976,-1.3337747052816438,1.4021327499920009,37.06430531320157,36.98074547621652,37.08197951992429,14.0,20.0,36.0,122.3,0.0,0.0,0.0,0.0,0.0,0.0,0.0,0.0,0.0,0.0
2026-06-09 14:58:42,1.506864600083266,2.5845582429289333,2.2423046016565316,-0.6106825996382272,0.6047670755693222,-1.023555204911442,-0.8851064045499637,0.08093235726404213,36.74485074621247,37.02212459239419,37.01206021527407,14.0,20.0,36.0,-100,0.0,0.0,0.0,0.0,0.0,0.0,0.0,0.0,0.0,0.0
2026-06-09 14:58:44,-1.8998987170003228,-2.1679974377710822,-1.285234263825043,2.5406575181837336,-1.6132093737297046,2.8602334380181356,1.3025635708555896,-2.91631696517266,37.00699888248546,36.87087751790302,37.189380291782356,14.0,20.0,36.0,91.4,0.0,0.0,0.0,0.0,0.0,0.0,0.0,0.0,0.0,0.0
2026-06-09 14:58:45,-0.297020519313123,1.2281980315130134,-1.117539040442076,0.4137073954827799,0.2314354910984533,1.092399044916478,-1.7168658559939676,-0.6113522542705647,36.59846591608957,37.366363591673576,37.21064208696388,14.0,20.0,36.0,-3.2,0.0,0.0,0.0,0.0,0.0,0.0,0.0,0.0,0.0,0.0
2026-06-09 14:58:46,-1.2636777819181457,-0.3518450163548499,1.0941147484676108,0.23695555608044927,1.1291603947458668,-2.7035838471146842,-1.6584996451550498,-0.19124534295950557,36.7205994082316,37.15983735900065,36.72895746479122,14.0,20.0,36.0,-21.4,0.0,0.0,0.0,0.0,0.0,0.0,0.0,0.0,0.0,0.0
2026-06-09 14:58:48,-2.443470933025181,2.4725332040586565,1.3196409524941108,2.0204012892493743,1.6647761691115646,-1.8603158145461876,-2.9472350554360203,1.4732073899221527,36.98389084194655,36.86999208365351,36.93426820898841,14.0,20.0,36.0,-100,0.0,0.0,0.0,0.0,0.0,0.0,0.0,0.0,0.0,0.0
2026-06-09 14:58:49,1.130801877387099,2.5917929318159967,-2.111489486869595,-0.015782479686448525,-1.1451535737232075,-2.786310749082792,-0.7794968409112766,-0.8651138542473591,36.58144311238434,37.26037828555754,36.97407823320624,14.0,20.0,36.0,-14.2,0.0,0.0,0.0,0.0,0.0,0.0,0.0,0.0,0.0,0.0
2026-06-09 14:58:50,-0.42518809529706836,-1.0961635509281857,2.7770500035214063,-0.7183929967879279,2.355077681910659,-1.7698015738847794,0.4761043409007377,-1.5720145421150635,36.665476089901496,36.9515684571662,36.712222275851666,14.0,20.0,36.0,-44.1,0.0,0.0,0.0,0.0,0.0,0.0,0.0,0.0,0.0,0.0
2026-06-09 14:58:51,2.138018801228327,1.0103367601025406,0.5462599784466535,-2.4799798909871944,-1.3107113416937837,-2.971841097974099,0.06668357013950521,-0.7877316224352411,37.054169223468456,37.20299519245196,36.879291732574224,14.0,20.0,36.0,-41.7,0.0,0.0,0.0,0.0,0.0,0.0,0.0,0.0,0.0,0.0
2026-06-09 14:58:52,-2.5630493939790115,2.265147588962437,0.8005940881004632,-0.8153651122277297,0.9173177867161395,1.60188584032268,0.1338132627053885,-1.6026300140752805,37.03379386823955,37.25877283344763,36.74273488252678,14.0,20.0,36.0,-78.4,0.0,0.0,0.0,0.0,0.0,0.0,0.0,0.0,0.0,0.0
2026-06-09 14:58:53,-0.5354195095621122,0.6975581295752384,2.6450801353618356,-2.678384897815681,1.1448912508134388,-2.686066132837497,-0.7242916369221226,1.487459847722083,36.58853234436239,37.27363736675183,36.75564057738078,14.0,20.0,36.0,-88.1,0.0,0.0,0.0,0.0,0.0,0.0,0.0,0.0,0.0,0.0
2026-06-09 14:58:54,-1.0102308333258492,-2.416397491171752,-2.0411765015387995,2.112174048691921,0.9722101030903563,2.0220716265411944,2.229562741242951,-0.36820675088740096,36.54210729948887,37.24895873839009,37.06156941563079,14.0,20.0,36.0,117.4,0.0,0.0,0.0,0.0,0.0,0.0,0.0,0.0,0.0,0.0
2026-06-09 14:58:55,-0.6976189672957336,-0.571385537526008,-2.2071101573745313,-2.9980298472414653,-2.3381238930360624,0.6626892151012509,-2.2921848426729268,-1.2308828319910705,37.05346069160973,37.23431571665353,36.85889762910322,14.0,20.0,36.0,71.0,0.0,0.0,0.0,0.0,0.0,0.0,0.0,0.0,0.0,0.0
2026-06-09 14:58:56,-2.216590041288672,2.88593888550486,2.789808863858892,2.667836073921089,-2.869211656913323,-0.1620147848295388,-2.887832603694461,1.0596771222309975,36.77723498017904,37.14445196864447,37.07179763417103,14.0,20.0,36.0,-100,0.0,0.0,0.0,0.0,0.0,0.0,0.0,0.0,0.0,0.0
2026-06-09 14:58:57,-2.760544860411528,-2.3278165492750924,-2.54237476551105,2.627516052520253,-1.2968043574861203,-1.8270082677593058,0.3108804564414682,-0.010728020434091157,36.98010325976933,36.98594025691869,36.72107292106085,14.0,20.0,36.0,125.2,0.0,0.0,0.0,0.0,0.0,0.0,0.0,0.0,0.0,0.0
2026-06-09 14:58:58,-1.4132326373237878,-1.7642149315985425,-1.2038853126110562,-1.4554696974476036,1.1851638120995682,-0.21317122237431274,0.3431956784114609,2.9462190643497905,36.53438818551375,36.91213656747496,36.8309412181923,14.0,20.0,36.0,76.8,0.0,0.0,0.0,0.0,0.0,0.0,0.0,0.0,0.0,0.0
2026-06-09 14:58:59,-2.255843675570714,1.9680216220470408,0.5342761591315717,1.135409865852096,1.8217634344863578,-0.9657024862972183,-0.8083308989255062,-1.439097016529053,36.85712925570931,37.23929252765342,37.087529810227046,14.0,20.0,36.0,-65.6,0.0,0.0,0.0,0.0,0.0,0.0,0.0,0.0,0.0,0.0
2026-06-09 14:59:01,-2.6187116343824255,-1.2201978005659733,2.459178206652183,2.848424904946828,2.1121118512387653,0.45184983889318797,1.5103337335303708,1.3649293426834408,36.63023108641727,37.04158324016765,37.05337341377566,14.0,20.0,36.0,-31.1,0.0,0.0,0.0,0.0,0.0,0.0,0.0,0.0,0.0,0.0
2026-06-09 14:59:02,2.66449846721296,-1.2257075279655119,0.7928889772758825,2.868377802483237,0.5779597205226699,2.242224162903094,-2.0213087318850596,1.734817020275547,36.61395366578122,37.30685091225446,36.93985605634748,14.0,20.0,36.0,11.3,0.0,0.0,0.0,0.0,0.0,0.0,0.0,0.0,0.0,0.0
2026-06-09 14:59:03,-1.5427896034115998,0.42952451049199425,0.4499074144253745,1.8635088868977396,2.1215160766801473,1.831262132461771,-0.6185104445965859,2.6619215557205873,36.58520843538969,37.02486827774414,36.898930978392926,14.0,20.0,36.0,-22.1,0.0,0.0,0.0,0.0,0.0,0.0,0.0,0.0,0.0,0.0
2026-06-09 14:59:04,-2.1311112564574346,-2.7747235311637652,2.9595232805375424,-2.387816870265569,-0.2880160353391754,-1.0402463113683902,-1.2013671168317013,-1.4158712438452905,36.979365181394705,37.337855400699326,37.20312088771251,14.0,20.0,36.0,-5.9,0.0,0.0,0.0,0.0,0.0,0.0,0.0,0.0,0.0,0.0
2026-06-09 14:59:06,2.1176812231047517,-1.7366985205955536,2.22483087130831,-0.05149735786666643,1.558930307275796,0.11299256278879799,-2.5079406005928586,1.8840247942918458,36.73493118371521,37.36770652123721,37.02223338039534,14.0,20.0,36.0,-13.8,0.0,0.0,0.0,0.0,0.0,0.0,0.0,0.0,0.0,0.0
2026-06-09 14:59:07,1.808715954845244,0.9256786481364467,-2.5663250416691463,-0.06353912082324431,-2.8902458013620365,1.7987755224760793,-1.9706527804787024,2.0410761968275075,36.69072233634201,37.216152663312165,36.9133170938739,14.0,20.0,36.0,42.3,0.0,0.0,0.0,0.0,0.0,0.0,0.0,0.0,0.0,0.0
2026-06-09 14:59:08,2.623709572895436,0.49376540249843126,-0.2951265651141539,1.106025832321726,0.8711767358841755,-2.683555886388131,2.8551921200293506,2.5854688358786895,36.95683807414133,36.96784159221073,36.9947791747271,14.0,20.0,36.0,-5.1,0.0,0.0,0.0,0.0,0.0,0.0,0.0,0.0,0.0,0.0
2026-06-09 14:59:09,0.7365458596443801,-1.2250756085255654,2.0095778822173953,1.0043826160975557,1.9385038441804774,1.3797630654671433,0.508690275917171,2.612224603299688,36.95021686301257,37.311511488935494,36.84265969935488,14.0,20.0,36.0,-19.3,0.0,0.0,0.0,0.0,0.0,0.0,0.0,0.0,0.0,0.0
2026-06-09 14:59:10,-2.570535115082782,-1.2266892196060732,-0.5913857469956914,-2.4089660992529787,-1.2183606930436086,-2.106649305056939,-2.06572043518288,-1.04178177739773,36.82693283685933,37.2959820337409,37.25468688871558,14.0,20.0,36.0,44.9,0.0,0.0,0.0,0.0,0.0,0.0,0.0,0.0,0.0,0.0
2026-06-09 14:59:12,2.373998180955608,1.8512788506098037,2.2686130087635474,0.04897962101046671,-1.084471220723881,1.0714377824178474,-1.779975447579116,-0.5810517364897114,36.92672752333527,36.84387551275314,36.97624988265022,14.0,20.0,36.0,-100,0.0,0.0,0.0,0.0,0.0,0.0,0.0,0.0,0.0,0.0
2026-06-09 14:59:13,1.0931326632029936,-0.767124427799935,1.8812111734021917,-1.3814049756880293,-1.7436135658024652,-2.405308185514583,2.4082154061141807,1.2421359497050855,36.690312678701325,37.15738105249904,37.270300862359036,14.0,20.0,36.0,-28.8,0.0,0.0,0.0,0.0,0.0,0.0,0.0,0.0,0.0,0.0
2026-06-09 14:59:14,1.3714483319374207,-1.704993479550465,0.4527380987495673,-2.018638911683186,-1.4714916675225511,0.852868533659576,-2.162851805683013,0.7090530675240077,37.00213404493235,36.904744702512765,36.88128814549696,14.0,20.0,36.0,31.7,0.0,0.0,0.0,0.0,0.0,0.0,0.0,0.0,0.0,0.0
2026-06-09 14:59:15,-2.1838293540362517,-2.6848345405877145,0.8300231749869753,-1.173687774330791,-0.6038300457965518,-0.17159312154304773,2.3262582116512887,-2.0753509808971335,37.03772371645496,37.36943934495682,37.12748734518849,14.0,20.0,36.0,49.0,0.0,0.0,0.0,0.0,0.0,0.0,0.0,0.0,0.0,0.0
2026-06-09 14:59:16,-2.704055441527604,2.6369478599039535,-1.711493021084673,-2.2809562574910283,1.9199841128082085,-0.5820839326076417,-0.8737294177705364,-1.6287664670551396,36.68740016119946,36.886172250905545,37.04305102482765,14.0,20.0,36.0,-24.7,0.0,0.0,0.0,0.0,0.0,0.0,0.0,0.0,0.0,0.0
2026-06-09 14:59:17,1.9604705669535871,-2.293179952915054,0.2132899712666414,-1.7911016199709993,-1.4525698945716683,-0.8781974648240958,0.2847519446338094,-1.848714968353762,36.79990029104701,36.85868872993998,37.21118327544698,14.0,20.0,36.0,53.5,0.0,0.0,0.0,0.0,0.0,0.0,0.0,0.0,0.0,0.0
2026-06-09 14:59:18,-0.50075842418235,-1.6687159758247665,2.711924110471692,-1.541516969000269,-1.7510028308999248,0.06278965132202874,-2.33706834152475,-2.0790068181706287,36.64427395276773,36.87177484482386,36.861806826609545,14.0,20.0,36.0,-28.1,0.0,0.0,0.0,0.0,0.0,0.0,0.0,0.0,0.0,0.0
2026-06-09 14:59:19,-2.709504485798683,0.17643283329996695,1.9496639444830803,-0.3208808252999322,-0.5807182439859817,0.31565166344089235,0.4477417787778779,0.13007741024811903,37.04627566102838,37.39288391207982,36.71242879980382,14.0,20.0,36.0,-54.6,0.0,0.0,0.0,0.0,0.0,0.0,0.0,0.0,0.0,0.0
2026-06-09 14:59:20,-1.6151888022452285,0.9662718892899891,0.17780551858186655,1.6826385300948843,2.28557603185868,-2.4800795521598564,1.41726540431228,0.841697448008274,36.821781545105516,37.35720621126145,37.2302870974601,14.0,20.0,36.0,-30.1,0.0,0.0,0.0,0.0,0.0,0.0,0.0,0.0,0.0,0.0
2026-06-09 14:59:22,-2.9425671437111545,-1.1550790503434658,-1.7977862540238205,0.4564196147442896,-0.5684015449610014,-1.633813636618439,0.8975959934935105,-2.309181679461421,36.523312547752695,37.234970258697395,37.28366551944805,14.0,20.0,36.0,76.0,0.0,0.0,0.0,0.0,0.0,0.0,0.0,0.0,0.0,0.0
2026-06-09 14:59:23,1.6044577600824024,1.9681187495732386,2.1067635254598933,2.1062308947917465,-1.2511458657198435,0.8354702071914097,1.089415035161431,-1.4846518615765683,36.947448608251925,37.06142212233503,37.15076961554203,14.0,20.0,36.0,-100,0.0,0.0,0.0,0.0,0.0,0.0,0.0,0.0,0.0,0.0
2026-06-09 14:59:24,-2.8421534077297035,1.4543695912320285,0.6038996623725028,1.2235817026193123,-2.2345164282548193,-1.3460981541955324,-2.6267162792619576,0.04196251147277552,36.955432270794766,37.09348804297384,37.10964510141088,14.0,20.0,36.0,-55.2,0.0,0.0,0.0,0.0,0.0,0.0,0.0,0.0,0.0,0.0
2026-06-09 14:59:25,-2.119562815647685,0.3940275236044748,-0.5510738316016282,-2.120579270361462,-2.8659346585665544,2.332618049427123,-2.9556725469834615,2.4485888342474,36.72764964055097,37.04136543455288,37.280993486482515,14.0,20.0,36.0,3.7,0.0,0.0,0.0,0.0,0.0,0.0,0.0,0.0,0.0,0.0
2026-06-09 14:59:27,0.8409644595823522,-1.2950985732305427,0.17005807338551548,-1.5715589019900755,1.2245933651760517,1.2281505075034573,-2.7252804467650305,1.75991573639251,36.812131843049464,37.26928274037971,36.863277892856225,14.0,20.0,36.0,28.3,0.0,0.0,0.0,0.0,0.0,0.0,0.0,0.0,0.0,0.0
2026-06-09 14:59:28,-2.8248574742900088,0.8934149677144738,2.240375532274788,1.2290731948047524,1.0485621052331613,-0.8143622762826483,-0.1226268745649941,-2.2115046171707107,36.89613108768009,36.85402869115314,36.96186490756679,14.0,20.0,36.0,-81.5,0.0,0.0,0.0,0.0,0.0,0.0,0.0,0.0,0.0,0.0
2026-06-09 14:59:29,0.5850154476020064,0.5442843896903966,-2.3415401962265245,2.7451147436142405,1.4669106431667887,2.7402986536623164,1.2841452455313114,2.2728403427368704,36.829624528015884,37.278728761714866,37.23096179694644,14.0,20.0,36.0,48.5,0.0,0.0,0.0,0.0,0.0,0.0,0.0,0.0,0.0,0.0
2026-06-09 14:59:30,1.3925711561524121,1.210112379182008,-1.2703965796125014,-1.7209270972315496,0.3257038190103514,0.09471338072607605,-2.343337608339591,0.6577825117886595,36.732696203710695,36.95171557512097,36.74658635514168,14.0,20.0,36.0,0.4,0.0,0.0,0.0,0.0,0.0,0.0,0.0,0.0,0.0,0.0
2026-06-09 14:59:31,-1.1360507639778128,0.03351198479692741,-2.972751416169305,0.29978816974511435,1.9160120246088308,1.8822604975826325,0.6986163021302145,-0.837626512561843,36.635781622883215,36.930541870224076,37.27726895890498,14.0,20.0,36.0,77.3,0.0,0.0,0.0,0.0,0.0,0.0,0.0,0.0,0.0,0.0
2026-06-09 14:59:33,-0.34030647460887087,-0.3521718795974733,1.2922944076344889,-1.4954220469556323,2.1191188930510663,2.5625072018252233,1.3926846648140643,0.6198514827206889,36.67500084587986,36.86768190505063,37.16279237379837,14.0,20.0,36.0,-22.3,0.0,0.0,0.0,0.0,0.0,0.0,0.0,0.0,0.0,0.0
2026-06-09 14:59:34,-2.6420575787335077,-0.9445718472196534,1.7096327313777682,0.44742928979592866,2.154400619965731,1.6014225780660727,-2.9073928101562414,1.6333699290767463,36.90642992605175,37.39999935102621,36.73796438224563,14.0,20.0,36.0,-20.4,0.0,0.0,0.0,0.0,0.0,0.0,0.0,0.0,0.0,0.0
2026-06-09 14:59:35,-1.1979890768098935,2.2969187559984157,0.26808435933663954,1.5039490025144486,1.1075804008727008,2.5444344456187684,-1.6318298282069872,-2.261803604319902,36.92368122004986,37.15991824921422,37.112814533313845,14.0,20.0,36.0,-65.9,0.0,0.0,0.0,0.0,0.0,0.0,0.0,0.0,0.0,0.0
2026-06-09 14:59:36,-1.9394981907080946,0.06639466953771755,-2.599018357066799,2.7181895465392687,1.9941119680796175,-1.7148080673268935,-0.04157619993304085,1.97892005095244,36.892350530757895,36.92220341942165,37.066468469715,14.0,20.0,36.0,64.6,0.0,0.0,0.0,0.0,0.0,0.0,0.0,0.0,0.0,0.0
2026-06-09 14:59:37,-2.9590529927579463,2.400362828095841,-1.1486611803410247,2.3898638029041592,2.1590968382928084,0.8098581814567671,0.751617534766817,-1.9902080751100093,36.57899094043787,37.359573290000185,37.22019472804846,14.0,20.0,36.0,-31.6,0.0,0.0,0.0,0.0,0.0,0.0,0.0,0.0,0.0,0.0
2026-06-09 14:59:39,2.805052339777597,0.6207399914284002,-0.5830734495764105,0.6579447706179624,2.321078373156455,-2.6660801165102024,1.8128659713755138,-2.9661134968341094,36.5957200280182,37.071558801745276,37.132713857950684,14.0,20.0,36.0,-1.4,0.0,0.0,0.0,0.0,0.0,0.0,0.0,0.0,0.0,0.0
2026-06-09 14:59:40,-0.28185373380343837,0.8524997151251812,1.3886827813888338,-1.8041764072116908,2.6739407923168717,-2.8379684651049484,0.3042607506749757,0.4781639557309698,36.51621469645813,37.343783080536554,37.095987255423765,14.0,20.0,36.0,-59.2,0.0,0.0,0.0,0.0,0.0,0.0,0.0,0.0,0.0,0.0
2026-06-09 14:59:41,1.0864033464132348,-2.691531951639968,-1.2665762681372335,-2.450357466322582,-2.9978029436080647,-1.3567122367656466,-0.766531874711224,0.7646786869446469,36.76080170281155,37.350396232692674,37.216164360504656,14.0,20.0,36.0,101.3,0.0,0.0,0.0,0.0,0.0,0.0,0.0,0.0,0.0,0.0
2026-06-09 14:59:42,2.7696037889426757,-0.8858183520769058,-1.1160539041344204,-0.0446895105344538,2.3922069708446285,2.4820692862157427,-2.1443792860771613,1.3408433684538812,36.7679267291875,37.26167332897974,36.754983625186874,14.0,20.0,36.0,51.9,0.0,0.0,0.0,0.0,0.0,0.0,0.0,0.0,0.0,0.0
2026-06-09 14:59:44,2.6670071712902708,-0.7307823266850746,2.4134498962697863,-1.923704546610145,2.8496575507377315,2.2260703136265594,0.37412858023195117,-1.6327138751439625,36.595157506432336,36.92497391316486,36.868148089346114,14.0,20.0,36.0,-42.2,0.0,0.0,0.0,0.0,0.0,0.0,0.0,0.0,0.0,0.0
2026-06-09 14:59:45,-0.7873831651290426,0.6008627861387192,-1.3043671577123221,-2.405429997455788,-2.8192481834366214,0.454994133819298,-0.12586167380680724,-2.0875470434367465,36.58448337231094,37.062982260192484,36.84285187087509,14.0,20.0,36.0,18.4,0.0,0.0,0.0,0.0,0.0,0.0,0.0,0.0,0.0,0.0
2026-06-09 14:59:46,-0.10478900324143581,0.5416411003593828,-0.06140946242060874,0.869467589697619,-2.666679823241976,1.5162256381173975,0.17038999692729906,-1.4871792593423914,36.631861044704216,36.85908387538525,36.97690892394968,14.0,20.0,36.0,-11.6,0.0,0.0,0.0,0.0,0.0,0.0,0.0,0.0,0.0,0.0
2026-06-09 14:59:48,-0.013495877960012503,0.5094229255422591,-2.5351134676780687,-1.6470149722468521,0.7209092692512087,-1.0813562695957517,1.6022262168133503,-0.9306662685941207,37.01375858274574,36.90423007991771,36.72069418391916,14.0,20.0,36.0,52.6,0.0,0.0,0.0,0.0,0.0,0.0,0.0,0.0,0.0,0.0
2026-06-09 14:59:49,0.20952542612236646,2.1837857737405386,2.780593396705463,0.07067176525680896,-2.5390676028071812,2.481697299982657,2.135649710983645,-2.780937176353358,37.01196800245746,36.8026256027837,37.09879453973037,14.0,20.0,36.0,-100,0.0,0.0,0.0,0.0,0.0,0.0,0.0,0.0,0.0,0.0
2026-06-09 14:59:50,-1.7337318158575674,-2.7843790384343494,0.6488878277812153,-2.649181300751704,-2.4078562784720523,-0.4735611560289925,-0.19607594507949955,2.53965267890376,36.659739400244405,36.93193481269158,37.124367594490614,14.0,20.0,36.0,54.9,0.0,0.0,0.0,0.0,0.0,0.0,0.0,0.0,0.0,0.0
2026-06-09 14:59:51,-0.1676850258505116,0.4720628876904156,-0.5394922821096451,-1.9088778498988623,-1.7188797343689153,2.9690961709992747,2.2346460176507454,1.3176594161537842,36.634026068888744,37.10031477491906,37.29073030219355,14.0,20.0,36.0,4.3,0.0,0.0,0.0,0.0,0.0,0.0,0.0,0.0,0.0,0.0
2026-06-09 14:59:53,2.9361142512714817,0.6433343975965196,-2.542548216398848,2.0182349385742313,2.9788114752040746,-1.8523501366029604,-1.3016876553187486,-0.8732079072488705,36.559883154078086,36.994855629160654,37.04702307373294,14.0,20.0,36.0,47.5,0.0,0.0,0.0,0.0,0.0,0.0,0.0,0.0,0.0,0.0
2026-06-09 14:59:54,1.2764689657975286,1.0447424727895962,-0.2145851153641507,2.6783701333430354,0.33202776421834646,-2.5481048908877066,-1.6722964360542485,-1.9319151262564285,37.085466680528214,37.17117905908011,37.12714700797286,14.0,20.0,36.0,-23.6,0.0,0.0,0.0,0.0,0.0,0.0,0.0,0.0,0.0,0.0
2026-06-09 14:59:55,-1.1364158423743411,2.970521596206008,-2.334588790483517,0.6723465251210028,-2.6566607373244717,-2.8133107520507097,-2.3766223080980433,0.30439815619575494,36.731553067426795,37.032587186117574,36.80552680406336,14.0,20.0,36.0,-19.0,0.0,0.0,0.0,0.0,0.0,0.0,0.0,0.0,0.0,0.0
2026-06-09 14:59:57,0.6282982164059492,1.9519596011466254,1.2005549279252126,2.04895560714965,2.4827458455531186,0.8257648156711279,0.6087267957729088,2.209575833855973,37.02300932680462,37.088894600568395,36.956555559544654,14.0,20.0,36.0,-80.8,0.0,0.0,0.0,0.0,0.0,0.0,0.0,0.0,0.0,0.0
2026-06-09 14:59:58,2.6758999469586566,0.577477995979196,-1.8347966784969019,2.0104326985918215,-1.7943648979202487,2.427333258525209,2.59829657374806,-2.496817276087911,37.036235213722364,37.011133163374474,36.87576347197432,14.0,20.0,36.0,35.0,0.0,0.0,0.0,0.0,0.0,0.0,0.0,0.0,0.0,0.0
2026-06-09 14:59:59,2.2566936328210847,2.374595740499765,0.12031664505798334,2.6823637338716226,-0.4689606170348828,-1.8873944917975798,1.531930526746308,-0.4043657011229902,36.753638267366746,36.950790808560406,37.07729272254805,14.0,20.0,36.0,-64.7,0.0,0.0,0.0,0.0,0.0,0.0,0.0,0.0,0.0,0.0
2026-06-09 15:00:00,-1.7490439556771387,2.313845858364539,-0.8957794720831456,2.259681808722852,2.24801610290437,-2.791071740698946,2.8535557986914872,-2.58402485347322,36.603510421005716,37.19552049573166,37.02875357869006,14.0,20.0,36.0,-36.6,0.0,0.0,0.0,0.0,0.0,0.0,0.0,0.0,0.0,0.0
2026-06-09 15:00:01,2.335092495799593,0.8624125947998165,-1.6587328798436003,-1.2086911463885595,-1.7510132912064458,1.8450551387330645,-0.07508156755712836,1.9020331598478784,36.598102140160584,37.107486821341844,36.96552589590205,14.0,20.0,36.0,21.5,0.0,0.0,0.0,0.0,0.0,0.0,0.0,0.0,0.0,0.0
2026-06-09 15:00:03,-0.08271009203652024,-0.08730767372318216,-1.6230381041574817,-1.4100406815957374,-1.3439006942750986,-0.9921837521901136,0.9035533403408857,2.2039420033195602,36.87018660876336,36.921022662463095,36.89909251339481,14.0,20.0,36.0,44.2,0.0,0.0,0.0,0.0,0.0,0.0,0.0,0.0,0.0,0.0
2026-06-09 15:00:04,0.5759428140917704,2.2136480948942667,-0.996709202422104,-2.753845694673768,1.9988112933096298,-2.3374016710276773,-1.3868526682018603,1.5539314609786414,36.66467660998849,37.027360150359705,37.17712832856626,14.0,20.0,36.0,-33.3,0.0,0.0,0.0,0.0,0.0,0.0,0.0,0.0,0.0,0.0
2026-06-09 15:00:05,2.4168643083380887,0.09730424263386706,-2.038849195483096,-0.5821088050516203,-2.4153158630752642,1.2034391893021459,-0.7954690344899262,-0.17825176203500792,36.58874111993456,36.88996975893152,36.840260377063075,14.0,20.0,36.0,50.4,0.0,0.0,0.0,0.0,0.0,0.0,0.0,0.0,0.0,0.0
2026-06-09 15:00:07,-2.5495243599165343,-1.1253666340021207,-0.40929414728652347,-2.8010768542305264,0.08642189832029068,-0.3437882736465827,-2.1719307273459503,-0.09646479884789816,36.59841731681365,37.2682813822526,36.83692465089645,14.0,20.0,36.0,38.4,0.0,0.0,0.0,0.0,0.0,0.0,0.0,0.0,0.0,0.0
2026-06-09 15:00:08,-0.6250027469142223,-0.5671102912782757,2.55226737442149,-2.8189262211602344,-0.7236926222563014,-1.3245988943661708,0.568512711813824,1.4689213384189417,37.04609003021408,37.19183134306278,36.81883776270024,14.0,20.0,36.0,-51.7,0.0,0.0,0.0,0.0,0.0,0.0,0.0,0.0,0.0,0.0
2026-06-09 15:00:10,1.6986978477658488,-0.19273069418603583,-1.5804912880698205,-2.2779757579141795,1.3628619003419402,0.9843795552037857,-1.2495419159655854,0.8195006647868803,36.53251771015377,36.85948620979829,37.04750092299841,14.0,20.0,36.0,45.7,0.0,0.0,0.0,0.0,0.0,0.0,0.0,0.0,0.0,0.0
2026-06-09 15:00:11,-2.987338100928293,-0.6671666772291638,0.28175468237389634,1.1558142350952751,-0.9852670052330739,-1.2279699980260261,-0.2749344579491311,-2.531680866700917,36.73783141576843,37.013248259225925,37.121913044670606,14.0,20.0,36.0,9.2,0.0,0.0,0.0,0.0,0.0,0.0,0.0,0.0,0.0,0.0
2026-06-09 15:00:12,1.6600345238593075,0.2507242809049659,2.4425216333090187,0.9829953217661069,0.6958397570910337,-1.8893830874641253,-0.23116167353590633,1.2797214226261318,36.58613186796512,36.88466228649621,36.95414107269109,14.0,20.0,36.0,-70.7,0.0,0.0,0.0,0.0,0.0,0.0,0.0,0.0,0.0,0.0
2026-06-09 15:00:13,2.244828825493551,1.8019726946886871,2.191148757999736,-1.9385313711027798,-2.806532755243211,1.2052497626075267,2.626809271985997,-0.46752600016607637,36.773193204134664,37.3781422099249,36.92146338833762,14.0,20.0,36.0,-100,0.0,0.0,0.0,0.0,0.0,0.0,0.0,0.0,0.0,0.0
2026-06-09 15:00:14,-1.0316169526627872,1.7695166081050413,1.44255843878629,1.134660071553684,1.1978195668345961,0.733429084550508,-1.3808114004033458,1.7835536157725755,36.64196568927924,37.01197796987167,36.703903289766124,14.0,20.0,36.0,-83.4,0.0,0.0,0.0,0.0,0.0,0.0,0.0,0.0,0.0,0.0
2026-06-09 15:00:15,0.16775607692257832,1.660174787496099,-0.7312672119997186,-0.01007920993876299,2.43454625355736,-1.788742947882779,2.1428726963738978,1.8775918749215634,36.50649447447764,37.01370687547709,36.73595640372388,14.0,20.0,36.0,-23.8,0.0,0.0,0.0,0.0,0.0,0.0,0.0,0.0,0.0,0.0
2026-06-09 15:00:16,0.9117746953119572,2.8998602481986158,2.56694789424275,1.483811501762549,0.17783624251557484,-0.7715560630990561,-1.7975522595470623,2.6916491932968016,37.02786127265375,36.9786253363267,36.909311712439404,14.0,20.0,36.0,-100,0.0,0.0,0.0,0.0,0.0,0.0,0.0,0.0,0.0,0.0
2026-06-09 15:00:17,-0.5590553773922955,-2.2099430511169746,2.6628477000913424,1.3937234718564948,1.2178894679780514,2.389771557790075,2.7606088408105602,-2.7410894017572334,36.757985726814375,37.22538228443324,37.0400853368241,14.0,20.0,36.0,-9.1,0.0,0.0,0.0,0.0,0.0,0.0,0.0,0.0,0.0,0.0
2026-06-09 15:00:18,-0.5457583294466306,2.7033330867361203,1.84515355267368,0.2770312894657909,1.289494160068175,0.3471155790638347,-1.5190019394704162,-0.252416988141845,36.632423865116536,37.08389035743759,37.09331284506574,14.0,20.0,36.0,-100,0.0,0.0,0.0,0.0,0.0,0.0,0.0,0.0,0.0,0.0
2026-06-09 15:00:19,2.067401873218434,0.20719479883309955,1.8170220459115782,-0.36516660757986275,-0.2864247492019909,1.759310708590025,0.7428940936748538,2.7555026347192637,36.84396335729383,36.86865281809543,37.16628158884863,14.0,20.0,36.0,-51.1,0.0,0.0,0.0,0.0,0.0,0.0,0.0,0.0,0.0,0.0
2026-06-09 15:00:20,2.766118686683228,2.3382542910194113,2.7062720014101744,0.5145421241156942,-1.4044484007836189,-0.2537567296046239,0.6043186132468081,-2.10734029924905,36.6922147974405,37.29630524439853,37.14039016259292,14.0,20.0,36.0,-100,0.0,0.0,0.0,0.0,0.0,0.0,0.0,0.0,0.0,0.0
2026-06-09 15:00:22,2.2597732703986164,-1.024767863127458,-0.8612554712138598,-1.3675423879206248,-2.1145397063655533,-1.5075499208698357,-1.2660624956404578,2.388897234571701,36.88055193152482,36.82024981548007,37.01928089923895,14.0,20.0,36.0,47.4,0.0,0.0,0.0,0.0,0.0,0.0,0.0,0.0,0.0,0.0
2026-06-09 15:00:23,-2.4505632119241163,1.8165061577549428,2.6984447234386675,-2.230837502425347,2.624259967800782,-2.050577921658328,-2.0220582457704745,2.7098306241606576,36.68759817685181,37.3212183313172,36.79586892516121,14.0,20.0,36.0,-100,0.0,0.0,0.0,0.0,0.0,0.0,0.0,0.0,0.0,0.0
2026-06-09 15:00:24,1.1621914895961698,-0.3847303378701934,-0.4939864647838528,0.8304332541676116,2.827097811270731,0.029085917374433112,-0.6805207021350546,-2.267515123466102,36.67660479022264,37.17316410357144,36.73742308524051,14.0,20.0,36.0,22.4,0.0,0.0,0.0,0.0,0.0,0.0,0.0,0.0,0.0,0.0
2026-06-09 15:00:25,1.0756680869261235,-0.45328476144419483,-0.6100397653170453,1.7609373623764801,-2.183678729340043,-0.6649562232566111,1.547336749121202,-0.05336792332148832,37.05830241802794,37.23047574630266,37.19264755070771,14.0,20.0,36.0,27.9,0.0,0.0,0.0,0.0,0.0,0.0,0.0,0.0,0.0,0.0
2026-06-09 15:00:26,-0.16971753175360593,-0.0765684717209858,2.323019506369599,0.3634623663667709,-0.3997673555270631,0.08360879739529903,-1.6779166223496058,2.6931273837432386,36.93937467135542,36.819704475528326,37.19607034298507,14.0,20.0,36.0,-58.9,0.0,0.0,0.0,0.0,0.0,0.0,0.0,0.0,0.0,0.0
2026-06-09 15:00:27,-2.5929027078372213,0.8923770824754182,-2.6329839495008116,0.18212468524809955,-2.5559753105139214,-2.7700179887269742,-0.9164691757244663,-2.097002000322429,36.508855017869756,36.80303140615871,37.07299205785052,14.0,20.0,36.0,43.2,0.0,0.0,0.0,0.0,0.0,0.0,0.0,0.0,0.0,0.0
2026-06-09 15:00:29,2.0708237835111785,-2.547480112337994,-0.8844996569870918,-1.4660292276873328,1.9837038465075096,-0.6415351100975109,-1.9860377127643831,2.1292603824723146,37.0438179273138,37.20618344157587,37.02656663292059,14.0,20.0,36.0,87.4,0.0,0.0,0.0,0.0,0.0,0.0,0.0,0.0,0.0,0.0
2026-06-09 15:00:30,0.16379765705687177,-2.041712337222835,0.8174004085335831,-0.28218951075363385,2.132327461441557,-2.6234489664396223,1.4474371128219978,-0.5990910059764749,36.54241169034692,37.29206561537302,37.07454724082048,14.0,20.0,36.0,31.1,0.0,0.0,0.0,0.0,0.0,0.0,0.0,0.0,0.0,0.0
2026-06-09 15:00:31,2.8486894884773317,-1.5609767576151012,0.021786133879630576,2.7375920699460075,0.48220312168142865,1.7519627716773494,-0.45386475270140014,1.8100921153879153,36.515322730899385,36.93379999981122,36.83606571765112,14.0,20.0,36.0,40.4,0.0,0.0,0.0,0.0,0.0,0.0,0.0,0.0,0.0,0.0
2026-06-09 15:00:32,2.367144863655513,-2.183642909172998,2.667778511059148,-1.3582675302809801,-1.2247923692429474,-1.3502310081103892,-0.45897806106731354,-1.7107522617874384,36.68262014431241,37.344705631182684,37.075034849216316,14.0,20.0,36.0,-13.4,0.0,0.0,0.0,0.0,0.0,0.0,0.0,0.0,0.0,0.0
2026-06-09 15:00:33,-2.2442831103213505,2.8871975687218887,0.6057897688518206,-0.27037731265949283,-1.9673472942769166,-2.210370234322041,0.4952632451505359,-1.1764389560691948,36.6230182504236,36.811264343423375,37.075143459475974,14.0,20.0,36.0,-91.2,0.0,0.0,0.0,0.0,0.0,0.0,0.0,0.0,0.0,0.0
2026-06-09 15:00:34,2.7070392043361355,2.0481901859638,-1.7248261330213168,2.280852292236311,-0.3276496503848194,2.4169514947513857,-1.7044495596644165,1.3040573207101938,36.50690004825656,37.187310122107164,37.153738698298355,14.0,20.0,36.0,-8.0,0.0,0.0,0.0,0.0,0.0,0.0,0.0,0.0,0.0,0.0
2026-06-09 15:00:35,0.19477487950072048,-0.7446178806099586,2.086357926187958,1.6317200955987108,-2.140761388997279,-1.0505790802380461,1.3719634883269993,-0.968396293268265,37.00697688859146,36.930775740313145,36.899745953928544,14.0,20.0,36.0,-34.5,0.0,0.0,0.0,0.0,0.0,0.0,0.0,0.0,0.0,0.0
2026-06-09 15:00:36,-0.15928600557941586,-0.04838644810641757,-0.6737198010206633,1.9326889572799342,2.6271835283645792,0.7629398956344859,-1.1723979197012782,-2.4676102980393892,36.743440988606004,36.83044616001515,36.780463672063945,14.0,20.0,36.0,18.5,0.0,0.0,0.0,0.0,0.0,0.0,0.0,0.0,0.0,0.0
2026-06-09 15:00:37,1.3324627093518515,1.599684069389924,1.355219070660346,-0.7045066017858552,-1.0987755078127586,-0.36698561963657284,1.9122263498038627,-1.7256835872004637,36.69563854120186,36.8462977583323,36.97391827003553,14.0,20.0,36.0,-75.6,0.0,0.0,0.0,0.0,0.0,0.0,0.0,0.0,0.0,0.0
2026-06-09 15:00:39,-2.4155216710203202,0.10618225767486678,-1.4846695473861797,-0.49947870346850376,1.576895611829145,1.4515379224262883,-2.7364293939489164,0.34685083693680996,36.84083699426268,36.964365940654986,37.28397416259588,14.0,20.0,36.0,35.0,0.0,0.0,0.0,0.0,0.0,0.0,0.0,0.0,0.0,0.0
2026-06-09 15:00:40,-2.319689185338995,0.12509878416390574,0.8275200724391603,-2.627753350449538,-2.341389375303795,0.9646017378633363,-1.9981753690621304,2.669514518497042,36.87879625817251,37.23105316957305,36.90017994129241,14.0,20.0,36.0,-25.1,0.0,0.0,0.0,0.0,0.0,0.0,0.0,0.0,0.0,0.0
2026-06-09 15:00:42,-0.3019751973052305,1.7435690957585788,-0.8902068452395868,-0.8709814835575695,-2.713160887453385,0.9506425614726774,2.590752398236651,-2.0167913947997036,36.96160332236819,37.326279634353114,36.89638347674294,14.0,20.0,36.0,-20.3,0.0,0.0,0.0,0.0,0.0,0.0,0.0,0.0,0.0,0.0
2026-06-09 15:00:43,0.42740202999639365,-1.088317184384321,-1.1743422393223824,1.6485998127914074,2.1616132943516,-2.049691083081549,-0.9216050893743821,2.161168835439426,36.62725370771345,37.162319008162896,37.14739608305142,14.0,20.0,36.0,57.0,0.0,0.0,0.0,0.0,0.0,0.0,0.0,0.0,0.0,0.0
2026-06-09 15:00:44,1.821184559603842,2.8233437038719247,-0.40628384621270275,-2.095685328009825,-2.9205551705500756,0.8893239552625873,-2.5777921993791186,0.8679447375371638,36.88349612867125,37.3101315607851,37.18801843978101,14.0,20.0,36.0,-63.3,0.0,0.0,0.0,0.0,0.0,0.0,0.0,0.0,0.0,0.0
2026-06-09 15:00:45,2.518564261471525,-2.4317358887505893,-0.7365450915607834,-2.901952865637985,1.9087537165823623,0.5328582039802301,-0.461658348832537,-2.1668451674659908,36.51370292633326,37.083956601648815,37.13922125030907,14.0,20.0,36.0,82.0,0.0,0.0,0.0,0.0,0.0,0.0,0.0,0.0,0.0,0.0
2026-06-09 15:00:46,-0.7861207186094799,-0.453267538050377,1.0429129285204581,-1.776591563181477,2.135701627132259,2.7043398013402635,1.183775887993404,2.0137784245176134,36.96544530658883,37.19189265571725,37.153928668698704,14.0,20.0,36.0,-13.3,0.0,0.0,0.0,0.0,0.0,0.0,0.0,0.0,0.0,0.0
2026-06-09 15:00:48,2.33790413980441,-0.9273313576332134,-0.0443713266814747,1.4001134471827967,-0.8144920385941106,1.281423600354314,0.983937553042324,-1.4159572648164993,36.55631922686856,37.193178775739355,36.93122708533439,14.0,20.0,36.0,26.3,0.0,0.0,0.0,0.0,0.0,0.0,0.0,0.0,0.0,0.0
2026-06-09 15:00:49,-0.8556137916381519,-1.5427588747808592,1.5768376977013219,-0.752226211305254,-0.5892254042760685,-0.5908766773316003,1.1042298656267349,-0.12275077677622992,36.527094414900375,36.86453767074405,37.031865562073925,14.0,20.0,36.0,-0.6,0.0,0.0,0.0,0.0,0.0,0.0,0.0,0.0,0.0,0.0
2026-06-09 15:00:51,-1.45794069621724,-0.42571175416191087,-2.519870384911536,1.9904983199836455,1.32017238083818,-2.7606542976211914,1.928887649526298,-2.4233955197695196,36.95519572406472,37.21366610867252,37.29935600528106,14.0,20.0,36.0,75.7,0.0,0.0,0.0,0.0,0.0,0.0,0.0,0.0,0.0,0.0
2026-06-09 15:00:52,-1.580879312077023,0.15110080719451968,0.6713762841291988,-1.6838275769026199,1.9169531122712424,1.1712959929917721,2.3839602031454348,2.7966208047713845,36.96291845063672,36.87077018884031,36.88380354255608,14.0,20.0,36.0,-19.5,0.0,0.0,0.0,0.0,0.0,0.0,0.0,0.0,0.0,0.0
2026-06-09 15:00:53,1.891425360550505,-0.7100558735462927,1.3104343773737863,-0.4789009883065152,-2.9238708639493005,1.1428502043940405,-1.6513420002358086,0.32379676497692556,36.597838389197435,37.339001996806,36.84593384417,14.0,20.0,36.0,-15.8,0.0,0.0,0.0,0.0,0.0,0.0,0.0,0.0,0.0,0.0
2026-06-09 15:00:54,-0.730177415846351,-2.624336854736086,0.3422488354771307,-2.154704426520488,2.5273904617219864,-2.8481429429723355,-1.7738051816591982,-0.4917100713394573,36.973941884068225,36.84022009894135,37.28175767532524,14.0,20.0,36.0,56.7,0.0,0.0,0.0,0.0,0.0,0.0,0.0,0.0,0.0,0.0
2026-06-09 15:00:55,-0.382892625323104,-1.7041830565696867,-1.4150071199775995,-1.2288738279989295,-0.7300069112612784,0.7473023547478146,-1.8836830170627545,-1.4137218821828406,36.67567455847467,37.27463403020494,37.02999623296603,14.0,20.0,36.0,80.1,0.0,0.0,0.0,0.0,0.0,0.0,0.0,0.0,0.0,0.0
2026-06-09 15:00:56,-0.5284825142256366,0.8238526507386021,1.024377737948412,2.737107050335754,0.3560266410616997,0.5837122926067924,-0.3880818385265439,-0.9799085614571399,36.96118063761711,37.276018814091884,37.1253968485346,14.0,20.0,36.0,-47.7,0.0,0.0,0.0,0.0,0.0,0.0,0.0,0.0,0.0,0.0
2026-06-09 15:00:58,2.7849586945448443,1.5632953918055268,-0.7446027577768843,0.2581627826507722,2.480192253784004,-0.7077205985381321,-0.13988460355900845,-1.1481843277091497,36.539586864399695,37.38220539742867,37.26374178196742,14.0,20.0,36.0,-21.6,0.0,0.0,0.0,0.0,0.0,0.0,0.0,0.0,0.0,0.0
2026-06-09 15:00:59,-2.703976610019584,0.10135559087135304,-1.0951437821377685,-2.702282408682037,-2.79444667008058,2.636379626767255,1.7056529486045306,2.777469612272732,36.724483714195394,37.318142054838,37.1967058878706,14.0,20.0,36.0,27.9,0.0,0.0,0.0,0.0,0.0,0.0,0.0,0.0,0.0,0.0
2026-06-09 15:01:01,-1.2434638663236346,1.8384868737579971,1.1474704058262821,1.7447761522127623,-1.5954000144917746,-0.9749448904204439,-1.6920764455354267,-0.5788480313761895,36.74449737994367,37.12140760837472,36.82318494009567,14.0,20.0,36.0,-78.5,0.0,0.0,0.0,0.0,0.0,0.0,0.0,0.0,0.0,0.0
2026-06-09 15:01:02,0.8818824173386464,2.9269323179430424,-1.2664285547801128,-1.8174162905126132,1.0849931684593397,1.8048801250414233,2.440637205334091,1.1173117560067771,36.90193783667413,37.31613441607036,37.222195922445835,14.0,20.0,36.0,-40.8,0.0,0.0,0.0,0.0,0.0,0.0,0.0,0.0,0.0,0.0
2026-06-09 15:01:03,2.3340763753864584,-1.8409789222354793,0.6077290265612709,0.8882117736924817,1.0517462842683516,-0.6980148700397875,0.20363243945873055,-0.23817466813461774,36.957369948920366,36.84080517404444,37.03119361106061,14.0,20.0,36.0,31.6,0.0,0.0,0.0,0.0,0.0,0.0,0.0,0.0,0.0,0.0
2026-06-09 15:01:04,0.6173647064253305,2.1008047352852515,-1.1341746176699385,1.180681488298374,1.3672594858425988,-2.0675016009936735,2.9676033253359018,-0.23089774533573149,37.03146993530216,37.31375792258892,37.06157369721144,14.0,20.0,36.0,-24.5,0.0,0.0,0.0,0.0,0.0,0.0,0.0,0.0,0.0,0.0
2026-06-09 15:01:05,2.2935700767379927,-1.210418611329241,2.7703793421753042,-0.48659511647106424,-2.5714499474369887,0.5567674777824605,1.8152224788679874,-1.4415282022352682,36.839806916892634,37.17001348148497,37.1043775929878,14.0,20.0,36.0,-39.2,0.0,0.0,0.0,0.0,0.0,0.0,0.0,0.0,0.0,0.0
2026-06-09 15:01:06,0.15359924854577578,0.27618612710477697,0.603396477960636,-2.61751690755786,-1.5058825606969237,-2.164297994971997,2.6636312244895892,1.7376104701494768,36.86620855631282,36.860155125165,37.13755902398688,14.0,20.0,36.0,-22.5,0.0,0.0,0.0,0.0,0.0,0.0,0.0,0.0,0.0,0.0
2026-06-09 15:01:07,-1.2054970146366093,-0.017291810325850143,-0.4731696445978084,-1.022893168144382,1.7790657145243438,-0.5342795227438399,0.2982938236503472,1.8703740047904365,36.804453481467775,36.87064690542822,36.720673442766476,14.0,20.0,36.0,12.6,0.0,0.0,0.0,0.0,0.0,0.0,0.0,0.0,0.0,0.0
2026-06-09 15:01:08,0.7011151523958667,1.4168981060236892,1.4115440610131937,-0.9412646813947054,-1.8160610629399503,-1.9878186909697688,-2.05770492001073,1.958420168258371,36.676004731950265,37.37805705739917,37.05855530889863,14.0,20.0,36.0,-75.2,0.0,0.0,0.0,0.0,0.0,0.0,0.0,0.0,0.0,0.0
2026-06-09 15:01:10,1.2927250620239334,1.2332946058930965,2.524491900799866,-2.8685540196295065,-2.449028255960864,-0.8347590505886826,-0.07260262229170111,1.6652012844767619,36.905017232136295,36.91705438659107,36.80927472575314,14.0,20.0,36.0,-97.6,0.0,0.0,0.0,0.0,0.0,0.0,0.0,0.0,0.0,0.0
2026-06-09 15:01:11,-0.22493828600396082,0.8053824130628207,2.372219189177839,-0.9464358202042931,-0.8964089815042495,0.6443113413389789,-1.729454494573511,-2.6381853653422755,37.034381443579704,36.86306581251817,37.16963571279456,14.0,20.0,36.0,-82.7,0.0,0.0,0.0,0.0,0.0,0.0,0.0,0.0,0.0,0.0
2026-06-09 15:01:12,-0.5020476564917624,-0.527558942485908,1.3740962884289427,-2.65881256828888,-1.2169707231916536,-2.88314783355918,-0.935516503457742,-2.1479044983213624,37.024940290784855,36.89168116978197,37.267037209856504,14.0,20.0,36.0,-23.8,0.0,0.0,0.0,0.0,0.0,0.0,0.0,0.0,0.0,0.0
2026-06-09 15:01:14,1.7855933228768803,-0.6559611504357852,1.19139811698391,-0.21346672622430507,-0.6262459961338109,0.7117383830200192,-0.41379655245657876,-2.890489065540738,37.00597317145175,37.11651776635557,36.721791223347594,14.0,20.0,36.0,-13.7,0.0,0.0,0.0,0.0,0.0,0.0,0.0,0.0,0.0,0.0
2026-06-09 15:01:15,-1.2549594728240885,-1.570850768879506,-2.4717768136522826,-2.919477248546328,0.7197881401511621,-0.0326153394333728,0.27993063426491904,-1.7170105730115783,36.736937247019924,37.034888736055294,36.93908954372361,14.0,20.0,36.0,104.7,0.0,0.0,0.0,0.0,0.0,0.0,0.0,0.0,0.0,0.0
2026-06-09 15:01:16,-1.3386775793282053,-0.41163273563334135,0.31010865411459587,1.666670292035728,1.4185627900195925,-1.2144425997725123,-0.2607984745443708,-0.5000635923965007,37.01363037157213,36.950262597303926,36.79131470759918,14.0,20.0,36.0,1.9,0.0,0.0,0.0,0.0,0.0,0.0,0.0,0.0,0.0,0.0
2026-06-09 15:01:18,-1.2766384550934309,2.5224235970384816,2.8623263044889873,-0.07144602467791472,-2.339900271446326,-2.1000142627345033,2.1847682621598574,1.6088248137405046,36.91148832428967,37.373738399145864,37.20690120440335,14.0,20.0,36.0,-100,0.0,0.0,0.0,0.0,0.0,0.0,0.0,0.0,0.0,0.0
2026-06-09 15:01:19,-1.1360584765029154,-2.0334552718223673,1.0012389163368631,0.8739147752265151,0.7279542767868574,-0.9026639521404141,-1.6713476389935005,0.7248805470727251,36.73987695164066,36.8862723669604,37.10631653226962,14.0,20.0,36.0,25.4,0.0,0.0,0.0,0.0,0.0,0.0,0.0,0.0,0.0,0.0
2026-06-09 15:01:20,-2.516510543204725,-2.4648816491860828,2.2389102578797795,2.814989938176205,0.1835395056643927,2.4966314634924602,2.3171082427034877,-1.6568453500564335,36.559921849590246,36.98636840620369,37.04686484406007,14.0,20.0,36.0,8.2,0.0,0.0,0.0,0.0,0.0,0.0,0.0,0.0,0.0,0.0
2026-06-09 15:01:21,0.571344746751759,0.620669421475351,-0.4810844119959188,0.6383549770505672,-1.5882627548073656,-1.8432184367157722,-2.2794324426236328,0.637121120294224,36.85947509039826,36.98700594620265,36.77419125895944,14.0,20.0,36.0,-5.7,0.0,0.0,0.0,0.0,0.0,0.0,0.0,0.0,0.0,0.0
2026-06-09 15:01:23,-0.9015611054696042,-2.6393174509793393,1.631366842488065,2.147508367657605,-1.0438251373350358,-0.21080470380286975,0.14538524013692955,0.9639432429420283,36.81921366105503,36.89778717264133,37.22727658996284,14.0,20.0,36.0,26.0,0.0,0.0,0.0,0.0,0.0,0.0,0.0,0.0,0.0,0.0
2026-06-09 15:01:24,1.4416253772577612,-1.048265189221648,0.2774370936357089,1.7373251270344898,-0.7512687927015271,0.9616346353722252,0.93229537323045,2.5286876721358773,36.77469771800812,36.899940042989044,37.169352262199865,14.0,20.0,36.0,20.9,0.0,0.0,0.0,0.0,0.0,0.0,0.0,0.0,0.0,0.0
2026-06-09 15:01:25,0.45464491304940946,1.978944145418013,-2.993813696007086,-1.8892121487693863,1.4431443971849234,2.842862352472242,-0.10664796740631921,0.42168830696275794,36.89304591864957,36.844635435854336,37.25979796621571,14.0,20.0,36.0,27.6,0.0,0.0,0.0,0.0,0.0,0.0,0.0,0.0,0.0,0.0
2026-06-09 15:01:26,2.938816186630371,-0.9336962212744626,2.9068869952409795,2.8497718220325847,-0.36986243276333974,0.21409640094699212,-1.849946561956629,0.35916934629664743,36.726908879278945,37.2593441376839,36.926947092946904,14.0,20.0,36.0,-51.8,0.0,0.0,0.0,0.0,0.0,0.0,0.0,0.0,0.0,0.0
2026-06-09 15:01:27,-0.3960248892313061,0.7114943918463941,-0.6470073437078692,-1.5219395005229308,-1.494314411460752,1.9321338878935839,2.858125104131341,-1.6863539801085872,36.50889140925614,36.839390092287275,37.02418495227478,14.0,20.0,36.0,0.7,0.0,0.0,0.0,0.0,0.0,0.0,0.0,0.0,0.0,0.0
2026-06-09 15:01:29,-1.2065974716264085,-2.4658878901393964,1.8578834317001762,2.31457689221046,0.4940933830222898,-0.41285418324658085,-2.619757866847264,-2.4048545937129613,36.60442880724092,37.236511802832126,36.72421544596061,14.0,20.0,36.0,14.2,0.0,0.0,0.0,0.0,0.0,0.0,0.0,0.0,0.0,0.0
2026-06-09 15:01:30,-0.7517091842765984,-0.7217297492936536,2.538154261503583,-2.1114972769391764,2.625343377238236,1.9765407785237024,-0.42556923983540695,-1.2887933587525013,37.00808769830317,37.08914183703035,36.7933299094267,14.0,20.0,36.0,-46.2,0.0,0.0,0.0,0.0,0.0,0.0,0.0,0.0,0.0,0.0
2026-06-09 15:01:31,0.6176013015655064,0.5779023779649233,2.278914363595594,0.8273961863091399,-0.0954876355191776,2.0665103806650267,2.2102344519035633,0.11853182461668244,36.61274893478646,36.932190442654516,37.11009430930848,14.0,20.0,36.0,-71.7,0.0,0.0,0.0,0.0,0.0,0.0,0.0,0.0,0.0,0.0
2026-06-09 15:01:33,-1.105818335293888,2.509422983195761,2.2173931545103516,0.497119557550187,-0.6061902578932998,0.5449531897068276,0.2449884388952941,0.2686573340163294,36.53655356777501,36.925248436908966,37.05719195395641,14.0,20.0,36.0,-100,0.0,0.0,0.0,0.0,0.0,0.0,0.0,0.0,0.0,0.0
2026-06-09 15:01:34,-2.699214079257877,0.626493561748493,-2.8468972046103818,2.433424653344286,0.7130270173840341,-1.0841828470337012,-1.3430957875747467,1.8145143548012062,37.08111057927324,36.94113574861431,37.1255526887668,14.0,20.0,36.0,56.2,0.0,0.0,0.0,0.0,0.0,0.0,0.0,0.0,0.0,0.0
2026-06-09 15:01:35,0.5301099106513991,2.5015780654176014,-0.17779331723279856,2.091926656121043,-0.7407270856166157,2.764743867987706,0.9226339170482722,-2.722659047702713,36.68785135542383,37.36514176306067,36.99606185606104,14.0,20.0,36.0,-58.2,0.0,0.0,0.0,0.0,0.0,0.0,0.0,0.0,0.0,0.0
2026-06-09 15:01:36,-0.4713143649452207,-1.5267635249341773,-0.5723954881938496,-2.467520202240186,2.2044868536774924,0.4472071890398679,-1.388528388921835,-1.1287256567259134,36.72235476346758,37.296933854277675,37.08697978422828,14.0,20.0,36.0,53.8,0.0,0.0,0.0,0.0,0.0,0.0,0.0,0.0,0.0,0.0
2026-06-09 15:01:37,1.2180109812052686,-0.17860626479696862,2.9363804858296385,0.28298956099018824,-1.6108694953539693,-1.7981826858950367,-1.5199542496824088,-0.031728317372893056,36.88443352627589,37.137089040565044,36.81830203417633,14.0,20.0,36.0,-99.0,0.0,0.0,0.0,0.0,0.0,0.0,0.0,0.0,0.0,0.0
2026-06-09 15:01:38,2.1365895777078734,-1.921040072704052,-1.5663555072825577,-0.7210316610913434,-2.0011298414906293,-2.9681487443176,1.6179300920099973,-1.4127748066334094,37.00219773094776,36.978627877588025,36.73461363672024,14.0,20.0,36.0,-99.0,0.0,0.0,0.0,0.0,0.0,0.0,0.0,0.0,0.0,0.0
2026-06-09 15:01:39,1.5043041415732388,-1.588303102269455,2.0161213674548524,-2.8969519115384994,2.5581467360036925,-0.18251226451629066,0.012127704624186997,0.6730055176695648,36.92752165149533,37.15058340057342,37.19489674018747,14.0,20.0,36.0,-99.0,0.0,0.0,0.0,0.0,0.0,0.0,0.0,0.0,0.0,0.0
2026-06-09 15:01:40,-2.4799851355492057,-1.8018349674602427,-1.1946385010538667,1.2446134009874363,1.9896263974956758,2.466791028041648,-0.9831613197424947,-1.9167010437154055,37.02551484720253,36.8908233270469,36.78265678002097,14.0,20.0,36.0,-99.0,0.0,0.0,0.0,0.0,0.0,0.0,0.0,0.0,0.0,0.0
2026-06-09 15:01:42,1.2253553268560804,-1.512510889747419,-2.6882493829926055,0.22944200800102266,-0.6976706702769948,0.3480473597325071,0.8919254413039548,0.08968475578333734,36.73497040261729,37.39204352604141,37.194421208440126,14.0,20.0,36.0,-99.0,0.0,0.0,0.0,0.0,0.0,0.0,0.0,0.0,0.0,0.0
2026-06-09 15:01:43,0.7821789181543028,-2.7330609737039957,-0.08062956709640501,1.7696560784205522,-2.6145874249111234,-0.3811246657080347,0.7411375228868504,-2.245357099023501,36.54568661695851,36.85737113646944,36.823067662360245,14.0,20.0,36.0,-99.0,0.0,0.0,0.0,0.0,0.0,0.0,0.0,0.0,0.0,0.0
2026-06-09 15:01:44,-2.0076314375751076,-0.38650646706036174,-0.9533502558735862,-0.3801012387053264,-1.3433617930586998,0.19984398033584982,1.223868201314227,1.7407618865484427,36.50870016947578,37.36324418779392,36.84579539122795,14.0,20.0,36.0,-99.0,0.0,0.0,0.0,0.0,0.0,0.0,0.0,0.0,0.0,0.0
2026-06-09 15:01:46,-2.754581978985861,2.713806755351074,-0.47603307187868893,-0.752360785233154,2.2374196601171974,2.7251164743012524,-1.4952987469904178,-0.5243077550516189,36.831011383262194,36.86320918076123,36.826561652001295,14.0,20.0,36.0,-99.0,0.0,0.0,0.0,0.0,0.0,0.0,0.0,0.0,0.0,0.0
2026-06-09 15:01:47,-0.5843020670014769,2.23593817077058,-0.49397330281425944,-1.0122602856386955,0.5271677313483059,-1.9002790972792956,-0.8696150714652555,-1.652988784292256,36.65902201969252,36.93666317399918,37.22286093005798,14.0,20.0,36.0,-99.0,0.0,0.0,0.0,0.0,0.0,0.0,0.0,0.0,0.0,0.0
2026-06-09 15:01:49,-0.6685958150709337,-1.0621291428889064,-2.142829035390612,1.4214191906954712,2.019541470867292,-0.8934015535539945,-1.4166434025192944,1.7623980172752312,36.52213679670453,37.18362228581107,36.779203499485476,14.0,20.0,36.0,-99.0,0.0,0.0,0.0,0.0,0.0,0.0,0.0,0.0,0.0,0.0
2026-06-09 15:01:50,1.3406091718742497,-2.372633868533115,-2.115116256463934,1.0790600586155001,1.3173681763705307,-1.0369050720432404,-0.5528250213392338,2.4721827614343006,36.58087518289243,36.84262562713961,37.116084465790045,14.0,20.0,36.0,-99.0,0.0,0.0,0.0,0.0,0.0,0.0,0.0,0.0,0.0,0.0
2026-06-09 15:01:51,0.779798476712652,-0.0648224367858421,-2.447039237393241,-1.6829118415715059,1.7731905212599788,-1.6144872842902376,-1.9943390025224579,-1.1300878886428056,37.090275540142535,36.80317124046066,36.95353050947911,14.0,20.0,36.0,-99.0,0.0,0.0,0.0,0.0,0.0,0.0,0.0,0.0,0.0,0.0
2026-06-09 15:01:52,2.872168030118157,2.289085874162545,1.5762878341985278,-0.9849003344064684,-0.7875064188276752,-2.2400401408336323,-2.913114173255393,-2.557259239558908,36.5473102179925,37.333216536071866,36.71409192873117,14.0,20.0,36.0,-99.0,0.0,0.0,0.0,0.0,0.0,0.0,0.0,0.0,0.0,0.0
2026-06-09 15:01:54,-0.41008285371448494,-1.2794237928964847,1.0298588370454027,-2.198593370452861,1.8013423290379373,1.1864633796524124,-2.805466196177073,-2.3444482422426534,36.858232897760615,37.04576108389663,37.16372996410702,14.0,20.0,36.0,-99.0,0.0,0.0,0.0,0.0,0.0,0.0,0.0,0.0,0.0,0.0
2026-06-09 15:01:55,0.08034625509857829,0.9908035488886187,0.43618123513545104,2.9514493278060945,1.7753861795665848,1.422257228539193,1.9693930756187727,-0.46044831015295884,36.66992029109889,37.305836821208274,37.28607469032703,14.0,20.0,36.0,-99.0,0.0,0.0,0.0,0.0,0.0,0.0,0.0,0.0,0.0,0.0
2026-06-09 15:01:56,-0.8088195897547412,-2.8420619111401546,-1.8457436036216572,2.0998267872663305,-1.884225255838343,0.7587692402539594,0.11135630977263045,1.1237106794134553,36.767194859741394,37.142578196698636,36.86342859526928,14.0,20.0,36.0,-99.0,0.0,0.0,0.0,0.0,0.0,0.0,0.0,0.0,0.0,0.0
2026-06-09 15:01:57,-0.40963484686404517,-1.8098160199395348,-1.0786939290834223,-2.166147454596863,-1.8821445069251486,2.757746307993025,0.10196261378325211,-0.006049638516278932,36.621340113361526,36.84704303005019,37.03389485038827,14.0,20.0,36.0,-99.0,0.0,0.0,0.0,0.0,0.0,0.0,0.0,0.0,0.0,0.0
2026-06-09 15:01:58,1.0737270224636468,-0.7154687209338766,-0.9446033489182142,-2.1934826135446004,-1.2932320099596077,-0.586519249294152,0.22176123524795166,-0.0751507881740654,36.6963420385186,36.896875170141,37.28075880125527,14.0,20.0,36.0,-99.0,0.0,0.0,0.0,0.0,0.0,0.0,0.0,0.0,0.0,0.0
2026-06-09 15:02:00,2.759027610525476,-1.4499892856081704,-2.4410286655819045,-2.457675738679109,-2.625982105545055,2.2093905531000306,2.5580604348696196,2.821935584091758,36.50070819424858,36.92763753620707,36.8643349187823,14.0,20.0,36.0,-99.0,0.0,0.0,0.0,0.0,0.0,0.0,0.0,0.0,0.0,0.0
2026-06-09 15:02:01,-2.3946027045291154,0.27689071913569974,-2.736293688769445,-0.9245775225447446,-1.4619109701415733,-0.3371977885873205,-0.029983439630797193,-2.663385368799271,36.52963796117513,36.83834991593035,37.009375502095835,14.0,20.0,36.0,-99.0,0.0,0.0,0.0,0.0,0.0,0.0,0.0,0.0,0.0,0.0
2026-06-09 15:02:03,-2.9687553534827895,1.4816028458645327,2.202463104719108,1.3820397986563915,1.264661360085789,2.385486926425817,1.4093722855454898,-0.059749880696403856,36.84591253976703,37.27690127916244,36.769939810027,14.0,20.0,36.0,-99.0,0.0,0.0,0.0,0.0,0.0,0.0,0.0,0.0,0.0,0.0
2026-06-09 15:02:04,-0.7807851161972801,2.3922160728148523,2.26272166924954,0.7900512040895231,2.968550277483315,-0.153553057066111,1.2900321540691335,2.576463051013576,36.75027091045544,37.27604413200036,37.15121862756147,14.0,20.0,36.0,-99.0,0.0,0.0,0.0,0.0,0.0,0.0,0.0,0.0,0.0,0.0
2026-06-09 15:02:05,1.294064514453357,-0.16377242623240562,-2.7309371801344557,-0.8698338544700008,-2.7785330343174413,2.709495068335838,0.8237382006778571,-2.2595721931768686,36.624115454883565,36.96382509898128,36.72328606351357,14.0,20.0,36.0,-99.0,0.0,0.0,0.0,0.0,0.0,0.0,0.0,0.0,0.0,0.0
2026-06-09 15:02:06,-2.254723744427051,-0.07076644429687873,1.1406488339872896,1.2527453671802444,2.494430636908181,-1.0964624409010275,2.9121870299951667,-0.6745245786378371,36.63536015671925,36.85609711180077,36.97483776306953,14.0,20.0,36.0,-99.0,0.0,0.0,0.0,0.0,0.0,0.0,0.0,0.0,0.0,0.0
2026-06-09 15:02:07,-1.7835322337591373,-0.7103136895784599,-0.4101561508871874,-0.12405792483762745,-1.1131835795493608,1.0868850835907562,-2.3343557088041464,1.7096176415898068,36.8040831455374,37.21831673963709,37.212393356093116,14.0,20.0,36.0,-99.0,0.0,0.0,0.0,0.0,0.0,0.0,0.0,0.0,0.0,0.0
2026-06-09 15:02:09,1.8743009729553695,0.2444178861105586,2.4147632942027304,2.9738636862608434,0.7389519289054802,2.6048422977584016,0.038680573733992585,1.866392748816832,36.986386801452426,37.153382514738745,36.89993533773015,14.0,20.0,36.0,-99.0,0.0,0.0,0.0,0.0,0.0,0.0,0.0,0.0,0.0,0.0
2026-06-09 15:02:10,1.5158024083769597,-2.8212097902101965,-0.7396134710668205,-0.3641495457392292,1.0825259343054308,1.6443623851608642,-0.2024527288684448,1.8326590857761413,36.53678305516108,37.198851687101495,36.836672239077615,14.0,20.0,36.0,-99.0,0.0,0.0,0.0,0.0,0.0,0.0,0.0,0.0,0.0,0.0
2026-06-09 15:02:11,-2.2537956973184894,0.10958522660409864,-2.48939214533538,-0.5994745914712856,-0.7043853933661355,-0.9616015783577252,-2.1208206040541295,-1.130001520371229,36.77590516802234,36.942634718916736,36.74423010447693,14.0,20.0,36.0,-99.0,0.0,0.0,0.0,0.0,0.0,0.0,0.0,0.0,0.0,0.0
2026-06-09 15:02:12,-2.3720335307720353,-1.5029847834156558,-0.3190786879630574,2.1849778913736984,0.6943271791324435,-1.035105584107393,-1.8245914238518859,0.40412158612839644,36.81962097718438,37.16951085874532,37.14179546234412,14.0,20.0,36.0,-99.0,0.0,0.0,0.0,0.0,0.0,0.0,0.0,0.0,0.0,0.0
2026-06-09 15:02:13,-2.2317758734224795,-0.05262036989185859,-2.364547729541423,0.5990402332933433,-0.3017382026530546,1.8735903324688667,-2.5640295093368635,1.3092661019931677,36.92655116468555,37.18084546432457,37.074750036369856,14.0,20.0,36.0,-99.0,0.0,0.0,0.0,0.0,0.0,0.0,0.0,0.0,0.0,0.0
2026-06-09 15:02:14,0.8409043931325186,-1.6685927975130752,-1.784119989693212,1.2391894599815965,-0.4084717147447563,-2.808898565695168,0.29419688803573196,2.8365677298174337,36.79728129352871,36.89494544774268,36.83806581373296,14.0,20.0,36.0,-99.0,0.0,0.0,0.0,0.0,0.0,0.0,0.0,0.0,0.0,0.0
2026-06-09 15:02:15,-1.3047827566149617,-1.4554958309389718,0.21642341697151846,-0.73997169758178,2.764023114031314,1.1513852976518093,-2.2291887488428497,1.3145562711533323,36.56029924817846,37.18984256442016,36.72231347304311,14.0,20.0,36.0,-99.0,0.0,0.0,0.0,0.0,0.0,0.0,0.0,0.0,0.0,0.0
2026-06-09 15:02:16,-2.9648783154539275,0.4622861413795718,-0.4375158662720855,2.750235643580141,-2.093724347730044,0.003007938976347546,2.78647202099919,0.849473059203242,36.63277552875585,36.84430776448364,36.92182194363989,14.0,20.0,36.0,-99.0,0.0,0.0,0.0,0.0,0.0,0.0,0.0,0.0,0.0,0.0
2026-06-09 15:02:17,-0.6048561243539283,-1.1853319137526959,-1.8471049363151144,-2.588503282078256,1.562742209183508,-2.515556559221718,-0.30219074611609376,-1.8813476735541477,36.83956457552833,37.17965478917989,36.839196082912814,14.0,20.0,36.0,-99.0,0.0,0.0,0.0,0.0,0.0,0.0,0.0,0.0,0.0,0.0
2026-06-09 15:02:18,-0.7485338189106421,-2.1388753345809706,-1.1107179526641875,2.0972255376481073,2.8113616973963875,2.676569514446774,-1.9137222061862948,-1.9299908666913845,36.776018071516205,36.80848792878336,36.88449672697993,14.0,20.0,36.0,-99.0,0.0,0.0,0.0,0.0,0.0,0.0,0.0,0.0,0.0,0.0
2026-06-09 15:02:19,-0.961389720856864,0.7691511525011294,0.5496206876851559,-2.2769341393592506,-0.32299350760363943,2.179625296025705,-1.0829420703377535,-0.8731707863468223,36.58654572023444,37.35374283057623,37.297442463302275,14.0,20.0,36.0,-99.0,0.0,0.0,0.0,0.0,0.0,0.0,0.0,0.0,0.0,0.0
2026-06-09 15:02:21,0.8611599187036179,-0.2331242857564444,1.614868970869444,-0.7072077490858009,-2.488212546693986,1.2002088764816703,-2.862888282232285,-0.3657575522998022,36.91538323574485,36.80047112365972,37.07339179564536,14.0,20.0,36.0,-99.0,0.0,0.0,0.0,0.0,0.0,0.0,0.0,0.0,0.0,0.0
2026-06-09 15:02:22,0.8020674043757694,1.76339153162081,2.5280222699615544,-2.1079325214978497,0.8778108696146019,0.7776968156078556,0.9765988168819879,2.8334926558356006,36.70681210842119,37.21646346479577,36.89716207035744,14.0,20.0,36.0,-99.0,0.0,0.0,0.0,0.0,0.0,0.0,0.0,0.0,0.0,0.0
2026-06-09 15:02:23,-2.0122038971833494,1.8863459158499225,-1.0274225932907697,-2.1917833452982016,2.706235635576469,2.3516949989089664,-2.9067930605016645,-2.7375093100046293,37.02567611188882,37.201767517080924,37.291528564594,14.0,20.0,36.0,-99.0,0.0,0.0,0.0,0.0,0.0,0.0,0.0,0.0,0.0,0.0
2026-06-09 15:02:24,0.3965721797523041,-1.891390437202435,-0.8614903200712485,0.18347335241011375,-0.6060809651309289,1.5496289919000708,-1.0922233705473603,1.4395511856550263,36.81546441725397,37.300206872212385,37.135540289694745,14.0,20.0,36.0,-99.0,0.0,0.0,0.0,0.0,0.0,0.0,0.0,0.0,0.0,0.0
2026-06-09 15:02:25,-1.7915708838400302,-0.8677807690455821,-0.3888494279594177,-1.0564304330425742,-0.6154176972171639,-1.7164304292329722,-2.8155319324274553,0.7269919177836073,37.09401866196899,37.00637952961736,37.23265920275506,14.0,20.0,36.0,-99.0,0.0,0.0,0.0,0.0,0.0,0.0,0.0,0.0,0.0,0.0
2026-06-09 15:02:26,-2.141861666111976,-1.1284079242235623,0.3528224119907666,-2.521184801933822,-1.4868544299308786,-0.7629264491666712,0.37913865731845675,1.6778733185008035,36.56437857193828,36.916673378129005,37.23823784318137,14.0,20.0,36.0,-99.0,0.0,0.0,0.0,0.0,0.0,0.0,0.0,0.0,0.0,0.0
2026-06-09 15:02:27,-0.5402447215795201,1.908466869683922,0.11335465028312175,-1.2798281237994142,0.14892720700607942,2.1018016027539526,-0.9797127425434744,-0.986872807643528,36.68082521557991,36.98087760085553,37.048938066771164,14.0,20.0,36.0,-99.0,0.0,0.0,0.0,0.0,0.0,0.0,0.0,0.0,0.0,0.0
2026-06-09 15:02:29,1.2925611081800623,2.718167598521301,-0.024924950756961106,2.2201086724921284,-2.8182798082178255,-1.1856599229221116,-1.2126867579922227,2.497332314213951,36.5730065924523,37.24669326659735,37.05293540018207,14.0,20.0,36.0,-99.0,0.0,0.0,0.0,0.0,0.0,0.0,0.0,0.0,0.0,0.0
2026-06-09 15:02:30,-0.3230352296516088,-1.7030136988926798,-0.10188172464923362,2.952342003608714,-2.6845449339831307,0.08850906309671869,-2.806641218941091,-1.7565694318935063,37.0673517116334,37.090937339873136,36.797030956692396,14.0,20.0,36.0,-99.0,0.0,0.0,0.0,0.0,0.0,0.0,0.0,0.0,0.0,0.0
2026-06-09 15:02:32,-0.17463101560100025,2.709357443758316,-2.542676126365885,1.947734523742259,2.0906265802499275,-2.9350872266247565,2.1436056447659695,-1.9797598942361205,36.690291750870976,37.05657040934374,37.05369648672473,14.0,20.0,36.0,-99.0,0.0,0.0,0.0,0.0,0.0,0.0,0.0,0.0,0.0,0.0
2026-06-09 15:02:33,1.9690038282262323,-0.20406031378877287,2.1242615917926297,-2.4765235139552066,-0.6474494454863704,-1.0371260248044665,-1.5703950297899054,1.7971137810380622,36.82650253157724,37.14995487499991,37.10614928681434,14.0,20.0,36.0,-99.0,0.0,0.0,0.0,0.0,0.0,0.0,0.0,0.0,0.0,0.0
2026-06-09 15:02:34,-2.5313778929717623,0.3455206083541853,-2.801944724873323,0.9095671120436704,0.13075029223121515,1.0061844516634952,2.791195122983818,1.0085454912149547,36.91485279241071,36.98951277764743,36.95813845753302,14.0,20.0,36.0,-99.0,0.0,0.0,0.0,0.0,0.0,0.0,0.0,0.0,0.0,0.0
2026-06-09 15:02:35,0.6245372322300966,2.5394621826923895,2.7243751293567984,2.217870386120466,2.7023935613912284,-0.3243954722099973,-1.7730391153197158,-0.23288836670606816,36.95778474298103,37.00850416681434,36.7209748889619,14.0,20.0,36.0,-99.0,0.0,0.0,0.0,0.0,0.0,0.0,0.0,0.0,0.0,0.0
2026-06-09 15:02:36,1.3296625054385327,0.8721373865375703,0.34429195957003955,-1.0636305183797155,-1.0907975888003865,-0.9064731009186997,2.202567091012167,-1.5654768693725327,37.024916809567536,37.27355054210913,37.08859933351733,14.0,20.0,36.0,-99.0,0.0,0.0,0.0,0.0,0.0,0.0,0.0,0.0,0.0,0.0
2026-06-09 15:02:37,2.288194092593347,-1.982152145004256,1.4993435879972292,-2.3489829815571275,2.2623704471390145,1.4496580616549855,1.8647701834979182,-1.927752587355641,36.752170660267346,36.853200366216036,36.73347720876605,14.0,20.0,36.0,-99.0,0.0,0.0,0.0,0.0,0.0,0.0,0.0,0.0,0.0,0.0
2026-06-09 15:02:38,-2.0861568152331484,2.8451839777336243,-0.6449772621544323,-1.4965411308136813,0.14159032887799405,-0.6972958995929379,0.4187511759611393,-1.2341132175480307,36.74186580569845,36.817054863855645,36.85194655983966,14.0,20.0,36.0,-99.0,0.0,0.0,0.0,0.0,0.0,0.0,0.0,0.0,0.0,0.0
2026-06-09 15:02:39,-2.923574777054746,2.998351933221607,1.1828314039946433,0.3307261943867994,1.6690606052870844,-0.4923211968871204,2.8284854850908756,-1.1147197718887347,36.81391582448558,37.05312103872267,36.779717775615175,14.0,20.0,36.0,-99.0,0.0,0.0,0.0,0.0,0.0,0.0,0.0,0.0,0.0,0.0
2026-06-09 15:02:41,2.8358189496258834,-1.6725675393874877,1.7824717522005358,-2.3459572861013274,-2.640747478412778,1.4107845758718698,-0.8566341117375655,-0.33570780146470547,36.785602461711825,36.872003349969816,37.00789310175413,14.0,20.0,36.0,-99.0,0.0,0.0,0.0,0.0,0.0,0.0,0.0,0.0,0.0,0.0
2026-06-09 15:02:42,1.419647940601246,-2.28361226805357,0.9918886825868318,0.9594203507529535,-2.0012485200368078,1.4681506717726274,0.5274065019852268,-2.95279400862025,37.049883557644904,36.81894053385775,36.980224270986355,14.0,20.0,36.0,-99.0,0.0,0.0,0.0,0.0,0.0,0.0,0.0,0.0,0.0,0.0
2026-06-09 15:02:43,-0.6740185688142777,0.12365463641813745,-1.227966939846843,-2.070490506119636,-2.258854658400219,1.3046267680193369,2.000286098318936,0.5703687522296628,36.97204312486784,36.87344326489003,36.78250700522321,14.0,20.0,36.0,-99.0,0.0,0.0,0.0,0.0,0.0,0.0,0.0,0.0,0.0,0.0
2026-06-09 15:02:44,-1.497657399555686,-1.2802472681032384,-2.166421769301305,2.3126281258792334,2.8030857742500306,-2.229696183058233,0.9748231817898709,0.968980268745756,36.851379280812594,37.38959938037697,36.79901924289178,14.0,20.0,36.0,-99.0,0.0,0.0,0.0,0.0,0.0,0.0,0.0,0.0,0.0,0.0
2026-06-09 15:02:45,2.6553655029782703,0.2755546853116737,1.0341928298299994,1.1471503937398149,-1.3299347852332672,-2.0314799023553483,-2.4782631872923435,0.7947941037708057,37.08820098109203,36.85874158122314,36.71000010737596,14.0,20.0,36.0,-99.0,0.0,0.0,0.0,0.0,0.0,0.0,0.0,0.0,0.0,0.0
2026-06-09 15:02:46,0.954124009811486,-2.7532897545320165,-0.2009502816612514,-1.5908856367836877,2.887554738612719,-1.4844534355322214,-0.7905106579057479,2.1777684884643156,36.94734903009549,36.94729583574691,36.74217372077525,14.0,20.0,36.0,-99.0,0.0,0.0,0.0,0.0,0.0,0.0,0.0,0.0,0.0,0.0
2026-06-09 15:02:47,2.6626135898216408,-2.8851362328214893,0.6844379568383543,-0.45958161473206127,1.7221318733308086,1.3493486304893487,-1.9275192704667692,-0.47928387768963976,36.51836121980914,37.10633539398207,37.28736163079706,14.0,20.0,36.0,-99.0,0.0,0.0,0.0,0.0,0.0,0.0,0.0,0.0,0.0,0.0
2026-06-09 15:02:49,-0.1506925592895927,1.9011756986991823,-2.8090339918258973,0.7480607196609377,-0.359845312162566,-0.5367599111539576,0.6036828851564975,1.9291132379176155,36.730928690118866,36.875766591762115,37.16560586406372,14.0,20.0,36.0,-99.0,0.0,0.0,0.0,0.0,0.0,0.0,0.0,0.0,0.0,0.0
2026-06-09 15:02:50,-1.8959330171150044,-2.6625723430338883,1.2604274099016113,-2.6780453654644925,0.046218720356358656,-2.6099255162700183,1.5060636516954231,1.6460114763184706,36.86826679222778,37.26148628017551,36.814390603145874,14.0,20.0,36.0,-99.0,0.0,0.0,0.0,0.0,0.0,0.0,0.0,0.0,0.0,0.0
2026-06-09 15:02:51,-1.406843181570407,1.799869287052565,2.3254920375601404,-1.923435977962348,-2.971175018783975,1.4708256186970727,0.14446821798878196,2.2863352455096972,36.838623565122376,37.14544961951401,37.297782484063724,14.0,20.0,36.0,-99.0,0.0,0.0,0.0,0.0,0.0,0.0,0.0,0.0,0.0,0.0
2026-06-09 15:02:52,-2.1561560871750576,-1.645654998998592,2.9690642134739225,1.6731175023847369,-0.9449292993046079,0.1999921030945826,-0.15010963054344817,-2.3820123176965264,36.912026999586864,37.296091909176,36.77528838680609,14.0,20.0,36.0,-99.0,0.0,0.0,0.0,0.0,0.0,0.0,0.0,0.0,0.0,0.0
2026-06-09 15:02:53,-1.291606181617359,0.7238500772631209,-0.6162027918451223,-1.40880416602711,0.9834055457174835,-2.084721108474337,-0.8077442170211873,2.9967311642319894,36.67137725729064,37.05751786470839,37.07330552929685,14.0,20.0,36.0,-99.0,0.0,0.0,0.0,0.0,0.0,0.0,0.0,0.0,0.0,0.0
2026-06-09 15:02:54,-2.225181766150544,1.9113688324508207,-0.28192373436499496,-2.883839142742498,-0.9742938742793212,-0.07490191235244614,-1.3204472710240622,2.7085520230437172,36.51764048895328,37.33884642701751,36.74162355343512,14.0,20.0,36.0,-99.0,0.0,0.0,0.0,0.0,0.0,0.0,0.0,0.0,0.0,0.0
2026-06-09 15:02:56,1.522078407525699,-2.6312161802671845,-0.8391588729625656,-1.8116961618467464,2.4272073184946565,-1.330842810434831,-2.9368867334130204,-0.7142648347862344,36.89368855348804,37.26946657083778,37.02599089871307,14.0,20.0,36.0,-99.0,0.0,0.0,0.0,0.0,0.0,0.0,0.0,0.0,0.0,0.0
2026-06-09 15:02:57,0.937106125515748,-1.3828639455006655,1.3176714677512793,2.224130890151068,0.971015164224545,-0.5368699800272125,0.09447599331784318,-0.7930196446922322,36.84642815084387,36.84071303001266,36.77212230313104,14.0,20.0,36.0,-99.0,0.0,0.0,0.0,0.0,0.0,0.0,0.0,0.0,0.0,0.0
2026-06-09 15:02:59,-2.9794448035865493,0.8104005392727469,-2.9679320956465904,1.5637207400460165,-1.4267589085512118,0.5093755942354035,-0.6390281923159149,-1.5781272559738853,36.530162731549765,37.24576896277324,37.01537456226723,14.0,20.0,36.0,-99.0,0.0,0.0,0.0,0.0,0.0,0.0,0.0,0.0,0.0,0.0
2026-06-09 15:03:00,-1.6709501282424535,0.10493674886644833,2.6709498820095092,-2.1169597760488443,2.1277209313303542,-1.7627421446230065,0.38499689529154413,0.855290457549903,36.96674326290158,37.21600957105248,36.77608942131143,14.0,20.0,36.0,-99.0,0.0,0.0,0.0,0.0,0.0,0.0,0.0,0.0,0.0,0.0
2026-06-09 15:03:01,-2.509066750045486,-1.4820161739665674,-2.4145249918908767,1.5036594683231224,-1.4566176928223173,-0.06160159499993867,-2.8800675999076626,2.788416795194107,37.01593013842883,37.02409084754762,37.062906408369706,14.0,20.0,36.0,-99.0,0.0,0.0,0.0,0.0,0.0,0.0,0.0,0.0,0.0,0.0
2026-06-09 15:03:02,2.3490863859799243,0.16500225822808012,0.2181745454894548,1.936668018422214,-2.6200029193611467,-2.72925457552007,-2.9365497545776114,-1.310608037887186,36.73145245599248,36.846957505462186,37.20992285822311,14.0,20.0,36.0,-99.0,0.0,0.0,0.0,0.0,0.0,0.0,0.0,0.0,0.0,0.0
2026-06-09 15:03:03,2.6063731292799446,-2.6114515983513424,-1.9445028011889978,1.9073307852818262,0.6114621354823919,0.9176649202700995,2.173880563691281,0.4206389462428257,36.74182893471175,36.97475788059109,37.19518824478771,14.0,20.0,36.0,-99.0,0.0,0.0,0.0,0.0,0.0,0.0,0.0,0.0,0.0,0.0
2026-06-09 15:03:04,-0.8063962501876545,-1.723435967693908,1.268139173377314,2.609101182735536,-1.6739291270560526,-0.5259005681959317,-2.7104176806937392,0.013673448146883871,37.024208873842966,37.3339560573959,36.740112904933945,14.0,20.0,36.0,-99.0,0.0,0.0,0.0,0.0,0.0,0.0,0.0,0.0,0.0,0.0
2026-06-09 15:03:05,1.1748116512002067,-2.9617304100951225,-0.3762840936000753,1.4739502145084655,1.0413379912147622,2.5703764568353753,1.151212722094579,-2.4146082302157126,36.936419017133595,37.16794989698499,36.71641297037018,14.0,20.0,36.0,-99.0,0.0,0.0,0.0,0.0,0.0,0.0,0.0,0.0,0.0,0.0
2026-06-09 15:03:07,0.39631763220182625,1.4568700960615537,1.1796239370672348,-0.9293506996959024,1.281311106075126,2.2880457668463023,-1.7350707497027718,-1.4963679351106607,36.737663854663424,36.93380553954608,37.20787003774177,14.0,20.0,36.0,-99.0,0.0,0.0,0.0,0.0,0.0,0.0,0.0,0.0,0.0,0.0
2026-06-09 15:03:08,-2.0086584420541893,-0.8978596096788234,0.25617962125908544,0.7112825044683992,-2.0999602592323363,1.9594028114619615,-2.365287653653109,-0.21497855103813235,36.7782585622407,37.10085047099353,37.08844394373178,14.0,20.0,36.0,-99.0,0.0,0.0,0.0,0.0,0.0,0.0,0.0,0.0,0.0,0.0
2026-06-09 15:03:10,-2.02773166625916,-1.5098962542521843,1.7122041862330653,-2.525303423092315,-2.561727533427969,0.9341327453259822,-0.8100058357455309,2.971197878898451,36.68960025411062,37.20085817298046,36.710222433564034,14.0,20.0,36.0,-99.0,0.0,0.0,0.0,0.0,0.0,0.0,0.0,0.0,0.0,0.0
2026-06-09 15:03:11,2.4410322139157055,-0.6276770554240754,-2.9280775944381956,-0.7648735318003816,2.7142421963418446,-1.350302033847351,-0.28944889657856887,1.4865407215686819,37.023472730223446,37.08348255676294,36.83375656169684,14.0,20.0,36.0,-99.0,0.0,0.0,0.0,0.0,0.0,0.0,0.0,0.0,0.0,0.0
2026-06-09 15:03:12,2.8947844190667977,-1.2469127467297276,1.3557344562636224,1.4049223020352466,-0.11685070437868106,-0.19068229452736496,0.8682175842220285,1.5270476738747325,36.68125028053079,37.3732407052417,36.74667785372125,14.0,20.0,36.0,-99.0,0.0,0.0,0.0,0.0,0.0,0.0,0.0,0.0,0.0,0.0
2026-06-09 15:03:13,0.3798371766642359,0.6021778956669177,-1.6022682771230734,-2.0018124081500925,-0.9809940054110609,-0.18012472369992816,1.8858031995345144,-1.6639279886912086,36.63358974132215,37.09766970272585,37.090026118329895,14.0,20.0,36.0,-99.0,0.0,0.0,0.0,0.0,0.0,0.0,0.0,0.0,0.0,0.0
2026-06-09 15:03:14,-2.0382398660460375,-2.9733928616089873,-1.8645064805466558,0.6369198338315805,2.2267840434942396,0.32624492614954725,2.345453188738997,2.1416571271913876,37.08383799555967,37.168737217872255,36.948855267246216,14.0,20.0,36.0,-99.0,0.0,0.0,0.0,0.0,0.0,0.0,0.0,0.0,0.0,0.0
2026-06-09 15:03:15,-0.948059401997952,-2.099470046258075,1.316523517489351,1.1379135532153333,-1.281481021503914,-1.4930592885190503,-2.3052227765991837,-2.1219883933134085,36.847125855575925,37.19444994134298,36.873378174199836,14.0,20.0,36.0,-99.0,0.0,0.0,0.0,0.0,0.0,0.0,0.0,0.0,0.0,0.0
2026-06-09 15:03:16,1.1429244816415398,0.7502013010139938,0.26032885794996297,0.48917044117301156,-1.8452176979957902,-2.441252226103085,-1.0545529761308359,0.5505244488097034,36.57895376688493,37.092162531042916,37.241523531653066,14.0,20.0,36.0,-99.0,0.0,0.0,0.0,0.0,0.0,0.0,0.0,0.0,0.0,0.0
2026-06-09 15:03:17,-1.3552567193377285,2.233065851061369,1.5882350480627059,-2.1247148620517797,0.819298421032653,-1.1821586575690903,1.513586609317616,1.295247604222486,36.87984854049434,37.16516207168809,37.25813976963077,14.0,20.0,36.0,-99.0,0.0,0.0,0.0,0.0,0.0,0.0,0.0,0.0,0.0,0.0
2026-06-09 15:03:18,-1.930158632065111,-1.1460623714907918,0.9797851231271704,1.4634367720264345,-1.953625439980752,-0.6646661247829306,-0.5950200042140059,2.226438516132303,36.63329460854272,36.837104862881986,36.93090867604523,14.0,20.0,36.0,-99.0,0.0,0.0,0.0,0.0,0.0,0.0,0.0,0.0,0.0,0.0
2026-06-09 15:03:20,-2.3518646284639395,-0.8056269978875186,1.4866669825761303,-2.9751266165643884,-2.8218704880349543,-1.520673283693562,1.6234196796621543,2.5472655401562037,36.66802556618377,37.1960137754983,37.08908857585387,14.0,20.0,36.0,-99.0,0.0,0.0,0.0,0.0,0.0,0.0,0.0,0.0,0.0,0.0
2026-06-09 15:03:21,-1.1046820518309446,-1.5554875933700412,-0.8185009298385255,0.8854086678473845,-1.175632986919216,-0.8081139132640596,0.6388523250084681,2.9093470438479905,37.06436766604958,36.82763002612958,37.25691572438054,14.0,20.0,36.0,-99.0,0.0,0.0,0.0,0.0,0.0,0.0,0.0,0.0,0.0,0.0
2026-06-09 15:03:22,0.5989435366886382,2.6110046686971575,1.5288023902988552,-0.06453497978501943,0.6485679784401066,0.8835451539673116,1.030737156012914,-2.456512989136642,36.653424977477044,36.91299270130167,37.1968057542119,14.0,20.0,36.0,-99.0,0.0,0.0,0.0,0.0,0.0,0.0,0.0,0.0,0.0,0.0
2026-06-09 15:03:23,-1.5707858177340885,1.5651873895067734,-0.6976708777679415,0.5157543845347137,1.007417324460258,2.7494691805912996,1.5789929930625242,1.8632743348585672,36.65675858082769,37.121597454355964,37.140561800535494,14.0,20.0,36.0,-99.0,0.0,0.0,0.0,0.0,0.0,0.0,0.0,0.0,0.0,0.0
2026-06-09 15:03:24,-0.620160508646062,-1.6762474824609923,-1.6907576334175827,2.355546823332837,1.7434212686075474,-0.5421545004934711,0.9058681754426523,-0.7315810442553641,37.071866130091806,37.38527158166587,37.184256306016806,14.0,20.0,36.0,-99.0,0.0,0.0,0.0,0.0,0.0,0.0,0.0,0.0,0.0,0.0
2026-06-09 15:03:26,1.3948567269070766,2.036765060032624,1.2849601684133969,-2.9218629756838874,-2.7838152322585676,1.7547104312732955,1.7892395927766964,-2.6486168335288403,37.08560217558518,37.18801345058173,36.735818235710454,14.0,20.0,36.0,-99.0,0.0,0.0,0.0,0.0,0.0,0.0,0.0,0.0,0.0,0.0
2026-06-09 15:03:27,0.6869596776661684,-1.3772427479172962,-2.8376320379588305,-2.985271348261694,0.476016385302219,0.6656522584721261,2.5992320225424077,1.9737785851461949,36.5063857248089,37.11714488473753,37.27665269835455,14.0,20.0,36.0,-99.0,0.0,0.0,0.0,0.0,0.0,0.0,0.0,0.0,0.0,0.0
2026-06-09 15:03:28,0.6783289921022102,0.033232263093952774,-1.7590179113723954,1.961007341131694,-0.7263978757022906,-1.0023746302493746,1.497121830673331,1.3468828235845924,37.01036139937288,37.3493356072534,37.248348419538054,14.0,20.0,36.0,-99.0,0.0,0.0,0.0,0.0,0.0,0.0,0.0,0.0,0.0,0.0
2026-06-09 15:03:29,-1.2893118211640182,-0.3685914093723488,-0.7662825615538824,0.6780506201708691,-1.8300136325864373,-1.2208089579183885,0.24048294932716452,1.5060957079324488,36.60686862705551,37.01659584433849,37.252409136859576,14.0,20.0,36.0,-99.0,0.0,0.0,0.0,0.0,0.0,0.0,0.0,0.0,0.0,0.0
2026-06-09 15:03:30,-1.3315446766466654,0.6917386246189716,2.2643142204123103,-0.8671392684437196,2.7426870021526994,0.3634320605864634,-1.6032887248407164,-0.7617137485420997,37.01845658805096,36.88867322814526,36.933093399015576,14.0,20.0,36.0,-99.0,0.0,0.0,0.0,0.0,0.0,0.0,0.0,0.0,0.0,0.0
2026-06-09 15:03:31,2.3755620766372836,0.20373895315053403,1.0286590099379902,0.43605827449377976,1.0595154716023485,2.317600467039635,-1.3205928739603308,-1.0966788883560914,37.00472097348056,37.01355385545756,36.752031344333794,14.0,20.0,36.0,-99.0,0.0,0.0,0.0,0.0,0.0,0.0,0.0,0.0,0.0,0.0
2026-06-09 15:03:32,1.204227644305302,0.6236506118480536,0.5252612630349622,-1.701230897500067,0.563111802213367,-2.3761399782906105,2.605595027676425,-2.3109340835178473,36.56592133221971,37.128366557309946,37.02347612078488,14.0,20.0,36.0,-99.0,0.0,0.0,0.0,0.0,0.0,0.0,0.0,0.0,0.0,0.0
2026-06-09 15:03:33,-1.6914386450432017,-2.030642756740238,2.4850470993343183,-2.546496799555614,-0.35645675605552274,-2.403236022040426,1.7882825442281067,-1.1480419819980454,37.098661193227144,37.32841422675869,37.02877013123439,14.0,20.0,36.0,-99.0,0.0,0.0,0.0,0.0,0.0,0.0,0.0,0.0,0.0,0.0
2026-06-09 15:03:34,0.25903566415037105,-0.19357340862820083,1.0853438205896841,1.4245757036581486,-0.35015104667604957,2.120004884280128,1.3764094495259638,-1.7375591974699938,36.64655204854231,37.169522490119746,36.93991392614131,14.0,20.0,36.0,-99.0,0.0,0.0,0.0,0.0,0.0,0.0,0.0,0.0,0.0,0.0
2026-06-09 15:03:36,-2.1940289100699695,2.3691217641805222,-0.8115442114177904,1.2540024579245888,0.7263498761360134,-1.1988230128675241,1.8388137201430812,-2.8247355662292324,36.648650298001975,37.29055410269337,37.092941224933796,14.0,20.0,36.0,-99.0,0.0,0.0,0.0,0.0,0.0,0.0,0.0,0.0,0.0,0.0
2026-06-09 15:03:37,2.1475601460806635,-0.4468970944038446,-1.1356118109349476,-1.7426792500470054,1.745570566255191,2.227414840737559,-1.0990084940609282,-1.6227099253796926,36.88512485695286,37.10804906935589,36.96384727182236,14.0,20.0,36.0,-99.0,0.0,0.0,0.0,0.0,0.0,0.0,0.0,0.0,0.0,0.0
2026-06-09 15:03:38,-2.9275469386260458,-2.7950795685942387,0.4659919679450115,2.2380537277098043,-0.7321832180993848,-1.3374863070658294,-2.5800542725438405,2.5550191880213227,36.51223418636427,37.178943603170616,37.2144357776115,14.0,20.0,36.0,-99.0,0.0,0.0,0.0,0.0,0.0,0.0,0.0,0.0,0.0,0.0
2026-06-09 15:03:39,1.216852336265947,0.8146547966713973,0.17128207768990134,0.20770457321339908,0.9178331611777875,-0.08560844718391802,-1.0364133519528032,-1.1165873634612355,36.81064827687547,37.18962456543506,37.1326028790291,14.0,20.0,36.0,-99.0,0.0,0.0,0.0,0.0,0.0,0.0,0.0,0.0,0.0,0.0
2026-06-09 15:03:41,1.3744375436865068,1.1296812012353916,-0.7217403786126333,-0.1630877112270035,0.3755931978545317,1.7205922095036854,-1.2238450538833885,0.6311803640734261,36.72575436310549,37.04816759164756,37.09037232190922,14.0,20.0,36.0,-99.0,0.0,0.0,0.0,0.0,0.0,0.0,0.0,0.0,0.0,0.0
2026-06-09 15:03:42,2.877585779038813,-0.4656144935253339,-1.0192509509763203,2.477469816877166,1.9666215786993995,-1.3066947104147009,2.5133170431248786,1.7784095196653595,36.90455371997122,37.20897757608431,36.82262523382086,14.0,20.0,36.0,-99.0,0.0,0.0,0.0,0.0,0.0,0.0,0.0,0.0,0.0,0.0
2026-06-09 15:03:43,-0.05134555997099888,-0.7085012158014168,-1.8262071594957296,-1.319222903707348,2.8162985236791016,0.8365788740980453,0.5640124186740563,1.9850790580952804,36.89522586287897,37.32475561411388,37.155300309004296,14.0,20.0,36.0,-99.0,0.0,0.0,0.0,0.0,0.0,0.0,0.0,0.0,0.0,0.0
2026-06-09 15:03:44,-0.07324620698851136,1.9037510879839168,2.8422404881527132,-0.7226205558317922,1.6086711297933505,-1.6987691413117094,0.8628268665979726,-2.0829338606701047,36.75046095197887,37.03592959129105,36.90031877728952,14.0,20.0,36.0,-99.0,0.0,0.0,0.0,0.0,0.0,0.0,0.0,0.0,0.0,0.0
2026-06-09 15:03:45,2.6098398629899107,-0.6196677938394082,1.8018899750379838,2.6647763928774584,-2.894441086895582,2.9484393415377346,0.5974009861923202,1.9235629047343306,36.93595600030767,36.920840752017355,36.744543806739394,14.0,20.0,36.0,-99.0,0.0,0.0,0.0,0.0,0.0,0.0,0.0,0.0,0.0,0.0
2026-06-09 15:03:46,-1.3581203965517,0.8296310120626114,1.241392148274004,2.26011979043858,-0.41062170889489913,-2.201594143868512,2.546112319121254,-0.7473894222520272,37.00560879621276,37.3397928101394,36.97622176249019,14.0,20.0,36.0,-99.0,0.0,0.0,0.0,0.0,0.0,0.0,0.0,0.0,0.0,0.0
2026-06-09 15:03:48,2.8838682941909086,-0.7188151508614027,-2.1767027200527673,1.1848339756067068,-2.0275373736486175,-2.7797488394299705,1.1179991859101612,2.899681841698281,36.70560395272788,37.20626493753666,36.877285685852726,14.0,20.0,36.0,-99.0,0.0,0.0,0.0,0.0,0.0,0.0,0.0,0.0,0.0,0.0
2026-06-09 15:03:49,0.1566797984821635,2.913785886906761,1.376790239166156,1.4993600161345553,-1.7026732811430128,1.1294491653740426,0.4120693019835038,0.016576008332108483,36.53751435571576,37.1335861184863,36.994329185380494,14.0,20.0,36.0,-99.0,0.0,0.0,0.0,0.0,0.0,0.0,0.0,0.0,0.0,0.0
2026-06-09 15:03:51,-1.0739188223805491,-2.2722754459764984,2.5911841920567795,-0.6553808413230486,1.2573172498214484,-0.5409615787138007,1.9100383380710824,-0.7091968296932523,36.78164122468447,36.822690028146056,36.79983893337814,14.0,20.0,36.0,-99.0,0.0,0.0,0.0,0.0,0.0,0.0,0.0,0.0,0.0,0.0
2026-06-09 15:03:52,-2.489915882861048,-1.35635799759293,2.117908112755299,2.737750050404787,-1.334715552719651,0.9739597006335194,1.9501932235684798,-1.1634044741567435,37.000173349577146,36.81132350089849,37.05897282081522,14.0,20.0,36.0,-99.0,0.0,0.0,0.0,0.0,0.0,0.0,0.0,0.0,0.0,0.0
2026-06-09 15:03:53,2.199912408370296,-2.0855367632072905,-0.9366031167161903,-1.7314764093224517,2.4082310285252158,0.06489262677169494,-0.5886734888797243,2.433542490080262,36.82941215337716,37.39926949380554,36.90354820837926,14.0,20.0,36.0,-99.0,0.0,0.0,0.0,0.0,0.0,0.0,0.0,0.0,0.0,0.0
2026-06-09 15:03:54,-1.8193758945452205,2.9428784194733426,-1.364208347909009,2.614175349802303,-2.6311944223236683,1.7963200048164545,-1.1401502918134387,-2.112077225791852,36.67513768995744,36.846534771174916,36.80285824788093,14.0,20.0,36.0,-99.0,0.0,0.0,0.0,0.0,0.0,0.0,0.0,0.0,0.0,0.0
2026-06-09 15:03:55,1.4058360494929207,-1.7209742757079391,-0.4328277599108512,-2.825494349309331,-1.3599643220562754,-0.6894619713174821,0.3442397949772902,-0.6069127273791084,36.92732389174705,36.98645385233715,36.983899023155324,14.0,20.0,36.0,-99.0,0.0,0.0,0.0,0.0,0.0,0.0,0.0,0.0,0.0,0.0
2026-06-09 15:03:56,-2.8830376786863656,0.13202627377747955,2.5951566272423614,1.0955164768968437,-0.6622222000715237,-0.9309744003109421,0.32759690169079736,0.9802336308272279,36.62422089305475,37.03938149715913,37.122537412845006,14.0,20.0,36.0,-99.0,0.0,0.0,0.0,0.0,0.0,0.0,0.0,0.0,0.0,0.0
2026-06-09 15:03:58,2.3632938306688356,1.3813504361019948,0.16452658320732594,1.2718028209030408,1.292520580843214,-2.482674877703589,-1.1882056527177816,0.9486675099648378,36.69121972732138,36.92572904841927,36.9031883424036,14.0,20.0,36.0,-99.0,0.0,0.0,0.0,0.0,0.0,0.0,0.0,0.0,0.0,0.0
2026-06-09 15:03:59,-1.9346245977946313,-1.5920076245066932,1.5228921798005484,1.2559888348740307,-0.9589582950990989,2.915694946770584,1.3490500846400106,2.4223525589172175,36.855718149773544,37.211670556718204,36.80361994950578,14.0,20.0,36.0,-99.0,0.0,0.0,0.0,0.0,0.0,0.0,0.0,0.0,0.0,0.0
2026-06-09 15:04:00,0.10813958953600222,-0.4469124947371679,2.115280600331775,-1.7074665177648554,-2.8586349609964694,-0.752906513917559,-0.6144685959763927,-1.0386762754372632,36.8817490833517,37.22866858893788,36.95066772145461,14.0,20.0,36.0,-99.0,0.0,0.0,0.0,0.0,0.0,0.0,0.0,0.0,0.0,0.0
2026-06-09 15:04:02,1.0670012999687648,1.0510396093437757,2.707724025819396,-1.2555143577506127,2.8258590749536445,-2.429937676176798,2.419551307853082,1.6046546629940508,36.72632320358727,36.918294249601324,36.70101309535217,14.0,20.0,36.0,-99.0,0.0,0.0,0.0,0.0,0.0,0.0,0.0,0.0,0.0,0.0
2026-06-09 15:04:03,-2.571067343778801,-2.155267447561573,-0.2983394775702708,-2.245692186471194,0.41583627473594253,0.30770139102438243,-2.3270848752413364,-1.754408653135973,36.661445656772855,37.28145128533973,37.219545488206066,14.0,20.0,36.0,-99.0,0.0,0.0,0.0,0.0,0.0,0.0,0.0,0.0,0.0,0.0
2026-06-09 15:04:04,-1.7663895361742301,2.905494803694081,-2.1031056946375104,-1.6986372524295559,-0.1653746204320612,0.3434479120931204,0.46945198624712337,2.782089763175284,36.65074194526498,37.20485981111705,36.94578461063241,14.0,20.0,36.0,-99.0,0.0,0.0,0.0,0.0,0.0,0.0,0.0,0.0,0.0,0.0
2026-06-09 15:04:06,-2.8184717883948807,1.5656553521152716,2.2038754797550837,2.19723035494724,1.5762723675540418,1.5745976590649002,-1.2307703420601257,-1.5833250058993513,36.96763982047237,36.96394639909268,36.92666493060972,14.0,20.0,36.0,-99.0,0.0,0.0,0.0,0.0,0.0,0.0,0.0,0.0,0.0,0.0
2026-06-09 15:04:07,2.978575599708794,2.471667688161525,0.08686270260280082,-2.757307438457297,-1.9739561837090995,-0.5384461595960799,0.6895880424094156,2.4529860731124327,36.680684433556706,37.19083990254562,36.90650719691244,14.0,20.0,36.0,-99.0,0.0,0.0,0.0,0.0,0.0,0.0,0.0,0.0,0.0,0.0
2026-06-09 15:04:08,-0.7721068326910343,-2.241912040096106,-0.18810154932361067,1.7134399295998266,0.10517386888929048,1.2694706188386249,0.3758519066253907,1.5486112640122514,37.018373247884746,37.24621933879155,37.20100210273168,14.0,20.0,36.0,-99.0,0.0,0.0,0.0,0.0,0.0,0.0,0.0,0.0,0.0,0.0
2026-06-09 15:04:10,-1.3700340371221678,-0.41270883625872834,-2.3567516790471825,-1.235963827971821,1.3790947170127694,-0.733078593594052,-2.4590694797190986,0.8750384248856649,36.7522491277521,37.25947483242852,36.716033754671145,14.0,20.0,36.0,-99.0,0.0,0.0,0.0,0.0,0.0,0.0,0.0,0.0,0.0,0.0
2026-06-09 15:04:11,-1.4371780833467633,2.357625341646318,0.21807505480480494,2.2953418863238726,-0.9308803131138967,1.93905055733069,-2.3134115234680435,-0.9943908767961753,36.839855499805665,36.910353486323665,36.728039371171654,14.0,20.0,36.0,-99.0,0.0,0.0,0.0,0.0,0.0,0.0,0.0,0.0,0.0,0.0
2026-06-09 15:04:12,2.9981003952724823,-2.505474733307948,-2.9352316937187988,-0.6258770777770373,0.28003514393780504,-0.8222282602458701,1.744033381855668,-1.572349689100267,36.8938195514595,37.153690965652714,37.266432951480134,14.0,20.0,36.0,-99.0,0.0,0.0,0.0,0.0,0.0,0.0,0.0,0.0,0.0,0.0
2026-06-09 15:04:13,-2.247238909078769,-2.288705774126698,2.163067292913265,-1.700667104209421,-1.2334774395445363,0.4096312018019317,-0.17504245489246095,0.6253698323324359,36.52104878492361,37.38710019056597,36.96063772841316,14.0,20.0,36.0,-99.0,0.0,0.0,0.0,0.0,0.0,0.0,0.0,0.0,0.0,0.0
2026-06-09 15:04:15,-1.5210681609796621,0.26023993647204247,-2.254800741284715,-1.2893414115433457,1.239720665818699,-0.9231528742116959,1.2969960024231213,0.4998149242050971,36.95812514156511,37.01028836392017,36.92495029188696,14.0,20.0,36.0,-99.0,0.0,0.0,0.0,0.0,0.0,0.0,0.0,0.0,0.0,0.0
2026-06-09 15:04:16,-0.6853511341669236,-2.2001964210543594,0.03546815646150003,-0.4654246613232642,0.7600223997338258,1.36594889247852,-1.2231861974456077,1.9265934050257831,37.09822857401639,37.30468440815915,36.71616644368579,14.0,20.0,36.0,-99.0,0.0,0.0,0.0,0.0,0.0,0.0,0.0,0.0,0.0,0.0
2026-06-09 15:04:17,2.447972200163308,1.9162594525072523,-1.430729277456121,-2.14805440422898,-2.3146076712254153,0.6832099891930787,-2.6456343357195182,-2.1671478684756864,36.509179714966834,37.31911513524764,36.95562569741163,14.0,20.0,36.0,-99.0,0.0,0.0,0.0,0.0,0.0,0.0,0.0,0.0,0.0,0.0
2026-06-09 15:04:18,1.0561296468382722,-1.560387737221554,-2.485653084377629,0.017636073511377415,-2.935717746615092,1.8368191839483075,1.0682019067064186,0.3879012790584211,36.862016749757615,37.253164069482764,36.85917963108334,14.0,20.0,36.0,-99.0,0.0,0.0,0.0,0.0,0.0,0.0,0.0,0.0,0.0,0.0
2026-06-09 15:04:19,0.4463927412636588,-2.414925350996624,-1.708371249595683,1.65014832940442,-0.01505799169734967,-1.4968982420824248,2.4393597611464104,2.355067711976261,36.70288669797863,37.29504526734989,37.27830425955422,14.0,20.0,36.0,-99.0,0.0,0.0,0.0,0.0,0.0,0.0,0.0,0.0,0.0,0.0
2026-06-09 15:04:20,-1.6733638315176345,2.3688931114193412,-2.42097486946552,-0.743611286548032,-0.9054812322945498,-2.8952368370541266,-1.131125660691932,-2.496953703466075,36.77065601109765,37.16420167369817,36.98156087527755,14.0,20.0,36.0,-99.0,0.0,0.0,0.0,0.0,0.0,0.0,0.0,0.0,0.0,0.0
2026-06-09 15:04:22,0.9671250156578077,-2.0059568043421807,1.5517123385572562,-2.2130822349775094,-2.418777887957364,2.02983703187334,-1.179152588042809,0.11001380844881847,36.814805222801446,37.104316842572416,37.176527918379435,14.0,20.0,36.0,-99.0,0.0,0.0,0.0,0.0,0.0,0.0,0.0,0.0,0.0,0.0
2026-06-09 15:04:23,-2.0730818165520652,-2.0251863042478297,-1.300281997756694,-0.9404707050920522,0.5409888559951082,0.6210625150984077,-1.543747354343068,0.6396354696685309,36.88125256904962,37.1759547648415,37.29378750686373,14.0,20.0,36.0,-99.0,0.0,0.0,0.0,0.0,0.0,0.0,0.0,0.0,0.0,0.0
2026-06-09 15:04:24,2.656716860893569,2.0103820801037546,2.9899406762397565,-0.0818663105929538,-2.918649589629899,1.5249285873738039,1.1930619140230476,0.5829972447262373,36.581450532312594,37.19378246735013,36.74313030809219,14.0,20.0,36.0,-99.0,0.0,0.0,0.0,0.0,0.0,0.0,0.0,0.0,0.0,0.0
2026-06-09 15:04:25,0.3690678454150902,1.622012612287655,-0.23131096530732131,0.052734523449450954,1.9978755121624605,-0.2892639671329915,1.16345732340005,-1.1780936967279292,36.667790406425596,37.16302063732919,36.824896252188005,14.0,20.0,36.0,-99.0,0.0,0.0,0.0,0.0,0.0,0.0,0.0,0.0,0.0,0.0
2026-06-09 15:04:26,1.867223088229152,2.202662538604857,-1.5100189190609548,1.3549643687042527,-1.8120417609456798,2.721509254798142,1.0953507430827525,-1.5622752265424045,36.96568262616116,37.28463470392487,37.03433002899908,14.0,20.0,36.0,-99.0,0.0,0.0,0.0,0.0,0.0,0.0,0.0,0.0,0.0,0.0
2026-06-09 15:04:27,-0.1111343043113866,-0.2822508683947351,1.152543941458287,0.7448209365256666,0.03079851938584799,-0.6238713632528623,-2.0503308986732316,-2.8094727863734548,36.961364487288364,37.27911569188152,36.70457980848987,14.0,20.0,36.0,-99.0,0.0,0.0,0.0,0.0,0.0,0.0,0.0,0.0,0.0,0.0
2026-06-09 15:04:28,-2.39942595419325,1.100881964746649,1.2635864137914776,-2.571554644538294,-2.66072455782437,0.9595082720047254,0.34179874251285725,1.4738909461345377,36.72411567471806,37.13323423439229,36.71435704598832,14.0,20.0,36.0,-99.0,0.0,0.0,0.0,0.0,0.0,0.0,0.0,0.0,0.0,0.0
2026-06-09 15:04:29,-0.14804263963567355,-1.865391717479862,0.11866825944053261,-1.1109777858553032,-2.008167365475158,1.5250926375619782,-0.10481117594866562,0.4985213764629215,36.98327886969819,36.926872675164795,37.01304916411824,14.0,20.0,36.0,-99.0,0.0,0.0,0.0,0.0,0.0,0.0,0.0,0.0,0.0,0.0
2026-06-09 15:04:30,2.738634999347573,2.500269345648274,1.2194237571139839,2.0527238637291383,2.7254705793492215,-2.594051602673053,-1.0927952517225223,2.5260334867679717,36.79736836435544,37.308099288872,36.90231032402681,14.0,20.0,36.0,-99.0,0.0,0.0,0.0,0.0,0.0,0.0,0.0,0.0,0.0,0.0
2026-06-09 15:04:32,1.2652714360624664,1.7678655515612762,-2.395298332087135,-0.30674810400390173,0.12179903069997566,2.0989455906747834,1.5218525681771888,1.9195846176097486,37.073168771635416,37.109074206843275,36.98076599889382,14.0,20.0,36.0,-99.0,0.0,0.0,0.0,0.0,0.0,0.0,0.0,0.0,0.0,0.0
2026-06-09 15:04:33,0.8379909340773457,0.6289363319323753,-0.06407273203991526,-1.4515490608133546,2.196591226614367,2.146976028737229,-1.951759861820169,0.9513579561668721,36.63595501630117,37.107048701177,36.958245263850756,14.0,20.0,36.0,-99.0,0.0,0.0,0.0,0.0,0.0,0.0,0.0,0.0,0.0,0.0
2026-06-09 15:04:34,2.623663413442113,2.528587249516921,-2.934626179807144,2.647412799933771,-0.08935693097071606,-2.735520264590459,-2.7651602531811976,-2.020537489243896,37.061192797903466,36.98439089247342,36.86224350291742,14.0,20.0,36.0,-99.0,0.0,0.0,0.0,0.0,0.0,0.0,0.0,0.0,0.0,0.0
2026-06-09 15:04:35,-1.5892514064651981,-1.8162704662947244,0.16994804089826676,-2.0388736055609007,0.5548242433905237,-1.0150821772610181,0.718099588662505,-0.39376507815974726,36.66548699010771,37.327708081986295,36.938094433759254,14.0,20.0,36.0,-99.0,0.0,0.0,0.0,0.0,0.0,0.0,0.0,0.0,0.0,0.0
2026-06-09 15:04:36,1.6136300487486945,0.8398318835789116,0.23064571380229815,-2.3232335519419616,-0.0867356932240444,-0.5369022088709832,-2.770655515250979,2.0450971686180095,37.08367809934114,37.212551665948745,36.79581402834617,14.0,20.0,36.0,-99.0,0.0,0.0,0.0,0.0,0.0,0.0,0.0,0.0,0.0,0.0
2026-06-09 15:04:37,1.9019512724008463,1.0288998320086868,-1.7099829810500549,-1.1653641246770385,-2.078697233651283,-2.4249754659912384,2.283737772698757,-1.8190780153060895,36.66831556053955,37.35341128727376,37.245668744794834,14.0,20.0,36.0,-99.0,0.0,0.0,0.0,0.0,0.0,0.0,0.0,0.0,0.0,0.0
2026-06-09 15:04:39,-2.6910269022758504,2.186344529590328,2.1310419186746294,-2.4354609068438386,2.497336996762316,2.830617489430267,0.7958278912587788,-1.6532912527200654,36.5720293798258,37.21601840680855,37.177299690667446,14.0,20.0,36.0,-99.0,0.0,0.0,0.0,0.0,0.0,0.0,0.0,0.0,0.0,0.0
2026-06-09 15:04:40,-0.7415403034642498,-0.7761317031199297,-1.2353418461471772,2.6477983640817673,-2.4320174336475704,1.770581113617447,1.3473485468376936,2.8195870645661687,36.60654855568257,36.90792033822761,36.886378439437806,14.0,20.0,36.0,-99.0,0.0,0.0,0.0,0.0,0.0,0.0,0.0,0.0,0.0,0.0
2026-06-09 15:04:41,-1.049803487233377,1.477432225541194,0.8573569360687543,-1.6213125077484343,0.7918404660825242,0.4458448344368655,-1.4880998450826297,2.667296858192377,36.58759982704317,37.030418337795886,37.18574387723631,14.0,20.0,36.0,-99.0,0.0,0.0,0.0,0.0,0.0,0.0,0.0,0.0,0.0,0.0
2026-06-09 15:04:43,0.23506621774717207,-2.6086904126331865,-2.446766891433691,-2.9402371433641963,2.1683242772988454,-2.6625529742106293,0.617617204337813,-0.7285205583742256,36.961719495001645,36.96805254943504,37.096204262161756,14.0,20.0,36.0,-99.0,0.0,0.0,0.0,0.0,0.0,0.0,0.0,0.0,0.0,0.0
2026-06-09 15:04:44,0.8661510606435456,1.6802583747094921,2.796412603992078,1.063491747115613,0.8529613603671118,2.679560189101548,1.1382203741805021,0.1686513904943885,37.014703527656486,36.80526547266262,36.88611864081132,14.0,20.0,36.0,-99.0,0.0,0.0,0.0,0.0,0.0,0.0,0.0,0.0,0.0,0.0
2026-06-09 15:04:45,0.6584632885061437,-0.6551084976532353,2.8258039752149013,1.5149851903395515,2.15282040608424,-2.5573619092715507,2.877789314048594,-0.7208551031308366,37.060381834893285,37.19820973935633,36.822183507604535,14.0,20.0,36.0,-99.0,0.0,0.0,0.0,0.0,0.0,0.0,0.0,0.0,0.0,0.0
2026-06-09 15:04:47,2.3825530321478015,1.0132806550089724,-1.1400103353863138,0.03222479967247427,-2.1443410180848397,0.6498544047555574,0.9967233608347748,0.9233376091691889,36.77153747107475,37.164171946649454,36.725122755105154,14.0,20.0,36.0,-99.0,0.0,0.0,0.0,0.0,0.0,0.0,0.0,0.0,0.0,0.0
2026-06-09 15:04:48,-2.657460214209798,-0.8911122867597259,2.694698934824987,2.175643203327093,1.1002626917295997,1.944957972572114,-2.1253502248395404,1.1061540232933327,36.92707408310585,37.320408659744444,36.735743169179436,14.0,20.0,36.0,-99.0,0.0,0.0,0.0,0.0,0.0,0.0,0.0,0.0,0.0,0.0
2026-06-09 15:04:49,1.712645649046979,1.5112455339369522,-1.4025418660090703,2.50109558957268,-2.117922197554069,-0.0410531351018979,-1.9646038234525807,0.9063895672100903,36.68960317275053,37.35812132196139,37.20833877501049,14.0,20.0,36.0,-99.0,0.0,0.0,0.0,0.0,0.0,0.0,0.0,0.0,0.0,0.0
2026-06-09 15:04:51,-2.3211299594331,1.8696101719469755,-1.2211510782664459,-1.2343689427124842,-2.2814656054083104,2.495967320346127,1.1403432041519634,0.17614293609996867,36.76348875431713,36.909343704906625,36.701157143233914,14.0,20.0,36.0,-99.0,0.0,0.0,0.0,0.0,0.0,0.0,0.0,0.0,0.0,0.0
2026-06-09 15:04:52,-0.613789952673546,-2.6740792586680158,-2.0465568820489395,-2.001162653372643,-1.0455621807552775,1.5998638931010927,-2.8870671223138555,0.007717483200240238,36.632205458910114,36.86905315015191,37.107777206367615,14.0,20.0,36.0,-99.0,0.0,0.0,0.0,0.0,0.0,0.0,0.0,0.0,0.0,0.0
2026-06-09 15:04:53,-1.728087050642855,1.4860804090730717,1.4720484466511383,-2.881409538491455,-0.565075053156578,-0.5472116039563613,-0.4269943986449434,-1.73393222132888,37.0749542137094,37.371540720610625,37.113190911669086,14.0,20.0,36.0,-99.0,0.0,0.0,0.0,0.0,0.0,0.0,0.0,0.0,0.0,0.0
2026-06-09 15:04:55,-1.123347359733563,2.7012255609912357,2.540671818720581,1.273836160119715,2.3655482938979215,0.231027999004219,2.725636576580854,2.340037414308145,37.07534018830273,37.35890853215938,36.88649044603905,14.0,20.0,36.0,-99.0,0.0,0.0,0.0,0.0,0.0,0.0,0.0,0.0,0.0,0.0
2026-06-09 15:04:56,2.990432777814272,-0.4624458989421356,0.8053676092218303,-0.46000617336051475,-0.0532425027078709,-0.9136071116573818,2.8477186534238843,1.8177110546440982,36.532466248524955,36.929272427603266,36.71862792567117,14.0,20.0,36.0,-99.0,0.0,0.0,0.0,0.0,0.0,0.0,0.0,0.0,0.0,0.0
2026-06-09 15:04:57,-0.3523566579809887,0.7866203607126101,-0.615040212011706,-1.3203724088090318,1.3411042796294073,-2.885392497767793,2.712619412184935,0.22267813847880635,37.07416886491671,37.37016726067605,36.968993699197284,14.0,20.0,36.0,-99.0,0.0,0.0,0.0,0.0,0.0,0.0,0.0,0.0,0.0,0.0
2026-06-09 15:04:58,-0.22961656395901242,-1.1262598719449017,-2.7671430294786226,-1.3757319718134264,2.507487561995842,-0.9688478687574102,2.569306041781858,1.8204742981981488,36.51466328852767,37.24687349473805,36.78704675332767,14.0,20.0,36.0,-99.0,0.0,0.0,0.0,0.0,0.0,0.0,0.0,0.0,0.0,0.0
2026-06-09 15:05:00,-0.062332255084872834,-0.19924282488420708,-0.9247767204045547,-1.9598633610829836,-0.4754324334292104,0.2688124258429103,2.69640637411642,-0.8104028135430417,36.71048612055995,37.052761005771124,36.90273103418463,14.0,20.0,36.0,-99.0,0.0,0.0,0.0,0.0,0.0,0.0,0.0,0.0,0.0,0.0
2026-06-09 15:05:01,-1.063012664094376,-2.5008700092453378,-1.0005509110332242,2.2270475126173945,2.428458559141035,0.2135253201178089,-2.721609344673741,0.1484332535290065,36.70862190898415,37.34329638652867,37.047595738496284,14.0,20.0,36.0,-99.0,0.0,0.0,0.0,0.0,0.0,0.0,0.0,0.0,0.0,0.0
2026-06-09 15:05:02,-0.12669074759919186,-0.30951334149921106,-1.9805225144796836,0.6811022751581408,-1.52931165946287,1.4979483450268338,1.7309876549456051,2.545852009521134,36.84309139308806,37.30183995526513,37.18909660368849,14.0,20.0,36.0,-99.0,0.0,0.0,0.0,0.0,0.0,0.0,0.0,0.0,0.0,0.0
2026-06-09 15:05:03,-2.5752666844818437,0.7819831198123262,1.2473664558309583,1.7630634325115775,1.520845786279021,-0.011913794181118043,2.466325052309764,-0.2384559100369379,36.955664571623146,37.24454683854185,36.71449969895572,14.0,20.0,36.0,-99.0,0.0,0.0,0.0,0.0,0.0,0.0,0.0,0.0,0.0,0.0
2026-06-09 15:05:05,-0.6789284652797241,2.700245966313317,-0.5024918344556579,0.40354316332552287,0.9607611355245691,-1.4358671524428888,1.1628591704588676,2.410199900103067,37.05661959061765,37.37855129457083,36.712413762530666,14.0,20.0,36.0,-99.0,0.0,0.0,0.0,0.0,0.0,0.0,0.0,0.0,0.0,0.0
2026-06-09 15:05:06,-1.0217047265265236,0.6201930651312071,0.26049646610835886,0.2587820808868835,1.1898262304066032,-0.3685428090010894,-1.256969353610496,1.0510867053784825,36.58837813569977,37.20331033305841,37.26190264643989,14.0,20.0,36.0,-99.0,0.0,0.0,0.0,0.0,0.0,0.0,0.0,0.0,0.0,0.0
2026-06-09 15:05:07,-2.8218186510146124,-2.211961428000386,2.0296708589450922,0.1546491344496257,2.7763597331472694,1.9740177499825364,0.8612081693013738,0.041802775145133086,36.67209443350734,36.830759775536485,36.832970881828984,14.0,20.0,36.0,-99.0,0.0,0.0,0.0,0.0,0.0,0.0,0.0,0.0,0.0,0.0
2026-06-09 15:05:08,-0.20095242812859437,2.7823963185378586,-1.552335739881813,1.3939769665180597,-2.0616131110603044,-0.23028172136649339,-0.1453131843502824,-1.8215179122953349,36.67166124180538,36.934902897874316,36.92504106925233,14.0,20.0,36.0,-99.0,0.0,0.0,0.0,0.0,0.0,0.0,0.0,0.0,0.0,0.0
2026-06-09 15:05:10,1.8036331487437378,1.523247481596064,-1.5785511735014623,1.506240133562632,-0.6749812149568877,-2.30014982446561,1.9721307714979979,2.377504770689539,36.928823301343215,36.86799953395863,37.158149544963976,14.0,20.0,36.0,-99.0,0.0,0.0,0.0,0.0,0.0,0.0,0.0,0.0,0.0,0.0
2026-06-09 15:05:11,2.911176903313856,-2.1618347856537006,-1.339163546855606,-2.83546432285221,-0.9862305611985911,-2.038488934680138,2.8698407699720585,2.4100240415237835,36.989786556858746,37.14220477973128,36.88532516195443,14.0,20.0,36.0,-99.0,0.0,0.0,0.0,0.0,0.0,0.0,0.0,0.0,0.0,0.0
2026-06-09 15:05:12,0.2540469821291085,-2.614381868793545,0.29586666504446013,0.5351441413461018,2.0659864255326585,1.5781270204425182,-1.3131175516026565,-2.8716575090938523,36.9355215787494,36.95086958540531,36.933919890306676,14.0,20.0,36.0,-99.0,0.0,0.0,0.0,0.0,0.0,0.0,0.0,0.0,0.0,0.0
2026-06-09 15:05:13,2.4785042072889745,1.6794516674680224,0.3977901811839164,1.5980834360471494,-0.8426415490278854,0.9229442530426386,-2.4541328901945887,2.693664740211669,36.82086559594324,37.21229624113492,36.81952876047185,14.0,20.0,36.0,-99.0,0.0,0.0,0.0,0.0,0.0,0.0,0.0,0.0,0.0,0.0
2026-06-09 15:05:14,-1.5733371924286694,-0.7559690929072902,2.0084478183839813,0.05888107915017837,1.4707344113452017,-1.126697662679797,0.48248329114423427,0.9997620697173777,37.07784748646707,37.08438382553767,36.99090624889974,14.0,20.0,36.0,-99.0,0.0,0.0,0.0,0.0,0.0,0.0,0.0,0.0,0.0,0.0
2026-06-09 15:05:15,2.8744479357149375,-1.9134364913665602,-1.2936468325747383,-2.808701420640845,-0.353450445469635,2.8581321017691783,-2.8516536556036582,-1.6931844832651644,37.04313185878077,37.31584675054627,36.937929964995824,14.0,20.0,36.0,-99.0,0.0,0.0,0.0,0.0,0.0,0.0,0.0,0.0,0.0,0.0
2026-06-09 15:05:17,2.930714305211911,2.4650739356882845,-1.2845817311002827,-2.5637788630049556,1.8611052266066315,-2.2688708251776433,-2.2977969945547505,1.3721436059513845,36.98414558514528,37.38386307736693,37.04844615787187,14.0,20.0,36.0,-99.0,0.0,0.0,0.0,0.0,0.0,0.0,0.0,0.0,0.0,0.0
2026-06-09 15:05:18,0.09072097960058123,-0.6947304615346921,-2.31621500385862,-1.8207015749499464,-0.9399971248010015,1.1518845871721872,-1.7822469512707815,0.20717620413186122,36.89526092484276,36.835319090650124,36.7540839507613,14.0,20.0,36.0,-99.0,0.0,0.0,0.0,0.0,0.0,0.0,0.0,0.0,0.0,0.0
2026-06-09 15:05:19,-1.4071281229663113,-2.387028884908359,-2.3880699920173534,0.09172194151044533,-1.3003172882268774,-1.7607467570635242,-0.5938471624155186,-1.1412046831048035,36.80975569640032,36.83549227198665,37.01604708046645,14.0,20.0,36.0,-99.0,0.0,0.0,0.0,0.0,0.0,0.0,0.0,0.0,0.0,0.0
2026-06-09 15:05:20,-0.8240072323377672,-0.13380075646655154,1.9570210912287829,2.0660301504938303,-0.23874011285572738,-0.8659317481782622,2.1946920026726557,-1.4363489192325711,37.073218480629414,36.96746119640923,36.77124825701807,14.0,20.0,36.0,-99.0,0.0,0.0,0.0,0.0,0.0,0.0,0.0,0.0,0.0,0.0
2026-06-09 15:05:21,-2.9844447124798523,2.3143951069491253,1.754604067923049,-1.6816751426020127,1.0537293257607345,-0.8226787550627161,-0.9342687776673468,0.447411484938276,36.860509724238284,37.32259003461928,36.928839636679946,14.0,20.0,36.0,-99.0,0.0,0.0,0.0,0.0,0.0,0.0,0.0,0.0,0.0,0.0
2026-06-09 15:05:22,-2.6821817505324366,-1.5199087117476764,0.5492400256370282,2.338657025357352,1.4706604691079352,0.6364745241287686,-0.13549730389548476,2.2609412622465905,36.88958252365132,37.370844970029864,37.012312739998265,14.0,20.0,36.0,-99.0,0.0,0.0,0.0,0.0,0.0,0.0,0.0,0.0,0.0,0.0
2026-06-09 15:05:24,-2.0074446580925045,-1.436105740818465,-2.9188125431312186,-0.487619031046822,1.1144044526361263,-1.790802319312959,-0.8545568827299221,-2.6309720752720374,36.710262728507566,36.9289885370121,37.26374860669533,14.0,20.0,36.0,-99.0,0.0,0.0,0.0,0.0,0.0,0.0,0.0,0.0,0.0,0.0
2026-06-09 15:05:25,-1.5129019008318172,-0.6635115180962048,0.7737599619849727,-0.6958857721107026,0.8682398920019123,-1.6154097334530821,-1.7933471167738542,2.2551617608566374,36.925083187462604,36.90922433760166,36.76109314255433,14.0,20.0,36.0,-99.0,0.0,0.0,0.0,0.0,0.0,0.0,0.0,0.0,0.0,0.0
2026-06-09 15:05:26,-1.3730377838777372,-2.6790034212907807,2.19975086746215,1.1906774525572281,-0.3356592929862292,-2.7554967984465546,-0.9000438155287629,-1.9433687716735824,37.0820658559667,37.18164478375926,36.93349721742639,14.0,20.0,36.0,-99.0,0.0,0.0,0.0,0.0,0.0,0.0,0.0,0.0,0.0,0.0
2026-06-09 15:05:28,0.41578270845015464,1.6072161683001944,1.6017625006188982,-0.6481350670888233,0.061156003101260126,0.2991470693376943,-0.2854489796005173,2.1018625828079305,37.0758353913431,37.16945884346005,36.87611416310018,14.0,20.0,36.0,-99.0,0.0,0.0,0.0,0.0,0.0,0.0,0.0,0.0,0.0,0.0
2026-06-09 15:05:29,1.6937341851763872,1.498679406835091,-0.06960248240632483,-2.354977944836946,1.6376154779124565,-1.3090166733872846,1.6361804754175102,0.35423581482179234,36.53664998759071,37.10136256292554,36.74279255095927,14.0,20.0,36.0,-99.0,0.0,0.0,0.0,0.0,0.0,0.0,0.0,0.0,0.0,0.0
2026-06-09 15:05:30,1.085125751440252,0.7812860501837471,0.26463919849544215,2.6658680716486156,-2.6030295244629906,-1.5865309284125468,1.600475374591312,1.2717879538034564,36.761633393913264,36.86179090542899,37.104552561145674,14.0,20.0,36.0,-99.0,0.0,0.0,0.0,0.0,0.0,0.0,0.0,0.0,0.0,0.0
2026-06-09 15:05:31,-1.9607221143800937,0.2878798702707659,-2.1284333669232067,0.6326251093047066,2.888763927528183,1.722009490072118,1.9766550424079234,-1.5964350811822672,36.999218902408074,37.265486718596826,37.07293502649985,14.0,20.0,36.0,-99.0,0.0,0.0,0.0,0.0,0.0,0.0,0.0,0.0,0.0,0.0
2026-06-09 15:05:33,0.01855399220618459,2.063620429382248,0.6577730927930396,1.2396846473970315,-0.5510021488945158,1.9148992824875863,-2.9746371294094915,1.0175491002319736,36.566013196694875,37.16659306787643,37.28078620156666,14.0,20.0,36.0,-99.0,0.0,0.0,0.0,0.0,0.0,0.0,0.0,0.0,0.0,0.0
2026-06-09 15:05:34,2.840383894528742,-1.597853721856625,0.6024377040253621,0.33449164489275374,-0.39462444457137424,0.4924538125734257,2.0599022083394445,-2.477458307382577,36.82437745113477,37.01333240366627,37.08722720965733,14.0,20.0,36.0,-99.0,0.0,0.0,0.0,0.0,0.0,0.0,0.0,0.0,0.0,0.0
2026-06-09 15:05:35,-2.4800750301746546,1.8960073352196805,-1.9061442712493557,-1.8780875596509214,-1.6423952007053932,2.2130564551536773,0.7512517277267565,-2.8249641279292765,36.885099332880266,36.91251038582815,37.266990791926844,14.0,20.0,36.0,-99.0,0.0,0.0,0.0,0.0,0.0,0.0,0.0,0.0,0.0,0.0
2026-06-09 15:05:37,-1.0395100847015146,2.6920585819012928,2.0715250804243475,-1.3414131308512265,0.6195448850192431,-1.8558088426872146,-0.3688408330625026,-1.4926362257092318,36.814044424100764,37.396874621432424,37.062320142111744,14.0,20.0,36.0,-99.0,0.0,0.0,0.0,0.0,0.0,0.0,0.0,0.0,0.0,0.0
2026-06-09 15:05:38,1.2326750703893925,-2.760782002188856,2.1256010503139313,1.086732885088101,2.844061007363928,-1.3867232009972505,-0.6943200819441886,2.066009681274836,36.95983172732985,37.00923166441216,37.1401823983589,14.0,20.0,36.0,-99.0,0.0,0.0,0.0,0.0,0.0,0.0,0.0,0.0,0.0,0.0
2026-06-09 15:05:40,1.9334121585473296,-0.9919183953968811,1.1530203764073095,2.8292442918263143,1.3345857049214027,-1.9118963391769679,-2.8892794154418535,-1.2411063392255683,36.7903936871011,37.30737782378226,37.05943431950185,14.0,20.0,36.0,-99.0,0.0,0.0,0.0,0.0,0.0,0.0,0.0,0.0,0.0,0.0
2026-06-09 15:05:41,-1.1451961432147573,2.1775401392859797,2.026174408477643,-0.3291679435530148,1.0608544005667548,0.37229478928351156,0.09051840685542345,-0.07254302164137183,37.091055373684355,36.9611724331065,36.908260472079284,14.0,20.0,36.0,-99.0,0.0,0.0,0.0,0.0,0.0,0.0,0.0,0.0,0.0,0.0
2026-06-09 15:05:42,-0.756113661479171,0.7695307805480054,-0.5468057260375905,-1.8171040291540788,-2.2221891627745896,-1.6737422407418379,-2.0664713676514896,-2.8140871420975504,36.75536017885973,37.129198264430144,37.29008232318289,14.0,20.0,36.0,-99.0,0.0,0.0,0.0,0.0,0.0,0.0,0.0,0.0,0.0,0.0
2026-06-09 15:05:43,1.8370187208351876,0.8753728032256269,-1.8379036819427121,-0.8217316781418207,2.3376889299961032,1.846200539483168,0.4333091678013936,-2.258092031071508,36.524842293347305,37.126369143357685,37.08338796696205,14.0,20.0,36.0,-99.0,0.0,0.0,0.0,0.0,0.0,0.0,0.0,0.0,0.0,0.0
2026-06-09 15:05:44,2.4611418870106156,-1.1164060374784914,-1.7708822925792738,2.7735903141470937,1.508959917903467,2.2529922360467367,2.5937533403136737,2.938921015104423,36.81696232368681,37.0326520088997,37.02870121808749,14.0,20.0,36.0,-99.0,0.0,0.0,0.0,0.0,0.0,0.0,0.0,0.0,0.0,0.0
2026-06-09 15:05:45,-0.394774419568233,-1.1361214681309477,-2.210555622790717,-0.941879614298125,2.3825036929927315,-1.130466072807061,-0.8128058160355183,-2.0207194907048027,36.82821151227462,36.900318431033064,36.73785573038058,14.0,20.0,36.0,-99.0,0.0,0.0,0.0,0.0,0.0,0.0,0.0,0.0,0.0,0.0
2026-06-09 15:05:46,1.465289846766928,0.6906684200712951,-0.08563322791311467,0.06123788545434916,-0.11798190958713661,1.7265529434543687,-0.15064725041546367,1.3769426960758917,36.819008667946925,37.240023482183865,37.29049670181735,14.0,20.0,36.0,-99.0,0.0,0.0,0.0,0.0,0.0,0.0,0.0,0.0,0.0,0.0
2026-06-09 15:05:47,-0.3488809711425489,-0.1895824397884338,-2.5939229156554533,2.0987238286837044,0.8206021247785005,1.6042039041585268,1.1514127760786286,0.43504816497418286,36.86536655633158,37.127119419303334,37.11579523664178,14.0,20.0,36.0,-99.0,0.0,0.0,0.0,0.0,0.0,0.0,0.0,0.0,0.0,0.0
2026-06-09 15:05:49,-0.4610466489138303,1.5108830149723085,2.7801624589179452,-0.8528778920290034,2.260234345501093,1.4052598235824831,-0.9709942296130336,1.202362422403441,37.025783779699964,36.990029771213585,37.25977226201521,14.0,20.0,36.0,-99.0,0.0,0.0,0.0,0.0,0.0,0.0,0.0,0.0,0.0,0.0
2026-06-09 15:05:50,-1.3495415160339652,0.4004534667722508,-2.7933218087341634,1.5077227581720694,-1.7788011221962052,-0.43083829034293863,-2.592910667292349,-0.7636424186152837,36.60494764774406,36.966267826147735,36.84252861817783,14.0,20.0,36.0,-99.0,0.0,0.0,0.0,0.0,0.0,0.0,0.0,0.0,0.0,0.0
2026-06-09 15:05:51,-0.04705399495820872,-2.6917041542451043,-2.0697753693860665,2.0350915146536366,-2.917419774473614,2.572573900620095,-2.784056664077218,-2.257838078863572,37.057825293318025,37.01786093322819,37.04882848226202,14.0,20.0,36.0,-99.0,0.0,0.0,0.0,0.0,0.0,0.0,0.0,0.0,0.0,0.0
2026-06-09 15:05:53,0.48544073490731643,-1.8452226276210681,-2.303259719123674,-2.8061886892674712,2.054341533983851,-1.4753409216019184,0.9806367034775434,2.694027099380988,36.78961091520287,36.805516621588716,36.971132775176216,14.0,20.0,36.0,-99.0,0.0,0.0,0.0,0.0,0.0,0.0,0.0,0.0,0.0,0.0
2026-06-09 15:05:54,-1.6389486698239843,1.5276553225851073,-2.485773259806601,2.7923425801893735,-2.9205564835482916,-0.6057254129615979,0.5722881222263947,2.001786555512659,36.77179225434674,37.04052222159314,36.808309314392424,14.0,20.0,36.0,-99.0,0.0,0.0,0.0,0.0,0.0,0.0,0.0,0.0,0.0,0.0
2026-06-09 15:05:55,2.504785436535963,0.45865706135159856,2.659650469462992,1.788588228804473,-1.9002427404275217,-0.6719500631073538,-2.293594467161913,-1.5762869607835424,36.97657266071683,37.377805434134764,37.21697674411729,14.0,20.0,36.0,-99.0,0.0,0.0,0.0,0.0,0.0,0.0,0.0,0.0,0.0,0.0
2026-06-09 15:05:57,1.498478489388953,1.1772074447206329,-0.22941948435635773,-0.758504931386077,-2.8587294451040437,-2.996852004218158,-0.7621613787228414,-1.5572376386898372,36.54062542898995,36.97669403575794,37.063364340541774,14.0,20.0,36.0,-99.0,0.0,0.0,0.0,0.0,0.0,0.0,0.0,0.0,0.0,0.0
2026-06-09 15:05:58,-2.432908893857525,1.6119975883033897,2.086611238417298,1.6051381885986995,2.951940982049204,1.4813280852043391,-1.5511083044500407,-0.3086207120968085,37.003350314732195,37.39825513665419,37.18256760974024,14.0,20.0,36.0,-99.0,0.0,0.0,0.0,0.0,0.0,0.0,0.0,0.0,0.0,0.0
2026-06-09 15:05:59,2.3742805992270295,-1.7762905662229247,-0.8642216413277621,-2.057087487959863,2.870463447138084,-0.9794914721915555,-2.637497970816931,-2.2907471746435877,36.86764364181084,37.02073682771013,37.17502158581619,14.0,20.0,36.0,-99.0,0.0,0.0,0.0,0.0,0.0,0.0,0.0,0.0,0.0,0.0
2026-06-09 15:06:00,2.8126978306541037,0.4878252291329268,-0.7172314118781276,-0.5600595698335749,-0.3888005712967417,2.70749984728576,-0.5546442808491929,-2.2583864300567065,36.69664249956683,36.81220037232467,37.070944322401175,14.0,20.0,36.0,-99.0,0.0,0.0,0.0,0.0,0.0,0.0,0.0,0.0,0.0,0.0
2026-06-09 15:06:02,-0.5958891926194472,-2.9726124310160436,0.23689152404995895,2.8661214558090764,1.8160801955848065,-2.5599724849458196,-0.9171915986095143,2.770905101767971,36.97475506526283,36.95272006597051,37.284288154544726,14.0,20.0,36.0,-99.0,0.0,0.0,0.0,0.0,0.0,0.0,0.0,0.0,0.0,0.0
2026-06-09 15:06:03,1.3083604180689576,-2.817303641002886,-0.4153715699776699,2.1105392628029547,1.2091988570838659,-2.1724263191853,1.492628071299424,1.0612857526157278,36.833056317534236,37.29596256561887,36.76368269311474,14.0,20.0,36.0,-99.0,0.0,0.0,0.0,0.0,0.0,0.0,0.0,0.0,0.0,0.0
2026-06-09 15:06:04,-0.46283967401521764,-2.806354369089819,0.555930081364592,1.1070354507228313,2.6313998789293604,-1.395272436331228,0.9594417721966466,-2.0251500957448245,36.779658747749366,36.95618552721805,36.713217665883604,14.0,20.0,36.0,-99.0,0.0,0.0,0.0,0.0,0.0,0.0,0.0,0.0,0.0,0.0
2026-06-09 15:06:05,0.5245810699571596,-1.942951106337154,-0.3917859027131847,-2.11831490801929,-2.0989941693156355,0.2413506066783997,-0.3558723327573903,-1.264400106114793,36.62035330106341,37.023080175850126,36.95927687653322,14.0,20.0,36.0,-99.0,0.0,0.0,0.0,0.0,0.0,0.0,0.0,0.0,0.0,0.0
2026-06-09 15:06:07,-0.9810533440684699,0.8935161444096051,-2.788521879735518,-1.7432471523777275,2.122672519609522,-0.06098195073398083,-0.3739060937805201,0.8913479127066131,36.5410375261617,37.2113602292979,36.916853178557346,14.0,20.0,36.0,-99.0,0.0,0.0,0.0,0.0,0.0,0.0,0.0,0.0,0.0,0.0
2026-06-09 15:06:08,-1.2674243713429867,-0.08374925143078293,0.015875424253872783,0.28818050816255214,-1.1608832255424764,-1.9922014560588146,-0.43314937978409507,-2.9301367798363813,36.53523013776407,37.24435417792497,36.8950029015466,14.0,20.0,36.0,-99.0,0.0,0.0,0.0,0.0,0.0,0.0,0.0,0.0,0.0,0.0
2026-06-09 15:06:09,2.9327621004683406,-1.793998368376153,-0.5516045050389549,0.7400515412426842,-0.6166137507610805,-2.003429757891956,-1.2707193892666562,1.0252422109931647,36.82376642532415,37.02940720600234,36.91332164803362,14.0,20.0,36.0,-99.0,0.0,0.0,0.0,0.0,0.0,0.0,0.0,0.0,0.0,0.0
2026-06-09 15:06:10,1.8637331163311135,-2.3430879705053353,-0.7097924842950851,-0.9163156010695852,1.3170304397493116,-2.597830523993104,-0.8744725013187482,0.430699787063626,36.854556320585644,37.05006480518066,37.207192530614456,14.0,20.0,36.0,-99.0,0.0,0.0,0.0,0.0,0.0,0.0,0.0,0.0,0.0,0.0
2026-06-09 15:06:12,-0.5493487894546925,0.14395444254458933,2.6111361509712703,0.4676422468936243,0.5683825050482891,-1.4642966804291664,2.6874665782420903,-0.26895143304210656,36.85685217295413,36.90307083325916,36.769056240826714,14.0,20.0,36.0,-99.0,0.0,0.0,0.0,0.0,0.0,0.0,0.0,0.0,0.0,0.0
2026-06-09 15:06:13,1.1096369042018397,0.9735101678702067,-1.589349449785699,1.331667414262193,-2.2325474391841764,2.0095573201731183,2.452298585757622,-1.793162169398836,36.86102654558586,37.090519707307436,36.75623621814892,14.0,20.0,36.0,-99.0,0.0,0.0,0.0,0.0,0.0,0.0,0.0,0.0,0.0,0.0
2026-06-09 15:06:14,-1.1223553751235908,2.5905210552625606,0.36758394975221087,-0.6377227144539326,2.8348794225243052,-1.3292934643688419,0.5896180325231768,0.15890883341211115,37.09850900053179,37.2949685863746,37.074005447740724,14.0,20.0,36.0,-99.0,0.0,0.0,0.0,0.0,0.0,0.0,0.0,0.0,0.0,0.0
2026-06-09 15:06:16,2.899160315321075,-1.3497680981571232,-0.03939005327095302,0.5663815044499616,0.3639014354605985,1.9334267309812248,-0.09609240464339841,1.6386574638357043,36.5352777250594,37.09952549165128,36.80785580848503,14.0,20.0,36.0,-99.0,0.0,0.0,0.0,0.0,0.0,0.0,0.0,0.0,0.0,0.0
2026-06-09 15:06:17,2.5221486508017694,0.07797233930325298,0.43261943691229643,2.731228821338428,-2.0914100335454173,-1.1707332093983582,1.0863091739453914,0.4064557989227291,36.63872508640009,37.197861252903735,37.02018637947921,14.0,20.0,36.0,-99.0,0.0,0.0,0.0,0.0,0.0,0.0,0.0,0.0,0.0,0.0
2026-06-09 15:06:18,-2.1945327122445883,1.4020938838514034,-2.233577459323258,0.69950879156589,0.20145162878843292,-2.21498374626266,2.492742751788107,-2.874546888777962,36.5967429788941,36.98058943176286,37.13685575291054,14.0,20.0,36.0,-99.0,0.0,0.0,0.0,0.0,0.0,0.0,0.0,0.0,0.0,0.0
2026-06-09 15:06:20,1.4209976987811963,2.9141146293929463,-0.2712330178633531,-2.1678457296285902,-2.774674718543956,-2.104189489942365,-0.43948744583261945,-2.6361647136449062,36.89921369707036,37.372844877996144,36.79032979466826,14.0,20.0,36.0,-99.0,0.0,0.0,0.0,0.0,0.0,0.0,0.0,0.0,0.0,0.0
2026-06-09 15:06:21,0.3801274594401134,-2.4569032069376813,-0.5598522707380829,0.4962060914471005,-2.4502528850108414,0.15436051604795376,-0.6149023505707394,-2.8664848898215842,36.773380352996654,37.04527638580933,36.745303785857665,14.0,20.0,36.0,-99.0,0.0,0.0,0.0,0.0,0.0,0.0,0.0,0.0,0.0,0.0
2026-06-09 15:06:22,2.535951636569152,0.13123639293264766,-1.6487317772062187,2.9447338463924124,1.2495143089970213,-1.5572840675136561,-2.63955747472371,-0.978570237749179,36.56864149547616,36.92573794819222,37.15500593720387,14.0,20.0,36.0,-99.0,0.0,0.0,0.0,0.0,0.0,0.0,0.0,0.0,0.0,0.0
2026-06-09 15:06:24,1.241214962793463,-1.2574795253086197,2.3710798353713782,1.1052351783241914,0.8211174204023428,1.7629037923662398,-1.6313897584637684,2.29660345133105,36.72693733552877,36.89512061651917,36.717088161856715,14.0,20.0,36.0,-99.0,0.0,0.0,0.0,0.0,0.0,0.0,0.0,0.0,0.0,0.0
2026-06-09 15:06:25,-0.7380624157827942,2.0904107497107107,-2.187473899615725,-1.7672154251004208,0.8307200133609927,0.5946301352951671,2.1801963863263403,-0.79327722047924,36.70853872750848,37.05012771373415,36.92782689558467,14.0,20.0,36.0,-99.0,0.0,0.0,0.0,0.0,0.0,0.0,0.0,0.0,0.0,0.0
2026-06-09 15:06:26,0.9179787097531271,2.5898953469627592,-1.7709648240375973,1.189055595513146,0.35585941858377135,-1.6027109187829498,2.4897959518812343,-1.4225212873307767,36.56581780303515,37.30370418552518,37.25402172217822,14.0,20.0,36.0,-99.0,0.0,0.0,0.0,0.0,0.0,0.0,0.0,0.0,0.0,0.0
2026-06-09 15:06:28,-2.6219904107709775,-2.900568377572962,1.032784147235028,1.9085681532867387,0.9793326866408014,-2.919221326866539,-2.703936264251566,-1.3100317417069585,36.5385513301578,36.85714633220574,36.709686847850826,14.0,20.0,36.0,-99.0,0.0,0.0,0.0,0.0,0.0,0.0,0.0,0.0,0.0,0.0
2026-06-09 15:06:29,-1.5803595977052114,-2.1134253110901895,0.43349951955177435,-2.5564266688305946,-0.11413070418024063,1.6569266591484437,-2.9660725137762793,1.2213880644735342,36.59957880809096,36.870483586386506,37.22041300738017,14.0,20.0,36.0,-99.0,0.0,0.0,0.0,0.0,0.0,0.0,0.0,0.0,0.0,0.0
2026-06-09 15:06:31,1.2320096089710262,-1.353461639432365,-1.226901085780756,2.3572263548679464,-2.3046940152214628,0.23728725653519334,2.460881163903574,1.0890031058273362,36.62475295342244,37.05728381431264,36.900634672148215,14.0,20.0,36.0,-99.0,0.0,0.0,0.0,0.0,0.0,0.0,0.0,0.0,0.0,0.0
2026-06-09 15:06:32,1.792208981934663,-1.9450562246767074,0.6368130043458571,0.7524127437418029,1.9501851634920317,2.360204644220069,-0.31034253406029055,-2.187314900711975,36.88343973014672,37.12209001431497,36.89314848090189,14.0,20.0,36.0,-99.0,0.0,0.0,0.0,0.0,0.0,0.0,0.0,0.0,0.0,0.0
2026-06-09 15:06:33,0.04748244871755203,2.2654733824743367,1.0407318569087298,-1.7027788989907864,2.7078650901345958,1.8317356924571868,2.765795397975209,-0.6151195964340883,36.561205942473926,37.21917693584207,36.81524335841638,14.0,20.0,36.0,-99.0,0.0,0.0,0.0,0.0,0.0,0.0,0.0,0.0,0.0,0.0
2026-06-09 15:06:35,-0.05097872133385328,-2.781939171303626,-1.9300086065670004,-2.9117105241091163,-0.7488848136651063,2.0215237958004106,0.026776686833307473,-1.6052738069038517,36.92708667443132,37.316991303696106,37.24261632263388,14.0,20.0,36.0,-99.0,0.0,0.0,0.0,0.0,0.0,0.0,0.0,0.0,0.0,0.0
2026-06-09 15:06:36,-2.400170018931819,2.220637118929547,2.471192813625665,-0.633854203855726,2.3334916584272927,1.6922276810109862,-0.9292880935452548,-2.8688864722797978,37.06484162316097,37.33280191194955,36.9001470638899,14.0,20.0,36.0,-99.0,0.0,0.0,0.0,0.0,0.0,0.0,0.0,0.0,0.0,0.0
2026-06-09 15:06:37,-1.7888118078704682,2.9816706981197685,-1.8493614952703041,-2.742455650840016,-0.6288732547075702,-1.5531398828836185,-1.8510119066428024,1.4312265749796858,36.81791853792463,37.158096026666556,36.995525056006954,14.0,20.0,36.0,-99.0,0.0,0.0,0.0,0.0,0.0,0.0,0.0,0.0,0.0,0.0
2026-06-09 15:06:39,2.329485455056382,-1.895352605325203,2.975398343929222,0.4085088988446959,2.160912609136993,-2.47077632748901,0.2329271407106499,-2.42777474481347,36.77163832816883,37.07964158815576,37.16222352268246,14.0,20.0,36.0,-99.0,0.0,0.0,0.0,0.0,0.0,0.0,0.0,0.0,0.0,0.0
2026-06-09 15:06:40,2.5618754494822067,-2.223689935010947,-2.0515078483869402,-2.481752822871363,-2.1582931984960876,-0.9989573952915896,2.010843675042919,-0.3510722995692208,37.06618836225481,37.13231389138645,37.03906215729885,14.0,20.0,36.0,-99.0,0.0,0.0,0.0,0.0,0.0,0.0,0.0,0.0,0.0,0.0
2026-06-09 15:06:41,-1.5987329330849862,-0.9717280431664896,0.7776352336904462,2.324215240962352,2.9091405092273446,-1.572438779890808,0.6728200427599309,2.991065370375649,36.7184067194858,36.8680794009142,37.18343105962618,14.0,20.0,36.0,-99.0,0.0,0.0,0.0,0.0,0.0,0.0,0.0,0.0,0.0,0.0
2026-06-09 15:06:42,1.854788651070299,-2.9491098791363006,2.2118896549796006,2.554540530923764,-2.759816400542974,0.8007860087057166,2.3781078736358428,2.37313746725454,36.745260370740766,36.85124941447852,37.29134835208969,14.0,20.0,36.0,-99.0,0.0,0.0,0.0,0.0,0.0,0.0,0.0,0.0,0.0,0.0
2026-06-09 15:06:44,-0.33064021360910534,2.5032630412203964,0.6068188151178089,-2.198955307896121,0.141343386806009,0.48433970197987497,-1.0943957920162946,0.3229036142740678,36.674647671135,37.1712087359329,36.8329908944386,14.0,20.0,36.0,-99.0,0.0,0.0,0.0,0.0,0.0,0.0,0.0,0.0,0.0,0.0
2026-06-09 15:06:45,0.47907037508402794,0.5655380400908729,-2.09522965455903,0.537674101076854,-0.8334946179459237,-1.8972067544874915,-0.047941774222318045,-2.233274209326984,36.94040839140537,37.37923020809988,36.960288523746016,14.0,20.0,36.0,-99.0,0.0,0.0,0.0,0.0,0.0,0.0,0.0,0.0,0.0,0.0
2026-06-09 15:06:47,1.7463694205397378,-2.5932261763875246,-1.3246395738789412,-2.263831211373793,1.4845898393222274,-0.36876446942538177,0.03964235006108119,-1.2164612483082184,36.871191554925986,36.88509903706891,37.24073049553202,14.0,20.0,36.0,-99.0,0.0,0.0,0.0,0.0,0.0,0.0,0.0,0.0,0.0,0.0
2026-06-09 15:06:48,-2.3217430865038766,0.6223455630992176,-2.699479233551689,-0.8718463701113333,-0.05940813388575705,2.187020487372653,-0.14650440975489243,-1.00238898769689,36.512642616698905,36.943976366298266,37.242082714429785,14.0,20.0,36.0,-99.0,0.0,0.0,0.0,0.0,0.0,0.0,0.0,0.0,0.0,0.0
2026-06-09 15:06:50,-2.55045178548807,2.13947875596521,-1.187656524531216,-0.9017115456692513,-0.6071888695848848,-2.589034144669358,-2.7881999145528917,-2.122204832991821,36.63608404890661,36.8011024836393,37.10000647495199,14.0,20.0,36.0,-99.0,0.0,0.0,0.0,0.0,0.0,0.0,0.0,0.0,0.0,0.0
2026-06-09 15:06:51,-2.0030972633700226,1.1481423519030898,-2.057268952308624,-0.6673564335818027,1.783964007762842,0.26092622051661385,-1.9539185687451688,-2.1891031135303223,36.64893288206961,36.80630316410613,36.708288734285524,14.0,20.0,36.0,-99.0,0.0,0.0,0.0,0.0,0.0,0.0,0.0,0.0,0.0,0.0
2026-06-09 15:06:52,-0.06145592898910657,2.7125011032428237,-0.6119470215273841,2.966325127499509,-2.1840096771798767,0.10697444355565278,-2.7249665174326374,2.3663835946087968,36.780645129362455,36.85505239072534,37.081973900690585,14.0,20.0,36.0,-99.0,0.0,0.0,0.0,0.0,0.0,0.0,0.0,0.0,0.0,0.0
2026-06-09 15:06:54,-1.8422445641096454,-2.4854322936973574,1.6525288686580177,2.673362987294194,1.5965493217874487,-1.6442509848039568,-1.6289643929548268,-2.8964143957724167,36.923464190986685,36.97362239074399,36.753952026919116,14.0,20.0,36.0,-99.0,0.0,0.0,0.0,0.0,0.0,0.0,0.0,0.0,0.0,0.0
2026-06-09 15:06:55,0.0198713468379208,0.9717072309422838,-0.531805961329257,-0.24698034304587413,0.45631607350049563,-1.8660378927901007,1.7208150233293846,-1.0398986413734974,36.51436692125343,37.18113589461435,37.17204644930544,14.0,20.0,36.0,-99.0,0.0,0.0,0.0,0.0,0.0,0.0,0.0,0.0,0.0,0.0
2026-06-09 15:06:57,-2.937213539805791,-2.1466849892959883,1.9021543203848834,2.419642221158945,-2.2929671439788857,0.28294250908589724,-2.9287180571347378,-1.1393002209254524,36.57724364016667,36.869199058972676,37.17349657157812,14.0,20.0,36.0,-99.0,0.0,0.0,0.0,0.0,0.0,0.0,0.0,0.0,0.0,0.0
2026-06-09 15:06:58,2.2586831540372287,-2.719988000355345,1.6931999690463932,-0.10271933428462532,2.358573415896209,-2.762795611167724,1.6488681787760076,1.080657462752729,36.87084519016191,36.969331699472306,36.90815805412821,14.0,20.0,36.0,-99.0,0.0,0.0,0.0,0.0,0.0,0.0,0.0,0.0,0.0,0.0
2026-06-09 15:06:59,2.474527114681539,-1.3502990928943066,2.5857633242739766,-2.092294375499052,-0.07313198680533262,0.20126006486754688,0.24014317784576233,-2.3850590757425394,36.507410046181725,37.27215138763593,36.8619962856366,14.0,20.0,36.0,-99.0,0.0,0.0,0.0,0.0,0.0,0.0,0.0,0.0,0.0,0.0
2026-06-09 15:07:00,2.2617794945494625,-1.0480785138485877,2.646098117351242,-2.1275682980489665,2.5545816200612768,-0.10943525440665258,1.1529258045974915,-2.2967083828184593,36.56857465778649,36.83215028490843,36.7314374956204,14.0,20.0,36.0,-99.0,0.0,0.0,0.0,0.0,0.0,0.0,0.0,0.0,0.0,0.0
2026-06-09 15:07:01,1.005047652601733,-1.895331937615093,-2.127961473723742,-1.840792105321353,-0.8299511583804282,-2.5351929586652657,2.820604096977129,-0.4519254154279295,36.9101428694031,37.26913853685244,36.98282787400958,14.0,20.0,36.0,-99.0,0.0,0.0,0.0,0.0,0.0,0.0,0.0,0.0,0.0,0.0
2026-06-09 15:07:02,2.56520272372739,-1.0066785736094066,-0.16663714788374318,-1.9496068827337927,-2.4784091266383115,-2.9134289263778985,-2.4632354069281535,-1.562325048624282,36.598166216756916,37.387440925938556,37.23189191442799,14.0,20.0,36.0,-99.0,0.0,0.0,0.0,0.0,0.0,0.0,0.0,0.0,0.0,0.0
2026-06-09 15:07:03,-2.746056061735618,-2.264070991925967,2.9799563740834563,-1.686777998863947,0.6048759189913744,-2.695110160419069,-0.22269570784254622,1.4461705932612352,36.73926086861686,37.25874769622258,37.050135890429814,14.0,20.0,36.0,-99.0,0.0,0.0,0.0,0.0,0.0,0.0,0.0,0.0,0.0,0.0
2026-06-09 15:07:04,0.0699188645274198,-1.624561988628691,-0.6020263719698891,2.5675833450711707,-0.16443219843452583,-2.6291324748371196,-2.6637624648307843,0.6533009220194366,36.56927990161774,36.9371012309187,37.06619014142481,14.0,20.0,36.0,-99.0,0.0,0.0,0.0,0.0,0.0,0.0,0.0,0.0,0.0,0.0
2026-06-09 15:07:05,0.0638235620559473,1.4876663981824834,-1.0167872812846417,1.0283427849394924,1.282205060145893,1.1094883574958976,0.9953939318263454,0.9639129094823642,36.533508386339385,37.005880989311315,37.08117524159469,14.0,20.0,36.0,-99.0,0.0,0.0,0.0,0.0,0.0,0.0,0.0,0.0,0.0,0.0
2026-06-09 15:07:06,1.1665958120091116,-1.8680462399969509,-0.10974246524150022,-0.2653380999256907,0.7992263178416779,-1.1881553422577142,0.9760420492147714,-0.27125494843162157,36.980115081927465,37.338448060870554,37.2078379360666,14.0,20.0,36.0,-99.0,0.0,0.0,0.0,0.0,0.0,0.0,0.0,0.0,0.0,0.0
2026-06-09 15:07:08,-2.5792599869435593,-1.773754504284399,2.30482803882009,0.4049239186278957,2.0916728745978626,-1.9387974229535854,1.951114924256311,-2.797279467899407,36.68141306163512,37.00385064835683,37.12271652128985,14.0,20.0,36.0,-99.0,0.0,0.0,0.0,0.0,0.0,0.0,0.0,0.0,0.0,0.0
2026-06-09 15:07:09,0.19836842181359948,-0.525319281402127,2.15354872380344,1.080487952469742,-0.26992821309503245,2.736590411060133,1.4951211191214142,1.4716041232848314,37.08848069014364,37.307064062536746,36.777440667818716,14.0,20.0,36.0,-99.0,0.0,0.0,0.0,0.0,0.0,0.0,0.0,0.0,0.0,0.0
2026-06-09 15:07:10,1.338790526296127,-0.9132674132542817,-2.952308444443351,1.9861734846027295,1.8707145712693674,0.7003939356104416,1.9096983684244986,-2.456998721508894,36.96744031003594,36.972066585278114,36.933340946402126,14.0,20.0,36.0,-99.0,0.0,0.0,0.0,0.0,0.0,0.0,0.0,0.0,0.0,0.0
2026-06-09 15:07:12,2.793129092608794,-0.5369452787146614,-0.39157309824586495,2.6925761612093844,2.321846873341281,-2.4862599309055726,0.5082291272231081,1.6258839564590284,36.62625854523831,37.31083663726964,36.777598843065626,14.0,20.0,36.0,-99.0,0.0,0.0,0.0,0.0,0.0,0.0,0.0,0.0,0.0,0.0
2026-06-09 15:07:13,2.0119900723996196,-2.1556944071889235,2.0514600572404964,2.7965091910812863,-0.8722345145972872,-1.3080862145912926,2.2441131845884215,1.5725491344821307,36.915572202081066,36.887528655217,36.82610598859389,14.0,20.0,36.0,-99.0,0.0,0.0,0.0,0.0,0.0,0.0,0.0,0.0,0.0,0.0
2026-06-09 15:07:14,1.7266818688279821,-1.6497391453643508,-1.6895669829581792,-0.2537233577531408,-0.10296063567476033,-1.3681648437022815,-0.015699657509337328,0.8692913122221979,36.51295912367034,37.03920567989678,37.27864641450557,14.0,20.0,36.0,-99.0,0.0,0.0,0.0,0.0,0.0,0.0,0.0,0.0,0.0,0.0
2026-06-09 15:07:15,-0.7781559928379838,0.6219257463237517,2.681257603697504,1.5756399930643825,2.8605738774970515,1.8469369628183436,0.6110255056944944,-1.8903200943320433,37.06033162844478,36.877067960815346,36.91610057648283,14.0,20.0,36.0,-99.0,0.0,0.0,0.0,0.0,0.0,0.0,0.0,0.0,0.0,0.0
2026-06-09 15:07:16,-1.081925117427127,1.7196134030432262,1.420975128364307,0.4097784806222746,2.317093001823686,0.330742885501365,0.36496407063733116,-2.672762069484538,36.66738524204823,37.38257703262447,37.137937089709254,14.0,20.0,36.0,-99.0,0.0,0.0,0.0,0.0,0.0,0.0,0.0,0.0,0.0,0.0
2026-06-09 15:07:18,-2.0003999164681305,1.0447375060070865,0.5847238429409898,-2.2443567272044467,2.9886700781434117,1.1059061411459012,2.522139596548848,0.6207876372626218,36.639107207679615,37.33165045926252,36.738815225787555,14.0,20.0,36.0,-99.0,0.0,0.0,0.0,0.0,0.0,0.0,0.0,0.0,0.0,0.0
2026-06-09 15:07:19,-0.5982389493354323,-0.1003778993181701,1.6908909298009336,1.964648041671401,-0.2498298711589344,-0.7228277826670086,2.2465078229794138,-1.0163272380188197,36.80520488988492,37.037251728561195,36.83997872330921,14.0,20.0,36.0,-99.0,0.0,0.0,0.0,0.0,0.0,0.0,0.0,0.0,0.0,0.0
2026-06-09 15:07:20,-1.3205385669317653,0.7343742146572141,2.23672544784068,-0.029421838659152932,2.489761312815631,0.3214602372470603,0.7230898642413424,0.25001600693059434,36.61289817348301,37.01005224444758,37.0255921241858,14.0,20.0,36.0,-99.0,0.0,0.0,0.0,0.0,0.0,0.0,0.0,0.0,0.0,0.0
2026-06-09 15:07:22,2.929970728552795,-0.962842492108865,2.9695187264590706,1.0585096507559077,2.959329451966668,-1.4543183616812632,0.1750735699156296,-2.9342378012148718,37.02385745328896,37.35411894708973,36.891831718876965,14.0,20.0,36.0,-99.0,0.0,0.0,0.0,0.0,0.0,0.0,0.0,0.0,0.0,0.0
2026-06-09 15:07:23,-2.5629104961657547,-1.4459357564011313,-0.9775168708464426,0.8460695310048276,0.7661315326516789,0.031155021643252567,1.6164972806658726,1.1103523678485647,37.04256545294992,37.35693270355166,36.94214544845748,14.0,20.0,36.0,-99.0,0.0,0.0,0.0,0.0,0.0,0.0,0.0,0.0,0.0,0.0
2026-06-09 15:07:24,-1.8229232499647452,-1.9060748691118934,-2.841624508489847,0.7288437279285676,-0.6524090811833121,2.3311582852601456,0.4490895274353863,2.723609797941851,36.65863206306355,36.98970850377917,37.03166084308722,14.0,20.0,36.0,-99.0,0.0,0.0,0.0,0.0,0.0,0.0,0.0,0.0,0.0,0.0
2026-06-09 15:07:25,2.6309351785320727,-2.3868081716120884,0.5625347188637271,1.6686767566250529,-2.0113327264261818,2.864935206980073,1.0499289132206204,1.0831380652682947,36.67813093571867,37.00520457553935,36.76656093117542,14.0,20.0,36.0,-99.0,0.0,0.0,0.0,0.0,0.0,0.0,0.0,0.0,0.0,0.0
2026-06-09 15:07:26,2.2127632429269495,1.8296443082225862,-1.4761725775634091,-2.892291212275854,-2.577373613827212,2.2689109080442886,-0.5761465849801963,-1.120069963299521,36.832925613630344,37.28289978000423,37.13466158587186,14.0,20.0,36.0,-99.0,0.0,0.0,0.0,0.0,0.0,0.0,0.0,0.0,0.0,0.0
2026-06-09 15:07:27,-1.926133501942885,2.9152689416277413,-0.022272713767604202,-1.5645200662353442,2.934657736659159,2.696498133935761,0.8704608578094382,1.9630711246346175,36.586808467409085,36.855558064388745,36.80789202289709,14.0,20.0,36.0,-99.0,0.0,0.0,0.0,0.0,0.0,0.0,0.0,0.0,0.0,0.0
2026-06-09 15:07:28,-1.8773877427231163,-1.1624358653829834,0.9115031261262718,1.3182696963373361,-1.734769287169929,-2.007458106419402,-0.5379761161903964,-1.1250934737865244,36.73294498729714,37.043178402813176,36.92508197195249,14.0,20.0,36.0,-99.0,0.0,0.0,0.0,0.0,0.0,0.0,0.0,0.0,0.0,0.0
2026-06-09 15:07:29,-2.510460409019935,-0.0036672340709991147,1.6437785168697232,-1.0672795431460802,1.2720977888392522,1.3115589159055068,-1.4098785863890375,1.747547692286453,36.80095303899025,37.369070772542514,36.98583476210507,14.0,20.0,36.0,-99.0,0.0,0.0,0.0,0.0,0.0,0.0,0.0,0.0,0.0,0.0
2026-06-09 15:07:31,-1.8132129195263988,-0.9857758482350727,-2.752648971428237,-1.2804874438002982,-2.144530654416375,2.22965190723343,-2.4434671935497,-0.8506076082861043,36.52850743408645,36.8382078923508,36.89352401326318,14.0,20.0,36.0,-99.0,0.0,0.0,0.0,0.0,0.0,0.0,0.0,0.0,0.0,0.0
2026-06-09 15:07:32,1.903833503780592,0.04863858447611058,-2.147142135342647,2.257768197968522,-2.8308213453112,0.8623813755520322,0.3019101767201753,-1.301899225508411,36.86310517574288,36.82780281771616,37.04502971444114,14.0,20.0,36.0,-99.0,0.0,0.0,0.0,0.0,0.0,0.0,0.0,0.0,0.0,0.0
2026-06-09 15:07:33,0.4586893261471219,-1.1789920093903867,-1.367663603038422,2.6507425348616938,-2.1564712094644927,-0.04331999352764715,2.7900210995316,2.6562153494711556,37.086998305306416,37.04717873986128,36.86704927679981,14.0,20.0,36.0,-99.0,0.0,0.0,0.0,0.0,0.0,0.0,0.0,0.0,0.0,0.0
2026-06-09 15:07:35,-2.232609096439505,0.38841551023491316,-2.3622821243788943,0.40063884905268266,-1.325193651038871,-2.2803376088058176,-0.39012966556844075,2.048300716532154,37.05103435093461,37.36574882794256,37.206094612938,14.0,20.0,36.0,-99.0,0.0,0.0,0.0,0.0,0.0,0.0,0.0,0.0,0.0,0.0
2026-06-09 15:07:36,1.2621229753037353,-1.2105960966961165,-1.3545558001348281,-1.633867470936735,1.1428660994032658,1.1735792630444095,-2.786251017164033,-2.4622281047874983,36.73202225849513,37.264556090911135,37.031677986452046,14.0,20.0,36.0,-99.0,0.0,0.0,0.0,0.0,0.0,0.0,0.0,0.0,0.0,0.0
2026-06-09 15:07:37,1.5908343098231637,2.8961264911968616,0.22836548667841683,2.489506779101763,0.837220951455663,-0.20393274646563064,1.566709244319478,1.8244919484355089,36.99981041537533,37.35940141873223,36.976443914864156,14.0,20.0,36.0,-99.0,0.0,0.0,0.0,0.0,0.0,0.0,0.0,0.0,0.0,0.0
2026-06-09 15:07:38,-2.5562452418087966,1.6007823185019703,0.6829375554268413,2.75493610598663,-0.9579245913744616,-0.14490647967246773,1.0467117358369276,-2.6915166990226664,37.047404031173414,37.10184515098944,36.73733861058741,14.0,20.0,36.0,-99.0,0.0,0.0,0.0,0.0,0.0,0.0,0.0,0.0,0.0,0.0
2026-06-09 15:07:39,-2.2844047899335305,-0.19681275459831937,0.3424786802267721,-0.6567497411581495,-0.7470595032202247,0.7851428709709021,2.8508042348291482,2.192184659477152,36.93137111510609,36.86498598230645,36.89222790373917,14.0,20.0,36.0,-99.0,0.0,0.0,0.0,0.0,0.0,0.0,0.0,0.0,0.0,0.0
2026-06-09 15:07:40,-2.1955945988122516,-2.5725732054581005,-1.3187722057722067,-2.6186850574330243,-2.2603821995249245,-2.2954525809623005,-2.8827698940791517,-2.386170113565,36.65958287882173,36.879382762887666,37.05366946909984,14.0,20.0,36.0,-99.0,0.0,0.0,0.0,0.0,0.0,0.0,0.0,0.0,0.0,0.0
2026-06-09 15:07:41,-0.09498810294324311,2.232636205520812,-2.2286497098865077,-0.9074135042960005,2.9548799714721685,1.5923735230854348,2.355058349015482,0.7384438643258222,36.90853773410537,36.84440607264442,36.88066125401895,14.0,20.0,36.0,-99.0,0.0,0.0,0.0,0.0,0.0,0.0,0.0,0.0,0.0,0.0
2026-06-09 15:07:43,-1.76905580928143,0.934251814893774,0.5162070101040657,0.3989616032877068,2.3726027295847176,-0.15695352842713994,-1.0593885256670867,0.20951243212610304,37.03259278714756,37.20554911645717,36.84767704285528,14.0,20.0,36.0,-99.0,0.0,0.0,0.0,0.0,0.0,0.0,0.0,0.0,0.0,0.0
2026-06-09 15:07:44,-0.4792809489961454,0.7858858251821852,-1.7107941894765204,-2.451063864979861,-2.1491902555085476,-2.0409597176767758,2.9569739116180145,1.4519888327220647,36.65579494906593,37.213477384895405,36.997863838312185,14.0,20.0,36.0,-99.0,0.0,0.0,0.0,0.0,0.0,0.0,0.0,0.0,0.0,0.0
2026-06-09 15:07:46,2.646574426336227,1.1866739935907136,0.6201777766114569,0.6563720576437779,-0.5482377763065105,-2.6680374801452302,-1.9844515096195297,-1.869296054232747,36.702139231087585,37.02024346926908,36.82492842577997,14.0,20.0,36.0,-99.0,0.0,0.0,0.0,0.0,0.0,0.0,0.0,0.0,0.0,0.0
2026-06-09 15:07:47,2.4092487911138685,-2.802890410647576,-1.9591819101358534,-0.9999249285131442,-0.5576154037357655,-2.66780762066157,0.28949159143443737,-0.6305873755918014,36.84998832357433,37.25048238139978,36.90684914423488,14.0,20.0,36.0,-99.0,0.0,0.0,0.0,0.0,0.0,0.0,0.0,0.0,0.0,0.0
2026-06-09 15:07:48,0.8313814246488431,-0.31564730063170865,2.939094173732804,1.5685948071317508,2.8320902503835432,-2.597574194808275,0.11745742629728273,-2.737536747822767,36.80767001903518,37.259947991784806,37.0207442925426,14.0,20.0,36.0,-99.0,0.0,0.0,0.0,0.0,0.0,0.0,0.0,0.0,0.0,0.0
2026-06-09 15:07:49,-0.5702882519960957,-0.2384277269796633,-1.8429387590565691,1.4754053665838143,1.7417336784221815,-0.761536097326049,0.25476978852407317,0.9751661682307615,36.56499892440754,37.34465317554204,37.196999615201705,14.0,20.0,36.0,-99.0,0.0,0.0,0.0,0.0,0.0,0.0,0.0,0.0,0.0,0.0
2026-06-09 15:07:50,0.5345135490612005,0.18650183204950022,-0.6400372389579188,-1.574529153093575,-2.8732840401405646,-0.61592802971722,-0.554402007074061,2.014650626750236,36.878770186302525,36.89654220867714,36.8437282358751,14.0,20.0,36.0,-99.0,0.0,0.0,0.0,0.0,0.0,0.0,0.0,0.0,0.0,0.0
2026-06-09 15:07:51,1.5024740252687998,1.5344937445827744,1.1899305721423445,-2.0237931936440874,-1.3874673002059579,2.005658469178588,2.0483172474526707,-2.3512044422297302,36.86743372960767,37.362670531069014,36.721455624748046,14.0,20.0,36.0,-99.0,0.0,0.0,0.0,0.0,0.0,0.0,0.0,0.0,0.0,0.0
2026-06-09 15:07:53,-0.8089674658419526,-2.797285949695741,-2.458486741570198,-1.9577789339114013,1.671612480371083,0.6891339415365101,0.7320845738074802,-2.091350701765033,36.825899852971105,37.36666576507388,36.878036976687994,14.0,20.0,36.0,-99.0,0.0,0.0,0.0,0.0,0.0,0.0,0.0,0.0,0.0,0.0
2026-06-09 15:07:54,-1.1145927858253335,-2.548242316733895,-0.07791253561802414,-0.19932898326133142,-1.4926531357441581,1.3132513997098432,-0.16773751774866774,0.451085610744681,36.521145925169336,37.15201652416997,36.91275566240584,14.0,20.0,36.0,-99.0,0.0,0.0,0.0,0.0,0.0,0.0,0.0,0.0,0.0,0.0
2026-06-09 15:07:56,-2.5468237549679373,2.761501058293941,-2.994067043214513,-1.680022293667658,-2.773630644356957,-2.6704563699787425,1.14593020240447,-2.7726356562602223,36.97358369174814,36.854041385432794,37.205337677130345,14.0,20.0,36.0,-99.0,0.0,0.0,0.0,0.0,0.0,0.0,0.0,0.0,0.0,0.0
2026-06-09 15:07:57,2.6987455274282492,-1.7731163571994188,0.4614879670565881,2.0380416194732387,1.991011533018832,1.224594007124324,0.0020610081336260855,0.10583477459515445,37.063672564559035,37.09446539276245,36.72271096180099,14.0,20.0,36.0,-99.0,0.0,0.0,0.0,0.0,0.0,0.0,0.0,0.0,0.0,0.0
2026-06-09 15:07:58,-1.943758813357769,2.225641615138824,1.509143140187092,-1.401024982066613,1.5553518092665684,-2.9545441506636942,1.4683043834802278,-0.022095643217573624,36.765568587656496,37.168849182044916,36.9663274872281,14.0,20.0,36.0,-99.0,0.0,0.0,0.0,0.0,0.0,0.0,0.0,0.0,0.0,0.0
2026-06-09 15:07:59,-0.703869383419125,-1.7518183214834686,-0.7614771469244235,1.5682172975620983,2.1377827792874458,0.1581251338134897,-1.8087101955373717,-2.587199966811884,36.89449701629588,37.114173673917435,36.84290022515013,14.0,20.0,36.0,-99.0,0.0,0.0,0.0,0.0,0.0,0.0,0.0,0.0,0.0,0.0
2026-06-09 15:08:00,1.074679399769356,-2.1829714492195196,2.293444815535418,-1.9774816479661588,-0.1716803714074664,1.5523452899484447,-0.5501966188807899,1.9710012732221118,36.75210037596319,36.839230601237325,37.08187263698265,14.0,20.0,36.0,-99.0,0.0,0.0,0.0,0.0,0.0,0.0,0.0,0.0,0.0,0.0
2026-06-09 15:08:01,-2.050375090750146,-1.959651476849226,2.0845744721126387,2.617040181893527,-1.9365662418666485,0.8763077992456028,2.0967695593044464,0.2501938630584464,36.56575450391115,36.968178916115434,37.224194982319375,14.0,20.0,36.0,-99.0,0.0,0.0,0.0,0.0,0.0,0.0,0.0,0.0,0.0,0.0
2026-06-09 15:08:02,-2.556720738255927,0.9666474408700991,-1.0604509635286936,1.1757443354849642,1.4388250765527326,0.9223967672950462,2.862279451842163,0.8451551197752036,36.70699691864393,37.15011103309704,37.078651488001825,14.0,20.0,36.0,-99.0,0.0,0.0,0.0,0.0,0.0,0.0,0.0,0.0,0.0,0.0
2026-06-09 15:08:03,-0.7733269571280283,-2.9823208827395815,-2.1607887322464556,-0.9008661682119241,0.9802129845460126,0.09457800587550658,1.5454140075700247,2.8192643660668866,36.838619725112665,37.38945309114175,36.882633739838994,14.0,20.0,36.0,-99.0,0.0,0.0,0.0,0.0,0.0,0.0,0.0,0.0,0.0,0.0
2026-06-09 15:08:04,2.0847278101677285,-0.8256185016201569,0.13606902442612112,-0.6066662499453788,0.32578670120459297,-1.6955529959611846,-0.5297677338076663,-1.40936345650923,36.519859506478795,37.38972674302443,36.9228672182508,14.0,20.0,36.0,-99.0,0.0,0.0,0.0,0.0,0.0,0.0,0.0,0.0,0.0,0.0
2026-06-09 15:08:06,0.3037985637335274,-0.593688833682191,0.39987312591640123,-0.008808494898575603,0.22021875585037343,-1.889312294583629,-2.9023493849747233,1.8572238361243816,36.76110843884172,37.218665386666125,37.021736902468525,14.0,20.0,36.0,-99.0,0.0,0.0,0.0,0.0,0.0,0.0,0.0,0.0,0.0,0.0
2026-06-09 15:08:07,-0.43191075125036793,1.1007971503205347,-2.4231870870380634,-2.247592678649582,0.16536604976103364,-1.1537267532262399,-2.8829436175328533,1.9327674029936457,37.04568587552212,37.05152619395121,37.20484814582238,14.0,20.0,36.0,-99.0,0.0,0.0,0.0,0.0,0.0,0.0,0.0,0.0,0.0,0.0
2026-06-09 15:08:08,2.8609398123813463,-0.7101837203555492,1.1644024854653097,-2.5453040092920984,-1.0225547331434262,-2.8882796314561823,2.7990335399148147,-2.363299029706429,36.77004863729146,37.17678367980628,37.25007901065359,14.0,20.0,36.0,-99.0,0.0,0.0,0.0,0.0,0.0,0.0,0.0,0.0,0.0,0.0
2026-06-09 15:08:10,2.4035149573625505,-1.5352957480240514,2.508490088487765,-0.21819634185467196,0.24513986828849754,-1.9467163840121764,2.6546028259477312,2.3908136046169064,36.9084841733962,37.12232478920808,36.8737579774984,14.0,20.0,36.0,-99.0,0.0,0.0,0.0,0.0,0.0,0.0,0.0,0.0,0.0,0.0
2026-06-09 15:08:11,-1.7861643336088873,2.4775807236629204,-0.15109792608107853,0.9332442818345399,-0.12794762009700467,-2.7957812811070895,-1.1004694733259268,1.4883330166216675,36.7189313376037,37.28770767250575,36.85996599585615,14.0,20.0,36.0,-99.0,0.0,0.0,0.0,0.0,0.0,0.0,0.0,0.0,0.0,0.0
2026-06-09 15:08:12,0.8153827542273486,-1.2190083493602462,0.4924945226079185,-2.0669632776918525,2.5036600023426043,0.8949305182589109,-2.3979027659796195,-0.39505586905923007,36.904684873340294,36.87018281202093,37.17093794249053,14.0,20.0,36.0,-99.0,0.0,0.0,0.0,0.0,0.0,0.0,0.0,0.0,0.0,0.0
2026-06-09 15:08:14,1.5360087443290444,0.713480406126612,1.8199974399981533,2.17668792139345,-2.2594992238786604,0.8096986576006371,1.8500625429829816,0.29208471175395534,36.54416583167755,37.06329905736493,37.033004842363155,14.0,20.0,36.0,-99.0,0.0,0.0,0.0,0.0,0.0,0.0,0.0,0.0,0.0,0.0
2026-06-09 15:08:15,-0.5016064319945874,2.4361373413017136,0.6558726026028969,2.4390915610423907,-1.614112715932547,-1.504718514268741,0.4397693376600307,0.5754865645348421,36.93745714894508,36.920940688537314,37.027930639655935,14.0,20.0,36.0,-99.0,0.0,0.0,0.0,0.0,0.0,0.0,0.0,0.0,0.0,0.0
2026-06-09 15:08:16,-1.1226637372449075,1.5589156320870599,-0.14740056217908437,2.5762289651695482,2.7519533898026634,-2.055047758336499,1.3557800895936518,0.4590182268647762,37.0874375775802,37.17681253346634,37.27177096625287,14.0,20.0,36.0,-99.0,0.0,0.0,0.0,0.0,0.0,0.0,0.0,0.0,0.0,0.0
2026-06-09 15:08:18,2.4308910312178806,-1.5902753615261702,0.7672303632776787,-1.4932146046574455,-0.4594087744553703,-1.7664955311210944,-1.896914414073894,-2.2609101347769758,37.08458171859782,37.19563276026049,37.097627716086244,14.0,20.0,36.0,-99.0,0.0,0.0,0.0,0.0,0.0,0.0,0.0,0.0,0.0,0.0
2026-06-09 15:08:19,-2.7110385291840906,-2.6146017544864346,-2.158767106640246,2.4594459127308017,-0.044396752522251504,-1.0994692117342126,1.5709844597569624,-0.4096548680239076,36.597370589976514,37.20994414800947,37.0390118489915,14.0,20.0,36.0,-99.0,0.0,0.0,0.0,0.0,0.0,0.0,0.0,0.0,0.0,0.0
2026-06-09 15:08:20,2.1710366016208047,-1.3553132570489366,1.4728928003316968,-0.4622365953550327,-0.570787494180304,-0.4286993721735737,2.624218220426707,2.088958890802947,36.537012787599856,37.20311781789547,37.025076896001494,14.0,20.0,36.0,-99.0,0.0,0.0,0.0,0.0,0.0,0.0,0.0,0.0,0.0,0.0
2026-06-09 15:08:22,-0.47142037024018935,2.8585743475086716,-2.7631457056705644,-1.753498455154206,-2.7135924189367904,-2.836375243337021,1.2949652684916657,2.1125540633963436,36.78454865550355,36.83535741719219,37.01150667268572,14.0,20.0,36.0,-99.0,0.0,0.0,0.0,0.0,0.0,0.0,0.0,0.0,0.0,0.0
2026-06-09 15:08:23,2.0160095543109664,2.193618413194116,-2.8772483703916683,-1.4861656169546573,-2.576612839771755,2.0354624604604883,1.6314997657478116,-0.08645912059804495,36.78839684169232,37.008488833352196,36.74055740422452,14.0,20.0,36.0,-99.0,0.0,0.0,0.0,0.0,0.0,0.0,0.0,0.0,0.0,0.0
2026-06-09 15:08:24,1.0293666824203482,0.7230650528545435,1.685123971349518,-1.45808909915991,-0.7365356872588475,-1.4719302772625542,-2.065516455980438,-2.167285755905843,36.8326877716371,37.294764605355645,36.73321554979207,14.0,20.0,36.0,-99.0,0.0,0.0,0.0,0.0,0.0,0.0,0.0,0.0,0.0,0.0
2026-06-09 15:08:25,0.7418182614558577,-2.624610312599067,-2.6448303884057864,-2.4871763175822625,-0.4041133957701719,-0.7596734766655979,-2.8339436463047463,1.7642890405670801,36.775381726209865,36.82353107463684,37.18388438013022,14.0,20.0,36.0,-99.0,0.0,0.0,0.0,0.0,0.0,0.0,0.0,0.0,0.0,0.0
2026-06-09 15:08:27,-0.22495565870338607,-2.5646311653912717,-2.443259131533675,1.6793206631420627,-1.062720403707611,-2.1700981353696456,-1.9879529332273256,-1.5335746712879639,36.64645246730755,37.260757393057155,36.84748174464094,14.0,20.0,36.0,-99.0,0.0,0.0,0.0,0.0,0.0,0.0,0.0,0.0,0.0,0.0
2026-06-09 15:08:28,2.5694731734412244,0.03794711066703371,-1.2024339790597534,-2.803814520094777,1.9938892484730184,0.9611898147060742,-0.7107010064649826,-2.3837083749283927,37.07137178544163,37.01191662502227,36.79142770096616,14.0,20.0,36.0,-99.0,0.0,0.0,0.0,0.0,0.0,0.0,0.0,0.0,0.0,0.0
2026-06-09 15:08:29,-1.7298192157004082,1.8099655831315147,-0.6653799763759602,1.4016775496415512,-0.8934170141046733,2.243555132889533,1.0483366339424114,-1.5801194224662318,36.93200904113405,36.802822362062535,36.88470116329543,14.0,20.0,36.0,-99.0,0.0,0.0,0.0,0.0,0.0,0.0,0.0,0.0,0.0,0.0
2026-06-09 15:08:30,-0.040013543324043166,2.8906768144115587,0.753201256208341,0.12366836589286256,2.2787306000821816,0.6322408942846272,0.8625789986200818,0.29825863510600126,37.03504201346567,36.85800669165256,37.051599437484064,14.0,20.0,36.0,-99.0,0.0,0.0,0.0,0.0,0.0,0.0,0.0,0.0,0.0,0.0
2026-06-09 15:08:32,0.6782570524856051,-2.412364394093038,2.6896836933488686,-0.5114381234580296,-1.9478719607294939,-1.518056791873941,-2.718583791647523,-0.9931124084841123,36.938241281351374,37.11401051086325,37.263782571642764,14.0,20.0,36.0,-99.0,0.0,0.0,0.0,0.0,0.0,0.0,0.0,0.0,0.0,0.0
2026-06-09 15:08:33,1.4157879009632222,-1.5319632181897456,-0.49610859880810665,2.6081801691257205,-1.1979680916043483,1.080175518420159,-0.6680015246743998,-0.37172916290590186,36.71825217135472,37.126957543966704,37.01045423863296,14.0,20.0,36.0,-99.0,0.0,0.0,0.0,0.0,0.0,0.0,0.0,0.0,0.0,0.0
2026-06-09 15:08:35,-1.5576179967882346,0.2872007263876961,-2.5807443646944783,-0.06925975459012079,-1.1295653672085315,2.345150613349265,-1.4058356059239177,-2.922900979434928,36.68230095497221,37.19578672347266,37.102111930705426,14.0,20.0,36.0,-99.0,0.0,0.0,0.0,0.0,0.0,0.0,0.0,0.0,0.0,0.0
2026-06-09 15:08:36,-2.3827575336657825,-0.3167138829206886,2.4748127102855593,-1.1446148512847958,-1.6171378579003683,0.5757323400760037,-2.4005325772120045,-1.654192622058895,37.07523682466712,36.845596665797615,36.897533127117214,14.0,20.0,36.0,-99.0,0.0,0.0,0.0,0.0,0.0,0.0,0.0,0.0,0.0,0.0
2026-06-09 15:08:37,2.2313298642211032,-1.4860934054549055,-1.0718182762779123,1.2562085796679163,-1.1662787499297986,-2.0582574590446283,-2.5267015343430117,-2.2306645711755024,36.8767333620474,37.024376187051374,36.98727926282145,14.0,20.0,36.0,-99.0,0.0,0.0,0.0,0.0,0.0,0.0,0.0,0.0,0.0,0.0
2026-06-09 15:08:38,-2.388661213416764,-1.41135727069774,1.3582189298642895,-0.39654850780972417,2.4246648040457046,-0.7397438609780953,2.1970267618950707,1.3535139634215998,37.058629220633996,37.18964168849984,36.93205698077874,14.0,20.0,36.0,-99.0,0.0,0.0,0.0,0.0,0.0,0.0,0.0,0.0,0.0,0.0
2026-06-09 15:08:39,1.0505801901175076,-0.5383196206625147,-2.759224830773789,2.9671030784438557,0.18721024523348762,0.3056235053634939,-2.624627328763683,-1.7540694875903358,36.58241958520584,36.85444199335139,37.086601865321576,14.0,20.0,36.0,-99.0,0.0,0.0,0.0,0.0,0.0,0.0,0.0,0.0,0.0,0.0
2026-06-09 15:08:41,-2.073920759820336,-0.06428657832651741,-1.2520978104763203,-2.356838454536225,-1.3166222421183413,-2.1656034606308836,0.04930315243877592,1.3605542198330438,36.545004116407306,37.08571794987655,37.069215664765366,14.0,20.0,36.0,-99.0,0.0,0.0,0.0,0.0,0.0,0.0,0.0,0.0,0.0,0.0
2026-06-09 15:08:42,0.4137209026937789,1.3980568618379055,1.373045578053187,2.0194879894806554,1.9592257656911212,-1.5306823248582277,0.5198078434102027,0.1071380397730115,36.812299983692,36.88822007407858,37.243846222411086,14.0,20.0,36.0,-99.0,0.0,0.0,0.0,0.0,0.0,0.0,0.0,0.0,0.0,0.0
2026-06-09 15:08:43,-0.5934871222272444,0.5449748410831621,-0.3315258084576538,-2.8497694014593726,-2.673585188591158,-0.8870060731846339,-1.4296316747231288,0.44116682019880304,36.59603126752543,37.18599478775744,36.74440050743018,14.0,20.0,36.0,-99.0,0.0,0.0,0.0,0.0,0.0,0.0,0.0,0.0,0.0,0.0
2026-06-09 15:08:45,0.9305050369931172,-1.7594385782696556,2.4213944191895527,2.331669092827987,-0.46773583537027097,0.910907481862687,-1.5081293243073142,2.963150408882326,36.8177091928249,37.12646017689843,37.1829422080929,14.0,20.0,36.0,-99.0,0.0,0.0,0.0,0.0,0.0,0.0,0.0,0.0,0.0,0.0
2026-06-09 15:08:46,0.8230334810647335,1.5657932627934041,2.236270509266417,1.415262646654381,-0.05035513843899109,-2.0835485600795205,-1.9176289451962412,2.107223722109028,37.07988242546383,36.962280858620474,37.03399301167702,14.0,20.0,36.0,-99.0,0.0,0.0,0.0,0.0,0.0,0.0,0.0,0.0,0.0,0.0
2026-06-09 15:08:47,-2.492817416994985,1.056548777273763,2.9974310923315413,-2.6939016236062985,-0.3222310122689551,-2.337211446297351,2.8569740183268095,0.5913345428149865,36.91859206689408,37.024336984913624,36.70870292533232,14.0,20.0,36.0,-99.0,0.0,0.0,0.0,0.0,0.0,0.0,0.0,0.0,0.0,0.0
2026-06-09 15:08:48,-2.756440720146135,1.8287396015432869,2.594786799029225,-2.0368457747944517,0.30034253659951915,0.2763776691701243,-0.8758764536966241,2.804706756380323,36.57078132380995,37.244164068581775,37.00666138080675,14.0,20.0,36.0,-99.0,0.0,0.0,0.0,0.0,0.0,0.0,0.0,0.0,0.0,0.0
2026-06-09 15:08:50,2.7034700476486346,1.0256886489412818,-1.7961820087072977,-1.013047570264252,-1.376017598977788,1.5850844496221699,-2.039995495917656,0.48809561181705696,36.86011854845135,36.94982597003771,37.20099729233677,14.0,20.0,36.0,-99.0,0.0,0.0,0.0,0.0,0.0,0.0,0.0,0.0,0.0,0.0
2026-06-09 15:08:51,-2.232873534803162,-2.8149225507093303,-1.6181741657894115,-0.5902425188725857,0.9025414909534448,1.1381409111801286,2.499161256406248,-1.8765133875193096,36.59685496613151,37.09842504108925,37.0789135400752,14.0,20.0,36.0,-99.0,0.0,0.0,0.0,0.0,0.0,0.0,0.0,0.0,0.0,0.0
2026-06-09 15:08:52,2.595135124309225,-1.5675038194464543,-2.6254662047981223,-0.7968285510158117,-2.1539235955579246,-0.5760549751765982,-0.1795664099900267,2.718764153636867,36.93025154884418,37.24051687426107,36.76981308163329,14.0,20.0,36.0,-99.0,0.0,0.0,0.0,0.0,0.0,0.0,0.0,0.0,0.0,0.0
2026-06-09 15:08:54,-1.3319765490779722,-0.9222268529868769,0.8971318445310708,-0.04708800164124094,1.1982211311244395,-1.3086339766402004,1.7361755782815074,1.69311974199446,36.712683644671266,36.89644072035017,36.89855211322566,14.0,20.0,36.0,-99.0,0.0,0.0,0.0,0.0,0.0,0.0,0.0,0.0,0.0,0.0
2026-06-09 15:08:55,0.0788074465443449,2.6983206171029863,2.1626565517462097,0.8120627718181312,0.7080252820597899,0.21778247604374856,-1.7605177386357322,-0.5869480161273608,37.05427701215496,36.896753313787876,37.24002793616295,14.0,20.0,36.0,-99.0,0.0,0.0,0.0,0.0,0.0,0.0,0.0,0.0,0.0,0.0
2026-06-09 15:08:56,-1.1560425328689168,0.2383133229327825,0.9818555019209878,-1.9426201209960225,-2.5435509549870368,0.929690966739356,0.05363629702805328,2.527638031410424,37.08081485511307,37.11459192097886,36.959769321616214,14.0,20.0,36.0,-99.0,0.0,0.0,0.0,0.0,0.0,0.0,0.0,0.0,0.0,0.0
2026-06-09 15:08:58,1.8396575397908688,-0.14470921508388734,-2.599505496860905,-1.863776345546005,-0.9986197082697768,2.4566936889540516,-2.3160863097309425,-1.944512348092676,37.014097438494794,36.97706193959461,37.179438514501804,14.0,20.0,36.0,-99.0,0.0,0.0,0.0,0.0,0.0,0.0,0.0,0.0,0.0,0.0
2026-06-09 15:08:59,0.2489895317835451,1.5152940688082328,0.6031001372552653,-1.2833258374334686,1.1064517341775026,0.3713717784147281,0.7708344981409825,-1.3392468349487063,36.72533432434214,37.0013700427615,36.93299663483235,14.0,20.0,36.0,-99.0,0.0,0.0,0.0,0.0,0.0,0.0,0.0,0.0,0.0,0.0
2026-06-09 15:09:00,0.7396064797278976,-2.6429897727161284,2.0153437536627683,-1.5027282226961611,-1.3024056166999936,-0.25514586529393846,-1.2014615586836568,-2.1398969788865787,36.538093698695214,37.10937141535259,36.90478448898532,14.0,20.0,36.0,-99.0,0.0,0.0,0.0,0.0,0.0,0.0,0.0,0.0,0.0,0.0
2026-06-09 15:09:01,-0.7460799592539957,2.077425865659201,0.42323216998508517,0.05973087728337667,2.330081131035173,1.1994553201482576,-0.26529235079690405,2.1796729660461,37.02461082270113,36.844296343761044,37.15624279131282,14.0,20.0,36.0,-99.0,0.0,0.0,0.0,0.0,0.0,0.0,0.0,0.0,0.0,0.0
2026-06-09 15:09:02,0.6027623677393894,-2.7301855828540966,-0.8893184208065135,0.46927668159959435,-1.6381350522416147,0.3050500383681287,-1.106615030043717,-0.09613872086425079,37.0860806244852,37.341361287217104,37.225815824512736,14.0,20.0,36.0,-99.0,0.0,0.0,0.0,0.0,0.0,0.0,0.0,0.0,0.0,0.0
2026-06-09 15:09:04,-0.6741098402482821,2.9508799930778107,2.803199517443879,-2.130949609630407,-2.1411462558967163,-1.1371526780020957,-1.8203974777462688,2.7877455393196247,36.625199812459094,37.071393449099695,36.90297778979453,14.0,20.0,36.0,-99.0,0.0,0.0,0.0,0.0,0.0,0.0,0.0,0.0,0.0,0.0
2026-06-09 15:09:05,-1.2220531325146693,-1.0510085185076008,1.8662856214729278,-0.9631794354399199,0.9495051932165923,-1.6573684783633857,1.2447491929793397,1.2595816176044972,36.53095126149759,37.26379067928484,37.02504931370444,14.0,20.0,36.0,-99.0,0.0,0.0,0.0,0.0,0.0,0.0,0.0,0.0,0.0,0.0
2026-06-09 15:09:07,1.7335459695197502,0.8266829749755491,2.478599870086436,-0.6845695574208297,2.4504393926544044,1.8144892375881785,-1.8552130151980968,-2.87330868540084,36.839616041737585,36.831253110910154,36.841097195533,14.0,20.0,36.0,-99.0,0.0,0.0,0.0,0.0,0.0,0.0,0.0,0.0,0.0,0.0
2026-06-09 15:09:08,1.9122771539561265,-2.607477228938453,-0.10265997270280547,-2.370705269250714,0.13957655630709498,0.05929186081245241,-2.1666465991175388,1.190316731898899,36.597092407061496,37.23760932094557,37.08227535956825,14.0,20.0,36.0,-99.0,0.0,0.0,0.0,0.0,0.0,0.0,0.0,0.0,0.0,0.0
2026-06-09 15:09:09,1.7377902383423063,-0.30881514090714113,-1.3682196256431771,0.2930776479246706,-0.5019584304587341,-0.43194125221037893,-0.3425881757867293,-2.264024732064567,37.06649384778552,36.871872200332746,37.17266709802971,14.0,20.0,36.0,-99.0,0.0,0.0,0.0,0.0,0.0,0.0,0.0,0.0,0.0,0.0
2026-06-09 15:09:10,2.6326349800491426,-0.6665272074601969,-2.1028129810717244,-2.3690712103266964,-1.591055830408417,2.5425095247915337,-0.3460374448208041,-2.335422397309829,36.8892311598848,37.08424991454854,37.206654221900926,14.0,20.0,36.0,-99.0,0.0,0.0,0.0,0.0,0.0,0.0,0.0,0.0,0.0,0.0
2026-06-09 15:09:12,0.3891696093483952,-1.6882443197863921,-2.9199681127336974,1.154251212061114,-1.2295347954087774,-2.615630639572448,-2.941721878282045,0.11658008900577332,37.03721615477827,37.05270346627453,36.83513121287022,14.0,20.0,36.0,-99.0,0.0,0.0,0.0,0.0,0.0,0.0,0.0,0.0,0.0,0.0
2026-06-09 15:09:13,2.051666680451567,1.70356605493458,0.21696455229516332,-2.522435648236396,-2.822236737168315,1.4884258737522993,1.8445461376598615,-1.535440049053056,36.99668379654002,36.841757287364025,37.21384981598868,14.0,20.0,36.0,-99.0,0.0,0.0,0.0,0.0,0.0,0.0,0.0,0.0,0.0,0.0
2026-06-09 15:09:14,0.24909395677926405,-0.8231905170952651,-1.9642502510812876,2.3414014960982215,2.7167201765471187,0.0885399643767868,1.1034169445832411,0.8370409369627883,36.55650319733893,37.09258066192131,36.95949349070471,14.0,20.0,36.0,-99.0,0.0,0.0,0.0,0.0,0.0,0.0,0.0,0.0,0.0,0.0
2026-06-09 15:09:16,0.6852892855460953,2.38603790128513,1.8617715710141267,1.0820698206859163,-2.206085491352301,-2.1816227442643967,-0.4513402818855772,2.9794564787261955,36.937966519094324,36.95894273358965,37.20546552209414,14.0,20.0,36.0,-99.0,0.0,0.0,0.0,0.0,0.0,0.0,0.0,0.0,0.0,0.0
2026-06-09 15:09:17,-1.907284460669303,-1.3928123090944289,-0.5982031840170849,0.2986708603533521,-1.697226556776385,2.910644127795262,-0.9069585370675739,0.556716319672037,36.50089068899241,36.84792243724742,36.78852845126946,14.0,20.0,36.0,-99.0,0.0,0.0,0.0,0.0,0.0,0.0,0.0,0.0,0.0,0.0
2026-06-09 15:09:18,-0.02847613115549752,0.31549477865586173,1.6566548734411182,2.19365106817747,0.7704467293298105,-0.33499142559188133,-0.821771957662194,-1.0904729457021398,36.67627009033331,36.98280201145415,37.236467080199226,14.0,20.0,36.0,-99.0,0.0,0.0,0.0,0.0,0.0,0.0,0.0,0.0,0.0,0.0
2026-06-09 15:09:19,1.5513355120710601,2.281224655792065,2.064863431774926,0.35819019998614987,1.4813188213981885,-1.5315608947486734,-1.9144487505110817,-2.585699462444162,36.55632960256777,37.121304760961934,36.7119402488964,14.0,20.0,36.0,-99.0,0.0,0.0,0.0,0.0,0.0,0.0,0.0,0.0,0.0,0.0
2026-06-09 15:09:21,-0.48909347451747553,1.9162822157784865,-0.5864952350294201,0.5961798805484189,1.84340206996242,-0.04049773322846173,-2.2997999243926976,-2.392322068571196,36.861994238580884,37.01002853635694,36.85735300629253,14.0,20.0,36.0,-99.0,0.0,0.0,0.0,0.0,0.0,0.0,0.0,0.0,0.0,0.0
2026-06-09 15:09:22,1.5932355728360896,-1.6674565300507627,-1.8132667713404482,-2.44153611581402,1.5217478880799877,-0.7082335088779841,2.951772848822424,-0.802887612485689,36.54484812853897,36.9083403401592,36.70434403270219,14.0,20.0,36.0,-99.0,0.0,0.0,0.0,0.0,0.0,0.0,0.0,0.0,0.0,0.0
2026-06-09 15:09:23,1.4085881133583253,1.1478622162800782,1.3652193282737022,-2.579731001872564,0.5037090812885516,-0.5536311323336447,-1.8374223590938552,1.0932623098826326,36.721474951798754,36.83266774809871,36.90065454753542,14.0,20.0,36.0,-99.0,0.0,0.0,0.0,0.0,0.0,0.0,0.0,0.0,0.0,0.0
2026-06-09 15:09:25,-1.849975503371471,0.6526412202924994,-0.6544482374924563,-1.4411402281372405,0.47655265966060334,1.947355442240628,2.3712992698100557,-2.1865709829310225,36.71241626179455,37.33273303323728,37.26608633204397,14.0,20.0,36.0,-99.0,0.0,0.0,0.0,0.0,0.0,0.0,0.0,0.0,0.0,0.0
2026-06-09 15:09:26,1.055099973908579,-2.563934019107388,-2.2482873540005146,-0.739805924712194,-1.120719804266326,0.11685537896278753,1.3952460895055783,-2.416162371509876,36.67786036330505,37.20822718691747,37.216544518793306,14.0,20.0,36.0,-99.0,0.0,0.0,0.0,0.0,0.0,0.0,0.0,0.0,0.0,0.0
2026-06-09 15:09:28,0.5731360204146712,-0.7367931478786858,-2.8734708756265555,1.0288185515817982,0.7321029727004227,1.0432108854906996,-0.07293067430683031,-1.135497750393745,36.82572027919051,36.84525902902586,37.03854404958828,14.0,20.0,36.0,-99.0,0.0,0.0,0.0,0.0,0.0,0.0,0.0,0.0,0.0,0.0
2026-06-09 15:09:29,-1.4346574817382098,1.13130878623077,-2.701242405401911,0.30006834053557085,-2.4037255733631024,-2.410091222458126,2.4659009212445477,-2.9201572530624658,36.51982657354443,37.303754835530825,36.913355168993675,14.0,20.0,36.0,-99.0,0.0,0.0,0.0,0.0,0.0,0.0,0.0,0.0,0.0,0.0
2026-06-09 15:09:30,-2.882191304409187,-2.4364552219857676,-2.48889111607049,-0.674106228572608,-1.669057080293835,-0.08921520044129228,-2.183703160803671,-0.5069765810313189,36.73091446819545,36.90180250818534,37.18984759898327,14.0,20.0,36.0,-99.0,0.0,0.0,0.0,0.0,0.0,0.0,0.0,0.0,0.0,0.0
2026-06-09 15:09:31,1.390288627884562,1.0247453939623723,1.3124560941130516,-2.2624894887427844,-1.58667952979087,0.4619009443393809,2.664626215487199,1.101740914744063,36.9036199522482,37.38996109691324,37.07905451539489,14.0,20.0,36.0,-99.0,0.0,0.0,0.0,0.0,0.0,0.0,0.0,0.0,0.0,0.0
2026-06-09 15:09:33,-2.8310634153816396,-0.1765514494055811,1.2735948212948447,-1.8581539612067535,2.5349543936223293,-2.3637493339170343,-1.661879846227534,0.20281840611637536,36.88682730786705,37.25555994931504,37.035970471397604,14.0,20.0,36.0,-99.0,0.0,0.0,0.0,0.0,0.0,0.0,0.0,0.0,0.0,0.0
2026-06-09 15:09:34,0.4546071719594398,-0.27850966661702703,-2.2888436117720445,1.2910750433666003,-0.5094183335149127,-2.3537527883676863,2.4588685551701133,-2.4165248556810184,36.86957001948796,37.2972868408721,37.067048934350616,14.0,20.0,36.0,-99.0,0.0,0.0,0.0,0.0,0.0,0.0,0.0,0.0,0.0,0.0
2026-06-09 15:09:35,-0.14912565415392454,2.3522032787401432,-0.1689101675734106,1.4294357346727917,-0.7898915748263997,2.6576301920052394,-1.62501346754015,-2.5740603343379744,36.819832200075425,37.27697903866543,37.091046830326384,14.0,20.0,36.0,-99.0,0.0,0.0,0.0,0.0,0.0,0.0,0.0,0.0,0.0,0.0
2026-06-09 15:09:36,-1.3870124261059427,1.530247680612895,-0.9928276129174858,1.1888081205787193,-0.8167804770568594,2.3070189841150803,-0.9434263747130989,2.7208543058108416,36.66071676830038,36.91357440057079,37.01920765544447,14.0,20.0,36.0,-99.0,0.0,0.0,0.0,0.0,0.0,0.0,0.0,0.0,0.0,0.0
2026-06-09 15:09:38,1.1344116795323993,-2.3881045446369598,-0.30394881955586506,2.9337941834166887,-2.680688400876974,1.2485822376370415,-2.965333456483023,-0.03604354370848428,36.779589423950874,37.17738662552564,36.89831970729603,14.0,20.0,36.0,-99.0,0.0,0.0,0.0,0.0,0.0,0.0,0.0,0.0,0.0,0.0
2026-06-09 15:09:39,1.9404651038469218,1.0139003838369582,0.2231897386935242,-0.352934362989628,1.2963316299413261,2.0611051509602802,2.067267362270485,-2.6240912388661957,36.53267161972856,37.38439838641989,36.908560853380266,14.0,20.0,36.0,-99.0,0.0,0.0,0.0,0.0,0.0,0.0,0.0,0.0,0.0,0.0
2026-06-09 15:09:40,1.6511644060837485,-1.8130500750252612,-2.738612700763669,-0.6386858992346909,-1.8354572683136896,-2.0923968612720825,-0.8658255853027503,-0.2597386965642787,36.7218244378856,37.29136453764637,37.12314853796965,14.0,20.0,36.0,-99.0,0.0,0.0,0.0,0.0,0.0,0.0,0.0,0.0,0.0,0.0
2026-06-09 15:09:41,-0.30626353603501766,0.8806291681132037,1.7823994453068996,2.780436209634358,-2.421602603639638,1.955778624865296,0.8140051075102033,-2.5912533762701435,36.516091036689126,37.23457750223692,36.95023708305098,14.0,20.0,36.0,-99.0,0.0,0.0,0.0,0.0,0.0,0.0,0.0,0.0,0.0,0.0
2026-06-09 15:09:43,-0.8566655890721826,1.5350641561469747,-2.9284817180766987,-0.37943874880752837,2.3709717807691284,-0.06736849289524116,-2.1250416994135657,-2.124784557133543,36.95050173139569,37.22278382543615,36.85286658794512,14.0,20.0,36.0,-99.0,0.0,0.0,0.0,0.0,0.0,0.0,0.0,0.0,0.0,0.0
2026-06-09 15:09:44,-1.2904714193480433,0.28412554375143984,2.629108376114848,-1.7878313406727786,0.2648635875642049,2.4301575612127966,-1.914006209031841,-2.400146507601025,36.75102886249122,37.26311029917166,37.09049154573493,14.0,20.0,36.0,-99.0,0.0,0.0,0.0,0.0,0.0,0.0,0.0,0.0,0.0,0.0
2026-06-09 15:09:46,0.5200691474244543,0.17221894604180443,-1.942388179289804,1.2285553656186226,1.5343312009586239,2.3874986427233784,-2.9877305701004113,2.482623237406644,36.81134179587374,36.80809885974418,36.8703167739881,14.0,20.0,36.0,-99.0,0.0,0.0,0.0,0.0,0.0,0.0,0.0,0.0,0.0,0.0
2026-06-09 15:09:47,1.5350007230462062,0.1665958075517313,-2.0156141668111327,-1.0310679128029523,0.346065869317818,-2.0029776404613457,-1.7233901919984165,0.9090974923340571,36.5040118461772,36.818262314943745,36.87363176807078,14.0,20.0,36.0,-99.0,0.0,0.0,0.0,0.0,0.0,0.0,0.0,0.0,0.0,0.0
2026-06-09 15:09:48,2.79643891495439,0.24111554296563797,-1.8221563410159525,-2.9265856531825136,-1.9481140539826582,-2.5906970531706386,0.09011243530429258,-1.452249707180908,36.8278014860013,37.23116672580873,36.7220559078358,14.0,20.0,36.0,-99.0,0.0,0.0,0.0,0.0,0.0,0.0,0.0,0.0,0.0,0.0
2026-06-09 15:09:49,-2.5136822337707043,0.3205125792232275,0.18001743579714624,0.35640545305701865,-2.2309098052994285,0.005215381702311284,-2.1382335725593107,2.431176829880151,36.81285208373291,37.061673327946735,36.83674802146676,14.0,20.0,36.0,-99.0,0.0,0.0,0.0,0.0,0.0,0.0,0.0,0.0,0.0,0.0
2026-06-09 15:09:51,-0.0656133423047951,1.8486357146511505,2.7813978877701153,-2.1453223658090024,2.318413586939755,-0.4249681318274918,-2.971480347775468,1.40788720083758,36.50368089134796,37.017819429328775,37.06608693461877,14.0,20.0,36.0,-99.0,0.0,0.0,0.0,0.0,0.0,0.0,0.0,0.0,0.0,0.0
2026-06-09 15:09:52,0.07650692684483928,-2.5807697200581203,-0.5839158323020817,-1.7253326797192146,1.1254795364587817,0.38223054262851264,-0.1623542144201897,-0.6030395614277393,36.788020507204585,37.14732414571405,36.90776269009205,14.0,20.0,36.0,-99.0,0.0,0.0,0.0,0.0,0.0,0.0,0.0,0.0,0.0,0.0
2026-06-09 15:09:53,1.5264323995900089,-1.7655877624668272,-2.858939179220485,2.0597432417289125,1.3244254940799776,0.8046310979018356,-1.106412847181853,-1.9102150464683507,36.891554263658,37.28604903951738,37.28259974087269,14.0,20.0,36.0,-99.0,0.0,0.0,0.0,0.0,0.0,0.0,0.0,0.0,0.0,0.0
2026-06-09 15:09:55,-2.533178208708244,-2.3188647664485362,-2.0656538553167607,2.9211787508167513,-1.0893312716467474,-1.0694861936973157,-2.182032312689706,2.624037542138363,37.09162193066934,37.021865659965535,36.84589808379907,14.0,20.0,36.0,-99.0,0.0,0.0,0.0,0.0,0.0,0.0,0.0,0.0,0.0,0.0
2026-06-09 15:09:56,-2.891247157061753,2.5428544359540153,2.100807164095187,-1.9359059513105623,-0.6848808153951236,-1.1733392173124828,0.6067740371134454,-1.8969975196587965,36.78558494419643,37.19975795858261,36.97524227339308,14.0,20.0,36.0,-99.0,0.0,0.0,0.0,0.0,0.0,0.0,0.0,0.0,0.0,0.0
2026-06-09 15:09:57,-2.5349819306427053,-0.6396565342446863,-2.605219208666247,-0.47252912665463764,-0.3741688297187853,1.2692003312947282,1.8086836556962353,1.3707292786690335,36.901445574066265,37.1019759418746,37.278247760790364,14.0,20.0,36.0,-99.0,0.0,0.0,0.0,0.0,0.0,0.0,0.0,0.0,0.0,0.0
2026-06-09 15:09:58,-0.5998814483855357,-2.114946136719438,-1.1093044785358326,2.416789050395148,2.2828951568328275,2.183885197170566,1.2575064686613509,-2.7513603615286373,36.963809126746746,37.25806709408573,36.96688397342913,14.0,20.0,36.0,-99.0,0.0,0.0,0.0,0.0,0.0,0.0,0.0,0.0,0.0,0.0
2026-06-09 15:10:00,-2.6288075943779665,-1.6356158435989185,2.2026392537438015,1.0604939924128196,2.0894835177450872,-2.4602672119117956,1.0763046192974324,-0.35490926499529873,36.771021806596096,36.97755210523729,37.17298280542204,14.0,20.0,36.0,-99.0,0.0,0.0,0.0,0.0,0.0,0.0,0.0,0.0,0.0,0.0
2026-06-09 15:10:01,2.2114832130003634,-1.3963778241873859,0.4000723120383247,-1.11366763578321,-2.904511035191,-0.4889158522855075,-2.2621320482168636,2.777494613568349,37.0473223920035,37.25262984586845,37.0924543719073,14.0,20.0,36.0,-99.0,0.0,0.0,0.0,0.0,0.0,0.0,0.0,0.0,0.0,0.0
2026-06-09 15:10:03,-2.8188420968238237,2.2646500580848947,-2.974621207210012,2.485429010937743,1.4525659063738035,-2.685295238522294,-0.5128600224216102,-1.082763851599264,36.86019626439069,37.36583127906265,37.02593633783976,14.0,20.0,36.0,-99.0,0.0,0.0,0.0,0.0,0.0,0.0,0.0,0.0,0.0,0.0
2026-06-09 15:10:04,-0.9318034623578431,-1.335336524652558,1.117791707612704,-0.9731102902547475,0.3999161975787171,2.8575745296730464,2.3741413160365177,-1.4909096130738326,37.05869016687636,37.21992069939665,37.19797703200873,14.0,20.0,36.0,-99.0,0.0,0.0,0.0,0.0,0.0,0.0,0.0,0.0,0.0,0.0
2026-06-09 15:10:05,2.779237125439572,0.8085395997737201,-1.1379761455187276,1.803672371824435,2.200324337423858,1.7456548847886744,-0.126999465734285,-1.458926071502117,36.85727045858603,37.14307385472008,37.04119639328673,14.0,20.0,36.0,-99.0,0.0,0.0,0.0,0.0,0.0,0.0,0.0,0.0,0.0,0.0
2026-06-09 15:10:06,1.7103534663151043,0.1924357501470082,-2.935149292504791,-0.07941795108775107,-0.6776789623641575,0.9519813706478937,-0.32153473737461935,2.1882976961057743,37.0702096956267,37.03788391478923,37.17015641837659,14.0,20.0,36.0,-99.0,0.0,0.0,0.0,0.0,0.0,0.0,0.0,0.0,0.0,0.0
2026-06-09 15:10:07,-2.3391252745065927,-0.564530594076678,-1.868000217284358,1.428999223302517,1.6176138725747844,1.4228829627325519,-0.646198841493864,-0.11519596434443224,36.945136936118985,37.25035998949903,37.17665415171281,14.0,20.0,36.0,-99.0,0.0,0.0,0.0,0.0,0.0,0.0,0.0,0.0,0.0,0.0
2026-06-09 15:10:08,-0.4665026764563325,2.2244976516311423,-2.7578693004655905,0.30494210770767527,1.255799883457775,-2.7535503571841677,0.025222896788068994,-1.639645663994467,36.53509079885436,36.970289677074355,37.17613172422302,14.0,20.0,36.0,-99.0,0.0,0.0,0.0,0.0,0.0,0.0,0.0,0.0,0.0,0.0
2026-06-09 15:10:09,-1.7586804663485252,-2.434923919830254,-0.960612936724651,-0.6360537834388178,2.12601343656911,-1.261185751181059,-0.8348193107999009,-2.155655916891684,36.78270827916063,37.14746105353383,37.20382467998492,14.0,20.0,36.0,-99.0,0.0,0.0,0.0,0.0,0.0,0.0,0.0,0.0,0.0,0.0
2026-06-09 15:10:11,-0.2162239472494516,1.8428804516260922,2.013196319857058,-2.870902293279314,-1.8877991095997524,2.1812378933720735,-1.1604818329377875,-0.7834249760388632,36.84782232461471,37.370962653210675,37.14099820054012,14.0,20.0,36.0,-99.0,0.0,0.0,0.0,0.0,0.0,0.0,0.0,0.0,0.0,0.0
2026-06-09 15:10:12,-0.1573701624312096,0.5159324360975495,-0.4875394989089359,-0.6118804040034389,2.283863135537705,-0.772881000120687,2.6807551154769893,-2.988339837817377,36.82777848094534,37.14862973230583,36.82599062410656,14.0,20.0,36.0,-99.0,0.0,0.0,0.0,0.0,0.0,0.0,0.0,0.0,0.0,0.0
2026-06-09 15:10:13,1.0393637145043524,1.3875532291369446,-1.3957077591674147,0.3833839744677636,0.5173642914352508,-1.470752410640163,2.0850419884457967,-1.63208343617558,36.82949529607744,36.82193015302266,36.75296326733661,14.0,20.0,36.0,-99.0,0.0,0.0,0.0,0.0,0.0,0.0,0.0,0.0,0.0,0.0
2026-06-09 15:10:14,1.3834740123745073,-1.5884725038022316,-1.0533045780498718,2.1108799418919837,1.8388441561361661,-0.206266103732478,0.31615274476959687,2.988158116503447,36.87953635008688,36.906839296048815,37.169450278245066,14.0,20.0,36.0,-99.0,0.0,0.0,0.0,0.0,0.0,0.0,0.0,0.0,0.0,0.0
2026-06-09 15:10:15,-2.5135201879185844,-1.8747989347821667,-1.7817132175494705,-0.3437678142234253,-2.565215431266946,-1.2175956676020048,2.8672248763897237,2.1041760293405165,36.8444870676886,37.34332655016867,37.29275089993576,14.0,20.0,36.0,-99.0,0.0,0.0,0.0,0.0,0.0,0.0,0.0,0.0,0.0,0.0
2026-06-09 15:10:17,0.31075204842529214,1.1032006304199484,-0.5742374199993474,-0.942628560084195,-1.2856719854779028,2.287588786308536,-2.0163929819674054,-1.6715526995997785,36.853807507869426,36.88365206890774,36.757065906958054,14.0,20.0,36.0,-99.0,0.0,0.0,0.0,0.0,0.0,0.0,0.0,0.0,0.0,0.0
2026-06-09 15:10:18,-1.057530783617276,-1.8880060690880913,-2.1075777301849423,-0.4970677271907453,0.1967077795100689,2.801564556494802,1.664264790100611,1.1412653975673965,36.550905715039136,36.9379641811189,37.06127324490439,14.0,20.0,36.0,-99.0,0.0,0.0,0.0,0.0,0.0,0.0,0.0,0.0,0.0,0.0
2026-06-09 15:10:20,0.7827857190651271,2.761262717242121,0.26389097133599826,-1.8420442774203105,1.4902317302085635,0.20527388312460237,0.7043331492843716,2.3626032668558423,36.717368899304525,37.070656056169845,37.097651255750456,14.0,20.0,36.0,-99.0,0.0,0.0,0.0,0.0,0.0,0.0,0.0,0.0,0.0,0.0
2026-06-09 15:10:21,-1.2329366520030054,0.8875923584589862,0.011038053528178438,1.4581254093298588,0.5904163989622471,0.00018371142668982543,-1.5718886531448233,1.5472664082799916,36.902636588813586,36.99823048161729,36.821968192590475,14.0,20.0,36.0,-99.0,0.0,0.0,0.0,0.0,0.0,0.0,0.0,0.0,0.0,0.0
2026-06-09 15:10:23,0.5101726746002369,-2.5110177445121376,-2.467811095981896,0.8767670593567178,-1.602833899321081,0.3487132422328534,-1.3685760212296958,-1.5129967373410236,36.83513332211851,37.13941721143488,37.14339779573854,14.0,20.0,36.0,-99.0,0.0,0.0,0.0,0.0,0.0,0.0,0.0,0.0,0.0,0.0
2026-06-09 15:10:24,-2.970343414979519,1.5925400476592033,-1.344437545337658,-1.4808728036196037,2.324924843438426,-0.7631100945279785,2.893613771378318,-0.12373156000951102,36.6617845989545,36.86994033849123,36.81416830604949,14.0,20.0,36.0,-99.0,0.0,0.0,0.0,0.0,0.0,0.0,0.0,0.0,0.0,0.0
2026-06-09 15:10:25,1.524875637905998,2.9205830565864694,1.8095907666921267,-1.6427133808895866,0.8347232003414926,0.20937312330706082,-0.5913296275870992,-1.1148025851689087,36.8538281262521,37.0768823979899,37.17026143663246,14.0,20.0,36.0,-99.0,0.0,0.0,0.0,0.0,0.0,0.0,0.0,0.0,0.0,0.0
2026-06-09 15:10:27,-0.7140542882543457,1.8886854763322685,-1.1415871033630345,-1.8721288364427833,2.6425643373496976,0.6015714488933774,-1.265006438753034,1.1520735524862884,36.85117110645235,36.990602350528356,36.988336946777416,14.0,20.0,36.0,-99.0,0.0,0.0,0.0,0.0,0.0,0.0,0.0,0.0,0.0,0.0
2026-06-09 15:10:28,-0.0017535398330728036,-2.9858920903314847,2.8695509062506988,-1.2395321737543668,-0.3690312190530136,2.9367031545167768,-2.0981769001733013,0.5998532445730493,37.0464220373238,37.294660633428535,36.71973037531717,14.0,20.0,36.0,-99.0,0.0,0.0,0.0,0.0,0.0,0.0,0.0,0.0,0.0,0.0
2026-06-09 15:10:29,2.2539810364238537,-2.341328222912659,-2.9761368045457566,1.4044074561049777,2.0056636509269152,-1.1820929727488794,-1.0183574079413191,-2.5513248279320466,36.69425035760765,36.959718886118814,37.2578018876037,14.0,20.0,36.0,-99.0,0.0,0.0,0.0,0.0,0.0,0.0,0.0,0.0,0.0,0.0
2026-06-09 15:10:31,2.0071771607888493,-1.1989830601669589,1.2375154891502653,2.0275439239593016,2.946412975604856,2.730134843663535,-0.4442013497671935,-2.4392946565376152,36.72025579888675,37.35128012950872,36.71315955023949,14.0,20.0,36.0,-99.0,0.0,0.0,0.0,0.0,0.0,0.0,0.0,0.0,0.0,0.0
2026-06-09 15:10:32,0.6106531278938316,0.619894995216856,-1.5453693227485819,-2.8784350130387923,0.398331382971989,0.5740289205909503,-1.5232420760443675,1.5449501618816415,36.621803044946574,36.83329675637813,36.888706278142536,14.0,20.0,36.0,-99.0,0.0,0.0,0.0,0.0,0.0,0.0,0.0,0.0,0.0,0.0
2026-06-09 15:10:33,-1.8943663111527786,2.9515431892133632,2.0571396996369504,2.2097245546170203,-1.5110715833391757,-1.97575267082373,0.5255812406956712,1.3847837988550102,36.76466264718446,36.91646862388685,36.80628442146416,14.0,20.0,36.0,-99.0,0.0,0.0,0.0,0.0,0.0,0.0,0.0,0.0,0.0,0.0
2026-06-09 15:10:34,1.9735848100524187,1.9481131220675474,-0.7361184896986313,2.5161526822394897,1.0901574783731967,0.5841869516560543,2.0960983596907443,-2.087521113743809,36.96226843759295,37.23857837614394,37.026876079202005,14.0,20.0,36.0,-99.0,0.0,0.0,0.0,0.0,0.0,0.0,0.0,0.0,0.0,0.0
2026-06-09 15:10:35,0.4093919795239942,2.8119415459117034,-0.684538449822254,-1.4124400447964585,-0.47091659108136064,-1.7110759288783595,-0.6159509219415824,2.250964905110017,36.66189286560844,37.328261682289956,37.166520359257696,14.0,20.0,36.0,-99.0,0.0,0.0,0.0,0.0,0.0,0.0,0.0,0.0,0.0,0.0
2026-06-09 15:10:37,1.6230929645418017,2.5834971732791967,2.8743727483748858,0.9261887593278608,2.8417479674251904,2.9501685822697628,0.6078178386398161,0.2506335566552722,36.62207169993719,37.32358044816907,36.90736795632277,14.0,20.0,36.0,-99.0,0.0,0.0,0.0,0.0,0.0,0.0,0.0,0.0,0.0,0.0
2026-06-09 15:10:38,-1.6732526194199935,1.9019374472039718,-1.3702735389742864,-2.730987989773326,-0.18404983466618496,1.2367068762465152,1.2822747604192681,2.3960562957687994,36.87990121852998,37.121842219804,37.28047338592742,14.0,20.0,36.0,-99.0,0.0,0.0,0.0,0.0,0.0,0.0,0.0,0.0,0.0,0.0
2026-06-09 15:10:39,2.4504067433886556,2.835036365458583,0.4578098862696258,0.6726650146966948,-1.3466226412874491,-1.1338487729248325,-1.427347024044054,-2.215063235101628,36.546544256908426,36.95854084705944,37.22226445254182,14.0,20.0,36.0,-99.0,0.0,0.0,0.0,0.0,0.0,0.0,0.0,0.0,0.0,0.0
2026-06-09 15:10:40,0.450601631087967,1.4609187976191844,-2.6110424615336574,-1.8673962783043678,0.10788540162315385,0.8583962805049348,-2.9198688391408556,0.06396438281396666,36.67655020671334,37.03803088559663,36.845550513109316,14.0,20.0,36.0,-99.0,0.0,0.0,0.0,0.0,0.0,0.0,0.0,0.0,0.0,0.0
2026-06-09 15:10:41,-2.8670927483140343,2.357952577399997,-1.6043204257421821,-2.8247048969376376,-0.018778083350807773,-0.8648081416343141,-1.2659269826763218,1.7046011137597716,36.92075293816333,36.91332959604176,36.90184308610378,14.0,20.0,36.0,-99.0,0.0,0.0,0.0,0.0,0.0,0.0,0.0,0.0,0.0,0.0
2026-06-09 15:10:42,-2.371929845188827,1.0983249185496717,2.9727461633694485,-2.151588718517109,0.3045966561243567,2.559001297164537,2.3113753251624862,-2.795156535505048,36.920765672685306,37.19841595191443,36.95356821375961,14.0,20.0,36.0,-99.0,0.0,0.0,0.0,0.0,0.0,0.0,0.0,0.0,0.0,0.0
2026-06-09 15:10:44,-1.137333679503482,-0.3480038409040951,-1.7038007589777455,-1.3541280687463773,2.364299489870721,-0.4722800153021467,1.7979565980331396,0.08372795731022098,36.98498219916911,36.81251345915129,36.767614409728566,14.0,20.0,36.0,-99.0,0.0,0.0,0.0,0.0,0.0,0.0,0.0,0.0,0.0,0.0
2026-06-09 15:10:45,0.8613163202427208,0.3156067599304384,-2.522921713575921,1.4261908919660993,1.3020320107593166,2.8132159168824176,-1.818494345729563,-2.0387067586079426,36.98336231618555,37.237493025032755,37.20926145339615,14.0,20.0,36.0,-99.0,0.0,0.0,0.0,0.0,0.0,0.0,0.0,0.0,0.0,0.0
2026-06-09 15:10:46,1.7660826908968978,2.320151571190287,0.7866989988318345,-2.201671593266359,1.4155888382082562,2.327345552390037,1.6989053456517222,-1.0646866862156443,36.915952537003854,37.0299099282023,37.14856202942383,14.0,20.0,36.0,-99.0,0.0,0.0,0.0,0.0,0.0,0.0,0.0,0.0,0.0,0.0
2026-06-09 15:10:47,-1.3188909227947085,1.2866249290823122,-0.4535590197687993,-2.634965038185293,-0.5807494217342493,-1.3700515058422562,1.178929716104757,-1.339443767814196,36.80044444827884,36.95665818288752,36.87577278153624,14.0,20.0,36.0,-99.0,0.0,0.0,0.0,0.0,0.0,0.0,0.0,0.0,0.0,0.0
2026-06-09 15:10:48,0.787319245626251,0.2797059239599351,-1.6443689532541392,-2.0089589832931267,2.938584343572816,1.117372704107031,0.26746691923339405,-0.4616460633411852,36.598094871756146,37.02838141954214,37.05602647621563,14.0,20.0,36.0,-99.0,0.0,0.0,0.0,0.0,0.0,0.0,0.0,0.0,0.0,0.0
2026-06-09 15:10:49,-0.2982317438902884,0.7490296197455573,-0.6493451174388234,1.8844425147461195,-2.644408508515271,-0.5997125222470787,2.894921240159717,-0.3555967073459194,36.508309490898355,36.86796918547172,37.25753171352336,14.0,20.0,36.0,-99.0,0.0,0.0,0.0,0.0,0.0,0.0,0.0,0.0,0.0,0.0
2026-06-09 15:10:50,-2.9118964383774637,1.0911291913611159,-0.007498403015764765,-2.290775234054794,-2.077126422020149,-1.628578641372418,0.5580990126422383,-0.8244699422420512,36.67677006395304,37.13589604807345,36.97249108335563,14.0,20.0,36.0,-99.0,0.0,0.0,0.0,0.0,0.0,0.0,0.0,0.0,0.0,0.0
2026-06-09 15:10:51,1.3352136265505798,-0.2109757086514601,-1.3269466050132503,2.949244239911316,-0.019303818802120176,-0.25009103163934165,2.5007616551857925,-1.9072410096405898,36.84852502448121,36.84973598288658,36.73666595888362,14.0,20.0,36.0,-99.0,0.0,0.0,0.0,0.0,0.0,0.0,0.0,0.0,0.0,0.0
2026-06-09 15:10:53,1.5616395063522237,2.011981929624767,2.202009463494141,0.6005841938004357,2.0842523125889594,-2.2826130836446694,-2.2019494582422383,1.21275634153929,37.030395779373166,37.23247781916472,36.98717009175532,14.0,20.0,36.0,-99.0,0.0,0.0,0.0,0.0,0.0,0.0,0.0,0.0,0.0,0.0
2026-06-09 15:10:54,1.1891204537911833,-1.0486163371932007,2.068631396109609,-2.4182342062700526,-1.6396242887271175,-1.320990635878391,2.162927696921895,-0.5287646044215917,36.56649677339647,37.29803360814201,37.241891966684165,14.0,20.0,36.0,-99.0,0.0,0.0,0.0,0.0,0.0,0.0,0.0,0.0,0.0,0.0
2026-06-09 15:10:55,-0.5414002046369673,2.0278527484660946,0.18740938957780662,2.5008380718436554,1.1719227039615294,-2.113175556345487,1.4219885512771784,2.0095589552107125,36.666210462388285,37.09215843018349,37.0437624121568,14.0,20.0,36.0,-99.0,0.0,0.0,0.0,0.0,0.0,0.0,0.0,0.0,0.0,0.0
2026-06-09 15:10:56,0.29440533544974556,2.832205549093148,-0.5838254207354976,-0.3419887248986333,1.8082603536066806,0.24720653729384567,2.5781047016013456,2.7463784185237543,36.87138685614554,37.06984833659581,37.29127474043005,14.0,20.0,36.0,-99.0,0.0,0.0,0.0,0.0,0.0,0.0,0.0,0.0,0.0,0.0
2026-06-09 15:10:57,-0.22603940517382037,2.111449904012165,-1.2815926988607569,-1.9004660406460776,0.05350247343910164,0.0027580277954890597,-0.6782707481326469,2.2862866438808984,36.72663444509966,36.96261649461357,37.075612150093264,14.0,20.0,36.0,-99.0,0.0,0.0,0.0,0.0,0.0,0.0,0.0,0.0,0.0,0.0
2026-06-09 15:10:59,-1.7020298556117992,2.151166745283282,2.1756273679042835,1.2041123507762945,-1.222573410763955,0.7504212501798584,2.961517688502447,1.5816720861656846,36.52756221616096,37.261215383857646,36.998698747508165,14.0,20.0,36.0,-99.0,0.0,0.0,0.0,0.0,0.0,0.0,0.0,0.0,0.0,0.0
2026-06-09 15:11:00,-2.8719699257292763,1.3057414349904253,2.4542222891778707,-1.0053203239344979,-1.010218747184921,-1.7242385432053826,0.8847078712163339,2.8578062667820667,36.742304183856106,37.11225613729965,37.23909348332559,14.0,20.0,36.0,-99.0,0.0,0.0,0.0,0.0,0.0,0.0,0.0,0.0,0.0,0.0
2026-06-09 15:11:01,1.4440757421198374,-2.672687652711944,2.017790577617185,-2.2717263690808114,-1.5366857794685649,-0.19329211349405995,-1.0721485605080998,1.837013419994486,37.02682181759649,37.1859936796348,37.24912005199068,14.0,20.0,36.0,-99.0,0.0,0.0,0.0,0.0,0.0,0.0,0.0,0.0,0.0,0.0
2026-06-09 15:11:02,0.49266854150713524,1.6464438951397717,-2.0505785924835536,-0.22581972156460672,-0.09979967731365846,2.390009601992096,-0.09295555401953859,0.5879087274728949,36.56784287854011,37.259768790526614,36.84223180821025,14.0,20.0,36.0,-99.0,0.0,0.0,0.0,0.0,0.0,0.0,0.0,0.0,0.0,0.0
2026-06-09 15:11:03,1.2921202041206854,-2.7853508963348617,-1.9334600868694236,0.20881697504540897,-2.7107909590497385,2.3186687287529875,-2.676510242496801,1.5102518643866816,36.9675519686393,37.24156302451197,36.86872450640363,14.0,20.0,36.0,-99.0,0.0,0.0,0.0,0.0,0.0,0.0,0.0,0.0,0.0,0.0
2026-06-09 15:11:04,-1.6554412196983175,-1.619294490723815,-2.222321507801529,-0.936942955315172,2.596478440204886,0.3450947793035013,-0.787363782429757,0.2694501483930374,36.90176171876958,37.1289402935509,36.77948278486524,14.0,20.0,36.0,-99.0,0.0,0.0,0.0,0.0,0.0,0.0,0.0,0.0,0.0,0.0
2026-06-09 15:11:06,-1.947459371474287,-0.4867798506200498,-1.7296872849730154,0.4643318842506057,-1.0042059252845783,-2.5550122573683214,0.6846358956270482,-1.1082161685787517,37.080396946033154,37.125868382403276,37.1358621052009,14.0,20.0,36.0,-99.0,0.0,0.0,0.0,0.0,0.0,0.0,0.0,0.0,0.0,0.0
2026-06-09 15:11:07,1.995135244318453,1.4866426984174144,-1.575472494396584,2.397194008494167,-2.48813880758717,-0.7742873850575873,-2.0739043322861104,0.894222053343869,36.783710173631476,36.96556769709136,36.97224237306331,14.0,20.0,36.0,-99.0,0.0,0.0,0.0,0.0,0.0,0.0,0.0,0.0,0.0,0.0
2026-06-09 15:11:08,1.2718611471064616,1.8839072229886993,1.6064273788090055,-2.114988366860206,0.04745626110906631,1.7720958068444395,-1.6117646582857132,0.8045194739008696,36.999577993296384,37.1819656725976,37.17181377691048,14.0,20.0,36.0,-99.0,0.0,0.0,0.0,0.0,0.0,0.0,0.0,0.0,0.0,0.0
2026-06-09 15:11:09,1.5777558843333228,-0.9435681439143,1.4837790420165886,1.9949178267219416,0.46088509146773937,-1.1444457055906414,2.2132588505762634,2.5486099411484853,36.618434621327836,36.838999199135344,37.02981624311633,14.0,20.0,36.0,-99.0,0.0,0.0,0.0,0.0,0.0,0.0,0.0,0.0,0.0,0.0
2026-06-09 15:11:10,0.1684585763308193,1.0078944372662964,2.0297250606356396,-1.5787340886797783,2.9547999048249602,0.387485556508643,-1.3871080761084171,-2.1262502768190137,36.92316246757616,37.07924038068538,36.89677166872009,14.0,20.0,36.0,-99.0,0.0,0.0,0.0,0.0,0.0,0.0,0.0,0.0,0.0,0.0
2026-06-09 15:11:11,-1.181571658921162,-2.886984035463482,-2.129103022616004,-0.7426021834723584,-0.8380203952655645,2.1830843272362106,-2.9140959859538045,2.4867295429649934,36.74098954293002,37.199371269450765,37.21646809770313,14.0,20.0,36.0,-99.0,0.0,0.0,0.0,0.0,0.0,0.0,0.0,0.0,0.0,0.0
2026-06-09 15:11:12,-2.5760440565580343,-1.48663770128927,-0.681701507337908,0.7866776022643966,0.11088326236786106,-2.14323901468521,2.1294426339949286,-2.931310957864323,36.58347421595286,37.15839643493537,37.25355605612807,14.0,20.0,36.0,-99.0,0.0,0.0,0.0,0.0,0.0,0.0,0.0,0.0,0.0,0.0
2026-06-09 15:11:14,-1.949785008003237,1.0787762711536129,-1.6213651084725607,0.2563726174736978,-0.19637141899293376,-2.2331696797156377,1.2346105013905184,1.2272976376014508,36.95500892062273,37.21212025802595,37.097218242139306,14.0,20.0,36.0,-99.0,0.0,0.0,0.0,0.0,0.0,0.0,0.0,0.0,0.0,0.0
2026-06-09 15:11:15,2.2801634919308293,-2.3151649786941055,-0.30479566484025344,-1.7504180670885476,0.3845386429078541,-2.5774826912111495,1.0313715062200313,-1.2253427897678246,36.712327688278066,36.99960559385181,37.00290677681765,14.0,20.0,36.0,-99.0,0.0,0.0,0.0,0.0,0.0,0.0,0.0,0.0,0.0,0.0
2026-06-09 15:11:16,0.04205495664032899,0.9706235586107326,0.6293219795534082,1.9151740405376163,-2.7095878309436046,0.8159230733882361,-2.4326806516995063,-1.448545904831994,36.90194518417297,36.8594584182699,36.844921472667316,14.0,20.0,36.0,-99.0,0.0,0.0,0.0,0.0,0.0,0.0,0.0,0.0,0.0,0.0
2026-06-09 15:11:18,-1.7835415366668468,-0.9436431484313488,1.9786904298159866,-2.80132412488601,-1.776128115119901,-0.5320763059113531,-0.061306786046518624,-2.7398834832373122,36.76875519769731,37.020827352820945,36.768466812975085,14.0,20.0,36.0,-99.0,0.0,0.0,0.0,0.0,0.0,0.0,0.0,0.0,0.0,0.0
2026-06-09 15:11:19,-1.8660231924870818,-1.3356648744394646,-1.0092206203166882,-0.3287353677205407,1.6502407591898862,0.6702998498699877,-0.8845985456277305,2.473245480129579,37.04122309381579,37.09447069738297,36.90709059102724,14.0,20.0,36.0,-99.0,0.0,0.0,0.0,0.0,0.0,0.0,0.0,0.0,0.0,0.0
2026-06-09 15:11:20,-0.22375179804881729,-1.355003374779619,0.20667916387484464,-0.34561719565333426,0.5023661506351602,-0.8362506174539286,-0.3159110217217824,1.7365313689054886,36.99047652442334,37.352327823535546,36.73831236189814,14.0,20.0,36.0,-99.0,0.0,0.0,0.0,0.0,0.0,0.0,0.0,0.0,0.0,0.0
2026-06-09 15:11:21,-0.31057584785539616,-0.7692081814461567,0.8822932960214844,-0.21824660056465905,1.4855917508303147,-2.020559123837227,-1.8289799391737322,-0.16411204364037246,37.069737872951755,36.88840706582689,36.76400017200453,14.0,20.0,36.0,-99.0,0.0,0.0,0.0,0.0,0.0,0.0,0.0,0.0,0.0,0.0
2026-06-09 15:11:22,1.6145535827085915,-0.954039025566336,-2.43021206060544,2.932065590232569,-1.3125224620774107,0.9703806767027272,-2.8395160269128725,-0.6496250477696601,37.08596331099908,37.26935225934722,36.73206607410168,14.0,20.0,36.0,-99.0,0.0,0.0,0.0,0.0,0.0,0.0,0.0,0.0,0.0,0.0
2026-06-09 15:11:23,-2.366736653575269,2.0182378873308213,0.7970295790317516,2.216976508824686,-0.5804532823296009,0.632504700501749,1.4742061515258227,-0.9156104536401979,36.78706750920014,37.15880236004154,37.075208759303365,14.0,20.0,36.0,-99.0,0.0,0.0,0.0,0.0,0.0,0.0,0.0,0.0,0.0,0.0
2026-06-09 15:11:24,-1.1805466362148838,1.803514137265406,-0.5257415451535787,-0.7095804400896304,2.6337208198167694,2.349090196719965,-2.786176905374369,2.311743980500883,36.899128931818325,36.89206115273712,36.832172425299476,14.0,20.0,36.0,-99.0,0.0,0.0,0.0,0.0,0.0,0.0,0.0,0.0,0.0,0.0
2026-06-09 15:11:26,2.359488678780326,-2.163114962907355,2.1356937347825022,2.705840561938742,-0.0541537728397099,-0.013595896706499744,0.1545919205751125,-2.5729160461464238,36.530908628660974,37.39208770263088,36.832912865121216,14.0,20.0,36.0,-99.0,0.0,0.0,0.0,0.0,0.0,0.0,0.0,0.0,0.0,0.0
2026-06-09 15:11:27,-2.9650262209445515,0.42565945985058695,0.607102233969087,1.4279513787370064,-0.9430445105210743,-0.15667142103452925,-2.5207743921830588,2.067713943358383,37.04785944615246,37.142494187546845,37.20610303964201,14.0,20.0,36.0,-99.0,0.0,0.0,0.0,0.0,0.0,0.0,0.0,0.0,0.0,0.0
2026-06-09 15:11:28,-1.231110689375671,-1.3697519738031196,2.7297357333490515,-0.3418090694227107,2.132481012978422,-2.0704978904727915,2.2656089463116933,-2.638259829637507,36.656605984052305,37.16253869591896,37.04612334780315,14.0,20.0,36.0,-99.0,0.0,0.0,0.0,0.0,0.0,0.0,0.0,0.0,0.0,0.0
2026-06-09 15:11:29,0.26162883043611496,-2.621813381019784,0.21059893309091127,-0.9102876230539367,1.9295143604817042,-0.798029547110632,0.6412346615465045,1.902696771006327,36.52061523347961,37.11466665092913,37.11127938361229,14.0,20.0,36.0,-99.0,0.0,0.0,0.0,0.0,0.0,0.0,0.0,0.0,0.0,0.0
2026-06-09 15:11:30,-2.7638933521600295,-0.08700043676856861,-0.8951961505975379,1.8472396200769579,-0.5449622472185469,2.1072724609980265,-0.30253921822173524,2.994754548586255,37.04517284691006,37.231840690340356,37.025555450520145,14.0,20.0,36.0,-99.0,0.0,0.0,0.0,0.0,0.0,0.0,0.0,0.0,0.0,0.0
2026-06-09 15:11:32,-0.9827764072964644,-0.5404354581975435,-0.36881353541002815,2.517861862354356,2.300264651584337,2.1078299477553255,-0.3169965135947974,0.9888264936431188,36.732572259142906,37.22703138881585,37.1881329552085,14.0,20.0,36.0,-99.0,0.0,0.0,0.0,0.0,0.0,0.0,0.0,0.0,0.0,0.0
2026-06-09 15:11:33,-2.6252646545106426,2.457346838705715,1.699610073123738,-1.9978296661900616,-0.26425982007102444,-0.11364154944889115,-0.5602915752995887,-2.2972928894826223,36.79084910596021,37.14541769958048,36.82856475582085,14.0,20.0,36.0,-99.0,0.0,0.0,0.0,0.0,0.0,0.0,0.0,0.0,0.0,0.0
2026-06-09 15:11:34,-1.1690667349847115,1.6572099213215026,-0.3938875001005373,2.3047725328614685,-1.2214506178159807,2.802203184446612,2.247256504995705,2.2958896430559967,36.635803357572776,37.21397373436929,36.970508403841194,14.0,20.0,36.0,-99.0,0.0,0.0,0.0,0.0,0.0,0.0,0.0,0.0,0.0,0.0
2026-06-09 15:11:36,-1.854090192440952,-1.8577478427241656,-2.7582833767029014,-2.248410874910988,1.1112980219196178,1.882788963854681,-0.42136956113122404,-1.2679946717866923,36.93905329836213,37.25905082305373,37.27640497904053,14.0,20.0,36.0,-99.0,0.0,0.0,0.0,0.0,0.0,0.0,0.0,0.0,0.0,0.0
2026-06-09 15:11:37,-0.5101994694066709,0.9556342467303356,2.8813936608371007,-2.412537803788547,2.140891092142935,2.676551666728974,2.1100783247215578,-0.0906241933748797,36.55900493391614,37.17767082761209,36.72498403893026,14.0,20.0,36.0,-99.0,0.0,0.0,0.0,0.0,0.0,0.0,0.0,0.0,0.0,0.0
2026-06-09 15:11:38,-2.736231728793882,-0.010167758320791975,1.6774709601752287,-0.0347381967756748,-2.1475882364326178,-1.530982795049497,-0.4577557439776436,-2.86759412383638,36.99733735722145,37.17871952071962,36.92164558653684,14.0,20.0,36.0,-99.0,0.0,0.0,0.0,0.0,0.0,0.0,0.0,0.0,0.0,0.0
2026-06-09 15:11:40,-2.461807796887662,-2.8110536570119584,-1.217492962041984,2.190730296764815,-0.004234563752933518,-1.20412722567874,-2.6217913528636885,1.8163755965602357,36.61227584599176,37.32186245672149,36.84732786128657,14.0,20.0,36.0,-99.0,0.0,0.0,0.0,0.0,0.0,0.0,0.0,0.0,0.0,0.0
2026-06-09 15:11:41,0.10274119427832051,0.7513527004584883,1.9948377695530217,-2.01437953252082,-1.449105549261739,1.2498588001821558,2.73973546470736,2.0102623613226784,36.834448415464074,37.17436470553054,37.0357610671989,14.0,20.0,36.0,-99.0,0.0,0.0,0.0,0.0,0.0,0.0,0.0,0.0,0.0,0.0
2026-06-09 15:11:42,0.19369924360627166,0.8228400254713426,2.5745962007489354,2.6678155327140605,1.2279239216472986,-2.152750001126768,-2.9263247203106393,-1.9218871826678152,36.824698955338306,37.02481872152002,36.92740355648033,14.0,20.0,36.0,-99.0,0.0,0.0,0.0,0.0,0.0,0.0,0.0,0.0,0.0,0.0
2026-06-09 15:11:43,-1.1959117032005575,-2.836133009487931,1.689372158215007,0.8994125642330335,1.9319386710588216,-0.9854579706071558,-1.357614827918053,-0.24059808617686285,36.94038810445118,36.89485967711382,36.76345515826496,14.0,20.0,36.0,-99.0,0.0,0.0,0.0,0.0,0.0,0.0,0.0,0.0,0.0,0.0
2026-06-09 15:11:44,-0.14381854301661168,-1.6617928053867517,-1.9382637587959106,0.31301972534077915,1.7009857913277537,-0.019875560461057873,0.7822824412445923,0.38586441865582444,36.74473321041914,36.881142572069756,37.281273387110105,14.0,20.0,36.0,-99.0,0.0,0.0,0.0,0.0,0.0,0.0,0.0,0.0,0.0,0.0
2026-06-09 15:11:45,-0.9642010709528819,0.1616037991684829,-2.719309918404508,-1.344061133029791,0.1822170942879877,0.20904388369299776,-2.77958228354486,-1.5221167130385207,36.9349120744336,36.81202009196127,36.9728525553981,14.0,20.0,36.0,-99.0,0.0,0.0,0.0,0.0,0.0,0.0,0.0,0.0,0.0,0.0
2026-06-09 15:11:47,1.2939654432360772,1.4329263753329506,-1.4001982299023146,0.6124392562761103,-2.8733268808818178,0.43621058405554525,1.7347439871331805,0.6691591498154805,36.61333691036024,36.80965527872852,37.25668926590067,14.0,20.0,36.0,-99.0,0.0,0.0,0.0,0.0,0.0,0.0,0.0,0.0,0.0,0.0
2026-06-09 15:11:48,1.8963327902247133,0.5425845287106146,-0.10865667191435202,0.2710673038715745,1.853559995349352,0.26749176261418706,2.1398220344565377,-1.746828789240074,36.510545348383474,36.95862387044269,37.101251260017165,14.0,20.0,36.0,-99.0,0.0,0.0,0.0,0.0,0.0,0.0,0.0,0.0,0.0,0.0
2026-06-09 15:11:49,2.1161963728260416,0.8059124588296465,-2.2831227572712054,-2.6710670040588784,1.3000894104557785,0.4621097409009849,-1.8567757062955126,2.5833885144521886,36.89053134113843,37.24355045389565,37.11053938593037,14.0,20.0,36.0,-99.0,0.0,0.0,0.0,0.0,0.0,0.0,0.0,0.0,0.0,0.0
2026-06-09 15:11:50,-1.5281757262119486,0.4613759129430326,-0.9472149915486408,2.399253325116498,1.2951752388287838,0.11277445536953801,2.602191261897554,0.5915693510601585,36.5173556463084,37.20770027622633,36.89770203795106,14.0,20.0,36.0,-99.0,0.0,0.0,0.0,0.0,0.0,0.0,0.0,0.0,0.0,0.0
2026-06-09 15:11:51,-1.0641587299088555,1.4174917664867133,2.8706667378833677,1.0953746901143537,0.6093639131367681,-0.27058248981288546,0.9968226185589941,-1.6619938887838224,37.08470493994661,37.34612765105579,37.014330346816415,14.0,20.0,36.0,-99.0,0.0,0.0,0.0,0.0,0.0,0.0,0.0,0.0,0.0,0.0
2026-06-09 15:11:53,0.012772303981995137,-1.4825066456063811,1.640073523386243,-0.22450948929079173,0.44299432191803323,-0.551164248637968,0.09988852555769245,-1.1702423307323377,36.79150236264756,36.81177407603967,37.13951136031799,14.0,20.0,36.0,-99.0,0.0,0.0,0.0,0.0,0.0,0.0,0.0,0.0,0.0,0.0
2026-06-09 15:11:54,-1.0459179166411314,0.5894908849125926,0.06956813609367751,0.9810582343686436,0.6320837727990982,2.883687974589588,-0.24929918959668118,0.3358784020592971,36.74288673714593,36.86879746696924,36.703548960557114,14.0,20.0,36.0,-99.0,0.0,0.0,0.0,0.0,0.0,0.0,0.0,0.0,0.0,0.0
2026-06-09 15:11:56,0.5051267247324986,0.8256443752373697,1.5765201254049312,-1.5708757394326498,-2.4255623259512507,1.9770088885485375,1.2102756127790908,-0.49587062923816205,36.81081972856819,37.07848476362905,36.988095043766606,14.0,20.0,36.0,-99.0,0.0,0.0,0.0,0.0,0.0,0.0,0.0,0.0,0.0,0.0
2026-06-09 15:11:57,0.5679273991151041,2.731109412112408,-2.0111521417408458,-0.5356796811685895,1.1016988840010002,2.669356307925603,0.3919862052600278,2.5008945012901824,36.93406149271176,36.91835304758297,37.08578910309272,14.0,20.0,36.0,-99.0,0.0,0.0,0.0,0.0,0.0,0.0,0.0,0.0,0.0,0.0
2026-06-09 15:11:59,1.12624897397553,-0.6485811258747987,1.5513529480479695,1.442977738450855,1.8065171423993052,-1.5421862173429797,-2.353276749945104,1.4600237339601279,36.653280889166005,37.31180640074913,36.96431534323914,14.0,20.0,36.0,-99.0,0.0,0.0,0.0,0.0,0.0,0.0,0.0,0.0,0.0,0.0
2026-06-09 15:12:00,-1.9425994158137732,0.0008103212355417,2.1439536626006426,1.679422568222849,0.753564131797825,1.790579840480917,-2.285209141611188,-0.6198652313556634,36.762180638875144,36.8944249613215,36.75858929462431,14.0,20.0,36.0,-99.0,0.0,0.0,0.0,0.0,0.0,0.0,0.0,0.0,0.0,0.0
2026-06-09 15:12:01,-1.9577929254667903,1.241261168787024,-1.749841441483009,0.7055095091101395,2.612937256797302,2.4730985330817763,2.63615773092185,2.181836270438052,36.913437922518604,36.90155182826012,36.782127745435666,14.0,20.0,36.0,-99.0,0.0,0.0,0.0,0.0,0.0,0.0,0.0,0.0,0.0,0.0
2026-06-09 15:12:02,0.7429180875237726,1.7691316531178147,1.2679110860519733,-2.2152416399116683,-0.005254250039783415,1.843823538982285,2.441732411427754,2.146924899895028,36.68560086020022,37.077028236354074,37.16352341555563,14.0,20.0,36.0,-99.0,0.0,0.0,0.0,0.0,0.0,0.0,0.0,0.0,0.0,0.0
2026-06-09 15:12:03,1.1676192282672169,1.8483287809992657,-1.5809798897428915,-1.4195249335800935,0.09922762915504357,1.6510309711303064,-0.5006093212837963,-0.15519978763446485,37.01623988135403,37.37561264185081,36.78671549164517,14.0,20.0,36.0,-99.0,0.0,0.0,0.0,0.0,0.0,0.0,0.0,0.0,0.0,0.0
2026-06-09 15:12:04,-0.9381075806675336,-0.8279100266758253,1.4777269289134605,1.1858259029154938,-2.8028527613649774,-0.38749326396498507,0.8971952401802685,-0.646096263966073,36.82625362002124,36.899387821607746,36.77533682073363,14.0,20.0,36.0,-99.0,0.0,0.0,0.0,0.0,0.0,0.0,0.0,0.0,0.0,0.0
2026-06-09 15:12:05,-1.864916433564192,1.2937198494845275,1.721517894225447,0.03833734031356828,0.6665470253758699,-2.047413706375316,-0.9017571807002192,-0.7869697603302575,36.67360589985469,37.37142145930387,36.76436394902241,14.0,20.0,36.0,-99.0,0.0,0.0,0.0,0.0,0.0,0.0,0.0,0.0,0.0,0.0
2026-06-09 15:12:07,2.3625097304421,1.6324361794371827,-1.6760732857758198,-0.989019739087925,0.5041734625931982,-1.6769569523845196,-1.1247852437276153,1.0543655965038132,36.96121114439761,36.88524866005748,36.94430186851813,14.0,20.0,36.0,-99.0,0.0,0.0,0.0,0.0,0.0,0.0,0.0,0.0,0.0,0.0
2026-06-09 15:12:08,-1.3807831728541125,-2.2230774072035304,-2.7078694039184876,-2.001481040332105,-0.09337944796699116,2.211055321322453,-2.0975191170907364,-2.183186715653197,37.0116629393864,36.99916671042151,37.28512617753407,14.0,20.0,36.0,-99.0,0.0,0.0,0.0,0.0,0.0,0.0,0.0,0.0,0.0,0.0
2026-06-09 15:12:09,-1.6001479905586666,1.3240535065968775,0.06284545424265708,-2.1896950741167585,-2.616696939283834,1.8609185833786492,2.805589236169424,-2.2867927765731997,37.04459034513671,36.87723664384211,37.09125565526887,14.0,20.0,36.0,-99.0,0.0,0.0,0.0,0.0,0.0,0.0,0.0,0.0,0.0,0.0
2026-06-09 15:12:10,-0.7666760173324549,-1.1134256090421828,-0.3738065448994803,-2.0234565285116624,-0.83112272764828,0.8142553119945326,-1.375631788092356,1.9983540551288517,36.94322051279561,37.05353747507978,36.95727147301237,14.0,20.0,36.0,-99.0,0.0,0.0,0.0,0.0,0.0,0.0,0.0,0.0,0.0,0.0
2026-06-09 15:12:11,0.6549447187135926,2.786913812640904,-0.9037877539498305,0.16622443015878918,-1.8716805758799713,-0.7376133589810143,0.2105902713700063,2.1531977351557305,37.08193999473069,36.821150541888315,36.713098453969224,14.0,20.0,36.0,-99.0,0.0,0.0,0.0,0.0,0.0,0.0,0.0,0.0,0.0,0.0
2026-06-09 15:12:13,2.347003692457122,0.3509926423815961,-1.6588115204898612,1.0434102843152386,2.0594864327510054,2.922792108196079,-1.919637013594966,2.9479993872885046,36.88646195358664,37.37281933273176,36.844880036260356,14.0,20.0,36.0,-99.0,0.0,0.0,0.0,0.0,0.0,0.0,0.0,0.0,0.0,0.0
2026-06-09 15:12:14,2.0974454703605954,2.6725387688507283,2.9564522291237374,1.084370845282498,-0.526096060880417,1.1154213996398346,1.5019165829695176,-2.6575591096221487,36.60162044923693,37.15200330318826,36.99725468486899,14.0,20.0,36.0,-99.0,0.0,0.0,0.0,0.0,0.0,0.0,0.0,0.0,0.0,0.0
2026-06-09 15:12:15,-0.8991424607759164,2.6845772484998793,-0.960422917318573,-0.7526069992181208,2.53483062265666,1.34779092978156,2.076394735102218,-1.9211845207103289,37.010866761431515,36.84959310917341,37.23945681365422,14.0,20.0,36.0,-99.0,0.0,0.0,0.0,0.0,0.0,0.0,0.0,0.0,0.0,0.0
2026-06-09 15:12:17,2.7003004105145676,1.639412226488786,-1.8663773601012819,2.449426438291069,-0.836244559785916,2.049073163733773,0.8427177866812485,1.5156393190374526,37.03828027548129,37.3366242569725,36.83337439517387,14.0,20.0,36.0,-99.0,0.0,0.0,0.0,0.0,0.0,0.0,0.0,0.0,0.0,0.0
2026-06-09 15:12:18,-0.6922817081522554,-0.8127186962629089,-2.1897504307512676,1.2709233514984497,-2.5620735567870474,1.4031979754411763,2.645469082777854,-1.5310891440134142,36.80423981398377,37.05442928476426,37.030255584588225,14.0,20.0,36.0,-99.0,0.0,0.0,0.0,0.0,0.0,0.0,0.0,0.0,0.0,0.0
2026-06-09 15:12:19,1.968468562882494,1.690145477890293,-1.655202032172831,-2.5206040576743107,-1.5817402946314405,2.1451481441084663,0.09051385466311812,-0.567381076995277,36.58718618281214,37.242068040034724,36.887817815274474,14.0,20.0,36.0,-99.0,0.0,0.0,0.0,0.0,0.0,0.0,0.0,0.0,0.0,0.0
2026-06-09 15:12:20,1.2834788676651643,-0.18798112159512215,-1.1289050321629026,1.9993508689048376,2.7544050971116416,-0.5612308492231901,-0.5607945349537129,-0.16998420460503993,36.913193465683456,36.862542272310904,36.939405782826285,14.0,20.0,36.0,-99.0,0.0,0.0,0.0,0.0,0.0,0.0,0.0,0.0,0.0,0.0
2026-06-09 15:12:21,1.470559892124058,2.9325024640859434,-1.6430896940343693,2.761081821007524,-0.2922277859317459,1.2130511886698923,0.7601664710804457,-0.8382037869917092,36.69257213918396,36.857632253560595,36.76788004800882,14.0,20.0,36.0,-99.0,0.0,0.0,0.0,0.0,0.0,0.0,0.0,0.0,0.0,0.0
2026-06-09 15:12:22,-0.9748112915043308,-1.3062066325141986,-2.301862048688699,-0.7267805155159701,-1.9069574117671708,0.4600188832951635,0.4224615419407707,1.9232276467098632,37.0835402121114,37.39258095719992,36.94481337195437,14.0,20.0,36.0,-99.0,0.0,0.0,0.0,0.0,0.0,0.0,0.0,0.0,0.0,0.0
2026-06-09 15:12:24,-0.1438171354064215,1.9599464409212972,2.5219465288540857,-2.2069489795241766,1.5499855608513364,-2.831767827059938,-1.2748852728667592,-1.9496590990696279,37.034398597298086,37.029098547306674,37.08829667391472,14.0,20.0,36.0,-99.0,0.0,0.0,0.0,0.0,0.0,0.0,0.0,0.0,0.0,0.0
2026-06-09 15:12:25,0.5584546968287736,1.1515933648753753,2.4403116411300765,0.5464348808001569,-1.3421950551517106,1.756451130791878,-0.41046919025250483,-2.8067941220569708,36.8628763079288,37.15323473776254,37.160635584115354,14.0,20.0,36.0,-99.0,0.0,0.0,0.0,0.0,0.0,0.0,0.0,0.0,0.0,0.0
2026-06-09 15:12:26,-2.4487390634489135,0.9457896797813214,-0.12827639998405038,-2.7170636467298293,-1.437963135789087,1.6247477261835463,2.4467878142453303,0.3381932991278229,36.67183043784856,37.38038927103587,36.73873386516033,14.0,20.0,36.0,-99.0,0.0,0.0,0.0,0.0,0.0,0.0,0.0,0.0,0.0,0.0
2026-06-09 15:12:28,-1.0898434011733944,-1.5414058088707958,0.4349902268312693,-0.4961934337291858,-2.874156478569673,-0.9577584307865399,1.5754177968329,0.521210234060109,36.85712784825907,37.027830750563005,37.21008097264848,14.0,20.0,36.0,-99.0,0.0,0.0,0.0,0.0,0.0,0.0,0.0,0.0,0.0,0.0
2026-06-09 15:12:29,-1.1537370528813546,-2.0122496915103865,-2.08987768083997,-2.564978734657892,-0.3026462147391973,0.6820661182725702,-0.1473319649129463,-0.3641972736465249,36.788490929345194,37.12474974287921,37.04275149503923,14.0,20.0,36.0,-99.0,0.0,0.0,0.0,0.0,0.0,0.0,0.0,0.0,0.0,0.0
2026-06-09 15:12:30,-0.8856684724107264,0.03876347233822308,-0.12623102639599626,-0.23528471424749364,2.6899988425086194,-0.9828137658882339,-0.7992523725303324,-1.751041514756169,36.61990665049992,37.24657532445845,37.27188196542592,14.0,20.0,36.0,-99.0,0.0,0.0,0.0,0.0,0.0,0.0,0.0,0.0,0.0,0.0
2026-06-09 15:12:31,-0.8851762448364893,-0.8618522093908227,0.08794277456876332,2.437766673152707,-0.6048555353793712,-1.6684520499171611,-2.6204495809635526,-2.3929513406121634,36.99350771793812,36.90719626657636,36.717682071720205,14.0,20.0,36.0,-99.0,0.0,0.0,0.0,0.0,0.0,0.0,0.0,0.0,0.0,0.0
2026-06-09 15:12:33,-0.5864181045557766,2.072707347259527,0.702965718961813,-0.5942178182898235,-1.8423550319399666,2.230916906815266,-1.0632653703742898,1.7834656025386586,36.8660102833403,36.97298456009382,37.08813143632265,14.0,20.0,36.0,-99.0,0.0,0.0,0.0,0.0,0.0,0.0,0.0,0.0,0.0,0.0
2026-06-09 15:12:34,1.0461082426802886,2.8486307770679673,1.785154526133777,2.359943301105929,0.02063082186299514,2.2009106496846647,-2.1863997497061987,-2.5876003277849,36.576369309633996,36.89232565259319,37.29729333902093,14.0,20.0,36.0,-99.0,0.0,0.0,0.0,0.0,0.0,0.0,0.0,0.0,0.0,0.0
2026-06-09 15:12:36,0.5138957469012224,2.660831850123939,-2.3406700680512387,-1.226021810154953,1.1888315462079717,-0.32028804528391364,0.3322189959069046,1.1017314154584774,36.600527198851275,37.136137223173364,36.77232109871436,14.0,20.0,36.0,-99.0,0.0,0.0,0.0,0.0,0.0,0.0,0.0,0.0,0.0,0.0
2026-06-09 15:12:37,-1.7496798405283038,0.02226183218099731,1.3895949403647565,-1.2098700576775931,-0.10835056256955777,-1.0038392756139305,2.8314233983170194,0.022257518900812734,36.801899507671635,37.36667007872258,36.81355268186069,14.0,20.0,36.0,-99.0,0.0,0.0,0.0,0.0,0.0,0.0,0.0,0.0,0.0,0.0
2026-06-09 15:12:39,-1.2802491279158277,0.8793245014358391,1.3472799863125369,1.6886150134587936,2.285915289333711,-0.19653430288346607,2.323880310118126,1.8667351017902405,37.024387023170945,36.99684229612105,36.91329516743925,14.0,20.0,36.0,-99.0,0.0,0.0,0.0,0.0,0.0,0.0,0.0,0.0,0.0,0.0
2026-06-09 15:12:40,-2.6104489131671382,-2.2175291236719294,-1.6351539263703123,2.998024886175523,1.192854899938867,1.2450845954681524,1.9499699979803529,2.060091723881049,36.83075905616285,37.27490568792248,36.849351166285444,14.0,20.0,36.0,-99.0,0.0,0.0,0.0,0.0,0.0,0.0,0.0,0.0,0.0,0.0
2026-06-09 15:12:41,1.4198661929976666,1.3094743732128835,1.038393809306613,-0.47724790905536185,-0.6198457254543053,-0.12716361084759953,1.3327667840455995,-2.6359461620683033,36.55225610112953,37.32377417286335,37.03473212972521,14.0,20.0,36.0,-99.0,0.0,0.0,0.0,0.0,0.0,0.0,0.0,0.0,0.0,0.0
2026-06-09 15:12:42,2.805110416142563,1.7266431556911277,0.7574060486314242,1.7071174700277378,-1.6192010127164762,2.6078746822721444,1.8557381503748074,2.398168985770173,36.988329297440046,37.13960675440801,36.750762420636974,14.0,20.0,36.0,-99.0,0.0,0.0,0.0,0.0,0.0,0.0,0.0,0.0,0.0,0.0
2026-06-09 15:12:43,-0.973171520295546,2.157514740420373,-0.9869065347895867,-0.9266014072591116,-1.7697808255532606,-1.0404568159017453,1.8620122105731243,2.2866487035455787,36.58222183655689,36.84524626053512,36.890128643645355,14.0,20.0,36.0,-99.0,0.0,0.0,0.0,0.0,0.0,0.0,0.0,0.0,0.0,0.0
2026-06-09 15:12:45,-2.3013033313744176,1.9250239538750975,-1.3708069882555192,2.181712017279043,-2.8128122694331505,2.5979166404692213,2.2588192643132468,2.444359431376954,36.50325790184326,36.877679934238266,36.89994931349882,14.0,20.0,36.0,-99.0,0.0,0.0,0.0,0.0,0.0,0.0,0.0,0.0,0.0,0.0
2026-06-09 15:12:46,1.8360685237457988,0.5173831679864986,2.0362057072082775,-2.2176540909449702,2.8664157328603377,-0.733155534198338,-1.8642890055939296,-2.998483275937632,36.65424468398722,36.91893850252429,36.961958968235756,14.0,20.0,36.0,-99.0,0.0,0.0,0.0,0.0,0.0,0.0,0.0,0.0,0.0,0.0
2026-06-09 15:12:47,0.6554816079596089,-0.08029951746143027,-0.4179548776549451,-1.4286596475896567,-1.2855421529628726,2.248085553546492,-1.0357996418457116,-1.8776539785558142,36.85483563214362,37.321805683861875,37.201641731581304,14.0,20.0,36.0,-99.0,0.0,0.0,0.0,0.0,0.0,0.0,0.0,0.0,0.0,0.0
2026-06-09 15:12:48,0.5788146380213766,1.1271903119787607,-1.3036843033253662,-2.400251249734693,0.6772697055986505,0.6355150276033168,-0.8292489866118729,-0.12318581374474791,36.98277900517366,37.00188069543518,36.81242042180921,14.0,20.0,36.0,-99.0,0.0,0.0,0.0,0.0,0.0,0.0,0.0,0.0,0.0,0.0
2026-06-09 15:12:50,2.7016313466467867,-2.87096512725869,-2.643629074157325,-2.1244540425766383,2.0145253038692745,2.957505821824962,-0.5097146973287532,-0.9164247120052122,36.50837509604899,37.205502230027285,37.244558659248824,14.0,20.0,36.0,-99.0,0.0,0.0,0.0,0.0,0.0,0.0,0.0,0.0,0.0,0.0
2026-06-09 15:12:51,-0.4718424342618337,-0.39364167119040605,2.8938526494843657,2.8509666568080156,2.1366255296237027,0.16173501851856775,-0.5173352877594248,-0.47166856167544235,36.79436813356852,37.0496158180594,37.21048125554959,14.0,20.0,36.0,-99.0,0.0,0.0,0.0,0.0,0.0,0.0,0.0,0.0,0.0,0.0
2026-06-09 15:12:52,-1.212572830521957,-2.2587558523339575,2.654316270627552,0.7942379152269532,-1.0500779280756194,-2.70804717835437,2.9195363053907517,-2.404806662143919,36.81523243854478,37.03462364488954,36.983927145598926,14.0,20.0,36.0,-99.0,0.0,0.0,0.0,0.0,0.0,0.0,0.0,0.0,0.0,0.0
2026-06-09 15:12:53,0.5375176123388359,-1.3138189763750039,-1.0608749234228616,-2.1689936230998463,-1.9348506377206147,-2.958723107737361,-1.5817432439036283,0.5908132002038338,37.01658534700552,37.06831032370327,37.179092430061374,14.0,20.0,36.0,-99.0,0.0,0.0,0.0,0.0,0.0,0.0,0.0,0.0,0.0,0.0
2026-06-09 15:12:54,0.19132030291073043,1.2579464841649513,1.024350745752347,2.050388627959692,-2.060254376394302,-1.7877337245523077,-2.784599474928035,-2.5307118613307313,37.00289288226358,37.12838974088017,37.014637301022766,14.0,20.0,36.0,-99.0,0.0,0.0,0.0,0.0,0.0,0.0,0.0,0.0,0.0,0.0
2026-06-09 15:12:55,-2.2882571551924205,-2.3270667316590226,0.49551234291693325,-0.9513269464795941,-1.3845541017793113,0.5626801950052762,-2.199908626240724,-2.5879251759157027,36.66042782712747,37.283016045150625,37.06041945295092,14.0,20.0,36.0,-99.0,0.0,0.0,0.0,0.0,0.0,0.0,0.0,0.0,0.0,0.0
2026-06-09 15:12:56,1.757185506452461,1.492468470599925,1.2626566952539946,-2.966686063212576,1.6652507679873478,-1.4620317526084807,0.7719270822758109,-0.21456959101972828,36.6919845639846,37.065351047371486,37.045323031646056,14.0,20.0,36.0,-99.0,0.0,0.0,0.0,0.0,0.0,0.0,0.0,0.0,0.0,0.0
2026-06-09 15:12:58,0.7894522143549105,1.4675341186493123,2.1696715029823315,-2.1463526419816343,-1.3159804403436683,-2.6066676707514,1.3695232925129783,2.677964228873746,36.90324244884813,36.915514911527055,36.77174692671797,14.0,20.0,36.0,-99.0,0.0,0.0,0.0,0.0,0.0,0.0,0.0,0.0,0.0,0.0
2026-06-09 15:12:59,1.3244379066377974,2.5812466134681733,-0.7707516579853069,-2.874890235148456,-2.6083567957622305,1.9138883361537298,1.4223469889170044,1.867110021950472,36.70840259448959,37.19323902547702,37.180496453649006,14.0,20.0,36.0,-99.0,0.0,0.0,0.0,0.0,0.0,0.0,0.0,0.0,0.0,0.0
2026-06-09 15:13:00,2.8777240647682927,-0.3386276336586387,-0.03931291748321897,2.6831074637996224,1.8289059697341816,0.7295707406102503,-0.9857538943809754,0.43434879003035753,37.07190725326566,37.04460851715871,36.78560809136063,14.0,20.0,36.0,-99.0,0.0,0.0,0.0,0.0,0.0,0.0,0.0,0.0,0.0,0.0
2026-06-09 15:13:02,2.7373100876296705,0.09894197814317662,-0.09182514463526825,-2.7455683891290485,-2.6463275479731365,-1.975153651230843,-0.6941104631009649,2.0268181442762643,36.506743521022635,37.08158976736474,36.85631506159768,14.0,20.0,36.0,-99.0,0.0,0.0,0.0,0.0,0.0,0.0,0.0,0.0,0.0,0.0
2026-06-09 15:13:03,-0.737445498791339,-0.9688192582939528,-2.5509579887539755,-1.2150742084915505,1.7221396863639242,-1.2116417578480558,-0.510319950126445,-2.823408314288322,36.58282435982677,36.822618626051984,37.16733704722066,14.0,20.0,36.0,-99.0,0.0,0.0,0.0,0.0,0.0,0.0,0.0,0.0,0.0,0.0
2026-06-09 15:13:04,-0.6660027178950019,-1.8861877181060303,-1.229044265927915,2.527068613506051,-2.1306725443690313,0.24818977462108505,0.8212655833469142,1.9569973283164064,36.50453377126208,36.91874681837319,36.81227832612089,14.0,20.0,36.0,-99.0,0.0,0.0,0.0,0.0,0.0,0.0,0.0,0.0,0.0,0.0
2026-06-09 15:13:06,-2.0306776892129497,-1.304904297183478,-2.4503026662665315,1.9227120756570946,-1.7575166547102352,-1.2848913988631476,0.694155515032727,-1.1752277435137122,36.81520044114752,37.33520802744739,37.13233924590291,14.0,20.0,36.0,-99.0,0.0,0.0,0.0,0.0,0.0,0.0,0.0,0.0,0.0,0.0
2026-06-09 15:13:07,-2.2013946040858046,0.48027467031516746,1.9024371317195206,-0.6637205394832457,1.530352697193723,-1.023382649046675,2.9366860584332475,0.7275299726725311,36.50454914641147,37.05290635472459,36.93347171275183,14.0,20.0,36.0,-99.0,0.0,0.0,0.0,0.0,0.0,0.0,0.0,0.0,0.0,0.0
2026-06-09 15:13:08,-0.03670231475121355,2.309024091435151,1.597779652033763,-1.349335347238137,-0.11491910767896174,2.750542558469032,-0.8698688290859149,-0.633264251555766,36.993952132917734,37.283530749141626,37.16982391573284,14.0,20.0,36.0,-99.0,0.0,0.0,0.0,0.0,0.0,0.0,0.0,0.0,0.0,0.0
2026-06-09 15:13:10,2.376309572840709,-2.863020083073817,1.204644556156766,-1.6649907654670715,-0.24928331419122607,-0.12744952348337613,0.29730195201647236,0.3586239867010965,36.5878115371298,37.23003486282593,37.18527670118095,14.0,20.0,36.0,-99.0,0.0,0.0,0.0,0.0,0.0,0.0,0.0,0.0,0.0,0.0
2026-06-09 15:13:11,2.8315844811215687,-2.5816702727813348,-2.2346743868509513,0.33258172423043764,-2.0880054557083865,1.547372620020803,-1.631620735740385,2.7761750622534622,36.83544276671585,37.14025995884529,37.269555618683114,14.0,20.0,36.0,-99.0,0.0,0.0,0.0,0.0,0.0,0.0,0.0,0.0,0.0,0.0
2026-06-09 15:13:12,-1.087019278264571,2.76112429478086,-1.3348216869536338,0.6649008867547757,1.6281286792624172,2.2680109924171434,2.7018623487458626,0.678184481737552,36.61624558964718,37.327464732720756,37.23949712643039,14.0,20.0,36.0,-99.0,0.0,0.0,0.0,0.0,0.0,0.0,0.0,0.0,0.0,0.0
2026-06-09 15:13:14,-2.274241311785544,1.054785424154277,1.344523183643819,-0.8229514377446989,-2.7343827152712317,-0.6891315462459495,-0.38504262734335937,-1.2301774874616949,36.60657069116759,37.116829653932854,37.0451309721446,14.0,20.0,36.0,-99.0,0.0,0.0,0.0,0.0,0.0,0.0,0.0,0.0,0.0,0.0
2026-06-09 15:13:15,-2.866948311694928,1.3535520984185156,0.24774503451094532,0.4310109411751024,-0.08619840580261773,1.1777483428498332,-0.6575171031254365,1.4593937207735888,36.832075423416995,36.90544189758814,37.164356145710165,14.0,20.0,36.0,-99.0,0.0,0.0,0.0,0.0,0.0,0.0,0.0,0.0,0.0,0.0
2026-06-09 15:13:16,1.488811623611288,1.7467825730456807,2.432564201926157,0.006624509116919253,-1.6930669263909333,-2.267751386160029,-1.525094161185608,-0.09173877702616462,36.92204433434158,37.30475106320208,36.85946743370907,14.0,20.0,36.0,-99.0,0.0,0.0,0.0,0.0,0.0,0.0,0.0,0.0,0.0,0.0
2026-06-09 15:13:18,-1.4328556026405705,0.0027959815649190034,-0.2454129665610072,-0.8189218562600793,-1.2693963609263164,2.284608864649381,1.7565133312125338,2.113927295506307,36.57505849730796,37.29947856766637,37.03151919919948,14.0,20.0,36.0,-99.0,0.0,0.0,0.0,0.0,0.0,0.0,0.0,0.0,0.0,0.0
2026-06-09 15:13:19,2.6506662986658274,2.4801793683525464,-2.4587773217023967,-0.5384914580173334,1.0133938512084963,-2.7250320356812687,-2.0972431637506554,-0.6912567955658582,36.714395161597736,37.28883313407552,36.82041927031304,14.0,20.0,36.0,-99.0,0.0,0.0,0.0,0.0,0.0,0.0,0.0,0.0,0.0,0.0
2026-06-09 15:13:20,2.9154793022171646,1.2000338461212587,0.8970203771502927,0.70543147736291,0.9107296753977354,2.823524594483179,0.972034578461868,-2.999440455392306,36.51598160927435,37.064284799181515,37.02364535347299,14.0,20.0,36.0,-99.0,0.0,0.0,0.0,0.0,0.0,0.0,0.0,0.0,0.0,0.0
2026-06-09 15:13:21,-0.12022556066228685,-1.4614138394644247,-0.6477791662394425,0.21772795694107128,0.5861507821166332,-1.721913783295811,-0.3941848951349929,2.5818284014805544,36.98493226653414,36.81433596917147,36.96422692008727,14.0,20.0,36.0,-99.0,0.0,0.0,0.0,0.0,0.0,0.0,0.0,0.0,0.0,0.0
2026-06-09 15:13:22,1.7719343358804096,-2.5364503156244753,-0.2696623758428891,1.4857145008238337,-1.6631271116571413,0.5910647942081608,1.4239809703284712,-0.001051851027916495,36.782078425811925,37.330112571262866,37.16083162017056,14.0,20.0,36.0,-99.0,0.0,0.0,0.0,0.0,0.0,0.0,0.0,0.0,0.0,0.0
2026-06-09 15:13:24,1.669257128178426,-0.5363389889705612,2.489140776939096,-1.9206693926165912,1.0358490677996128,-0.6758090076494447,1.0056736303416614,2.323282809809081,36.63097081995647,37.25016942884783,36.7058539219824,14.0,20.0,36.0,-99.0,0.0,0.0,0.0,0.0,0.0,0.0,0.0,0.0,0.0,0.0
2026-06-09 15:13:25,2.7344380043280756,2.4034644601731765,1.2575365239239487,2.0844696246676238,1.7914566548575728,1.5638001533803703,-1.687407205949196,2.2995442798566454,36.8604657144998,37.16361176324931,36.83541656269243,14.0,20.0,36.0,-99.0,0.0,0.0,0.0,0.0,0.0,0.0,0.0,0.0,0.0,0.0
2026-06-09 15:13:26,-1.7768018642514187,0.3857692400036612,2.1281488046006016,1.1464311617568566,-1.738318050749393,1.7051537632298244,1.2248076464617847,2.886444220388344,36.96484374163763,37.15648347031322,37.26527313112322,14.0,20.0,36.0,-99.0,0.0,0.0,0.0,0.0,0.0,0.0,0.0,0.0,0.0,0.0
2026-06-09 15:13:27,2.697753483873326,0.4042583032874356,-0.06326318788220675,-0.12487984302546407,-2.2767818431349394,-2.4803630862293717,1.8109571518184424,-2.474729624034291,36.86457230046432,37.25092152438504,36.79497211174635,14.0,20.0,36.0,-99.0,0.0,0.0,0.0,0.0,0.0,0.0,0.0,0.0,0.0,0.0
2026-06-09 15:13:28,2.2942550023983834,1.0825700805153247,-2.65734000195393,0.3343245426573027,0.8465693112757142,1.7513207306216705,-0.020332876555023915,-2.480353281148524,36.574810182923564,37.31186099010221,37.09622466640068,14.0,20.0,36.0,-99.0,0.0,0.0,0.0,0.0,0.0,0.0,0.0,0.0,0.0,0.0
2026-06-09 15:13:29,0.021453474396931682,-1.8931963959342775,-1.6489491575414996,0.2489101729517862,0.5971440905200307,-1.3773719677099456,1.42592972014232,1.6753869684987581,36.76947354064642,37.3441509183981,37.13154061633699,14.0,20.0,36.0,-99.0,0.0,0.0,0.0,0.0,0.0,0.0,0.0,0.0,0.0,0.0
2026-06-09 15:13:30,2.32389046994901,2.87498863783353,-0.14926183508333857,-0.5018838036191609,2.969439075051782,1.2335754440867825,-1.6233945426210097,-0.3631442439452046,36.95001056589163,37.319241321275264,36.78721203452118,14.0,20.0,36.0,-99.0,0.0,0.0,0.0,0.0,0.0,0.0,0.0,0.0,0.0,0.0
2026-06-09 15:13:32,-2.3557564583701733,0.5349366076979201,2.876487749745886,1.8028184737337574,0.4770160880923555,1.1806625558223764,-0.21102628424790115,0.7029133623876249,36.99907173987129,36.984466955144114,37.11044032640891,14.0,20.0,36.0,-99.0,0.0,0.0,0.0,0.0,0.0,0.0,0.0,0.0,0.0,0.0
2026-06-09 15:13:33,-0.16014564596175607,-2.923294863989626,2.8539412178494894,-2.755170021750042,2.5748626139959745,-1.5521192414493268,1.07361353432165,-0.47809501291637124,36.86671465706363,37.049836873733184,36.86873888300738,14.0,20.0,36.0,-99.0,0.0,0.0,0.0,0.0,0.0,0.0,0.0,0.0,0.0,0.0
2026-06-09 15:13:34,2.387524708002955,0.6382719939125883,2.713944802984109,0.908254514238334,-1.0625584584704553,2.566791387709701,-0.17371106229754663,-1.2012576307918663,36.83859545946615,37.39199382078622,36.79101598927444,14.0,20.0,36.0,-99.0,0.0,0.0,0.0,0.0,0.0,0.0,0.0,0.0,0.0,0.0
2026-06-09 15:13:36,-2.2002728724343834,0.010242264522656974,1.7179472873462203,2.659492256024796,0.813901271236054,1.0727611470502962,2.9296632596586836,-2.8075058789814387,36.58906787511776,37.22323251468663,37.01451678852966,14.0,20.0,36.0,-99.0,0.0,0.0,0.0,0.0,0.0,0.0,0.0,0.0,0.0,0.0
2026-06-09 15:13:37,1.3531961688589549,-1.8370131757157793,2.7773928233266414,-0.10818284507989873,-0.4467287184784321,-2.0504614189983466,-1.781653184759692,-0.7914209809270476,36.64210758561843,37.088026234664255,36.936344947396435,14.0,20.0,36.0,-99.0,0.0,0.0,0.0,0.0,0.0,0.0,0.0,0.0,0.0,0.0
2026-06-09 15:13:38,-2.7887472865810796,2.8946680964527225,-2.1923010338330426,2.0512062603932844,2.821203203185788,-2.0353209177452496,-1.111632153931307,1.6631997010704733,37.01088761388154,37.34454870092862,37.00296461026094,14.0,20.0,36.0,-99.0,0.0,0.0,0.0,0.0,0.0,0.0,0.0,0.0,0.0,0.0
2026-06-09 15:13:40,1.8345596494572582,-0.45630303013705387,1.9664260248897358,-0.7229660396627313,0.4800693164210368,1.5050593421825225,-0.7909039947936529,-2.6930554803767617,36.689789011245416,37.36511642313234,36.951634858442624,14.0,20.0,36.0,-99.0,0.0,0.0,0.0,0.0,0.0,0.0,0.0,0.0,0.0,0.0
2026-06-09 15:13:41,-2.581158440329055,0.3392922079733589,-1.5917398663022773,-0.5714160166724849,-1.0809168564451732,-1.8005337851206333,1.7061474169349733,1.08649795980981,36.92288590024048,37.38183638804162,37.29402402516736,14.0,20.0,36.0,-99.0,0.0,0.0,0.0,0.0,0.0,0.0,0.0,0.0,0.0,0.0
2026-06-09 15:13:42,-0.668199880777701,-0.3539374787998115,1.2031332330534736,2.448129546977083,2.3599224854057184,-1.9251954001300082,-0.27961663613091403,-0.16448378109950212,36.691386356648415,36.83383747983375,37.274796523234684,14.0,20.0,36.0,-99.0,0.0,0.0,0.0,0.0,0.0,0.0,0.0,0.0,0.0,0.0
2026-06-09 15:13:43,1.4583105164581553,-1.6252744410536875,1.2105224485469783,1.7839060511210842,1.87129797937824,2.1059391133959,1.7403543417412806,0.27747058078162556,36.93054652865425,37.14389143375959,37.0500960594061,14.0,20.0,36.0,-99.0,0.0,0.0,0.0,0.0,0.0,0.0,0.0,0.0,0.0,0.0
2026-06-09 15:13:44,-1.8986399625295602,-2.85282464923909,-2.290449030472092,-0.8365677792313426,-2.752064299052156,-0.28144438099969493,-2.2133948394510243,-2.3625611053016105,36.84529764711026,37.39536752234152,37.1207489441214,14.0,20.0,36.0,-99.0,0.0,0.0,0.0,0.0,0.0,0.0,0.0,0.0,0.0,0.0
2026-06-09 15:13:46,2.9090573565613713,2.6978687863700337,-2.7122146815550723,1.5324878334403191,2.19944290783533,-2.042646736342647,1.605274259203055,2.665914674219926,36.55789797184034,37.1428217032958,37.06768997536026,14.0,20.0,36.0,-99.0,0.0,0.0,0.0,0.0,0.0,0.0,0.0,0.0,0.0,0.0
2026-06-09 15:13:47,-1.316536596009218,1.9162857805381481,-0.939006365821685,0.6238076151987819,-0.08981549663871657,-0.6620162112019035,0.2670755459114922,2.7915628073775576,36.59847190460263,36.83740866559001,36.99421125381872,14.0,20.0,36.0,-99.0,0.0,0.0,0.0,0.0,0.0,0.0,0.0,0.0,0.0,0.0
2026-06-09 15:13:48,2.1330663211886725,-1.525386947285805,-2.2493947140223076,1.2638910643438095,-2.282856483342937,0.8548502844065293,0.4771145137554482,-0.40947010235673975,36.6719971885501,37.240174720179006,37.131526758146656,14.0,20.0,36.0,-99.0,0.0,0.0,0.0,0.0,0.0,0.0,0.0,0.0,0.0,0.0
2026-06-09 15:13:49,-2.851423255325688,1.341988232408986,2.1309187363602424,-0.9439565436983655,1.454746439630794,1.7069040191840923,-2.2556021122224936,0.07538061279546593,36.80042518049875,36.80316664715686,37.02439335085963,14.0,20.0,36.0,-99.0,0.0,0.0,0.0,0.0,0.0,0.0,0.0,0.0,0.0,0.0
2026-06-09 15:13:51,2.581661669081635,-1.1350840730024074,2.58019739992785,-0.7671701107088134,-2.7408534477095916,-0.5372347323745261,1.5170150687146249,2.5809106558817314,36.71316619970915,36.86888575847871,37.01153449825744,14.0,20.0,36.0,-99.0,0.0,0.0,0.0,0.0,0.0,0.0,0.0,0.0,0.0,0.0
2026-06-09 15:13:52,0.3406946557129453,2.510083784652343,1.846536942471249,1.79484906169641,2.2718203633683114,1.2837205383376151,1.481489734890217,-0.7292679075557449,36.71783093235012,37.27597092909672,37.02730949033874,14.0,20.0,36.0,-99.0,0.0,0.0,0.0,0.0,0.0,0.0,0.0,0.0,0.0,0.0
2026-06-09 15:13:53,0.6920451720361802,0.9200793658909507,-1.9263089496359507,2.7408018469574777,1.5114444139808763,2.8316501428830794,0.2849560808377971,-0.31742692380556914,36.755486611700746,37.0694448649728,37.03613365268221,14.0,20.0,36.0,-99.0,0.0,0.0,0.0,0.0,0.0,0.0,0.0,0.0,0.0,0.0
2026-06-09 15:13:55,-0.6054561935284557,-0.2739909375669205,2.36487476063429,-2.9803721921648396,1.0418649861898057,-2.2092224170291255,-1.6847165342064903,-1.446657521497168,37.00710741256625,36.810270244727704,36.886356803901606,14.0,20.0,36.0,-99.0,0.0,0.0,0.0,0.0,0.0,0.0,0.0,0.0,0.0,0.0
2026-06-09 15:13:56,-2.3433072285384817,-0.14811170001165586,-2.433575236709342,-0.08668456536600688,0.791591880832943,0.45388960118984656,-2.4441901937322634,-1.9786318299709675,36.55482535698682,37.09276950925987,36.94130814034252,14.0,20.0,36.0,-99.0,0.0,0.0,0.0,0.0,0.0,0.0,0.0,0.0,0.0,0.0
2026-06-09 15:13:57,-0.8902407175087945,0.28944277675812913,-1.2391024310200527,-2.1623664532901046,0.30507207246686185,-0.12593753683799314,-1.191790305178477,-0.8156803608513354,36.97094494862147,37.20213484741667,36.70324467424225,14.0,20.0,36.0,-99.0,0.0,0.0,0.0,0.0,0.0,0.0,0.0,0.0,0.0,0.0
2026-06-09 15:13:58,2.3165870952020553,-0.9398130395231732,1.6083931872975787,2.7819470626923017,1.9569368392707087,2.6872895810426094,1.5725530567095323,0.7247993684192724,37.07915600963417,37.18206555545517,36.71175943174796,14.0,20.0,36.0,-99.0,0.0,0.0,0.0,0.0,0.0,0.0,0.0,0.0,0.0,0.0
2026-06-09 15:13:59,2.0994119317238367,-1.3647822677712482,-1.2071810581370321,2.3692455017761276,-2.602453174441382,-1.176771140223639,-2.1829825497232105,0.03077426593158794,37.039482183891884,37.110704729172035,36.94240805794061,14.0,20.0,36.0,-99.0,0.0,0.0,0.0,0.0,0.0,0.0,0.0,0.0,0.0,0.0
2026-06-09 15:14:00,-1.5165592197551212,0.781770002736331,-2.975659419569875,-0.9405661333326885,-1.9761947619644529,-0.5475961950590724,-2.396930289162733,1.2391137281934972,36.91227269613867,37.05858595813284,37.05575633584978,14.0,20.0,36.0,-99.0,0.0,0.0,0.0,0.0,0.0,0.0,0.0,0.0,0.0,0.0
2026-06-09 15:14:01,-2.158766849811798,1.249175061426472,-0.7720771547948937,1.462578030012745,-1.3622237772143586,-1.961135923706432,-2.1550980780546674,0.42931870766445757,36.860147354968895,37.139454894408345,37.19945315068553,14.0,20.0,36.0,-99.0,0.0,0.0,0.0,0.0,0.0,0.0,0.0,0.0,0.0,0.0
2026-06-09 15:14:03,-0.5455506329963229,-1.3770449657602488,1.3439999120091306,2.806414663538451,1.637366203220962,-1.42764132383577,0.9418296774103059,1.4869522119089433,37.04449642551646,37.258622302741394,37.16984786528251,14.0,20.0,36.0,-99.0,0.0,0.0,0.0,0.0,0.0,0.0,0.0,0.0,0.0,0.0
2026-06-09 15:14:04,0.7779154511290427,0.27177981962846065,-2.026492582423404,0.3738155745912115,0.3146440104520636,2.7701104194297104,-2.6087663946782342,-2.318697376296608,37.08779984685158,37.15886088314329,36.85801920060831,14.0,20.0,36.0,-99.0,0.0,0.0,0.0,0.0,0.0,0.0,0.0,0.0,0.0,0.0
2026-06-09 15:14:05,-0.6999345968743311,1.7015744203484644,2.5939175762992583,2.58871775153636,1.4981887371398832,0.27697860978535704,-1.8497544420812,-0.6525721943322078,36.930535723409406,37.05377014958597,36.76176318715333,14.0,20.0,36.0,-99.0,0.0,0.0,0.0,0.0,0.0,0.0,0.0,0.0,0.0,0.0
2026-06-09 15:14:07,-0.8124328189479062,1.4875194140981023,-1.9338479487569564,-1.1223116639750028,-1.954055011300762,0.4766562627995534,2.7213016586895016,1.1388495237783616,36.74848053148304,36.820657790121636,37.0736701329555,14.0,20.0,36.0,-99.0,0.0,0.0,0.0,0.0,0.0,0.0,0.0,0.0,0.0,0.0
2026-06-09 15:14:08,-2.6982688601855003,2.1460847760127564,2.8815853994861893,2.5135927333563632,-2.306196190517028,-2.433733646840893,-0.5873745885557331,-0.1966112142095131,37.043996767378744,37.039743508164534,37.0603047119662,14.0,20.0,36.0,-99.0,0.0,0.0,0.0,0.0,0.0,0.0,0.0,0.0,0.0,0.0
2026-06-09 15:14:10,-1.0084804107431589,1.1735909472526487,2.481653533407627,0.4948798867977553,1.764056111159948,-0.20177710350721778,1.9200170750795422,-1.5443885755354367,36.7706985329607,37.00169338918717,36.972262673001175,14.0,20.0,36.0,-99.0,0.0,0.0,0.0,0.0,0.0,0.0,0.0,0.0,0.0,0.0
2026-06-09 15:14:11,-0.9138950407590634,-2.155243500460143,-0.2466755361847488,1.1388824777912205,-1.4977289683735835,-2.9497645286019787,-2.8914362519093197,-1.0069164808935622,36.52891788450548,36.98493027825989,37.10698678882235,14.0,20.0,36.0,-99.0,0.0,0.0,0.0,0.0,0.0,0.0,0.0,0.0,0.0,0.0
2026-06-09 15:14:12,-1.444300996090656,-0.5471823838384475,-2.1056823007841383,1.8223338676099292,-1.3132277151953373,-0.8234086752947221,2.247190275924745,1.8491842898733672,36.587937821721304,37.101247634827196,37.10849448557437,14.0,20.0,36.0,-99.0,0.0,0.0,0.0,0.0,0.0,0.0,0.0,0.0,0.0,0.0
2026-06-09 15:14:13,0.4412518515084263,-0.5174536285329947,-0.7659381516338724,1.8804014269468539,0.3554321959852551,-2.189988400442549,-0.7707997488716369,-0.7892383642903416,36.60998854518418,37.254895995238556,37.12556256305696,14.0,20.0,36.0,-99.0,0.0,0.0,0.0,0.0,0.0,0.0,0.0,0.0,0.0,0.0
2026-06-09 15:14:14,-0.4780060859930817,1.7720950020396584,-2.3623362907677734,1.6606589200587534,-0.6325311626029251,0.27117371889493036,-1.1471799519574988,0.08216619793613944,36.656478286716066,37.33647245528041,37.07645903731735,14.0,20.0,36.0,-99.0,0.0,0.0,0.0,0.0,0.0,0.0,0.0,0.0,0.0,0.0
2026-06-09 15:14:15,-2.9113496101989313,2.7074996146277712,0.03156703782510206,-1.0230006883301375,1.5115294224553377,-2.439037405942183,-2.272813494186999,0.700556535449846,36.796123494505366,36.94540149188583,37.05345372522926,14.0,20.0,36.0,-99.0,0.0,0.0,0.0,0.0,0.0,0.0,0.0,0.0,0.0,0.0
2026-06-09 15:14:16,-0.22652341348078764,2.1237051941839615,-0.8611423147370214,2.1506135496742624,-2.1346264872097613,0.4181853461565641,-2.9854361583157107,-2.6478238726408083,36.54175573105022,36.81166839115935,36.8576747643602,14.0,20.0,36.0,-99.0,0.0,0.0,0.0,0.0,0.0,0.0,0.0,0.0,0.0,0.0
2026-06-09 15:14:18,-1.2795985299425605,-1.575975995891624,-2.4160920335800347,-2.566865088243804,2.2819421537578464,1.7229917717533834,1.4776244229260005,-1.3776436419180722,36.52291767356886,37.229676654963086,37.227948766069225,14.0,20.0,36.0,-99.0,0.0,0.0,0.0,0.0,0.0,0.0,0.0,0.0,0.0,0.0
2026-06-09 15:14:19,-1.924887794506021,-2.667049481385713,-2.4121183608859664,-1.5449719102595987,-1.6484426099164202,1.7891209083571882,-2.044673974444771,2.8305336784462334,36.794698295111154,37.22059090712839,36.98760933231613,14.0,20.0,36.0,-99.0,0.0,0.0,0.0,0.0,0.0,0.0,0.0,0.0,0.0,0.0
2026-06-09 15:14:20,0.18599871982412752,2.379770837049275,0.7073384348024874,1.8371259262926243,-1.5347290631488377,0.6769481605998182,0.8919988219810513,-1.6768460837713168,36.98527204901488,37.03595460346655,36.94426759862219,14.0,20.0,36.0,-99.0,0.0,0.0,0.0,0.0,0.0,0.0,0.0,0.0,0.0,0.0
2026-06-09 15:14:21,0.6672720169306077,0.44180967338218746,-1.3561525334512083,2.107053163071119,-0.3708553559741459,2.403972524508455,0.8447767377491586,-0.32585888914255845,37.07780480690783,36.925409555548136,36.89356779649404,14.0,20.0,36.0,-99.0,0.0,0.0,0.0,0.0,0.0,0.0,0.0,0.0,0.0,0.0
2026-06-09 15:14:22,-1.8957628111524223,-2.5983526475448038,-1.4677439657085447,-1.0271556254029606,1.143926944731044,2.254016675359243,-1.7998041976890773,-1.132853680130731,37.06538727704769,36.987977789512705,37.06784301810918,14.0,20.0,36.0,-99.0,0.0,0.0,0.0,0.0,0.0,0.0,0.0,0.0,0.0,0.0
2026-06-09 15:14:24,1.0224290646984038,1.5647109366740217,1.9143397811116243,1.4541762907418248,-1.710122389949021,1.9813039034652498,-2.351438401382115,-0.409185623225679,36.548648500667966,37.02959264071472,36.892193413733615,14.0,20.0,36.0,-99.0,0.0,0.0,0.0,0.0,0.0,0.0,0.0,0.0,0.0,0.0
2026-06-09 15:14:25,0.680796577364724,0.0733641908261875,-1.923697693718836,-2.1264071477163586,0.9565358918439935,0.5792587461236849,-0.46363006308259447,0.3786487072395772,36.65318191280771,36.964720147879255,37.10150278029389,14.0,20.0,36.0,-99.0,0.0,0.0,0.0,0.0,0.0,0.0,0.0,0.0,0.0,0.0
2026-06-09 15:14:26,-0.8629167306656944,0.600677891013842,1.7455319076867752,-0.09436100732806096,-1.2463031695497093,-2.055904384802062,2.8095744113023944,1.0965845554105016,36.55569594934281,37.391400967913434,37.1959817347364,14.0,20.0,36.0,-99.0,0.0,0.0,0.0,0.0,0.0,0.0,0.0,0.0,0.0,0.0
2026-06-09 15:14:28,-2.3677346099743795,-0.06104812419180394,2.0347581432930912,-1.2433625257535663,-0.45439820607541126,0.13896940825052573,-0.5505478741531666,0.11101357721822547,37.06205887494555,37.03451069963997,36.98280196214971,14.0,20.0,36.0,-99.0,0.0,0.0,0.0,0.0,0.0,0.0,0.0,0.0,0.0,0.0
2026-06-09 15:14:29,0.05889055284996125,1.3064116432576443,-2.930016046066542,-1.5001011103769317,1.0383281207074777,-1.2586684601978932,1.1280250829523268,-2.3822945752972657,36.51758077971224,37.03750255011038,36.824487235164256,14.0,20.0,36.0,-99.0,0.0,0.0,0.0,0.0,0.0,0.0,0.0,0.0,0.0,0.0
2026-06-09 15:14:30,2.5852577160327623,-2.8600632824468546,-1.4165965253346298,0.7249348284724961,-2.1588320874309765,-1.9162534616237248,-1.8058645532322533,-2.2960213635380313,36.74038865091755,37.37563806506544,36.761963184621926,14.0,20.0,36.0,-99.0,0.0,0.0,0.0,0.0,0.0,0.0,0.0,0.0,0.0,0.0
2026-06-09 15:14:31,2.911747810495533,2.7660567558106246,1.8106593696429432,2.57062797594633,0.36455173006006536,1.5832432042879212,1.1355339001667524,0.9227319726824486,36.71128484388801,37.261183176986236,36.789273028085496,14.0,20.0,36.0,-99.0,0.0,0.0,0.0,0.0,0.0,0.0,0.0,0.0,0.0,0.0
2026-06-09 15:14:33,-0.3528399808376834,2.851024733335219,-0.9713085998827728,-0.6483610635852894,2.0225172588883815,-2.1054918244864584,-0.216047226526336,1.9976737783359857,37.04668832226442,37.2149311248213,37.15395078336036,14.0,20.0,36.0,-99.0,0.0,0.0,0.0,0.0,0.0,0.0,0.0,0.0,0.0,0.0
2026-06-09 15:14:34,1.4133348643594825,-2.776327353106134,1.3150244670018978,-0.7743452706981935,2.0201232722131293,-1.2800739700968786,-1.3510563624926135,-1.899384268455688,36.73080996526117,37.249473143656104,37.098365129433375,14.0,20.0,36.0,-99.0,0.0,0.0,0.0,0.0,0.0,0.0,0.0,0.0,0.0,0.0
2026-06-09 15:14:35,1.6373032581045992,-0.3505903826752408,1.9878884801054992,1.6272718991500188,1.931875954336677,-1.6803878735610698,2.3830837429841036,-2.7284623684465714,36.60924105095053,37.11539137454295,37.23482045449673,14.0,20.0,36.0,-99.0,0.0,0.0,0.0,0.0,0.0,0.0,0.0,0.0,0.0,0.0
2026-06-09 15:14:37,-1.8610133891811453,-0.9100351023797626,1.0064159377201136,-0.4788138707048031,1.2355160716881404,-2.334776013444121,-2.5481491223273594,-2.1362957928257322,36.874712182191026,37.15315406050971,37.10117303688373,15.0,20.0,36.0,-99.0,0.0,0.0,0.0,0.0,0.0,0.0,0.0,0.0,0.0,0.0
2026-06-09 15:14:38,-0.27617161148427627,2.6958902932736315,0.0854680007493771,-0.6364731481838017,0.30120834698787213,2.856540303698485,0.804507865412488,-2.0124691939756327,36.61521780762323,37.10515660600129,36.97090671088535,15.0,20.0,36.0,-99.0,0.0,0.0,0.0,0.0,0.0,0.0,0.0,0.0,0.0,0.0
2026-06-09 15:14:39,-2.831578527855495,-2.2384935892183457,1.5846704664524776,-1.3838480821355006,-0.4707504504079365,-2.8912953908456522,1.4023089137079472,1.2616646060511023,36.5936893086719,37.12032959985168,36.71157772138715,15.0,20.0,36.0,-99.0,0.0,0.0,0.0,0.0,0.0,0.0,0.0,0.0,0.0,0.0
2026-06-09 15:14:40,-2.2249800764734564,-2.0611921502139663,1.205263601814993,2.8410383109841044,1.4214598714766629,2.6174280185354064,-0.053330691637171856,1.4742328346008193,36.52778203410981,37.14814128779562,36.705450213589984,15.0,20.0,36.0,-99.0,0.0,0.0,0.0,0.0,0.0,0.0,0.0,0.0,0.0,0.0
2026-06-09 15:14:41,-1.6093787771174746,-0.6844695983719751,-2.2601816607333003,-0.19378829418650323,-0.38473405949323247,-0.3195914442316803,0.9466058469499261,0.4090543753860607,37.02309129265458,36.96773531561947,37.03721221680634,15.0,20.0,36.0,-99.0,0.0,0.0,0.0,0.0,0.0,0.0,0.0,0.0,0.0,0.0
2026-06-09 15:14:42,-0.1335044166588193,-2.617844620075074,0.19130385557590834,-1.0863305014389115,-0.27482952302884867,2.9657357861512814,-2.6929459450261586,2.0235812745683868,37.02492616208717,36.858961677482924,37.27713674267893,15.0,20.0,36.0,-99.0,0.0,0.0,0.0,0.0,0.0,0.0,0.0,0.0,0.0,0.0
2026-06-09 15:14:43,-2.691011911766709,-1.575140092819075,2.5457917860991817,-2.32040813169963,1.583624129325231,-2.53116138467467,1.8453470075351728,2.3182974316701213,36.71047109642466,36.902304882817816,37.267824980151815,15.0,20.0,36.0,-99.0,0.0,0.0,0.0,0.0,0.0,0.0,0.0,0.0,0.0,0.0
2026-06-09 15:14:44,2.9452206369125813,0.7667266854681056,-2.893129712968202,-1.6986293961426249,-2.271965674175014,-2.1006083569924323,-0.4582918878400477,0.5634164858584243,36.88737976525367,37.33584344690345,37.262833443587496,15.0,20.0,36.0,-99.0,0.0,0.0,0.0,0.0,0.0,0.0,0.0,0.0,0.0,0.0
2026-06-09 15:14:46,-1.1823682139640257,-2.5487476400677758,2.082737511707113,1.8756934557616498,-1.8001645677720073,-1.5583653622198688,-1.779032876865496,1.3723302715073444,36.62612860184749,36.86208768431369,36.74610488141629,15.0,20.0,36.0,-99.0,0.0,0.0,0.0,0.0,0.0,0.0,0.0,0.0,0.0,0.0
2026-06-09 15:14:47,-1.6662786734128587,0.3736074551395059,2.921024899854234,-2.4781048068014364,2.8523293726599173,-0.8857224009049993,0.3977919493443274,1.7512017849957786,36.95933571072598,36.94058468552826,37.002937666568656,15.0,20.0,36.0,-99.0,0.0,0.0,0.0,0.0,0.0,0.0,0.0,0.0,0.0,0.0
2026-06-09 15:14:48,1.2670752248172619,2.9250059435037006,0.8477956628702592,-0.8387625138658961,1.9997468072860904,-2.668080842614737,1.954185760306384,-0.7027037581174871,37.01117956347183,37.08538238079613,37.211417402445875,15.0,20.0,36.0,-99.0,0.0,0.0,0.0,0.0,0.0,0.0,0.0,0.0,0.0,0.0
2026-06-09 15:14:49,1.5893960974574135,0.34410985343351275,-1.5947863107979483,-2.2375154935318786,0.5905519882711823,2.421471206938211,2.5808253806080392,-2.080337794803669,36.6733170027018,37.01988463967554,37.074927101599414,15.0,20.0,36.0,-99.0,0.0,0.0,0.0,0.0,0.0,0.0,0.0,0.0,0.0,0.0
2026-06-09 15:14:50,2.704185419550301,-2.573097038292675,1.9191767107038533,-2.263871520512719,0.8479060209593179,-1.2529694485839462,1.0974430391722656,0.06523271626911686,36.79036335965541,36.84136246480905,36.853712254633336,15.0,20.0,36.0,-99.0,0.0,0.0,0.0,0.0,0.0,0.0,0.0,0.0,0.0,0.0
2026-06-09 15:14:51,-0.5316791504558473,1.2702950956673993,-1.9394548797880482,2.3208559523439325,-1.3538854817106207,2.9129005530056773,-2.5437756320808624,-1.153705033739171,36.62760688816355,36.87397932398723,36.87111303874947,15.0,20.0,36.0,-99.0,0.0,0.0,0.0,0.0,0.0,0.0,0.0,0.0,0.0,0.0
2026-06-09 15:14:52,-0.43311209873853596,0.6694856603185793,-0.8079915024986777,-2.081853243990216,2.8023987184624826,2.0900302624242997,-0.20724371518139773,2.497815199039957,36.92526572460911,37.39908375208174,37.017158931562655,15.0,20.0,36.0,-99.0,0.0,0.0,0.0,0.0,0.0,0.0,0.0,0.0,0.0,0.0
2026-06-09 15:14:53,-0.4583579988777813,-1.5797650536286125,-0.7249500999926051,1.7655631607431062,-0.8025517004585292,2.387576581141434,0.6702486948652129,1.5997507517609986,36.72489868962515,37.37056690436084,37.184290051811445,15.0,20.0,36.0,-99.0,0.0,0.0,0.0,0.0,0.0,0.0,0.0,0.0,0.0,0.0
2026-06-09 15:14:54,2.054746899815921,-2.9065216511362797,-1.770555538748916,0.7919297634815177,-1.3985037022684923,-1.5909076724585178,-0.9232125024557929,1.7848403055603228,36.556397865473755,37.21355240411866,37.05875123314711,15.0,20.0,36.0,-99.0,0.0,0.0,0.0,0.0,0.0,0.0,0.0,0.0,0.0,0.0
2026-06-09 15:14:56,-0.7615581352283582,-0.18648435679937148,0.052204640816130965,1.465827241901554,2.6208990957266174,-2.4695099626082815,-1.6038282739696554,1.3530991122846414,36.78827251662934,37.34229751904681,37.08500645461219,15.0,20.0,36.0,-99.0,0.0,0.0,0.0,0.0,0.0,0.0,0.0,0.0,0.0,0.0
2026-06-09 15:14:57,-0.7390720924012326,-1.2828552184940005,2.177720686141618,-1.8984865759873693,-2.5000375018141856,-0.6286192598636848,2.1390746312265616,-1.9215867559475828,36.7038549524212,37.00080739626983,37.29462655982413,15.0,20.0,36.0,-99.0,0.0,0.0,0.0,0.0,0.0,0.0,0.0,0.0,0.0,0.0
2026-06-09 15:14:58,2.9441578681107945,0.5738837667632586,2.805321942820676,0.26932221464961437,-1.9025811051844235,-2.967573888984627,-2.519051241525724,-0.3403677709399404,36.939545648566835,37.23816588972183,36.848931682962274,15.0,20.0,36.0,-99.0,0.0,0.0,0.0,0.0,0.0,0.0,0.0,0.0,0.0,0.0
2026-06-09 15:15:00,-0.8243945347920798,-0.5245448172665759,-1.2615161444276997,-0.1499113766175757,-2.998685189490873,0.7092982040316165,2.768744445877612,-0.4811919120807078,36.910933196867006,37.39547675315001,36.8401413124282,15.0,20.0,36.0,-99.0,0.0,0.0,0.0,0.0,0.0,0.0,0.0,0.0,0.0,0.0
2026-06-09 15:15:01,0.28491309504050744,0.8592266549531846,1.8758450741847366,-1.830502828300927,0.15714201562684105,1.960969856334609,2.0745158676478317,-1.3065289794873518,36.694006852598925,37.34310214377804,37.133463364716015,15.0,20.0,36.0,-99.0,0.0,0.0,0.0,0.0,0.0,0.0,0.0,0.0,0.0,0.0
2026-06-09 15:15:02,-2.5858509036261523,1.0208729243348351,1.3198160548813753,0.9741828252926954,1.1118299160903042,-2.7881723670212484,-2.6838501166266875,-1.1530555717169624,36.756853425675565,36.93923482330042,36.930346179610424,15.0,20.0,36.0,-99.0,0.0,0.0,0.0,0.0,0.0,0.0,0.0,0.0,0.0,0.0
2026-06-09 15:15:03,-1.44723768157588,-0.5068761345267938,0.14024879909325527,-2.745582243386772,-0.11961839926362838,-0.36215609840960195,1.7996783048233782,-2.463979391012038,36.705822145793825,36.94093854414689,37.10010564909319,15.0,20.0,36.0,-99.0,0.0,0.0,0.0,0.0,0.0,0.0,0.0,0.0,0.0,0.0
2026-06-09 15:15:04,0.5285071153694028,-1.0932526990696896,1.2372737919231742,-1.0674625467143661,-2.678823770436167,-0.8138526273746267,0.7102074771482609,0.992034223151546,37.07308168591661,36.99960076194047,36.83302801820418,15.0,20.0,36.0,-99.0,0.0,0.0,0.0,0.0,0.0,0.0,0.0,0.0,0.0,0.0
2026-06-09 15:15:06,-0.6914496633257272,-2.022635327364035,2.75105776185388,-0.3813987141350257,-2.266218001469231,0.3412663756906955,-2.864061231640364,1.40318889014251,36.96123228642551,37.22610155122368,36.92139758751201,15.0,20.0,36.0,-99.0,0.0,0.0,0.0,0.0,0.0,0.0,0.0,0.0,0.0,0.0
2026-06-09 15:15:07,-0.40374712529563705,-1.8372512893193451,-2.457145062306787,1.0472322582139775,-1.352652945716556,-2.751801856400543,-1.9546995753574667,1.9944003667788825,36.558523901769604,37.146193562341104,37.09832648671022,15.0,20.0,36.0,-99.0,0.0,0.0,0.0,0.0,0.0,0.0,0.0,0.0,0.0,0.0
2026-06-09 15:15:08,1.4705556524013037,1.01684623809237,2.7224475451476176,-0.16783803903043548,1.222813334887018,1.6101120787776502,1.5741277901318824,-1.1694000885739393,36.51326164424469,36.96080713797606,37.24973528748657,15.0,20.0,36.0,-99.0,0.0,0.0,0.0,0.0,0.0,0.0,0.0,0.0,0.0,0.0
2026-06-09 15:15:09,-1.1265011243706085,1.0458515508473099,-2.485706398500332,0.017726603414120135,-1.1384531086509022,0.6889206915358796,-0.4870077113135034,0.0035379491135612007,36.68802672986374,36.94434577575706,37.03487155835706,15.0,20.0,36.0,-99.0,0.0,0.0,0.0,0.0,0.0,0.0,0.0,0.0,0.0,0.0
2026-06-09 15:15:11,-2.6227330695629556,-0.39253195066099966,-0.5471464060549951,-0.4023033873788564,-0.48018401916968934,2.19757620868815,-0.9566460397945606,0.47625460246834495,36.636131130546595,37.110755129589634,36.73636189807188,15.0,20.0,36.0,-99.0,0.0,0.0,0.0,0.0,0.0,0.0,0.0,0.0,0.0,0.0
2026-06-09 15:15:12,1.3474165156029407,-2.216114980267365,1.5379777365634713,2.44697967085143,2.5220882817666492,-1.5540321760067304,-1.149193617944877,2.233958959901676,36.988650022718915,37.19167758686274,37.265700228711545,15.0,20.0,36.0,-99.0,0.0,0.0,0.0,0.0,0.0,0.0,0.0,0.0,0.0,0.0
2026-06-09 15:15:13,-2.781146622267652,1.7589206610360595,-1.4802627442526863,-2.4385720401278337,1.4989245984622483,-2.814210687100747,-0.41046713410956137,0.7761281982592587,37.0009196650101,36.856333885356044,36.72947284534209,15.0,20.0,36.0,-99.0,0.0,0.0,0.0,0.0,0.0,0.0,0.0,0.0,0.0,0.0
2026-06-09 15:15:14,-2.0301905853936097,2.9396238018129317,1.9872008375278858,-1.1535717287153109,-0.759173429553659,-0.7919660590628803,-2.3613848892295835,1.2786455148764349,36.64177522603405,36.86785877925518,37.28904848908787,15.0,20.0,36.0,-99.0,0.0,0.0,0.0,0.0,0.0,0.0,0.0,0.0,0.0,0.0
2026-06-09 15:15:15,-2.8350632106816485,2.5803981647306804,-2.3123316315976705,0.7328146931348165,0.8136957077295359,-0.07608966935793182,-0.024400874486184776,-1.638221299849882,36.94042213445078,37.04918652014283,37.13955438750218,15.0,20.0,36.0,-99.0,0.0,0.0,0.0,0.0,0.0,0.0,0.0,0.0,0.0,0.0
2026-06-09 15:15:16,2.509972352724758,-1.360271486334111,1.1571919045539412,1.512663580610191,-1.685473399793566,-1.9253339041876805,2.1318505819828095,-1.1660437585256465,36.67901480204124,36.978554138024485,36.90869460551841,15.0,20.0,36.0,-99.0,0.0,0.0,0.0,0.0,0.0,0.0,0.0,0.0,0.0,0.0
2026-06-09 15:15:18,-2.8282787048359728,-2.332934639054481,-1.1138228527559901,2.3429038526630634,-2.1383498395699587,2.6434334430642963,-2.136052186314883,-1.8781609115801274,36.90461327235539,37.10768083922214,37.18271366546643,15.0,20.0,36.0,-99.0,0.0,0.0,0.0,0.0,0.0,0.0,0.0,0.0,0.0,0.0
2026-06-09 15:15:19,0.4445499361547345,0.8027858778074881,-0.5418129942019161,-2.8351954672280484,0.46066163547016625,-1.0039110929772468,-1.705228353990806,1.128395746426217,36.64199712531712,36.870351823993104,36.88338989825183,15.0,20.0,36.0,-99.0,0.0,0.0,0.0,0.0,0.0,0.0,0.0,0.0,0.0,0.0
2026-06-09 15:15:21,-0.31044876910122365,-0.2582094673558393,-2.6602233209350006,-2.3169809790841582,0.8848820213149473,0.7949304530418217,2.7337969506516675,0.5708518342841566,36.745520239305115,37.37232396115831,36.86600181726518,15.0,20.0,36.0,-99.0,0.0,0.0,0.0,0.0,0.0,0.0,0.0,0.0,0.0,0.0
2026-06-09 15:15:22,2.7432880605603733,2.0294777880362203,2.48370601138058,-1.836505583361873,-1.0843495538656793,-0.05070015712184173,0.7664779037799931,-0.2999217401101788,37.09765073787083,37.29324345668813,37.04269915412115,15.0,20.0,36.0,-99.0,0.0,0.0,0.0,0.0,0.0,0.0,0.0,0.0,0.0,0.0
2026-06-09 15:15:23,-1.3728702415054508,-1.083784685121613,-2.780592321691001,-2.795922569271582,0.9419720804948204,-0.13735247705017883,2.071038428867735,-2.0265328873293855,36.67427972641976,37.09419690054282,37.278061286482895,15.0,20.0,36.0,-99.0,0.0,0.0,0.0,0.0,0.0,0.0,0.0,0.0,0.0,0.0
2026-06-09 15:15:24,-1.085482097002621,2.937953537234173,0.8716887051362816,-1.9034088084323777,-2.363252582585382,-1.0911027521485475,-1.4646884429189164,2.761142098959711,36.835217066298476,36.90289362363008,36.91457704641053,15.0,20.0,36.0,-99.0,0.0,0.0,0.0,0.0,0.0,0.0,0.0,0.0,0.0,0.0
2026-06-09 15:15:25,2.4418463845966087,2.560707370250369,-0.7985974434571665,1.2021394887674077,1.4706385091181025,-1.7684409795285896,-2.7666811517408165,-2.5654172796280883,36.73035391764199,37.254556893137355,37.012604160402674,15.0,20.0,36.0,-99.0,0.0,0.0,0.0,0.0,0.0,0.0,0.0,0.0,0.0,0.0
2026-06-09 15:15:26,-0.5840713890501821,1.1845285111566124,2.711745277451021,-2.8977893089988385,-2.174661127574818,-2.1553716172628183,-2.1575568906710814,0.8445712972541326,36.61390160422853,37.29179764512088,37.220218018164275,15.0,20.0,36.0,-99.0,0.0,0.0,0.0,0.0,0.0,0.0,0.0,0.0,0.0,0.0
2026-06-09 15:15:28,-2.2045158809742853,-2.924008455231389,-2.2899946144299212,2.141686044016299,-2.8550195094780655,-1.0813221967030184,1.790854237767192,1.2042817384973379,36.65424623376698,36.82644315314224,37.08239966407892,15.0,20.0,36.0,-99.0,0.0,0.0,0.0,0.0,0.0,0.0,0.0,0.0,0.0,0.0
2026-06-09 15:15:29,-0.1577420161136769,-2.891908234260427,0.46520586950188925,-0.06309202863176377,2.6650640260682144,0.8898824532353173,2.3427534051427807,0.7422482047786123,36.76575158357942,37.28404322569734,36.74268238482644,15.0,20.0,36.0,-99.0,0.0,0.0,0.0,0.0,0.0,0.0,0.0,0.0,0.0,0.0
2026-06-09 15:15:30,0.9851185010899548,0.23162917556157714,-1.2682006072508059,-2.6849739641269506,1.8250507868645407,-2.751226606575071,1.317851536895163,-1.3616634267752958,36.67678717301314,37.31449982072655,37.02253863107857,15.0,20.0,36.0,-99.0,0.0,0.0,0.0,0.0,0.0,0.0,0.0,0.0,0.0,0.0
2026-06-09 15:15:31,-2.5016753071907525,2.271231720655929,0.4363647075088082,-0.9042572261679309,-1.259538132382153,1.7003031841116654,1.0725700765034887,-0.6808206775419983,36.695847612122414,37.20412729243847,37.009788238127506,15.0,20.0,36.0,-99.0,0.0,0.0,0.0,0.0,0.0,0.0,0.0,0.0,0.0,0.0
2026-06-09 15:15:33,0.5858008120560676,-2.7105889154183473,-1.3929999362563954,2.304993478311289,2.7308861386720107,-0.49621929849446555,2.5782098893508945,2.7029887324026625,36.85223762507567,37.242575060651916,37.04018830237993,15.0,20.0,36.0,-99.0,0.0,0.0,0.0,0.0,0.0,0.0,0.0,0.0,0.0,0.0
2026-06-09 15:15:34,0.30225582278827323,0.6620059954527031,1.9770433713746414,1.7416182691238413,0.26035990111213536,-2.384943339537009,1.7286319793994922,-0.20630293488297458,36.8915340195643,37.239258607553616,37.22942855879573,15.0,20.0,36.0,-99.0,0.0,0.0,0.0,0.0,0.0,0.0,0.0,0.0,0.0,0.0
2026-06-09 15:15:35,-2.1821838095821677,1.1203838524950136,-1.3200678523534484,-0.5994158219580217,-0.3227766458217758,-1.1521730801745123,-2.6381237123685986,0.7357985640014437,36.816166027465684,36.967638866802226,36.73922235754952,15.0,20.0,36.0,-99.0,0.0,0.0,0.0,0.0,0.0,0.0,0.0,0.0,0.0,0.0
2026-06-09 15:15:36,2.6629140908318023,-1.5469885293019228,-2.2021251958064108,-0.20249202431459867,-0.6441263302602778,0.6556049075764365,-1.5322451078914485,0.47372158888185334,36.55406263900376,36.81147043772896,36.759023075458494,15.0,20.0,36.0,-99.0,0.0,0.0,0.0,0.0,0.0,0.0,0.0,0.0,0.0,0.0
2026-06-09 15:15:38,-1.752684577573347,-0.48273619255801936,2.910548665373022,1.1479196299242886,1.9662369426798953,-0.025204270620097446,-1.4157289015904042,0.9765481917778942,36.721391209586834,36.94075247884902,37.05677942802368,15.0,20.0,36.0,-99.0,0.0,0.0,0.0,0.0,0.0,0.0,0.0,0.0,0.0,0.0
2026-06-09 15:15:39,-0.390832073863995,-1.8955779172796328,-1.2630511775211557,0.10371968391770814,1.9966660439035335,0.3077716268799975,2.864645523897755,-1.3161528517524108,36.87760831684735,37.26661347321165,37.10445970933651,15.0,20.0,36.0,-99.0,0.0,0.0,0.0,0.0,0.0,0.0,0.0,0.0,0.0,0.0
2026-06-09 15:15:40,-2.887145274321239,2.134847322368028,-0.5704929891843555,-0.8330706142592179,0.34910942322389626,-0.8520136997183805,-2.2730784033560743,1.2286586994865267,36.76677815256133,37.327521440267134,37.23582096574062,15.0,20.0,36.0,-99.0,0.0,0.0,0.0,0.0,0.0,0.0,0.0,0.0,0.0,0.0
2026-06-09 15:15:41,2.85296822267688,2.8803920471422195,2.261121604861163,-0.3364095429198368,1.951755875761748,2.3406205438907826,-2.3276428131267886,2.4470812056394786,36.67985706458608,36.86487001773016,37.17944606366908,15.0,20.0,36.0,-99.0,0.0,0.0,0.0,0.0,0.0,0.0,0.0,0.0,0.0,0.0
2026-06-09 15:15:42,-0.453895971391443,0.13062460660801367,-1.600045985718249,2.901617067320684,2.21680570168901,-0.09467121532423128,-1.9558712733115124,-2.7376603569480293,36.81051715997614,37.07027891019985,37.1654165448365,15.0,20.0,36.0,-99.0,0.0,0.0,0.0,0.0,0.0,0.0,0.0,0.0,0.0,0.0
2026-06-09 15:15:44,2.6041340655758543,1.0318689157406968,0.950582510853351,-0.14227932788444342,2.5062357749737174,-1.902418569650503,2.2267573383647488,-0.49731230739837606,36.547421459179425,37.03046692658165,36.88189294255473,15.0,20.0,36.0,-99.0,0.0,0.0,0.0,0.0,0.0,0.0,0.0,0.0,0.0,0.0
2026-06-09 15:15:45,-2.4687655858850652,-2.7848681069316816,-0.5471402113432147,1.109020179993876,0.05371201989389274,1.2902783216984464,2.730965552151483,2.609699902923764,36.77611345167774,37.08395391413053,36.816709202472765,15.0,20.0,36.0,-99.0,0.0,0.0,0.0,0.0,0.0,0.0,0.0,0.0,0.0,0.0
2026-06-09 15:15:46,-0.7374870327070919,0.0693290830112896,2.961594766370961,0.5166903650528845,-0.29162565550170516,-2.337810040011692,-2.8097958638625458,2.222879227264918,36.649906103718,37.28345944414272,36.73719508019166,15.0,20.0,36.0,-99.0,0.0,0.0,0.0,0.0,0.0,0.0,0.0,0.0,0.0,0.0
2026-06-09 15:15:47,-1.0185627618165976,-2.8746126406826105,2.486488887637445,1.2938085831570074,0.35476103969523587,0.5061498872504799,0.12761894096496018,-1.3631027040998658,36.70080365963008,37.2888033211949,36.80930462962321,15.0,20.0,36.0,-99.0,0.0,0.0,0.0,0.0,0.0,0.0,0.0,0.0,0.0,0.0
2026-06-09 15:15:48,1.6363214275227875,-2.0623784999861514,0.41941794966614454,1.4470447948146017,-1.1496750684218233,-0.30132196806346734,-2.3118080043629683,-0.17341925585360718,36.879983776188354,37.197678964154726,37.151342304272156,15.0,20.0,36.0,-99.0,0.0,0.0,0.0,0.0,0.0,0.0,0.0,0.0,0.0,0.0
2026-06-09 15:15:49,0.8158267681856941,0.19593950370667423,-2.7531173864968888,-2.4204600448972795,-1.5556474023889726,1.6200854458940395,2.0703989559865974,0.8907309385253255,36.99336353840527,37.37179185303137,37.263544848083804,15.0,20.0,36.0,-99.0,0.0,0.0,0.0,0.0,0.0,0.0,0.0,0.0,0.0,0.0
2026-06-09 15:15:50,-2.089499757407954,2.397648260573728,-0.5547630217219033,1.905991767880539,-1.4066929623418694,-2.712925325778415,2.3394359532787314,-1.8644984277859975,36.7000526183159,37.139468802573695,37.079012098708745,15.0,20.0,36.0,-99.0,0.0,0.0,0.0,0.0,0.0,0.0,0.0,0.0,0.0,0.0
2026-06-09 15:15:52,1.563192233593571,2.7892441632433567,-2.7195538956987066,-0.6767411823295548,-0.6079271602966987,2.839157423059783,-1.3657047115953227,-2.315719735720746,36.83482673835041,37.32610096990273,36.94679157797903,15.0,20.0,36.0,-99.0,0.0,0.0,0.0,0.0,0.0,0.0,0.0,0.0,0.0,0.0
2026-06-09 15:15:53,1.9929208716450004,-2.7773811275074625,2.8596794912246963,1.3621578245360881,-2.155852319784395,-0.843472209777302,0.839875310289496,-2.4781662038777643,37.0859676903917,36.94270450056132,36.99542618192816,15.0,20.0,36.0,-99.0,0.0,0.0,0.0,0.0,0.0,0.0,0.0,0.0,0.0,0.0
2026-06-09 15:15:54,0.8359846151596235,2.3750519965093346,2.4180157435307317,1.3718070640716942,-1.9935986138797457,0.7014098884525053,0.24555197217732516,-2.9370870283027637,37.07515029467521,37.25718887592176,37.29992921763172,15.0,20.0,36.0,-99.0,0.0,0.0,0.0,0.0,0.0,0.0,0.0,0.0,0.0,0.0
2026-06-09 15:15:55,-2.5192081913999465,-2.6340586043782945,-0.8732620619832332,1.688113155355862,0.5390058829729556,-0.06513831711840545,0.1127327238825413,-0.8267219552404579,37.0124707690955,36.869927024894956,36.84999385918377,15.0,20.0,36.0,-99.0,0.0,0.0,0.0,0.0,0.0,0.0,0.0,0.0,0.0,0.0
2026-06-09 15:15:56,0.513481513111298,0.5455917029427884,-1.5145581225740694,1.5179702941089195,1.0144738299697629,-2.769794280528614,0.7587110194700561,1.4325190825027088,36.946349656332,37.39286510588711,36.97001161608543,15.0,20.0,36.0,-99.0,0.0,0.0,0.0,0.0,0.0,0.0,0.0,0.0,0.0,0.0
2026-06-09 15:15:57,1.6252798815426939,1.4545363646442873,-1.7734974322541586,1.562398747256097,0.48108665522678606,-1.0676217786630973,-2.158418573142537,1.1259819016842716,36.61761737546328,37.27567648056256,36.76128903786889,15.0,20.0,36.0,-99.0,0.0,0.0,0.0,0.0,0.0,0.0,0.0,0.0,0.0,0.0
2026-06-09 15:15:58,-0.057106423300693265,-2.3149960257093003,0.49109199025952854,-0.9901314138218611,-1.3626450302926725,2.700901943702144,-2.3632752522093887,-1.0991739804989784,36.77845554164608,37.18739363392025,36.81526077853928,15.0,20.0,36.0,-99.0,0.0,0.0,0.0,0.0,0.0,0.0,0.0,0.0,0.0,0.0
2026-06-09 15:16:00,-1.670493275477076,0.43049297529729236,2.974014866851731,0.2539580836535933,0.24724515019592008,-1.5605737370747568,-0.4578483719437947,-0.9467086435097407,36.92211445308084,37.257064488435134,36.97777987699812,15.0,20.0,36.0,-99.0,0.0,0.0,0.0,0.0,0.0,0.0,0.0,0.0,0.0,0.0
2026-06-09 15:16:01,-0.39265594243073654,2.1938735717314923,-1.2017148338229442,-2.3102642698958853,-1.9027264211888544,-1.10556909829483,2.974176442386314,-1.8333489519057682,36.642358859703336,36.98061337724445,37.103613394037104,15.0,20.0,36.0,-99.0,0.0,0.0,0.0,0.0,0.0,0.0,0.0,0.0,0.0,0.0
2026-06-09 15:16:02,-1.5310597099273264,-2.848860082862422,1.4921672058066742,0.2820980401420483,-2.2083962673343436,-0.5871709463683699,0.5090279872888965,-1.6248731945962103,36.89319757070392,37.027104838632454,37.26911961859531,15.0,20.0,36.0,-99.0,0.0,0.0,0.0,0.0,0.0,0.0,0.0,0.0,0.0,0.0
2026-06-09 15:16:03,0.12538896230561658,-1.7354068568533825,-1.4076803140743666,-1.0704324832689327,-2.6941565594307133,-1.3538813368522382,2.578408886954616,-0.022422090344368595,36.50107337331062,36.896187513297264,37.120071719616654,15.0,20.0,36.0,-99.0,0.0,0.0,0.0,0.0,0.0,0.0,0.0,0.0,0.0,0.0
2026-06-09 15:16:04,-1.4982172122160367,1.0993455407051602,0.6669295348961057,-0.1141806008862778,2.0740664073293846,0.2523766596067105,2.06594056285925,-2.31179354910748,37.054329562812356,36.91235219500683,37.22029440575257,15.0,20.0,36.0,-99.0,0.0,0.0,0.0,0.0,0.0,0.0,0.0,0.0,0.0,0.0
2026-06-09 15:16:05,-1.4536266518810586,0.16131618731330377,-1.5506575673635439,-1.1189272195634639,2.5418443969001547,-2.573884486498649,-2.9519740963515257,1.2526016156287163,37.00829917047157,36.82768155806156,36.86094506638844,15.0,20.0,36.0,-99.0,0.0,0.0,0.0,0.0,0.0,0.0,0.0,0.0,0.0,0.0
2026-06-09 15:16:06,-1.5216255084273194,0.9356909957096589,-2.2256634523130163,-2.1906378230175187,1.3570218264824314,-0.7023608614337515,1.5609205997425954,1.5780764587699885,36.773413749301056,37.387659806894334,36.935312242981475,15.0,20.0,36.0,-99.0,0.0,0.0,0.0,0.0,0.0,0.0,0.0,0.0,0.0,0.0
2026-06-09 15:16:07,-0.4280755741035214,0.822940492740825,2.4559987307557636,-2.0409878365943803,0.9788438215221795,0.4746145331946008,1.4575164342141358,-0.6179250803719079,36.51962545555427,37.26207067410134,36.741406055799736,15.0,20.0,36.0,-99.0,0.0,0.0,0.0,0.0,0.0,0.0,0.0,0.0,0.0,0.0
2026-06-09 15:16:08,-2.5331701982129866,0.2386670572357552,-0.5011414343099929,-2.269868193954028,0.9422292881873462,1.3896356651123885,1.1153343632663208,0.43460264645452495,36.769652933325276,36.867583373939134,36.982809099589325,15.0,20.0,36.0,-99.0,0.0,0.0,0.0,0.0,0.0,0.0,0.0,0.0,0.0,0.0
2026-06-09 15:16:09,-2.5719018865900813,-2.66239067706916,1.225389052075668,-1.530701798679973,2.6582087442585207,0.29228543969055654,2.4723349938525967,0.40465550983614396,36.735834226772184,37.0886708946014,37.24807327339344,15.0,20.0,36.0,-99.0,0.0,0.0,0.0,0.0,0.0,0.0,0.0,0.0,0.0,0.0
2026-06-09 15:16:11,-2.9322168929011188,-0.2989025352037107,-1.1629420719933423,-2.644053189816141,-1.9171370706641684,2.7812008257320073,0.44830896416619126,-0.2077076431053997,37.06877208910848,37.17375614394423,37.23767255841134,15.0,20.0,36.0,-99.0,0.0,0.0,0.0,0.0,0.0,0.0,0.0,0.0,0.0,0.0
2026-06-09 15:16:12,1.3343017712799226,-2.3763017620936733,0.545494197005949,-1.7351887143045752,2.5243999084451785,0.06983154442564565,0.023498631860040753,0.4057803618826341,36.660238593617535,37.22532650788378,37.27821338229443,15.0,20.0,36.0,-99.0,0.0,0.0,0.0,0.0,0.0,0.0,0.0,0.0,0.0,0.0
2026-06-09 15:16:13,-0.8436100493803691,1.166295036303068,-2.4996088686531728,-2.917567627461497,-2.01608738445257,-1.1907183906163012,-0.778227849978848,-1.4625174545479245,36.69950710652023,36.8264343035682,37.0785309334492,15.0,20.0,36.0,-99.0,0.0,0.0,0.0,0.0,0.0,0.0,0.0,0.0,0.0,0.0
2026-06-09 15:16:14,-2.9175802602996956,1.5530978262709132,-1.8425826157923182,1.580374912216401,1.4315580374622003,0.15012347515248203,-2.2972241701072935,2.8770456149473613,36.719362943545235,37.34133153167362,36.91688071825792,15.0,20.0,36.0,-99.0,0.0,0.0,0.0,0.0,0.0,0.0,0.0,0.0,0.0,0.0
2026-06-09 15:16:15,2.4417117465379867,1.6125556139775314,-1.7549030082264419,2.5481183179543745,-1.6380480447183778,1.8902094481140628,0.8500934834412064,1.9927234437017205,36.557764828788535,37.13153101518671,37.19731670509888,15.0,20.0,36.0,-99.0,0.0,0.0,0.0,0.0,0.0,0.0,0.0,0.0,0.0,0.0
2026-06-09 15:16:16,-0.25190891391046666,-1.8969274833957714,-2.155699285766733,-1.594948753384569,-1.182898620484982,-2.2542458790417124,-2.5338708803796863,-0.15541840685807262,36.626432070390095,36.86641510632071,36.90667292626467,15.0,20.0,36.0,-99.0,0.0,0.0,0.0,0.0,0.0,0.0,0.0,0.0,0.0,0.0
2026-06-09 15:16:18,1.375802708529016,1.562213208345156,1.0127089652140082,-1.1538573428596588,1.9988160874968468,-0.4160402154674956,1.9525003311393903,0.5610891301401137,37.082660852653696,37.092987773033514,37.16644193541297,15.0,20.0,36.0,-99.0,0.0,0.0,0.0,0.0,0.0,0.0,0.0,0.0,0.0,0.0
2026-06-09 15:16:19,-0.13260003434298007,2.8151255512952913,-1.2346982490997038,-0.7391142208501433,2.766386587338209,-1.7340312620522071,0.13556773253352095,1.0843384570551935,36.60202769663048,36.976936809431216,36.84905602578586,15.0,20.0,36.0,-99.0,0.0,0.0,0.0,0.0,0.0,0.0,0.0,0.0,0.0,0.0
2026-06-09 15:16:20,2.545488694927591,1.6312118878343842,1.8532060205694005,0.0858550361474455,-0.2202691240312773,1.8902947229548621,-2.8158841992248123,-1.067986948089362,36.548183378282076,36.808560890302225,36.97113867515001,15.0,20.0,36.0,-99.0,0.0,0.0,0.0,0.0,0.0,0.0,0.0,0.0,0.0,0.0
2026-06-09 15:16:21,0.8482619841833259,1.9156644193887233,-1.1779000580861534,0.7372674536723611,-0.6697878790308232,0.8003343772148241,0.055428667098558204,-0.3287154111232411,37.03030329582703,37.171587105311616,36.914756835078016,15.0,20.0,36.0,-99.0,0.0,0.0,0.0,0.0,0.0,0.0,0.0,0.0,0.0,0.0
2026-06-09 15:16:22,-2.940562431192486,1.643640292982612,-1.1554912962945223,2.555418747044728,-1.7162912184220067,-1.7026808903389994,-0.4713079806937932,1.1324415580589289,36.895787766182,36.954542219475336,37.291470503761815,15.0,20.0,36.0,-99.0,0.0,0.0,0.0,0.0,0.0,0.0,0.0,0.0,0.0,0.0
2026-06-09 15:16:24,0.7436374997802551,-2.512271972914895,2.764169687181619,2.9419417952753326,0.12460511071410352,2.156589702488546,-2.542089794744167,-2.527874758682816,36.54469149996875,37.365801322671736,37.108859932082886,15.0,20.0,36.0,-99.0,0.0,0.0,0.0,0.0,0.0,0.0,0.0,0.0,0.0,0.0
2026-06-09 15:16:25,-0.9389185326847622,0.45435622569732725,-2.2356643608582027,-0.7759707766124375,-2.170365881521729,-2.3521723306181794,0.7132730888660657,1.8680722488426689,37.00160552884032,36.91417836548163,36.9555906345569,15.0,20.0,36.0,-99.0,0.0,0.0,0.0,0.0,0.0,0.0,0.0,0.0,0.0,0.0
2026-06-09 15:16:26,-0.697720522583464,1.2206329751834168,-1.6448514280161297,-2.960555218209377,0.6484008519167963,1.3690162531957064,2.340725328822196,-2.3527731678864536,36.642619556097664,37.16073321341066,37.13101888325543,15.0,20.0,36.0,-99.0,0.0,0.0,0.0,0.0,0.0,0.0,0.0,0.0,0.0,0.0
2026-06-09 15:16:27,0.6293521673604756,-1.8942970855120642,2.958660541024459,1.6382451711056323,1.341986706323917,-0.5157447124014825,-1.9515637483488786,-1.5618144296812937,36.60778538968318,37.07403306126447,37.15347217463593,15.0,20.0,36.0,-99.0,0.0,0.0,0.0,0.0,0.0,0.0,0.0,0.0,0.0,0.0
2026-06-09 15:16:28,1.6202283834203346,1.3284604744427755,0.16273855274643267,-0.10306547160081525,1.985265578592478,-1.4924636939473765,0.5354106988526253,1.9508210855320778,36.94446881980645,37.03239437593468,37.26810501169992,15.0,20.0,36.0,-99.0,0.0,0.0,0.0,0.0,0.0,0.0,0.0,0.0,0.0,0.0
2026-06-09 15:16:29,-1.5626058508321885,-1.6200195964962818,-2.0134181577442147,-0.6907259908264072,-2.2187590393029044,-0.00842227934148676,-0.7335628294596068,-0.852474121203711,36.813057794796336,36.950732185767116,37.23973627420331,15.0,20.0,36.0,-99.0,0.0,0.0,0.0,0.0,0.0,0.0,0.0,0.0,0.0,0.0
2026-06-09 15:16:31,2.1931962123234623,-2.3335628524317285,-0.8010122909678685,-0.12272131020081467,0.5499219063914795,1.0610340696730374,-0.4327816540329201,-2.362592300613646,36.964396283304445,37.22163162541706,37.29495421967138,15.0,20.0,36.0,-99.0,0.0,0.0,0.0,0.0,0.0,0.0,0.0,0.0,0.0,0.0
2026-06-09 15:16:32,-2.471126831895828,2.6740827718140334,1.617227648080223,1.8681260826139088,-2.0320080670222436,2.9759924927678547,0.6630007812083263,0.9150866601598153,36.88131655788642,37.18564100097117,36.93577537192953,15.0,20.0,36.0,-99.0,0.0,0.0,0.0,0.0,0.0,0.0,0.0,0.0,0.0,0.0
2026-06-09 15:16:33,1.6317937244572835,2.1602944129916013,2.66109274014026,2.4366780080645967,-2.3157170657560644,0.3807780630155255,0.06900363767207107,-2.864736851300507,36.84055772582254,37.256157563756894,36.839394118321934,15.0,20.0,36.0,-99.0,0.0,0.0,0.0,0.0,0.0,0.0,0.0,0.0,0.0,0.0
2026-06-09 15:16:34,1.7633774671136386,1.4776573334274001,-0.9947160082450219,-0.47930846756022394,-2.4913126051263608,-2.2428277664229803,-2.6412869122222706,-0.2932419340393988,36.646932012275805,36.89082325265564,36.98257706975032,15.0,20.0,36.0,-99.0,0.0,0.0,0.0,0.0,0.0,0.0,0.0,0.0,0.0,0.0
2026-06-09 15:16:35,-0.34706516656453035,2.808525359484695,0.36888320201749636,-2.972325062725657,0.9754216273835405,-2.236101243806532,-0.5635381053698953,-0.7238971109687977,36.75213895260896,37.351044092759324,37.04663641876949,15.0,20.0,36.0,-99.0,0.0,0.0,0.0,0.0,0.0,0.0,0.0,0.0,0.0,0.0
2026-06-09 15:16:37,2.4501120363094815,0.826823223361429,0.12115261471338012,2.2242793578037654,-1.8455818173162573,1.4288117334029762,2.7081673779718365,-2.0499910722418653,36.54498543731194,37.09180752192273,36.7049329428982,14.0,20.0,36.0,-99.0,0.0,0.0,0.0,0.0,0.0,0.0,0.0,0.0,0.0,0.0
2026-06-09 15:16:38,-1.9405059579549075,-1.8640058766036696,0.4570884235715367,-1.791538803699363,0.17629851815171627,0.9769272163786988,-0.1311193865996505,0.18301417567517841,36.97720499329179,37.014861388851095,37.01269300315938,14.0,20.0,36.0,-99.0,0.0,0.0,0.0,0.0,0.0,0.0,0.0,0.0,0.0,0.0
2026-06-09 15:16:39,2.4502317987173035,1.1059488333485525,1.2017450372623362,-2.633549794909693,-2.6640109241856953,1.448243103907985,0.9966721122753492,0.297913799734026,36.59087288292357,37.15807237721169,37.17606082932019,14.0,20.0,36.0,-99.0,0.0,0.0,0.0,0.0,0.0,0.0,0.0,0.0,0.0,0.0
2026-06-09 15:16:40,-2.165310553932458,2.6521533392022176,0.9855338060369085,-0.9338180356020347,2.3038875502848235,1.250498749071796,-2.0764640422982428,0.1033157811071237,36.656671083522475,36.839229398206555,36.988943033306455,14.0,20.0,36.0,-99.0,0.0,0.0,0.0,0.0,0.0,0.0,0.0,0.0,0.0,0.0
2026-06-09 15:16:41,2.8769596118201246,2.75058548667365,-1.1378312899969387,-0.789651665067364,0.09980916104513682,-1.9502020766554473,-2.1973221634384816,1.3256261494584463,36.98511671667573,36.84191697991775,36.95226058039123,14.0,20.0,36.0,-99.0,0.0,0.0,0.0,0.0,0.0,0.0,0.0,0.0,0.0,0.0
2026-06-09 15:16:42,-0.12137404210542968,-1.760497768068605,-2.3895643299744966,-1.2610883886828679,-2.7461122929371147,-0.27608217934715906,0.38761906291689474,2.209923858313692,36.924983214880356,37.177124083791696,37.059094439351334,14.0,20.0,36.0,-99.0,0.0,0.0,0.0,0.0,0.0,0.0,0.0,0.0,0.0,0.0
2026-06-09 15:16:43,-0.6254220683108644,0.4659571498889381,-2.300983063870558,0.834862387225118,0.5113848569143338,-1.4922823818680435,-2.096738955793747,2.71847674638195,36.8437831033421,37.1331522222235,37.09946140813462,14.0,20.0,36.0,-99.0,0.0,0.0,0.0,0.0,0.0,0.0,0.0,0.0,0.0,0.0
2026-06-09 15:16:45,-0.2852914733908518,0.9558182205039838,-0.6995255318886251,1.3790262999460268,1.4507357488400032,2.1858428831878767,1.207566749717297,0.33296317170221856,36.5983496876211,37.29814455532627,37.05965069349383,14.0,20.0,36.0,-99.0,0.0,0.0,0.0,0.0,0.0,0.0,0.0,0.0,0.0,0.0
2026-06-09 15:16:46,0.27029804299829285,2.0977012893127096,-0.9133748656908116,0.3050841758790668,-2.3634905171590654,2.710867371907198,0.6998256154432898,1.4053226143532314,37.085061629365676,37.059795897473904,37.09807534019567,14.0,20.0,36.0,-99.0,0.0,0.0,0.0,0.0,0.0,0.0,0.0,0.0,0.0,0.0
2026-06-09 15:16:47,-0.3390798513970026,2.7645248446416417,-1.3082512218205142,0.5339440607017263,2.73264495773374,-0.055461516771111,0.33753105828249863,1.5479018082148936,36.61377779374666,36.80434319098976,36.992668631775366,14.0,20.0,36.0,-99.0,0.0,0.0,0.0,0.0,0.0,0.0,0.0,0.0,0.0,0.0
2026-06-09 15:16:49,-1.4600814452182966,1.7496874969271836,-0.6241538839869545,-2.202003063356631,2.167291380368753,1.2266153466094183,-0.8340524037986059,-0.025113708903619525,37.0553695487758,36.992044243698196,37.13574437524869,14.0,20.0,36.0,-99.0,0.0,0.0,0.0,0.0,0.0,0.0,0.0,0.0,0.0,0.0
2026-06-09 15:16:50,-0.44598067015443643,1.6268581878689243,1.9352007332251029,-1.3613192876552676,1.7428334771057123,1.950524585624719,0.3706492485752477,2.604563438426192,36.9231040881052,36.84791818018089,36.86265306698376,14.0,20.0,36.0,-99.0,0.0,0.0,0.0,0.0,0.0,0.0,0.0,0.0,0.0,0.0
2026-06-09 15:16:52,-0.7515679384216014,-1.6007809767226322,-2.661409552224532,1.412811209392478,2.273183243434163,2.355674105648691,2.863462788670798,-2.725315386991946,36.82829626586693,37.21284616657083,36.955561679424214,14.0,20.0,36.0,-99.0,0.0,0.0,0.0,0.0,0.0,0.0,0.0,0.0,0.0,0.0
2026-06-09 15:16:53,-2.0632589183419046,1.1833600804395248,1.4064046739212692,-0.7242316684869152,-2.2842050452602196,-2.536800729390645,0.27768114085186424,-0.6035598238722142,36.593157438123335,37.204299310989505,37.238939979347,14.0,20.0,36.0,-99.0,0.0,0.0,0.0,0.0,0.0,0.0,0.0,0.0,0.0,0.0
2026-06-09 15:16:54,-2.708228269121041,-1.5675396936412964,-2.776451520789005,1.9482527016501292,1.3475041783677888,-1.3467846904868777,1.7166235925319207,-1.312411228805117,36.93455400529191,37.130525505469365,37.264609138308074,14.0,20.0,36.0,-99.0,0.0,0.0,0.0,0.0,0.0,0.0,0.0,0.0,0.0,0.0
2026-06-09 15:16:55,-2.38964579580928,1.859746681773581,0.9039346734156659,-1.840335066914446,-2.6826831452035496,1.7697782803584134,0.8206213671676093,1.0513287876193278,36.91229144534696,37.11183003819092,37.20429905924333,14.0,20.0,36.0,-99.0,0.0,0.0,0.0,0.0,0.0,0.0,0.0,0.0,0.0,0.0
2026-06-09 15:16:56,2.9388857700455677,-0.30998242177402435,2.0952622195531916,-0.6062546112026386,2.719002646166248,2.2142040592146426,0.1952419237452152,1.9491963184741348,36.52393940810072,36.81295402620387,37.023248275183036,14.0,20.0,36.0,-99.0,0.0,0.0,0.0,0.0,0.0,0.0,0.0,0.0,0.0,0.0
2026-06-09 15:16:57,2.7594693967185693,-1.651314373969612,-2.844804740970214,-2.4368839986974384,0.3863491676691657,-1.4812786056647473,2.0584522093688022,-0.7986036202625244,37.03394786336035,36.86966747525287,37.2505254247139,14.0,20.0,36.0,-99.0,0.0,0.0,0.0,0.0,0.0,0.0,0.0,0.0,0.0,0.0
2026-06-09 15:16:59,0.045857116465823466,1.5949688619861409,-0.30453476106451793,1.1828784723187624,-1.5709262415371015,2.0165377519851875,0.8147898737345391,1.0612012707530676,36.622687598063784,37.23938866301012,36.86857189092977,14.0,20.0,36.0,-99.0,0.0,0.0,0.0,0.0,0.0,0.0,0.0,0.0,0.0,0.0
2026-06-09 15:17:00,2.6258047839194,2.8712550342844834,-2.4591805534799493,0.23788562451071993,-0.23200234678240284,0.1826791565199466,0.5098672800584323,1.3090739872389232,36.99797256796449,36.99853050092437,36.9186682705313,14.0,20.0,36.0,-99.0,0.0,0.0,0.0,0.0,0.0,0.0,0.0,0.0,0.0,0.0
2026-06-09 15:17:01,1.649279341475589,-1.998265060950163,-0.9560086584876402,0.7842939256733712,0.5782554101145676,-1.6281988219264052,1.4155525697182005,1.985962773638268,36.62415927108355,36.96784101533235,37.273518532357336,14.0,20.0,36.0,-99.0,0.0,0.0,0.0,0.0,0.0,0.0,0.0,0.0,0.0,0.0
2026-06-09 15:17:02,1.0941870363987212,-1.258207837631743,1.363923826749259,-0.8493360971419621,-2.5350630876558675,0.6258612319699055,0.31845029747203224,2.3009953755743027,36.68893783601848,37.07912736317143,37.2994140929059,14.0,20.0,36.0,-99.0,0.0,0.0,0.0,0.0,0.0,0.0,0.0,0.0,0.0,0.0
2026-06-09 15:17:04,-0.5408892039573381,-0.4168460798571729,1.1601825285498446,-2.8792578534241486,-0.5553033649284926,-2.4093438583786257,-1.2050057755707975,1.3408361154508839,36.57981766380736,37.29624178243753,36.85167478565249,14.0,20.0,36.0,-99.0,0.0,0.0,0.0,0.0,0.0,0.0,0.0,0.0,0.0,0.0
2026-06-09 15:17:05,2.285575125620575,-2.964358610337252,1.5069520499144033,0.902524022138834,-1.0352014775037433,1.5568298019392923,-0.25525022374622264,-0.3297391142466397,37.02987791931939,37.31890185637763,37.0622163016234,14.0,20.0,36.0,-99.0,0.0,0.0,0.0,0.0,0.0,0.0,0.0,0.0,0.0,0.0
2026-06-09 15:17:06,-1.6937683345144103,-1.0674294693550925,-0.4505935288652769,2.390043868606287,-0.5331678496898538,-1.2849771898208655,-1.3737283830967688,-0.7866592275694448,36.58344101741269,36.80745043476923,36.70634521023608,14.0,20.0,36.0,-99.0,0.0,0.0,0.0,0.0,0.0,0.0,0.0,0.0,0.0,0.0
2026-06-09 15:17:07,-2.4145283860192572,0.9640111756934289,1.6673740021603862,1.0439095803010634,-1.4772598468584421,-2.8838398120585245,2.0134017292390762,-1.5374629500247594,37.0244143726261,36.846639246885985,36.74261885829607,14.0,20.0,36.0,-99.0,0.0,0.0,0.0,0.0,0.0,0.0,0.0,0.0,0.0,0.0
2026-06-09 15:17:09,2.38922847946238,1.1515125470467087,0.4480711021801489,1.1577902603799997,1.96942848522513,0.3025191642868954,-2.465835040786293,-1.6823656069447068,36.84832255205768,37.304760310570416,37.236464149476824,14.0,20.0,36.0,-99.0,0.0,0.0,0.0,0.0,0.0,0.0,0.0,0.0,0.0,0.0
2026-06-09 15:17:10,-1.382585489876766,1.1034054812365799,-0.40073018620738754,1.8805319491831005,-2.075233800481826,-2.0374352430234883,2.080711503781983,1.0434912088494457,36.817437275902044,37.05627069707604,36.961554199074065,14.0,20.0,36.0,-99.0,0.0,0.0,0.0,0.0,0.0,0.0,0.0,0.0,0.0,0.0
2026-06-09 15:17:11,-0.20545500454079235,2.9748949790424826,-2.429899352509421,-0.8787500922807125,2.310461495140099,-2.141218877517107,-0.7385095820141263,2.673143269722008,36.807888928017675,37.09049285393281,36.90683867461434,14.0,20.0,36.0,-99.0,0.0,0.0,0.0,0.0,0.0,0.0,0.0,0.0,0.0,0.0
2026-06-09 15:17:12,-2.348078312056983,-0.20376845797448162,2.449595425394045,2.8358939366614955,-2.3880062608678863,-2.5686051370271685,2.867128569241843,-1.4643247400601265,36.966531411486976,37.309149646375566,37.02629947783917,14.0,20.0,36.0,-99.0,0.0,0.0,0.0,0.0,0.0,0.0,0.0,0.0,0.0,0.0
2026-06-09 15:17:13,-2.927249078718498,2.8481578640013927,1.4594245400299553,0.767122833453481,0.21214442753074625,0.5612943068616252,-2.919625132474665,2.410737187622761,36.831874111351105,37.01298435438151,37.009955289072316,14.0,20.0,36.0,-99.0,0.0,0.0,0.0,0.0,0.0,0.0,0.0,0.0,0.0,0.0
2026-06-09 15:17:14,1.2352348478290072,2.8272002886771244,-0.05636432729176999,1.8683106507784046,-1.0102401501723042,2.2086200746031377,2.996321325666961,-2.295578533862587,37.06684648868966,37.174373918429716,37.13206128840224,14.0,20.0,36.0,-99.0,0.0,0.0,0.0,0.0,0.0,0.0,0.0,0.0,0.0,0.0
2026-06-09 15:17:15,1.162104798258917,0.19225165351836448,-1.175973081216253,1.7443112258785138,-0.5328682372225457,-0.6688457538742569,-0.970540016792306,-1.1663544960174348,37.01385791916383,36.83685910272074,37.0959465621309,14.0,20.0,36.0,-99.0,0.0,0.0,0.0,0.0,0.0,0.0,0.0,0.0,0.0,0.0
2026-06-09 15:17:16,1.7627442392450359,0.6380672633104787,2.4287119537057666,2.4807329716891955,2.1231640272608203,-2.4670569448589097,-2.7654179780583696,-0.4722467123053624,36.89124664087583,37.38629257482783,37.05672004903224,14.0,20.0,36.0,-99.0,0.0,0.0,0.0,0.0,0.0,0.0,0.0,0.0,0.0,0.0
2026-06-09 15:17:18,2.280551415377201,-1.1945060912438836,2.6811263501164504,0.6813834648172268,-2.7995079683440673,2.387205081827161,-1.9898063657459677,0.9303015953055498,36.89684290355792,37.16599262671374,36.79730366866619,14.0,20.0,36.0,-99.0,0.0,0.0,0.0,0.0,0.0,0.0,0.0,0.0,0.0,0.0
2026-06-09 15:17:19,-1.9278291661269578,-2.3246112875855864,-1.9435901536145868,-2.9825353993464248,-1.1835835251388203,2.9893411643873984,2.872046327007932,-2.761205092876535,36.97884149760783,37.04808498078434,37.11058955830182,14.0,20.0,36.0,-99.0,0.0,0.0,0.0,0.0,0.0,0.0,0.0,0.0,0.0,0.0
2026-06-09 15:17:20,1.4395213912066023,0.4631789198841023,-0.6104162771979134,0.36986333085827106,2.5944842002524275,2.6202695518345145,-0.5407054578813373,-1.8345166865753213,36.886433504832226,37.17803384317204,37.027375012834185,14.0,20.0,36.0,-99.0,0.0,0.0,0.0,0.0,0.0,0.0,0.0,0.0,0.0,0.0
2026-06-09 15:17:21,1.2794022950038002,1.6270185970692328,-0.873588944247798,-0.2503673789843406,1.2812444360972464,-2.4112446531459737,-2.035956045450484,1.5789335345818083,36.92128174743661,37.35995363264279,36.83384990682615,14.0,20.0,36.0,-99.0,0.0,0.0,0.0,0.0,0.0,0.0,0.0,0.0,0.0,0.0
2026-06-09 15:17:22,-0.17179142884827137,-2.658992409797243,0.483759412766271,-0.7821319673945553,1.7376337583650407,1.5730691995659418,0.15134080644892656,2.154101253713854,36.69531628879596,37.175866892499926,36.738667813645996,14.0,20.0,36.0,-99.0,0.0,0.0,0.0,0.0,0.0,0.0,0.0,0.0,0.0,0.0
2026-06-09 15:17:24,1.5324848463723493,1.3947915945107816,-0.8502401337442613,1.8625457987814826,1.3192925512459475,2.7525614184846114,2.6250972325264206,1.1972375575893253,36.730636023912574,36.89052184125517,37.28502588038493,14.0,20.0,36.0,-99.0,0.0,0.0,0.0,0.0,0.0,0.0,0.0,0.0,0.0,0.0
2026-06-09 15:17:25,-1.5815386707446928,-1.9904692068753445,-0.05240588562594528,-2.3509549625296797,0.387552766254454,2.4298153801386784,0.0927488334942943,1.748215090344467,36.77586417292572,37.23229872038384,37.13653371088853,14.0,20.0,36.0,-99.0,0.0,0.0,0.0,0.0,0.0,0.0,0.0,0.0,0.0,0.0
2026-06-09 15:17:26,2.7383070015331885,-0.7391529449862881,-0.43985233299122806,-0.7099355914774743,0.45026952045252155,2.1699657604837466,0.2999899494784999,2.6631163316879407,36.64944889672749,37.0144058217631,36.70611274420671,14.0,20.0,36.0,-99.0,0.0,0.0,0.0,0.0,0.0,0.0,0.0,0.0,0.0,0.0
2026-06-09 15:17:27,-1.9780109121813645,-0.6267518662568214,-1.3698120425546112,1.7587201634793468,-1.3801050497422496,0.810890086286665,-2.0775491213256534,1.4227547077173481,36.893207120507455,36.97012308255213,37.16975311262783,14.0,20.0,36.0,-99.0,0.0,0.0,0.0,0.0,0.0,0.0,0.0,0.0,0.0,0.0
2026-06-09 15:17:28,-0.9993263940098487,-0.06749906326575328,0.10011255521439555,-1.984334310481276,1.5232899429161666,1.2057931473161547,-1.2962581988210875,-1.971463776989776,37.08374428370773,36.88316443027459,37.26021533246476,14.0,20.0,36.0,-99.0,0.0,0.0,0.0,0.0,0.0,0.0,0.0,0.0,0.0,0.0
2026-06-09 15:17:30,1.8059415110105865,1.4383819764223134,0.6181540793418026,-1.263444591889848,-0.021230624360853767,0.9194899356681807,1.5295085291338282,2.2864877624779094,36.70677031518208,37.37760566014878,37.23325087203991,14.0,20.0,36.0,-99.0,0.0,0.0,0.0,0.0,0.0,0.0,0.0,0.0,0.0,0.0
2026-06-09 15:17:31,2.54966417296648,0.7394168211797663,2.0043719724843747,-1.516592655738426,0.26748063024499924,-2.125546111324936,0.15794548783303552,-0.6311858064293245,36.88806501604748,36.9377518429122,36.79729562562445,14.0,20.0,36.0,-99.0,0.0,0.0,0.0,0.0,0.0,0.0,0.0,0.0,0.0,0.0
2026-06-09 15:17:32,1.5322084757589485,0.4946747635009814,0.20929484934197173,-2.7693709436362806,0.6475123442883448,-1.769514125319908,-0.8406462588764207,2.0760401275415656,36.87402716008563,37.15712743682871,36.912139615678086,14.0,20.0,36.0,-99.0,0.0,0.0,0.0,0.0,0.0,0.0,0.0,0.0,0.0,0.0
2026-06-09 15:17:33,-1.2616083190143117,-2.3386145395440563,2.5336722164227403,1.5948140912678852,1.5091125193289097,0.2313122099935594,-2.608080387554706,0.4254045279152736,36.50453501047234,37.09755528020868,37.1968114767812,14.0,20.0,36.0,-99.0,0.0,0.0,0.0,0.0,0.0,0.0,0.0,0.0,0.0,0.0
2026-06-09 15:17:34,-1.9717053765026058,-2.2091396424637115,0.8887556242275529,-1.4899706187487998,-1.1272563264591373,-2.9130152060410195,2.0679313505876635,1.2268017718069908,36.88050708837236,37.304557995474525,37.19051240509685,14.0,20.0,36.0,-99.0,0.0,0.0,0.0,0.0,0.0,0.0,0.0,0.0,0.0,0.0
2026-06-09 15:17:36,0.7711090447244344,1.7439410040292476,-1.801871376469467,1.555262170037782,-0.34375646170185714,2.8594257888468526,-0.6189181178884784,-2.8544991070588965,36.74949453646826,37.00519313684009,36.8590314755385,14.0,20.0,36.0,-99.0,0.0,0.0,0.0,0.0,0.0,0.0,0.0,0.0,0.0,0.0
2026-06-09 15:17:37,-2.559096128467935,0.7985709183600873,-2.8489577464867497,-1.1842089949439258,-1.9505629269026123,0.22299473416167892,2.2752260969248868,-1.3683665983272069,36.73291613316011,37.27789392588521,37.145844373881374,14.0,20.0,36.0,-99.0,0.0,0.0,0.0,0.0,0.0,0.0,0.0,0.0,0.0,0.0
2026-06-09 15:17:39,-2.5129470266868843,1.7444413027596397,2.5365713408198864,0.1832835467180054,-2.0341586903134896,0.15072223190280942,1.8682908256932924,-1.471868631919853,36.99299639015437,37.04629587988024,37.13010020966957,14.0,20.0,36.0,-99.0,0.0,0.0,0.0,0.0,0.0,0.0,0.0,0.0,0.0,0.0
2026-06-09 15:17:40,1.9775683235957526,-2.1667805040681962,1.4896902250877364,-0.03313624094338952,-1.6302978876210032,-1.1968497667232285,-0.1638742425926072,-0.738181755806472,36.82847550558518,36.969456123878366,36.967139823189726,14.0,20.0,36.0,-99.0,0.0,0.0,0.0,0.0,0.0,0.0,0.0,0.0,0.0,0.0
2026-06-09 15:17:41,0.13347581011193643,2.335652282990063,1.0402363785653579,-0.1605143409520009,0.7527872833547229,-0.6681334562530212,-1.0647824915733928,-0.7760663518117141,36.5151505430429,36.93390413818456,37.00022704941886,14.0,20.0,36.0,-99.0,0.0,0.0,0.0,0.0,0.0,0.0,0.0,0.0,0.0,0.0
2026-06-09 15:17:42,0.3491667229874764,-2.7238303009115463,2.6885293392709366,1.2135590957818305,2.6989493347836415,-1.4108606157902877,-2.1791501242192455,0.12274707993189171,36.587233066166704,37.37835424583717,36.88168852804988,14.0,20.0,36.0,-99.0,0.0,0.0,0.0,0.0,0.0,0.0,0.0,0.0,0.0,0.0
2026-06-09 15:17:44,2.2147204806748197,-2.136158961070361,0.6129321435513564,0.09112431991823788,-0.6558609555706285,-1.704942590363131,0.41832533313673714,-1.988079819168002,36.873492503506995,37.012223308717886,36.93236969490721,14.0,20.0,36.0,-99.0,0.0,0.0,0.0,0.0,0.0,0.0,0.0,0.0,0.0,0.0
2026-06-09 15:17:45,-2.1968641424074713,-1.6307463104744528,-1.5245805007084579,-0.28763163203402087,2.773924610878458,-1.047135191198645,-0.05859547280574473,-1.4077553459250758,36.81429817353666,36.86095155000314,36.80780912408145,14.0,20.0,36.0,-99.0,0.0,0.0,0.0,0.0,0.0,0.0,0.0,0.0,0.0,0.0
2026-06-09 15:17:46,2.65402837031775,0.5554310106207518,1.8003669623000205,0.03982192870740553,-2.4508350421466814,1.878184670979545,-1.5211009741517363,-2.9043667652068885,36.902398235487844,37.095102514569874,37.18721474568595,14.0,20.0,36.0,-99.0,0.0,0.0,0.0,0.0,0.0,0.0,0.0,0.0,0.0,0.0
2026-06-09 15:17:47,0.6501082621796392,-2.706819718613981,-0.035966598465325905,1.4944256147571302,-2.348694941918042,1.566080296394448,-0.3291432447621867,2.2765785903204065,36.9966206090921,36.805573042089286,37.2632342998006,14.0,20.0,36.0,-99.0,0.0,0.0,0.0,0.0,0.0,0.0,0.0,0.0,0.0,0.0
2026-06-09 15:17:48,-1.0170239109117079,-0.9255036030208617,-1.0594997930886791,2.1018063550425206,-2.329885169163373,-2.319871166678939,-0.9186584007064189,-0.6286292320827567,36.658474714635844,37.37279662543014,37.030337655078576,14.0,20.0,36.0,-99.0,0.0,0.0,0.0,0.0,0.0,0.0,0.0,0.0,0.0,0.0
2026-06-09 15:17:50,-2.619326329140981,-0.7253080943751886,2.198822859653009,2.331753142717054,-1.2453973639665485,2.070106541064451,-0.34460729114867616,1.73471804660673,37.01503882867157,37.26412772434761,37.219467686767274,14.0,20.0,36.0,-99.0,0.0,0.0,0.0,0.0,0.0,0.0,0.0,0.0,0.0,0.0
2026-06-09 15:17:51,2.13675966228743,-2.484660572468671,-2.7874434727576727,-2.4625367771280176,2.355083056782904,2.825425617262419,1.0110105507038654,-2.5249748725645973,36.674824896348696,37.222944073882296,37.0449681705762,14.0,20.0,36.0,-99.0,0.0,0.0,0.0,0.0,0.0,0.0,0.0,0.0,0.0,0.0
2026-06-09 15:17:53,0.013347741923554146,-0.6064606686596052,1.1498389720573075,-0.20214294527296017,-1.039835999613303,1.904559148672635,0.6389922911630483,-0.9367452055123189,36.59489056292858,37.30058500495675,36.93998201796455,14.0,20.0,36.0,-99.0,0.0,0.0,0.0,0.0,0.0,0.0,0.0,0.0,0.0,0.0
2026-06-09 15:17:54,-0.24045744006644654,-1.87310028734827,0.01152150702995769,-0.8081075887527152,-1.0132341087622676,0.333911224159702,2.003822180919233,2.9442225361570458,36.58794717488483,37.043632699652136,37.14244213809637,14.0,20.0,36.0,-99.0,0.0,0.0,0.0,0.0,0.0,0.0,0.0,0.0,0.0,0.0
2026-06-09 15:17:55,2.8841452099084846,-0.3204503402126413,0.9544655808388902,-0.23815352110377042,-2.0287798758672917,2.703665874431487,0.4372266053926088,2.3189601655892105,36.67694788263949,37.20424109656526,37.00610498675912,14.0,20.0,36.0,-99.0,0.0,0.0,0.0,0.0,0.0,0.0,0.0,0.0,0.0,0.0
2026-06-09 15:17:56,1.664523004883213,-1.7523154948074626,-1.7437890446112077,0.32948850545735553,1.3611766593527328,-1.8143536880373325,-0.858737940118401,2.5761039981850615,37.028738917976355,37.15708263120498,37.09435993561307,14.0,20.0,36.0,-99.0,0.0,0.0,0.0,0.0,0.0,0.0,0.0,0.0,0.0,0.0
2026-06-09 15:17:57,-0.4611392435371684,-0.8829094347353932,0.7857108600873177,0.3674834877909148,-0.07468387003559851,0.8249303475704917,1.9701226146233353,2.4916320839144204,36.72978058774075,37.11298093756599,36.76364849017646,14.0,20.0,36.0,-99.0,0.0,0.0,0.0,0.0,0.0,0.0,0.0,0.0,0.0,0.0
2026-06-09 15:17:58,-2.520608627941166,1.0991829974982021,-1.4216169736708515,-2.230001553668736,-0.4145475507178715,1.6275187648738232,1.8503990382487352,-1.087587903322242,36.82494324005817,37.12577590846393,36.93312609432486,14.0,20.0,36.0,-99.0,0.0,0.0,0.0,0.0,0.0,0.0,0.0,0.0,0.0,0.0
2026-06-09 15:17:59,2.7165409348872336,0.19967777546005205,1.1394470751808834,-1.143007207614823,-0.09950359821643229,2.8997010098550096,-1.8864141776534427,2.7251524778523715,37.030211609987376,36.803380361200084,37.17419856134697,14.0,20.0,36.0,-99.0,0.0,0.0,0.0,0.0,0.0,0.0,0.0,0.0,0.0,0.0
2026-06-09 15:18:00,-2.371024350432397,0.5676667645913782,-1.438215768289369,0.5576353195577699,0.18500475511256864,-2.2454311590092786,-0.31447701627309055,1.4266922886584839,37.04934325053456,36.8636133879216,37.078541895688765,14.0,20.0,36.0,-99.0,0.0,0.0,0.0,0.0,0.0,0.0,0.0,0.0,0.0,0.0
2026-06-09 15:18:02,0.12245403853559367,2.665993457610085,1.4166437984426334,-1.5643649547209322,-2.0950145723613263,-0.23480444811518897,1.586888607832229,-0.88176127438182,37.03121411998898,37.00084986073718,37.16112750582028,14.0,20.0,36.0,-99.0,0.0,0.0,0.0,0.0,0.0,0.0,0.0,0.0,0.0,0.0
2026-06-09 15:18:03,-1.145146844649741,1.0497400117510738,1.3377564654686358,0.2524122197778196,2.3899626253426636,1.584339758206017,0.8972060383952813,2.9788808614234163,36.7298947069554,37.079088380968344,37.0169448540646,14.0,20.0,36.0,-99.0,0.0,0.0,0.0,0.0,0.0,0.0,0.0,0.0,0.0,0.0
2026-06-09 15:18:04,2.207160431718826,-2.477194182386809,2.1251789062505795,2.791028966160347,-0.5447387504788277,0.9951863504593881,0.31915090635406784,-2.290844379076461,37.02624752891594,36.97824349425716,36.7460677813086,14.0,20.0,36.0,-99.0,0.0,0.0,0.0,0.0,0.0,0.0,0.0,0.0,0.0,0.0
2026-06-09 15:18:05,-2.0086620700374667,-1.1758411390737253,-0.40526739753440033,-0.46500813781549954,-2.7074484813447763,-0.620065382491382,0.018362559591016847,2.9069462065014013,36.80986849261751,37.1333412829171,36.9939582091617,14.0,20.0,36.0,-99.0,0.0,0.0,0.0,0.0,0.0,0.0,0.0,0.0,0.0,0.0
2026-06-09 15:18:07,-0.27938501131084426,-0.832995084676436,-2.2805227779532875,-0.0620099013090849,-1.4359141805766693,0.3528006785211044,-2.9112764467755277,-0.22775605494541384,36.57732928281747,37.08454984578719,36.87695980785101,14.0,20.0,36.0,79.2,0.0,0.0,0.0,0.0,0.0,0.0,0.0,0.0,0.0,0.0
2026-06-09 15:18:08,1.2635310595825064,0.12488252727115867,1.9625200361402912,2.4644915066297584,-1.272654507240323,-1.0780023318126641,-1.8932491531896838,-2.1026453941273218,36.82910176229095,37.263421239319506,37.12176765282435,14.0,20.0,36.0,-55.5,0.0,0.0,0.0,0.0,0.0,0.0,0.0,0.0,0.0,0.0
2026-06-09 15:18:10,1.857509541044287,2.0346949195815984,0.24212312689767357,-1.6783984940057064,-1.8131747695255878,-0.3664759980074348,1.9389570203442972,-2.5925331844809514,37.036871942989,37.15713957955967,37.02710838485368,14.0,20.0,36.0,-58.1,0.0,0.0,0.0,0.0,0.0,0.0,0.0,0.0,0.0,0.0
2026-06-09 15:18:11,2.0290121748942234,-0.7361010536983055,2.0488049797187653,1.9700843296332966,-0.9998479685908963,1.05700826863358,0.5988900980694636,2.0038635404963845,36.59208876933616,37.06030737944139,37.021766532535366,14.0,20.0,36.0,-33.1,0.0,0.0,0.0,0.0,0.0,0.0,0.0,0.0,0.0,0.0
2026-06-09 15:18:12,-0.6834576564449346,-1.6158913435465945,-1.7337062038322542,1.845545997430329,1.4299294112058742,-1.7955263684809022,0.7627023393915278,2.820676755636166,36.971832560744566,37.050909506637396,36.799009499107385,14.0,20.0,36.0,86.1,0.0,0.0,0.0,0.0,0.0,0.0,0.0,0.0,0.0,0.0
2026-06-09 15:18:14,2.0826512260840655,-1.7020996840646032,-2.4911351049539254,1.4966544598227687,2.0227791763599994,-0.24858644334377278,1.6624139485445468,1.424170990776041,36.73452082070254,36.94056431109717,36.90476538147037,14.0,20.0,36.0,109.1,0.0,0.0,0.0,0.0,0.0,0.0,0.0,0.0,0.0,0.0
2026-06-09 15:18:15,-1.7568342885985662,-0.12021035918580836,-1.5564817466661354,0.5544939063696761,-0.2086012533794257,2.0365754675104366,0.8715414556387877,-2.4103709819055705,36.78736684499976,37.32106485697064,37.05529882097362,14.0,20.0,36.0,44.8,0.0,0.0,0.0,0.0,0.0,0.0,0.0,0.0,0.0,0.0
2026-06-09 15:18:16,-1.745737462155163,0.7348632653772604,-0.2618283442086229,-1.9178123896602917,0.489107290042436,-0.35116230146758465,1.7307659782720197,-1.135911448141064,36.5664699366958,36.809334341775084,37.02334703503543,14.0,20.0,36.0,-11.5,0.0,0.0,0.0,0.0,0.0,0.0,0.0,0.0,0.0,0.0
2026-06-09 15:18:18,-0.02257371025264998,1.9834886988100715,2.711928436994757,-0.1462347271907234,0.977294891575899,1.7559539536521012,2.82235061031965,-2.4476900449598658,36.831560319684456,37.0864139554408,36.82059520073552,14.0,20.0,36.0,-100,0.0,0.0,0.0,0.0,0.0,0.0,0.0,0.0,0.0,0.0
