Timestamp,PT-3,PT-4,PT-5,PT-6,PT-7,PT-8,PT-9,PT-10,Temperatura EF,Temperatura SF,Temperatura Tanque,Setpoint Conductividad,Salida Conductividad,Setpoint Temperatura,Presión Transmembrana,Nivel,Valvula 27,C. Deareación,Protector Calefactor,Aire en Sangre,Sangre en dializante,Purga de aire,Cond. Sensor patrón,Temp. Sensor patrón,Cond. Sensor raw
2026-06-02 13:22:51,0.0,0.0,0.0,0.0,0.0,0.0,0.0,0.0,0.0,0.0,37.0,14.0,0.0,37.0,0.0,0.0,0.0,0.0,0.0,0.0,0.0,0.0,0.0,0.0,0.0
2026-06-02 13:22:53,0.0,0.0,0.0,0.0,0.0,0.0,0.0,0.0,0.0,0.0,37.0,14.0,0.0,37.0,0.0,0.0,0.0,0.0,0.0,0.0,0.0,0.0,0.0,0.0,0.0
2026-06-02 13:22:54,0.0,0.0,0.0,0.0,0.0,0.0,0.0,0.0,0.0,0.0,37.0,14.0,0.0,37.0,0.0,0.0,0.0,0.0,0.0,0.0,0.0,0.0,0.0,0.0,0.0
2026-06-02 13:22:55,0.0,0.0,0.0,0.0,0.0,0.0,0.0,0.0,0.0,0.0,37.0,14.0,0.0,37.0,0.0,0.0,0.0,0.0,0.0,0.0,0.0,0.0,0.0,0.0,0.0
2026-06-02 13:22:56,0.0,0.0,0.0,0.0,0.0,0.0,0.0,0.0,0.0,0.0,37.0,14.0,0.0,37.0,0.0,0.0,0.0,0.0,0.0,0.0,0.0,0.0,0.0,0.0,0.0
2026-06-02 13:22:57,0.0,0.0,0.0,0.0,0.0,0.0,0.0,0.0,0.0,0.0,37.0,14.0,0.0,37.0,0.0,0.0,0.0,0.0,0.0,0.0,0.0,0.0,0.0,0.0,0.0
2026-06-02 13:22:59,0.0,0.0,0.0,0.0,0.0,0.0,0.0,0.0,0.0,0.0,37.0,14.0,0.0,37.0,0.0,0.0,0.0,0.0,0.0,0.0,0.0,0.0,0.0,0.0,0.0
2026-06-02 13:23:00,0.0,0.0,0.0,0.0,0.0,0.0,0.0,0.0,0.0,0.0,37.0,14.0,0.0,37.0,0.0,0.0,0.0,0.0,0.0,0.0,0.0,0.0,0.0,0.0,0.0
2026-06-02 13:23:01,0.0,0.0,0.0,0.0,0.0,0.0,0.0,0.0,0.0,0.0,37.0,14.0,0.0,37.0,0.0,0.0,0.0,0.0,0.0,0.0,0.0,0.0,0.0,0.0,0.0
2026-06-02 13:23:02,0.0,0.0,0.0,0.0,0.0,0.0,0.0,0.0,0.0,0.0,37.0,14.0,0.0,37.0,0.0,0.0,0.0,0.0,0.0,0.0,0.0,0.0,0.0,0.0,0.0
2026-06-02 13:23:03,0.0,0.0,0.0,0.0,0.0,0.0,0.0,0.0,0.0,0.0,37.0,14.0,0.0,37.0,0.0,0.0,0.0,0.0,0.0,0.0,0.0,0.0,0.0,0.0,0.0
2026-06-02 13:23:05,0.0,0.0,0.0,0.0,0.0,0.0,0.0,0.0,0.0,0.0,37.0,14.0,0.0,37.0,0.0,0.0,0.0,0.0,0.0,0.0,0.0,0.0,0.0,0.0,0.0
2026-06-02 13:23:06,0.0,0.0,0.0,0.0,0.0,0.0,0.0,0.0,0.0,0.0,37.0,14.0,0.0,37.0,0.0,0.0,0.0,0.0,0.0,0.0,0.0,0.0,0.0,0.0,0.0
2026-06-02 13:23:07,0.0,0.0,0.0,0.0,0.0,0.0,0.0,0.0,0.0,0.0,37.0,14.0,0.0,37.0,0.0,0.0,0.0,0.0,0.0,0.0,0.0,0.0,0.0,0.0,0.0
2026-06-02 13:23:08,0.0,0.0,0.0,0.0,0.0,0.0,0.0,0.0,0.0,0.0,37.0,14.0,0.0,37.0,0.0,0.0,0.0,0.0,0.0,0.0,0.0,0.0,0.0,0.0,0.0
2026-06-02 13:23:09,0.0,0.0,0.0,0.0,0.0,0.0,0.0,0.0,0.0,0.0,37.0,14.0,0.0,37.0,0.0,0.0,0.0,0.0,0.0,0.0,0.0,0.0,0.0,0.0,0.0
2026-06-02 13:23:10,0.0,0.0,0.0,0.0,0.0,0.0,0.0,0.0,0.0,0.0,37.0,14.0,0.0,37.0,0.0,0.0,0.0,0.0,0.0,0.0,0.0,0.0,0.0,0.0,0.0
2026-06-02 13:23:12,0.0,0.0,0.0,0.0,0.0,0.0,0.0,0.0,0.0,0.0,37.0,14.0,0.0,37.0,0.0,0.0,0.0,0.0,0.0,0.0,0.0,0.0,0.0,0.0,0.0
2026-06-02 13:23:13,0.0,0.0,0.0,0.0,0.0,0.0,0.0,0.0,0.0,0.0,37.0,14.0,0.0,37.0,0.0,0.0,0.0,0.0,0.0,0.0,0.0,0.0,0.0,0.0,0.0
2026-06-02 13:23:15,0.0,0.0,0.0,0.0,0.0,0.0,0.0,0.0,0.0,0.0,37.0,14.0,0.0,37.0,0.0,0.0,0.0,0.0,0.0,0.0,0.0,0.0,0.0,0.0,0.0
2026-06-02 13:23:16,0.0,0.0,0.0,0.0,0.0,0.0,0.0,0.0,0.0,0.0,37.0,14.0,0.0,37.0,0.0,0.0,0.0,0.0,0.0,0.0,0.0,0.0,0.0,0.0,0.0
2026-06-02 13:23:17,0.0,0.0,0.0,0.0,0.0,0.0,0.0,0.0,29.255189255189254,32.03907203907204,988.7920532226562,34.0,0.0,35.0,0.0,1.0,0.0,1.0,0.0,1.0,1.0,0.0,0.0,0.0,0.0
2026-06-02 13:23:18,0.0,0.0,0.0,0.0,0.0,0.0,0.0,0.0,29.218559218559218,32.002442002442,988.7920532226562,34.0,0.0,35.0,0.0,1.0,0.0,1.0,0.0,1.0,1.0,0.0,0.0,0.0,0.0
2026-06-02 13:23:20,0.0,0.0,0.0,0.0,0.0,0.0,0.0,0.0,29.255189255189254,32.05128205128205,988.7920532226562,34.0,0.0,35.0,0.0,1.0,0.0,1.0,0.0,1.0,1.0,0.0,0.0,0.0,0.0
2026-06-02 13:23:21,0.0,0.0,0.0,0.0,0.0,0.0,0.0,0.0,29.255189255189254,32.05128205128205,988.7920532226562,34.0,0.0,35.0,0.0,1.0,0.0,1.0,0.0,1.0,1.0,0.0,0.0,0.0,0.0
2026-06-02 13:23:22,0.0,0.0,0.0,0.0,0.0,0.0,0.0,0.0,29.27960927960928,32.06349206349206,988.7920532226562,34.0,0.0,35.0,0.0,1.0,0.0,1.0,0.0,1.0,1.0,0.0,0.0,0.0,0.0
2026-06-02 13:23:24,0.0,0.0,0.0,0.0,0.0,0.0,0.0,0.0,29.23076923076923,32.014652014652015,988.7920532226562,34.0,0.0,35.0,0.0,1.0,0.0,1.0,0.0,1.0,1.0,0.0,0.0,0.0,0.0
2026-06-02 13:23:25,0.0,0.0,0.0,0.0,0.0,0.0,0.0,0.0,29.218559218559218,31.99023199023199,988.7920532226562,34.0,0.0,35.0,0.0,1.0,0.0,1.0,0.0,1.0,1.0,0.0,0.0,0.0,0.0
2026-06-02 13:23:26,0.0,0.0,0.0,0.0,0.0,0.0,0.0,0.0,29.267399267399266,32.06349206349206,988.7920532226562,34.0,0.0,35.0,0.0,1.0,0.0,1.0,0.0,1.0,1.0,0.0,0.0,0.0,0.0
2026-06-02 13:23:28,0.0,0.0,0.0,0.0,0.0,0.0,0.0,0.0,29.242979242979242,32.02686202686203,988.7920532226562,34.0,0.0,35.0,0.0,1.0,0.0,1.0,0.0,1.0,1.0,0.0,0.0,0.0,0.0
2026-06-02 13:23:29,0.0,0.0,0.0,0.0,0.0,0.0,0.0,0.0,29.218559218559218,32.014652014652015,988.7920532226562,34.0,0.0,35.0,0.0,1.0,0.0,1.0,0.0,1.0,1.0,0.0,0.0,0.0,0.0
2026-06-02 13:23:31,0.0,0.0,0.0,0.0,0.0,0.0,0.0,0.0,29.218559218559218,32.014652014652015,988.7920532226562,34.0,0.0,35.0,0.0,1.0,0.0,1.0,0.0,1.0,1.0,0.0,0.0,0.0,0.0
2026-06-02 13:23:32,0.0,0.0,0.0,0.0,0.0,0.0,0.0,0.0,29.255189255189254,32.02686202686203,988.7920532226562,34.0,0.0,35.0,0.0,1.0,0.0,1.0,0.0,1.0,1.0,0.0,0.0,0.0,0.0
2026-06-02 13:23:33,0.0,0.0,0.0,0.0,0.0,0.0,0.0,0.0,29.242979242979242,32.03907203907204,988.7920532226562,34.0,0.0,35.0,0.0,1.0,0.0,1.0,0.0,1.0,1.0,0.0,0.0,0.0,0.0
2026-06-02 13:23:34,0.0,0.0,0.0,0.0,0.0,0.0,0.0,0.0,29.267399267399266,32.06349206349206,988.7920532226562,34.0,0.0,35.0,0.0,1.0,0.0,1.0,0.0,1.0,1.0,0.0,0.0,0.0,0.0
2026-06-02 13:23:35,0.0,0.0,0.0,0.0,0.0,0.0,0.0,0.0,29.267399267399266,32.06349206349206,988.7920532226562,34.0,0.0,35.0,0.0,1.0,0.0,1.0,0.0,1.0,1.0,0.0,0.0,0.0,0.0
2026-06-02 13:23:37,0.0,0.0,0.0,0.0,0.0,0.0,0.0,0.0,29.23076923076923,32.03907203907204,988.7920532226562,34.0,0.0,35.0,0.0,1.0,0.0,1.0,0.0,1.0,1.0,0.0,0.0,0.0,0.0
2026-06-02 13:23:38,0.0,0.0,0.0,0.0,0.0,0.0,0.0,0.0,29.206349206349206,31.99023199023199,988.7920532226562,34.0,0.0,35.0,0.0,1.0,0.0,1.0,0.0,1.0,1.0,0.0,0.0,0.0,0.0
2026-06-02 13:23:39,0.0,0.0,0.0,0.0,0.0,0.0,0.0,0.0,29.242979242979242,32.03907203907204,988.7920532226562,34.0,0.0,35.0,0.0,1.0,0.0,1.0,0.0,1.0,1.0,0.0,0.0,0.0,0.0
2026-06-02 13:23:40,0.0,0.0,0.0,0.0,0.0,0.0,0.0,0.0,29.206349206349206,31.99023199023199,988.7920532226562,34.0,0.0,35.0,0.0,1.0,0.0,1.0,0.0,1.0,1.0,0.0,0.0,0.0,0.0
2026-06-02 13:23:42,0.0,0.0,0.0,0.0,0.0,0.0,0.0,0.0,29.218559218559218,32.014652014652015,988.7920532226562,34.0,0.0,35.0,0.0,1.0,0.0,1.0,0.0,1.0,1.0,0.0,0.0,0.0,0.0
2026-06-02 13:23:43,0.0,0.0,0.0,0.0,0.0,0.0,0.0,0.0,29.23076923076923,32.02686202686203,988.7920532226562,34.0,0.0,35.0,0.0,1.0,0.0,1.0,0.0,1.0,1.0,0.0,0.0,0.0,0.0
2026-06-02 13:23:44,0.0,0.0,0.0,0.0,0.0,0.0,0.0,0.0,29.255189255189254,32.03907203907204,988.7920532226562,34.0,0.0,35.0,0.0,1.0,0.0,1.0,0.0,1.0,1.0,0.0,0.0,0.0,0.0
2026-06-02 13:23:45,0.0,0.0,0.0,0.0,0.0,0.0,0.0,0.0,29.218559218559218,32.002442002442,988.7920532226562,34.0,0.0,35.0,0.0,1.0,0.0,1.0,0.0,1.0,1.0,0.0,0.0,0.0,0.0
2026-06-02 13:23:46,0.0,0.0,0.0,0.0,0.0,0.0,0.0,0.0,29.242979242979242,32.014652014652015,988.7920532226562,34.0,0.0,35.0,0.0,1.0,0.0,1.0,0.0,1.0,1.0,0.0,0.0,0.0,0.0
2026-06-02 13:23:47,0.0,0.0,0.0,0.0,0.0,0.0,0.0,0.0,29.194139194139193,31.978021978021978,988.7920532226562,34.0,0.0,35.0,0.0,1.0,0.0,1.0,0.0,1.0,1.0,0.0,0.0,0.0,0.0
2026-06-02 13:23:49,0.0,0.0,0.0,0.0,0.0,0.0,0.0,0.0,29.23076923076923,32.002442002442,988.7920532226562,34.0,0.0,35.0,0.0,1.0,0.0,1.0,0.0,1.0,1.0,0.0,0.0,0.0,0.0
2026-06-02 13:23:50,0.0,0.0,0.0,0.0,0.0,0.0,0.0,0.0,29.23076923076923,32.002442002442,988.7920532226562,34.0,0.0,35.0,0.0,1.0,0.0,1.0,0.0,1.0,1.0,0.0,0.0,0.0,0.0
2026-06-02 13:23:51,0.0,0.0,0.0,0.0,0.0,0.0,0.0,0.0,29.218559218559218,32.014652014652015,988.7920532226562,34.0,0.0,35.0,0.0,1.0,0.0,1.0,0.0,1.0,1.0,0.0,0.0,0.0,0.0
2026-06-02 13:23:52,0.0,0.0,0.0,0.0,0.0,0.0,0.0,0.0,29.218559218559218,32.014652014652015,988.7920532226562,34.0,0.0,35.0,0.0,1.0,0.0,1.0,0.0,1.0,1.0,0.0,0.0,0.0,0.0
2026-06-02 13:23:54,0.0,0.0,0.0,0.0,0.0,0.0,0.0,0.0,29.16971916971917,31.965811965811966,988.7920532226562,34.0,0.0,35.0,0.0,1.0,0.0,1.0,0.0,1.0,1.0,0.0,0.0,0.0,0.0
2026-06-02 13:23:55,0.0,0.0,0.0,0.0,0.0,0.0,0.0,0.0,29.23076923076923,32.02686202686203,988.7920532226562,34.0,0.0,35.0,0.0,1.0,0.0,1.0,0.0,1.0,1.0,0.0,0.0,0.0,0.0
2026-06-02 13:23:56,0.0,0.0,0.0,0.0,0.0,0.0,0.0,0.0,29.242979242979242,32.02686202686203,988.7920532226562,34.0,0.0,35.0,0.0,1.0,0.0,1.0,0.0,1.0,1.0,0.0,0.0,0.0,0.0
2026-06-02 13:23:57,0.0,0.0,0.0,0.0,0.0,0.0,0.0,0.0,29.218559218559218,32.002442002442,988.7920532226562,34.0,0.0,35.0,0.0,1.0,0.0,1.0,0.0,1.0,1.0,0.0,0.0,0.0,0.0
2026-06-02 13:23:58,0.0,0.0,0.0,0.0,0.0,0.0,0.0,0.0,29.206349206349206,32.002442002442,988.7920532226562,34.0,0.0,35.0,0.0,1.0,0.0,1.0,0.0,1.0,1.0,0.0,0.0,0.0,0.0
2026-06-02 13:24:00,0.0,0.0,0.0,0.0,0.0,0.0,0.0,0.0,29.194139194139193,31.978021978021978,988.7920532226562,34.0,0.0,35.0,0.0,1.0,0.0,1.0,0.0,1.0,1.0,0.0,0.0,0.0,0.0
2026-06-02 13:24:01,0.0,0.0,0.0,0.0,0.0,0.0,0.0,0.0,29.23076923076923,32.014652014652015,988.7920532226562,34.0,0.0,35.0,0.0,1.0,0.0,1.0,0.0,1.0,1.0,0.0,0.0,0.0,0.0
2026-06-02 13:24:02,0.0,0.0,0.0,0.0,0.0,0.0,0.0,0.0,29.242979242979242,32.03907203907204,988.7920532226562,34.0,0.0,35.0,0.0,1.0,0.0,1.0,0.0,1.0,1.0,0.0,0.0,0.0,0.0
2026-06-02 13:24:04,0.0,0.0,0.0,0.0,0.0,0.0,0.0,0.0,29.206349206349206,32.014652014652015,988.7920532226562,34.0,0.0,35.0,0.0,1.0,0.0,1.0,0.0,1.0,1.0,0.0,0.0,0.0,0.0
2026-06-02 13:24:05,0.0,0.0,0.0,0.0,0.0,0.0,0.0,0.0,29.206349206349206,32.002442002442,988.7920532226562,34.0,0.0,35.0,0.0,1.0,0.0,1.0,0.0,1.0,1.0,0.0,0.0,0.0,0.0
2026-06-02 13:24:06,0.0,0.0,0.0,0.0,0.0,0.0,0.0,0.0,29.16971916971917,31.978021978021978,988.7920532226562,34.0,0.0,35.0,0.0,1.0,0.0,1.0,0.0,1.0,1.0,0.0,0.0,0.0,0.0
2026-06-02 13:24:07,0.0,0.0,0.0,0.0,0.0,0.0,0.0,0.0,29.242979242979242,32.02686202686203,988.7920532226562,34.0,0.0,35.0,0.0,1.0,0.0,1.0,0.0,1.0,1.0,0.0,0.0,0.0,0.0
2026-06-02 13:24:09,0.0,0.0,0.0,0.0,0.0,0.0,0.0,0.0,29.23076923076923,32.014652014652015,988.7920532226562,34.0,0.0,35.0,0.0,1.0,0.0,1.0,0.0,1.0,1.0,0.0,0.0,0.0,0.0
2026-06-02 13:24:10,0.0,0.0,0.0,0.0,0.0,0.0,0.0,0.0,29.23076923076923,32.02686202686203,988.7920532226562,34.0,0.0,35.0,0.0,1.0,0.0,1.0,0.0,1.0,1.0,0.0,0.0,0.0,0.0
2026-06-02 13:24:12,0.0,0.0,0.0,0.0,0.0,0.0,0.0,0.0,29.23076923076923,32.002442002442,988.7920532226562,34.0,0.0,35.0,0.0,1.0,0.0,1.0,0.0,1.0,1.0,0.0,0.0,0.0,0.0
2026-06-02 13:24:13,0.0,0.0,0.0,0.0,0.0,0.0,0.0,0.0,29.218559218559218,32.02686202686203,988.7920532226562,34.0,0.0,35.0,0.0,1.0,0.0,1.0,0.0,1.0,1.0,0.0,0.0,0.0,0.0
2026-06-02 13:24:14,0.0,0.0,0.0,0.0,0.0,0.0,0.0,0.0,29.194139194139193,31.99023199023199,988.7920532226562,34.0,0.0,35.0,0.0,1.0,0.0,1.0,0.0,1.0,1.0,0.0,0.0,0.0,0.0
2026-06-02 13:24:15,0.0,0.0,0.0,0.0,0.0,0.0,0.0,0.0,29.194139194139193,32.002442002442,988.7920532226562,34.0,0.0,35.0,0.0,1.0,0.0,1.0,0.0,1.0,1.0,0.0,0.0,0.0,0.0
2026-06-02 13:24:17,0.0,0.0,0.0,0.0,0.0,0.0,0.0,0.0,29.218559218559218,32.002442002442,988.7920532226562,34.0,0.0,35.0,0.0,1.0,0.0,1.0,0.0,1.0,1.0,0.0,0.0,0.0,0.0
2026-06-02 13:24:18,0.0,0.0,0.0,0.0,0.0,0.0,0.0,0.0,29.255189255189254,32.05128205128205,988.7920532226562,34.0,0.0,35.0,0.0,1.0,0.0,1.0,0.0,1.0,1.0,0.0,0.0,0.0,0.0
2026-06-02 13:24:19,0.0,0.0,0.0,0.0,0.0,0.0,0.0,0.0,29.242979242979242,32.05128205128205,988.7920532226562,34.0,0.0,35.0,0.0,1.0,0.0,1.0,0.0,1.0,1.0,0.0,0.0,0.0,0.0
2026-06-02 13:24:20,0.0,0.0,0.0,0.0,0.0,0.0,0.0,0.0,29.194139194139193,31.965811965811966,988.7920532226562,34.0,0.0,35.0,0.0,1.0,0.0,1.0,0.0,1.0,1.0,0.0,0.0,0.0,0.0
2026-06-02 13:24:21,0.0,0.0,0.0,0.0,0.0,0.0,0.0,0.0,29.194139194139193,31.978021978021978,988.7920532226562,34.0,0.0,35.0,0.0,1.0,0.0,1.0,0.0,1.0,1.0,0.0,0.0,0.0,0.0
2026-06-02 13:24:22,0.0,0.0,0.0,0.0,0.0,0.0,0.0,0.0,29.194139194139193,31.99023199023199,988.7920532226562,34.0,0.0,35.0,0.0,1.0,0.0,1.0,0.0,1.0,1.0,0.0,0.0,0.0,0.0
2026-06-02 13:24:24,0.0,0.0,0.0,0.0,0.0,0.0,0.0,0.0,29.23076923076923,32.02686202686203,988.7920532226562,34.0,0.0,35.0,0.0,1.0,0.0,1.0,0.0,1.0,1.0,0.0,0.0,0.0,0.0
2026-06-02 13:24:25,0.0,0.0,0.0,0.0,0.0,0.0,0.0,0.0,29.242979242979242,32.03907203907204,988.7920532226562,34.0,0.0,35.0,0.0,1.0,0.0,1.0,0.0,1.0,1.0,0.0,0.0,0.0,0.0
2026-06-02 13:24:26,0.0,0.0,0.0,0.0,0.0,0.0,0.0,0.0,29.206349206349206,32.002442002442,988.7920532226562,34.0,0.0,35.0,0.0,1.0,0.0,1.0,0.0,1.0,1.0,0.0,0.0,0.0,0.0
2026-06-02 13:24:28,0.0,0.0,0.0,0.0,0.0,0.0,0.0,0.0,29.23076923076923,32.014652014652015,988.7920532226562,34.0,0.0,35.0,0.0,1.0,0.0,1.0,0.0,1.0,1.0,0.0,0.0,0.0,0.0
2026-06-02 13:24:29,0.0,0.0,0.0,0.0,0.0,0.0,0.0,0.0,29.23076923076923,32.014652014652015,988.7920532226562,34.0,0.0,35.0,0.0,1.0,0.0,1.0,0.0,1.0,1.0,0.0,0.0,0.0,0.0
2026-06-02 13:24:30,0.0,0.0,0.0,0.0,0.0,0.0,0.0,0.0,29.18192918192918,31.94139194139194,988.7920532226562,34.0,0.0,35.0,0.0,1.0,0.0,1.0,0.0,1.0,1.0,0.0,0.0,0.0,0.0
2026-06-02 13:24:31,0.0,0.0,0.0,0.0,0.0,0.0,0.0,0.0,29.194139194139193,32.002442002442,988.7920532226562,34.0,0.0,35.0,0.0,1.0,0.0,1.0,0.0,1.0,1.0,0.0,0.0,0.0,0.0
2026-06-02 13:24:32,0.0,0.0,0.0,0.0,0.0,0.0,0.0,0.0,29.218559218559218,32.014652014652015,988.7920532226562,34.0,0.0,35.0,0.0,1.0,0.0,1.0,0.0,1.0,1.0,0.0,0.0,0.0,0.0
2026-06-02 13:24:34,0.0,0.0,0.0,0.0,0.0,0.0,0.0,0.0,29.194139194139193,31.978021978021978,988.7920532226562,34.0,0.0,35.0,0.0,1.0,0.0,1.0,0.0,1.0,1.0,0.0,0.0,0.0,0.0
2026-06-02 13:24:35,0.0,0.0,0.0,0.0,0.0,0.0,0.0,0.0,29.206349206349206,31.99023199023199,988.7920532226562,34.0,0.0,35.0,0.0,1.0,0.0,1.0,0.0,1.0,1.0,0.0,0.0,0.0,0.0
2026-06-02 13:24:37,0.0,0.0,0.0,0.0,0.0,0.0,0.0,0.0,29.23076923076923,32.014652014652015,988.7920532226562,34.0,0.0,35.0,0.0,1.0,0.0,1.0,0.0,1.0,1.0,0.0,0.0,0.0,0.0
2026-06-02 13:24:38,0.0,0.0,0.0,0.0,0.0,0.0,0.0,0.0,29.23076923076923,32.014652014652015,988.7920532226562,34.0,0.0,35.0,0.0,1.0,0.0,1.0,0.0,1.0,1.0,0.0,0.0,0.0,0.0
2026-06-02 13:24:39,0.0,0.0,0.0,0.0,0.0,0.0,0.0,0.0,29.18192918192918,31.978021978021978,988.7920532226562,34.0,0.0,35.0,0.0,1.0,0.0,1.0,0.0,1.0,1.0,0.0,0.0,0.0,0.0
2026-06-02 13:24:41,0.0,0.0,0.0,0.0,0.0,0.0,0.0,0.0,29.218559218559218,32.002442002442,988.7920532226562,34.0,0.0,35.0,0.0,1.0,0.0,1.0,0.0,1.0,1.0,0.0,0.0,0.0,0.0
2026-06-02 13:24:42,0.0,0.0,0.0,0.0,0.0,0.0,0.0,0.0,29.18192918192918,31.965811965811966,988.7920532226562,34.0,0.0,35.0,0.0,1.0,0.0,1.0,0.0,1.0,1.0,0.0,0.0,0.0,0.0
2026-06-02 13:24:44,0.0,0.0,0.0,0.0,0.0,0.0,0.0,0.0,29.242979242979242,32.02686202686203,988.7920532226562,34.0,0.0,35.0,0.0,1.0,0.0,1.0,0.0,1.0,1.0,0.0,0.0,0.0,0.0
2026-06-02 13:24:45,0.0,0.0,0.0,0.0,0.0,0.0,0.0,0.0,29.23076923076923,32.02686202686203,988.7920532226562,34.0,0.0,35.0,0.0,1.0,0.0,1.0,0.0,1.0,1.0,0.0,0.0,0.0,0.0
2026-06-02 13:24:46,0.0,0.0,0.0,0.0,0.0,0.0,0.0,0.0,29.206349206349206,31.978021978021978,988.7920532226562,34.0,0.0,35.0,0.0,1.0,0.0,1.0,0.0,1.0,1.0,0.0,0.0,0.0,0.0
2026-06-02 13:24:48,0.0,0.0,0.0,0.0,0.0,0.0,0.0,0.0,29.242979242979242,32.002442002442,988.7920532226562,34.0,0.0,35.0,0.0,1.0,0.0,1.0,0.0,1.0,1.0,0.0,0.0,0.0,0.0
2026-06-02 13:24:49,0.0,0.0,0.0,0.0,0.0,0.0,0.0,0.0,29.365079365079364,32.08791208791209,988.7920532226562,34.0,0.0,35.0,0.0,1.0,0.0,1.0,0.0,1.0,1.0,0.0,0.0,0.0,0.0
2026-06-02 13:24:50,0.0,0.0,0.0,0.0,0.0,0.0,0.0,0.0,29.34065934065934,32.075702075702075,988.7920532226562,34.0,0.0,35.0,0.0,1.0,0.0,1.0,0.0,1.0,1.0,0.0,0.0,0.0,0.0
2026-06-02 13:24:51,0.0,0.0,0.0,0.0,0.0,0.0,0.0,0.0,29.27960927960928,32.05128205128205,988.7920532226562,34.0,0.0,35.0,0.0,1.0,0.0,1.0,0.0,1.0,1.0,0.0,0.0,0.0,0.0
2026-06-02 13:24:52,0.0,0.0,0.0,0.0,0.0,0.0,0.0,0.0,29.29181929181929,32.06349206349206,988.7920532226562,34.0,0.0,35.0,0.0,1.0,0.0,1.0,0.0,1.0,1.0,0.0,0.0,0.0,0.0
2026-06-02 13:24:53,0.0,0.0,0.0,0.0,0.0,0.0,0.0,0.0,29.29181929181929,32.075702075702075,988.7920532226562,34.0,0.0,35.0,0.0,1.0,0.0,1.0,0.0,1.0,1.0,0.0,0.0,0.0,0.0
2026-06-02 13:24:54,0.0,0.0,0.0,0.0,0.0,0.0,0.0,0.0,29.23076923076923,32.002442002442,988.7920532226562,34.0,0.0,35.0,0.0,1.0,0.0,1.0,0.0,1.0,1.0,0.0,0.0,0.0,0.0
2026-06-02 13:24:56,0.0,0.0,0.0,0.0,0.0,0.0,0.0,0.0,29.267399267399266,32.03907203907204,988.7920532226562,34.0,0.0,35.0,0.0,1.0,0.0,1.0,0.0,1.0,1.0,0.0,0.0,0.0,0.0
2026-06-02 13:24:57,0.0,0.0,0.0,0.0,0.0,0.0,0.0,0.0,29.218559218559218,32.002442002442,988.7920532226562,34.0,0.0,35.0,0.0,1.0,0.0,1.0,0.0,1.0,1.0,0.0,0.0,0.0,0.0
2026-06-02 13:24:58,0.0,0.0,0.0,0.0,0.0,0.0,0.0,0.0,29.218559218559218,32.002442002442,988.7920532226562,34.0,0.0,35.0,0.0,1.0,0.0,1.0,0.0,1.0,1.0,0.0,0.0,0.0,0.0
2026-06-02 13:24:59,0.0,0.0,0.0,0.0,0.0,0.0,0.0,0.0,29.27960927960928,32.06349206349206,988.7920532226562,34.0,0.0,35.0,0.0,1.0,0.0,1.0,0.0,1.0,1.0,0.0,0.0,0.0,0.0
2026-06-02 13:25:00,0.0,0.0,0.0,0.0,0.0,0.0,0.0,0.0,29.267399267399266,32.05128205128205,988.7920532226562,34.0,0.0,35.0,0.0,1.0,0.0,1.0,0.0,1.0,1.0,0.0,0.0,0.0,0.0
2026-06-02 13:25:01,0.0,0.0,0.0,0.0,0.0,0.0,0.0,0.0,29.206349206349206,31.99023199023199,988.7920532226562,34.0,0.0,35.0,0.0,1.0,0.0,1.0,0.0,1.0,1.0,0.0,0.0,0.0,0.0
2026-06-02 13:25:02,0.0,0.0,0.0,0.0,0.0,0.0,0.0,0.0,29.267399267399266,32.02686202686203,988.7920532226562,34.0,0.0,35.0,0.0,1.0,0.0,1.0,0.0,1.0,1.0,0.0,0.0,0.0,0.0
2026-06-02 13:25:03,0.0,0.0,0.0,0.0,0.0,0.0,0.0,0.0,29.218559218559218,31.978021978021978,988.7920532226562,34.0,0.0,35.0,0.0,1.0,0.0,1.0,0.0,1.0,1.0,0.0,0.0,0.0,0.0
2026-06-02 13:25:05,0.0,0.0,0.0,0.0,0.0,0.0,0.0,0.0,29.255189255189254,32.05128205128205,988.7920532226562,34.0,0.0,35.0,0.0,1.0,0.0,1.0,0.0,1.0,1.0,0.0,0.0,0.0,0.0
2026-06-02 13:25:06,0.0,0.0,0.0,0.0,0.0,0.0,0.0,0.0,29.29181929181929,32.06349206349206,988.7920532226562,34.0,0.0,35.0,0.0,1.0,0.0,1.0,0.0,1.0,1.0,0.0,0.0,0.0,0.0
2026-06-02 13:25:07,0.0,0.0,0.0,0.0,0.0,0.0,0.0,0.0,29.194139194139193,31.965811965811966,988.7920532226562,34.0,0.0,35.0,0.0,1.0,0.0,1.0,0.0,1.0,1.0,0.0,0.0,0.0,0.0
2026-06-02 13:25:08,0.0,0.0,0.0,0.0,0.0,0.0,0.0,0.0,29.194139194139193,32.02686202686203,988.7920532226562,34.0,0.0,35.0,0.0,1.0,0.0,1.0,0.0,1.0,1.0,0.0,0.0,0.0,0.0
2026-06-02 13:25:09,0.0,0.0,0.0,0.0,0.0,0.0,0.0,0.0,29.255189255189254,32.014652014652015,988.7920532226562,34.0,0.0,35.0,0.0,1.0,0.0,1.0,0.0,1.0,1.0,0.0,0.0,0.0,0.0
2026-06-02 13:25:10,0.0,0.0,0.0,0.0,0.0,0.0,0.0,0.0,29.23076923076923,31.99023199023199,988.7920532226562,34.0,0.0,35.0,0.0,1.0,0.0,1.0,0.0,1.0,1.0,0.0,0.0,0.0,0.0
2026-06-02 13:25:11,0.0,0.0,0.0,0.0,0.0,0.0,0.0,0.0,29.267399267399266,32.05128205128205,988.7920532226562,34.0,0.0,35.0,0.0,1.0,0.0,1.0,0.0,1.0,1.0,0.0,0.0,0.0,0.0
2026-06-02 13:25:12,0.0,0.0,0.0,0.0,0.0,0.0,0.0,0.0,29.267399267399266,32.05128205128205,988.7920532226562,34.0,0.0,35.0,0.0,1.0,0.0,1.0,0.0,1.0,1.0,0.0,0.0,0.0,0.0
2026-06-02 13:25:14,0.0,0.0,0.0,0.0,0.0,0.0,0.0,0.0,29.27960927960928,32.03907203907204,988.7920532226562,34.0,0.0,35.0,0.0,1.0,0.0,1.0,0.0,1.0,1.0,0.0,0.0,0.0,0.0
2026-06-02 13:25:15,0.0,0.0,0.0,0.0,0.0,0.0,0.0,0.0,29.242979242979242,32.014652014652015,988.7920532226562,34.0,0.0,35.0,0.0,1.0,0.0,1.0,0.0,1.0,1.0,0.0,0.0,0.0,0.0
2026-06-02 13:25:17,0.0,0.0,0.0,0.0,0.0,0.0,0.0,0.0,29.18192918192918,31.99023199023199,988.7920532226562,34.0,0.0,35.0,0.0,1.0,0.0,1.0,0.0,1.0,1.0,0.0,0.0,0.0,0.0
2026-06-02 13:25:18,0.0,0.0,0.0,0.0,0.0,0.0,0.0,0.0,29.242979242979242,32.02686202686203,988.7920532226562,34.0,0.0,35.0,0.0,1.0,0.0,1.0,0.0,1.0,1.0,0.0,0.0,0.0,0.0
2026-06-02 13:25:19,0.0,0.0,0.0,0.0,0.0,0.0,0.0,0.0,29.18192918192918,31.965811965811966,988.7920532226562,34.0,0.0,35.0,0.0,1.0,0.0,1.0,0.0,1.0,1.0,0.0,0.0,0.0,0.0
2026-06-02 13:25:20,0.0,0.0,0.0,0.0,0.0,0.0,0.0,0.0,29.218559218559218,31.99023199023199,988.7920532226562,34.0,0.0,35.0,0.0,1.0,0.0,1.0,0.0,1.0,1.0,0.0,0.0,0.0,0.0
2026-06-02 13:25:21,0.0,0.0,0.0,0.0,0.0,0.0,0.0,0.0,29.206349206349206,31.99023199023199,988.7920532226562,34.0,0.0,35.0,0.0,1.0,0.0,1.0,0.0,1.0,1.0,0.0,0.0,0.0,0.0
2026-06-02 13:25:22,0.0,0.0,0.0,0.0,0.0,0.0,0.0,0.0,29.206349206349206,31.965811965811966,988.7920532226562,34.0,0.0,35.0,0.0,1.0,0.0,1.0,0.0,1.0,1.0,0.0,0.0,0.0,0.0
2026-06-02 13:25:23,0.0,0.0,0.0,0.0,0.0,0.0,0.0,0.0,29.242979242979242,32.002442002442,988.7920532226562,34.0,0.0,35.0,0.0,1.0,0.0,1.0,0.0,1.0,1.0,0.0,0.0,0.0,0.0
2026-06-02 13:25:24,0.0,0.0,0.0,0.0,0.0,0.0,0.0,0.0,29.218559218559218,31.978021978021978,988.7920532226562,34.0,0.0,35.0,0.0,1.0,0.0,1.0,0.0,1.0,1.0,0.0,0.0,0.0,0.0
2026-06-02 13:25:26,0.0,0.0,0.0,0.0,0.0,0.0,0.0,0.0,28.376068376068375,31.367521367521366,988.7920532226562,34.0,0.0,35.0,0.0,1.0,0.0,1.0,0.0,1.0,1.0,0.0,0.0,0.0,0.0
2026-06-02 13:25:27,0.0,0.0,0.0,0.0,0.0,0.0,0.0,0.0,29.29181929181929,32.06349206349206,988.7920532226562,34.0,0.0,35.0,0.0,1.0,0.0,1.0,0.0,1.0,1.0,0.0,0.0,0.0,0.0
2026-06-02 13:25:28,0.0,0.0,0.0,0.0,0.0,0.0,0.0,0.0,29.29181929181929,32.06349206349206,988.7920532226562,34.0,0.0,35.0,0.0,1.0,0.0,1.0,0.0,1.0,1.0,0.0,0.0,0.0,0.0
2026-06-02 13:25:29,0.0,0.0,0.0,0.0,0.0,0.0,0.0,0.0,28.791208791208792,31.807081807081808,988.7920532226562,34.0,0.0,35.0,0.0,1.0,0.0,1.0,0.0,1.0,1.0,0.0,0.0,0.0,0.0
2026-06-02 13:25:30,0.0,0.0,0.0,0.0,0.0,0.0,0.0,0.0,29.242979242979242,31.99023199023199,988.7920532226562,34.0,0.0,35.0,0.0,1.0,0.0,1.0,0.0,1.0,1.0,0.0,0.0,0.0,0.0
2026-06-02 13:25:31,0.0,0.0,0.0,0.0,0.0,0.0,0.0,0.0,29.27960927960928,32.002442002442,988.7920532226562,34.0,0.0,35.0,0.0,1.0,0.0,1.0,0.0,1.0,1.0,0.0,0.0,0.0,0.0
2026-06-02 13:25:32,0.0,0.0,0.0,0.0,0.0,0.0,0.0,0.0,29.304029304029303,32.05128205128205,988.7920532226562,34.0,0.0,35.0,0.0,1.0,0.0,1.0,0.0,1.0,1.0,0.0,0.0,0.0,0.0
2026-06-02 13:25:33,0.0,0.0,0.0,0.0,0.0,0.0,0.0,0.0,29.242979242979242,32.002442002442,988.7920532226562,34.0,0.0,35.0,0.0,1.0,0.0,1.0,0.0,1.0,1.0,0.0,0.0,0.0,0.0
2026-06-02 13:25:34,0.0,0.0,0.0,0.0,0.0,0.0,0.0,0.0,29.242979242979242,32.002442002442,988.7920532226562,34.0,0.0,35.0,0.0,1.0,0.0,1.0,0.0,1.0,1.0,0.0,0.0,0.0,0.0
2026-06-02 13:25:36,0.0,0.0,0.0,0.0,0.0,0.0,0.0,0.0,29.267399267399266,32.06349206349206,988.7920532226562,34.0,0.0,35.0,0.0,1.0,0.0,1.0,0.0,1.0,1.0,0.0,0.0,0.0,0.0
2026-06-02 13:25:37,0.0,0.0,0.0,0.0,0.0,0.0,0.0,0.0,29.096459096459096,31.978021978021978,988.7920532226562,34.0,0.0,35.0,0.0,1.0,0.0,1.0,0.0,1.0,1.0,0.0,0.0,0.0,0.0
2026-06-02 13:25:38,0.0,0.0,0.0,0.0,0.0,0.0,0.0,0.0,29.23076923076923,31.99023199023199,988.7920532226562,34.0,0.0,35.0,0.0,1.0,0.0,1.0,0.0,1.0,1.0,0.0,0.0,0.0,0.0
2026-06-02 13:25:39,0.0,0.0,0.0,0.0,0.0,0.0,0.0,0.0,29.18192918192918,31.953601953601954,988.7920532226562,34.0,0.0,35.0,0.0,1.0,0.0,1.0,0.0,1.0,1.0,0.0,0.0,0.0,0.0
2026-06-02 13:25:40,0.0,0.0,0.0,0.0,0.0,0.0,0.0,0.0,29.29181929181929,32.06349206349206,988.7920532226562,34.0,0.0,35.0,0.0,1.0,0.0,1.0,0.0,1.0,1.0,0.0,0.0,0.0,0.0
2026-06-02 13:25:41,0.0,0.0,0.0,0.0,0.0,0.0,0.0,0.0,29.242979242979242,32.014652014652015,988.7920532226562,34.0,0.0,35.0,0.0,1.0,0.0,1.0,0.0,1.0,1.0,0.0,0.0,0.0,0.0
2026-06-02 13:25:42,0.0,0.0,0.0,0.0,0.0,0.0,0.0,0.0,29.29181929181929,32.06349206349206,988.7920532226562,34.0,0.0,35.0,0.0,1.0,0.0,1.0,0.0,1.0,1.0,0.0,0.0,0.0,0.0
2026-06-02 13:25:43,0.0,0.0,0.0,0.0,0.0,0.0,0.0,0.0,29.267399267399266,32.02686202686203,988.7920532226562,34.0,0.0,35.0,0.0,1.0,0.0,1.0,0.0,1.0,1.0,0.0,0.0,0.0,0.0
2026-06-02 13:25:44,0.0,0.0,0.0,0.0,0.0,0.0,0.0,0.0,29.304029304029303,32.075702075702075,988.7920532226562,34.0,0.0,35.0,0.0,1.0,0.0,1.0,0.0,1.0,1.0,0.0,0.0,0.0,0.0
2026-06-02 13:25:46,0.0,0.0,0.0,0.0,0.0,0.0,0.0,0.0,29.23076923076923,32.002442002442,988.7920532226562,34.0,0.0,35.0,0.0,1.0,0.0,1.0,0.0,1.0,1.0,0.0,0.0,0.0,0.0
2026-06-02 13:25:47,0.0,0.0,0.0,0.0,0.0,0.0,0.0,0.0,29.23076923076923,32.02686202686203,988.7920532226562,34.0,0.0,35.0,0.0,1.0,0.0,1.0,0.0,1.0,1.0,0.0,0.0,0.0,0.0
2026-06-02 13:25:48,0.0,0.0,0.0,0.0,0.0,0.0,0.0,0.0,29.206349206349206,31.978021978021978,988.7920532226562,34.0,0.0,35.0,0.0,1.0,0.0,1.0,0.0,1.0,1.0,0.0,0.0,0.0,0.0
2026-06-02 13:25:49,0.0,0.0,0.0,0.0,0.0,0.0,0.0,0.0,29.18192918192918,31.978021978021978,988.7920532226562,34.0,0.0,35.0,0.0,1.0,0.0,1.0,0.0,1.0,1.0,0.0,0.0,0.0,0.0
2026-06-02 13:25:51,0.0,0.0,0.0,0.0,0.0,0.0,0.0,0.0,29.194139194139193,31.978021978021978,988.7920532226562,34.0,0.0,35.0,0.0,1.0,0.0,1.0,0.0,1.0,1.0,0.0,0.0,0.0,0.0
2026-06-02 13:25:52,0.0,0.0,0.0,0.0,0.0,0.0,0.0,0.0,29.194139194139193,31.978021978021978,988.7920532226562,34.0,0.0,35.0,0.0,1.0,0.0,1.0,0.0,1.0,1.0,0.0,0.0,0.0,0.0
2026-06-02 13:25:53,0.0,0.0,0.0,0.0,0.0,0.0,0.0,0.0,29.255189255189254,32.014652014652015,988.7920532226562,34.0,0.0,35.0,0.0,1.0,0.0,1.0,0.0,1.0,1.0,0.0,0.0,0.0,0.0
2026-06-02 13:25:54,0.0,0.0,0.0,0.0,0.0,0.0,0.0,0.0,29.304029304029303,32.08791208791209,988.7920532226562,34.0,0.0,35.0,0.0,1.0,0.0,1.0,0.0,1.0,1.0,0.0,0.0,0.0,0.0
2026-06-02 13:25:55,0.0,0.0,0.0,0.0,0.0,0.0,0.0,0.0,29.267399267399266,32.03907203907204,988.7920532226562,34.0,0.0,35.0,0.0,1.0,0.0,1.0,0.0,1.0,1.0,0.0,0.0,0.0,0.0
2026-06-02 13:25:57,0.0,0.0,0.0,0.0,0.0,0.0,0.0,0.0,29.304029304029303,32.08791208791209,988.7920532226562,34.0,0.0,35.0,0.0,1.0,0.0,1.0,0.0,1.0,1.0,0.0,0.0,0.0,0.0
2026-06-02 13:25:58,0.0,0.0,0.0,0.0,0.0,0.0,0.0,0.0,29.218559218559218,31.99023199023199,988.7920532226562,34.0,0.0,35.0,0.0,1.0,0.0,1.0,0.0,1.0,1.0,0.0,0.0,0.0,0.0
2026-06-02 13:25:59,0.0,0.0,0.0,0.0,0.0,0.0,0.0,0.0,29.23076923076923,31.978021978021978,988.7920532226562,34.0,0.0,35.0,0.0,1.0,0.0,1.0,0.0,1.0,1.0,0.0,0.0,0.0,0.0
2026-06-02 13:26:00,0.0,0.0,0.0,0.0,0.0,0.0,0.0,0.0,29.206349206349206,31.99023199023199,988.7920532226562,34.0,0.0,35.0,0.0,1.0,0.0,1.0,0.0,1.0,1.0,0.0,0.0,0.0,0.0
2026-06-02 13:26:02,0.0,0.0,0.0,0.0,0.0,0.0,0.0,0.0,29.27960927960928,32.075702075702075,988.7920532226562,34.0,0.0,35.0,0.0,1.0,0.0,1.0,0.0,1.0,1.0,0.0,0.0,0.0,0.0
2026-06-02 13:26:03,0.0,0.0,0.0,0.0,0.0,0.0,0.0,0.0,29.267399267399266,32.03907203907204,988.7920532226562,34.0,0.0,35.0,0.0,1.0,0.0,1.0,0.0,1.0,1.0,0.0,0.0,0.0,0.0
2026-06-02 13:26:04,0.0,0.0,0.0,0.0,0.0,0.0,0.0,0.0,29.304029304029303,32.06349206349206,988.7920532226562,34.0,0.0,35.0,0.0,1.0,0.0,1.0,0.0,1.0,1.0,0.0,0.0,0.0,0.0
2026-06-02 13:26:05,0.0,0.0,0.0,0.0,0.0,0.0,0.0,0.0,29.23076923076923,32.014652014652015,988.7920532226562,34.0,0.0,35.0,0.0,1.0,0.0,1.0,0.0,1.0,1.0,0.0,0.0,0.0,0.0
2026-06-02 13:26:07,0.0,0.0,0.0,0.0,0.0,0.0,0.0,0.0,29.242979242979242,32.014652014652015,988.7920532226562,34.0,0.0,35.0,0.0,1.0,0.0,1.0,0.0,1.0,1.0,0.0,0.0,0.0,0.0
2026-06-02 13:26:08,0.0,0.0,0.0,0.0,0.0,0.0,0.0,0.0,29.23076923076923,32.002442002442,988.7920532226562,34.0,0.0,35.0,0.0,1.0,0.0,1.0,0.0,1.0,1.0,0.0,0.0,0.0,0.0
2026-06-02 13:26:09,0.0,0.0,0.0,0.0,0.0,0.0,0.0,0.0,29.267399267399266,32.05128205128205,988.7920532226562,34.0,0.0,35.0,0.0,1.0,0.0,1.0,0.0,1.0,1.0,0.0,0.0,0.0,0.0
2026-06-02 13:26:10,0.0,0.0,0.0,0.0,0.0,0.0,0.0,0.0,29.267399267399266,32.03907203907204,988.7920532226562,34.0,0.0,35.0,0.0,1.0,0.0,1.0,0.0,1.0,1.0,0.0,0.0,0.0,0.0
2026-06-02 13:26:11,0.0,0.0,0.0,0.0,0.0,0.0,0.0,0.0,29.29181929181929,32.06349206349206,988.7920532226562,34.0,0.0,35.0,0.0,1.0,0.0,1.0,0.0,1.0,1.0,0.0,0.0,0.0,0.0
2026-06-02 13:26:13,0.0,0.0,0.0,0.0,0.0,0.0,0.0,0.0,29.255189255189254,32.014652014652015,988.7920532226562,34.0,0.0,35.0,0.0,1.0,0.0,1.0,0.0,1.0,1.0,0.0,0.0,0.0,0.0
2026-06-02 13:26:14,0.0,0.0,0.0,0.0,0.0,0.0,0.0,0.0,29.29181929181929,32.02686202686203,988.7920532226562,34.0,0.0,35.0,0.0,1.0,0.0,1.0,0.0,1.0,1.0,0.0,0.0,0.0,0.0
2026-06-02 13:26:16,0.0,0.0,0.0,0.0,0.0,0.0,0.0,0.0,29.23076923076923,32.014652014652015,988.7920532226562,34.0,0.0,35.0,0.0,1.0,0.0,1.0,0.0,1.0,1.0,0.0,0.0,0.0,0.0
2026-06-02 13:26:17,0.0,0.0,0.0,0.0,0.0,0.0,0.0,0.0,29.23076923076923,32.014652014652015,988.7920532226562,34.0,0.0,35.0,0.0,1.0,0.0,1.0,0.0,1.0,1.0,0.0,0.0,0.0,0.0
2026-06-02 13:26:18,0.0,0.0,0.0,0.0,0.0,0.0,0.0,0.0,29.255189255189254,32.014652014652015,988.7920532226562,34.0,0.0,35.0,0.0,1.0,0.0,1.0,0.0,1.0,1.0,0.0,0.0,0.0,0.0
2026-06-02 13:26:19,0.0,0.0,0.0,0.0,0.0,0.0,0.0,0.0,29.328449328449327,32.08791208791209,988.7920532226562,34.0,0.0,35.0,0.0,1.0,0.0,1.0,0.0,1.0,1.0,0.0,0.0,0.0,0.0
2026-06-02 13:26:20,0.0,0.0,0.0,0.0,0.0,0.0,0.0,0.0,29.29181929181929,32.05128205128205,988.7920532226562,34.0,0.0,35.0,0.0,1.0,0.0,1.0,0.0,1.0,1.0,0.0,0.0,0.0,0.0
2026-06-02 13:26:22,0.0,0.0,0.0,0.0,0.0,0.0,0.0,0.0,29.255189255189254,32.014652014652015,988.7920532226562,34.0,0.0,35.0,0.0,1.0,0.0,1.0,0.0,1.0,1.0,0.0,0.0,0.0,0.0
2026-06-02 13:26:23,0.0,0.0,0.0,0.0,0.0,0.0,0.0,0.0,29.304029304029303,32.075702075702075,988.7920532226562,34.0,0.0,35.0,0.0,1.0,0.0,1.0,0.0,1.0,1.0,0.0,0.0,0.0,0.0
2026-06-02 13:26:24,0.0,0.0,0.0,0.0,0.0,0.0,0.0,0.0,29.316239316239315,32.06349206349206,988.7920532226562,34.0,0.0,35.0,0.0,1.0,0.0,1.0,0.0,1.0,1.0,0.0,0.0,0.0,0.0
2026-06-02 13:26:25,0.0,0.0,0.0,0.0,0.0,0.0,0.0,0.0,29.316239316239315,32.06349206349206,988.7920532226562,34.0,0.0,35.0,0.0,1.0,0.0,1.0,0.0,1.0,1.0,0.0,0.0,0.0,0.0
2026-06-02 13:26:27,0.0,0.0,0.0,0.0,0.0,0.0,0.0,0.0,29.23076923076923,31.978021978021978,988.7920532226562,34.0,0.0,35.0,0.0,1.0,0.0,1.0,0.0,1.0,1.0,0.0,0.0,0.0,0.0
2026-06-02 13:26:28,0.0,0.0,0.0,0.0,0.0,0.0,0.0,0.0,29.35286935286935,32.08791208791209,988.7920532226562,34.0,0.0,35.0,0.0,1.0,0.0,1.0,0.0,1.0,1.0,0.0,0.0,0.0,0.0
2026-06-02 13:26:29,0.0,0.0,0.0,0.0,0.0,0.0,0.0,0.0,29.29181929181929,32.03907203907204,988.7920532226562,34.0,0.0,35.0,0.0,1.0,0.0,1.0,0.0,1.0,1.0,0.0,0.0,0.0,0.0
2026-06-02 13:26:30,0.0,0.0,0.0,0.0,0.0,0.0,0.0,0.0,29.316239316239315,32.075702075702075,988.7920532226562,34.0,0.0,35.0,0.0,1.0,0.0,1.0,0.0,1.0,1.0,0.0,0.0,0.0,0.0
2026-06-02 13:26:31,0.0,0.0,0.0,0.0,0.0,0.0,0.0,0.0,29.34065934065934,32.08791208791209,988.7920532226562,34.0,0.0,35.0,0.0,1.0,0.0,1.0,0.0,1.0,1.0,0.0,0.0,0.0,0.0
2026-06-02 13:26:32,0.0,0.0,0.0,0.0,0.0,0.0,0.0,0.0,29.304029304029303,32.075702075702075,988.7920532226562,34.0,0.0,35.0,0.0,1.0,0.0,1.0,0.0,1.0,1.0,0.0,0.0,0.0,0.0
2026-06-02 13:26:33,0.0,0.0,0.0,0.0,0.0,0.0,0.0,0.0,29.328449328449327,32.06349206349206,988.7920532226562,34.0,0.0,35.0,0.0,1.0,0.0,1.0,0.0,1.0,1.0,0.0,0.0,0.0,0.0
2026-06-02 13:26:35,0.0,0.0,0.0,0.0,0.0,0.0,0.0,0.0,29.27960927960928,32.02686202686203,988.7920532226562,34.0,0.0,35.0,0.0,1.0,0.0,1.0,0.0,1.0,1.0,0.0,0.0,0.0,0.0
2026-06-02 13:26:36,0.0,0.0,0.0,0.0,0.0,0.0,0.0,0.0,29.27960927960928,32.02686202686203,988.7920532226562,34.0,0.0,35.0,0.0,1.0,0.0,1.0,0.0,1.0,1.0,0.0,0.0,0.0,0.0
2026-06-02 13:26:37,0.0,0.0,0.0,0.0,0.0,0.0,0.0,0.0,29.242979242979242,32.02686202686203,988.7920532226562,34.0,0.0,35.0,0.0,1.0,0.0,1.0,0.0,1.0,1.0,0.0,0.0,0.0,0.0
2026-06-02 13:26:39,0.0,0.0,0.0,0.0,0.0,0.0,0.0,0.0,29.242979242979242,32.014652014652015,988.7920532226562,34.0,0.0,35.0,0.0,1.0,0.0,1.0,0.0,1.0,1.0,0.0,0.0,0.0,0.0
2026-06-02 13:26:40,0.0,0.0,0.0,0.0,0.0,0.0,0.0,0.0,29.35286935286935,32.1001221001221,988.7920532226562,34.0,0.0,35.0,0.0,1.0,0.0,1.0,0.0,1.0,1.0,0.0,0.0,0.0,0.0
2026-06-02 13:26:41,0.0,0.0,0.0,0.0,0.0,0.0,0.0,0.0,29.34065934065934,32.08791208791209,988.7920532226562,34.0,0.0,35.0,0.0,1.0,0.0,1.0,0.0,1.0,1.0,0.0,0.0,0.0,0.0
2026-06-02 13:26:42,0.0,0.0,0.0,0.0,0.0,0.0,0.0,0.0,29.255189255189254,32.03907203907204,988.7920532226562,34.0,0.0,35.0,0.0,1.0,0.0,1.0,0.0,1.0,1.0,0.0,0.0,0.0,0.0
2026-06-02 13:26:43,0.0,0.0,0.0,0.0,0.0,0.0,0.0,0.0,29.27960927960928,32.06349206349206,988.7920532226562,34.0,0.0,35.0,0.0,1.0,0.0,1.0,0.0,1.0,1.0,0.0,0.0,0.0,0.0
2026-06-02 13:26:44,0.0,0.0,0.0,0.0,0.0,0.0,0.0,0.0,29.267399267399266,32.002442002442,988.7920532226562,34.0,0.0,35.0,0.0,1.0,0.0,1.0,0.0,1.0,1.0,0.0,0.0,0.0,0.0
2026-06-02 13:26:45,0.0,0.0,0.0,0.0,0.0,0.0,0.0,0.0,29.255189255189254,31.99023199023199,988.7920532226562,34.0,0.0,35.0,0.0,1.0,0.0,1.0,0.0,1.0,1.0,0.0,0.0,0.0,0.0
2026-06-02 13:26:46,0.0,0.0,0.0,0.0,0.0,0.0,0.0,0.0,29.34065934065934,32.08791208791209,988.7920532226562,34.0,0.0,35.0,0.0,1.0,0.0,1.0,0.0,1.0,1.0,0.0,0.0,0.0,0.0
2026-06-02 13:26:48,0.0,0.0,0.0,0.0,0.0,0.0,0.0,0.0,29.29181929181929,32.03907203907204,988.7920532226562,34.0,0.0,35.0,0.0,1.0,0.0,1.0,0.0,1.0,1.0,0.0,0.0,0.0,0.0
2026-06-02 13:26:49,0.0,0.0,0.0,0.0,0.0,0.0,0.0,0.0,29.18192918192918,32.002442002442,988.7920532226562,34.0,0.0,35.0,0.0,1.0,0.0,1.0,0.0,1.0,1.0,0.0,0.0,0.0,0.0
2026-06-02 13:26:50,0.0,0.0,0.0,0.0,0.0,0.0,0.0,0.0,29.34065934065934,32.05128205128205,988.7920532226562,34.0,0.0,35.0,0.0,1.0,0.0,1.0,0.0,1.0,1.0,0.0,0.0,0.0,0.0
2026-06-02 13:26:51,0.0,0.0,0.0,0.0,0.0,0.0,0.0,0.0,29.328449328449327,32.03907203907204,988.7920532226562,34.0,0.0,35.0,0.0,1.0,0.0,1.0,0.0,1.0,1.0,0.0,0.0,0.0,0.0
2026-06-02 13:26:53,0.0,0.0,0.0,0.0,0.0,0.0,0.0,0.0,29.304029304029303,32.06349206349206,988.7920532226562,34.0,0.0,35.0,0.0,1.0,0.0,1.0,0.0,1.0,1.0,0.0,0.0,0.0,0.0
2026-06-02 13:26:54,0.0,0.0,0.0,0.0,0.0,0.0,0.0,0.0,29.34065934065934,32.08791208791209,988.7920532226562,34.0,0.0,35.0,0.0,1.0,0.0,1.0,0.0,1.0,1.0,0.0,0.0,0.0,0.0
2026-06-02 13:26:55,0.0,0.0,0.0,0.0,0.0,0.0,0.0,0.0,29.267399267399266,32.02686202686203,988.7920532226562,34.0,0.0,35.0,0.0,1.0,0.0,1.0,0.0,1.0,1.0,0.0,0.0,0.0,0.0
2026-06-02 13:26:56,0.0,0.0,0.0,0.0,0.0,0.0,0.0,0.0,29.316239316239315,32.06349206349206,988.7920532226562,34.0,0.0,35.0,0.0,1.0,0.0,1.0,0.0,1.0,1.0,0.0,0.0,0.0,0.0
2026-06-02 13:26:57,0.0,0.0,0.0,0.0,0.0,0.0,0.0,0.0,29.27960927960928,32.03907203907204,988.7920532226562,34.0,0.0,35.0,0.0,1.0,0.0,1.0,0.0,1.0,1.0,0.0,0.0,0.0,0.0
2026-06-02 13:26:59,0.0,0.0,0.0,0.0,0.0,0.0,0.0,0.0,29.267399267399266,32.014652014652015,988.7920532226562,34.0,0.0,35.0,0.0,1.0,0.0,1.0,0.0,1.0,1.0,0.0,0.0,0.0,0.0
2026-06-02 13:27:00,0.0,0.0,0.0,0.0,0.0,0.0,0.0,0.0,29.316239316239315,32.075702075702075,988.7920532226562,34.0,0.0,35.0,0.0,1.0,0.0,1.0,0.0,1.0,1.0,0.0,0.0,0.0,0.0
2026-06-02 13:27:01,0.0,0.0,0.0,0.0,0.0,0.0,0.0,0.0,29.267399267399266,32.02686202686203,988.7920532226562,34.0,0.0,35.0,0.0,1.0,0.0,1.0,0.0,1.0,1.0,0.0,0.0,0.0,0.0
2026-06-02 13:27:03,0.0,0.0,0.0,0.0,0.0,0.0,0.0,0.0,29.316239316239315,32.03907203907204,988.7920532226562,34.0,0.0,35.0,0.0,1.0,0.0,1.0,0.0,1.0,1.0,0.0,0.0,0.0,0.0
2026-06-02 13:27:04,0.0,0.0,0.0,0.0,0.0,0.0,0.0,0.0,29.328449328449327,32.06349206349206,988.7920532226562,34.0,0.0,35.0,0.0,1.0,0.0,1.0,0.0,1.0,1.0,0.0,0.0,0.0,0.0
2026-06-02 13:27:05,0.0,0.0,0.0,0.0,0.0,0.0,0.0,0.0,29.34065934065934,32.08791208791209,988.7920532226562,34.0,0.0,35.0,0.0,1.0,0.0,1.0,0.0,1.0,1.0,0.0,0.0,0.0,0.0
2026-06-02 13:27:06,0.0,0.0,0.0,0.0,0.0,0.0,0.0,0.0,29.29181929181929,32.05128205128205,988.7920532226562,34.0,0.0,35.0,0.0,1.0,0.0,1.0,0.0,1.0,1.0,0.0,0.0,0.0,0.0
2026-06-02 13:27:08,0.0,0.0,0.0,0.0,0.0,0.0,0.0,0.0,29.267399267399266,32.02686202686203,988.7920532226562,34.0,0.0,35.0,0.0,1.0,0.0,1.0,0.0,1.0,1.0,0.0,0.0,0.0,0.0
2026-06-02 13:27:09,0.0,0.0,0.0,0.0,0.0,0.0,0.0,0.0,29.35286935286935,32.1001221001221,988.7920532226562,34.0,0.0,35.0,0.0,1.0,0.0,1.0,0.0,1.0,1.0,0.0,0.0,0.0,0.0
2026-06-02 13:27:10,0.0,0.0,0.0,0.0,0.0,0.0,0.0,0.0,29.267399267399266,32.02686202686203,988.7920532226562,34.0,0.0,35.0,0.0,1.0,0.0,1.0,0.0,1.0,1.0,0.0,0.0,0.0,0.0
2026-06-02 13:27:12,0.0,0.0,0.0,0.0,0.0,0.0,0.0,0.0,29.255189255189254,32.014652014652015,988.7920532226562,34.0,0.0,35.0,0.0,1.0,0.0,1.0,0.0,1.0,1.0,0.0,0.0,0.0,0.0
2026-06-02 13:27:13,0.0,0.0,0.0,0.0,0.0,0.0,0.0,0.0,29.377289377289376,32.1001221001221,988.7920532226562,34.0,0.0,35.0,0.0,1.0,0.0,1.0,0.0,1.0,1.0,0.0,0.0,0.0,0.0
2026-06-02 13:27:14,0.0,0.0,0.0,0.0,0.0,0.0,0.0,0.0,29.35286935286935,32.11233211233211,988.7920532226562,34.0,0.0,35.0,0.0,1.0,0.0,1.0,0.0,1.0,1.0,0.0,0.0,0.0,0.0
2026-06-02 13:27:15,0.0,0.0,0.0,0.0,0.0,0.0,0.0,0.0,29.29181929181929,32.03907203907204,988.7920532226562,34.0,0.0,35.0,0.0,1.0,0.0,1.0,0.0,1.0,1.0,0.0,0.0,0.0,0.0
2026-06-02 13:27:17,0.0,0.0,0.0,0.0,0.0,0.0,0.0,0.0,29.316239316239315,32.075702075702075,988.7920532226562,34.0,0.0,35.0,0.0,1.0,0.0,1.0,0.0,1.0,1.0,0.0,0.0,0.0,0.0
2026-06-02 13:27:18,0.0,0.0,0.0,0.0,0.0,0.0,0.0,0.0,29.29181929181929,32.02686202686203,988.7920532226562,34.0,0.0,35.0,0.0,1.0,0.0,1.0,0.0,1.0,1.0,0.0,0.0,0.0,0.0
2026-06-02 13:27:19,0.0,0.0,0.0,0.0,0.0,0.0,0.0,0.0,29.365079365079364,32.08791208791209,988.7920532226562,34.0,0.0,35.0,0.0,1.0,0.0,1.0,0.0,1.0,1.0,0.0,0.0,0.0,0.0
2026-06-02 13:27:20,0.0,0.0,0.0,0.0,0.0,0.0,0.0,0.0,29.365079365079364,32.11233211233211,988.7920532226562,34.0,0.0,35.0,0.0,1.0,0.0,1.0,0.0,1.0,1.0,0.0,0.0,0.0,0.0
2026-06-02 13:27:21,0.0,0.0,0.0,0.0,0.0,0.0,0.0,0.0,29.29181929181929,32.05128205128205,988.7920532226562,34.0,0.0,35.0,0.0,1.0,0.0,1.0,0.0,1.0,1.0,0.0,0.0,0.0,0.0
2026-06-02 13:27:22,0.0,0.0,0.0,0.0,0.0,0.0,0.0,0.0,29.304029304029303,32.05128205128205,988.7920532226562,34.0,0.0,35.0,0.0,1.0,0.0,1.0,0.0,1.0,1.0,0.0,0.0,0.0,0.0
2026-06-02 13:27:23,0.0,0.0,0.0,0.0,0.0,0.0,0.0,0.0,29.27960927960928,32.014652014652015,988.7920532226562,34.0,0.0,35.0,0.0,1.0,0.0,1.0,0.0,1.0,1.0,0.0,0.0,0.0,0.0
2026-06-02 13:27:25,0.0,0.0,0.0,0.0,0.0,0.0,0.0,0.0,29.267399267399266,32.002442002442,988.7920532226562,34.0,0.0,35.0,0.0,1.0,0.0,1.0,0.0,1.0,1.0,0.0,0.0,0.0,0.0
2026-06-02 13:27:26,0.0,0.0,0.0,0.0,0.0,0.0,0.0,0.0,29.328449328449327,32.075702075702075,988.7920532226562,34.0,0.0,35.0,0.0,1.0,0.0,1.0,0.0,1.0,1.0,0.0,0.0,0.0,0.0
2026-06-02 13:27:27,0.0,0.0,0.0,0.0,0.0,0.0,0.0,0.0,29.304029304029303,32.03907203907204,988.7920532226562,34.0,0.0,35.0,0.0,1.0,0.0,1.0,0.0,1.0,1.0,0.0,0.0,0.0,0.0
2026-06-02 13:27:28,0.0,0.0,0.0,0.0,0.0,0.0,0.0,0.0,29.377289377289376,32.124542124542124,988.7920532226562,34.0,0.0,35.0,0.0,1.0,0.0,1.0,0.0,1.0,1.0,0.0,0.0,0.0,0.0
2026-06-02 13:27:30,0.0,0.0,0.0,0.0,0.0,0.0,0.0,0.0,29.316239316239315,32.075702075702075,988.7920532226562,34.0,0.0,35.0,0.0,1.0,0.0,1.0,0.0,1.0,1.0,0.0,0.0,0.0,0.0
2026-06-02 13:27:31,0.0,0.0,0.0,0.0,0.0,0.0,0.0,0.0,29.35286935286935,32.1001221001221,988.7920532226562,34.0,0.0,35.0,0.0,1.0,0.0,1.0,0.0,1.0,1.0,0.0,0.0,0.0,0.0
2026-06-02 13:27:32,0.0,0.0,0.0,0.0,0.0,0.0,0.0,0.0,29.29181929181929,32.03907203907204,988.7920532226562,34.0,0.0,35.0,0.0,1.0,0.0,1.0,0.0,1.0,1.0,0.0,0.0,0.0,0.0
2026-06-02 13:27:33,0.0,0.0,0.0,0.0,0.0,0.0,0.0,0.0,29.328449328449327,32.06349206349206,988.7920532226562,34.0,0.0,35.0,0.0,1.0,0.0,1.0,0.0,1.0,1.0,0.0,0.0,0.0,0.0
2026-06-02 13:27:34,0.0,0.0,0.0,0.0,0.0,0.0,0.0,0.0,29.27960927960928,32.03907203907204,988.7920532226562,34.0,0.0,35.0,0.0,1.0,0.0,1.0,0.0,1.0,1.0,0.0,0.0,0.0,0.0
2026-06-02 13:27:35,0.0,0.0,0.0,0.0,0.0,0.0,0.0,0.0,29.328449328449327,32.08791208791209,988.7920532226562,34.0,0.0,35.0,0.0,1.0,0.0,1.0,0.0,1.0,1.0,0.0,0.0,0.0,0.0
2026-06-02 13:27:37,0.0,0.0,0.0,0.0,0.0,0.0,0.0,0.0,29.267399267399266,32.02686202686203,988.7920532226562,34.0,0.0,35.0,0.0,1.0,0.0,1.0,0.0,1.0,1.0,0.0,0.0,0.0,0.0
2026-06-02 13:27:38,0.0,0.0,0.0,0.0,0.0,0.0,0.0,0.0,28.876678876678877,31.807081807081808,988.7920532226562,34.0,0.0,35.0,0.0,1.0,0.0,1.0,0.0,1.0,1.0,0.0,0.0,0.0,0.0
2026-06-02 13:27:39,0.0,0.0,0.0,0.0,0.0,0.0,0.0,0.0,29.084249084249084,31.92918192918193,988.7920532226562,34.0,0.0,35.0,0.0,1.0,0.0,1.0,0.0,1.0,1.0,0.0,0.0,0.0,0.0
2026-06-02 13:27:41,0.0,0.0,0.0,0.0,0.0,0.0,0.0,0.0,29.438339438339437,32.14896214896215,988.7920532226562,34.0,0.0,35.0,0.0,1.0,0.0,1.0,0.0,1.0,1.0,0.0,0.0,0.0,0.0
2026-06-02 13:27:42,0.0,0.0,0.0,0.0,0.0,0.0,0.0,0.0,29.426129426129425,32.136752136752136,988.7920532226562,34.0,0.0,35.0,0.0,1.0,0.0,1.0,0.0,1.0,1.0,0.0,0.0,0.0,0.0
2026-06-02 13:27:43,0.0,0.0,0.0,0.0,0.0,0.0,0.0,0.0,29.304029304029303,32.03907203907204,988.7920532226562,34.0,0.0,35.0,0.0,1.0,0.0,1.0,0.0,1.0,1.0,0.0,0.0,0.0,0.0
2026-06-02 13:27:45,0.0,0.0,0.0,0.0,0.0,0.0,0.0,0.0,29.35286935286935,32.08791208791209,988.7920532226562,34.0,0.0,35.0,0.0,1.0,0.0,1.0,0.0,1.0,1.0,0.0,0.0,0.0,0.0
2026-06-02 13:27:46,0.0,0.0,0.0,0.0,0.0,0.0,0.0,0.0,29.267399267399266,32.002442002442,988.7920532226562,34.0,0.0,35.0,0.0,1.0,0.0,1.0,0.0,1.0,1.0,0.0,0.0,0.0,0.0
2026-06-02 13:27:48,0.0,0.0,0.0,0.0,0.0,0.0,0.0,0.0,29.365079365079364,32.11233211233211,988.7920532226562,34.0,0.0,35.0,0.0,1.0,0.0,1.0,0.0,1.0,1.0,0.0,0.0,0.0,0.0
2026-06-02 13:27:49,0.0,0.0,0.0,0.0,0.0,0.0,0.0,0.0,29.27960927960928,32.014652014652015,988.7920532226562,34.0,0.0,35.0,0.0,1.0,0.0,1.0,0.0,1.0,1.0,0.0,0.0,0.0,0.0
2026-06-02 13:27:50,0.0,0.0,0.0,0.0,0.0,0.0,0.0,0.0,29.29181929181929,32.03907203907204,988.7920532226562,34.0,0.0,35.0,0.0,1.0,0.0,1.0,0.0,1.0,1.0,0.0,0.0,0.0,0.0
2026-06-02 13:27:51,0.0,0.0,0.0,0.0,0.0,0.0,0.0,0.0,29.34065934065934,32.075702075702075,988.7920532226562,34.0,0.0,35.0,0.0,1.0,0.0,1.0,0.0,1.0,1.0,0.0,0.0,0.0,0.0
2026-06-02 13:27:53,0.0,0.0,0.0,0.0,0.0,0.0,0.0,0.0,29.27960927960928,32.014652014652015,988.7920532226562,34.0,0.0,35.0,0.0,1.0,0.0,1.0,0.0,1.0,1.0,0.0,0.0,0.0,0.0
2026-06-02 13:27:54,0.0,0.0,0.0,0.0,0.0,0.0,0.0,0.0,29.304029304029303,32.014652014652015,988.7920532226562,34.0,0.0,35.0,0.0,1.0,0.0,1.0,0.0,1.0,1.0,0.0,0.0,0.0,0.0
2026-06-02 13:27:55,0.0,0.0,0.0,0.0,0.0,0.0,0.0,0.0,29.365079365079364,32.11233211233211,988.7920532226562,34.0,0.0,35.0,0.0,1.0,0.0,1.0,0.0,1.0,1.0,0.0,0.0,0.0,0.0
2026-06-02 13:27:57,0.0,0.0,0.0,0.0,0.0,0.0,0.0,0.0,29.29181929181929,32.014652014652015,988.7920532226562,34.0,0.0,35.0,0.0,1.0,0.0,1.0,0.0,1.0,1.0,0.0,0.0,0.0,0.0
2026-06-02 13:27:58,0.0,0.0,0.0,0.0,0.0,0.0,0.0,0.0,29.27960927960928,32.02686202686203,988.7920532226562,34.0,0.0,35.0,0.0,1.0,0.0,1.0,0.0,1.0,1.0,0.0,0.0,0.0,0.0
2026-06-02 13:27:59,0.0,0.0,0.0,0.0,0.0,0.0,0.0,0.0,29.34065934065934,32.05128205128205,988.7920532226562,34.0,0.0,35.0,0.0,1.0,0.0,1.0,0.0,1.0,1.0,0.0,0.0,0.0,0.0
2026-06-02 13:28:01,0.0,0.0,0.0,0.0,0.0,0.0,0.0,0.0,29.267399267399266,32.014652014652015,988.7920532226562,34.0,0.0,35.0,0.0,1.0,0.0,1.0,0.0,1.0,1.0,0.0,0.0,0.0,0.0
2026-06-02 13:28:02,0.0,0.0,0.0,0.0,0.0,0.0,0.0,0.0,29.27960927960928,32.03907203907204,988.7920532226562,34.0,0.0,35.0,0.0,1.0,0.0,1.0,0.0,1.0,1.0,0.0,0.0,0.0,0.0
2026-06-02 13:28:03,0.0,0.0,0.0,0.0,0.0,0.0,0.0,0.0,29.27960927960928,32.02686202686203,988.7920532226562,34.0,0.0,35.0,0.0,1.0,0.0,1.0,0.0,1.0,1.0,0.0,0.0,0.0,0.0
2026-06-02 13:28:04,0.0,0.0,0.0,0.0,0.0,0.0,0.0,0.0,29.255189255189254,32.02686202686203,988.7920532226562,34.0,0.0,35.0,0.0,1.0,0.0,1.0,0.0,1.0,1.0,0.0,0.0,0.0,0.0
2026-06-02 13:28:05,0.0,0.0,0.0,0.0,0.0,0.0,0.0,0.0,29.29181929181929,32.05128205128205,988.7920532226562,34.0,0.0,35.0,0.0,1.0,0.0,1.0,0.0,1.0,1.0,0.0,0.0,0.0,0.0
2026-06-02 13:28:07,0.0,0.0,0.0,0.0,0.0,0.0,0.0,0.0,29.255189255189254,32.075702075702075,988.7920532226562,34.0,0.0,35.0,0.0,1.0,0.0,1.0,0.0,1.0,1.0,0.0,0.0,0.0,0.0
2026-06-02 13:28:08,0.0,0.0,0.0,0.0,0.0,0.0,0.0,0.0,29.255189255189254,32.03907203907204,988.7920532226562,34.0,0.0,35.0,0.0,1.0,0.0,1.0,0.0,1.0,1.0,0.0,0.0,0.0,0.0
2026-06-02 13:28:09,0.0,0.0,0.0,0.0,0.0,0.0,0.0,0.0,29.328449328449327,32.03907203907204,988.7920532226562,34.0,0.0,35.0,0.0,1.0,0.0,1.0,0.0,1.0,1.0,0.0,0.0,0.0,0.0
2026-06-02 13:28:10,0.0,0.0,0.0,0.0,0.0,0.0,0.0,0.0,29.34065934065934,32.075702075702075,988.7920532226562,34.0,0.0,35.0,0.0,1.0,0.0,1.0,0.0,1.0,1.0,0.0,0.0,0.0,0.0
2026-06-02 13:28:11,0.0,0.0,0.0,0.0,0.0,0.0,0.0,0.0,29.255189255189254,31.99023199023199,988.7920532226562,34.0,0.0,35.0,0.0,1.0,0.0,1.0,0.0,1.0,1.0,0.0,0.0,0.0,0.0
2026-06-02 13:28:13,0.0,0.0,0.0,0.0,0.0,0.0,0.0,0.0,29.304029304029303,32.03907203907204,988.7920532226562,34.0,0.0,35.0,0.0,1.0,0.0,1.0,0.0,1.0,1.0,0.0,0.0,0.0,0.0
2026-06-02 13:28:14,0.0,0.0,0.0,0.0,0.0,0.0,0.0,0.0,29.328449328449327,32.06349206349206,988.7920532226562,34.0,0.0,35.0,0.0,1.0,0.0,1.0,0.0,1.0,1.0,0.0,0.0,0.0,0.0
2026-06-02 13:28:15,0.0,0.0,0.0,0.0,0.0,0.0,0.0,0.0,29.35286935286935,32.08791208791209,988.7920532226562,34.0,0.0,35.0,0.0,1.0,0.0,1.0,0.0,1.0,1.0,0.0,0.0,0.0,0.0
2026-06-02 13:28:17,0.0,0.0,0.0,0.0,0.0,0.0,0.0,0.0,29.365079365079364,32.1001221001221,988.7920532226562,34.0,0.0,35.0,0.0,1.0,0.0,1.0,0.0,1.0,1.0,0.0,0.0,0.0,0.0
2026-06-02 13:28:18,0.0,0.0,0.0,0.0,0.0,0.0,0.0,0.0,29.328449328449327,32.06349206349206,988.7920532226562,34.0,0.0,35.0,0.0,1.0,0.0,1.0,0.0,1.0,1.0,0.0,0.0,0.0,0.0
2026-06-02 13:28:19,0.0,0.0,0.0,0.0,0.0,0.0,0.0,0.0,29.377289377289376,32.08791208791209,988.7920532226562,34.0,0.0,35.0,0.0,1.0,0.0,1.0,0.0,1.0,1.0,0.0,0.0,0.0,0.0
2026-06-02 13:28:20,0.0,0.0,0.0,0.0,0.0,0.0,0.0,0.0,29.267399267399266,32.002442002442,988.7920532226562,34.0,0.0,35.0,0.0,1.0,0.0,1.0,0.0,1.0,1.0,0.0,0.0,0.0,0.0
2026-06-02 13:28:21,0.0,0.0,0.0,0.0,0.0,0.0,0.0,0.0,29.304029304029303,32.03907203907204,988.7920532226562,34.0,0.0,35.0,0.0,1.0,0.0,1.0,0.0,1.0,1.0,0.0,0.0,0.0,0.0
2026-06-02 13:28:22,0.0,0.0,0.0,0.0,0.0,0.0,0.0,0.0,29.29181929181929,32.05128205128205,988.7920532226562,34.0,0.0,35.0,0.0,1.0,0.0,1.0,0.0,1.0,1.0,0.0,0.0,0.0,0.0
2026-06-02 13:28:23,0.0,0.0,0.0,0.0,0.0,0.0,0.0,0.0,29.29181929181929,32.02686202686203,988.7920532226562,34.0,0.0,35.0,0.0,1.0,0.0,1.0,0.0,1.0,1.0,0.0,0.0,0.0,0.0
2026-06-02 13:28:25,0.0,0.0,0.0,0.0,0.0,0.0,0.0,0.0,29.365079365079364,32.11233211233211,988.7920532226562,34.0,0.0,35.0,0.0,1.0,0.0,1.0,0.0,1.0,1.0,0.0,0.0,0.0,0.0
2026-06-02 13:28:26,0.0,0.0,0.0,0.0,0.0,0.0,0.0,0.0,29.27960927960928,32.014652014652015,988.7920532226562,34.0,0.0,35.0,0.0,1.0,0.0,1.0,0.0,1.0,1.0,0.0,0.0,0.0,0.0
2026-06-02 13:28:27,0.0,0.0,0.0,0.0,0.0,0.0,0.0,0.0,29.328449328449327,32.06349206349206,988.7920532226562,34.0,0.0,35.0,0.0,1.0,0.0,1.0,0.0,1.0,1.0,0.0,0.0,0.0,0.0
2026-06-02 13:28:29,0.0,0.0,0.0,0.0,0.0,0.0,0.0,0.0,29.29181929181929,32.02686202686203,988.7920532226562,34.0,0.0,35.0,0.0,1.0,0.0,1.0,0.0,1.0,1.0,0.0,0.0,0.0,0.0
2026-06-02 13:28:30,0.0,0.0,0.0,0.0,0.0,0.0,0.0,0.0,29.27960927960928,32.02686202686203,988.7920532226562,34.0,0.0,35.0,0.0,1.0,0.0,1.0,0.0,1.0,1.0,0.0,0.0,0.0,0.0
2026-06-02 13:28:32,0.0,0.0,0.0,0.0,0.0,0.0,0.0,0.0,29.27960927960928,32.02686202686203,988.7920532226562,34.0,0.0,35.0,0.0,1.0,0.0,1.0,0.0,1.0,1.0,0.0,0.0,0.0,0.0
2026-06-02 13:28:33,0.0,0.0,0.0,0.0,0.0,0.0,0.0,0.0,29.27960927960928,32.014652014652015,988.7920532226562,34.0,0.0,35.0,0.0,1.0,0.0,1.0,0.0,1.0,1.0,0.0,0.0,0.0,0.0
2026-06-02 13:28:34,0.0,0.0,0.0,0.0,0.0,0.0,0.0,0.0,29.29181929181929,31.99023199023199,988.7920532226562,34.0,0.0,35.0,0.0,1.0,0.0,1.0,0.0,1.0,1.0,0.0,0.0,0.0,0.0
2026-06-02 13:28:36,0.0,0.0,0.0,0.0,0.0,0.0,0.0,0.0,29.267399267399266,32.002442002442,988.7920532226562,34.0,0.0,35.0,0.0,1.0,0.0,1.0,0.0,1.0,1.0,0.0,0.0,0.0,0.0
2026-06-02 13:28:37,0.0,0.0,0.0,0.0,0.0,0.0,0.0,0.0,29.267399267399266,32.002442002442,988.7920532226562,34.0,0.0,35.0,0.0,1.0,0.0,1.0,0.0,1.0,1.0,0.0,0.0,0.0,0.0
2026-06-02 13:28:38,0.0,0.0,0.0,0.0,0.0,0.0,0.0,0.0,29.27960927960928,32.014652014652015,988.7920532226562,34.0,0.0,35.0,0.0,1.0,0.0,1.0,0.0,1.0,1.0,0.0,0.0,0.0,0.0
2026-06-02 13:28:39,0.0,0.0,0.0,0.0,0.0,0.0,0.0,0.0,29.29181929181929,32.02686202686203,988.7920532226562,34.0,0.0,35.0,0.0,1.0,0.0,1.0,0.0,1.0,1.0,0.0,0.0,0.0,0.0
2026-06-02 13:28:40,0.0,0.0,0.0,0.0,0.0,0.0,0.0,0.0,29.023199023199023,31.86813186813187,988.7920532226562,34.0,0.0,35.0,0.0,1.0,0.0,1.0,0.0,1.0,1.0,0.0,0.0,0.0,0.0
2026-06-02 13:28:41,0.0,0.0,0.0,0.0,0.0,0.0,0.0,0.0,29.34065934065934,32.06349206349206,988.7920532226562,34.0,0.0,35.0,0.0,1.0,0.0,1.0,0.0,1.0,1.0,0.0,0.0,0.0,0.0
2026-06-02 13:28:42,0.0,0.0,0.0,0.0,0.0,0.0,0.0,0.0,29.35286935286935,32.06349206349206,988.7920532226562,34.0,0.0,35.0,0.0,1.0,0.0,1.0,0.0,1.0,1.0,0.0,0.0,0.0,0.0
2026-06-02 13:28:44,0.0,0.0,0.0,0.0,0.0,0.0,0.0,0.0,29.27960927960928,32.02686202686203,988.7920532226562,34.0,0.0,35.0,0.0,1.0,0.0,1.0,0.0,1.0,1.0,0.0,0.0,0.0,0.0
2026-06-02 13:28:45,0.0,0.0,0.0,0.0,0.0,0.0,0.0,0.0,29.389499389499388,32.08791208791209,988.7920532226562,34.0,0.0,35.0,0.0,1.0,0.0,1.0,0.0,1.0,1.0,0.0,0.0,0.0,0.0
2026-06-02 13:28:46,0.0,0.0,0.0,0.0,0.0,0.0,0.0,0.0,29.377289377289376,32.11233211233211,988.7920532226562,34.0,0.0,35.0,0.0,1.0,0.0,1.0,0.0,1.0,1.0,0.0,0.0,0.0,0.0
2026-06-02 13:28:47,0.0,0.0,0.0,0.0,0.0,0.0,0.0,0.0,29.29181929181929,32.014652014652015,988.7920532226562,34.0,0.0,35.0,0.0,1.0,0.0,1.0,0.0,1.0,1.0,0.0,0.0,0.0,0.0
2026-06-02 13:28:49,0.0,0.0,0.0,0.0,0.0,0.0,0.0,0.0,29.35286935286935,32.075702075702075,988.7920532226562,34.0,0.0,35.0,0.0,1.0,0.0,1.0,0.0,1.0,1.0,0.0,0.0,0.0,0.0
2026-06-02 13:28:50,0.0,0.0,0.0,0.0,0.0,0.0,0.0,0.0,29.316239316239315,32.06349206349206,988.7920532226562,34.0,0.0,35.0,0.0,1.0,0.0,1.0,0.0,1.0,1.0,0.0,0.0,0.0,0.0
2026-06-02 13:28:51,0.0,0.0,0.0,0.0,0.0,0.0,0.0,0.0,29.34065934065934,32.1001221001221,988.7920532226562,34.0,0.0,35.0,0.0,1.0,0.0,1.0,0.0,1.0,1.0,0.0,0.0,0.0,0.0
2026-06-02 13:28:52,0.0,0.0,0.0,0.0,0.0,0.0,0.0,0.0,29.328449328449327,32.08791208791209,988.7920532226562,34.0,0.0,35.0,0.0,1.0,0.0,1.0,0.0,1.0,1.0,0.0,0.0,0.0,0.0
2026-06-02 13:28:53,0.0,0.0,0.0,0.0,0.0,0.0,0.0,0.0,29.255189255189254,32.002442002442,988.7920532226562,34.0,0.0,35.0,0.0,1.0,0.0,1.0,0.0,1.0,1.0,0.0,0.0,0.0,0.0
2026-06-02 13:28:55,0.0,0.0,0.0,0.0,0.0,0.0,0.0,0.0,29.267399267399266,32.002442002442,988.7920532226562,34.0,0.0,35.0,0.0,1.0,0.0,1.0,0.0,1.0,1.0,0.0,0.0,0.0,0.0
2026-06-02 13:28:56,0.0,0.0,0.0,0.0,0.0,0.0,0.0,0.0,29.34065934065934,32.1001221001221,988.7920532226562,34.0,0.0,35.0,0.0,1.0,0.0,1.0,0.0,1.0,1.0,0.0,0.0,0.0,0.0
2026-06-02 13:28:57,0.0,0.0,0.0,0.0,0.0,0.0,0.0,0.0,29.328449328449327,32.075702075702075,988.7920532226562,34.0,0.0,35.0,0.0,1.0,0.0,1.0,0.0,1.0,1.0,0.0,0.0,0.0,0.0
2026-06-02 13:28:58,0.0,0.0,0.0,0.0,0.0,0.0,0.0,0.0,29.255189255189254,32.002442002442,988.7920532226562,34.0,0.0,35.0,0.0,1.0,0.0,1.0,0.0,1.0,1.0,0.0,0.0,0.0,0.0
2026-06-02 13:28:59,0.0,0.0,0.0,0.0,0.0,0.0,0.0,0.0,29.267399267399266,32.02686202686203,988.7920532226562,34.0,0.0,35.0,0.0,1.0,0.0,1.0,0.0,1.0,1.0,0.0,0.0,0.0,0.0
2026-06-02 13:29:00,0.0,0.0,0.0,0.0,0.0,0.0,0.0,0.0,29.34065934065934,32.11233211233211,988.7920532226562,34.0,0.0,35.0,0.0,1.0,0.0,1.0,0.0,1.0,1.0,0.0,0.0,0.0,0.0
2026-06-02 13:29:01,0.0,0.0,0.0,0.0,0.0,0.0,0.0,0.0,29.35286935286935,32.1001221001221,988.7920532226562,34.0,0.0,35.0,0.0,1.0,0.0,1.0,0.0,1.0,1.0,0.0,0.0,0.0,0.0
2026-06-02 13:29:02,0.0,0.0,0.0,0.0,0.0,0.0,0.0,0.0,29.27960927960928,32.02686202686203,988.7920532226562,34.0,0.0,35.0,0.0,1.0,0.0,1.0,0.0,1.0,1.0,0.0,0.0,0.0,0.0
2026-06-02 13:29:03,0.0,0.0,0.0,0.0,0.0,0.0,0.0,0.0,29.255189255189254,32.02686202686203,988.7920532226562,34.0,0.0,35.0,0.0,1.0,0.0,1.0,0.0,1.0,1.0,0.0,0.0,0.0,0.0
2026-06-02 13:29:04,0.0,0.0,0.0,0.0,0.0,0.0,0.0,0.0,29.35286935286935,32.11233211233211,988.7920532226562,34.0,0.0,35.0,0.0,1.0,0.0,1.0,0.0,1.0,1.0,0.0,0.0,0.0,0.0
2026-06-02 13:29:06,0.0,0.0,0.0,0.0,0.0,0.0,0.0,0.0,29.267399267399266,32.014652014652015,988.7920532226562,34.0,0.0,35.0,0.0,1.0,0.0,1.0,0.0,1.0,1.0,0.0,0.0,0.0,0.0
2026-06-02 13:29:07,0.0,0.0,0.0,0.0,0.0,0.0,0.0,0.0,29.255189255189254,32.014652014652015,988.7920532226562,34.0,0.0,35.0,0.0,1.0,0.0,1.0,0.0,1.0,1.0,0.0,0.0,0.0,0.0
2026-06-02 13:29:08,0.0,0.0,0.0,0.0,0.0,0.0,0.0,0.0,29.365079365079364,32.1001221001221,988.7920532226562,34.0,0.0,35.0,0.0,1.0,0.0,1.0,0.0,1.0,1.0,0.0,0.0,0.0,0.0
2026-06-02 13:29:10,0.0,0.0,0.0,0.0,0.0,0.0,0.0,0.0,29.304029304029303,32.08791208791209,988.7920532226562,34.0,0.0,35.0,0.0,1.0,0.0,1.0,0.0,1.0,1.0,0.0,0.0,0.0,0.0
2026-06-02 13:29:11,0.0,0.0,0.0,0.0,0.0,0.0,0.0,0.0,29.27960927960928,32.02686202686203,988.7920532226562,34.0,0.0,35.0,0.0,1.0,0.0,1.0,0.0,1.0,1.0,0.0,0.0,0.0,0.0
2026-06-02 13:29:13,0.0,0.0,0.0,0.0,0.0,0.0,0.0,0.0,29.365079365079364,32.11233211233211,988.7920532226562,34.0,0.0,35.0,0.0,1.0,0.0,1.0,0.0,1.0,1.0,0.0,0.0,0.0,0.0
2026-06-02 13:29:14,0.0,0.0,0.0,0.0,0.0,0.0,0.0,0.0,29.35286935286935,32.1001221001221,988.7920532226562,34.0,0.0,35.0,0.0,1.0,0.0,1.0,0.0,1.0,1.0,0.0,0.0,0.0,0.0
2026-06-02 13:29:15,0.0,0.0,0.0,0.0,0.0,0.0,0.0,0.0,29.304029304029303,32.05128205128205,988.7920532226562,34.0,0.0,35.0,0.0,1.0,0.0,1.0,0.0,1.0,1.0,0.0,0.0,0.0,0.0
2026-06-02 13:29:16,0.0,0.0,0.0,0.0,0.0,0.0,0.0,0.0,29.304029304029303,32.05128205128205,988.7920532226562,34.0,0.0,35.0,0.0,1.0,0.0,1.0,0.0,1.0,1.0,0.0,0.0,0.0,0.0
2026-06-02 13:29:18,0.0,0.0,0.0,0.0,0.0,0.0,0.0,0.0,29.242979242979242,31.99023199023199,988.7920532226562,34.0,0.0,35.0,0.0,1.0,0.0,1.0,0.0,1.0,1.0,0.0,0.0,0.0,0.0
2026-06-02 13:29:19,0.0,0.0,0.0,0.0,0.0,0.0,0.0,0.0,29.34065934065934,32.1001221001221,988.7920532226562,34.0,0.0,35.0,0.0,1.0,0.0,1.0,0.0,1.0,1.0,0.0,0.0,0.0,0.0
2026-06-02 13:29:20,0.0,0.0,0.0,0.0,0.0,0.0,0.0,0.0,29.27960927960928,32.03907203907204,988.7920532226562,34.0,0.0,35.0,0.0,1.0,0.0,1.0,0.0,1.0,1.0,0.0,0.0,0.0,0.0
2026-06-02 13:29:21,0.0,0.0,0.0,0.0,0.0,0.0,0.0,0.0,29.35286935286935,32.075702075702075,988.7920532226562,34.0,0.0,35.0,0.0,1.0,0.0,1.0,0.0,1.0,1.0,0.0,0.0,0.0,0.0
2026-06-02 13:29:23,0.0,0.0,0.0,0.0,0.0,0.0,0.0,0.0,29.316239316239315,32.075702075702075,988.7920532226562,34.0,0.0,35.0,0.0,1.0,0.0,1.0,0.0,1.0,1.0,0.0,0.0,0.0,0.0
2026-06-02 13:29:24,0.0,0.0,0.0,0.0,0.0,0.0,0.0,0.0,29.328449328449327,32.075702075702075,988.7920532226562,34.0,0.0,35.0,0.0,1.0,0.0,1.0,0.0,1.0,1.0,0.0,0.0,0.0,0.0
2026-06-02 13:29:25,0.0,0.0,0.0,0.0,0.0,0.0,0.0,0.0,29.35286935286935,32.075702075702075,988.7920532226562,34.0,0.0,35.0,0.0,1.0,0.0,1.0,0.0,1.0,1.0,0.0,0.0,0.0,0.0
2026-06-02 13:29:26,0.0,0.0,0.0,0.0,0.0,0.0,0.0,0.0,29.29181929181929,32.05128205128205,988.7920532226562,34.0,0.0,35.0,0.0,1.0,0.0,1.0,0.0,1.0,1.0,0.0,0.0,0.0,0.0
2026-06-02 13:29:27,0.0,0.0,0.0,0.0,0.0,0.0,0.0,0.0,29.34065934065934,32.1001221001221,988.7920532226562,34.0,0.0,35.0,0.0,1.0,0.0,1.0,0.0,1.0,1.0,0.0,0.0,0.0,0.0
2026-06-02 13:29:29,0.0,0.0,0.0,0.0,0.0,0.0,0.0,0.0,29.27960927960928,32.02686202686203,988.7920532226562,34.0,0.0,35.0,0.0,1.0,0.0,1.0,0.0,1.0,1.0,0.0,0.0,0.0,0.0
2026-06-02 13:29:30,0.0,0.0,0.0,0.0,0.0,0.0,0.0,0.0,29.304029304029303,32.05128205128205,988.7920532226562,34.0,0.0,35.0,0.0,1.0,0.0,1.0,0.0,1.0,1.0,0.0,0.0,0.0,0.0
2026-06-02 13:29:31,0.0,0.0,0.0,0.0,0.0,0.0,0.0,0.0,29.304029304029303,32.05128205128205,988.7920532226562,34.0,0.0,35.0,0.0,1.0,0.0,1.0,0.0,1.0,1.0,0.0,0.0,0.0,0.0
2026-06-02 13:29:33,0.0,0.0,0.0,0.0,0.0,0.0,0.0,0.0,29.35286935286935,32.1001221001221,988.7920532226562,34.0,0.0,35.0,0.0,1.0,0.0,1.0,0.0,1.0,1.0,0.0,0.0,0.0,0.0
2026-06-02 13:29:34,0.0,0.0,0.0,0.0,0.0,0.0,0.0,0.0,29.35286935286935,32.11233211233211,988.7920532226562,34.0,0.0,35.0,0.0,1.0,0.0,1.0,0.0,1.0,1.0,0.0,0.0,0.0,0.0
2026-06-02 13:29:35,0.0,0.0,0.0,0.0,0.0,0.0,0.0,0.0,29.255189255189254,32.014652014652015,988.7920532226562,34.0,0.0,35.0,0.0,1.0,0.0,1.0,0.0,1.0,1.0,0.0,0.0,0.0,0.0
2026-06-02 13:29:37,0.0,0.0,0.0,0.0,0.0,0.0,0.0,0.0,29.316239316239315,32.06349206349206,988.7920532226562,34.0,0.0,35.0,0.0,1.0,0.0,1.0,0.0,1.0,1.0,0.0,0.0,0.0,0.0
2026-06-02 13:29:38,0.0,0.0,0.0,0.0,0.0,0.0,0.0,0.0,29.34065934065934,32.1001221001221,988.7920532226562,34.0,0.0,35.0,0.0,1.0,0.0,1.0,0.0,1.0,1.0,0.0,0.0,0.0,0.0
2026-06-02 13:29:39,0.0,0.0,0.0,0.0,0.0,0.0,0.0,0.0,29.242979242979242,31.99023199023199,988.7920532226562,34.0,0.0,35.0,0.0,1.0,0.0,1.0,0.0,1.0,1.0,0.0,0.0,0.0,0.0
2026-06-02 13:29:40,0.0,0.0,0.0,0.0,0.0,0.0,0.0,0.0,29.27960927960928,32.02686202686203,988.7920532226562,34.0,0.0,35.0,0.0,1.0,0.0,1.0,0.0,1.0,1.0,0.0,0.0,0.0,0.0
2026-06-02 13:29:42,0.0,0.0,0.0,0.0,0.0,0.0,0.0,0.0,29.255189255189254,32.02686202686203,988.7920532226562,34.0,0.0,35.0,0.0,1.0,0.0,1.0,0.0,1.0,1.0,0.0,0.0,0.0,0.0
2026-06-02 13:29:43,0.0,0.0,0.0,0.0,0.0,0.0,0.0,0.0,29.34065934065934,32.08791208791209,988.7920532226562,34.0,0.0,35.0,0.0,1.0,0.0,1.0,0.0,1.0,1.0,0.0,0.0,0.0,0.0
2026-06-02 13:29:44,0.0,0.0,0.0,0.0,0.0,0.0,0.0,0.0,29.316239316239315,32.075702075702075,988.7920532226562,34.0,0.0,35.0,0.0,1.0,0.0,1.0,0.0,1.0,1.0,0.0,0.0,0.0,0.0
2026-06-02 13:29:46,0.0,0.0,0.0,0.0,0.0,0.0,0.0,0.0,29.29181929181929,32.02686202686203,988.7920532226562,34.0,0.0,35.0,0.0,1.0,0.0,1.0,0.0,1.0,1.0,0.0,0.0,0.0,0.0
2026-06-02 13:29:47,0.0,0.0,0.0,0.0,0.0,0.0,0.0,0.0,29.23076923076923,32.002442002442,988.7920532226562,34.0,0.0,35.0,0.0,1.0,0.0,1.0,0.0,1.0,1.0,0.0,0.0,0.0,0.0
2026-06-02 13:29:49,0.0,0.0,0.0,0.0,0.0,0.0,0.0,0.0,29.316239316239315,32.06349206349206,988.7920532226562,34.0,0.0,35.0,0.0,1.0,0.0,1.0,0.0,1.0,1.0,0.0,0.0,0.0,0.0
2026-06-02 13:29:50,0.0,0.0,0.0,0.0,0.0,0.0,0.0,0.0,29.218559218559218,31.978021978021978,988.7920532226562,34.0,0.0,35.0,0.0,1.0,0.0,1.0,0.0,1.0,1.0,0.0,0.0,0.0,0.0
2026-06-02 13:29:52,0.0,0.0,0.0,0.0,0.0,0.0,0.0,0.0,29.255189255189254,32.014652014652015,988.7920532226562,34.0,0.0,35.0,0.0,1.0,0.0,1.0,0.0,1.0,1.0,0.0,0.0,0.0,0.0
2026-06-02 13:29:53,0.0,0.0,0.0,0.0,0.0,0.0,0.0,0.0,28.60805860805861,31.623931623931625,988.7920532226562,34.0,0.0,35.0,0.0,1.0,0.0,1.0,0.0,1.0,1.0,0.0,0.0,0.0,0.0
2026-06-02 13:29:54,0.0,0.0,0.0,0.0,0.0,0.0,0.0,0.0,29.523809523809526,32.14896214896215,988.7920532226562,34.0,0.0,35.0,0.0,1.0,0.0,1.0,0.0,1.0,1.0,0.0,0.0,0.0,0.0
2026-06-02 13:29:56,0.0,0.0,0.0,0.0,0.0,0.0,0.0,0.0,29.242979242979242,32.002442002442,988.7920532226562,34.0,0.0,35.0,0.0,1.0,0.0,1.0,0.0,1.0,1.0,0.0,0.0,0.0,0.0
2026-06-02 13:29:57,0.0,0.0,0.0,0.0,0.0,0.0,0.0,0.0,29.34065934065934,32.08791208791209,988.7920532226562,34.0,0.0,35.0,0.0,1.0,0.0,1.0,0.0,1.0,1.0,0.0,0.0,0.0,0.0
2026-06-02 13:29:58,0.0,0.0,0.0,0.0,0.0,0.0,0.0,0.0,29.316239316239315,32.05128205128205,988.7920532226562,34.0,0.0,35.0,0.0,1.0,0.0,1.0,0.0,1.0,1.0,0.0,0.0,0.0,0.0
2026-06-02 13:29:59,0.0,0.0,0.0,0.0,0.0,0.0,0.0,0.0,29.29181929181929,32.075702075702075,988.7920532226562,34.0,0.0,35.0,0.0,1.0,0.0,1.0,0.0,1.0,1.0,0.0,0.0,0.0,0.0
2026-06-02 13:30:00,0.0,0.0,0.0,0.0,0.0,0.0,0.0,0.0,29.304029304029303,32.075702075702075,988.7920532226562,34.0,0.0,35.0,0.0,1.0,0.0,1.0,0.0,1.0,1.0,0.0,0.0,0.0,0.0
2026-06-02 13:30:01,0.0,0.0,0.0,0.0,0.0,0.0,0.0,0.0,29.218559218559218,31.978021978021978,988.7920532226562,34.0,0.0,35.0,0.0,1.0,0.0,1.0,0.0,1.0,1.0,0.0,0.0,0.0,0.0
2026-06-02 13:30:03,0.0,0.0,0.0,0.0,0.0,0.0,0.0,0.0,29.304029304029303,32.03907203907204,988.7920532226562,34.0,0.0,35.0,0.0,1.0,0.0,1.0,0.0,1.0,1.0,0.0,0.0,0.0,0.0
2026-06-02 13:30:04,0.0,0.0,0.0,0.0,0.0,0.0,0.0,0.0,29.316239316239315,32.03907203907204,988.7920532226562,34.0,0.0,35.0,0.0,1.0,0.0,1.0,0.0,1.0,1.0,0.0,0.0,0.0,0.0
2026-06-02 13:30:06,0.0,0.0,0.0,0.0,0.0,0.0,0.0,0.0,29.267399267399266,32.014652014652015,988.7920532226562,34.0,0.0,35.0,0.0,1.0,0.0,1.0,0.0,1.0,1.0,0.0,0.0,0.0,0.0
2026-06-02 13:30:07,0.0,0.0,0.0,0.0,0.0,0.0,0.0,0.0,29.267399267399266,32.02686202686203,988.7920532226562,34.0,0.0,35.0,0.0,1.0,0.0,1.0,0.0,1.0,1.0,0.0,0.0,0.0,0.0
2026-06-02 13:30:08,0.0,0.0,0.0,0.0,0.0,0.0,0.0,0.0,29.328449328449327,32.075702075702075,988.7920532226562,34.0,0.0,35.0,0.0,1.0,0.0,1.0,0.0,1.0,1.0,0.0,0.0,0.0,0.0
2026-06-02 13:30:09,0.0,0.0,0.0,0.0,0.0,0.0,0.0,0.0,29.242979242979242,32.02686202686203,988.7920532226562,34.0,0.0,35.0,0.0,1.0,0.0,1.0,0.0,1.0,1.0,0.0,0.0,0.0,0.0
2026-06-02 13:30:11,0.0,0.0,0.0,0.0,0.0,0.0,0.0,0.0,29.304029304029303,32.075702075702075,988.7920532226562,34.0,0.0,35.0,0.0,1.0,0.0,1.0,0.0,1.0,1.0,0.0,0.0,0.0,0.0
2026-06-02 13:30:12,0.0,0.0,0.0,0.0,0.0,0.0,0.0,0.0,29.29181929181929,32.05128205128205,988.7920532226562,34.0,0.0,35.0,0.0,1.0,0.0,1.0,0.0,1.0,1.0,0.0,0.0,0.0,0.0
2026-06-02 13:30:13,0.0,0.0,0.0,0.0,0.0,0.0,0.0,0.0,29.23076923076923,32.014652014652015,988.7920532226562,34.0,0.0,35.0,0.0,1.0,0.0,1.0,0.0,1.0,1.0,0.0,0.0,0.0,0.0
2026-06-02 13:30:14,0.0,0.0,0.0,0.0,0.0,0.0,0.0,0.0,29.328449328449327,32.06349206349206,988.7920532226562,34.0,0.0,35.0,0.0,1.0,0.0,1.0,0.0,1.0,1.0,0.0,0.0,0.0,0.0
2026-06-02 13:30:15,0.0,0.0,0.0,0.0,0.0,0.0,0.0,0.0,29.304029304029303,32.075702075702075,988.7920532226562,34.0,0.0,35.0,0.0,1.0,0.0,1.0,0.0,1.0,1.0,0.0,0.0,0.0,0.0
2026-06-02 13:30:17,0.0,0.0,0.0,0.0,0.0,0.0,0.0,0.0,29.23076923076923,31.99023199023199,988.7920532226562,34.0,0.0,35.0,0.0,1.0,0.0,1.0,0.0,1.0,1.0,0.0,0.0,0.0,0.0
2026-06-02 13:30:18,0.0,0.0,0.0,0.0,0.0,0.0,0.0,0.0,29.23076923076923,31.99023199023199,988.7920532226562,34.0,0.0,35.0,0.0,1.0,0.0,1.0,0.0,1.0,1.0,0.0,0.0,0.0,0.0
2026-06-02 13:30:19,0.0,0.0,0.0,0.0,0.0,0.0,0.0,0.0,29.255189255189254,32.014652014652015,988.7920532226562,34.0,0.0,35.0,0.0,1.0,0.0,1.0,0.0,1.0,1.0,0.0,0.0,0.0,0.0
2026-06-02 13:30:21,0.0,0.0,0.0,0.0,0.0,0.0,0.0,0.0,29.29181929181929,32.05128205128205,988.7920532226562,34.0,0.0,35.0,0.0,1.0,0.0,1.0,0.0,1.0,1.0,0.0,0.0,0.0,0.0
2026-06-02 13:30:22,0.0,0.0,0.0,0.0,0.0,0.0,0.0,0.0,29.27960927960928,32.05128205128205,988.7920532226562,34.0,0.0,35.0,0.0,1.0,0.0,1.0,0.0,1.0,1.0,0.0,0.0,0.0,0.0
2026-06-02 13:30:23,0.0,0.0,0.0,0.0,0.0,0.0,0.0,0.0,29.27960927960928,32.05128205128205,988.7920532226562,34.0,0.0,35.0,0.0,1.0,0.0,1.0,0.0,1.0,1.0,0.0,0.0,0.0,0.0
2026-06-02 13:30:24,0.0,0.0,0.0,0.0,0.0,0.0,0.0,0.0,29.304029304029303,32.06349206349206,988.7920532226562,34.0,0.0,35.0,0.0,1.0,0.0,1.0,0.0,1.0,1.0,0.0,0.0,0.0,0.0
2026-06-02 13:30:26,0.0,0.0,0.0,0.0,0.0,0.0,0.0,0.0,29.27960927960928,32.03907203907204,988.7920532226562,34.0,0.0,35.0,0.0,1.0,0.0,1.0,0.0,1.0,1.0,0.0,0.0,0.0,0.0
2026-06-02 13:30:27,0.0,0.0,0.0,0.0,0.0,0.0,0.0,0.0,29.29181929181929,32.02686202686203,988.7920532226562,34.0,0.0,35.0,0.0,1.0,0.0,1.0,0.0,1.0,1.0,0.0,0.0,0.0,0.0
2026-06-02 13:30:28,0.0,0.0,0.0,0.0,0.0,0.0,0.0,0.0,29.255189255189254,32.03907203907204,988.7920532226562,34.0,0.0,35.0,0.0,1.0,0.0,1.0,0.0,1.0,1.0,0.0,0.0,0.0,0.0
2026-06-02 13:30:29,0.0,0.0,0.0,0.0,0.0,0.0,0.0,0.0,29.255189255189254,32.03907203907204,988.7920532226562,34.0,0.0,35.0,0.0,1.0,0.0,1.0,0.0,1.0,1.0,0.0,0.0,0.0,0.0
2026-06-02 13:30:30,0.0,0.0,0.0,0.0,0.0,0.0,0.0,0.0,29.304029304029303,32.05128205128205,988.7920532226562,34.0,0.0,35.0,0.0,1.0,0.0,1.0,0.0,1.0,1.0,0.0,0.0,0.0,0.0
2026-06-02 13:30:31,0.0,0.0,0.0,0.0,0.0,0.0,0.0,0.0,29.255189255189254,32.014652014652015,988.7920532226562,34.0,0.0,35.0,0.0,1.0,0.0,1.0,0.0,1.0,1.0,0.0,0.0,0.0,0.0
2026-06-02 13:30:33,0.0,0.0,0.0,0.0,0.0,0.0,0.0,0.0,29.328449328449327,32.075702075702075,988.7920532226562,34.0,0.0,35.0,0.0,1.0,0.0,1.0,0.0,1.0,1.0,0.0,0.0,0.0,0.0
2026-06-02 13:30:34,0.0,0.0,0.0,0.0,0.0,0.0,0.0,0.0,29.242979242979242,32.02686202686203,988.7920532226562,34.0,0.0,35.0,0.0,1.0,0.0,1.0,0.0,1.0,1.0,0.0,0.0,0.0,0.0
2026-06-02 13:30:35,0.0,0.0,0.0,0.0,0.0,0.0,0.0,0.0,29.316239316239315,32.08791208791209,988.7920532226562,34.0,0.0,35.0,0.0,1.0,0.0,1.0,0.0,1.0,1.0,0.0,0.0,0.0,0.0
2026-06-02 13:30:37,0.0,0.0,0.0,0.0,0.0,0.0,0.0,0.0,29.242979242979242,32.002442002442,988.7920532226562,34.0,0.0,35.0,0.0,1.0,0.0,1.0,0.0,1.0,1.0,0.0,0.0,0.0,0.0
2026-06-02 13:30:38,0.0,0.0,0.0,0.0,0.0,0.0,0.0,0.0,29.304029304029303,32.06349206349206,988.7920532226562,34.0,0.0,35.0,0.0,1.0,0.0,1.0,0.0,1.0,1.0,0.0,0.0,0.0,0.0
2026-06-02 13:30:39,0.0,0.0,0.0,0.0,0.0,0.0,0.0,0.0,29.316239316239315,32.06349206349206,988.7920532226562,34.0,0.0,35.0,0.0,1.0,0.0,1.0,0.0,1.0,1.0,0.0,0.0,0.0,0.0
2026-06-02 13:30:40,0.0,0.0,0.0,0.0,0.0,0.0,0.0,0.0,29.218559218559218,31.99023199023199,988.7920532226562,34.0,0.0,35.0,0.0,1.0,0.0,1.0,0.0,1.0,1.0,0.0,0.0,0.0,0.0
2026-06-02 13:30:41,0.0,0.0,0.0,0.0,0.0,0.0,0.0,0.0,29.29181929181929,32.05128205128205,988.7920532226562,34.0,0.0,35.0,0.0,1.0,0.0,1.0,0.0,1.0,1.0,0.0,0.0,0.0,0.0
2026-06-02 13:30:42,0.0,0.0,0.0,0.0,0.0,0.0,0.0,0.0,29.218559218559218,31.99023199023199,988.7920532226562,34.0,0.0,35.0,0.0,1.0,0.0,1.0,0.0,1.0,1.0,0.0,0.0,0.0,0.0
2026-06-02 13:30:44,0.0,0.0,0.0,0.0,0.0,0.0,0.0,0.0,29.255189255189254,31.99023199023199,988.7920532226562,34.0,0.0,35.0,0.0,1.0,0.0,1.0,0.0,1.0,1.0,0.0,0.0,0.0,0.0
2026-06-02 13:30:45,0.0,0.0,0.0,0.0,0.0,0.0,0.0,0.0,29.255189255189254,32.02686202686203,988.7920532226562,34.0,0.0,35.0,0.0,1.0,0.0,1.0,0.0,1.0,1.0,0.0,0.0,0.0,0.0
2026-06-02 13:30:46,0.0,0.0,0.0,0.0,0.0,0.0,0.0,0.0,29.29181929181929,32.06349206349206,988.7920532226562,34.0,0.0,35.0,0.0,1.0,0.0,1.0,0.0,1.0,1.0,0.0,0.0,0.0,0.0
2026-06-02 13:30:48,0.0,0.0,0.0,0.0,0.0,0.0,0.0,0.0,29.27960927960928,32.03907203907204,988.7920532226562,34.0,0.0,35.0,0.0,1.0,0.0,1.0,0.0,1.0,1.0,0.0,0.0,0.0,0.0
2026-06-02 13:30:49,0.0,0.0,0.0,0.0,0.0,0.0,0.0,0.0,29.242979242979242,32.002442002442,988.7920532226562,34.0,0.0,35.0,0.0,1.0,0.0,1.0,0.0,1.0,1.0,0.0,0.0,0.0,0.0
2026-06-02 13:30:50,0.0,0.0,0.0,0.0,0.0,0.0,0.0,0.0,29.267399267399266,32.05128205128205,988.7920532226562,34.0,0.0,35.0,0.0,1.0,0.0,1.0,0.0,1.0,1.0,0.0,0.0,0.0,0.0
2026-06-02 13:30:52,0.0,0.0,0.0,0.0,0.0,0.0,0.0,0.0,29.218559218559218,31.978021978021978,988.7920532226562,34.0,0.0,35.0,0.0,1.0,0.0,1.0,0.0,1.0,1.0,0.0,0.0,0.0,0.0
2026-06-02 13:30:53,0.0,0.0,0.0,0.0,0.0,0.0,0.0,0.0,29.29181929181929,32.06349206349206,988.7920532226562,34.0,0.0,35.0,0.0,1.0,0.0,1.0,0.0,1.0,1.0,0.0,0.0,0.0,0.0
2026-06-02 13:30:54,0.0,0.0,0.0,0.0,0.0,0.0,0.0,0.0,28.913308913308914,31.843711843711844,988.7920532226562,34.0,0.0,35.0,0.0,1.0,0.0,1.0,0.0,1.0,1.0,0.0,0.0,0.0,0.0
2026-06-02 13:30:55,0.0,0.0,0.0,0.0,0.0,0.0,0.0,0.0,29.35286935286935,32.02686202686203,988.7920532226562,34.0,0.0,35.0,0.0,1.0,0.0,1.0,0.0,1.0,1.0,0.0,0.0,0.0,0.0
2026-06-02 13:30:57,0.0,0.0,0.0,0.0,0.0,0.0,0.0,0.0,29.27960927960928,32.02686202686203,988.7920532226562,34.0,0.0,35.0,0.0,1.0,0.0,1.0,0.0,1.0,1.0,0.0,0.0,0.0,0.0
2026-06-02 13:30:58,0.0,0.0,0.0,0.0,0.0,0.0,0.0,0.0,29.27960927960928,32.02686202686203,988.7920532226562,34.0,0.0,35.0,0.0,1.0,0.0,1.0,0.0,1.0,1.0,0.0,0.0,0.0,0.0
2026-06-02 13:30:59,0.0,0.0,0.0,0.0,0.0,0.0,0.0,0.0,29.328449328449327,32.06349206349206,988.7920532226562,34.0,0.0,35.0,0.0,1.0,0.0,1.0,0.0,1.0,1.0,0.0,0.0,0.0,0.0
2026-06-02 13:31:00,0.0,0.0,0.0,0.0,0.0,0.0,0.0,0.0,29.328449328449327,32.075702075702075,988.7920532226562,34.0,0.0,35.0,0.0,1.0,0.0,1.0,0.0,1.0,1.0,0.0,0.0,0.0,0.0
2026-06-02 13:31:01,0.0,0.0,0.0,0.0,0.0,0.0,0.0,0.0,29.206349206349206,31.965811965811966,988.7920532226562,34.0,0.0,35.0,0.0,1.0,0.0,1.0,0.0,1.0,1.0,0.0,0.0,0.0,0.0
2026-06-02 13:31:03,0.0,0.0,0.0,0.0,0.0,0.0,0.0,0.0,29.218559218559218,31.99023199023199,988.7920532226562,34.0,0.0,35.0,0.0,1.0,0.0,1.0,0.0,1.0,1.0,0.0,0.0,0.0,0.0
2026-06-02 13:31:04,0.0,0.0,0.0,0.0,0.0,0.0,0.0,0.0,29.316239316239315,32.08791208791209,988.7920532226562,34.0,0.0,35.0,0.0,1.0,0.0,1.0,0.0,1.0,1.0,0.0,0.0,0.0,0.0
2026-06-02 13:31:05,0.0,0.0,0.0,0.0,0.0,0.0,0.0,0.0,29.23076923076923,32.002442002442,988.7920532226562,34.0,0.0,35.0,0.0,1.0,0.0,1.0,0.0,1.0,1.0,0.0,0.0,0.0,0.0
2026-06-02 13:31:07,0.0,0.0,0.0,0.0,0.0,0.0,0.0,0.0,29.218559218559218,32.002442002442,988.7920532226562,34.0,0.0,35.0,0.0,1.0,0.0,1.0,0.0,1.0,1.0,0.0,0.0,0.0,0.0
2026-06-02 13:31:08,0.0,0.0,0.0,0.0,0.0,0.0,0.0,0.0,29.267399267399266,32.05128205128205,988.7920532226562,34.0,0.0,35.0,0.0,1.0,0.0,1.0,0.0,1.0,1.0,0.0,0.0,0.0,0.0
2026-06-02 13:31:09,0.0,0.0,0.0,0.0,0.0,0.0,0.0,0.0,29.242979242979242,32.014652014652015,988.7920532226562,34.0,0.0,35.0,0.0,1.0,0.0,1.0,0.0,1.0,1.0,0.0,0.0,0.0,0.0
2026-06-02 13:31:10,0.0,0.0,0.0,0.0,0.0,0.0,0.0,0.0,29.29181929181929,32.06349206349206,988.7920532226562,34.0,0.0,35.0,0.0,1.0,0.0,1.0,0.0,1.0,1.0,0.0,0.0,0.0,0.0
2026-06-02 13:31:11,0.0,0.0,0.0,0.0,0.0,0.0,0.0,0.0,29.304029304029303,32.075702075702075,988.7920532226562,34.0,0.0,35.0,0.0,1.0,0.0,1.0,0.0,1.0,1.0,0.0,0.0,0.0,0.0
2026-06-02 13:31:13,0.0,0.0,0.0,0.0,0.0,0.0,0.0,0.0,29.27960927960928,32.03907203907204,988.7920532226562,34.0,0.0,35.0,0.0,1.0,0.0,1.0,0.0,1.0,1.0,0.0,0.0,0.0,0.0
2026-06-02 13:31:14,0.0,0.0,0.0,0.0,0.0,0.0,0.0,0.0,29.194139194139193,31.965811965811966,988.7920532226562,34.0,0.0,35.0,0.0,1.0,0.0,1.0,0.0,1.0,1.0,0.0,0.0,0.0,0.0
2026-06-02 13:31:15,0.0,0.0,0.0,0.0,0.0,0.0,0.0,0.0,29.23076923076923,32.002442002442,988.7920532226562,34.0,0.0,35.0,0.0,1.0,0.0,1.0,0.0,1.0,1.0,0.0,0.0,0.0,0.0
2026-06-02 13:31:16,0.0,0.0,0.0,0.0,0.0,0.0,0.0,0.0,29.242979242979242,32.014652014652015,988.7920532226562,34.0,0.0,35.0,0.0,1.0,0.0,1.0,0.0,1.0,1.0,0.0,0.0,0.0,0.0
2026-06-02 13:31:18,0.0,0.0,0.0,0.0,0.0,0.0,0.0,0.0,29.27960927960928,32.06349206349206,988.7920532226562,34.0,0.0,35.0,0.0,1.0,0.0,1.0,0.0,1.0,1.0,0.0,0.0,0.0,0.0
2026-06-02 13:31:19,0.0,0.0,0.0,0.0,0.0,0.0,0.0,0.0,29.267399267399266,32.05128205128205,988.7920532226562,34.0,0.0,35.0,0.0,1.0,0.0,1.0,0.0,1.0,1.0,0.0,0.0,0.0,0.0
2026-06-02 13:31:20,0.0,0.0,0.0,0.0,0.0,0.0,0.0,0.0,29.267399267399266,32.03907203907204,988.7920532226562,34.0,0.0,35.0,0.0,1.0,0.0,1.0,0.0,1.0,1.0,0.0,0.0,0.0,0.0
2026-06-02 13:31:22,0.0,0.0,0.0,0.0,0.0,0.0,0.0,0.0,29.27960927960928,32.03907203907204,988.7920532226562,34.0,0.0,35.0,0.0,1.0,0.0,1.0,0.0,1.0,1.0,0.0,0.0,0.0,0.0
2026-06-02 13:31:23,0.0,0.0,0.0,0.0,0.0,0.0,0.0,0.0,29.29181929181929,32.075702075702075,988.7920532226562,34.0,0.0,35.0,0.0,1.0,0.0,1.0,0.0,1.0,1.0,0.0,0.0,0.0,0.0
2026-06-02 13:31:25,0.0,0.0,0.0,0.0,0.0,0.0,0.0,0.0,29.304029304029303,32.05128205128205,988.7920532226562,34.0,0.0,35.0,0.0,1.0,0.0,1.0,0.0,1.0,1.0,0.0,0.0,0.0,0.0
2026-06-02 13:31:26,0.0,0.0,0.0,0.0,0.0,0.0,0.0,0.0,29.27960927960928,32.06349206349206,988.7920532226562,34.0,0.0,35.0,0.0,1.0,0.0,1.0,0.0,1.0,1.0,0.0,0.0,0.0,0.0
2026-06-02 13:31:27,0.0,0.0,0.0,0.0,0.0,0.0,0.0,0.0,29.29181929181929,32.075702075702075,988.7920532226562,34.0,0.0,35.0,0.0,1.0,0.0,1.0,0.0,1.0,1.0,0.0,0.0,0.0,0.0
2026-06-02 13:31:28,0.0,0.0,0.0,0.0,0.0,0.0,0.0,0.0,29.255189255189254,32.05128205128205,988.7920532226562,34.0,0.0,35.0,0.0,1.0,0.0,1.0,0.0,1.0,1.0,0.0,0.0,0.0,0.0
2026-06-02 13:31:30,0.0,0.0,0.0,0.0,0.0,0.0,0.0,0.0,29.304029304029303,32.06349206349206,988.7920532226562,34.0,0.0,35.0,0.0,1.0,0.0,1.0,0.0,1.0,1.0,0.0,0.0,0.0,0.0
2026-06-02 13:31:31,0.0,0.0,0.0,0.0,0.0,0.0,0.0,0.0,29.218559218559218,31.99023199023199,988.7920532226562,34.0,0.0,35.0,0.0,1.0,0.0,1.0,0.0,1.0,1.0,0.0,0.0,0.0,0.0
2026-06-02 13:31:32,0.0,0.0,0.0,0.0,0.0,0.0,0.0,0.0,29.27960927960928,32.03907203907204,988.7920532226562,34.0,0.0,35.0,0.0,1.0,0.0,1.0,0.0,1.0,1.0,0.0,0.0,0.0,0.0
2026-06-02 13:31:33,0.0,0.0,0.0,0.0,0.0,0.0,0.0,0.0,29.23076923076923,32.014652014652015,988.7920532226562,34.0,0.0,35.0,0.0,1.0,0.0,1.0,0.0,1.0,1.0,0.0,0.0,0.0,0.0
2026-06-02 13:31:34,0.0,0.0,0.0,0.0,0.0,0.0,0.0,0.0,29.316239316239315,32.06349206349206,988.7920532226562,34.0,0.0,35.0,0.0,1.0,0.0,1.0,0.0,1.0,1.0,0.0,0.0,0.0,0.0
2026-06-02 13:31:36,0.0,0.0,0.0,0.0,0.0,0.0,0.0,0.0,29.304029304029303,32.06349206349206,988.7920532226562,34.0,0.0,35.0,0.0,1.0,0.0,1.0,0.0,1.0,1.0,0.0,0.0,0.0,0.0
2026-06-02 13:31:37,0.0,0.0,0.0,0.0,0.0,0.0,0.0,0.0,29.27960927960928,32.03907203907204,988.7920532226562,34.0,0.0,35.0,0.0,1.0,0.0,1.0,0.0,1.0,1.0,0.0,0.0,0.0,0.0
2026-06-02 13:31:38,0.0,0.0,0.0,0.0,0.0,0.0,0.0,0.0,29.316239316239315,32.06349206349206,988.7920532226562,34.0,0.0,35.0,0.0,1.0,0.0,1.0,0.0,1.0,1.0,0.0,0.0,0.0,0.0
2026-06-02 13:31:40,0.0,0.0,0.0,0.0,0.0,0.0,0.0,0.0,29.255189255189254,32.03907203907204,988.7920532226562,34.0,0.0,35.0,0.0,1.0,0.0,1.0,0.0,1.0,1.0,0.0,0.0,0.0,0.0
2026-06-02 13:31:41,0.0,0.0,0.0,0.0,0.0,0.0,0.0,0.0,29.23076923076923,32.014652014652015,988.7920532226562,34.0,0.0,35.0,0.0,1.0,0.0,1.0,0.0,1.0,1.0,0.0,0.0,0.0,0.0
2026-06-02 13:31:42,0.0,0.0,0.0,0.0,0.0,0.0,0.0,0.0,29.218559218559218,31.99023199023199,988.7920532226562,34.0,0.0,35.0,0.0,1.0,0.0,1.0,0.0,1.0,1.0,0.0,0.0,0.0,0.0
2026-06-02 13:31:43,0.0,0.0,0.0,0.0,0.0,0.0,0.0,0.0,29.304029304029303,32.06349206349206,988.7920532226562,34.0,0.0,35.0,0.0,1.0,0.0,1.0,0.0,1.0,1.0,0.0,0.0,0.0,0.0
2026-06-02 13:31:44,0.0,0.0,0.0,0.0,0.0,0.0,0.0,0.0,29.27960927960928,32.075702075702075,988.7920532226562,34.0,0.0,35.0,0.0,1.0,0.0,1.0,0.0,1.0,1.0,0.0,0.0,0.0,0.0
2026-06-02 13:31:45,0.0,0.0,0.0,0.0,0.0,0.0,0.0,0.0,29.242979242979242,32.014652014652015,988.7920532226562,34.0,0.0,35.0,0.0,1.0,0.0,1.0,0.0,1.0,1.0,0.0,0.0,0.0,0.0
2026-06-02 13:31:46,0.0,0.0,0.0,0.0,0.0,0.0,0.0,0.0,29.267399267399266,32.03907203907204,988.7920532226562,34.0,0.0,35.0,0.0,1.0,0.0,1.0,0.0,1.0,1.0,0.0,0.0,0.0,0.0
2026-06-02 13:31:47,0.0,0.0,0.0,0.0,0.0,0.0,0.0,0.0,29.194139194139193,31.978021978021978,988.7920532226562,34.0,0.0,35.0,0.0,1.0,0.0,1.0,0.0,1.0,1.0,0.0,0.0,0.0,0.0
2026-06-02 13:31:48,0.0,0.0,0.0,0.0,0.0,0.0,0.0,0.0,29.218559218559218,31.978021978021978,988.7920532226562,34.0,0.0,35.0,0.0,1.0,0.0,1.0,0.0,1.0,1.0,0.0,0.0,0.0,0.0
2026-06-02 13:31:50,0.0,0.0,0.0,0.0,0.0,0.0,0.0,0.0,29.255189255189254,32.02686202686203,988.7920532226562,34.0,0.0,35.0,0.0,1.0,0.0,1.0,0.0,1.0,1.0,0.0,0.0,0.0,0.0
2026-06-02 13:31:51,0.0,0.0,0.0,0.0,0.0,0.0,0.0,0.0,29.23076923076923,32.014652014652015,988.7920532226562,34.0,0.0,35.0,0.0,1.0,0.0,1.0,0.0,1.0,1.0,0.0,0.0,0.0,0.0
2026-06-02 13:31:52,0.0,0.0,0.0,0.0,0.0,0.0,0.0,0.0,29.29181929181929,32.075702075702075,988.7920532226562,34.0,0.0,35.0,0.0,1.0,0.0,1.0,0.0,1.0,1.0,0.0,0.0,0.0,0.0
2026-06-02 13:31:53,0.0,0.0,0.0,0.0,0.0,0.0,0.0,0.0,29.206349206349206,31.978021978021978,988.7920532226562,34.0,0.0,35.0,0.0,1.0,0.0,1.0,0.0,1.0,1.0,0.0,0.0,0.0,0.0
2026-06-02 13:31:55,0.0,0.0,0.0,0.0,0.0,0.0,0.0,0.0,29.218559218559218,31.965811965811966,988.7920532226562,34.0,0.0,35.0,0.0,1.0,0.0,1.0,0.0,1.0,1.0,0.0,0.0,0.0,0.0
2026-06-02 13:31:56,0.0,0.0,0.0,0.0,0.0,0.0,0.0,0.0,29.242979242979242,32.02686202686203,988.7920532226562,34.0,0.0,35.0,0.0,1.0,0.0,1.0,0.0,1.0,1.0,0.0,0.0,0.0,0.0
2026-06-02 13:31:58,0.0,0.0,0.0,0.0,0.0,0.0,0.0,0.0,29.27960927960928,32.05128205128205,988.7920532226562,34.0,0.0,35.0,0.0,1.0,0.0,1.0,0.0,1.0,1.0,0.0,0.0,0.0,0.0
2026-06-02 13:31:59,0.0,0.0,0.0,0.0,0.0,0.0,0.0,0.0,29.304029304029303,32.05128205128205,988.7920532226562,34.0,0.0,35.0,0.0,1.0,0.0,1.0,0.0,1.0,1.0,0.0,0.0,0.0,0.0
2026-06-02 13:32:00,0.0,0.0,0.0,0.0,0.0,0.0,0.0,0.0,29.23076923076923,32.002442002442,988.7920532226562,34.0,0.0,35.0,0.0,1.0,0.0,1.0,0.0,1.0,1.0,0.0,0.0,0.0,0.0
2026-06-02 13:32:02,0.0,0.0,0.0,0.0,0.0,0.0,0.0,0.0,29.29181929181929,32.06349206349206,988.7920532226562,34.0,0.0,35.0,0.0,1.0,0.0,1.0,0.0,1.0,1.0,0.0,0.0,0.0,0.0
2026-06-02 13:32:03,0.0,0.0,0.0,0.0,0.0,0.0,0.0,0.0,29.304029304029303,32.075702075702075,988.7920532226562,34.0,0.0,35.0,0.0,1.0,0.0,1.0,0.0,1.0,1.0,0.0,0.0,0.0,0.0
2026-06-02 13:32:04,0.0,0.0,0.0,0.0,0.0,0.0,0.0,0.0,29.23076923076923,31.99023199023199,988.7920532226562,34.0,0.0,35.0,0.0,1.0,0.0,1.0,0.0,1.0,1.0,0.0,0.0,0.0,0.0
2026-06-02 13:32:05,0.0,0.0,0.0,0.0,0.0,0.0,0.0,0.0,29.23076923076923,31.99023199023199,988.7920532226562,34.0,0.0,35.0,0.0,1.0,0.0,1.0,0.0,1.0,1.0,0.0,0.0,0.0,0.0
2026-06-02 13:32:06,0.0,0.0,0.0,0.0,0.0,0.0,0.0,0.0,29.267399267399266,32.05128205128205,988.7920532226562,34.0,0.0,35.0,0.0,1.0,0.0,1.0,0.0,1.0,1.0,0.0,0.0,0.0,0.0
2026-06-02 13:32:08,0.0,0.0,0.0,0.0,0.0,0.0,0.0,0.0,29.218559218559218,32.002442002442,988.7920532226562,34.0,0.0,35.0,0.0,1.0,0.0,1.0,0.0,1.0,1.0,0.0,0.0,0.0,0.0
2026-06-02 13:32:09,0.0,0.0,0.0,0.0,0.0,0.0,0.0,0.0,29.218559218559218,32.002442002442,988.7920532226562,34.0,0.0,35.0,0.0,1.0,0.0,1.0,0.0,1.0,1.0,0.0,0.0,0.0,0.0
2026-06-02 13:32:10,0.0,0.0,0.0,0.0,0.0,0.0,0.0,0.0,29.29181929181929,32.05128205128205,988.7920532226562,34.0,0.0,35.0,0.0,1.0,0.0,1.0,0.0,1.0,1.0,0.0,0.0,0.0,0.0
2026-06-02 13:32:12,0.0,0.0,0.0,0.0,0.0,0.0,0.0,0.0,29.29181929181929,32.03907203907204,988.7920532226562,34.0,0.0,35.0,0.0,1.0,0.0,1.0,0.0,1.0,1.0,0.0,0.0,0.0,0.0
2026-06-02 13:32:13,0.0,0.0,0.0,0.0,0.0,0.0,0.0,0.0,29.23076923076923,32.02686202686203,988.7920532226562,34.0,0.0,35.0,0.0,1.0,0.0,1.0,0.0,1.0,1.0,0.0,0.0,0.0,0.0
2026-06-02 13:32:15,0.0,0.0,0.0,0.0,0.0,0.0,0.0,0.0,29.27960927960928,32.014652014652015,988.7920532226562,34.0,0.0,35.0,0.0,1.0,0.0,1.0,0.0,1.0,1.0,0.0,0.0,0.0,0.0
2026-06-02 13:32:16,0.0,0.0,0.0,0.0,0.0,0.0,0.0,0.0,29.242979242979242,32.03907203907204,988.7920532226562,34.0,0.0,35.0,0.0,1.0,0.0,1.0,0.0,1.0,1.0,0.0,0.0,0.0,0.0
2026-06-02 13:32:18,0.0,0.0,0.0,0.0,0.0,0.0,0.0,0.0,29.29181929181929,32.06349206349206,988.7920532226562,34.0,0.0,35.0,0.0,1.0,0.0,1.0,0.0,1.0,1.0,0.0,0.0,0.0,0.0
2026-06-02 13:32:19,0.0,0.0,0.0,0.0,0.0,0.0,0.0,0.0,29.23076923076923,32.002442002442,988.7920532226562,34.0,0.0,35.0,0.0,1.0,0.0,1.0,0.0,1.0,1.0,0.0,0.0,0.0,0.0
2026-06-02 13:32:20,0.0,0.0,0.0,0.0,0.0,0.0,0.0,0.0,29.267399267399266,32.06349206349206,988.7920532226562,34.0,0.0,35.0,0.0,1.0,0.0,1.0,0.0,1.0,1.0,0.0,0.0,0.0,0.0
2026-06-02 13:32:22,0.0,0.0,0.0,0.0,0.0,0.0,0.0,0.0,29.29181929181929,32.075702075702075,988.7920532226562,34.0,0.0,35.0,0.0,1.0,0.0,1.0,0.0,1.0,1.0,0.0,0.0,0.0,0.0
2026-06-02 13:32:23,0.0,0.0,0.0,0.0,0.0,0.0,0.0,0.0,29.218559218559218,31.99023199023199,988.7920532226562,34.0,0.0,35.0,0.0,1.0,0.0,1.0,0.0,1.0,1.0,0.0,0.0,0.0,0.0
2026-06-02 13:32:24,0.0,0.0,0.0,0.0,0.0,0.0,0.0,0.0,29.218559218559218,31.99023199023199,988.7920532226562,34.0,0.0,35.0,0.0,1.0,0.0,1.0,0.0,1.0,1.0,0.0,0.0,0.0,0.0
2026-06-02 13:32:25,0.0,0.0,0.0,0.0,0.0,0.0,0.0,0.0,29.18192918192918,31.965811965811966,988.7920532226562,34.0,0.0,35.0,0.0,1.0,0.0,1.0,0.0,1.0,1.0,0.0,0.0,0.0,0.0
2026-06-02 13:32:27,0.0,0.0,0.0,0.0,0.0,0.0,0.0,0.0,28.55921855921856,31.636141636141637,988.7920532226562,34.0,0.0,35.0,0.0,1.0,0.0,1.0,0.0,1.0,1.0,0.0,0.0,0.0,0.0
2026-06-02 13:32:28,0.0,0.0,0.0,0.0,0.0,0.0,0.0,0.0,29.27960927960928,32.05128205128205,988.7920532226562,34.0,0.0,35.0,0.0,1.0,0.0,1.0,0.0,1.0,1.0,0.0,0.0,0.0,0.0
2026-06-02 13:32:29,0.0,0.0,0.0,0.0,0.0,0.0,0.0,0.0,29.413919413919412,32.14896214896215,988.7920532226562,34.0,0.0,35.0,0.0,1.0,0.0,1.0,0.0,1.0,1.0,0.0,0.0,0.0,0.0
2026-06-02 13:32:30,0.0,0.0,0.0,0.0,0.0,0.0,0.0,0.0,29.34065934065934,32.05128205128205,988.7920532226562,34.0,0.0,35.0,0.0,1.0,0.0,1.0,0.0,1.0,1.0,0.0,0.0,0.0,0.0
2026-06-02 13:32:32,0.0,0.0,0.0,0.0,0.0,0.0,0.0,0.0,29.29181929181929,32.06349206349206,988.7920532226562,34.0,0.0,35.0,0.0,1.0,0.0,1.0,0.0,1.0,1.0,0.0,0.0,0.0,0.0
2026-06-02 13:32:33,0.0,0.0,0.0,0.0,0.0,0.0,0.0,0.0,29.255189255189254,32.02686202686203,988.7920532226562,34.0,0.0,35.0,0.0,1.0,0.0,1.0,0.0,1.0,1.0,0.0,0.0,0.0,0.0
2026-06-02 13:32:34,0.0,0.0,0.0,0.0,0.0,0.0,0.0,0.0,29.23076923076923,31.978021978021978,988.7920532226562,34.0,0.0,35.0,0.0,1.0,0.0,1.0,0.0,1.0,1.0,0.0,0.0,0.0,0.0
2026-06-02 13:32:35,0.0,0.0,0.0,0.0,0.0,0.0,0.0,0.0,29.34065934065934,32.1001221001221,988.7920532226562,34.0,0.0,35.0,0.0,1.0,0.0,1.0,0.0,1.0,1.0,0.0,0.0,0.0,0.0
2026-06-02 13:32:37,0.0,0.0,0.0,0.0,0.0,0.0,0.0,0.0,29.316239316239315,32.075702075702075,988.7920532226562,34.0,0.0,35.0,0.0,1.0,0.0,1.0,0.0,1.0,1.0,0.0,0.0,0.0,0.0
2026-06-02 13:32:38,0.0,0.0,0.0,0.0,0.0,0.0,0.0,0.0,29.267399267399266,32.02686202686203,988.7920532226562,34.0,0.0,35.0,0.0,1.0,0.0,1.0,0.0,1.0,1.0,0.0,0.0,0.0,0.0
2026-06-02 13:32:40,0.0,0.0,0.0,0.0,0.0,0.0,0.0,0.0,29.27960927960928,32.03907203907204,988.7920532226562,34.0,0.0,35.0,0.0,1.0,0.0,1.0,0.0,1.0,1.0,0.0,0.0,0.0,0.0
2026-06-02 13:32:41,0.0,0.0,0.0,0.0,0.0,0.0,0.0,0.0,29.218559218559218,31.99023199023199,988.7920532226562,34.0,0.0,35.0,0.0,1.0,0.0,1.0,0.0,1.0,1.0,0.0,0.0,0.0,0.0
2026-06-02 13:32:42,0.0,0.0,0.0,0.0,0.0,0.0,0.0,0.0,29.316239316239315,32.1001221001221,988.7920532226562,34.0,0.0,35.0,0.0,1.0,0.0,1.0,0.0,1.0,1.0,0.0,0.0,0.0,0.0
2026-06-02 13:32:43,0.0,0.0,0.0,0.0,0.0,0.0,0.0,0.0,29.304029304029303,32.075702075702075,988.7920532226562,34.0,0.0,35.0,0.0,1.0,0.0,1.0,0.0,1.0,1.0,0.0,0.0,0.0,0.0
2026-06-02 13:32:44,0.0,0.0,0.0,0.0,0.0,0.0,0.0,0.0,29.23076923076923,31.99023199023199,988.7920532226562,34.0,0.0,35.0,0.0,1.0,0.0,1.0,0.0,1.0,1.0,0.0,0.0,0.0,0.0
2026-06-02 13:32:45,0.0,0.0,0.0,0.0,0.0,0.0,0.0,0.0,29.206349206349206,31.99023199023199,988.7920532226562,34.0,0.0,35.0,0.0,1.0,0.0,1.0,0.0,1.0,1.0,0.0,0.0,0.0,0.0
2026-06-02 13:32:46,0.0,0.0,0.0,0.0,0.0,0.0,0.0,0.0,29.316239316239315,32.075702075702075,988.7920532226562,34.0,0.0,35.0,0.0,1.0,0.0,1.0,0.0,1.0,1.0,0.0,0.0,0.0,0.0
2026-06-02 13:32:48,0.0,0.0,0.0,0.0,0.0,0.0,0.0,0.0,29.23076923076923,32.014652014652015,988.7920532226562,34.0,0.0,35.0,0.0,1.0,0.0,1.0,0.0,1.0,1.0,0.0,0.0,0.0,0.0
2026-06-02 13:32:49,0.0,0.0,0.0,0.0,0.0,0.0,0.0,0.0,29.255189255189254,31.99023199023199,988.7920532226562,34.0,0.0,35.0,0.0,1.0,0.0,1.0,0.0,1.0,1.0,0.0,0.0,0.0,0.0
2026-06-02 13:32:50,0.0,0.0,0.0,0.0,0.0,0.0,0.0,0.0,29.242979242979242,32.014652014652015,988.7920532226562,34.0,0.0,35.0,0.0,1.0,0.0,1.0,0.0,1.0,1.0,0.0,0.0,0.0,0.0
2026-06-02 13:32:51,0.0,0.0,0.0,0.0,0.0,0.0,0.0,0.0,29.218559218559218,31.978021978021978,988.7920532226562,34.0,0.0,35.0,0.0,1.0,0.0,1.0,0.0,1.0,1.0,0.0,0.0,0.0,0.0
2026-06-02 13:32:53,0.0,0.0,0.0,0.0,0.0,0.0,0.0,0.0,29.304029304029303,32.075702075702075,988.7920532226562,34.0,0.0,35.0,0.0,1.0,0.0,1.0,0.0,1.0,1.0,0.0,0.0,0.0,0.0
2026-06-02 13:32:54,0.0,0.0,0.0,0.0,0.0,0.0,0.0,0.0,29.242979242979242,32.014652014652015,988.7920532226562,34.0,0.0,35.0,0.0,1.0,0.0,1.0,0.0,1.0,1.0,0.0,0.0,0.0,0.0
2026-06-02 13:32:55,0.0,0.0,0.0,0.0,0.0,0.0,0.0,0.0,29.242979242979242,32.014652014652015,988.7920532226562,34.0,0.0,35.0,0.0,1.0,0.0,1.0,0.0,1.0,1.0,0.0,0.0,0.0,0.0
2026-06-02 13:32:56,0.0,0.0,0.0,0.0,0.0,0.0,0.0,0.0,29.27960927960928,32.05128205128205,988.7920532226562,34.0,0.0,35.0,0.0,1.0,0.0,1.0,0.0,1.0,1.0,0.0,0.0,0.0,0.0
2026-06-02 13:32:58,0.0,0.0,0.0,0.0,0.0,0.0,0.0,0.0,29.27960927960928,32.03907203907204,988.7920532226562,34.0,0.0,35.0,0.0,1.0,0.0,1.0,0.0,1.0,1.0,0.0,0.0,0.0,0.0
2026-06-02 13:32:59,0.0,0.0,0.0,0.0,0.0,0.0,0.0,0.0,29.206349206349206,32.002442002442,988.7920532226562,34.0,0.0,35.0,0.0,1.0,0.0,1.0,0.0,1.0,1.0,0.0,0.0,0.0,0.0
2026-06-02 13:33:00,0.0,0.0,0.0,0.0,0.0,0.0,0.0,0.0,29.242979242979242,32.014652014652015,988.7920532226562,34.0,0.0,35.0,0.0,1.0,0.0,1.0,0.0,1.0,1.0,0.0,0.0,0.0,0.0
2026-06-02 13:33:01,0.0,0.0,0.0,0.0,0.0,0.0,0.0,0.0,29.304029304029303,32.075702075702075,988.7920532226562,34.0,0.0,35.0,0.0,1.0,0.0,1.0,0.0,1.0,1.0,0.0,0.0,0.0,0.0
2026-06-02 13:33:03,0.0,0.0,0.0,0.0,0.0,0.0,0.0,0.0,29.218559218559218,32.014652014652015,988.7920532226562,34.0,0.0,35.0,0.0,1.0,0.0,1.0,0.0,1.0,1.0,0.0,0.0,0.0,0.0
2026-06-02 13:33:04,0.0,0.0,0.0,0.0,0.0,0.0,0.0,0.0,29.194139194139193,31.965811965811966,988.7920532226562,34.0,0.0,35.0,0.0,1.0,0.0,1.0,0.0,1.0,1.0,0.0,0.0,0.0,0.0
2026-06-02 13:33:06,0.0,0.0,0.0,0.0,0.0,0.0,0.0,0.0,29.242979242979242,32.002442002442,988.7920532226562,34.0,0.0,35.0,0.0,1.0,0.0,1.0,0.0,1.0,1.0,0.0,0.0,0.0,0.0
2026-06-02 13:33:07,0.0,0.0,0.0,0.0,0.0,0.0,0.0,0.0,29.206349206349206,31.99023199023199,988.7920532226562,34.0,0.0,35.0,0.0,1.0,0.0,1.0,0.0,1.0,1.0,0.0,0.0,0.0,0.0
2026-06-02 13:33:08,0.0,0.0,0.0,0.0,0.0,0.0,0.0,0.0,29.194139194139193,31.99023199023199,988.7920532226562,34.0,0.0,35.0,0.0,1.0,0.0,1.0,0.0,1.0,1.0,0.0,0.0,0.0,0.0
2026-06-02 13:33:10,0.0,0.0,0.0,0.0,0.0,0.0,0.0,0.0,29.23076923076923,31.965811965811966,988.7920532226562,34.0,0.0,35.0,0.0,1.0,0.0,1.0,0.0,1.0,1.0,0.0,0.0,0.0,0.0
2026-06-02 13:33:11,0.0,0.0,0.0,0.0,0.0,0.0,0.0,0.0,29.242979242979242,32.03907203907204,988.7920532226562,34.0,0.0,35.0,0.0,1.0,0.0,1.0,0.0,1.0,1.0,0.0,0.0,0.0,0.0
2026-06-02 13:33:12,0.0,0.0,0.0,0.0,0.0,0.0,0.0,0.0,29.255189255189254,32.03907203907204,988.7920532226562,34.0,0.0,35.0,0.0,1.0,0.0,1.0,0.0,1.0,1.0,0.0,0.0,0.0,0.0
2026-06-02 13:33:14,0.0,0.0,0.0,0.0,0.0,0.0,0.0,0.0,29.328449328449327,32.075702075702075,988.7920532226562,34.0,0.0,35.0,0.0,1.0,0.0,1.0,0.0,1.0,1.0,0.0,0.0,0.0,0.0
2026-06-02 13:33:15,0.0,0.0,0.0,0.0,0.0,0.0,0.0,0.0,29.18192918192918,31.99023199023199,988.7920532226562,34.0,0.0,35.0,0.0,1.0,0.0,1.0,0.0,1.0,1.0,0.0,0.0,0.0,0.0
2026-06-02 13:33:16,0.0,0.0,0.0,0.0,0.0,0.0,0.0,0.0,29.23076923076923,32.014652014652015,988.7920532226562,34.0,0.0,35.0,0.0,1.0,0.0,1.0,0.0,1.0,1.0,0.0,0.0,0.0,0.0
2026-06-02 13:33:18,0.0,0.0,0.0,0.0,0.0,0.0,0.0,0.0,29.27960927960928,32.03907203907204,988.7920532226562,34.0,0.0,35.0,0.0,1.0,0.0,1.0,0.0,1.0,1.0,0.0,0.0,0.0,0.0
2026-06-02 13:33:19,0.0,0.0,0.0,0.0,0.0,0.0,0.0,0.0,29.29181929181929,32.03907203907204,988.7920532226562,34.0,0.0,35.0,0.0,1.0,0.0,1.0,0.0,1.0,1.0,0.0,0.0,0.0,0.0
2026-06-02 13:33:21,0.0,0.0,0.0,0.0,0.0,0.0,0.0,0.0,29.29181929181929,32.06349206349206,988.7920532226562,34.0,0.0,35.0,0.0,1.0,0.0,1.0,0.0,1.0,1.0,0.0,0.0,0.0,0.0
2026-06-02 13:33:22,0.0,0.0,0.0,0.0,0.0,0.0,0.0,0.0,29.206349206349206,32.002442002442,988.7920532226562,34.0,0.0,35.0,0.0,1.0,0.0,1.0,0.0,1.0,1.0,0.0,0.0,0.0,0.0
2026-06-02 13:33:24,0.0,0.0,0.0,0.0,0.0,0.0,0.0,0.0,29.267399267399266,32.05128205128205,988.7920532226562,34.0,0.0,35.0,0.0,1.0,0.0,1.0,0.0,1.0,1.0,0.0,0.0,0.0,0.0
2026-06-02 13:33:25,0.0,0.0,0.0,0.0,0.0,0.0,0.0,0.0,29.27960927960928,32.05128205128205,988.7920532226562,34.0,0.0,35.0,0.0,1.0,0.0,1.0,0.0,1.0,1.0,0.0,0.0,0.0,0.0
2026-06-02 13:33:26,0.0,0.0,0.0,0.0,0.0,0.0,0.0,0.0,29.267399267399266,32.03907203907204,988.7920532226562,34.0,0.0,35.0,0.0,1.0,0.0,1.0,0.0,1.0,1.0,0.0,0.0,0.0,0.0
2026-06-02 13:33:27,0.0,0.0,0.0,0.0,0.0,0.0,0.0,0.0,29.23076923076923,32.002442002442,988.7920532226562,34.0,0.0,35.0,0.0,1.0,0.0,1.0,0.0,1.0,1.0,0.0,0.0,0.0,0.0
2026-06-02 13:33:29,0.0,0.0,0.0,0.0,0.0,0.0,0.0,0.0,29.27960927960928,32.05128205128205,988.7920532226562,34.0,0.0,35.0,0.0,1.0,0.0,1.0,0.0,1.0,1.0,0.0,0.0,0.0,0.0
2026-06-02 13:33:30,0.0,0.0,0.0,0.0,0.0,0.0,0.0,0.0,29.242979242979242,31.99023199023199,988.7920532226562,34.0,0.0,35.0,0.0,1.0,0.0,1.0,0.0,1.0,1.0,0.0,0.0,0.0,0.0
2026-06-02 13:33:31,0.0,0.0,0.0,0.0,0.0,0.0,0.0,0.0,29.23076923076923,32.002442002442,988.7920532226562,34.0,0.0,35.0,0.0,1.0,0.0,1.0,0.0,1.0,1.0,0.0,0.0,0.0,0.0
2026-06-02 13:33:32,0.0,0.0,0.0,0.0,0.0,0.0,0.0,0.0,29.23076923076923,32.002442002442,988.7920532226562,34.0,0.0,35.0,0.0,1.0,0.0,1.0,0.0,1.0,1.0,0.0,0.0,0.0,0.0
2026-06-02 13:33:34,0.0,0.0,0.0,0.0,0.0,0.0,0.0,0.0,29.194139194139193,31.978021978021978,988.7920532226562,34.0,0.0,35.0,0.0,1.0,0.0,1.0,0.0,1.0,1.0,0.0,0.0,0.0,0.0
2026-06-02 13:33:35,0.0,0.0,0.0,0.0,0.0,0.0,0.0,0.0,29.267399267399266,32.02686202686203,988.7920532226562,34.0,0.0,35.0,0.0,1.0,0.0,1.0,0.0,1.0,1.0,0.0,0.0,0.0,0.0
2026-06-02 13:33:36,0.0,0.0,0.0,0.0,0.0,0.0,0.0,0.0,29.218559218559218,32.002442002442,988.7920532226562,34.0,0.0,35.0,0.0,1.0,0.0,1.0,0.0,1.0,1.0,0.0,0.0,0.0,0.0
2026-06-02 13:33:38,0.0,0.0,0.0,0.0,0.0,0.0,0.0,0.0,29.27960927960928,32.06349206349206,988.7920532226562,34.0,0.0,35.0,0.0,1.0,0.0,1.0,0.0,1.0,1.0,0.0,0.0,0.0,0.0
2026-06-02 13:33:39,0.0,0.0,0.0,0.0,0.0,0.0,0.0,0.0,29.242979242979242,32.02686202686203,988.7920532226562,34.0,0.0,35.0,0.0,1.0,0.0,1.0,0.0,1.0,1.0,0.0,0.0,0.0,0.0
2026-06-02 13:33:41,0.0,0.0,0.0,0.0,0.0,0.0,0.0,0.0,29.29181929181929,32.075702075702075,988.7920532226562,34.0,0.0,35.0,0.0,1.0,0.0,1.0,0.0,1.0,1.0,0.0,0.0,0.0,0.0
2026-06-02 13:33:42,0.0,0.0,0.0,0.0,0.0,0.0,0.0,0.0,29.218559218559218,32.002442002442,988.7920532226562,34.0,0.0,35.0,0.0,1.0,0.0,1.0,0.0,1.0,1.0,0.0,0.0,0.0,0.0
2026-06-02 13:33:43,0.0,0.0,0.0,0.0,0.0,0.0,0.0,0.0,29.267399267399266,32.02686202686203,988.7920532226562,34.0,0.0,35.0,0.0,1.0,0.0,1.0,0.0,1.0,1.0,0.0,0.0,0.0,0.0
2026-06-02 13:33:45,0.0,0.0,0.0,0.0,0.0,0.0,0.0,0.0,29.218559218559218,31.978021978021978,988.7920532226562,34.0,0.0,35.0,0.0,1.0,0.0,1.0,0.0,1.0,1.0,0.0,0.0,0.0,0.0
2026-06-02 13:33:46,0.0,0.0,0.0,0.0,0.0,0.0,0.0,0.0,29.194139194139193,31.99023199023199,988.7920532226562,34.0,0.0,35.0,0.0,1.0,0.0,1.0,0.0,1.0,1.0,0.0,0.0,0.0,0.0
2026-06-02 13:33:47,0.0,0.0,0.0,0.0,0.0,0.0,0.0,0.0,29.29181929181929,32.075702075702075,988.7920532226562,34.0,0.0,35.0,0.0,1.0,0.0,1.0,0.0,1.0,1.0,0.0,0.0,0.0,0.0
2026-06-02 13:33:48,0.0,0.0,0.0,0.0,0.0,0.0,0.0,0.0,29.218559218559218,31.99023199023199,988.7920532226562,34.0,0.0,35.0,0.0,1.0,0.0,1.0,0.0,1.0,1.0,0.0,0.0,0.0,0.0
2026-06-02 13:33:49,0.0,0.0,0.0,0.0,0.0,0.0,0.0,0.0,29.255189255189254,32.002442002442,988.7920532226562,34.0,0.0,35.0,0.0,1.0,0.0,1.0,0.0,1.0,1.0,0.0,0.0,0.0,0.0
2026-06-02 13:33:51,0.0,0.0,0.0,0.0,0.0,0.0,0.0,0.0,29.218559218559218,32.014652014652015,988.7920532226562,34.0,0.0,35.0,0.0,1.0,0.0,1.0,0.0,1.0,1.0,0.0,0.0,0.0,0.0
2026-06-02 13:33:52,0.0,0.0,0.0,0.0,0.0,0.0,0.0,0.0,29.27960927960928,32.05128205128205,988.7920532226562,34.0,0.0,35.0,0.0,1.0,0.0,1.0,0.0,1.0,1.0,0.0,0.0,0.0,0.0
2026-06-02 13:33:53,0.0,0.0,0.0,0.0,0.0,0.0,0.0,0.0,29.27960927960928,32.05128205128205,988.7920532226562,34.0,0.0,35.0,0.0,1.0,0.0,1.0,0.0,1.0,1.0,0.0,0.0,0.0,0.0
2026-06-02 13:33:55,0.0,0.0,0.0,0.0,0.0,0.0,0.0,0.0,29.29181929181929,32.05128205128205,988.7920532226562,34.0,0.0,35.0,0.0,1.0,0.0,1.0,0.0,1.0,1.0,0.0,0.0,0.0,0.0
2026-06-02 13:33:56,0.0,0.0,0.0,0.0,0.0,0.0,0.0,0.0,29.304029304029303,32.08791208791209,988.7920532226562,34.0,0.0,35.0,0.0,1.0,0.0,1.0,0.0,1.0,1.0,0.0,0.0,0.0,0.0
2026-06-02 13:33:57,0.0,0.0,0.0,0.0,0.0,0.0,0.0,0.0,29.206349206349206,32.002442002442,988.7920532226562,34.0,0.0,35.0,0.0,1.0,0.0,1.0,0.0,1.0,1.0,0.0,0.0,0.0,0.0
2026-06-02 13:33:59,0.0,0.0,0.0,0.0,0.0,0.0,0.0,0.0,29.218559218559218,31.99023199023199,988.7920532226562,34.0,0.0,35.0,0.0,1.0,0.0,1.0,0.0,1.0,1.0,0.0,0.0,0.0,0.0
2026-06-02 13:34:00,0.0,0.0,0.0,0.0,0.0,0.0,0.0,0.0,29.27960927960928,32.05128205128205,988.7920532226562,34.0,0.0,35.0,0.0,1.0,0.0,1.0,0.0,1.0,1.0,0.0,0.0,0.0,0.0
2026-06-02 13:34:02,0.0,0.0,0.0,0.0,0.0,0.0,0.0,0.0,29.255189255189254,32.014652014652015,988.7920532226562,34.0,0.0,35.0,0.0,1.0,0.0,1.0,0.0,1.0,1.0,0.0,0.0,0.0,0.0
2026-06-02 13:34:03,0.0,0.0,0.0,0.0,0.0,0.0,0.0,0.0,29.194139194139193,31.965811965811966,988.7920532226562,34.0,0.0,35.0,0.0,1.0,0.0,1.0,0.0,1.0,1.0,0.0,0.0,0.0,0.0
2026-06-02 13:34:04,0.0,0.0,0.0,0.0,0.0,0.0,0.0,0.0,29.23076923076923,32.002442002442,988.7920532226562,34.0,0.0,35.0,0.0,1.0,0.0,1.0,0.0,1.0,1.0,0.0,0.0,0.0,0.0
2026-06-02 13:34:05,0.0,0.0,0.0,0.0,0.0,0.0,0.0,0.0,29.206349206349206,31.99023199023199,988.7920532226562,34.0,0.0,35.0,0.0,1.0,0.0,1.0,0.0,1.0,1.0,0.0,0.0,0.0,0.0
2026-06-02 13:34:07,0.0,0.0,0.0,0.0,0.0,0.0,0.0,0.0,29.23076923076923,32.002442002442,988.7920532226562,34.0,0.0,35.0,0.0,1.0,0.0,1.0,0.0,1.0,1.0,0.0,0.0,0.0,0.0
2026-06-02 13:34:08,0.0,0.0,0.0,0.0,0.0,0.0,0.0,0.0,29.23076923076923,32.002442002442,988.7920532226562,34.0,0.0,35.0,0.0,1.0,0.0,1.0,0.0,1.0,1.0,0.0,0.0,0.0,0.0
2026-06-02 13:34:09,0.0,0.0,0.0,0.0,0.0,0.0,0.0,0.0,29.194139194139193,31.978021978021978,988.7920532226562,34.0,0.0,35.0,0.0,1.0,0.0,1.0,0.0,1.0,1.0,0.0,0.0,0.0,0.0
2026-06-02 13:34:10,0.0,0.0,0.0,0.0,0.0,0.0,0.0,0.0,29.206349206349206,31.99023199023199,988.7920532226562,34.0,0.0,35.0,0.0,1.0,0.0,1.0,0.0,1.0,1.0,0.0,0.0,0.0,0.0
2026-06-02 13:34:11,0.0,0.0,0.0,0.0,0.0,0.0,0.0,0.0,29.23076923076923,32.002442002442,988.7920532226562,34.0,0.0,35.0,0.0,1.0,0.0,1.0,0.0,1.0,1.0,0.0,0.0,0.0,0.0
2026-06-02 13:34:12,0.0,0.0,0.0,0.0,0.0,0.0,0.0,0.0,29.18192918192918,31.978021978021978,988.7920532226562,34.0,0.0,35.0,0.0,1.0,0.0,1.0,0.0,1.0,1.0,0.0,0.0,0.0,0.0
2026-06-02 13:34:14,0.0,0.0,0.0,0.0,0.0,0.0,0.0,0.0,29.218559218559218,32.014652014652015,988.7920532226562,34.0,0.0,35.0,0.0,1.0,0.0,1.0,0.0,1.0,1.0,0.0,0.0,0.0,0.0
2026-06-02 13:34:15,0.0,0.0,0.0,0.0,0.0,0.0,0.0,0.0,29.206349206349206,31.99023199023199,988.7920532226562,34.0,0.0,35.0,0.0,1.0,0.0,1.0,0.0,1.0,1.0,0.0,0.0,0.0,0.0
2026-06-02 13:34:16,0.0,0.0,0.0,0.0,0.0,0.0,0.0,0.0,29.218559218559218,31.99023199023199,988.7920532226562,34.0,0.0,35.0,0.0,1.0,0.0,1.0,0.0,1.0,1.0,0.0,0.0,0.0,0.0
2026-06-02 13:34:18,0.0,0.0,0.0,0.0,0.0,0.0,0.0,0.0,29.206349206349206,32.002442002442,988.7920532226562,34.0,0.0,35.0,0.0,1.0,0.0,1.0,0.0,1.0,1.0,0.0,0.0,0.0,0.0
2026-06-02 13:34:19,0.0,0.0,0.0,0.0,0.0,0.0,0.0,0.0,29.194139194139193,31.978021978021978,988.7920532226562,34.0,0.0,35.0,0.0,1.0,0.0,1.0,0.0,1.0,1.0,0.0,0.0,0.0,0.0
2026-06-02 13:34:20,0.0,0.0,0.0,0.0,0.0,0.0,0.0,0.0,29.255189255189254,32.02686202686203,988.7920532226562,34.0,0.0,35.0,0.0,1.0,0.0,1.0,0.0,1.0,1.0,0.0,0.0,0.0,0.0
2026-06-02 13:34:21,0.0,0.0,0.0,0.0,0.0,0.0,0.0,0.0,29.23076923076923,32.002442002442,988.7920532226562,34.0,0.0,35.0,0.0,1.0,0.0,1.0,0.0,1.0,1.0,0.0,0.0,0.0,0.0
2026-06-02 13:34:23,0.0,0.0,0.0,0.0,0.0,0.0,0.0,0.0,29.255189255189254,32.02686202686203,988.7920532226562,34.0,0.0,35.0,0.0,1.0,0.0,1.0,0.0,1.0,1.0,0.0,0.0,0.0,0.0
2026-06-02 13:34:24,0.0,0.0,0.0,0.0,0.0,0.0,0.0,0.0,29.27960927960928,32.06349206349206,988.7920532226562,34.0,0.0,35.0,0.0,1.0,0.0,1.0,0.0,1.0,1.0,0.0,0.0,0.0,0.0
2026-06-02 13:34:26,0.0,0.0,0.0,0.0,0.0,0.0,0.0,0.0,29.27960927960928,32.05128205128205,988.7920532226562,34.0,0.0,35.0,0.0,1.0,0.0,1.0,0.0,1.0,1.0,0.0,0.0,0.0,0.0
2026-06-02 13:34:27,0.0,0.0,0.0,0.0,0.0,0.0,0.0,0.0,29.267399267399266,32.05128205128205,988.7920532226562,34.0,0.0,35.0,0.0,1.0,0.0,1.0,0.0,1.0,1.0,0.0,0.0,0.0,0.0
2026-06-02 13:34:29,0.0,0.0,0.0,0.0,0.0,0.0,0.0,0.0,29.27960927960928,32.06349206349206,988.7920532226562,34.0,0.0,35.0,0.0,1.0,0.0,1.0,0.0,1.0,1.0,0.0,0.0,0.0,0.0
2026-06-02 13:34:30,0.0,0.0,0.0,0.0,0.0,0.0,0.0,0.0,29.304029304029303,32.075702075702075,988.7920532226562,34.0,0.0,35.0,0.0,1.0,0.0,1.0,0.0,1.0,1.0,0.0,0.0,0.0,0.0
2026-06-02 13:34:32,0.0,0.0,0.0,0.0,0.0,0.0,0.0,0.0,29.255189255189254,32.02686202686203,988.7920532226562,34.0,0.0,35.0,0.0,1.0,0.0,1.0,0.0,1.0,1.0,0.0,0.0,0.0,0.0
2026-06-02 13:34:33,0.0,0.0,0.0,0.0,0.0,0.0,0.0,0.0,29.255189255189254,32.02686202686203,988.7920532226562,34.0,0.0,35.0,0.0,1.0,0.0,1.0,0.0,1.0,1.0,0.0,0.0,0.0,0.0
2026-06-02 13:34:34,0.0,0.0,0.0,0.0,0.0,0.0,0.0,0.0,29.29181929181929,32.06349206349206,988.7920532226562,34.0,0.0,35.0,0.0,1.0,0.0,1.0,0.0,1.0,1.0,0.0,0.0,0.0,0.0
2026-06-02 13:34:35,0.0,0.0,0.0,0.0,0.0,0.0,0.0,0.0,29.316239316239315,32.075702075702075,988.7920532226562,34.0,0.0,35.0,0.0,1.0,0.0,1.0,0.0,1.0,1.0,0.0,0.0,0.0,0.0
2026-06-02 13:34:37,0.0,0.0,0.0,0.0,0.0,0.0,0.0,0.0,29.218559218559218,31.99023199023199,988.7920532226562,34.0,0.0,35.0,0.0,1.0,0.0,1.0,0.0,1.0,1.0,0.0,0.0,0.0,0.0
2026-06-02 13:34:38,0.0,0.0,0.0,0.0,0.0,0.0,0.0,0.0,29.29181929181929,32.08791208791209,988.7920532226562,34.0,0.0,35.0,0.0,1.0,0.0,1.0,0.0,1.0,1.0,0.0,0.0,0.0,0.0
2026-06-02 13:34:39,0.0,0.0,0.0,0.0,0.0,0.0,0.0,0.0,29.255189255189254,32.014652014652015,988.7920532226562,34.0,0.0,35.0,0.0,1.0,0.0,1.0,0.0,1.0,1.0,0.0,0.0,0.0,0.0
2026-06-02 13:34:40,0.0,0.0,0.0,0.0,0.0,0.0,0.0,0.0,29.27960927960928,32.06349206349206,988.7920532226562,34.0,0.0,35.0,0.0,1.0,0.0,1.0,0.0,1.0,1.0,0.0,0.0,0.0,0.0
2026-06-02 13:34:41,0.0,0.0,0.0,0.0,0.0,0.0,0.0,0.0,29.194139194139193,31.978021978021978,988.7920532226562,34.0,0.0,35.0,0.0,1.0,0.0,1.0,0.0,1.0,1.0,0.0,0.0,0.0,0.0
2026-06-02 13:34:42,0.0,0.0,0.0,0.0,0.0,0.0,0.0,0.0,29.206349206349206,31.99023199023199,988.7920532226562,34.0,0.0,35.0,0.0,1.0,0.0,1.0,0.0,1.0,1.0,0.0,0.0,0.0,0.0
2026-06-02 13:34:43,0.0,0.0,0.0,0.0,0.0,0.0,0.0,0.0,29.206349206349206,31.99023199023199,988.7920532226562,34.0,0.0,35.0,0.0,1.0,0.0,1.0,0.0,1.0,1.0,0.0,0.0,0.0,0.0
2026-06-02 13:34:45,0.0,0.0,0.0,0.0,0.0,0.0,0.0,0.0,29.27960927960928,32.03907203907204,988.7920532226562,34.0,0.0,35.0,0.0,1.0,0.0,1.0,0.0,1.0,1.0,0.0,0.0,0.0,0.0
2026-06-02 13:34:46,0.0,0.0,0.0,0.0,0.0,0.0,0.0,0.0,29.23076923076923,32.014652014652015,988.7920532226562,34.0,0.0,35.0,0.0,1.0,0.0,1.0,0.0,1.0,1.0,0.0,0.0,0.0,0.0
2026-06-02 13:34:47,0.0,0.0,0.0,0.0,0.0,0.0,0.0,0.0,29.218559218559218,32.002442002442,988.7920532226562,34.0,0.0,35.0,0.0,1.0,0.0,1.0,0.0,1.0,1.0,0.0,0.0,0.0,0.0
2026-06-02 13:34:48,0.0,0.0,0.0,0.0,0.0,0.0,0.0,0.0,29.27960927960928,32.06349206349206,988.7920532226562,34.0,0.0,35.0,0.0,1.0,0.0,1.0,0.0,1.0,1.0,0.0,0.0,0.0,0.0
2026-06-02 13:34:50,0.0,0.0,0.0,0.0,0.0,0.0,0.0,0.0,29.242979242979242,32.02686202686203,988.7920532226562,34.0,0.0,35.0,0.0,1.0,0.0,1.0,0.0,1.0,1.0,0.0,0.0,0.0,0.0
2026-06-02 13:34:51,0.0,0.0,0.0,0.0,0.0,0.0,0.0,0.0,29.23076923076923,32.02686202686203,988.7920532226562,34.0,0.0,35.0,0.0,1.0,0.0,1.0,0.0,1.0,1.0,0.0,0.0,0.0,0.0
2026-06-02 13:34:52,0.0,0.0,0.0,0.0,0.0,0.0,0.0,0.0,29.23076923076923,32.02686202686203,988.7920532226562,34.0,0.0,35.0,0.0,1.0,0.0,1.0,0.0,1.0,1.0,0.0,0.0,0.0,0.0
2026-06-02 13:34:53,0.0,0.0,0.0,0.0,0.0,0.0,0.0,0.0,29.242979242979242,32.014652014652015,988.7920532226562,34.0,0.0,35.0,0.0,1.0,0.0,1.0,0.0,1.0,1.0,0.0,0.0,0.0,0.0
2026-06-02 13:34:55,0.0,0.0,0.0,0.0,0.0,0.0,0.0,0.0,29.194139194139193,31.978021978021978,988.7920532226562,34.0,0.0,35.0,0.0,1.0,0.0,1.0,0.0,1.0,1.0,0.0,0.0,0.0,0.0
2026-06-02 13:34:56,0.0,0.0,0.0,0.0,0.0,0.0,0.0,0.0,29.27960927960928,32.06349206349206,988.7920532226562,34.0,0.0,35.0,0.0,1.0,0.0,1.0,0.0,1.0,1.0,0.0,0.0,0.0,0.0
2026-06-02 13:34:58,0.0,0.0,0.0,0.0,0.0,0.0,0.0,0.0,29.206349206349206,31.99023199023199,988.7920532226562,34.0,0.0,35.0,0.0,1.0,0.0,1.0,0.0,1.0,1.0,0.0,0.0,0.0,0.0
2026-06-02 13:34:59,0.0,0.0,0.0,0.0,0.0,0.0,0.0,0.0,29.29181929181929,32.075702075702075,988.7920532226562,34.0,0.0,35.0,0.0,1.0,0.0,1.0,0.0,1.0,1.0,0.0,0.0,0.0,0.0
2026-06-02 13:35:00,0.0,0.0,0.0,0.0,0.0,0.0,0.0,0.0,29.218559218559218,31.965811965811966,988.7920532226562,34.0,0.0,35.0,0.0,1.0,0.0,1.0,0.0,1.0,1.0,0.0,0.0,0.0,0.0
2026-06-02 13:35:02,0.0,0.0,0.0,0.0,0.0,0.0,0.0,0.0,29.218559218559218,32.002442002442,988.7920532226562,34.0,0.0,35.0,0.0,1.0,0.0,1.0,0.0,1.0,1.0,0.0,0.0,0.0,0.0
2026-06-02 13:35:03,0.0,0.0,0.0,0.0,0.0,0.0,0.0,0.0,29.206349206349206,31.953601953601954,988.7920532226562,34.0,0.0,35.0,0.0,1.0,0.0,1.0,0.0,1.0,1.0,0.0,0.0,0.0,0.0
2026-06-02 13:35:05,0.0,0.0,0.0,0.0,0.0,0.0,0.0,0.0,29.242979242979242,32.05128205128205,988.7920532226562,34.0,0.0,35.0,0.0,1.0,0.0,1.0,0.0,1.0,1.0,0.0,0.0,0.0,0.0
2026-06-02 13:35:06,0.0,0.0,0.0,0.0,0.0,0.0,0.0,0.0,29.18192918192918,31.965811965811966,988.7920532226562,34.0,0.0,35.0,0.0,1.0,0.0,1.0,0.0,1.0,1.0,0.0,0.0,0.0,0.0
2026-06-02 13:35:07,0.0,0.0,0.0,0.0,0.0,0.0,0.0,0.0,29.267399267399266,32.06349206349206,988.7920532226562,34.0,0.0,35.0,0.0,1.0,0.0,1.0,0.0,1.0,1.0,0.0,0.0,0.0,0.0
2026-06-02 13:35:08,0.0,0.0,0.0,0.0,0.0,0.0,0.0,0.0,29.27960927960928,32.075702075702075,988.7920532226562,34.0,0.0,35.0,0.0,1.0,0.0,1.0,0.0,1.0,1.0,0.0,0.0,0.0,0.0
2026-06-02 13:35:09,0.0,0.0,0.0,0.0,0.0,0.0,0.0,0.0,29.194139194139193,31.978021978021978,988.7920532226562,34.0,0.0,35.0,0.0,1.0,0.0,1.0,0.0,1.0,1.0,0.0,0.0,0.0,0.0
2026-06-02 13:35:11,0.0,0.0,0.0,0.0,0.0,0.0,0.0,0.0,29.255189255189254,32.05128205128205,988.7920532226562,34.0,0.0,35.0,0.0,1.0,0.0,1.0,0.0,1.0,1.0,0.0,0.0,0.0,0.0
2026-06-02 13:35:12,0.0,0.0,0.0,0.0,0.0,0.0,0.0,0.0,29.194139194139193,31.965811965811966,988.7920532226562,34.0,0.0,35.0,0.0,1.0,0.0,1.0,0.0,1.0,1.0,0.0,0.0,0.0,0.0
2026-06-02 13:35:13,0.0,0.0,0.0,0.0,0.0,0.0,0.0,0.0,29.23076923076923,32.02686202686203,988.7920532226562,34.0,0.0,35.0,0.0,1.0,0.0,1.0,0.0,1.0,1.0,0.0,0.0,0.0,0.0
2026-06-02 13:35:14,0.0,0.0,0.0,0.0,0.0,0.0,0.0,0.0,29.18192918192918,31.965811965811966,988.7920532226562,34.0,0.0,35.0,0.0,1.0,0.0,1.0,0.0,1.0,1.0,0.0,0.0,0.0,0.0
2026-06-02 13:35:16,0.0,0.0,0.0,0.0,0.0,0.0,0.0,0.0,29.18192918192918,31.978021978021978,988.7920532226562,34.0,0.0,35.0,0.0,1.0,0.0,1.0,0.0,1.0,1.0,0.0,0.0,0.0,0.0
2026-06-02 13:35:17,0.0,0.0,0.0,0.0,0.0,0.0,0.0,0.0,29.206349206349206,32.002442002442,988.7920532226562,34.0,0.0,35.0,0.0,1.0,0.0,1.0,0.0,1.0,1.0,0.0,0.0,0.0,0.0
2026-06-02 13:35:19,0.0,0.0,0.0,0.0,0.0,0.0,0.0,0.0,29.218559218559218,31.99023199023199,988.7920532226562,34.0,0.0,35.0,0.0,1.0,0.0,1.0,0.0,1.0,1.0,0.0,0.0,0.0,0.0
2026-06-02 13:35:20,0.0,0.0,0.0,0.0,0.0,0.0,0.0,0.0,29.16971916971917,31.965811965811966,988.7920532226562,34.0,0.0,35.0,0.0,1.0,0.0,1.0,0.0,1.0,1.0,0.0,0.0,0.0,0.0
2026-06-02 13:35:21,0.0,0.0,0.0,0.0,0.0,0.0,0.0,0.0,29.206349206349206,31.978021978021978,988.7920532226562,34.0,0.0,35.0,0.0,1.0,0.0,1.0,0.0,1.0,1.0,0.0,0.0,0.0,0.0
2026-06-02 13:35:22,0.0,0.0,0.0,0.0,0.0,0.0,0.0,0.0,29.218559218559218,32.014652014652015,988.7920532226562,34.0,0.0,35.0,0.0,1.0,0.0,1.0,0.0,1.0,1.0,0.0,0.0,0.0,0.0
2026-06-02 13:35:24,0.0,0.0,0.0,0.0,0.0,0.0,0.0,0.0,29.27960927960928,32.05128205128205,988.7920532226562,34.0,0.0,35.0,0.0,1.0,0.0,1.0,0.0,1.0,1.0,0.0,0.0,0.0,0.0
2026-06-02 13:35:25,0.0,0.0,0.0,0.0,0.0,0.0,0.0,0.0,29.218559218559218,32.002442002442,988.7920532226562,34.0,0.0,35.0,0.0,1.0,0.0,1.0,0.0,1.0,1.0,0.0,0.0,0.0,0.0
2026-06-02 13:35:27,0.0,0.0,0.0,0.0,0.0,0.0,0.0,0.0,29.23076923076923,32.014652014652015,988.7920532226562,34.0,0.0,35.0,0.0,1.0,0.0,1.0,0.0,1.0,1.0,0.0,0.0,0.0,0.0
2026-06-02 13:35:28,0.0,0.0,0.0,0.0,0.0,0.0,0.0,0.0,29.242979242979242,32.02686202686203,988.7920532226562,34.0,0.0,35.0,0.0,1.0,0.0,1.0,0.0,1.0,1.0,0.0,0.0,0.0,0.0
2026-06-02 13:35:30,0.0,0.0,0.0,0.0,0.0,0.0,0.0,0.0,29.16971916971917,31.953601953601954,988.7920532226562,34.0,0.0,35.0,0.0,1.0,0.0,1.0,0.0,1.0,1.0,0.0,0.0,0.0,0.0
2026-06-02 13:35:31,0.0,0.0,0.0,0.0,0.0,0.0,0.0,0.0,29.206349206349206,31.978021978021978,988.7920532226562,34.0,0.0,35.0,0.0,1.0,0.0,1.0,0.0,1.0,1.0,0.0,0.0,0.0,0.0
2026-06-02 13:35:33,0.0,0.0,0.0,0.0,0.0,0.0,0.0,0.0,29.242979242979242,32.014652014652015,988.7920532226562,34.0,0.0,35.0,0.0,1.0,0.0,1.0,0.0,1.0,1.0,0.0,0.0,0.0,0.0
2026-06-02 13:35:34,0.0,0.0,0.0,0.0,0.0,0.0,0.0,0.0,29.23076923076923,31.99023199023199,988.7920532226562,34.0,0.0,35.0,0.0,1.0,0.0,1.0,0.0,1.0,1.0,0.0,0.0,0.0,0.0
2026-06-02 13:35:36,0.0,0.0,0.0,0.0,0.0,0.0,0.0,0.0,29.194139194139193,31.978021978021978,988.7920532226562,34.0,0.0,35.0,0.0,1.0,0.0,1.0,0.0,1.0,1.0,0.0,0.0,0.0,0.0
2026-06-02 13:35:37,0.0,0.0,0.0,0.0,0.0,0.0,0.0,0.0,29.194139194139193,31.99023199023199,988.7920532226562,34.0,0.0,35.0,0.0,1.0,0.0,1.0,0.0,1.0,1.0,0.0,0.0,0.0,0.0
2026-06-02 13:35:38,0.0,0.0,0.0,0.0,0.0,0.0,0.0,0.0,29.206349206349206,31.99023199023199,988.7920532226562,34.0,0.0,35.0,0.0,1.0,0.0,1.0,0.0,1.0,1.0,0.0,0.0,0.0,0.0
2026-06-02 13:35:40,0.0,0.0,0.0,0.0,0.0,0.0,0.0,0.0,29.218559218559218,32.014652014652015,988.7920532226562,34.0,0.0,35.0,0.0,1.0,0.0,1.0,0.0,1.0,1.0,0.0,0.0,0.0,0.0
2026-06-02 13:35:41,0.0,0.0,0.0,0.0,0.0,0.0,0.0,0.0,29.194139194139193,31.99023199023199,988.7920532226562,34.0,0.0,35.0,0.0,1.0,0.0,1.0,0.0,1.0,1.0,0.0,0.0,0.0,0.0
2026-06-02 13:35:42,0.0,0.0,0.0,0.0,0.0,0.0,0.0,0.0,29.18192918192918,31.965811965811966,988.7920532226562,34.0,0.0,35.0,0.0,1.0,0.0,1.0,0.0,1.0,1.0,0.0,0.0,0.0,0.0
2026-06-02 13:35:44,0.0,0.0,0.0,0.0,0.0,0.0,0.0,0.0,29.218559218559218,32.014652014652015,988.7920532226562,34.0,0.0,35.0,0.0,1.0,0.0,1.0,0.0,1.0,1.0,0.0,0.0,0.0,0.0
2026-06-02 13:35:45,0.0,0.0,0.0,0.0,0.0,0.0,0.0,0.0,29.18192918192918,31.978021978021978,988.7920532226562,34.0,0.0,35.0,0.0,1.0,0.0,1.0,0.0,1.0,1.0,0.0,0.0,0.0,0.0
2026-06-02 13:35:46,0.0,0.0,0.0,0.0,0.0,0.0,0.0,0.0,29.206349206349206,32.014652014652015,988.7920532226562,34.0,0.0,35.0,0.0,1.0,0.0,1.0,0.0,1.0,1.0,0.0,0.0,0.0,0.0
2026-06-02 13:35:47,0.0,0.0,0.0,0.0,0.0,0.0,0.0,0.0,29.18192918192918,31.965811965811966,988.7920532226562,34.0,0.0,35.0,0.0,1.0,0.0,1.0,0.0,1.0,1.0,0.0,0.0,0.0,0.0
2026-06-02 13:35:48,0.0,0.0,0.0,0.0,0.0,0.0,0.0,0.0,29.218559218559218,32.002442002442,988.7920532226562,34.0,0.0,35.0,0.0,1.0,0.0,1.0,0.0,1.0,1.0,0.0,0.0,0.0,0.0
2026-06-02 13:35:50,0.0,0.0,0.0,0.0,0.0,0.0,0.0,0.0,29.218559218559218,32.014652014652015,988.7920532226562,34.0,0.0,35.0,0.0,1.0,0.0,1.0,0.0,1.0,1.0,0.0,0.0,0.0,0.0
2026-06-02 13:35:51,0.0,0.0,0.0,0.0,0.0,0.0,0.0,0.0,29.206349206349206,31.953601953601954,988.7920532226562,34.0,0.0,35.0,0.0,1.0,0.0,1.0,0.0,1.0,1.0,0.0,0.0,0.0,0.0
2026-06-02 13:35:53,0.0,0.0,0.0,0.0,0.0,0.0,0.0,0.0,29.194139194139193,31.99023199023199,988.7920532226562,34.0,0.0,35.0,0.0,1.0,0.0,1.0,0.0,1.0,1.0,0.0,0.0,0.0,0.0
2026-06-02 13:35:54,0.0,0.0,0.0,0.0,0.0,0.0,0.0,0.0,29.267399267399266,32.075702075702075,988.7920532226562,34.0,0.0,35.0,0.0,1.0,0.0,1.0,0.0,1.0,1.0,0.0,0.0,0.0,0.0
2026-06-02 13:35:55,0.0,0.0,0.0,0.0,0.0,0.0,0.0,0.0,29.206349206349206,32.002442002442,988.7920532226562,34.0,0.0,35.0,0.0,1.0,0.0,1.0,0.0,1.0,1.0,0.0,0.0,0.0,0.0
2026-06-02 13:35:56,0.0,0.0,0.0,0.0,0.0,0.0,0.0,0.0,29.27960927960928,32.06349206349206,988.7920532226562,34.0,0.0,35.0,0.0,1.0,0.0,1.0,0.0,1.0,1.0,0.0,0.0,0.0,0.0
2026-06-02 13:35:58,0.0,0.0,0.0,0.0,0.0,0.0,0.0,0.0,29.255189255189254,32.03907203907204,988.7920532226562,34.0,0.0,35.0,0.0,1.0,0.0,1.0,0.0,1.0,1.0,0.0,0.0,0.0,0.0
2026-06-02 13:35:59,0.0,0.0,0.0,0.0,0.0,0.0,0.0,0.0,29.255189255189254,32.03907203907204,988.7920532226562,34.0,0.0,35.0,0.0,1.0,0.0,1.0,0.0,1.0,1.0,0.0,0.0,0.0,0.0
2026-06-02 13:36:00,0.0,0.0,0.0,0.0,0.0,0.0,0.0,0.0,29.218559218559218,32.014652014652015,988.7920532226562,34.0,0.0,35.0,0.0,1.0,0.0,1.0,0.0,1.0,1.0,0.0,0.0,0.0,0.0
2026-06-02 13:36:01,0.0,0.0,0.0,0.0,0.0,0.0,0.0,0.0,29.29181929181929,32.08791208791209,988.7920532226562,34.0,0.0,35.0,0.0,1.0,0.0,1.0,0.0,1.0,1.0,0.0,0.0,0.0,0.0
2026-06-02 13:36:02,0.0,0.0,0.0,0.0,0.0,0.0,0.0,0.0,29.206349206349206,32.002442002442,988.7920532226562,34.0,0.0,35.0,0.0,1.0,0.0,1.0,0.0,1.0,1.0,0.0,0.0,0.0,0.0
2026-06-02 13:36:03,0.0,0.0,0.0,0.0,0.0,0.0,0.0,0.0,29.267399267399266,32.06349206349206,988.7920532226562,34.0,0.0,35.0,0.0,1.0,0.0,1.0,0.0,1.0,1.0,0.0,0.0,0.0,0.0
2026-06-02 13:36:04,0.0,0.0,0.0,0.0,0.0,0.0,0.0,0.0,29.267399267399266,32.03907203907204,988.7920532226562,34.0,0.0,35.0,0.0,1.0,0.0,1.0,0.0,1.0,1.0,0.0,0.0,0.0,0.0
2026-06-02 13:36:06,0.0,0.0,0.0,0.0,0.0,0.0,0.0,0.0,29.267399267399266,32.06349206349206,988.7920532226562,34.0,0.0,35.0,0.0,1.0,0.0,1.0,0.0,1.0,1.0,0.0,0.0,0.0,0.0
2026-06-02 13:36:07,0.0,0.0,0.0,0.0,0.0,0.0,0.0,0.0,29.255189255189254,32.02686202686203,988.7920532226562,34.0,0.0,35.0,0.0,1.0,0.0,1.0,0.0,1.0,1.0,0.0,0.0,0.0,0.0
2026-06-02 13:36:08,0.0,0.0,0.0,0.0,0.0,0.0,0.0,0.0,29.18192918192918,31.978021978021978,988.7920532226562,34.0,0.0,35.0,0.0,1.0,0.0,1.0,0.0,1.0,1.0,0.0,0.0,0.0,0.0
2026-06-02 13:36:10,0.0,0.0,0.0,0.0,0.0,0.0,0.0,0.0,29.218559218559218,32.014652014652015,988.7920532226562,34.0,0.0,35.0,0.0,1.0,0.0,1.0,0.0,1.0,1.0,0.0,0.0,0.0,0.0
2026-06-02 13:36:11,0.0,0.0,0.0,0.0,0.0,0.0,0.0,0.0,29.206349206349206,32.002442002442,988.7920532226562,34.0,0.0,35.0,0.0,1.0,0.0,1.0,0.0,1.0,1.0,0.0,0.0,0.0,0.0
2026-06-02 13:36:12,0.0,0.0,0.0,0.0,0.0,0.0,0.0,0.0,29.194139194139193,31.978021978021978,988.7920532226562,34.0,0.0,35.0,0.0,1.0,0.0,1.0,0.0,1.0,1.0,0.0,0.0,0.0,0.0
2026-06-02 13:36:13,0.0,0.0,0.0,0.0,0.0,0.0,0.0,0.0,29.23076923076923,32.014652014652015,988.7920532226562,34.0,0.0,35.0,0.0,1.0,0.0,1.0,0.0,1.0,1.0,0.0,0.0,0.0,0.0
2026-06-02 13:36:14,0.0,0.0,0.0,0.0,0.0,0.0,0.0,0.0,29.18192918192918,31.978021978021978,988.7920532226562,34.0,0.0,35.0,0.0,1.0,0.0,1.0,0.0,1.0,1.0,0.0,0.0,0.0,0.0
2026-06-02 13:36:16,0.0,0.0,0.0,0.0,0.0,0.0,0.0,0.0,29.255189255189254,32.05128205128205,988.7920532226562,34.0,0.0,35.0,0.0,1.0,0.0,1.0,0.0,1.0,1.0,0.0,0.0,0.0,0.0
2026-06-02 13:36:17,0.0,0.0,0.0,0.0,0.0,0.0,0.0,0.0,29.242979242979242,32.02686202686203,988.7920532226562,34.0,0.0,35.0,0.0,1.0,0.0,1.0,0.0,1.0,1.0,0.0,0.0,0.0,0.0
2026-06-02 13:36:18,0.0,0.0,0.0,0.0,0.0,0.0,0.0,0.0,29.23076923076923,32.014652014652015,988.7920532226562,34.0,0.0,35.0,0.0,1.0,0.0,1.0,0.0,1.0,1.0,0.0,0.0,0.0,0.0
2026-06-02 13:36:19,0.0,0.0,0.0,0.0,0.0,0.0,0.0,0.0,29.255189255189254,32.05128205128205,988.7920532226562,34.0,0.0,35.0,0.0,1.0,0.0,1.0,0.0,1.0,1.0,0.0,0.0,0.0,0.0
2026-06-02 13:36:21,0.0,0.0,0.0,0.0,0.0,0.0,0.0,0.0,29.194139194139193,31.965811965811966,988.7920532226562,34.0,0.0,35.0,0.0,1.0,0.0,1.0,0.0,1.0,1.0,0.0,0.0,0.0,0.0
2026-06-02 13:36:22,0.0,0.0,0.0,0.0,0.0,0.0,0.0,0.0,29.23076923076923,32.02686202686203,988.7920532226562,34.0,0.0,35.0,0.0,1.0,0.0,1.0,0.0,1.0,1.0,0.0,0.0,0.0,0.0
2026-06-02 13:36:23,0.0,0.0,0.0,0.0,0.0,0.0,0.0,0.0,29.255189255189254,32.03907203907204,988.7920532226562,34.0,0.0,35.0,0.0,1.0,0.0,1.0,0.0,1.0,1.0,0.0,0.0,0.0,0.0
2026-06-02 13:36:25,0.0,0.0,0.0,0.0,0.0,0.0,0.0,0.0,29.18192918192918,31.965811965811966,988.7920532226562,34.0,0.0,35.0,0.0,1.0,0.0,1.0,0.0,1.0,1.0,0.0,0.0,0.0,0.0
2026-06-02 13:36:26,0.0,0.0,0.0,0.0,0.0,0.0,0.0,0.0,29.242979242979242,32.05128205128205,988.7920532226562,34.0,0.0,35.0,0.0,1.0,0.0,1.0,0.0,1.0,1.0,0.0,0.0,0.0,0.0
2026-06-02 13:36:28,0.0,0.0,0.0,0.0,0.0,0.0,0.0,0.0,29.206349206349206,31.99023199023199,988.7920532226562,34.0,0.0,35.0,0.0,1.0,0.0,1.0,0.0,1.0,1.0,0.0,0.0,0.0,0.0
2026-06-02 13:36:29,0.0,0.0,0.0,0.0,0.0,0.0,0.0,0.0,29.206349206349206,32.002442002442,988.7920532226562,34.0,0.0,35.0,0.0,1.0,0.0,1.0,0.0,1.0,1.0,0.0,0.0,0.0,0.0
2026-06-02 13:36:30,0.0,0.0,0.0,0.0,0.0,0.0,0.0,0.0,29.194139194139193,31.978021978021978,988.7920532226562,34.0,0.0,35.0,0.0,1.0,0.0,1.0,0.0,1.0,1.0,0.0,0.0,0.0,0.0
2026-06-02 13:36:31,0.0,0.0,0.0,0.0,0.0,0.0,0.0,0.0,29.16971916971917,31.965811965811966,988.7920532226562,34.0,0.0,35.0,0.0,1.0,0.0,1.0,0.0,1.0,1.0,0.0,0.0,0.0,0.0
2026-06-02 13:36:33,0.0,0.0,0.0,0.0,0.0,0.0,0.0,0.0,29.218559218559218,32.03907203907204,988.7920532226562,34.0,0.0,35.0,0.0,1.0,0.0,1.0,0.0,1.0,1.0,0.0,0.0,0.0,0.0
2026-06-02 13:36:34,0.0,0.0,0.0,0.0,0.0,0.0,0.0,0.0,29.267399267399266,32.02686202686203,988.7920532226562,34.0,0.0,35.0,0.0,1.0,0.0,1.0,0.0,1.0,1.0,0.0,0.0,0.0,0.0
2026-06-02 13:36:35,0.0,0.0,0.0,0.0,0.0,0.0,0.0,0.0,29.267399267399266,32.06349206349206,988.7920532226562,34.0,0.0,35.0,0.0,1.0,0.0,1.0,0.0,1.0,1.0,0.0,0.0,0.0,0.0
2026-06-02 13:36:37,0.0,0.0,0.0,0.0,0.0,0.0,0.0,0.0,29.218559218559218,31.99023199023199,988.7920532226562,34.0,0.0,35.0,0.0,1.0,0.0,1.0,0.0,1.0,1.0,0.0,0.0,0.0,0.0
2026-06-02 13:36:38,0.0,0.0,0.0,0.0,0.0,0.0,0.0,0.0,29.23076923076923,32.014652014652015,988.7920532226562,34.0,0.0,35.0,0.0,1.0,0.0,1.0,0.0,1.0,1.0,0.0,0.0,0.0,0.0
2026-06-02 13:36:39,0.0,0.0,0.0,0.0,0.0,0.0,0.0,0.0,29.16971916971917,31.94139194139194,988.7920532226562,34.0,0.0,35.0,0.0,1.0,0.0,1.0,0.0,1.0,1.0,0.0,0.0,0.0,0.0
2026-06-02 13:36:41,0.0,0.0,0.0,0.0,0.0,0.0,0.0,0.0,29.194139194139193,31.965811965811966,988.7920532226562,34.0,0.0,35.0,0.0,1.0,0.0,1.0,0.0,1.0,1.0,0.0,0.0,0.0,0.0
2026-06-02 13:36:42,0.0,0.0,0.0,0.0,0.0,0.0,0.0,0.0,29.206349206349206,31.99023199023199,988.7920532226562,34.0,0.0,35.0,0.0,1.0,0.0,1.0,0.0,1.0,1.0,0.0,0.0,0.0,0.0
2026-06-02 13:36:44,0.0,0.0,0.0,0.0,0.0,0.0,0.0,0.0,29.16971916971917,31.978021978021978,988.7920532226562,34.0,0.0,35.0,0.0,1.0,0.0,1.0,0.0,1.0,1.0,0.0,0.0,0.0,0.0
2026-06-02 13:36:45,0.0,0.0,0.0,0.0,0.0,0.0,0.0,0.0,29.242979242979242,32.03907203907204,988.7920532226562,34.0,0.0,35.0,0.0,1.0,0.0,1.0,0.0,1.0,1.0,0.0,0.0,0.0,0.0
2026-06-02 13:36:46,0.0,0.0,0.0,0.0,0.0,0.0,0.0,0.0,29.23076923076923,32.02686202686203,988.7920532226562,34.0,0.0,35.0,0.0,1.0,0.0,1.0,0.0,1.0,1.0,0.0,0.0,0.0,0.0
2026-06-02 13:36:47,0.0,0.0,0.0,0.0,0.0,0.0,0.0,0.0,29.27960927960928,32.03907203907204,988.7920532226562,34.0,0.0,35.0,0.0,1.0,0.0,1.0,0.0,1.0,1.0,0.0,0.0,0.0,0.0
2026-06-02 13:36:48,0.0,0.0,0.0,0.0,0.0,0.0,0.0,0.0,29.194139194139193,31.99023199023199,988.7920532226562,34.0,0.0,35.0,0.0,1.0,0.0,1.0,0.0,1.0,1.0,0.0,0.0,0.0,0.0
2026-06-02 13:36:50,0.0,0.0,0.0,0.0,0.0,0.0,0.0,0.0,29.218559218559218,32.014652014652015,988.7920532226562,34.0,0.0,35.0,0.0,1.0,0.0,1.0,0.0,1.0,1.0,0.0,0.0,0.0,0.0
2026-06-02 13:36:51,0.0,0.0,0.0,0.0,0.0,0.0,0.0,0.0,29.16971916971917,31.965811965811966,988.7920532226562,34.0,0.0,35.0,0.0,1.0,0.0,1.0,0.0,1.0,1.0,0.0,0.0,0.0,0.0
2026-06-02 13:36:52,0.0,0.0,0.0,0.0,0.0,0.0,0.0,0.0,29.16971916971917,31.965811965811966,988.7920532226562,34.0,0.0,35.0,0.0,1.0,0.0,1.0,0.0,1.0,1.0,0.0,0.0,0.0,0.0
2026-06-02 13:36:53,0.0,0.0,0.0,0.0,0.0,0.0,0.0,0.0,29.23076923076923,31.99023199023199,988.7920532226562,34.0,0.0,35.0,0.0,1.0,0.0,1.0,0.0,1.0,1.0,0.0,0.0,0.0,0.0
2026-06-02 13:36:55,0.0,0.0,0.0,0.0,0.0,0.0,0.0,0.0,29.267399267399266,32.03907203907204,988.7920532226562,34.0,0.0,35.0,0.0,1.0,0.0,1.0,0.0,1.0,1.0,0.0,0.0,0.0,0.0
2026-06-02 13:36:56,0.0,0.0,0.0,0.0,0.0,0.0,0.0,0.0,29.255189255189254,32.014652014652015,988.7920532226562,34.0,0.0,35.0,0.0,1.0,0.0,1.0,0.0,1.0,1.0,0.0,0.0,0.0,0.0
2026-06-02 13:36:58,0.0,0.0,0.0,0.0,0.0,0.0,0.0,0.0,29.18192918192918,31.953601953601954,988.7920532226562,34.0,0.0,35.0,0.0,1.0,0.0,1.0,0.0,1.0,1.0,0.0,0.0,0.0,0.0
2026-06-02 13:36:59,0.0,0.0,0.0,0.0,0.0,0.0,0.0,0.0,29.23076923076923,32.03907203907204,988.7920532226562,34.0,0.0,35.0,0.0,1.0,0.0,1.0,0.0,1.0,1.0,0.0,0.0,0.0,0.0
2026-06-02 13:37:00,0.0,0.0,0.0,0.0,0.0,0.0,0.0,0.0,29.242979242979242,32.02686202686203,988.7920532226562,34.0,0.0,35.0,0.0,1.0,0.0,1.0,0.0,1.0,1.0,0.0,0.0,0.0,0.0
2026-06-02 13:37:01,0.0,0.0,0.0,0.0,0.0,0.0,0.0,0.0,29.23076923076923,32.02686202686203,988.7920532226562,34.0,0.0,35.0,0.0,1.0,0.0,1.0,0.0,1.0,1.0,0.0,0.0,0.0,0.0
2026-06-02 13:37:03,0.0,0.0,0.0,0.0,0.0,0.0,0.0,0.0,29.16971916971917,31.965811965811966,988.7920532226562,34.0,0.0,35.0,0.0,1.0,0.0,1.0,0.0,1.0,1.0,0.0,0.0,0.0,0.0
2026-06-02 13:37:04,0.0,0.0,0.0,0.0,0.0,0.0,0.0,0.0,29.16971916971917,31.965811965811966,988.7920532226562,34.0,0.0,35.0,0.0,1.0,0.0,1.0,0.0,1.0,1.0,0.0,0.0,0.0,0.0
2026-06-02 13:37:06,0.0,0.0,0.0,0.0,0.0,0.0,0.0,0.0,29.218559218559218,32.014652014652015,988.7920532226562,34.0,0.0,35.0,0.0,1.0,0.0,1.0,0.0,1.0,1.0,0.0,0.0,0.0,0.0
2026-06-02 13:37:07,0.0,0.0,0.0,0.0,0.0,0.0,0.0,0.0,29.255189255189254,32.05128205128205,988.7920532226562,34.0,0.0,35.0,0.0,1.0,0.0,1.0,0.0,1.0,1.0,0.0,0.0,0.0,0.0
2026-06-02 13:37:08,0.0,0.0,0.0,0.0,0.0,0.0,0.0,0.0,29.267399267399266,32.06349206349206,988.7920532226562,34.0,0.0,35.0,0.0,1.0,0.0,1.0,0.0,1.0,1.0,0.0,0.0,0.0,0.0
2026-06-02 13:37:09,0.0,0.0,0.0,0.0,0.0,0.0,0.0,0.0,29.18192918192918,31.978021978021978,988.7920532226562,34.0,0.0,35.0,0.0,1.0,0.0,1.0,0.0,1.0,1.0,0.0,0.0,0.0,0.0
2026-06-02 13:37:11,0.0,0.0,0.0,0.0,0.0,0.0,0.0,0.0,29.18192918192918,31.978021978021978,988.7920532226562,34.0,0.0,35.0,0.0,1.0,0.0,1.0,0.0,1.0,1.0,0.0,0.0,0.0,0.0
2026-06-02 13:37:12,0.0,0.0,0.0,0.0,0.0,0.0,0.0,0.0,29.194139194139193,31.978021978021978,988.7920532226562,34.0,0.0,35.0,0.0,1.0,0.0,1.0,0.0,1.0,1.0,0.0,0.0,0.0,0.0
2026-06-02 13:37:13,0.0,0.0,0.0,0.0,0.0,0.0,0.0,0.0,29.29181929181929,32.075702075702075,988.7920532226562,34.0,0.0,35.0,0.0,1.0,0.0,1.0,0.0,1.0,1.0,0.0,0.0,0.0,0.0
2026-06-02 13:37:15,0.0,0.0,0.0,0.0,0.0,0.0,0.0,0.0,29.255189255189254,32.05128205128205,988.7920532226562,34.0,0.0,35.0,0.0,1.0,0.0,1.0,0.0,1.0,1.0,0.0,0.0,0.0,0.0
2026-06-02 13:37:16,0.0,0.0,0.0,0.0,0.0,0.0,0.0,0.0,29.157509157509157,31.92918192918193,988.7920532226562,34.0,0.0,35.0,0.0,1.0,0.0,1.0,0.0,1.0,1.0,0.0,0.0,0.0,0.0
2026-06-02 13:37:17,0.0,0.0,0.0,0.0,0.0,0.0,0.0,0.0,29.23076923076923,32.02686202686203,988.7920532226562,34.0,0.0,35.0,0.0,1.0,0.0,1.0,0.0,1.0,1.0,0.0,0.0,0.0,0.0
2026-06-02 13:37:18,0.0,0.0,0.0,0.0,0.0,0.0,0.0,0.0,29.194139194139193,31.99023199023199,988.7920532226562,34.0,0.0,35.0,0.0,1.0,0.0,1.0,0.0,1.0,1.0,0.0,0.0,0.0,0.0
2026-06-02 13:37:19,0.0,0.0,0.0,0.0,0.0,0.0,0.0,0.0,29.267399267399266,32.05128205128205,988.7920532226562,34.0,0.0,35.0,0.0,1.0,0.0,1.0,0.0,1.0,1.0,0.0,0.0,0.0,0.0
2026-06-02 13:37:20,0.0,0.0,0.0,0.0,0.0,0.0,0.0,0.0,29.27960927960928,32.075702075702075,988.7920532226562,34.0,0.0,35.0,0.0,1.0,0.0,1.0,0.0,1.0,1.0,0.0,0.0,0.0,0.0
2026-06-02 13:37:22,0.0,0.0,0.0,0.0,0.0,0.0,0.0,0.0,29.18192918192918,31.978021978021978,988.7920532226562,34.0,0.0,35.0,0.0,1.0,0.0,1.0,0.0,1.0,1.0,0.0,0.0,0.0,0.0
2026-06-02 13:37:23,0.0,0.0,0.0,0.0,0.0,0.0,0.0,0.0,29.18192918192918,31.965811965811966,988.7920532226562,34.0,0.0,35.0,0.0,1.0,0.0,1.0,0.0,1.0,1.0,0.0,0.0,0.0,0.0
2026-06-02 13:37:24,0.0,0.0,0.0,0.0,0.0,0.0,0.0,0.0,29.157509157509157,31.965811965811966,988.7920532226562,34.0,0.0,35.0,0.0,1.0,0.0,1.0,0.0,1.0,1.0,0.0,0.0,0.0,0.0
2026-06-02 13:37:25,0.0,0.0,0.0,0.0,0.0,0.0,0.0,0.0,29.206349206349206,31.978021978021978,988.7920532226562,34.0,0.0,35.0,0.0,1.0,0.0,1.0,0.0,1.0,1.0,0.0,0.0,0.0,0.0
2026-06-02 13:37:26,0.0,0.0,0.0,0.0,0.0,0.0,0.0,0.0,29.206349206349206,32.002442002442,988.7920532226562,34.0,0.0,35.0,0.0,1.0,0.0,1.0,0.0,1.0,1.0,0.0,0.0,0.0,0.0
2026-06-02 13:37:28,0.0,0.0,0.0,0.0,0.0,0.0,0.0,0.0,29.27960927960928,32.06349206349206,988.7920532226562,34.0,0.0,35.0,0.0,1.0,0.0,1.0,0.0,1.0,1.0,0.0,0.0,0.0,0.0
2026-06-02 13:37:29,0.0,0.0,0.0,0.0,0.0,0.0,0.0,0.0,29.267399267399266,32.06349206349206,988.7920532226562,34.0,0.0,35.0,0.0,1.0,0.0,1.0,0.0,1.0,1.0,0.0,0.0,0.0,0.0
2026-06-02 13:37:30,0.0,0.0,0.0,0.0,0.0,0.0,0.0,0.0,29.157509157509157,31.953601953601954,988.7920532226562,34.0,0.0,35.0,0.0,1.0,0.0,1.0,0.0,1.0,1.0,0.0,0.0,0.0,0.0
2026-06-02 13:37:32,0.0,0.0,0.0,0.0,0.0,0.0,0.0,0.0,29.206349206349206,32.014652014652015,988.7920532226562,34.0,0.0,35.0,0.0,1.0,0.0,1.0,0.0,1.0,1.0,0.0,0.0,0.0,0.0
2026-06-02 13:37:33,0.0,0.0,0.0,0.0,0.0,0.0,0.0,0.0,29.206349206349206,32.002442002442,988.7920532226562,34.0,0.0,35.0,0.0,1.0,0.0,1.0,0.0,1.0,1.0,0.0,0.0,0.0,0.0
2026-06-02 13:37:34,0.0,0.0,0.0,0.0,0.0,0.0,0.0,0.0,29.267399267399266,32.075702075702075,988.7920532226562,34.0,0.0,35.0,0.0,1.0,0.0,1.0,0.0,1.0,1.0,0.0,0.0,0.0,0.0
2026-06-02 13:37:35,0.0,0.0,0.0,0.0,0.0,0.0,0.0,0.0,29.27960927960928,32.06349206349206,988.7920532226562,34.0,0.0,35.0,0.0,1.0,0.0,1.0,0.0,1.0,1.0,0.0,0.0,0.0,0.0
2026-06-02 13:37:36,0.0,0.0,0.0,0.0,0.0,0.0,0.0,0.0,29.218559218559218,31.965811965811966,988.7920532226562,34.0,0.0,35.0,0.0,1.0,0.0,1.0,0.0,1.0,1.0,0.0,0.0,0.0,0.0
2026-06-02 13:37:38,0.0,0.0,0.0,0.0,0.0,0.0,0.0,0.0,29.194139194139193,31.99023199023199,988.7920532226562,34.0,0.0,35.0,0.0,1.0,0.0,1.0,0.0,1.0,1.0,0.0,0.0,0.0,0.0
2026-06-02 13:37:39,0.0,0.0,0.0,0.0,0.0,0.0,0.0,0.0,29.16971916971917,31.965811965811966,988.7920532226562,34.0,0.0,35.0,0.0,1.0,0.0,1.0,0.0,1.0,1.0,0.0,0.0,0.0,0.0
2026-06-02 13:37:41,0.0,0.0,0.0,0.0,0.0,0.0,0.0,0.0,29.242979242979242,32.02686202686203,988.7920532226562,34.0,0.0,35.0,0.0,1.0,0.0,1.0,0.0,1.0,1.0,0.0,0.0,0.0,0.0
2026-06-02 13:37:42,0.0,0.0,0.0,0.0,0.0,0.0,0.0,0.0,29.242979242979242,32.02686202686203,988.7920532226562,34.0,0.0,35.0,0.0,1.0,0.0,1.0,0.0,1.0,1.0,0.0,0.0,0.0,0.0
2026-06-02 13:37:43,0.0,0.0,0.0,0.0,0.0,0.0,0.0,0.0,29.267399267399266,32.02686202686203,988.7920532226562,34.0,0.0,35.0,0.0,1.0,0.0,1.0,0.0,1.0,1.0,0.0,0.0,0.0,0.0
2026-06-02 13:37:45,0.0,0.0,0.0,0.0,0.0,0.0,0.0,0.0,29.18192918192918,31.953601953601954,988.7920532226562,34.0,0.0,35.0,0.0,1.0,0.0,1.0,0.0,1.0,1.0,0.0,0.0,0.0,0.0
2026-06-02 13:37:46,0.0,0.0,0.0,0.0,0.0,0.0,0.0,0.0,29.242979242979242,32.03907203907204,988.7920532226562,34.0,0.0,35.0,0.0,1.0,0.0,1.0,0.0,1.0,1.0,0.0,0.0,0.0,0.0
2026-06-02 13:37:47,0.0,0.0,0.0,0.0,0.0,0.0,0.0,0.0,29.23076923076923,32.03907203907204,988.7920532226562,34.0,0.0,35.0,0.0,1.0,0.0,1.0,0.0,1.0,1.0,0.0,0.0,0.0,0.0
2026-06-02 13:37:48,0.0,0.0,0.0,0.0,0.0,0.0,0.0,0.0,29.242979242979242,32.03907203907204,988.7920532226562,34.0,0.0,35.0,0.0,1.0,0.0,1.0,0.0,1.0,1.0,0.0,0.0,0.0,0.0
2026-06-02 13:37:49,0.0,0.0,0.0,0.0,0.0,0.0,0.0,0.0,29.267399267399266,32.05128205128205,988.7920532226562,34.0,0.0,35.0,0.0,1.0,0.0,1.0,0.0,1.0,1.0,0.0,0.0,0.0,0.0
2026-06-02 13:37:51,0.0,0.0,0.0,0.0,0.0,0.0,0.0,0.0,29.18192918192918,31.965811965811966,988.7920532226562,34.0,0.0,35.0,0.0,1.0,0.0,1.0,0.0,1.0,1.0,0.0,0.0,0.0,0.0
2026-06-02 13:37:52,0.0,0.0,0.0,0.0,0.0,0.0,0.0,0.0,29.194139194139193,31.99023199023199,988.7920532226562,34.0,0.0,35.0,0.0,1.0,0.0,1.0,0.0,1.0,1.0,0.0,0.0,0.0,0.0
2026-06-02 13:37:53,0.0,0.0,0.0,0.0,0.0,0.0,0.0,0.0,29.194139194139193,31.99023199023199,988.7920532226562,34.0,0.0,35.0,0.0,1.0,0.0,1.0,0.0,1.0,1.0,0.0,0.0,0.0,0.0
2026-06-02 13:37:55,0.0,0.0,0.0,0.0,0.0,0.0,0.0,0.0,29.242979242979242,32.02686202686203,988.7920532226562,34.0,0.0,35.0,0.0,1.0,0.0,1.0,0.0,1.0,1.0,0.0,0.0,0.0,0.0
2026-06-02 13:37:56,0.0,0.0,0.0,0.0,0.0,0.0,0.0,0.0,29.27960927960928,32.06349206349206,988.7920532226562,34.0,0.0,35.0,0.0,1.0,0.0,1.0,0.0,1.0,1.0,0.0,0.0,0.0,0.0
2026-06-02 13:37:58,0.0,0.0,0.0,0.0,0.0,0.0,0.0,0.0,29.267399267399266,32.06349206349206,988.7920532226562,34.0,0.0,35.0,0.0,1.0,0.0,1.0,0.0,1.0,1.0,0.0,0.0,0.0,0.0
2026-06-02 13:37:59,0.0,0.0,0.0,0.0,0.0,0.0,0.0,0.0,29.206349206349206,32.014652014652015,988.7920532226562,34.0,0.0,35.0,0.0,1.0,0.0,1.0,0.0,1.0,1.0,0.0,0.0,0.0,0.0
2026-06-02 13:38:01,0.0,0.0,0.0,0.0,0.0,0.0,0.0,0.0,29.18192918192918,31.99023199023199,988.7920532226562,34.0,0.0,35.0,0.0,1.0,0.0,1.0,0.0,1.0,1.0,0.0,0.0,0.0,0.0
2026-06-02 13:38:02,0.0,0.0,0.0,0.0,0.0,0.0,0.0,0.0,29.23076923076923,32.03907203907204,988.7920532226562,34.0,0.0,35.0,0.0,1.0,0.0,1.0,0.0,1.0,1.0,0.0,0.0,0.0,0.0
2026-06-02 13:38:03,0.0,0.0,0.0,0.0,0.0,0.0,0.0,0.0,29.218559218559218,32.002442002442,988.7920532226562,34.0,0.0,35.0,0.0,1.0,0.0,1.0,0.0,1.0,1.0,0.0,0.0,0.0,0.0
2026-06-02 13:38:04,0.0,0.0,0.0,0.0,0.0,0.0,0.0,0.0,29.267399267399266,32.03907203907204,988.7920532226562,34.0,0.0,35.0,0.0,1.0,0.0,1.0,0.0,1.0,1.0,0.0,0.0,0.0,0.0
2026-06-02 13:38:06,0.0,0.0,0.0,0.0,0.0,0.0,0.0,0.0,29.267399267399266,32.03907203907204,988.7920532226562,34.0,0.0,35.0,0.0,1.0,0.0,1.0,0.0,1.0,1.0,0.0,0.0,0.0,0.0
2026-06-02 13:38:07,0.0,0.0,0.0,0.0,0.0,0.0,0.0,0.0,29.242979242979242,32.02686202686203,988.7920532226562,34.0,0.0,35.0,0.0,1.0,0.0,1.0,0.0,1.0,1.0,0.0,0.0,0.0,0.0
2026-06-02 13:38:09,0.0,0.0,0.0,0.0,0.0,0.0,0.0,0.0,29.145299145299145,31.953601953601954,988.7920532226562,34.0,0.0,35.0,0.0,1.0,0.0,1.0,0.0,1.0,1.0,0.0,0.0,0.0,0.0
2026-06-02 13:38:10,0.0,0.0,0.0,0.0,0.0,0.0,0.0,0.0,29.18192918192918,31.978021978021978,988.7920532226562,34.0,0.0,35.0,0.0,1.0,0.0,1.0,0.0,1.0,1.0,0.0,0.0,0.0,0.0
2026-06-02 13:38:11,0.0,0.0,0.0,0.0,0.0,0.0,0.0,0.0,29.18192918192918,31.978021978021978,988.7920532226562,34.0,0.0,35.0,0.0,1.0,0.0,1.0,0.0,1.0,1.0,0.0,0.0,0.0,0.0
2026-06-02 13:38:13,0.0,0.0,0.0,0.0,0.0,0.0,0.0,0.0,29.206349206349206,32.02686202686203,988.7920532226562,34.0,0.0,35.0,0.0,1.0,0.0,1.0,0.0,1.0,1.0,0.0,0.0,0.0,0.0
2026-06-02 13:38:14,0.0,0.0,0.0,0.0,0.0,0.0,0.0,0.0,29.18192918192918,31.99023199023199,988.7920532226562,34.0,0.0,35.0,0.0,1.0,0.0,1.0,0.0,1.0,1.0,0.0,0.0,0.0,0.0
2026-06-02 13:38:15,0.0,0.0,0.0,0.0,0.0,0.0,0.0,0.0,29.27960927960928,32.05128205128205,988.7920532226562,34.0,0.0,35.0,0.0,1.0,0.0,1.0,0.0,1.0,1.0,0.0,0.0,0.0,0.0
2026-06-02 13:38:16,0.0,0.0,0.0,0.0,0.0,0.0,0.0,0.0,29.267399267399266,32.05128205128205,988.7920532226562,34.0,0.0,35.0,0.0,1.0,0.0,1.0,0.0,1.0,1.0,0.0,0.0,0.0,0.0
2026-06-02 13:38:18,0.0,0.0,0.0,0.0,0.0,0.0,0.0,0.0,29.242979242979242,32.02686202686203,988.7920532226562,34.0,0.0,35.0,0.0,1.0,0.0,1.0,0.0,1.0,1.0,0.0,0.0,0.0,0.0
2026-06-02 13:38:19,0.0,0.0,0.0,0.0,0.0,0.0,0.0,0.0,29.157509157509157,31.965811965811966,988.7920532226562,34.0,0.0,35.0,0.0,1.0,0.0,1.0,0.0,1.0,1.0,0.0,0.0,0.0,0.0
2026-06-02 13:38:21,0.0,0.0,0.0,0.0,0.0,0.0,0.0,0.0,29.23076923076923,32.02686202686203,988.7920532226562,34.0,0.0,35.0,0.0,1.0,0.0,1.0,0.0,1.0,1.0,0.0,0.0,0.0,0.0
2026-06-02 13:38:22,0.0,0.0,0.0,0.0,0.0,0.0,0.0,0.0,29.206349206349206,32.014652014652015,988.7920532226562,34.0,0.0,35.0,0.0,1.0,0.0,1.0,0.0,1.0,1.0,0.0,0.0,0.0,0.0
2026-06-02 13:38:24,0.0,0.0,0.0,0.0,0.0,0.0,0.0,0.0,29.255189255189254,32.03907203907204,988.7920532226562,34.0,0.0,35.0,0.0,1.0,0.0,1.0,0.0,1.0,1.0,0.0,0.0,0.0,0.0
2026-06-02 13:38:25,0.0,0.0,0.0,0.0,0.0,0.0,0.0,0.0,29.27960927960928,32.06349206349206,988.7920532226562,34.0,0.0,35.0,0.0,1.0,0.0,1.0,0.0,1.0,1.0,0.0,0.0,0.0,0.0
2026-06-02 13:38:26,0.0,0.0,0.0,0.0,0.0,0.0,0.0,0.0,29.194139194139193,31.978021978021978,988.7920532226562,34.0,0.0,35.0,0.0,1.0,0.0,1.0,0.0,1.0,1.0,0.0,0.0,0.0,0.0
2026-06-02 13:38:27,0.0,0.0,0.0,0.0,0.0,0.0,0.0,0.0,29.157509157509157,31.953601953601954,988.7920532226562,34.0,0.0,35.0,0.0,1.0,0.0,1.0,0.0,1.0,1.0,0.0,0.0,0.0,0.0
2026-06-02 13:38:29,0.0,0.0,0.0,0.0,0.0,0.0,0.0,0.0,29.157509157509157,31.978021978021978,988.7920532226562,34.0,0.0,35.0,0.0,1.0,0.0,1.0,0.0,1.0,1.0,0.0,0.0,0.0,0.0
2026-06-02 13:38:30,0.0,0.0,0.0,0.0,0.0,0.0,0.0,0.0,29.194139194139193,31.99023199023199,988.7920532226562,34.0,0.0,35.0,0.0,1.0,0.0,1.0,0.0,1.0,1.0,0.0,0.0,0.0,0.0
2026-06-02 13:38:32,0.0,0.0,0.0,0.0,0.0,0.0,0.0,0.0,29.218559218559218,32.014652014652015,988.7920532226562,34.0,0.0,35.0,0.0,1.0,0.0,1.0,0.0,1.0,1.0,0.0,0.0,0.0,0.0
2026-06-02 13:38:33,0.0,0.0,0.0,0.0,0.0,0.0,0.0,0.0,29.218559218559218,32.02686202686203,988.7920532226562,34.0,0.0,35.0,0.0,1.0,0.0,1.0,0.0,1.0,1.0,0.0,0.0,0.0,0.0
2026-06-02 13:38:34,0.0,0.0,0.0,0.0,0.0,0.0,0.0,0.0,29.267399267399266,32.06349206349206,988.7920532226562,34.0,0.0,35.0,0.0,1.0,0.0,1.0,0.0,1.0,1.0,0.0,0.0,0.0,0.0
2026-06-02 13:38:36,0.0,0.0,0.0,0.0,0.0,0.0,0.0,0.0,29.218559218559218,32.014652014652015,988.7920532226562,34.0,0.0,35.0,0.0,1.0,0.0,1.0,0.0,1.0,1.0,0.0,0.0,0.0,0.0
2026-06-02 13:38:37,0.0,0.0,0.0,0.0,0.0,0.0,0.0,0.0,29.194139194139193,31.978021978021978,988.7920532226562,34.0,0.0,35.0,0.0,1.0,0.0,1.0,0.0,1.0,1.0,0.0,0.0,0.0,0.0
2026-06-02 13:38:39,0.0,0.0,0.0,0.0,0.0,0.0,0.0,0.0,29.16971916971917,31.965811965811966,988.7920532226562,34.0,0.0,35.0,0.0,1.0,0.0,1.0,0.0,1.0,1.0,0.0,0.0,0.0,0.0
2026-06-02 13:38:40,0.0,0.0,0.0,0.0,0.0,0.0,0.0,0.0,29.218559218559218,32.002442002442,988.7920532226562,34.0,0.0,35.0,0.0,1.0,0.0,1.0,0.0,1.0,1.0,0.0,0.0,0.0,0.0
2026-06-02 13:38:42,0.0,0.0,0.0,0.0,0.0,0.0,0.0,0.0,29.27960927960928,32.05128205128205,988.7920532226562,34.0,0.0,35.0,0.0,1.0,0.0,1.0,0.0,1.0,1.0,0.0,0.0,0.0,0.0
2026-06-02 13:38:43,0.0,0.0,0.0,0.0,0.0,0.0,0.0,0.0,29.255189255189254,32.05128205128205,988.7920532226562,34.0,0.0,35.0,0.0,1.0,0.0,1.0,0.0,1.0,1.0,0.0,0.0,0.0,0.0
2026-06-02 13:38:44,0.0,0.0,0.0,0.0,0.0,0.0,0.0,0.0,29.16971916971917,31.965811965811966,988.7920532226562,34.0,0.0,35.0,0.0,1.0,0.0,1.0,0.0,1.0,1.0,0.0,0.0,0.0,0.0
2026-06-02 13:38:45,0.0,0.0,0.0,0.0,0.0,0.0,0.0,0.0,29.194139194139193,31.99023199023199,988.7920532226562,34.0,0.0,35.0,0.0,1.0,0.0,1.0,0.0,1.0,1.0,0.0,0.0,0.0,0.0
2026-06-02 13:38:46,0.0,0.0,0.0,0.0,0.0,0.0,0.0,0.0,29.18192918192918,31.965811965811966,988.7920532226562,34.0,0.0,35.0,0.0,1.0,0.0,1.0,0.0,1.0,1.0,0.0,0.0,0.0,0.0
2026-06-02 13:38:48,0.0,0.0,0.0,0.0,0.0,0.0,0.0,0.0,29.18192918192918,31.99023199023199,988.7920532226562,34.0,0.0,35.0,0.0,1.0,0.0,1.0,0.0,1.0,1.0,0.0,0.0,0.0,0.0
2026-06-02 13:38:49,0.0,0.0,0.0,0.0,0.0,0.0,0.0,0.0,29.18192918192918,31.99023199023199,988.7920532226562,34.0,0.0,35.0,0.0,1.0,0.0,1.0,0.0,1.0,1.0,0.0,0.0,0.0,0.0
2026-06-02 13:38:50,0.0,0.0,0.0,0.0,0.0,0.0,0.0,0.0,29.218559218559218,32.014652014652015,988.7920532226562,34.0,0.0,35.0,0.0,1.0,0.0,1.0,0.0,1.0,1.0,0.0,0.0,0.0,0.0
2026-06-02 13:38:51,0.0,0.0,0.0,0.0,0.0,0.0,0.0,0.0,29.194139194139193,31.978021978021978,988.7920532226562,34.0,0.0,35.0,0.0,1.0,0.0,1.0,0.0,1.0,1.0,0.0,0.0,0.0,0.0
2026-06-02 13:38:53,0.0,0.0,0.0,0.0,0.0,0.0,0.0,0.0,29.18192918192918,31.978021978021978,988.7920532226562,34.0,0.0,35.0,0.0,1.0,0.0,1.0,0.0,1.0,1.0,0.0,0.0,0.0,0.0
2026-06-02 13:38:54,0.0,0.0,0.0,0.0,0.0,0.0,0.0,0.0,29.16971916971917,31.965811965811966,988.7920532226562,34.0,0.0,35.0,0.0,1.0,0.0,1.0,0.0,1.0,1.0,0.0,0.0,0.0,0.0
2026-06-02 13:38:55,0.0,0.0,0.0,0.0,0.0,0.0,0.0,0.0,29.18192918192918,31.94139194139194,988.7920532226562,34.0,0.0,35.0,0.0,1.0,0.0,1.0,0.0,1.0,1.0,0.0,0.0,0.0,0.0
2026-06-02 13:38:57,0.0,0.0,0.0,0.0,0.0,0.0,0.0,0.0,29.16971916971917,31.965811965811966,988.7920532226562,34.0,0.0,35.0,0.0,1.0,0.0,1.0,0.0,1.0,1.0,0.0,0.0,0.0,0.0
2026-06-02 13:38:58,0.0,0.0,0.0,0.0,0.0,0.0,0.0,0.0,29.18192918192918,31.99023199023199,988.7920532226562,34.0,0.0,35.0,0.0,1.0,0.0,1.0,0.0,1.0,1.0,0.0,0.0,0.0,0.0
2026-06-02 13:38:59,0.0,0.0,0.0,0.0,0.0,0.0,0.0,0.0,29.157509157509157,31.94139194139194,988.7920532226562,34.0,0.0,35.0,0.0,1.0,0.0,1.0,0.0,1.0,1.0,0.0,0.0,0.0,0.0
2026-06-02 13:39:00,0.0,0.0,0.0,0.0,0.0,0.0,0.0,0.0,29.157509157509157,31.965811965811966,988.7920532226562,34.0,0.0,35.0,0.0,1.0,0.0,1.0,0.0,1.0,1.0,0.0,0.0,0.0,0.0
2026-06-02 13:39:02,0.0,0.0,0.0,0.0,0.0,0.0,0.0,0.0,29.157509157509157,31.953601953601954,988.7920532226562,34.0,0.0,35.0,0.0,1.0,0.0,1.0,0.0,1.0,1.0,0.0,0.0,0.0,0.0
2026-06-02 13:39:03,0.0,0.0,0.0,0.0,0.0,0.0,0.0,0.0,29.18192918192918,31.978021978021978,988.7920532226562,34.0,0.0,35.0,0.0,1.0,0.0,1.0,0.0,1.0,1.0,0.0,0.0,0.0,0.0
2026-06-02 13:39:04,0.0,0.0,0.0,0.0,0.0,0.0,0.0,0.0,29.18192918192918,31.978021978021978,988.7920532226562,34.0,0.0,35.0,0.0,1.0,0.0,1.0,0.0,1.0,1.0,0.0,0.0,0.0,0.0
2026-06-02 13:39:05,0.0,0.0,0.0,0.0,0.0,0.0,0.0,0.0,29.206349206349206,31.99023199023199,988.7920532226562,34.0,0.0,35.0,0.0,1.0,0.0,1.0,0.0,1.0,1.0,0.0,0.0,0.0,0.0
2026-06-02 13:39:06,0.0,0.0,0.0,0.0,0.0,0.0,0.0,0.0,29.16971916971917,31.978021978021978,988.7920532226562,34.0,0.0,35.0,0.0,1.0,0.0,1.0,0.0,1.0,1.0,0.0,0.0,0.0,0.0
2026-06-02 13:39:08,0.0,0.0,0.0,0.0,0.0,0.0,0.0,0.0,29.18192918192918,31.99023199023199,988.7920532226562,34.0,0.0,35.0,0.0,1.0,0.0,1.0,0.0,1.0,1.0,0.0,0.0,0.0,0.0
2026-06-02 13:39:09,0.0,0.0,0.0,0.0,0.0,0.0,0.0,0.0,29.218559218559218,32.014652014652015,988.7920532226562,34.0,0.0,35.0,0.0,1.0,0.0,1.0,0.0,1.0,1.0,0.0,0.0,0.0,0.0
2026-06-02 13:39:10,0.0,0.0,0.0,0.0,0.0,0.0,0.0,0.0,29.23076923076923,32.02686202686203,988.7920532226562,34.0,0.0,35.0,0.0,1.0,0.0,1.0,0.0,1.0,1.0,0.0,0.0,0.0,0.0
2026-06-02 13:39:12,0.0,0.0,0.0,0.0,0.0,0.0,0.0,0.0,29.255189255189254,32.05128205128205,988.7920532226562,34.0,0.0,35.0,0.0,1.0,0.0,1.0,0.0,1.0,1.0,0.0,0.0,0.0,0.0
2026-06-02 13:39:13,0.0,0.0,0.0,0.0,0.0,0.0,0.0,0.0,29.255189255189254,32.06349206349206,988.7920532226562,34.0,0.0,35.0,0.0,1.0,0.0,1.0,0.0,1.0,1.0,0.0,0.0,0.0,0.0
2026-06-02 13:39:14,0.0,0.0,0.0,0.0,0.0,0.0,0.0,0.0,29.206349206349206,32.002442002442,988.7920532226562,34.0,0.0,35.0,0.0,1.0,0.0,1.0,0.0,1.0,1.0,0.0,0.0,0.0,0.0
2026-06-02 13:39:16,0.0,0.0,0.0,0.0,0.0,0.0,0.0,0.0,29.194139194139193,31.99023199023199,988.7920532226562,34.0,0.0,35.0,0.0,1.0,0.0,1.0,0.0,1.0,1.0,0.0,0.0,0.0,0.0
2026-06-02 13:39:17,0.0,0.0,0.0,0.0,0.0,0.0,0.0,0.0,29.145299145299145,31.953601953601954,988.7920532226562,34.0,0.0,35.0,0.0,1.0,0.0,1.0,0.0,1.0,1.0,0.0,0.0,0.0,0.0
2026-06-02 13:39:18,0.0,0.0,0.0,0.0,0.0,0.0,0.0,0.0,29.16971916971917,31.978021978021978,988.7920532226562,34.0,0.0,35.0,0.0,1.0,0.0,1.0,0.0,1.0,1.0,0.0,0.0,0.0,0.0
2026-06-02 13:39:19,0.0,0.0,0.0,0.0,0.0,0.0,0.0,0.0,29.145299145299145,31.953601953601954,988.7920532226562,34.0,0.0,35.0,0.0,1.0,0.0,1.0,0.0,1.0,1.0,0.0,0.0,0.0,0.0
2026-06-02 13:39:21,0.0,0.0,0.0,0.0,0.0,0.0,0.0,0.0,29.18192918192918,31.978021978021978,988.7920532226562,34.0,0.0,35.0,0.0,1.0,0.0,1.0,0.0,1.0,1.0,0.0,0.0,0.0,0.0
2026-06-02 13:39:22,0.0,0.0,0.0,0.0,0.0,0.0,0.0,0.0,29.206349206349206,32.002442002442,988.7920532226562,34.0,0.0,35.0,0.0,1.0,0.0,1.0,0.0,1.0,1.0,0.0,0.0,0.0,0.0
2026-06-02 13:39:23,0.0,0.0,0.0,0.0,0.0,0.0,0.0,0.0,29.242979242979242,32.03907203907204,988.7920532226562,34.0,0.0,35.0,0.0,1.0,0.0,1.0,0.0,1.0,1.0,0.0,0.0,0.0,0.0
2026-06-02 13:39:24,0.0,0.0,0.0,0.0,0.0,0.0,0.0,0.0,29.242979242979242,32.05128205128205,988.7920532226562,34.0,0.0,35.0,0.0,1.0,0.0,1.0,0.0,1.0,1.0,0.0,0.0,0.0,0.0
2026-06-02 13:39:26,0.0,0.0,0.0,0.0,0.0,0.0,0.0,0.0,29.23076923076923,32.014652014652015,988.7920532226562,34.0,0.0,35.0,0.0,1.0,0.0,1.0,0.0,1.0,1.0,0.0,0.0,0.0,0.0
2026-06-02 13:39:27,0.0,0.0,0.0,0.0,0.0,0.0,0.0,0.0,29.16971916971917,31.99023199023199,988.7920532226562,34.0,0.0,35.0,0.0,1.0,0.0,1.0,0.0,1.0,1.0,0.0,0.0,0.0,0.0
2026-06-02 13:39:28,0.0,0.0,0.0,0.0,0.0,0.0,0.0,0.0,29.16971916971917,31.965811965811966,988.7920532226562,34.0,0.0,35.0,0.0,1.0,0.0,1.0,0.0,1.0,1.0,0.0,0.0,0.0,0.0
2026-06-02 13:39:29,0.0,0.0,0.0,0.0,0.0,0.0,0.0,0.0,29.157509157509157,31.953601953601954,988.7920532226562,34.0,0.0,35.0,0.0,1.0,0.0,1.0,0.0,1.0,1.0,0.0,0.0,0.0,0.0
2026-06-02 13:39:31,0.0,0.0,0.0,0.0,0.0,0.0,0.0,0.0,29.255189255189254,32.06349206349206,988.7920532226562,34.0,0.0,35.0,0.0,1.0,0.0,1.0,0.0,1.0,1.0,0.0,0.0,0.0,0.0
2026-06-02 13:39:32,0.0,0.0,0.0,0.0,0.0,0.0,0.0,0.0,29.242979242979242,32.03907203907204,988.7920532226562,34.0,0.0,35.0,0.0,1.0,0.0,1.0,0.0,1.0,1.0,0.0,0.0,0.0,0.0
2026-06-02 13:39:33,0.0,0.0,0.0,0.0,0.0,0.0,0.0,0.0,29.242979242979242,32.03907203907204,988.7920532226562,34.0,0.0,35.0,0.0,1.0,0.0,1.0,0.0,1.0,1.0,0.0,0.0,0.0,0.0
2026-06-02 13:39:34,0.0,0.0,0.0,0.0,0.0,0.0,0.0,0.0,29.145299145299145,31.953601953601954,988.7920532226562,34.0,0.0,35.0,0.0,1.0,0.0,1.0,0.0,1.0,1.0,0.0,0.0,0.0,0.0
2026-06-02 13:39:36,0.0,0.0,0.0,0.0,0.0,0.0,0.0,0.0,29.194139194139193,31.99023199023199,988.7920532226562,34.0,0.0,35.0,0.0,1.0,0.0,1.0,0.0,1.0,1.0,0.0,0.0,0.0,0.0
2026-06-02 13:39:37,0.0,0.0,0.0,0.0,0.0,0.0,0.0,0.0,29.206349206349206,32.002442002442,988.7920532226562,34.0,0.0,35.0,0.0,1.0,0.0,1.0,0.0,1.0,1.0,0.0,0.0,0.0,0.0
2026-06-02 13:39:38,0.0,0.0,0.0,0.0,0.0,0.0,0.0,0.0,29.194139194139193,32.002442002442,988.7920532226562,34.0,0.0,35.0,0.0,1.0,0.0,1.0,0.0,1.0,1.0,0.0,0.0,0.0,0.0
2026-06-02 13:39:40,0.0,0.0,0.0,0.0,0.0,0.0,0.0,0.0,29.157509157509157,31.965811965811966,988.7920532226562,34.0,0.0,35.0,0.0,1.0,0.0,1.0,0.0,1.0,1.0,0.0,0.0,0.0,0.0
2026-06-02 13:39:41,0.0,0.0,0.0,0.0,0.0,0.0,0.0,0.0,29.194139194139193,31.965811965811966,988.7920532226562,34.0,0.0,35.0,0.0,1.0,0.0,1.0,0.0,1.0,1.0,0.0,0.0,0.0,0.0
2026-06-02 13:39:42,0.0,0.0,0.0,0.0,0.0,0.0,0.0,0.0,29.206349206349206,32.02686202686203,988.7920532226562,34.0,0.0,35.0,0.0,1.0,0.0,1.0,0.0,1.0,1.0,0.0,0.0,0.0,0.0
2026-06-02 13:39:44,0.0,0.0,0.0,0.0,0.0,0.0,0.0,0.0,29.218559218559218,32.002442002442,988.7920532226562,34.0,0.0,35.0,0.0,1.0,0.0,1.0,0.0,1.0,1.0,0.0,0.0,0.0,0.0
2026-06-02 13:39:45,0.0,0.0,0.0,0.0,0.0,0.0,0.0,0.0,29.18192918192918,31.99023199023199,988.7920532226562,34.0,0.0,35.0,0.0,1.0,0.0,1.0,0.0,1.0,1.0,0.0,0.0,0.0,0.0
2026-06-02 13:39:46,0.0,0.0,0.0,0.0,0.0,0.0,0.0,0.0,29.157509157509157,31.978021978021978,988.7920532226562,34.0,0.0,35.0,0.0,1.0,0.0,1.0,0.0,1.0,1.0,0.0,0.0,0.0,0.0
2026-06-02 13:39:47,0.0,0.0,0.0,0.0,0.0,0.0,0.0,0.0,29.157509157509157,31.978021978021978,988.7920532226562,34.0,0.0,35.0,0.0,1.0,0.0,1.0,0.0,1.0,1.0,0.0,0.0,0.0,0.0
2026-06-02 13:39:48,0.0,0.0,0.0,0.0,0.0,0.0,0.0,0.0,29.255189255189254,32.03907203907204,988.7920532226562,34.0,0.0,35.0,0.0,1.0,0.0,1.0,0.0,1.0,1.0,0.0,0.0,0.0,0.0
2026-06-02 13:39:50,0.0,0.0,0.0,0.0,0.0,0.0,0.0,0.0,29.16971916971917,31.978021978021978,988.7920532226562,34.0,0.0,35.0,0.0,1.0,0.0,1.0,0.0,1.0,1.0,0.0,0.0,0.0,0.0
2026-06-02 13:39:51,0.0,0.0,0.0,0.0,0.0,0.0,0.0,0.0,29.157509157509157,31.953601953601954,988.7920532226562,34.0,0.0,35.0,0.0,1.0,0.0,1.0,0.0,1.0,1.0,0.0,0.0,0.0,0.0
2026-06-02 13:39:52,0.0,0.0,0.0,0.0,0.0,0.0,0.0,0.0,29.267399267399266,32.03907203907204,988.7920532226562,34.0,0.0,35.0,0.0,1.0,0.0,1.0,0.0,1.0,1.0,0.0,0.0,0.0,0.0
2026-06-02 13:39:54,0.0,0.0,0.0,0.0,0.0,0.0,0.0,0.0,29.145299145299145,31.965811965811966,988.7920532226562,34.0,0.0,35.0,0.0,1.0,0.0,1.0,0.0,1.0,1.0,0.0,0.0,0.0,0.0
2026-06-02 13:39:55,0.0,0.0,0.0,0.0,0.0,0.0,0.0,0.0,29.157509157509157,31.965811965811966,988.7920532226562,34.0,0.0,35.0,0.0,1.0,0.0,1.0,0.0,1.0,1.0,0.0,0.0,0.0,0.0
2026-06-02 13:39:56,0.0,0.0,0.0,0.0,0.0,0.0,0.0,0.0,29.242979242979242,32.02686202686203,988.7920532226562,34.0,0.0,35.0,0.0,1.0,0.0,1.0,0.0,1.0,1.0,0.0,0.0,0.0,0.0
2026-06-02 13:39:57,0.0,0.0,0.0,0.0,0.0,0.0,0.0,0.0,29.23076923076923,32.03907203907204,988.7920532226562,34.0,0.0,35.0,0.0,1.0,0.0,1.0,0.0,1.0,1.0,0.0,0.0,0.0,0.0
2026-06-02 13:39:59,0.0,0.0,0.0,0.0,0.0,0.0,0.0,0.0,29.157509157509157,31.965811965811966,988.7920532226562,34.0,0.0,35.0,0.0,1.0,0.0,1.0,0.0,1.0,1.0,0.0,0.0,0.0,0.0
2026-06-02 13:40:00,0.0,0.0,0.0,0.0,0.0,0.0,0.0,0.0,29.242979242979242,32.03907203907204,988.7920532226562,34.0,0.0,35.0,0.0,1.0,0.0,1.0,0.0,1.0,1.0,0.0,0.0,0.0,0.0
2026-06-02 13:40:01,0.0,0.0,0.0,0.0,0.0,0.0,0.0,0.0,29.242979242979242,32.05128205128205,988.7920532226562,34.0,0.0,35.0,0.0,1.0,0.0,1.0,0.0,1.0,1.0,0.0,0.0,0.0,0.0
2026-06-02 13:40:03,0.0,0.0,0.0,0.0,0.0,0.0,0.0,0.0,29.157509157509157,31.978021978021978,988.7920532226562,34.0,0.0,35.0,0.0,1.0,0.0,1.0,0.0,1.0,1.0,0.0,0.0,0.0,0.0
2026-06-02 13:40:04,0.0,0.0,0.0,0.0,0.0,0.0,0.0,0.0,29.23076923076923,32.02686202686203,988.7920532226562,34.0,0.0,35.0,0.0,1.0,0.0,1.0,0.0,1.0,1.0,0.0,0.0,0.0,0.0
2026-06-02 13:40:05,0.0,0.0,0.0,0.0,0.0,0.0,0.0,0.0,29.206349206349206,32.03907203907204,988.7920532226562,34.0,0.0,35.0,0.0,1.0,0.0,1.0,0.0,1.0,1.0,0.0,0.0,0.0,0.0
2026-06-02 13:40:07,0.0,0.0,0.0,0.0,0.0,0.0,0.0,0.0,29.133089133089133,31.978021978021978,988.7920532226562,34.0,0.0,35.0,0.0,1.0,0.0,1.0,0.0,1.0,1.0,0.0,0.0,0.0,0.0
2026-06-02 13:40:08,0.0,0.0,0.0,0.0,0.0,0.0,0.0,0.0,29.157509157509157,31.965811965811966,988.7920532226562,34.0,0.0,35.0,0.0,1.0,0.0,1.0,0.0,1.0,1.0,0.0,0.0,0.0,0.0
2026-06-02 13:40:10,0.0,0.0,0.0,0.0,0.0,0.0,0.0,0.0,29.157509157509157,31.965811965811966,988.7920532226562,34.0,0.0,35.0,0.0,1.0,0.0,1.0,0.0,1.0,1.0,0.0,0.0,0.0,0.0
2026-06-02 13:40:11,0.0,0.0,0.0,0.0,0.0,0.0,0.0,0.0,29.23076923076923,32.03907203907204,988.7920532226562,34.0,0.0,35.0,0.0,1.0,0.0,1.0,0.0,1.0,1.0,0.0,0.0,0.0,0.0
2026-06-02 13:40:12,0.0,0.0,0.0,0.0,0.0,0.0,0.0,0.0,29.242979242979242,32.05128205128205,988.7920532226562,34.0,0.0,35.0,0.0,1.0,0.0,1.0,0.0,1.0,1.0,0.0,0.0,0.0,0.0
2026-06-02 13:40:13,0.0,0.0,0.0,0.0,0.0,0.0,0.0,0.0,29.145299145299145,31.965811965811966,988.7920532226562,34.0,0.0,35.0,0.0,1.0,0.0,1.0,0.0,1.0,1.0,0.0,0.0,0.0,0.0
2026-06-02 13:40:14,0.0,0.0,0.0,0.0,0.0,0.0,0.0,0.0,29.145299145299145,31.94139194139194,988.7920532226562,34.0,0.0,35.0,0.0,1.0,0.0,1.0,0.0,1.0,1.0,0.0,0.0,0.0,0.0
2026-06-02 13:40:16,0.0,0.0,0.0,0.0,0.0,0.0,0.0,0.0,29.206349206349206,32.014652014652015,988.7920532226562,34.0,0.0,35.0,0.0,1.0,0.0,1.0,0.0,1.0,1.0,0.0,0.0,0.0,0.0
2026-06-02 13:40:17,0.0,0.0,0.0,0.0,0.0,0.0,0.0,0.0,29.16971916971917,31.94139194139194,988.7920532226562,34.0,0.0,35.0,0.0,1.0,0.0,1.0,0.0,1.0,1.0,0.0,0.0,0.0,0.0
2026-06-02 13:40:18,0.0,0.0,0.0,0.0,0.0,0.0,0.0,0.0,29.194139194139193,32.002442002442,988.7920532226562,34.0,0.0,35.0,0.0,1.0,0.0,1.0,0.0,1.0,1.0,0.0,0.0,0.0,0.0
2026-06-02 13:40:19,0.0,0.0,0.0,0.0,0.0,0.0,0.0,0.0,29.194139194139193,32.002442002442,988.7920532226562,34.0,0.0,35.0,0.0,1.0,0.0,1.0,0.0,1.0,1.0,0.0,0.0,0.0,0.0
2026-06-02 13:40:21,0.0,0.0,0.0,0.0,0.0,0.0,0.0,0.0,29.206349206349206,32.002442002442,988.7920532226562,34.0,0.0,35.0,0.0,1.0,0.0,1.0,0.0,1.0,1.0,0.0,0.0,0.0,0.0
2026-06-02 13:40:22,0.0,0.0,0.0,0.0,0.0,0.0,0.0,0.0,29.218559218559218,32.02686202686203,988.7920532226562,34.0,0.0,35.0,0.0,1.0,0.0,1.0,0.0,1.0,1.0,0.0,0.0,0.0,0.0
2026-06-02 13:40:23,0.0,0.0,0.0,0.0,0.0,0.0,0.0,0.0,29.157509157509157,31.965811965811966,988.7920532226562,34.0,0.0,35.0,0.0,1.0,0.0,1.0,0.0,1.0,1.0,0.0,0.0,0.0,0.0
2026-06-02 13:40:25,0.0,0.0,0.0,0.0,0.0,0.0,0.0,0.0,29.242979242979242,32.03907203907204,988.7920532226562,34.0,0.0,35.0,0.0,1.0,0.0,1.0,0.0,1.0,1.0,0.0,0.0,0.0,0.0
2026-06-02 13:40:26,0.0,0.0,0.0,0.0,0.0,0.0,0.0,0.0,29.242979242979242,32.03907203907204,988.7920532226562,34.0,0.0,35.0,0.0,1.0,0.0,1.0,0.0,1.0,1.0,0.0,0.0,0.0,0.0
2026-06-02 13:40:27,0.0,0.0,0.0,0.0,0.0,0.0,0.0,0.0,29.157509157509157,31.965811965811966,988.7920532226562,34.0,0.0,35.0,0.0,1.0,0.0,1.0,0.0,1.0,1.0,0.0,0.0,0.0,0.0
2026-06-02 13:40:28,0.0,0.0,0.0,0.0,0.0,0.0,0.0,0.0,29.157509157509157,31.953601953601954,988.7920532226562,34.0,0.0,35.0,0.0,1.0,0.0,1.0,0.0,1.0,1.0,0.0,0.0,0.0,0.0
2026-06-02 13:40:30,0.0,0.0,0.0,0.0,0.0,0.0,0.0,0.0,29.242979242979242,32.02686202686203,988.7920532226562,34.0,0.0,35.0,0.0,1.0,0.0,1.0,0.0,1.0,1.0,0.0,0.0,0.0,0.0
2026-06-02 13:40:31,0.0,0.0,0.0,0.0,0.0,0.0,0.0,0.0,29.242979242979242,32.05128205128205,988.7920532226562,34.0,0.0,35.0,0.0,1.0,0.0,1.0,0.0,1.0,1.0,0.0,0.0,0.0,0.0
2026-06-02 13:40:32,0.0,0.0,0.0,0.0,0.0,0.0,0.0,0.0,29.145299145299145,31.953601953601954,988.7920532226562,34.0,0.0,35.0,0.0,1.0,0.0,1.0,0.0,1.0,1.0,0.0,0.0,0.0,0.0
2026-06-02 13:40:33,0.0,0.0,0.0,0.0,0.0,0.0,0.0,0.0,29.218559218559218,32.02686202686203,988.7920532226562,34.0,0.0,35.0,0.0,1.0,0.0,1.0,0.0,1.0,1.0,0.0,0.0,0.0,0.0
2026-06-02 13:40:35,0.0,0.0,0.0,0.0,0.0,0.0,0.0,0.0,29.255189255189254,32.05128205128205,988.7920532226562,34.0,0.0,35.0,0.0,1.0,0.0,1.0,0.0,1.0,1.0,0.0,0.0,0.0,0.0
2026-06-02 13:40:36,0.0,0.0,0.0,0.0,0.0,0.0,0.0,0.0,29.18192918192918,31.99023199023199,988.7920532226562,34.0,0.0,35.0,0.0,1.0,0.0,1.0,0.0,1.0,1.0,0.0,0.0,0.0,0.0
2026-06-02 13:40:37,0.0,0.0,0.0,0.0,0.0,0.0,0.0,0.0,29.157509157509157,31.965811965811966,988.7920532226562,34.0,0.0,35.0,0.0,1.0,0.0,1.0,0.0,1.0,1.0,0.0,0.0,0.0,0.0
2026-06-02 13:40:38,0.0,0.0,0.0,0.0,0.0,0.0,0.0,0.0,29.206349206349206,32.02686202686203,988.7920532226562,34.0,0.0,35.0,0.0,1.0,0.0,1.0,0.0,1.0,1.0,0.0,0.0,0.0,0.0
2026-06-02 13:40:40,0.0,0.0,0.0,0.0,0.0,0.0,0.0,0.0,29.23076923076923,32.02686202686203,988.7920532226562,34.0,0.0,35.0,0.0,1.0,0.0,1.0,0.0,1.0,1.0,0.0,0.0,0.0,0.0
2026-06-02 13:40:41,0.0,0.0,0.0,0.0,0.0,0.0,0.0,0.0,29.194139194139193,31.99023199023199,988.7920532226562,34.0,0.0,35.0,0.0,1.0,0.0,1.0,0.0,1.0,1.0,0.0,0.0,0.0,0.0
2026-06-02 13:40:42,0.0,0.0,0.0,0.0,0.0,0.0,0.0,0.0,29.157509157509157,31.965811965811966,988.7920532226562,34.0,0.0,35.0,0.0,1.0,0.0,1.0,0.0,1.0,1.0,0.0,0.0,0.0,0.0
2026-06-02 13:40:43,0.0,0.0,0.0,0.0,0.0,0.0,0.0,0.0,29.157509157509157,31.965811965811966,988.7920532226562,34.0,0.0,35.0,0.0,1.0,0.0,1.0,0.0,1.0,1.0,0.0,0.0,0.0,0.0
2026-06-02 13:40:44,0.0,0.0,0.0,0.0,0.0,0.0,0.0,0.0,29.267399267399266,32.06349206349206,988.7920532226562,34.0,0.0,35.0,0.0,1.0,0.0,1.0,0.0,1.0,1.0,0.0,0.0,0.0,0.0
2026-06-02 13:40:46,0.0,0.0,0.0,0.0,0.0,0.0,0.0,0.0,29.16971916971917,31.978021978021978,988.7920532226562,34.0,0.0,35.0,0.0,1.0,0.0,1.0,0.0,1.0,1.0,0.0,0.0,0.0,0.0
2026-06-02 13:40:47,0.0,0.0,0.0,0.0,0.0,0.0,0.0,0.0,29.16971916971917,31.978021978021978,988.7920532226562,34.0,0.0,35.0,0.0,1.0,0.0,1.0,0.0,1.0,1.0,0.0,0.0,0.0,0.0
2026-06-02 13:40:48,0.0,0.0,0.0,0.0,0.0,0.0,0.0,0.0,29.157509157509157,31.953601953601954,988.7920532226562,34.0,0.0,35.0,0.0,1.0,0.0,1.0,0.0,1.0,1.0,0.0,0.0,0.0,0.0
2026-06-02 13:40:50,0.0,0.0,0.0,0.0,0.0,0.0,0.0,0.0,29.23076923076923,32.02686202686203,988.7920532226562,34.0,0.0,35.0,0.0,1.0,0.0,1.0,0.0,1.0,1.0,0.0,0.0,0.0,0.0
2026-06-02 13:40:51,0.0,0.0,0.0,0.0,0.0,0.0,0.0,0.0,29.255189255189254,32.05128205128205,988.7920532226562,34.0,0.0,35.0,0.0,1.0,0.0,1.0,0.0,1.0,1.0,0.0,0.0,0.0,0.0
2026-06-02 13:40:52,0.0,0.0,0.0,0.0,0.0,0.0,0.0,0.0,29.255189255189254,32.05128205128205,988.7920532226562,34.0,0.0,35.0,0.0,1.0,0.0,1.0,0.0,1.0,1.0,0.0,0.0,0.0,0.0
2026-06-02 13:40:53,0.0,0.0,0.0,0.0,0.0,0.0,0.0,0.0,29.242979242979242,32.06349206349206,988.7920532226562,34.0,0.0,35.0,0.0,1.0,0.0,1.0,0.0,1.0,1.0,0.0,0.0,0.0,0.0
2026-06-02 13:40:54,0.0,0.0,0.0,0.0,0.0,0.0,0.0,0.0,29.194139194139193,32.014652014652015,988.7920532226562,34.0,0.0,35.0,0.0,1.0,0.0,1.0,0.0,1.0,1.0,0.0,0.0,0.0,0.0
2026-06-02 13:40:55,0.0,0.0,0.0,0.0,0.0,0.0,0.0,0.0,29.194139194139193,32.014652014652015,988.7920532226562,34.0,0.0,35.0,0.0,1.0,0.0,1.0,0.0,1.0,1.0,0.0,0.0,0.0,0.0
2026-06-02 13:40:57,0.0,0.0,0.0,0.0,0.0,0.0,0.0,0.0,29.16971916971917,31.99023199023199,988.7920532226562,34.0,0.0,35.0,0.0,1.0,0.0,1.0,0.0,1.0,1.0,0.0,0.0,0.0,0.0
2026-06-02 13:40:58,0.0,0.0,0.0,0.0,0.0,0.0,0.0,0.0,29.157509157509157,31.953601953601954,988.7920532226562,34.0,0.0,35.0,0.0,1.0,0.0,1.0,0.0,1.0,1.0,0.0,0.0,0.0,0.0
2026-06-02 13:41:00,0.0,0.0,0.0,0.0,0.0,0.0,0.0,0.0,29.16971916971917,31.965811965811966,988.7920532226562,34.0,0.0,35.0,0.0,1.0,0.0,1.0,0.0,1.0,1.0,0.0,0.0,0.0,0.0
2026-06-02 13:41:01,0.0,0.0,0.0,0.0,0.0,0.0,0.0,0.0,29.218559218559218,32.03907203907204,988.7920532226562,34.0,0.0,35.0,0.0,1.0,0.0,1.0,0.0,1.0,1.0,0.0,0.0,0.0,0.0
2026-06-02 13:41:03,0.0,0.0,0.0,0.0,0.0,0.0,0.0,0.0,29.206349206349206,32.002442002442,988.7920532226562,34.0,0.0,35.0,0.0,1.0,0.0,1.0,0.0,1.0,1.0,0.0,0.0,0.0,0.0
2026-06-02 13:41:04,0.0,0.0,0.0,0.0,0.0,0.0,0.0,0.0,29.18192918192918,31.978021978021978,988.7920532226562,34.0,0.0,35.0,0.0,1.0,0.0,1.0,0.0,1.0,1.0,0.0,0.0,0.0,0.0
2026-06-02 13:41:05,0.0,0.0,0.0,0.0,0.0,0.0,0.0,0.0,29.157509157509157,31.953601953601954,988.7920532226562,34.0,0.0,35.0,0.0,1.0,0.0,1.0,0.0,1.0,1.0,0.0,0.0,0.0,0.0
2026-06-02 13:41:06,0.0,0.0,0.0,0.0,0.0,0.0,0.0,0.0,29.157509157509157,31.965811965811966,988.7920532226562,34.0,0.0,35.0,0.0,1.0,0.0,1.0,0.0,1.0,1.0,0.0,0.0,0.0,0.0
2026-06-02 13:41:07,0.0,0.0,0.0,0.0,0.0,0.0,0.0,0.0,29.23076923076923,32.05128205128205,988.7920532226562,34.0,0.0,35.0,0.0,1.0,0.0,1.0,0.0,1.0,1.0,0.0,0.0,0.0,0.0
2026-06-02 13:41:08,0.0,0.0,0.0,0.0,0.0,0.0,0.0,0.0,29.23076923076923,32.05128205128205,988.7920532226562,34.0,0.0,35.0,0.0,1.0,0.0,1.0,0.0,1.0,1.0,0.0,0.0,0.0,0.0
2026-06-02 13:41:09,0.0,0.0,0.0,0.0,0.0,0.0,0.0,0.0,29.18192918192918,31.99023199023199,988.7920532226562,34.0,0.0,35.0,0.0,1.0,0.0,1.0,0.0,1.0,1.0,0.0,0.0,0.0,0.0
2026-06-02 13:41:11,0.0,0.0,0.0,0.0,0.0,0.0,0.0,0.0,29.16971916971917,31.978021978021978,988.7920532226562,34.0,0.0,35.0,0.0,1.0,0.0,1.0,0.0,1.0,1.0,0.0,0.0,0.0,0.0
2026-06-02 13:41:12,0.0,0.0,0.0,0.0,0.0,0.0,0.0,0.0,29.194139194139193,31.99023199023199,988.7920532226562,34.0,0.0,35.0,0.0,1.0,0.0,1.0,0.0,1.0,1.0,0.0,0.0,0.0,0.0
2026-06-02 13:41:13,0.0,0.0,0.0,0.0,0.0,0.0,0.0,0.0,29.255189255189254,32.03907203907204,988.7920532226562,34.0,0.0,35.0,0.0,1.0,0.0,1.0,0.0,1.0,1.0,0.0,0.0,0.0,0.0
2026-06-02 13:41:14,0.0,0.0,0.0,0.0,0.0,0.0,0.0,0.0,29.242979242979242,32.03907203907204,988.7920532226562,34.0,0.0,35.0,0.0,1.0,0.0,1.0,0.0,1.0,1.0,0.0,0.0,0.0,0.0
2026-06-02 13:41:16,0.0,0.0,0.0,0.0,0.0,0.0,0.0,0.0,29.16971916971917,31.965811965811966,988.7920532226562,34.0,0.0,35.0,0.0,1.0,0.0,1.0,0.0,1.0,1.0,0.0,0.0,0.0,0.0
2026-06-02 13:41:17,0.0,0.0,0.0,0.0,0.0,0.0,0.0,0.0,29.16971916971917,31.978021978021978,988.7920532226562,34.0,0.0,35.0,0.0,1.0,0.0,1.0,0.0,1.0,1.0,0.0,0.0,0.0,0.0
2026-06-02 13:41:18,0.0,0.0,0.0,0.0,0.0,0.0,0.0,0.0,29.16971916971917,31.965811965811966,988.7920532226562,34.0,0.0,35.0,0.0,1.0,0.0,1.0,0.0,1.0,1.0,0.0,0.0,0.0,0.0
2026-06-02 13:41:19,0.0,0.0,0.0,0.0,0.0,0.0,0.0,0.0,29.242979242979242,32.03907203907204,988.7920532226562,34.0,0.0,35.0,0.0,1.0,0.0,1.0,0.0,1.0,1.0,0.0,0.0,0.0,0.0
2026-06-02 13:41:21,0.0,0.0,0.0,0.0,0.0,0.0,0.0,0.0,29.267399267399266,32.03907203907204,988.7920532226562,34.0,0.0,35.0,0.0,1.0,0.0,1.0,0.0,1.0,1.0,0.0,0.0,0.0,0.0
2026-06-02 13:41:22,0.0,0.0,0.0,0.0,0.0,0.0,0.0,0.0,29.194139194139193,31.978021978021978,988.7920532226562,34.0,0.0,35.0,0.0,1.0,0.0,1.0,0.0,1.0,1.0,0.0,0.0,0.0,0.0
2026-06-02 13:41:23,0.0,0.0,0.0,0.0,0.0,0.0,0.0,0.0,29.157509157509157,31.953601953601954,988.7920532226562,34.0,0.0,35.0,0.0,1.0,0.0,1.0,0.0,1.0,1.0,0.0,0.0,0.0,0.0
2026-06-02 13:41:25,0.0,0.0,0.0,0.0,0.0,0.0,0.0,0.0,29.157509157509157,31.94139194139194,988.7920532226562,34.0,0.0,35.0,0.0,1.0,0.0,1.0,0.0,1.0,1.0,0.0,0.0,0.0,0.0
2026-06-02 13:41:26,0.0,0.0,0.0,0.0,0.0,0.0,0.0,0.0,29.16971916971917,31.978021978021978,988.7920532226562,34.0,0.0,35.0,0.0,1.0,0.0,1.0,0.0,1.0,1.0,0.0,0.0,0.0,0.0
2026-06-02 13:41:27,0.0,0.0,0.0,0.0,0.0,0.0,0.0,0.0,29.194139194139193,31.99023199023199,988.7920532226562,34.0,0.0,35.0,0.0,1.0,0.0,1.0,0.0,1.0,1.0,0.0,0.0,0.0,0.0
2026-06-02 13:41:29,0.0,0.0,0.0,0.0,0.0,0.0,0.0,0.0,29.23076923076923,32.014652014652015,988.7920532226562,34.0,0.0,35.0,0.0,1.0,0.0,1.0,0.0,1.0,1.0,0.0,0.0,0.0,0.0
2026-06-02 13:41:30,0.0,0.0,0.0,0.0,0.0,0.0,0.0,0.0,29.23076923076923,32.02686202686203,988.7920532226562,34.0,0.0,35.0,0.0,1.0,0.0,1.0,0.0,1.0,1.0,0.0,0.0,0.0,0.0
2026-06-02 13:41:31,0.0,0.0,0.0,0.0,0.0,0.0,0.0,0.0,29.255189255189254,32.05128205128205,988.7920532226562,34.0,0.0,35.0,0.0,1.0,0.0,1.0,0.0,1.0,1.0,0.0,0.0,0.0,0.0
2026-06-02 13:41:33,0.0,0.0,0.0,0.0,0.0,0.0,0.0,0.0,29.242979242979242,32.05128205128205,988.7920532226562,34.0,0.0,35.0,0.0,1.0,0.0,1.0,0.0,1.0,1.0,0.0,0.0,0.0,0.0
2026-06-02 13:41:34,0.0,0.0,0.0,0.0,0.0,0.0,0.0,0.0,29.242979242979242,32.03907203907204,988.7920532226562,34.0,0.0,35.0,0.0,1.0,0.0,1.0,0.0,1.0,1.0,0.0,0.0,0.0,0.0
2026-06-02 13:41:35,0.0,0.0,0.0,0.0,0.0,0.0,0.0,0.0,29.242979242979242,32.05128205128205,988.7920532226562,34.0,0.0,35.0,0.0,1.0,0.0,1.0,0.0,1.0,1.0,0.0,0.0,0.0,0.0
2026-06-02 13:41:37,0.0,0.0,0.0,0.0,0.0,0.0,0.0,0.0,29.23076923076923,32.05128205128205,988.7920532226562,34.0,0.0,35.0,0.0,1.0,0.0,1.0,0.0,1.0,1.0,0.0,0.0,0.0,0.0
2026-06-02 13:41:38,0.0,0.0,0.0,0.0,0.0,0.0,0.0,0.0,29.267399267399266,32.03907203907204,988.7920532226562,34.0,0.0,35.0,0.0,1.0,0.0,1.0,0.0,1.0,1.0,0.0,0.0,0.0,0.0
2026-06-02 13:41:39,0.0,0.0,0.0,0.0,0.0,0.0,0.0,0.0,29.267399267399266,32.06349206349206,988.7920532226562,34.0,0.0,35.0,0.0,1.0,0.0,1.0,0.0,1.0,1.0,0.0,0.0,0.0,0.0
2026-06-02 13:41:40,0.0,0.0,0.0,0.0,0.0,0.0,0.0,0.0,29.255189255189254,32.05128205128205,988.7920532226562,34.0,0.0,35.0,0.0,1.0,0.0,1.0,0.0,1.0,1.0,0.0,0.0,0.0,0.0
2026-06-02 13:41:42,0.0,0.0,0.0,0.0,0.0,0.0,0.0,0.0,29.242979242979242,32.06349206349206,988.7920532226562,34.0,0.0,35.0,0.0,1.0,0.0,1.0,0.0,1.0,1.0,0.0,0.0,0.0,0.0
2026-06-02 13:41:43,0.0,0.0,0.0,0.0,0.0,0.0,0.0,0.0,29.23076923076923,32.06349206349206,988.7920532226562,34.0,0.0,35.0,0.0,1.0,0.0,1.0,0.0,1.0,1.0,0.0,0.0,0.0,0.0
2026-06-02 13:41:44,0.0,0.0,0.0,0.0,0.0,0.0,0.0,0.0,29.18192918192918,31.99023199023199,988.7920532226562,34.0,0.0,35.0,0.0,1.0,0.0,1.0,0.0,1.0,1.0,0.0,0.0,0.0,0.0
2026-06-02 13:41:45,0.0,0.0,0.0,0.0,0.0,0.0,0.0,0.0,29.18192918192918,31.978021978021978,988.7920532226562,34.0,0.0,35.0,0.0,1.0,0.0,1.0,0.0,1.0,1.0,0.0,0.0,0.0,0.0
2026-06-02 13:41:47,0.0,0.0,0.0,0.0,0.0,0.0,0.0,0.0,29.145299145299145,31.965811965811966,988.7920532226562,34.0,0.0,35.0,0.0,1.0,0.0,1.0,0.0,1.0,1.0,0.0,0.0,0.0,0.0
2026-06-02 13:41:48,0.0,0.0,0.0,0.0,0.0,0.0,0.0,0.0,29.16971916971917,31.953601953601954,988.7920532226562,34.0,0.0,35.0,0.0,1.0,0.0,1.0,0.0,1.0,1.0,0.0,0.0,0.0,0.0
2026-06-02 13:41:49,0.0,0.0,0.0,0.0,0.0,0.0,0.0,0.0,29.18192918192918,31.978021978021978,988.7920532226562,34.0,0.0,35.0,0.0,1.0,0.0,1.0,0.0,1.0,1.0,0.0,0.0,0.0,0.0
2026-06-02 13:41:51,0.0,0.0,0.0,0.0,0.0,0.0,0.0,0.0,29.16971916971917,31.965811965811966,988.7920532226562,34.0,0.0,35.0,0.0,1.0,0.0,1.0,0.0,1.0,1.0,0.0,0.0,0.0,0.0
2026-06-02 13:41:52,0.0,0.0,0.0,0.0,0.0,0.0,0.0,0.0,29.16971916971917,31.978021978021978,988.7920532226562,34.0,0.0,35.0,0.0,1.0,0.0,1.0,0.0,1.0,1.0,0.0,0.0,0.0,0.0
2026-06-02 13:41:53,0.0,0.0,0.0,0.0,0.0,0.0,0.0,0.0,29.16971916971917,31.953601953601954,988.7920532226562,34.0,0.0,35.0,0.0,1.0,0.0,1.0,0.0,1.0,1.0,0.0,0.0,0.0,0.0
2026-06-02 13:41:54,0.0,0.0,0.0,0.0,0.0,0.0,0.0,0.0,29.145299145299145,31.94139194139194,988.7920532226562,34.0,0.0,35.0,0.0,1.0,0.0,1.0,0.0,1.0,1.0,0.0,0.0,0.0,0.0
2026-06-02 13:41:55,0.0,0.0,0.0,0.0,0.0,0.0,0.0,0.0,29.157509157509157,31.965811965811966,988.7920532226562,34.0,0.0,35.0,0.0,1.0,0.0,1.0,0.0,1.0,1.0,0.0,0.0,0.0,0.0
2026-06-02 13:41:56,0.0,0.0,0.0,0.0,0.0,0.0,0.0,0.0,29.16971916971917,31.99023199023199,988.7920532226562,34.0,0.0,35.0,0.0,1.0,0.0,1.0,0.0,1.0,1.0,0.0,0.0,0.0,0.0
2026-06-02 13:41:58,0.0,0.0,0.0,0.0,0.0,0.0,0.0,0.0,29.16971916971917,31.978021978021978,988.7920532226562,34.0,0.0,35.0,0.0,1.0,0.0,1.0,0.0,1.0,1.0,0.0,0.0,0.0,0.0
2026-06-02 13:41:59,0.0,0.0,0.0,0.0,0.0,0.0,0.0,0.0,29.18192918192918,32.002442002442,988.7920532226562,34.0,0.0,35.0,0.0,1.0,0.0,1.0,0.0,1.0,1.0,0.0,0.0,0.0,0.0
2026-06-02 13:42:00,0.0,0.0,0.0,0.0,0.0,0.0,0.0,0.0,29.16971916971917,31.965811965811966,988.7920532226562,34.0,0.0,35.0,0.0,1.0,0.0,1.0,0.0,1.0,1.0,0.0,0.0,0.0,0.0
2026-06-02 13:42:01,0.0,0.0,0.0,0.0,0.0,0.0,0.0,0.0,29.18192918192918,31.953601953601954,988.7920532226562,34.0,0.0,35.0,0.0,1.0,0.0,1.0,0.0,1.0,1.0,0.0,0.0,0.0,0.0
2026-06-02 13:42:03,0.0,0.0,0.0,0.0,0.0,0.0,0.0,0.0,29.16971916971917,31.965811965811966,988.7920532226562,34.0,0.0,35.0,0.0,1.0,0.0,1.0,0.0,1.0,1.0,0.0,0.0,0.0,0.0
2026-06-02 13:42:04,0.0,0.0,0.0,0.0,0.0,0.0,0.0,0.0,29.16971916971917,31.978021978021978,988.7920532226562,34.0,0.0,35.0,0.0,1.0,0.0,1.0,0.0,1.0,1.0,0.0,0.0,0.0,0.0
2026-06-02 13:42:05,0.0,0.0,0.0,0.0,0.0,0.0,0.0,0.0,29.18192918192918,31.953601953601954,988.7920532226562,34.0,0.0,35.0,0.0,1.0,0.0,1.0,0.0,1.0,1.0,0.0,0.0,0.0,0.0
2026-06-02 13:42:07,0.0,0.0,0.0,0.0,0.0,0.0,0.0,0.0,29.16971916971917,31.965811965811966,988.7920532226562,34.0,0.0,35.0,0.0,1.0,0.0,1.0,0.0,1.0,1.0,0.0,0.0,0.0,0.0
2026-06-02 13:42:08,0.0,0.0,0.0,0.0,0.0,0.0,0.0,0.0,29.16971916971917,31.965811965811966,988.7920532226562,34.0,0.0,35.0,0.0,1.0,0.0,1.0,0.0,1.0,1.0,0.0,0.0,0.0,0.0
2026-06-02 13:42:10,0.0,0.0,0.0,0.0,0.0,0.0,0.0,0.0,29.206349206349206,32.002442002442,988.7920532226562,34.0,0.0,35.0,0.0,1.0,0.0,1.0,0.0,1.0,1.0,0.0,0.0,0.0,0.0
2026-06-02 13:42:11,0.0,0.0,0.0,0.0,0.0,0.0,0.0,0.0,29.16971916971917,31.953601953601954,988.7920532226562,34.0,0.0,35.0,0.0,1.0,0.0,1.0,0.0,1.0,1.0,0.0,0.0,0.0,0.0
2026-06-02 13:42:12,0.0,0.0,0.0,0.0,0.0,0.0,0.0,0.0,29.18192918192918,31.978021978021978,988.7920532226562,34.0,0.0,35.0,0.0,1.0,0.0,1.0,0.0,1.0,1.0,0.0,0.0,0.0,0.0
2026-06-02 13:42:14,0.0,0.0,0.0,0.0,0.0,0.0,0.0,0.0,29.194139194139193,31.99023199023199,988.7920532226562,34.0,0.0,35.0,0.0,1.0,0.0,1.0,0.0,1.0,1.0,0.0,0.0,0.0,0.0
2026-06-02 13:42:15,0.0,0.0,0.0,0.0,0.0,0.0,0.0,0.0,29.194139194139193,31.99023199023199,988.7920532226562,34.0,0.0,35.0,0.0,1.0,0.0,1.0,0.0,1.0,1.0,0.0,0.0,0.0,0.0
2026-06-02 13:42:16,0.0,0.0,0.0,0.0,0.0,0.0,0.0,0.0,29.218559218559218,32.002442002442,988.7920532226562,34.0,0.0,35.0,0.0,1.0,0.0,1.0,0.0,1.0,1.0,0.0,0.0,0.0,0.0
2026-06-02 13:42:18,0.0,0.0,0.0,0.0,0.0,0.0,0.0,0.0,29.206349206349206,31.99023199023199,988.7920532226562,34.0,0.0,35.0,0.0,1.0,0.0,1.0,0.0,1.0,1.0,0.0,0.0,0.0,0.0
2026-06-02 13:42:19,0.0,0.0,0.0,0.0,0.0,0.0,0.0,0.0,29.157509157509157,31.953601953601954,988.7920532226562,34.0,0.0,35.0,0.0,1.0,0.0,1.0,0.0,1.0,1.0,0.0,0.0,0.0,0.0
2026-06-02 13:42:21,0.0,0.0,0.0,0.0,0.0,0.0,0.0,0.0,29.194139194139193,31.978021978021978,988.7920532226562,34.0,0.0,35.0,0.0,1.0,0.0,1.0,0.0,1.0,1.0,0.0,0.0,0.0,0.0
2026-06-02 13:42:22,0.0,0.0,0.0,0.0,0.0,0.0,0.0,0.0,29.145299145299145,31.953601953601954,988.7920532226562,34.0,0.0,35.0,0.0,1.0,0.0,1.0,0.0,1.0,1.0,0.0,0.0,0.0,0.0
2026-06-02 13:42:23,0.0,0.0,0.0,0.0,0.0,0.0,0.0,0.0,29.194139194139193,31.965811965811966,988.7920532226562,34.0,0.0,35.0,0.0,1.0,0.0,1.0,0.0,1.0,1.0,0.0,0.0,0.0,0.0
2026-06-02 13:42:24,0.0,0.0,0.0,0.0,0.0,0.0,0.0,0.0,29.157509157509157,31.965811965811966,988.7920532226562,34.0,0.0,35.0,0.0,1.0,0.0,1.0,0.0,1.0,1.0,0.0,0.0,0.0,0.0
2026-06-02 13:42:25,0.0,0.0,0.0,0.0,0.0,0.0,0.0,0.0,29.157509157509157,31.965811965811966,988.7920532226562,34.0,0.0,35.0,0.0,1.0,0.0,1.0,0.0,1.0,1.0,0.0,0.0,0.0,0.0
2026-06-02 13:42:26,0.0,0.0,0.0,0.0,0.0,0.0,0.0,0.0,29.16971916971917,31.965811965811966,988.7920532226562,34.0,0.0,35.0,0.0,1.0,0.0,1.0,0.0,1.0,1.0,0.0,0.0,0.0,0.0
2026-06-02 13:42:28,0.0,0.0,0.0,0.0,0.0,0.0,0.0,0.0,29.157509157509157,31.953601953601954,988.7920532226562,34.0,0.0,35.0,0.0,1.0,0.0,1.0,0.0,1.0,1.0,0.0,0.0,0.0,0.0
2026-06-02 13:42:29,0.0,0.0,0.0,0.0,0.0,0.0,0.0,0.0,29.16971916971917,31.953601953601954,988.7920532226562,34.0,0.0,35.0,0.0,1.0,0.0,1.0,0.0,1.0,1.0,0.0,0.0,0.0,0.0
2026-06-02 13:42:30,0.0,0.0,0.0,0.0,0.0,0.0,0.0,0.0,29.16971916971917,31.953601953601954,988.7920532226562,34.0,0.0,35.0,0.0,1.0,0.0,1.0,0.0,1.0,1.0,0.0,0.0,0.0,0.0
2026-06-02 13:42:31,0.0,0.0,0.0,0.0,0.0,0.0,0.0,0.0,29.16971916971917,31.953601953601954,988.7920532226562,34.0,0.0,35.0,0.0,1.0,0.0,1.0,0.0,1.0,1.0,0.0,0.0,0.0,0.0
2026-06-02 13:42:32,0.0,0.0,0.0,0.0,0.0,0.0,0.0,0.0,29.16971916971917,31.965811965811966,988.7920532226562,34.0,0.0,35.0,0.0,1.0,0.0,1.0,0.0,1.0,1.0,0.0,0.0,0.0,0.0
2026-06-02 13:42:33,0.0,0.0,0.0,0.0,0.0,0.0,0.0,0.0,29.145299145299145,31.965811965811966,988.7920532226562,34.0,0.0,35.0,0.0,1.0,0.0,1.0,0.0,1.0,1.0,0.0,0.0,0.0,0.0
2026-06-02 13:42:34,0.0,0.0,0.0,0.0,0.0,0.0,0.0,0.0,29.16971916971917,31.965811965811966,988.7920532226562,34.0,0.0,35.0,0.0,1.0,0.0,1.0,0.0,1.0,1.0,0.0,0.0,0.0,0.0
2026-06-02 13:42:35,0.0,0.0,0.0,0.0,0.0,0.0,0.0,0.0,29.16971916971917,31.965811965811966,988.7920532226562,34.0,0.0,35.0,0.0,1.0,0.0,1.0,0.0,1.0,1.0,0.0,0.0,0.0,0.0
2026-06-02 13:42:37,0.0,0.0,0.0,0.0,0.0,0.0,0.0,0.0,29.16971916971917,31.978021978021978,988.7920532226562,34.0,0.0,35.0,0.0,1.0,0.0,1.0,0.0,1.0,1.0,0.0,0.0,0.0,0.0
2026-06-02 13:42:38,0.0,0.0,0.0,0.0,0.0,0.0,0.0,0.0,29.145299145299145,31.94139194139194,988.7920532226562,34.0,0.0,35.0,0.0,1.0,0.0,1.0,0.0,1.0,1.0,0.0,0.0,0.0,0.0
2026-06-02 13:42:40,0.0,0.0,0.0,0.0,0.0,0.0,0.0,0.0,29.16971916971917,31.965811965811966,988.7920532226562,34.0,0.0,35.0,0.0,1.0,0.0,1.0,0.0,1.0,1.0,0.0,0.0,0.0,0.0
2026-06-02 13:42:41,0.0,0.0,0.0,0.0,0.0,0.0,0.0,0.0,29.194139194139193,32.014652014652015,988.7920532226562,34.0,0.0,35.0,0.0,1.0,0.0,1.0,0.0,1.0,1.0,0.0,0.0,0.0,0.0
2026-06-02 13:42:42,0.0,0.0,0.0,0.0,0.0,0.0,0.0,0.0,29.255189255189254,32.02686202686203,988.7920532226562,34.0,0.0,35.0,0.0,1.0,0.0,1.0,0.0,1.0,1.0,0.0,0.0,0.0,0.0
2026-06-02 13:42:43,0.0,0.0,0.0,0.0,0.0,0.0,0.0,0.0,29.255189255189254,32.06349206349206,988.7920532226562,34.0,0.0,35.0,0.0,1.0,0.0,1.0,0.0,1.0,1.0,0.0,0.0,0.0,0.0
2026-06-02 13:42:45,0.0,0.0,0.0,0.0,0.0,0.0,0.0,0.0,29.18192918192918,31.99023199023199,988.7920532226562,34.0,0.0,35.0,0.0,1.0,0.0,1.0,0.0,1.0,1.0,0.0,0.0,0.0,0.0
2026-06-02 13:42:46,0.0,0.0,0.0,0.0,0.0,0.0,0.0,0.0,29.145299145299145,31.965811965811966,988.7920532226562,34.0,0.0,35.0,0.0,1.0,0.0,1.0,0.0,1.0,1.0,0.0,0.0,0.0,0.0
2026-06-02 13:42:47,0.0,0.0,0.0,0.0,0.0,0.0,0.0,0.0,29.18192918192918,31.978021978021978,988.7920532226562,34.0,0.0,35.0,0.0,1.0,0.0,1.0,0.0,1.0,1.0,0.0,0.0,0.0,0.0
2026-06-02 13:42:49,0.0,0.0,0.0,0.0,0.0,0.0,0.0,0.0,29.23076923076923,32.014652014652015,988.7920532226562,34.0,0.0,35.0,0.0,1.0,0.0,1.0,0.0,1.0,1.0,0.0,0.0,0.0,0.0
2026-06-02 13:42:50,0.0,0.0,0.0,0.0,0.0,0.0,0.0,0.0,29.23076923076923,32.014652014652015,988.7920532226562,34.0,0.0,35.0,0.0,1.0,0.0,1.0,0.0,1.0,1.0,0.0,0.0,0.0,0.0
2026-06-02 13:42:51,0.0,0.0,0.0,0.0,0.0,0.0,0.0,0.0,29.16971916971917,31.978021978021978,988.7920532226562,34.0,0.0,35.0,0.0,1.0,0.0,1.0,0.0,1.0,1.0,0.0,0.0,0.0,0.0
2026-06-02 13:42:52,0.0,0.0,0.0,0.0,0.0,0.0,0.0,0.0,29.255189255189254,32.05128205128205,988.7920532226562,34.0,0.0,35.0,0.0,1.0,0.0,1.0,0.0,1.0,1.0,0.0,0.0,0.0,0.0
2026-06-02 13:42:53,0.0,0.0,0.0,0.0,0.0,0.0,0.0,0.0,29.242979242979242,32.02686202686203,988.7920532226562,34.0,0.0,35.0,0.0,1.0,0.0,1.0,0.0,1.0,1.0,0.0,0.0,0.0,0.0
2026-06-02 13:42:55,0.0,0.0,0.0,0.0,0.0,0.0,0.0,0.0,29.145299145299145,31.94139194139194,988.7920532226562,34.0,0.0,35.0,0.0,1.0,0.0,1.0,0.0,1.0,1.0,0.0,0.0,0.0,0.0
2026-06-02 13:42:56,0.0,0.0,0.0,0.0,0.0,0.0,0.0,0.0,29.18192918192918,31.99023199023199,988.7920532226562,34.0,0.0,35.0,0.0,1.0,0.0,1.0,0.0,1.0,1.0,0.0,0.0,0.0,0.0
2026-06-02 13:42:58,0.0,0.0,0.0,0.0,0.0,0.0,0.0,0.0,29.157509157509157,31.99023199023199,988.7920532226562,34.0,0.0,35.0,0.0,1.0,0.0,1.0,0.0,1.0,1.0,0.0,0.0,0.0,0.0
2026-06-02 13:42:59,0.0,0.0,0.0,0.0,0.0,0.0,0.0,0.0,29.242979242979242,32.05128205128205,988.7920532226562,34.0,0.0,35.0,0.0,1.0,0.0,1.0,0.0,1.0,1.0,0.0,0.0,0.0,0.0
2026-06-02 13:43:00,0.0,0.0,0.0,0.0,0.0,0.0,0.0,0.0,29.242979242979242,32.05128205128205,988.7920532226562,34.0,0.0,35.0,0.0,1.0,0.0,1.0,0.0,1.0,1.0,0.0,0.0,0.0,0.0
2026-06-02 13:43:02,0.0,0.0,0.0,0.0,0.0,0.0,0.0,0.0,29.194139194139193,31.99023199023199,988.7920532226562,34.0,0.0,35.0,0.0,1.0,0.0,1.0,0.0,1.0,1.0,0.0,0.0,0.0,0.0
2026-06-02 13:43:03,0.0,0.0,0.0,0.0,0.0,0.0,0.0,0.0,29.157509157509157,31.94139194139194,988.7920532226562,34.0,0.0,35.0,0.0,1.0,0.0,1.0,0.0,1.0,1.0,0.0,0.0,0.0,0.0
2026-06-02 13:43:04,0.0,0.0,0.0,0.0,0.0,0.0,0.0,0.0,29.16971916971917,31.965811965811966,988.7920532226562,34.0,0.0,35.0,0.0,1.0,0.0,1.0,0.0,1.0,1.0,0.0,0.0,0.0,0.0
2026-06-02 13:43:05,0.0,0.0,0.0,0.0,0.0,0.0,0.0,0.0,29.218559218559218,32.014652014652015,988.7920532226562,34.0,0.0,35.0,0.0,1.0,0.0,1.0,0.0,1.0,1.0,0.0,0.0,0.0,0.0
2026-06-02 13:43:06,0.0,0.0,0.0,0.0,0.0,0.0,0.0,0.0,29.242979242979242,32.03907203907204,988.7920532226562,34.0,0.0,35.0,0.0,1.0,0.0,1.0,0.0,1.0,1.0,0.0,0.0,0.0,0.0
2026-06-02 13:43:07,0.0,0.0,0.0,0.0,0.0,0.0,0.0,0.0,29.194139194139193,32.002442002442,988.7920532226562,34.0,0.0,35.0,0.0,1.0,0.0,1.0,0.0,1.0,1.0,0.0,0.0,0.0,0.0
2026-06-02 13:43:09,0.0,0.0,0.0,0.0,0.0,0.0,0.0,0.0,29.157509157509157,31.94139194139194,988.7920532226562,34.0,0.0,35.0,0.0,1.0,0.0,1.0,0.0,1.0,1.0,0.0,0.0,0.0,0.0
2026-06-02 13:43:10,0.0,0.0,0.0,0.0,0.0,0.0,0.0,0.0,29.16971916971917,31.965811965811966,988.7920532226562,34.0,0.0,35.0,0.0,1.0,0.0,1.0,0.0,1.0,1.0,0.0,0.0,0.0,0.0
2026-06-02 13:43:11,0.0,0.0,0.0,0.0,0.0,0.0,0.0,0.0,29.218559218559218,32.002442002442,988.7920532226562,34.0,0.0,35.0,0.0,1.0,0.0,1.0,0.0,1.0,1.0,0.0,0.0,0.0,0.0
2026-06-02 13:43:13,0.0,0.0,0.0,0.0,0.0,0.0,0.0,0.0,29.23076923076923,32.03907203907204,988.7920532226562,34.0,0.0,35.0,0.0,1.0,0.0,1.0,0.0,1.0,1.0,0.0,0.0,0.0,0.0
2026-06-02 13:43:14,0.0,0.0,0.0,0.0,0.0,0.0,0.0,0.0,29.255189255189254,32.05128205128205,988.7920532226562,34.0,0.0,35.0,0.0,1.0,0.0,1.0,0.0,1.0,1.0,0.0,0.0,0.0,0.0
2026-06-02 13:43:15,0.0,0.0,0.0,0.0,0.0,0.0,0.0,0.0,29.255189255189254,32.05128205128205,988.7920532226562,34.0,0.0,35.0,0.0,1.0,0.0,1.0,0.0,1.0,1.0,0.0,0.0,0.0,0.0
2026-06-02 13:43:16,0.0,0.0,0.0,0.0,0.0,0.0,0.0,0.0,29.18192918192918,31.978021978021978,988.7920532226562,34.0,0.0,35.0,0.0,1.0,0.0,1.0,0.0,1.0,1.0,0.0,0.0,0.0,0.0
2026-06-02 13:43:17,0.0,0.0,0.0,0.0,0.0,0.0,0.0,0.0,29.157509157509157,31.953601953601954,988.7920532226562,34.0,0.0,35.0,0.0,1.0,0.0,1.0,0.0,1.0,1.0,0.0,0.0,0.0,0.0
2026-06-02 13:43:19,0.0,0.0,0.0,0.0,0.0,0.0,0.0,0.0,29.157509157509157,31.953601953601954,988.7920532226562,34.0,0.0,35.0,0.0,1.0,0.0,1.0,0.0,1.0,1.0,0.0,0.0,0.0,0.0
2026-06-02 13:43:20,0.0,0.0,0.0,0.0,0.0,0.0,0.0,0.0,29.206349206349206,32.002442002442,988.7920532226562,34.0,0.0,35.0,0.0,1.0,0.0,1.0,0.0,1.0,1.0,0.0,0.0,0.0,0.0
2026-06-02 13:43:21,0.0,0.0,0.0,0.0,0.0,0.0,0.0,0.0,29.242979242979242,32.03907203907204,988.7920532226562,34.0,0.0,35.0,0.0,1.0,0.0,1.0,0.0,1.0,1.0,0.0,0.0,0.0,0.0
2026-06-02 13:43:23,0.0,0.0,0.0,0.0,0.0,0.0,0.0,0.0,29.23076923076923,32.03907203907204,988.7920532226562,34.0,0.0,35.0,0.0,1.0,0.0,1.0,0.0,1.0,1.0,0.0,0.0,0.0,0.0
2026-06-02 13:43:24,0.0,0.0,0.0,0.0,0.0,0.0,0.0,0.0,29.18192918192918,31.99023199023199,988.7920532226562,34.0,0.0,35.0,0.0,1.0,0.0,1.0,0.0,1.0,1.0,0.0,0.0,0.0,0.0
2026-06-02 13:43:25,0.0,0.0,0.0,0.0,0.0,0.0,0.0,0.0,29.145299145299145,31.965811965811966,988.7920532226562,34.0,0.0,35.0,0.0,1.0,0.0,1.0,0.0,1.0,1.0,0.0,0.0,0.0,0.0
2026-06-02 13:43:26,0.0,0.0,0.0,0.0,0.0,0.0,0.0,0.0,29.157509157509157,31.978021978021978,988.7920532226562,34.0,0.0,35.0,0.0,1.0,0.0,1.0,0.0,1.0,1.0,0.0,0.0,0.0,0.0
2026-06-02 13:43:28,0.0,0.0,0.0,0.0,0.0,0.0,0.0,0.0,29.16971916971917,31.965811965811966,988.7920532226562,34.0,0.0,35.0,0.0,1.0,0.0,1.0,0.0,1.0,1.0,0.0,0.0,0.0,0.0
2026-06-02 13:43:29,0.0,0.0,0.0,0.0,0.0,0.0,0.0,0.0,29.194139194139193,31.978021978021978,988.7920532226562,34.0,0.0,35.0,0.0,1.0,0.0,1.0,0.0,1.0,1.0,0.0,0.0,0.0,0.0
2026-06-02 13:43:31,0.0,0.0,0.0,0.0,0.0,0.0,0.0,0.0,29.218559218559218,32.002442002442,988.7920532226562,34.0,0.0,35.0,0.0,1.0,0.0,1.0,0.0,1.0,1.0,0.0,0.0,0.0,0.0
2026-06-02 13:43:32,0.0,0.0,0.0,0.0,0.0,0.0,0.0,0.0,29.242979242979242,32.05128205128205,988.7920532226562,34.0,0.0,35.0,0.0,1.0,0.0,1.0,0.0,1.0,1.0,0.0,0.0,0.0,0.0
2026-06-02 13:43:33,0.0,0.0,0.0,0.0,0.0,0.0,0.0,0.0,29.242979242979242,32.03907203907204,988.7920532226562,34.0,0.0,35.0,0.0,1.0,0.0,1.0,0.0,1.0,1.0,0.0,0.0,0.0,0.0
2026-06-02 13:43:34,0.0,0.0,0.0,0.0,0.0,0.0,0.0,0.0,29.242979242979242,32.05128205128205,988.7920532226562,34.0,0.0,35.0,0.0,1.0,0.0,1.0,0.0,1.0,1.0,0.0,0.0,0.0,0.0
2026-06-02 13:43:35,0.0,0.0,0.0,0.0,0.0,0.0,0.0,0.0,29.23076923076923,32.02686202686203,988.7920532226562,34.0,0.0,35.0,0.0,1.0,0.0,1.0,0.0,1.0,1.0,0.0,0.0,0.0,0.0
2026-06-02 13:43:37,0.0,0.0,0.0,0.0,0.0,0.0,0.0,0.0,29.218559218559218,31.99023199023199,988.7920532226562,34.0,0.0,35.0,0.0,1.0,0.0,1.0,0.0,1.0,1.0,0.0,0.0,0.0,0.0
2026-06-02 13:43:38,0.0,0.0,0.0,0.0,0.0,0.0,0.0,0.0,29.16971916971917,31.978021978021978,988.7920532226562,34.0,0.0,35.0,0.0,1.0,0.0,1.0,0.0,1.0,1.0,0.0,0.0,0.0,0.0
2026-06-02 13:43:40,0.0,0.0,0.0,0.0,0.0,0.0,0.0,0.0,29.145299145299145,31.953601953601954,988.7920532226562,34.0,0.0,35.0,0.0,1.0,0.0,1.0,0.0,1.0,1.0,0.0,0.0,0.0,0.0
2026-06-02 13:43:41,0.0,0.0,0.0,0.0,0.0,0.0,0.0,0.0,29.16971916971917,31.965811965811966,988.7920532226562,34.0,0.0,35.0,0.0,1.0,0.0,1.0,0.0,1.0,1.0,0.0,0.0,0.0,0.0
2026-06-02 13:43:42,0.0,0.0,0.0,0.0,0.0,0.0,0.0,0.0,29.16971916971917,31.965811965811966,988.7920532226562,34.0,0.0,35.0,0.0,1.0,0.0,1.0,0.0,1.0,1.0,0.0,0.0,0.0,0.0
2026-06-02 13:43:43,0.0,0.0,0.0,0.0,0.0,0.0,0.0,0.0,29.23076923076923,32.014652014652015,988.7920532226562,34.0,0.0,35.0,0.0,1.0,0.0,1.0,0.0,1.0,1.0,0.0,0.0,0.0,0.0
2026-06-02 13:43:45,0.0,0.0,0.0,0.0,0.0,0.0,0.0,0.0,29.267399267399266,32.06349206349206,988.7920532226562,34.0,0.0,35.0,0.0,1.0,0.0,1.0,0.0,1.0,1.0,0.0,0.0,0.0,0.0
2026-06-02 13:43:46,0.0,0.0,0.0,0.0,0.0,0.0,0.0,0.0,29.267399267399266,32.06349206349206,988.7920532226562,34.0,0.0,35.0,0.0,1.0,0.0,1.0,0.0,1.0,1.0,0.0,0.0,0.0,0.0
2026-06-02 13:43:47,0.0,0.0,0.0,0.0,0.0,0.0,0.0,0.0,29.23076923076923,32.02686202686203,988.7920532226562,34.0,0.0,35.0,0.0,1.0,0.0,1.0,0.0,1.0,1.0,0.0,0.0,0.0,0.0
2026-06-02 13:43:48,0.0,0.0,0.0,0.0,0.0,0.0,0.0,0.0,29.23076923076923,32.05128205128205,988.7920532226562,34.0,0.0,35.0,0.0,1.0,0.0,1.0,0.0,1.0,1.0,0.0,0.0,0.0,0.0
2026-06-02 13:43:50,0.0,0.0,0.0,0.0,0.0,0.0,0.0,0.0,29.16971916971917,31.99023199023199,988.7920532226562,34.0,0.0,35.0,0.0,1.0,0.0,1.0,0.0,1.0,1.0,0.0,0.0,0.0,0.0
2026-06-02 13:43:51,0.0,0.0,0.0,0.0,0.0,0.0,0.0,0.0,29.157509157509157,31.978021978021978,988.7920532226562,34.0,0.0,35.0,0.0,1.0,0.0,1.0,0.0,1.0,1.0,0.0,0.0,0.0,0.0
2026-06-02 13:43:52,0.0,0.0,0.0,0.0,0.0,0.0,0.0,0.0,29.16971916971917,31.965811965811966,988.7920532226562,34.0,0.0,35.0,0.0,1.0,0.0,1.0,0.0,1.0,1.0,0.0,0.0,0.0,0.0
2026-06-02 13:43:54,0.0,0.0,0.0,0.0,0.0,0.0,0.0,0.0,29.145299145299145,31.953601953601954,988.7920532226562,34.0,0.0,35.0,0.0,1.0,0.0,1.0,0.0,1.0,1.0,0.0,0.0,0.0,0.0
2026-06-02 13:43:55,0.0,0.0,0.0,0.0,0.0,0.0,0.0,0.0,29.194139194139193,32.002442002442,988.7920532226562,34.0,0.0,35.0,0.0,1.0,0.0,1.0,0.0,1.0,1.0,0.0,0.0,0.0,0.0
2026-06-02 13:43:57,0.0,0.0,0.0,0.0,0.0,0.0,0.0,0.0,29.242979242979242,32.03907203907204,988.7920532226562,34.0,0.0,35.0,0.0,1.0,0.0,1.0,0.0,1.0,1.0,0.0,0.0,0.0,0.0
2026-06-02 13:43:58,0.0,0.0,0.0,0.0,0.0,0.0,0.0,0.0,29.255189255189254,32.05128205128205,988.7920532226562,34.0,0.0,35.0,0.0,1.0,0.0,1.0,0.0,1.0,1.0,0.0,0.0,0.0,0.0
2026-06-02 13:44:00,0.0,0.0,0.0,0.0,0.0,0.0,0.0,0.0,29.16971916971917,31.978021978021978,988.7920532226562,34.0,0.0,35.0,0.0,1.0,0.0,1.0,0.0,1.0,1.0,0.0,0.0,0.0,0.0
2026-06-02 13:44:01,0.0,0.0,0.0,0.0,0.0,0.0,0.0,0.0,29.157509157509157,31.965811965811966,988.7920532226562,34.0,0.0,35.0,0.0,1.0,0.0,1.0,0.0,1.0,1.0,0.0,0.0,0.0,0.0
2026-06-02 13:44:02,0.0,0.0,0.0,0.0,0.0,0.0,0.0,0.0,29.157509157509157,31.953601953601954,988.7920532226562,34.0,0.0,35.0,0.0,1.0,0.0,1.0,0.0,1.0,1.0,0.0,0.0,0.0,0.0
2026-06-02 13:44:04,0.0,0.0,0.0,0.0,0.0,0.0,0.0,0.0,29.23076923076923,32.05128205128205,988.7920532226562,34.0,0.0,35.0,0.0,1.0,0.0,1.0,0.0,1.0,1.0,0.0,0.0,0.0,0.0
2026-06-02 13:44:05,0.0,0.0,0.0,0.0,0.0,0.0,0.0,0.0,29.18192918192918,31.978021978021978,988.7920532226562,34.0,0.0,35.0,0.0,1.0,0.0,1.0,0.0,1.0,1.0,0.0,0.0,0.0,0.0
2026-06-02 13:44:07,0.0,0.0,0.0,0.0,0.0,0.0,0.0,0.0,29.218559218559218,32.014652014652015,988.7920532226562,34.0,0.0,35.0,0.0,1.0,0.0,1.0,0.0,1.0,1.0,0.0,0.0,0.0,0.0
2026-06-02 13:44:08,0.0,0.0,0.0,0.0,0.0,0.0,0.0,0.0,29.218559218559218,32.014652014652015,988.7920532226562,34.0,0.0,35.0,0.0,1.0,0.0,1.0,0.0,1.0,1.0,0.0,0.0,0.0,0.0
2026-06-02 13:44:09,0.0,0.0,0.0,0.0,0.0,0.0,0.0,0.0,29.16971916971917,31.953601953601954,988.7920532226562,34.0,0.0,35.0,0.0,1.0,0.0,1.0,0.0,1.0,1.0,0.0,0.0,0.0,0.0
2026-06-02 13:44:10,0.0,0.0,0.0,0.0,0.0,0.0,0.0,0.0,29.16971916971917,31.965811965811966,988.7920532226562,34.0,0.0,35.0,0.0,1.0,0.0,1.0,0.0,1.0,1.0,0.0,0.0,0.0,0.0
2026-06-02 13:44:12,0.0,0.0,0.0,0.0,0.0,0.0,0.0,0.0,29.218559218559218,32.03907203907204,988.7920532226562,34.0,0.0,35.0,0.0,1.0,0.0,1.0,0.0,1.0,1.0,0.0,0.0,0.0,0.0
2026-06-02 13:44:13,0.0,0.0,0.0,0.0,0.0,0.0,0.0,0.0,29.218559218559218,32.03907203907204,988.7920532226562,34.0,0.0,35.0,0.0,1.0,0.0,1.0,0.0,1.0,1.0,0.0,0.0,0.0,0.0
2026-06-02 13:44:14,0.0,0.0,0.0,0.0,0.0,0.0,0.0,0.0,29.16971916971917,31.978021978021978,988.7920532226562,34.0,0.0,35.0,0.0,1.0,0.0,1.0,0.0,1.0,1.0,0.0,0.0,0.0,0.0
2026-06-02 13:44:15,0.0,0.0,0.0,0.0,0.0,0.0,0.0,0.0,29.16971916971917,31.978021978021978,988.7920532226562,34.0,0.0,35.0,0.0,1.0,0.0,1.0,0.0,1.0,1.0,0.0,0.0,0.0,0.0
2026-06-02 13:44:16,0.0,0.0,0.0,0.0,0.0,0.0,0.0,0.0,29.157509157509157,31.965811965811966,988.7920532226562,34.0,0.0,35.0,0.0,1.0,0.0,1.0,0.0,1.0,1.0,0.0,0.0,0.0,0.0
2026-06-02 13:44:18,0.0,0.0,0.0,0.0,0.0,0.0,0.0,0.0,29.218559218559218,32.03907203907204,988.7920532226562,34.0,0.0,35.0,0.0,1.0,0.0,1.0,0.0,1.0,1.0,0.0,0.0,0.0,0.0
2026-06-02 13:44:19,0.0,0.0,0.0,0.0,0.0,0.0,0.0,0.0,29.194139194139193,31.99023199023199,988.7920532226562,34.0,0.0,35.0,0.0,1.0,0.0,1.0,0.0,1.0,1.0,0.0,0.0,0.0,0.0
2026-06-02 13:44:20,0.0,0.0,0.0,0.0,0.0,0.0,0.0,0.0,29.206349206349206,32.014652014652015,988.7920532226562,34.0,0.0,35.0,0.0,1.0,0.0,1.0,0.0,1.0,1.0,0.0,0.0,0.0,0.0
2026-06-02 13:44:21,0.0,0.0,0.0,0.0,0.0,0.0,0.0,0.0,29.12087912087912,31.953601953601954,988.7920532226562,34.0,0.0,35.0,0.0,1.0,0.0,1.0,0.0,1.0,1.0,0.0,0.0,0.0,0.0
2026-06-02 13:44:23,0.0,0.0,0.0,0.0,0.0,0.0,0.0,0.0,29.145299145299145,31.94139194139194,988.7920532226562,34.0,0.0,35.0,0.0,1.0,0.0,1.0,0.0,1.0,1.0,0.0,0.0,0.0,0.0
2026-06-02 13:44:24,0.0,0.0,0.0,0.0,0.0,0.0,0.0,0.0,29.145299145299145,31.94139194139194,988.7920532226562,34.0,0.0,35.0,0.0,1.0,0.0,1.0,0.0,1.0,1.0,0.0,0.0,0.0,0.0
2026-06-02 13:44:25,0.0,0.0,0.0,0.0,0.0,0.0,0.0,0.0,29.145299145299145,31.94139194139194,988.7920532226562,34.0,0.0,35.0,0.0,1.0,0.0,1.0,0.0,1.0,1.0,0.0,0.0,0.0,0.0
2026-06-02 13:44:27,0.0,0.0,0.0,0.0,0.0,0.0,0.0,0.0,29.133089133089133,31.953601953601954,988.7920532226562,34.0,0.0,35.0,0.0,1.0,0.0,1.0,0.0,1.0,1.0,0.0,0.0,0.0,0.0
2026-06-02 13:44:28,0.0,0.0,0.0,0.0,0.0,0.0,0.0,0.0,29.145299145299145,31.965811965811966,988.7920532226562,34.0,0.0,35.0,0.0,1.0,0.0,1.0,0.0,1.0,1.0,0.0,0.0,0.0,0.0
2026-06-02 13:44:29,0.0,0.0,0.0,0.0,0.0,0.0,0.0,0.0,29.16971916971917,31.965811965811966,988.7920532226562,34.0,0.0,35.0,0.0,1.0,0.0,1.0,0.0,1.0,1.0,0.0,0.0,0.0,0.0
2026-06-02 13:44:30,0.0,0.0,0.0,0.0,0.0,0.0,0.0,0.0,29.157509157509157,31.953601953601954,988.7920532226562,34.0,0.0,35.0,0.0,1.0,0.0,1.0,0.0,1.0,1.0,0.0,0.0,0.0,0.0
2026-06-02 13:44:32,0.0,0.0,0.0,0.0,0.0,0.0,0.0,0.0,29.16971916971917,31.953601953601954,988.7920532226562,34.0,0.0,35.0,0.0,1.0,0.0,1.0,0.0,1.0,1.0,0.0,0.0,0.0,0.0
2026-06-02 13:44:33,0.0,0.0,0.0,0.0,0.0,0.0,0.0,0.0,29.133089133089133,31.953601953601954,988.7920532226562,34.0,0.0,35.0,0.0,1.0,0.0,1.0,0.0,1.0,1.0,0.0,0.0,0.0,0.0
2026-06-02 13:44:34,0.0,0.0,0.0,0.0,0.0,0.0,0.0,0.0,29.145299145299145,31.965811965811966,988.7920532226562,34.0,0.0,35.0,0.0,1.0,0.0,1.0,0.0,1.0,1.0,0.0,0.0,0.0,0.0
2026-06-02 13:44:35,0.0,0.0,0.0,0.0,0.0,0.0,0.0,0.0,29.157509157509157,31.978021978021978,988.7920532226562,34.0,0.0,35.0,0.0,1.0,0.0,1.0,0.0,1.0,1.0,0.0,0.0,0.0,0.0
2026-06-02 13:44:37,0.0,0.0,0.0,0.0,0.0,0.0,0.0,0.0,29.18192918192918,32.002442002442,988.7920532226562,34.0,0.0,35.0,0.0,1.0,0.0,1.0,0.0,1.0,1.0,0.0,0.0,0.0,0.0
2026-06-02 13:44:38,0.0,0.0,0.0,0.0,0.0,0.0,0.0,0.0,29.206349206349206,31.99023199023199,988.7920532226562,34.0,0.0,35.0,0.0,1.0,0.0,1.0,0.0,1.0,1.0,0.0,0.0,0.0,0.0
2026-06-02 13:44:39,0.0,0.0,0.0,0.0,0.0,0.0,0.0,0.0,29.16971916971917,32.002442002442,988.7920532226562,34.0,0.0,35.0,0.0,1.0,0.0,1.0,0.0,1.0,1.0,0.0,0.0,0.0,0.0
2026-06-02 13:44:40,0.0,0.0,0.0,0.0,0.0,0.0,0.0,0.0,29.145299145299145,31.965811965811966,988.7920532226562,34.0,0.0,35.0,0.0,1.0,0.0,1.0,0.0,1.0,1.0,0.0,0.0,0.0,0.0
2026-06-02 13:44:41,0.0,0.0,0.0,0.0,0.0,0.0,0.0,0.0,29.133089133089133,31.953601953601954,988.7920532226562,34.0,0.0,35.0,0.0,1.0,0.0,1.0,0.0,1.0,1.0,0.0,0.0,0.0,0.0
2026-06-02 13:44:42,0.0,0.0,0.0,0.0,0.0,0.0,0.0,0.0,29.145299145299145,31.953601953601954,988.7920532226562,34.0,0.0,35.0,0.0,1.0,0.0,1.0,0.0,1.0,1.0,0.0,0.0,0.0,0.0
2026-06-02 13:44:44,0.0,0.0,0.0,0.0,0.0,0.0,0.0,0.0,29.16971916971917,31.978021978021978,988.7920532226562,34.0,0.0,35.0,0.0,1.0,0.0,1.0,0.0,1.0,1.0,0.0,0.0,0.0,0.0
2026-06-02 13:44:45,0.0,0.0,0.0,0.0,0.0,0.0,0.0,0.0,29.194139194139193,32.002442002442,988.7920532226562,34.0,0.0,35.0,0.0,1.0,0.0,1.0,0.0,1.0,1.0,0.0,0.0,0.0,0.0
2026-06-02 13:44:46,0.0,0.0,0.0,0.0,0.0,0.0,0.0,0.0,29.18192918192918,31.99023199023199,988.7920532226562,34.0,0.0,35.0,0.0,1.0,0.0,1.0,0.0,1.0,1.0,0.0,0.0,0.0,0.0
2026-06-02 13:44:48,0.0,0.0,0.0,0.0,0.0,0.0,0.0,0.0,29.194139194139193,31.978021978021978,988.7920532226562,34.0,0.0,35.0,0.0,1.0,0.0,1.0,0.0,1.0,1.0,0.0,0.0,0.0,0.0
2026-06-02 13:44:49,0.0,0.0,0.0,0.0,0.0,0.0,0.0,0.0,29.206349206349206,32.014652014652015,988.7920532226562,34.0,0.0,35.0,0.0,1.0,0.0,1.0,0.0,1.0,1.0,0.0,0.0,0.0,0.0
2026-06-02 13:44:50,0.0,0.0,0.0,0.0,0.0,0.0,0.0,0.0,29.218559218559218,32.03907203907204,988.7920532226562,34.0,0.0,35.0,0.0,1.0,0.0,1.0,0.0,1.0,1.0,0.0,0.0,0.0,0.0
2026-06-02 13:44:52,0.0,0.0,0.0,0.0,0.0,0.0,0.0,0.0,29.218559218559218,32.014652014652015,988.7920532226562,34.0,0.0,35.0,0.0,1.0,0.0,1.0,0.0,1.0,1.0,0.0,0.0,0.0,0.0
2026-06-02 13:44:53,0.0,0.0,0.0,0.0,0.0,0.0,0.0,0.0,29.145299145299145,31.965811965811966,988.7920532226562,34.0,0.0,35.0,0.0,1.0,0.0,1.0,0.0,1.0,1.0,0.0,0.0,0.0,0.0
2026-06-02 13:44:54,0.0,0.0,0.0,0.0,0.0,0.0,0.0,0.0,29.145299145299145,31.953601953601954,988.7920532226562,34.0,0.0,35.0,0.0,1.0,0.0,1.0,0.0,1.0,1.0,0.0,0.0,0.0,0.0
2026-06-02 13:44:56,0.0,0.0,0.0,0.0,0.0,0.0,0.0,0.0,29.157509157509157,31.978021978021978,988.7920532226562,34.0,0.0,35.0,0.0,1.0,0.0,1.0,0.0,1.0,1.0,0.0,0.0,0.0,0.0
2026-06-02 13:44:57,0.0,0.0,0.0,0.0,0.0,0.0,0.0,0.0,29.23076923076923,32.03907203907204,988.7920532226562,34.0,0.0,35.0,0.0,1.0,0.0,1.0,0.0,1.0,1.0,0.0,0.0,0.0,0.0
2026-06-02 13:44:58,0.0,0.0,0.0,0.0,0.0,0.0,0.0,0.0,29.23076923076923,32.03907203907204,988.7920532226562,34.0,0.0,35.0,0.0,1.0,0.0,1.0,0.0,1.0,1.0,0.0,0.0,0.0,0.0
2026-06-02 13:45:00,0.0,0.0,0.0,0.0,0.0,0.0,0.0,0.0,29.133089133089133,31.953601953601954,988.7920532226562,34.0,0.0,35.0,0.0,1.0,0.0,1.0,0.0,1.0,1.0,0.0,0.0,0.0,0.0
2026-06-02 13:45:01,0.0,0.0,0.0,0.0,0.0,0.0,0.0,0.0,29.206349206349206,32.02686202686203,988.7920532226562,34.0,0.0,35.0,0.0,1.0,0.0,1.0,0.0,1.0,1.0,0.0,0.0,0.0,0.0
2026-06-02 13:45:02,0.0,0.0,0.0,0.0,0.0,0.0,0.0,0.0,29.23076923076923,32.03907203907204,988.7920532226562,34.0,0.0,35.0,0.0,1.0,0.0,1.0,0.0,1.0,1.0,0.0,0.0,0.0,0.0
2026-06-02 13:45:04,0.0,0.0,0.0,0.0,0.0,0.0,0.0,0.0,29.133089133089133,31.92918192918193,988.7920532226562,34.0,0.0,35.0,0.0,1.0,0.0,1.0,0.0,1.0,1.0,0.0,0.0,0.0,0.0
2026-06-02 13:45:05,0.0,0.0,0.0,0.0,0.0,0.0,0.0,0.0,29.194139194139193,32.002442002442,988.7920532226562,34.0,0.0,35.0,0.0,1.0,0.0,1.0,0.0,1.0,1.0,0.0,0.0,0.0,0.0
2026-06-02 13:45:06,0.0,0.0,0.0,0.0,0.0,0.0,0.0,0.0,29.23076923076923,32.02686202686203,988.7920532226562,34.0,0.0,35.0,0.0,1.0,0.0,1.0,0.0,1.0,1.0,0.0,0.0,0.0,0.0
2026-06-02 13:45:08,0.0,0.0,0.0,0.0,0.0,0.0,0.0,0.0,29.133089133089133,31.953601953601954,988.7920532226562,34.0,0.0,35.0,0.0,1.0,0.0,1.0,0.0,1.0,1.0,0.0,0.0,0.0,0.0
2026-06-02 13:45:09,0.0,0.0,0.0,0.0,0.0,0.0,0.0,0.0,29.194139194139193,32.002442002442,988.7920532226562,34.0,0.0,35.0,0.0,1.0,0.0,1.0,0.0,1.0,1.0,0.0,0.0,0.0,0.0
2026-06-02 13:45:11,0.0,0.0,0.0,0.0,0.0,0.0,0.0,0.0,29.157509157509157,31.965811965811966,988.7920532226562,34.0,0.0,35.0,0.0,1.0,0.0,1.0,0.0,1.0,1.0,0.0,0.0,0.0,0.0
2026-06-02 13:45:12,0.0,0.0,0.0,0.0,0.0,0.0,0.0,0.0,29.133089133089133,31.978021978021978,988.7920532226562,34.0,0.0,35.0,0.0,1.0,0.0,1.0,0.0,1.0,1.0,0.0,0.0,0.0,0.0
2026-06-02 13:45:13,0.0,0.0,0.0,0.0,0.0,0.0,0.0,0.0,29.16971916971917,31.978021978021978,988.7920532226562,34.0,0.0,35.0,0.0,1.0,0.0,1.0,0.0,1.0,1.0,0.0,0.0,0.0,0.0
2026-06-02 13:45:15,0.0,0.0,0.0,0.0,0.0,0.0,0.0,0.0,29.194139194139193,31.99023199023199,988.7920532226562,34.0,0.0,35.0,0.0,1.0,0.0,1.0,0.0,1.0,1.0,0.0,0.0,0.0,0.0
2026-06-02 13:45:16,0.0,0.0,0.0,0.0,0.0,0.0,0.0,0.0,29.206349206349206,32.002442002442,988.7920532226562,34.0,0.0,35.0,0.0,1.0,0.0,1.0,0.0,1.0,1.0,0.0,0.0,0.0,0.0
2026-06-02 13:45:17,0.0,0.0,0.0,0.0,0.0,0.0,0.0,0.0,29.12087912087912,31.94139194139194,988.7920532226562,34.0,0.0,35.0,0.0,1.0,0.0,1.0,0.0,1.0,1.0,0.0,0.0,0.0,0.0
2026-06-02 13:45:18,0.0,0.0,0.0,0.0,0.0,0.0,0.0,0.0,29.133089133089133,31.94139194139194,988.7920532226562,34.0,0.0,35.0,0.0,1.0,0.0,1.0,0.0,1.0,1.0,0.0,0.0,0.0,0.0
2026-06-02 13:45:20,0.0,0.0,0.0,0.0,0.0,0.0,0.0,0.0,29.157509157509157,31.94139194139194,988.7920532226562,34.0,0.0,35.0,0.0,1.0,0.0,1.0,0.0,1.0,1.0,0.0,0.0,0.0,0.0
2026-06-02 13:45:21,0.0,0.0,0.0,0.0,0.0,0.0,0.0,0.0,29.16971916971917,31.953601953601954,988.7920532226562,34.0,0.0,35.0,0.0,1.0,0.0,1.0,0.0,1.0,1.0,0.0,0.0,0.0,0.0
2026-06-02 13:45:22,0.0,0.0,0.0,0.0,0.0,0.0,0.0,0.0,29.16971916971917,31.978021978021978,988.7920532226562,34.0,0.0,35.0,0.0,1.0,0.0,1.0,0.0,1.0,1.0,0.0,0.0,0.0,0.0
2026-06-02 13:45:23,0.0,0.0,0.0,0.0,0.0,0.0,0.0,0.0,29.206349206349206,31.965811965811966,988.7920532226562,34.0,0.0,35.0,0.0,1.0,0.0,1.0,0.0,1.0,1.0,0.0,0.0,0.0,0.0
2026-06-02 13:45:24,0.0,0.0,0.0,0.0,0.0,0.0,0.0,0.0,29.206349206349206,32.014652014652015,988.7920532226562,34.0,0.0,35.0,0.0,1.0,0.0,1.0,0.0,1.0,1.0,0.0,0.0,0.0,0.0
2026-06-02 13:45:25,0.0,0.0,0.0,0.0,0.0,0.0,0.0,0.0,29.18192918192918,31.99023199023199,988.7920532226562,34.0,0.0,35.0,0.0,1.0,0.0,1.0,0.0,1.0,1.0,0.0,0.0,0.0,0.0
2026-06-02 13:45:26,0.0,0.0,0.0,0.0,0.0,0.0,0.0,0.0,29.194139194139193,31.99023199023199,988.7920532226562,34.0,0.0,35.0,0.0,1.0,0.0,1.0,0.0,1.0,1.0,0.0,0.0,0.0,0.0
2026-06-02 13:45:27,0.0,0.0,0.0,0.0,0.0,0.0,0.0,0.0,29.16971916971917,31.94139194139194,988.7920532226562,34.0,0.0,35.0,0.0,1.0,0.0,1.0,0.0,1.0,1.0,0.0,0.0,0.0,0.0
2026-06-02 13:45:29,0.0,0.0,0.0,0.0,0.0,0.0,0.0,0.0,29.18192918192918,31.99023199023199,988.7920532226562,34.0,0.0,35.0,0.0,1.0,0.0,1.0,0.0,1.0,1.0,0.0,0.0,0.0,0.0
2026-06-02 13:45:30,0.0,0.0,0.0,0.0,0.0,0.0,0.0,0.0,29.18192918192918,31.99023199023199,988.7920532226562,34.0,0.0,35.0,0.0,1.0,0.0,1.0,0.0,1.0,1.0,0.0,0.0,0.0,0.0
2026-06-02 13:45:31,0.0,0.0,0.0,0.0,0.0,0.0,0.0,0.0,29.18192918192918,32.002442002442,988.7920532226562,34.0,0.0,35.0,0.0,1.0,0.0,1.0,0.0,1.0,1.0,0.0,0.0,0.0,0.0
2026-06-02 13:45:32,0.0,0.0,0.0,0.0,0.0,0.0,0.0,0.0,29.218559218559218,32.03907203907204,988.7920532226562,34.0,0.0,35.0,0.0,1.0,0.0,1.0,0.0,1.0,1.0,0.0,0.0,0.0,0.0
2026-06-02 13:45:34,0.0,0.0,0.0,0.0,0.0,0.0,0.0,0.0,29.206349206349206,32.03907203907204,988.7920532226562,34.0,0.0,35.0,0.0,1.0,0.0,1.0,0.0,1.0,1.0,0.0,0.0,0.0,0.0
2026-06-02 13:45:35,0.0,0.0,0.0,0.0,0.0,0.0,0.0,0.0,29.194139194139193,32.002442002442,988.7920532226562,34.0,0.0,35.0,0.0,1.0,0.0,1.0,0.0,1.0,1.0,0.0,0.0,0.0,0.0
2026-06-02 13:45:36,0.0,0.0,0.0,0.0,0.0,0.0,0.0,0.0,29.12087912087912,31.953601953601954,988.7920532226562,34.0,0.0,35.0,0.0,1.0,0.0,1.0,0.0,1.0,1.0,0.0,0.0,0.0,0.0
2026-06-02 13:45:38,0.0,0.0,0.0,0.0,0.0,0.0,0.0,0.0,29.194139194139193,31.978021978021978,988.7920532226562,34.0,0.0,35.0,0.0,1.0,0.0,1.0,0.0,1.0,1.0,0.0,0.0,0.0,0.0
2026-06-02 13:45:39,0.0,0.0,0.0,0.0,0.0,0.0,0.0,0.0,29.206349206349206,32.014652014652015,988.7920532226562,34.0,0.0,35.0,0.0,1.0,0.0,1.0,0.0,1.0,1.0,0.0,0.0,0.0,0.0
2026-06-02 13:45:40,0.0,0.0,0.0,0.0,0.0,0.0,0.0,0.0,29.194139194139193,32.002442002442,988.7920532226562,34.0,0.0,35.0,0.0,1.0,0.0,1.0,0.0,1.0,1.0,0.0,0.0,0.0,0.0
2026-06-02 13:45:42,0.0,0.0,0.0,0.0,0.0,0.0,0.0,0.0,29.133089133089133,31.953601953601954,988.7920532226562,34.0,0.0,35.0,0.0,1.0,0.0,1.0,0.0,1.0,1.0,0.0,0.0,0.0,0.0
2026-06-02 13:45:43,0.0,0.0,0.0,0.0,0.0,0.0,0.0,0.0,29.133089133089133,31.94139194139194,988.7920532226562,34.0,0.0,35.0,0.0,1.0,0.0,1.0,0.0,1.0,1.0,0.0,0.0,0.0,0.0
2026-06-02 13:45:45,0.0,0.0,0.0,0.0,0.0,0.0,0.0,0.0,29.206349206349206,32.02686202686203,988.7920532226562,34.0,0.0,35.0,0.0,1.0,0.0,1.0,0.0,1.0,1.0,0.0,0.0,0.0,0.0
2026-06-02 13:45:46,0.0,0.0,0.0,0.0,0.0,0.0,0.0,0.0,29.133089133089133,31.94139194139194,988.7920532226562,34.0,0.0,35.0,0.0,1.0,0.0,1.0,0.0,1.0,1.0,0.0,0.0,0.0,0.0
2026-06-02 13:45:47,0.0,0.0,0.0,0.0,0.0,0.0,0.0,0.0,29.145299145299145,31.965811965811966,988.7920532226562,34.0,0.0,35.0,0.0,1.0,0.0,1.0,0.0,1.0,1.0,0.0,0.0,0.0,0.0
2026-06-02 13:45:49,0.0,0.0,0.0,0.0,0.0,0.0,0.0,0.0,29.145299145299145,31.978021978021978,988.7920532226562,34.0,0.0,35.0,0.0,1.0,0.0,1.0,0.0,1.0,1.0,0.0,0.0,0.0,0.0
2026-06-02 13:45:50,0.0,0.0,0.0,0.0,0.0,0.0,0.0,0.0,29.194139194139193,31.965811965811966,988.7920532226562,34.0,0.0,35.0,0.0,1.0,0.0,1.0,0.0,1.0,1.0,0.0,0.0,0.0,0.0
2026-06-02 13:45:52,0.0,0.0,0.0,0.0,0.0,0.0,0.0,0.0,29.194139194139193,32.002442002442,988.7920532226562,34.0,0.0,35.0,0.0,1.0,0.0,1.0,0.0,1.0,1.0,0.0,0.0,0.0,0.0
2026-06-02 13:45:53,0.0,0.0,0.0,0.0,0.0,0.0,0.0,0.0,29.10866910866911,31.92918192918193,988.7920532226562,34.0,0.0,35.0,0.0,1.0,0.0,1.0,0.0,1.0,1.0,0.0,0.0,0.0,0.0
2026-06-02 13:45:54,0.0,0.0,0.0,0.0,0.0,0.0,0.0,0.0,29.218559218559218,32.014652014652015,988.7920532226562,34.0,0.0,35.0,0.0,1.0,0.0,1.0,0.0,1.0,1.0,0.0,0.0,0.0,0.0
2026-06-02 13:45:55,0.0,0.0,0.0,0.0,0.0,0.0,0.0,0.0,29.206349206349206,32.02686202686203,988.7920532226562,34.0,0.0,35.0,0.0,1.0,0.0,1.0,0.0,1.0,1.0,0.0,0.0,0.0,0.0
2026-06-02 13:45:57,0.0,0.0,0.0,0.0,0.0,0.0,0.0,0.0,29.16971916971917,31.978021978021978,988.7920532226562,34.0,0.0,35.0,0.0,1.0,0.0,1.0,0.0,1.0,1.0,0.0,0.0,0.0,0.0
2026-06-02 13:45:58,0.0,0.0,0.0,0.0,0.0,0.0,0.0,0.0,29.16971916971917,32.002442002442,988.7920532226562,34.0,0.0,35.0,0.0,1.0,0.0,1.0,0.0,1.0,1.0,0.0,0.0,0.0,0.0
2026-06-02 13:45:59,0.0,0.0,0.0,0.0,0.0,0.0,0.0,0.0,29.133089133089133,31.94139194139194,988.7920532226562,34.0,0.0,35.0,0.0,1.0,0.0,1.0,0.0,1.0,1.0,0.0,0.0,0.0,0.0
2026-06-02 13:46:00,0.0,0.0,0.0,0.0,0.0,0.0,0.0,0.0,29.206349206349206,32.03907203907204,988.7920532226562,34.0,0.0,35.0,0.0,1.0,0.0,1.0,0.0,1.0,1.0,0.0,0.0,0.0,0.0
2026-06-02 13:46:02,0.0,0.0,0.0,0.0,0.0,0.0,0.0,0.0,29.206349206349206,32.02686202686203,988.7920532226562,34.0,0.0,35.0,0.0,1.0,0.0,1.0,0.0,1.0,1.0,0.0,0.0,0.0,0.0
2026-06-02 13:46:03,0.0,0.0,0.0,0.0,0.0,0.0,0.0,0.0,29.145299145299145,31.953601953601954,988.7920532226562,34.0,0.0,35.0,0.0,1.0,0.0,1.0,0.0,1.0,1.0,0.0,0.0,0.0,0.0
2026-06-02 13:46:04,0.0,0.0,0.0,0.0,0.0,0.0,0.0,0.0,29.157509157509157,31.978021978021978,988.7920532226562,34.0,0.0,35.0,0.0,1.0,0.0,1.0,0.0,1.0,1.0,0.0,0.0,0.0,0.0
2026-06-02 13:46:05,0.0,0.0,0.0,0.0,0.0,0.0,0.0,0.0,29.157509157509157,31.965811965811966,988.7920532226562,34.0,0.0,35.0,0.0,1.0,0.0,1.0,0.0,1.0,1.0,0.0,0.0,0.0,0.0
2026-06-02 13:46:07,0.0,0.0,0.0,0.0,0.0,0.0,0.0,0.0,29.16971916971917,31.965811965811966,988.7920532226562,34.0,0.0,35.0,0.0,1.0,0.0,1.0,0.0,1.0,1.0,0.0,0.0,0.0,0.0
2026-06-02 13:46:08,0.0,0.0,0.0,0.0,0.0,0.0,0.0,0.0,29.18192918192918,31.978021978021978,988.7920532226562,34.0,0.0,35.0,0.0,1.0,0.0,1.0,0.0,1.0,1.0,0.0,0.0,0.0,0.0
2026-06-02 13:46:09,0.0,0.0,0.0,0.0,0.0,0.0,0.0,0.0,29.12087912087912,31.953601953601954,988.7920532226562,34.0,0.0,35.0,0.0,1.0,0.0,1.0,0.0,1.0,1.0,0.0,0.0,0.0,0.0
2026-06-02 13:46:10,0.0,0.0,0.0,0.0,0.0,0.0,0.0,0.0,29.10866910866911,31.92918192918193,988.7920532226562,34.0,0.0,35.0,0.0,1.0,0.0,1.0,0.0,1.0,1.0,0.0,0.0,0.0,0.0
2026-06-02 13:46:11,0.0,0.0,0.0,0.0,0.0,0.0,0.0,0.0,29.206349206349206,32.014652014652015,988.7920532226562,34.0,0.0,35.0,0.0,1.0,0.0,1.0,0.0,1.0,1.0,0.0,0.0,0.0,0.0
2026-06-02 13:46:12,0.0,0.0,0.0,0.0,0.0,0.0,0.0,0.0,29.194139194139193,32.014652014652015,988.7920532226562,34.0,0.0,35.0,0.0,1.0,0.0,1.0,0.0,1.0,1.0,0.0,0.0,0.0,0.0
2026-06-02 13:46:13,0.0,0.0,0.0,0.0,0.0,0.0,0.0,0.0,29.157509157509157,31.965811965811966,988.7920532226562,34.0,0.0,35.0,0.0,1.0,0.0,1.0,0.0,1.0,1.0,0.0,0.0,0.0,0.0
2026-06-02 13:46:15,0.0,0.0,0.0,0.0,0.0,0.0,0.0,0.0,29.145299145299145,31.94139194139194,988.7920532226562,34.0,0.0,35.0,0.0,1.0,0.0,1.0,0.0,1.0,1.0,0.0,0.0,0.0,0.0
2026-06-02 13:46:16,0.0,0.0,0.0,0.0,0.0,0.0,0.0,0.0,29.12087912087912,31.953601953601954,988.7920532226562,34.0,0.0,35.0,0.0,1.0,0.0,1.0,0.0,1.0,1.0,0.0,0.0,0.0,0.0
2026-06-02 13:46:18,0.0,0.0,0.0,0.0,0.0,0.0,0.0,0.0,29.218559218559218,32.05128205128205,988.7920532226562,34.0,0.0,35.0,0.0,1.0,0.0,1.0,0.0,1.0,1.0,0.0,0.0,0.0,0.0
2026-06-02 13:46:19,0.0,0.0,0.0,0.0,0.0,0.0,0.0,0.0,29.12087912087912,31.953601953601954,988.7920532226562,34.0,0.0,35.0,0.0,1.0,0.0,1.0,0.0,1.0,1.0,0.0,0.0,0.0,0.0
2026-06-02 13:46:20,0.0,0.0,0.0,0.0,0.0,0.0,0.0,0.0,29.133089133089133,31.953601953601954,988.7920532226562,34.0,0.0,35.0,0.0,1.0,0.0,1.0,0.0,1.0,1.0,0.0,0.0,0.0,0.0
2026-06-02 13:46:21,0.0,0.0,0.0,0.0,0.0,0.0,0.0,0.0,29.18192918192918,31.978021978021978,988.7920532226562,34.0,0.0,35.0,0.0,1.0,0.0,1.0,0.0,1.0,1.0,0.0,0.0,0.0,0.0
2026-06-02 13:46:23,0.0,0.0,0.0,0.0,0.0,0.0,0.0,0.0,29.145299145299145,31.953601953601954,988.7920532226562,34.0,0.0,35.0,0.0,1.0,0.0,1.0,0.0,1.0,1.0,0.0,0.0,0.0,0.0
2026-06-02 13:46:24,0.0,0.0,0.0,0.0,0.0,0.0,0.0,0.0,29.12087912087912,31.94139194139194,988.7920532226562,34.0,0.0,35.0,0.0,1.0,0.0,1.0,0.0,1.0,1.0,0.0,0.0,0.0,0.0
2026-06-02 13:46:26,0.0,0.0,0.0,0.0,0.0,0.0,0.0,0.0,29.218559218559218,32.02686202686203,988.7920532226562,34.0,0.0,35.0,0.0,1.0,0.0,1.0,0.0,1.0,1.0,0.0,0.0,0.0,0.0
2026-06-02 13:46:27,0.0,0.0,0.0,0.0,0.0,0.0,0.0,0.0,29.10866910866911,31.92918192918193,988.7920532226562,34.0,0.0,35.0,0.0,1.0,0.0,1.0,0.0,1.0,1.0,0.0,0.0,0.0,0.0
2026-06-02 13:46:28,0.0,0.0,0.0,0.0,0.0,0.0,0.0,0.0,29.133089133089133,31.965811965811966,988.7920532226562,34.0,0.0,35.0,0.0,1.0,0.0,1.0,0.0,1.0,1.0,0.0,0.0,0.0,0.0
2026-06-02 13:46:30,0.0,0.0,0.0,0.0,0.0,0.0,0.0,0.0,29.18192918192918,32.014652014652015,988.7920532226562,34.0,0.0,35.0,0.0,1.0,0.0,1.0,0.0,1.0,1.0,0.0,0.0,0.0,0.0
2026-06-02 13:46:31,0.0,0.0,0.0,0.0,0.0,0.0,0.0,0.0,29.157509157509157,31.978021978021978,988.7920532226562,34.0,0.0,35.0,0.0,1.0,0.0,1.0,0.0,1.0,1.0,0.0,0.0,0.0,0.0
2026-06-02 13:46:32,0.0,0.0,0.0,0.0,0.0,0.0,0.0,0.0,29.206349206349206,32.002442002442,988.7920532226562,34.0,0.0,35.0,0.0,1.0,0.0,1.0,0.0,1.0,1.0,0.0,0.0,0.0,0.0
2026-06-02 13:46:33,0.0,0.0,0.0,0.0,0.0,0.0,0.0,0.0,29.145299145299145,31.94139194139194,988.7920532226562,34.0,0.0,35.0,0.0,1.0,0.0,1.0,0.0,1.0,1.0,0.0,0.0,0.0,0.0
2026-06-02 13:46:35,0.0,0.0,0.0,0.0,0.0,0.0,0.0,0.0,29.16971916971917,31.965811965811966,988.7920532226562,34.0,0.0,35.0,0.0,1.0,0.0,1.0,0.0,1.0,1.0,0.0,0.0,0.0,0.0
2026-06-02 13:46:36,0.0,0.0,0.0,0.0,0.0,0.0,0.0,0.0,29.133089133089133,31.94139194139194,988.7920532226562,34.0,0.0,35.0,0.0,1.0,0.0,1.0,0.0,1.0,1.0,0.0,0.0,0.0,0.0
2026-06-02 13:46:37,0.0,0.0,0.0,0.0,0.0,0.0,0.0,0.0,29.145299145299145,31.953601953601954,988.7920532226562,34.0,0.0,35.0,0.0,1.0,0.0,1.0,0.0,1.0,1.0,0.0,0.0,0.0,0.0
2026-06-02 13:46:38,0.0,0.0,0.0,0.0,0.0,0.0,0.0,0.0,29.145299145299145,31.965811965811966,988.7920532226562,34.0,0.0,35.0,0.0,1.0,0.0,1.0,0.0,1.0,1.0,0.0,0.0,0.0,0.0
2026-06-02 13:46:40,0.0,0.0,0.0,0.0,0.0,0.0,0.0,0.0,29.206349206349206,32.02686202686203,988.7920532226562,34.0,0.0,35.0,0.0,1.0,0.0,1.0,0.0,1.0,1.0,0.0,0.0,0.0,0.0
2026-06-02 13:46:41,0.0,0.0,0.0,0.0,0.0,0.0,0.0,0.0,29.145299145299145,31.92918192918193,988.7920532226562,34.0,0.0,35.0,0.0,1.0,0.0,1.0,0.0,1.0,1.0,0.0,0.0,0.0,0.0
2026-06-02 13:46:42,0.0,0.0,0.0,0.0,0.0,0.0,0.0,0.0,29.145299145299145,31.953601953601954,988.7920532226562,34.0,0.0,35.0,0.0,1.0,0.0,1.0,0.0,1.0,1.0,0.0,0.0,0.0,0.0
2026-06-02 13:46:44,0.0,0.0,0.0,0.0,0.0,0.0,0.0,0.0,29.218559218559218,32.03907203907204,988.7920532226562,34.0,0.0,35.0,0.0,1.0,0.0,1.0,0.0,1.0,1.0,0.0,0.0,0.0,0.0
2026-06-02 13:46:45,0.0,0.0,0.0,0.0,0.0,0.0,0.0,0.0,29.206349206349206,31.99023199023199,988.7920532226562,34.0,0.0,35.0,0.0,1.0,0.0,1.0,0.0,1.0,1.0,0.0,0.0,0.0,0.0
2026-06-02 13:46:46,0.0,0.0,0.0,0.0,0.0,0.0,0.0,0.0,29.157509157509157,31.953601953601954,988.7920532226562,34.0,0.0,35.0,0.0,1.0,0.0,1.0,0.0,1.0,1.0,0.0,0.0,0.0,0.0
2026-06-02 13:46:47,0.0,0.0,0.0,0.0,0.0,0.0,0.0,0.0,29.18192918192918,32.002442002442,988.7920532226562,34.0,0.0,35.0,0.0,1.0,0.0,1.0,0.0,1.0,1.0,0.0,0.0,0.0,0.0
2026-06-02 13:46:48,0.0,0.0,0.0,0.0,0.0,0.0,0.0,0.0,29.145299145299145,31.965811965811966,988.7920532226562,34.0,0.0,35.0,0.0,1.0,0.0,1.0,0.0,1.0,1.0,0.0,0.0,0.0,0.0
2026-06-02 13:46:50,0.0,0.0,0.0,0.0,0.0,0.0,0.0,0.0,29.194139194139193,31.99023199023199,988.7920532226562,34.0,0.0,35.0,0.0,1.0,0.0,1.0,0.0,1.0,1.0,0.0,0.0,0.0,0.0
2026-06-02 13:46:51,0.0,0.0,0.0,0.0,0.0,0.0,0.0,0.0,29.218559218559218,32.002442002442,988.7920532226562,34.0,0.0,35.0,0.0,1.0,0.0,1.0,0.0,1.0,1.0,0.0,0.0,0.0,0.0
2026-06-02 13:46:52,0.0,0.0,0.0,0.0,0.0,0.0,0.0,0.0,29.12087912087912,31.904761904761905,988.7920532226562,34.0,0.0,35.0,0.0,1.0,0.0,1.0,0.0,1.0,1.0,0.0,0.0,0.0,0.0
2026-06-02 13:46:54,0.0,0.0,0.0,0.0,0.0,0.0,0.0,0.0,29.206349206349206,32.02686202686203,988.7920532226562,34.0,0.0,35.0,0.0,1.0,0.0,1.0,0.0,1.0,1.0,0.0,0.0,0.0,0.0
2026-06-02 13:46:55,0.0,0.0,0.0,0.0,0.0,0.0,0.0,0.0,29.18192918192918,32.014652014652015,988.7920532226562,34.0,0.0,35.0,0.0,1.0,0.0,1.0,0.0,1.0,1.0,0.0,0.0,0.0,0.0
2026-06-02 13:46:56,0.0,0.0,0.0,0.0,0.0,0.0,0.0,0.0,29.157509157509157,31.953601953601954,988.7920532226562,34.0,0.0,35.0,0.0,1.0,0.0,1.0,0.0,1.0,1.0,0.0,0.0,0.0,0.0
2026-06-02 13:46:58,0.0,0.0,0.0,0.0,0.0,0.0,0.0,0.0,29.16971916971917,31.99023199023199,988.7920532226562,34.0,0.0,35.0,0.0,1.0,0.0,1.0,0.0,1.0,1.0,0.0,0.0,0.0,0.0
2026-06-02 13:46:59,0.0,0.0,0.0,0.0,0.0,0.0,0.0,0.0,29.16971916971917,31.953601953601954,988.7920532226562,34.0,0.0,35.0,0.0,1.0,0.0,1.0,0.0,1.0,1.0,0.0,0.0,0.0,0.0
2026-06-02 13:47:01,0.0,0.0,0.0,0.0,0.0,0.0,0.0,0.0,29.218559218559218,32.002442002442,988.7920532226562,34.0,0.0,35.0,0.0,1.0,0.0,1.0,0.0,1.0,1.0,0.0,0.0,0.0,0.0
2026-06-02 13:47:02,0.0,0.0,0.0,0.0,0.0,0.0,0.0,0.0,29.12087912087912,31.965811965811966,988.7920532226562,34.0,0.0,35.0,0.0,1.0,0.0,1.0,0.0,1.0,1.0,0.0,0.0,0.0,0.0
2026-06-02 13:47:03,0.0,0.0,0.0,0.0,0.0,0.0,0.0,0.0,29.10866910866911,31.94139194139194,988.7920532226562,34.0,0.0,35.0,0.0,1.0,0.0,1.0,0.0,1.0,1.0,0.0,0.0,0.0,0.0
2026-06-02 13:47:05,0.0,0.0,0.0,0.0,0.0,0.0,0.0,0.0,29.23076923076923,32.03907203907204,988.7920532226562,34.0,0.0,35.0,0.0,1.0,0.0,1.0,0.0,1.0,1.0,0.0,0.0,0.0,0.0
2026-06-02 13:47:06,0.0,0.0,0.0,0.0,0.0,0.0,0.0,0.0,29.23076923076923,32.014652014652015,988.7920532226562,34.0,0.0,35.0,0.0,1.0,0.0,1.0,0.0,1.0,1.0,0.0,0.0,0.0,0.0
2026-06-02 13:47:07,0.0,0.0,0.0,0.0,0.0,0.0,0.0,0.0,29.12087912087912,31.953601953601954,988.7920532226562,34.0,0.0,35.0,0.0,1.0,0.0,1.0,0.0,1.0,1.0,0.0,0.0,0.0,0.0
2026-06-02 13:47:09,0.0,0.0,0.0,0.0,0.0,0.0,0.0,0.0,29.218559218559218,32.02686202686203,988.7920532226562,34.0,0.0,35.0,0.0,1.0,0.0,1.0,0.0,1.0,1.0,0.0,0.0,0.0,0.0
2026-06-02 13:47:10,0.0,0.0,0.0,0.0,0.0,0.0,0.0,0.0,29.242979242979242,32.03907203907204,988.7920532226562,34.0,0.0,35.0,0.0,1.0,0.0,1.0,0.0,1.0,1.0,0.0,0.0,0.0,0.0
2026-06-02 13:47:11,0.0,0.0,0.0,0.0,0.0,0.0,0.0,0.0,29.145299145299145,31.953601953601954,988.7920532226562,34.0,0.0,35.0,0.0,1.0,0.0,1.0,0.0,1.0,1.0,0.0,0.0,0.0,0.0
2026-06-02 13:47:13,0.0,0.0,0.0,0.0,0.0,0.0,0.0,0.0,29.18192918192918,31.978021978021978,988.7920532226562,34.0,0.0,35.0,0.0,1.0,0.0,1.0,0.0,1.0,1.0,0.0,0.0,0.0,0.0
2026-06-02 13:47:14,0.0,0.0,0.0,0.0,0.0,0.0,0.0,0.0,29.157509157509157,31.978021978021978,988.7920532226562,34.0,0.0,35.0,0.0,1.0,0.0,1.0,0.0,1.0,1.0,0.0,0.0,0.0,0.0
2026-06-02 13:47:15,0.0,0.0,0.0,0.0,0.0,0.0,0.0,0.0,29.16971916971917,31.99023199023199,988.7920532226562,34.0,0.0,35.0,0.0,1.0,0.0,1.0,0.0,1.0,1.0,0.0,0.0,0.0,0.0
2026-06-02 13:47:16,0.0,0.0,0.0,0.0,0.0,0.0,0.0,0.0,29.18192918192918,31.978021978021978,988.7920532226562,34.0,0.0,35.0,0.0,1.0,0.0,1.0,0.0,1.0,1.0,0.0,0.0,0.0,0.0
2026-06-02 13:47:17,0.0,0.0,0.0,0.0,0.0,0.0,0.0,0.0,29.206349206349206,32.002442002442,988.7920532226562,34.0,0.0,35.0,0.0,1.0,0.0,1.0,0.0,1.0,1.0,0.0,0.0,0.0,0.0
2026-06-02 13:47:19,0.0,0.0,0.0,0.0,0.0,0.0,0.0,0.0,29.133089133089133,31.965811965811966,988.7920532226562,34.0,0.0,35.0,0.0,1.0,0.0,1.0,0.0,1.0,1.0,0.0,0.0,0.0,0.0
2026-06-02 13:47:20,0.0,0.0,0.0,0.0,0.0,0.0,0.0,0.0,29.133089133089133,31.953601953601954,988.7920532226562,34.0,0.0,35.0,0.0,1.0,0.0,1.0,0.0,1.0,1.0,0.0,0.0,0.0,0.0
2026-06-02 13:47:22,0.0,0.0,0.0,0.0,0.0,0.0,0.0,0.0,29.218559218559218,32.002442002442,988.7920532226562,34.0,0.0,35.0,0.0,1.0,0.0,1.0,0.0,1.0,1.0,0.0,0.0,0.0,0.0
2026-06-02 13:47:23,0.0,0.0,0.0,0.0,0.0,0.0,0.0,0.0,29.218559218559218,32.02686202686203,988.7920532226562,34.0,0.0,35.0,0.0,1.0,0.0,1.0,0.0,1.0,1.0,0.0,0.0,0.0,0.0
2026-06-02 13:47:25,0.0,0.0,0.0,0.0,0.0,0.0,0.0,0.0,29.12087912087912,31.92918192918193,988.7920532226562,34.0,0.0,35.0,0.0,1.0,0.0,1.0,0.0,1.0,1.0,0.0,0.0,0.0,0.0
2026-06-02 13:47:26,0.0,0.0,0.0,0.0,0.0,0.0,0.0,0.0,29.133089133089133,31.94139194139194,988.7920532226562,34.0,0.0,35.0,0.0,1.0,0.0,1.0,0.0,1.0,1.0,0.0,0.0,0.0,0.0
2026-06-02 13:47:27,0.0,0.0,0.0,0.0,0.0,0.0,0.0,0.0,29.23076923076923,32.02686202686203,988.7920532226562,34.0,0.0,35.0,0.0,1.0,0.0,1.0,0.0,1.0,1.0,0.0,0.0,0.0,0.0
2026-06-02 13:47:29,0.0,0.0,0.0,0.0,0.0,0.0,0.0,0.0,29.133089133089133,31.953601953601954,988.7920532226562,34.0,0.0,35.0,0.0,1.0,0.0,1.0,0.0,1.0,1.0,0.0,0.0,0.0,0.0
2026-06-02 13:47:30,0.0,0.0,0.0,0.0,0.0,0.0,0.0,0.0,29.133089133089133,31.94139194139194,988.7920532226562,34.0,0.0,35.0,0.0,1.0,0.0,1.0,0.0,1.0,1.0,0.0,0.0,0.0,0.0
2026-06-02 13:47:31,0.0,0.0,0.0,0.0,0.0,0.0,0.0,0.0,29.145299145299145,31.953601953601954,988.7920532226562,34.0,0.0,35.0,0.0,1.0,0.0,1.0,0.0,1.0,1.0,0.0,0.0,0.0,0.0
2026-06-02 13:47:33,0.0,0.0,0.0,0.0,0.0,0.0,0.0,0.0,29.18192918192918,31.978021978021978,988.7920532226562,34.0,0.0,35.0,0.0,1.0,0.0,1.0,0.0,1.0,1.0,0.0,0.0,0.0,0.0
2026-06-02 13:47:34,0.0,0.0,0.0,0.0,0.0,0.0,0.0,0.0,29.206349206349206,32.002442002442,988.7920532226562,34.0,0.0,35.0,0.0,1.0,0.0,1.0,0.0,1.0,1.0,0.0,0.0,0.0,0.0
2026-06-02 13:47:35,0.0,0.0,0.0,0.0,0.0,0.0,0.0,0.0,29.194139194139193,32.002442002442,988.7920532226562,34.0,0.0,35.0,0.0,1.0,0.0,1.0,0.0,1.0,1.0,0.0,0.0,0.0,0.0
2026-06-02 13:47:36,0.0,0.0,0.0,0.0,0.0,0.0,0.0,0.0,29.218559218559218,32.02686202686203,988.7920532226562,34.0,0.0,35.0,0.0,1.0,0.0,1.0,0.0,1.0,1.0,0.0,0.0,0.0,0.0
2026-06-02 13:47:37,0.0,0.0,0.0,0.0,0.0,0.0,0.0,0.0,29.23076923076923,32.02686202686203,988.7920532226562,34.0,0.0,35.0,0.0,1.0,0.0,1.0,0.0,1.0,1.0,0.0,0.0,0.0,0.0
2026-06-02 13:47:39,0.0,0.0,0.0,0.0,0.0,0.0,0.0,0.0,29.242979242979242,32.03907203907204,988.7920532226562,34.0,0.0,35.0,0.0,1.0,0.0,1.0,0.0,1.0,1.0,0.0,0.0,0.0,0.0
2026-06-02 13:47:40,0.0,0.0,0.0,0.0,0.0,0.0,0.0,0.0,29.218559218559218,32.03907203907204,988.7920532226562,34.0,0.0,35.0,0.0,1.0,0.0,1.0,0.0,1.0,1.0,0.0,0.0,0.0,0.0
2026-06-02 13:47:41,0.0,0.0,0.0,0.0,0.0,0.0,0.0,0.0,29.206349206349206,32.05128205128205,988.7920532226562,34.0,0.0,35.0,0.0,1.0,0.0,1.0,0.0,1.0,1.0,0.0,0.0,0.0,0.0
2026-06-02 13:47:42,0.0,0.0,0.0,0.0,0.0,0.0,0.0,0.0,29.12087912087912,31.92918192918193,988.7920532226562,34.0,0.0,35.0,0.0,1.0,0.0,1.0,0.0,1.0,1.0,0.0,0.0,0.0,0.0
2026-06-02 13:47:44,0.0,0.0,0.0,0.0,0.0,0.0,0.0,0.0,29.145299145299145,31.953601953601954,988.7920532226562,34.0,0.0,35.0,0.0,1.0,0.0,1.0,0.0,1.0,1.0,0.0,0.0,0.0,0.0
2026-06-02 13:47:45,0.0,0.0,0.0,0.0,0.0,0.0,0.0,0.0,29.145299145299145,31.94139194139194,988.7920532226562,34.0,0.0,35.0,0.0,1.0,0.0,1.0,0.0,1.0,1.0,0.0,0.0,0.0,0.0
2026-06-02 13:47:46,0.0,0.0,0.0,0.0,0.0,0.0,0.0,0.0,29.157509157509157,31.953601953601954,988.7920532226562,34.0,0.0,35.0,0.0,1.0,0.0,1.0,0.0,1.0,1.0,0.0,0.0,0.0,0.0
2026-06-02 13:47:48,0.0,0.0,0.0,0.0,0.0,0.0,0.0,0.0,29.133089133089133,31.965811965811966,988.7920532226562,34.0,0.0,35.0,0.0,1.0,0.0,1.0,0.0,1.0,1.0,0.0,0.0,0.0,0.0
2026-06-02 13:47:49,0.0,0.0,0.0,0.0,0.0,0.0,0.0,0.0,29.133089133089133,31.92918192918193,988.7920532226562,34.0,0.0,35.0,0.0,1.0,0.0,1.0,0.0,1.0,1.0,0.0,0.0,0.0,0.0
2026-06-02 13:47:51,0.0,0.0,0.0,0.0,0.0,0.0,0.0,0.0,29.12087912087912,31.94139194139194,988.7920532226562,34.0,0.0,35.0,0.0,1.0,0.0,1.0,0.0,1.0,1.0,0.0,0.0,0.0,0.0
2026-06-02 13:47:52,0.0,0.0,0.0,0.0,0.0,0.0,0.0,0.0,29.133089133089133,31.953601953601954,988.7920532226562,34.0,0.0,35.0,0.0,1.0,0.0,1.0,0.0,1.0,1.0,0.0,0.0,0.0,0.0
2026-06-02 13:47:53,0.0,0.0,0.0,0.0,0.0,0.0,0.0,0.0,29.133089133089133,31.94139194139194,988.7920532226562,34.0,0.0,35.0,0.0,1.0,0.0,1.0,0.0,1.0,1.0,0.0,0.0,0.0,0.0
2026-06-02 13:47:55,0.0,0.0,0.0,0.0,0.0,0.0,0.0,0.0,29.133089133089133,31.94139194139194,988.7920532226562,34.0,0.0,35.0,0.0,1.0,0.0,1.0,0.0,1.0,1.0,0.0,0.0,0.0,0.0
2026-06-02 13:47:56,0.0,0.0,0.0,0.0,0.0,0.0,0.0,0.0,29.145299145299145,31.94139194139194,988.7920532226562,34.0,0.0,35.0,0.0,1.0,0.0,1.0,0.0,1.0,1.0,0.0,0.0,0.0,0.0
2026-06-02 13:47:58,0.0,0.0,0.0,0.0,0.0,0.0,0.0,0.0,29.133089133089133,31.94139194139194,988.7920532226562,34.0,0.0,35.0,0.0,1.0,0.0,1.0,0.0,1.0,1.0,0.0,0.0,0.0,0.0
2026-06-02 13:47:59,0.0,0.0,0.0,0.0,0.0,0.0,0.0,0.0,29.157509157509157,31.965811965811966,988.7920532226562,34.0,0.0,35.0,0.0,1.0,0.0,1.0,0.0,1.0,1.0,0.0,0.0,0.0,0.0
2026-06-02 13:48:00,0.0,0.0,0.0,0.0,0.0,0.0,0.0,0.0,29.145299145299145,31.94139194139194,988.7920532226562,34.0,0.0,35.0,0.0,1.0,0.0,1.0,0.0,1.0,1.0,0.0,0.0,0.0,0.0
2026-06-02 13:48:01,0.0,0.0,0.0,0.0,0.0,0.0,0.0,0.0,29.145299145299145,31.953601953601954,988.7920532226562,34.0,0.0,35.0,0.0,1.0,0.0,1.0,0.0,1.0,1.0,0.0,0.0,0.0,0.0
2026-06-02 13:48:02,0.0,0.0,0.0,0.0,0.0,0.0,0.0,0.0,29.133089133089133,31.94139194139194,988.7920532226562,34.0,0.0,35.0,0.0,1.0,0.0,1.0,0.0,1.0,1.0,0.0,0.0,0.0,0.0
2026-06-02 13:48:04,0.0,0.0,0.0,0.0,0.0,0.0,0.0,0.0,29.133089133089133,31.953601953601954,988.7920532226562,34.0,0.0,35.0,0.0,1.0,0.0,1.0,0.0,1.0,1.0,0.0,0.0,0.0,0.0
2026-06-02 13:48:05,0.0,0.0,0.0,0.0,0.0,0.0,0.0,0.0,29.133089133089133,31.94139194139194,988.7920532226562,34.0,0.0,35.0,0.0,1.0,0.0,1.0,0.0,1.0,1.0,0.0,0.0,0.0,0.0
2026-06-02 13:48:06,0.0,0.0,0.0,0.0,0.0,0.0,0.0,0.0,29.133089133089133,31.94139194139194,988.7920532226562,34.0,0.0,35.0,0.0,1.0,0.0,1.0,0.0,1.0,1.0,0.0,0.0,0.0,0.0
2026-06-02 13:48:07,0.0,0.0,0.0,0.0,0.0,0.0,0.0,0.0,29.145299145299145,31.94139194139194,988.7920532226562,34.0,0.0,35.0,0.0,1.0,0.0,1.0,0.0,1.0,1.0,0.0,0.0,0.0,0.0
2026-06-02 13:48:09,0.0,0.0,0.0,0.0,0.0,0.0,0.0,0.0,29.133089133089133,31.953601953601954,988.7920532226562,34.0,0.0,35.0,0.0,1.0,0.0,1.0,0.0,1.0,1.0,0.0,0.0,0.0,0.0
2026-06-02 13:48:10,0.0,0.0,0.0,0.0,0.0,0.0,0.0,0.0,29.133089133089133,31.953601953601954,988.7920532226562,34.0,0.0,35.0,0.0,1.0,0.0,1.0,0.0,1.0,1.0,0.0,0.0,0.0,0.0
2026-06-02 13:48:11,0.0,0.0,0.0,0.0,0.0,0.0,0.0,0.0,29.133089133089133,31.94139194139194,988.7920532226562,34.0,0.0,35.0,0.0,1.0,0.0,1.0,0.0,1.0,1.0,0.0,0.0,0.0,0.0
2026-06-02 13:48:13,0.0,0.0,0.0,0.0,0.0,0.0,0.0,0.0,29.145299145299145,31.965811965811966,988.7920532226562,34.0,0.0,35.0,0.0,1.0,0.0,1.0,0.0,1.0,1.0,0.0,0.0,0.0,0.0
2026-06-02 13:48:14,0.0,0.0,0.0,0.0,0.0,0.0,0.0,0.0,29.145299145299145,31.94139194139194,988.7920532226562,34.0,0.0,35.0,0.0,1.0,0.0,1.0,0.0,1.0,1.0,0.0,0.0,0.0,0.0
2026-06-02 13:48:15,0.0,0.0,0.0,0.0,0.0,0.0,0.0,0.0,29.145299145299145,31.94139194139194,988.7920532226562,34.0,0.0,35.0,0.0,1.0,0.0,1.0,0.0,1.0,1.0,0.0,0.0,0.0,0.0
2026-06-02 13:48:16,0.0,0.0,0.0,0.0,0.0,0.0,0.0,0.0,29.157509157509157,31.965811965811966,988.7920532226562,34.0,0.0,35.0,0.0,1.0,0.0,1.0,0.0,1.0,1.0,0.0,0.0,0.0,0.0
2026-06-02 13:48:18,0.0,0.0,0.0,0.0,0.0,0.0,0.0,0.0,29.133089133089133,31.965811965811966,988.7920532226562,34.0,0.0,35.0,0.0,1.0,0.0,1.0,0.0,1.0,1.0,0.0,0.0,0.0,0.0
2026-06-02 13:48:19,0.0,0.0,0.0,0.0,0.0,0.0,0.0,0.0,29.206349206349206,32.002442002442,988.7920532226562,34.0,0.0,35.0,0.0,1.0,0.0,1.0,0.0,1.0,1.0,0.0,0.0,0.0,0.0
2026-06-02 13:48:20,0.0,0.0,0.0,0.0,0.0,0.0,0.0,0.0,29.194139194139193,31.99023199023199,988.7920532226562,34.0,0.0,35.0,0.0,1.0,0.0,1.0,0.0,1.0,1.0,0.0,0.0,0.0,0.0
2026-06-02 13:48:21,0.0,0.0,0.0,0.0,0.0,0.0,0.0,0.0,29.218559218559218,32.02686202686203,988.7920532226562,34.0,0.0,35.0,0.0,1.0,0.0,1.0,0.0,1.0,1.0,0.0,0.0,0.0,0.0
2026-06-02 13:48:22,0.0,0.0,0.0,0.0,0.0,0.0,0.0,0.0,29.23076923076923,32.02686202686203,988.7920532226562,34.0,0.0,35.0,0.0,1.0,0.0,1.0,0.0,1.0,1.0,0.0,0.0,0.0,0.0
2026-06-02 13:48:23,0.0,0.0,0.0,0.0,0.0,0.0,0.0,0.0,29.18192918192918,31.978021978021978,988.7920532226562,34.0,0.0,35.0,0.0,1.0,0.0,1.0,0.0,1.0,1.0,0.0,0.0,0.0,0.0
2026-06-02 13:48:25,0.0,0.0,0.0,0.0,0.0,0.0,0.0,0.0,29.157509157509157,31.94139194139194,988.7920532226562,34.0,0.0,35.0,0.0,1.0,0.0,1.0,0.0,1.0,1.0,0.0,0.0,0.0,0.0
2026-06-02 13:48:26,0.0,0.0,0.0,0.0,0.0,0.0,0.0,0.0,29.157509157509157,31.953601953601954,988.7920532226562,34.0,0.0,35.0,0.0,1.0,0.0,1.0,0.0,1.0,1.0,0.0,0.0,0.0,0.0
2026-06-02 13:48:28,0.0,0.0,0.0,0.0,0.0,0.0,0.0,0.0,29.157509157509157,31.953601953601954,988.7920532226562,34.0,0.0,35.0,0.0,1.0,0.0,1.0,0.0,1.0,1.0,0.0,0.0,0.0,0.0
2026-06-02 13:48:29,0.0,0.0,0.0,0.0,0.0,0.0,0.0,0.0,29.12087912087912,31.94139194139194,988.7920532226562,34.0,0.0,35.0,0.0,1.0,0.0,1.0,0.0,1.0,1.0,0.0,0.0,0.0,0.0
2026-06-02 13:48:30,0.0,0.0,0.0,0.0,0.0,0.0,0.0,0.0,29.157509157509157,31.953601953601954,988.7920532226562,34.0,0.0,35.0,0.0,1.0,0.0,1.0,0.0,1.0,1.0,0.0,0.0,0.0,0.0
2026-06-02 13:48:31,0.0,0.0,0.0,0.0,0.0,0.0,0.0,0.0,29.145299145299145,31.965811965811966,988.7920532226562,34.0,0.0,35.0,0.0,1.0,0.0,1.0,0.0,1.0,1.0,0.0,0.0,0.0,0.0
2026-06-02 13:48:32,0.0,0.0,0.0,0.0,0.0,0.0,0.0,0.0,29.145299145299145,31.94139194139194,988.7920532226562,34.0,0.0,35.0,0.0,1.0,0.0,1.0,0.0,1.0,1.0,0.0,0.0,0.0,0.0
2026-06-02 13:48:34,0.0,0.0,0.0,0.0,0.0,0.0,0.0,0.0,29.145299145299145,31.965811965811966,988.7920532226562,34.0,0.0,35.0,0.0,1.0,0.0,1.0,0.0,1.0,1.0,0.0,0.0,0.0,0.0
2026-06-02 13:48:35,0.0,0.0,0.0,0.0,0.0,0.0,0.0,0.0,29.10866910866911,31.92918192918193,988.7920532226562,34.0,0.0,35.0,0.0,1.0,0.0,1.0,0.0,1.0,1.0,0.0,0.0,0.0,0.0
2026-06-02 13:48:36,0.0,0.0,0.0,0.0,0.0,0.0,0.0,0.0,29.16971916971917,31.92918192918193,988.7920532226562,34.0,0.0,35.0,0.0,1.0,0.0,1.0,0.0,1.0,1.0,0.0,0.0,0.0,0.0
2026-06-02 13:48:37,0.0,0.0,0.0,0.0,0.0,0.0,0.0,0.0,29.145299145299145,31.94139194139194,988.7920532226562,34.0,0.0,35.0,0.0,1.0,0.0,1.0,0.0,1.0,1.0,0.0,0.0,0.0,0.0
2026-06-02 13:48:39,0.0,0.0,0.0,0.0,0.0,0.0,0.0,0.0,29.18192918192918,31.99023199023199,988.7920532226562,34.0,0.0,35.0,0.0,1.0,0.0,1.0,0.0,1.0,1.0,0.0,0.0,0.0,0.0
2026-06-02 13:48:40,0.0,0.0,0.0,0.0,0.0,0.0,0.0,0.0,29.16971916971917,31.978021978021978,988.7920532226562,34.0,0.0,35.0,0.0,1.0,0.0,1.0,0.0,1.0,1.0,0.0,0.0,0.0,0.0
2026-06-02 13:48:42,0.0,0.0,0.0,0.0,0.0,0.0,0.0,0.0,29.206349206349206,32.014652014652015,988.7920532226562,34.0,0.0,35.0,0.0,1.0,0.0,1.0,0.0,1.0,1.0,0.0,0.0,0.0,0.0
2026-06-02 13:48:43,0.0,0.0,0.0,0.0,0.0,0.0,0.0,0.0,29.18192918192918,32.014652014652015,988.7920532226562,34.0,0.0,35.0,0.0,1.0,0.0,1.0,0.0,1.0,1.0,0.0,0.0,0.0,0.0
2026-06-02 13:48:44,0.0,0.0,0.0,0.0,0.0,0.0,0.0,0.0,29.16971916971917,31.965811965811966,988.7920532226562,34.0,0.0,35.0,0.0,1.0,0.0,1.0,0.0,1.0,1.0,0.0,0.0,0.0,0.0
2026-06-02 13:48:46,0.0,0.0,0.0,0.0,0.0,0.0,0.0,0.0,29.145299145299145,31.953601953601954,988.7920532226562,34.0,0.0,35.0,0.0,1.0,0.0,1.0,0.0,1.0,1.0,0.0,0.0,0.0,0.0
2026-06-02 13:48:47,0.0,0.0,0.0,0.0,0.0,0.0,0.0,0.0,29.218559218559218,32.03907203907204,988.7920532226562,34.0,0.0,35.0,0.0,1.0,0.0,1.0,0.0,1.0,1.0,0.0,0.0,0.0,0.0
2026-06-02 13:48:49,0.0,0.0,0.0,0.0,0.0,0.0,0.0,0.0,29.23076923076923,32.03907203907204,988.7920532226562,34.0,0.0,35.0,0.0,1.0,0.0,1.0,0.0,1.0,1.0,0.0,0.0,0.0,0.0
2026-06-02 13:48:50,0.0,0.0,0.0,0.0,0.0,0.0,0.0,0.0,29.12087912087912,31.92918192918193,988.7920532226562,34.0,0.0,35.0,0.0,1.0,0.0,1.0,0.0,1.0,1.0,0.0,0.0,0.0,0.0
2026-06-02 13:48:51,0.0,0.0,0.0,0.0,0.0,0.0,0.0,0.0,29.133089133089133,31.94139194139194,988.7920532226562,34.0,0.0,35.0,0.0,1.0,0.0,1.0,0.0,1.0,1.0,0.0,0.0,0.0,0.0
2026-06-02 13:48:52,0.0,0.0,0.0,0.0,0.0,0.0,0.0,0.0,29.218559218559218,32.014652014652015,988.7920532226562,34.0,0.0,35.0,0.0,1.0,0.0,1.0,0.0,1.0,1.0,0.0,0.0,0.0,0.0
2026-06-02 13:48:53,0.0,0.0,0.0,0.0,0.0,0.0,0.0,0.0,29.133089133089133,32.02686202686203,988.7920532226562,34.0,0.0,35.0,0.0,1.0,0.0,1.0,0.0,1.0,1.0,0.0,0.0,0.0,0.0
2026-06-02 13:48:55,0.0,0.0,0.0,0.0,0.0,0.0,0.0,0.0,29.12087912087912,31.953601953601954,988.7920532226562,34.0,0.0,35.0,0.0,1.0,0.0,1.0,0.0,1.0,1.0,0.0,0.0,0.0,0.0
2026-06-02 13:48:56,0.0,0.0,0.0,0.0,0.0,0.0,0.0,0.0,29.194139194139193,31.99023199023199,988.7920532226562,34.0,0.0,35.0,0.0,1.0,0.0,1.0,0.0,1.0,1.0,0.0,0.0,0.0,0.0
2026-06-02 13:48:57,0.0,0.0,0.0,0.0,0.0,0.0,0.0,0.0,29.194139194139193,31.99023199023199,988.7920532226562,34.0,0.0,35.0,0.0,1.0,0.0,1.0,0.0,1.0,1.0,0.0,0.0,0.0,0.0
2026-06-02 13:48:59,0.0,0.0,0.0,0.0,0.0,0.0,0.0,0.0,29.133089133089133,31.965811965811966,988.7920532226562,34.0,0.0,35.0,0.0,1.0,0.0,1.0,0.0,1.0,1.0,0.0,0.0,0.0,0.0
2026-06-02 13:49:00,0.0,0.0,0.0,0.0,0.0,0.0,0.0,0.0,29.16971916971917,31.99023199023199,988.7920532226562,34.0,0.0,35.0,0.0,1.0,0.0,1.0,0.0,1.0,1.0,0.0,0.0,0.0,0.0
2026-06-02 13:49:01,0.0,0.0,0.0,0.0,0.0,0.0,0.0,0.0,29.18192918192918,31.99023199023199,988.7920532226562,34.0,0.0,35.0,0.0,1.0,0.0,1.0,0.0,1.0,1.0,0.0,0.0,0.0,0.0
2026-06-02 13:49:03,0.0,0.0,0.0,0.0,0.0,0.0,0.0,0.0,29.12087912087912,31.953601953601954,988.7920532226562,34.0,0.0,35.0,0.0,1.0,0.0,1.0,0.0,1.0,1.0,0.0,0.0,0.0,0.0
2026-06-02 13:49:04,0.0,0.0,0.0,0.0,0.0,0.0,0.0,0.0,29.23076923076923,32.06349206349206,988.7920532226562,34.0,0.0,35.0,0.0,1.0,0.0,1.0,0.0,1.0,1.0,0.0,0.0,0.0,0.0
2026-06-02 13:49:05,0.0,0.0,0.0,0.0,0.0,0.0,0.0,0.0,29.218559218559218,32.03907203907204,988.7920532226562,34.0,0.0,35.0,0.0,1.0,0.0,1.0,0.0,1.0,1.0,0.0,0.0,0.0,0.0
2026-06-02 13:49:07,0.0,0.0,0.0,0.0,0.0,0.0,0.0,0.0,29.145299145299145,31.978021978021978,988.7920532226562,34.0,0.0,35.0,0.0,1.0,0.0,1.0,0.0,1.0,1.0,0.0,0.0,0.0,0.0
2026-06-02 13:49:08,0.0,0.0,0.0,0.0,0.0,0.0,0.0,0.0,29.157509157509157,31.978021978021978,988.7920532226562,34.0,0.0,35.0,0.0,1.0,0.0,1.0,0.0,1.0,1.0,0.0,0.0,0.0,0.0
2026-06-02 13:49:10,0.0,0.0,0.0,0.0,0.0,0.0,0.0,0.0,29.218559218559218,32.02686202686203,988.7920532226562,34.0,0.0,35.0,0.0,1.0,0.0,1.0,0.0,1.0,1.0,0.0,0.0,0.0,0.0
2026-06-02 13:49:11,0.0,0.0,0.0,0.0,0.0,0.0,0.0,0.0,29.23076923076923,32.05128205128205,988.7920532226562,34.0,0.0,35.0,0.0,1.0,0.0,1.0,0.0,1.0,1.0,0.0,0.0,0.0,0.0
2026-06-02 13:49:13,0.0,0.0,0.0,0.0,0.0,0.0,0.0,0.0,29.157509157509157,31.965811965811966,988.7920532226562,34.0,0.0,35.0,0.0,1.0,0.0,1.0,0.0,1.0,1.0,0.0,0.0,0.0,0.0
2026-06-02 13:49:14,0.0,0.0,0.0,0.0,0.0,0.0,0.0,0.0,29.18192918192918,31.99023199023199,988.7920532226562,34.0,0.0,35.0,0.0,1.0,0.0,1.0,0.0,1.0,1.0,0.0,0.0,0.0,0.0
2026-06-02 13:49:15,0.0,0.0,0.0,0.0,0.0,0.0,0.0,0.0,29.145299145299145,31.965811965811966,988.7920532226562,34.0,0.0,35.0,0.0,1.0,0.0,1.0,0.0,1.0,1.0,0.0,0.0,0.0,0.0
2026-06-02 13:49:16,0.0,0.0,0.0,0.0,0.0,0.0,0.0,0.0,29.16971916971917,31.99023199023199,988.7920532226562,34.0,0.0,35.0,0.0,1.0,0.0,1.0,0.0,1.0,1.0,0.0,0.0,0.0,0.0
2026-06-02 13:49:18,0.0,0.0,0.0,0.0,0.0,0.0,0.0,0.0,29.194139194139193,32.014652014652015,988.7920532226562,34.0,0.0,35.0,0.0,1.0,0.0,1.0,0.0,1.0,1.0,0.0,0.0,0.0,0.0
2026-06-02 13:49:19,0.0,0.0,0.0,0.0,0.0,0.0,0.0,0.0,29.12087912087912,31.94139194139194,988.7920532226562,34.0,0.0,35.0,0.0,1.0,0.0,1.0,0.0,1.0,1.0,0.0,0.0,0.0,0.0
2026-06-02 13:49:20,0.0,0.0,0.0,0.0,0.0,0.0,0.0,0.0,29.218559218559218,32.02686202686203,988.7920532226562,34.0,0.0,35.0,0.0,1.0,0.0,1.0,0.0,1.0,1.0,0.0,0.0,0.0,0.0
2026-06-02 13:49:21,0.0,0.0,0.0,0.0,0.0,0.0,0.0,0.0,29.218559218559218,32.02686202686203,988.7920532226562,34.0,0.0,35.0,0.0,1.0,0.0,1.0,0.0,1.0,1.0,0.0,0.0,0.0,0.0
2026-06-02 13:49:23,0.0,0.0,0.0,0.0,0.0,0.0,0.0,0.0,29.157509157509157,31.965811965811966,988.7920532226562,34.0,0.0,35.0,0.0,1.0,0.0,1.0,0.0,1.0,1.0,0.0,0.0,0.0,0.0
2026-06-02 13:49:24,0.0,0.0,0.0,0.0,0.0,0.0,0.0,0.0,29.12087912087912,31.92918192918193,988.7920532226562,34.0,0.0,35.0,0.0,1.0,0.0,1.0,0.0,1.0,1.0,0.0,0.0,0.0,0.0
2026-06-02 13:49:25,0.0,0.0,0.0,0.0,0.0,0.0,0.0,0.0,29.133089133089133,31.953601953601954,988.7920532226562,34.0,0.0,35.0,0.0,1.0,0.0,1.0,0.0,1.0,1.0,0.0,0.0,0.0,0.0
2026-06-02 13:49:27,0.0,0.0,0.0,0.0,0.0,0.0,0.0,0.0,29.145299145299145,31.965811965811966,988.7920532226562,34.0,0.0,35.0,0.0,1.0,0.0,1.0,0.0,1.0,1.0,0.0,0.0,0.0,0.0
2026-06-02 13:49:28,0.0,0.0,0.0,0.0,0.0,0.0,0.0,0.0,29.133089133089133,31.953601953601954,988.7920532226562,34.0,0.0,35.0,0.0,1.0,0.0,1.0,0.0,1.0,1.0,0.0,0.0,0.0,0.0
2026-06-02 13:49:29,0.0,0.0,0.0,0.0,0.0,0.0,0.0,0.0,29.157509157509157,31.978021978021978,988.7920532226562,34.0,0.0,35.0,0.0,1.0,0.0,1.0,0.0,1.0,1.0,0.0,0.0,0.0,0.0
2026-06-02 13:49:30,0.0,0.0,0.0,0.0,0.0,0.0,0.0,0.0,29.157509157509157,31.978021978021978,988.7920532226562,34.0,0.0,35.0,0.0,1.0,0.0,1.0,0.0,1.0,1.0,0.0,0.0,0.0,0.0
2026-06-02 13:49:31,0.0,0.0,0.0,0.0,0.0,0.0,0.0,0.0,29.23076923076923,32.02686202686203,988.7920532226562,34.0,0.0,35.0,0.0,1.0,0.0,1.0,0.0,1.0,1.0,0.0,0.0,0.0,0.0
2026-06-02 13:49:32,0.0,0.0,0.0,0.0,0.0,0.0,0.0,0.0,29.23076923076923,32.02686202686203,988.7920532226562,34.0,0.0,35.0,0.0,1.0,0.0,1.0,0.0,1.0,1.0,0.0,0.0,0.0,0.0
2026-06-02 13:49:34,0.0,0.0,0.0,0.0,0.0,0.0,0.0,0.0,29.157509157509157,31.978021978021978,988.7920532226562,34.0,0.0,35.0,0.0,1.0,0.0,1.0,0.0,1.0,1.0,0.0,0.0,0.0,0.0
2026-06-02 13:49:35,0.0,0.0,0.0,0.0,0.0,0.0,0.0,0.0,29.145299145299145,31.953601953601954,988.7920532226562,34.0,0.0,35.0,0.0,1.0,0.0,1.0,0.0,1.0,1.0,0.0,0.0,0.0,0.0
2026-06-02 13:49:36,0.0,0.0,0.0,0.0,0.0,0.0,0.0,0.0,29.133089133089133,31.94139194139194,988.7920532226562,34.0,0.0,35.0,0.0,1.0,0.0,1.0,0.0,1.0,1.0,0.0,0.0,0.0,0.0
2026-06-02 13:49:37,0.0,0.0,0.0,0.0,0.0,0.0,0.0,0.0,29.16971916971917,31.99023199023199,988.7920532226562,34.0,0.0,35.0,0.0,1.0,0.0,1.0,0.0,1.0,1.0,0.0,0.0,0.0,0.0
2026-06-02 13:49:38,0.0,0.0,0.0,0.0,0.0,0.0,0.0,0.0,29.157509157509157,31.978021978021978,988.7920532226562,34.0,0.0,35.0,0.0,1.0,0.0,1.0,0.0,1.0,1.0,0.0,0.0,0.0,0.0
2026-06-02 13:49:40,0.0,0.0,0.0,0.0,0.0,0.0,0.0,0.0,29.218559218559218,32.03907203907204,988.7920532226562,34.0,0.0,35.0,0.0,1.0,0.0,1.0,0.0,1.0,1.0,0.0,0.0,0.0,0.0
2026-06-02 13:49:41,0.0,0.0,0.0,0.0,0.0,0.0,0.0,0.0,29.145299145299145,31.92918192918193,988.7920532226562,34.0,0.0,35.0,0.0,1.0,0.0,1.0,0.0,1.0,1.0,0.0,0.0,0.0,0.0
2026-06-02 13:49:42,0.0,0.0,0.0,0.0,0.0,0.0,0.0,0.0,29.133089133089133,31.92918192918193,988.7920532226562,34.0,0.0,35.0,0.0,1.0,0.0,1.0,0.0,1.0,1.0,0.0,0.0,0.0,0.0
2026-06-02 13:49:44,0.0,0.0,0.0,0.0,0.0,0.0,0.0,0.0,29.218559218559218,32.02686202686203,988.7920532226562,34.0,0.0,35.0,0.0,1.0,0.0,1.0,0.0,1.0,1.0,0.0,0.0,0.0,0.0
2026-06-02 13:49:45,0.0,0.0,0.0,0.0,0.0,0.0,0.0,0.0,29.133089133089133,31.94139194139194,988.7920532226562,34.0,0.0,35.0,0.0,1.0,0.0,1.0,0.0,1.0,1.0,0.0,0.0,0.0,0.0
2026-06-02 13:49:47,0.0,0.0,0.0,0.0,0.0,0.0,0.0,0.0,29.218559218559218,32.03907203907204,988.7920532226562,34.0,0.0,35.0,0.0,1.0,0.0,1.0,0.0,1.0,1.0,0.0,0.0,0.0,0.0
2026-06-02 13:49:48,0.0,0.0,0.0,0.0,0.0,0.0,0.0,0.0,29.206349206349206,32.03907203907204,988.7920532226562,34.0,0.0,35.0,0.0,1.0,0.0,1.0,0.0,1.0,1.0,0.0,0.0,0.0,0.0
2026-06-02 13:49:49,0.0,0.0,0.0,0.0,0.0,0.0,0.0,0.0,29.145299145299145,31.965811965811966,988.7920532226562,34.0,0.0,35.0,0.0,1.0,0.0,1.0,0.0,1.0,1.0,0.0,0.0,0.0,0.0
2026-06-02 13:49:50,0.0,0.0,0.0,0.0,0.0,0.0,0.0,0.0,29.157509157509157,31.978021978021978,988.7920532226562,34.0,0.0,35.0,0.0,1.0,0.0,1.0,0.0,1.0,1.0,0.0,0.0,0.0,0.0
2026-06-02 13:49:52,0.0,0.0,0.0,0.0,0.0,0.0,0.0,0.0,29.194139194139193,32.014652014652015,988.7920532226562,34.0,0.0,35.0,0.0,1.0,0.0,1.0,0.0,1.0,1.0,0.0,0.0,0.0,0.0
2026-06-02 13:49:53,0.0,0.0,0.0,0.0,0.0,0.0,0.0,0.0,29.16971916971917,31.978021978021978,988.7920532226562,34.0,0.0,35.0,0.0,1.0,0.0,1.0,0.0,1.0,1.0,0.0,0.0,0.0,0.0
2026-06-02 13:49:54,0.0,0.0,0.0,0.0,0.0,0.0,0.0,0.0,29.194139194139193,32.002442002442,988.7920532226562,34.0,0.0,35.0,0.0,1.0,0.0,1.0,0.0,1.0,1.0,0.0,0.0,0.0,0.0
2026-06-02 13:49:56,0.0,0.0,0.0,0.0,0.0,0.0,0.0,0.0,29.10866910866911,31.92918192918193,988.7920532226562,34.0,0.0,35.0,0.0,1.0,0.0,1.0,0.0,1.0,1.0,0.0,0.0,0.0,0.0
2026-06-02 13:49:57,0.0,0.0,0.0,0.0,0.0,0.0,0.0,0.0,29.218559218559218,32.02686202686203,988.7920532226562,34.0,0.0,35.0,0.0,1.0,0.0,1.0,0.0,1.0,1.0,0.0,0.0,0.0,0.0
2026-06-02 13:49:58,0.0,0.0,0.0,0.0,0.0,0.0,0.0,0.0,29.206349206349206,32.02686202686203,988.7920532226562,34.0,0.0,35.0,0.0,1.0,0.0,1.0,0.0,1.0,1.0,0.0,0.0,0.0,0.0
2026-06-02 13:50:00,0.0,0.0,0.0,0.0,0.0,0.0,0.0,0.0,29.145299145299145,31.965811965811966,988.7920532226562,34.0,0.0,35.0,0.0,1.0,0.0,1.0,0.0,1.0,1.0,0.0,0.0,0.0,0.0
2026-06-02 13:50:01,0.0,0.0,0.0,0.0,0.0,0.0,0.0,0.0,29.18192918192918,31.978021978021978,988.7920532226562,34.0,0.0,35.0,0.0,1.0,0.0,1.0,0.0,1.0,1.0,0.0,0.0,0.0,0.0
2026-06-02 13:50:02,0.0,0.0,0.0,0.0,0.0,0.0,0.0,0.0,29.12087912087912,31.92918192918193,988.7920532226562,34.0,0.0,35.0,0.0,1.0,0.0,1.0,0.0,1.0,1.0,0.0,0.0,0.0,0.0
2026-06-02 13:50:03,0.0,0.0,0.0,0.0,0.0,0.0,0.0,0.0,29.133089133089133,31.94139194139194,988.7920532226562,34.0,0.0,35.0,0.0,1.0,0.0,1.0,0.0,1.0,1.0,0.0,0.0,0.0,0.0
2026-06-02 13:50:04,0.0,0.0,0.0,0.0,0.0,0.0,0.0,0.0,29.16971916971917,31.978021978021978,988.7920532226562,34.0,0.0,35.0,0.0,1.0,0.0,1.0,0.0,1.0,1.0,0.0,0.0,0.0,0.0
2026-06-02 13:50:06,0.0,0.0,0.0,0.0,0.0,0.0,0.0,0.0,29.18192918192918,31.99023199023199,988.7920532226562,34.0,0.0,35.0,0.0,1.0,0.0,1.0,0.0,1.0,1.0,0.0,0.0,0.0,0.0
2026-06-02 13:50:07,0.0,0.0,0.0,0.0,0.0,0.0,0.0,0.0,29.194139194139193,32.014652014652015,988.7920532226562,34.0,0.0,35.0,0.0,1.0,0.0,1.0,0.0,1.0,1.0,0.0,0.0,0.0,0.0
2026-06-02 13:50:08,0.0,0.0,0.0,0.0,0.0,0.0,0.0,0.0,29.133089133089133,31.953601953601954,988.7920532226562,34.0,0.0,35.0,0.0,1.0,0.0,1.0,0.0,1.0,1.0,0.0,0.0,0.0,0.0
2026-06-02 13:50:10,0.0,0.0,0.0,0.0,0.0,0.0,0.0,0.0,29.133089133089133,31.953601953601954,988.7920532226562,34.0,0.0,35.0,0.0,1.0,0.0,1.0,0.0,1.0,1.0,0.0,0.0,0.0,0.0
2026-06-02 13:50:11,0.0,0.0,0.0,0.0,0.0,0.0,0.0,0.0,29.133089133089133,31.953601953601954,988.7920532226562,34.0,0.0,35.0,0.0,1.0,0.0,1.0,0.0,1.0,1.0,0.0,0.0,0.0,0.0
2026-06-02 13:50:12,0.0,0.0,0.0,0.0,0.0,0.0,0.0,0.0,29.218559218559218,32.014652014652015,988.7920532226562,34.0,0.0,35.0,0.0,1.0,0.0,1.0,0.0,1.0,1.0,0.0,0.0,0.0,0.0
2026-06-02 13:50:14,0.0,0.0,0.0,0.0,0.0,0.0,0.0,0.0,29.157509157509157,31.965811965811966,988.7920532226562,34.0,0.0,35.0,0.0,1.0,0.0,1.0,0.0,1.0,1.0,0.0,0.0,0.0,0.0
2026-06-02 13:50:15,0.0,0.0,0.0,0.0,0.0,0.0,0.0,0.0,29.16971916971917,31.978021978021978,988.7920532226562,34.0,0.0,35.0,0.0,1.0,0.0,1.0,0.0,1.0,1.0,0.0,0.0,0.0,0.0
2026-06-02 13:50:16,0.0,0.0,0.0,0.0,0.0,0.0,0.0,0.0,29.133089133089133,31.94139194139194,988.7920532226562,34.0,0.0,35.0,0.0,1.0,0.0,1.0,0.0,1.0,1.0,0.0,0.0,0.0,0.0
2026-06-02 13:50:18,0.0,0.0,0.0,0.0,0.0,0.0,0.0,0.0,29.133089133089133,31.953601953601954,988.7920532226562,34.0,0.0,35.0,0.0,1.0,0.0,1.0,0.0,1.0,1.0,0.0,0.0,0.0,0.0
2026-06-02 13:50:19,0.0,0.0,0.0,0.0,0.0,0.0,0.0,0.0,29.10866910866911,31.94139194139194,988.7920532226562,34.0,0.0,35.0,0.0,1.0,0.0,1.0,0.0,1.0,1.0,0.0,0.0,0.0,0.0
2026-06-02 13:50:21,0.0,0.0,0.0,0.0,0.0,0.0,0.0,0.0,29.206349206349206,32.02686202686203,988.7920532226562,34.0,0.0,35.0,0.0,1.0,0.0,1.0,0.0,1.0,1.0,0.0,0.0,0.0,0.0
2026-06-02 13:50:22,0.0,0.0,0.0,0.0,0.0,0.0,0.0,0.0,29.18192918192918,31.99023199023199,988.7920532226562,34.0,0.0,35.0,0.0,1.0,0.0,1.0,0.0,1.0,1.0,0.0,0.0,0.0,0.0
2026-06-02 13:50:23,0.0,0.0,0.0,0.0,0.0,0.0,0.0,0.0,29.18192918192918,31.99023199023199,988.7920532226562,34.0,0.0,35.0,0.0,1.0,0.0,1.0,0.0,1.0,1.0,0.0,0.0,0.0,0.0
2026-06-02 13:50:25,0.0,0.0,0.0,0.0,0.0,0.0,0.0,0.0,29.18192918192918,31.99023199023199,988.7920532226562,34.0,0.0,35.0,0.0,1.0,0.0,1.0,0.0,1.0,1.0,0.0,0.0,0.0,0.0
2026-06-02 13:50:26,0.0,0.0,0.0,0.0,0.0,0.0,0.0,0.0,29.18192918192918,32.002442002442,988.7920532226562,34.0,0.0,35.0,0.0,1.0,0.0,1.0,0.0,1.0,1.0,0.0,0.0,0.0,0.0
2026-06-02 13:50:27,0.0,0.0,0.0,0.0,0.0,0.0,0.0,0.0,29.16971916971917,32.002442002442,988.7920532226562,34.0,0.0,35.0,0.0,1.0,0.0,1.0,0.0,1.0,1.0,0.0,0.0,0.0,0.0
2026-06-02 13:50:28,0.0,0.0,0.0,0.0,0.0,0.0,0.0,0.0,29.16971916971917,31.978021978021978,988.7920532226562,34.0,0.0,35.0,0.0,1.0,0.0,1.0,0.0,1.0,1.0,0.0,0.0,0.0,0.0
2026-06-02 13:50:29,0.0,0.0,0.0,0.0,0.0,0.0,0.0,0.0,29.157509157509157,31.99023199023199,988.7920532226562,34.0,0.0,35.0,0.0,1.0,0.0,1.0,0.0,1.0,1.0,0.0,0.0,0.0,0.0
2026-06-02 13:50:31,0.0,0.0,0.0,0.0,0.0,0.0,0.0,0.0,29.194139194139193,32.002442002442,988.7920532226562,34.0,0.0,35.0,0.0,1.0,0.0,1.0,0.0,1.0,1.0,0.0,0.0,0.0,0.0
2026-06-02 13:50:32,0.0,0.0,0.0,0.0,0.0,0.0,0.0,0.0,29.206349206349206,32.02686202686203,988.7920532226562,34.0,0.0,35.0,0.0,1.0,0.0,1.0,0.0,1.0,1.0,0.0,0.0,0.0,0.0
2026-06-02 13:50:34,0.0,0.0,0.0,0.0,0.0,0.0,0.0,0.0,29.218559218559218,32.02686202686203,988.7920532226562,34.0,0.0,35.0,0.0,1.0,0.0,1.0,0.0,1.0,1.0,0.0,0.0,0.0,0.0
2026-06-02 13:50:35,0.0,0.0,0.0,0.0,0.0,0.0,0.0,0.0,29.206349206349206,32.002442002442,988.7920532226562,34.0,0.0,35.0,0.0,1.0,0.0,1.0,0.0,1.0,1.0,0.0,0.0,0.0,0.0
2026-06-02 13:50:36,0.0,0.0,0.0,0.0,0.0,0.0,0.0,0.0,29.218559218559218,32.02686202686203,988.7920532226562,34.0,0.0,35.0,0.0,1.0,0.0,1.0,0.0,1.0,1.0,0.0,0.0,0.0,0.0
2026-06-02 13:50:37,0.0,0.0,0.0,0.0,0.0,0.0,0.0,0.0,29.206349206349206,32.02686202686203,988.7920532226562,34.0,0.0,35.0,0.0,1.0,0.0,1.0,0.0,1.0,1.0,0.0,0.0,0.0,0.0
2026-06-02 13:50:38,0.0,0.0,0.0,0.0,0.0,0.0,0.0,0.0,29.206349206349206,32.02686202686203,988.7920532226562,34.0,0.0,35.0,0.0,1.0,0.0,1.0,0.0,1.0,1.0,0.0,0.0,0.0,0.0
2026-06-02 13:50:40,0.0,0.0,0.0,0.0,0.0,0.0,0.0,0.0,29.206349206349206,32.02686202686203,988.7920532226562,34.0,0.0,35.0,0.0,1.0,0.0,1.0,0.0,1.0,1.0,0.0,0.0,0.0,0.0
2026-06-02 13:50:41,0.0,0.0,0.0,0.0,0.0,0.0,0.0,0.0,29.206349206349206,32.03907203907204,988.7920532226562,34.0,0.0,35.0,0.0,1.0,0.0,1.0,0.0,1.0,1.0,0.0,0.0,0.0,0.0
2026-06-02 13:50:42,0.0,0.0,0.0,0.0,0.0,0.0,0.0,0.0,29.218559218559218,32.014652014652015,988.7920532226562,34.0,0.0,35.0,0.0,1.0,0.0,1.0,0.0,1.0,1.0,0.0,0.0,0.0,0.0
2026-06-02 13:50:43,0.0,0.0,0.0,0.0,0.0,0.0,0.0,0.0,29.206349206349206,32.03907203907204,988.7920532226562,34.0,0.0,35.0,0.0,1.0,0.0,1.0,0.0,1.0,1.0,0.0,0.0,0.0,0.0
2026-06-02 13:50:45,0.0,0.0,0.0,0.0,0.0,0.0,0.0,0.0,29.194139194139193,32.02686202686203,988.7920532226562,34.0,0.0,35.0,0.0,1.0,0.0,1.0,0.0,1.0,1.0,0.0,0.0,0.0,0.0
2026-06-02 13:50:46,0.0,0.0,0.0,0.0,0.0,0.0,0.0,0.0,29.18192918192918,32.02686202686203,988.7920532226562,34.0,0.0,35.0,0.0,1.0,0.0,1.0,0.0,1.0,1.0,0.0,0.0,0.0,0.0
2026-06-02 13:50:47,0.0,0.0,0.0,0.0,0.0,0.0,0.0,0.0,29.16971916971917,31.99023199023199,988.7920532226562,34.0,0.0,35.0,0.0,1.0,0.0,1.0,0.0,1.0,1.0,0.0,0.0,0.0,0.0
2026-06-02 13:50:49,0.0,0.0,0.0,0.0,0.0,0.0,0.0,0.0,29.18192918192918,32.002442002442,988.7920532226562,34.0,0.0,35.0,0.0,1.0,0.0,1.0,0.0,1.0,1.0,0.0,0.0,0.0,0.0
2026-06-02 13:50:50,0.0,0.0,0.0,0.0,0.0,0.0,0.0,0.0,29.157509157509157,31.99023199023199,988.7920532226562,34.0,0.0,35.0,0.0,1.0,0.0,1.0,0.0,1.0,1.0,0.0,0.0,0.0,0.0
2026-06-02 13:50:51,0.0,0.0,0.0,0.0,0.0,0.0,0.0,0.0,29.133089133089133,31.965811965811966,988.7920532226562,34.0,0.0,35.0,0.0,1.0,0.0,1.0,0.0,1.0,1.0,0.0,0.0,0.0,0.0
2026-06-02 13:50:52,0.0,0.0,0.0,0.0,0.0,0.0,0.0,0.0,29.133089133089133,31.965811965811966,988.7920532226562,34.0,0.0,35.0,0.0,1.0,0.0,1.0,0.0,1.0,1.0,0.0,0.0,0.0,0.0
2026-06-02 13:50:53,0.0,0.0,0.0,0.0,0.0,0.0,0.0,0.0,29.12087912087912,31.94139194139194,988.7920532226562,34.0,0.0,35.0,0.0,1.0,0.0,1.0,0.0,1.0,1.0,0.0,0.0,0.0,0.0
2026-06-02 13:50:55,0.0,0.0,0.0,0.0,0.0,0.0,0.0,0.0,29.133089133089133,31.94139194139194,988.7920532226562,34.0,0.0,35.0,0.0,1.0,0.0,1.0,0.0,1.0,1.0,0.0,0.0,0.0,0.0
2026-06-02 13:50:56,0.0,0.0,0.0,0.0,0.0,0.0,0.0,0.0,29.133089133089133,31.953601953601954,988.7920532226562,34.0,0.0,35.0,0.0,1.0,0.0,1.0,0.0,1.0,1.0,0.0,0.0,0.0,0.0
2026-06-02 13:50:57,0.0,0.0,0.0,0.0,0.0,0.0,0.0,0.0,29.18192918192918,32.014652014652015,988.7920532226562,34.0,0.0,35.0,0.0,1.0,0.0,1.0,0.0,1.0,1.0,0.0,0.0,0.0,0.0
2026-06-02 13:50:59,0.0,0.0,0.0,0.0,0.0,0.0,0.0,0.0,29.206349206349206,32.014652014652015,988.7920532226562,34.0,0.0,35.0,0.0,1.0,0.0,1.0,0.0,1.0,1.0,0.0,0.0,0.0,0.0
2026-06-02 13:51:00,0.0,0.0,0.0,0.0,0.0,0.0,0.0,0.0,29.194139194139193,32.014652014652015,988.7920532226562,34.0,0.0,35.0,0.0,1.0,0.0,1.0,0.0,1.0,1.0,0.0,0.0,0.0,0.0
2026-06-02 13:51:01,0.0,0.0,0.0,0.0,0.0,0.0,0.0,0.0,29.157509157509157,31.99023199023199,988.7920532226562,34.0,0.0,35.0,0.0,1.0,0.0,1.0,0.0,1.0,1.0,0.0,0.0,0.0,0.0
2026-06-02 13:51:03,0.0,0.0,0.0,0.0,0.0,0.0,0.0,0.0,29.145299145299145,31.99023199023199,988.7920532226562,34.0,0.0,35.0,0.0,1.0,0.0,1.0,0.0,1.0,1.0,0.0,0.0,0.0,0.0
2026-06-02 13:51:04,0.0,0.0,0.0,0.0,0.0,0.0,0.0,0.0,29.145299145299145,31.953601953601954,988.7920532226562,34.0,0.0,35.0,0.0,1.0,0.0,1.0,0.0,1.0,1.0,0.0,0.0,0.0,0.0
2026-06-02 13:51:05,0.0,0.0,0.0,0.0,0.0,0.0,0.0,0.0,29.12087912087912,31.953601953601954,988.7920532226562,34.0,0.0,35.0,0.0,1.0,0.0,1.0,0.0,1.0,1.0,0.0,0.0,0.0,0.0
2026-06-02 13:51:06,0.0,0.0,0.0,0.0,0.0,0.0,0.0,0.0,29.133089133089133,31.953601953601954,988.7920532226562,34.0,0.0,35.0,0.0,1.0,0.0,1.0,0.0,1.0,1.0,0.0,0.0,0.0,0.0
2026-06-02 13:51:07,0.0,0.0,0.0,0.0,0.0,0.0,0.0,0.0,29.12087912087912,31.953601953601954,988.7920532226562,34.0,0.0,35.0,0.0,1.0,0.0,1.0,0.0,1.0,1.0,0.0,0.0,0.0,0.0
2026-06-02 13:51:08,0.0,0.0,0.0,0.0,0.0,0.0,0.0,0.0,29.10866910866911,31.94139194139194,988.7920532226562,34.0,0.0,35.0,0.0,1.0,0.0,1.0,0.0,1.0,1.0,0.0,0.0,0.0,0.0
2026-06-02 13:51:10,0.0,0.0,0.0,0.0,0.0,0.0,0.0,0.0,29.157509157509157,31.94139194139194,988.7920532226562,34.0,0.0,35.0,0.0,1.0,0.0,1.0,0.0,1.0,1.0,0.0,0.0,0.0,0.0
2026-06-02 13:51:11,0.0,0.0,0.0,0.0,0.0,0.0,0.0,0.0,29.206349206349206,32.02686202686203,988.7920532226562,34.0,0.0,35.0,0.0,1.0,0.0,1.0,0.0,1.0,1.0,0.0,0.0,0.0,0.0
2026-06-02 13:51:12,0.0,0.0,0.0,0.0,0.0,0.0,0.0,0.0,29.18192918192918,32.02686202686203,988.7920532226562,34.0,0.0,35.0,0.0,1.0,0.0,1.0,0.0,1.0,1.0,0.0,0.0,0.0,0.0
2026-06-02 13:51:14,0.0,0.0,0.0,0.0,0.0,0.0,0.0,0.0,29.157509157509157,31.99023199023199,988.7920532226562,34.0,0.0,35.0,0.0,1.0,0.0,1.0,0.0,1.0,1.0,0.0,0.0,0.0,0.0
2026-06-02 13:51:15,0.0,0.0,0.0,0.0,0.0,0.0,0.0,0.0,29.157509157509157,31.99023199023199,988.7920532226562,34.0,0.0,35.0,0.0,1.0,0.0,1.0,0.0,1.0,1.0,0.0,0.0,0.0,0.0
2026-06-02 13:51:16,0.0,0.0,0.0,0.0,0.0,0.0,0.0,0.0,29.12087912087912,31.94139194139194,988.7920532226562,34.0,0.0,35.0,0.0,1.0,0.0,1.0,0.0,1.0,1.0,0.0,0.0,0.0,0.0
2026-06-02 13:51:18,0.0,0.0,0.0,0.0,0.0,0.0,0.0,0.0,29.133089133089133,31.953601953601954,988.7920532226562,34.0,0.0,35.0,0.0,1.0,0.0,1.0,0.0,1.0,1.0,0.0,0.0,0.0,0.0
2026-06-02 13:51:19,0.0,0.0,0.0,0.0,0.0,0.0,0.0,0.0,29.145299145299145,31.965811965811966,988.7920532226562,34.0,0.0,35.0,0.0,1.0,0.0,1.0,0.0,1.0,1.0,0.0,0.0,0.0,0.0
2026-06-02 13:51:20,0.0,0.0,0.0,0.0,0.0,0.0,0.0,0.0,29.194139194139193,32.03907203907204,988.7920532226562,34.0,0.0,35.0,0.0,1.0,0.0,1.0,0.0,1.0,1.0,0.0,0.0,0.0,0.0
2026-06-02 13:51:22,0.0,0.0,0.0,0.0,0.0,0.0,0.0,0.0,29.145299145299145,31.978021978021978,988.7920532226562,34.0,0.0,35.0,0.0,1.0,0.0,1.0,0.0,1.0,1.0,0.0,0.0,0.0,0.0
2026-06-02 13:51:23,0.0,0.0,0.0,0.0,0.0,0.0,0.0,0.0,29.133089133089133,31.94139194139194,988.7920532226562,34.0,0.0,35.0,0.0,1.0,0.0,1.0,0.0,1.0,1.0,0.0,0.0,0.0,0.0
2026-06-02 13:51:24,0.0,0.0,0.0,0.0,0.0,0.0,0.0,0.0,29.10866910866911,31.94139194139194,988.7920532226562,34.0,0.0,35.0,0.0,1.0,0.0,1.0,0.0,1.0,1.0,0.0,0.0,0.0,0.0
2026-06-02 13:51:25,0.0,0.0,0.0,0.0,0.0,0.0,0.0,0.0,29.133089133089133,31.953601953601954,988.7920532226562,34.0,0.0,35.0,0.0,1.0,0.0,1.0,0.0,1.0,1.0,0.0,0.0,0.0,0.0
2026-06-02 13:51:27,0.0,0.0,0.0,0.0,0.0,0.0,0.0,0.0,29.145299145299145,31.965811965811966,988.7920532226562,34.0,0.0,35.0,0.0,1.0,0.0,1.0,0.0,1.0,1.0,0.0,0.0,0.0,0.0
2026-06-02 13:51:28,0.0,0.0,0.0,0.0,0.0,0.0,0.0,0.0,29.206349206349206,32.02686202686203,988.7920532226562,34.0,0.0,35.0,0.0,1.0,0.0,1.0,0.0,1.0,1.0,0.0,0.0,0.0,0.0
2026-06-02 13:51:29,0.0,0.0,0.0,0.0,0.0,0.0,0.0,0.0,29.157509157509157,31.99023199023199,988.7920532226562,34.0,0.0,35.0,0.0,1.0,0.0,1.0,0.0,1.0,1.0,0.0,0.0,0.0,0.0
2026-06-02 13:51:30,0.0,0.0,0.0,0.0,0.0,0.0,0.0,0.0,29.12087912087912,31.965811965811966,988.7920532226562,34.0,0.0,35.0,0.0,1.0,0.0,1.0,0.0,1.0,1.0,0.0,0.0,0.0,0.0
2026-06-02 13:51:32,0.0,0.0,0.0,0.0,0.0,0.0,0.0,0.0,29.10866910866911,31.94139194139194,988.7920532226562,34.0,0.0,35.0,0.0,1.0,0.0,1.0,0.0,1.0,1.0,0.0,0.0,0.0,0.0
2026-06-02 13:51:33,0.0,0.0,0.0,0.0,0.0,0.0,0.0,0.0,29.096459096459096,31.92918192918193,988.7920532226562,34.0,0.0,35.0,0.0,1.0,0.0,1.0,0.0,1.0,1.0,0.0,0.0,0.0,0.0
2026-06-02 13:51:34,0.0,0.0,0.0,0.0,0.0,0.0,0.0,0.0,29.206349206349206,32.014652014652015,988.7920532226562,34.0,0.0,35.0,0.0,1.0,0.0,1.0,0.0,1.0,1.0,0.0,0.0,0.0,0.0
2026-06-02 13:51:35,0.0,0.0,0.0,0.0,0.0,0.0,0.0,0.0,29.206349206349206,32.02686202686203,988.7920532226562,34.0,0.0,35.0,0.0,1.0,0.0,1.0,0.0,1.0,1.0,0.0,0.0,0.0,0.0
2026-06-02 13:51:36,0.0,0.0,0.0,0.0,0.0,0.0,0.0,0.0,29.145299145299145,31.953601953601954,988.7920532226562,34.0,0.0,35.0,0.0,1.0,0.0,1.0,0.0,1.0,1.0,0.0,0.0,0.0,0.0
2026-06-02 13:51:38,0.0,0.0,0.0,0.0,0.0,0.0,0.0,0.0,29.12087912087912,31.94139194139194,988.7920532226562,34.0,0.0,35.0,0.0,1.0,0.0,1.0,0.0,1.0,1.0,0.0,0.0,0.0,0.0
2026-06-02 13:51:39,0.0,0.0,0.0,0.0,0.0,0.0,0.0,0.0,29.133089133089133,31.94139194139194,988.7920532226562,34.0,0.0,35.0,0.0,1.0,0.0,1.0,0.0,1.0,1.0,0.0,0.0,0.0,0.0
2026-06-02 13:51:41,0.0,0.0,0.0,0.0,0.0,0.0,0.0,0.0,29.18192918192918,32.014652014652015,988.7920532226562,34.0,0.0,35.0,0.0,1.0,0.0,1.0,0.0,1.0,1.0,0.0,0.0,0.0,0.0
2026-06-02 13:51:42,0.0,0.0,0.0,0.0,0.0,0.0,0.0,0.0,29.18192918192918,32.002442002442,988.7920532226562,34.0,0.0,35.0,0.0,1.0,0.0,1.0,0.0,1.0,1.0,0.0,0.0,0.0,0.0
2026-06-02 13:51:43,0.0,0.0,0.0,0.0,0.0,0.0,0.0,0.0,29.194139194139193,32.002442002442,988.7920532226562,34.0,0.0,35.0,0.0,1.0,0.0,1.0,0.0,1.0,1.0,0.0,0.0,0.0,0.0
2026-06-02 13:51:44,0.0,0.0,0.0,0.0,0.0,0.0,0.0,0.0,29.18192918192918,32.002442002442,988.7920532226562,34.0,0.0,35.0,0.0,1.0,0.0,1.0,0.0,1.0,1.0,0.0,0.0,0.0,0.0
2026-06-02 13:51:45,0.0,0.0,0.0,0.0,0.0,0.0,0.0,0.0,29.16971916971917,31.978021978021978,988.7920532226562,34.0,0.0,35.0,0.0,1.0,0.0,1.0,0.0,1.0,1.0,0.0,0.0,0.0,0.0
2026-06-02 13:51:46,0.0,0.0,0.0,0.0,0.0,0.0,0.0,0.0,29.194139194139193,32.002442002442,988.7920532226562,34.0,0.0,35.0,0.0,1.0,0.0,1.0,0.0,1.0,1.0,0.0,0.0,0.0,0.0
2026-06-02 13:51:48,0.0,0.0,0.0,0.0,0.0,0.0,0.0,0.0,29.194139194139193,32.014652014652015,988.7920532226562,34.0,0.0,35.0,0.0,1.0,0.0,1.0,0.0,1.0,1.0,0.0,0.0,0.0,0.0
2026-06-02 13:51:49,0.0,0.0,0.0,0.0,0.0,0.0,0.0,0.0,29.206349206349206,32.03907203907204,988.7920532226562,34.0,0.0,35.0,0.0,1.0,0.0,1.0,0.0,1.0,1.0,0.0,0.0,0.0,0.0
2026-06-02 13:51:50,0.0,0.0,0.0,0.0,0.0,0.0,0.0,0.0,29.206349206349206,32.05128205128205,988.7920532226562,34.0,0.0,35.0,0.0,1.0,0.0,1.0,0.0,1.0,1.0,0.0,0.0,0.0,0.0
2026-06-02 13:51:51,0.0,0.0,0.0,0.0,0.0,0.0,0.0,0.0,29.206349206349206,32.02686202686203,988.7920532226562,34.0,0.0,35.0,0.0,1.0,0.0,1.0,0.0,1.0,1.0,0.0,0.0,0.0,0.0
2026-06-02 13:51:52,0.0,0.0,0.0,0.0,0.0,0.0,0.0,0.0,29.194139194139193,31.99023199023199,988.7920532226562,34.0,0.0,35.0,0.0,1.0,0.0,1.0,0.0,1.0,1.0,0.0,0.0,0.0,0.0
2026-06-02 13:51:54,0.0,0.0,0.0,0.0,0.0,0.0,0.0,0.0,29.206349206349206,32.02686202686203,988.7920532226562,34.0,0.0,35.0,0.0,1.0,0.0,1.0,0.0,1.0,1.0,0.0,0.0,0.0,0.0
2026-06-02 13:51:55,0.0,0.0,0.0,0.0,0.0,0.0,0.0,0.0,29.194139194139193,32.014652014652015,988.7920532226562,34.0,0.0,35.0,0.0,1.0,0.0,1.0,0.0,1.0,1.0,0.0,0.0,0.0,0.0
2026-06-02 13:51:56,0.0,0.0,0.0,0.0,0.0,0.0,0.0,0.0,29.194139194139193,32.014652014652015,988.7920532226562,34.0,0.0,35.0,0.0,1.0,0.0,1.0,0.0,1.0,1.0,0.0,0.0,0.0,0.0
2026-06-02 13:51:57,0.0,0.0,0.0,0.0,0.0,0.0,0.0,0.0,29.206349206349206,32.02686202686203,988.7920532226562,34.0,0.0,35.0,0.0,1.0,0.0,1.0,0.0,1.0,1.0,0.0,0.0,0.0,0.0
2026-06-02 13:51:58,0.0,0.0,0.0,0.0,0.0,0.0,0.0,0.0,29.18192918192918,31.99023199023199,988.7920532226562,34.0,0.0,35.0,0.0,1.0,0.0,1.0,0.0,1.0,1.0,0.0,0.0,0.0,0.0
2026-06-02 13:51:59,0.0,0.0,0.0,0.0,0.0,0.0,0.0,0.0,29.206349206349206,32.014652014652015,988.7920532226562,34.0,0.0,35.0,0.0,1.0,0.0,1.0,0.0,1.0,1.0,0.0,0.0,0.0,0.0
2026-06-02 13:52:00,0.0,0.0,0.0,0.0,0.0,0.0,0.0,0.0,29.18192918192918,32.002442002442,988.7920532226562,34.0,0.0,35.0,0.0,1.0,0.0,1.0,0.0,1.0,1.0,0.0,0.0,0.0,0.0
2026-06-02 13:52:02,0.0,0.0,0.0,0.0,0.0,0.0,0.0,0.0,29.218559218559218,32.014652014652015,988.7920532226562,34.0,0.0,35.0,0.0,1.0,0.0,1.0,0.0,1.0,1.0,0.0,0.0,0.0,0.0
2026-06-02 13:52:03,0.0,0.0,0.0,0.0,0.0,0.0,0.0,0.0,29.194139194139193,32.014652014652015,988.7920532226562,34.0,0.0,35.0,0.0,1.0,0.0,1.0,0.0,1.0,1.0,0.0,0.0,0.0,0.0
2026-06-02 13:52:04,0.0,0.0,0.0,0.0,0.0,0.0,0.0,0.0,29.18192918192918,31.99023199023199,988.7920532226562,34.0,0.0,35.0,0.0,1.0,0.0,1.0,0.0,1.0,1.0,0.0,0.0,0.0,0.0
2026-06-02 13:52:06,0.0,0.0,0.0,0.0,0.0,0.0,0.0,0.0,29.206349206349206,32.002442002442,988.7920532226562,34.0,0.0,35.0,0.0,1.0,0.0,1.0,0.0,1.0,1.0,0.0,0.0,0.0,0.0
2026-06-02 13:52:07,0.0,0.0,0.0,0.0,0.0,0.0,0.0,0.0,29.16971916971917,31.99023199023199,988.7920532226562,34.0,0.0,35.0,0.0,1.0,0.0,1.0,0.0,1.0,1.0,0.0,0.0,0.0,0.0
2026-06-02 13:52:08,0.0,0.0,0.0,0.0,0.0,0.0,0.0,0.0,29.18192918192918,31.99023199023199,988.7920532226562,34.0,0.0,35.0,0.0,1.0,0.0,1.0,0.0,1.0,1.0,0.0,0.0,0.0,0.0
2026-06-02 13:52:09,0.0,0.0,0.0,0.0,0.0,0.0,0.0,0.0,29.18192918192918,32.002442002442,988.7920532226562,34.0,0.0,35.0,0.0,1.0,0.0,1.0,0.0,1.0,1.0,0.0,0.0,0.0,0.0
2026-06-02 13:52:10,0.0,0.0,0.0,0.0,0.0,0.0,0.0,0.0,29.157509157509157,31.965811965811966,988.7920532226562,34.0,0.0,35.0,0.0,1.0,0.0,1.0,0.0,1.0,1.0,0.0,0.0,0.0,0.0
2026-06-02 13:52:11,0.0,0.0,0.0,0.0,0.0,0.0,0.0,0.0,29.194139194139193,31.978021978021978,988.7920532226562,34.0,0.0,35.0,0.0,1.0,0.0,1.0,0.0,1.0,1.0,0.0,0.0,0.0,0.0
2026-06-02 13:52:12,0.0,0.0,0.0,0.0,0.0,0.0,0.0,0.0,29.12087912087912,31.953601953601954,988.7920532226562,34.0,0.0,35.0,0.0,1.0,0.0,1.0,0.0,1.0,1.0,0.0,0.0,0.0,0.0
2026-06-02 13:52:13,0.0,0.0,0.0,0.0,0.0,0.0,0.0,0.0,29.157509157509157,31.965811965811966,988.7920532226562,34.0,0.0,35.0,0.0,1.0,0.0,1.0,0.0,1.0,1.0,0.0,0.0,0.0,0.0
2026-06-02 13:52:15,0.0,0.0,0.0,0.0,0.0,0.0,0.0,0.0,29.12087912087912,31.94139194139194,988.7920532226562,34.0,0.0,35.0,0.0,1.0,0.0,1.0,0.0,1.0,1.0,0.0,0.0,0.0,0.0
2026-06-02 13:52:16,0.0,0.0,0.0,0.0,0.0,0.0,0.0,0.0,29.12087912087912,31.916971916971917,988.7920532226562,34.0,0.0,35.0,0.0,1.0,0.0,1.0,0.0,1.0,1.0,0.0,0.0,0.0,0.0
2026-06-02 13:52:17,0.0,0.0,0.0,0.0,0.0,0.0,0.0,0.0,29.16971916971917,31.965811965811966,988.7920532226562,34.0,0.0,35.0,0.0,1.0,0.0,1.0,0.0,1.0,1.0,0.0,0.0,0.0,0.0
2026-06-02 13:52:18,0.0,0.0,0.0,0.0,0.0,0.0,0.0,0.0,29.16971916971917,31.965811965811966,988.7920532226562,34.0,0.0,35.0,0.0,1.0,0.0,1.0,0.0,1.0,1.0,0.0,0.0,0.0,0.0
2026-06-02 13:52:20,0.0,0.0,0.0,0.0,0.0,0.0,0.0,0.0,29.23076923076923,32.05128205128205,988.7920532226562,34.0,0.0,35.0,0.0,1.0,0.0,1.0,0.0,1.0,1.0,0.0,0.0,0.0,0.0
2026-06-02 13:52:21,0.0,0.0,0.0,0.0,0.0,0.0,0.0,0.0,29.133089133089133,31.953601953601954,988.7920532226562,34.0,0.0,35.0,0.0,1.0,0.0,1.0,0.0,1.0,1.0,0.0,0.0,0.0,0.0
2026-06-02 13:52:22,0.0,0.0,0.0,0.0,0.0,0.0,0.0,0.0,29.194139194139193,31.978021978021978,988.7920532226562,34.0,0.0,35.0,0.0,1.0,0.0,1.0,0.0,1.0,1.0,0.0,0.0,0.0,0.0
2026-06-02 13:52:24,0.0,0.0,0.0,0.0,0.0,0.0,0.0,0.0,29.133089133089133,31.92918192918193,988.7920532226562,34.0,0.0,35.0,0.0,1.0,0.0,1.0,0.0,1.0,1.0,0.0,0.0,0.0,0.0
2026-06-02 13:52:25,0.0,0.0,0.0,0.0,0.0,0.0,0.0,0.0,29.218559218559218,32.02686202686203,988.7920532226562,34.0,0.0,35.0,0.0,1.0,0.0,1.0,0.0,1.0,1.0,0.0,0.0,0.0,0.0
2026-06-02 13:52:27,0.0,0.0,0.0,0.0,0.0,0.0,0.0,0.0,29.206349206349206,31.965811965811966,988.7920532226562,34.0,0.0,35.0,0.0,1.0,0.0,1.0,0.0,1.0,1.0,0.0,0.0,0.0,0.0
2026-06-02 13:52:28,0.0,0.0,0.0,0.0,0.0,0.0,0.0,0.0,29.194139194139193,32.002442002442,988.7920532226562,34.0,0.0,35.0,0.0,1.0,0.0,1.0,0.0,1.0,1.0,0.0,0.0,0.0,0.0
2026-06-02 13:52:29,0.0,0.0,0.0,0.0,0.0,0.0,0.0,0.0,29.133089133089133,31.953601953601954,988.7920532226562,34.0,0.0,35.0,0.0,1.0,0.0,1.0,0.0,1.0,1.0,0.0,0.0,0.0,0.0
2026-06-02 13:52:30,0.0,0.0,0.0,0.0,0.0,0.0,0.0,0.0,29.12087912087912,31.92918192918193,988.7920532226562,34.0,0.0,35.0,0.0,1.0,0.0,1.0,0.0,1.0,1.0,0.0,0.0,0.0,0.0
2026-06-02 13:52:32,0.0,0.0,0.0,0.0,0.0,0.0,0.0,0.0,29.133089133089133,31.953601953601954,988.7920532226562,34.0,0.0,35.0,0.0,1.0,0.0,1.0,0.0,1.0,1.0,0.0,0.0,0.0,0.0
2026-06-02 13:52:33,0.0,0.0,0.0,0.0,0.0,0.0,0.0,0.0,29.133089133089133,31.953601953601954,988.7920532226562,34.0,0.0,35.0,0.0,1.0,0.0,1.0,0.0,1.0,1.0,0.0,0.0,0.0,0.0
2026-06-02 13:52:34,0.0,0.0,0.0,0.0,0.0,0.0,0.0,0.0,29.194139194139193,32.014652014652015,988.7920532226562,34.0,0.0,35.0,0.0,1.0,0.0,1.0,0.0,1.0,1.0,0.0,0.0,0.0,0.0
2026-06-02 13:52:35,0.0,0.0,0.0,0.0,0.0,0.0,0.0,0.0,29.206349206349206,32.014652014652015,988.7920532226562,34.0,0.0,35.0,0.0,1.0,0.0,1.0,0.0,1.0,1.0,0.0,0.0,0.0,0.0
2026-06-02 13:52:36,0.0,0.0,0.0,0.0,0.0,0.0,0.0,0.0,29.194139194139193,32.014652014652015,988.7920532226562,34.0,0.0,35.0,0.0,1.0,0.0,1.0,0.0,1.0,1.0,0.0,0.0,0.0,0.0
2026-06-02 13:52:38,0.0,0.0,0.0,0.0,0.0,0.0,0.0,0.0,29.16971916971917,31.99023199023199,988.7920532226562,34.0,0.0,35.0,0.0,1.0,0.0,1.0,0.0,1.0,1.0,0.0,0.0,0.0,0.0
2026-06-02 13:52:39,0.0,0.0,0.0,0.0,0.0,0.0,0.0,0.0,29.157509157509157,31.978021978021978,988.7920532226562,34.0,0.0,35.0,0.0,1.0,0.0,1.0,0.0,1.0,1.0,0.0,0.0,0.0,0.0
2026-06-02 13:52:40,0.0,0.0,0.0,0.0,0.0,0.0,0.0,0.0,29.194139194139193,32.002442002442,988.7920532226562,34.0,0.0,35.0,0.0,1.0,0.0,1.0,0.0,1.0,1.0,0.0,0.0,0.0,0.0
2026-06-02 13:52:42,0.0,0.0,0.0,0.0,0.0,0.0,0.0,0.0,29.16971916971917,31.99023199023199,988.7920532226562,34.0,0.0,35.0,0.0,1.0,0.0,1.0,0.0,1.0,1.0,0.0,0.0,0.0,0.0
2026-06-02 13:52:43,0.0,0.0,0.0,0.0,0.0,0.0,0.0,0.0,29.18192918192918,31.99023199023199,988.7920532226562,34.0,0.0,35.0,0.0,1.0,0.0,1.0,0.0,1.0,1.0,0.0,0.0,0.0,0.0
2026-06-02 13:52:44,0.0,0.0,0.0,0.0,0.0,0.0,0.0,0.0,29.18192918192918,32.002442002442,988.7920532226562,34.0,0.0,35.0,0.0,1.0,0.0,1.0,0.0,1.0,1.0,0.0,0.0,0.0,0.0
2026-06-02 13:52:46,0.0,0.0,0.0,0.0,0.0,0.0,0.0,0.0,29.157509157509157,31.953601953601954,988.7920532226562,34.0,0.0,35.0,0.0,1.0,0.0,1.0,0.0,1.0,1.0,0.0,0.0,0.0,0.0
2026-06-02 13:52:47,0.0,0.0,0.0,0.0,0.0,0.0,0.0,0.0,29.12087912087912,31.94139194139194,988.7920532226562,34.0,0.0,35.0,0.0,1.0,0.0,1.0,0.0,1.0,1.0,0.0,0.0,0.0,0.0
2026-06-02 13:52:48,0.0,0.0,0.0,0.0,0.0,0.0,0.0,0.0,29.133089133089133,31.94139194139194,988.7920532226562,34.0,0.0,35.0,0.0,1.0,0.0,1.0,0.0,1.0,1.0,0.0,0.0,0.0,0.0
2026-06-02 13:52:49,0.0,0.0,0.0,0.0,0.0,0.0,0.0,0.0,29.16971916971917,32.002442002442,988.7920532226562,34.0,0.0,35.0,0.0,1.0,0.0,1.0,0.0,1.0,1.0,0.0,0.0,0.0,0.0
2026-06-02 13:52:50,0.0,0.0,0.0,0.0,0.0,0.0,0.0,0.0,29.157509157509157,31.99023199023199,988.7920532226562,34.0,0.0,35.0,0.0,1.0,0.0,1.0,0.0,1.0,1.0,0.0,0.0,0.0,0.0
2026-06-02 13:52:52,0.0,0.0,0.0,0.0,0.0,0.0,0.0,0.0,29.18192918192918,31.978021978021978,988.7920532226562,34.0,0.0,35.0,0.0,1.0,0.0,1.0,0.0,1.0,1.0,0.0,0.0,0.0,0.0
2026-06-02 13:52:53,0.0,0.0,0.0,0.0,0.0,0.0,0.0,0.0,29.18192918192918,31.978021978021978,988.7920532226562,34.0,0.0,35.0,0.0,1.0,0.0,1.0,0.0,1.0,1.0,0.0,0.0,0.0,0.0
2026-06-02 13:52:55,0.0,0.0,0.0,0.0,0.0,0.0,0.0,0.0,29.133089133089133,31.92918192918193,988.7920532226562,34.0,0.0,35.0,0.0,1.0,0.0,1.0,0.0,1.0,1.0,0.0,0.0,0.0,0.0
2026-06-02 13:52:56,0.0,0.0,0.0,0.0,0.0,0.0,0.0,0.0,29.206349206349206,32.02686202686203,988.7920532226562,34.0,0.0,35.0,0.0,1.0,0.0,1.0,0.0,1.0,1.0,0.0,0.0,0.0,0.0
2026-06-02 13:52:57,0.0,0.0,0.0,0.0,0.0,0.0,0.0,0.0,29.206349206349206,32.02686202686203,988.7920532226562,34.0,0.0,35.0,0.0,1.0,0.0,1.0,0.0,1.0,1.0,0.0,0.0,0.0,0.0
2026-06-02 13:52:58,0.0,0.0,0.0,0.0,0.0,0.0,0.0,0.0,29.145299145299145,31.916971916971917,988.7920532226562,34.0,0.0,35.0,0.0,1.0,0.0,1.0,0.0,1.0,1.0,0.0,0.0,0.0,0.0
2026-06-02 13:52:59,0.0,0.0,0.0,0.0,0.0,0.0,0.0,0.0,29.10866910866911,31.92918192918193,988.7920532226562,34.0,0.0,35.0,0.0,1.0,0.0,1.0,0.0,1.0,1.0,0.0,0.0,0.0,0.0
2026-06-02 13:53:01,0.0,0.0,0.0,0.0,0.0,0.0,0.0,0.0,29.218559218559218,32.03907203907204,988.7920532226562,34.0,0.0,35.0,0.0,1.0,0.0,1.0,0.0,1.0,1.0,0.0,0.0,0.0,0.0
2026-06-02 13:53:02,0.0,0.0,0.0,0.0,0.0,0.0,0.0,0.0,29.133089133089133,31.94139194139194,988.7920532226562,34.0,0.0,35.0,0.0,1.0,0.0,1.0,0.0,1.0,1.0,0.0,0.0,0.0,0.0
2026-06-02 13:53:03,0.0,0.0,0.0,0.0,0.0,0.0,0.0,0.0,29.12087912087912,31.953601953601954,988.7920532226562,34.0,0.0,35.0,0.0,1.0,0.0,1.0,0.0,1.0,1.0,0.0,0.0,0.0,0.0
2026-06-02 13:53:05,0.0,0.0,0.0,0.0,0.0,0.0,0.0,0.0,29.206349206349206,32.03907203907204,988.7920532226562,34.0,0.0,35.0,0.0,1.0,0.0,1.0,0.0,1.0,1.0,0.0,0.0,0.0,0.0
2026-06-02 13:53:06,0.0,0.0,0.0,0.0,0.0,0.0,0.0,0.0,29.12087912087912,31.94139194139194,988.7920532226562,34.0,0.0,35.0,0.0,1.0,0.0,1.0,0.0,1.0,1.0,0.0,0.0,0.0,0.0
2026-06-02 13:53:08,0.0,0.0,0.0,0.0,0.0,0.0,0.0,0.0,29.23076923076923,32.02686202686203,988.7920532226562,34.0,0.0,35.0,0.0,1.0,0.0,1.0,0.0,1.0,1.0,0.0,0.0,0.0,0.0
2026-06-02 13:53:09,0.0,0.0,0.0,0.0,0.0,0.0,0.0,0.0,29.218559218559218,32.05128205128205,988.7920532226562,34.0,0.0,35.0,0.0,1.0,0.0,1.0,0.0,1.0,1.0,0.0,0.0,0.0,0.0
2026-06-02 13:53:11,0.0,0.0,0.0,0.0,0.0,0.0,0.0,0.0,29.145299145299145,31.94139194139194,988.7920532226562,34.0,0.0,35.0,0.0,1.0,0.0,1.0,0.0,1.0,1.0,0.0,0.0,0.0,0.0
2026-06-02 13:53:12,0.0,0.0,0.0,0.0,0.0,0.0,0.0,0.0,29.145299145299145,31.94139194139194,988.7920532226562,34.0,0.0,35.0,0.0,1.0,0.0,1.0,0.0,1.0,1.0,0.0,0.0,0.0,0.0
2026-06-02 13:53:13,0.0,0.0,0.0,0.0,0.0,0.0,0.0,0.0,29.218559218559218,32.014652014652015,988.7920532226562,34.0,0.0,35.0,0.0,1.0,0.0,1.0,0.0,1.0,1.0,0.0,0.0,0.0,0.0
2026-06-02 13:53:15,0.0,0.0,0.0,0.0,0.0,0.0,0.0,0.0,29.145299145299145,31.953601953601954,988.7920532226562,34.0,0.0,35.0,0.0,1.0,0.0,1.0,0.0,1.0,1.0,0.0,0.0,0.0,0.0
2026-06-02 13:53:16,0.0,0.0,0.0,0.0,0.0,0.0,0.0,0.0,29.157509157509157,31.965811965811966,988.7920532226562,34.0,0.0,35.0,0.0,1.0,0.0,1.0,0.0,1.0,1.0,0.0,0.0,0.0,0.0
2026-06-02 13:53:17,0.0,0.0,0.0,0.0,0.0,0.0,0.0,0.0,29.157509157509157,31.99023199023199,988.7920532226562,34.0,0.0,35.0,0.0,1.0,0.0,1.0,0.0,1.0,1.0,0.0,0.0,0.0,0.0
2026-06-02 13:53:18,0.0,0.0,0.0,0.0,0.0,0.0,0.0,0.0,29.145299145299145,31.953601953601954,988.7920532226562,34.0,0.0,35.0,0.0,1.0,0.0,1.0,0.0,1.0,1.0,0.0,0.0,0.0,0.0
2026-06-02 13:53:19,0.0,0.0,0.0,0.0,0.0,0.0,0.0,0.0,29.157509157509157,31.953601953601954,988.7920532226562,34.0,0.0,35.0,0.0,1.0,0.0,1.0,0.0,1.0,1.0,0.0,0.0,0.0,0.0
2026-06-02 13:53:21,0.0,0.0,0.0,0.0,0.0,0.0,0.0,0.0,29.157509157509157,31.978021978021978,988.7920532226562,34.0,0.0,35.0,0.0,1.0,0.0,1.0,0.0,1.0,1.0,0.0,0.0,0.0,0.0
2026-06-02 13:53:22,0.0,0.0,0.0,0.0,0.0,0.0,0.0,0.0,29.157509157509157,31.965811965811966,988.7920532226562,34.0,0.0,35.0,0.0,1.0,0.0,1.0,0.0,1.0,1.0,0.0,0.0,0.0,0.0
2026-06-02 13:53:23,0.0,0.0,0.0,0.0,0.0,0.0,0.0,0.0,29.18192918192918,31.99023199023199,988.7920532226562,34.0,0.0,35.0,0.0,1.0,0.0,1.0,0.0,1.0,1.0,0.0,0.0,0.0,0.0
2026-06-02 13:53:24,0.0,0.0,0.0,0.0,0.0,0.0,0.0,0.0,29.16971916971917,31.978021978021978,988.7920532226562,34.0,0.0,35.0,0.0,1.0,0.0,1.0,0.0,1.0,1.0,0.0,0.0,0.0,0.0
2026-06-02 13:53:25,0.0,0.0,0.0,0.0,0.0,0.0,0.0,0.0,29.145299145299145,31.953601953601954,988.7920532226562,34.0,0.0,35.0,0.0,1.0,0.0,1.0,0.0,1.0,1.0,0.0,0.0,0.0,0.0
2026-06-02 13:53:26,0.0,0.0,0.0,0.0,0.0,0.0,0.0,0.0,29.145299145299145,31.94139194139194,988.7920532226562,34.0,0.0,35.0,0.0,1.0,0.0,1.0,0.0,1.0,1.0,0.0,0.0,0.0,0.0
2026-06-02 13:53:28,0.0,0.0,0.0,0.0,0.0,0.0,0.0,0.0,29.16971916971917,31.965811965811966,988.7920532226562,34.0,0.0,35.0,0.0,1.0,0.0,1.0,0.0,1.0,1.0,0.0,0.0,0.0,0.0
2026-06-02 13:53:29,0.0,0.0,0.0,0.0,0.0,0.0,0.0,0.0,29.206349206349206,32.02686202686203,988.7920532226562,34.0,0.0,35.0,0.0,1.0,0.0,1.0,0.0,1.0,1.0,0.0,0.0,0.0,0.0
2026-06-02 13:53:31,0.0,0.0,0.0,0.0,0.0,0.0,0.0,0.0,29.145299145299145,31.965811965811966,988.7920532226562,34.0,0.0,35.0,0.0,1.0,0.0,1.0,0.0,1.0,1.0,0.0,0.0,0.0,0.0
2026-06-02 13:53:32,0.0,0.0,0.0,0.0,0.0,0.0,0.0,0.0,29.145299145299145,31.953601953601954,988.7920532226562,34.0,0.0,35.0,0.0,1.0,0.0,1.0,0.0,1.0,1.0,0.0,0.0,0.0,0.0
2026-06-02 13:53:33,0.0,0.0,0.0,0.0,0.0,0.0,0.0,0.0,29.16971916971917,31.965811965811966,988.7920532226562,34.0,0.0,35.0,0.0,1.0,0.0,1.0,0.0,1.0,1.0,0.0,0.0,0.0,0.0
2026-06-02 13:53:35,0.0,0.0,0.0,0.0,0.0,0.0,0.0,0.0,29.242979242979242,32.02686202686203,988.7920532226562,34.0,0.0,35.0,0.0,1.0,0.0,1.0,0.0,1.0,1.0,0.0,0.0,0.0,0.0
2026-06-02 13:53:36,0.0,0.0,0.0,0.0,0.0,0.0,0.0,0.0,29.218559218559218,32.02686202686203,988.7920532226562,34.0,0.0,35.0,0.0,1.0,0.0,1.0,0.0,1.0,1.0,0.0,0.0,0.0,0.0
2026-06-02 13:53:37,0.0,0.0,0.0,0.0,0.0,0.0,0.0,0.0,29.133089133089133,31.92918192918193,988.7920532226562,34.0,0.0,35.0,0.0,1.0,0.0,1.0,0.0,1.0,1.0,0.0,0.0,0.0,0.0
2026-06-02 13:53:38,0.0,0.0,0.0,0.0,0.0,0.0,0.0,0.0,29.133089133089133,31.953601953601954,988.7920532226562,34.0,0.0,35.0,0.0,1.0,0.0,1.0,0.0,1.0,1.0,0.0,0.0,0.0,0.0
2026-06-02 13:53:39,0.0,0.0,0.0,0.0,0.0,0.0,0.0,0.0,29.18192918192918,31.99023199023199,988.7920532226562,34.0,0.0,35.0,0.0,1.0,0.0,1.0,0.0,1.0,1.0,0.0,0.0,0.0,0.0
2026-06-02 13:53:40,0.0,0.0,0.0,0.0,0.0,0.0,0.0,0.0,29.16971916971917,31.99023199023199,988.7920532226562,34.0,0.0,35.0,0.0,1.0,0.0,1.0,0.0,1.0,1.0,0.0,0.0,0.0,0.0
2026-06-02 13:53:41,0.0,0.0,0.0,0.0,0.0,0.0,0.0,0.0,29.218559218559218,32.02686202686203,988.7920532226562,34.0,0.0,35.0,0.0,1.0,0.0,1.0,0.0,1.0,1.0,0.0,0.0,0.0,0.0
2026-06-02 13:53:43,0.0,0.0,0.0,0.0,0.0,0.0,0.0,0.0,29.194139194139193,32.002442002442,988.7920532226562,34.0,0.0,35.0,0.0,1.0,0.0,1.0,0.0,1.0,1.0,0.0,0.0,0.0,0.0
2026-06-02 13:53:44,0.0,0.0,0.0,0.0,0.0,0.0,0.0,0.0,29.157509157509157,31.978021978021978,988.7920532226562,34.0,0.0,35.0,0.0,1.0,0.0,1.0,0.0,1.0,1.0,0.0,0.0,0.0,0.0
2026-06-02 13:53:45,0.0,0.0,0.0,0.0,0.0,0.0,0.0,0.0,29.133089133089133,31.916971916971917,988.7920532226562,34.0,0.0,35.0,0.0,1.0,0.0,1.0,0.0,1.0,1.0,0.0,0.0,0.0,0.0
2026-06-02 13:53:47,0.0,0.0,0.0,0.0,0.0,0.0,0.0,0.0,29.133089133089133,31.94139194139194,988.7920532226562,34.0,0.0,35.0,0.0,1.0,0.0,1.0,0.0,1.0,1.0,0.0,0.0,0.0,0.0
2026-06-02 13:53:48,0.0,0.0,0.0,0.0,0.0,0.0,0.0,0.0,29.18192918192918,31.99023199023199,988.7920532226562,34.0,0.0,35.0,0.0,1.0,0.0,1.0,0.0,1.0,1.0,0.0,0.0,0.0,0.0
2026-06-02 13:53:49,0.0,0.0,0.0,0.0,0.0,0.0,0.0,0.0,29.23076923076923,32.014652014652015,988.7920532226562,34.0,0.0,35.0,0.0,1.0,0.0,1.0,0.0,1.0,1.0,0.0,0.0,0.0,0.0
2026-06-02 13:53:51,0.0,0.0,0.0,0.0,0.0,0.0,0.0,0.0,29.23076923076923,32.05128205128205,988.7920532226562,34.0,0.0,35.0,0.0,1.0,0.0,1.0,0.0,1.0,1.0,0.0,0.0,0.0,0.0
2026-06-02 13:53:52,0.0,0.0,0.0,0.0,0.0,0.0,0.0,0.0,29.145299145299145,31.99023199023199,988.7920532226562,34.0,0.0,35.0,0.0,1.0,0.0,1.0,0.0,1.0,1.0,0.0,0.0,0.0,0.0
2026-06-02 13:53:53,0.0,0.0,0.0,0.0,0.0,0.0,0.0,0.0,29.145299145299145,31.965811965811966,988.7920532226562,34.0,0.0,35.0,0.0,1.0,0.0,1.0,0.0,1.0,1.0,0.0,0.0,0.0,0.0
2026-06-02 13:53:54,0.0,0.0,0.0,0.0,0.0,0.0,0.0,0.0,29.133089133089133,31.94139194139194,988.7920532226562,34.0,0.0,35.0,0.0,1.0,0.0,1.0,0.0,1.0,1.0,0.0,0.0,0.0,0.0
2026-06-02 13:53:55,0.0,0.0,0.0,0.0,0.0,0.0,0.0,0.0,29.194139194139193,32.002442002442,988.7920532226562,34.0,0.0,35.0,0.0,1.0,0.0,1.0,0.0,1.0,1.0,0.0,0.0,0.0,0.0
2026-06-02 13:53:56,0.0,0.0,0.0,0.0,0.0,0.0,0.0,0.0,29.206349206349206,32.014652014652015,988.7920532226562,34.0,0.0,35.0,0.0,1.0,0.0,1.0,0.0,1.0,1.0,0.0,0.0,0.0,0.0
2026-06-02 13:53:58,0.0,0.0,0.0,0.0,0.0,0.0,0.0,0.0,29.218559218559218,32.02686202686203,988.7920532226562,34.0,0.0,35.0,0.0,1.0,0.0,1.0,0.0,1.0,1.0,0.0,0.0,0.0,0.0
2026-06-02 13:53:59,0.0,0.0,0.0,0.0,0.0,0.0,0.0,0.0,29.242979242979242,32.02686202686203,988.7920532226562,34.0,0.0,35.0,0.0,1.0,0.0,1.0,0.0,1.0,1.0,0.0,0.0,0.0,0.0
2026-06-02 13:54:00,0.0,0.0,0.0,0.0,0.0,0.0,0.0,0.0,29.206349206349206,32.03907203907204,988.7920532226562,34.0,0.0,35.0,0.0,1.0,0.0,1.0,0.0,1.0,1.0,0.0,0.0,0.0,0.0
2026-06-02 13:54:01,0.0,0.0,0.0,0.0,0.0,0.0,0.0,0.0,29.206349206349206,32.014652014652015,988.7920532226562,34.0,0.0,35.0,0.0,1.0,0.0,1.0,0.0,1.0,1.0,0.0,0.0,0.0,0.0
2026-06-02 13:54:02,0.0,0.0,0.0,0.0,0.0,0.0,0.0,0.0,29.157509157509157,31.953601953601954,988.7920532226562,34.0,0.0,35.0,0.0,1.0,0.0,1.0,0.0,1.0,1.0,0.0,0.0,0.0,0.0
2026-06-02 13:54:04,0.0,0.0,0.0,0.0,0.0,0.0,0.0,0.0,29.157509157509157,31.916971916971917,988.7920532226562,34.0,0.0,35.0,0.0,1.0,0.0,1.0,0.0,1.0,1.0,0.0,0.0,0.0,0.0
2026-06-02 13:54:05,0.0,0.0,0.0,0.0,0.0,0.0,0.0,0.0,29.145299145299145,31.953601953601954,988.7920532226562,34.0,0.0,35.0,0.0,1.0,0.0,1.0,0.0,1.0,1.0,0.0,0.0,0.0,0.0
2026-06-02 13:54:06,0.0,0.0,0.0,0.0,0.0,0.0,0.0,0.0,29.16971916971917,31.953601953601954,988.7920532226562,34.0,0.0,35.0,0.0,1.0,0.0,1.0,0.0,1.0,1.0,0.0,0.0,0.0,0.0
2026-06-02 13:54:07,0.0,0.0,0.0,0.0,0.0,0.0,0.0,0.0,29.194139194139193,31.99023199023199,988.7920532226562,34.0,0.0,35.0,0.0,1.0,0.0,1.0,0.0,1.0,1.0,0.0,0.0,0.0,0.0
2026-06-02 13:54:08,0.0,0.0,0.0,0.0,0.0,0.0,0.0,0.0,29.18192918192918,31.99023199023199,988.7920532226562,34.0,0.0,35.0,0.0,1.0,0.0,1.0,0.0,1.0,1.0,0.0,0.0,0.0,0.0
2026-06-02 13:54:10,0.0,0.0,0.0,0.0,0.0,0.0,0.0,0.0,29.206349206349206,32.002442002442,988.7920532226562,34.0,0.0,35.0,0.0,1.0,0.0,1.0,0.0,1.0,1.0,0.0,0.0,0.0,0.0
2026-06-02 13:54:11,0.0,0.0,0.0,0.0,0.0,0.0,0.0,0.0,29.16971916971917,32.002442002442,988.7920532226562,34.0,0.0,35.0,0.0,1.0,0.0,1.0,0.0,1.0,1.0,0.0,0.0,0.0,0.0
2026-06-02 13:54:12,0.0,0.0,0.0,0.0,0.0,0.0,0.0,0.0,29.133089133089133,31.953601953601954,988.7920532226562,34.0,0.0,35.0,0.0,1.0,0.0,1.0,0.0,1.0,1.0,0.0,0.0,0.0,0.0
2026-06-02 13:54:13,0.0,0.0,0.0,0.0,0.0,0.0,0.0,0.0,29.157509157509157,31.965811965811966,988.7920532226562,34.0,0.0,35.0,0.0,1.0,0.0,1.0,0.0,1.0,1.0,0.0,0.0,0.0,0.0
2026-06-02 13:54:14,0.0,0.0,0.0,0.0,0.0,0.0,0.0,0.0,29.206349206349206,32.014652014652015,988.7920532226562,34.0,0.0,35.0,0.0,1.0,0.0,1.0,0.0,1.0,1.0,0.0,0.0,0.0,0.0
2026-06-02 13:54:16,0.0,0.0,0.0,0.0,0.0,0.0,0.0,0.0,29.16971916971917,31.978021978021978,988.7920532226562,34.0,0.0,35.0,0.0,1.0,0.0,1.0,0.0,1.0,1.0,0.0,0.0,0.0,0.0
2026-06-02 13:54:17,0.0,0.0,0.0,0.0,0.0,0.0,0.0,0.0,29.157509157509157,31.953601953601954,988.7920532226562,34.0,0.0,35.0,0.0,1.0,0.0,1.0,0.0,1.0,1.0,0.0,0.0,0.0,0.0
2026-06-02 13:54:19,0.0,0.0,0.0,0.0,0.0,0.0,0.0,0.0,29.18192918192918,31.965811965811966,988.7920532226562,34.0,0.0,35.0,0.0,1.0,0.0,1.0,0.0,1.0,1.0,0.0,0.0,0.0,0.0
2026-06-02 13:54:20,0.0,0.0,0.0,0.0,0.0,0.0,0.0,0.0,29.18192918192918,31.965811965811966,988.7920532226562,34.0,0.0,35.0,0.0,1.0,0.0,1.0,0.0,1.0,1.0,0.0,0.0,0.0,0.0
2026-06-02 13:54:21,0.0,0.0,0.0,0.0,0.0,0.0,0.0,0.0,29.206349206349206,32.002442002442,988.7920532226562,34.0,0.0,35.0,0.0,1.0,0.0,1.0,0.0,1.0,1.0,0.0,0.0,0.0,0.0
2026-06-02 13:54:23,0.0,0.0,0.0,0.0,0.0,0.0,0.0,0.0,29.133089133089133,31.94139194139194,988.7920532226562,34.0,0.0,35.0,0.0,1.0,0.0,1.0,0.0,1.0,1.0,0.0,0.0,0.0,0.0
2026-06-02 13:54:24,0.0,0.0,0.0,0.0,0.0,0.0,0.0,0.0,29.145299145299145,31.953601953601954,988.7920532226562,34.0,0.0,35.0,0.0,1.0,0.0,1.0,0.0,1.0,1.0,0.0,0.0,0.0,0.0
2026-06-02 13:54:25,0.0,0.0,0.0,0.0,0.0,0.0,0.0,0.0,29.16971916971917,31.978021978021978,988.7920532226562,34.0,0.0,35.0,0.0,1.0,0.0,1.0,0.0,1.0,1.0,0.0,0.0,0.0,0.0
2026-06-02 13:54:26,0.0,0.0,0.0,0.0,0.0,0.0,0.0,0.0,29.145299145299145,31.953601953601954,988.7920532226562,34.0,0.0,35.0,0.0,1.0,0.0,1.0,0.0,1.0,1.0,0.0,0.0,0.0,0.0
2026-06-02 13:54:27,0.0,0.0,0.0,0.0,0.0,0.0,0.0,0.0,29.145299145299145,31.953601953601954,988.7920532226562,34.0,0.0,35.0,0.0,1.0,0.0,1.0,0.0,1.0,1.0,0.0,0.0,0.0,0.0
2026-06-02 13:54:29,0.0,0.0,0.0,0.0,0.0,0.0,0.0,0.0,29.23076923076923,32.05128205128205,988.7920532226562,34.0,0.0,35.0,0.0,1.0,0.0,1.0,0.0,1.0,1.0,0.0,0.0,0.0,0.0
2026-06-02 13:54:30,0.0,0.0,0.0,0.0,0.0,0.0,0.0,0.0,29.218559218559218,32.03907203907204,988.7920532226562,34.0,0.0,35.0,0.0,1.0,0.0,1.0,0.0,1.0,1.0,0.0,0.0,0.0,0.0
2026-06-02 13:54:31,0.0,0.0,0.0,0.0,0.0,0.0,0.0,0.0,29.10866910866911,31.92918192918193,988.7920532226562,34.0,0.0,35.0,0.0,1.0,0.0,1.0,0.0,1.0,1.0,0.0,0.0,0.0,0.0
2026-06-02 13:54:32,0.0,0.0,0.0,0.0,0.0,0.0,0.0,0.0,29.157509157509157,31.965811965811966,988.7920532226562,34.0,0.0,35.0,0.0,1.0,0.0,1.0,0.0,1.0,1.0,0.0,0.0,0.0,0.0
2026-06-02 13:54:34,0.0,0.0,0.0,0.0,0.0,0.0,0.0,0.0,29.145299145299145,31.965811965811966,988.7920532226562,34.0,0.0,35.0,0.0,1.0,0.0,1.0,0.0,1.0,1.0,0.0,0.0,0.0,0.0
2026-06-02 13:54:35,0.0,0.0,0.0,0.0,0.0,0.0,0.0,0.0,29.206349206349206,32.002442002442,988.7920532226562,34.0,0.0,35.0,0.0,1.0,0.0,1.0,0.0,1.0,1.0,0.0,0.0,0.0,0.0
2026-06-02 13:54:37,0.0,0.0,0.0,0.0,0.0,0.0,0.0,0.0,29.242979242979242,32.03907203907204,988.7920532226562,34.0,0.0,35.0,0.0,1.0,0.0,1.0,0.0,1.0,1.0,0.0,0.0,0.0,0.0
2026-06-02 13:54:38,0.0,0.0,0.0,0.0,0.0,0.0,0.0,0.0,29.242979242979242,32.03907203907204,988.7920532226562,34.0,0.0,35.0,0.0,1.0,0.0,1.0,0.0,1.0,1.0,0.0,0.0,0.0,0.0
2026-06-02 13:54:40,0.0,0.0,0.0,0.0,0.0,0.0,0.0,0.0,29.145299145299145,31.965811965811966,988.7920532226562,34.0,0.0,35.0,0.0,1.0,0.0,1.0,0.0,1.0,1.0,0.0,0.0,0.0,0.0
2026-06-02 13:54:41,0.0,0.0,0.0,0.0,0.0,0.0,0.0,0.0,29.12087912087912,31.92918192918193,988.7920532226562,34.0,0.0,35.0,0.0,1.0,0.0,1.0,0.0,1.0,1.0,0.0,0.0,0.0,0.0
2026-06-02 13:54:42,0.0,0.0,0.0,0.0,0.0,0.0,0.0,0.0,29.133089133089133,31.916971916971917,988.7920532226562,34.0,0.0,35.0,0.0,1.0,0.0,1.0,0.0,1.0,1.0,0.0,0.0,0.0,0.0
2026-06-02 13:54:43,0.0,0.0,0.0,0.0,0.0,0.0,0.0,0.0,29.157509157509157,31.965811965811966,988.7920532226562,34.0,0.0,35.0,0.0,1.0,0.0,1.0,0.0,1.0,1.0,0.0,0.0,0.0,0.0
2026-06-02 13:54:45,0.0,0.0,0.0,0.0,0.0,0.0,0.0,0.0,29.23076923076923,32.02686202686203,988.7920532226562,34.0,0.0,35.0,0.0,1.0,0.0,1.0,0.0,1.0,1.0,0.0,0.0,0.0,0.0
2026-06-02 13:54:46,0.0,0.0,0.0,0.0,0.0,0.0,0.0,0.0,29.23076923076923,32.03907203907204,988.7920532226562,34.0,0.0,35.0,0.0,1.0,0.0,1.0,0.0,1.0,1.0,0.0,0.0,0.0,0.0
2026-06-02 13:54:47,0.0,0.0,0.0,0.0,0.0,0.0,0.0,0.0,29.133089133089133,31.953601953601954,988.7920532226562,34.0,0.0,35.0,0.0,1.0,0.0,1.0,0.0,1.0,1.0,0.0,0.0,0.0,0.0
2026-06-02 13:54:49,0.0,0.0,0.0,0.0,0.0,0.0,0.0,0.0,29.18192918192918,31.99023199023199,988.7920532226562,34.0,0.0,35.0,0.0,1.0,0.0,1.0,0.0,1.0,1.0,0.0,0.0,0.0,0.0
2026-06-02 13:54:50,0.0,0.0,0.0,0.0,0.0,0.0,0.0,0.0,29.18192918192918,32.002442002442,988.7920532226562,34.0,0.0,35.0,0.0,1.0,0.0,1.0,0.0,1.0,1.0,0.0,0.0,0.0,0.0
2026-06-02 13:54:52,0.0,0.0,0.0,0.0,0.0,0.0,0.0,0.0,29.206349206349206,32.02686202686203,988.7920532226562,34.0,0.0,35.0,0.0,1.0,0.0,1.0,0.0,1.0,1.0,0.0,0.0,0.0,0.0
2026-06-02 13:54:53,0.0,0.0,0.0,0.0,0.0,0.0,0.0,0.0,29.206349206349206,32.02686202686203,988.7920532226562,34.0,0.0,35.0,0.0,1.0,0.0,1.0,0.0,1.0,1.0,0.0,0.0,0.0,0.0
2026-06-02 13:54:54,0.0,0.0,0.0,0.0,0.0,0.0,0.0,0.0,29.145299145299145,31.953601953601954,988.7920532226562,34.0,0.0,35.0,0.0,1.0,0.0,1.0,0.0,1.0,1.0,0.0,0.0,0.0,0.0
2026-06-02 13:54:56,0.0,0.0,0.0,0.0,0.0,0.0,0.0,0.0,29.133089133089133,31.94139194139194,988.7920532226562,34.0,0.0,35.0,0.0,1.0,0.0,1.0,0.0,1.0,1.0,0.0,0.0,0.0,0.0
2026-06-02 13:54:57,0.0,0.0,0.0,0.0,0.0,0.0,0.0,0.0,29.16971916971917,31.978021978021978,988.7920532226562,34.0,0.0,35.0,0.0,1.0,0.0,1.0,0.0,1.0,1.0,0.0,0.0,0.0,0.0
2026-06-02 13:54:58,0.0,0.0,0.0,0.0,0.0,0.0,0.0,0.0,29.18192918192918,31.99023199023199,988.7920532226562,34.0,0.0,35.0,0.0,1.0,0.0,1.0,0.0,1.0,1.0,0.0,0.0,0.0,0.0
2026-06-02 13:54:59,0.0,0.0,0.0,0.0,0.0,0.0,0.0,0.0,29.194139194139193,31.99023199023199,988.7920532226562,34.0,0.0,35.0,0.0,1.0,0.0,1.0,0.0,1.0,1.0,0.0,0.0,0.0,0.0
2026-06-02 13:55:00,0.0,0.0,0.0,0.0,0.0,0.0,0.0,0.0,29.206349206349206,32.002442002442,988.7920532226562,34.0,0.0,35.0,0.0,1.0,0.0,1.0,0.0,1.0,1.0,0.0,0.0,0.0,0.0
2026-06-02 13:55:01,0.0,0.0,0.0,0.0,0.0,0.0,0.0,0.0,29.194139194139193,32.014652014652015,988.7920532226562,34.0,0.0,35.0,0.0,1.0,0.0,1.0,0.0,1.0,1.0,0.0,0.0,0.0,0.0
2026-06-02 13:55:03,0.0,0.0,0.0,0.0,0.0,0.0,0.0,0.0,29.23076923076923,32.02686202686203,988.7920532226562,34.0,0.0,35.0,0.0,1.0,0.0,1.0,0.0,1.0,1.0,0.0,0.0,0.0,0.0
2026-06-02 13:55:04,0.0,0.0,0.0,0.0,0.0,0.0,0.0,0.0,29.218559218559218,32.002442002442,988.7920532226562,34.0,0.0,35.0,0.0,1.0,0.0,1.0,0.0,1.0,1.0,0.0,0.0,0.0,0.0
2026-06-02 13:55:05,0.0,0.0,0.0,0.0,0.0,0.0,0.0,0.0,29.242979242979242,32.05128205128205,988.7920532226562,34.0,0.0,35.0,0.0,1.0,0.0,1.0,0.0,1.0,1.0,0.0,0.0,0.0,0.0
2026-06-02 13:55:07,0.0,0.0,0.0,0.0,0.0,0.0,0.0,0.0,29.23076923076923,32.02686202686203,988.7920532226562,34.0,0.0,35.0,0.0,1.0,0.0,1.0,0.0,1.0,1.0,0.0,0.0,0.0,0.0
2026-06-02 13:55:08,0.0,0.0,0.0,0.0,0.0,0.0,0.0,0.0,29.16971916971917,31.978021978021978,988.7920532226562,34.0,0.0,35.0,0.0,1.0,0.0,1.0,0.0,1.0,1.0,0.0,0.0,0.0,0.0
2026-06-02 13:55:09,0.0,0.0,0.0,0.0,0.0,0.0,0.0,0.0,29.145299145299145,31.965811965811966,988.7920532226562,34.0,0.0,35.0,0.0,1.0,0.0,1.0,0.0,1.0,1.0,0.0,0.0,0.0,0.0
2026-06-02 13:55:10,0.0,0.0,0.0,0.0,0.0,0.0,0.0,0.0,29.133089133089133,31.953601953601954,988.7920532226562,34.0,0.0,35.0,0.0,1.0,0.0,1.0,0.0,1.0,1.0,0.0,0.0,0.0,0.0
2026-06-02 13:55:11,0.0,0.0,0.0,0.0,0.0,0.0,0.0,0.0,29.133089133089133,31.953601953601954,988.7920532226562,34.0,0.0,35.0,0.0,1.0,0.0,1.0,0.0,1.0,1.0,0.0,0.0,0.0,0.0
2026-06-02 13:55:13,0.0,0.0,0.0,0.0,0.0,0.0,0.0,0.0,29.194139194139193,32.002442002442,988.7920532226562,34.0,0.0,35.0,0.0,1.0,0.0,1.0,0.0,1.0,1.0,0.0,0.0,0.0,0.0
2026-06-02 13:55:14,0.0,0.0,0.0,0.0,0.0,0.0,0.0,0.0,29.218559218559218,32.03907203907204,988.7920532226562,34.0,0.0,35.0,0.0,1.0,0.0,1.0,0.0,1.0,1.0,0.0,0.0,0.0,0.0
2026-06-02 13:55:15,0.0,0.0,0.0,0.0,0.0,0.0,0.0,0.0,29.23076923076923,32.03907203907204,988.7920532226562,34.0,0.0,35.0,0.0,1.0,0.0,1.0,0.0,1.0,1.0,0.0,0.0,0.0,0.0
2026-06-02 13:55:16,0.0,0.0,0.0,0.0,0.0,0.0,0.0,0.0,29.16971916971917,31.99023199023199,988.7920532226562,34.0,0.0,35.0,0.0,1.0,0.0,1.0,0.0,1.0,1.0,0.0,0.0,0.0,0.0
2026-06-02 13:55:18,0.0,0.0,0.0,0.0,0.0,0.0,0.0,0.0,29.10866910866911,31.92918192918193,988.7920532226562,34.0,0.0,35.0,0.0,1.0,0.0,1.0,0.0,1.0,1.0,0.0,0.0,0.0,0.0
2026-06-02 13:55:19,0.0,0.0,0.0,0.0,0.0,0.0,0.0,0.0,29.145299145299145,31.94139194139194,988.7920532226562,34.0,0.0,35.0,0.0,1.0,0.0,1.0,0.0,1.0,1.0,0.0,0.0,0.0,0.0
2026-06-02 13:55:20,0.0,0.0,0.0,0.0,0.0,0.0,0.0,0.0,29.157509157509157,31.965811965811966,988.7920532226562,34.0,0.0,35.0,0.0,1.0,0.0,1.0,0.0,1.0,1.0,0.0,0.0,0.0,0.0
2026-06-02 13:55:21,0.0,0.0,0.0,0.0,0.0,0.0,0.0,0.0,29.18192918192918,31.978021978021978,988.7920532226562,34.0,0.0,35.0,0.0,1.0,0.0,1.0,0.0,1.0,1.0,0.0,0.0,0.0,0.0
2026-06-02 13:55:22,0.0,0.0,0.0,0.0,0.0,0.0,0.0,0.0,29.218559218559218,32.014652014652015,988.7920532226562,34.0,0.0,35.0,0.0,1.0,0.0,1.0,0.0,1.0,1.0,0.0,0.0,0.0,0.0
2026-06-02 13:55:24,0.0,0.0,0.0,0.0,0.0,0.0,0.0,0.0,29.218559218559218,32.02686202686203,988.7920532226562,34.0,0.0,35.0,0.0,1.0,0.0,1.0,0.0,1.0,1.0,0.0,0.0,0.0,0.0
2026-06-02 13:55:25,0.0,0.0,0.0,0.0,0.0,0.0,0.0,0.0,29.157509157509157,31.965811965811966,988.7920532226562,34.0,0.0,35.0,0.0,1.0,0.0,1.0,0.0,1.0,1.0,0.0,0.0,0.0,0.0
2026-06-02 13:55:26,0.0,0.0,0.0,0.0,0.0,0.0,0.0,0.0,29.133089133089133,31.953601953601954,988.7920532226562,34.0,0.0,35.0,0.0,1.0,0.0,1.0,0.0,1.0,1.0,0.0,0.0,0.0,0.0
2026-06-02 13:55:28,0.0,0.0,0.0,0.0,0.0,0.0,0.0,0.0,29.157509157509157,31.965811965811966,988.7920532226562,34.0,0.0,35.0,0.0,1.0,0.0,1.0,0.0,1.0,1.0,0.0,0.0,0.0,0.0
2026-06-02 13:55:29,0.0,0.0,0.0,0.0,0.0,0.0,0.0,0.0,29.218559218559218,32.02686202686203,988.7920532226562,34.0,0.0,35.0,0.0,1.0,0.0,1.0,0.0,1.0,1.0,0.0,0.0,0.0,0.0
2026-06-02 13:55:30,0.0,0.0,0.0,0.0,0.0,0.0,0.0,0.0,29.206349206349206,32.03907203907204,988.7920532226562,34.0,0.0,35.0,0.0,1.0,0.0,1.0,0.0,1.0,1.0,0.0,0.0,0.0,0.0
2026-06-02 13:55:31,0.0,0.0,0.0,0.0,0.0,0.0,0.0,0.0,29.218559218559218,32.014652014652015,988.7920532226562,34.0,0.0,35.0,0.0,1.0,0.0,1.0,0.0,1.0,1.0,0.0,0.0,0.0,0.0
2026-06-02 13:55:33,0.0,0.0,0.0,0.0,0.0,0.0,0.0,0.0,29.18192918192918,32.002442002442,988.7920532226562,34.0,0.0,35.0,0.0,1.0,0.0,1.0,0.0,1.0,1.0,0.0,0.0,0.0,0.0
2026-06-02 13:55:34,0.0,0.0,0.0,0.0,0.0,0.0,0.0,0.0,29.157509157509157,31.965811965811966,988.7920532226562,34.0,0.0,35.0,0.0,1.0,0.0,1.0,0.0,1.0,1.0,0.0,0.0,0.0,0.0
2026-06-02 13:55:35,0.0,0.0,0.0,0.0,0.0,0.0,0.0,0.0,29.133089133089133,31.953601953601954,988.7920532226562,34.0,0.0,35.0,0.0,1.0,0.0,1.0,0.0,1.0,1.0,0.0,0.0,0.0,0.0
2026-06-02 13:55:37,0.0,0.0,0.0,0.0,0.0,0.0,0.0,0.0,29.145299145299145,31.953601953601954,988.7920532226562,34.0,0.0,35.0,0.0,1.0,0.0,1.0,0.0,1.0,1.0,0.0,0.0,0.0,0.0
2026-06-02 13:55:38,0.0,0.0,0.0,0.0,0.0,0.0,0.0,0.0,29.16971916971917,31.965811965811966,988.7920532226562,34.0,0.0,35.0,0.0,1.0,0.0,1.0,0.0,1.0,1.0,0.0,0.0,0.0,0.0
2026-06-02 13:55:39,0.0,0.0,0.0,0.0,0.0,0.0,0.0,0.0,29.194139194139193,31.99023199023199,988.7920532226562,34.0,0.0,35.0,0.0,1.0,0.0,1.0,0.0,1.0,1.0,0.0,0.0,0.0,0.0
2026-06-02 13:55:41,0.0,0.0,0.0,0.0,0.0,0.0,0.0,0.0,29.18192918192918,31.978021978021978,988.7920532226562,34.0,0.0,35.0,0.0,1.0,0.0,1.0,0.0,1.0,1.0,0.0,0.0,0.0,0.0
2026-06-02 13:55:42,0.0,0.0,0.0,0.0,0.0,0.0,0.0,0.0,29.194139194139193,32.002442002442,988.7920532226562,34.0,0.0,35.0,0.0,1.0,0.0,1.0,0.0,1.0,1.0,0.0,0.0,0.0,0.0
2026-06-02 13:55:43,0.0,0.0,0.0,0.0,0.0,0.0,0.0,0.0,29.194139194139193,31.99023199023199,988.7920532226562,34.0,0.0,35.0,0.0,1.0,0.0,1.0,0.0,1.0,1.0,0.0,0.0,0.0,0.0
2026-06-02 13:55:44,0.0,0.0,0.0,0.0,0.0,0.0,0.0,0.0,29.194139194139193,32.014652014652015,988.7920532226562,34.0,0.0,35.0,0.0,1.0,0.0,1.0,0.0,1.0,1.0,0.0,0.0,0.0,0.0
2026-06-02 13:55:46,0.0,0.0,0.0,0.0,0.0,0.0,0.0,0.0,29.194139194139193,32.02686202686203,988.7920532226562,34.0,0.0,35.0,0.0,1.0,0.0,1.0,0.0,1.0,1.0,0.0,0.0,0.0,0.0
2026-06-02 13:55:47,0.0,0.0,0.0,0.0,0.0,0.0,0.0,0.0,29.145299145299145,31.94139194139194,988.7920532226562,34.0,0.0,35.0,0.0,1.0,0.0,1.0,0.0,1.0,1.0,0.0,0.0,0.0,0.0
2026-06-02 13:55:49,0.0,0.0,0.0,0.0,0.0,0.0,0.0,0.0,29.157509157509157,31.953601953601954,988.7920532226562,34.0,0.0,35.0,0.0,1.0,0.0,1.0,0.0,1.0,1.0,0.0,0.0,0.0,0.0
2026-06-02 13:55:50,0.0,0.0,0.0,0.0,0.0,0.0,0.0,0.0,29.16971916971917,31.965811965811966,988.7920532226562,34.0,0.0,35.0,0.0,1.0,0.0,1.0,0.0,1.0,1.0,0.0,0.0,0.0,0.0
2026-06-02 13:55:51,0.0,0.0,0.0,0.0,0.0,0.0,0.0,0.0,29.145299145299145,31.978021978021978,988.7920532226562,34.0,0.0,35.0,0.0,1.0,0.0,1.0,0.0,1.0,1.0,0.0,0.0,0.0,0.0
2026-06-02 13:55:53,0.0,0.0,0.0,0.0,0.0,0.0,0.0,0.0,29.157509157509157,31.965811965811966,988.7920532226562,34.0,0.0,35.0,0.0,1.0,0.0,1.0,0.0,1.0,1.0,0.0,0.0,0.0,0.0
2026-06-02 13:55:54,0.0,0.0,0.0,0.0,0.0,0.0,0.0,0.0,29.16971916971917,31.978021978021978,988.7920532226562,34.0,0.0,35.0,0.0,1.0,0.0,1.0,0.0,1.0,1.0,0.0,0.0,0.0,0.0
2026-06-02 13:55:55,0.0,0.0,0.0,0.0,0.0,0.0,0.0,0.0,29.194139194139193,31.978021978021978,988.7920532226562,34.0,0.0,35.0,0.0,1.0,0.0,1.0,0.0,1.0,1.0,0.0,0.0,0.0,0.0
2026-06-02 13:55:56,0.0,0.0,0.0,0.0,0.0,0.0,0.0,0.0,29.206349206349206,32.014652014652015,988.7920532226562,34.0,0.0,35.0,0.0,1.0,0.0,1.0,0.0,1.0,1.0,0.0,0.0,0.0,0.0
2026-06-02 13:55:57,0.0,0.0,0.0,0.0,0.0,0.0,0.0,0.0,29.218559218559218,32.03907203907204,988.7920532226562,34.0,0.0,35.0,0.0,1.0,0.0,1.0,0.0,1.0,1.0,0.0,0.0,0.0,0.0
2026-06-02 13:55:58,0.0,0.0,0.0,0.0,0.0,0.0,0.0,0.0,29.218559218559218,32.03907203907204,988.7920532226562,34.0,0.0,35.0,0.0,1.0,0.0,1.0,0.0,1.0,1.0,0.0,0.0,0.0,0.0
2026-06-02 13:56:00,0.0,0.0,0.0,0.0,0.0,0.0,0.0,0.0,29.18192918192918,31.978021978021978,988.7920532226562,34.0,0.0,35.0,0.0,1.0,0.0,1.0,0.0,1.0,1.0,0.0,0.0,0.0,0.0
2026-06-02 13:56:01,0.0,0.0,0.0,0.0,0.0,0.0,0.0,0.0,29.157509157509157,31.965811965811966,988.7920532226562,34.0,0.0,35.0,0.0,1.0,0.0,1.0,0.0,1.0,1.0,0.0,0.0,0.0,0.0
2026-06-02 13:56:02,0.0,0.0,0.0,0.0,0.0,0.0,0.0,0.0,29.133089133089133,31.92918192918193,988.7920532226562,34.0,0.0,35.0,0.0,1.0,0.0,1.0,0.0,1.0,1.0,0.0,0.0,0.0,0.0
2026-06-02 13:56:03,0.0,0.0,0.0,0.0,0.0,0.0,0.0,0.0,29.145299145299145,31.94139194139194,988.7920532226562,34.0,0.0,35.0,0.0,1.0,0.0,1.0,0.0,1.0,1.0,0.0,0.0,0.0,0.0
2026-06-02 13:56:04,0.0,0.0,0.0,0.0,0.0,0.0,0.0,0.0,29.16971916971917,31.978021978021978,988.7920532226562,34.0,0.0,35.0,0.0,1.0,0.0,1.0,0.0,1.0,1.0,0.0,0.0,0.0,0.0
2026-06-02 13:56:05,0.0,0.0,0.0,0.0,0.0,0.0,0.0,0.0,29.194139194139193,32.014652014652015,988.7920532226562,34.0,0.0,35.0,0.0,1.0,0.0,1.0,0.0,1.0,1.0,0.0,0.0,0.0,0.0
2026-06-02 13:56:07,0.0,0.0,0.0,0.0,0.0,0.0,0.0,0.0,29.23076923076923,32.03907203907204,988.7920532226562,34.0,0.0,35.0,0.0,1.0,0.0,1.0,0.0,1.0,1.0,0.0,0.0,0.0,0.0
2026-06-02 13:56:08,0.0,0.0,0.0,0.0,0.0,0.0,0.0,0.0,29.23076923076923,32.03907203907204,988.7920532226562,34.0,0.0,35.0,0.0,1.0,0.0,1.0,0.0,1.0,1.0,0.0,0.0,0.0,0.0
2026-06-02 13:56:09,0.0,0.0,0.0,0.0,0.0,0.0,0.0,0.0,29.218559218559218,32.02686202686203,988.7920532226562,34.0,0.0,35.0,0.0,1.0,0.0,1.0,0.0,1.0,1.0,0.0,0.0,0.0,0.0
2026-06-02 13:56:10,0.0,0.0,0.0,0.0,0.0,0.0,0.0,0.0,29.157509157509157,31.953601953601954,988.7920532226562,34.0,0.0,35.0,0.0,1.0,0.0,1.0,0.0,1.0,1.0,0.0,0.0,0.0,0.0
2026-06-02 13:56:11,0.0,0.0,0.0,0.0,0.0,0.0,0.0,0.0,29.145299145299145,31.953601953601954,988.7920532226562,34.0,0.0,35.0,0.0,1.0,0.0,1.0,0.0,1.0,1.0,0.0,0.0,0.0,0.0
2026-06-02 13:56:13,0.0,0.0,0.0,0.0,0.0,0.0,0.0,0.0,29.145299145299145,31.94139194139194,988.7920532226562,34.0,0.0,35.0,0.0,1.0,0.0,1.0,0.0,1.0,1.0,0.0,0.0,0.0,0.0
2026-06-02 13:56:14,0.0,0.0,0.0,0.0,0.0,0.0,0.0,0.0,29.145299145299145,31.953601953601954,988.7920532226562,34.0,0.0,35.0,0.0,1.0,0.0,1.0,0.0,1.0,1.0,0.0,0.0,0.0,0.0
2026-06-02 13:56:15,0.0,0.0,0.0,0.0,0.0,0.0,0.0,0.0,29.145299145299145,31.953601953601954,988.7920532226562,34.0,0.0,35.0,0.0,1.0,0.0,1.0,0.0,1.0,1.0,0.0,0.0,0.0,0.0
2026-06-02 13:56:17,0.0,0.0,0.0,0.0,0.0,0.0,0.0,0.0,29.16971916971917,31.965811965811966,988.7920532226562,34.0,0.0,35.0,0.0,1.0,0.0,1.0,0.0,1.0,1.0,0.0,0.0,0.0,0.0
2026-06-02 13:56:18,0.0,0.0,0.0,0.0,0.0,0.0,0.0,0.0,29.157509157509157,31.953601953601954,988.7920532226562,34.0,0.0,35.0,0.0,1.0,0.0,1.0,0.0,1.0,1.0,0.0,0.0,0.0,0.0
2026-06-02 13:56:19,0.0,0.0,0.0,0.0,0.0,0.0,0.0,0.0,29.157509157509157,31.978021978021978,988.7920532226562,34.0,0.0,35.0,0.0,1.0,0.0,1.0,0.0,1.0,1.0,0.0,0.0,0.0,0.0
2026-06-02 13:56:21,0.0,0.0,0.0,0.0,0.0,0.0,0.0,0.0,29.206349206349206,32.002442002442,988.7920532226562,34.0,0.0,35.0,0.0,1.0,0.0,1.0,0.0,1.0,1.0,0.0,0.0,0.0,0.0
2026-06-02 13:56:22,0.0,0.0,0.0,0.0,0.0,0.0,0.0,0.0,29.23076923076923,32.02686202686203,988.7920532226562,34.0,0.0,35.0,0.0,1.0,0.0,1.0,0.0,1.0,1.0,0.0,0.0,0.0,0.0
2026-06-02 13:56:23,0.0,0.0,0.0,0.0,0.0,0.0,0.0,0.0,29.23076923076923,32.03907203907204,988.7920532226562,34.0,0.0,35.0,0.0,1.0,0.0,1.0,0.0,1.0,1.0,0.0,0.0,0.0,0.0
2026-06-02 13:56:25,0.0,0.0,0.0,0.0,0.0,0.0,0.0,0.0,29.18192918192918,32.002442002442,988.7920532226562,34.0,0.0,35.0,0.0,1.0,0.0,1.0,0.0,1.0,1.0,0.0,0.0,0.0,0.0
2026-06-02 13:56:26,0.0,0.0,0.0,0.0,0.0,0.0,0.0,0.0,29.157509157509157,31.953601953601954,988.7920532226562,34.0,0.0,35.0,0.0,1.0,0.0,1.0,0.0,1.0,1.0,0.0,0.0,0.0,0.0
2026-06-02 13:56:27,0.0,0.0,0.0,0.0,0.0,0.0,0.0,0.0,29.133089133089133,31.916971916971917,988.7920532226562,34.0,0.0,35.0,0.0,1.0,0.0,1.0,0.0,1.0,1.0,0.0,0.0,0.0,0.0
2026-06-02 13:56:29,0.0,0.0,0.0,0.0,0.0,0.0,0.0,0.0,29.157509157509157,31.953601953601954,988.7920532226562,34.0,0.0,35.0,0.0,1.0,0.0,1.0,0.0,1.0,1.0,0.0,0.0,0.0,0.0
2026-06-02 13:56:30,0.0,0.0,0.0,0.0,0.0,0.0,0.0,0.0,29.157509157509157,31.953601953601954,988.7920532226562,34.0,0.0,35.0,0.0,1.0,0.0,1.0,0.0,1.0,1.0,0.0,0.0,0.0,0.0
2026-06-02 13:56:31,0.0,0.0,0.0,0.0,0.0,0.0,0.0,0.0,29.16971916971917,31.978021978021978,988.7920532226562,34.0,0.0,35.0,0.0,1.0,0.0,1.0,0.0,1.0,1.0,0.0,0.0,0.0,0.0
2026-06-02 13:56:33,0.0,0.0,0.0,0.0,0.0,0.0,0.0,0.0,29.157509157509157,31.953601953601954,988.7920532226562,34.0,0.0,35.0,0.0,1.0,0.0,1.0,0.0,1.0,1.0,0.0,0.0,0.0,0.0
2026-06-02 13:56:34,0.0,0.0,0.0,0.0,0.0,0.0,0.0,0.0,29.18192918192918,31.99023199023199,988.7920532226562,34.0,0.0,35.0,0.0,1.0,0.0,1.0,0.0,1.0,1.0,0.0,0.0,0.0,0.0
2026-06-02 13:56:36,0.0,0.0,0.0,0.0,0.0,0.0,0.0,0.0,29.16971916971917,31.978021978021978,988.7920532226562,34.0,0.0,35.0,0.0,1.0,0.0,1.0,0.0,1.0,1.0,0.0,0.0,0.0,0.0
2026-06-02 13:56:37,0.0,0.0,0.0,0.0,0.0,0.0,0.0,0.0,29.218559218559218,32.02686202686203,988.7920532226562,34.0,0.0,35.0,0.0,1.0,0.0,1.0,0.0,1.0,1.0,0.0,0.0,0.0,0.0
2026-06-02 13:56:39,0.0,0.0,0.0,0.0,0.0,0.0,0.0,0.0,29.23076923076923,32.02686202686203,988.7920532226562,34.0,0.0,35.0,0.0,1.0,0.0,1.0,0.0,1.0,1.0,0.0,0.0,0.0,0.0
2026-06-02 13:56:40,0.0,0.0,0.0,0.0,0.0,0.0,0.0,0.0,29.23076923076923,32.05128205128205,988.7920532226562,34.0,0.0,35.0,0.0,1.0,0.0,1.0,0.0,1.0,1.0,0.0,0.0,0.0,0.0
2026-06-02 13:56:41,0.0,0.0,0.0,0.0,0.0,0.0,0.0,0.0,29.16971916971917,31.99023199023199,988.7920532226562,34.0,0.0,35.0,0.0,1.0,0.0,1.0,0.0,1.0,1.0,0.0,0.0,0.0,0.0
2026-06-02 13:56:43,0.0,0.0,0.0,0.0,0.0,0.0,0.0,0.0,29.145299145299145,31.965811965811966,988.7920532226562,34.0,0.0,35.0,0.0,1.0,0.0,1.0,0.0,1.0,1.0,0.0,0.0,0.0,0.0
2026-06-02 13:56:44,0.0,0.0,0.0,0.0,0.0,0.0,0.0,0.0,29.10866910866911,31.92918192918193,988.7920532226562,34.0,0.0,35.0,0.0,1.0,0.0,1.0,0.0,1.0,1.0,0.0,0.0,0.0,0.0
2026-06-02 13:56:46,0.0,0.0,0.0,0.0,0.0,0.0,0.0,0.0,29.194139194139193,32.002442002442,988.7920532226562,34.0,0.0,35.0,0.0,1.0,0.0,1.0,0.0,1.0,1.0,0.0,0.0,0.0,0.0
2026-06-02 13:56:47,0.0,0.0,0.0,0.0,0.0,0.0,0.0,0.0,29.218559218559218,32.03907203907204,988.7920532226562,34.0,0.0,35.0,0.0,1.0,0.0,1.0,0.0,1.0,1.0,0.0,0.0,0.0,0.0
2026-06-02 13:56:48,0.0,0.0,0.0,0.0,0.0,0.0,0.0,0.0,29.218559218559218,32.03907203907204,988.7920532226562,34.0,0.0,35.0,0.0,1.0,0.0,1.0,0.0,1.0,1.0,0.0,0.0,0.0,0.0
2026-06-02 13:56:50,0.0,0.0,0.0,0.0,0.0,0.0,0.0,0.0,29.145299145299145,31.953601953601954,988.7920532226562,34.0,0.0,35.0,0.0,1.0,0.0,1.0,0.0,1.0,1.0,0.0,0.0,0.0,0.0
2026-06-02 13:56:51,0.0,0.0,0.0,0.0,0.0,0.0,0.0,0.0,29.145299145299145,31.916971916971917,988.7920532226562,34.0,0.0,35.0,0.0,1.0,0.0,1.0,0.0,1.0,1.0,0.0,0.0,0.0,0.0
2026-06-02 13:56:53,0.0,0.0,0.0,0.0,0.0,0.0,0.0,0.0,29.18192918192918,31.99023199023199,988.7920532226562,34.0,0.0,35.0,0.0,1.0,0.0,1.0,0.0,1.0,1.0,0.0,0.0,0.0,0.0
2026-06-02 13:56:54,0.0,0.0,0.0,0.0,0.0,0.0,0.0,0.0,29.194139194139193,31.978021978021978,988.7920532226562,34.0,0.0,35.0,0.0,1.0,0.0,1.0,0.0,1.0,1.0,0.0,0.0,0.0,0.0
2026-06-02 13:56:56,0.0,0.0,0.0,0.0,0.0,0.0,0.0,0.0,29.206349206349206,32.014652014652015,988.7920532226562,34.0,0.0,35.0,0.0,1.0,0.0,1.0,0.0,1.0,1.0,0.0,0.0,0.0,0.0
2026-06-02 13:56:57,0.0,0.0,0.0,0.0,0.0,0.0,0.0,0.0,29.242979242979242,32.03907203907204,988.7920532226562,34.0,0.0,35.0,0.0,1.0,0.0,1.0,0.0,1.0,1.0,0.0,0.0,0.0,0.0
2026-06-02 13:56:59,0.0,0.0,0.0,0.0,0.0,0.0,0.0,0.0,29.133089133089133,31.94139194139194,988.7920532226562,34.0,0.0,35.0,0.0,1.0,0.0,1.0,0.0,1.0,1.0,0.0,0.0,0.0,0.0
2026-06-02 13:57:00,0.0,0.0,0.0,0.0,0.0,0.0,0.0,0.0,29.10866910866911,31.92918192918193,988.7920532226562,34.0,0.0,35.0,0.0,1.0,0.0,1.0,0.0,1.0,1.0,0.0,0.0,0.0,0.0
2026-06-02 13:57:02,0.0,0.0,0.0,0.0,0.0,0.0,0.0,0.0,29.194139194139193,31.978021978021978,988.7920532226562,34.0,0.0,35.0,0.0,1.0,0.0,1.0,0.0,1.0,1.0,0.0,0.0,0.0,0.0
2026-06-02 13:57:03,0.0,0.0,0.0,0.0,0.0,0.0,0.0,0.0,29.194139194139193,31.978021978021978,988.7920532226562,34.0,0.0,35.0,0.0,1.0,0.0,1.0,0.0,1.0,1.0,0.0,0.0,0.0,0.0
2026-06-02 13:57:04,0.0,0.0,0.0,0.0,0.0,0.0,0.0,0.0,29.23076923076923,32.02686202686203,988.7920532226562,34.0,0.0,35.0,0.0,1.0,0.0,1.0,0.0,1.0,1.0,0.0,0.0,0.0,0.0
2026-06-02 13:57:06,0.0,0.0,0.0,0.0,0.0,0.0,0.0,0.0,29.218559218559218,32.02686202686203,988.7920532226562,34.0,0.0,35.0,0.0,1.0,0.0,1.0,0.0,1.0,1.0,0.0,0.0,0.0,0.0
2026-06-02 13:57:07,0.0,0.0,0.0,0.0,0.0,0.0,0.0,0.0,29.206349206349206,32.02686202686203,988.7920532226562,34.0,0.0,35.0,0.0,1.0,0.0,1.0,0.0,1.0,1.0,0.0,0.0,0.0,0.0
2026-06-02 13:57:08,0.0,0.0,0.0,0.0,0.0,0.0,0.0,0.0,29.145299145299145,31.965811965811966,988.7920532226562,34.0,0.0,35.0,0.0,1.0,0.0,1.0,0.0,1.0,1.0,0.0,0.0,0.0,0.0
2026-06-02 13:57:10,0.0,0.0,0.0,0.0,0.0,0.0,0.0,0.0,29.133089133089133,31.953601953601954,988.7920532226562,34.0,0.0,35.0,0.0,1.0,0.0,1.0,0.0,1.0,1.0,0.0,0.0,0.0,0.0
2026-06-02 13:57:11,0.0,0.0,0.0,0.0,0.0,0.0,0.0,0.0,29.18192918192918,31.965811965811966,988.7920532226562,34.0,0.0,35.0,0.0,1.0,0.0,1.0,0.0,1.0,1.0,0.0,0.0,0.0,0.0
2026-06-02 13:57:12,0.0,0.0,0.0,0.0,0.0,0.0,0.0,0.0,29.194139194139193,32.002442002442,988.7920532226562,34.0,0.0,35.0,0.0,1.0,0.0,1.0,0.0,1.0,1.0,0.0,0.0,0.0,0.0
2026-06-02 13:57:13,0.0,0.0,0.0,0.0,0.0,0.0,0.0,0.0,29.218559218559218,32.03907203907204,988.7920532226562,34.0,0.0,35.0,0.0,1.0,0.0,1.0,0.0,1.0,1.0,0.0,0.0,0.0,0.0
2026-06-02 13:57:15,0.0,0.0,0.0,0.0,0.0,0.0,0.0,0.0,29.218559218559218,32.05128205128205,988.7920532226562,34.0,0.0,35.0,0.0,1.0,0.0,1.0,0.0,1.0,1.0,0.0,0.0,0.0,0.0
2026-06-02 13:57:16,0.0,0.0,0.0,0.0,0.0,0.0,0.0,0.0,29.145299145299145,31.953601953601954,988.7920532226562,34.0,0.0,35.0,0.0,1.0,0.0,1.0,0.0,1.0,1.0,0.0,0.0,0.0,0.0
2026-06-02 13:57:17,0.0,0.0,0.0,0.0,0.0,0.0,0.0,0.0,29.145299145299145,31.953601953601954,988.7920532226562,34.0,0.0,35.0,0.0,1.0,0.0,1.0,0.0,1.0,1.0,0.0,0.0,0.0,0.0
2026-06-02 13:57:19,0.0,0.0,0.0,0.0,0.0,0.0,0.0,0.0,29.157509157509157,31.953601953601954,988.7920532226562,34.0,0.0,35.0,0.0,1.0,0.0,1.0,0.0,1.0,1.0,0.0,0.0,0.0,0.0
2026-06-02 13:57:20,0.0,0.0,0.0,0.0,0.0,0.0,0.0,0.0,29.157509157509157,31.965811965811966,988.7920532226562,34.0,0.0,35.0,0.0,1.0,0.0,1.0,0.0,1.0,1.0,0.0,0.0,0.0,0.0
2026-06-02 13:57:21,0.0,0.0,0.0,0.0,0.0,0.0,0.0,0.0,29.16971916971917,31.99023199023199,988.7920532226562,34.0,0.0,35.0,0.0,1.0,0.0,1.0,0.0,1.0,1.0,0.0,0.0,0.0,0.0
2026-06-02 13:57:22,0.0,0.0,0.0,0.0,0.0,0.0,0.0,0.0,29.157509157509157,31.965811965811966,988.7920532226562,34.0,0.0,35.0,0.0,1.0,0.0,1.0,0.0,1.0,1.0,0.0,0.0,0.0,0.0
2026-06-02 13:57:24,0.0,0.0,0.0,0.0,0.0,0.0,0.0,0.0,29.206349206349206,31.99023199023199,988.7920532226562,34.0,0.0,35.0,0.0,1.0,0.0,1.0,0.0,1.0,1.0,0.0,0.0,0.0,0.0
2026-06-02 13:57:25,0.0,0.0,0.0,0.0,0.0,0.0,0.0,0.0,29.23076923076923,32.014652014652015,988.7920532226562,34.0,0.0,35.0,0.0,1.0,0.0,1.0,0.0,1.0,1.0,0.0,0.0,0.0,0.0
2026-06-02 13:57:26,0.0,0.0,0.0,0.0,0.0,0.0,0.0,0.0,29.23076923076923,32.03907203907204,988.7920532226562,34.0,0.0,35.0,0.0,1.0,0.0,1.0,0.0,1.0,1.0,0.0,0.0,0.0,0.0
2026-06-02 13:57:27,0.0,0.0,0.0,0.0,0.0,0.0,0.0,0.0,29.206349206349206,32.02686202686203,988.7920532226562,34.0,0.0,35.0,0.0,1.0,0.0,1.0,0.0,1.0,1.0,0.0,0.0,0.0,0.0
2026-06-02 13:57:28,0.0,0.0,0.0,0.0,0.0,0.0,0.0,0.0,29.157509157509157,31.965811965811966,988.7920532226562,34.0,0.0,35.0,0.0,1.0,0.0,1.0,0.0,1.0,1.0,0.0,0.0,0.0,0.0
2026-06-02 13:57:29,0.0,0.0,0.0,0.0,0.0,0.0,0.0,0.0,29.12087912087912,31.92918192918193,988.7920532226562,34.0,0.0,35.0,0.0,1.0,0.0,1.0,0.0,1.0,1.0,0.0,0.0,0.0,0.0
2026-06-02 13:57:31,0.0,0.0,0.0,0.0,0.0,0.0,0.0,0.0,29.145299145299145,31.953601953601954,988.7920532226562,34.0,0.0,35.0,0.0,1.0,0.0,1.0,0.0,1.0,1.0,0.0,0.0,0.0,0.0
2026-06-02 13:57:32,0.0,0.0,0.0,0.0,0.0,0.0,0.0,0.0,29.12087912087912,31.953601953601954,988.7920532226562,34.0,0.0,35.0,0.0,1.0,0.0,1.0,0.0,1.0,1.0,0.0,0.0,0.0,0.0
2026-06-02 13:57:33,0.0,0.0,0.0,0.0,0.0,0.0,0.0,0.0,29.145299145299145,31.94139194139194,988.7920532226562,34.0,0.0,35.0,0.0,1.0,0.0,1.0,0.0,1.0,1.0,0.0,0.0,0.0,0.0
2026-06-02 13:57:34,0.0,0.0,0.0,0.0,0.0,0.0,0.0,0.0,29.145299145299145,31.953601953601954,988.7920532226562,34.0,0.0,35.0,0.0,1.0,0.0,1.0,0.0,1.0,1.0,0.0,0.0,0.0,0.0
2026-06-02 13:57:35,0.0,0.0,0.0,0.0,0.0,0.0,0.0,0.0,29.16971916971917,31.965811965811966,988.7920532226562,34.0,0.0,35.0,0.0,1.0,0.0,1.0,0.0,1.0,1.0,0.0,0.0,0.0,0.0
2026-06-02 13:57:36,0.0,0.0,0.0,0.0,0.0,0.0,0.0,0.0,29.145299145299145,31.953601953601954,988.7920532226562,34.0,0.0,35.0,0.0,1.0,0.0,1.0,0.0,1.0,1.0,0.0,0.0,0.0,0.0
2026-06-02 13:57:38,0.0,0.0,0.0,0.0,0.0,0.0,0.0,0.0,29.145299145299145,31.953601953601954,988.7920532226562,34.0,0.0,35.0,0.0,1.0,0.0,1.0,0.0,1.0,1.0,0.0,0.0,0.0,0.0
2026-06-02 13:57:39,0.0,0.0,0.0,0.0,0.0,0.0,0.0,0.0,29.18192918192918,31.99023199023199,988.7920532226562,34.0,0.0,35.0,0.0,1.0,0.0,1.0,0.0,1.0,1.0,0.0,0.0,0.0,0.0
2026-06-02 13:57:40,0.0,0.0,0.0,0.0,0.0,0.0,0.0,0.0,29.16971916971917,31.99023199023199,988.7920532226562,34.0,0.0,35.0,0.0,1.0,0.0,1.0,0.0,1.0,1.0,0.0,0.0,0.0,0.0
2026-06-02 13:57:42,0.0,0.0,0.0,0.0,0.0,0.0,0.0,0.0,29.194139194139193,31.99023199023199,988.7920532226562,34.0,0.0,35.0,0.0,1.0,0.0,1.0,0.0,1.0,1.0,0.0,0.0,0.0,0.0
2026-06-02 13:57:43,0.0,0.0,0.0,0.0,0.0,0.0,0.0,0.0,29.206349206349206,31.99023199023199,988.7920532226562,34.0,0.0,35.0,0.0,1.0,0.0,1.0,0.0,1.0,1.0,0.0,0.0,0.0,0.0
2026-06-02 13:57:44,0.0,0.0,0.0,0.0,0.0,0.0,0.0,0.0,29.218559218559218,31.99023199023199,988.7920532226562,34.0,0.0,35.0,0.0,1.0,0.0,1.0,0.0,1.0,1.0,0.0,0.0,0.0,0.0
2026-06-02 13:57:46,0.0,0.0,0.0,0.0,0.0,0.0,0.0,0.0,29.206349206349206,32.014652014652015,988.7920532226562,34.0,0.0,35.0,0.0,1.0,0.0,1.0,0.0,1.0,1.0,0.0,0.0,0.0,0.0
2026-06-02 13:57:47,0.0,0.0,0.0,0.0,0.0,0.0,0.0,0.0,29.218559218559218,32.03907203907204,988.7920532226562,34.0,0.0,35.0,0.0,1.0,0.0,1.0,0.0,1.0,1.0,0.0,0.0,0.0,0.0
2026-06-02 13:57:48,0.0,0.0,0.0,0.0,0.0,0.0,0.0,0.0,29.23076923076923,32.03907203907204,988.7920532226562,34.0,0.0,35.0,0.0,1.0,0.0,1.0,0.0,1.0,1.0,0.0,0.0,0.0,0.0
2026-06-02 13:57:49,0.0,0.0,0.0,0.0,0.0,0.0,0.0,0.0,29.206349206349206,32.03907203907204,988.7920532226562,34.0,0.0,35.0,0.0,1.0,0.0,1.0,0.0,1.0,1.0,0.0,0.0,0.0,0.0
2026-06-02 13:57:50,0.0,0.0,0.0,0.0,0.0,0.0,0.0,0.0,29.206349206349206,32.02686202686203,988.7920532226562,34.0,0.0,35.0,0.0,1.0,0.0,1.0,0.0,1.0,1.0,0.0,0.0,0.0,0.0
2026-06-02 13:57:51,0.0,0.0,0.0,0.0,0.0,0.0,0.0,0.0,29.12087912087912,31.953601953601954,988.7920532226562,34.0,0.0,35.0,0.0,1.0,0.0,1.0,0.0,1.0,1.0,0.0,0.0,0.0,0.0
2026-06-02 13:57:52,0.0,0.0,0.0,0.0,0.0,0.0,0.0,0.0,29.12087912087912,31.953601953601954,988.7920532226562,34.0,0.0,35.0,0.0,1.0,0.0,1.0,0.0,1.0,1.0,0.0,0.0,0.0,0.0
2026-06-02 13:57:54,0.0,0.0,0.0,0.0,0.0,0.0,0.0,0.0,29.18192918192918,31.99023199023199,988.7920532226562,34.0,0.0,35.0,0.0,1.0,0.0,1.0,0.0,1.0,1.0,0.0,0.0,0.0,0.0
2026-06-02 13:57:55,0.0,0.0,0.0,0.0,0.0,0.0,0.0,0.0,29.18192918192918,31.99023199023199,988.7920532226562,34.0,0.0,35.0,0.0,1.0,0.0,1.0,0.0,1.0,1.0,0.0,0.0,0.0,0.0
2026-06-02 13:57:56,0.0,0.0,0.0,0.0,0.0,0.0,0.0,0.0,29.18192918192918,31.99023199023199,988.7920532226562,34.0,0.0,35.0,0.0,1.0,0.0,1.0,0.0,1.0,1.0,0.0,0.0,0.0,0.0
2026-06-02 13:57:58,0.0,0.0,0.0,0.0,0.0,0.0,0.0,0.0,29.18192918192918,31.978021978021978,988.7920532226562,34.0,0.0,35.0,0.0,1.0,0.0,1.0,0.0,1.0,1.0,0.0,0.0,0.0,0.0
2026-06-02 13:57:59,0.0,0.0,0.0,0.0,0.0,0.0,0.0,0.0,29.12087912087912,31.953601953601954,988.7920532226562,34.0,0.0,35.0,0.0,1.0,0.0,1.0,0.0,1.0,1.0,0.0,0.0,0.0,0.0
2026-06-02 13:58:00,0.0,0.0,0.0,0.0,0.0,0.0,0.0,0.0,29.133089133089133,31.94139194139194,988.7920532226562,34.0,0.0,35.0,0.0,1.0,0.0,1.0,0.0,1.0,1.0,0.0,0.0,0.0,0.0
2026-06-02 13:58:01,0.0,0.0,0.0,0.0,0.0,0.0,0.0,0.0,29.218559218559218,32.03907203907204,988.7920532226562,34.0,0.0,35.0,0.0,1.0,0.0,1.0,0.0,1.0,1.0,0.0,0.0,0.0,0.0
2026-06-02 13:58:03,0.0,0.0,0.0,0.0,0.0,0.0,0.0,0.0,29.157509157509157,31.978021978021978,988.7920532226562,34.0,0.0,35.0,0.0,1.0,0.0,1.0,0.0,1.0,1.0,0.0,0.0,0.0,0.0
2026-06-02 13:58:04,0.0,0.0,0.0,0.0,0.0,0.0,0.0,0.0,29.157509157509157,31.965811965811966,988.7920532226562,34.0,0.0,35.0,0.0,1.0,0.0,1.0,0.0,1.0,1.0,0.0,0.0,0.0,0.0
2026-06-02 13:58:06,0.0,0.0,0.0,0.0,0.0,0.0,0.0,0.0,29.10866910866911,31.92918192918193,988.7920532226562,34.0,0.0,35.0,0.0,1.0,0.0,1.0,0.0,1.0,1.0,0.0,0.0,0.0,0.0
2026-06-02 13:58:07,0.0,0.0,0.0,0.0,0.0,0.0,0.0,0.0,29.157509157509157,32.002442002442,988.7920532226562,34.0,0.0,35.0,0.0,1.0,0.0,1.0,0.0,1.0,1.0,0.0,0.0,0.0,0.0
2026-06-02 13:58:09,0.0,0.0,0.0,0.0,0.0,0.0,0.0,0.0,29.157509157509157,31.978021978021978,988.7920532226562,34.0,0.0,35.0,0.0,1.0,0.0,1.0,0.0,1.0,1.0,0.0,0.0,0.0,0.0
2026-06-02 13:58:10,0.0,0.0,0.0,0.0,0.0,0.0,0.0,0.0,29.218559218559218,32.014652014652015,988.7920532226562,34.0,0.0,35.0,0.0,1.0,0.0,1.0,0.0,1.0,1.0,0.0,0.0,0.0,0.0
2026-06-02 13:58:11,0.0,0.0,0.0,0.0,0.0,0.0,0.0,0.0,29.218559218559218,32.014652014652015,988.7920532226562,34.0,0.0,35.0,0.0,1.0,0.0,1.0,0.0,1.0,1.0,0.0,0.0,0.0,0.0
2026-06-02 13:58:12,0.0,0.0,0.0,0.0,0.0,0.0,0.0,0.0,29.16971916971917,31.965811965811966,988.7920532226562,34.0,0.0,35.0,0.0,1.0,0.0,1.0,0.0,1.0,1.0,0.0,0.0,0.0,0.0
2026-06-02 13:58:13,0.0,0.0,0.0,0.0,0.0,0.0,0.0,0.0,29.133089133089133,31.92918192918193,988.7920532226562,34.0,0.0,35.0,0.0,1.0,0.0,1.0,0.0,1.0,1.0,0.0,0.0,0.0,0.0
2026-06-02 13:58:15,0.0,0.0,0.0,0.0,0.0,0.0,0.0,0.0,29.133089133089133,31.94139194139194,988.7920532226562,34.0,0.0,35.0,0.0,1.0,0.0,1.0,0.0,1.0,1.0,0.0,0.0,0.0,0.0
2026-06-02 13:58:16,0.0,0.0,0.0,0.0,0.0,0.0,0.0,0.0,29.133089133089133,31.953601953601954,988.7920532226562,34.0,0.0,35.0,0.0,1.0,0.0,1.0,0.0,1.0,1.0,0.0,0.0,0.0,0.0
2026-06-02 13:58:17,0.0,0.0,0.0,0.0,0.0,0.0,0.0,0.0,29.218559218559218,32.02686202686203,988.7920532226562,34.0,0.0,35.0,0.0,1.0,0.0,1.0,0.0,1.0,1.0,0.0,0.0,0.0,0.0
2026-06-02 13:58:18,0.0,0.0,0.0,0.0,0.0,0.0,0.0,0.0,29.206349206349206,32.002442002442,988.7920532226562,34.0,0.0,35.0,0.0,1.0,0.0,1.0,0.0,1.0,1.0,0.0,0.0,0.0,0.0
2026-06-02 13:58:19,0.0,0.0,0.0,0.0,0.0,0.0,0.0,0.0,29.194139194139193,31.99023199023199,988.7920532226562,34.0,0.0,35.0,0.0,1.0,0.0,1.0,0.0,1.0,1.0,0.0,0.0,0.0,0.0
2026-06-02 13:58:21,0.0,0.0,0.0,0.0,0.0,0.0,0.0,0.0,29.16971916971917,32.002442002442,988.7920532226562,34.0,0.0,35.0,0.0,1.0,0.0,1.0,0.0,1.0,1.0,0.0,0.0,0.0,0.0
2026-06-02 13:58:22,0.0,0.0,0.0,0.0,0.0,0.0,0.0,0.0,29.145299145299145,31.978021978021978,988.7920532226562,34.0,0.0,35.0,0.0,1.0,0.0,1.0,0.0,1.0,1.0,0.0,0.0,0.0,0.0
2026-06-02 13:58:23,0.0,0.0,0.0,0.0,0.0,0.0,0.0,0.0,29.133089133089133,31.916971916971917,988.7920532226562,34.0,0.0,35.0,0.0,1.0,0.0,1.0,0.0,1.0,1.0,0.0,0.0,0.0,0.0
2026-06-02 13:58:25,0.0,0.0,0.0,0.0,0.0,0.0,0.0,0.0,29.12087912087912,31.94139194139194,988.7920532226562,34.0,0.0,35.0,0.0,1.0,0.0,1.0,0.0,1.0,1.0,0.0,0.0,0.0,0.0
2026-06-02 13:58:26,0.0,0.0,0.0,0.0,0.0,0.0,0.0,0.0,29.12087912087912,31.953601953601954,988.7920532226562,34.0,0.0,35.0,0.0,1.0,0.0,1.0,0.0,1.0,1.0,0.0,0.0,0.0,0.0
2026-06-02 13:58:27,0.0,0.0,0.0,0.0,0.0,0.0,0.0,0.0,29.12087912087912,31.94139194139194,988.7920532226562,34.0,0.0,35.0,0.0,1.0,0.0,1.0,0.0,1.0,1.0,0.0,0.0,0.0,0.0
2026-06-02 13:58:29,0.0,0.0,0.0,0.0,0.0,0.0,0.0,0.0,29.145299145299145,31.953601953601954,988.7920532226562,34.0,0.0,35.0,0.0,1.0,0.0,1.0,0.0,1.0,1.0,0.0,0.0,0.0,0.0
2026-06-02 13:58:30,0.0,0.0,0.0,0.0,0.0,0.0,0.0,0.0,29.16971916971917,31.965811965811966,988.7920532226562,34.0,0.0,35.0,0.0,1.0,0.0,1.0,0.0,1.0,1.0,0.0,0.0,0.0,0.0
2026-06-02 13:58:31,0.0,0.0,0.0,0.0,0.0,0.0,0.0,0.0,29.145299145299145,31.978021978021978,988.7920532226562,34.0,0.0,35.0,0.0,1.0,0.0,1.0,0.0,1.0,1.0,0.0,0.0,0.0,0.0
2026-06-02 13:58:33,0.0,0.0,0.0,0.0,0.0,0.0,0.0,0.0,29.16971916971917,32.002442002442,988.7920532226562,34.0,0.0,35.0,0.0,1.0,0.0,1.0,0.0,1.0,1.0,0.0,0.0,0.0,0.0
2026-06-02 13:58:34,0.0,0.0,0.0,0.0,0.0,0.0,0.0,0.0,29.18192918192918,32.002442002442,988.7920532226562,34.0,0.0,35.0,0.0,1.0,0.0,1.0,0.0,1.0,1.0,0.0,0.0,0.0,0.0
2026-06-02 13:58:35,0.0,0.0,0.0,0.0,0.0,0.0,0.0,0.0,29.206349206349206,32.014652014652015,988.7920532226562,34.0,0.0,35.0,0.0,1.0,0.0,1.0,0.0,1.0,1.0,0.0,0.0,0.0,0.0
2026-06-02 13:58:37,0.0,0.0,0.0,0.0,0.0,0.0,0.0,0.0,29.206349206349206,32.014652014652015,988.7920532226562,34.0,0.0,35.0,0.0,1.0,0.0,1.0,0.0,1.0,1.0,0.0,0.0,0.0,0.0
2026-06-02 13:58:38,0.0,0.0,0.0,0.0,0.0,0.0,0.0,0.0,29.18192918192918,32.014652014652015,988.7920532226562,34.0,0.0,35.0,0.0,1.0,0.0,1.0,0.0,1.0,1.0,0.0,0.0,0.0,0.0
2026-06-02 13:58:40,0.0,0.0,0.0,0.0,0.0,0.0,0.0,0.0,29.194139194139193,32.02686202686203,988.7920532226562,34.0,0.0,35.0,0.0,1.0,0.0,1.0,0.0,1.0,1.0,0.0,0.0,0.0,0.0
2026-06-02 13:58:41,0.0,0.0,0.0,0.0,0.0,0.0,0.0,0.0,29.18192918192918,32.014652014652015,988.7920532226562,34.0,0.0,35.0,0.0,1.0,0.0,1.0,0.0,1.0,1.0,0.0,0.0,0.0,0.0
2026-06-02 13:58:42,0.0,0.0,0.0,0.0,0.0,0.0,0.0,0.0,29.133089133089133,31.953601953601954,988.7920532226562,34.0,0.0,35.0,0.0,1.0,0.0,1.0,0.0,1.0,1.0,0.0,0.0,0.0,0.0
2026-06-02 13:58:44,0.0,0.0,0.0,0.0,0.0,0.0,0.0,0.0,29.157509157509157,31.965811965811966,988.7920532226562,34.0,0.0,35.0,0.0,1.0,0.0,1.0,0.0,1.0,1.0,0.0,0.0,0.0,0.0
2026-06-02 13:58:45,0.0,0.0,0.0,0.0,0.0,0.0,0.0,0.0,29.145299145299145,31.953601953601954,988.7920532226562,34.0,0.0,35.0,0.0,1.0,0.0,1.0,0.0,1.0,1.0,0.0,0.0,0.0,0.0
2026-06-02 13:58:47,0.0,0.0,0.0,0.0,0.0,0.0,0.0,0.0,29.145299145299145,31.99023199023199,988.7920532226562,34.0,0.0,35.0,0.0,1.0,0.0,1.0,0.0,1.0,1.0,0.0,0.0,0.0,0.0
2026-06-02 13:58:48,0.0,0.0,0.0,0.0,0.0,0.0,0.0,0.0,29.16971916971917,31.99023199023199,988.7920532226562,34.0,0.0,35.0,0.0,1.0,0.0,1.0,0.0,1.0,1.0,0.0,0.0,0.0,0.0
2026-06-02 13:58:49,0.0,0.0,0.0,0.0,0.0,0.0,0.0,0.0,29.145299145299145,31.978021978021978,988.7920532226562,34.0,0.0,35.0,0.0,1.0,0.0,1.0,0.0,1.0,1.0,0.0,0.0,0.0,0.0
2026-06-02 13:58:50,0.0,0.0,0.0,0.0,0.0,0.0,0.0,0.0,29.16971916971917,32.002442002442,988.7920532226562,34.0,0.0,35.0,0.0,1.0,0.0,1.0,0.0,1.0,1.0,0.0,0.0,0.0,0.0
2026-06-02 13:58:52,0.0,0.0,0.0,0.0,0.0,0.0,0.0,0.0,29.157509157509157,31.99023199023199,988.7920532226562,34.0,0.0,35.0,0.0,1.0,0.0,1.0,0.0,1.0,1.0,0.0,0.0,0.0,0.0
2026-06-02 13:58:53,0.0,0.0,0.0,0.0,0.0,0.0,0.0,0.0,29.18192918192918,32.002442002442,988.7920532226562,34.0,0.0,35.0,0.0,1.0,0.0,1.0,0.0,1.0,1.0,0.0,0.0,0.0,0.0
2026-06-02 13:58:54,0.0,0.0,0.0,0.0,0.0,0.0,0.0,0.0,29.206349206349206,32.02686202686203,988.7920532226562,34.0,0.0,35.0,0.0,1.0,0.0,1.0,0.0,1.0,1.0,0.0,0.0,0.0,0.0
2026-06-02 13:58:55,0.0,0.0,0.0,0.0,0.0,0.0,0.0,0.0,29.194139194139193,32.014652014652015,988.7920532226562,34.0,0.0,35.0,0.0,1.0,0.0,1.0,0.0,1.0,1.0,0.0,0.0,0.0,0.0
2026-06-02 13:58:57,0.0,0.0,0.0,0.0,0.0,0.0,0.0,0.0,29.206349206349206,32.02686202686203,988.7920532226562,34.0,0.0,35.0,0.0,1.0,0.0,1.0,0.0,1.0,1.0,0.0,0.0,0.0,0.0
2026-06-02 13:58:58,0.0,0.0,0.0,0.0,0.0,0.0,0.0,0.0,29.194139194139193,32.02686202686203,988.7920532226562,34.0,0.0,35.0,0.0,1.0,0.0,1.0,0.0,1.0,1.0,0.0,0.0,0.0,0.0
2026-06-02 13:59:00,0.0,0.0,0.0,0.0,0.0,0.0,0.0,0.0,29.194139194139193,32.02686202686203,988.7920532226562,34.0,0.0,35.0,0.0,1.0,0.0,1.0,0.0,1.0,1.0,0.0,0.0,0.0,0.0
2026-06-02 13:59:01,0.0,0.0,0.0,0.0,0.0,0.0,0.0,0.0,29.23076923076923,32.014652014652015,988.7920532226562,34.0,0.0,35.0,0.0,1.0,0.0,1.0,0.0,1.0,1.0,0.0,0.0,0.0,0.0
2026-06-02 13:59:02,0.0,0.0,0.0,0.0,0.0,0.0,0.0,0.0,29.218559218559218,32.02686202686203,988.7920532226562,34.0,0.0,35.0,0.0,1.0,0.0,1.0,0.0,1.0,1.0,0.0,0.0,0.0,0.0
2026-06-02 13:59:03,0.0,0.0,0.0,0.0,0.0,0.0,0.0,0.0,29.218559218559218,32.02686202686203,988.7920532226562,34.0,0.0,35.0,0.0,1.0,0.0,1.0,0.0,1.0,1.0,0.0,0.0,0.0,0.0
2026-06-02 13:59:04,0.0,0.0,0.0,0.0,0.0,0.0,0.0,0.0,29.194139194139193,32.002442002442,988.7920532226562,34.0,0.0,35.0,0.0,1.0,0.0,1.0,0.0,1.0,1.0,0.0,0.0,0.0,0.0
2026-06-02 13:59:05,0.0,0.0,0.0,0.0,0.0,0.0,0.0,0.0,29.18192918192918,32.014652014652015,988.7920532226562,34.0,0.0,35.0,0.0,1.0,0.0,1.0,0.0,1.0,1.0,0.0,0.0,0.0,0.0
2026-06-02 13:59:07,0.0,0.0,0.0,0.0,0.0,0.0,0.0,0.0,29.157509157509157,31.965811965811966,988.7920532226562,34.0,0.0,35.0,0.0,1.0,0.0,1.0,0.0,1.0,1.0,0.0,0.0,0.0,0.0
2026-06-02 13:59:08,0.0,0.0,0.0,0.0,0.0,0.0,0.0,0.0,29.18192918192918,31.978021978021978,988.7920532226562,34.0,0.0,35.0,0.0,1.0,0.0,1.0,0.0,1.0,1.0,0.0,0.0,0.0,0.0
2026-06-02 13:59:09,0.0,0.0,0.0,0.0,0.0,0.0,0.0,0.0,29.18192918192918,32.014652014652015,988.7920532226562,34.0,0.0,35.0,0.0,1.0,0.0,1.0,0.0,1.0,1.0,0.0,0.0,0.0,0.0
2026-06-02 13:59:10,0.0,0.0,0.0,0.0,0.0,0.0,0.0,0.0,29.18192918192918,32.014652014652015,988.7920532226562,34.0,0.0,35.0,0.0,1.0,0.0,1.0,0.0,1.0,1.0,0.0,0.0,0.0,0.0
2026-06-02 13:59:12,0.0,0.0,0.0,0.0,0.0,0.0,0.0,0.0,29.18192918192918,31.99023199023199,988.7920532226562,34.0,0.0,35.0,0.0,1.0,0.0,1.0,0.0,1.0,1.0,0.0,0.0,0.0,0.0
2026-06-02 13:59:13,0.0,0.0,0.0,0.0,0.0,0.0,0.0,0.0,29.16971916971917,31.965811965811966,988.7920532226562,34.0,0.0,35.0,0.0,1.0,0.0,1.0,0.0,1.0,1.0,0.0,0.0,0.0,0.0
2026-06-02 13:59:14,0.0,0.0,0.0,0.0,0.0,0.0,0.0,0.0,29.18192918192918,31.978021978021978,988.7920532226562,34.0,0.0,35.0,0.0,1.0,0.0,1.0,0.0,1.0,1.0,0.0,0.0,0.0,0.0
2026-06-02 13:59:16,0.0,0.0,0.0,0.0,0.0,0.0,0.0,0.0,29.145299145299145,31.965811965811966,988.7920532226562,34.0,0.0,35.0,0.0,1.0,0.0,1.0,0.0,1.0,1.0,0.0,0.0,0.0,0.0
2026-06-02 13:59:17,0.0,0.0,0.0,0.0,0.0,0.0,0.0,0.0,29.133089133089133,31.92918192918193,988.7920532226562,34.0,0.0,35.0,0.0,1.0,0.0,1.0,0.0,1.0,1.0,0.0,0.0,0.0,0.0
2026-06-02 13:59:18,0.0,0.0,0.0,0.0,0.0,0.0,0.0,0.0,29.133089133089133,31.92918192918193,988.7920532226562,34.0,0.0,35.0,0.0,1.0,0.0,1.0,0.0,1.0,1.0,0.0,0.0,0.0,0.0
2026-06-02 13:59:19,0.0,0.0,0.0,0.0,0.0,0.0,0.0,0.0,29.10866910866911,31.94139194139194,988.7920532226562,34.0,0.0,35.0,0.0,1.0,0.0,1.0,0.0,1.0,1.0,0.0,0.0,0.0,0.0
2026-06-02 13:59:21,0.0,0.0,0.0,0.0,0.0,0.0,0.0,0.0,29.12087912087912,31.953601953601954,988.7920532226562,34.0,0.0,35.0,0.0,1.0,0.0,1.0,0.0,1.0,1.0,0.0,0.0,0.0,0.0
2026-06-02 13:59:22,0.0,0.0,0.0,0.0,0.0,0.0,0.0,0.0,29.133089133089133,31.92918192918193,988.7920532226562,34.0,0.0,35.0,0.0,1.0,0.0,1.0,0.0,1.0,1.0,0.0,0.0,0.0,0.0
2026-06-02 13:59:24,0.0,0.0,0.0,0.0,0.0,0.0,0.0,0.0,29.16971916971917,31.99023199023199,988.7920532226562,34.0,0.0,35.0,0.0,1.0,0.0,1.0,0.0,1.0,1.0,0.0,0.0,0.0,0.0
2026-06-02 13:59:25,0.0,0.0,0.0,0.0,0.0,0.0,0.0,0.0,29.206349206349206,32.002442002442,988.7920532226562,34.0,0.0,35.0,0.0,1.0,0.0,1.0,0.0,1.0,1.0,0.0,0.0,0.0,0.0
2026-06-02 13:59:26,0.0,0.0,0.0,0.0,0.0,0.0,0.0,0.0,29.206349206349206,32.02686202686203,988.7920532226562,34.0,0.0,35.0,0.0,1.0,0.0,1.0,0.0,1.0,1.0,0.0,0.0,0.0,0.0
2026-06-02 13:59:28,0.0,0.0,0.0,0.0,0.0,0.0,0.0,0.0,29.194139194139193,31.978021978021978,988.7920532226562,34.0,0.0,35.0,0.0,1.0,0.0,1.0,0.0,1.0,1.0,0.0,0.0,0.0,0.0
2026-06-02 13:59:29,0.0,0.0,0.0,0.0,0.0,0.0,0.0,0.0,29.157509157509157,31.953601953601954,988.7920532226562,34.0,0.0,35.0,0.0,1.0,0.0,1.0,0.0,1.0,1.0,0.0,0.0,0.0,0.0
2026-06-02 13:59:30,0.0,0.0,0.0,0.0,0.0,0.0,0.0,0.0,29.18192918192918,31.978021978021978,988.7920532226562,34.0,0.0,35.0,0.0,1.0,0.0,1.0,0.0,1.0,1.0,0.0,0.0,0.0,0.0
2026-06-02 13:59:31,0.0,0.0,0.0,0.0,0.0,0.0,0.0,0.0,29.10866910866911,31.92918192918193,988.7920532226562,34.0,0.0,35.0,0.0,1.0,0.0,1.0,0.0,1.0,1.0,0.0,0.0,0.0,0.0
2026-06-02 13:59:32,0.0,0.0,0.0,0.0,0.0,0.0,0.0,0.0,29.12087912087912,31.94139194139194,988.7920532226562,34.0,0.0,35.0,0.0,1.0,0.0,1.0,0.0,1.0,1.0,0.0,0.0,0.0,0.0
2026-06-02 13:59:34,0.0,0.0,0.0,0.0,0.0,0.0,0.0,0.0,29.12087912087912,31.953601953601954,988.7920532226562,34.0,0.0,35.0,0.0,1.0,0.0,1.0,0.0,1.0,1.0,0.0,0.0,0.0,0.0
2026-06-02 13:59:35,0.0,0.0,0.0,0.0,0.0,0.0,0.0,0.0,29.10866910866911,31.965811965811966,988.7920532226562,34.0,0.0,35.0,0.0,1.0,0.0,1.0,0.0,1.0,1.0,0.0,0.0,0.0,0.0
2026-06-02 13:59:36,0.0,0.0,0.0,0.0,0.0,0.0,0.0,0.0,29.133089133089133,31.978021978021978,988.7920532226562,34.0,0.0,35.0,0.0,1.0,0.0,1.0,0.0,1.0,1.0,0.0,0.0,0.0,0.0
2026-06-02 13:59:37,0.0,0.0,0.0,0.0,0.0,0.0,0.0,0.0,29.12087912087912,31.953601953601954,988.7920532226562,34.0,0.0,35.0,0.0,1.0,0.0,1.0,0.0,1.0,1.0,0.0,0.0,0.0,0.0
2026-06-02 13:59:38,0.0,0.0,0.0,0.0,0.0,0.0,0.0,0.0,29.194139194139193,32.02686202686203,988.7920532226562,34.0,0.0,35.0,0.0,1.0,0.0,1.0,0.0,1.0,1.0,0.0,0.0,0.0,0.0
2026-06-02 13:59:39,0.0,0.0,0.0,0.0,0.0,0.0,0.0,0.0,29.194139194139193,32.014652014652015,988.7920532226562,34.0,0.0,35.0,0.0,1.0,0.0,1.0,0.0,1.0,1.0,0.0,0.0,0.0,0.0
2026-06-02 13:59:40,0.0,0.0,0.0,0.0,0.0,0.0,0.0,0.0,29.206349206349206,32.03907203907204,988.7920532226562,34.0,0.0,35.0,0.0,1.0,0.0,1.0,0.0,1.0,1.0,0.0,0.0,0.0,0.0
2026-06-02 13:59:42,0.0,0.0,0.0,0.0,0.0,0.0,0.0,0.0,29.16971916971917,31.99023199023199,988.7920532226562,34.0,0.0,35.0,0.0,1.0,0.0,1.0,0.0,1.0,1.0,0.0,0.0,0.0,0.0
2026-06-02 13:59:43,0.0,0.0,0.0,0.0,0.0,0.0,0.0,0.0,29.18192918192918,31.99023199023199,988.7920532226562,34.0,0.0,35.0,0.0,1.0,0.0,1.0,0.0,1.0,1.0,0.0,0.0,0.0,0.0
2026-06-02 13:59:44,0.0,0.0,0.0,0.0,0.0,0.0,0.0,0.0,29.157509157509157,31.978021978021978,988.7920532226562,34.0,0.0,35.0,0.0,1.0,0.0,1.0,0.0,1.0,1.0,0.0,0.0,0.0,0.0
2026-06-02 13:59:45,0.0,0.0,0.0,0.0,0.0,0.0,0.0,0.0,29.133089133089133,31.94139194139194,988.7920532226562,34.0,0.0,35.0,0.0,1.0,0.0,1.0,0.0,1.0,1.0,0.0,0.0,0.0,0.0
2026-06-02 13:59:47,0.0,0.0,0.0,0.0,0.0,0.0,0.0,0.0,29.157509157509157,31.978021978021978,988.7920532226562,34.0,0.0,35.0,0.0,1.0,0.0,1.0,0.0,1.0,1.0,0.0,0.0,0.0,0.0
2026-06-02 13:59:48,0.0,0.0,0.0,0.0,0.0,0.0,0.0,0.0,29.145299145299145,31.965811965811966,988.7920532226562,34.0,0.0,35.0,0.0,1.0,0.0,1.0,0.0,1.0,1.0,0.0,0.0,0.0,0.0
2026-06-02 13:59:50,0.0,0.0,0.0,0.0,0.0,0.0,0.0,0.0,29.133089133089133,31.953601953601954,988.7920532226562,34.0,0.0,35.0,0.0,1.0,0.0,1.0,0.0,1.0,1.0,0.0,0.0,0.0,0.0
2026-06-02 13:59:51,0.0,0.0,0.0,0.0,0.0,0.0,0.0,0.0,29.16971916971917,31.965811965811966,988.7920532226562,34.0,0.0,35.0,0.0,1.0,0.0,1.0,0.0,1.0,1.0,0.0,0.0,0.0,0.0
2026-06-02 13:59:52,0.0,0.0,0.0,0.0,0.0,0.0,0.0,0.0,29.133089133089133,31.965811965811966,988.7920532226562,34.0,0.0,35.0,0.0,1.0,0.0,1.0,0.0,1.0,1.0,0.0,0.0,0.0,0.0
2026-06-02 13:59:54,0.0,0.0,0.0,0.0,0.0,0.0,0.0,0.0,29.157509157509157,31.965811965811966,988.7920532226562,34.0,0.0,35.0,0.0,1.0,0.0,1.0,0.0,1.0,1.0,0.0,0.0,0.0,0.0
2026-06-02 13:59:55,0.0,0.0,0.0,0.0,0.0,0.0,0.0,0.0,29.157509157509157,31.965811965811966,988.7920532226562,34.0,0.0,35.0,0.0,1.0,0.0,1.0,0.0,1.0,1.0,0.0,0.0,0.0,0.0
2026-06-02 13:59:56,0.0,0.0,0.0,0.0,0.0,0.0,0.0,0.0,29.133089133089133,31.953601953601954,988.7920532226562,34.0,0.0,35.0,0.0,1.0,0.0,1.0,0.0,1.0,1.0,0.0,0.0,0.0,0.0
2026-06-02 13:59:58,0.0,0.0,0.0,0.0,0.0,0.0,0.0,0.0,29.10866910866911,31.92918192918193,988.7920532226562,34.0,0.0,35.0,0.0,1.0,0.0,1.0,0.0,1.0,1.0,0.0,0.0,0.0,0.0
2026-06-02 13:59:59,0.0,0.0,0.0,0.0,0.0,0.0,0.0,0.0,29.133089133089133,31.94139194139194,988.7920532226562,34.0,0.0,35.0,0.0,1.0,0.0,1.0,0.0,1.0,1.0,0.0,0.0,0.0,0.0
2026-06-02 14:00:00,0.0,0.0,0.0,0.0,0.0,0.0,0.0,0.0,29.10866910866911,31.92918192918193,988.7920532226562,34.0,0.0,35.0,0.0,1.0,0.0,1.0,0.0,1.0,1.0,0.0,0.0,0.0,0.0
2026-06-02 14:00:01,0.0,0.0,0.0,0.0,0.0,0.0,0.0,0.0,29.133089133089133,31.92918192918193,988.7920532226562,34.0,0.0,35.0,0.0,1.0,0.0,1.0,0.0,1.0,1.0,0.0,0.0,0.0,0.0
2026-06-02 14:00:03,0.0,0.0,0.0,0.0,0.0,0.0,0.0,0.0,29.18192918192918,31.99023199023199,988.7920532226562,34.0,0.0,35.0,0.0,1.0,0.0,1.0,0.0,1.0,1.0,0.0,0.0,0.0,0.0
2026-06-02 14:00:04,0.0,0.0,0.0,0.0,0.0,0.0,0.0,0.0,29.194139194139193,32.002442002442,988.7920532226562,34.0,0.0,35.0,0.0,1.0,0.0,1.0,0.0,1.0,1.0,0.0,0.0,0.0,0.0
2026-06-02 14:00:05,0.0,0.0,0.0,0.0,0.0,0.0,0.0,0.0,29.206349206349206,32.002442002442,988.7920532226562,34.0,0.0,35.0,0.0,1.0,0.0,1.0,0.0,1.0,1.0,0.0,0.0,0.0,0.0
2026-06-02 14:00:06,0.0,0.0,0.0,0.0,0.0,0.0,0.0,0.0,29.16971916971917,31.99023199023199,988.7920532226562,34.0,0.0,35.0,0.0,1.0,0.0,1.0,0.0,1.0,1.0,0.0,0.0,0.0,0.0
2026-06-02 14:00:07,0.0,0.0,0.0,0.0,0.0,0.0,0.0,0.0,29.18192918192918,32.002442002442,988.7920532226562,34.0,0.0,35.0,0.0,1.0,0.0,1.0,0.0,1.0,1.0,0.0,0.0,0.0,0.0
2026-06-02 14:00:08,0.0,0.0,0.0,0.0,0.0,0.0,0.0,0.0,29.157509157509157,31.978021978021978,988.7920532226562,34.0,0.0,35.0,0.0,1.0,0.0,1.0,0.0,1.0,1.0,0.0,0.0,0.0,0.0
2026-06-02 14:00:09,0.0,0.0,0.0,0.0,0.0,0.0,0.0,0.0,29.16971916971917,31.99023199023199,988.7920532226562,34.0,0.0,35.0,0.0,1.0,0.0,1.0,0.0,1.0,1.0,0.0,0.0,0.0,0.0
2026-06-02 14:00:11,0.0,0.0,0.0,0.0,0.0,0.0,0.0,0.0,29.12087912087912,31.94139194139194,988.7920532226562,34.0,0.0,35.0,0.0,1.0,0.0,1.0,0.0,1.0,1.0,0.0,0.0,0.0,0.0
2026-06-02 14:00:12,0.0,0.0,0.0,0.0,0.0,0.0,0.0,0.0,29.12087912087912,31.94139194139194,988.7920532226562,34.0,0.0,35.0,0.0,1.0,0.0,1.0,0.0,1.0,1.0,0.0,0.0,0.0,0.0
2026-06-02 14:00:13,0.0,0.0,0.0,0.0,0.0,0.0,0.0,0.0,29.12087912087912,31.94139194139194,988.7920532226562,34.0,0.0,35.0,0.0,1.0,0.0,1.0,0.0,1.0,1.0,0.0,0.0,0.0,0.0
2026-06-02 14:00:14,0.0,0.0,0.0,0.0,0.0,0.0,0.0,0.0,29.194139194139193,32.02686202686203,988.7920532226562,34.0,0.0,35.0,0.0,1.0,0.0,1.0,0.0,1.0,1.0,0.0,0.0,0.0,0.0
2026-06-02 14:00:16,0.0,0.0,0.0,0.0,0.0,0.0,0.0,0.0,29.18192918192918,31.99023199023199,988.7920532226562,34.0,0.0,35.0,0.0,1.0,0.0,1.0,0.0,1.0,1.0,0.0,0.0,0.0,0.0
2026-06-02 14:00:17,0.0,0.0,0.0,0.0,0.0,0.0,0.0,0.0,29.16971916971917,31.99023199023199,988.7920532226562,34.0,0.0,35.0,0.0,1.0,0.0,1.0,0.0,1.0,1.0,0.0,0.0,0.0,0.0
2026-06-02 14:00:18,0.0,0.0,0.0,0.0,0.0,0.0,0.0,0.0,29.145299145299145,31.953601953601954,988.7920532226562,34.0,0.0,35.0,0.0,1.0,0.0,1.0,0.0,1.0,1.0,0.0,0.0,0.0,0.0
2026-06-02 14:00:19,0.0,0.0,0.0,0.0,0.0,0.0,0.0,0.0,29.157509157509157,31.965811965811966,988.7920532226562,34.0,0.0,35.0,0.0,1.0,0.0,1.0,0.0,1.0,1.0,0.0,0.0,0.0,0.0
2026-06-02 14:00:21,0.0,0.0,0.0,0.0,0.0,0.0,0.0,0.0,29.10866910866911,31.916971916971917,988.7920532226562,34.0,0.0,35.0,0.0,1.0,0.0,1.0,0.0,1.0,1.0,0.0,0.0,0.0,0.0
2026-06-02 14:00:22,0.0,0.0,0.0,0.0,0.0,0.0,0.0,0.0,29.194139194139193,31.99023199023199,988.7920532226562,34.0,0.0,35.0,0.0,1.0,0.0,1.0,0.0,1.0,1.0,0.0,0.0,0.0,0.0
2026-06-02 14:00:24,0.0,0.0,0.0,0.0,0.0,0.0,0.0,0.0,29.133089133089133,31.978021978021978,988.7920532226562,34.0,0.0,35.0,0.0,1.0,0.0,1.0,0.0,1.0,1.0,0.0,0.0,0.0,0.0
2026-06-02 14:00:25,0.0,0.0,0.0,0.0,0.0,0.0,0.0,0.0,29.23076923076923,32.02686202686203,988.7920532226562,34.0,0.0,35.0,0.0,1.0,0.0,1.0,0.0,1.0,1.0,0.0,0.0,0.0,0.0
2026-06-02 14:00:27,0.0,0.0,0.0,0.0,0.0,0.0,0.0,0.0,29.157509157509157,31.978021978021978,988.7920532226562,34.0,0.0,35.0,0.0,1.0,0.0,1.0,0.0,1.0,1.0,0.0,0.0,0.0,0.0
2026-06-02 14:00:28,0.0,0.0,0.0,0.0,0.0,0.0,0.0,0.0,29.18192918192918,32.002442002442,988.7920532226562,34.0,0.0,35.0,0.0,1.0,0.0,1.0,0.0,1.0,1.0,0.0,0.0,0.0,0.0
2026-06-02 14:00:29,0.0,0.0,0.0,0.0,0.0,0.0,0.0,0.0,29.12087912087912,31.953601953601954,988.7920532226562,34.0,0.0,35.0,0.0,1.0,0.0,1.0,0.0,1.0,1.0,0.0,0.0,0.0,0.0
2026-06-02 14:00:30,0.0,0.0,0.0,0.0,0.0,0.0,0.0,0.0,29.12087912087912,31.953601953601954,988.7920532226562,34.0,0.0,35.0,0.0,1.0,0.0,1.0,0.0,1.0,1.0,0.0,0.0,0.0,0.0
2026-06-02 14:00:32,0.0,0.0,0.0,0.0,0.0,0.0,0.0,0.0,29.218559218559218,32.02686202686203,988.7920532226562,34.0,0.0,35.0,0.0,1.0,0.0,1.0,0.0,1.0,1.0,0.0,0.0,0.0,0.0
2026-06-02 14:00:33,0.0,0.0,0.0,0.0,0.0,0.0,0.0,0.0,29.133089133089133,31.94139194139194,988.7920532226562,34.0,0.0,35.0,0.0,1.0,0.0,1.0,0.0,1.0,1.0,0.0,0.0,0.0,0.0
2026-06-02 14:00:35,0.0,0.0,0.0,0.0,0.0,0.0,0.0,0.0,29.18192918192918,32.002442002442,988.7920532226562,34.0,0.0,35.0,0.0,1.0,0.0,1.0,0.0,1.0,1.0,0.0,0.0,0.0,0.0
2026-06-02 14:00:36,0.0,0.0,0.0,0.0,0.0,0.0,0.0,0.0,29.18192918192918,32.002442002442,988.7920532226562,34.0,0.0,35.0,0.0,1.0,0.0,1.0,0.0,1.0,1.0,0.0,0.0,0.0,0.0
2026-06-02 14:00:37,0.0,0.0,0.0,0.0,0.0,0.0,0.0,0.0,29.16971916971917,31.965811965811966,988.7920532226562,34.0,0.0,35.0,0.0,1.0,0.0,1.0,0.0,1.0,1.0,0.0,0.0,0.0,0.0
2026-06-02 14:00:38,0.0,0.0,0.0,0.0,0.0,0.0,0.0,0.0,29.18192918192918,32.002442002442,988.7920532226562,34.0,0.0,35.0,0.0,1.0,0.0,1.0,0.0,1.0,1.0,0.0,0.0,0.0,0.0
2026-06-02 14:00:39,0.0,0.0,0.0,0.0,0.0,0.0,0.0,0.0,29.157509157509157,31.965811965811966,988.7920532226562,34.0,0.0,35.0,0.0,1.0,0.0,1.0,0.0,1.0,1.0,0.0,0.0,0.0,0.0
2026-06-02 14:00:41,0.0,0.0,0.0,0.0,0.0,0.0,0.0,0.0,29.18192918192918,31.965811965811966,988.7920532226562,34.0,0.0,35.0,0.0,1.0,0.0,1.0,0.0,1.0,1.0,0.0,0.0,0.0,0.0
2026-06-02 14:00:42,0.0,0.0,0.0,0.0,0.0,0.0,0.0,0.0,29.18192918192918,31.99023199023199,988.7920532226562,34.0,0.0,35.0,0.0,1.0,0.0,1.0,0.0,1.0,1.0,0.0,0.0,0.0,0.0
2026-06-02 14:00:43,0.0,0.0,0.0,0.0,0.0,0.0,0.0,0.0,29.157509157509157,31.978021978021978,988.7920532226562,34.0,0.0,35.0,0.0,1.0,0.0,1.0,0.0,1.0,1.0,0.0,0.0,0.0,0.0
2026-06-02 14:00:45,0.0,0.0,0.0,0.0,0.0,0.0,0.0,0.0,29.145299145299145,31.978021978021978,988.7920532226562,34.0,0.0,35.0,0.0,1.0,0.0,1.0,0.0,1.0,1.0,0.0,0.0,0.0,0.0
2026-06-02 14:00:46,0.0,0.0,0.0,0.0,0.0,0.0,0.0,0.0,29.194139194139193,32.002442002442,988.7920532226562,34.0,0.0,35.0,0.0,1.0,0.0,1.0,0.0,1.0,1.0,0.0,0.0,0.0,0.0
2026-06-02 14:00:47,0.0,0.0,0.0,0.0,0.0,0.0,0.0,0.0,29.23076923076923,32.014652014652015,988.7920532226562,34.0,0.0,35.0,0.0,1.0,0.0,1.0,0.0,1.0,1.0,0.0,0.0,0.0,0.0
2026-06-02 14:00:48,0.0,0.0,0.0,0.0,0.0,0.0,0.0,0.0,29.194139194139193,31.978021978021978,988.7920532226562,34.0,0.0,35.0,0.0,1.0,0.0,1.0,0.0,1.0,1.0,0.0,0.0,0.0,0.0
2026-06-02 14:00:49,0.0,0.0,0.0,0.0,0.0,0.0,0.0,0.0,29.133089133089133,31.92918192918193,988.7920532226562,34.0,0.0,35.0,0.0,1.0,0.0,1.0,0.0,1.0,1.0,0.0,0.0,0.0,0.0
2026-06-02 14:00:51,0.0,0.0,0.0,0.0,0.0,0.0,0.0,0.0,29.145299145299145,31.953601953601954,988.7920532226562,34.0,0.0,35.0,0.0,1.0,0.0,1.0,0.0,1.0,1.0,0.0,0.0,0.0,0.0
2026-06-02 14:00:52,0.0,0.0,0.0,0.0,0.0,0.0,0.0,0.0,29.206349206349206,32.014652014652015,988.7920532226562,34.0,0.0,35.0,0.0,1.0,0.0,1.0,0.0,1.0,1.0,0.0,0.0,0.0,0.0
2026-06-02 14:00:53,0.0,0.0,0.0,0.0,0.0,0.0,0.0,0.0,29.145299145299145,31.965811965811966,988.7920532226562,34.0,0.0,35.0,0.0,1.0,0.0,1.0,0.0,1.0,1.0,0.0,0.0,0.0,0.0
2026-06-02 14:00:54,0.0,0.0,0.0,0.0,0.0,0.0,0.0,0.0,29.10866910866911,31.94139194139194,988.7920532226562,34.0,0.0,35.0,0.0,1.0,0.0,1.0,0.0,1.0,1.0,0.0,0.0,0.0,0.0
2026-06-02 14:00:55,0.0,0.0,0.0,0.0,0.0,0.0,0.0,0.0,29.16971916971917,31.965811965811966,988.7920532226562,34.0,0.0,35.0,0.0,1.0,0.0,1.0,0.0,1.0,1.0,0.0,0.0,0.0,0.0
2026-06-02 14:00:57,0.0,0.0,0.0,0.0,0.0,0.0,0.0,0.0,29.194139194139193,32.002442002442,988.7920532226562,34.0,0.0,35.0,0.0,1.0,0.0,1.0,0.0,1.0,1.0,0.0,0.0,0.0,0.0
2026-06-02 14:00:58,0.0,0.0,0.0,0.0,0.0,0.0,0.0,0.0,29.206349206349206,32.014652014652015,988.7920532226562,34.0,0.0,35.0,0.0,1.0,0.0,1.0,0.0,1.0,1.0,0.0,0.0,0.0,0.0
2026-06-02 14:01:00,0.0,0.0,0.0,0.0,0.0,0.0,0.0,0.0,29.084249084249084,31.892551892551893,988.7920532226562,34.0,0.0,35.0,0.0,1.0,0.0,1.0,0.0,1.0,1.0,0.0,0.0,0.0,0.0
2026-06-02 14:01:01,0.0,0.0,0.0,0.0,0.0,0.0,0.0,0.0,29.18192918192918,31.99023199023199,988.7920532226562,34.0,0.0,35.0,0.0,1.0,0.0,1.0,0.0,1.0,1.0,0.0,0.0,0.0,0.0
2026-06-02 14:01:02,0.0,0.0,0.0,0.0,0.0,0.0,0.0,0.0,29.194139194139193,32.014652014652015,988.7920532226562,34.0,0.0,35.0,0.0,1.0,0.0,1.0,0.0,1.0,1.0,0.0,0.0,0.0,0.0
2026-06-02 14:01:04,0.0,0.0,0.0,0.0,0.0,0.0,0.0,0.0,29.23076923076923,32.03907203907204,988.7920532226562,34.0,0.0,35.0,0.0,1.0,0.0,1.0,0.0,1.0,1.0,0.0,0.0,0.0,0.0
2026-06-02 14:01:05,0.0,0.0,0.0,0.0,0.0,0.0,0.0,0.0,29.18192918192918,31.99023199023199,988.7920532226562,34.0,0.0,35.0,0.0,1.0,0.0,1.0,0.0,1.0,1.0,0.0,0.0,0.0,0.0
2026-06-02 14:01:07,0.0,0.0,0.0,0.0,0.0,0.0,0.0,0.0,29.157509157509157,31.965811965811966,988.7920532226562,34.0,0.0,35.0,0.0,1.0,0.0,1.0,0.0,1.0,1.0,0.0,0.0,0.0,0.0
2026-06-02 14:01:08,0.0,0.0,0.0,0.0,0.0,0.0,0.0,0.0,29.242979242979242,32.05128205128205,988.7920532226562,34.0,0.0,35.0,0.0,1.0,0.0,1.0,0.0,1.0,1.0,0.0,0.0,0.0,0.0
2026-06-02 14:01:10,0.0,0.0,0.0,0.0,0.0,0.0,0.0,0.0,29.12087912087912,31.953601953601954,988.7920532226562,34.0,0.0,35.0,0.0,1.0,0.0,1.0,0.0,1.0,1.0,0.0,0.0,0.0,0.0
2026-06-02 14:01:11,0.0,0.0,0.0,0.0,0.0,0.0,0.0,0.0,29.133089133089133,31.953601953601954,988.7920532226562,34.0,0.0,35.0,0.0,1.0,0.0,1.0,0.0,1.0,1.0,0.0,0.0,0.0,0.0
2026-06-02 14:01:13,0.0,0.0,0.0,0.0,0.0,0.0,0.0,0.0,29.206349206349206,32.002442002442,988.7920532226562,34.0,0.0,35.0,0.0,1.0,0.0,1.0,0.0,1.0,1.0,0.0,0.0,0.0,0.0
2026-06-02 14:01:14,0.0,0.0,0.0,0.0,0.0,0.0,0.0,0.0,29.12087912087912,31.953601953601954,988.7920532226562,34.0,0.0,35.0,0.0,1.0,0.0,1.0,0.0,1.0,1.0,0.0,0.0,0.0,0.0
2026-06-02 14:01:15,0.0,0.0,0.0,0.0,0.0,0.0,0.0,0.0,29.157509157509157,31.965811965811966,988.7920532226562,34.0,0.0,35.0,0.0,1.0,0.0,1.0,0.0,1.0,1.0,0.0,0.0,0.0,0.0
2026-06-02 14:01:16,0.0,0.0,0.0,0.0,0.0,0.0,0.0,0.0,29.145299145299145,31.978021978021978,988.7920532226562,34.0,0.0,35.0,0.0,1.0,0.0,1.0,0.0,1.0,1.0,0.0,0.0,0.0,0.0
2026-06-02 14:01:17,0.0,0.0,0.0,0.0,0.0,0.0,0.0,0.0,29.157509157509157,31.953601953601954,988.7920532226562,34.0,0.0,35.0,0.0,1.0,0.0,1.0,0.0,1.0,1.0,0.0,0.0,0.0,0.0
2026-06-02 14:01:19,0.0,0.0,0.0,0.0,0.0,0.0,0.0,0.0,29.206349206349206,32.014652014652015,988.7920532226562,34.0,0.0,35.0,0.0,1.0,0.0,1.0,0.0,1.0,1.0,0.0,0.0,0.0,0.0
2026-06-02 14:01:20,0.0,0.0,0.0,0.0,0.0,0.0,0.0,0.0,29.133089133089133,31.965811965811966,988.7920532226562,34.0,0.0,35.0,0.0,1.0,0.0,1.0,0.0,1.0,1.0,0.0,0.0,0.0,0.0
2026-06-02 14:01:22,0.0,0.0,0.0,0.0,0.0,0.0,0.0,0.0,29.10866910866911,31.953601953601954,988.7920532226562,34.0,0.0,35.0,0.0,1.0,0.0,1.0,0.0,1.0,1.0,0.0,0.0,0.0,0.0
2026-06-02 14:01:23,0.0,0.0,0.0,0.0,0.0,0.0,0.0,0.0,29.218559218559218,32.03907203907204,988.7920532226562,34.0,0.0,35.0,0.0,1.0,0.0,1.0,0.0,1.0,1.0,0.0,0.0,0.0,0.0
2026-06-02 14:01:25,0.0,0.0,0.0,0.0,0.0,0.0,0.0,0.0,29.157509157509157,31.965811965811966,988.7920532226562,34.0,0.0,35.0,0.0,1.0,0.0,1.0,0.0,1.0,1.0,0.0,0.0,0.0,0.0
2026-06-02 14:01:26,0.0,0.0,0.0,0.0,0.0,0.0,0.0,0.0,29.18192918192918,31.978021978021978,988.7920532226562,34.0,0.0,35.0,0.0,1.0,0.0,1.0,0.0,1.0,1.0,0.0,0.0,0.0,0.0
2026-06-02 14:01:27,0.0,0.0,0.0,0.0,0.0,0.0,0.0,0.0,29.16971916971917,31.99023199023199,988.7920532226562,34.0,0.0,35.0,0.0,1.0,0.0,1.0,0.0,1.0,1.0,0.0,0.0,0.0,0.0
2026-06-02 14:01:28,0.0,0.0,0.0,0.0,0.0,0.0,0.0,0.0,29.157509157509157,31.953601953601954,988.7920532226562,34.0,0.0,35.0,0.0,1.0,0.0,1.0,0.0,1.0,1.0,0.0,0.0,0.0,0.0
2026-06-02 14:01:30,0.0,0.0,0.0,0.0,0.0,0.0,0.0,0.0,29.16971916971917,31.978021978021978,988.7920532226562,34.0,0.0,35.0,0.0,1.0,0.0,1.0,0.0,1.0,1.0,0.0,0.0,0.0,0.0
2026-06-02 14:01:31,0.0,0.0,0.0,0.0,0.0,0.0,0.0,0.0,29.218559218559218,32.02686202686203,988.7920532226562,34.0,0.0,35.0,0.0,1.0,0.0,1.0,0.0,1.0,1.0,0.0,0.0,0.0,0.0
2026-06-02 14:01:32,0.0,0.0,0.0,0.0,0.0,0.0,0.0,0.0,29.133089133089133,31.953601953601954,988.7920532226562,34.0,0.0,35.0,0.0,1.0,0.0,1.0,0.0,1.0,1.0,0.0,0.0,0.0,0.0
2026-06-02 14:01:33,0.0,0.0,0.0,0.0,0.0,0.0,0.0,0.0,29.145299145299145,31.94139194139194,988.7920532226562,34.0,0.0,35.0,0.0,1.0,0.0,1.0,0.0,1.0,1.0,0.0,0.0,0.0,0.0
2026-06-02 14:01:34,0.0,0.0,0.0,0.0,0.0,0.0,0.0,0.0,29.218559218559218,32.014652014652015,988.7920532226562,34.0,0.0,35.0,0.0,1.0,0.0,1.0,0.0,1.0,1.0,0.0,0.0,0.0,0.0
2026-06-02 14:01:36,0.0,0.0,0.0,0.0,0.0,0.0,0.0,0.0,29.194139194139193,32.02686202686203,988.7920532226562,34.0,0.0,35.0,0.0,1.0,0.0,1.0,0.0,1.0,1.0,0.0,0.0,0.0,0.0
2026-06-02 14:01:37,0.0,0.0,0.0,0.0,0.0,0.0,0.0,0.0,29.10866910866911,31.94139194139194,988.7920532226562,34.0,0.0,35.0,0.0,1.0,0.0,1.0,0.0,1.0,1.0,0.0,0.0,0.0,0.0
2026-06-02 14:01:38,0.0,0.0,0.0,0.0,0.0,0.0,0.0,0.0,29.10866910866911,31.92918192918193,988.7920532226562,34.0,0.0,35.0,0.0,1.0,0.0,1.0,0.0,1.0,1.0,0.0,0.0,0.0,0.0
2026-06-02 14:01:40,0.0,0.0,0.0,0.0,0.0,0.0,0.0,0.0,29.218559218559218,32.02686202686203,988.7920532226562,34.0,0.0,35.0,0.0,1.0,0.0,1.0,0.0,1.0,1.0,0.0,0.0,0.0,0.0
2026-06-02 14:01:41,0.0,0.0,0.0,0.0,0.0,0.0,0.0,0.0,29.145299145299145,31.965811965811966,988.7920532226562,34.0,0.0,35.0,0.0,1.0,0.0,1.0,0.0,1.0,1.0,0.0,0.0,0.0,0.0
2026-06-02 14:01:42,0.0,0.0,0.0,0.0,0.0,0.0,0.0,0.0,29.145299145299145,31.953601953601954,988.7920532226562,34.0,0.0,35.0,0.0,1.0,0.0,1.0,0.0,1.0,1.0,0.0,0.0,0.0,0.0
2026-06-02 14:01:43,0.0,0.0,0.0,0.0,0.0,0.0,0.0,0.0,29.23076923076923,32.02686202686203,988.7920532226562,34.0,0.0,35.0,0.0,1.0,0.0,1.0,0.0,1.0,1.0,0.0,0.0,0.0,0.0
2026-06-02 14:01:45,0.0,0.0,0.0,0.0,0.0,0.0,0.0,0.0,29.12087912087912,31.94139194139194,988.7920532226562,34.0,0.0,35.0,0.0,1.0,0.0,1.0,0.0,1.0,1.0,0.0,0.0,0.0,0.0
2026-06-02 14:01:46,0.0,0.0,0.0,0.0,0.0,0.0,0.0,0.0,29.145299145299145,31.953601953601954,988.7920532226562,34.0,0.0,35.0,0.0,1.0,0.0,1.0,0.0,1.0,1.0,0.0,0.0,0.0,0.0
2026-06-02 14:01:47,0.0,0.0,0.0,0.0,0.0,0.0,0.0,0.0,29.218559218559218,32.03907203907204,988.7920532226562,34.0,0.0,35.0,0.0,1.0,0.0,1.0,0.0,1.0,1.0,0.0,0.0,0.0,0.0
2026-06-02 14:01:49,0.0,0.0,0.0,0.0,0.0,0.0,0.0,0.0,29.12087912087912,31.94139194139194,988.7920532226562,34.0,0.0,35.0,0.0,1.0,0.0,1.0,0.0,1.0,1.0,0.0,0.0,0.0,0.0
2026-06-02 14:01:50,0.0,0.0,0.0,0.0,0.0,0.0,0.0,0.0,29.12087912087912,31.92918192918193,988.7920532226562,34.0,0.0,35.0,0.0,1.0,0.0,1.0,0.0,1.0,1.0,0.0,0.0,0.0,0.0
2026-06-02 14:01:52,0.0,0.0,0.0,0.0,0.0,0.0,0.0,0.0,29.18192918192918,31.965811965811966,988.7920532226562,34.0,0.0,35.0,0.0,1.0,0.0,1.0,0.0,1.0,1.0,0.0,0.0,0.0,0.0
2026-06-02 14:01:53,0.0,0.0,0.0,0.0,0.0,0.0,0.0,0.0,29.23076923076923,32.03907203907204,988.7920532226562,34.0,0.0,35.0,0.0,1.0,0.0,1.0,0.0,1.0,1.0,0.0,0.0,0.0,0.0
2026-06-02 14:01:54,0.0,0.0,0.0,0.0,0.0,0.0,0.0,0.0,29.218559218559218,32.03907203907204,988.7920532226562,34.0,0.0,35.0,0.0,1.0,0.0,1.0,0.0,1.0,1.0,0.0,0.0,0.0,0.0
2026-06-02 14:01:56,0.0,0.0,0.0,0.0,0.0,0.0,0.0,0.0,29.133089133089133,31.953601953601954,988.7920532226562,34.0,0.0,35.0,0.0,1.0,0.0,1.0,0.0,1.0,1.0,0.0,0.0,0.0,0.0
2026-06-02 14:01:57,0.0,0.0,0.0,0.0,0.0,0.0,0.0,0.0,29.16971916971917,31.965811965811966,988.7920532226562,34.0,0.0,35.0,0.0,1.0,0.0,1.0,0.0,1.0,1.0,0.0,0.0,0.0,0.0
2026-06-02 14:01:59,0.0,0.0,0.0,0.0,0.0,0.0,0.0,0.0,29.16971916971917,31.99023199023199,988.7920532226562,34.0,0.0,35.0,0.0,1.0,0.0,1.0,0.0,1.0,1.0,0.0,0.0,0.0,0.0
2026-06-02 14:02:00,0.0,0.0,0.0,0.0,0.0,0.0,0.0,0.0,29.23076923076923,32.014652014652015,988.7920532226562,34.0,0.0,35.0,0.0,1.0,0.0,1.0,0.0,1.0,1.0,0.0,0.0,0.0,0.0
2026-06-02 14:02:02,0.0,0.0,0.0,0.0,0.0,0.0,0.0,0.0,29.18192918192918,32.002442002442,988.7920532226562,34.0,0.0,35.0,0.0,1.0,0.0,1.0,0.0,1.0,1.0,0.0,0.0,0.0,0.0
2026-06-02 14:02:03,0.0,0.0,0.0,0.0,0.0,0.0,0.0,0.0,29.16971916971917,31.978021978021978,988.7920532226562,34.0,0.0,35.0,0.0,1.0,0.0,1.0,0.0,1.0,1.0,0.0,0.0,0.0,0.0
2026-06-02 14:02:04,0.0,0.0,0.0,0.0,0.0,0.0,0.0,0.0,29.133089133089133,31.953601953601954,988.7920532226562,34.0,0.0,35.0,0.0,1.0,0.0,1.0,0.0,1.0,1.0,0.0,0.0,0.0,0.0
2026-06-02 14:02:06,0.0,0.0,0.0,0.0,0.0,0.0,0.0,0.0,29.145299145299145,31.953601953601954,988.7920532226562,34.0,0.0,35.0,0.0,1.0,0.0,1.0,0.0,1.0,1.0,0.0,0.0,0.0,0.0
2026-06-02 14:02:07,0.0,0.0,0.0,0.0,0.0,0.0,0.0,0.0,29.16971916971917,31.978021978021978,988.7920532226562,34.0,0.0,35.0,0.0,1.0,0.0,1.0,0.0,1.0,1.0,0.0,0.0,0.0,0.0
2026-06-02 14:02:08,0.0,0.0,0.0,0.0,0.0,0.0,0.0,0.0,29.16971916971917,31.99023199023199,988.7920532226562,34.0,0.0,35.0,0.0,1.0,0.0,1.0,0.0,1.0,1.0,0.0,0.0,0.0,0.0
2026-06-02 14:02:09,0.0,0.0,0.0,0.0,0.0,0.0,0.0,0.0,29.194139194139193,32.002442002442,988.7920532226562,34.0,0.0,35.0,0.0,1.0,0.0,1.0,0.0,1.0,1.0,0.0,0.0,0.0,0.0
2026-06-02 14:02:10,0.0,0.0,0.0,0.0,0.0,0.0,0.0,0.0,29.194139194139193,32.02686202686203,988.7920532226562,34.0,0.0,35.0,0.0,1.0,0.0,1.0,0.0,1.0,1.0,0.0,0.0,0.0,0.0
2026-06-02 14:02:11,0.0,0.0,0.0,0.0,0.0,0.0,0.0,0.0,29.194139194139193,32.02686202686203,988.7920532226562,34.0,0.0,35.0,0.0,1.0,0.0,1.0,0.0,1.0,1.0,0.0,0.0,0.0,0.0
2026-06-02 14:02:13,0.0,0.0,0.0,0.0,0.0,0.0,0.0,0.0,29.218559218559218,32.02686202686203,988.7920532226562,34.0,0.0,35.0,0.0,1.0,0.0,1.0,0.0,1.0,1.0,0.0,0.0,0.0,0.0
2026-06-02 14:02:14,0.0,0.0,0.0,0.0,0.0,0.0,0.0,0.0,29.23076923076923,32.02686202686203,988.7920532226562,34.0,0.0,35.0,0.0,1.0,0.0,1.0,0.0,1.0,1.0,0.0,0.0,0.0,0.0
2026-06-02 14:02:16,0.0,0.0,0.0,0.0,0.0,0.0,0.0,0.0,29.218559218559218,32.014652014652015,988.7920532226562,34.0,0.0,35.0,0.0,1.0,0.0,1.0,0.0,1.0,1.0,0.0,0.0,0.0,0.0
2026-06-02 14:02:17,0.0,0.0,0.0,0.0,0.0,0.0,0.0,0.0,29.218559218559218,32.03907203907204,988.7920532226562,34.0,0.0,35.0,0.0,1.0,0.0,1.0,0.0,1.0,1.0,0.0,0.0,0.0,0.0
2026-06-02 14:02:19,0.0,0.0,0.0,0.0,0.0,0.0,0.0,0.0,29.242979242979242,32.05128205128205,988.7920532226562,34.0,0.0,35.0,0.0,1.0,0.0,1.0,0.0,1.0,1.0,0.0,0.0,0.0,0.0
2026-06-02 14:02:20,0.0,0.0,0.0,0.0,0.0,0.0,0.0,0.0,29.18192918192918,31.978021978021978,988.7920532226562,34.0,0.0,35.0,0.0,1.0,0.0,1.0,0.0,1.0,1.0,0.0,0.0,0.0,0.0
2026-06-02 14:02:21,0.0,0.0,0.0,0.0,0.0,0.0,0.0,0.0,29.18192918192918,32.002442002442,988.7920532226562,34.0,0.0,35.0,0.0,1.0,0.0,1.0,0.0,1.0,1.0,0.0,0.0,0.0,0.0
2026-06-02 14:02:22,0.0,0.0,0.0,0.0,0.0,0.0,0.0,0.0,29.145299145299145,31.965811965811966,988.7920532226562,34.0,0.0,35.0,0.0,1.0,0.0,1.0,0.0,1.0,1.0,0.0,0.0,0.0,0.0
2026-06-02 14:02:23,0.0,0.0,0.0,0.0,0.0,0.0,0.0,0.0,29.133089133089133,31.965811965811966,988.7920532226562,34.0,0.0,35.0,0.0,1.0,0.0,1.0,0.0,1.0,1.0,0.0,0.0,0.0,0.0
2026-06-02 14:02:25,0.0,0.0,0.0,0.0,0.0,0.0,0.0,0.0,29.145299145299145,31.94139194139194,988.7920532226562,34.0,0.0,35.0,0.0,1.0,0.0,1.0,0.0,1.0,1.0,0.0,0.0,0.0,0.0
2026-06-02 14:02:26,0.0,0.0,0.0,0.0,0.0,0.0,0.0,0.0,29.145299145299145,31.953601953601954,988.7920532226562,34.0,0.0,35.0,0.0,1.0,0.0,1.0,0.0,1.0,1.0,0.0,0.0,0.0,0.0
2026-06-02 14:02:27,0.0,0.0,0.0,0.0,0.0,0.0,0.0,0.0,29.157509157509157,31.953601953601954,988.7920532226562,34.0,0.0,35.0,0.0,1.0,0.0,1.0,0.0,1.0,1.0,0.0,0.0,0.0,0.0
2026-06-02 14:02:28,0.0,0.0,0.0,0.0,0.0,0.0,0.0,0.0,29.145299145299145,31.953601953601954,988.7920532226562,34.0,0.0,35.0,0.0,1.0,0.0,1.0,0.0,1.0,1.0,0.0,0.0,0.0,0.0
2026-06-02 14:02:30,0.0,0.0,0.0,0.0,0.0,0.0,0.0,0.0,29.157509157509157,31.965811965811966,988.7920532226562,34.0,0.0,35.0,0.0,1.0,0.0,1.0,0.0,1.0,1.0,0.0,0.0,0.0,0.0
2026-06-02 14:02:31,0.0,0.0,0.0,0.0,0.0,0.0,0.0,0.0,29.18192918192918,31.978021978021978,988.7920532226562,34.0,0.0,35.0,0.0,1.0,0.0,1.0,0.0,1.0,1.0,0.0,0.0,0.0,0.0
2026-06-02 14:02:32,0.0,0.0,0.0,0.0,0.0,0.0,0.0,0.0,29.18192918192918,31.978021978021978,988.7920532226562,34.0,0.0,35.0,0.0,1.0,0.0,1.0,0.0,1.0,1.0,0.0,0.0,0.0,0.0
2026-06-02 14:02:33,0.0,0.0,0.0,0.0,0.0,0.0,0.0,0.0,29.18192918192918,31.978021978021978,988.7920532226562,34.0,0.0,35.0,0.0,1.0,0.0,1.0,0.0,1.0,1.0,0.0,0.0,0.0,0.0
2026-06-02 14:02:35,0.0,0.0,0.0,0.0,0.0,0.0,0.0,0.0,29.157509157509157,31.94139194139194,988.7920532226562,34.0,0.0,35.0,0.0,1.0,0.0,1.0,0.0,1.0,1.0,0.0,0.0,0.0,0.0
2026-06-02 14:02:36,0.0,0.0,0.0,0.0,0.0,0.0,0.0,0.0,29.145299145299145,31.965811965811966,988.7920532226562,34.0,0.0,35.0,0.0,1.0,0.0,1.0,0.0,1.0,1.0,0.0,0.0,0.0,0.0
2026-06-02 14:02:37,0.0,0.0,0.0,0.0,0.0,0.0,0.0,0.0,29.133089133089133,31.92918192918193,988.7920532226562,34.0,0.0,35.0,0.0,1.0,0.0,1.0,0.0,1.0,1.0,0.0,0.0,0.0,0.0
2026-06-02 14:02:38,0.0,0.0,0.0,0.0,0.0,0.0,0.0,0.0,29.133089133089133,31.94139194139194,988.7920532226562,34.0,0.0,35.0,0.0,1.0,0.0,1.0,0.0,1.0,1.0,0.0,0.0,0.0,0.0
2026-06-02 14:02:40,0.0,0.0,0.0,0.0,0.0,0.0,0.0,0.0,29.18192918192918,31.965811965811966,988.7920532226562,34.0,0.0,35.0,0.0,1.0,0.0,1.0,0.0,1.0,1.0,0.0,0.0,0.0,0.0
2026-06-02 14:02:41,0.0,0.0,0.0,0.0,0.0,0.0,0.0,0.0,29.18192918192918,31.978021978021978,988.7920532226562,34.0,0.0,35.0,0.0,1.0,0.0,1.0,0.0,1.0,1.0,0.0,0.0,0.0,0.0
2026-06-02 14:02:42,0.0,0.0,0.0,0.0,0.0,0.0,0.0,0.0,29.242979242979242,32.014652014652015,988.7920532226562,34.0,0.0,35.0,0.0,1.0,0.0,1.0,0.0,1.0,1.0,0.0,0.0,0.0,0.0
2026-06-02 14:02:43,0.0,0.0,0.0,0.0,0.0,0.0,0.0,0.0,29.206349206349206,32.02686202686203,988.7920532226562,34.0,0.0,35.0,0.0,1.0,0.0,1.0,0.0,1.0,1.0,0.0,0.0,0.0,0.0
2026-06-02 14:02:45,0.0,0.0,0.0,0.0,0.0,0.0,0.0,0.0,29.133089133089133,31.94139194139194,988.7920532226562,34.0,0.0,35.0,0.0,1.0,0.0,1.0,0.0,1.0,1.0,0.0,0.0,0.0,0.0
2026-06-02 14:02:46,0.0,0.0,0.0,0.0,0.0,0.0,0.0,0.0,29.133089133089133,31.94139194139194,988.7920532226562,34.0,0.0,35.0,0.0,1.0,0.0,1.0,0.0,1.0,1.0,0.0,0.0,0.0,0.0
2026-06-02 14:02:47,0.0,0.0,0.0,0.0,0.0,0.0,0.0,0.0,29.206349206349206,32.002442002442,988.7920532226562,34.0,0.0,35.0,0.0,1.0,0.0,1.0,0.0,1.0,1.0,0.0,0.0,0.0,0.0
2026-06-02 14:02:48,0.0,0.0,0.0,0.0,0.0,0.0,0.0,0.0,29.194139194139193,32.014652014652015,988.7920532226562,34.0,0.0,35.0,0.0,1.0,0.0,1.0,0.0,1.0,1.0,0.0,0.0,0.0,0.0
2026-06-02 14:02:50,0.0,0.0,0.0,0.0,0.0,0.0,0.0,0.0,29.145299145299145,31.965811965811966,988.7920532226562,34.0,0.0,35.0,0.0,1.0,0.0,1.0,0.0,1.0,1.0,0.0,0.0,0.0,0.0
2026-06-02 14:02:51,0.0,0.0,0.0,0.0,0.0,0.0,0.0,0.0,29.145299145299145,31.953601953601954,988.7920532226562,34.0,0.0,35.0,0.0,1.0,0.0,1.0,0.0,1.0,1.0,0.0,0.0,0.0,0.0
2026-06-02 14:02:52,0.0,0.0,0.0,0.0,0.0,0.0,0.0,0.0,29.12087912087912,31.92918192918193,988.7920532226562,34.0,0.0,35.0,0.0,1.0,0.0,1.0,0.0,1.0,1.0,0.0,0.0,0.0,0.0
2026-06-02 14:02:54,0.0,0.0,0.0,0.0,0.0,0.0,0.0,0.0,29.18192918192918,31.99023199023199,988.7920532226562,34.0,0.0,35.0,0.0,1.0,0.0,1.0,0.0,1.0,1.0,0.0,0.0,0.0,0.0
2026-06-02 14:02:55,0.0,0.0,0.0,0.0,0.0,0.0,0.0,0.0,29.145299145299145,31.978021978021978,988.7920532226562,34.0,0.0,35.0,0.0,1.0,0.0,1.0,0.0,1.0,1.0,0.0,0.0,0.0,0.0
2026-06-02 14:02:56,0.0,0.0,0.0,0.0,0.0,0.0,0.0,0.0,29.157509157509157,31.953601953601954,988.7920532226562,34.0,0.0,35.0,0.0,1.0,0.0,1.0,0.0,1.0,1.0,0.0,0.0,0.0,0.0
2026-06-02 14:02:58,0.0,0.0,0.0,0.0,0.0,0.0,0.0,0.0,29.16971916971917,31.978021978021978,988.7920532226562,34.0,0.0,35.0,0.0,1.0,0.0,1.0,0.0,1.0,1.0,0.0,0.0,0.0,0.0
2026-06-02 14:02:59,0.0,0.0,0.0,0.0,0.0,0.0,0.0,0.0,29.133089133089133,31.965811965811966,988.7920532226562,34.0,0.0,35.0,0.0,1.0,0.0,1.0,0.0,1.0,1.0,0.0,0.0,0.0,0.0
2026-06-02 14:03:00,0.0,0.0,0.0,0.0,0.0,0.0,0.0,0.0,29.133089133089133,31.99023199023199,988.7920532226562,34.0,0.0,35.0,0.0,1.0,0.0,1.0,0.0,1.0,1.0,0.0,0.0,0.0,0.0
2026-06-02 14:03:01,0.0,0.0,0.0,0.0,0.0,0.0,0.0,0.0,29.206349206349206,32.002442002442,988.7920532226562,34.0,0.0,35.0,0.0,1.0,0.0,1.0,0.0,1.0,1.0,0.0,0.0,0.0,0.0
2026-06-02 14:03:03,0.0,0.0,0.0,0.0,0.0,0.0,0.0,0.0,29.194139194139193,32.014652014652015,988.7920532226562,34.0,0.0,35.0,0.0,1.0,0.0,1.0,0.0,1.0,1.0,0.0,0.0,0.0,0.0
2026-06-02 14:03:04,0.0,0.0,0.0,0.0,0.0,0.0,0.0,0.0,29.145299145299145,31.965811965811966,988.7920532226562,34.0,0.0,35.0,0.0,1.0,0.0,1.0,0.0,1.0,1.0,0.0,0.0,0.0,0.0
2026-06-02 14:03:05,0.0,0.0,0.0,0.0,0.0,0.0,0.0,0.0,29.16971916971917,32.002442002442,988.7920532226562,34.0,0.0,35.0,0.0,1.0,0.0,1.0,0.0,1.0,1.0,0.0,0.0,0.0,0.0
2026-06-02 14:03:06,0.0,0.0,0.0,0.0,0.0,0.0,0.0,0.0,29.16971916971917,31.99023199023199,988.7920532226562,34.0,0.0,35.0,0.0,1.0,0.0,1.0,0.0,1.0,1.0,0.0,0.0,0.0,0.0
2026-06-02 14:03:08,0.0,0.0,0.0,0.0,0.0,0.0,0.0,0.0,29.157509157509157,31.965811965811966,988.7920532226562,34.0,0.0,35.0,0.0,1.0,0.0,1.0,0.0,1.0,1.0,0.0,0.0,0.0,0.0
2026-06-02 14:03:09,0.0,0.0,0.0,0.0,0.0,0.0,0.0,0.0,29.157509157509157,31.978021978021978,988.7920532226562,34.0,0.0,35.0,0.0,1.0,0.0,1.0,0.0,1.0,1.0,0.0,0.0,0.0,0.0
2026-06-02 14:03:11,0.0,0.0,0.0,0.0,0.0,0.0,0.0,0.0,29.145299145299145,31.965811965811966,988.7920532226562,34.0,0.0,35.0,0.0,1.0,0.0,1.0,0.0,1.0,1.0,0.0,0.0,0.0,0.0
2026-06-02 14:03:12,0.0,0.0,0.0,0.0,0.0,0.0,0.0,0.0,29.218559218559218,32.002442002442,988.7920532226562,34.0,0.0,35.0,0.0,1.0,0.0,1.0,0.0,1.0,1.0,0.0,0.0,0.0,0.0
2026-06-02 14:03:13,0.0,0.0,0.0,0.0,0.0,0.0,0.0,0.0,29.133089133089133,31.965811965811966,988.7920532226562,34.0,0.0,35.0,0.0,1.0,0.0,1.0,0.0,1.0,1.0,0.0,0.0,0.0,0.0
2026-06-02 14:03:15,0.0,0.0,0.0,0.0,0.0,0.0,0.0,0.0,29.145299145299145,31.965811965811966,988.7920532226562,34.0,0.0,35.0,0.0,1.0,0.0,1.0,0.0,1.0,1.0,0.0,0.0,0.0,0.0
2026-06-02 14:03:16,0.0,0.0,0.0,0.0,0.0,0.0,0.0,0.0,29.133089133089133,31.978021978021978,988.7920532226562,34.0,0.0,35.0,0.0,1.0,0.0,1.0,0.0,1.0,1.0,0.0,0.0,0.0,0.0
2026-06-02 14:03:17,0.0,0.0,0.0,0.0,0.0,0.0,0.0,0.0,29.206349206349206,32.02686202686203,988.7920532226562,34.0,0.0,35.0,0.0,1.0,0.0,1.0,0.0,1.0,1.0,0.0,0.0,0.0,0.0
2026-06-02 14:03:19,0.0,0.0,0.0,0.0,0.0,0.0,0.0,0.0,29.206349206349206,32.02686202686203,988.7920532226562,34.0,0.0,35.0,0.0,1.0,0.0,1.0,0.0,1.0,1.0,0.0,0.0,0.0,0.0
2026-06-02 14:03:20,0.0,0.0,0.0,0.0,0.0,0.0,0.0,0.0,29.157509157509157,31.978021978021978,988.7920532226562,34.0,0.0,35.0,0.0,1.0,0.0,1.0,0.0,1.0,1.0,0.0,0.0,0.0,0.0
2026-06-02 14:03:21,0.0,0.0,0.0,0.0,0.0,0.0,0.0,0.0,29.16971916971917,32.002442002442,988.7920532226562,34.0,0.0,35.0,0.0,1.0,0.0,1.0,0.0,1.0,1.0,0.0,0.0,0.0,0.0
2026-06-02 14:03:22,0.0,0.0,0.0,0.0,0.0,0.0,0.0,0.0,29.18192918192918,32.002442002442,988.7920532226562,34.0,0.0,35.0,0.0,1.0,0.0,1.0,0.0,1.0,1.0,0.0,0.0,0.0,0.0
2026-06-02 14:03:24,0.0,0.0,0.0,0.0,0.0,0.0,0.0,0.0,29.157509157509157,31.978021978021978,988.7920532226562,34.0,0.0,35.0,0.0,1.0,0.0,1.0,0.0,1.0,1.0,0.0,0.0,0.0,0.0
2026-06-02 14:03:25,0.0,0.0,0.0,0.0,0.0,0.0,0.0,0.0,29.16971916971917,31.978021978021978,988.7920532226562,34.0,0.0,35.0,0.0,1.0,0.0,1.0,0.0,1.0,1.0,0.0,0.0,0.0,0.0
2026-06-02 14:03:26,0.0,0.0,0.0,0.0,0.0,0.0,0.0,0.0,29.133089133089133,31.92918192918193,988.7920532226562,34.0,0.0,35.0,0.0,1.0,0.0,1.0,0.0,1.0,1.0,0.0,0.0,0.0,0.0
2026-06-02 14:03:27,0.0,0.0,0.0,0.0,0.0,0.0,0.0,0.0,29.157509157509157,31.953601953601954,988.7920532226562,34.0,0.0,35.0,0.0,1.0,0.0,1.0,0.0,1.0,1.0,0.0,0.0,0.0,0.0
2026-06-02 14:03:29,0.0,0.0,0.0,0.0,0.0,0.0,0.0,0.0,29.12087912087912,31.94139194139194,988.7920532226562,34.0,0.0,35.0,0.0,1.0,0.0,1.0,0.0,1.0,1.0,0.0,0.0,0.0,0.0
2026-06-02 14:03:30,0.0,0.0,0.0,0.0,0.0,0.0,0.0,0.0,29.12087912087912,31.94139194139194,988.7920532226562,34.0,0.0,35.0,0.0,1.0,0.0,1.0,0.0,1.0,1.0,0.0,0.0,0.0,0.0
2026-06-02 14:03:31,0.0,0.0,0.0,0.0,0.0,0.0,0.0,0.0,29.12087912087912,31.953601953601954,988.7920532226562,34.0,0.0,35.0,0.0,1.0,0.0,1.0,0.0,1.0,1.0,0.0,0.0,0.0,0.0
2026-06-02 14:03:33,0.0,0.0,0.0,0.0,0.0,0.0,0.0,0.0,29.096459096459096,31.92918192918193,988.7920532226562,34.0,0.0,35.0,0.0,1.0,0.0,1.0,0.0,1.0,1.0,0.0,0.0,0.0,0.0
2026-06-02 14:03:34,0.0,0.0,0.0,0.0,0.0,0.0,0.0,0.0,29.10866910866911,31.953601953601954,988.7920532226562,34.0,0.0,35.0,0.0,1.0,0.0,1.0,0.0,1.0,1.0,0.0,0.0,0.0,0.0
2026-06-02 14:03:35,0.0,0.0,0.0,0.0,0.0,0.0,0.0,0.0,29.096459096459096,31.916971916971917,988.7920532226562,34.0,0.0,35.0,0.0,1.0,0.0,1.0,0.0,1.0,1.0,0.0,0.0,0.0,0.0
2026-06-02 14:03:36,0.0,0.0,0.0,0.0,0.0,0.0,0.0,0.0,29.096459096459096,31.92918192918193,988.7920532226562,34.0,0.0,35.0,0.0,1.0,0.0,1.0,0.0,1.0,1.0,0.0,0.0,0.0,0.0
2026-06-02 14:03:37,0.0,0.0,0.0,0.0,0.0,0.0,0.0,0.0,29.10866910866911,31.94139194139194,988.7920532226562,34.0,0.0,35.0,0.0,1.0,0.0,1.0,0.0,1.0,1.0,0.0,0.0,0.0,0.0
2026-06-02 14:03:39,0.0,0.0,0.0,0.0,0.0,0.0,0.0,0.0,29.12087912087912,31.94139194139194,988.7920532226562,34.0,0.0,35.0,0.0,1.0,0.0,1.0,0.0,1.0,1.0,0.0,0.0,0.0,0.0
2026-06-02 14:03:40,0.0,0.0,0.0,0.0,0.0,0.0,0.0,0.0,29.10866910866911,31.92918192918193,988.7920532226562,34.0,0.0,35.0,0.0,1.0,0.0,1.0,0.0,1.0,1.0,0.0,0.0,0.0,0.0
2026-06-02 14:03:41,0.0,0.0,0.0,0.0,0.0,0.0,0.0,0.0,29.12087912087912,31.92918192918193,988.7920532226562,34.0,0.0,35.0,0.0,1.0,0.0,1.0,0.0,1.0,1.0,0.0,0.0,0.0,0.0
2026-06-02 14:03:43,0.0,0.0,0.0,0.0,0.0,0.0,0.0,0.0,29.05982905982906,31.916971916971917,988.7920532226562,34.0,0.0,35.0,0.0,1.0,0.0,1.0,0.0,1.0,1.0,0.0,0.0,0.0,0.0
2026-06-02 14:03:44,0.0,0.0,0.0,0.0,0.0,0.0,0.0,0.0,29.05982905982906,31.916971916971917,988.7920532226562,34.0,0.0,35.0,0.0,1.0,0.0,1.0,0.0,1.0,1.0,0.0,0.0,0.0,0.0
2026-06-02 14:03:45,0.0,0.0,0.0,0.0,0.0,0.0,0.0,0.0,29.206349206349206,32.002442002442,988.7920532226562,34.0,0.0,35.0,0.0,1.0,0.0,1.0,0.0,1.0,1.0,0.0,0.0,0.0,0.0
2026-06-02 14:03:46,0.0,0.0,0.0,0.0,0.0,0.0,0.0,0.0,29.16971916971917,31.978021978021978,988.7920532226562,34.0,0.0,35.0,0.0,1.0,0.0,1.0,0.0,1.0,1.0,0.0,0.0,0.0,0.0
2026-06-02 14:03:48,0.0,0.0,0.0,0.0,0.0,0.0,0.0,0.0,29.10866910866911,31.92918192918193,988.7920532226562,34.0,0.0,35.0,0.0,1.0,0.0,1.0,0.0,1.0,1.0,0.0,0.0,0.0,0.0
2026-06-02 14:03:49,0.0,0.0,0.0,0.0,0.0,0.0,0.0,0.0,29.096459096459096,31.92918192918193,988.7920532226562,34.0,0.0,35.0,0.0,1.0,0.0,1.0,0.0,1.0,1.0,0.0,0.0,0.0,0.0
2026-06-02 14:03:51,0.0,0.0,0.0,0.0,0.0,0.0,0.0,0.0,29.10866910866911,31.916971916971917,988.7920532226562,34.0,0.0,35.0,0.0,1.0,0.0,1.0,0.0,1.0,1.0,0.0,0.0,0.0,0.0
2026-06-02 14:03:52,0.0,0.0,0.0,0.0,0.0,0.0,0.0,0.0,28.437118437118436,31.53846153846154,988.7920532226562,34.0,0.0,35.0,0.0,1.0,0.0,1.0,0.0,1.0,1.0,0.0,0.0,0.0,0.0
2026-06-02 14:03:53,0.0,0.0,0.0,0.0,0.0,0.0,0.0,0.0,29.365079365079364,32.1001221001221,988.7920532226562,34.0,0.0,35.0,0.0,1.0,0.0,1.0,0.0,1.0,1.0,0.0,0.0,0.0,0.0
2026-06-02 14:03:54,0.0,0.0,0.0,0.0,0.0,0.0,0.0,0.0,29.304029304029303,32.08791208791209,988.7920532226562,34.0,0.0,35.0,0.0,1.0,0.0,1.0,0.0,1.0,1.0,0.0,0.0,0.0,0.0
2026-06-02 14:03:56,0.0,0.0,0.0,0.0,0.0,0.0,0.0,0.0,29.18192918192918,31.99023199023199,988.7920532226562,34.0,0.0,35.0,0.0,1.0,0.0,1.0,0.0,1.0,1.0,0.0,0.0,0.0,0.0
2026-06-02 14:03:57,0.0,0.0,0.0,0.0,0.0,0.0,0.0,0.0,29.133089133089133,31.953601953601954,988.7920532226562,34.0,0.0,35.0,0.0,1.0,0.0,1.0,0.0,1.0,1.0,0.0,0.0,0.0,0.0
2026-06-02 14:03:58,0.0,0.0,0.0,0.0,0.0,0.0,0.0,0.0,29.12087912087912,31.94139194139194,988.7920532226562,34.0,0.0,35.0,0.0,1.0,0.0,1.0,0.0,1.0,1.0,0.0,0.0,0.0,0.0
2026-06-02 14:03:59,0.0,0.0,0.0,0.0,0.0,0.0,0.0,0.0,29.16971916971917,31.978021978021978,988.7920532226562,34.0,0.0,35.0,0.0,1.0,0.0,1.0,0.0,1.0,1.0,0.0,0.0,0.0,0.0
2026-06-02 14:04:01,0.0,0.0,0.0,0.0,0.0,0.0,0.0,0.0,29.18192918192918,32.002442002442,988.7920532226562,34.0,0.0,35.0,0.0,1.0,0.0,1.0,0.0,1.0,1.0,0.0,0.0,0.0,0.0
2026-06-02 14:04:02,0.0,0.0,0.0,0.0,0.0,0.0,0.0,0.0,29.218559218559218,32.02686202686203,988.7920532226562,34.0,0.0,35.0,0.0,1.0,0.0,1.0,0.0,1.0,1.0,0.0,0.0,0.0,0.0
2026-06-02 14:04:03,0.0,0.0,0.0,0.0,0.0,0.0,0.0,0.0,29.218559218559218,32.03907203907204,988.7920532226562,34.0,0.0,35.0,0.0,1.0,0.0,1.0,0.0,1.0,1.0,0.0,0.0,0.0,0.0
2026-06-02 14:04:04,0.0,0.0,0.0,0.0,0.0,0.0,0.0,0.0,29.206349206349206,32.02686202686203,988.7920532226562,34.0,0.0,35.0,0.0,1.0,0.0,1.0,0.0,1.0,1.0,0.0,0.0,0.0,0.0
2026-06-02 14:04:05,0.0,0.0,0.0,0.0,0.0,0.0,0.0,0.0,29.206349206349206,32.02686202686203,988.7920532226562,34.0,0.0,35.0,0.0,1.0,0.0,1.0,0.0,1.0,1.0,0.0,0.0,0.0,0.0
2026-06-02 14:04:07,0.0,0.0,0.0,0.0,0.0,0.0,0.0,0.0,29.23076923076923,32.03907203907204,988.7920532226562,34.0,0.0,35.0,0.0,1.0,0.0,1.0,0.0,1.0,1.0,0.0,0.0,0.0,0.0
2026-06-02 14:04:08,0.0,0.0,0.0,0.0,0.0,0.0,0.0,0.0,29.18192918192918,31.99023199023199,988.7920532226562,34.0,0.0,35.0,0.0,1.0,0.0,1.0,0.0,1.0,1.0,0.0,0.0,0.0,0.0
