Timestamp,PT-3,PT-4,PT-5,PT-6,PT-7,PT-8,PT-9,PT-10,Temperatura EF,Temperatura SF,Temperatura Tanque,Setpoint Conductividad,Salida Conductividad,Setpoint Temperatura,Presión Transmembrana,Nivel,Valvula 27,C. Deareación,Protector Calefactor,Aire en Sangre,Sangre en dializante,Purga de aire,Cond. Sensor patrón,Temp. Sensor patrón,Cond. Sensor raw
2026-06-09 08:09:44,-0.5838323344236214,-1.0865050819370228,-1.5835922586166618,0.31220309135452506,2.9048361266909026,-1.178705175980525,0.44949254728640353,-2.546995656999993,36.82210029502025,36.927162566544624,36.891771267194606,14.0,20.0,35.0,59.1,0.0,0.0,0.0,0.0,0.0,0.0,0.0,0.0,0.0,0.0
2026-06-09 08:09:45,-0.679929201978025,-0.019641780883477455,2.2684196111819954,1.5282289954709132,1.9226948545944227,2.7152324659104057,-2.5199417345411206,-0.5026971787744321,36.570550386824024,37.210912715543884,37.02465922180503,14.0,20.0,35.0,-58.1,0.0,0.0,0.0,0.0,0.0,0.0,0.0,0.0,0.0,0.0
2026-06-09 08:09:46,-0.4897683011431426,1.9948371256357822,1.146921684102618,2.978120532178532,0.9708110339454548,1.3777720641738238,-2.438094877292267,-1.5594676595983348,36.91465565181383,37.284577968066735,37.01207582647934,14.0,20.0,35.0,-81.8,0.0,0.0,0.0,0.0,0.0,0.0,0.0,0.0,0.0,0.0
2026-06-09 08:09:47,2.9868722210074576,0.020032090601591612,2.0920627099078573,-0.9879016437844959,-2.305754820494605,2.3723970860101034,-1.0827640364612636,0.003453657241518915,36.63380701004917,37.025702366471776,36.751877796261034,14.0,20.0,35.0,-54.0,0.0,0.0,0.0,0.0,0.0,0.0,0.0,0.0,0.0,0.0
2026-06-09 08:09:48,-1.2486953572977824,-2.310268737471817,0.7777418762416017,-1.0236382574162641,0.15826024442481934,-2.361031969261772,-0.9978618979530332,-0.4047326672895597,36.54625840105015,36.89466184221647,36.83718501691583,14.0,20.0,35.0,37.9,0.0,0.0,0.0,0.0,0.0,0.0,0.0,0.0,0.0,0.0
2026-06-09 08:09:49,0.9121838683660428,-2.7720712516885317,-0.7869056536027426,2.2504990165184147,-0.5572414811078246,1.7426918907820594,1.0301532912165445,1.527300317092358,37.08866410557204,36.928779025079685,37.175504333408476,14.0,20.0,35.0,93.4,0.0,0.0,0.0,0.0,0.0,0.0,0.0,0.0,0.0,0.0
2026-06-09 08:09:51,-0.6557364440826152,2.2804998711817994,-1.19419428714256,-0.18272532272328013,1.4118432187404286,2.8708944309478923,-2.8788390251235665,-0.6926833774549865,36.597646736597795,37.14693969777759,36.802941774472814,14.0,20.0,35.0,-28.1,0.0,0.0,0.0,0.0,0.0,0.0,0.0,0.0,0.0,0.0
2026-06-09 08:09:52,1.8880333401712956,-0.16779689782944773,2.7586239662695373,-0.8032855652342672,-0.5052390036155043,1.6234293531618835,-1.6816803824211846,-0.35294609311041425,37.03883958614436,36.835772743963766,36.752563220480965,14.0,20.0,35.0,-67.0,0.0,0.0,0.0,0.0,0.0,0.0,0.0,0.0,0.0,0.0
2026-06-09 08:09:54,0.5111604328302848,2.84402156929578,2.5403712859806875,-1.426734179425129,1.9010609964518634,-1.0010145721241297,-0.19445875465440476,2.9970105272618603,36.87844831454592,37.282968767345125,36.96889669057918,14.0,20.0,35.0,-100,0.0,0.0,0.0,0.0,0.0,0.0,0.0,0.0,0.0,0.0
2026-06-09 08:09:55,0.11601229614901243,-1.3704920670204004,-1.0352881111083534,-1.8334166635235316,-1.7088479943184798,0.017905682013616087,-1.9626131677605163,2.80130139930234,36.900619574562654,37.36619789454548,36.80797811703802,14.0,20.0,35.0,61.2,0.0,0.0,0.0,0.0,0.0,0.0,0.0,0.0,0.0,0.0
2026-06-09 08:09:57,-0.6694143619629411,0.9680824595145019,-1.970900133281933,2.8014293321365926,2.14378337457104,-2.049201615899035,-0.8696783976359819,2.0531086782291483,36.7688197872565,36.880744429089596,37.088965423220856,14.0,20.0,35.0,24.5,0.0,0.0,0.0,0.0,0.0,0.0,0.0,0.0,0.0,0.0
2026-06-09 08:09:58,1.61519218015727,1.2751755068409212,-2.9631367975256335,-0.08835928650075697,-1.4415024805375212,1.060172787366163,-1.1234302478554379,2.181745161677597,36.88066836224851,37.337802282746324,36.99642754724157,14.0,20.0,35.0,43.6,0.0,0.0,0.0,0.0,0.0,0.0,0.0,0.0,0.0,0.0
2026-06-09 08:09:59,-0.8602024939697994,2.842750745041392,1.859096199033507,2.2760341014446634,-2.97351423181349,-2.650662187461342,-2.857328583108977,-0.11743345268245431,36.58423545152766,37.20575487818154,36.71613185784899,14.0,20.0,35.0,-100,0.0,0.0,0.0,0.0,0.0,0.0,0.0,0.0,0.0,0.0
2026-06-09 08:10:00,-2.7073537429340333,-0.8980100056102214,-1.4044400371004142,0.30471524660542393,-2.6262769691009895,1.559893733184416,-0.5002091725544635,2.4118303703944726,36.949117784409694,36.830157439572766,36.746994495955356,14.0,20.0,35.0,60.1,0.0,0.0,0.0,0.0,0.0,0.0,0.0,0.0,0.0,0.0
2026-06-09 08:10:02,-1.1914070844174733,-1.4262548479836377,1.9017478994421841,-2.647329299673201,1.983863232622344,0.4097530400428191,1.9935625281535936,2.919908117973856,36.58838392506678,37.049628237552085,36.80236692401164,14.0,20.0,35.0,-11.1,0.0,0.0,0.0,0.0,0.0,0.0,0.0,0.0,0.0,0.0
2026-06-09 08:10:03,-1.6927022967396739,0.17946221695221354,2.3245695954132124,-2.4577289009849066,0.16405844896888144,-1.3120646770720075,2.310602908947816,1.1234376532803756,36.72563255193765,36.845942696641494,36.77937079065836,14.0,20.0,35.0,-64.2,0.0,0.0,0.0,0.0,0.0,0.0,0.0,0.0,0.0,0.0
2026-06-09 08:10:04,0.015497003653429431,2.128664899430315,-1.900459634411949,-2.234358727471702,-2.4195412056895678,-0.29210207298422075,2.696673411576466,2.6982983632743114,36.67066795837765,36.85488429667804,36.71955335582051,14.0,20.0,35.0,-4.7,0.0,0.0,0.0,0.0,0.0,0.0,0.0,0.0,0.0,0.0
2026-06-09 08:10:05,-2.13371838724036,-1.8229528256506868,-0.7222938278392839,0.2531850354406142,-1.71854560533721,-0.8131391178468999,1.0482952216255068,-2.140713728848193,36.83992577491424,37.03757104938692,37.20398162651428,14.0,20.0,35.0,65.9,0.0,0.0,0.0,0.0,0.0,0.0,0.0,0.0,0.0,0.0
2026-06-09 08:10:06,2.3564537310920244,-1.7439138561790506,-2.114173493157007,2.7526656960116433,0.08479016036468856,0.944565228125243,-2.171060814594862,0.7597180956701521,37.03024921179942,37.0241140303008,37.109783115188606,14.0,20.0,35.0,99.1,0.0,0.0,0.0,0.0,0.0,0.0,0.0,0.0,0.0,0.0
2026-06-09 08:10:08,-1.5713076856262176,2.625787224853605,-0.6357421018447331,2.563953734760352,-0.11283128331205905,-0.522812780755177,-0.19809992130727938,-0.9122674423843211,36.52339639373544,36.904852861715575,37.145617065022314,14.0,20.0,35.0,-51.8,0.0,0.0,0.0,0.0,0.0,0.0,0.0,0.0,0.0,0.0
2026-06-09 08:10:09,1.0294724622495508,-2.7640766688152176,-1.8377202467198515,-2.197842227306953,-1.4003923999694434,-2.72463924663432,0.6034026732363582,2.6290258251683323,36.96027505361747,36.919067093177354,36.98375909173196,14.0,20.0,35.0,117.9,0.0,0.0,0.0,0.0,0.0,0.0,0.0,0.0,0.0,0.0
2026-06-09 08:10:10,2.92102369964788,-1.0486694985066314,-0.3643260290768833,-1.924310511882046,0.373675482830258,-1.3027909917105427,0.12677756813104946,-0.2895023429530026,37.02214003469567,37.37109750432415,37.17623708650211,14.0,20.0,35.0,35.9,0.0,0.0,0.0,0.0,0.0,0.0,0.0,0.0,0.0,0.0
2026-06-09 08:10:11,-1.4866368337925022,2.937591783867684,0.47578871023451796,2.3701836698458347,1.8232102791756049,-1.710776096989232,1.7096718965777002,2.4004185782866294,36.74944681208773,37.07145884488592,37.12499175661233,14.0,20.0,35.0,-88.3,0.0,0.0,0.0,0.0,0.0,0.0,0.0,0.0,0.0,0.0
2026-06-09 08:10:13,1.6993484061203112,-1.436596616516483,-0.022322882106434072,-0.6803036756780481,-1.3012149000045454,-0.815684024750821,0.6521778931500419,0.17331713122473502,36.6644158943118,37.01943253774296,37.09552237153757,14.0,20.0,35.0,37.6,0.0,0.0,0.0,0.0,0.0,0.0,0.0,0.0,0.0,0.0
2026-06-09 08:10:14,-2.073328833027835,2.7296231226392536,-0.10554824421590503,0.2365575358865888,0.7213750821700202,-1.1315283545116093,0.5895877294661291,0.09151271401914318,36.59876911060148,37.16506761937579,36.88757734614517,14.0,20.0,35.0,-68.1,0.0,0.0,0.0,0.0,0.0,0.0,0.0,0.0,0.0,0.0
2026-06-09 08:10:15,-0.30602759659188994,-1.9017501113795316,2.975522118040807,-0.6131394051825954,-1.0879044658605774,-1.6507863943827412,-1.0478115877040968,2.7294049058249144,36.702082640661885,37.39035091626631,37.19995283440411,14.0,20.0,35.0,-29.1,0.0,0.0,0.0,0.0,0.0,0.0,0.0,0.0,0.0,0.0
2026-06-09 08:10:16,-2.410237657187497,0.31227782309436236,-1.1462186787794608,0.09739953660764877,-0.6548255481737506,1.6626439054265578,1.6793689323802843,-2.6960565795030083,36.65708018552524,37.01384832798355,36.909434603598,14.0,20.0,35.0,23.2,0.0,0.0,0.0,0.0,0.0,0.0,0.0,0.0,0.0,0.0
2026-06-09 08:10:17,-2.954824127856466,1.3457846275499943,2.1293418474929897,-2.841327483999616,2.1526817684151798,-0.6566289072445173,2.8046243260523696,2.559496610243026,36.892804128555994,37.197823133876994,37.04700730920409,14.0,20.0,35.0,-88.8,0.0,0.0,0.0,0.0,0.0,0.0,0.0,0.0,0.0,0.0
2026-06-09 08:10:19,-0.5141831237869372,0.305338752856386,-1.3273339106403095,-1.7837753400376046,-0.8721702558814979,-0.5265719698023821,-1.418168633413243,-0.7379357979489392,36.90268024007823,36.97586882524112,36.74209513064847,14.0,20.0,35.0,25.5,0.0,0.0,0.0,0.0,0.0,0.0,0.0,0.0,0.0,0.0
2026-06-09 08:10:20,0.49757052347798725,-1.0131987056312874,-0.0870983912455987,-2.439378027931621,0.15717898886326687,-2.513662215794896,-0.2050605416602358,2.1011281135155127,36.78299378886682,37.39263054114048,36.70855969857637,14.0,20.0,35.0,27.1,0.0,0.0,0.0,0.0,0.0,0.0,0.0,0.0,0.0,0.0
2026-06-09 08:10:21,2.916364338117713,2.4110285939948524,-2.8285355314690945,-1.0347192524137365,1.4659380087620013,-0.659744384551181,0.2772767923776116,0.6449805245478055,36.916089332953966,37.15537297548652,36.9240069577697,14.0,20.0,35.0,10.6,0.0,0.0,0.0,0.0,0.0,0.0,0.0,0.0,0.0,0.0
2026-06-09 08:10:22,0.3548577318994104,1.3599587634040287,1.1183658705612345,-0.37597426664995437,-2.7539477755558006,-2.8318846412144003,1.5888620039942332,1.1322678193047526,36.54980949416771,36.875183866480455,36.7985036336027,14.0,20.0,35.0,-64.7,0.0,0.0,0.0,0.0,0.0,0.0,0.0,0.0,0.0,0.0
2026-06-09 08:10:23,-1.5891550930790956,-0.43234450414706593,2.3328381453827003,0.27677757324409713,-2.908445430070698,-2.7980409247486375,-2.44384673458309,2.710969137345703,37.00814621921521,37.13903719409881,36.90183945838444,14.0,20.0,35.0,-51.8,0.0,0.0,0.0,0.0,0.0,0.0,0.0,0.0,0.0,0.0
2026-06-09 08:10:25,-2.2960948059494406,-2.7522446803655356,2.141667843108144,2.3353419286262227,2.838361645550222,-1.5116805847897938,-2.017099264424985,2.860864231203834,36.95495249732656,36.91961293895181,36.888887829439206,14.0,20.0,35.0,14.0,0.0,0.0,0.0,0.0,0.0,0.0,0.0,0.0,0.0,0.0
2026-06-09 08:10:26,-0.9947299683792519,-0.1658671563527898,2.670302342236874,-0.845633339431934,0.42926429551500256,-0.6656494110595776,2.529315567341728,2.684210419924236,36.9249619113255,36.920761366345225,37.20355671618268,14.0,20.0,35.0,-63.8,0.0,0.0,0.0,0.0,0.0,0.0,0.0,0.0,0.0,0.0
2026-06-09 08:10:27,-0.6006313845488114,-2.8779065219961995,1.9379596784184185,-2.0374497146635253,-1.6940392920301914,0.4058490556111396,-1.0045264481308707,0.026035998903200408,36.990399892779976,37.27618120253561,36.95285040634268,14.0,20.0,35.0,24.0,0.0,0.0,0.0,0.0,0.0,0.0,0.0,0.0,0.0,0.0
2026-06-09 08:10:29,-1.7197074539706432,-1.8805740665462722,-0.9429247461725652,-0.4097417367728857,-0.9515334417438108,-0.6784066504245851,-1.7799924025042826,-2.983094275579609,36.97371238243098,36.849039352897684,36.77708767901402,14.0,20.0,35.0,71.8,0.0,0.0,0.0,0.0,0.0,0.0,0.0,0.0,0.0,0.0
2026-06-09 08:10:30,-2.6645738105043177,-2.706006943874456,-2.649783035462634,-1.1181972797412865,-2.720469946844365,0.11157736541981356,0.5369091548810321,-1.3908277391141497,36.70884016734061,37.11447339001228,36.72613690002416,14.0,20.0,35.0,138.8,0.0,0.0,0.0,0.0,0.0,0.0,0.0,0.0,0.0,0.0
2026-06-09 08:10:31,0.4204800720091493,0.3616571188908506,1.6062642911728178,1.1824518754446034,-1.600927565651413,2.8300244267822876,-0.16078227510127974,-2.5691506519481813,36.83774916856999,37.35047960871599,36.85566584885087,14.0,20.0,35.0,-49.6,0.0,0.0,0.0,0.0,0.0,0.0,0.0,0.0,0.0,0.0
2026-06-09 08:10:32,1.6484680866063206,-2.9611179211969554,-0.36324131953759764,1.790773593532033,1.5707172689831195,-2.2119659353431276,0.7925315521535694,1.1608441078678995,36.83394524560346,37.382648580310224,36.98388951560196,14.0,20.0,35.0,85.2,0.0,0.0,0.0,0.0,0.0,0.0,0.0,0.0,0.0,0.0
2026-06-09 08:10:33,-1.7795452252867348,0.8617195252576657,-0.4035311896054168,-0.4167548336912814,1.631626121683202,0.9040432509457368,0.6024490944533869,-0.285922741832322,36.93188232496256,37.266855572272846,36.94654386815083,14.0,20.0,35.0,-11.1,0.0,0.0,0.0,0.0,0.0,0.0,0.0,0.0,0.0,0.0
2026-06-09 08:10:34,-2.13544691663981,0.5314242894608641,1.5452233216024398,-1.033793898067598,2.3181047372299126,1.1334290898408765,-0.731295163272744,1.2533267084436375,36.963302676840215,36.814014579879775,37.17923946683693,14.0,20.0,35.0,-53.5,0.0,0.0,0.0,0.0,0.0,0.0,0.0,0.0,0.0,0.0
2026-06-09 08:10:35,1.922930301759342,-1.4696295888635906,2.389277518597315,-1.285608819973753,1.1225935667659552,1.0391079150592253,0.15435176507739268,-1.0809018434468427,37.054419717570966,37.31019187799443,37.09502246304156,14.0,20.0,35.0,-23.2,0.0,0.0,0.0,0.0,0.0,0.0,0.0,0.0,0.0,0.0
2026-06-09 08:10:36,-1.2211853618666313,-2.646667425533641,-1.2031984942096157,-0.5470602018870445,-0.3019572172880647,2.9572347443694404,-2.4490888794622503,0.5335866203814623,36.78413744679697,36.97537435786386,37.020542285910594,14.0,20.0,35.0,99.8,0.0,0.0,0.0,0.0,0.0,0.0,0.0,0.0,0.0,0.0
2026-06-09 08:10:37,-2.1746751290726767,2.2003724112300915,-2.703938223710818,-2.5781306685758416,-2.888704508651961,0.11386431377305994,1.0446283415388482,2.5905333031878754,36.648328453123504,37.002023397193,36.88376793686182,14.0,20.0,35.0,13.6,0.0,0.0,0.0,0.0,0.0,0.0,0.0,0.0,0.0,0.0
2026-06-09 08:10:38,2.723819012197982,-1.9441019153742556,-1.0176291834952016,-0.6849425365432849,-2.317564985942418,-0.5039415160001051,1.8139833350141483,2.811506200204623,36.703325187820084,37.333155503395446,37.049458259247395,14.0,20.0,35.0,77.2,0.0,0.0,0.0,0.0,0.0,0.0,0.0,0.0,0.0,0.0
2026-06-09 08:10:40,-1.2847749041660428,-2.784491475151178,2.355594369456078,-1.0517899595847755,-0.16231704283087867,-1.5121345264532118,0.32699183875217397,-2.045410404689547,36.64353885952156,37.36424322153059,37.25473051217231,14.0,20.0,35.0,10.5,0.0,0.0,0.0,0.0,0.0,0.0,0.0,0.0,0.0,0.0
2026-06-09 08:10:41,1.0494257715760646,-2.948215325808135,-1.8359830259114436,-2.945214013117295,-0.4021816542450445,1.1343995627508798,-2.0158796061767057,-1.7899142731226625,36.88651868302407,37.09263947917276,37.07330372580941,14.0,20.0,35.0,123.3,0.0,0.0,0.0,0.0,0.0,0.0,0.0,0.0,0.0,0.0
2026-06-09 08:10:42,-1.9592046670285124,-0.5168240739290608,-1.0282450142524402,-0.874478386765503,2.154429997803363,1.9591191458551869,-2.863778768110289,1.884943682906047,36.974186404475624,37.046279582036625,36.824440199758655,14.0,20.0,35.0,39.5,0.0,0.0,0.0,0.0,0.0,0.0,0.0,0.0,0.0,0.0
2026-06-09 08:10:43,-0.9014055529612861,0.7087997642997843,2.224913789198652,1.1441300750950987,-2.3779874934259864,-2.5494763406098997,-2.8487211040915383,2.526130403032761,36.71757637737281,37.007128940699474,37.283560200060016,14.0,20.0,35.0,-78.6,0.0,0.0,0.0,0.0,0.0,0.0,0.0,0.0,0.0,0.0
2026-06-09 08:10:44,-0.3855021447612761,-0.28733282774496516,-2.6428669763839245,-0.5330341674712837,1.7754888378731524,2.8696451199207775,-0.0379961306689216,1.358111558881486,36.90599906428141,37.02895940436776,36.8549504714853,14.0,20.0,35.0,77.2,0.0,0.0,0.0,0.0,0.0,0.0,0.0,0.0,0.0,0.0
2026-06-09 08:10:45,-0.29094683356302387,0.1865385985222172,-0.6390596038057486,2.3900419875154615,0.5111712252188507,-2.740605414673733,1.2710665158028238,-1.6988190554781235,36.864778786681995,37.37502458751463,36.92660361019059,14.0,20.0,35.0,11.0,0.0,0.0,0.0,0.0,0.0,0.0,0.0,0.0,0.0,0.0
2026-06-09 08:10:46,-2.606656677138583,2.024650448050445,-2.3021070369273358,-0.6856850420739962,1.3616697260525115,1.3489766918478967,-2.872980668797428,1.1090658967188745,36.86862214013338,37.097649061404596,37.10773161870215,14.0,20.0,35.0,6.4,0.0,0.0,0.0,0.0,0.0,0.0,0.0,0.0,0.0,0.0
2026-06-09 08:10:47,-0.1644251724324004,-0.9186865695213129,-1.8277239270300658,2.4025262408156642,-1.711924401248978,-2.4508347646592137,-2.8978832075905494,1.0669247752891389,36.579173630491574,37.216652835479806,36.847099573894,14.0,20.0,35.0,68.3,0.0,0.0,0.0,0.0,0.0,0.0,0.0,0.0,0.0,0.0
2026-06-09 08:10:48,2.059942097050806,-0.6238651970139668,0.5373168956621344,1.8285250489289098,1.528136762487578,-1.3071727024539623,-0.07946375226160773,-1.06885357862011,36.96254085664137,37.169515071722394,36.97298772236562,14.0,20.0,35.0,1.5,0.0,0.0,0.0,0.0,0.0,0.0,0.0,0.0,0.0,0.0
2026-06-09 08:10:50,-1.4354540591501987,1.234033986052145,2.9661864341879554,-2.727752604535541,1.9605406524496223,-1.6333272561336714,-1.5867603399210861,-2.59650940867078,37.06195605347661,37.338844574039946,36.981374687249065,14.0,20.0,35.0,-100,0.0,0.0,0.0,0.0,0.0,0.0,0.0,0.0,0.0,0.0
2026-06-09 08:10:51,-1.3503533273939379,2.574207400091203,2.7354707926888127,1.524889670721426,0.3502363224588221,0.7130497489350747,-2.3656805162312287,1.3979402157546144,37.05449761310596,36.92603198638814,37.047884107896934,14.0,20.0,35.0,-100,0.0,0.0,0.0,0.0,0.0,0.0,0.0,0.0,0.0,0.0
2026-06-09 08:10:52,0.35931718041299066,2.930917518519066,0.4070566477328752,-1.0064362222391245,-2.0474068502711438,-0.8576326731128443,-1.5598897865497718,0.8710790260950971,36.530902684061296,36.88123740171289,37.25132213603423,14.0,20.0,35.0,-87.5,0.0,0.0,0.0,0.0,0.0,0.0,0.0,0.0,0.0,0.0
2026-06-09 08:10:53,1.783660300391051,2.7972311490104342,0.028687997706870583,-2.14379939657883,-0.21002562194775276,1.8508759444898226,-0.06360999556814839,-1.673762401730657,36.7361568803714,36.982834212609994,36.85758768013956,14.0,20.0,35.0,-72.2,0.0,0.0,0.0,0.0,0.0,0.0,0.0,0.0,0.0,0.0
2026-06-09 08:10:54,2.8835133486124906,0.3173071434187511,-1.21291983857392,-0.07765539512007358,0.9865768939980324,2.7615774608547623,-2.297875431149897,0.7140892455402805,36.852242125721865,37.17682846361542,36.720188946758604,14.0,20.0,35.0,23.4,0.0,0.0,0.0,0.0,0.0,0.0,0.0,0.0,0.0,0.0
2026-06-09 08:10:56,-2.923395402621815,-2.468928243804471,-0.8010874198318225,-2.144464368675006,-1.5965670813315995,-0.877340412819239,1.755072114854407,-2.6734269508283166,36.52814524657737,37.101751716602784,36.94691431770355,14.0,20.0,35.0,85.0,0.0,0.0,0.0,0.0,0.0,0.0,0.0,0.0,0.0,0.0
2026-06-09 08:10:57,-0.7487137140252687,0.9607118962054542,0.39803756052440287,-0.954728537010892,0.68613140752218,1.508222929632689,2.1893128946229874,0.026486180043960417,37.07938785539493,37.129680718531155,37.160953071724585,14.0,20.0,35.0,-33.3,0.0,0.0,0.0,0.0,0.0,0.0,0.0,0.0,0.0,0.0
2026-06-09 08:10:58,-1.2775063808084008,-2.0385785456261525,-2.305355145834892,-1.4925604731377435,-2.5843001944899986,0.9723176544541223,-2.339164985533769,-1.7685758012184365,36.79542961848895,37.10842463800828,36.900057989384,14.0,20.0,35.0,111.6,0.0,0.0,0.0,0.0,0.0,0.0,0.0,0.0,0.0,0.0
2026-06-09 08:10:59,1.3418183881739942,-2.4908864823570482,0.4097237600421355,2.305437402598937,1.6272814455655498,-1.7575388296642842,1.1230958921806575,0.9369809767771544,36.95571750450173,37.26940947719624,37.19922099016878,14.0,20.0,35.0,53.5,0.0,0.0,0.0,0.0,0.0,0.0,0.0,0.0,0.0,0.0
2026-06-09 08:11:00,-1.68857584915088,-1.652214300419739,0.03294750494511156,-1.5912726285490855,2.9783447319728165,0.43247139156598813,0.7735680784762327,-1.326817970791482,36.78680925004161,37.390902889053386,36.987972168325605,14.0,20.0,35.0,42.5,0.0,0.0,0.0,0.0,0.0,0.0,0.0,0.0,0.0,0.0
2026-06-09 08:11:01,-2.928414654277087,0.6323921732485909,-2.0534308636971317,2.1671297430726044,1.8393204573610138,0.40272571328691464,-2.532526217465592,0.0031251627954826944,36.931218754810615,36.838686282434224,37.1009688962186,14.0,20.0,35.0,35.7,0.0,0.0,0.0,0.0,0.0,0.0,0.0,0.0,0.0,0.0
2026-06-09 08:11:03,2.241809522627597,-2.809355948923484,-1.0368688987416963,-0.7867266275171438,-2.0270905710107465,1.380415148611375,-2.5519398531018,-1.8968800658721205,36.57788191555926,37.0565096201157,37.21427617472118,14.0,20.0,35.0,98.9,0.0,0.0,0.0,0.0,0.0,0.0,0.0,0.0,0.0,0.0
2026-06-09 08:11:04,-2.364787728796389,1.9737289508726388,-2.2345244261875217,2.2691021234663413,0.888544725085044,1.4359079535573596,-1.7031531825461539,-1.5680566250109647,36.82781172579286,37.325620515977995,37.20090598496132,14.0,20.0,35.0,6.6,0.0,0.0,0.0,0.0,0.0,0.0,0.0,0.0,0.0,0.0
2026-06-09 08:11:05,-1.2652345529846774,-0.9104255413428826,0.3412014838124766,-1.9833298238243802,-2.6520454113985403,0.9605233595654674,-2.0545399687821835,-0.04103263026714554,36.69820946210111,37.10565757091782,36.80978214960345,14.0,20.0,35.0,14.2,0.0,0.0,0.0,0.0,0.0,0.0,0.0,0.0,0.0,0.0
2026-06-09 08:11:06,0.7803491164590173,1.394615787145062,2.7816545088860494,-0.1998460568115772,2.3069193173435814,2.070426121866425,1.9258260082328773,0.07076418574745391,36.62454624575164,37.08353411939201,36.77349129370852,14.0,20.0,35.0,-100,0.0,0.0,0.0,0.0,0.0,0.0,0.0,0.0,0.0,0.0
2026-06-09 08:11:08,0.33593474665208234,2.6412197825664574,2.534485323180867,-0.9917434560788827,1.4533098342355935,2.170070333721255,-2.1297989800067443,1.5753701417236678,36.72753507690832,36.90096152162602,37.26145015341716,14.0,20.0,35.0,-100,0.0,0.0,0.0,0.0,0.0,0.0,0.0,0.0,0.0,0.0
2026-06-09 08:11:09,1.124833064754088,2.1118515395171427,-1.189213208052436,1.608582268514084,-2.036722576252537,-1.7941010817311442,-0.5514213218094648,-1.0211949941594933,36.59986240317917,37.201376698727856,36.95392293243148,14.0,20.0,35.0,-25.0,0.0,0.0,0.0,0.0,0.0,0.0,0.0,0.0,0.0,0.0
2026-06-09 08:11:10,0.7358300996549394,0.8525890725366674,0.04642264393728146,2.142685923115864,0.4937263518342041,-2.3859120860881147,-2.520035079892858,-0.3575626249759223,36.70157477338879,37.38797731631767,37.270411583185414,14.0,20.0,35.0,-25.7,0.0,0.0,0.0,0.0,0.0,0.0,0.0,0.0,0.0,0.0
2026-06-09 08:11:12,1.757860263767916,1.0537912032477728,2.164291508635843,1.0771416599838943,-0.9729616265344982,1.2142229392391473,1.836775328449849,0.16885221223620261,37.089394378507954,37.298741858971,37.05697242289967,14.0,20.0,35.0,-81.7,0.0,0.0,0.0,0.0,0.0,0.0,0.0,0.0,0.0,0.0
2026-06-09 08:11:13,2.2034311910086215,2.0790583438539807,1.0903213996615921,1.2269856156188892,0.11710422063410464,0.37612582929981375,2.229457490140419,0.4332853838980313,36.543130685318246,36.88674089628361,37.14951840434137,14.0,20.0,35.0,-80.6,0.0,0.0,0.0,0.0,0.0,0.0,0.0,0.0,0.0,0.0
2026-06-09 08:11:14,-1.483667026020461,-0.03714403883114903,-2.894097840597551,-2.8585258556936597,-0.7796077741109784,-1.1723732400094253,-2.216860610629456,-0.14850381999681428,36.93354256003723,36.96591472733055,36.872950150445156,14.0,20.0,35.0,74.1,0.0,0.0,0.0,0.0,0.0,0.0,0.0,0.0,0.0,0.0
2026-06-09 08:11:15,1.584947539211723,2.069046068055025,2.451270000619213,-0.6231182066668288,-0.3205262250981571,1.8547867382846839,0.840814199934214,2.7991981396949353,36.9368082565414,36.93255481205055,36.718102429825535,14.0,20.0,35.0,-100,0.0,0.0,0.0,0.0,0.0,0.0,0.0,0.0,0.0,0.0
2026-06-09 08:11:16,-2.17263389486078,1.3410430022364652,-1.4112765997719792,2.1280223686172883,-2.656294337035712,1.67032703131418,-0.3843733578949431,-2.099064433401206,36.55691546000744,36.91932132419147,36.87373340381941,14.0,20.0,35.0,2.5,0.0,0.0,0.0,0.0,0.0,0.0,0.0,0.0,0.0,0.0
2026-06-09 08:11:17,2.3894327353827816,-2.717519492069697,-0.8095000246890027,-0.29504877816782704,-1.6969156089430357,1.4725687448665221,1.5212479371285088,-1.437614063106355,36.662052162160734,37.013676187503336,37.16773694769335,14.0,20.0,35.0,92.7,0.0,0.0,0.0,0.0,0.0,0.0,0.0,0.0,0.0,0.0
2026-06-09 08:11:18,-2.4763093095228683,-1.2178373357239403,2.6463529537784147,2.4234304939891365,-1.6258001210546498,-1.950118818059683,-0.6485554795669639,1.8798268983798945,36.62862704116793,36.95384778483387,36.89625649680393,14.0,20.0,35.0,-38.2,0.0,0.0,0.0,0.0,0.0,0.0,0.0,0.0,0.0,0.0
2026-06-09 08:11:19,-1.27042790226138,-0.7254814253045616,2.122804498762056,-2.0622218223839255,-0.28431218169154615,1.4865861372273272,2.2833379289022515,0.3173202298846869,36.80803120914735,37.3778971566953,36.90248299950216,14.0,20.0,35.0,-34.2,0.0,0.0,0.0,0.0,0.0,0.0,0.0,0.0,0.0,0.0
2026-06-09 08:11:21,-1.8987811396909862,-0.34267904349112666,1.691360058478545,1.8175915252536772,2.8996354423353123,-0.42120692857834374,2.2609079917762758,0.9356620922935805,36.6891217458388,36.98614635625118,37.02246658837427,14.0,20.0,35.0,-34.0,0.0,0.0,0.0,0.0,0.0,0.0,0.0,0.0,0.0,0.0
2026-06-09 08:11:22,-0.5333172710694667,0.2924646776545625,1.9504159823109966,-2.0686464065840195,1.554978914286922,-2.4968818993399644,2.3596723091181504,0.5302862183717787,36.73436999205335,36.92451695979337,37.027974395296646,14.0,20.0,35.0,-58.1,0.0,0.0,0.0,0.0,0.0,0.0,0.0,0.0,0.0,0.0
2026-06-09 08:11:24,2.1640760721167034,2.1515169688373703,1.4230719142363952,-0.7036666506133709,-1.3483174708463264,-1.3680045722325531,-0.9778351659982136,0.44588925887209996,36.542711796389376,37.03618469073745,36.79888608877574,14.0,20.0,35.0,-93.6,0.0,0.0,0.0,0.0,0.0,0.0,0.0,0.0,0.0,0.0
2026-06-09 08:11:25,0.9688032365399133,-2.3390842279773216,0.7220431929409763,-0.44167431925222767,0.7341576517303876,0.8445449748352987,1.006950870369785,-0.21932012840718773,36.89531231886589,36.992496950762565,36.809277662384034,14.0,20.0,35.0,42.7,0.0,0.0,0.0,0.0,0.0,0.0,0.0,0.0,0.0,0.0
2026-06-09 08:11:26,-2.876659135168534,-2.0594206391228473,1.5354029924331396,-0.6580316310069971,-0.8739359542066305,-2.947224083274177,2.9972598017796903,2.421234210239657,36.79702459396829,36.911638523554245,37.18118329518525,14.0,20.0,35.0,13.6,0.0,0.0,0.0,0.0,0.0,0.0,0.0,0.0,0.0,0.0
2026-06-09 08:11:27,-0.3419728706203302,-0.29269676601228944,1.4801221260234048,1.5990701490812533,-2.3475596415891586,0.4596387497508121,-2.2168361687062372,2.130114542319239,37.05746536271791,37.10909179211182,36.80322797126684,14.0,20.0,35.0,-31.6,0.0,0.0,0.0,0.0,0.0,0.0,0.0,0.0,0.0,0.0
2026-06-09 08:11:28,-0.11943691176364046,2.994010106753662,1.7726272878783291,-2.709031136104465,-1.5109380025363939,2.4016734048272124,1.483339813246559,-2.3362811478951926,36.91249679426333,37.234020480708146,37.05773726340941,14.0,20.0,35.0,-100,0.0,0.0,0.0,0.0,0.0,0.0,0.0,0.0,0.0,0.0
2026-06-09 08:11:29,-2.5336870053292735,-2.257574380338049,1.1407623590568026,0.4435642375126716,-1.4172933096192457,-2.241371278200998,1.8962962978808031,2.1967102901975926,36.76145114997689,37.10881424920911,36.957773995247464,14.0,20.0,35.0,28.7,0.0,0.0,0.0,0.0,0.0,0.0,0.0,0.0,0.0,0.0
2026-06-09 08:11:31,-1.8476875334760918,0.4319839993256176,-0.5946426003545868,2.8372265039953355,-2.6581660073599616,1.7536253703632338,-0.4272963403685486,2.9585437158002392,36.67937716731028,37.27432274886566,36.98931938916238,14.0,20.0,35.0,4.9,0.0,0.0,0.0,0.0,0.0,0.0,0.0,0.0,0.0,0.0
2026-06-09 08:11:32,2.5597403109858785,0.6660800801382241,1.8626325772082382,-1.3805555627475055,0.04285833691889529,2.981073766425278,1.4088294510017505,1.6606506914898471,36.8036722918546,37.31769499471056,36.86751164303127,14.0,20.0,35.0,-63.2,0.0,0.0,0.0,0.0,0.0,0.0,0.0,0.0,0.0,0.0
2026-06-09 08:11:33,0.6300989877990322,-1.0427495645499807,-1.3502942549621684,0.9376894425924664,-0.0303830970192438,-1.331996290429194,-1.0398712362834654,1.9668624448100527,36.776562651569016,36.897347925502835,36.933455097284984,14.0,20.0,35.0,60.7,0.0,0.0,0.0,0.0,0.0,0.0,0.0,0.0,0.0,0.0
2026-06-09 08:11:34,-0.18783297482104544,-1.7917276718468298,-2.32541690781802,1.5156187459860506,-2.9811164405767268,-1.8200534908757369,-1.1177114480407675,0.6087103898460171,36.56397823130997,36.98445497784288,36.9016503153824,14.0,20.0,35.0,105.0,0.0,0.0,0.0,0.0,0.0,0.0,0.0,0.0,0.0,0.0
2026-06-09 08:11:35,-0.7530055734865719,2.7232181495601866,-2.572270845027128,-1.8315086512514234,0.5685905551210686,2.242905664468262,0.06280186059658854,-1.076393880572496,37.058154636086265,37.02456328471783,37.253224672495094,14.0,20.0,35.0,-2.8,0.0,0.0,0.0,0.0,0.0,0.0,0.0,0.0,0.0,0.0
2026-06-09 08:11:37,1.8853575819621184,-0.5027884391788398,0.4930483116807163,2.6653078124942082,-1.0503586365254627,1.9987310599706287,-2.6699203997454184,2.3204431030553323,36.637801235980945,36.85446083936821,37.20343448058454,14.0,20.0,35.0,-0.1,0.0,0.0,0.0,0.0,0.0,0.0,0.0,0.0,0.0,0.0
2026-06-09 08:11:38,-0.3704042239054339,1.1707204754990759,-0.655327364521761,-0.5570346359773213,-1.6324591990867767,1.5799633466338783,2.6659608549409377,2.0338118660480626,36.51755949072314,36.8542473583632,36.98665086007931,14.0,20.0,35.0,-11.2,0.0,0.0,0.0,0.0,0.0,0.0,0.0,0.0,0.0,0.0
2026-06-09 08:11:39,0.09930284685081547,-2.997461243847639,2.685844828241218,-1.8126921410642414,2.328721976689783,0.6453507371961225,-1.4179790012990123,-1.4060057884585342,36.81331742919131,37.27768358344164,36.770363775003,14.0,20.0,35.0,7.7,0.0,0.0,0.0,0.0,0.0,0.0,0.0,0.0,0.0,0.0
2026-06-09 08:11:40,2.799911108868513,-2.860139684414465,-2.6883610823102035,0.696479875142769,1.7331660567587228,1.4618126369889035,2.326268508279523,1.7571817631702675,37.051760031524005,37.168537963741066,37.009757612770514,14.0,20.0,35.0,145.4,0.0,0.0,0.0,0.0,0.0,0.0,0.0,0.0,0.0,0.0
2026-06-09 08:11:41,1.9023856789022249,0.5073025510166325,0.9584398945521837,2.7783085505706717,1.8000536085570698,-1.5787373530544135,1.1548445803409395,1.145569690225714,37.025569543226595,37.27203180275107,36.738015036591726,14.0,20.0,35.0,-38.1,0.0,0.0,0.0,0.0,0.0,0.0,0.0,0.0,0.0,0.0
2026-06-09 08:11:42,-2.551369096564071,-1.981232162987886,-1.6007880010735052,-0.06886455758216226,1.1623879918116726,-0.6153319572650204,1.2867609252725618,-1.3821810781866994,36.77255447839344,37.2812404714293,36.73047499580776,14.0,20.0,35.0,93.0,0.0,0.0,0.0,0.0,0.0,0.0,0.0,0.0,0.0,0.0
2026-06-09 08:11:44,2.2208075698807557,-2.443794700301668,2.6414388817581163,-1.9790331388148548,2.8831916651365077,-2.9003203611438924,-2.234678262041012,-0.1946176611106729,36.869751113713534,37.03213638555127,36.76251607218962,14.0,20.0,35.0,-7.7,0.0,0.0,0.0,0.0,0.0,0.0,0.0,0.0,0.0,0.0
2026-06-09 08:11:45,1.7880598643043077,2.6158097640566904,2.95453901632696,-2.9856117160511513,0.9794033347125688,-1.224583103829144,2.0021222941402463,0.2868957764718383,37.01559420422953,37.23884691347985,36.85501463178165,14.0,20.0,35.0,-100,0.0,0.0,0.0,0.0,0.0,0.0,0.0,0.0,0.0,0.0
2026-06-09 08:11:46,1.8951045931494583,1.7424657096427776,-1.274725391535148,-1.179544793281897,1.6038982895355351,-1.2461855667320751,-2.190423950081062,0.9135041278967799,36.73690159383647,37.149638411982906,37.13532473248161,14.0,20.0,35.0,-13.8,0.0,0.0,0.0,0.0,0.0,0.0,0.0,0.0,0.0,0.0
2026-06-09 08:11:47,-0.8914812092643158,-0.7340870313066112,1.3404628489465935,-0.7511552588803436,2.437307011721628,-0.2391747209221866,2.49597004923696,-2.878561890491496,36.86391071796102,37.314318157194236,37.11138350673363,14.0,20.0,35.0,-14.6,0.0,0.0,0.0,0.0,0.0,0.0,0.0,0.0,0.0,0.0
2026-06-09 08:11:48,-0.6141695699260232,2.7906858689316447,-0.7071856220395518,-1.6224299675601772,0.6738407918530527,0.8893247313577906,0.7339426505889324,2.149467440691776,36.95034867491391,37.299184648664045,36.880391343171766,14.0,20.0,35.0,-53.1,0.0,0.0,0.0,0.0,0.0,0.0,0.0,0.0,0.0,0.0
2026-06-09 08:11:49,1.0364947426324838,-1.9256714865531968,-2.326082464360123,1.5065199107662242,-1.418675582900488,-1.8717693443464434,0.17261832540205013,2.329840490230872,36.65903205041731,36.87054496579013,37.21227540651712,14.0,20.0,35.0,109.1,0.0,0.0,0.0,0.0,0.0,0.0,0.0,0.0,0.0,0.0
2026-06-09 08:11:50,-2.8895557258305775,-2.8009016112645453,-1.0079609423932547,1.0950983146435567,1.13558872131813,-2.293077970590587,0.6620326719191558,-1.8289448599290832,36.78561507122897,37.21479917289094,37.27617359007423,14.0,20.0,35.0,97.7,0.0,0.0,0.0,0.0,0.0,0.0,0.0,0.0,0.0,0.0
2026-06-09 08:11:52,-0.9828566405407066,-0.6877145625958634,2.3757587826987683,1.202381079599979,-2.387668007972806,-0.881811814053373,0.4792206596708164,2.4897022426547473,36.811301501919225,36.80662381293228,36.799468196244774,14.0,20.0,35.0,-43.8,0.0,0.0,0.0,0.0,0.0,0.0,0.0,0.0,0.0,0.0
2026-06-09 08:11:53,-1.426521965065256,1.0223115916703094,2.694800944897744,2.51760389981229,-0.9281276143243602,1.8740737047968894,1.3948794570240706,-0.7046880996010154,36.53336204645867,36.97680052133177,36.73938037657052,14.0,20.0,35.0,-94.5,0.0,0.0,0.0,0.0,0.0,0.0,0.0,0.0,0.0,0.0
2026-06-09 08:11:54,2.578270635570968,2.791908340430636,2.8648716555998917,-0.8524792142750917,2.2545535756767423,-1.340697673680631,2.259991671486354,-0.8549378035461905,37.08111378857442,37.12487318998665,37.05559977671654,14.0,20.0,35.0,-100,0.0,0.0,0.0,0.0,0.0,0.0,0.0,0.0,0.0,0.0
2026-06-09 08:11:55,-0.8820109814470678,0.4485071972471344,0.29930359281723273,-0.6027483777449429,-2.3953003538948803,2.147753748292118,-0.7832784427916044,2.708718779503065,37.09112202546037,37.19203314345927,36.96219472621003,14.0,20.0,35.0,-18.7,0.0,0.0,0.0,0.0,0.0,0.0,0.0,0.0,0.0,0.0
2026-06-09 08:11:57,-0.4934929028179811,2.030470051869023,1.818126630751716,-2.2786805742067116,-2.2739177940989124,-0.5241638610569606,-0.49624289492773643,-1.8455921476692443,36.816657443495075,37.07743873348416,36.79438200924921,14.0,20.0,35.0,-100,0.0,0.0,0.0,0.0,0.0,0.0,0.0,0.0,0.0,0.0
2026-06-09 08:11:58,0.07329363280749934,0.571133426699804,1.401289157562518,1.6786759957895008,-2.2018890095412864,-0.5134311235518121,0.21179261410629335,-2.8967481468497818,36.85699926017593,36.94757393365445,37.23606187587232,14.0,20.0,35.0,-51.2,0.0,0.0,0.0,0.0,0.0,0.0,0.0,0.0,0.0,0.0
2026-06-09 08:11:59,2.825269191954531,-2.8629278214652105,-2.292058619559563,-0.8125995610698169,1.4920641012339608,-2.593928822408282,-1.6473945121344005,-2.3102459192708302,36.81517512368789,37.36090371328076,37.23577048441255,14.0,20.0,35.0,131.2,0.0,0.0,0.0,0.0,0.0,0.0,0.0,0.0,0.0,0.0
2026-06-09 08:12:00,-0.5313887377365769,0.852290057275586,1.8913072935422672,-1.404077286752563,-1.131595226142524,1.829543804915878,-0.43529511681301924,-2.0653309309633086,36.992243343971495,37.245383227788786,36.79415005675536,14.0,20.0,35.0,-70.2,0.0,0.0,0.0,0.0,0.0,0.0,0.0,0.0,0.0,0.0
2026-06-09 08:12:01,-2.507099525431639,-0.4479136107164976,1.4079232939949495,-2.745988438316978,-1.5722520523247951,-0.9668107838006668,-1.303204393024661,0.3306242687779726,36.868693343514735,37.01277328942434,36.79886451618448,14.0,20.0,35.0,-26.0,0.0,0.0,0.0,0.0,0.0,0.0,0.0,0.0,0.0,0.0
2026-06-09 08:12:02,-1.5064111352973748,0.06702911407963352,-1.2829148395824201,1.4251839990923898,1.2233307148525325,2.2193113212968445,2.096789665452307,-2.1391910700241077,36.541780838665254,36.88523674758014,36.801696981136416,14.0,20.0,35.0,33.6,0.0,0.0,0.0,0.0,0.0,0.0,0.0,0.0,0.0,0.0
2026-06-09 08:12:04,-1.2701548124869826,0.7955723378685917,-2.2495117450272284,1.9627258620760646,-0.13056455837017866,1.7520529529374613,-2.7381659182629123,-2.4612881802107403,36.83684842174408,37.0322380491233,37.09067950835649,14.0,20.0,35.0,37.1,0.0,0.0,0.0,0.0,0.0,0.0,0.0,0.0,0.0,0.0
2026-06-09 08:12:05,0.7875404622400723,-1.7632521391197133,-1.3448449336392552,2.082190741273571,-0.307715474048432,-0.18331910458459433,-1.7437287267525845,-1.213674694066239,37.053292438585444,37.39527806720535,37.22568107709334,14.0,20.0,35.0,79.4,0.0,0.0,0.0,0.0,0.0,0.0,0.0,0.0,0.0,0.0
2026-06-09 08:12:06,-2.357549261208523,0.39796288730007046,-1.104635150435791,0.6616718407749573,1.0725750603990765,2.607266450879684,0.22173752823726378,0.4534176955415661,36.548655298167134,37.02815301249975,37.060845241647854,14.0,20.0,35.0,19.7,0.0,0.0,0.0,0.0,0.0,0.0,0.0,0.0,0.0,0.0
2026-06-09 08:12:08,-1.9209161380581854,1.1699229797991268,0.38730156578504493,2.600044120039918,-2.570637003448315,-1.9338849121799069,-1.913509259464708,2.1548512451761415,36.63965741035461,37.17163462051106,37.054570022953165,14.0,20.0,35.0,-42.2,0.0,0.0,0.0,0.0,0.0,0.0,0.0,0.0,0.0,0.0
2026-06-09 08:12:09,2.03944953455,0.8366688894885694,0.2577482502947843,1.516226755580984,0.48424662749250436,0.8900708128154688,-2.0474323937792382,-0.746368934398836,37.037709887650706,37.32929260346272,36.811385731164265,14.0,20.0,35.0,-28.9,0.0,0.0,0.0,0.0,0.0,0.0,0.0,0.0,0.0,0.0
2026-06-09 08:12:10,2.5799795559860748,-2.133816659642052,-1.6522690443903116,-0.4067408758501845,0.9538548372214963,2.562918968677365,-1.0391202500005252,1.5333593210906429,37.06418478174421,37.06527949775852,36.950769129894645,14.0,20.0,35.0,98.7,0.0,0.0,0.0,0.0,0.0,0.0,0.0,0.0,0.0,0.0
2026-06-09 08:12:11,-0.5153537873861715,0.6218685934960813,-1.9579113607585235,-0.08261630878073012,-0.2958119469746414,-1.4112316294289704,-1.5238920592378555,-0.6610980103553672,36.538220031980195,37.22313575280907,36.94168052015274,14.0,20.0,35.0,33.1,0.0,0.0,0.0,0.0,0.0,0.0,0.0,0.0,0.0,0.0
2026-06-09 08:12:12,2.4907574089695617,2.266330487985665,-1.7566644434629637,-0.961712160272552,2.082812126343761,2.0722360586952444,-0.7183513186557189,2.8970094692474113,36.903836017137785,37.25584772347481,36.95645155939219,14.0,20.0,35.0,-12.5,0.0,0.0,0.0,0.0,0.0,0.0,0.0,0.0,0.0,0.0
2026-06-09 08:12:13,-2.925928048700904,0.7768341314904537,2.970944463436366,-2.82526650442268,-0.0017669371130972777,-0.16451682254758282,-2.6674093166974044,2.9686918535487816,36.74087903291766,37.006891446994445,37.00242042444105,14.0,20.0,35.0,-98.3,0.0,0.0,0.0,0.0,0.0,0.0,0.0,0.0,0.0,0.0
2026-06-09 08:12:14,0.7082585447934919,-1.3363152362306072,-1.7164081742654254,2.4558021793246363,-0.07568417669969563,1.8345294623282893,2.6334371871122038,2.9127052200752575,36.515938547388785,37.37101946754778,36.866821739871874,14.0,20.0,35.0,81.2,0.0,0.0,0.0,0.0,0.0,0.0,0.0,0.0,0.0,0.0
2026-06-09 08:12:16,-2.182511656991864,2.163235495308819,2.8263694219524265,0.5258909644775942,0.08805706592668816,0.5481471884589517,-0.026298839481618153,-0.6270168666552136,36.78836089596696,37.31035323666404,36.802905081833316,14.0,20.0,35.0,-100,0.0,0.0,0.0,0.0,0.0,0.0,0.0,0.0,0.0,0.0
2026-06-09 08:12:17,0.11819652477292752,0.8463520862398886,-2.1053913272572995,-0.7353116420719554,-1.7270118247482935,-1.5195473304095648,2.3689105088284004,2.801860930371835,37.05215654577768,37.06511823183429,36.71511554829466,14.0,20.0,35.0,33.0,0.0,0.0,0.0,0.0,0.0,0.0,0.0,0.0,0.0,0.0
2026-06-09 08:12:18,-1.2163212965042927,-1.3776273200892817,0.6468092341312079,-2.9327893565361784,0.6424244799701029,0.6616377127392488,1.9080293127755708,0.8580780861909272,36.7012600958483,37.026245639442585,37.11942490410447,14.0,20.0,35.0,20.2,0.0,0.0,0.0,0.0,0.0,0.0,0.0,0.0,0.0,0.0
2026-06-09 08:12:19,1.2905083384380598,-0.17712288168095114,-2.673976553452171,-0.04586624806092532,1.060647319238818,1.314813709139977,0.034900840079345574,-0.599299813338054,36.919047550012415,36.90144131266064,37.267280028374046,14.0,20.0,35.0,74.4,0.0,0.0,0.0,0.0,0.0,0.0,0.0,0.0,0.0,0.0
2026-06-09 08:12:20,1.6003763417984587,0.4227397156711299,-1.9806736191875471,1.8462293301480504,0.48405872566007213,1.1986627969699892,-0.0627917885926701,-0.004630204062596732,36.68274310110761,37.23968464442456,37.24954075953822,14.0,20.0,35.0,40.9,0.0,0.0,0.0,0.0,0.0,0.0,0.0,0.0,0.0,0.0
2026-06-09 08:12:22,2.2539586721679203,-1.274685119188761,2.2653097081595455,1.210884369495453,-1.6270763223823475,0.21449037188316655,1.0784854393595582,-1.4612398715293984,36.61772276643666,36.82463311000006,36.96977398452516,14.0,20.0,35.0,-25.0,0.0,0.0,0.0,0.0,0.0,0.0,0.0,0.0,0.0,0.0
2026-06-09 08:12:23,2.0433898701299418,-0.8084077182982288,1.8043653704977967,2.1208160406578216,1.7545513947864517,-0.816242160270936,-0.04598461732598125,-0.26674492252857274,36.909515658508006,36.97072229358478,37.00837646704282,14.0,20.0,35.0,-26.2,0.0,0.0,0.0,0.0,0.0,0.0,0.0,0.0,0.0,0.0
2026-06-09 08:12:24,-0.6131582277031296,-0.9559111403529381,2.663321433198071,1.358118988717881,-2.928785502955888,2.4058212158214394,-1.0358366103708188,-1.349440156190179,36.66038973050654,37.30779404346742,36.764840166860346,14.0,20.0,35.0,-43.5,0.0,0.0,0.0,0.0,0.0,0.0,0.0,0.0,0.0,0.0
2026-06-09 08:12:25,-1.5903749572142336,-2.155983263557361,2.720838727606168,-1.23389462069559,-1.9276185403971597,-1.3592454566572558,-1.6512435651489237,0.855289891098296,36.8603337867807,37.129607703222575,36.941466027107786,14.0,20.0,35.0,-16.1,0.0,0.0,0.0,0.0,0.0,0.0,0.0,0.0,0.0,0.0
2026-06-09 08:12:27,1.597154741101713,2.34389809823476,1.5775810003592898,-0.13747481116507476,2.796307956589529,-0.40360180541800705,-2.502119192345617,2.2439853106584584,36.592858192704796,37.16789313137863,37.215914303751276,14.0,20.0,35.0,-100,0.0,0.0,0.0,0.0,0.0,0.0,0.0,0.0,0.0,0.0
2026-06-09 08:12:28,-1.087616373911989,0.35929623658506316,-0.5172584156785618,0.0714421060006889,2.451596348176455,2.5452229809807285,0.864463153028999,-0.728421171810357,36.965231719108594,37.32538261468375,37.133138970516164,14.0,20.0,35.0,5.8,0.0,0.0,0.0,0.0,0.0,0.0,0.0,0.0,0.0,0.0
2026-06-09 08:12:29,-1.9919887079098049,-2.7097805860231547,-0.9428523460943525,2.599976536273495,2.820986747441439,-1.410819612861015,-2.794248310836103,1.6643322930188535,36.825974724742174,37.20590053349439,37.095452753417455,14.0,20.0,35.0,92.3,0.0,0.0,0.0,0.0,0.0,0.0,0.0,0.0,0.0,0.0
2026-06-09 08:12:30,-1.9835382518163358,0.6323209377320751,2.5019392568253354,-2.5895270241644655,-0.07948329797781062,-0.9785100521847707,-0.1868358112277857,0.07208140286058429,36.578163960219804,37.36798034323223,37.21450785061648,14.0,20.0,35.0,-81.6,0.0,0.0,0.0,0.0,0.0,0.0,0.0,0.0,0.0,0.0
2026-06-09 08:12:32,0.612806978421701,0.5989517744693331,0.46320378721898336,-0.6968400859154169,-0.5960649936978819,-1.4360526801813802,-2.7375590071791143,-1.59035756416509,36.5314761789466,37.046340924234435,36.927234490547185,14.0,20.0,35.0,-29.6,0.0,0.0,0.0,0.0,0.0,0.0,0.0,0.0,0.0,0.0
2026-06-09 08:12:33,2.209201985220554,-2.4268972355788128,-1.502167462836289,-1.2712606017669705,-1.0206627871776306,-0.9918796489929447,2.7708965149368847,-2.3412704310133643,36.97212404284854,37.259855650494,37.0047231134897,14.0,20.0,35.0,102.5,0.0,0.0,0.0,0.0,0.0,0.0,0.0,0.0,0.0,0.0
2026-06-09 08:12:34,-1.3246540477578972,-1.2846228349475453,0.8819112951473516,1.2331221579062444,0.17181546291181737,-1.8546023298259884,0.8707704591439387,-0.47432990183549606,36.65766940224805,37.07557118953072,36.78629150933093,14.0,20.0,35.0,9.9,0.0,0.0,0.0,0.0,0.0,0.0,0.0,0.0,0.0,0.0
2026-06-09 08:12:35,2.9257638917425863,0.43578913680485654,-0.4528688945390331,1.0101306476451049,0.9547876481175894,2.1822759899719575,0.2767754559148292,-2.4851210352853172,36.73756946945873,37.34245449180926,37.26312941120594,14.0,20.0,35.0,1.7,0.0,0.0,0.0,0.0,0.0,0.0,0.0,0.0,0.0,0.0
2026-06-09 08:12:36,-0.2391315553914195,1.9380172368994177,-0.543236479443773,2.9625656953112376,-0.07047699406397934,0.7806857067965538,-2.3306806006731215,2.8816535548589464,36.73515702562281,37.31507403960854,36.744800355182946,14.0,20.0,35.0,-36.8,0.0,0.0,0.0,0.0,0.0,0.0,0.0,0.0,0.0,0.0
2026-06-09 08:12:38,2.4611577071859223,-0.4714162837847109,0.09557707453312769,0.05655443382696479,-2.5427796175090753,0.9285090566046428,0.14005262954037834,-0.33888542350943673,36.9127448265685,36.873094579456776,36.90212473176435,14.0,20.0,35.0,10.3,0.0,0.0,0.0,0.0,0.0,0.0,0.0,0.0,0.0,0.0
2026-06-09 08:12:39,2.960684476519501,-1.4504389011470131,-0.3141710486439466,-2.8030297446262864,2.346408434982921,2.509119110866214,-2.4263111272927063,-2.5127671608448363,36.99027797459775,37.05073428749707,37.13785990546566,14.0,20.0,35.0,45.7,0.0,0.0,0.0,0.0,0.0,0.0,0.0,0.0,0.0,0.0
2026-06-09 08:12:40,-2.1097003759882607,2.222219795412018,-2.571751974767262,-1.56052833568476,2.661686295486607,0.7159237853874831,2.1896598460070456,2.4313722872139882,36.81483476286419,37.348878101194046,37.24754482750854,14.0,20.0,35.0,10.5,0.0,0.0,0.0,0.0,0.0,0.0,0.0,0.0,0.0,0.0
2026-06-09 08:12:41,1.1100977196023187,2.486469287740806,-0.5842995976937786,-1.0826807765588191,-2.1096911901582516,0.910089309116584,-0.9704801253201185,-2.13386954311456,36.9214257395053,36.98319172890714,36.850383785147045,14.0,20.0,35.0,-49.2,0.0,0.0,0.0,0.0,0.0,0.0,0.0,0.0,0.0,0.0
2026-06-09 08:12:42,2.862659697882968,-0.5879471523797788,1.0380985755579237,-2.717179248387833,0.47443914927158204,-1.7617248622034478,-1.4164190045078233,1.0802178064061616,36.8229651243526,37.1084510617412,36.93409692651596,14.0,20.0,35.0,-13.2,0.0,0.0,0.0,0.0,0.0,0.0,0.0,0.0,0.0,0.0
2026-06-09 08:12:43,-0.3588150854964538,-2.5553692469526257,0.24616734137783158,-0.06703740386690882,-1.2423652395680436,2.7712002726810514,-2.9479069617845006,1.2939862584145976,36.51178128959211,36.958420788611186,36.8575249814438,14.0,20.0,35.0,59.6,0.0,0.0,0.0,0.0,0.0,0.0,0.0,0.0,0.0,0.0
2026-06-09 08:12:44,-0.1190799528277049,-0.2183575272377074,-0.36665121416567326,1.889401457090094,0.35678954659400564,-0.4892371323370073,-1.5269258907836154,2.2594790615617724,36.884528848525434,37.36134734609598,37.204021083885515,14.0,20.0,35.0,14.1,0.0,0.0,0.0,0.0,0.0,0.0,0.0,0.0,0.0,0.0
2026-06-09 08:12:46,-0.8179343288164107,-0.696371829545404,0.2998903133836883,-2.6991664874565933,-2.900144573123443,-0.2720024608374678,2.881134319248785,-2.470306825836427,36.9573292542461,37.05745168288314,36.815217040613994,14.0,20.0,35.0,11.6,0.0,0.0,0.0,0.0,0.0,0.0,0.0,0.0,0.0,0.0
2026-06-09 08:12:47,1.9611335917068873,1.964322066125165,0.6657769393010122,-1.842347516276629,-0.4930936488491757,2.691628909822951,-1.4118831875543307,-2.6164073031270876,36.60090781253113,36.874689999368314,37.13027765315249,14.0,20.0,35.0,-67.4,0.0,0.0,0.0,0.0,0.0,0.0,0.0,0.0,0.0,0.0
2026-06-09 08:12:48,-1.5324040657041158,-2.007949871800706,1.0753191457314841,0.8825302871940259,-1.2781955799213127,1.7567738522238923,-2.9723740337962745,-2.3768472930368287,36.85593349545573,37.19400569907558,37.241412097395,14.0,20.0,35.0,23.5,0.0,0.0,0.0,0.0,0.0,0.0,0.0,0.0,0.0,0.0
2026-06-09 08:12:49,-2.4356854425568875,-0.7515530440322795,-0.9869794600594144,1.009559846980859,-0.5477517299516399,1.1730374901504579,-0.8344310583436148,2.046503394774371,36.561455349498075,37.06396027479118,36.865869575187716,14.0,20.0,35.0,45.1,0.0,0.0,0.0,0.0,0.0,0.0,0.0,0.0,0.0,0.0
2026-06-09 08:12:50,2.5096055057380564,-1.1185692888080938,-0.7670297838923368,-2.1395506790315357,-1.580125648275857,0.9459058708030259,-1.8712845170946752,-1.3463536960572176,36.754974475894784,37.130642501624905,37.0016301432197,14.0,20.0,35.0,48.3,0.0,0.0,0.0,0.0,0.0,0.0,0.0,0.0,0.0,0.0
2026-06-09 08:12:51,-0.708456157964306,-1.6392263249964434,-1.1112170560902763,-1.4368141701456212,2.2710547084904276,-1.9371178357180403,-1.643004089850789,-1.9314052216470579,37.03873864365807,37.24365065047223,36.85270819023312,14.0,20.0,35.0,69.3,0.0,0.0,0.0,0.0,0.0,0.0,0.0,0.0,0.0,0.0
2026-06-09 08:12:52,0.3217578464912325,-1.622672473031689,-2.5238406612297295,0.2643695365205212,-1.7139652330904664,1.8411761523782442,1.58164578060956,1.101728165057029,36.89614893833046,37.04403705506227,37.234862250185216,14.0,20.0,35.0,108.9,0.0,0.0,0.0,0.0,0.0,0.0,0.0,0.0,0.0,0.0
2026-06-09 08:12:53,-1.429838981991338,-1.4965291974734094,0.7379469766659987,2.3588333457780886,2.849811684294732,-2.715705402174413,1.4925041717666492,1.9887395968730015,36.72464500639081,37.182893844559075,37.229501009278515,14.0,20.0,35.0,19.0,0.0,0.0,0.0,0.0,0.0,0.0,0.0,0.0,0.0,0.0
2026-06-09 08:12:55,-1.0649473324464762,2.608979137546754,1.5802229255442217,0.15288853809701575,2.256347096837499,1.7062073915087161,-1.3333039476189967,1.697186871819559,37.018284166369675,37.279895684525016,36.881555403991065,14.0,20.0,35.0,-100,0.0,0.0,0.0,0.0,0.0,0.0,0.0,0.0,0.0,0.0
2026-06-09 08:12:56,1.9364946193375676,1.9295627810437654,-0.11747777045667451,-2.1415973280558354,2.3173946503575973,-2.9323994952081778,-0.5176869961681496,0.8226508915306829,36.580981658608366,37.007153222429864,37.22889705945755,14.0,20.0,35.0,-48.6,0.0,0.0,0.0,0.0,0.0,0.0,0.0,0.0,0.0,0.0
2026-06-09 08:12:57,2.0238358052870744,2.2892687430764305,-2.1425039773165784,-1.225444960058735,0.9549289581952305,2.3073643205101133,-2.6353181922069044,2.766752005080522,36.67443102215203,37.170333814582584,37.233571890388035,14.0,20.0,35.0,-4.0,0.0,0.0,0.0,0.0,0.0,0.0,0.0,0.0,0.0,0.0
2026-06-09 08:12:58,1.4229442739074845,-2.71743923845954,1.0253274899688707,-1.6234833191106,-2.222436731707925,-2.95403437008771,1.7138024893002148,1.2478342072226951,37.0928812033999,37.30766710124697,36.71629666970449,14.0,20.0,35.0,43.1,0.0,0.0,0.0,0.0,0.0,0.0,0.0,0.0,0.0,0.0
2026-06-09 08:13:00,2.6993904579764836,-1.9388940793082707,2.263852973475232,1.06760331832362,-1.088210684906758,-0.481068724634818,-0.32845193299982034,-0.587493889976364,37.06168984941327,36.90626342793231,37.051410387848115,14.0,20.0,35.0,-8.8,0.0,0.0,0.0,0.0,0.0,0.0,0.0,0.0,0.0,0.0
2026-06-09 08:13:01,-1.6519905134550343,-1.050911734903084,-1.1166603692641486,-0.32957186828988316,-0.43027248750921965,1.4450740978467405,1.6580117287236842,0.6023616469420059,37.05712473418484,37.073961611592146,36.924010868618126,14.0,20.0,35.0,57.6,0.0,0.0,0.0,0.0,0.0,0.0,0.0,0.0,0.0,0.0
2026-06-09 08:13:02,0.5283746309175457,-0.5016659897443523,-1.950459433821418,0.16407145736842654,2.274414146739012,0.4930292589349641,-2.7261753653073484,-0.38173733062984816,36.870860046028824,37.15490814746356,36.75724745429368,14.0,20.0,35.0,62.3,0.0,0.0,0.0,0.0,0.0,0.0,0.0,0.0,0.0,0.0
2026-06-09 08:13:03,-2.3744858514945437,0.8048579804772711,1.4757613145082171,1.425764550242537,-2.514521122534494,-2.696163013506251,-0.02990193716163425,-1.1628724924981362,37.01428090663871,37.00544409209855,36.83778284118804,14.0,20.0,35.0,-60.3,0.0,0.0,0.0,0.0,0.0,0.0,0.0,0.0,0.0,0.0
2026-06-09 08:13:05,-1.8335581060159687,1.3301450065380722,-0.005049515490223477,2.286558656174667,2.6180468681046483,-0.09301350771344818,1.5313414284144278,2.463070398833273,36.85888289024086,37.16947868761929,36.993072425948725,14.0,20.0,35.0,-33.5,0.0,0.0,0.0,0.0,0.0,0.0,0.0,0.0,0.0,0.0
2026-06-09 08:13:06,1.0057756690353905,-2.970147654376618,0.5297018691137652,-0.30077145175046116,-1.048345043544313,-0.19975583014086595,2.222717431099908,-2.7021641105946506,36.91290348503521,37.27534417727428,36.999262265232375,14.0,20.0,35.0,64.1,0.0,0.0,0.0,0.0,0.0,0.0,0.0,0.0,0.0,0.0
2026-06-09 08:13:07,1.1811913476421818,-0.2899848365848481,-1.7351264319109214,-1.1733663110325856,1.6066327792891197,0.8098884940828261,2.9943272098356077,2.404547123866031,36.51883316811058,37.11934101241208,37.25331747123109,14.0,20.0,35.0,54.3,0.0,0.0,0.0,0.0,0.0,0.0,0.0,0.0,0.0,0.0
2026-06-09 08:13:08,2.0126882777345063,-0.6941533365474477,-1.0362147705121212,-1.451784913368356,-1.9481338644382362,-0.10318819382347133,1.2354818850658917,-1.2702976127956185,36.98442516566967,37.07289278783776,37.240205454580014,14.0,20.0,35.0,45.3,0.0,0.0,0.0,0.0,0.0,0.0,0.0,0.0,0.0,0.0
2026-06-09 08:13:10,1.9517518428857548,0.3373986669687774,-2.9546039471525836,-2.766588414816224,-1.2001410495341842,-1.3816342305854192,-2.3920076547350186,0.281756539083871,37.03469189436506,37.11725921090806,37.01256849910661,14.0,20.0,35.0,65.8,0.0,0.0,0.0,0.0,0.0,0.0,0.0,0.0,0.0,0.0
2026-06-09 08:13:11,-2.40127268833979,-1.4377352186848786,-2.788362222841947,-1.8405059596237443,2.346722993120574,1.1257274402719384,-2.9311316975344193,0.6115393294709386,36.5590659721061,37.07507468774529,37.25217224852331,14.0,20.0,35.0,108.4,0.0,0.0,0.0,0.0,0.0,0.0,0.0,0.0,0.0,0.0
2026-06-09 08:13:12,1.1775328551211963,1.5004909868240857,-0.9920700665272291,-1.2788432294873828,0.36535321441824475,-0.7190861311068981,-0.03950226576087967,1.8163186399051847,37.03680213448791,37.221867105594086,36.99454235397613,14.0,20.0,35.0,-13.5,0.0,0.0,0.0,0.0,0.0,0.0,0.0,0.0,0.0,0.0
2026-06-09 08:13:13,2.224003181814118,2.56544676589084,-1.8423963537713346,-0.5057524305550332,2.1481154254519845,0.12267628081413395,0.9244503287271995,-0.09828319725555268,36.99756188260316,37.1632844710849,36.947863680172354,14.0,20.0,35.0,-18.2,0.0,0.0,0.0,0.0,0.0,0.0,0.0,0.0,0.0,0.0
2026-06-09 08:13:14,-1.0141089677604271,1.686865811692864,-0.9267038816123243,-0.04626998653452752,2.8439934449550384,2.5911882551818346,1.0062566083115119,-1.4637036379520842,36.61607587145506,37.19080645914494,36.825223954197696,14.0,20.0,35.0,-17.9,0.0,0.0,0.0,0.0,0.0,0.0,0.0,0.0,0.0,0.0
2026-06-09 08:13:16,2.755743723656148,1.2112974553969682,1.139328184621867,-2.379977098471283,2.7657458508477477,-0.3209098251406597,1.3504530226589218,2.4181002155468203,36.65564496393834,37.22691877555434,37.13638770170583,14.0,20.0,35.0,-60.3,0.0,0.0,0.0,0.0,0.0,0.0,0.0,0.0,0.0,0.0
2026-06-09 08:13:17,2.3463978181506597,0.36857222115502886,-1.4256589788073442,1.6917181021008911,2.159734599095997,0.5176661048479758,-0.9911145285378269,1.9670013862049789,37.03056336675433,37.16169860974352,37.19755160491792,14.0,20.0,35.0,27.1,0.0,0.0,0.0,0.0,0.0,0.0,0.0,0.0,0.0,0.0
2026-06-09 08:13:19,-1.4485619303821649,-1.3917620975537144,-2.647081904351338,2.3874250185879307,-0.5544029729118778,-0.223986903368675,-0.5124889740411005,2.5133841698106734,36.70992546010306,36.970717734564715,37.05128369062501,14.0,20.0,35.0,104.1,0.0,0.0,0.0,0.0,0.0,0.0,0.0,0.0,0.0,0.0
2026-06-09 08:13:20,2.589569259490596,0.6736493119354434,-2.3352357157183774,0.3659425146515862,-0.437578199987382,-0.11197102212645316,-1.646487440328188,-0.5370153277033429,36.7872897294854,37.09504475241094,37.121260169315065,14.0,20.0,35.0,42.1,0.0,0.0,0.0,0.0,0.0,0.0,0.0,0.0,0.0,0.0
2026-06-09 08:13:21,-2.652999141022657,-0.4170770134519568,2.383177318523698,-1.4181320230515708,-0.2132284006847982,1.790319729742957,2.5635339419039918,-1.879662427123901,36.85463110732816,37.15079470831953,36.75001615316225,14.0,20.0,35.0,-48.7,0.0,0.0,0.0,0.0,0.0,0.0,0.0,0.0,0.0,0.0
2026-06-09 08:13:22,-0.1074661786044917,-1.334792151209231,-1.9897955491969639,1.01777833722372,1.549206644788324,2.790302954521521,-2.910274463661612,1.5099084231363946,36.61807850994342,37.219162222304526,36.97447006096405,14.0,20.0,35.0,85.9,0.0,0.0,0.0,0.0,0.0,0.0,0.0,0.0,0.0,0.0
2026-06-09 08:13:23,-0.6879842675821468,-1.0658105730887923,-0.400927905863087,2.916706215302945,0.8252468678111184,-0.4223947898573419,1.5382162850102903,-2.7559289011122505,36.77128912163607,36.93518255977729,36.867114768670746,14.0,20.0,35.0,38.5,0.0,0.0,0.0,0.0,0.0,0.0,0.0,0.0,0.0,0.0
2026-06-09 08:13:24,0.1480216008523465,2.2617448533530933,0.7978817952959085,1.5749992394792045,0.42586713742519056,-0.6425610113978735,-0.04307999292910658,-0.337886807107032,36.81288414663032,36.98656483951728,36.968576481902225,14.0,20.0,35.0,-79.5,0.0,0.0,0.0,0.0,0.0,0.0,0.0,0.0,0.0,0.0
2026-06-09 08:13:26,-1.8216844525585156,2.2332398671783,-0.4797617408168753,-1.642156840885869,-0.9322279964694928,-2.805410023763434,2.8639321487521343,0.9171404011872046,37.08033141717361,37.27077743879112,37.24991213081296,14.0,20.0,35.0,-45.3,0.0,0.0,0.0,0.0,0.0,0.0,0.0,0.0,0.0,0.0
2026-06-09 08:13:27,1.4956271383389543,2.6384424025002424,0.76814681948114,-2.174520640253349,0.129599825847448,-1.337625345865567,-1.7548546726879448,2.3117479821494307,36.79399302990645,36.89527261551687,37.1974239380897,14.0,20.0,35.0,-89.6,0.0,0.0,0.0,0.0,0.0,0.0,0.0,0.0,0.0,0.0
2026-06-09 08:13:29,-2.2281401746899423,-2.381067606709623,1.1503692875820528,-2.4891291665538904,-2.7506408312402963,2.970746566927988,1.9959529287541766,-2.0642753892893273,36.949550174557224,37.016198548291975,36.906403558974525,14.0,20.0,35.0,34.3,0.0,0.0,0.0,0.0,0.0,0.0,0.0,0.0,0.0,0.0
2026-06-09 08:13:30,-1.0302934163908772,0.6582615280365136,-2.974738582968037,-1.5005021858459175,2.8421874852868774,-2.4458237297614542,-0.15392178446822502,-1.2095468307509898,36.54721677921831,37.1494532707287,37.109276339396395,14.0,20.0,35.0,58.6,0.0,0.0,0.0,0.0,0.0,0.0,0.0,0.0,0.0,0.0
2026-06-09 08:13:31,-2.922704038970714,-1.9378242625282889,-0.7266574397871084,-2.079059966087499,2.742040721176024,-1.468246127830207,1.4996071040339363,-2.9526208393362072,36.53800599748781,37.25437091770168,37.20191793558003,14.0,20.0,35.0,68.9,0.0,0.0,0.0,0.0,0.0,0.0,0.0,0.0,0.0,0.0
2026-06-09 08:13:32,0.7379545242501702,0.5434697053540036,0.8385751947150921,-1.3305179310928905,-2.9545510558694645,2.176503999201243,-2.1876208300846134,0.1590340402824122,36.890942513503525,36.857859331995485,37.15838477332537,14.0,20.0,35.0,-35.7,0.0,0.0,0.0,0.0,0.0,0.0,0.0,0.0,0.0,0.0
2026-06-09 08:13:33,1.329985707432419,1.3068728704653694,-0.09795321602205309,-2.979752430380172,0.8800022436027346,-2.849745293771499,-1.0317629882163317,-2.5296925886637496,36.94026321010194,36.84513436229886,37.23650827999687,14.0,20.0,35.0,-33.2,0.0,0.0,0.0,0.0,0.0,0.0,0.0,0.0,0.0,0.0
2026-06-09 08:13:34,-0.09451063456696929,2.3810607194319084,-1.2837284790207901,2.086011663851422,1.7052774042990144,0.4175951649488039,1.3264063867764833,0.43735353763589746,36.57789626604332,37.25754186825269,37.28005618615809,14.0,20.0,35.0,-27.5,0.0,0.0,0.0,0.0,0.0,0.0,0.0,0.0,0.0,0.0
2026-06-09 08:13:36,1.1712697723826313,-2.858368337188245,-2.5739063328891136,-1.5040904381429554,-1.0539534487038333,-0.8094215129129969,-1.0287598343439441,1.805093570141926,36.95770772537745,37.07223417116707,36.780828937003605,14.0,20.0,35.0,139.5,0.0,0.0,0.0,0.0,0.0,0.0,0.0,0.0,0.0,0.0
2026-06-09 08:13:37,-1.8903520717767321,-2.1722900137022476,-1.9521007404817234,-1.1220633160873934,-1.8886871167832657,-2.298190718175254,-1.0096427913111385,2.8095067442649757,36.586397104277886,36.81158424790339,36.96164657708637,14.0,20.0,35.0,105.0,0.0,0.0,0.0,0.0,0.0,0.0,0.0,0.0,0.0,0.0
2026-06-09 08:13:38,-2.019506083343005,1.739165830628429,2.5022874580537824,1.44803349193125,2.5776927795522715,1.375277072480456,1.4894194811757666,-0.12863672214026778,36.638979919156384,37.13653938859364,36.80639381252859,14.0,20.0,35.0,-100,0.0,0.0,0.0,0.0,0.0,0.0,0.0,0.0,0.0,0.0
2026-06-09 08:13:39,-2.9411915945181546,-2.1041316800249845,2.3099326563982805,-1.6206509949279517,-1.9954817223729022,-2.026627162704329,-1.6782964456769844,-2.309639589257254,36.87588339601557,37.08812040739062,37.01465810627492,14.0,20.0,35.0,-7.2,0.0,0.0,0.0,0.0,0.0,0.0,0.0,0.0,0.0,0.0
2026-06-09 08:13:41,-0.19769529233212424,-0.2924400052424425,-1.2583395391857135,-1.3374117143294477,-2.541764147356887,-1.3041248190536159,2.0103796019735443,0.2081415155777897,37.07100823273051,37.00147488520145,37.04954460828181,14.0,20.0,35.0,40.5,0.0,0.0,0.0,0.0,0.0,0.0,0.0,0.0,0.0,0.0
2026-06-09 08:13:42,-0.6482398888524417,2.5478562290250366,-0.5032481461690876,0.6517182330520654,2.785371331758693,0.206546939161246,2.5427990654627237,-1.5872009506963873,36.866507508552125,37.26100234235199,37.16151488413856,14.0,20.0,35.0,-51.5,0.0,0.0,0.0,0.0,0.0,0.0,0.0,0.0,0.0,0.0
2026-06-09 08:13:43,-0.08010650869411551,0.5826838868587547,-2.5553941297218605,-0.002587175258924823,-2.315537044283384,2.1949054215275448,-0.4027517459197347,2.4323721269246263,36.98724248518358,36.928120701223285,37.265293072342025,14.0,20.0,35.0,51.9,0.0,0.0,0.0,0.0,0.0,0.0,0.0,0.0,0.0,0.0
2026-06-09 08:13:44,-1.7418676359322296,0.004590873260956307,2.0098017198903495,2.785519032780093,-2.624881142743991,1.2055732614149495,1.3106720041239077,-2.208860254576958,36.55482120450297,37.28977366972025,37.16199167721505,14.0,20.0,35.0,-50.8,0.0,0.0,0.0,0.0,0.0,0.0,0.0,0.0,0.0,0.0
2026-06-09 08:13:45,0.7473806581828017,-0.5412080096320571,-0.7907315168265248,-2.683744723233353,-0.14194418093838745,1.4977268664470946,2.117573366471108,-1.4077728622783743,36.52307826411558,37.11567673262759,37.131126937215846,14.0,20.0,35.0,36.2,0.0,0.0,0.0,0.0,0.0,0.0,0.0,0.0,0.0,0.0
2026-06-09 08:13:46,-2.8085901688567363,2.900205266505325,0.44851506733766877,0.054050635492639554,-1.4747750199570167,-0.0753054389756933,-1.1313869224765911,0.12687860682531404,36.92745586785412,36.83732519213165,37.04512632770784,14.0,20.0,35.0,-87.2,0.0,0.0,0.0,0.0,0.0,0.0,0.0,0.0,0.0,0.0
2026-06-09 08:13:47,-2.019471044835576,0.7050177791820653,2.536820553162398,-2.1044401507366963,-0.9552399535155001,-0.4085916389133426,1.4857072154480102,0.7587935953674987,36.920315160258006,36.97216745536266,37.18014056362493,14.0,20.0,35.0,-83.3,0.0,0.0,0.0,0.0,0.0,0.0,0.0,0.0,0.0,0.0
2026-06-09 08:13:49,2.1636357146283363,2.7136345158650412,0.19775697908254974,2.5776394450014184,-2.2364284525182665,-2.019360492661842,0.19775055105553774,0.788873879453869,36.89262606653721,36.901007220282224,36.852133011980705,14.0,20.0,35.0,-76.2,0.0,0.0,0.0,0.0,0.0,0.0,0.0,0.0,0.0,0.0
2026-06-09 08:13:50,-2.8440492527298042,2.752502817147275,2.185819412360411,-1.7740847135856834,-0.3551741430997173,-0.018988155613840263,-0.849816984934403,2.7988985504460677,37.09664951068583,37.365700915841146,37.01158801570075,14.0,20.0,35.0,-100,0.0,0.0,0.0,0.0,0.0,0.0,0.0,0.0,0.0,0.0
2026-06-09 08:13:51,2.673085429573172,-0.6904752100775458,0.8389391190135953,0.1086613781555994,-1.872815535944527,-1.8117465544979903,1.057482907244042,-0.5073673623639556,36.667571256662384,37.08577115578701,36.90737194787757,14.0,20.0,35.0,-4.2,0.0,0.0,0.0,0.0,0.0,0.0,0.0,0.0,0.0,0.0
2026-06-09 08:13:52,1.0920059485769755,-2.5478951418353493,1.9329961545515628,0.7901203224431139,-0.21905656408045093,-1.1122788163691986,-2.2462586345590703,-0.5704998906705612,36.72025487192606,36.85733304262288,36.72509347899565,14.0,20.0,35.0,14.2,0.0,0.0,0.0,0.0,0.0,0.0,0.0,0.0,0.0,0.0
2026-06-09 08:13:53,2.4713103643366354,-2.1811706310827375,1.7149468031432331,0.822929112494637,1.5024560120556778,2.9203679150555946,-2.776654541106872,-0.5754066601392056,36.890233495047404,37.11222648789412,36.97121442277763,14.0,20.0,35.0,12.1,0.0,0.0,0.0,0.0,0.0,0.0,0.0,0.0,0.0,0.0
2026-06-09 08:13:54,2.5502249081243864,-1.533822209376333,0.972376994662997,-2.5257855056899214,1.7813239658396132,0.4129900911220412,-1.67625799680807,-1.1604334930725182,36.8885633153568,37.101985202221236,37.08563534573534,14.0,20.0,35.0,13.9,0.0,0.0,0.0,0.0,0.0,0.0,0.0,0.0,0.0,0.0
2026-06-09 08:13:55,1.0573556756835316,0.26471648656658786,-1.5337212474877036,2.1885887176716805,1.8923666013575042,-0.4786685897662659,-1.6248098892591598,2.4058877029946757,37.00155701724846,37.15108720095298,36.98786720396566,14.0,20.0,35.0,31.8,0.0,0.0,0.0,0.0,0.0,0.0,0.0,0.0,0.0,0.0
2026-06-09 08:13:56,2.9977676742892045,-1.699202738262239,-0.05910716417976891,2.823969480087757,-0.12639886883852958,-2.3317091592967385,-0.7190773381992042,1.1704930734663854,37.07303980082396,36.87966653397976,37.03579875903088,14.0,20.0,35.0,43.9,0.0,0.0,0.0,0.0,0.0,0.0,0.0,0.0,0.0,0.0
2026-06-09 08:13:57,2.512819764993596,0.46265160968525043,2.8209129780840296,-0.5676379255425887,0.649574194707518,2.974722743837793,0.11279306473988893,1.4663806772361117,36.890208284249205,37.25245519674596,36.74231993816091,14.0,20.0,35.0,-83.4,0.0,0.0,0.0,0.0,0.0,0.0,0.0,0.0,0.0,0.0
2026-06-09 08:13:58,1.5967366673071144,-0.5577314185578857,-2.0389689240576754,0.025082662872883965,0.22550560770286765,-1.3598600460389838,-0.4347611319624951,1.730176520652897,36.70115603281263,37.00301097628806,37.26696997234581,14.0,20.0,35.0,66.2,0.0,0.0,0.0,0.0,0.0,0.0,0.0,0.0,0.0,0.0
2026-06-09 08:14:00,-1.9494904397665982,2.0284034332890117,-2.3451280890266175,1.2510151731383106,0.6162515421872237,-1.1688310161548183,0.6455814188913829,1.161787714990255,36.71087279444215,36.983079095546664,36.80413015611019,14.0,20.0,35.0,7.9,0.0,0.0,0.0,0.0,0.0,0.0,0.0,0.0,0.0,0.0
2026-06-09 08:14:01,1.9894454636263728,-1.3282079080880713,-0.6129168492250852,0.773759636541322,2.182877702778123,1.3490500613197813,1.4960252886431116,-0.4903543036566056,36.70756825327765,36.83282527926172,37.01219773590118,14.0,20.0,35.0,51.6,0.0,0.0,0.0,0.0,0.0,0.0,0.0,0.0,0.0,0.0
2026-06-09 08:14:02,0.44682351970628176,-0.060289435900239496,2.8559112906551496,1.4063647560635966,-2.994541098238275,1.7938603070212675,-0.8950550985183297,-2.324580346799287,36.7402087577114,37.32807395255612,36.72835859358073,14.0,20.0,35.0,-71.8,0.0,0.0,0.0,0.0,0.0,0.0,0.0,0.0,0.0,0.0
2026-06-09 08:14:03,2.2158291930751925,0.8267188324872716,-0.545095434304284,-0.8476840622617043,-0.7428528832066692,-1.2318430757070955,-0.2965074437998556,-1.394263080701903,36.70226710752772,37.389474986520405,36.92025850967009,14.0,20.0,35.0,-8.0,0.0,0.0,0.0,0.0,0.0,0.0,0.0,0.0,0.0,0.0
2026-06-09 08:14:05,-1.1279474124772952,0.4986721260344016,-0.5848137539890845,1.0986230857805817,-1.5316748260416106,1.4047032831565316,1.8076911760260561,2.641134643351821,36.601629343336256,36.958558409941524,37.22611469748525,14.0,20.0,35.0,3.8,0.0,0.0,0.0,0.0,0.0,0.0,0.0,0.0,0.0,0.0
2026-06-09 08:14:06,-2.9221350708721063,-0.489585091668193,0.7272965931040316,-0.41275939640107273,1.0228739770774045,-2.2857535839647776,0.9800185707062843,-1.0983728294889818,37.03585272139895,37.25970402983165,36.9002210965259,14.0,20.0,35.0,-6.8,0.0,0.0,0.0,0.0,0.0,0.0,0.0,0.0,0.0,0.0
2026-06-09 08:14:07,-2.7451571951666685,0.1585802868266306,0.5031901071842002,-0.5128322703980155,-2.710714286513996,2.812258135291799,0.9138092745372619,2.2787368276981868,36.72353154442639,37.27927835120488,37.02182426317508,14.0,20.0,35.0,-15.2,0.0,0.0,0.0,0.0,0.0,0.0,0.0,0.0,0.0,0.0
2026-06-09 08:14:08,0.04196080598434815,-0.1702139824594271,-2.4101577080194136,0.7577402059352458,1.3848120340799248,2.7569812175709654,-0.8706127577269682,-2.1449499518059625,36.9261665085166,37.12464991161727,36.81914452548191,14.0,20.0,35.0,67.7,0.0,0.0,0.0,0.0,0.0,0.0,0.0,0.0,0.0,0.0
2026-06-09 08:14:09,-2.676948430842755,-2.9354750373041787,2.0515436013263155,0.9782099550535897,-2.4163879077835277,-2.998052021899716,-2.4097472568967815,-2.6986133882552252,36.604957925670945,37.004162150358844,37.01180083883618,14.0,20.0,35.0,20.2,0.0,0.0,0.0,0.0,0.0,0.0,0.0,0.0,0.0,0.0
2026-06-09 08:14:11,-1.8376194727462882,-0.4720920616156885,-1.115546045119858,-2.1749775087047425,1.6967771518143664,2.777442364859242,2.989398531431565,-1.4922948923584092,36.7286551684196,37.15558854654071,37.089576052105244,14.0,20.0,35.0,43.9,0.0,0.0,0.0,0.0,0.0,0.0,0.0,0.0,0.0,0.0
2026-06-09 08:14:12,2.6355571718502615,-2.7287331485511985,-2.4779718148135688,-1.9360638009206965,2.11117007285835,0.2759380103050866,2.8460956593183706,-2.532134211668623,36.758707423379384,37.10708906406822,37.02012067389716,14.0,20.0,35.0,136.2,0.0,0.0,0.0,0.0,0.0,0.0,0.0,0.0,0.0,0.0
2026-06-09 08:14:13,-0.9623323461524569,1.0829432509993282,-1.1362308885048853,-0.36227513259534305,-2.9286270883532417,-1.215968050044482,2.398554379818349,-1.4729086488941658,36.707902287861224,37.00615026259049,36.831786052835895,14.0,20.0,35.0,2.0,0.0,0.0,0.0,0.0,0.0,0.0,0.0,0.0,0.0,0.0
2026-06-09 08:14:14,-1.8276958928899072,-2.844376362874942,2.7101613091390133,-1.6201626146728874,-1.929790579722011,-0.7532242367596718,-1.366482189806424,2.2392774704632554,36.753574611504845,37.18892326275388,37.17013478855249,14.0,20.0,35.0,2.4,0.0,0.0,0.0,0.0,0.0,0.0,0.0,0.0,0.0,0.0
2026-06-09 08:14:16,1.2115060071749628,-0.2670189110663088,0.6487535481571363,0.7611031861926358,-1.1894499082794747,-0.5298585968194374,1.5096640094834957,1.544579705899011,37.03343623089732,36.9950238297311,37.16432751478769,14.0,20.0,35.0,-9.4,0.0,0.0,0.0,0.0,0.0,0.0,0.0,0.0,0.0,0.0
2026-06-09 08:14:17,-2.8093637233482793,2.372866832683746,0.7489025605109934,1.981130196206756,-1.5098454280516447,-2.5690045404015907,0.04459780201311947,2.7751191965925006,36.93948048338018,37.13243937569469,37.03259103342124,14.0,20.0,35.0,-82.0,0.0,0.0,0.0,0.0,0.0,0.0,0.0,0.0,0.0,0.0
2026-06-09 08:14:18,-0.8601847445663298,-1.925826275356806,-1.393547860713109,-0.7577817970312353,2.462990869281211,-2.735032300440995,1.7124014987692844,1.7647627460700548,36.80474315187029,37.32158760431208,36.73422365756343,14.0,20.0,35.0,85.3,0.0,0.0,0.0,0.0,0.0,0.0,0.0,0.0,0.0,0.0
2026-06-09 08:14:19,2.597443783517704,-1.1720876553897228,-2.843209989235274,-2.9525307740297375,0.553623248251248,2.3646003912775626,-2.5538024396588312,0.8250514880838042,36.883755358429,37.3478404625183,36.874880465880075,14.0,20.0,35.0,103.7,0.0,0.0,0.0,0.0,0.0,0.0,0.0,0.0,0.0,0.0
2026-06-09 08:14:20,-0.04377307582337586,-1.9392740754701854,1.5283259826428193,-0.6622525954904148,-0.5228402024661092,0.8339691942416225,-1.5141023657180073,-2.5505059124544216,36.64770341706057,36.99926607816176,37.072264118571326,14.0,20.0,35.0,10.3,0.0,0.0,0.0,0.0,0.0,0.0,0.0,0.0,0.0,0.0
2026-06-09 08:14:22,-1.6539704131642137,2.3892951512448217,-1.5010778199052297,-1.535736920423617,-0.44796847714795174,2.3467167363438186,2.272317598673072,0.19179313166732648,36.66146204030082,37.006749687988346,37.18297941989762,14.0,20.0,35.0,-20.7,0.0,0.0,0.0,0.0,0.0,0.0,0.0,0.0,0.0,0.0
2026-06-09 08:14:23,-0.3942488344958912,-0.5214198959224339,0.04352101075130044,2.793108540302894,-1.4207528583612428,0.7272356999147265,1.4078243438159408,1.291913303572711,36.55202225285903,37.13226567426892,37.03096032191496,14.0,20.0,35.0,13.4,0.0,0.0,0.0,0.0,0.0,0.0,0.0,0.0,0.0,0.0
2026-06-09 08:14:24,2.0973785635610707,1.559719245594919,0.43704144777766585,-1.8831468221056558,1.8083483676257828,-2.9013547932128327,2.3464546192768285,-2.462364282272408,36.94413023356937,37.23203990997893,37.15552433261587,14.0,20.0,35.0,-51.9,0.0,0.0,0.0,0.0,0.0,0.0,0.0,0.0,0.0,0.0
2026-06-09 08:14:25,2.168602922468777,0.10767469609760072,-0.39858645251355096,-2.185155892930609,-0.585494189419546,0.20325419936104705,-1.0820050529211749,1.7642666404554266,37.03874000616164,37.30932034189195,36.92564298813325,14.0,20.0,35.0,7.1,0.0,0.0,0.0,0.0,0.0,0.0,0.0,0.0,0.0,0.0
2026-06-09 08:14:27,2.147352969971081,-1.2016968297589978,1.978652359117973,-2.699761049779496,2.7226740950346517,-1.4765232212913544,1.450947323912354,2.670343866702318,36.56127120065193,37.05332785385649,36.87397530173248,14.0,20.0,35.0,-20.1,0.0,0.0,0.0,0.0,0.0,0.0,0.0,0.0,0.0,0.0
2026-06-09 08:14:28,-1.6756033599803786,2.342259880683981,-0.2844696023774693,2.0991906730248235,-2.8591943104659316,0.35889198042318693,-1.6585680393151079,-2.0309782621662693,36.81638301100887,36.8165537831857,36.99241550263058,14.0,20.0,35.0,-53.9,0.0,0.0,0.0,0.0,0.0,0.0,0.0,0.0,0.0,0.0
2026-06-09 08:14:29,-1.2892155526825797,-2.4095626694288965,-2.864683898737,-2.6690111537467596,1.3939053159747345,-1.3120371904555366,0.8174385685379395,-0.9243464270040733,36.633651994563174,37.28140925596407,37.13952195841858,14.0,20.0,35.0,136.1,0.0,0.0,0.0,0.0,0.0,0.0,0.0,0.0,0.0,0.0
2026-06-09 08:14:30,1.2621500977249909,-0.2380971824361815,-1.4041942766419344,0.024915577358170626,-0.8814954319988595,-0.9852804620107749,0.20063824348972847,-0.21386621797507566,36.756089095273055,37.33274626165703,37.034857211221095,14.0,20.0,35.0,42.1,0.0,0.0,0.0,0.0,0.0,0.0,0.0,0.0,0.0,0.0
2026-06-09 08:14:32,-0.8559448170924981,-1.4786818423985286,-0.9981737886583417,2.925688997245622,1.6387674152211442,-2.42789699586371,-2.5331457203755186,-1.3209597515008809,36.95914717978663,37.32771928048919,37.20979239591454,14.0,20.0,35.0,61.6,0.0,0.0,0.0,0.0,0.0,0.0,0.0,0.0,0.0,0.0
2026-06-09 08:14:33,2.0506863012876684,1.032883965683772,-0.8071175450833046,-2.490782928775359,2.8702274308700444,2.6136753462008535,2.801005117089284,2.1392872720781995,36.81969072287575,37.15568362112159,36.83769073278028,14.0,20.0,35.0,-3.1,0.0,0.0,0.0,0.0,0.0,0.0,0.0,0.0,0.0,0.0
2026-06-09 08:14:34,-0.8783390694363393,2.3228835439912157,-0.28331647917292235,-0.15042012032043584,-0.3689000620891276,1.1010311479777926,-1.7514154972148523,0.40889019875219956,36.80123402811902,37.36305635214827,37.09175619165911,14.0,20.0,35.0,-53.1,0.0,0.0,0.0,0.0,0.0,0.0,0.0,0.0,0.0,0.0
2026-06-09 08:14:35,-0.7205908685316347,-2.906902130251014,1.9806833069874878,0.16990690130478914,2.283049921215743,-2.2856681415234013,-2.2921478411486373,-1.8091902454687931,36.7120363709557,36.88870281326023,36.88744823711963,14.0,20.0,35.0,21.7,0.0,0.0,0.0,0.0,0.0,0.0,0.0,0.0,0.0,0.0
2026-06-09 08:14:36,-2.2040983148721485,-2.6865600546954798,-2.8737612438246973,-0.04162093055447791,2.5216560300182707,2.848830042296836,-2.849801866292782,0.38636938211769767,36.88344858800696,36.85098194180826,37.02588847727979,14.0,20.0,35.0,143.8,0.0,0.0,0.0,0.0,0.0,0.0,0.0,0.0,0.0,0.0
2026-06-09 08:14:37,-2.742342272671526,-2.729475445897072,-2.7115542316318257,2.8062944818289974,-0.2473529752239445,-1.5980952776700814,-0.9604129187282782,-0.6975203779340511,36.516745978407556,37.081480072584704,37.198451093076955,14.0,20.0,35.0,139.4,0.0,0.0,0.0,0.0,0.0,0.0,0.0,0.0,0.0,0.0
2026-06-09 08:14:38,-2.8909273832544615,-2.059169369975141,2.9325483344906864,-0.6582256324507663,-2.2453891108280457,-1.9436322425614865,-1.8223287721598145,-2.7746087015307586,37.07176444212019,36.90477764198042,36.803905446592026,14.0,20.0,35.0,-24.5,0.0,0.0,0.0,0.0,0.0,0.0,0.0,0.0,0.0,0.0
2026-06-09 08:14:39,2.940749755412237,-0.455120052394125,1.5823277734456553,-2.613321276100085,1.1201810235344318,1.7325855154729268,-1.6694218533623257,0.24796296590432787,36.67821523685136,36.88214590063376,36.88614295063736,14.0,20.0,35.0,-29.1,0.0,0.0,0.0,0.0,0.0,0.0,0.0,0.0,0.0,0.0
2026-06-09 08:14:40,0.9714935124743662,2.2869827650882693,0.7399751210175491,2.8755927645930717,-1.3182575757246766,-2.380495906951096,1.966063931843422,-2.432395449612184,37.09904529338729,36.824991732984664,36.746407503576265,14.0,20.0,35.0,-78.5,0.0,0.0,0.0,0.0,0.0,0.0,0.0,0.0,0.0,0.0
2026-06-09 08:14:41,-2.5192308161205412,0.3378201075512539,2.2315630326959974,1.4466890195212176,2.510931219015717,0.6825035251965232,-0.6966581928711997,1.477600309319544,36.8275210288006,37.3242182718051,37.073440048859865,14.0,20.0,35.0,-66.4,0.0,0.0,0.0,0.0,0.0,0.0,0.0,0.0,0.0,0.0
2026-06-09 08:14:42,-1.352861873949277,-2.575909036341675,0.15441868762284283,-2.9683398265786045,0.4348756201187336,2.5697516656980834,-2.342954017943586,1.379129954557019,36.821636097101766,36.91194140605448,36.736727970363276,14.0,20.0,35.0,62.7,0.0,0.0,0.0,0.0,0.0,0.0,0.0,0.0,0.0,0.0
2026-06-09 08:14:44,0.08929587353430524,1.4132362819048492,0.18435892232520246,-1.8820619837536243,1.2203703724921615,-2.785847144170202,0.848778403239316,-0.23374865182749804,36.77340556009253,36.98273513585383,36.82068594042369,14.0,20.0,35.0,-42.3,0.0,0.0,0.0,0.0,0.0,0.0,0.0,0.0,0.0,0.0
2026-06-09 08:14:45,2.6850670308137783,1.4411720315707548,0.11349950326349578,1.7401233212469274,1.8964893455187735,0.5549538235875149,-2.027017985884446,2.256886643256882,36.87933668009255,37.23388119139546,37.22774704261047,14.0,20.0,35.0,-40.9,0.0,0.0,0.0,0.0,0.0,0.0,0.0,0.0,0.0,0.0
2026-06-09 08:14:46,-2.3266443806944492,-0.3764996405838392,1.7393044135073596,-2.423372900198502,1.96449486267771,1.1052387843240608,-1.1062999114034286,1.753305892770193,36.77169804701825,37.25248308480414,36.78269359172127,14.0,20.0,35.0,-35.2,0.0,0.0,0.0,0.0,0.0,0.0,0.0,0.0,0.0,0.0
2026-06-09 08:14:47,0.18788663256561255,0.14021575908334327,-2.182014260106345,1.4679752730252282,-1.7138452563011177,1.6038548155657084,0.8844666628998881,0.3710444963734876,36.737476996155536,37.14055668629268,36.88532952365685,14.0,20.0,35.0,54.0,0.0,0.0,0.0,0.0,0.0,0.0,0.0,0.0,0.0,0.0
2026-06-09 08:14:48,-2.1429271126487937,0.6106186392406814,0.2252617089799669,0.5066292353882038,1.9910306276253253,-1.3380414345924097,1.2516001051641465,1.7625477608528861,36.638217147364145,37.06835606964304,36.99099298565871,14.0,20.0,35.0,-21.7,0.0,0.0,0.0,0.0,0.0,0.0,0.0,0.0,0.0,0.0
2026-06-09 08:14:50,1.9059446055880969,0.3172987536093923,0.12905996076691606,-1.6650338792838422,-0.34237842781083305,0.2721705626807296,-0.5127420080323128,1.2586055317180502,37.003044323871315,36.91356581533521,37.2044892644669,14.0,20.0,35.0,-11.7,0.0,0.0,0.0,0.0,0.0,0.0,0.0,0.0,0.0,0.0
2026-06-09 08:14:51,1.741308304822704,-0.6670686687058254,-2.5859412946268523,2.274207106492735,-2.635168010885684,2.7925294664793467,-0.736717139275461,1.8313791520355327,36.86704911282802,37.000296968760175,37.1177052813594,14.0,20.0,35.0,85.1,0.0,0.0,0.0,0.0,0.0,0.0,0.0,0.0,0.0,0.0
2026-06-09 08:14:52,-2.7014537033085184,0.18073100586846103,-1.2838461104755523,-1.3501109346896902,0.45162939899677523,0.5214444978117143,-1.9928634753618624,0.9630900737242905,36.57349502801726,37.30755889203176,37.24553767609048,14.0,20.0,35.0,27.8,0.0,0.0,0.0,0.0,0.0,0.0,0.0,0.0,0.0,0.0
2026-06-09 08:14:54,2.074299983056899,2.1405130638230236,1.6175644085815497,1.8637671595554712,2.8411758682724333,1.9985351074984266,-2.216608097507489,-1.9619428935693062,36.56503787923083,36.98730146692179,36.72586978361028,14.0,20.0,35.0,-97.3,0.0,0.0,0.0,0.0,0.0,0.0,0.0,0.0,0.0,0.0
2026-06-09 08:14:55,-0.5138121873933921,-1.8588479914028575,-0.34729134774521153,2.2914450024807094,0.7658725603964909,2.3985371120241936,-2.2444737359165527,1.8020441616396026,36.86393002890204,36.91181855528642,37.075028991093646,14.0,20.0,35.0,57.1,0.0,0.0,0.0,0.0,0.0,0.0,0.0,0.0,0.0,0.0
2026-06-09 08:14:56,-1.1200491982718164,1.1482355597223464,1.7575562498499782,2.228134893918444,-2.1498390050040888,-1.4430694220674463,-1.1889859900029185,2.078868342106472,36.69910039298348,37.20935510226027,36.72500604542288,14.0,20.0,35.0,-76.5,0.0,0.0,0.0,0.0,0.0,0.0,0.0,0.0,0.0,0.0
2026-06-09 08:14:57,0.34510556304185247,1.5891270946452467,2.369716663482312,0.8760420222257483,-1.7065525797370062,0.21327810942134118,-2.3912522239032805,-2.415785772406963,36.80120391167384,37.28414518697868,36.78672662094857,14.0,20.0,35.0,-100,0.0,0.0,0.0,0.0,0.0,0.0,0.0,0.0,0.0,0.0
2026-06-09 08:14:58,0.2131251632809028,2.5455138124048844,-0.732977231229714,2.783487913361811,-0.5987029856255615,0.4109096217534187,1.9184924310565972,2.8909018377259956,36.73222743247364,37.13127232898314,36.78756630664403,14.0,20.0,35.0,-45.7,0.0,0.0,0.0,0.0,0.0,0.0,0.0,0.0,0.0,0.0
2026-06-09 08:15:00,2.577152405216104,2.680219559925482,-0.6482773618713082,-1.482431799831604,0.496470305318768,1.2929421087529374,-0.3422900265546369,-1.5354386138022678,36.61413068515307,37.20511281273523,36.823469266964686,14.0,20.0,35.0,-52.1,0.0,0.0,0.0,0.0,0.0,0.0,0.0,0.0,0.0,0.0
2026-06-09 08:15:01,-2.9998198566296193,-2.2471033246177097,-0.8852270351411176,-2.9978209796639184,0.5883057273927088,2.7955406745414315,0.22862179349638545,-2.887750883056015,36.58298334589089,36.90486248935475,36.86477596353385,14.0,20.0,35.0,82.5,0.0,0.0,0.0,0.0,0.0,0.0,0.0,0.0,0.0,0.0
2026-06-09 08:15:02,-2.4213431107859114,2.5477287090115386,-0.8703693412117706,-0.6816482535260873,-2.86393928265041,0.09519412531460159,0.9290143429285131,0.2978388670670933,37.085612598957574,36.911453096231185,37.0185703397974,14.0,20.0,35.0,-42.9,0.0,0.0,0.0,0.0,0.0,0.0,0.0,0.0,0.0,0.0
2026-06-09 08:15:03,-0.38059624930378,0.9103964926718193,-2.5217292415942945,-0.4307028897487273,-2.680736813956078,-2.3225109495267935,-1.5175115580494183,1.1408732696667379,36.87459721377766,37.26701883267134,36.93841598778592,14.0,20.0,35.0,39.7,0.0,0.0,0.0,0.0,0.0,0.0,0.0,0.0,0.0,0.0
2026-06-09 08:15:05,-0.5046283475469502,-1.0744306620563449,-2.388193541921831,-0.2282512411589055,0.11711515448996312,-1.1994145150479527,2.060990699088223,-0.8847429252323291,36.965190655863914,37.383914011936646,37.23017644256302,14.0,20.0,35.0,90.0,0.0,0.0,0.0,0.0,0.0,0.0,0.0,0.0,0.0,0.0
2026-06-09 08:15:06,-2.9541878471334586,1.153129093075857,1.9697280578090908,1.7428563632763723,1.1728584494084684,2.0871508911951686,0.9086227855163522,-2.3268589624434535,37.01139993635307,37.13111617451914,36.746852366528806,14.0,20.0,35.0,-79.3,0.0,0.0,0.0,0.0,0.0,0.0,0.0,0.0,0.0,0.0
2026-06-09 08:15:07,-1.0708913239208555,0.7135628238875658,0.2909915128920293,1.4860025651111242,-0.5370144014734506,-1.7425723818228593,1.2756471357871337,-0.7731968695236726,36.649069835210916,37.23766309223448,37.004722393095676,14.0,20.0,35.0,-26.2,0.0,0.0,0.0,0.0,0.0,0.0,0.0,0.0,0.0,0.0
2026-06-09 08:15:08,2.1402060669264777,1.0652467833501706,-0.41401238938797746,1.309196525464622,-0.5924626109864835,-2.185326930447256,-0.2101141189494049,-2.6391319648725693,36.52505027097736,37.34418976928342,37.20566634333632,14.0,20.0,35.0,-18.0,0.0,0.0,0.0,0.0,0.0,0.0,0.0,0.0,0.0,0.0
2026-06-09 08:15:10,0.9710599861595766,-0.6084459625913312,0.004384437778204742,2.9728660917123744,0.8230821256397265,-2.8569788486973575,-0.2550503966006299,-2.3862330024144396,36.726388173160764,37.35233638979944,37.18037451894034,14.0,20.0,35.0,14.1,0.0,0.0,0.0,0.0,0.0,0.0,0.0,0.0,0.0,0.0
2026-06-09 08:15:11,0.46762172975875016,-0.5002291462661748,-2.098284353962072,-1.561268884628432,-0.32145984771259783,-2.715634855858891,-2.7356841065712914,1.3762569059004583,36.594787656555795,37.05397811122599,37.03089756298993,14.0,20.0,35.0,64.5,0.0,0.0,0.0,0.0,0.0,0.0,0.0,0.0,0.0,0.0
2026-06-09 08:15:12,-1.3392904998953714,-1.6450548915540748,2.341381711642473,1.2299212625496132,-2.500627598013537,0.07978020268733932,-0.09101290987160837,0.48967245687137817,36.79186297756124,36.95181308638812,36.70314699587038,14.0,20.0,35.0,-18.0,0.0,0.0,0.0,0.0,0.0,0.0,0.0,0.0,0.0,0.0
2026-06-09 08:15:13,0.8887191687998506,1.570368966264022,1.641490932842995,-0.34203647737485765,-2.603538918347465,-0.611827846804978,1.2106538182409743,0.346637815315582,36.662069196973015,37.00482457512078,36.70725262606214,14.0,20.0,35.0,-82.8,0.0,0.0,0.0,0.0,0.0,0.0,0.0,0.0,0.0,0.0
2026-06-09 08:15:14,1.497752195759393,1.261718964952541,0.4897095241814755,-1.2055226715740905,1.684995878732492,-0.7482209141210356,1.7225475512282582,1.5664096847800302,36.918280200821606,37.00902379497083,37.19657853241213,14.0,20.0,35.0,-44.8,0.0,0.0,0.0,0.0,0.0,0.0,0.0,0.0,0.0,0.0
2026-06-09 08:15:15,-1.4492308484113963,-1.4244806286631544,-1.44209637910642,-0.8922056678982679,1.3812127184046172,1.4841844822727168,0.04631356891580474,-0.4711807531541128,36.68807776372035,37.17769488053052,36.954204817016446,14.0,20.0,35.0,74.9,0.0,0.0,0.0,0.0,0.0,0.0,0.0,0.0,0.0,0.0
2026-06-09 08:15:16,1.4984406373137462,1.2647519069997077,2.295660658219976,-0.44846628215940676,2.1361929882652344,2.8285292716894004,-2.627993239671217,0.5629050469006396,36.711149128843616,37.221860759111294,37.00615168412569,14.0,20.0,35.0,-92.0,0.0,0.0,0.0,0.0,0.0,0.0,0.0,0.0,0.0,0.0
2026-06-09 08:15:18,-0.013232658590266233,1.5255629534987625,1.8414533806982298,-0.8263368985417427,-2.7059938361418925,-0.05128707506631791,-0.9119630920854567,0.43303478541506113,36.679808053907465,37.079160245759645,36.96805963295242,14.0,20.0,35.0,-87.5,0.0,0.0,0.0,0.0,0.0,0.0,0.0,0.0,0.0,0.0
2026-06-09 08:15:19,-0.9064148111273465,-0.6846378242706987,2.0240303650971763,0.33635779457844084,1.8043519647144795,1.9022851888947372,-2.1579266626452345,0.2582542733270685,36.74597879610222,36.95906874675467,36.905384416583004,14.0,20.0,35.0,-34.8,0.0,0.0,0.0,0.0,0.0,0.0,0.0,0.0,0.0,0.0
2026-06-09 08:15:20,-2.1905231177404585,-2.2281804844544277,-0.18210241633662339,-1.171558144115444,2.0205780068631167,-0.9110057599490284,2.2886541459333554,0.3682656974650893,36.5941514385212,37.30414905695728,36.86706719027526,14.0,20.0,35.0,63.0,0.0,0.0,0.0,0.0,0.0,0.0,0.0,0.0,0.0,0.0
2026-06-09 08:15:22,1.4215640772993483,-0.7966875992716567,1.9470879025621617,0.7708870921074329,0.6159672348157095,-2.6985980193872576,-0.5116920811659602,-1.1890628201825115,36.82448056834089,37.394854354532114,36.72510913440125,14.0,20.0,35.0,-31.4,0.0,0.0,0.0,0.0,0.0,0.0,0.0,0.0,0.0,0.0
2026-06-09 08:15:23,-0.3228378675538264,1.4478766810288706,1.2794268122578991,2.048663515805994,0.37039912509786843,-1.798191901938639,-2.282494777295682,-2.2749383059402595,36.5238813670197,36.91364713160593,36.837600239752746,14.0,20.0,35.0,-72.6,0.0,0.0,0.0,0.0,0.0,0.0,0.0,0.0,0.0,0.0
2026-06-09 08:15:24,0.6835108286434406,2.4881065753858973,2.7054024855206515,2.0189567973772977,-0.3435540701630435,-0.608484849462068,1.9479552152938364,1.9133007756480858,36.58919646137039,37.35147243294859,36.778430334152425,14.0,20.0,35.0,-100,0.0,0.0,0.0,0.0,0.0,0.0,0.0,0.0,0.0,0.0
2026-06-09 08:15:26,2.5856067155240083,2.6632088544579773,-0.3931169933573404,-2.066894120695603,0.041473276486425625,0.8246402370319652,-1.86727490967734,-2.7078977426933566,36.610369059789335,37.16322687923624,37.129256967540535,14.0,20.0,35.0,-59.2,0.0,0.0,0.0,0.0,0.0,0.0,0.0,0.0,0.0,0.0
2026-06-09 08:15:27,2.4849707877712772,2.6123718593874656,0.6907963665912744,2.760804159797586,0.6568000567622838,-2.8424860156103104,2.1023462631552334,-1.3624480513962312,37.081879277747845,36.84223013276567,36.72185764812282,14.0,20.0,35.0,-85.8,0.0,0.0,0.0,0.0,0.0,0.0,0.0,0.0,0.0,0.0
2026-06-09 08:15:28,1.4322296210857086,2.293187614060848,1.9344866391259457,-2.388121843497922,-2.571042631007561,-2.2798310764152845,1.1230160554766853,0.46254928241936,36.709344614214814,36.881698468372676,36.80776124430273,14.0,20.0,35.0,-100,0.0,0.0,0.0,0.0,0.0,0.0,0.0,0.0,0.0,0.0
2026-06-09 08:15:29,-0.5909643724902374,2.9625179011092015,-2.230874238936968,-0.5564419364302338,2.9683493655126263,-1.398304785933079,-2.907335338621367,-2.08080236831102,36.54630628918838,37.30463003999601,37.20512736810242,14.0,20.0,35.0,-21.1,0.0,0.0,0.0,0.0,0.0,0.0,0.0,0.0,0.0,0.0
2026-06-09 08:15:30,1.3768966135590608,-1.0582732237607948,2.528116870912193,-0.3464303874553254,1.6666131664815973,0.1357759672344887,2.6389611323198228,-0.9850809466255552,36.710019085955885,37.083789617031336,37.20499429145598,14.0,20.0,35.0,-36.6,0.0,0.0,0.0,0.0,0.0,0.0,0.0,0.0,0.0,0.0
2026-06-09 08:15:31,-2.1682386446261352,-2.6220382222192113,2.0768532512063214,0.9106448562223135,0.21793149620459573,-2.74711285351754,2.302285109962124,-1.6012247810247864,36.94577289181572,37.10242149596008,37.189423175689356,14.0,20.0,35.0,13.9,0.0,0.0,0.0,0.0,0.0,0.0,0.0,0.0,0.0,0.0
2026-06-09 08:15:33,0.01547111018292302,-0.2883335259336608,1.594330782377317,-0.8140017180717454,-0.0008515245417672901,2.5640555097659696,-2.761172285349898,2.631116476950951,36.532046683022166,37.304187402099224,37.02223538037769,14.0,20.0,35.0,-33.9,0.0,0.0,0.0,0.0,0.0,0.0,0.0,0.0,0.0,0.0
2026-06-09 08:15:34,2.5476300805929277,-0.22600343543897639,1.2655045111592482,1.3951653305686902,-0.2572729616840732,-0.8661695708545327,2.995125617350757,-2.9077188241897964,36.79961657047754,37.31824999777492,37.16271729373252,14.0,20.0,35.0,-25.8,0.0,0.0,0.0,0.0,0.0,0.0,0.0,0.0,0.0,0.0
2026-06-09 08:15:35,2.933066510800158,-1.2859644620167734,2.452588712427951,1.3791497630310445,-2.1522723979870255,2.1944661578292397,1.9177222183268823,-0.8771159503919712,36.64411882538103,36.82046228105673,36.716312468954285,14.0,20.0,35.0,-28.1,0.0,0.0,0.0,0.0,0.0,0.0,0.0,0.0,0.0,0.0
2026-06-09 08:15:36,2.5748276969564188,-2.725598305786462,-0.5870819039198683,0.15058484074682976,0.9214281572695047,2.6738549704558228,1.5799063846080221,0.007399769509732312,37.06474889612939,36.947008428499565,36.8660183793311,14.0,20.0,35.0,87.8,0.0,0.0,0.0,0.0,0.0,0.0,0.0,0.0,0.0,0.0
2026-06-09 08:15:37,-0.6813536586417728,0.20385855140062148,1.2523066629108888,-0.005373775668808811,-0.6673923843849048,2.907426943095863,-2.7164950932937106,1.1600314023792828,36.504247306850914,37.025333297317886,36.7683808557639,14.0,20.0,35.0,-37.6,0.0,0.0,0.0,0.0,0.0,0.0,0.0,0.0,0.0,0.0
2026-06-09 08:15:38,0.2891299619005272,1.058009519543015,2.9260451897276694,-0.12670559308693097,1.9477305626584451,-0.7445677086775451,2.2791320237449684,-2.211040008469899,36.755682656996385,37.28943790251505,36.838723616162525,14.0,20.0,35.0,-100,0.0,0.0,0.0,0.0,0.0,0.0,0.0,0.0,0.0,0.0
2026-06-09 08:15:39,-2.98384269486838,1.5743293210314047,-0.8003889192846159,0.8232280144695161,0.10507797656667339,-1.9635743655590177,-1.5124178266313444,-1.3384774095610783,36.77222961664497,37.19854816367059,37.139745693565835,14.0,20.0,35.0,-21.8,0.0,0.0,0.0,0.0,0.0,0.0,0.0,0.0,0.0,0.0
2026-06-09 08:15:41,-2.54374705649309,-0.8649407258970241,1.1634636119369697,-1.2069032184132649,-2.506011635601522,-0.734434157946799,-0.5776260613130351,-0.47776880015880874,36.786566237710964,37.32913506531881,37.04870016305658,14.0,20.0,35.0,-8.4,0.0,0.0,0.0,0.0,0.0,0.0,0.0,0.0,0.0,0.0
2026-06-09 08:15:42,1.0705751401494368,2.287859371102556,2.82837170200015,-0.2905801469460618,-2.3034024075729755,0.4770462865522038,2.047748642840279,2.7434567313419596,36.6911001514077,36.97006864856496,37.033398948140125,14.0,20.0,35.0,-100,0.0,0.0,0.0,0.0,0.0,0.0,0.0,0.0,0.0,0.0
2026-06-09 08:15:43,-2.9813398281659906,0.5155043959092698,2.835389400819267,2.347142943295788,-1.0249471361416262,-2.6233787167069034,2.5722120447906534,-1.09346036736133,36.81358229659246,36.827965230553666,36.86291917373063,14.0,20.0,35.0,-86.7,0.0,0.0,0.0,0.0,0.0,0.0,0.0,0.0,0.0,0.0
2026-06-09 08:15:45,1.294348524738088,-2.4049515255578537,-1.3274289839586242,0.8489640613151797,1.5825243911432585,-0.7026900349937537,-2.836890762154734,1.2256446000994208,36.96697962308746,36.8905319531365,36.81762796529738,14.0,20.0,35.0,94.7,0.0,0.0,0.0,0.0,0.0,0.0,0.0,0.0,0.0,0.0
2026-06-09 08:15:46,0.5658289529094827,-1.0117870525518289,-0.501617432071054,-1.2403153797248123,-1.1517505029319455,1.5535533283015601,1.1204064497266213,2.9374807828457996,36.761826700009394,36.968609039856354,36.77608715318975,14.0,20.0,35.0,40.5,0.0,0.0,0.0,0.0,0.0,0.0,0.0,0.0,0.0,0.0
2026-06-09 08:15:48,-0.41222874358441386,2.543885540353747,-0.5237783140050865,0.06084491352661292,-1.3086644426205016,1.7101400403698035,-2.7617242966378024,0.580775592242671,36.68825249458243,37.084939519615034,37.26233452386613,14.0,20.0,35.0,-52.8,0.0,0.0,0.0,0.0,0.0,0.0,0.0,0.0,0.0,0.0
2026-06-09 08:15:49,1.812011398922312,-1.0286401204499642,1.0645215937572514,1.7903059912001362,-0.05416492198313794,0.03578075496993849,1.5231152222608513,0.7292979189291904,36.52391133341938,36.856608024721936,36.81113106179862,14.0,20.0,35.0,-0.1,0.0,0.0,0.0,0.0,0.0,0.0,0.0,0.0,0.0,0.0
2026-06-09 08:15:50,0.3855525864782683,0.3553958052779187,-2.565864544764696,-2.373053412055331,-1.4739522412827926,-2.059319010870297,-1.1967882444566047,-2.1848796118216276,36.56469801290409,37.391371182901814,37.134629337805805,14.0,20.0,35.0,55.5,0.0,0.0,0.0,0.0,0.0,0.0,0.0,0.0,0.0,0.0
2026-06-09 08:15:52,1.6592161993853791,-1.0155925481344408,1.7503483177323043,1.4594608448773752,2.949630282074393,2.0550787228752103,0.3516070577297228,0.19815063826333912,36.53504800585017,36.97131254106342,36.8418206978215,14.0,20.0,35.0,-17.8,0.0,0.0,0.0,0.0,0.0,0.0,0.0,0.0,0.0,0.0
2026-06-09 08:15:53,2.8792434186850135,1.3377490311176103,2.72942701065326,2.0032883919791553,2.0203958384069045,-1.1035512960096376,0.2603407310342938,-0.4753678463057538,36.91938027179519,36.93152383769228,36.709493393220406,14.0,20.0,35.0,-100,0.0,0.0,0.0,0.0,0.0,0.0,0.0,0.0,0.0,0.0
2026-06-09 08:15:54,2.548437498161432,-1.2600657939452098,2.3473448730639843,-0.9245131506309936,-1.8477629168426815,-2.6223389539559614,1.920306925123226,-1.2939187170295583,36.76415121746472,37.23053662456014,37.03785765420234,14.0,20.0,35.0,-28.5,0.0,0.0,0.0,0.0,0.0,0.0,0.0,0.0,0.0,0.0
2026-06-09 08:15:55,-2.0793512255076942,1.1192119688652964,0.809529901303284,2.5672741787151026,-1.396043067911462,1.4889568605067378,2.48883531171406,-1.822713873303084,36.592237324106115,37.38303373530371,37.005274063908416,14.0,20.0,35.0,-47.9,0.0,0.0,0.0,0.0,0.0,0.0,0.0,0.0,0.0,0.0
2026-06-09 08:15:56,2.0428075286427756,-2.038121230221012,-0.4119963181218056,-1.6739917086646452,0.764790140498568,1.3430907531183571,-0.020307077814933017,-1.7483249284468714,36.6928304082034,37.24531755697564,36.87804302789376,14.0,20.0,35.0,64.0,0.0,0.0,0.0,0.0,0.0,0.0,0.0,0.0,0.0,0.0
2026-06-09 08:15:58,1.3096937402408813,-0.41101416304669014,-2.092659752100303,0.4542121045392751,-0.6396854887664825,1.999659977376223,0.9890904805644167,1.3588592963199222,36.93323099641914,36.82180832722751,37.17253542833017,14.0,20.0,35.0,66.2,0.0,0.0,0.0,0.0,0.0,0.0,0.0,0.0,0.0,0.0
2026-06-09 08:15:59,0.12396984642686171,-0.23251256171638435,-0.27426740079533607,-1.3812320597851044,-0.971324278236402,1.3489215443543863,2.4676866526352246,-2.9000762620571803,36.919173389901616,36.943845765779045,36.8510640085652,14.0,20.0,35.0,15.0,0.0,0.0,0.0,0.0,0.0,0.0,0.0,0.0,0.0,0.0
2026-06-09 08:16:00,-0.5564600925835652,-2.595736919164893,-1.9847035444075714,-2.2073516852749453,2.1288972137191795,2.6153257363941087,1.0136580877359531,1.6269815155680432,36.94348363538227,37.32738199277859,36.85570858476885,14.0,20.0,35.0,120.3,0.0,0.0,0.0,0.0,0.0,0.0,0.0,0.0,0.0,0.0
2026-06-09 08:16:01,1.2436748471977594,-1.5972454465554895,0.4857029520480749,-1.500849330113147,-1.2653340568379443,1.048247902691383,0.07774478023242226,0.7645215150486457,36.83535271406661,37.28520324333474,37.24110580594773,14.0,20.0,35.0,29.3,0.0,0.0,0.0,0.0,0.0,0.0,0.0,0.0,0.0,0.0
2026-06-09 08:16:02,-2.2954118180638985,-2.3661077031395683,2.9198030837264746,-2.227617131759044,1.8448967786975672,-1.3792108721551088,0.1394130809953089,2.2270017998925233,36.764717604454425,37.092738619992076,37.07781979208332,14.0,20.0,35.0,-14.9,0.0,0.0,0.0,0.0,0.0,0.0,0.0,0.0,0.0,0.0
2026-06-09 08:16:03,-1.51874837652633,0.9582585480891437,0.7744085547149164,2.5064168041506836,-2.559168433577466,0.6554187121668846,-1.2877349612975217,0.8088638972053985,36.98129552353066,37.00944844394823,37.11428755900373,14.0,20.0,35.0,-45.1,0.0,0.0,0.0,0.0,0.0,0.0,0.0,0.0,0.0,0.0
2026-06-09 08:16:05,-1.440826590734233,0.14292265479854382,-2.2499223823287977,0.444619245035359,0.42693652414050476,1.2064574172869378,-0.8658934358852961,1.8991085406781627,36.64172375612411,36.979285763014516,37.274528370070456,14.0,20.0,35.0,54.7,0.0,0.0,0.0,0.0,0.0,0.0,0.0,0.0,0.0,0.0
2026-06-09 08:16:06,-1.4945963890990124,0.4210896117502738,-2.791633794708592,2.5913393410916976,2.969969406032374,-2.4567627027510572,-2.6055286703460294,-2.028469600165849,36.919837720668546,37.20635441572625,36.83307803805288,14.0,20.0,35.0,58.8,0.0,0.0,0.0,0.0,0.0,0.0,0.0,0.0,0.0,0.0
2026-06-09 08:16:08,-0.587777206616587,-0.6480222656623686,1.617831929385531,2.9866232927945227,-1.1175689574690444,0.8034821525927542,0.9204875880024495,-2.650053639002826,36.512610320003,36.87112768484307,36.878128537633245,14.0,20.0,35.0,-24.2,0.0,0.0,0.0,0.0,0.0,0.0,0.0,0.0,0.0,0.0
2026-06-09 08:16:09,-2.7600855019470796,-0.21654790096499132,2.18266387208352,2.2277303856766943,1.5403113711254903,-0.7015859737926684,-2.656407778068476,-1.283553673771332,37.09860698120317,37.396595268594545,37.142865729271186,14.0,20.0,35.0,-52.5,0.0,0.0,0.0,0.0,0.0,0.0,0.0,0.0,0.0,0.0
2026-06-09 08:16:10,-0.9415274860210436,0.3859910006309315,-0.6648463031565841,0.5156553969093296,2.228547664252167,2.1398246457189627,1.9424936526434307,-0.1690918394941967,36.50850757894187,37.00418675993624,37.28105749424481,14.0,20.0,35.0,9.3,0.0,0.0,0.0,0.0,0.0,0.0,0.0,0.0,0.0,0.0
2026-06-09 08:16:11,-1.8588895766644045,2.475224994973149,0.9767715699885873,-0.9971752739008748,0.9508954822175517,-2.6245784899043367,-2.6695652859291696,1.2795393713183394,36.72812583621964,37.12339638200117,37.08023034041495,14.0,20.0,35.0,-91.9,0.0,0.0,0.0,0.0,0.0,0.0,0.0,0.0,0.0,0.0
2026-06-09 08:16:12,1.0473266174715565,1.93209848590923,-1.4873856019637854,2.7934349762829456,-1.251022053101182,0.45750848981769554,0.4764690482084708,-0.640696551865017,36.711074422590954,36.95113106432725,36.96752863773458,14.0,20.0,35.0,-11.0,0.0,0.0,0.0,0.0,0.0,0.0,0.0,0.0,0.0,0.0
2026-06-09 08:16:13,-0.030107147698404724,-1.8512492512559482,-1.5504688384118213,0.46397314247684074,2.729991883000583,1.012441374624494,-2.688357704668779,0.2710300081827275,36.95778908123751,37.178492177748325,36.855182367186,14.0,20.0,35.0,87.1,0.0,0.0,0.0,0.0,0.0,0.0,0.0,0.0,0.0,0.0
2026-06-09 08:16:14,1.8332228857318444,1.8486287870172937,-0.10933299455914147,0.2261977695210562,-0.555564178627709,-2.1915585541379707,2.5219843852534307,2.9058148454938673,36.50806196203831,37.15625486736169,36.716496056922026,14.0,20.0,35.0,-44.8,0.0,0.0,0.0,0.0,0.0,0.0,0.0,0.0,0.0,0.0
2026-06-09 08:16:15,2.858109873651353,-1.5851125638246766,1.008562643447708,0.4324733452258034,1.3213474306009596,-1.6282726844987243,-0.9051858854667767,-1.4570124383846603,36.5665388847061,36.968353521819566,37.015664790262804,14.0,20.0,35.0,13.6,0.0,0.0,0.0,0.0,0.0,0.0,0.0,0.0,0.0,0.0
2026-06-09 08:16:16,-0.7669246430295793,2.253040011915698,-0.08824684128877447,0.22891888772299973,-0.19776254892250478,-1.2979317738150467,-2.49983158774163,-1.5965674952518543,36.98908324895789,36.92710696534597,36.82205763026839,14.0,20.0,35.0,-57.9,0.0,0.0,0.0,0.0,0.0,0.0,0.0,0.0,0.0,0.0
2026-06-09 08:16:17,0.7086586062329818,-1.2491095395917229,1.6229402803865742,-2.5073238271015503,-2.3941237785269003,1.297162642419858,1.7058145518633623,0.25476705108124165,36.86127177298583,37.346869059691805,37.05876840473085,14.0,20.0,35.0,-8.2,0.0,0.0,0.0,0.0,0.0,0.0,0.0,0.0,0.0,0.0
2026-06-09 08:16:19,-1.8384660405114321,1.367534472771097,2.628461730765858,1.2549539382564587,-0.14080343242031113,-0.5569239392368255,-1.6663201215123407,2.79195494794394,36.98164016084515,37.30471986188558,37.025879733024006,14.0,20.0,35.0,-100,0.0,0.0,0.0,0.0,0.0,0.0,0.0,0.0,0.0,0.0
2026-06-09 08:16:20,1.8389386032541122,-0.08791250756604319,1.9305534005255192,1.3778382080491012,1.3201749285625688,-1.4019987463958077,1.6405368333499997,2.7804012189808844,36.774465139952596,37.3586654973986,37.08748844882198,14.0,20.0,35.0,-47.5,0.0,0.0,0.0,0.0,0.0,0.0,0.0,0.0,0.0,0.0
2026-06-09 08:16:21,2.9017862470162274,2.4087167868533355,-1.8055197362042392,1.433038472568339,-0.9383303737587223,1.4310950860085025,0.14490157101318824,-1.6073185899269133,36.67938946735246,37.21925903611186,36.78803203223182,14.0,20.0,35.0,-14.8,0.0,0.0,0.0,0.0,0.0,0.0,0.0,0.0,0.0,0.0
2026-06-09 08:16:22,-0.9539060972500284,-2.351743937358814,-0.8694192872607696,-1.9884426010767704,2.5576412706851306,1.303171625357317,2.3521670006076425,-2.793986207981939,36.51232143740117,37.153057956375925,37.21988646313571,14.0,20.0,35.0,85.1,0.0,0.0,0.0,0.0,0.0,0.0,0.0,0.0,0.0,0.0
2026-06-09 08:16:23,-0.8554978892516503,-0.3379367566046181,-0.5415865957395356,-1.6457143966031675,2.0008694797954787,2.369584377875851,2.574770413868521,2.030998171046777,36.59537729500098,37.0511601969606,36.89255807023987,14.0,20.0,35.0,25.2,0.0,0.0,0.0,0.0,0.0,0.0,0.0,0.0,0.0,0.0
2026-06-09 08:16:24,2.6393061173019765,-2.9419347484042104,0.8651161893082406,-0.14848223345629075,-1.938811688349099,-0.5823703698491354,-0.5167732702234966,2.6649120168936706,36.901616019548854,36.87820642440255,37.21370191177321,14.0,20.0,35.0,53.2,0.0,0.0,0.0,0.0,0.0,0.0,0.0,0.0,0.0,0.0
2026-06-09 08:16:25,-0.06885022370126892,-0.8222451070703851,0.14964551176379004,-1.270122070547403,-0.2913523305210335,0.6332902015221009,2.0707207272299977,2.6990255151461113,36.50585461003988,36.86792173503004,36.83151905177146,14.0,20.0,35.0,18.7,0.0,0.0,0.0,0.0,0.0,0.0,0.0,0.0,0.0,0.0
2026-06-09 08:16:26,0.901133307344482,2.6545671865928666,1.5692577436438828,-2.691882569165464,-2.126873828093392,1.167570123329833,0.3788225513696566,0.46860564347453604,36.7372735709409,36.803436834874546,36.90127353953133,14.0,20.0,35.0,-100,0.0,0.0,0.0,0.0,0.0,0.0,0.0,0.0,0.0,0.0
2026-06-09 08:16:28,-0.7484120671033394,-0.2819055292059094,2.304435250834942,1.487427252982207,2.7164663576339745,-2.118340987698362,-0.5195558774248838,-2.366898527603425,36.909182558535576,37.027050620845756,37.10020867016525,14.0,20.0,35.0,-53.6,0.0,0.0,0.0,0.0,0.0,0.0,0.0,0.0,0.0,0.0
2026-06-09 08:16:29,2.6159933033055385,-0.012311510192802189,0.6831459066449015,1.590398612712976,2.8675741360481943,2.6496108465,1.4727461254989747,-2.563818493944929,36.65172350484409,37.316527191512044,36.977802674516695,14.0,20.0,35.0,-15.3,0.0,0.0,0.0,0.0,0.0,0.0,0.0,0.0,0.0,0.0
2026-06-09 08:16:30,2.642556535578315,0.2820724277570532,-0.3535516966115617,1.9071179950776571,2.865215924626705,-1.5635548411443714,-1.3326917160008265,1.7706802050307946,36.85595090838433,36.95374478148533,37.093647354565775,14.0,20.0,35.0,0.4,0.0,0.0,0.0,0.0,0.0,0.0,0.0,0.0,0.0,0.0
2026-06-09 08:16:32,0.3134677680582385,2.0291963917765763,-2.7540751815936826,-2.2795736524593186,-2.1264176504978103,-1.322299151394487,1.2348863061558912,-1.4340204382436907,36.73399085455324,36.870744466197564,37.19519027173389,14.0,20.0,35.0,18.7,0.0,0.0,0.0,0.0,0.0,0.0,0.0,0.0,0.0,0.0
2026-06-09 08:16:33,-2.586980550747299,0.4067376621823211,1.2101031155749844,-2.9849094598888577,1.1858545228734272,-1.364654664881974,2.171297358413625,1.5765017580690444,36.71132324398282,36.84745468147384,37.026138663958754,14.0,20.0,35.0,-41.4,0.0,0.0,0.0,0.0,0.0,0.0,0.0,0.0,0.0,0.0
2026-06-09 08:16:35,-2.332596931310852,0.8700801090296606,-2.137436852589828,1.5883696194613686,1.3083672089651461,-2.1890633633984837,1.4328975148407253,2.65136385859147,36.58571224462333,36.889456572955744,36.782035123907555,14.0,20.0,35.0,32.4,0.0,0.0,0.0,0.0,0.0,0.0,0.0,0.0,0.0,0.0
2026-06-09 08:16:36,1.529365043830083,2.7565516913045958,2.8240121124500766,2.813840451121428,1.5020651096289903,0.317857531054035,-0.627148025211552,-1.8251849796241157,36.766610820846736,36.86993200095129,36.88180603435371,14.0,20.0,35.0,-100,0.0,0.0,0.0,0.0,0.0,0.0,0.0,0.0,0.0,0.0
2026-06-09 08:16:37,0.0905144469166963,-1.2374664864955514,2.820770802388652,-2.076268637408723,-1.1516536192606226,-2.2538483518071226,2.194159092069974,-0.6453024179252242,37.01167787653906,36.83323444867178,37.132147235534205,14.0,20.0,35.0,-41.0,0.0,0.0,0.0,0.0,0.0,0.0,0.0,0.0,0.0,0.0
2026-06-09 08:16:38,-2.2000910231931083,2.64321289097132,2.6156259495509966,0.896454553527593,-1.7794255095930431,-0.5762442289414538,1.7642443090106825,-2.770813371152582,37.007594875648316,36.90824958863939,37.27487244060757,14.0,20.0,35.0,-100,0.0,0.0,0.0,0.0,0.0,0.0,0.0,0.0,0.0,0.0
2026-06-09 08:16:39,-1.9815568795059435,1.7856033821993202,-0.05862939696239611,-1.0352056854093086,-2.5083457201456234,-2.079674649987889,1.273431644113673,-0.25564996130172224,36.809745276562936,36.80842487768381,36.732575903782866,14.0,20.0,35.0,-45.1,0.0,0.0,0.0,0.0,0.0,0.0,0.0,0.0,0.0,0.0
2026-06-09 08:16:40,-2.698478421553915,-2.1264220763227106,-0.04787929519138423,-1.8774900805991943,-0.46638857233008846,-0.4559092596758392,-1.7093939695486933,2.6697234369978338,36.88982718861476,37.28549491472612,37.20437643813851,14.0,20.0,35.0,55.1,0.0,0.0,0.0,0.0,0.0,0.0,0.0,0.0,0.0,0.0
2026-06-09 08:16:41,2.3083996284046613,-0.5083341668581003,0.8475083799060976,-2.7043691491000397,2.47843674922511,-0.35655562980862765,0.2753946232394022,2.9351343171641258,37.014873091566486,36.85274760793134,37.28739210327005,14.0,20.0,35.0,-8.8,0.0,0.0,0.0,0.0,0.0,0.0,0.0,0.0,0.0,0.0
2026-06-09 08:16:42,-1.1226953087467217,1.046289650393419,-2.1525553441929084,2.473035698870019,0.9552214088169801,1.3768349518419178,-1.4390579153928842,2.732106830501591,36.62221266131549,36.88491053907733,36.82718062708517,14.0,20.0,35.0,28.6,0.0,0.0,0.0,0.0,0.0,0.0,0.0,0.0,0.0,0.0
2026-06-09 08:16:44,-1.6797659296313845,-1.4357372097769567,2.4733792973657325,1.101823610958629,2.3564779516401746,-2.08736708427894,0.6374799624524741,-2.320260542680254,36.63717796331575,37.10948603784483,36.75662959730723,14.0,20.0,35.0,-27.6,0.0,0.0,0.0,0.0,0.0,0.0,0.0,0.0,0.0,0.0
2026-06-09 08:16:45,2.3619120631897603,1.213936230591373,2.705910462222522,-0.8694896891884616,-1.0922757641603424,-2.503480077851341,-2.5166108311152735,-1.500908810567742,36.875637617403314,37.11661161306555,36.72701338037605,14.0,20.0,35.0,-100,0.0,0.0,0.0,0.0,0.0,0.0,0.0,0.0,0.0,0.0
2026-06-09 08:16:46,2.5833460413861786,-1.4994541109439463,-0.7611595964675191,-0.06546721096172625,2.7372287072513695,1.7792333216231757,0.024996458303944813,0.7293642843707664,36.98377659091233,37.39661644197776,36.857064552988426,14.0,20.0,35.0,59.4,0.0,0.0,0.0,0.0,0.0,0.0,0.0,0.0,0.0,0.0
2026-06-09 08:16:47,-2.302901237419219,2.897465206742039,-2.427770401205702,0.27617517687269544,-1.5856770840742616,-0.9625563646881021,-1.2718730535183778,1.8549507187949343,37.0089763262383,37.25908326277545,37.111282073007004,14.0,20.0,35.0,-13.3,0.0,0.0,0.0,0.0,0.0,0.0,0.0,0.0,0.0,0.0
2026-06-09 08:16:48,-2.3200327311774105,0.057216021926646654,-0.2348802157020886,-1.3301342063089674,2.8486061840569157,-0.06926567584671961,-0.9741657153482715,1.6632983832674935,36.89039545107521,36.913818713463385,37.26345639535016,14.0,20.0,35.0,4.1,0.0,0.0,0.0,0.0,0.0,0.0,0.0,0.0,0.0,0.0
2026-06-09 08:16:50,0.7673017379980731,1.405995322676569,-0.28061154749360373,0.8267307835734288,-2.6571678184634595,-2.4881122349554485,2.3431148656715566,2.917154772970277,36.9741493642221,36.840994114744966,37.017211795778024,14.0,20.0,35.0,-29.2,0.0,0.0,0.0,0.0,0.0,0.0,0.0,0.0,0.0,0.0
2026-06-09 08:16:51,2.6109587514132953,-2.7828165706961876,2.1347387298251137,2.786032907340809,-0.31419066206562185,2.824691088834631,1.8013424904045818,-0.9662093155929341,36.846034297362436,36.90482957385074,37.29725528651081,14.0,20.0,35.0,19.1,0.0,0.0,0.0,0.0,0.0,0.0,0.0,0.0,0.0,0.0
2026-06-09 08:16:52,-1.2935424627584176,0.3118965012757706,0.9917479616879472,-2.1425154075361514,-2.796895014770203,-2.497902028748668,-0.1687679048604096,-0.5670136235982977,36.90401487238761,37.20630882190267,36.80397668718736,14.0,20.0,35.0,-35.0,0.0,0.0,0.0,0.0,0.0,0.0,0.0,0.0,0.0,0.0
2026-06-09 08:16:53,-0.32939107741931606,-1.1449041777576403,0.722706570366098,-1.0744068468416805,-0.6246715406919816,2.5275263520682287,1.7826818181974788,-0.7053482082662947,36.86177789880794,37.27847109208286,37.25494056424189,14.0,20.0,35.0,13.1,0.0,0.0,0.0,0.0,0.0,0.0,0.0,0.0,0.0,0.0
2026-06-09 08:16:55,-0.8335526889289921,-1.9647935523333955,-0.7540819553630644,-0.6754173111581414,-2.8823036843107364,-2.9239074593938508,-2.0790308170022893,-1.001874776019288,37.011523582780654,37.14708110124336,36.929584425821105,14.0,20.0,35.0,67.8,0.0,0.0,0.0,0.0,0.0,0.0,0.0,0.0,0.0,0.0
2026-06-09 08:16:56,1.2355605569764219,-0.27502050814347445,-0.6423524359978297,-1.3267937694761436,0.21515930590888876,0.09617270117200949,2.813387800512669,-2.7332884019471466,37.070616414076035,37.213579037073835,36.71519875260776,14.0,20.0,35.0,25.2,0.0,0.0,0.0,0.0,0.0,0.0,0.0,0.0,0.0,0.0
2026-06-09 08:16:57,2.158379293456732,-0.896609282925982,-1.8952614552251612,0.17785924458599833,-1.2246244289769197,-0.510524895242821,0.5851814798096062,-0.36121376610993083,37.073602646753244,36.97990928928919,37.23057858302983,14.0,20.0,35.0,72.2,0.0,0.0,0.0,0.0,0.0,0.0,0.0,0.0,0.0,0.0
2026-06-09 08:16:58,-1.9851732318114534,1.3004969045508652,0.5204371599690352,1.7368358807423956,-2.4445866496571114,1.1534421921600915,1.3518115627364375,-2.85006837307672,36.849934401376345,37.3264569284576,37.190713371290656,14.0,20.0,35.0,-45.8,0.0,0.0,0.0,0.0,0.0,0.0,0.0,0.0,0.0,0.0
2026-06-09 08:16:59,2.4199527828027403,-2.922748319235313,-1.003030635737812,0.09559035440800212,-0.6311963173478823,1.6314450455788263,1.0791163328052775,-2.3710154821059,36.638416195756946,37.15671927959376,36.7785722644721,14.0,20.0,35.0,102.9,0.0,0.0,0.0,0.0,0.0,0.0,0.0,0.0,0.0,0.0
2026-06-09 08:17:01,0.898113979113619,-0.28574414000527426,-1.5008716315403092,1.1938758841810753,-0.9922591737262283,0.5458811812651332,-2.3044075841312726,-2.7190483134957537,36.907664640105665,37.1634173015803,36.70040392251463,14.0,20.0,35.0,45.3,0.0,0.0,0.0,0.0,0.0,0.0,0.0,0.0,0.0,0.0
2026-06-09 08:17:02,0.5424036658370026,1.2316420264406691,-1.2170088585237084,-2.6275561481933902,-0.00432417281529629,-0.32112485120785816,-2.7805183353403073,-1.945283923955568,36.512915327681746,37.11609495426827,37.071935349012094,14.0,20.0,35.0,-1.9,0.0,0.0,0.0,0.0,0.0,0.0,0.0,0.0,0.0,0.0
2026-06-09 08:17:04,2.387631707587029,-2.578949842063045,1.0264411169342536,-0.061767698772229096,-0.02941705815991913,-2.041513018325444,-2.6563004256774185,0.5375640496580867,36.65921824360193,37.048263649915995,36.85485460438814,14.0,20.0,35.0,37.8,0.0,0.0,0.0,0.0,0.0,0.0,0.0,0.0,0.0,0.0
2026-06-09 08:17:05,1.0211161983702404,0.20975235156052108,-2.682012436759579,-1.3560355018381764,-0.6311136025489406,1.5382697621871637,0.16846586962560917,2.7804506422637285,36.57862033191228,36.8330944021882,36.97178165246999,14.0,20.0,35.0,64.8,0.0,0.0,0.0,0.0,0.0,0.0,0.0,0.0,0.0,0.0
2026-06-09 08:17:07,-0.620870423968575,2.788806607950016,-1.2534092136302892,-0.8679103741730421,-2.1895514979954527,2.671420231640621,2.7710697765870798,-1.8638700900929568,36.69740610234271,37.171158952223024,36.82442903519658,14.0,20.0,35.0,-37.0,0.0,0.0,0.0,0.0,0.0,0.0,0.0,0.0,0.0,0.0
2026-06-09 08:17:08,2.8643737182935727,-1.3338988259732492,1.0536566046450453,2.558780129984294,-2.547890063515029,-1.969715478809132,1.8118378612344976,-0.515753197176922,36.78757401054347,37.30817994600702,36.76971093153763,14.0,20.0,35.0,7.2,0.0,0.0,0.0,0.0,0.0,0.0,0.0,0.0,0.0,0.0
2026-06-09 08:17:10,2.110725665970426,2.9285595079242155,-2.2684680202604293,2.609092666470353,1.6124725698926863,1.7024198578303,2.5426996733855205,-2.6207248764293487,36.735963409802046,37.24962792191961,36.89404899232746,14.0,20.0,35.0,-14.9,0.0,0.0,0.0,0.0,0.0,0.0,0.0,0.0,0.0,0.0
2026-06-09 08:17:11,-1.725525059749113,-0.9676049088899248,0.30764302196568316,-1.6585972285868582,-2.152866804388899,2.127898860499969,-0.6192477479837493,2.7404620685510075,36.91460842170541,37.37250640584875,37.23598190862321,14.0,20.0,35.0,17.8,0.0,0.0,0.0,0.0,0.0,0.0,0.0,0.0,0.0,0.0
2026-06-09 08:17:12,-1.6127830776692422,-0.3408014623673643,0.7514309907157015,0.6383507903083081,-0.19268370567450388,1.3313136753263768,-2.7283307097032083,0.751569453245736,36.5900653502969,37.219183678751314,36.79501276313094,14.0,20.0,35.0,-11.3,0.0,0.0,0.0,0.0,0.0,0.0,0.0,0.0,0.0,0.0
2026-06-09 08:17:13,2.6742276032555354,2.241054130681925,-1.008593045665322,2.935384262718257,-2.461960384091652,-0.3101227585067643,-1.6973137108981844,1.905506026671559,36.890679620883446,36.85438772110977,36.838555743901836,14.0,20.0,35.0,-32.9,0.0,0.0,0.0,0.0,0.0,0.0,0.0,0.0,0.0,0.0
2026-06-09 08:17:14,2.986334954052907,2.7694133099547225,0.38544352040791363,-1.770044227598926,2.1486449586153107,-1.8438179815792763,-1.1687953447608104,1.476595799342487,36.76351911605403,37.20901195400552,37.288636975410625,14.0,20.0,35.0,-83.1,0.0,0.0,0.0,0.0,0.0,0.0,0.0,0.0,0.0,0.0
2026-06-09 08:17:16,2.0805391650235805,1.725639558343408,-1.9901552222021504,0.1467201839607699,0.6821245158793747,-2.5668869525853237,-0.7923611489662017,0.9724756689485128,36.844094663783046,37.05424952570381,37.03691831125773,14.0,20.0,35.0,5.2,0.0,0.0,0.0,0.0,0.0,0.0,0.0,0.0,0.0,0.0
2026-06-09 08:17:17,-1.3199855628599637,-1.247429946455396,2.87662552392562,0.04412091198121537,0.3373507462306291,-0.9242468217779369,2.112415170137277,-2.291660179515839,37.043648264504796,37.111401424030134,37.135926480682336,14.0,20.0,35.0,-41.5,0.0,0.0,0.0,0.0,0.0,0.0,0.0,0.0,0.0,0.0
2026-06-09 08:17:18,2.4530875083868207,-0.8418508727760745,2.622405137637516,-0.6194747886941006,2.982100790274232,-2.517232572602864,-1.355682995989962,0.8487333770742786,36.804810083264904,36.920022358282345,36.738924934483904,14.0,20.0,35.0,-48.0,0.0,0.0,0.0,0.0,0.0,0.0,0.0,0.0,0.0,0.0
2026-06-09 08:17:19,-2.293065002520854,-1.9292906459605363,-2.1260138478058077,-0.5902519047615105,-2.6199753945461275,-2.7325600043960785,2.871409964023412,1.7134822507638896,37.0300988149055,37.053764795468794,37.10513980857622,14.0,20.0,35.0,104.9,0.0,0.0,0.0,0.0,0.0,0.0,0.0,0.0,0.0,0.0
2026-06-09 08:17:20,-0.918038691939338,-2.3134393080595173,-0.765401737914011,0.6424763143884542,-2.032535115863369,-0.6703461480432282,1.8603143203304322,-1.0379195246985329,36.846242834409416,36.917534234108594,36.87879926270185,14.0,20.0,35.0,80.2,0.0,0.0,0.0,0.0,0.0,0.0,0.0,0.0,0.0,0.0
2026-06-09 08:17:21,1.5670534716838693,-1.5778574593190602,1.9674045424742568,2.0930212498214633,1.0407487735670582,2.7470562754682772,1.9311168854502583,-2.78266156191714,36.70634533821749,36.99281443471735,37.088213943530604,14.0,20.0,35.0,-7.7,0.0,0.0,0.0,0.0,0.0,0.0,0.0,0.0,0.0,0.0
2026-06-09 08:17:23,-0.1653207716897649,0.37488883938466255,0.7993711342042582,1.712215901405675,0.8066111465058965,-0.1592933619634298,-2.1857023496775057,2.7372981963295704,36.691868547369396,37.26478447609656,37.13784387930325,14.0,20.0,35.0,-31.5,0.0,0.0,0.0,0.0,0.0,0.0,0.0,0.0,0.0,0.0
2026-06-09 08:17:24,1.3309181858755492,2.338117468297005,1.9679468832853422,2.3070293418138466,-2.0067045025309795,2.5806309611781098,2.0021088470137958,-2.395611906056414,36.93125427597399,37.00986528733497,37.02780823872922,14.0,20.0,35.0,-100,0.0,0.0,0.0,0.0,0.0,0.0,0.0,0.0,0.0,0.0
2026-06-09 08:17:25,-2.658520718257537,1.5737819711060652,-1.0989519744810792,-1.683478022718318,-2.7272259994678087,-1.461674567684877,-2.1487322448067006,2.3314866877368745,37.0242667152491,36.857864922293764,37.18863839560396,14.0,20.0,35.0,-14.1,0.0,0.0,0.0,0.0,0.0,0.0,0.0,0.0,0.0,0.0
2026-06-09 08:17:26,0.8010591028723564,2.558306180031672,-0.10034275710922369,-1.8227903568630215,2.404373668963128,2.507103608311466,2.792420713253919,-0.4690098936016409,36.67119956130051,36.80360969353319,36.90058431667798,14.0,20.0,35.0,-60.9,0.0,0.0,0.0,0.0,0.0,0.0,0.0,0.0,0.0,0.0
2026-06-09 08:17:27,2.1080184581841177,-1.2359313778957581,-0.37103235460858475,-2.0239495508899927,1.6423793984047421,-2.558652181325116,-1.1235356487772277,0.5334413539804554,37.01721596636063,37.325035460253474,36.70929874853109,14.0,20.0,35.0,39.7,0.0,0.0,0.0,0.0,0.0,0.0,0.0,0.0,0.0,0.0
2026-06-09 08:17:28,2.437486160515287,-1.7302273296790425,-1.532916638184376,2.121249138348701,-2.7080751086687807,-0.8744690566571913,-2.9849556854304904,0.34626254489669783,36.992688820229866,36.93592309640633,37.276088082858664,14.0,20.0,35.0,82.4,0.0,0.0,0.0,0.0,0.0,0.0,0.0,0.0,0.0,0.0
2026-06-09 08:17:29,0.9459924851687793,-2.8991015035892422,1.8520819209626485,-2.3247895808833037,-0.9213549383848605,1.862448013820769,-0.34718028710536686,-1.8660819462586098,36.56021612295181,37.14599025906558,36.914875614905604,14.0,20.0,35.0,27.8,0.0,0.0,0.0,0.0,0.0,0.0,0.0,0.0,0.0,0.0
2026-06-09 08:17:30,-0.9321645933170624,-0.5931446665605433,2.1088311647813827,0.24707607205212678,-2.9663213625504943,-2.5237227196112197,2.987372017231068,1.8539632258771146,36.502937821178115,37.08019265084144,37.07086955978499,14.0,20.0,35.0,-39.0,0.0,0.0,0.0,0.0,0.0,0.0,0.0,0.0,0.0,0.0
2026-06-09 08:17:31,-0.5140917428174161,-0.4808716810138396,0.6784244446378525,-2.076498464960677,-2.4689121598520707,1.4668098602613036,-0.842324169271869,1.9330666810416375,36.61950422715419,37.28307105570107,36.722473577794254,14.0,20.0,35.0,-4.8,0.0,0.0,0.0,0.0,0.0,0.0,0.0,0.0,0.0,0.0
2026-06-09 08:17:32,0.5263760353603715,2.454999119320882,-0.7413191063314617,0.2832939700835593,-1.8089043653216408,0.7574095938601797,1.0290812909080467,-2.6110520496897704,36.786388435552524,37.00782783046729,37.03864583420663,14.0,20.0,35.0,-43.4,0.0,0.0,0.0,0.0,0.0,0.0,0.0,0.0,0.0,0.0
2026-06-09 08:17:34,-1.9474947996311045,2.4130812212851653,0.08905925289749206,0.20557669743629692,-1.0656560670288175,0.7359380608899757,2.6629789482524044,1.6658456847820666,37.00871386344439,36.951262523743985,37.23553952041504,14.0,20.0,35.0,-63.0,0.0,0.0,0.0,0.0,0.0,0.0,0.0,0.0,0.0,0.0
2026-06-09 08:17:35,0.620761498541615,-0.1252113189762878,-0.8616789959812641,0.6167520047731676,1.319047839454079,2.9647404960755175,-0.33644944358499984,-2.007878996800997,36.82449367824609,37.055229515826355,36.78598700931996,14.0,20.0,35.0,26.8,0.0,0.0,0.0,0.0,0.0,0.0,0.0,0.0,0.0,0.0
2026-06-09 08:17:36,0.26046085865969903,-2.145487715506139,1.3581374477097468,2.1955018720844937,-2.9855566881519655,2.4917399000615683,-2.326112966165143,2.2383461560121134,36.78507964487111,37.14584344424556,36.77078869997475,14.0,20.0,35.0,20.4,0.0,0.0,0.0,0.0,0.0,0.0,0.0,0.0,0.0,0.0
2026-06-09 08:17:38,0.4473893540473739,-1.7521719443424324,-2.163666723292326,-0.9539543452721944,2.2062636437416785,-1.6102659262263939,-2.7211032880883983,1.1555399153271493,37.03783449081537,36.90480422474172,37.11910110737795,14.0,20.0,35.0,99.1,0.0,0.0,0.0,0.0,0.0,0.0,0.0,0.0,0.0,0.0
2026-06-09 08:17:39,-1.9670807773103025,-2.427439546946967,0.0996677832182673,-2.508954582979719,-2.2736503898045166,2.3062934081774182,-1.6884883465951568,-0.32946990888076133,36.6433473262164,37.38912198946996,37.13223029783776,14.0,20.0,35.0,60.5,0.0,0.0,0.0,0.0,0.0,0.0,0.0,0.0,0.0,0.0
2026-06-09 08:17:41,-0.2499991632244516,-0.8002075545223422,0.5459063220957416,-0.2176029795394907,-2.04790706543846,-1.1213610004520926,-0.564311240693244,2.080587917460927,36.908331572894795,37.34833491040443,36.98822555962601,14.0,20.0,35.0,5.7,0.0,0.0,0.0,0.0,0.0,0.0,0.0,0.0,0.0,0.0
2026-06-09 08:17:42,-2.4496135137361037,-1.3780209010885807,1.4150283120247664,-0.36959350430230664,-0.8129119527346855,-0.7811567978273879,-1.3739436746039486,-1.6544993920391013,36.83207448601729,37.37258248808386,37.01837219974263,14.0,20.0,35.0,-2.0,0.0,0.0,0.0,0.0,0.0,0.0,0.0,0.0,0.0,0.0
2026-06-09 08:17:43,-2.663408629874044,-2.978401862026284,0.41797683297396304,0.20117301242801844,-1.057618722609848,-0.23789700553186677,1.5554178489148143,0.3639347081835176,36.73450610531383,37.3999360342783,36.702557388464356,14.0,20.0,35.0,66.9,0.0,0.0,0.0,0.0,0.0,0.0,0.0,0.0,0.0,0.0
2026-06-09 08:17:44,-1.7030846934055364,-0.9607306359860708,0.0916747758087757,2.3813796261589086,1.6057252048057293,1.0305625697275111,-2.2957141005182757,2.1179209659440517,36.9706683119306,37.004146392774295,37.05704400980773,14.0,20.0,35.0,21.8,0.0,0.0,0.0,0.0,0.0,0.0,0.0,0.0,0.0,0.0
2026-06-09 08:17:45,1.710956882978568,-2.8671441847042427,1.5560286137120611,-2.4304134672319293,-2.122706347368294,0.31262167034504174,1.0591873288072993,-1.5541297326627566,36.52054422401011,36.938785409976475,37.04362842405469,14.0,20.0,35.0,34.6,0.0,0.0,0.0,0.0,0.0,0.0,0.0,0.0,0.0,0.0
2026-06-09 08:17:46,-0.01682468642055035,2.1562888397369973,-0.14700223782543942,2.30736468336817,1.7558050643175571,-0.50064000098335,-2.4827119473214854,2.0700301310203333,36.57072644523396,37.22834941102461,37.27448834062832,14.0,20.0,35.0,-53.4,0.0,0.0,0.0,0.0,0.0,0.0,0.0,0.0,0.0,0.0
2026-06-09 08:17:48,1.889396714354553,2.971150179420004,1.4504287757839869,2.9008579550560336,0.9280774708251434,2.626174397712922,2.766404383198436,0.43248562159859905,36.77943543540409,36.938255400158035,37.20577747356895,14.0,20.0,35.0,-100,0.0,0.0,0.0,0.0,0.0,0.0,0.0,0.0,0.0,0.0
2026-06-09 08:17:49,0.011361227764264736,-0.20618376303886254,0.12351455782232179,0.17527916518149933,2.8816504908788367,0.63112013645482,2.8360202744136735,2.2644069045278776,36.72787250185255,37.2332643536486,37.208820565113,14.0,20.0,35.0,3.9,0.0,0.0,0.0,0.0,0.0,0.0,0.0,0.0,0.0,0.0
2026-06-09 08:17:50,-2.4155201977670737,-2.070010975880937,-1.9348731155288794,-0.1605307551491313,0.2999472281448705,-1.152553292099892,-1.4025055613325266,1.204204255859664,36.73737224526547,37.28759251240342,37.27371132030375,14.0,20.0,35.0,102.3,0.0,0.0,0.0,0.0,0.0,0.0,0.0,0.0,0.0,0.0
2026-06-09 08:17:52,1.962493571477629,0.2330254537043106,2.0711938632171094,-1.7963242389101144,-0.6458196929126974,1.655905595183853,-1.691639372720307,1.134536264759741,36.5688669436793,37.16289682928369,36.8216178397346,14.0,20.0,35.0,-59.6,0.0,0.0,0.0,0.0,0.0,0.0,0.0,0.0,0.0,0.0
2026-06-09 08:17:53,-2.7461749025367794,-0.9065485263789079,0.45320714103899284,-0.9614366230600893,-1.8653750571835495,-0.21460685054184347,2.9214388629089427,0.8323592484197615,36.96903211306501,37.04206319838609,37.20925378987478,14.0,20.0,35.0,13.1,0.0,0.0,0.0,0.0,0.0,0.0,0.0,0.0,0.0,0.0
2026-06-09 08:17:54,-0.14698752458259534,-2.7152312805773864,-1.0201448897877772,-0.22220913895650574,-2.6086796933940897,1.8169715761429348,-0.6285783803754641,0.5788456087823257,36.930928666601105,37.036694445332245,36.816590191647414,14.0,20.0,35.0,97.2,0.0,0.0,0.0,0.0,0.0,0.0,0.0,0.0,0.0,0.0
2026-06-09 08:17:56,-0.7252048895118235,-2.2657285082066063,2.1177270566025506,1.5500215735588707,1.027279144064849,-2.662346919195241,-2.263414056340957,-1.9509471511512377,36.792843283365585,37.25627395965903,37.02208605282761,14.0,20.0,35.0,1.4,0.0,0.0,0.0,0.0,0.0,0.0,0.0,0.0,0.0,0.0
2026-06-09 08:17:57,0.7095118126017184,-0.643545964301147,0.5306374745475679,-0.46970437267468945,1.754372343096338,-1.9879957615053117,1.406958640127475,2.5184166999522457,36.68729961499913,36.99210375520574,37.09699108512014,14.0,20.0,35.0,2.6,0.0,0.0,0.0,0.0,0.0,0.0,0.0,0.0,0.0,0.0
2026-06-09 08:17:58,-1.2925433978568304,2.989171713827628,1.1661038325436444,-0.07945144873743981,-1.4716340137900696,-1.7113475159789135,1.992590230807985,0.8580034939346879,36.8163299270761,37.14380929635023,36.952579318958264,14.0,20.0,35.0,-100,0.0,0.0,0.0,0.0,0.0,0.0,0.0,0.0,0.0,0.0
2026-06-09 08:18:00,0.7418129866165328,-0.9280673186210704,2.0716827258483317,-0.28377123881043476,-1.9611530608454546,2.6301336346827844,0.21118248495428693,0.9021773081833495,36.81119703989749,36.84287198241196,37.2971597165743,14.0,20.0,35.0,-28.2,0.0,0.0,0.0,0.0,0.0,0.0,0.0,0.0,0.0,0.0
2026-06-09 08:18:01,0.29375264494705533,-0.5567203882097211,1.6437042115905456,-0.017787482033928548,-2.909088045102953,1.5004508702679669,1.4033424284302543,-1.672473374430563,37.0131011083643,37.250290404533324,36.8150025008472,14.0,20.0,35.0,-26.7,0.0,0.0,0.0,0.0,0.0,0.0,0.0,0.0,0.0,0.0
2026-06-09 08:18:02,0.6024105084862779,0.5358895916205793,2.961253993916724,-2.0886885085144926,-0.3749066393444669,-2.633787518002146,1.1905308118458153,-1.5524059993915797,36.616731380066305,36.80528596825538,37.08315481425917,14.0,20.0,35.0,-91.1,0.0,0.0,0.0,0.0,0.0,0.0,0.0,0.0,0.0,0.0
2026-06-09 08:18:03,0.5452208267867027,-1.5354472210705692,-0.3682443192808842,0.5815494269854815,-0.36294993503740614,-2.5433078969985523,1.8169883677861849,-1.9163284271431789,36.64251198523728,37.336644644492175,37.22051176287354,14.0,20.0,35.0,48.9,0.0,0.0,0.0,0.0,0.0,0.0,0.0,0.0,0.0,0.0
2026-06-09 08:18:04,1.4229912668138631,0.8602589997290995,1.121163390499146,2.2938558015482258,-0.5846887132388261,1.288900930151776,-0.43659779558628165,0.8965196183536497,36.943014168501506,37.15568513235977,36.83401732763002,14.0,20.0,35.0,-50.8,0.0,0.0,0.0,0.0,0.0,0.0,0.0,0.0,0.0,0.0
2026-06-09 08:18:06,1.8832250656404552,0.9753142883025809,-2.7200359449673384,-1.8041205904320226,-0.3480131678152145,-2.874639024470982,-2.7814623632659528,1.1443446334245184,36.889961377464246,37.160833148413374,36.79052301874387,14.0,20.0,35.0,42.3,0.0,0.0,0.0,0.0,0.0,0.0,0.0,0.0,0.0,0.0
2026-06-09 08:18:07,-2.2177424987438976,2.9845618867052064,1.6942183517828182,-1.2206461751243622,1.4150858351606495,-1.2981061593066603,1.0015011060152768,-2.0666793762190325,36.80490185222724,37.01379400383063,37.03095305300139,14.0,20.0,35.0,-100,0.0,0.0,0.0,0.0,0.0,0.0,0.0,0.0,0.0,0.0
2026-06-09 08:18:09,-1.2032569315360861,1.822347945239163,-2.476138382864697,0.26427501228140127,-2.948497604619042,2.916686073624117,2.937244402327786,-1.7583777891043295,36.776156009364016,36.8913700147155,37.11230466478198,14.0,20.0,35.0,19.8,0.0,0.0,0.0,0.0,0.0,0.0,0.0,0.0,0.0,0.0
2026-06-09 08:18:10,-0.9394178744977317,-1.1061686725494344,0.7090684188000607,-2.2572345467367225,0.12751361127766492,-1.5425548406865466,-1.6691521095037947,-0.3524623827741653,36.54732807728662,37.27503685605997,37.04312890064555,14.0,20.0,35.0,8.7,0.0,0.0,0.0,0.0,0.0,0.0,0.0,0.0,0.0,0.0
2026-06-09 08:18:11,0.6007554626533596,2.0695373151065306,0.8961037344709344,-0.7167695361973703,-0.6615832752945638,-1.314185196760417,2.7390073624606197,2.9640615031193596,36.68896967969924,37.075623882626395,36.962838800005294,14.0,20.0,35.0,-76.0,0.0,0.0,0.0,0.0,0.0,0.0,0.0,0.0,0.0,0.0
2026-06-09 08:18:12,0.35743937023450645,-2.7838452999568633,-1.9685852696620343,2.394258997798458,-2.191843871872008,-1.396672940570493,-2.9064938787960086,2.0105518918675562,37.056885756840174,37.06550941378486,36.763064079363545,14.0,20.0,35.0,120.7,0.0,0.0,0.0,0.0,0.0,0.0,0.0,0.0,0.0,0.0
2026-06-09 08:18:14,-1.030036000117419,2.8001542650149283,0.01768483794340625,2.8018297708124367,1.942109534743154,-2.2726831399922562,0.05780966310828717,-0.9301658939146913,36.78269533151098,37.18735524178063,37.032367228774476,14.0,20.0,35.0,-74.0,0.0,0.0,0.0,0.0,0.0,0.0,0.0,0.0,0.0,0.0
2026-06-09 08:18:15,-2.48100412289464,-1.6995961922943459,-1.0525860956352198,0.05773529357842877,-0.8618315044945262,-2.0173545461639524,-2.0224451794792455,0.8127720057430206,37.02559877156844,36.86329096199581,37.22504705242778,14.0,20.0,35.0,69.1,0.0,0.0,0.0,0.0,0.0,0.0,0.0,0.0,0.0,0.0
2026-06-09 08:18:16,-1.995158122968431,0.9694931793827424,0.47303633267453016,-2.2048951139058683,-2.5511045388736244,0.3250205360714289,0.2315566631351249,-2.8681763977111805,37.069546710697296,37.18957987939185,37.00149326041377,14.0,20.0,35.0,-37.0,0.0,0.0,0.0,0.0,0.0,0.0,0.0,0.0,0.0,0.0
2026-06-09 08:18:17,0.45946897856557634,-2.8603566697658187,-1.225725734546392,0.6494270174520773,0.46526690782574187,-0.11475065088490322,-1.2884997645396554,1.0765432988969872,36.531337847050914,37.39847208122397,37.05416072425422,14.0,20.0,35.0,105.0,0.0,0.0,0.0,0.0,0.0,0.0,0.0,0.0,0.0,0.0
2026-06-09 08:18:18,-0.896912482490495,0.8311137574808329,2.6844679279175585,-0.019138791149560852,1.1988795623292159,2.632680705497539,2.9692742785516604,-1.286129726931324,36.826873000738054,36.921260429024294,37.26901787010046,14.0,20.0,35.0,-88.1,0.0,0.0,0.0,0.0,0.0,0.0,0.0,0.0,0.0,0.0
2026-06-09 08:18:19,-1.3498765587886612,-1.7377602072465828,-1.7218047251632456,-1.9597839973668754,1.2784481004741064,2.3997491463572684,1.6636155503489451,2.858348506352322,36.96692788700893,37.22428308956601,37.278602148261044,14.0,20.0,35.0,91.5,0.0,0.0,0.0,0.0,0.0,0.0,0.0,0.0,0.0,0.0
2026-06-09 08:18:21,-0.7856127375443132,2.107423036351989,-1.4720765113361671,-0.5659405418699537,-1.1284044410576946,0.14198974815226517,-1.7465115576329375,0.30952312935265436,36.86197198428401,36.83713394794751,37.26025794592831,14.0,20.0,35.0,-17.2,0.0,0.0,0.0,0.0,0.0,0.0,0.0,0.0,0.0,0.0
2026-06-09 08:18:22,1.0604984574122245,-2.5665901607610992,-1.3013777593805844,2.4680118065516314,2.5087806754628668,2.433818078402499,-1.1667703203473758,-1.7869703451155317,36.64280761432553,37.136553735369375,37.040450965849146,14.0,20.0,35.0,100.6,0.0,0.0,0.0,0.0,0.0,0.0,0.0,0.0,0.0,0.0
2026-06-09 08:18:23,-2.300781740886782,-1.3349974071756463,1.6211586766312074,0.10866001735304032,-0.42677125380422076,1.9226550437353298,0.36451277849232255,1.6568321831156094,36.65745398257287,37.107784112720175,37.20193814237597,14.0,20.0,35.0,-6.3,0.0,0.0,0.0,0.0,0.0,0.0,0.0,0.0,0.0,0.0
2026-06-09 08:18:24,1.7683410419091192,-2.9874595899872203,1.413600174981374,2.9163108757122735,1.232195440832328,-2.148064765763052,1.7013674208999099,-2.6196345720613525,36.771741794872966,37.05979473282208,36.95315393324843,14.0,20.0,35.0,40.5,0.0,0.0,0.0,0.0,0.0,0.0,0.0,0.0,0.0,0.0
2026-06-09 08:18:26,0.012272992071176603,0.34057346186591975,2.5284885449108945,-2.101001543519768,2.9489038171483255,-1.4921187144728996,-0.6137134772168755,1.1270943806166311,36.826515802542154,37.33281273561825,36.86056528254584,14.0,20.0,35.0,-75.2,0.0,0.0,0.0,0.0,0.0,0.0,0.0,0.0,0.0,0.0
2026-06-09 08:18:27,-2.17687819160402,1.915232543284504,-2.083766746649008,0.4341844988501138,-1.25036535460754,1.1713291866843818,0.6185268097754335,1.922918291399852,37.025695262405634,37.138144200643296,36.90357777801611,14.0,20.0,35.0,5.3,0.0,0.0,0.0,0.0,0.0,0.0,0.0,0.0,0.0,0.0
2026-06-09 08:18:28,-2.6636603866882274,0.7137064281680701,-1.8826273577313462,-2.8959617171434853,1.957291419918354,0.5312338130099707,-2.1943547285852603,-2.34901492916739,36.59084999630116,37.346548386903336,37.06682664035652,14.0,20.0,35.0,29.4,0.0,0.0,0.0,0.0,0.0,0.0,0.0,0.0,0.0,0.0
2026-06-09 08:18:29,-0.8091564788691112,-1.429694191675986,-0.9361413702881687,0.8289472947849643,-0.8861691044867013,0.03696530377732188,0.9882172044658359,1.7238898083438006,36.6722892052598,37.37947885488961,37.08014471638803,14.0,20.0,35.0,61.7,0.0,0.0,0.0,0.0,0.0,0.0,0.0,0.0,0.0,0.0
2026-06-09 08:18:30,-2.4350862637412924,1.2393605212538654,1.8836262091056994,-1.4350123858600614,2.5643961259246373,0.48423740990352204,-0.4019323962707997,-1.8570155063317946,36.75919325823985,37.372420129399345,37.21214743257816,14.0,20.0,35.0,-80.7,0.0,0.0,0.0,0.0,0.0,0.0,0.0,0.0,0.0,0.0
2026-06-09 08:18:31,2.428889431904495,-1.2696799760866433,2.275163937877198,0.8644454172256033,2.2667857486574974,-1.0583513716677624,0.12832137126820964,-0.9119041672086756,36.69820718043145,37.01835735254069,36.768714684675565,14.0,20.0,35.0,-26.5,0.0,0.0,0.0,0.0,0.0,0.0,0.0,0.0,0.0,0.0
2026-06-09 08:18:32,-1.0868443354172017,-1.9901497823097638,0.9513214294568382,-0.3181165959789576,0.00017964991180452472,-2.6134400958359914,-2.1035483957464667,-2.096882765527292,36.55606523055115,36.84918602865111,36.87155220563193,14.0,20.0,35.0,24.5,0.0,0.0,0.0,0.0,0.0,0.0,0.0,0.0,0.0,0.0
2026-06-09 08:18:34,2.098689283113024,2.306624755926178,2.6943520978221445,-1.1855604083229305,0.9640729387565563,-2.610484581311263,-2.551326484552397,0.8585788227905811,36.844891678461224,37.06993146757051,36.705515118129036,14.0,20.0,35.0,-100,0.0,0.0,0.0,0.0,0.0,0.0,0.0,0.0,0.0,0.0
2026-06-09 08:18:35,1.6005520849545105,-0.9843737837119964,-0.03136768834948933,-1.5485864756942873,2.2172567410793693,1.0581295452818775,0.043636460296250235,-0.7509645345870553,37.07787932776305,36.880023084294024,37.08639092873395,14.0,20.0,35.0,26.8,0.0,0.0,0.0,0.0,0.0,0.0,0.0,0.0,0.0,0.0
2026-06-09 08:18:36,-2.672613834457703,0.32427616434400885,-2.244053463227151,2.0444098312317847,-2.8242490068917077,2.560596470483498,2.6634909209458417,0.8513991718219627,36.75283885391626,37.0170973612358,37.13726188958202,14.0,20.0,35.0,52.3,0.0,0.0,0.0,0.0,0.0,0.0,0.0,0.0,0.0,0.0
2026-06-09 08:18:37,-2.283015625803314,0.5205137889644735,1.5289543267514318,2.6152548612580073,-1.273941432481951,1.6368086498607246,-2.191516941690881,0.680527852762566,36.97093224419715,36.827080104830046,37.263682424650234,14.0,20.0,35.0,-53.3,0.0,0.0,0.0,0.0,0.0,0.0,0.0,0.0,0.0,0.0
2026-06-09 08:18:38,2.521195734060856,0.8096080636879921,-0.9730942222906744,0.0973095424760233,-1.3495070618464602,2.3718639824778354,0.2168973977791735,2.8275439947965157,36.90864370587451,37.196174278278185,37.02075497938475,14.0,20.0,35.0,5.5,0.0,0.0,0.0,0.0,0.0,0.0,0.0,0.0,0.0,0.0
2026-06-09 08:18:39,-0.2006696261375005,0.13225065970336658,0.12642427178071092,2.145766511501794,0.5938188951505454,1.399019086618825,1.9604740952836224,-1.0714397860244176,36.545218003858295,36.82578824418822,37.24799439220762,14.0,20.0,35.0,-5.0,0.0,0.0,0.0,0.0,0.0,0.0,0.0,0.0,0.0,0.0
2026-06-09 08:18:41,2.1869010433677216,2.012208946652655,1.790386779021783,-0.09508932404851578,-2.8863873366192125,-1.3296346943095294,-1.2217741798730741,2.8476985512166237,36.51407355769954,37.266022957766296,36.91124161994774,14.0,20.0,35.0,-99.6,0.0,0.0,0.0,0.0,0.0,0.0,0.0,0.0,0.0,0.0
2026-06-09 08:18:42,2.3477167995834227,0.526305105614183,-1.4923961485251418,-0.5443067907885206,-0.7042261853975509,0.16989251756089896,-2.315888356613703,-1.6035602522203063,37.09382782274198,36.86938675247605,37.21474732560393,14.0,20.0,35.0,23.9,0.0,0.0,0.0,0.0,0.0,0.0,0.0,0.0,0.0,0.0
2026-06-09 08:18:43,-2.6399399108862722,0.23544582640094935,-2.76370503481289,1.4497186499989114,1.238012169070811,2.650160413736833,2.6573467829633097,-1.6490678079239953,36.813474083128966,37.123446753039936,37.045442287983086,14.0,20.0,35.0,68.0,0.0,0.0,0.0,0.0,0.0,0.0,0.0,0.0,0.0,0.0
2026-06-09 08:18:45,-0.3790336038084865,-2.3545474372374966,-2.6551505174908767,-2.791366249225094,-2.6608394440493273,2.1293461032292713,-2.1255687112951946,1.7115617394395173,36.9242545232546,36.822593190768366,37.249568613101786,14.0,20.0,35.0,129.5,0.0,0.0,0.0,0.0,0.0,0.0,0.0,0.0,0.0,0.0
2026-06-09 08:18:46,2.096445266843509,-2.33973055108025,-0.5631219736848596,1.5103219689353535,0.09221731887351226,-2.995555748180858,2.369199882761622,-1.7217993502442097,36.55499658253045,37.27682313016147,37.107718515177474,14.0,20.0,35.0,74.7,0.0,0.0,0.0,0.0,0.0,0.0,0.0,0.0,0.0,0.0
2026-06-09 08:18:47,2.9955359728383444,1.1570910828890346,-1.2526743591002731,2.900681283172977,-0.9661724909874438,-1.394249364178795,-0.016438863893791122,2.186940537356225,36.557212021115156,36.96832852049781,37.203288201506304,14.0,20.0,35.0,1.8,0.0,0.0,0.0,0.0,0.0,0.0,0.0,0.0,0.0,0.0
2026-06-09 08:18:48,-0.40244333207279315,-2.1624580654166925,-2.6271431492100703,2.486460775338437,0.3424498054927376,-0.9937478255257517,-2.813463646816278,-0.45261299391774523,36.67702925855656,37.300576462721324,37.06725753309619,14.0,20.0,35.0,121.9,0.0,0.0,0.0,0.0,0.0,0.0,0.0,0.0,0.0,0.0
2026-06-09 08:18:49,-1.6106088283117261,-2.410100603589464,1.2368409946693397,1.658660767267369,-0.8046778781591364,2.7075581710505343,2.876042122626364,-2.3336844955149365,36.660172259014026,37.25651031373092,36.99535133807799,14.0,20.0,35.0,33.1,0.0,0.0,0.0,0.0,0.0,0.0,0.0,0.0,0.0,0.0
2026-06-09 08:18:51,1.4061234984167754,2.6843679238957163,0.16495509038773992,2.8578422921464712,-2.176971467409232,2.66426424480827,0.562721949716618,2.6822956852995468,36.89579206315927,36.842603242816466,37.16154249726366,14.0,20.0,35.0,-72.1,0.0,0.0,0.0,0.0,0.0,0.0,0.0,0.0,0.0,0.0
2026-06-09 08:18:52,2.6005521438988053,2.4961233265019365,2.3257431322469593,-2.2156286217953403,0.43827385316934464,0.038781562144711845,-0.8203476631774853,1.749590773098097,36.630940398581,37.35676324277026,36.94064598574044,14.0,20.0,35.0,-100,0.0,0.0,0.0,0.0,0.0,0.0,0.0,0.0,0.0,0.0
2026-06-09 08:18:53,-2.5958570354531343,2.250976390694828,-0.048606910908869594,0.39901821100722357,2.8269434507900426,0.7125670494040031,1.732092359922377,-0.11884332156320099,36.690652795625816,37.319102363245506,37.292004869387135,14.0,20.0,35.0,-55.7,0.0,0.0,0.0,0.0,0.0,0.0,0.0,0.0,0.0,0.0
2026-06-09 08:18:54,-1.9031917076106877,1.6386780159203793,0.21132960087939878,-2.0130716982819776,-0.06848990190756554,-1.597751966237242,2.8117526055222637,1.8524131115931493,36.68239896041091,36.90149738059345,37.03993407360834,14.0,20.0,35.0,-47.2,0.0,0.0,0.0,0.0,0.0,0.0,0.0,0.0,0.0,0.0
2026-06-09 08:18:55,-2.303726713772642,-1.0535641842245957,0.40684418363629593,0.419458621216636,1.862359489364696,1.9176038134568243,2.5157364319851885,1.8238889224974661,37.01386998865043,37.399712329840604,37.14815453834988,14.0,20.0,35.0,18.9,0.0,0.0,0.0,0.0,0.0,0.0,0.0,0.0,0.0,0.0
2026-06-09 08:18:56,-1.1327914906312695,-1.8409506317853754,1.8412500791786748,2.084698484479895,0.717906331933964,1.284344951960632,2.2839782236892825,-1.2895497027898037,37.0621200070062,36.89050273564042,36.93328503239806,14.0,20.0,35.0,1.8,0.0,0.0,0.0,0.0,0.0,0.0,0.0,0.0,0.0,0.0
2026-06-09 08:18:57,0.790923664821582,1.195670077372447,0.7759710235434629,2.1762879663120582,-0.5681612128267464,-2.6507166823599446,2.049642393502962,0.43435901288917744,37.042502837788106,36.85007073110945,37.03669302725852,14.0,20.0,35.0,-51.3,0.0,0.0,0.0,0.0,0.0,0.0,0.0,0.0,0.0,0.0
2026-06-09 08:18:58,1.633135634241973,2.9719115803598743,1.504026715795952,-0.034014740596061355,1.7273005797975554,-0.6001914758672449,-2.9958362342522658,-0.6191284997965352,36.50092963393946,37.055047639599756,36.868579856944706,14.0,20.0,35.0,-100,0.0,0.0,0.0,0.0,0.0,0.0,0.0,0.0,0.0,0.0
2026-06-09 08:18:59,-1.8605222513527033,-2.600220638972452,-2.7178375496903975,1.4265362368576664,-0.44215040290296237,1.1580620005734117,1.595438195527084,1.8977274898392897,37.08759113111817,37.180097781436274,36.895488611088794,14.0,20.0,35.0,138.9,0.0,0.0,0.0,0.0,0.0,0.0,0.0,0.0,0.0,0.0
2026-06-09 08:19:01,-2.8585641787514335,0.7608278890722251,-2.3591225954887887,-0.21328615433172393,2.9111094850152943,1.479348996990618,-0.007115266691966493,0.2893959772014565,36.73151281417339,37.33956328574664,36.986256616320894,14.0,20.0,35.0,42.1,0.0,0.0,0.0,0.0,0.0,0.0,0.0,0.0,0.0,0.0
2026-06-09 08:19:02,0.5612350984372112,2.135493609368406,0.8389883052408931,-1.346222318183503,-0.6338214046777306,0.19485079490750534,2.454354036902714,-2.4255935740292696,36.83850873876834,37.16567584761351,36.7152642830496,14.0,20.0,35.0,-75.6,0.0,0.0,0.0,0.0,0.0,0.0,0.0,0.0,0.0,0.0
2026-06-09 08:19:03,-0.5634626586288771,-2.0731626497460804,-2.2262646462841333,2.8330731877972823,-0.11490272995886208,-1.155630541492463,2.917616700943368,-0.1386525830383354,36.81562309128694,36.87824063301099,37.293591481082636,14.0,20.0,35.0,112.1,0.0,0.0,0.0,0.0,0.0,0.0,0.0,0.0,0.0,0.0
2026-06-09 08:19:04,-1.7767212327035182,-2.3269009729354933,1.6200101854865379,0.39438088546461136,-1.9353353597221636,1.6886292072660147,1.9925745746661763,-2.339194228696479,36.91606900072986,37.299218465767034,37.27638119508709,14.0,20.0,35.0,20.1,0.0,0.0,0.0,0.0,0.0,0.0,0.0,0.0,0.0,0.0
2026-06-09 08:19:05,2.817869477868122,2.553894267835278,-2.6731119061858712,-0.6742988229418021,-2.4275725107559474,-1.1492581121267287,2.241065081402561,0.9761805503911294,36.937077808240055,37.00232453255344,36.90426852987359,14.0,20.0,35.0,3.6,0.0,0.0,0.0,0.0,0.0,0.0,0.0,0.0,0.0,0.0
2026-06-09 08:19:06,-1.991086341201878,-0.8205333864022344,-2.662000462489301,1.1589000815773343,-1.6049951771814073,1.0460048390688232,2.953615337959217,0.16379287615321392,36.872302407879275,37.36964971877465,36.783447690231945,14.0,20.0,35.0,92.0,0.0,0.0,0.0,0.0,0.0,0.0,0.0,0.0,0.0,0.0
2026-06-09 08:19:07,-0.6118348959645088,1.9293786996498934,2.8169667845623696,2.9853498572074457,1.605282004914466,0.05755538838046892,2.702557845013967,-1.2073398597894973,36.925825185430874,36.826922944127936,36.953608795137896,14.0,20.0,35.0,-100,0.0,0.0,0.0,0.0,0.0,0.0,0.0,0.0,0.0,0.0
2026-06-09 08:19:08,-1.1660848666417343,-0.6900824037699076,-2.9917764800581805,-0.7152342471325461,1.474541643002076,-1.3917366427129052,-2.150151683131777,2.911201438602845,36.860758383340865,37.1665811879313,36.81906136371614,14.0,20.0,35.0,93.4,0.0,0.0,0.0,0.0,0.0,0.0,0.0,0.0,0.0,0.0
2026-06-09 08:19:09,-1.6967934460750709,2.0789546307739277,0.7364007341933503,-0.5410520348734491,-0.2039476569229377,1.2656893872980355,-0.25971686056221044,-2.4584213841642226,37.057891730779566,37.007597178234434,37.274377598383076,14.0,20.0,35.0,-72.3,0.0,0.0,0.0,0.0,0.0,0.0,0.0,0.0,0.0,0.0
2026-06-09 08:19:10,1.816057728514977,0.40548841065590313,-0.3668934831720021,0.01198916501264069,-0.06433493507266341,-1.5159790682578247,-0.9654855515148038,-1.6184779342370208,36.637048119002905,37.299811860477696,37.22984047665244,14.0,20.0,35.0,-2.2,0.0,0.0,0.0,0.0,0.0,0.0,0.0,0.0,0.0,0.0
2026-06-09 08:19:11,2.7163031929238537,-0.7786903958570024,-0.006479931316131893,-2.654268195252074,1.8476116578302104,2.6830356355850737,2.309329124223064,0.28923230948837153,37.00453080728277,37.307412912197,37.03663703509909,14.0,20.0,35.0,22.8,0.0,0.0,0.0,0.0,0.0,0.0,0.0,0.0,0.0,0.0
2026-06-09 08:19:12,2.509844009989024,1.5196336725258384,-1.075850792702257,-1.0714228504384233,-0.14664497487828854,0.9556455920591329,-0.3839116553828843,-2.9239954286988827,36.728235192171724,37.100560787410814,37.07990240616917,14.0,20.0,35.0,-11.2,0.0,0.0,0.0,0.0,0.0,0.0,0.0,0.0,0.0,0.0
2026-06-09 08:19:14,0.1794441456854594,-2.565659680689368,0.8070053715919094,1.1385493109200748,-2.0043208269818926,0.4243601665069541,-2.2599081223184108,-1.2410852290993353,36.58313831108207,36.826519399363704,36.89224263824323,14.0,20.0,35.0,44.6,0.0,0.0,0.0,0.0,0.0,0.0,0.0,0.0,0.0,0.0
2026-06-09 08:19:15,-0.46612516526817727,2.745684217003057,0.7806899260642179,-1.8054318695265454,1.22925150257214,-1.7879510505056657,2.389952185642665,-0.8796992043864633,36.86133143751145,37.222160939990175,36.90178453956517,14.0,20.0,35.0,-90.9,0.0,0.0,0.0,0.0,0.0,0.0,0.0,0.0,0.0,0.0
2026-06-09 08:19:16,2.4542725303372013,-2.2193056666301523,-2.9137459121104037,0.6883863820818652,-2.9181267433098657,-1.5852224615791486,-1.9224973050492955,-1.7780847881763793,37.09371149487528,36.80887782561108,36.96038064888122,14.0,20.0,35.0,131.0,0.0,0.0,0.0,0.0,0.0,0.0,0.0,0.0,0.0,0.0
2026-06-09 08:19:17,0.5902550631003209,-0.5873665509046093,-0.1489150165655051,1.5390503711354313,-1.8842357990418865,-1.576899944392361,2.040430983329066,-1.69983932378611,37.074286139261794,37.2994920486835,36.90667403760032,14.0,20.0,35.0,19.3,0.0,0.0,0.0,0.0,0.0,0.0,0.0,0.0,0.0,0.0
2026-06-09 08:19:19,-2.8785460284538704,2.4083026701279797,0.12042810785026781,-0.6471159343319832,2.697344164472005,0.7758440062155887,-2.600612817760367,1.3567806142351602,37.038716232198674,36.97087042968579,36.85591511833052,14.0,20.0,35.0,-66.3,0.0,0.0,0.0,0.0,0.0,0.0,0.0,0.0,0.0,0.0
2026-06-09 08:19:20,0.01756376215330313,-1.3292442182387807,1.399227794319021,2.505154382205088,-1.9244038792266824,1.9170800347688877,1.2715442570637396,-2.6439122050913353,37.03403879963228,37.20265264799158,36.93741375912171,14.0,20.0,35.0,-0.2,0.0,0.0,0.0,0.0,0.0,0.0,0.0,0.0,0.0,0.0
2026-06-09 08:19:22,-0.28927069508872716,-2.939948521426639,1.0589953266132852,2.604314552446472,-2.3805356111218545,-1.938443098813122,0.5056786052843121,1.015929899321769,36.622456176976144,37.073726196689805,36.853843965784556,14.0,20.0,35.0,47.9,0.0,0.0,0.0,0.0,0.0,0.0,0.0,0.0,0.0,0.0
2026-06-09 08:19:23,-1.9458294533360077,0.3516590894174243,-2.701216499502025,0.6322432856914415,-1.9089706016313814,-0.9351752218826777,-1.7654207093708536,-1.7868452562900372,36.5633439738827,36.8060240517253,37.18201482089457,14.0,20.0,35.0,59.4,0.0,0.0,0.0,0.0,0.0,0.0,0.0,0.0,0.0,0.0
2026-06-09 08:19:24,-2.2359708228706143,-2.4347455664232758,-2.434684212563953,-2.9727070384790526,-2.7800509500442487,1.638617784039985,-0.57537553105379,0.11879428939376435,36.73943647328945,37.23601999590359,37.22258922770493,14.0,20.0,35.0,126.4,0.0,0.0,0.0,0.0,0.0,0.0,0.0,0.0,0.0,0.0
2026-06-09 08:19:26,1.1787864144703768,2.9383933334494223,-1.1600783304165252,0.6705566399660245,-1.06908899162148,0.8517459125574156,-2.8240593406441494,2.576532348558164,36.629154213146364,37.08032765980433,36.88414408192071,14.0,20.0,35.0,-47.0,0.0,0.0,0.0,0.0,0.0,0.0,0.0,0.0,0.0,0.0
2026-06-09 08:19:27,2.877532796012055,-2.7924641210127614,-2.5599981232458484,-1.9953110565055618,-2.8534699352996555,-0.18184383747478083,2.407652580418217,1.2566452201119187,36.87221439679033,37.08312517539347,36.851680538367944,14.0,20.0,35.0,139.5,0.0,0.0,0.0,0.0,0.0,0.0,0.0,0.0,0.0,0.0
2026-06-09 08:19:29,1.8724549274019662,0.3782540613733696,2.5486584303940933,0.8555504977443622,0.25544849193985897,-2.240258035959253,0.8149857546034172,0.31473096423578184,36.899951688792164,37.183074227674844,37.15298217154508,14.0,20.0,35.0,-76.4,0.0,0.0,0.0,0.0,0.0,0.0,0.0,0.0,0.0,0.0
2026-06-09 08:19:30,2.364797202064995,0.06984571799924222,1.6077319731178585,-0.6194042708681611,-2.9643625131783073,1.084076929782091,0.9103194953340257,2.3675644651496803,36.66758349033306,37.384470231601064,36.97125105217633,14.0,20.0,35.0,-42.4,0.0,0.0,0.0,0.0,0.0,0.0,0.0,0.0,0.0,0.0
2026-06-09 08:19:31,-2.3940975603455925,-1.3825290304535254,0.5184801372945658,0.6168760305025742,2.7274890692797342,0.48965581657432455,2.8497300819956095,-0.03052324215554547,36.984667543974524,37.01193689673405,36.83716227163605,14.0,20.0,35.0,24.0,0.0,0.0,0.0,0.0,0.0,0.0,0.0,0.0,0.0,0.0
2026-06-09 08:19:32,2.9162814128136194,-2.4573244118422135,2.06770565189568,-0.12753643399596282,-0.18395941255134485,1.421475386295028,-1.9533132442512917,-1.158716069859502,36.69920318849195,37.28228393379384,37.18718020703852,14.0,20.0,35.0,9.8,0.0,0.0,0.0,0.0,0.0,0.0,0.0,0.0,0.0,0.0
2026-06-09 08:19:33,-1.7334325422072185,1.9852801393669655,-2.539113259030293,0.7804143502604473,2.0825520576111325,1.3950814016116535,1.5273737241513325,2.4473616226394403,36.506496154699946,36.94866259249708,36.99158365014806,14.0,20.0,35.0,15.8,0.0,0.0,0.0,0.0,0.0,0.0,0.0,0.0,0.0,0.0
2026-06-09 08:19:34,0.912717012923423,-1.3894043464779118,1.1462815348487059,2.138572953588044,0.9811916237028662,-2.066499905720148,-1.879280605564909,-1.7486746843924477,36.79967029755604,37.24225421530895,36.859794286705906,14.0,20.0,35.0,4.3,0.0,0.0,0.0,0.0,0.0,0.0,0.0,0.0,0.0,0.0
2026-06-09 08:19:35,2.272993786322373,-1.0221878106351092,0.5543190561161273,2.0860548020173537,2.0083128062289735,1.0212182114009298,0.925285907743822,2.7969082436320836,36.72894861549452,37.25090456835253,36.85479325225954,14.0,20.0,35.0,13.1,0.0,0.0,0.0,0.0,0.0,0.0,0.0,0.0,0.0,0.0
2026-06-09 08:19:36,-0.7667901506504275,2.024834412952279,-2.8051111475058743,-0.6825368254141697,-2.839475083487165,-2.726513708835032,1.6213743671631953,-2.043438256964637,37.035287785055274,37.37600365193576,36.71572409588186,14.0,20.0,35.0,19.6,0.0,0.0,0.0,0.0,0.0,0.0,0.0,0.0,0.0,0.0
2026-06-09 08:19:38,-1.832226749680877,2.4351681970069663,-2.919664683593657,0.9200888388944533,2.3748655843854385,1.874491898391363,-0.011947326586684959,2.5909664749674546,36.575558888840526,37.18517446758407,36.79002824105367,14.0,20.0,35.0,13.5,0.0,0.0,0.0,0.0,0.0,0.0,0.0,0.0,0.0,0.0
2026-06-09 08:19:39,-0.34298684934783363,0.966516683931399,1.415027936572896,0.11116758223318257,0.8666276336232324,-0.19532452271213163,2.961813637807319,0.11346201955245405,36.754228577928046,37.13589220671058,37.18568545966605,14.0,20.0,35.0,-60.2,0.0,0.0,0.0,0.0,0.0,0.0,0.0,0.0,0.0,0.0
2026-06-09 08:19:40,0.15415805053875964,0.06180286613614605,0.6705965633643287,-1.1911944754279722,-0.23576917012040477,-0.07099740617910211,-2.472498626117474,2.382776065757226,36.92492071981207,37.320135871743915,36.828208169270916,14.0,20.0,35.0,-20.2,0.0,0.0,0.0,0.0,0.0,0.0,0.0,0.0,0.0,0.0
2026-06-09 08:19:41,0.24504110647292388,2.1530635397308586,-2.0615588748495552,2.350162915969742,-2.5154774848928083,-1.57516836377743,-0.420645411646682,2.1741359275582735,36.89339226105536,37.18118125791851,37.11666970414546,14.0,20.0,35.0,-3.4,0.0,0.0,0.0,0.0,0.0,0.0,0.0,0.0,0.0,0.0
2026-06-09 08:19:42,0.6471530182140093,1.1380426930405365,-1.253428902437667,-1.8278986972085671,-0.4574951168390209,0.666770248306789,0.02568218988680293,-0.2244949121046962,36.98055561392569,37.27100180845122,36.889818602044414,14.0,20.0,35.0,3.3,0.0,0.0,0.0,0.0,0.0,0.0,0.0,0.0,0.0,0.0
2026-06-09 08:19:44,-2.564658851778815,-1.178741482517148,-1.1917372670343038,-1.0994646822754959,-0.8640409752435629,-1.4066176422288414,-1.3553468135757105,1.3820655539208424,36.84336896429096,37.03328244645851,37.18512490264072,14.0,20.0,35.0,59.9,0.0,0.0,0.0,0.0,0.0,0.0,0.0,0.0,0.0,0.0
2026-06-09 08:19:45,-0.34759822441193666,0.05842856427969245,-2.8291361157279047,-2.6223813017096855,2.439105011804954,2.411780456710397,-1.878967469026474,1.557526594806811,36.99181240089046,36.97014241262286,36.87390677579269,14.0,20.0,35.0,71.9,0.0,0.0,0.0,0.0,0.0,0.0,0.0,0.0,0.0,0.0
2026-06-09 08:19:46,2.399456919671411,-0.22731111768574142,-0.044895704898030075,-1.496878339733544,2.379229346845026,-2.7698292212977833,0.20412491477067363,1.5732687341237828,36.691998015191565,37.10715625461489,36.83757051023635,14.0,20.0,35.0,5.8,0.0,0.0,0.0,0.0,0.0,0.0,0.0,0.0,0.0,0.0
2026-06-09 08:19:47,1.1510752897063226,-1.3548479251449013,1.9524211783456078,0.3406159391630226,0.0840537220906672,-1.9094575103260762,1.5365703946830322,-2.5415564530022134,37.086618204722996,37.32413655007146,37.192407710152345,14.0,20.0,35.0,-15.6,0.0,0.0,0.0,0.0,0.0,0.0,0.0,0.0,0.0,0.0
2026-06-09 08:19:48,0.08519050097129499,1.044998047224551,1.5347118000352395,-0.40738238489299494,2.5936669270586368,-0.20636204959040905,2.7730822949827463,2.20615001994748,36.95070401138147,37.277205108404786,37.102645071517124,14.0,20.0,35.0,-65.4,0.0,0.0,0.0,0.0,0.0,0.0,0.0,0.0,0.0,0.0
2026-06-09 08:19:49,-2.336110126039368,-1.506074245184709,-1.9964491889740086,-1.5689921115698333,-0.3085549083876735,2.3973904088601046,-2.232246080236516,-1.7798061553296358,36.57344906318277,36.840056421627125,36.895783282513904,14.0,20.0,35.0,90.6,0.0,0.0,0.0,0.0,0.0,0.0,0.0,0.0,0.0,0.0
2026-06-09 08:19:50,0.9306710825930691,-1.9412067527240433,0.29048318677878804,2.1695044350306816,0.9676641279126139,2.0716098479643206,-1.333997628552282,0.014193754438181827,37.00500691111747,37.217672372366344,36.989765795102294,14.0,20.0,35.0,43.1,0.0,0.0,0.0,0.0,0.0,0.0,0.0,0.0,0.0,0.0
2026-06-09 08:19:51,-0.9701483702684737,-1.6847756665429803,-2.9876191187142194,0.7064257313576547,2.236603602831135,-1.4002395324998613,1.155311508055326,0.5933869835395722,37.044607005518245,37.020344326555566,37.043619397454435,14.0,20.0,35.0,120.7,0.0,0.0,0.0,0.0,0.0,0.0,0.0,0.0,0.0,0.0
2026-06-09 08:19:52,-2.698870880681902,-0.5413317347684439,1.7429270209717833,-0.24818043174978754,-1.6115245758632675,2.2122573388131954,-2.3836125185671646,1.6992972967870275,36.61297069934072,37.00399571638774,36.96428829918473,14.0,20.0,35.0,-31.2,0.0,0.0,0.0,0.0,0.0,0.0,0.0,0.0,0.0,0.0
2026-06-09 08:19:54,1.8647809132349522,0.8127998484854975,-2.868505386416732,2.56176588362705,-0.5558820392076327,1.9355047084014991,-1.180683516852906,1.2359235436963552,36.569126927388155,36.91855476973925,36.89124508537209,14.0,20.0,35.0,53.5,0.0,0.0,0.0,0.0,0.0,0.0,0.0,0.0,0.0,0.0
2026-06-09 08:19:55,-0.7604248467416861,-0.6170928427825513,-2.6202360873281547,0.9568969966725662,-0.7114177860455335,-1.0552679225445152,0.17861260989148509,0.2615018488751133,36.690450199445046,37.29746200525073,36.990746143876656,14.0,20.0,35.0,83.3,0.0,0.0,0.0,0.0,0.0,0.0,0.0,0.0,0.0,0.0
2026-06-09 08:19:56,-1.8429342175789052,2.015865923908666,-1.2835713797928656,-1.060310608404416,1.4457957669648724,-1.9257529844417285,-1.3076978370213543,2.316366713779888,37.03434856881676,36.97311444554764,37.026186884575566,14.0,20.0,35.0,-20.6,0.0,0.0,0.0,0.0,0.0,0.0,0.0,0.0,0.0,0.0
2026-06-09 08:19:57,-2.5009108318470705,1.5494485428760534,-1.472217125121338,-2.26384142833561,2.2199665729175138,-2.203175819118991,2.9140881551836246,1.7132554299892817,36.54537434074128,37.31438466520931,36.90357832677156,14.0,20.0,35.0,-1.6,0.0,0.0,0.0,0.0,0.0,0.0,0.0,0.0,0.0,0.0
2026-06-09 08:19:58,1.6829466450817714,1.9633472703207042,-0.8475759929833999,-2.7389406699015866,1.171815285159024,-2.749752033854935,-0.8747248246488812,-1.4271879733742907,36.792182596728885,37.24647719402204,37.20493068520971,14.0,20.0,35.0,-30.7,0.0,0.0,0.0,0.0,0.0,0.0,0.0,0.0,0.0,0.0
2026-06-09 08:20:00,2.6661148072196195,1.794812239634723,-2.366850543572154,1.399728643565859,-0.24285207034998635,-2.6533750649678627,0.2302399587277124,-1.7909028137075196,36.54672855903618,37.05168627779118,37.02049919714764,14.0,20.0,35.0,13.6,0.0,0.0,0.0,0.0,0.0,0.0,0.0,0.0,0.0,0.0
2026-06-09 08:20:01,1.0831398966616925,-0.44517837883551525,0.10972954338244456,-0.020428038233789803,-1.0030814288373864,1.8187975175551374,-1.8335214238953224,-1.2771384491839546,36.6315100732046,36.93791613261136,36.73840296106414,14.0,20.0,35.0,8.7,0.0,0.0,0.0,0.0,0.0,0.0,0.0,0.0,0.0,0.0
2026-06-09 08:20:02,-1.8684102636239468,2.679069744483275,-0.4945650261062151,0.44690815993030775,-1.4167418069919628,-0.9118570083635849,1.838996816959531,2.9379455641924563,36.668059783302304,37.27404236334698,36.799711889284744,14.0,20.0,35.0,-56.0,0.0,0.0,0.0,0.0,0.0,0.0,0.0,0.0,0.0,0.0
2026-06-09 08:20:03,-1.7883307339479262,0.0610623542386346,2.6620081743088626,0.0655977727827004,-1.1439710847855264,0.4541371622982098,-2.0123192682293056,0.042375936665932645,37.031975094550624,37.12989430819136,37.08532217249995,14.0,20.0,35.0,-71.2,0.0,0.0,0.0,0.0,0.0,0.0,0.0,0.0,0.0,0.0
2026-06-09 08:20:04,1.4309319023906717,-0.9389357702745418,-2.2885825636207855,-0.3588385622854653,-1.265230212400294,-2.033562828257831,2.3608896061302893,-1.993564227780996,36.73153433624324,37.39160038234354,37.159869408741514,14.0,20.0,35.0,83.6,0.0,0.0,0.0,0.0,0.0,0.0,0.0,0.0,0.0,0.0
2026-06-09 08:20:05,-0.7497700297543943,-1.3856439983731288,0.6334352661432359,-2.863980359099018,1.391667937845133,-2.133459900170923,2.958622335887945,-2.741519616336748,36.55013100473283,37.36610374694625,36.74653986438923,14.0,20.0,35.0,19.9,0.0,0.0,0.0,0.0,0.0,0.0,0.0,0.0,0.0,0.0
2026-06-09 08:20:07,-1.3049401253561252,-0.06586598711644864,1.591634748211364,-1.9316338804235458,-1.7353627825824183,1.4229310569383236,-1.8967173448697374,-0.5729570515303077,37.087432639192954,37.106186235668595,36.91901434111916,14.0,20.0,35.0,-39.7,0.0,0.0,0.0,0.0,0.0,0.0,0.0,0.0,0.0,0.0
2026-06-09 08:20:08,1.2095150315284062,-0.626115670338292,-2.3332525897245966,-1.87681831301194,0.8492909589117579,0.5879860874140839,-0.019387105348922518,-2.6160332020300556,37.049453104155205,37.07318567438717,37.28418161808356,14.0,20.0,35.0,76.8,0.0,0.0,0.0,0.0,0.0,0.0,0.0,0.0,0.0,0.0
2026-06-09 08:20:10,-0.4330311687908761,0.7077707029278737,-2.574700165191701,-2.3395698500287487,1.6195628961636839,-1.8208704588128788,0.051861881074538374,2.132670264392152,36.57695138591272,37.16461327773423,37.13789014876228,14.0,20.0,35.0,47.4,0.0,0.0,0.0,0.0,0.0,0.0,0.0,0.0,0.0,0.0
2026-06-09 08:20:11,2.850899683526496,-1.5410411694118598,-1.9997202864992933,1.479848516498155,-0.03680227150876769,-0.09264332881097692,-0.019792483026796148,2.1284882725505714,36.75376606840056,36.87942720184844,37.086211653787174,14.0,20.0,35.0,91.5,0.0,0.0,0.0,0.0,0.0,0.0,0.0,0.0,0.0,0.0
2026-06-09 08:20:12,-1.159576004023104,1.3057231671109308,-1.712999202703491,-0.39059776274886193,1.1321498023696472,-0.632251117374194,-0.8071957331336126,-2.8611605705638654,36.57704166343145,37.33380540581033,36.73239282061486,14.0,20.0,35.0,9.8,0.0,0.0,0.0,0.0,0.0,0.0,0.0,0.0,0.0,0.0
2026-06-09 08:20:13,-0.06332323686434371,-0.2813406347517571,1.2374659043888858,-1.9993328375684574,-0.2894560305404341,2.710648500072347,-0.2651309418325454,-0.8542623839561019,36.63206691151,37.23702632704594,36.97907299190368,14.0,20.0,35.0,-23.5,0.0,0.0,0.0,0.0,0.0,0.0,0.0,0.0,0.0,0.0
2026-06-09 08:20:14,-1.0116750355650745,-1.9528817345804825,-2.6137244522554037,1.8588872104958511,1.229001713860292,-1.249020701578653,2.668627160361387,-0.20870484162545644,36.75968700362082,36.83293252977506,37.09024597810817,14.0,20.0,35.0,118.8,0.0,0.0,0.0,0.0,0.0,0.0,0.0,0.0,0.0,0.0
2026-06-09 08:20:15,-1.7039385080424236,-0.2403841170538481,-0.40899056691166535,2.9578455846730254,1.404614147850518,1.8185412789852728,-0.9913505104546108,0.344787542128568,36.63867418019078,37.206851351068146,36.8550531104505,14.0,20.0,35.0,17.2,0.0,0.0,0.0,0.0,0.0,0.0,0.0,0.0,0.0,0.0
2026-06-09 08:20:16,2.2458626459975877,-2.205258422555618,-0.2526926391387505,-0.5239309528611873,1.163147638223208,-1.1822272048467763,0.3450527059739872,-2.3151178526357485,36.8832313934843,37.34322354245994,36.82589768688271,14.0,20.0,35.0,63.1,0.0,0.0,0.0,0.0,0.0,0.0,0.0,0.0,0.0,0.0
2026-06-09 08:20:18,-2.418101500828124,1.372765741795761,2.5451132808872297,1.5392222775038347,-0.18038018996248306,1.535320372258016,-0.1962736898593196,-2.7573958758127084,36.91497047132481,37.10413384904845,37.275421723098646,14.0,20.0,35.0,-100,0.0,0.0,0.0,0.0,0.0,0.0,0.0,0.0,0.0,0.0
2026-06-09 08:20:19,0.7151925986604768,2.318002330138709,-0.4882502533865365,0.739244314030401,-1.8577452291761356,0.17328473493362262,0.7336764038667258,-2.9426171226910833,36.86903544518761,36.82306206660661,37.053300338356685,14.0,20.0,35.0,-46.9,0.0,0.0,0.0,0.0,0.0,0.0,0.0,0.0,0.0,0.0
2026-06-09 08:20:20,-0.8055829448974734,2.0936510493433644,1.4227063190363616,1.4963360082481927,1.2569608734389899,-0.07542209072489303,0.963769087212937,-1.1394117343567234,36.66759154983028,37.00780755444701,36.90100959059241,14.0,20.0,35.0,-90.5,0.0,0.0,0.0,0.0,0.0,0.0,0.0,0.0,0.0,0.0
2026-06-09 08:20:21,-0.09887609659978214,-1.2517228127156126,-2.582989369423969,0.5942670697967056,1.9557885882847241,-1.8077393969373452,-2.4353231742773884,1.6557866031860788,37.080305955167184,37.16319503965625,37.263605511418326,14.0,20.0,35.0,97.0,0.0,0.0,0.0,0.0,0.0,0.0,0.0,0.0,0.0,0.0
2026-06-09 08:20:22,1.6347298974488504,-0.4944346681308729,-2.4474070261675713,1.6665814713182492,1.639381156217965,-2.5796386500731923,-2.94551879683526,-0.2641369416266812,36.73161418159801,37.3284519660298,36.927439271350615,14.0,20.0,35.0,73.3,0.0,0.0,0.0,0.0,0.0,0.0,0.0,0.0,0.0,0.0
2026-06-09 08:20:23,0.28185081652863175,0.4306667269482878,-2.6411540990569193,-0.8216605597198283,0.10399242886577698,-2.77905700692373,-1.65320170716301,1.8815292467030051,36.85883025291209,37.215042922758045,36.814909041875715,14.0,20.0,35.0,54.9,0.0,0.0,0.0,0.0,0.0,0.0,0.0,0.0,0.0,0.0
2026-06-09 08:20:24,0.9466499212804687,2.188018809616958,-1.6766557075109987,-2.084633334619098,-0.7721233762328743,0.027094154920941804,2.258864092493292,-2.711457997822519,36.86776750549101,37.35560939716612,36.732346706222444,14.0,20.0,35.0,-12.1,0.0,0.0,0.0,0.0,0.0,0.0,0.0,0.0,0.0,0.0
2026-06-09 08:20:25,-2.49217791043923,2.2312266356109998,1.9218773704401997,-0.4348337527774504,0.893050898159879,0.9860800466957782,-2.235237534572187,2.6940087461859443,37.07400642649578,36.8037779948984,36.85723095982554,14.0,20.0,35.0,-100,0.0,0.0,0.0,0.0,0.0,0.0,0.0,0.0,0.0,0.0
2026-06-09 08:20:26,1.320502398282998,0.28860775503108194,-1.631427293138305,-2.2227419069635084,2.8394964477041515,-2.3257481134411346,-1.3622254341224773,2.317455128316766,36.525750536013724,37.20592947781718,37.08945588618567,14.0,20.0,35.0,32.9,0.0,0.0,0.0,0.0,0.0,0.0,0.0,0.0,0.0,0.0
2026-06-09 08:20:27,-0.4820708565748637,-1.8767075311524022,1.2659877974301335,2.339134251721126,1.7510649609758788,-1.4449037984644677,1.3226205351027396,-2.898646022218327,37.04215832473477,37.331863609022875,37.053120057287494,14.0,20.0,35.0,15.7,0.0,0.0,0.0,0.0,0.0,0.0,0.0,0.0,0.0,0.0
2026-06-09 08:20:28,1.3826755529838923,-0.9367862429193394,-0.8478932854561467,-1.1369481084318729,-2.380275797030901,0.9750969635710538,1.8080720580469265,1.739241429736472,36.501836662890824,37.01770821073178,37.10536308055366,14.0,20.0,35.0,47.5,0.0,0.0,0.0,0.0,0.0,0.0,0.0,0.0,0.0,0.0
2026-06-09 08:20:29,-1.0244322606154268,1.7547871768998258,-2.6258983170609764,-0.5615305667934525,0.6435781410945163,2.0575177223743886,1.1370347900069975,2.475152425270384,36.64544864629367,36.84901766031196,36.870980122011254,14.0,20.0,35.0,24.1,0.0,0.0,0.0,0.0,0.0,0.0,0.0,0.0,0.0,0.0
2026-06-09 08:20:31,-1.0146761896224152,0.7384170252216711,2.801831454575,1.3186038323329834,2.5658143585059925,-0.18826772030760797,0.3316491842903835,-1.1068005620350765,36.99548932192475,36.92974424088806,36.82021078441983,14.0,20.0,35.0,-91.5,0.0,0.0,0.0,0.0,0.0,0.0,0.0,0.0,0.0,0.0
2026-06-09 08:20:32,0.12403340164855958,0.012699706744675687,-1.9516419011679536,-2.067099977480949,1.653189299431208,-0.46858666326087395,0.6099698035338283,0.4405126565204118,36.96353593507229,37.108700312146006,37.077264091052456,14.0,20.0,35.0,50.2,0.0,0.0,0.0,0.0,0.0,0.0,0.0,0.0,0.0,0.0
2026-06-09 08:20:34,1.6303354254123121,0.13072621531364215,1.6448610503076084,2.0619284867407144,1.362010146556499,-0.7794741313013134,2.821371296806011,2.909860442232561,36.596672090279576,37.272786785810005,36.80453721262062,14.0,20.0,35.0,-44.9,0.0,0.0,0.0,0.0,0.0,0.0,0.0,0.0,0.0,0.0
2026-06-09 08:20:35,-0.5401232598232726,-1.0164819720663574,2.044845694854364,0.6939078493700301,-2.4257777265923823,2.652123255492868,-0.5456856158792762,-2.8958647926062198,36.74107020531172,37.00330602647136,36.9950211735023,14.0,20.0,35.0,-25.5,0.0,0.0,0.0,0.0,0.0,0.0,0.0,0.0,0.0,0.0
2026-06-09 08:20:36,1.9414813459780351,-0.921830098273734,0.005340569637868775,-2.394910072119655,1.82973905802357,-0.7173785021485499,1.3484453352437313,-2.9129432477233514,37.08996676433913,37.16469763978674,36.92970631858936,14.0,20.0,35.0,24.0,0.0,0.0,0.0,0.0,0.0,0.0,0.0,0.0,0.0,0.0
2026-06-09 08:20:37,-2.899813056007959,1.6664194076276377,-1.9761143831445163,-1.4248351092567468,-2.661471447121876,-1.8835442923194172,-1.2214005193571833,1.6393902419564004,36.50476834128659,36.893539516492666,36.92865000026277,14.0,20.0,35.0,6.5,0.0,0.0,0.0,0.0,0.0,0.0,0.0,0.0,0.0,0.0
2026-06-09 08:20:39,2.3824215196509835,2.51043250789038,0.04332430891655292,2.78709494427377,-1.0996552601426566,2.9267121651735124,2.1363827108495705,1.6943480359863612,36.55159235214245,37.337682829459226,36.70990326024951,14.0,20.0,35.0,-63.5,0.0,0.0,0.0,0.0,0.0,0.0,0.0,0.0,0.0,0.0
2026-06-09 08:20:40,-2.9293066225529687,-0.5132350748439234,-1.222397553586598,2.055182760190208,-2.712280958858281,-1.9010904824051242,-1.5795572940562885,1.6747934075419906,36.9558804079551,37.101841290082,37.24575479054604,14.0,20.0,35.0,43.1,0.0,0.0,0.0,0.0,0.0,0.0,0.0,0.0,0.0,0.0
2026-06-09 08:20:41,-1.8073574739047902,2.2150684156003635,-1.1773824643761692,-2.3427773882453016,2.639719628929032,-0.22134734138391643,2.563318272420582,0.9197487483264046,36.70046845245775,36.981802012778886,36.9202409899459,14.0,20.0,35.0,-25.7,0.0,0.0,0.0,0.0,0.0,0.0,0.0,0.0,0.0,0.0
2026-06-09 08:20:43,2.6521143688305937,1.6439096374510092,2.536516032666901,-2.3246222849402427,-0.9010213168193011,-2.7144163474452916,-2.7777261905761472,2.4399554793489395,36.81216194345531,36.91996955064162,36.85057391494749,14.0,20.0,35.0,-100,0.0,0.0,0.0,0.0,0.0,0.0,0.0,0.0,0.0,0.0
2026-06-09 08:20:44,-0.3812391876032577,1.7797748134088325,0.6771604463880849,-0.09547979593158251,2.5016389308834395,-0.3906534493149203,-1.3571009171370614,-1.9800178634233796,36.609282598575085,37.08690742182772,36.79809391752904,14.0,20.0,35.0,-64.4,0.0,0.0,0.0,0.0,0.0,0.0,0.0,0.0,0.0,0.0
2026-06-09 08:20:45,2.91542696780433,1.2512136465943104,1.1272056643234531,2.2032613159121457,-2.825089701812355,2.2707170238904766,-0.7818334141747378,-1.7210202171275777,37.093342146069155,36.904608435645336,36.94647204617018,14.0,20.0,35.0,-60.8,0.0,0.0,0.0,0.0,0.0,0.0,0.0,0.0,0.0,0.0
2026-06-09 08:20:47,0.8283882978990222,-2.4274309813299153,-1.843524249613027,-0.05984096104967085,-0.05080631033789862,-2.454185979852097,-1.1544727273078368,0.7097899301368344,36.506285429290465,37.23634887167133,36.97350894770452,14.0,20.0,35.0,108.6,0.0,0.0,0.0,0.0,0.0,0.0,0.0,0.0,0.0,0.0
2026-06-09 08:20:48,-1.3406219698139896,2.3960674787291714,-1.0271142733478977,-2.848618132804982,1.627029801496171,1.9174370286523352,-2.510549261737115,-2.579164966694437,36.96194090424009,36.88607206257644,36.906211997823384,14.0,20.0,35.0,-35.7,0.0,0.0,0.0,0.0,0.0,0.0,0.0,0.0,0.0,0.0
2026-06-09 08:20:49,0.6118350445142129,0.0076531807154687215,1.7995509983300462,-0.6641861544106549,-2.4409744851170503,2.026595394319413,0.6619808183703504,-2.396255326064865,36.739415597682296,37.286614825090176,37.26461003316649,14.0,20.0,35.0,-45.4,0.0,0.0,0.0,0.0,0.0,0.0,0.0,0.0,0.0,0.0
2026-06-09 08:20:50,1.043940578287355,2.11844836295922,-0.15630019551450003,1.549295945700175,-2.8166972494134512,2.401149691302395,-0.28448589521247936,0.4462442148992154,36.747728264956656,37.319934471556586,36.778516201023066,14.0,20.0,35.0,-49.7,0.0,0.0,0.0,0.0,0.0,0.0,0.0,0.0,0.0,0.0
2026-06-09 08:20:51,-1.3702758784176068,-0.6748903664872814,2.0945088084203256,-1.9640688512412845,-1.092025049266863,0.9668097749550935,0.49449258861286616,-1.2454844824096347,36.69101561424053,36.827790640393246,37.227679187045254,14.0,20.0,35.0,-36.0,0.0,0.0,0.0,0.0,0.0,0.0,0.0,0.0,0.0,0.0
2026-06-09 08:20:52,-2.02756325966003,2.4357287574570714,-2.1829343414905233,1.8744472743937441,1.7570563307878837,-2.106632958850879,2.564016537146851,-0.4196558945407163,36.982292219593425,37.27973969384307,37.1312379703589,14.0,20.0,35.0,-6.3,0.0,0.0,0.0,0.0,0.0,0.0,0.0,0.0,0.0,0.0
2026-06-09 08:20:54,0.6773081396409832,1.654103716943367,0.012373125631583992,2.8901986080937254,-2.2975489787848073,-0.29138198962814954,-1.9540481136663703,2.6280796502757697,36.56308105335207,37.162326752177734,36.735042353788444,14.0,20.0,35.0,-44.2,0.0,0.0,0.0,0.0,0.0,0.0,0.0,0.0,0.0,0.0
2026-06-09 08:20:55,2.5874846303913017,-0.07250499273887501,-2.6771235902125423,2.41161232066667,1.1798204684815925,-0.017863312130614872,-2.456324122624724,0.288536697253317,36.6467419687353,37.03916073976276,36.78939882691966,14.0,20.0,35.0,69.9,0.0,0.0,0.0,0.0,0.0,0.0,0.0,0.0,0.0,0.0
2026-06-09 08:20:56,-2.5840240806020036,-0.38237278817455866,2.103048593605372,2.262527869506668,-2.0163847525457426,-2.058719895686215,-0.35040269758713105,-1.9733934235294137,36.63927760801785,36.810445205942344,37.026591148113454,14.0,20.0,35.0,-45.7,0.0,0.0,0.0,0.0,0.0,0.0,0.0,0.0,0.0,0.0
2026-06-09 08:20:58,0.9873698586737474,-0.2898061328603463,0.5980903594594045,2.9463211744351856,0.8669121805578408,1.1563309399663986,-2.8933016879735893,2.0345460846367756,36.94887192272014,37.291786521309525,36.785549483363,14.0,20.0,35.0,-8.8,0.0,0.0,0.0,0.0,0.0,0.0,0.0,0.0,0.0,0.0
2026-06-09 08:20:59,0.5193123701872278,-1.4808175850933163,2.1004993390895095,1.5710433511084352,0.17648719993395545,-2.959939778756338,-1.9281123972872283,-0.16592560847264792,36.52927863370555,37.034228442181586,37.01830409578385,14.0,20.0,35.0,-18.5,0.0,0.0,0.0,0.0,0.0,0.0,0.0,0.0,0.0,0.0
2026-06-09 08:21:00,1.7606438517763419,-1.2558799683695745,-1.3221488746657934,2.7577602872627596,-0.4065394522674204,1.579492480272548,1.9568489440795203,-2.2034610806609987,37.043655167953965,37.29702147224173,37.09274359613491,14.0,20.0,35.0,68.4,0.0,0.0,0.0,0.0,0.0,0.0,0.0,0.0,0.0,0.0
2026-06-09 08:21:01,0.8515702638696245,0.7861299876617984,1.8519831168181904,-2.543104697806856,-0.3868079466751029,-2.7115874863634453,-1.611423594298819,-0.20148164877253105,36.68988428998675,37.058483753981776,36.974380129647855,14.0,20.0,35.0,-70.4,0.0,0.0,0.0,0.0,0.0,0.0,0.0,0.0,0.0,0.0
2026-06-09 08:21:02,-2.865079522262721,0.4283236417147407,-0.01608710847070327,-1.4130796758789828,-0.7076962919932197,-1.05757993306386,-1.218819588441655,-0.608640020388636,36.82007660131187,36.931462022641696,37.16925859364089,14.0,20.0,35.0,-11.8,0.0,0.0,0.0,0.0,0.0,0.0,0.0,0.0,0.0,0.0
2026-06-09 08:21:04,0.5418206628806139,-0.9495547198804335,-2.8952231070603816,2.238975173578992,2.8973667960541123,-2.4446281146288036,1.3402556279129945,-1.1030082018063792,36.66949125581766,37.15024428004866,36.97248240506661,14.0,20.0,35.0,98.9,0.0,0.0,0.0,0.0,0.0,0.0,0.0,0.0,0.0,0.0
2026-06-09 08:21:05,-2.6731768338065724,-1.126738036687812,1.4956068709031953,-2.018048645377167,-0.08705140255970267,0.04718337289216468,-1.099841251031247,-1.4965069732049612,36.68829524070341,37.184838175324586,37.208837990781156,14.0,20.0,35.0,-10.1,0.0,0.0,0.0,0.0,0.0,0.0,0.0,0.0,0.0,0.0
2026-06-09 08:21:06,0.36612823110245474,0.6799307781930155,-0.8370426042141554,1.5754987539915994,-1.71375012835178,-2.4743905875576706,-0.060199279472924694,0.5518855438790515,36.65011508895404,37.12115163140167,37.14288594959672,14.0,20.0,35.0,2.8,0.0,0.0,0.0,0.0,0.0,0.0,0.0,0.0,0.0,0.0
2026-06-09 08:21:07,-2.0085351432255374,2.7888139369215352,2.471496227638287,-0.15048627213967025,-1.190180131698746,0.20566205952368932,1.4264965444861541,1.568181713524937,36.58527180726216,37.24942906981228,37.165542967723624,14.0,20.0,35.0,-100,0.0,0.0,0.0,0.0,0.0,0.0,0.0,0.0,0.0,0.0
2026-06-09 08:21:09,-2.845206874852045,2.6071248107325866,-0.6939989632621453,0.09067607710152359,-1.103214682548999,0.43766893706421284,-1.6174560003162985,-1.7836884639136712,36.62493255125517,36.81857818274377,37.04864106400134,14.0,20.0,35.0,-50.1,0.0,0.0,0.0,0.0,0.0,0.0,0.0,0.0,0.0,0.0
2026-06-09 08:21:10,2.2138701524697835,-0.545546077207324,-1.0551278412477296,2.039718655202914,-1.8453818336143362,-2.063292461747779,1.0929436625656672,2.0116270596861296,36.753958455349505,36.92689571040247,36.89686203628171,14.0,20.0,35.0,40.9,0.0,0.0,0.0,0.0,0.0,0.0,0.0,0.0,0.0,0.0
2026-06-09 08:21:11,-1.437649941245398,-2.9939926004025326,2.2773320177494174,-1.0990488379391097,-1.2564812541515367,-1.701237949904073,-2.178852850597223,1.4975763579521182,36.86983148686055,37.14555194008114,37.19743680572151,14.0,20.0,35.0,16.6,0.0,0.0,0.0,0.0,0.0,0.0,0.0,0.0,0.0,0.0
2026-06-09 08:21:12,-0.2494787241587053,-1.9961317051131635,-0.6587887975881532,2.2462468880680992,1.6787088511173618,0.8988538485027777,-2.2122845952676444,0.07229141609336232,36.82641514276088,37.005846882766136,37.086184954651095,14.0,20.0,35.0,68.0,0.0,0.0,0.0,0.0,0.0,0.0,0.0,0.0,0.0,0.0
2026-06-09 08:21:14,1.617832186033361,-2.6982526249885255,0.3058270094915896,-1.0976827012937929,-0.3537021594285372,-2.1023350542502452,1.3021207006334388,0.39055711978549246,36.55466065999233,36.9412118572589,37.24165796546918,14.0,20.0,35.0,61.5,0.0,0.0,0.0,0.0,0.0,0.0,0.0,0.0,0.0,0.0
2026-06-09 08:21:15,0.788063617527146,-1.5114635776226806,2.0383765439617525,-2.3991039113913484,0.961569468178868,-1.196780469086369,-0.18837516044870606,-1.128333313809598,36.63810085396647,37.03370994546163,36.96338333390729,14.0,20.0,35.0,-14.3,0.0,0.0,0.0,0.0,0.0,0.0,0.0,0.0,0.0,0.0
2026-06-09 08:21:16,1.4285659959611792,-0.6081272778077631,-0.8390253679624573,0.5476501402652039,-0.8118580948303151,2.5696793243795133,0.8604262217150094,1.6921607123503737,36.67219621580814,37.19996801896628,36.934606327326755,14.0,20.0,35.0,39.1,0.0,0.0,0.0,0.0,0.0,0.0,0.0,0.0,0.0,0.0
2026-06-09 08:21:17,-1.1165141371783303,-1.5243950272477973,0.8058707225887538,2.9217682223062083,-1.6717438247128271,-1.3611563985780217,-2.3460823648308793,-0.31946629515942426,37.06297006310974,37.039774738347326,36.74180504333615,14.0,20.0,35.0,16.7,0.0,0.0,0.0,0.0,0.0,0.0,0.0,0.0,0.0,0.0
2026-06-09 08:21:18,1.9576783491507666,0.5722543143658818,-2.1388604609005686,2.466803187532232,1.6898773415376427,-1.0457732516319556,2.6990838804904245,2.221152307794177,36.51444960371878,37.22114178115168,36.728140381077516,14.0,20.0,35.0,41.3,0.0,0.0,0.0,0.0,0.0,0.0,0.0,0.0,0.0,0.0
2026-06-09 08:21:20,-2.897057055817628,0.9510075612209032,2.2453761086434465,1.4737099439925077,-1.1805116647866818,-0.523939986002655,1.1682519059684289,1.3071895144688606,36.99949794386321,37.10318095215252,36.82660251659329,14.0,20.0,35.0,-82.3,0.0,0.0,0.0,0.0,0.0,0.0,0.0,0.0,0.0,0.0
2026-06-09 08:21:21,1.9377758951600077,0.9526937514833635,0.19137783938779762,-1.267596531869331,-0.21407181255120067,2.596274335932655,-0.7812531812839314,-2.5248059069992737,36.847688596827254,37.00687755336258,36.76248844957771,14.0,20.0,35.0,-28.7,0.0,0.0,0.0,0.0,0.0,0.0,0.0,0.0,0.0,0.0
2026-06-09 08:21:22,-1.2213543820246116,-2.503510107190075,1.8665504338154992,2.2627458529763915,0.08377185334861803,0.39713001142359916,-0.5253033539211622,-2.912899222861806,36.879128571188886,37.02957540462983,37.264586727856326,14.0,20.0,35.0,16.4,0.0,0.0,0.0,0.0,0.0,0.0,0.0,0.0,0.0,0.0
2026-06-09 08:21:23,-0.7541243361915435,1.553589909960273,-1.775362883660765,2.6446241403033275,0.3290571969821494,2.557976143865135,1.247059382111086,0.2286388857651085,36.561404316455175,37.018447026294346,37.27160980678682,14.0,20.0,35.0,7.6,0.0,0.0,0.0,0.0,0.0,0.0,0.0,0.0,0.0,0.0
2026-06-09 08:21:24,-0.6043986420885838,0.26064165562401165,-0.5595510642946331,-0.007938795897592499,1.130242793795193,-1.7854598404715338,-0.021036544887774955,1.9142476538336037,36.626215827904744,37.09880994929773,36.72730660836335,14.0,20.0,35.0,6.8,0.0,0.0,0.0,0.0,0.0,0.0,0.0,0.0,0.0,0.0
2026-06-09 08:21:25,-2.344749907011013,-2.2919174520299253,0.6336323699150164,-0.07325509114019102,-0.5099911195877338,-2.479542216523284,-1.1419383616672696,-2.245758821601174,37.00275677067151,36.854784511877774,36.76472525486931,14.0,20.0,35.0,41.1,0.0,0.0,0.0,0.0,0.0,0.0,0.0,0.0,0.0,0.0
2026-06-09 08:21:26,-0.4855747962237831,-1.883569500793845,-1.601532400895113,2.4085470389680346,0.9922681050751203,-2.5047919852374134,-2.774420972432694,-0.6364069100790708,36.91511011000453,37.36426683393117,36.77848518612763,14.0,20.0,35.0,87.5,0.0,0.0,0.0,0.0,0.0,0.0,0.0,0.0,0.0,0.0
2026-06-09 08:21:27,-2.559680487705494,-2.1916495047520863,2.308545378358664,2.714395930095802,-1.115572686045774,-0.4718219927723162,0.44562797940614196,1.2678195379399906,36.818117017309085,37.37662395587703,36.71236658204048,14.0,20.0,35.0,-3.0,0.0,0.0,0.0,0.0,0.0,0.0,0.0,0.0,0.0,0.0
2026-06-09 08:21:28,-0.8760888415866761,2.6095417536249457,-1.964827776936601,-2.907886887385759,-1.951101759170684,-2.3466035756017805,0.8172376683295068,0.0005045140783987989,36.70229675057058,37.38682831712625,36.81591794338013,14.0,20.0,35.0,-17.4,0.0,0.0,0.0,0.0,0.0,0.0,0.0,0.0,0.0,0.0
2026-06-09 08:21:29,0.9707568755162566,0.12100753593364377,-2.2400397537103354,2.3033793113085794,2.3119872302048528,-2.707067494242982,-2.2581166922240894,-0.32549200431021763,36.98940989701301,37.35500310852866,36.91453326365279,14.0,20.0,35.0,52.3,0.0,0.0,0.0,0.0,0.0,0.0,0.0,0.0,0.0,0.0
2026-06-09 08:21:30,-0.9921506569589766,2.0841009968442403,-2.981002502531875,-0.49978923468051306,0.4250548471621438,-2.669284810513635,1.9858540874539123,0.6368187717137985,36.539033504572046,37.09622023800216,36.73023140259724,14.0,20.0,35.0,22.8,0.0,0.0,0.0,0.0,0.0,0.0,0.0,0.0,0.0,0.0
2026-06-09 08:21:31,-1.8128613096243202,-2.6100010530529665,2.62713494634656,-2.0764528438532466,0.25654854246459724,0.1864046613512853,2.9222488560679096,-2.5799694655920256,36.78230908027647,37.11957256857862,36.85755047119462,14.0,20.0,35.0,1.1,0.0,0.0,0.0,0.0,0.0,0.0,0.0,0.0,0.0,0.0
2026-06-09 08:21:32,0.7419365000407314,-2.9117783722312227,-2.059430279234137,1.3079696883261054,2.434518792988693,-1.257887292764439,-0.02867823018484117,0.40591803175250263,36.5171821453444,36.950303356069924,36.70693216272863,14.0,20.0,35.0,127.9,0.0,0.0,0.0,0.0,0.0,0.0,0.0,0.0,0.0,0.0
2026-06-09 08:21:33,-0.1371072590957194,1.2456946957377077,0.16799496290736737,1.2051606209761987,1.3960787320160728,1.986376402470988,2.476698038055048,-1.616911375170871,36.95506136093801,37.38782516639512,37.13960994811382,14.0,20.0,35.0,-34.3,0.0,0.0,0.0,0.0,0.0,0.0,0.0,0.0,0.0,0.0
2026-06-09 08:21:34,-0.685607763379493,0.764177924320057,-2.4689120904862674,0.4050700889177907,2.595055792546697,2.6699075632119786,1.3146352551415221,1.4428083751265524,36.97436976723369,36.88901948869816,37.039385848371566,14.0,20.0,35.0,46.1,0.0,0.0,0.0,0.0,0.0,0.0,0.0,0.0,0.0,0.0
2026-06-09 08:21:35,-0.1839735273322538,0.8054173912841174,-1.0203716388345827,-0.5330045306943663,2.5267090556170446,-2.1048006997254634,1.032299541620068,-2.511901399031686,36.91880055332452,37.15080171208403,37.125570769117026,14.0,20.0,35.0,5.0,0.0,0.0,0.0,0.0,0.0,0.0,0.0,0.0,0.0,0.0
2026-06-09 08:21:36,-1.0803982911729444,-1.6622246535748324,-0.3364630816559888,-1.6658718516758322,-0.9775384964601099,-1.1049362872895634,0.214659702322602,1.1985722496628002,36.970619913361574,37.117154213411006,36.94960901775377,14.0,20.0,35.0,51.2,0.0,0.0,0.0,0.0,0.0,0.0,0.0,0.0,0.0,0.0
2026-06-09 08:21:37,-1.238717243557596,1.3629304278839953,2.7939659663219567,-2.0794835968286223,2.4733286122548357,-1.3198684046206757,1.4326368897198325,2.349356324208144,36.60269013119107,37.31530148172355,37.19012107004224,14.0,20.0,35.0,-100,0.0,0.0,0.0,0.0,0.0,0.0,0.0,0.0,0.0,0.0
2026-06-09 08:21:38,-0.058988147455149686,-0.9878755470784384,-0.6792761522613704,2.212656423834301,-1.49008420823601,-2.921747471462971,-1.433201180578525,2.2733520337352227,36.788466826580965,37.05059421621623,36.74625724232024,14.0,20.0,35.0,40.9,0.0,0.0,0.0,0.0,0.0,0.0,0.0,0.0,0.0,0.0
2026-06-09 08:21:39,0.5582093551767584,-1.9314896036399982,1.6954233715017573,0.2546647949630989,-2.1753723274685113,-0.9661364278880908,0.9824015742583896,-1.5404462374218495,36.78173360001536,36.88645897292984,36.829746590375336,14.0,20.0,35.0,6.1,0.0,0.0,0.0,0.0,0.0,0.0,0.0,0.0,0.0,0.0
2026-06-09 08:21:41,-0.6352042856113345,0.01667139616322011,2.1973350681439765,-2.135430227958242,1.4572298697231725,-0.38717647510153874,-0.5757007976970003,0.6081612419752256,37.03954200274372,37.30120695269039,36.87502241948546,14.0,20.0,35.0,-57.7,0.0,0.0,0.0,0.0,0.0,0.0,0.0,0.0,0.0,0.0
2026-06-09 08:21:42,-0.7884168824879376,2.784550282256504,-0.1470300512507876,-1.5386271189262164,0.8339828681764243,-1.1748009834251012,-2.728425549203174,2.3088183019526625,36.76533463067348,37.12134415103352,37.03981516540897,14.0,20.0,35.0,-70.2,0.0,0.0,0.0,0.0,0.0,0.0,0.0,0.0,0.0,0.0
2026-06-09 08:21:43,-0.5787522418886475,1.4062161292667508,2.9006959423261947,1.9681249201177122,1.5848903433920265,-2.822110470925427,0.09246041035687824,1.2825333932461183,36.989335074385764,37.06857153123025,36.93324457409591,14.0,20.0,35.0,-100,0.0,0.0,0.0,0.0,0.0,0.0,0.0,0.0,0.0,0.0
2026-06-09 08:21:44,1.3851209069766517,0.1201723628933089,1.681461374870751,2.7861257611551977,1.2228923647621244,2.035603650228147,-2.2014479283959867,-0.9621974239786146,36.873526223401335,37.095226886421244,36.77584646624949,14.0,20.0,35.0,-46.7,0.0,0.0,0.0,0.0,0.0,0.0,0.0,0.0,0.0,0.0
2026-06-09 08:21:46,-0.6189297811356251,0.9769307832496255,2.4549667429713455,-1.7234962012630164,-1.1906110323492969,-1.013105393213277,1.835863381541051,-0.0477564822587242,36.51891183126742,36.83120866256119,36.873929490002666,14.0,20.0,35.0,-88.3,0.0,0.0,0.0,0.0,0.0,0.0,0.0,0.0,0.0,0.0
2026-06-09 08:21:47,-0.586516247827026,-2.3478568383340113,-0.5092612273378583,-2.630133610888996,2.1710597139375674,-0.6199590914058382,-0.8920651835396636,0.4503429024966543,36.773674582617154,37.275611928688285,36.95809500905855,14.0,20.0,35.0,73.1,0.0,0.0,0.0,0.0,0.0,0.0,0.0,0.0,0.0,0.0
2026-06-09 08:21:49,-2.8559816314144846,2.7028098225436903,-2.6301338563957484,0.0312970602565259,-1.6885375170400678,-2.638410379074534,-1.9505258051925671,-0.17908262307262568,36.6995623016493,37.122593035822874,36.97686880871786,14.0,20.0,35.0,-4.2,0.0,0.0,0.0,0.0,0.0,0.0,0.0,0.0,0.0,0.0
2026-06-09 08:21:50,-1.7875996816208959,0.018976439925618482,1.127553704627024,1.8616708112210478,0.5129935890269914,-0.0033910016365399365,-2.328235858039726,-1.9229124314319899,36.88858056719287,36.95161177039868,36.835154484700375,14.0,20.0,35.0,-30.8,0.0,0.0,0.0,0.0,0.0,0.0,0.0,0.0,0.0,0.0
2026-06-09 08:21:51,1.4418388795416588,-1.0493959227833154,0.004753783573267167,-2.0119478040129026,-2.392962208835409,2.8627890709431334,2.3047737723409227,-2.3657574891009414,37.0654365975394,36.941349847363256,36.7998660937429,14.0,20.0,35.0,29.6,0.0,0.0,0.0,0.0,0.0,0.0,0.0,0.0,0.0,0.0
2026-06-09 08:21:52,0.19998203248770707,1.7177559221614827,0.6961492379459551,-2.4292014894498424,0.711621917008805,-0.6183372225531221,-2.6744392270867863,-1.0130091742328997,36.76796757130255,37.23561220540966,36.948964204373134,14.0,20.0,35.0,-64.1,0.0,0.0,0.0,0.0,0.0,0.0,0.0,0.0,0.0,0.0
2026-06-09 08:21:53,2.5082978584723588,-2.2316850965105295,-1.6048372838482186,2.575681911232653,2.492768980764338,2.7181293435529845,-1.9997820319408104,0.5233308546168338,36.57266516859924,37.25817916414985,37.07786354443096,14.0,20.0,35.0,99.6,0.0,0.0,0.0,0.0,0.0,0.0,0.0,0.0,0.0,0.0
2026-06-09 08:21:54,-1.0914138494660723,-0.6240312208733636,2.4515955205349407,-0.6656676108628874,-2.3583476378435115,-1.5676003682984636,-1.8010963168024092,2.2462904886299846,36.594427199192936,37.16672972103189,37.01054433802497,14.0,20.0,35.0,-48.9,0.0,0.0,0.0,0.0,0.0,0.0,0.0,0.0,0.0,0.0
2026-06-09 08:21:55,-0.1939733802000143,-1.473235172894855,1.6083794392450086,1.7403345544013682,-1.1526676109748497,0.7751586902066245,2.284507376381188,-2.8513278212958406,36.7607581413746,36.87796318656628,36.85770522293581,14.0,20.0,35.0,-2.0,0.0,0.0,0.0,0.0,0.0,0.0,0.0,0.0,0.0,0.0
2026-06-09 08:21:57,2.3315236603130076,-1.8343101992753534,-0.48876630576361535,-0.9360792965112292,0.4379118486725302,1.6416097014178144,1.614948479144445,1.7406716246867155,36.75575254868015,36.98775994341283,37.271425885536765,14.0,20.0,35.0,61.7,0.0,0.0,0.0,0.0,0.0,0.0,0.0,0.0,0.0,0.0
2026-06-09 08:21:58,-1.3650949372654766,-1.1725116557048374,-0.46106796838869846,0.6973471619622407,0.39921088355197965,-1.9103090188654333,-2.8460257583868103,-2.373618758939848,36.96227260459116,36.81554184179383,37.099439504344815,14.0,20.0,35.0,39.9,0.0,0.0,0.0,0.0,0.0,0.0,0.0,0.0,0.0,0.0
2026-06-09 08:21:59,-2.1130938811409905,0.7650002901394228,1.2055968597497095,0.9686857274645231,1.6405727148631497,-1.4376050545217693,-2.599366647483647,0.3329274978551582,36.691609034121115,36.98700015872916,36.85927971605959,14.0,20.0,35.0,-53.0,0.0,0.0,0.0,0.0,0.0,0.0,0.0,0.0,0.0,0.0
2026-06-09 08:22:01,-1.4281907316469709,-1.377941501141171,2.8588465487956904,-1.0505735556814293,1.4137813621191677,-2.9075372020817998,-1.6945027784162756,1.2120708188654392,36.71449356076495,37.25253062335879,37.09252832578411,14.0,20.0,35.0,-40.6,0.0,0.0,0.0,0.0,0.0,0.0,0.0,0.0,0.0,0.0
2026-06-09 08:22:02,0.19673305951424958,-0.05120669312942194,-1.0685128873922776,2.9862538148097117,-0.18165033173631073,2.9655515687398495,-0.9389198753085699,0.4277924694572288,37.054792953904865,37.283383332703856,37.13156199110131,14.0,20.0,35.0,30.0,0.0,0.0,0.0,0.0,0.0,0.0,0.0,0.0,0.0,0.0
2026-06-09 08:22:03,-0.8550493219611432,0.9597113948885023,2.065492377714377,-1.4978256295236796,-0.8613460301597966,0.003263681417519315,1.6218681785547702,2.2749647915395617,36.69715382906046,37.011389941125,36.794366912139516,14.0,20.0,35.0,-77.4,0.0,0.0,0.0,0.0,0.0,0.0,0.0,0.0,0.0,0.0
2026-06-09 08:22:04,-1.7561835540733626,2.479463027246263,0.5874379969363726,1.592782419208711,2.0077551258799193,-1.8588439895575217,-1.8077750569777424,-2.3473141342402704,36.809059609825766,37.028065087015214,36.90466007278395,14.0,20.0,35.0,-81.1,0.0,0.0,0.0,0.0,0.0,0.0,0.0,0.0,0.0,0.0
2026-06-09 08:22:05,-2.836049659383538,-0.35720776483111205,0.816389427588196,0.794120975885706,1.5799884614998163,-2.5022219527819294,1.1313532820028884,0.8139847788062351,36.599601518392156,37.012287774907364,36.968906443874914,14.0,20.0,35.0,-12.6,0.0,0.0,0.0,0.0,0.0,0.0,0.0,0.0,0.0,0.0
2026-06-09 08:22:06,-2.0821801285739365,2.2962072143618117,0.7461622019666145,-0.922400025971442,2.152526984910124,-0.38217775747617555,0.44478177035550015,-0.41927570213159715,36.83303042215189,37.16660447651718,36.82924557628805,14.0,20.0,35.0,-78.6,0.0,0.0,0.0,0.0,0.0,0.0,0.0,0.0,0.0,0.0
2026-06-09 08:22:07,-2.158104468193057,1.8526708248332104,0.9662691361064795,-1.2673534530527024,-1.3955352624307096,0.42237495674080794,1.4241679653831438,-2.342996756276844,36.974799621342875,37.32938052987204,36.752388086628216,14.0,20.0,35.0,-72.0,0.0,0.0,0.0,0.0,0.0,0.0,0.0,0.0,0.0,0.0
2026-06-09 08:22:08,2.978307692281022,0.5386842963878626,-1.8540708313718048,1.2247191632935008,-1.289996749213583,-1.601687229510824,1.1613383411202776,1.8010017475904307,36.81941611039775,37.394645327054015,37.21499414461252,14.0,20.0,35.0,33.8,0.0,0.0,0.0,0.0,0.0,0.0,0.0,0.0,0.0,0.0
2026-06-09 08:22:09,-0.9698007249432292,1.641677274478913,-1.5983775593420126,0.883796386534248,-2.7511509515560535,2.8479034095995956,1.3518202478668204,-2.6883735932310238,36.930604141891685,37.153404903524155,37.16430113393018,14.0,20.0,35.0,1.0,0.0,0.0,0.0,0.0,0.0,0.0,0.0,0.0,0.0,0.0
2026-06-09 08:22:10,-1.4318242346670114,-2.0316517121527746,-1.526338519875485,1.5588149313640498,-1.7216568112123634,-1.2593245400672621,1.7001212811999862,-2.5199101547209715,36.63729223025489,37.11787002771447,36.97763912439852,14.0,20.0,35.0,92.2,0.0,0.0,0.0,0.0,0.0,0.0,0.0,0.0,0.0,0.0
2026-06-09 08:22:11,-0.4286013504142545,2.738839591063746,-2.784541861582131,0.741940123849969,-1.2296160058215206,1.7240689341068371,-1.1378146164720113,2.6780996733779343,36.96323923178011,37.371729453536794,36.7838632084949,14.0,20.0,35.0,1.5,0.0,0.0,0.0,0.0,0.0,0.0,0.0,0.0,0.0,0.0
2026-06-09 08:22:12,-2.1421853758591984,1.9390415556801335,-1.5044439112492975,-2.714410509382004,-2.993037861459661,1.663212006149882,2.89700922566616,1.2773651586340167,36.59167327247792,37.130788865433146,37.13005697153058,14.0,20.0,35.0,-9.0,0.0,0.0,0.0,0.0,0.0,0.0,0.0,0.0,0.0,0.0
2026-06-09 08:22:13,2.300654196517412,-0.7346974245436826,-2.967260450805365,2.9588351966844364,-1.18110044976452,1.8952519223681383,2.975140045963899,2.5815134075922197,37.06201074861318,37.13387551300647,37.124006456672575,14.0,20.0,35.0,98.2,0.0,0.0,0.0,0.0,0.0,0.0,0.0,0.0,0.0,0.0
2026-06-09 08:22:15,1.845310238720736,-1.7821071632063916,-1.224634659109494,0.4622315845660827,-2.7785517009890177,1.0891688642003912,-1.5145170710500933,-1.3247576006773492,36.60912869857325,37.17773100841103,37.00182595561311,14.0,20.0,35.0,77.5,0.0,0.0,0.0,0.0,0.0,0.0,0.0,0.0,0.0,0.0
2026-06-09 08:22:16,2.467141812465405,-0.6251247767087547,2.508547496610209,-0.9800131133452603,-2.499413021451068,0.05943722349380298,-1.8427091424398807,0.07188529856552428,37.002707718972864,36.95920548454523,36.72294940146504,14.0,20.0,35.0,-49.6,0.0,0.0,0.0,0.0,0.0,0.0,0.0,0.0,0.0,0.0
2026-06-09 08:22:17,-1.2376684370083513,-1.5911624234535562,-2.858630444355255,1.5144961241444133,1.6577554253551616,-2.9125155287014106,-0.9494687129358343,2.495121919634287,36.94231794250029,37.345031023603376,37.00809898679331,14.0,20.0,35.0,113.1,0.0,0.0,0.0,0.0,0.0,0.0,0.0,0.0,0.0,0.0
2026-06-09 08:22:19,-1.3095340470567656,-0.554739348541875,-2.560736276367936,1.0934794633216098,2.4020069221234097,-1.249207092723355,0.576224382476255,-0.10709353967812874,36.8390646800188,36.878369680868694,36.954986689146025,14.0,20.0,35.0,80.2,0.0,0.0,0.0,0.0,0.0,0.0,0.0,0.0,0.0,0.0
2026-06-09 08:22:20,1.813249971069446,1.2946882843248284,-0.19819969394467218,1.3409438400705769,-0.49071519988733314,-2.2317849097981672,0.5502209101940077,1.5288787357183615,36.692450823684325,36.825120848005604,37.12116721356429,14.0,20.0,35.0,-29.2,0.0,0.0,0.0,0.0,0.0,0.0,0.0,0.0,0.0,0.0
2026-06-09 08:22:21,-0.7979797505926318,-0.25248139310698514,1.8772939394333203,-1.6921647103849566,2.3639098686723976,2.6123598832560244,-2.6383690015141137,1.9452267314593623,36.58928681608188,37.0632303840343,36.98069693495339,14.0,20.0,35.0,-42.0,0.0,0.0,0.0,0.0,0.0,0.0,0.0,0.0,0.0,0.0
2026-06-09 08:22:22,0.5512081946237171,1.3478183069915595,1.7371466456994273,2.2596970717536875,0.5682364550441981,2.2354075617316527,-2.9644395735340847,-0.0734718842701989,36.59410271166579,36.89283309527728,36.70940926453214,14.0,20.0,35.0,-80.1,0.0,0.0,0.0,0.0,0.0,0.0,0.0,0.0,0.0,0.0
2026-06-09 08:22:23,2.267815037297199,-2.520816141469706,1.5499047165682907,-2.4305724600029244,-1.4581989333490244,0.14507616647241983,-2.5834689678899467,2.6986021260930304,36.76821400098438,37.020352065245774,36.84023416511236,14.0,20.0,35.0,23.9,0.0,0.0,0.0,0.0,0.0,0.0,0.0,0.0,0.0,0.0
2026-06-09 08:22:24,-1.2766956961276181,-1.882050845742764,-1.4418874255211382,0.20983285148339714,0.18089073706709247,-2.083489333862924,-1.574994920032912,-0.18126343380718435,36.67649811614032,37.26984290905552,37.217353275144035,14.0,20.0,35.0,84.1,0.0,0.0,0.0,0.0,0.0,0.0,0.0,0.0,0.0,0.0
2026-06-09 08:22:25,2.6076819799362703,-0.9061267766870582,-0.1442173617349951,0.8837686939225136,-0.025599586570548283,-2.3601896424042916,-0.12020319416175518,1.0274067155350464,36.91978717017276,36.95740866069351,37.25022804910695,14.0,20.0,35.0,25.9,0.0,0.0,0.0,0.0,0.0,0.0,0.0,0.0,0.0,0.0
2026-06-09 08:22:26,-1.3390256512585996,0.5172141390104343,2.849084508665312,1.6456426728356313,2.093284896184466,1.510928934567496,2.6414348855196987,0.8477923477328737,36.73581592118469,36.80462345596141,36.88337731904198,14.0,20.0,35.0,-85.0,0.0,0.0,0.0,0.0,0.0,0.0,0.0,0.0,0.0,0.0
2026-06-09 08:22:28,0.12794891165021838,-2.8695037757631905,2.8020730376394667,-1.6724581226409905,2.133505189379541,1.9576755380655957,-1.4766029790756274,1.7359139641731982,36.935290786623334,36.975826711797986,36.90695646340382,14.0,20.0,35.0,2.0,0.0,0.0,0.0,0.0,0.0,0.0,0.0,0.0,0.0,0.0
2026-06-09 08:22:29,0.2380406080037214,0.8283542251454623,-0.7637430382540389,0.3057308759194832,2.6760130556133,-0.056432153062059065,0.42318024850957325,-0.27194897292385445,36.78761530676283,37.115294986889076,36.875835217986264,14.0,20.0,35.0,-1.5,0.0,0.0,0.0,0.0,0.0,0.0,0.0,0.0,0.0,0.0
2026-06-09 08:22:30,-2.1321397960980426,2.0547780974658165,1.5412187744530144,-1.0417622000997486,-2.117601587076004,-2.3310988558295076,-0.8679779444398701,0.13589122203732806,36.705182798199196,37.197159556037285,36.9123379485345,14.0,20.0,35.0,-94.6,0.0,0.0,0.0,0.0,0.0,0.0,0.0,0.0,0.0,0.0
2026-06-09 08:22:31,2.058293291155276,1.0468604998004496,-0.9239283351600451,0.39253141086342325,-0.03983786794210609,-0.8824900486276395,2.026946468341798,2.3297829581441007,37.0072011864356,37.2185256305854,37.1255170823336,14.0,20.0,35.0,-2.6,0.0,0.0,0.0,0.0,0.0,0.0,0.0,0.0,0.0,0.0
2026-06-09 08:22:33,-1.456906291592908,0.36365474111609464,-1.2621025618304553,0.9581899786532206,0.878255493627143,1.9603099184184867,-1.669620573064769,-0.19190253940435298,36.63972960901019,36.973625702431605,36.87278735873996,14.0,20.0,35.0,23.4,0.0,0.0,0.0,0.0,0.0,0.0,0.0,0.0,0.0,0.0
2026-06-09 08:22:34,-2.45523892029722,0.7604875704858101,-1.4387491760567055,-0.10847051494365623,1.6665832616584408,2.666746546050157,2.4927448774019307,1.5827960306029993,36.519366744088074,36.815872774522994,36.85280054594441,14.0,20.0,35.0,20.1,0.0,0.0,0.0,0.0,0.0,0.0,0.0,0.0,0.0,0.0
2026-06-09 08:22:35,-2.949488675883687,-2.1797437799189345,-2.724006258177787,-2.3631822341649364,0.41132094058088864,-0.944746418697707,1.4273832785031626,-2.2014214218780355,36.69701524596476,37.39774281862294,37.20629033294752,14.0,20.0,35.0,127.0,0.0,0.0,0.0,0.0,0.0,0.0,0.0,0.0,0.0,0.0
2026-06-09 08:22:36,-1.3578919204143318,-2.769768242084043,-1.0001684527803438,-0.09233017353575379,-1.3153088599039855,1.0595586285867986,-2.1191506966287417,-2.6991951687241613,36.79567855110659,37.221425033657965,37.058151710477745,14.0,20.0,35.0,97.0,0.0,0.0,0.0,0.0,0.0,0.0,0.0,0.0,0.0,0.0
2026-06-09 08:22:38,0.8294832946892199,-2.9371734311395925,-1.586237081359708,0.04248491643054386,-0.6726328794351932,-1.532559405150567,0.24000873601389205,-2.839619767948425,36.855862070010424,36.92739054920965,36.78033497132722,14.0,20.0,35.0,116.3,0.0,0.0,0.0,0.0,0.0,0.0,0.0,0.0,0.0,0.0
2026-06-09 08:22:39,1.1062879265371697,-2.951959190210647,-2.534424638281653,-0.7980422774708407,-2.7883052824125687,-0.3416974887237396,0.858916379752535,1.1729871348262826,36.800111048327594,37.153416532503115,37.20606914382066,14.0,20.0,35.0,142.1,0.0,0.0,0.0,0.0,0.0,0.0,0.0,0.0,0.0,0.0
2026-06-09 08:22:40,-2.4697443351787474,-2.44978196572543,2.3878952316995914,-2.850669432630462,-1.1766038228592521,1.7803996836384979,1.07246192864665,1.6968666591982178,36.8821312295376,37.19179246928892,36.952303778025644,14.0,20.0,35.0,3.0,0.0,0.0,0.0,0.0,0.0,0.0,0.0,0.0,0.0,0.0
2026-06-09 08:22:41,-0.6893723543084764,-1.3312778464113744,-0.3587471351207121,-2.2143810414009906,-0.37714121129836364,-1.3469754820717132,-1.3260148327569559,2.4509780332729836,36.87270837229798,36.93532743558156,36.773345175356354,14.0,20.0,35.0,42.4,0.0,0.0,0.0,0.0,0.0,0.0,0.0,0.0,0.0,0.0
2026-06-09 08:22:42,2.957056373708272,-0.13572251687402392,1.2748937557721787,-1.5351969972615103,-2.2317339952219655,1.983427073479488,1.6124311383175245,-0.6502742084598307,36.7302610939624,37.01274554522705,36.97688390578922,14.0,20.0,35.0,-27.7,0.0,0.0,0.0,0.0,0.0,0.0,0.0,0.0,0.0,0.0
2026-06-09 08:22:43,-1.107416767295965,1.9577902532525346,0.7388761944556421,1.7162705667623683,0.21221702980258073,2.858909144859779,-0.9749763480203297,-2.1732408001638985,37.015228342933035,37.38598369755474,37.00761465780742,14.0,20.0,35.0,-68.8,0.0,0.0,0.0,0.0,0.0,0.0,0.0,0.0,0.0,0.0
2026-06-09 08:22:44,-1.681441324101089,1.2659029747447201,2.4548132390725685,2.722949042909635,0.9751977624492638,1.862559726771222,0.6138828464788402,1.3967861141297142,36.767469537854154,37.03579728772791,36.71303344465313,14.0,20.0,35.0,-95.0,0.0,0.0,0.0,0.0,0.0,0.0,0.0,0.0,0.0,0.0
2026-06-09 08:22:45,-1.7066593523507907,2.266620920103761,-2.6799419478133437,-2.240251814672138,0.21898804091571833,-1.9448209931672176,1.0976142727057479,2.9750653806391023,36.75806036867209,37.30215147376193,37.05394698831644,14.0,20.0,35.0,10.3,0.0,0.0,0.0,0.0,0.0,0.0,0.0,0.0,0.0,0.0
2026-06-09 08:22:46,-1.5259810281241342,2.055384695126885,0.39864121411242515,-1.2010541976324889,2.2218807658926387,-0.1636734181216548,0.8858077412234406,-2.7572148123835367,37.0663922509119,36.888220358378966,37.06446237523442,14.0,20.0,35.0,-63.1,0.0,0.0,0.0,0.0,0.0,0.0,0.0,0.0,0.0,0.0
2026-06-09 08:22:47,-1.2789083375505417,-2.333617899092255,-2.06318030536977,-1.6843644530241675,0.8063379056572781,0.5780385437873168,2.457267715534396,-2.6932316988503318,37.044301307159685,36.988345683986054,36.9387636236012,14.0,20.0,35.0,115.2,0.0,0.0,0.0,0.0,0.0,0.0,0.0,0.0,0.0,0.0
2026-06-09 08:22:49,-2.9565200897664585,2.5727397684216085,1.6267450809022348,-2.8870449112941508,-0.38955697771830655,1.0175133570447112,-1.7715304888496237,-0.9944358137689706,36.669071750188735,36.84580198106934,37.05425869712854,14.0,20.0,35.0,-100,0.0,0.0,0.0,0.0,0.0,0.0,0.0,0.0,0.0,0.0
2026-06-09 08:22:50,2.162753149282974,2.910331103751105,1.8875818650804774,-0.7442924031465159,2.3450820186205803,1.6846038970130284,0.15370423998905425,0.3885786360335026,36.50977322053709,36.95210598786787,37.10724532292795,14.0,20.0,35.0,-100,0.0,0.0,0.0,0.0,0.0,0.0,0.0,0.0,0.0,0.0
2026-06-09 08:22:51,-0.2759092829433607,-1.4559755296276238,2.669450636081365,1.5315020320752373,2.7209057258089198,0.09789989441773184,2.6157782339869877,0.4001079930763316,37.03131461473235,36.99642998647894,36.81748909381956,14.0,20.0,35.0,-30.0,0.0,0.0,0.0,0.0,0.0,0.0,0.0,0.0,0.0,0.0
2026-06-09 08:22:52,-1.4924560197393908,0.11312158211780377,0.29476449806510363,1.9195053429925242,-2.555001383964563,-1.8942102442090936,0.449824921405956,2.2588358689915102,36.906663576474045,37.379451568301405,37.18217040579598,14.0,20.0,35.0,-11.3,0.0,0.0,0.0,0.0,0.0,0.0,0.0,0.0,0.0,0.0
2026-06-09 08:22:53,-1.9295675406912058,2.7848627552475413,-0.17638494171310182,1.9184110726721322,0.5305721584461187,1.8743043122153935,-1.6203512427821123,-1.9998191263056888,36.57479011367306,37.388260969615175,37.06992181032099,14.0,20.0,35.0,-67.3,0.0,0.0,0.0,0.0,0.0,0.0,0.0,0.0,0.0,0.0
2026-06-09 08:22:54,1.6699230401989649,2.928316967688959,1.6598153549076642,1.4626514349837478,1.0494176083154612,-0.053652129067466525,-1.8357323997614714,1.6928568929045973,37.081347569702096,37.11568885859744,36.996031793251056,14.0,20.0,35.0,-100,0.0,0.0,0.0,0.0,0.0,0.0,0.0,0.0,0.0,0.0
2026-06-09 08:22:55,0.8411859867784055,0.34916986431415875,-0.27403895125009203,1.5572920811377307,-0.5499624180137559,-0.3238053020830458,2.837910919586445,-0.6680675075648019,37.02941231915135,36.83755166791049,37.0561392127579,14.0,20.0,35.0,-0.7,0.0,0.0,0.0,0.0,0.0,0.0,0.0,0.0,0.0,0.0
2026-06-09 08:22:56,-1.7733514436940998,-2.006364110470627,-2.4948543669844776,-0.5588033552461571,-1.3742383767942183,-2.962039133599699,-1.8890686830221668,-0.3202720280059266,36.9109206287174,37.241302160400764,37.179414179666495,14.0,20.0,35.0,114.0,0.0,0.0,0.0,0.0,0.0,0.0,0.0,0.0,0.0,0.0
2026-06-09 08:22:57,1.6882854908186218,0.49958153546999284,-1.04709042496307,-0.8415183491852578,-2.181208509489277,2.10139822673965,-1.0076065420041274,-0.12224670431556639,36.88327238581166,37.31291989178372,36.71357683160746,14.0,20.0,35.0,14.7,0.0,0.0,0.0,0.0,0.0,0.0,0.0,0.0,0.0,0.0
2026-06-09 08:22:58,2.329935415537502,-2.224521413575928,0.28126490031001516,-2.0550609858608277,2.6372499119869506,0.6910100303542404,1.7620270828125602,0.847931080837756,37.004384238853824,37.31887541183269,36.82462240163453,14.0,20.0,35.0,51.5,0.0,0.0,0.0,0.0,0.0,0.0,0.0,0.0,0.0,0.0
2026-06-09 08:23:00,2.208517120238671,-2.1842875269803295,-1.1478552318901916,-0.5838253276272312,2.188443285548759,-0.5050804317647475,2.10241261820965,2.743744539002937,37.077862138020805,37.29438072078527,36.90802932988704,14.0,20.0,35.0,87.0,0.0,0.0,0.0,0.0,0.0,0.0,0.0,0.0,0.0,0.0
2026-06-09 08:23:01,-1.88149207847094,2.3332440969049815,-2.687263363114246,0.9896480105240535,2.333251978287203,-2.9664382375799354,-2.8078336350124085,-1.2986799767072363,36.552654665408454,36.90031529943779,37.115772663731484,14.0,20.0,35.0,6.3,0.0,0.0,0.0,0.0,0.0,0.0,0.0,0.0,0.0,0.0
2026-06-09 08:23:02,2.860214440447061,1.1793819009504949,-2.7027107566673583,2.6749803151835048,0.5667980132328578,0.43674967776993556,1.9062593852699212,1.4066814123756446,36.621045143499806,36.99090261666739,36.94189272755792,14.0,20.0,35.0,40.6,0.0,0.0,0.0,0.0,0.0,0.0,0.0,0.0,0.0,0.0
2026-06-09 08:23:03,-1.2828057738858873,-1.8019647702305204,-2.2155206534694165,1.895176827165713,-0.26355757010874914,-0.7687658110720275,1.7755387368008568,-2.955285427153781,36.83087991787187,36.89025805896626,36.96216321006417,14.0,20.0,35.0,104.4,0.0,0.0,0.0,0.0,0.0,0.0,0.0,0.0,0.0,0.0
2026-06-09 08:23:04,-0.4897700403418659,-0.9838400397436935,2.356589264757618,1.031564809035939,2.962623870056442,-2.482872916640427,-0.7891620227413556,-1.8284101498783096,36.533018346305,37.243068904998054,36.87993555345348,14.0,20.0,35.0,-37.1,0.0,0.0,0.0,0.0,0.0,0.0,0.0,0.0,0.0,0.0
2026-06-09 08:23:06,-2.157118034843851,1.2300880179569083,2.3552361872766214,0.8696377236360697,1.3518208342776958,-0.7623957419185192,-1.0686028875929776,-0.35421469996630783,36.949684798066286,37.353225202928236,37.19435542167843,14.0,20.0,35.0,-93.6,0.0,0.0,0.0,0.0,0.0,0.0,0.0,0.0,0.0,0.0
2026-06-09 08:23:07,-2.2148566417751874,1.6230681166537382,1.3655353750470258,1.6236108418457311,-1.2542483569923581,2.691848012388208,2.3993475442589975,0.011556776552208436,37.071971561920265,37.20881291997546,37.16563623240825,14.0,20.0,35.0,-74.7,0.0,0.0,0.0,0.0,0.0,0.0,0.0,0.0,0.0,0.0
2026-06-09 08:23:08,2.249358176958542,-1.3984329637536939,-1.5592835611684448,2.296536858637679,-1.813856054066655,-1.7654920115752324,1.3569814751022875,0.05726782186452528,36.59418826822632,37.14277443999408,36.93706306376108,14.0,20.0,35.0,76.3,0.0,0.0,0.0,0.0,0.0,0.0,0.0,0.0,0.0,0.0
2026-06-09 08:23:09,-2.291642017753074,1.3212308971293574,0.5968405240050951,-1.1784392792323068,-1.769269050912417,1.1086630038112872,-2.868513580929566,-2.43881588903647,36.73563697880146,37.30304823674975,37.09727826623884,14.0,20.0,35.0,-50.5,0.0,0.0,0.0,0.0,0.0,0.0,0.0,0.0,0.0,0.0
2026-06-09 08:23:10,-1.8980935389494875,0.7178140905355912,2.9742973298428037,0.6930267540265791,1.181687219571181,0.8029216638658951,-0.2654662034666284,0.7647113401497085,36.77111919079621,37.225021259868754,36.70583351020984,14.0,20.0,35.0,-95.2,0.0,0.0,0.0,0.0,0.0,0.0,0.0,0.0,0.0,0.0
2026-06-09 08:23:11,-2.7699253826191086,-2.045083648942817,-2.2345841401185966,-0.7277797761801654,2.246260078242182,-0.3908093559171246,1.3125033465172322,-0.32939646472324835,36.78163688766537,37.3447733736725,37.0973924513914,14.0,20.0,35.0,111.1,0.0,0.0,0.0,0.0,0.0,0.0,0.0,0.0,0.0,0.0
2026-06-09 08:23:12,-2.2204347255748975,-2.521886739853808,1.0546043477143705,-0.08265883148358366,2.315859504740226,2.1767787675301635,2.365701691613018,1.9952761238988765,36.78563970498438,36.864678437913206,36.8599256842387,14.0,20.0,35.0,40.2,0.0,0.0,0.0,0.0,0.0,0.0,0.0,0.0,0.0,0.0
2026-06-09 08:23:13,-2.6227172120479203,0.9053086142022915,1.4093529593782126,2.8985888039226744,2.9466913558157692,2.1511727239024374,0.4245049760201436,2.119198133495864,36.569942819105876,37.015849109687025,36.91843851229061,14.0,20.0,35.0,-58.6,0.0,0.0,0.0,0.0,0.0,0.0,0.0,0.0,0.0,0.0
2026-06-09 08:23:15,0.888532778356848,0.4786327692404564,1.6556170069470086,-1.1853958303314442,-1.8471625320617204,-2.609609992732912,-2.6776312080426163,-1.6978272432007189,36.556503959809035,37.39271261799695,36.89151528690247,14.0,20.0,35.0,-57.8,0.0,0.0,0.0,0.0,0.0,0.0,0.0,0.0,0.0,0.0
2026-06-09 08:23:16,0.30097738376534844,-2.9726402984388365,-0.5577210685701703,-1.2254461843123248,0.4605853315724797,0.15746635556858113,1.9601366834101528,1.523400947116838,37.06163628929621,37.07477781851224,36.7163287160636,14.0,20.0,35.0,92.3,0.0,0.0,0.0,0.0,0.0,0.0,0.0,0.0,0.0,0.0
2026-06-09 08:23:17,-0.7483418295309123,0.27857646244208656,0.8652378958890425,-1.0637581313731646,-1.0926458891051434,2.767398904707756,2.1168623054055997,-1.3783490122652997,36.814678399624064,37.351759866271934,37.05127540834493,14.0,20.0,35.0,-27.1,0.0,0.0,0.0,0.0,0.0,0.0,0.0,0.0,0.0,0.0
2026-06-09 08:23:18,-1.167816426628496,-0.8689782343697505,-1.7797048069916332,-0.00397222540698472,-2.4675941887847723,1.6502844313053275,-1.3781072567796273,0.16035536406164308,36.95469245567033,37.0016100015197,36.89303277437612,14.0,20.0,35.0,68.6,0.0,0.0,0.0,0.0,0.0,0.0,0.0,0.0,0.0,0.0
2026-06-09 08:23:20,-2.5413195248417093,-2.8753543747566663,-2.0512956971387126,-1.2514247967821723,-1.4243332502000843,2.0330983897015997,1.2113010856325381,-1.27746063787977,36.95880057976269,37.21796336008434,37.137223852977726,14.0,20.0,35.0,129.0,0.0,0.0,0.0,0.0,0.0,0.0,0.0,0.0,0.0,0.0
2026-06-09 08:23:21,-1.2912796457742095,0.7431456891478909,2.303780098366097,-0.7643348336270561,2.6453642095609755,-0.19629887342796204,-0.594191203416087,0.518549452808176,36.960340982111276,37.03521827994636,36.832493553642365,14.0,20.0,35.0,-79.2,0.0,0.0,0.0,0.0,0.0,0.0,0.0,0.0,0.0,0.0
2026-06-09 08:23:22,1.1016598978128638,-2.174122328540176,-1.1571689503043538,-2.255752335308234,0.8435254501194782,-1.6814329670920736,-0.3765602671903725,2.0414177816568504,36.750775999960375,36.873423987597825,37.15129196937156,14.0,20.0,35.0,85.1,0.0,0.0,0.0,0.0,0.0,0.0,0.0,0.0,0.0,0.0
2026-06-09 08:23:24,1.0287159413428313,-1.7633117199165755,1.6912159275685337,-1.4056231208121799,1.5800738388774658,2.2793276139296186,-2.336838080266284,-2.4137583907443823,37.05641762830343,36.85619002781175,37.17300235086939,14.0,20.0,35.0,1.8,0.0,0.0,0.0,0.0,0.0,0.0,0.0,0.0,0.0,0.0
2026-06-09 08:23:25,-0.04671183676914703,-1.030286336191158,-0.8887990019474228,1.734355821370535,0.874435621570798,-1.5372393843534344,1.171183892428128,-1.8733039404308252,36.727955203997084,36.84607525374944,37.153192959701535,14.0,20.0,35.0,49.4,0.0,0.0,0.0,0.0,0.0,0.0,0.0,0.0,0.0,0.0
2026-06-09 08:23:26,-1.307300850548311,-1.7668251809070008,-2.5867704253195685,2.7208247639010175,1.9107278032600181,2.73352553646487,2.4876288397610065,2.1774864750674823,36.737012064388765,37.15343917191871,37.17456479760292,14.0,20.0,35.0,115.2,0.0,0.0,0.0,0.0,0.0,0.0,0.0,0.0,0.0,0.0
2026-06-09 08:23:27,-0.48518010869158745,1.4217055757268477,0.3435923819851312,-0.018973458700850543,2.299559070416394,-2.0192621770483994,1.6724539787592878,2.867191535208855,36.7729503081351,37.28751541761285,36.844402782238596,14.0,20.0,35.0,-45.8,0.0,0.0,0.0,0.0,0.0,0.0,0.0,0.0,0.0,0.0
2026-06-09 08:23:28,1.9400325354597863,0.29423915765928665,-2.1216898404342137,0.5693999395594176,0.5288653276725537,1.7036491972930374,2.563632935179559,-0.39941321177422306,36.58344187795307,37.24027992809695,36.79805139736007,14.0,20.0,35.0,49.4,0.0,0.0,0.0,0.0,0.0,0.0,0.0,0.0,0.0,0.0
2026-06-09 08:23:30,0.3051122407265572,0.2278063465018958,2.7842533386295774,-2.8203568642029344,-2.0594113204821776,2.091189408783227,1.9417529498097057,-1.3969920663564765,37.00857220731012,37.3760675153021,37.13905371461042,14.0,20.0,35.0,-75.9,0.0,0.0,0.0,0.0,0.0,0.0,0.0,0.0,0.0,0.0
2026-06-09 08:23:31,1.1353001617155654,1.9399596534746886,2.2180025842792928,1.396071135963303,-1.2459989216250293,0.38231190746514576,1.2811107615157997,0.3939937312034072,36.543825551847185,37.353380578706904,36.994249131154355,14.0,20.0,35.0,-100,0.0,0.0,0.0,0.0,0.0,0.0,0.0,0.0,0.0,0.0
2026-06-09 08:23:32,0.05700994043510077,-0.7555464627875743,-1.8012701112538234,-1.7697523656827676,-0.680875757137426,2.6046245837825577,0.19434881824053063,-0.6914411636465205,36.91167874370307,36.82181484250876,36.8322870329873,14.0,20.0,35.0,67.5,0.0,0.0,0.0,0.0,0.0,0.0,0.0,0.0,0.0,0.0
2026-06-09 08:23:33,-0.6170859793832277,-2.830108421649509,1.2043425493257391,1.60836349914321,0.8509235197415617,-2.9065212253627672,-1.8203874663901713,-0.5955605795036893,36.87546401652249,36.9677590067322,36.95408213602672,14.0,20.0,35.0,39.7,0.0,0.0,0.0,0.0,0.0,0.0,0.0,0.0,0.0,0.0
2026-06-09 08:23:35,1.2199868857611529,-1.7775349138002963,2.013937682938895,2.1603782378716154,0.02786586197160723,-1.8711007972926097,0.319999971399751,-0.6661281190032193,36.83947625096979,37.17516811170979,37.167760013094075,14.0,20.0,35.0,-6.9,0.0,0.0,0.0,0.0,0.0,0.0,0.0,0.0,0.0,0.0
2026-06-09 08:23:36,2.7828028840779515,-1.4323260532706463,2.848461791057434,-0.7693327502934024,-0.4760612585106476,-0.7789040540014636,0.3946408126489316,-0.5742764438929528,36.912777422673585,36.8797961850492,37.268004058869735,14.0,20.0,35.0,-36.8,0.0,0.0,0.0,0.0,0.0,0.0,0.0,0.0,0.0,0.0
2026-06-09 08:23:37,-1.1395712034797347,-0.4733582793725235,0.4297559076522903,2.954099999087772,-2.3174512537586134,-1.788022293091202,1.9565999515450656,-2.5687863097772663,36.50987338681364,37.28538359399443,36.995676037703426,14.0,20.0,35.0,1.2,0.0,0.0,0.0,0.0,0.0,0.0,0.0,0.0,0.0,0.0
2026-06-09 08:23:39,1.9345589771807363,-0.10434676205487836,-1.3430258137820732,1.4374521926255799,-0.010802492456729595,1.4186389393553895,-2.938462290742199,0.7570714850319051,37.03216801917517,36.90631377255726,37.1993974150063,14.0,20.0,35.0,36.7,0.0,0.0,0.0,0.0,0.0,0.0,0.0,0.0,0.0,0.0
2026-06-09 08:23:40,1.8331477721656775,-2.6919839503388,0.723884811551299,1.2079066557689275,0.16645601925288034,-0.3394810317746195,0.494760606888347,1.7481239428690385,36.86401325938372,37.28347403693113,36.974282315206814,14.0,20.0,35.0,51.0,0.0,0.0,0.0,0.0,0.0,0.0,0.0,0.0,0.0,0.0
2026-06-09 08:23:41,-1.1723495022159531,-2.7362317496651576,2.9142790777178584,2.2677671984733037,2.995412776023027,2.5154725991161424,-0.11670824447458639,-0.46220225867226894,36.798851631663624,37.21822435006044,37.20080474910526,14.0,20.0,35.0,-3.4,0.0,0.0,0.0,0.0,0.0,0.0,0.0,0.0,0.0,0.0
2026-06-09 08:23:42,1.3808983816160758,2.91263926590155,-0.9425124398313187,-1.8313674434148883,-2.6099161326778075,-1.6590586856048721,1.2663347946663475,2.09136407934606,36.703371121755616,36.82962695426634,36.78263270781311,14.0,20.0,35.0,-51.1,0.0,0.0,0.0,0.0,0.0,0.0,0.0,0.0,0.0,0.0
2026-06-09 08:23:44,0.5520497991397617,0.16393771814929448,-0.7427201914519381,-0.6844990965664466,2.257635932231402,-1.640669334984884,-0.9857781869408244,0.9290175204006905,36.923902400930835,36.817217651741636,37.11734041453757,14.0,20.0,35.0,13.7,0.0,0.0,0.0,0.0,0.0,0.0,0.0,0.0,0.0,0.0
2026-06-09 08:23:45,-1.5503509873053016,0.5510606664075022,1.625112640686467,-1.5126252329073508,1.237241696519745,1.3369654733874743,0.0015371475843917182,-0.9657061444377399,36.9340864024587,37.28042878722364,36.979560821935934,14.0,20.0,35.0,-55.6,0.0,0.0,0.0,0.0,0.0,0.0,0.0,0.0,0.0,0.0
2026-06-09 08:23:46,2.8453422773947086,-0.1807987479515143,-2.8053199007565537,-2.069669573665008,-2.538444831550298,2.1782955167133355,-2.1867665275119603,0.590590736627453,36.920811965916805,36.82074886068582,36.86860920908051,14.0,20.0,35.0,77.2,0.0,0.0,0.0,0.0,0.0,0.0,0.0,0.0,0.0,0.0
2026-06-09 08:23:47,-0.8555130255094108,2.2330984545226276,1.3608093675182937,-2.711937529310809,-1.8752765403629104,0.3462903946179212,1.7644529934130908,0.28366602359462334,36.872907206290996,36.94703402442048,37.260238056658885,14.0,20.0,35.0,-91.9,0.0,0.0,0.0,0.0,0.0,0.0,0.0,0.0,0.0,0.0
2026-06-09 08:23:48,-2.8079864556131784,-1.1179118885908466,1.067943252425093,-1.9627159202291526,1.7392389430579396,2.6339694166294523,-0.6693692835460898,-2.31882648601285,36.730277936607365,37.342818582417394,37.036045504885145,14.0,20.0,35.0,2.3,0.0,0.0,0.0,0.0,0.0,0.0,0.0,0.0,0.0,0.0
2026-06-09 08:23:50,-0.47146224740674736,0.694254146189464,-2.499498850994181,-0.5701679893790255,1.5273798414018582,2.641312751811803,-1.8261389673837618,2.578010125197536,37.04965729135603,36.98863518727093,36.957025781245775,14.0,20.0,35.0,47.1,0.0,0.0,0.0,0.0,0.0,0.0,0.0,0.0,0.0,0.0
2026-06-09 08:23:51,0.7046173903269599,-0.8670889386496512,-2.519621457709288,1.4293643756830416,1.0156898830694852,1.7998708009071898,-1.0349170295093273,2.5961407788066957,36.77758506522089,37.32704335085354,37.25236392683225,14.0,20.0,35.0,88.0,0.0,0.0,0.0,0.0,0.0,0.0,0.0,0.0,0.0,0.0
2026-06-09 08:23:52,1.8290604573866123,-1.676089956609524,1.3576645221949342,-2.4348504540137106,-1.7286236593599413,-0.6700081790856216,1.7676364530422104,-2.9239462684547863,36.602740976574296,37.314001022457155,36.88619282517053,14.0,20.0,35.0,8.8,0.0,0.0,0.0,0.0,0.0,0.0,0.0,0.0,0.0,0.0
2026-06-09 08:23:53,0.6604201153728377,-0.18734910755203948,-0.055888540467985415,2.152145383917068,-0.8266905122831107,-2.8516955900259386,-1.4153206260951106,-2.12492902830983,36.69616913345968,37.258737365271855,37.01302594118664,14.0,20.0,35.0,4.2,0.0,0.0,0.0,0.0,0.0,0.0,0.0,0.0,0.0,0.0
2026-06-09 08:23:54,-2.5344278759675616,1.1802627828386223,-2.1942694090939137,-0.30295718078230127,-1.4192201436972651,1.9451709739288,1.5053870837680021,-2.8191315663424454,36.639400971690904,37.03703650916243,36.842327371394404,14.0,20.0,35.0,27.9,0.0,0.0,0.0,0.0,0.0,0.0,0.0,0.0,0.0,0.0
2026-06-09 08:23:55,2.0281214660514593,1.0592365711104135,-0.9278166510898025,2.103510993151363,-1.8062265893409093,2.1942632968285736,0.3493827466158246,2.0961414473239595,36.66649460048093,37.388861544742305,36.73927569710859,14.0,20.0,35.0,-2.1,0.0,0.0,0.0,0.0,0.0,0.0,0.0,0.0,0.0,0.0
2026-06-09 08:23:56,-0.6295845192735379,-1.5290823155014406,-1.3761564976878617,-1.368554584207124,-2.2533368242947605,2.1844135859344576,0.810312001175471,0.535624628562414,36.79471813934598,36.95755367714986,37.16845711275649,14.0,20.0,35.0,76.6,0.0,0.0,0.0,0.0,0.0,0.0,0.0,0.0,0.0,0.0
2026-06-09 08:23:57,-0.250118400569344,-2.1191936717661166,0.4941030272730105,-2.8760102045566844,-0.8462663424008765,0.7802082537841395,2.6412555179197916,2.219055428329918,36.944965645502485,36.97552245424813,37.23020880626066,14.0,20.0,35.0,43.7,0.0,0.0,0.0,0.0,0.0,0.0,0.0,0.0,0.0,0.0
2026-06-09 08:23:59,-2.6072669344318244,0.8144612075023367,0.9408428224129346,0.8796823148415625,1.1405220588159182,1.6863950370612333,1.3229061402094278,0.6598684823608347,37.00647237854611,37.033216735570036,37.002882038724486,14.0,20.0,35.0,-43.9,0.0,0.0,0.0,0.0,0.0,0.0,0.0,0.0,0.0,0.0
2026-06-09 08:24:00,2.756909783527795,2.0972427001231653,-1.4237697635918485,-2.0682482018525334,-1.5206978036773133,1.4442103980018706,1.0463345839620688,0.050209078221937986,36.926982666847664,37.01105315951747,36.94891620995353,14.0,20.0,35.0,-16.2,0.0,0.0,0.0,0.0,0.0,0.0,0.0,0.0,0.0,0.0
2026-06-09 08:24:02,1.235640834237672,-2.7931673826283063,1.841204101627838,-2.14355035174768,0.12718419779508494,-1.0212860553363676,-2.6676687433188118,0.9851576467443453,36.87014216112512,37.36916119867172,37.00704804780409,14.0,20.0,35.0,22.8,0.0,0.0,0.0,0.0,0.0,0.0,0.0,0.0,0.0,0.0
2026-06-09 08:24:03,-2.5487468541162475,-0.5124902759994239,-0.024572400632928204,-1.642577710042773,0.9000645242815031,-1.5931833207775845,-2.9639250494391733,-0.7765624177850237,36.87084894959303,37.15349464389186,37.109331113408565,14.0,20.0,35.0,11.6,0.0,0.0,0.0,0.0,0.0,0.0,0.0,0.0,0.0,0.0
2026-06-09 08:24:04,-2.1586687842560917,-1.2827298488517989,-0.8776054920044172,2.7770050144043186,0.4604439275479444,1.177373998397508,-2.4804319182508463,-1.2023398164023027,36.6149836225048,37.061572409780325,36.878073932998326,14.0,20.0,35.0,55.2,0.0,0.0,0.0,0.0,0.0,0.0,0.0,0.0,0.0,0.0
2026-06-09 08:24:05,-1.5883760473283801,-1.9641234134490677,-1.6427439689957486,-0.8478642993623984,0.49831749971692574,-1.1349133086573238,2.140834852800177,1.9810145181281626,36.58181179418354,37.15877194249894,37.21583120434652,14.0,20.0,35.0,93.8,0.0,0.0,0.0,0.0,0.0,0.0,0.0,0.0,0.0,0.0
2026-06-09 08:24:06,1.5053208170740087,-0.6678035373421567,-1.676511775333977,1.993039113320613,2.3271552193419742,-0.6544093239384416,2.632674795834978,-1.2851167178041674,36.95808821623662,36.806244733571255,37.03452164832413,14.0,20.0,35.0,61.6,0.0,0.0,0.0,0.0,0.0,0.0,0.0,0.0,0.0,0.0
2026-06-09 08:24:08,-2.568086330403599,-1.1671956311055272,0.3231775484347734,-2.1797439756543677,2.7900039311197045,1.1395250338121388,-1.6729204569707636,0.4794838620067714,36.71538068890155,36.966812353173395,37.04158591361168,14.0,20.0,35.0,21.6,0.0,0.0,0.0,0.0,0.0,0.0,0.0,0.0,0.0,0.0
2026-06-09 08:24:09,0.5628878495639089,1.9582486025411914,2.872946552943832,-0.7908025745384486,-0.9652375859604998,2.7448225962236448,-0.9356064157508928,2.5920723737384312,36.904894161266064,36.956032910599646,37.083097294745116,14.0,20.0,35.0,-100,0.0,0.0,0.0,0.0,0.0,0.0,0.0,0.0,0.0,0.0
2026-06-09 08:24:10,-0.13031991900048334,0.7640023809325842,-2.4245347836368056,2.2963937487408463,2.827747446418785,-1.5092884515599194,0.8754957499160261,-2.3994690608651355,36.592616643899866,37.20193458359557,36.95708397804555,14.0,20.0,35.0,42.6,0.0,0.0,0.0,0.0,0.0,0.0,0.0,0.0,0.0,0.0
2026-06-09 08:24:11,-2.192634928110789,0.5947069659605173,-2.8856476119825905,2.572444242775094,-0.2882728510218593,0.5068019518115845,-2.971518113627326,0.16032533579929886,36.93591821575571,37.36785783865888,37.01786910522054,14.0,20.0,35.0,58.0,0.0,0.0,0.0,0.0,0.0,0.0,0.0,0.0,0.0,0.0
2026-06-09 08:24:12,1.6160621553917043,-2.2517054502660416,-0.7636256121409746,-2.3885088885668293,0.7801508501289409,1.2556568616846988,-0.5307452041340248,-2.5443946770814256,36.86569150187345,36.908431501554176,37.07652609571039,14.0,20.0,35.0,78.3,0.0,0.0,0.0,0.0,0.0,0.0,0.0,0.0,0.0,0.0
2026-06-09 08:24:13,-0.07412049930896414,-2.619811757240204,1.4671127842974938,2.5041730206061885,-1.6361437283551192,0.5201474112646962,-1.4480622626794393,-0.621011662812279,36.68631455736007,37.18175771333852,36.97664095330745,14.0,20.0,35.0,29.3,0.0,0.0,0.0,0.0,0.0,0.0,0.0,0.0,0.0,0.0
2026-06-09 08:24:14,0.771098420874444,-1.0430415530983639,-1.7454239695839993,-1.0768400769971596,0.5883368570687431,2.149102754275452,2.1206129840273107,0.4294387886688664,36.83354268776086,37.233083468572374,36.754309873228806,14.0,20.0,35.0,74.2,0.0,0.0,0.0,0.0,0.0,0.0,0.0,0.0,0.0,0.0
2026-06-09 08:24:15,0.024200353922808393,0.048062216665116786,-0.19575586916620402,-0.417108676217238,-1.5236010513092604,-1.4815967953459466,1.3378079850527032,-1.0685262443714876,37.01089023396718,37.194152171935016,36.75711588388433,14.0,20.0,35.0,3.7,0.0,0.0,0.0,0.0,0.0,0.0,0.0,0.0,0.0,0.0
2026-06-09 08:24:16,1.4233698731702633,-1.3582677479215437,2.4344543432427557,-0.8566273660118986,-2.4022697807685707,-1.463730837612794,1.3131962352125992,0.5022134681642596,36.97625289911433,37.382444550397,36.93928728759224,14.0,20.0,35.0,-27.9,0.0,0.0,0.0,0.0,0.0,0.0,0.0,0.0,0.0,0.0
2026-06-09 08:24:18,-2.9307754262268384,2.9699113234081667,-0.6444809043695834,-1.836619427373349,2.0345533157488287,-2.230839507470171,0.8755590749308899,1.9221671992072578,36.58025709610678,37.24427005024093,36.99032877659818,14.0,20.0,35.0,-60.8,0.0,0.0,0.0,0.0,0.0,0.0,0.0,0.0,0.0,0.0
2026-06-09 08:24:19,-0.023880813479792984,0.4068710335233212,-2.8598879647031343,-1.0373424500324215,1.1520910005530878,1.584244381543968,-0.2170282557902503,0.690933232002279,36.544389609977344,37.13284906923259,36.80730310258246,14.0,20.0,35.0,64.1,0.0,0.0,0.0,0.0,0.0,0.0,0.0,0.0,0.0,0.0
2026-06-09 08:24:21,2.2468590067914045,-1.966898076288697,2.09951343577758,-1.1315261456302834,-0.3556266956756309,-2.6018110697528085,0.44666198375928357,0.957405474628275,36.56747749302988,37.32276129350633,36.769812324440736,14.0,20.0,35.0,-4.5,0.0,0.0,0.0,0.0,0.0,0.0,0.0,0.0,0.0,0.0
2026-06-09 08:24:22,1.091692989233736,-1.3380817801261062,2.5875953964658676,-1.5339304539196037,1.4409911201220549,0.44173242758769904,1.6089999359705978,-2.7456027585491514,37.07021017274778,37.38021462628732,37.150041452196064,14.0,20.0,35.0,-31.3,0.0,0.0,0.0,0.0,0.0,0.0,0.0,0.0,0.0,0.0
2026-06-09 08:24:23,-2.8761634947756294,-2.7981765766172,-1.8325197216618616,2.986420412245198,2.4419584011252695,-2.5970043830442737,0.6963675326838619,2.0804260057546227,36.920222127962965,37.25400037878575,37.16066535252041,14.0,20.0,35.0,118.8,0.0,0.0,0.0,0.0,0.0,0.0,0.0,0.0,0.0,0.0
2026-06-09 08:24:24,-2.9053772259655495,-2.8316889966097225,-2.2799799163638372,1.0341260260816583,-1.1437934657494706,-1.2386359500619668,-0.3890933279047295,-0.45255837587210923,37.028031651988606,36.97304331169204,37.09117649822214,14.0,20.0,35.0,131.4,0.0,0.0,0.0,0.0,0.0,0.0,0.0,0.0,0.0,0.0
2026-06-09 08:24:25,1.9878843092546372,-0.8096134360315062,-2.8671223816612796,2.5963991144068412,1.978913900016618,-1.8392604754790371,-0.5274344996570681,1.5016431065479772,36.73697146204203,36.82437095914309,36.79099876327393,14.0,20.0,35.0,93.9,0.0,0.0,0.0,0.0,0.0,0.0,0.0,0.0,0.0,0.0
2026-06-09 08:24:27,2.5367028773852773,-0.10558856352744073,-2.05874817980121,1.7425892745999914,0.2430832038425743,2.0688417970362005,-1.2456851102423638,-1.4879190624476224,36.64071884669871,37.38218321560204,36.94024970889292,14.0,20.0,35.0,56.4,0.0,0.0,0.0,0.0,0.0,0.0,0.0,0.0,0.0,0.0
2026-06-09 08:24:28,-1.6605795914074397,1.2618568108218895,-2.283999694723752,-1.9584237243392353,-1.8578648683803491,0.8811967489355634,0.18059478627865833,2.2580651078778065,36.637855269468666,37.2001335736961,37.19158660083433,14.0,20.0,35.0,27.0,0.0,0.0,0.0,0.0,0.0,0.0,0.0,0.0,0.0,0.0
2026-06-09 08:24:30,2.515809365317308,-0.3311552582907389,2.4922867483472544,-0.13960800868864354,-2.951063697292221,-1.4106275530354497,-0.1985628791888674,0.4395730060355909,36.82989159394244,37.02482132106069,36.99211503918602,14.0,20.0,35.0,-56.7,0.0,0.0,0.0,0.0,0.0,0.0,0.0,0.0,0.0,0.0
2026-06-09 08:24:31,-1.7633691022886495,-1.3833785759445145,-1.681633548693727,-0.8605541835554131,-1.1658926669326681,-0.6676389864365322,-1.195286191837179,0.4407023735633997,36.69017074974859,37.200009727553486,37.15276421293833,14.0,20.0,35.0,78.3,0.0,0.0,0.0,0.0,0.0,0.0,0.0,0.0,0.0,0.0
2026-06-09 08:24:32,2.2553203793604597,0.8008458869348303,2.472403042877417,0.4511793543418241,-2.150908052874499,-2.909870206541293,-0.48860310462391165,-0.4060248331921281,37.0271914521688,36.9198368165562,36.76779537884545,14.0,20.0,35.0,-86.3,0.0,0.0,0.0,0.0,0.0,0.0,0.0,0.0,0.0,0.0
2026-06-09 08:24:33,-1.1628348255538246,0.5664159729393239,2.116166817985217,2.6672679029169846,2.6617475491391165,2.143005109558734,-0.7071167712597974,-1.6537023559816588,36.95192059752661,37.090331977169036,37.17424347245961,14.0,20.0,35.0,-68.6,0.0,0.0,0.0,0.0,0.0,0.0,0.0,0.0,0.0,0.0
2026-06-09 08:24:34,-1.080644962182574,0.5131208223332391,2.1398150569747516,-1.1070606187670253,2.1693511247598565,2.138823289165514,2.25797423201056,-2.213114631722325,36.727484723823395,37.352752259023426,36.98900266701313,14.0,20.0,35.0,-66.4,0.0,0.0,0.0,0.0,0.0,0.0,0.0,0.0,0.0,0.0
2026-06-09 08:24:35,0.4710666937677299,1.8434776000485193,-1.7889682211274633,0.0035975895593054474,-0.4589458375088,0.3263392241112224,-2.6731651180815303,2.208374555823502,36.58384815234059,36.86679487280655,36.72206742441934,14.0,20.0,35.0,-2.6,0.0,0.0,0.0,0.0,0.0,0.0,0.0,0.0,0.0,0.0
2026-06-09 08:24:36,-1.6211475366877734,2.9602952201685504,-1.6194119895117856,2.968582366529864,-1.115291298513507,0.15325528164693258,-2.8738988744032916,-1.2419058810172063,36.77457467158063,37.12205026714499,36.76186501841845,14.0,20.0,35.0,-36.0,0.0,0.0,0.0,0.0,0.0,0.0,0.0,0.0,0.0,0.0
2026-06-09 08:24:37,2.264646844480218,-0.36972094661675126,1.3976464061156584,2.4982779923811584,-1.758689312441392,-0.28162748849733976,0.32646097640409,0.7806025519299999,36.8665316818475,37.320740029595996,36.79067180357795,14.0,20.0,35.0,-26.6,0.0,0.0,0.0,0.0,0.0,0.0,0.0,0.0,0.0,0.0
2026-06-09 08:24:38,-0.8907844862010457,2.2747250236787586,-2.6068361599578447,-2.8489669551560493,2.1827425676125847,-0.49972241368002557,-1.088467826869128,1.206256244560258,36.523390662167635,37.22237891332864,37.113439592694185,14.0,20.0,35.0,7.8,0.0,0.0,0.0,0.0,0.0,0.0,0.0,0.0,0.0,0.0
2026-06-09 08:24:39,1.1266395219881788,2.552540386004514,2.4302930539148253,2.32995488289309,1.9214444918719709,2.990272187432968,0.5620537959737462,-0.6949817423756732,36.99772362598387,36.929111988081345,36.97250250425867,14.0,20.0,35.0,-100,0.0,0.0,0.0,0.0,0.0,0.0,0.0,0.0,0.0,0.0
2026-06-09 08:24:41,-2.413639089379943,-2.4489369969227663,0.8430185636621301,-1.3858454467750805,2.411044482162895,-2.5412567267237915,2.459896431637243,-2.925016994641939,37.00329820386455,36.887485393716894,36.831628820555075,14.0,20.0,35.0,41.5,0.0,0.0,0.0,0.0,0.0,0.0,0.0,0.0,0.0,0.0
2026-06-09 08:24:42,-1.5550544479288355,2.743976343150951,1.8060632735640638,1.1251271894336101,2.2562715351522904,0.7280165799019329,0.1749502662524236,-2.075981834532829,36.838137236173765,37.24584366745828,36.727425183650524,14.0,20.0,35.0,-100,0.0,0.0,0.0,0.0,0.0,0.0,0.0,0.0,0.0,0.0
2026-06-09 08:24:43,1.0967008925011417,-2.6467415198104334,1.3444154367620245,-1.548652912586377,-0.43746201235201587,-0.9132607389725202,1.3123336675735686,1.6422132908798366,36.995670415808135,36.88890451894026,36.942705071281004,14.0,20.0,35.0,33.9,0.0,0.0,0.0,0.0,0.0,0.0,0.0,0.0,0.0,0.0
2026-06-09 08:24:44,-1.4399151198009312,2.009270999911184,-2.289361835565732,-2.93228437541785,2.039846544698767,2.313754990670194,-2.853747194361686,2.639851770981334,36.75933961086143,36.85382889437913,36.940807532840125,14.0,20.0,35.0,7.0,0.0,0.0,0.0,0.0,0.0,0.0,0.0,0.0,0.0,0.0
2026-06-09 08:24:45,1.4888586572491622,-0.058609951239218194,2.32607738309966,-0.042462185861150026,1.2770606796411972,-2.092600157172102,-0.5502188690965903,-1.13793281756519,36.73789687366906,37.236469449997166,36.75690698688175,14.0,20.0,35.0,-60.0,0.0,0.0,0.0,0.0,0.0,0.0,0.0,0.0,0.0,0.0
2026-06-09 08:24:47,2.177666168611836,-0.12655649747184672,0.4361757127716728,1.860459460285048,1.4864288348477022,-2.0224161377888548,1.762281166938779,2.529928014276127,36.953406316222626,36.90202718730604,37.077517553556966,14.0,20.0,35.0,-8.1,0.0,0.0,0.0,0.0,0.0,0.0,0.0,0.0,0.0,0.0
2026-06-09 08:24:48,-2.1761227651280235,0.7068095420598048,-2.826689134067357,0.7256602815341084,1.2038360355869688,-0.42777522240963606,-1.206060883304425,1.2509433390680647,37.09328826875307,37.2882981419669,36.965958712988595,14.0,20.0,35.0,54.0,0.0,0.0,0.0,0.0,0.0,0.0,0.0,0.0,0.0,0.0
2026-06-09 08:24:49,-1.6437743228243151,0.5364698453485506,1.938176373553051,-0.5232577652331205,0.609816738739422,-2.254726689332174,-1.1750499782236128,1.2884250859111095,36.67075930175068,37.207860575179645,36.75576540022859,14.0,20.0,35.0,-65.7,0.0,0.0,0.0,0.0,0.0,0.0,0.0,0.0,0.0,0.0
2026-06-09 08:24:51,-1.7956630380291034,0.7548556928907377,1.4457207667874226,1.0100035541334567,0.11691193879652761,2.843196553408566,-0.37539224870477916,2.0779843413442896,36.54370424735921,37.31368101889218,36.70321097507673,14.0,20.0,35.0,-55.7,0.0,0.0,0.0,0.0,0.0,0.0,0.0,0.0,0.0,0.0
2026-06-09 08:24:52,2.562770799441167,-1.2871479116509141,-2.8866951009475947,2.578663915734591,-1.5576062277758587,-2.9591251725723624,1.656451642146374,2.6862349587288508,37.0210592837696,37.0875631802246,36.930682335324256,15.0,20.0,35.0,107.3,0.0,0.0,0.0,0.0,0.0,0.0,0.0,0.0,0.0,0.0
2026-06-09 08:24:53,-1.0632653471772955,-2.989058114043135,-2.3714812141627073,2.8047836514903786,0.9872277320204272,1.1727797283172459,0.9405525276070796,-2.4398618803238907,36.57565250871418,37.258512705748394,36.75106367367658,15.0,20.0,35.0,139.7,0.0,0.0,0.0,0.0,0.0,0.0,0.0,0.0,0.0,0.0
2026-06-09 08:24:54,-1.6193637680283552,0.22739027593055017,2.330857915997491,-0.42063212128508454,1.150714745229175,0.4183637643430602,-0.6664779160240784,-2.2120455224353304,37.08523841058842,37.2798274572979,37.19560436656835,15.0,20.0,35.0,-66.3,0.0,0.0,0.0,0.0,0.0,0.0,0.0,0.0,0.0,0.0
2026-06-09 08:24:55,-0.33790062891402517,-0.20461118863373784,-0.9352597600745023,-1.151110116349905,-1.9529574407229402,1.389838878199492,0.7663545459075092,-2.9496430857037543,36.88528641506769,36.986256643879,37.179137571855115,15.0,20.0,35.0,30.6,0.0,0.0,0.0,0.0,0.0,0.0,0.0,0.0,0.0,0.0
2026-06-09 08:24:56,-0.08765331080278216,2.524300935984849,-2.7528254471180893,2.5947851833959357,-1.8185071269346753,-0.6758311660552421,2.9090876500192717,0.27173722958429014,37.098217076266614,36.80998232654796,37.25289096219415,15.0,20.0,35.0,7.0,0.0,0.0,0.0,0.0,0.0,0.0,0.0,0.0,0.0,0.0
2026-06-09 08:24:57,1.1086572408071067,2.8050890663516856,2.314020697585093,-2.7765220487668527,-2.1732246746114106,-2.38940618584646,1.96665661562196,-1.270684881523388,36.86734836068149,37.211197995668,37.04443628412886,15.0,20.0,35.0,-100,0.0,0.0,0.0,0.0,0.0,0.0,0.0,0.0,0.0,0.0
2026-06-09 08:24:58,-2.273781402558793,0.5224767651110809,-0.17074103619198677,-0.06842736032643293,1.4961968880868088,-0.9648092013081064,-2.926057912558974,-2.1818835473579705,36.84701445962202,37.384321224317645,37.18893651013986,15.0,20.0,35.0,-11.0,0.0,0.0,0.0,0.0,0.0,0.0,0.0,0.0,0.0,0.0
2026-06-09 08:24:59,1.7957839081426563,0.7260954670497575,-2.6972861477827177,-0.9126338748166187,-1.9917690652934295,2.2176358383999712,2.8299886403355394,0.08339822287732623,36.91572175934462,37.23111160936079,37.0396844405422,15.0,20.0,35.0,53.5,0.0,0.0,0.0,0.0,0.0,0.0,0.0,0.0,0.0,0.0
2026-06-09 08:25:01,-2.430484287967529,-2.3514772281368943,2.148274530789587,0.6064118610859945,2.2684350027611533,0.38459811232194907,-0.07227117242092174,-2.981699573180792,36.83976445161933,36.955669953520555,36.7483399858645,15.0,20.0,35.0,5.4,0.0,0.0,0.0,0.0,0.0,0.0,0.0,0.0,0.0,0.0
2026-06-09 08:25:02,1.4503192917689613,0.13392195551427255,-0.33928948455585317,-0.5652527557263429,0.5660782228807544,2.235131363228815,1.9055617883467733,2.5377303971849603,36.912974846589954,36.925630523342726,37.18527586521145,15.0,20.0,35.0,7.4,0.0,0.0,0.0,0.0,0.0,0.0,0.0,0.0,0.0,0.0
2026-06-09 08:25:03,-0.2717960626262652,2.579225089426653,2.081028710423138,-0.001153965707084481,1.976244627925686,-1.5684636178096594,2.8790547318283393,1.6681804006667313,36.74026814948824,37.26056931719905,37.28683800521416,15.0,20.0,35.0,-100,0.0,0.0,0.0,0.0,0.0,0.0,0.0,0.0,0.0,0.0
2026-06-09 08:25:04,-2.546974108788378,-2.542769615910159,1.3506684996047973,-1.1442740394399729,0.9808423624292528,2.4414879862687267,-0.6987695850292583,-0.24867105109143095,36.551954231639755,36.87697965916957,36.874154181710736,15.0,20.0,35.0,31.7,0.0,0.0,0.0,0.0,0.0,0.0,0.0,0.0,0.0,0.0
2026-06-09 08:25:05,-1.1606751002795725,2.8423888108750326,-0.1424483775510681,1.4337124786089923,2.6511753274840757,1.8228669995594124,2.704666590691727,-2.7393271497566736,36.7468711762714,37.11018505739899,36.901422883564095,15.0,20.0,35.0,-67.5,0.0,0.0,0.0,0.0,0.0,0.0,0.0,0.0,0.0,0.0
2026-06-09 08:25:06,-1.3023331189095726,2.7061804872468693,0.9496464940940328,-1.7469602735042264,-1.0451011331091133,0.8579213028084895,-1.951519879190919,-0.9545450176717267,36.68692638464225,37.21198913145667,36.76536990683127,15.0,20.0,35.0,-95.1,0.0,0.0,0.0,0.0,0.0,0.0,0.0,0.0,0.0,0.0
2026-06-09 08:25:07,-0.9333884143349165,-2.5375556344676085,0.22207397417640617,-0.8199193322897393,-1.9393570669743982,-2.354330505753502,-2.3598787316810217,-1.9867792750151614,36.77083220662917,37.31074511471647,37.11819834024372,15.0,20.0,35.0,57.5,0.0,0.0,0.0,0.0,0.0,0.0,0.0,0.0,0.0,0.0
2026-06-09 08:25:08,-2.1320679133138674,-0.09549792329558393,-1.9509926377773288,-0.6421925574601524,1.4983836248052018,1.16661713246374,-0.9107007336774764,1.6659744685988667,36.504838797593685,36.97253609073442,36.70589647981475,15.0,20.0,35.0,53.0,0.0,0.0,0.0,0.0,0.0,0.0,0.0,0.0,0.0,0.0
2026-06-09 08:25:09,2.9652998517783606,-2.025013821037069,-0.722149830586889,-2.0605594531336644,-2.7423561355585333,0.09223930862695529,-1.2522387220618996,0.8132967183658888,36.87523829321681,37.28772130769669,36.95200362480446,15.0,20.0,35.0,70.5,0.0,0.0,0.0,0.0,0.0,0.0,0.0,0.0,0.0,0.0
2026-06-09 08:25:11,0.25947367601366533,-0.3851977929011534,-0.8741890074510059,1.1722756028536834,-0.6916759063950626,-0.8497724931279143,-1.704673053054645,2.4595933840979303,36.77317523145161,37.284776678950585,37.04122573129904,15.0,20.0,35.0,31.3,0.0,0.0,0.0,0.0,0.0,0.0,0.0,0.0,0.0,0.0
2026-06-09 08:25:12,-0.9626339506876533,-0.8625333121939542,2.4707184935656468,0.5958963471692318,-2.252013923862905,-2.730658369581017,0.012408199050833346,-0.5372885878276206,36.675775175713746,37.12538717779025,37.217721955360005,15.0,20.0,35.0,-42.9,0.0,0.0,0.0,0.0,0.0,0.0,0.0,0.0,0.0,0.0
2026-06-09 08:25:13,1.4679749360934302,-2.3532700252660153,2.4966861341837827,1.8750700348018263,-2.3100202496026787,-1.938347214205473,1.3073034655023488,1.449800246631952,36.729421537164626,37.22179556794008,37.16266536983407,15.0,20.0,35.0,-4.0,0.0,0.0,0.0,0.0,0.0,0.0,0.0,0.0,0.0,0.0
2026-06-09 08:25:14,2.575840600894783,0.7081583421768878,-1.4581271292837767,0.8962500602302996,-1.6402222502393256,2.446883689365289,2.168888494337498,1.5055733193700132,37.00669610904606,37.0946819576784,36.96081622102536,15.0,20.0,35.0,21.7,0.0,0.0,0.0,0.0,0.0,0.0,0.0,0.0,0.0,0.0
2026-06-09 08:25:15,-0.040062106297551914,0.9598405943161525,-1.6150698269496564,-1.7653641649179677,0.7196867770346937,1.8339699432514633,-0.5116806009094637,-1.1369189402190811,36.68710665666599,37.22675907276711,36.70713918805482,15.0,20.0,35.0,17.6,0.0,0.0,0.0,0.0,0.0,0.0,0.0,0.0,0.0,0.0
2026-06-09 08:25:16,1.7396044409429408,-0.9843502501921746,0.4269312660697384,1.9550126387726268,-2.463774429270547,0.5681770989911366,-1.851202650240511,0.03639583122458978,36.653163579409764,37.07626147288702,37.238999448641195,15.0,20.0,35.0,13.8,0.0,0.0,0.0,0.0,0.0,0.0,0.0,0.0,0.0,0.0
2026-06-09 08:25:17,0.5163680635900132,-0.1259962960728087,2.410914921178218,1.8704702459299423,0.3258772369641614,0.3565036397988357,-2.3254059797998177,-0.8465121387025496,37.043923093667416,37.18049991178125,36.86804217747367,15.0,20.0,35.0,-60.1,0.0,0.0,0.0,0.0,0.0,0.0,0.0,0.0,0.0,0.0
2026-06-09 08:25:19,1.2238185358986886,0.7586373895703669,-0.8159771807948744,-2.7120293119641916,2.978505180385163,-1.0184867413587941,2.138627298005968,1.0469516482667025,37.03535339145995,37.25053534000737,37.08956358279562,15.0,20.0,35.0,2.0,0.0,0.0,0.0,0.0,0.0,0.0,0.0,0.0,0.0,0.0
2026-06-09 08:25:20,1.3978298709192325,-1.423138531375975,-1.107369034738908,1.9934224714075155,-1.4827086741917521,1.648053894463759,0.6149823472125906,-1.72109098962367,36.681566924962404,37.069458297824234,36.79873820959495,15.0,20.0,35.0,66.6,0.0,0.0,0.0,0.0,0.0,0.0,0.0,0.0,0.0,0.0
2026-06-09 08:25:21,0.8714827526376752,1.3469505362186807,0.18536568185650726,1.9658298748941485,0.07867155265329728,-1.3750877315423706,-2.313905785681585,2.9627170091548303,36.739083014936476,37.124214675325376,36.71302495780073,15.0,20.0,35.0,-41.5,0.0,0.0,0.0,0.0,0.0,0.0,0.0,0.0,0.0,0.0
2026-06-09 08:25:22,-2.240583038990721,0.165913152846775,0.11059707970390331,0.46213581169791684,-1.4901523455839965,0.7256565353256299,-2.359608175286413,-2.1047936007487715,36.504651791905616,37.11836419937299,36.86772446181761,15.0,20.0,35.0,-8.0,0.0,0.0,0.0,0.0,0.0,0.0,0.0,0.0,0.0,0.0
2026-06-09 08:25:23,2.9199703281116687,-1.9828681632866738,2.520562065905212,1.7407744834840368,1.5125672122067106,-2.910701547932971,-2.7698926679532843,1.7671945257932649,36.74023272424906,37.01313840238787,37.0758570033564,15.0,20.0,35.0,-16.7,0.0,0.0,0.0,0.0,0.0,0.0,0.0,0.0,0.0,0.0
2026-06-09 08:25:24,0.6332673915136526,-0.17878276600934484,2.8406840841400074,-2.424873044095615,2.3656808602629367,1.6307831083826576,1.4264083176370201,1.2811443011293342,36.95755253885602,37.18517746713394,36.88403326285219,15.0,20.0,35.0,-67.3,0.0,0.0,0.0,0.0,0.0,0.0,0.0,0.0,0.0,0.0
2026-06-09 08:25:25,-0.6221427031153386,-2.175894727416659,-2.913977065858886,-1.6525423437635773,-1.2747606693786917,-1.7088269052308955,-1.234550040504464,2.030879539209307,36.64320606203683,37.28529542117823,36.8580808306648,15.0,20.0,35.0,130.1,0.0,0.0,0.0,0.0,0.0,0.0,0.0,0.0,0.0,0.0
2026-06-09 08:25:26,2.8807231144058374,2.277414875837912,0.215310476137204,1.777602488370846,2.1091950617312305,0.7286749822301317,1.9967091562425203,1.1128609979617998,36.63141236597035,37.06138363556412,37.11104188744547,15.0,20.0,35.0,-63.1,0.0,0.0,0.0,0.0,0.0,0.0,0.0,0.0,0.0,0.0
2026-06-09 08:25:28,-1.3991885573362772,1.6917434751435518,-2.779468212853544,-2.86940636386708,-0.11446890667046539,2.0314511361123415,0.06619593589383044,2.1317140121914173,37.035969942044204,37.19089089075515,36.93210337524263,15.0,20.0,35.0,29.2,0.0,0.0,0.0,0.0,0.0,0.0,0.0,0.0,0.0,0.0
2026-06-09 08:25:29,-2.00214226268537,-1.2592681636447165,-2.291626605853973,2.208976341228631,0.1068475318808475,-2.123691462668468,2.6025296000372053,2.8433943842842373,36.66990250122727,36.92189263382675,37.20477765144519,15.0,20.0,35.0,92.1,0.0,0.0,0.0,0.0,0.0,0.0,0.0,0.0,0.0,0.0
2026-06-09 08:25:30,0.012903476419128701,-1.5517496943235964,-0.6763391489727866,1.855280548961579,1.3274360795114966,-1.1455672989380354,-2.010090504002834,-1.0074272969194351,36.569205189370685,37.14730505408091,36.966737803478914,15.0,20.0,35.0,56.0,0.0,0.0,0.0,0.0,0.0,0.0,0.0,0.0,0.0,0.0
2026-06-09 08:25:31,-0.303992688771225,0.5721003070115378,-0.9772408291124259,1.154278163904129,2.393254389807888,-1.9585867376575479,-0.02707838923205852,1.1254626022158387,36.87125055565377,36.881182833913364,36.91638336104899,15.0,20.0,35.0,9.5,0.0,0.0,0.0,0.0,0.0,0.0,0.0,0.0,0.0,0.0
2026-06-09 08:25:32,-2.6921164564472995,-2.1761142397209694,-0.16010646620583247,1.7287912037276945,-2.964369806846288,-2.8066193514416877,0.9418346730345766,-1.0433191980415988,36.93655450334311,37.15366205097552,36.81660816592665,15.0,20.0,35.0,59.5,0.0,0.0,0.0,0.0,0.0,0.0,0.0,0.0,0.0,0.0
2026-06-09 08:25:33,-2.5429972169669517,-1.815909551734621,1.3374949671826144,1.7912322980566788,-1.3124793341554197,-2.130736713123885,-0.5178018387596262,-0.13177394651307406,36.879835317781925,37.37015087704703,37.1054724922777,15.0,20.0,35.0,11.0,0.0,0.0,0.0,0.0,0.0,0.0,0.0,0.0,0.0,0.0
2026-06-09 08:25:35,0.700932086397557,-0.647485315325357,-1.2247874707570579,1.7753946303700125,-2.5608748155421086,-0.7038351737294777,-0.8170796119368386,-1.4331454189785255,36.65431981528635,36.96130852631199,37.25730905806328,15.0,20.0,35.0,47.7,0.0,0.0,0.0,0.0,0.0,0.0,0.0,0.0,0.0,0.0
2026-06-09 08:25:36,1.8741573233187907,0.6965887926653194,-0.4906908697022194,1.1455834502554634,-2.291975746163513,-0.6569944782409296,-2.82868159487027,-1.3710990299734598,36.780119040253474,37.185475094742685,36.84290166487081,15.0,20.0,35.0,-7.1,0.0,0.0,0.0,0.0,0.0,0.0,0.0,0.0,0.0,0.0
2026-06-09 08:25:37,-2.2061591813719033,-1.5378592366220514,0.5466489143495004,1.7505892413408297,-1.8936235978825653,2.653320708621532,0.8980128614929743,1.936503879642749,36.97655267675165,37.336572602954945,37.25182796777926,15.0,20.0,35.0,27.4,0.0,0.0,0.0,0.0,0.0,0.0,0.0,0.0,0.0,0.0
2026-06-09 08:25:38,0.6580839676198744,0.4752059012152552,0.6604582897065692,0.7725420740775815,-2.573649734940912,-1.2505003763183606,1.989269707889794,0.4721024361668924,37.08546290268519,36.84085555758699,36.89423603918583,15.0,20.0,35.0,-29.0,0.0,0.0,0.0,0.0,0.0,0.0,0.0,0.0,0.0,0.0
2026-06-09 08:25:40,-1.0035545941936213,0.17209222450076522,-1.4965101364032791,-2.2392139698284916,2.22842079145655,-2.743305340841399,-1.9540740879110008,-0.14192334768342274,36.62541707203458,37.10652759600374,37.06989906069248,15.0,20.0,35.0,31.9,0.0,0.0,0.0,0.0,0.0,0.0,0.0,0.0,0.0,0.0
2026-06-09 08:25:41,1.360492263218287,-2.4229421471624737,2.070875907745812,2.1033947158826276,-1.1527517249941395,-1.055169039194581,-0.846978019337671,2.5235122197709368,36.95903791987224,37.048601570491606,37.1906809195857,15.0,20.0,35.0,8.2,0.0,0.0,0.0,0.0,0.0,0.0,0.0,0.0,0.0,0.0
2026-06-09 08:25:42,-0.4252372899003989,-2.0052029538902962,-0.7248711262889849,-1.9105960774152257,-2.0396213228308055,1.8597400740154928,1.5823519862897966,0.34380556049509625,36.59090656674189,37.11729895427173,36.94270098204889,15.0,20.0,35.0,72.3,0.0,0.0,0.0,0.0,0.0,0.0,0.0,0.0,0.0,0.0
2026-06-09 08:25:43,0.7860846491786826,1.5625894685559905,2.4807789310477455,1.9559884000154106,0.6195845835034217,-1.6343669126624254,-1.386918973758748,0.3956584205827398,37.03925268856568,36.84990998741179,36.918169103011074,15.0,20.0,35.0,-100,0.0,0.0,0.0,0.0,0.0,0.0,0.0,0.0,0.0,0.0
2026-06-09 08:25:44,2.207431799286603,-1.2092085408931188,2.8277103750090564,0.31563799694682704,1.793798648810327,-2.210630128779225,2.8641397066544396,1.5694157861430016,36.66840532761318,37.0993918847872,36.886842155776876,15.0,20.0,35.0,-41.5,0.0,0.0,0.0,0.0,0.0,0.0,0.0,0.0,0.0,0.0
2026-06-09 08:25:45,1.4875937855839734,-2.9942912785113203,1.9906634756207273,2.3010926777617193,2.7473299375262616,0.541119267878698,-0.04824635215410433,2.758576558304883,36.922548583339356,37.15942764410048,36.702594709099436,15.0,20.0,35.0,26.2,0.0,0.0,0.0,0.0,0.0,0.0,0.0,0.0,0.0,0.0
2026-06-09 08:25:46,-2.713745361808318,-0.42833235213291765,-1.5575805834454355,-1.0191132120628348,0.2545868454345417,-1.6132984748903623,-2.541066468362713,-1.3333853255344024,36.59847778942179,37.097152414156874,37.02363965176503,15.0,20.0,35.0,49.3,0.0,0.0,0.0,0.0,0.0,0.0,0.0,0.0,0.0,0.0
2026-06-09 08:25:48,-1.1475310506458927,-2.7948141569727882,1.204737116965279,1.8888531702718359,0.13689758969718424,2.017321069037216,-1.2954333113196486,-0.6877528137522866,36.5628311145565,37.14237116106523,36.84704327999731,15.0,20.0,35.0,41.5,0.0,0.0,0.0,0.0,0.0,0.0,0.0,0.0,0.0,0.0
2026-06-09 08:25:49,1.067748908351355,0.5034224583675848,1.8144473293252181,1.4781977737110923,0.12383113124209588,-2.0703873351867372,-2.547068434179325,-2.664565772228985,36.93755196358846,37.31901482679923,36.90591959676345,15.0,20.0,35.0,-62.2,0.0,0.0,0.0,0.0,0.0,0.0,0.0,0.0,0.0,0.0
2026-06-09 08:25:50,1.3303537008292254,-2.0739395888685594,2.0461585093131873,-2.7668455171785347,-2.1156159724973675,-0.2758519942912141,2.643839179360782,0.39516693178387285,37.014831200706425,36.80175069300209,36.84738805488972,15.0,20.0,35.0,1.9,0.0,0.0,0.0,0.0,0.0,0.0,0.0,0.0,0.0,0.0
2026-06-09 08:25:51,-1.6320732048949274,1.264445566457109,-0.7530426274515336,2.438347152857948,2.5981051653652845,-1.079729000550903,0.47412437816586106,-1.2954129028409003,36.96203475243386,37.09492310773316,36.928652213933674,15.0,20.0,35.0,-13.5,0.0,0.0,0.0,0.0,0.0,0.0,0.0,0.0,0.0,0.0
2026-06-09 08:25:52,0.11798113553071765,0.07536982641608869,-0.29495959760585944,2.9307249140221128,0.023580480409806537,2.721929758833541,0.05629312379573248,1.72640542712917,36.52455113286832,37.18588291547674,36.78492331866302,15.0,20.0,35.0,7.1,0.0,0.0,0.0,0.0,0.0,0.0,0.0,0.0,0.0,0.0
2026-06-09 08:25:54,2.2157576914493085,-2.134304640412397,-1.5791042245066131,2.0938895174498464,2.2615882454072995,0.17580540832924996,1.1068835647575606,0.7588537667025035,37.084478494008614,37.1773869985539,36.72126764872313,15.0,20.0,35.0,96.7,0.0,0.0,0.0,0.0,0.0,0.0,0.0,0.0,0.0,0.0
2026-06-09 08:25:55,0.6970408451187939,2.881315604053958,0.40259019826767517,1.0713406676131036,-0.6938173572679385,0.6453245840558015,-2.9828761119293623,0.5818846066590946,36.86214971334477,37.10483739282303,37.2657633646784,15.0,20.0,35.0,-86.1,0.0,0.0,0.0,0.0,0.0,0.0,0.0,0.0,0.0,0.0
2026-06-09 08:25:56,2.8471300236478925,2.2474679033694454,1.9577282637076916,0.4559773217513481,2.9723787495125746,0.7819624815277928,1.8408740439452487,-1.5925323574632426,36.5295572201977,36.993431238506446,37.0338741588927,15.0,20.0,35.0,-100,0.0,0.0,0.0,0.0,0.0,0.0,0.0,0.0,0.0,0.0
2026-06-09 08:25:57,1.9735341337987151,1.2205564965437592,-1.2291226794042518,2.841350305423969,0.624034034196673,-1.8122303155305268,1.1540653651388828,1.9279547266238968,36.639514453822905,37.34884159157278,36.934527969040616,15.0,20.0,35.0,-0.1,0.0,0.0,0.0,0.0,0.0,0.0,0.0,0.0,0.0,0.0
2026-06-09 08:25:58,-0.575783256773347,-1.114881745740641,0.907915701624411,1.654640471800315,1.506054929372083,0.19184308273823314,-1.121504672405327,-2.318401416937969,36.90359526119642,37.21045325061812,36.73139948332424,15.0,20.0,35.0,4.9,0.0,0.0,0.0,0.0,0.0,0.0,0.0,0.0,0.0,0.0
2026-06-09 08:25:59,1.8823805032866359,1.7721273877669823,0.2568437255979954,0.7779503649929129,1.3116640621927012,2.340442714538752,2.1869347317841097,-2.652166784362378,36.78569296741667,36.961844636726774,36.89176010884818,15.0,20.0,35.0,-50.2,0.0,0.0,0.0,0.0,0.0,0.0,0.0,0.0,0.0,0.0
2026-06-09 08:26:01,0.43499049930099787,0.08889233245836525,-2.035294873130293,0.9393528248555274,-1.212113197994108,-2.38414324002085,0.5408997357682095,-2.862177794192068,36.88658083782857,37.225897983627576,37.2389497523536,15.0,20.0,35.0,49.4,0.0,0.0,0.0,0.0,0.0,0.0,0.0,0.0,0.0,0.0
2026-06-09 08:26:02,-2.813287142255758,1.0609172372422817,0.6318733437512347,0.4719485970244679,0.2533253823642063,1.2326577087936021,-1.202758495212885,0.375051899681619,36.653664581432814,37.2309211481131,36.72814282825016,15.0,20.0,35.0,-43.8,0.0,0.0,0.0,0.0,0.0,0.0,0.0,0.0,0.0,0.0
2026-06-09 08:26:04,-0.8858629457042353,2.1237781131684166,-0.4353528389821104,1.1592321061141329,1.6136031744317805,0.5380584607222185,-0.561170142646132,2.832108078283807,37.02333995944092,37.30454762998021,37.22744243964267,15.0,20.0,35.0,-43.7,0.0,0.0,0.0,0.0,0.0,0.0,0.0,0.0,0.0,0.0
2026-06-09 08:26:05,1.9029888808160464,-2.911158483374817,0.1191280298067321,2.1893617212861107,-2.0700816544054264,0.8772877635750533,-2.5676235819861155,2.0775080757811226,36.79593957562233,36.973402040245496,36.86604661148331,15.0,20.0,35.0,71.3,0.0,0.0,0.0,0.0,0.0,0.0,0.0,0.0,0.0,0.0
2026-06-09 08:26:06,-1.6523326789776558,1.6607179811216781,-0.2966494875332093,-1.0825910685626317,-0.5908514847191255,-1.06691435284945,0.24923528607989853,2.0905409750013497,36.92490476386905,37.242210702038285,37.05560120279635,15.0,20.0,35.0,-35.7,0.0,0.0,0.0,0.0,0.0,0.0,0.0,0.0,0.0,0.0
2026-06-09 08:26:08,-1.148339038514396,0.9055978645597511,-1.9683548185017596,-1.0430395093494318,2.10327765175086,-0.19230908573251426,-0.11421388908162111,-2.499834210243063,36.59003379701,36.89172690839721,36.793988808813126,15.0,20.0,35.0,27.3,0.0,0.0,0.0,0.0,0.0,0.0,0.0,0.0,0.0,0.0
2026-06-09 08:26:09,-1.8662637412594176,-1.072662292943362,2.52076194446939,1.1192438371751239,0.34589719416176745,-1.5430446438073575,1.3584678746543908,-1.4696845405917398,37.06517524091797,37.31028209989451,36.90744655336207,15.0,20.0,35.0,-37.5,0.0,0.0,0.0,0.0,0.0,0.0,0.0,0.0,0.0,0.0
2026-06-09 08:26:10,1.715256666395332,-0.34432928191831547,-2.7964242769908054,0.5166548291917481,-1.2348397647777618,0.2014281548528878,1.3695221826529966,-0.07203063759492778,36.9159661216864,36.85292761946897,36.82309125181949,15.0,20.0,35.0,82.0,0.0,0.0,0.0,0.0,0.0,0.0,0.0,0.0,0.0,0.0
2026-06-09 08:26:11,0.88463050419552,2.157127254344725,0.8469888896102171,-1.9399109656001534,0.7697391248063306,-0.715338602808417,0.2972098114923778,-1.0506977651013008,36.59689832656424,36.83049818191815,36.77190875685332,15.0,20.0,35.0,-77.9,0.0,0.0,0.0,0.0,0.0,0.0,0.0,0.0,0.0,0.0
2026-06-09 08:26:12,2.2951799407601063,1.9172290068251527,2.8019940474574163,-2.986058020406285,0.7178755414458013,0.04987415764342851,2.2449073525230387,-0.704092161885471,36.52048118565069,37.24591365426928,37.092272062783216,15.0,20.0,35.0,-100,0.0,0.0,0.0,0.0,0.0,0.0,0.0,0.0,0.0,0.0
2026-06-09 08:26:13,-0.8623366535136521,-1.7247719676334852,2.986222133380612,0.8436772548953466,-1.0707200349864752,0.2941111653109072,-1.5439890756578436,0.2794024335192731,37.0361724304369,37.043522802036215,37.146325808317734,15.0,20.0,35.0,-33.2,0.0,0.0,0.0,0.0,0.0,0.0,0.0,0.0,0.0,0.0
2026-06-09 08:26:15,-2.404553410785854,-0.23333060072403367,-1.9733511469991971,1.5192146399594861,2.995773726903889,0.23929955580461115,-2.0209402498648847,1.1294041582880068,36.52230559168856,37.12966937152737,37.19988750899711,15.0,20.0,35.0,56.2,0.0,0.0,0.0,0.0,0.0,0.0,0.0,0.0,0.0,0.0
2026-06-09 08:26:16,2.3249291970723105,-1.6244844227874538,-0.29170367388425333,-0.38344228931819213,2.227327013702663,1.3706836331577268,1.042677128762275,-2.1274087491791414,36.91640554265235,36.92651218557834,37.20083772297743,15.0,20.0,35.0,50.8,0.0,0.0,0.0,0.0,0.0,0.0,0.0,0.0,0.0,0.0
2026-06-09 08:26:17,-0.28709523211792476,-1.5947316394624549,1.4297762432642074,0.4596462431343422,0.4903989938635198,0.3773446558669251,1.3181501381766196,1.871312296832759,36.84886716745399,37.02791296830946,37.2255649685042,15.0,20.0,35.0,5.1,0.0,0.0,0.0,0.0,0.0,0.0,0.0,0.0,0.0,0.0
2026-06-09 08:26:19,0.0012220160055278484,-2.54189739205908,0.39377173714590796,-2.6958365150193777,1.4770560037069291,2.226926759308105,-1.8849605861198033,0.31397107784734457,36.98472523948059,37.339072284282146,37.08622824292316,15.0,20.0,35.0,55.7,0.0,0.0,0.0,0.0,0.0,0.0,0.0,0.0,0.0,0.0
2026-06-09 08:26:20,-0.6611287418747125,-2.251263564111375,2.7212221250915576,1.5391769005649136,-0.5586786235743348,1.6054741471575822,2.531892951643586,-0.4346774134348115,37.00074674945541,37.38262066817757,37.04046110442336,15.0,20.0,35.0,-10.1,0.0,0.0,0.0,0.0,0.0,0.0,0.0,0.0,0.0,0.0
2026-06-09 08:26:21,1.3696831550273991,0.8028812594116497,1.9422146199879666,1.7931381129786494,2.0543337805296717,-2.526644511510405,-1.587566967689275,-2.5144465476353313,36.84019622882997,37.215577941226016,37.145326101828495,15.0,20.0,35.0,-73.0,0.0,0.0,0.0,0.0,0.0,0.0,0.0,0.0,0.0,0.0
2026-06-09 08:26:22,-0.7289092942731887,0.4471089315665284,-1.5278882177392392,2.8498701314621657,-2.402988122403139,-2.512234668318864,1.741878051853197,1.9849655251873788,36.62410537202817,37.1338907260417,36.794098029462255,15.0,20.0,35.0,27.6,0.0,0.0,0.0,0.0,0.0,0.0,0.0,0.0,0.0,0.0
2026-06-09 08:26:23,-0.9995147802018689,0.7922827031485156,-2.603949981819582,0.5599763897608958,2.1492259851923343,-0.05468377119995438,-2.107242758695728,2.010736008294943,36.73850661859699,37.31971470051132,37.05567309146184,15.0,20.0,35.0,45.8,0.0,0.0,0.0,0.0,0.0,0.0,0.0,0.0,0.0,0.0
2026-06-09 08:26:24,-0.0881069096949938,1.7798263119151958,2.153557576483033,-1.0379011073737603,0.8650178508019812,2.1656487027178812,-2.797076214715777,-0.7390594462639184,36.687667849238615,36.853939430672305,36.75938672317362,15.0,20.0,35.0,-100,0.0,0.0,0.0,0.0,0.0,0.0,0.0,0.0,0.0,0.0
2026-06-09 08:26:26,2.224355465781822,-2.216523461865335,2.0945411082774674,-0.44604637369009836,0.8269618992447993,-0.3504648450967274,0.1236162853958751,-2.9726113084525805,36.85840124871146,36.85694587987827,37.04085620808071,15.0,20.0,35.0,3.0,0.0,0.0,0.0,0.0,0.0,0.0,0.0,0.0,0.0,0.0
2026-06-09 08:26:27,1.726745614107827,-2.1145898150749387,1.4447499872268557,-2.606159013136993,2.5664789233966907,-1.1331162715591778,-2.3276195951126954,0.8151210471337125,36.920132403846715,37.14813903116548,36.718278613554574,15.0,20.0,35.0,15.6,0.0,0.0,0.0,0.0,0.0,0.0,0.0,0.0,0.0,0.0
2026-06-09 08:26:28,-1.7873134513508948,0.6649608195708252,-0.6680126550273142,-2.6341651097374466,-0.026451188748489507,-1.2144670883227633,0.47060107735753487,-1.7288735255451038,36.56127855173445,36.88377409419256,36.737912985296326,15.0,20.0,35.0,-0.3,0.0,0.0,0.0,0.0,0.0,0.0,0.0,0.0,0.0,0.0
2026-06-09 08:26:30,2.8773480780422522,0.7152153467022342,-1.7315879131693235,1.0847858534351076,1.7298886714696797,1.9345016644516226,-0.684939602582082,-0.30465572968404153,36.858605571946356,36.951782756206306,37.270608717321565,15.0,20.0,35.0,26.9,0.0,0.0,0.0,0.0,0.0,0.0,0.0,0.0,0.0,0.0
2026-06-09 08:26:31,2.8021552201367754,-1.7269722696756769,2.9112005380382477,0.8994417586613253,-1.7467687399627188,-0.08421307532678313,-0.11035213120328624,-1.3871618391097187,37.003038103664885,37.28254911944996,36.83710295703211,15.0,20.0,35.0,-30.7,0.0,0.0,0.0,0.0,0.0,0.0,0.0,0.0,0.0,0.0
2026-06-09 08:26:32,1.5841286066223619,-1.3730231300307707,0.2947011304799574,-0.19415151958284405,-0.13028326663222023,2.4228044211920974,-1.7290129173530293,-1.135925952567653,36.56970508978071,37.35633551877619,37.02308906317207,15.0,20.0,35.0,28.2,0.0,0.0,0.0,0.0,0.0,0.0,0.0,0.0,0.0,0.0
2026-06-09 08:26:33,-1.267909197748258,-0.7330995589235112,0.711788506209361,0.0542019351237526,0.021959477135228056,0.3853439719577918,1.1072945274473405,-2.1874677391759745,36.52521920108464,37.04931601119122,37.19118126553007,15.0,20.0,35.0,1.3,0.0,0.0,0.0,0.0,0.0,0.0,0.0,0.0,0.0,0.0
2026-06-09 08:26:34,-2.701452635734113,-0.43193768995896775,-2.9865567965314064,-2.260338670652847,0.41452842224111563,1.0624078695289922,1.0283711327913139,-0.011082181094524302,36.981005934715924,37.24529955559266,36.867236431647534,15.0,20.0,35.0,89.4,0.0,0.0,0.0,0.0,0.0,0.0,0.0,0.0,0.0,0.0
2026-06-09 08:26:35,2.8487013728290336,1.2298728532830818,-1.3671448482392377,-1.5319652972333582,-0.6930725860584799,1.7786610809500996,0.98241534527524,2.470504521496495,36.82785312862654,37.21799907540047,36.969201730743514,15.0,20.0,35.0,4.9,0.0,0.0,0.0,0.0,0.0,0.0,0.0,0.0,0.0,0.0
2026-06-09 08:26:36,1.3488322579026626,-2.6950214441982454,0.896552425553383,0.23549710705795812,0.4809110357720612,1.5530112300459553,1.9943729615024708,-0.5629944086799581,36.618572846070485,36.81564890973411,36.81736505867956,15.0,20.0,35.0,48.3,0.0,0.0,0.0,0.0,0.0,0.0,0.0,0.0,0.0,0.0
2026-06-09 08:26:38,-1.5094104909052375,2.714774710757199,0.49382240902169716,1.2078961330211229,-1.690150929243363,1.6475833865690985,2.5052467279946313,2.5352108505970072,36.52051809194254,37.379981893197716,36.73514346613235,15.0,20.0,35.0,-80.9,0.0,0.0,0.0,0.0,0.0,0.0,0.0,0.0,0.0,0.0
2026-06-09 08:26:39,-2.2924921189575027,1.0757740507032132,-1.3657880665790167,2.0743222958272156,-2.590297958853365,0.12122986265548974,-2.428282191679094,-1.4995330929969568,36.74258078861918,37.101936482835804,37.12363165055917,15.0,20.0,35.0,6.3,0.0,0.0,0.0,0.0,0.0,0.0,0.0,0.0,0.0,0.0
2026-06-09 08:26:40,0.1301714683181272,-1.8399649303703336,-0.5766378525062446,-2.1713040320927104,2.5080318755421764,0.7906055576100357,-0.23511474359157258,1.156079884092545,36.734154626979205,37.35700021055418,36.85388068884092,15.0,20.0,35.0,62.8,0.0,0.0,0.0,0.0,0.0,0.0,0.0,0.0,0.0,0.0
2026-06-09 08:26:41,1.8715072238195054,-0.926841727280233,-0.668259697246318,0.8787982048511553,-2.642789028103876,1.7107760218495613,1.2441260595301982,0.23679205890423916,36.54476219846471,37.24188845492837,36.761049727466315,15.0,20.0,35.0,42.7,0.0,0.0,0.0,0.0,0.0,0.0,0.0,0.0,0.0,0.0
2026-06-09 08:26:42,1.7368920785775988,2.3752407801496016,1.8930196317330994,-0.0027649963670195454,0.3583740511689202,-2.923594247698105,-2.538218049248531,-1.9869629127518145,36.52767019144098,37.32335769131664,36.8310718076233,15.0,20.0,35.0,-100,0.0,0.0,0.0,0.0,0.0,0.0,0.0,0.0,0.0,0.0
2026-06-09 08:26:44,-2.4566069116470692,-1.9701807087638157,-1.359467759576685,0.05471830334244743,-0.8141177698780497,-1.1577110375597526,0.20438163332732628,0.6014388221878386,36.94180499627041,37.24035455459864,36.79518814740365,15.0,20.0,35.0,85.6,0.0,0.0,0.0,0.0,0.0,0.0,0.0,0.0,0.0,0.0
2026-06-09 08:26:45,0.2614281567350911,1.9435083758231348,-0.5981051596643683,0.8885274444366926,-1.8937143220305321,2.919605008225469,-0.20993046461763054,-2.7355839861419335,36.95432109123693,36.9598882945052,37.296304023184604,15.0,20.0,35.0,-33.4,0.0,0.0,0.0,0.0,0.0,0.0,0.0,0.0,0.0,0.0
2026-06-09 08:26:46,0.003834175327267708,0.7613961926892809,1.9889764782012698,2.7816895486194113,1.2178061016024158,-2.9790437588944574,1.9213329715472351,2.362502196573474,36.595880295385854,37.382332956396084,36.99491934225729,15.0,20.0,35.0,-71.6,0.0,0.0,0.0,0.0,0.0,0.0,0.0,0.0,0.0,0.0
2026-06-09 08:26:47,-1.449695089293702,0.17259757462072223,0.2603426080584006,-0.8675027208868666,-1.4498545367545999,-1.2568678615817714,0.2949351175292634,0.20940718406734593,36.50343971688747,37.1388579639947,37.23649555396572,15.0,20.0,35.0,-11.7,0.0,0.0,0.0,0.0,0.0,0.0,0.0,0.0,0.0,0.0
2026-06-09 08:26:48,-1.1308475240804583,0.9892682217025657,0.2152389828369068,-1.9196128854449501,0.8665927936322073,2.8808462895659277,-2.783500441639171,1.6733161787543196,37.03585161288647,36.925112839154636,37.09704758140782,15.0,20.0,35.0,-31.1,0.0,0.0,0.0,0.0,0.0,0.0,0.0,0.0,0.0,0.0
2026-06-09 08:26:49,-2.0490404800755697,-2.2998031022036916,1.2052290209373968,-2.0832627507360617,-0.602210469152773,2.10285503810462,-0.9337541240408003,-2.9863129618936592,37.07392029176762,37.02385572475145,37.29660415794294,15.0,20.0,35.0,28.9,0.0,0.0,0.0,0.0,0.0,0.0,0.0,0.0,0.0,0.0
2026-06-09 08:26:50,-1.7632267227941898,0.8494599877357305,1.1646212630393995,-2.2760268408551365,-2.7500734251257644,0.645430536341518,2.060114846877762,-1.0849097707042308,37.057742160142354,37.17796916748063,37.06158914514841,15.0,20.0,35.0,-50.7,0.0,0.0,0.0,0.0,0.0,0.0,0.0,0.0,0.0,0.0
2026-06-09 08:26:52,-2.9481354783083304,2.4051934532862163,0.35760637848082766,-0.5423150221648418,1.0088091042113385,1.2748832896214477,-0.9208314574428278,1.9476243150924617,36.87598586015837,36.84729896890068,37.289329491276774,14.0,20.0,35.0,-71.3,0.0,0.0,0.0,0.0,0.0,0.0,0.0,0.0,0.0,0.0
2026-06-09 08:26:53,-2.179929872896535,-0.484438442298198,0.5496114057050647,1.4812309487448587,1.1721813320752545,0.0005883364265955038,2.7659505061605767,-0.8032061270573365,36.946895374736826,36.92744941350159,37.29590243451993,14.0,20.0,35.0,-0.3,0.0,0.0,0.0,0.0,0.0,0.0,0.0,0.0,0.0,0.0
2026-06-09 08:26:54,2.0536220877252376,-0.5248967768808424,0.675224378341821,-0.06887760434583257,-1.1048111758560555,-2.656091526302559,2.4564971551202515,-2.338439426367324,36.62941820552522,37.015000071746414,37.29205021928014,14.0,20.0,35.0,-4.0,0.0,0.0,0.0,0.0,0.0,0.0,0.0,0.0,0.0,0.0
2026-06-09 08:26:55,2.6895575583954114,0.8531831586072771,1.91800037670839,-0.6475391241682855,1.4265028377899345,0.90951830522833,-0.4533411085115895,0.5230157774923052,36.56390997966059,36.97062394427238,37.16254686083191,14.0,20.0,35.0,-71.4,0.0,0.0,0.0,0.0,0.0,0.0,0.0,0.0,0.0,0.0
2026-06-09 08:26:56,-1.1329351802648198,1.5804421008004246,-1.1625253565259654,2.174853667289536,2.643857860597909,-0.19425815078932906,-1.6420412882568085,2.855157741317555,37.02661850991294,37.33590262686156,37.164942408950935,14.0,20.0,35.0,-11.7,0.0,0.0,0.0,0.0,0.0,0.0,0.0,0.0,0.0,0.0
2026-06-09 08:26:58,-1.177268280286723,1.5718860909414953,-0.9278412421514717,-1.1483165718806072,-1.7269038148816143,-1.8826255365368436,-0.23591188483731962,1.2133121238645996,36.6198181044613,36.84090026001246,36.83882063488356,14.0,20.0,35.0,-17.7,0.0,0.0,0.0,0.0,0.0,0.0,0.0,0.0,0.0,0.0
2026-06-09 08:26:59,-2.1346105853436335,-0.5918232729478445,-2.8103580351231647,1.4769012343347656,-2.0474439395394217,0.34374800622582313,-1.4630153907501484,-0.0288062281444601,36.841992557708664,37.17638242658217,37.052202569129555,14.0,20.0,35.0,87.4,0.0,0.0,0.0,0.0,0.0,0.0,0.0,0.0,0.0,0.0
2026-06-09 08:27:00,2.951797753371708,-0.3574165444797943,0.6299734520926048,-2.1498997364918457,2.65688993083031,-1.042607294138826,2.298918612617298,-2.7648191499531998,36.624518644789426,36.878503128008674,37.00778059380647,14.0,20.0,35.0,-6.4,0.0,0.0,0.0,0.0,0.0,0.0,0.0,0.0,0.0,0.0
2026-06-09 08:27:01,2.0370315594481507,-2.3954657223180678,0.6409323045726989,-1.5055827550006982,1.0828787798754274,2.2930141663888897,1.8807574705677688,-0.6980488020475941,36.78456151917119,37.10515303942524,36.79553381459743,14.0,20.0,35.0,47.5,0.0,0.0,0.0,0.0,0.0,0.0,0.0,0.0,0.0,0.0
2026-06-09 08:27:02,-0.07466491894776883,-2.5301140827564295,1.7970415582086527,-1.851549288070722,-2.340285451466543,0.07005904951128539,-2.2103985188976476,-0.7615586267673482,36.99689000435161,36.939273529163934,36.950544347313134,14.0,20.0,35.0,17.9,0.0,0.0,0.0,0.0,0.0,0.0,0.0,0.0,0.0,0.0
2026-06-09 08:27:04,1.7451451893239787,1.8283847160563091,-2.1354646269727833,-0.27526880386640684,1.0389527358078112,-2.382404838209551,-0.782259494594105,-0.8120104004889592,37.051973400725615,37.376398801965564,36.94228485018128,14.0,20.0,35.0,6.4,0.0,0.0,0.0,0.0,0.0,0.0,0.0,0.0,0.0,0.0
2026-06-09 08:27:05,-2.720386744874081,-1.6797071183689218,0.1993402329198526,2.7776333070534402,-2.282918148778889,-1.5557748168575658,1.6637480526228279,-1.0246801108778172,36.87875065752564,37.39424254842547,36.73837176271702,14.0,20.0,35.0,38.3,0.0,0.0,0.0,0.0,0.0,0.0,0.0,0.0,0.0,0.0
2026-06-09 08:27:06,0.1308673425876119,-2.517843486646825,2.8262084229363884,-2.9928639414394924,-1.3325987786852245,-2.4089042209529556,1.6235400485831306,-0.5684394696034358,36.616780721060124,37.07829716120608,36.84832612970488,14.0,20.0,35.0,-8.4,0.0,0.0,0.0,0.0,0.0,0.0,0.0,0.0,0.0,0.0
2026-06-09 08:27:07,0.9227788844661129,0.8536620026175266,0.7689625439298231,1.591799792158782,1.1071884469655195,-2.0073565419592265,1.8124180366563065,2.0093185304325125,36.65483370525165,36.87404918427315,37.06996156270139,14.0,20.0,35.0,-42.1,0.0,0.0,0.0,0.0,0.0,0.0,0.0,0.0,0.0,0.0
2026-06-09 08:27:08,2.553318413343616,-2.441592943169279,-0.6749533190911015,0.35937331113992776,1.298643808802499,2.6128747317320045,0.9305323405359323,0.48311103556226476,36.6476152361359,36.97260207182426,37.067888787596914,14.0,20.0,35.0,82.4,0.0,0.0,0.0,0.0,0.0,0.0,0.0,0.0,0.0,0.0
2026-06-09 08:27:10,2.845602755431952,0.06276877898231703,-0.5169718715451936,2.4499923616989614,1.826616442613493,2.1979185808968946,2.593593608029254,-1.0494471788381132,36.786893316143576,36.81288918278928,37.14828705655592,14.0,20.0,35.0,14.1,0.0,0.0,0.0,0.0,0.0,0.0,0.0,0.0,0.0,0.0
2026-06-09 08:27:11,-2.8156379670895806,-1.4335472673885805,-2.4377565938522165,1.8355134566002764,0.11918140281326384,1.784108380947405,1.4887527514727283,2.9714073020261154,36.95291815783441,37.31924331895119,37.24037549734398,14.0,20.0,35.0,101.7,0.0,0.0,0.0,0.0,0.0,0.0,0.0,0.0,0.0,0.0
2026-06-09 08:27:12,-2.089687761478679,2.0046025151933025,-2.2236485740746605,1.3129265370935634,2.2144202907197714,2.782633334145899,1.4621651105204592,1.3571682205207143,36.52311027822261,37.380584974274875,37.104821258839536,14.0,20.0,35.0,7.8,0.0,0.0,0.0,0.0,0.0,0.0,0.0,0.0,0.0,0.0
2026-06-09 08:27:13,2.392833927889537,0.26622396562727957,-0.679361359014961,2.757840384256217,-2.6662295452235045,2.2729058614376054,-1.477476947613554,-2.0740806439609205,36.730615108032104,37.1284634660411,36.71232492418615,14.0,20.0,35.0,11.1,0.0,0.0,0.0,0.0,0.0,0.0,0.0,0.0,0.0,0.0
2026-06-09 08:27:14,-1.458956682299111,-1.0175040665132806,2.186024859518974,0.8817730487842894,-0.46309719435414376,-1.160649833860509,0.15973955524272831,1.8469299064188842,36.7822704616016,36.981900592759374,36.83850239048466,14.0,20.0,35.0,-30.7,0.0,0.0,0.0,0.0,0.0,0.0,0.0,0.0,0.0,0.0
2026-06-09 08:27:16,0.3733721477262151,-2.5666158770351983,-1.4963583265316636,0.8192846661384832,1.2759393751939783,-2.5988770419108373,-1.1430445954515316,-0.7797458558251784,36.77616772212296,37.36344147555997,37.11682843747149,14.0,20.0,35.0,103.2,0.0,0.0,0.0,0.0,0.0,0.0,0.0,0.0,0.0,0.0
2026-06-09 08:27:17,-1.7074142987014993,-1.7656042962251404,0.34855669256100796,1.1565843755311258,2.49413271041262,-2.98969062628818,-2.003132379353967,-0.9565255923266456,36.72000403290018,36.98400040363893,36.99568389193264,14.0,20.0,35.0,34.1,0.0,0.0,0.0,0.0,0.0,0.0,0.0,0.0,0.0,0.0
2026-06-09 08:27:18,-2.2514644281487683,1.9969127942027871,-2.960055793305038,-2.4112528935206266,1.4820963231301336,-2.7216599481086003,-2.934037112072765,-0.9605919452159077,36.824709306019116,37.17535304591404,37.23969408463594,14.0,20.0,35.0,22.1,0.0,0.0,0.0,0.0,0.0,0.0,0.0,0.0,0.0,0.0
2026-06-09 08:27:20,-1.4084636580879417,0.2075010101192296,1.7149178650591486,1.592621497914319,-2.0009425937143934,-0.11706939710127529,-0.7050812646712137,-1.272530287174931,36.509979117366136,37.085349611357096,36.87737978039422,14.0,20.0,35.0,-50.1,0.0,0.0,0.0,0.0,0.0,0.0,0.0,0.0,0.0,0.0
2026-06-09 08:27:21,1.830288800614575,0.8542240605802842,2.5054464672755694,2.304962325259128,0.6082906564758783,-2.353622143026824,2.3157047764123275,-1.4940577783179847,36.688194687197296,36.93883884303682,36.7335984774624,14.0,20.0,35.0,-86.9,0.0,0.0,0.0,0.0,0.0,0.0,0.0,0.0,0.0,0.0
2026-06-09 08:27:22,0.34472829694803586,-1.5503594678053172,-2.9126664730302725,0.6338161635637185,-1.3060401973191473,-2.7974693308826613,2.631099508717278,-1.96467035182226,36.869808738264574,37.12254940869533,37.2736146545353,14.0,20.0,35.0,115.3,0.0,0.0,0.0,0.0,0.0,0.0,0.0,0.0,0.0,0.0
2026-06-09 08:27:23,-1.9225077181718904,-0.32113524858664144,-1.1868550164687945,-0.5114569743054656,-2.661325176750162,1.0769339031079905,0.2260573333243645,-0.15984180547157933,36.645263633634684,37.27565936143899,36.906705011513935,14.0,20.0,35.0,39.6,0.0,0.0,0.0,0.0,0.0,0.0,0.0,0.0,0.0,0.0
2026-06-09 08:27:24,0.7799446968492596,1.8001815508434076,-0.8100761947381798,-0.2900824567764566,-1.2620516285834067,-2.4269313586465433,0.31583047899225836,2.213937811804076,36.55373509656799,36.81363422794832,36.83602546875612,14.0,20.0,35.0,-26.7,0.0,0.0,0.0,0.0,0.0,0.0,0.0,0.0,0.0,0.0
2026-06-09 08:27:25,-0.8713081677983459,2.748170277710182,1.7309075641388274,-0.03775368269683632,0.6597021208884124,-2.0521228820859196,-0.9340558449302581,-0.9589777370395818,36.72791480308267,37.17878665028456,36.803875692443285,14.0,20.0,35.0,-100,0.0,0.0,0.0,0.0,0.0,0.0,0.0,0.0,0.0,0.0
2026-06-09 08:27:27,1.6537766862399383,2.8774972177761144,1.4030726078436757,0.2953476916669864,-2.412224221935016,0.07928973433231246,-0.9280034550563689,1.8392274376818447,36.950856765947286,37.17549341081586,36.70732545643622,14.0,20.0,35.0,-100,0.0,0.0,0.0,0.0,0.0,0.0,0.0,0.0,0.0,0.0
2026-06-09 08:27:28,1.808984962786072,2.1936972142538504,-0.1279641665743041,-0.10460430741322391,-1.6713672471584236,2.2510632036440725,-1.067747957093137,1.9729128416117483,37.048530496559586,37.02224843532448,37.2562679526578,14.0,20.0,35.0,-52.8,0.0,0.0,0.0,0.0,0.0,0.0,0.0,0.0,0.0,0.0
2026-06-09 08:27:29,-0.5854025728626739,-2.463565512702829,1.5997233631604804,2.3349276279820748,2.3933065657951333,0.5387155812150208,1.7537320602261541,0.8535366173878076,36.64430940769138,37.06876198460383,36.898271713075346,14.0,20.0,35.0,23.5,0.0,0.0,0.0,0.0,0.0,0.0,0.0,0.0,0.0,0.0
2026-06-09 08:27:31,-0.4536212892456777,-0.7764044016926279,0.9075302596197377,-0.3055815346377657,0.20324802568449085,-1.5629501153995333,1.6308639230336262,-1.2923925452940064,36.96009875568117,37.150054082336844,37.126508816258614,14.0,20.0,35.0,-3.4,0.0,0.0,0.0,0.0,0.0,0.0,0.0,0.0,0.0,0.0
2026-06-09 08:27:32,-1.0954028662467858,-2.5263451542482196,0.9975819424655947,1.7583443326369483,-2.2644548482966904,-2.310319787247032,1.7100318621526212,-2.3241824181486157,36.66516373603461,37.223721370793186,36.8956930642184,14.0,20.0,35.0,39.2,0.0,0.0,0.0,0.0,0.0,0.0,0.0,0.0,0.0,0.0
2026-06-09 08:27:33,-1.6265532045728668,1.965784563315765,-2.9801429511699635,-2.262798540126082,-1.1766772286909373,-0.8460840556065596,-2.9403554226283313,2.1812756374912716,36.778874866119224,37.185939381245866,37.26110711112707,14.0,20.0,35.0,24.3,0.0,0.0,0.0,0.0,0.0,0.0,0.0,0.0,0.0,0.0
2026-06-09 08:27:34,0.9311685429987477,-2.948484060715235,-0.9446273653542332,-0.22255102056175602,-2.0021249555584326,2.478553964169249,1.308620164652023,1.6596924722408488,36.70973026544478,37.203687226167304,37.15652697954901,14.0,20.0,35.0,102.6,0.0,0.0,0.0,0.0,0.0,0.0,0.0,0.0,0.0,0.0
2026-06-09 08:27:36,-1.368526664871576,-0.6904513550226508,0.6094044408629222,-1.1196901823773004,0.8737280148635351,2.4743179281996586,0.4021537647096638,1.6189764120140824,36.54873669137108,36.925890966511844,36.98573824389999,14.0,20.0,35.0,3.5,0.0,0.0,0.0,0.0,0.0,0.0,0.0,0.0,0.0,0.0
2026-06-09 08:27:37,2.269846220722,-2.3322945882411927,2.697851889762166,-0.4120267338909258,-0.8070271056671778,-1.0800878310890647,-2.870920746369609,-2.9552470368056456,36.82261459694769,37.06589594774381,37.087595900331465,14.0,20.0,35.0,-11.4,0.0,0.0,0.0,0.0,0.0,0.0,0.0,0.0,0.0,0.0
2026-06-09 08:27:38,-1.8784644181643724,2.2112974860308734,2.482916669618902,-2.178898023760915,-1.9304701096894392,-1.2401144417237615,1.0577671605738956,2.1273381840531638,36.73134103448254,37.394328127288375,37.19938894223131,14.0,20.0,35.0,-100,0.0,0.0,0.0,0.0,0.0,0.0,0.0,0.0,0.0,0.0
2026-06-09 08:27:40,-1.144990658577848,2.0471523091675294,0.12402162401561911,-0.6145836992937479,1.306715282621246,-1.3979766127002957,-1.7441942231137304,-1.2049881511193665,36.71264023170989,37.395690996697475,36.849440281498524,14.0,20.0,35.0,-57.7,0.0,0.0,0.0,0.0,0.0,0.0,0.0,0.0,0.0,0.0
2026-06-09 08:27:41,2.6397177135514625,1.7225615652094062,-0.11844931505364231,-0.3314365286594523,1.0651636712337682,0.7610856948129459,-0.32248983507382967,-1.501291337428122,37.073979865031255,37.30950716336418,36.93270244033729,14.0,20.0,35.0,-41.3,0.0,0.0,0.0,0.0,0.0,0.0,0.0,0.0,0.0,0.0
2026-06-09 08:27:42,1.9212847841380993,0.006688573368502482,1.3997019740966552,-2.538442513799902,1.2550822526900722,-0.12855268151034593,1.2024007735359517,0.32294916311609434,36.958886154486436,36.94382684878419,37.24084059158683,14.0,20.0,35.0,-35.8,0.0,0.0,0.0,0.0,0.0,0.0,0.0,0.0,0.0,0.0
2026-06-09 08:27:43,0.1819629869704169,2.180462225354174,-0.1041523544431957,-0.8302408342218159,-2.4948723234359322,-1.562567166255011,1.7286399402984491,1.3453385487487832,36.87105334896078,37.18728341201517,37.18621104722012,14.0,20.0,35.0,-53.6,0.0,0.0,0.0,0.0,0.0,0.0,0.0,0.0,0.0,0.0
2026-06-09 08:27:44,2.919430730931068,2.7202401033181296,1.64216266184334,-1.2816599239008355,-2.0426218278304726,-1.1347049714053816,-1.9212015381351488,2.8964168565005917,36.83869700597733,37.35308984358198,36.75262122593557,14.0,20.0,35.0,-100,0.0,0.0,0.0,0.0,0.0,0.0,0.0,0.0,0.0,0.0
2026-06-09 08:27:45,-1.812748548389606,-2.322005847711708,2.2712551146237834,-0.34610661997604897,-0.3476344728014027,1.13423052140271,2.745005123186636,-1.2146020414732133,36.78206526912416,37.38719130668124,36.71395990696701,14.0,20.0,35.0,3.3,0.0,0.0,0.0,0.0,0.0,0.0,0.0,0.0,0.0,0.0
2026-06-09 08:27:46,-2.518338648793269,-2.662940602767323,-2.7168651546857285,-0.630009677525726,2.2104617822995154,2.9874167278391974,-0.26479793664008655,-2.6784176751026503,36.72145291551734,37.09678646183401,36.91635841603359,14.0,20.0,35.0,140.5,0.0,0.0,0.0,0.0,0.0,0.0,0.0,0.0,0.0,0.0
2026-06-09 08:27:47,1.1161307245262844,-1.4634570502447124,-2.631533715904286,0.04415913279803929,1.147130989283374,1.7851847842390196,-2.9025773652813966,2.822048205113103,36.573455099805265,37.321680758793924,37.263170627219324,14.0,20.0,35.0,105.3,0.0,0.0,0.0,0.0,0.0,0.0,0.0,0.0,0.0,0.0
2026-06-09 08:27:49,1.7432850184302726,-1.5458372453279388,2.738532978284252,-2.180936817386036,-0.7048049343183553,-1.2123547785914845,-1.2623311107598918,2.336106423457033,36.945226218443096,37.220040068665725,36.73637308160976,14.0,20.0,35.0,-32.1,0.0,0.0,0.0,0.0,0.0,0.0,0.0,0.0,0.0,0.0
2026-06-09 08:27:50,1.083533836470429,-1.8027921432733833,0.30387953143586177,-2.7472777404444795,1.4005555320638141,-2.5380239519823036,-1.5625254719082264,-2.164988334469818,36.86085177792559,36.82298129078682,37.095228745723794,14.0,20.0,35.0,36.7,0.0,0.0,0.0,0.0,0.0,0.0,0.0,0.0,0.0,0.0
2026-06-09 08:27:51,1.0927732647777582,2.4741522230050172,-2.6976832792480874,0.6346950325052809,0.9995256370169576,0.7776399997625747,2.1851909665227893,2.3876432835477637,36.79590768682004,36.97731728978097,36.71423027754343,14.0,20.0,35.0,7.3,0.0,0.0,0.0,0.0,0.0,0.0,0.0,0.0,0.0,0.0
2026-06-09 08:27:52,0.43013945574627943,-0.5860777692805734,-1.3396532732630293,-0.05897474934433955,1.2491301347420185,0.10742149413133273,-0.5757786133210114,-1.529030132679892,36.73450709422385,37.01419542661063,36.75670129960409,14.0,20.0,35.0,49.6,0.0,0.0,0.0,0.0,0.0,0.0,0.0,0.0,0.0,0.0
2026-06-09 08:27:53,1.536306014247292,2.8869978357395745,0.8765707354749268,2.7402128197098703,-2.4210388894055743,0.8528945862752293,-1.0332329648963194,1.7357864615642464,36.98417477961565,37.06454561155893,36.84357092198623,14.0,20.0,35.0,-97.4,0.0,0.0,0.0,0.0,0.0,0.0,0.0,0.0,0.0,0.0
2026-06-09 08:27:54,-0.7677317314306427,-2.132116090185991,-1.1422679942399472,-1.5946880539823685,0.4668116533775226,-1.5267117006602104,0.7326188099450262,-0.16622144996719346,37.05189411343244,37.25732944729008,36.82276137601709,14.0,20.0,35.0,84.3,0.0,0.0,0.0,0.0,0.0,0.0,0.0,0.0,0.0,0.0
2026-06-09 08:27:55,2.719489630933955,0.7574208316217872,-1.9172850183353705,-2.4924993276345333,0.12244140595986774,1.0508138158796951,0.3011682212783193,-2.5592242103299405,36.99840861338239,37.226948793260696,37.17177028678257,14.0,20.0,35.0,30.7,0.0,0.0,0.0,0.0,0.0,0.0,0.0,0.0,0.0,0.0
2026-06-09 08:27:57,-0.48333703520413485,2.8415338181887195,-2.339340857936967,-1.3691850442075206,2.98713227683234,-0.34593433884476266,-2.749869641647082,2.2264636549786356,37.03589940253543,36.94532462479444,37.111886939955575,14.0,20.0,35.0,-14.5,0.0,0.0,0.0,0.0,0.0,0.0,0.0,0.0,0.0,0.0
2026-06-09 08:27:58,0.1258023684649352,-2.3783562008278407,1.7354869691321309,1.1607062284633187,-1.6396850282962032,1.8994216746128663,2.5820670380985193,1.8691952420238795,36.693327132381356,37.08424167092263,37.026669421025,14.0,20.0,35.0,18.9,0.0,0.0,0.0,0.0,0.0,0.0,0.0,0.0,0.0,0.0
2026-06-09 08:27:59,2.4205098594550956,-1.5190124148680169,-0.52102105899219,1.284531004723859,0.8869325285562155,1.249612153797301,-2.868764002279875,1.605894635082195,36.88251285349952,37.26001998719814,37.092295331548485,14.0,20.0,35.0,51.9,0.0,0.0,0.0,0.0,0.0,0.0,0.0,0.0,0.0,0.0
2026-06-09 08:28:00,2.36427645490096,1.5572579155328796,-1.7996174858613558,0.5737360265834202,2.881880479724135,0.5975024785934333,0.6145827833872914,2.592282445640363,36.828787850356235,37.02868122838054,36.886656379439664,14.0,20.0,35.0,6.9,0.0,0.0,0.0,0.0,0.0,0.0,0.0,0.0,0.0,0.0
2026-06-09 08:28:01,-2.4241800529660686,-2.970346287993327,2.32876607688483,1.0969738389535184,1.0127566846117677,-1.5952352879589837,0.7040226080492387,-0.4303412459486804,36.98905498573432,37.28473251299973,36.77858874945524,14.0,20.0,35.0,16.1,0.0,0.0,0.0,0.0,0.0,0.0,0.0,0.0,0.0,0.0
2026-06-09 08:28:02,0.0008572004646940634,0.5694047026369291,-0.043477422603451554,-0.6155708170464105,1.8504134395016,-2.627273773108307,2.6665203137408042,1.4377818971430463,37.04897696022381,37.25415134413179,36.78732835058894,14.0,20.0,35.0,-13.6,0.0,0.0,0.0,0.0,0.0,0.0,0.0,0.0,0.0,0.0
2026-06-09 08:28:03,-2.172584264161995,2.9421434333007923,2.962479426654774,-1.3818241970165621,0.6067079686537529,-0.9438268543380461,-1.5507340495843864,-0.14430648484324937,37.09386291463748,37.082286380281545,37.06058025561829,14.0,20.0,35.0,-100,0.0,0.0,0.0,0.0,0.0,0.0,0.0,0.0,0.0,0.0
2026-06-09 08:28:04,-1.606557526764375,-0.2678570336862256,-2.8224293560871794,2.174811378555926,0.25004219682196105,-1.0261501355933118,-0.10116841567371315,2.073596366109591,36.941529535421154,36.96854371144658,37.26249929906096,14.0,20.0,35.0,79.3,0.0,0.0,0.0,0.0,0.0,0.0,0.0,0.0,0.0,0.0
2026-06-09 08:28:05,-0.06785936067931164,0.8822730031730757,2.8348539304261866,-0.8328134291544762,0.05782624064448605,-1.7636017796417929,-0.7894326540525989,-2.3118388569485067,36.70418802022824,37.256742719071674,37.176990909841344,14.0,20.0,35.0,-97.4,0.0,0.0,0.0,0.0,0.0,0.0,0.0,0.0,0.0,0.0
2026-06-09 08:28:06,2.4299403970315687,1.6229501699558373,1.1589077997236101,2.0259455129184314,-1.655188424962455,-0.26269669105183713,2.4946908760347632,-2.4891925200803096,36.578417298523235,37.05436375709322,37.29442992570023,14.0,20.0,35.0,-70.8,0.0,0.0,0.0,0.0,0.0,0.0,0.0,0.0,0.0,0.0
2026-06-09 08:28:07,0.8126056397309567,1.608349214028446,2.1564407519326254,-0.9042634904401572,-1.246606351799934,-0.3270127557503266,-2.5447674482335945,-0.9849612539446042,36.94582715390188,37.00496149836844,37.01352892386198,14.0,20.0,35.0,-98.8,0.0,0.0,0.0,0.0,0.0,0.0,0.0,0.0,0.0,0.0
2026-06-09 08:28:08,2.3328660641920074,1.0126193679775914,-2.2224405030027774,2.138992877490617,1.0299355312233658,1.8781497928967426,2.6324987840768603,0.9320348336273128,36.6650522895115,36.938418297883395,36.96742575947594,14.0,20.0,35.0,33.5,0.0,0.0,0.0,0.0,0.0,0.0,0.0,0.0,0.0,0.0
2026-06-09 08:28:09,-1.172837663668582,-0.33559005538621633,0.1963683115253967,-2.979968458231305,-2.5178782436970573,1.3543922998621358,2.8966152994732104,-0.10181520942039723,36.706385052661346,36.83047419971573,36.8353239304992,14.0,20.0,35.0,5.7,0.0,0.0,0.0,0.0,0.0,0.0,0.0,0.0,0.0,0.0
2026-06-09 08:28:10,0.8940981156650638,1.2125622461910321,-0.7089155249693073,1.8912205008004133,-1.7669057509205837,0.6146674418762217,-0.8390160564288669,-1.251730566104008,36.956847406201696,36.954657551325035,37.204148764814576,14.0,20.0,35.0,-13.1,0.0,0.0,0.0,0.0,0.0,0.0,0.0,0.0,0.0,0.0
2026-06-09 08:28:11,-2.934177260320518,-2.42378354637919,2.183726070061603,2.3340572920925107,-1.0660541354722495,1.727248612735516,0.8002097421523127,2.6461484884679116,36.813611885907335,36.99775201840006,37.145760904462264,14.0,20.0,35.0,7.5,0.0,0.0,0.0,0.0,0.0,0.0,0.0,0.0,0.0,0.0
2026-06-09 08:28:12,-1.8785937562405288,1.8621539072945446,-2.646926373515922,0.6468761686918625,-2.2502331360310297,1.5118900921702165,2.4573564096975034,2.3490501871407536,36.79852507954737,36.87015721183643,37.21943893756953,14.0,20.0,35.0,22.3,0.0,0.0,0.0,0.0,0.0,0.0,0.0,0.0,0.0,0.0
2026-06-09 08:28:13,-2.467397573870806,2.8279081575604588,-0.9122055145047083,0.7625142606845277,0.8184465996705796,0.8285014074078849,0.6646800583761028,0.8247504036488733,36.53339043154918,37.30421634411697,37.17432230975784,14.0,20.0,35.0,-48.8,0.0,0.0,0.0,0.0,0.0,0.0,0.0,0.0,0.0,0.0
2026-06-09 08:28:14,-2.1126426071721522,-2.7885512277271944,1.3398469119163536,-2.604453886798532,2.9814096139626756,0.8431807049742766,-1.738923817332308,-2.9627674203798193,37.062659600288036,36.95118056130977,37.2010610865636,14.0,20.0,35.0,37.0,0.0,0.0,0.0,0.0,0.0,0.0,0.0,0.0,0.0,0.0
2026-06-09 08:28:16,2.0018759133029542,-2.155115758591331,-0.23571100201199435,2.427504829010588,2.044056592695222,-0.1022994325100024,1.710550445853162,0.6636518333435002,36.752207228779696,36.921561075621156,36.943783019419065,14.0,20.0,35.0,62.6,0.0,0.0,0.0,0.0,0.0,0.0,0.0,0.0,0.0,0.0
2026-06-09 08:28:17,0.8508283962621022,1.490487981688684,1.1808336823569903,-1.988480262166025,-1.0545058225154342,1.376085560890763,-0.3734868038462986,2.9865608496447544,36.58925116520183,37.15905321242609,37.007366128396576,14.0,20.0,35.0,-68.6,0.0,0.0,0.0,0.0,0.0,0.0,0.0,0.0,0.0,0.0
2026-06-09 08:28:18,-0.7666832392708689,-1.2764380195448184,-1.0195644392790337,-0.7808599453117022,-0.3447609392607469,1.8447778889002038,-2.244708893573134,1.8711590928732695,36.79309573464773,36.9717864930777,36.86065598640588,14.0,20.0,35.0,59.2,0.0,0.0,0.0,0.0,0.0,0.0,0.0,0.0,0.0,0.0
2026-06-09 08:28:19,-2.234114170864774,-2.4332078563909336,-0.24886174461315047,0.9343345517902204,-0.6688149255092419,1.9876976722192943,-1.0926614258398288,1.6419004486273279,37.03024322480269,37.352635401430064,37.05541922402996,14.0,20.0,35.0,69.8,0.0,0.0,0.0,0.0,0.0,0.0,0.0,0.0,0.0,0.0
2026-06-09 08:28:20,2.2349223802102607,0.0749159078432684,-0.5899934791579233,1.1034625177303665,2.2138692928346284,2.524266531495517,-1.1907733955033564,-2.032484106320928,36.7746524928827,36.94709174052708,37.139907391932645,14.0,20.0,35.0,14.0,0.0,0.0,0.0,0.0,0.0,0.0,0.0,0.0,0.0,0.0
2026-06-09 08:28:21,0.7357499993301717,1.6492276977955571,-2.653804253958261,-2.995994711303009,0.40185557894207236,1.8800600038005877,2.8223683431398987,0.2771901384431894,36.925971598315456,37.15336188985504,36.760920173933606,14.0,20.0,35.0,28.3,0.0,0.0,0.0,0.0,0.0,0.0,0.0,0.0,0.0,0.0
2026-06-09 08:28:23,2.572111616903886,-1.8341505811514578,0.6034635960328512,0.011409643175640305,-1.709563298093132,2.79503159781454,2.458543723055816,-2.7008943478967726,37.057991932419554,36.95665360697043,36.82760200704109,14.0,20.0,35.0,34.4,0.0,0.0,0.0,0.0,0.0,0.0,0.0,0.0,0.0,0.0
2026-06-09 08:28:24,2.028442412174927,0.9147634898865507,-0.5336061366909721,-2.7181160833413216,-1.353911444280468,-0.6257370857492344,2.135836113309736,-1.942511150864064,36.74831565622032,37.119047512645885,37.199094216636325,14.0,20.0,35.0,-9.1,0.0,0.0,0.0,0.0,0.0,0.0,0.0,0.0,0.0,0.0
2026-06-09 08:28:25,0.3231064513767805,-2.3350380564824547,0.5980240061565834,1.1517163773601622,1.7219745938574,2.851434558011439,-0.018840765536124238,-1.878650640042084,36.961523202965346,37.14661653364751,37.04459035608475,14.0,20.0,35.0,46.3,0.0,0.0,0.0,0.0,0.0,0.0,0.0,0.0,0.0,0.0
2026-06-09 08:28:26,-1.9974394749889302,-2.6616519978292787,-0.7739771300707896,2.288890280653624,0.7270194915408483,-0.3248981103851283,-2.1020674498565817,-1.8579979568747909,37.09657274516545,37.253549393053746,37.09016170511848,14.0,20.0,35.0,87.6,0.0,0.0,0.0,0.0,0.0,0.0,0.0,0.0,0.0,0.0
2026-06-09 08:28:28,2.771457154832663,1.4828810421369525,-0.7877247835335535,0.8256651126111052,1.2777893709882626,1.814919764208633,1.1104866347304787,-2.162209299359718,37.04299822910288,37.233678702782036,37.069590876624936,14.0,20.0,35.0,-16.5,0.0,0.0,0.0,0.0,0.0,0.0,0.0,0.0,0.0,0.0
2026-06-09 08:28:29,1.2981279143539428,-0.688690984004324,0.7455848458434216,2.869454847236373,2.0452438504361767,-2.342432388620405,-0.8728286627779456,-0.7200978141156318,36.84703716593302,37.149072259980954,37.135483856141676,14.0,20.0,35.0,-3.1,0.0,0.0,0.0,0.0,0.0,0.0,0.0,0.0,0.0,0.0
2026-06-09 08:28:30,2.501883546704873,1.1943016905287767,-0.18233114752309998,-1.5138892844327183,2.7988346185309627,0.5283851689231431,0.4498723239547009,-2.926423555254271,36.50108565351355,37.37115637134279,37.25463825325521,14.0,20.0,35.0,-25.7,0.0,0.0,0.0,0.0,0.0,0.0,0.0,0.0,0.0,0.0
2026-06-09 08:28:31,-1.3238106035321824,1.6078698458001384,2.287117436601074,2.4111317670477312,2.949381308915651,1.7674450023738295,-1.4572239399340625,0.5355399086292332,36.616588377499184,37.32237598534483,36.7462291265666,14.0,20.0,35.0,-100,0.0,0.0,0.0,0.0,0.0,0.0,0.0,0.0,0.0,0.0
2026-06-09 08:28:33,0.7530561790068369,0.748003085470569,0.18836717964488292,1.6750219591813265,-0.1898535883041892,-0.27093764707918666,-0.8225505832900968,-2.833270377128586,37.00979393990986,36.88187445384949,36.96358929486466,14.0,20.0,35.0,-24.8,0.0,0.0,0.0,0.0,0.0,0.0,0.0,0.0,0.0,0.0
2026-06-09 08:28:34,-1.0227156397547825,1.1675670258223896,-0.4390060109790448,2.6630576235393555,0.6745224662467688,-0.7080614778498768,-2.2896713393990957,-1.2980915393388432,36.658347619914615,37.146988133634984,37.17860431453119,14.0,20.0,35.0,-20.3,0.0,0.0,0.0,0.0,0.0,0.0,0.0,0.0,0.0,0.0
2026-06-09 08:28:35,1.36392022085378,2.426926681202061,-1.2091209814850254,2.933427546075503,1.7790844232973306,2.663695048251414,-2.2936833027883248,-0.6398615774572205,37.088777093296294,37.324810583113575,36.70138105890469,14.0,20.0,35.0,-31.3,0.0,0.0,0.0,0.0,0.0,0.0,0.0,0.0,0.0,0.0
2026-06-09 08:28:36,-1.2379682660648506,-0.29448904229770534,-1.9483353020884524,1.1350971527683953,-1.4244690339336472,2.3243181804727033,-1.4516617301390737,-2.4441198847111503,36.74384775269681,36.94607841919876,36.77463796526616,14.0,20.0,35.0,58.4,0.0,0.0,0.0,0.0,0.0,0.0,0.0,0.0,0.0,0.0
2026-06-09 08:28:37,-0.6944922890480436,-2.654494847796006,1.3163328598515838,2.552298328889454,-0.3679706834236316,1.1844994211653308,-0.2330034264710461,1.402529894650387,36.89408128239795,37.23446951143643,36.763844300330064,14.0,20.0,35.0,35.1,0.0,0.0,0.0,0.0,0.0,0.0,0.0,0.0,0.0,0.0
2026-06-09 08:28:39,0.22084529027922706,1.1074375649205273,-1.903355772461057,-2.7242685304406677,2.116908763562294,0.1125804948684932,0.2095165911451069,1.6483794269167316,37.096132128039,37.13472288556948,36.7946128235565,14.0,20.0,35.0,20.7,0.0,0.0,0.0,0.0,0.0,0.0,0.0,0.0,0.0,0.0
2026-06-09 08:28:40,-1.2777912414924013,-2.6438255548450953,-1.0851201032292883,0.8677480926696033,-2.2409232534020975,0.8822966347986041,-0.3783280961061948,2.332409955771359,37.032238631894614,36.972053622330705,36.77870826830596,14.0,20.0,35.0,96.7,0.0,0.0,0.0,0.0,0.0,0.0,0.0,0.0,0.0,0.0
2026-06-09 08:28:41,2.8438884892143834,0.865971333383663,-0.40806441441093266,2.081986715330494,-1.6241611137546546,-1.7443116873285227,-2.5279846721187917,0.5000100719952636,36.53165835759253,37.310315272195176,37.17743371556536,14.0,20.0,35.0,-14.0,0.0,0.0,0.0,0.0,0.0,0.0,0.0,0.0,0.0,0.0
2026-06-09 08:28:42,0.24073970790570165,0.9195369205826731,-0.5302595354012221,0.33463523776363546,-2.8130404515276997,-0.0867372777011628,1.9382605143857878,-2.976468007915119,36.91700549561793,36.838645290829234,36.70426702373237,14.0,20.0,35.0,-9.1,0.0,0.0,0.0,0.0,0.0,0.0,0.0,0.0,0.0,0.0
2026-06-09 08:28:44,1.695956140231548,-1.479875716001618,-2.818433977086684,2.1081944332638116,2.8970874200465495,0.7212193424773803,1.977704090984524,0.7450223649800125,36.74014846813785,37.23166106368307,37.28418851754867,14.0,20.0,35.0,112.5,0.0,0.0,0.0,0.0,0.0,0.0,0.0,0.0,0.0,0.0
2026-06-09 08:28:45,0.2631579517210927,0.2768326484314567,2.6650936866136927,1.5993330709225004,-0.4870156718123795,0.023734757974902987,-1.8615427959036897,1.1238814457021764,36.688344399971044,36.87296103170124,37.284032918833695,14.0,20.0,35.0,-77.0,0.0,0.0,0.0,0.0,0.0,0.0,0.0,0.0,0.0,0.0
2026-06-09 08:28:46,0.5490289163545121,0.5324603097923735,-1.3159289963330043,2.6966657304058055,1.151179855946431,-2.464177701541863,2.3462959916000656,2.2618192791326814,36.537099848558945,36.88262877689819,36.71037021435311,14.0,20.0,35.0,20.2,0.0,0.0,0.0,0.0,0.0,0.0,0.0,0.0,0.0,0.0
2026-06-09 08:28:47,1.5692673454111725,-2.0455929479081956,1.614431023583533,-1.5141886051954512,2.5501604586383735,2.4233134597872006,-2.8287026321781257,1.0012648884307414,37.03820177133967,36.977522887166955,37.25574705037808,14.0,20.0,35.0,10.9,0.0,0.0,0.0,0.0,0.0,0.0,0.0,0.0,0.0,0.0
2026-06-09 08:28:49,0.06409565983129983,-2.9582770437225823,-0.19673800314595624,-0.5483138853439495,2.883290162075058,-0.9557060297955786,1.8693287533964655,0.24099690797185058,36.74369274634454,36.846526097789905,37.1255345111185,14.0,20.0,35.0,82.0,0.0,0.0,0.0,0.0,0.0,0.0,0.0,0.0,0.0,0.0
2026-06-09 08:28:50,0.568156439633885,2.831570601596903,0.455434746455615,-0.4093918446003433,-1.808403492640333,-1.801884563212653,0.7911772633734575,-0.5644561828666239,36.74671474744046,36.84582315079784,37.22080183663755,14.0,20.0,35.0,-85.5,0.0,0.0,0.0,0.0,0.0,0.0,0.0,0.0,0.0,0.0
2026-06-09 08:28:51,-2.611822567393048,2.481791598436989,-0.13303546341248396,0.05698507812853926,0.28906355095017844,-1.9404270352315263,-1.684077806947857,0.4628588952024173,36.97204189570971,37.363533193076655,37.174609012485924,14.0,20.0,35.0,-62.5,0.0,0.0,0.0,0.0,0.0,0.0,0.0,0.0,0.0,0.0
2026-06-09 08:28:52,-1.2099356166239328,-0.9370894300269015,-2.114779365755462,0.9203589772186342,-0.5705419556944102,0.824383631035861,0.5137558065304209,-0.554917040383982,36.57262882012459,36.92225595719763,36.98662244171469,14.0,20.0,35.0,79.6,0.0,0.0,0.0,0.0,0.0,0.0,0.0,0.0,0.0,0.0
2026-06-09 08:28:53,0.48958995480018475,2.0642701836788167,0.9146899122368941,-2.5463268762561224,0.21818111556368391,1.6386213691370894,-0.8737433360187801,0.7422427149703354,36.90970425918602,37.346630453972466,36.91452919536198,14.0,20.0,35.0,-76.6,0.0,0.0,0.0,0.0,0.0,0.0,0.0,0.0,0.0,0.0
2026-06-09 08:28:54,-2.9709510989904873,-0.8218800618567732,-0.8410321031569974,1.946268595390924,0.4887060705986528,2.9376416002450902,-1.2335401572909273,-0.3669182845551173,37.093862683084886,36.87592241340595,37.14614497833847,14.0,20.0,35.0,43.9,0.0,0.0,0.0,0.0,0.0,0.0,0.0,0.0,0.0,0.0
2026-06-09 08:28:55,0.21682426422094903,-0.37341952709943893,-0.9097061848465744,-1.2630600371867269,0.04728113547761259,-0.2216911843371676,-0.9090166341241535,-0.5248519082217094,36.60992577141459,36.82706824120438,36.83878962898822,14.0,20.0,35.0,32.6,0.0,0.0,0.0,0.0,0.0,0.0,0.0,0.0,0.0,0.0
2026-06-09 08:28:56,-2.2943908604685315,1.9015877806274464,0.46655628204236343,-1.255188323836792,0.24467615161987766,0.2712073274151461,1.1647833390094977,-0.208644584565425,37.04727336395886,36.94059526862468,37.01977101158462,14.0,20.0,35.0,-60.5,0.0,0.0,0.0,0.0,0.0,0.0,0.0,0.0,0.0,0.0
2026-06-09 08:28:57,-1.300556855029858,0.32295791746077285,-0.5386769304819561,-1.3011760413403317,0.6454922160431469,1.4115386707533357,-2.542913310533991,1.645633307741134,36.86522404432742,37.395644088197166,36.827362473332485,14.0,20.0,35.0,5.0,0.0,0.0,0.0,0.0,0.0,0.0,0.0,0.0,0.0,0.0
2026-06-09 08:28:58,1.9528719848132292,-2.1857256659284072,0.7813335151350111,2.438964251421421,1.7816333454948898,-0.24739767467738005,2.972498886370227,-1.48136706863054,36.845304020288104,36.82827414373401,37.11115441941906,14.0,20.0,35.0,37.7,0.0,0.0,0.0,0.0,0.0,0.0,0.0,0.0,0.0,0.0
2026-06-09 08:28:59,0.7265054046720927,-2.5531913606047647,1.4323367829800988,-1.9355449220030314,-1.0366396477845672,-1.5620441035492618,0.7157366056692869,-1.7649593060468416,36.810167150171836,37.00316190194745,37.251113177553925,14.0,20.0,35.0,28.6,0.0,0.0,0.0,0.0,0.0,0.0,0.0,0.0,0.0,0.0
2026-06-09 08:29:00,-0.2204919992395742,-0.7499062290542091,1.7853624690853067,1.2712560850266446,0.553843965969798,-0.27897743984925105,0.8404365150482995,-2.172978275232522,36.78836126080182,37.38593300284562,36.71600824057096,14.0,20.0,35.0,-26.5,0.0,0.0,0.0,0.0,0.0,0.0,0.0,0.0,0.0,0.0
2026-06-09 08:29:01,2.5789572178228477,-1.9497202253071642,2.3780787166366055,-1.52664763503534,2.049772595742218,2.510978580669505,1.9324765628558334,0.6764628325111781,36.66321996075036,37.32004715528668,36.988001047026984,14.0,20.0,35.0,-8.9,0.0,0.0,0.0,0.0,0.0,0.0,0.0,0.0,0.0,0.0
2026-06-09 08:29:02,-1.8951238475471348,1.5823656381684525,-1.9003597084298376,2.9651668271106564,-1.4786697622031053,-1.365322892698042,-0.6588094601535674,1.3532239537622237,36.60372163096146,36.80875712489709,37.0694653686057,14.0,20.0,35.0,7.2,0.0,0.0,0.0,0.0,0.0,0.0,0.0,0.0,0.0,0.0
2026-06-09 08:29:04,-0.8070461261189124,0.7007692406864239,-2.8928119617971473,-2.5561538687366636,2.7614528175247273,1.5441428399175914,-2.829781083835295,0.25539477850197745,36.7636944158607,37.339493955581865,37.132277044026814,14.0,20.0,35.0,56.0,0.0,0.0,0.0,0.0,0.0,0.0,0.0,0.0,0.0,0.0
2026-06-09 08:29:05,-1.2972628784029228,-2.076020301495319,-0.7254694676356652,-0.29429294118451876,1.7860707218077447,-2.8129237236179034,-0.7535532287009232,2.9322471386102853,36.5001854173047,36.85992015673556,37.0227419498887,14.0,20.0,35.0,70.7,0.0,0.0,0.0,0.0,0.0,0.0,0.0,0.0,0.0,0.0
2026-06-09 08:29:06,0.7083701026146731,0.9045546941599261,1.1060967812767757,2.689533952380792,0.27979819077388424,-0.7585370947556127,0.13706629458857922,-1.087642936697832,36.84983366963355,36.96457465075092,37.05817052748125,14.0,20.0,35.0,-52.3,0.0,0.0,0.0,0.0,0.0,0.0,0.0,0.0,0.0,0.0
2026-06-09 08:29:07,2.32349157074243,-1.3524627310236232,-2.8656439436248213,2.1368493299011675,-1.7786123813152217,-1.4731254036028116,-1.570767797812447,1.191705006594579,36.99998817429168,37.024517962164,36.99607249301007,14.0,20.0,35.0,107.5,0.0,0.0,0.0,0.0,0.0,0.0,0.0,0.0,0.0,0.0
2026-06-09 08:29:08,0.5052244191360344,-0.49701730324960103,0.669304815266154,-0.679769835020319,-2.6140387154363776,0.7312901202574147,-0.6372961313907228,1.0634885275022565,36.74513620159261,36.94025328909413,36.729813469851415,14.0,20.0,35.0,-4.4,0.0,0.0,0.0,0.0,0.0,0.0,0.0,0.0,0.0,0.0
2026-06-09 08:29:09,2.5086678810933307,1.1674654575479808,0.10528871336676504,0.5022576680994613,-1.8495944710373224,0.549709202106393,0.10425888868060795,-1.4769777757081517,36.995345791420824,36.91369144783892,36.998669508322294,14.0,20.0,35.0,-32.6,0.0,0.0,0.0,0.0,0.0,0.0,0.0,0.0,0.0,0.0
2026-06-09 08:29:10,-2.8606895243316615,0.8299883165289512,-0.002873618913618259,1.2969047040912356,0.131930255852712,-1.5193677568009478,0.5166802531308292,1.214195528397969,36.65834551484408,37.34524842142245,36.9120667064797,14.0,20.0,35.0,-21.9,0.0,0.0,0.0,0.0,0.0,0.0,0.0,0.0,0.0,0.0
2026-06-09 08:29:12,2.327538410778999,0.632972218257251,-2.5605481967529533,-1.3738492379446914,2.689727229152158,1.4892440374268192,-1.4516419785132841,-1.9668940834763222,36.78025183087996,37.146275233355944,37.10952235847723,14.0,20.0,35.0,49.9,0.0,0.0,0.0,0.0,0.0,0.0,0.0,0.0,0.0,0.0
2026-06-09 08:29:13,-2.2274901570128725,2.567429248561898,-2.253390268823794,-0.030503395515887988,2.2827935813755484,0.010136155415755965,-1.356448670760998,-2.769239631623808,36.90594153346779,37.323995187458316,37.02251733055676,14.0,20.0,35.0,-8.8,0.0,0.0,0.0,0.0,0.0,0.0,0.0,0.0,0.0,0.0
2026-06-09 08:29:14,2.0993282166265077,-1.8594655946695764,-1.8990373104080924,2.342051031181332,0.20584846752894892,2.543805906885935,1.626930885278739,-0.3393162156778535,36.88693018298919,37.11939493454964,37.28971656634194,14.0,20.0,35.0,99.3,0.0,0.0,0.0,0.0,0.0,0.0,0.0,0.0,0.0,0.0
2026-06-09 08:29:15,-0.36992576522490284,-0.9871216480892855,-0.12003656611544145,1.4578782621313717,-0.14999725360271654,0.7991150598651049,0.5029547177221234,1.3705258515931211,36.96811444655174,37.39563368765384,37.24900708610569,14.0,20.0,35.0,29.3,0.0,0.0,0.0,0.0,0.0,0.0,0.0,0.0,0.0,0.0
2026-06-09 08:29:16,0.5532588714425257,0.07465986462382368,0.0866263119104751,0.23038407110232573,-0.0400965617150959,1.0028555905244385,-1.461115997518008,-2.1197943504812065,36.95346921801654,36.96994985429982,36.729026917183134,14.0,20.0,35.0,-4.4,0.0,0.0,0.0,0.0,0.0,0.0,0.0,0.0,0.0,0.0
2026-06-09 08:29:17,-2.6327615478320427,-1.1973022231219705,2.6807158997176774,0.14656267763758102,-0.6479629203737742,1.1531226905875203,-1.0038910393914176,1.9052061721562046,36.880422974297105,37.18655343950436,36.756053915050366,14.0,20.0,35.0,-38.3,0.0,0.0,0.0,0.0,0.0,0.0,0.0,0.0,0.0,0.0
2026-06-09 08:29:18,-2.3143388695524534,0.5965845390519906,1.651738728298925,-2.4886700671629653,-2.2369172846364664,0.7220612869049314,2.2024074168287973,-0.5854024649386851,37.07889796980664,37.10281094391354,36.96971599596152,14.0,20.0,35.0,-56.7,0.0,0.0,0.0,0.0,0.0,0.0,0.0,0.0,0.0,0.0
2026-06-09 08:29:20,1.7502857916859806,-1.3334270868307687,-0.4859864162903609,1.1980557934024842,1.4367554165854237,1.2578708214601715,-0.16210253630055682,2.2712196145428143,36.586167332699326,36.945711702769046,36.92343022275075,14.0,20.0,35.0,47.6,0.0,0.0,0.0,0.0,0.0,0.0,0.0,0.0,0.0,0.0
2026-06-09 08:29:21,-1.957620857028677,0.37904591564737844,1.9024398010859862,-1.8528681551059007,2.219919394611856,2.799485566744016,-0.5424292820526819,-0.34859673531625024,36.84392159864223,36.94198269702986,36.80093055987929,14.0,20.0,35.0,-57.9,0.0,0.0,0.0,0.0,0.0,0.0,0.0,0.0,0.0,0.0
2026-06-09 08:29:22,-1.2101570740819232,-0.6189994304741093,1.5141199325872066,2.086834434491,-1.2859823668912498,-0.5059258890809852,-2.0937984055457637,1.4625983659242987,36.775203782135485,36.8444146223359,37.14694255024039,14.0,20.0,35.0,-24.4,0.0,0.0,0.0,0.0,0.0,0.0,0.0,0.0,0.0,0.0
2026-06-09 08:29:23,-2.862699112388669,-2.2535908942950442,0.10300222480406562,0.7186785383259124,-1.584824005890686,-2.829959278544683,1.5463957341512815,0.7587316245877833,36.53993248245521,37.23325195780099,36.85652221352585,14.0,20.0,35.0,55.0,0.0,0.0,0.0,0.0,0.0,0.0,0.0,0.0,0.0,0.0
2026-06-09 08:29:24,2.737184418393892,0.45183998998582275,-1.7418828022991,-1.8866531751388669,-1.4138021323478018,1.0978518856791606,2.349218763904494,0.1388288471347896,36.72065013259029,36.94624503138643,37.002785219389494,14.0,20.0,35.0,35.1,0.0,0.0,0.0,0.0,0.0,0.0,0.0,0.0,0.0,0.0
2026-06-09 08:29:25,-2.034963158618221,-1.163433881476782,-2.1771563677503085,1.14160470631872,-2.405794071659402,-0.23823267326755815,-2.5836682380762204,-0.38421708845190317,36.59280434244775,37.35414620402491,36.85009728774353,14.0,20.0,35.0,85.0,0.0,0.0,0.0,0.0,0.0,0.0,0.0,0.0,0.0,0.0
2026-06-09 08:29:26,1.0247605391003507,-1.17278618399501,-1.8312601449041312,-0.6965965671489496,0.6655099730628207,1.4137831706204071,-1.3543362866727953,2.6699550526271683,36.81660076930309,36.924144521032666,37.13400418434701,14.0,20.0,35.0,77.7,0.0,0.0,0.0,0.0,0.0,0.0,0.0,0.0,0.0,0.0
2026-06-09 08:29:28,2.4363971897692345,-2.5057110890764602,-1.9421072101022352,-0.33644692776478635,-0.7248530069269292,-0.16088402850450922,2.7903343489722454,0.7590436382865065,37.084267592608796,37.36960738616166,36.80860903594641,14.0,20.0,35.0,116.3,0.0,0.0,0.0,0.0,0.0,0.0,0.0,0.0,0.0,0.0
2026-06-09 08:29:29,1.5322188477695589,1.484752868828208,-0.7625639940107392,-0.9779921476225826,-2.718829303400871,-2.396618945121509,-1.4174954130728323,-1.1563123397523478,36.79611033304104,36.90205747876756,36.95414443035807,14.0,20.0,35.0,-20.6,0.0,0.0,0.0,0.0,0.0,0.0,0.0,0.0,0.0,0.0
2026-06-09 08:29:30,0.42483811178137465,0.30369495684805425,1.6348964506069885,-0.6990583624375288,-2.2782216772813935,-2.118481018616145,-0.10351920263991765,-2.8255281170843687,36.7310823057724,37.23026799149313,37.175443591217046,14.0,20.0,35.0,-51.2,0.0,0.0,0.0,0.0,0.0,0.0,0.0,0.0,0.0,0.0
2026-06-09 08:29:31,-1.5501850640706245,1.4044188487796472,-1.1008585831211608,-1.3868315731159961,-2.9137850660335753,2.885739877943461,-0.7316855265431972,2.546581815154461,36.981048197446334,37.09402411048959,36.85421562477404,14.0,20.0,35.0,-6.8,0.0,0.0,0.0,0.0,0.0,0.0,0.0,0.0,0.0,0.0
2026-06-09 08:29:32,-1.345284125006097,-2.3096188682272123,2.4789259861321025,0.6089850029563131,-1.1910693330072781,-0.4646772642728463,1.109137394597603,-1.5908886324355196,36.587368067600636,37.194651017419304,36.912924757051506,14.0,20.0,35.0,-4.1,0.0,0.0,0.0,0.0,0.0,0.0,0.0,0.0,0.0,0.0
2026-06-09 08:29:33,-2.755576842144782,1.0765182809522091,1.4385312330239017,0.7714333384835479,0.35395093424455437,-1.9642370926540964,-1.9006207107857183,0.41574833355519747,36.90979054288898,36.84121175699529,36.8886796016758,14.0,20.0,35.0,-67.0,0.0,0.0,0.0,0.0,0.0,0.0,0.0,0.0,0.0,0.0
2026-06-09 08:29:35,0.4989381343420658,0.3730147063190401,1.9530670591740114,-2.133396611194751,-0.5484710109335342,-2.7856517174868305,2.4025501861390595,-2.294713578220647,36.992444251831266,36.90976155396823,37.15304409076959,14.0,20.0,35.0,-60.3,0.0,0.0,0.0,0.0,0.0,0.0,0.0,0.0,0.0,0.0
2026-06-09 08:29:36,0.9715379138777576,-0.8578901323372472,-2.9600625909578735,-1.1790085353125095,-0.9472729243568541,1.1801606093004073,-2.06512537261405,1.8686212454775628,37.068536555286414,37.162329909116515,37.08440989707844,14.0,20.0,35.0,98.3,0.0,0.0,0.0,0.0,0.0,0.0,0.0,0.0,0.0,0.0
2026-06-09 08:29:37,0.08661688285433655,-2.5028036107581277,-2.905679402586842,2.2989733191698,1.3530366419112116,-1.4927999970002896,0.3131757806371356,1.4558427576368604,36.85098136284041,37.32519495539392,36.80979404011501,14.0,20.0,35.0,139.3,0.0,0.0,0.0,0.0,0.0,0.0,0.0,0.0,0.0,0.0
2026-06-09 08:29:38,-0.7479674156654164,-2.700697227990119,0.8828002776049324,1.1492115303666646,-0.5201210494789459,-0.7113863703704464,2.042342489627803,-0.5031474102522635,36.876860011169214,36.958028718385435,36.94127447633469,14.0,20.0,35.0,47.7,0.0,0.0,0.0,0.0,0.0,0.0,0.0,0.0,0.0,0.0
2026-06-09 08:29:40,0.08247714119203486,1.0726048642384773,-1.1858034476974282,-2.847153158173518,-0.8797578744996111,2.3324728822266314,-2.5413440711543744,1.0020100299202417,36.51585408794825,37.38067527964435,37.1325443446035,14.0,20.0,35.0,2.8,0.0,0.0,0.0,0.0,0.0,0.0,0.0,0.0,0.0,0.0
2026-06-09 08:29:41,0.5178585278345693,-1.80779556776042,1.08345325223301,-1.0163899157793714,-1.7156602603434348,2.101739670463915,0.8197280263468993,-1.3818748406999404,37.08625312671085,37.193746227330124,36.79629348194527,14.0,20.0,35.0,20.2,0.0,0.0,0.0,0.0,0.0,0.0,0.0,0.0,0.0,0.0
2026-06-09 08:29:42,-2.911123301548101,-0.7740367487946327,1.13085460805065,1.498486996818718,-2.435932329591412,-1.8222993013814388,0.3223565760606868,2.4656230010138716,36.732574306776954,37.14738044260991,37.075700307979545,14.0,20.0,35.0,-10.0,0.0,0.0,0.0,0.0,0.0,0.0,0.0,0.0,0.0,0.0
2026-06-09 08:29:43,1.6690407937421048,0.9722952679419188,-1.2897378735372895,2.633373462723334,-2.510316490302674,0.7803290234402107,1.0747710456916932,-2.685716579176911,36.60230801185473,36.93424630578646,37.232360955512,14.0,20.0,35.0,9.1,0.0,0.0,0.0,0.0,0.0,0.0,0.0,0.0,0.0,0.0
2026-06-09 08:29:45,-0.48731929604546975,0.1358012692888666,2.838883036294092,2.4382320817314946,0.371334558161025,-2.4234191601681925,-1.137174205163727,-1.4793660418824504,36.92484177884656,36.869351654742516,36.85628001736807,14.0,20.0,35.0,-78.7,0.0,0.0,0.0,0.0,0.0,0.0,0.0,0.0,0.0,0.0
2026-06-09 08:29:46,2.2278136742911325,-0.9297560283055106,2.0908678528209057,-0.6136634117608053,-2.465510671569362,0.16863491109820172,2.095731176706553,0.9538338894152849,37.09482193737779,37.32123052875453,37.04563492827565,14.0,20.0,35.0,-28.9,0.0,0.0,0.0,0.0,0.0,0.0,0.0,0.0,0.0,0.0
2026-06-09 08:29:47,-0.2787510851225128,0.6656997863067109,-1.0492900348779934,1.3172396017456194,-1.4416217313897528,-0.642798367230311,2.6176887934622783,-2.65153111937996,36.74905289468853,37.127884975415235,37.19819729747219,14.0,20.0,35.0,10.9,0.0,0.0,0.0,0.0,0.0,0.0,0.0,0.0,0.0,0.0
2026-06-09 08:29:49,2.1289444828792643,-1.7601523932717078,2.3415678411537737,-1.0791220195737834,1.6467256011519362,2.4268937832321598,-1.4875849720872951,2.379196565754981,36.73750293324663,37.38196589545905,36.70779536650347,14.0,20.0,35.0,-14.6,0.0,0.0,0.0,0.0,0.0,0.0,0.0,0.0,0.0,0.0
2026-06-09 08:29:50,1.6066529075837739,2.033636984751025,2.9732927054464096,2.1123840862604126,-1.3435981097064762,1.1412233592842993,-1.1305020380044473,1.9317968134633174,36.77025171410697,37.09114938973284,36.929912511436015,14.0,20.0,35.0,-100,0.0,0.0,0.0,0.0,0.0,0.0,0.0,0.0,0.0,0.0
2026-06-09 08:29:51,0.35430255811489797,1.3269137141761096,1.3324355068808664,-2.8385989512136094,-0.5352079646032952,-0.1984800471704098,2.7661019532478166,1.310316340807832,36.699606708602,36.981510160021045,37.22227028010454,14.0,20.0,35.0,-67.5,0.0,0.0,0.0,0.0,0.0,0.0,0.0,0.0,0.0,0.0
2026-06-09 08:29:52,1.6587687106254254,-2.4385822860993427,-2.195859951771891,2.7446836015073446,2.475521456982282,0.46786162693679945,0.24840624992376892,-2.3157919828729585,36.56731753062227,37.354963254591354,36.856341034431885,14.0,20.0,35.0,120.2,0.0,0.0,0.0,0.0,0.0,0.0,0.0,0.0,0.0,0.0
2026-06-09 08:29:53,-0.3439056922269721,0.5111353685567077,1.1333497906257124,-1.49720824362438,-2.4111394330351192,0.03473408074323725,1.0070343064190395,-1.146320808663512,36.89497933957839,37.19332184371866,36.913942265390176,14.0,20.0,35.0,-42.0,0.0,0.0,0.0,0.0,0.0,0.0,0.0,0.0,0.0,0.0
2026-06-09 08:29:54,-1.8309758307426547,-1.9180515751444251,1.3331172594353449,2.08331524263024,-0.481732844971992,1.6757688520313287,-1.3257144898731619,0.4839199872311428,36.65968071809954,37.07693273583214,36.91374479142032,14.0,20.0,35.0,15.3,0.0,0.0,0.0,0.0,0.0,0.0,0.0,0.0,0.0,0.0
2026-06-09 08:29:55,2.204032086415995,-0.3190815598250074,1.7693172966843616,0.09442368094917608,-1.464264040411138,-1.2979530839180802,2.4784669069705156,0.7045555824452538,36.50761553479484,37.380799626299954,36.85274162329131,14.0,20.0,35.0,-36.9,0.0,0.0,0.0,0.0,0.0,0.0,0.0,0.0,0.0,0.0
2026-06-09 08:29:57,1.241553228736584,2.6004107139229076,-0.22031538991904043,-1.5557639929058662,2.5646980404534716,-0.1903448710846014,1.4930617695821837,0.5399701207514633,36.84138439943976,36.806004663663884,36.73952074319239,14.0,20.0,35.0,-60.9,0.0,0.0,0.0,0.0,0.0,0.0,0.0,0.0,0.0,0.0
2026-06-09 08:29:58,-1.6947371475332467,-0.10702862326591633,2.1349077822890523,2.7731304157389154,-0.8315891012783831,1.5558438454958727,-0.6410145874379198,-1.7249258463533308,36.70603816236758,36.903557074586146,36.7080800407604,14.0,20.0,35.0,-52.0,0.0,0.0,0.0,0.0,0.0,0.0,0.0,0.0,0.0,0.0
2026-06-09 08:29:59,1.9862099159171542,2.753024585273266,0.9254943375508979,-0.11399694052089693,-1.3220374870540612,2.4975160978486937,-1.6730050522140907,-1.9780459245991309,36.632254389356035,37.12466387689066,36.94022665683149,14.0,20.0,35.0,-94.7,0.0,0.0,0.0,0.0,0.0,0.0,0.0,0.0,0.0,0.0
2026-06-09 08:30:00,0.9168392072965741,2.751746409995925,-0.5998221619529374,0.3420637493814489,-0.8230981369283894,-2.3377194026761074,0.5641717474257755,-2.453090227755977,36.98491609158096,37.39428049477029,37.28183734098367,14.0,20.0,35.0,-56.5,0.0,0.0,0.0,0.0,0.0,0.0,0.0,0.0,0.0,0.0
2026-06-09 08:30:01,1.5360001375084522,1.0228287402768048,-0.3916567434096172,-1.4617971770196454,1.961435599318385,1.4185836558122293,1.7820630124630021,-0.7111833926697719,36.715770483982844,37.39642148114165,37.00908866205887,14.0,20.0,35.0,-14.7,0.0,0.0,0.0,0.0,0.0,0.0,0.0,0.0,0.0,0.0
2026-06-09 08:30:02,0.42713338448955174,-2.1746719477471257,0.6769137765763551,-0.6888515729819762,0.3210400241155118,-2.873210387760638,-0.7085413553385225,-1.5378786395548398,37.04741404527926,36.86436602362233,37.04464574471044,14.0,20.0,35.0,36.9,0.0,0.0,0.0,0.0,0.0,0.0,0.0,0.0,0.0,0.0
2026-06-09 08:30:04,2.3911459877254817,1.3566019181321378,-0.9436957753820288,-0.5180998000491739,0.8968349717225808,2.1734863668364692,-1.632225598906131,-0.12117967341076596,36.94654807306453,37.04055251238998,36.87472581165563,14.0,20.0,35.0,-10.4,0.0,0.0,0.0,0.0,0.0,0.0,0.0,0.0,0.0,0.0
2026-06-09 08:30:05,-2.458003592443774,-0.36226675469013836,1.131163653456472,1.489156998597573,0.09060800446327111,1.4405992774320842,-1.0105043577846784,2.8628855803204205,36.59319421746525,37.23362063216754,36.884480335069036,14.0,20.0,35.0,-19.7,0.0,0.0,0.0,0.0,0.0,0.0,0.0,0.0,0.0,0.0
2026-06-09 08:30:06,-1.6231440346404231,-2.0604512573957896,2.934305886636918,2.4157493640130054,1.8007024801720313,-1.7772577222831347,2.7625177491019395,-2.216794044589596,36.509556962184,37.02284091107014,37.003159780594636,14.0,20.0,35.0,-22.1,0.0,0.0,0.0,0.0,0.0,0.0,0.0,0.0,0.0,0.0
2026-06-09 08:30:07,2.245811082540749,1.1897136744819958,0.22974877618394007,0.024086270094648476,-0.26723863763169486,-2.36694990991378,1.1381799787292177,-2.3637898661499177,37.08329171782075,37.136762747824385,37.133462479407626,14.0,20.0,35.0,-37.3,0.0,0.0,0.0,0.0,0.0,0.0,0.0,0.0,0.0,0.0
2026-06-09 08:30:08,1.0075712209172645,1.6717262292838715,1.5688326684344815,-1.808600881259083,0.9473159545121854,-2.4739545800429656,0.050492357554755785,1.796997137226442,36.808018138570695,37.033621658945286,36.93037959225973,14.0,20.0,35.0,-85.0,0.0,0.0,0.0,0.0,0.0,0.0,0.0,0.0,0.0,0.0
2026-06-09 08:30:09,2.5535886493665068,-2.035365883993733,-2.2413726624695816,-2.724649508627143,1.7983475117835175,-0.7531209303524351,-2.810716232523702,1.4551047920198368,36.96989208914972,37.00020242612581,36.72822873573937,14.0,20.0,35.0,108.8,0.0,0.0,0.0,0.0,0.0,0.0,0.0,0.0,0.0,0.0
2026-06-09 08:30:10,1.0516219136716636,0.3897945212349607,-1.2113255428663978,-0.5160994221616106,-2.6117902899947127,-0.5938941946046534,0.7576561886949627,0.31055982223320644,36.912183818700576,36.84295734858545,36.850042230420144,14.0,20.0,35.0,21.3,0.0,0.0,0.0,0.0,0.0,0.0,0.0,0.0,0.0,0.0
2026-06-09 08:30:11,-1.7485352213826864,1.4036552453167923,1.2109314276203298,2.6930770083932316,1.853942193980842,-1.4382140770166332,2.171283271785599,-1.1000832550303385,36.653027455812975,37.209385650515095,36.764912641162674,14.0,20.0,35.0,-67.2,0.0,0.0,0.0,0.0,0.0,0.0,0.0,0.0,0.0,0.0
2026-06-09 08:30:13,-1.0448079811273192,1.6751421707411733,-2.149991085963375,2.7971096052030813,-0.9011139101868242,1.209128331234779,-1.4743039293030618,2.29615486863997,36.73010517270053,37.1089067195917,37.102287208460844,14.0,20.0,35.0,12.1,0.0,0.0,0.0,0.0,0.0,0.0,0.0,0.0,0.0,0.0
2026-06-09 08:30:14,-1.8430202908174558,-0.34614251170171695,-1.2535244722298071,-1.6178263957428471,2.57515830937324,1.2161621182600202,0.6887081413740734,-1.26076911704805,36.581704621589374,36.940146949910655,36.80303312139826,14.0,20.0,35.0,42.3,0.0,0.0,0.0,0.0,0.0,0.0,0.0,0.0,0.0,0.0
2026-06-09 08:30:15,-0.09322858681710056,0.03933286067423314,-2.652475741786562,-2.2735415941571624,-1.3141758506211851,2.2480110158281157,-0.2064059911846794,2.568526869531924,36.952979301085094,37.390369167181156,37.187499349790635,14.0,20.0,35.0,68.6,0.0,0.0,0.0,0.0,0.0,0.0,0.0,0.0,0.0,0.0
2026-06-09 08:30:16,-0.26501296609566793,-0.5208393797222763,-0.8062522588445109,2.169828335469316,0.5490293359122278,-2.4763648082217875,2.454749065978069,1.235322149648674,36.72985986787644,37.386486236615355,36.91559229009753,14.0,20.0,35.0,34.3,0.0,0.0,0.0,0.0,0.0,0.0,0.0,0.0,0.0,0.0
2026-06-09 08:30:18,-0.006635349298719451,-2.7176643760420376,-2.5195461755016013,-0.526941665320142,0.6223697844169545,2.1519830702113776,-0.02469447729980745,-1.9089269026759546,36.50750904828663,36.8391427289073,36.87210171524135,14.0,20.0,35.0,136.5,0.0,0.0,0.0,0.0,0.0,0.0,0.0,0.0,0.0,0.0
2026-06-09 08:30:19,2.5767963798214186,1.5025702220761872,1.2330159498568998,-1.137482863165811,-2.9999359915339374,2.6738145756417815,-0.9813700664152623,2.452122609896689,36.52683131950813,37.39505072815565,36.811126592668536,14.0,20.0,35.0,-69.9,0.0,0.0,0.0,0.0,0.0,0.0,0.0,0.0,0.0,0.0
2026-06-09 08:30:20,-2.483573036442693,-1.843574578625219,2.602978785959097,1.0484167662234265,-0.2536442370322214,-2.957938237484031,1.3064592454852013,-1.2679500142845122,36.53648598370281,37.29391466858973,36.7132896109231,14.0,20.0,35.0,-20.5,0.0,0.0,0.0,0.0,0.0,0.0,0.0,0.0,0.0,0.0
2026-06-09 08:30:21,-2.403716866858672,2.919376371384657,-1.762720645171873,0.3261369457195258,-1.2188256895993994,-0.23516345582380271,-0.47815405018213797,0.9775922354059632,37.0158350865911,37.14231207166572,37.07503766464839,14.0,20.0,35.0,-30.3,0.0,0.0,0.0,0.0,0.0,0.0,0.0,0.0,0.0,0.0
2026-06-09 08:30:23,-1.6462729290281197,1.0902727334841815,1.2422731335286903,2.752575966588102,-1.1504105186768547,-2.408148679114143,1.5554818230267458,1.152344327747648,36.82019651703984,37.007296413503624,37.28973837158537,14.0,20.0,35.0,-60.7,0.0,0.0,0.0,0.0,0.0,0.0,0.0,0.0,0.0,0.0
2026-06-09 08:30:24,0.761930209169746,-0.934001329580008,2.8237866123082345,-1.8369588278672058,0.6109346294375588,-1.9831316908380365,-2.5785472096363886,-0.3587574125469857,36.916485599964,36.91240465614662,37.13383862667212,14.0,20.0,35.0,-51.1,0.0,0.0,0.0,0.0,0.0,0.0,0.0,0.0,0.0,0.0
2026-06-09 08:30:25,2.5938874969265546,1.6057578971428175,1.881204069232445,-2.9099099018078958,-1.5383210096639564,1.5418394070193484,-0.5487668232291076,-0.7386156910891177,37.077408660489546,37.160274771741676,36.9280803279551,14.0,20.0,35.0,-89.7,0.0,0.0,0.0,0.0,0.0,0.0,0.0,0.0,0.0,0.0
2026-06-09 08:30:26,-2.6107139764070393,-2.972447835441228,0.5194018801825404,-1.5351599179742816,2.802321698230486,-0.7391272104195377,1.3979946046570957,-2.5867826819074375,36.71654127818694,37.27248493593727,37.02361125384266,14.0,20.0,35.0,63.8,0.0,0.0,0.0,0.0,0.0,0.0,0.0,0.0,0.0,0.0
2026-06-09 08:30:27,2.822779887275483,1.2715164828325385,1.0353527224759418,-0.10222445624146115,0.12846532968211033,-0.20964415437182726,0.571509609379691,0.5337154197365308,36.56312150380877,37.363634448455585,36.956457616233266,14.0,20.0,35.0,-59.5,0.0,0.0,0.0,0.0,0.0,0.0,0.0,0.0,0.0,0.0
2026-06-09 08:30:28,0.5031876814899228,-0.5896628889816009,-1.8730825101273367,-2.59919497326793,-1.2005494667775325,2.6307924147598163,-0.04541521963454542,-2.309770578198517,36.59351846948087,36.95684738366479,37.244034642817795,14.0,20.0,35.0,65.0,0.0,0.0,0.0,0.0,0.0,0.0,0.0,0.0,0.0,0.0
2026-06-09 08:30:29,-0.2881273270985538,-0.2712699832599452,1.2592656951033554,-2.262140334625576,1.5966742419851165,0.6633208582785999,0.7861081559854712,-1.71736030906596,37.06506405155352,37.3929653644625,36.86639037906924,14.0,20.0,35.0,-24.8,0.0,0.0,0.0,0.0,0.0,0.0,0.0,0.0,0.0,0.0
2026-06-09 08:30:30,2.098602302666282,1.5899661074205724,2.8471004644903344,-0.6512321288449074,1.34382090489148,1.7732947203262048,0.34370045168580177,-0.48228579364928637,36.7901667807727,37.2444733140107,36.98168353079875,14.0,20.0,35.0,-100,0.0,0.0,0.0,0.0,0.0,0.0,0.0,0.0,0.0,0.0
2026-06-09 08:30:32,1.7852131694976094,2.5106917403608673,-2.8659256501309627,0.9201657070196854,2.425406822851458,1.2739077744096665,1.6228309396176703,0.6085136569552323,36.567640706966394,36.87708984980902,37.22558099991495,14.0,20.0,35.0,10.6,0.0,0.0,0.0,0.0,0.0,0.0,0.0,0.0,0.0,0.0
2026-06-09 08:30:33,-0.8880267837363283,2.2972657984137976,0.30164155593118025,-2.800766991916794,1.6665156096221363,2.2976570086852215,0.4455359994518724,-1.5905889627893925,36.72357950192205,37.063491148322285,36.9708051100223,14.0,20.0,35.0,-65.8,0.0,0.0,0.0,0.0,0.0,0.0,0.0,0.0,0.0,0.0
2026-06-09 08:30:34,0.04208178186774347,-1.5006579614710986,-0.18672501663176222,2.175279282002463,2.4319690195936197,-0.40585861574347604,-2.6758581642400534,0.8428748164588917,36.964370181951764,37.15380069236872,36.97910321740355,14.0,20.0,35.0,42.1,0.0,0.0,0.0,0.0,0.0,0.0,0.0,0.0,0.0,0.0
2026-06-09 08:30:35,2.434949005826862,0.1664263406791333,-2.640466132226253,1.7775432704956966,-1.617046230684902,-0.12668036067188737,0.2677909855018705,-1.1975183919344008,36.626457261999676,37.102501245479026,37.02052834556134,14.0,20.0,35.0,64.0,0.0,0.0,0.0,0.0,0.0,0.0,0.0,0.0,0.0,0.0
2026-06-09 08:30:36,-1.9977619841150172,1.9326324668236587,2.7655330494819808,1.3564320948018809,1.2986512163523258,-1.0671129191216062,1.4913593164064487,2.041776223990823,36.91188635871046,37.116710756844874,37.06036388495107,14.0,20.0,35.0,-100,0.0,0.0,0.0,0.0,0.0,0.0,0.0,0.0,0.0,0.0
2026-06-09 08:30:37,-0.4770580273114877,-1.0832449505915116,1.2012351710142477,-2.605088034049678,2.7092479837677352,-2.9395658177362973,-2.9397788960614113,0.5245989156664912,36.646708976934285,37.24703423633513,36.85468141123447,14.0,20.0,35.0,-6.0,0.0,0.0,0.0,0.0,0.0,0.0,0.0,0.0,0.0,0.0
2026-06-09 08:30:38,1.8138893913653504,0.9406732826941719,-2.2054736364231613,-2.3332246904303027,0.026316206508474327,-1.849933643478697,0.871521467419595,0.9651313206683811,36.55652497709415,37.00998120220578,37.25176162199878,14.0,20.0,35.0,32.2,0.0,0.0,0.0,0.0,0.0,0.0,0.0,0.0,0.0,0.0
2026-06-09 08:30:39,1.6439415143055296,0.7904453310050394,-1.4649865211119155,-0.6417797870756403,0.30372078359020716,-2.189247049541166,-2.65811088642842,2.4283711185091317,36.81362327339337,37.245508921901035,37.06302287344517,14.0,20.0,35.0,15.0,0.0,0.0,0.0,0.0,0.0,0.0,0.0,0.0,0.0,0.0
2026-06-09 08:30:41,2.662615609676908,2.0503536468542425,1.4202573553026907,-2.9457930088256923,-2.3346210720337703,0.1248017646947659,0.4402066267975169,-1.127854470658552,36.948393752184174,37.10662818383734,37.05187501368857,14.0,20.0,35.0,-89.5,0.0,0.0,0.0,0.0,0.0,0.0,0.0,0.0,0.0,0.0
2026-06-09 08:30:42,1.552184611698836,1.37847888860487,-1.6286057648871008,-1.9349444440343802,2.6783778375486724,-0.5109686294102787,-1.9280132475205847,-0.1371941007315618,36.900290050056796,37.28583278489065,37.011772752737066,14.0,20.0,35.0,5.2,0.0,0.0,0.0,0.0,0.0,0.0,0.0,0.0,0.0,0.0
2026-06-09 08:30:43,0.045268934542468386,0.6488580490975107,-0.2857406643249911,-0.8795631705996136,-1.312338892244844,-2.4831760823615268,-1.251439530297558,-0.7102244266327249,36.65684094894117,36.86058416746149,36.96095198804484,14.0,20.0,35.0,-11.3,0.0,0.0,0.0,0.0,0.0,0.0,0.0,0.0,0.0,0.0
2026-06-09 08:30:44,2.260136028129307,-2.794867296552594,-2.044634881017548,-2.826283703048978,-2.169076439927,0.7947570152864278,-0.27534844641518674,1.1506014073607336,37.000963290747954,37.14088530289772,37.28655494916033,14.0,20.0,35.0,125.4,0.0,0.0,0.0,0.0,0.0,0.0,0.0,0.0,0.0,0.0
2026-06-09 08:30:45,2.9040651303525884,-0.9937245856066914,-2.841408624372379,0.7297126366654414,-2.289608056831479,-0.03192931495384288,-0.559629403170117,2.1776515961895404,36.98466789240701,36.980000271085835,37.298026980676795,14.0,20.0,35.0,98.9,0.0,0.0,0.0,0.0,0.0,0.0,0.0,0.0,0.0,0.0
2026-06-09 08:30:47,2.8002510097596085,-1.6916716183352558,-1.8506622446029026,2.5458231462961027,0.7581624661559916,2.708674923282114,0.6670283297969624,-1.1595464523902972,37.081632599679665,37.0337370805387,36.763382055487334,14.0,20.0,35.0,93.3,0.0,0.0,0.0,0.0,0.0,0.0,0.0,0.0,0.0,0.0
2026-06-09 08:30:48,-0.15145710378032273,2.1156885948314503,2.956256382946931,-1.8955247361233147,2.9667612603908946,-0.05160134236684577,0.14054834181089504,-0.7157864055308449,36.6907272623675,37.3401873041899,36.99589342958169,14.0,20.0,35.0,-100,0.0,0.0,0.0,0.0,0.0,0.0,0.0,0.0,0.0,0.0
2026-06-09 08:30:49,1.2900317706442035,-1.0054842916087041,-1.321034064014852,-1.291302022307571,1.1251028701576011,-2.124283308252665,-2.638661524700468,-0.8427033106666006,36.80624005514017,37.014420678942166,37.101581343104364,14.0,20.0,35.0,57.8,0.0,0.0,0.0,0.0,0.0,0.0,0.0,0.0,0.0,0.0
2026-06-09 08:30:50,2.468858967365831,-0.051875357381798715,2.507920749560803,0.2912543667090812,-0.78622543690937,-1.8686969504492008,2.5410531399381044,0.8429486046085755,36.808082227166686,37.152198035508434,37.28002509693753,14.0,20.0,35.0,-63.2,0.0,0.0,0.0,0.0,0.0,0.0,0.0,0.0,0.0,0.0
2026-06-09 08:30:52,0.949794373776073,-0.7627766652710664,-0.6695483948835195,2.43382426723469,-0.3711571986789899,2.8039306652914693,-0.6127945181734784,-0.83521172341842,36.922081214280375,36.82963278666384,37.05541057910865,14.0,20.0,35.0,38.1,0.0,0.0,0.0,0.0,0.0,0.0,0.0,0.0,0.0,0.0
2026-06-09 08:30:53,1.106784316117115,0.787552225763382,-0.18075120080546414,-1.7114445821356352,-2.8513051386985797,-2.8620865202999326,0.2001464530642285,0.0640537445441054,36.600088231756125,37.04447803610158,37.167783822186465,14.0,20.0,35.0,-17.0,0.0,0.0,0.0,0.0,0.0,0.0,0.0,0.0,0.0,0.0
2026-06-09 08:30:54,2.7404381920756684,0.8661645714832189,-1.9367815889038849,-1.99084185820755,2.1483619834740324,-1.9044400091747793,-2.8665693389667313,-2.5770260891476466,36.51237737135591,37.064301140001966,37.03989232696101,14.0,20.0,35.0,25.3,0.0,0.0,0.0,0.0,0.0,0.0,0.0,0.0,0.0,0.0
2026-06-09 08:30:55,2.2918223614043667,-0.000241595038453557,0.8158517224434068,-0.8016416837961784,-1.0041354427025342,1.9940984798784651,-2.8748805445118233,-2.387177890960803,36.5957463968903,37.302737540410554,36.855745006883744,14.0,20.0,35.0,-21.5,0.0,0.0,0.0,0.0,0.0,0.0,0.0,0.0,0.0,0.0
2026-06-09 08:30:56,-2.2212865822709,-2.820888295156895,-2.8982374338380392,-1.361446563693347,1.847167721978753,-0.2583631047589572,-2.9828712115363096,-1.6228074213727481,36.57205352255203,37.129542567105624,37.006609347243185,14.0,20.0,35.0,146.3,0.0,0.0,0.0,0.0,0.0,0.0,0.0,0.0,0.0,0.0
2026-06-09 08:30:57,0.15953097160026086,-2.1180546973900576,-2.3981377897437035,-0.6031430596458698,1.6430977165492422,1.4768556124649201,-0.8094321246229979,0.6279841318672794,36.588289952459675,36.87967066276638,36.778106809548966,14.0,20.0,35.0,117.1,0.0,0.0,0.0,0.0,0.0,0.0,0.0,0.0,0.0,0.0
2026-06-09 08:30:59,-0.5351657028323378,2.0314110991233196,0.18070971733773655,-0.4968470347535394,-2.003012559312875,-1.783199908056063,1.1054503019067434,-0.1900127153233111,36.927768583068634,37.04661706962344,36.89384304444825,14.0,20.0,35.0,-57.5,0.0,0.0,0.0,0.0,0.0,0.0,0.0,0.0,0.0,0.0
2026-06-09 08:31:00,2.9074258903564534,-2.601737133471934,0.0356402083750349,2.456739776526655,-2.2511026813849906,0.4123896449099971,2.5398575019568375,1.6428374196971927,36.83685743934889,37.005683748787,37.152155413236656,14.0,20.0,35.0,67.8,0.0,0.0,0.0,0.0,0.0,0.0,0.0,0.0,0.0,0.0
2026-06-09 08:31:01,-2.0585598501918065,2.1838241254929303,-0.22195842944682775,-1.9691117629246013,2.280537261452828,2.676410603158054,-0.3439705774181494,1.234193999785039,36.790695135043016,37.173895823863305,36.76536894001547,14.0,20.0,35.0,-49.6,0.0,0.0,0.0,0.0,0.0,0.0,0.0,0.0,0.0,0.0
2026-06-09 08:31:02,-1.3769937845679259,1.4791116722100037,-0.8912286498165312,0.20346180704806383,-1.8736869424798117,2.079479609181499,-2.7137426193721317,1.9308361373863292,36.64151507595101,37.2972384106179,37.02628324489649,14.0,20.0,35.0,-15.5,0.0,0.0,0.0,0.0,0.0,0.0,0.0,0.0,0.0,0.0
2026-06-09 08:31:03,-0.37917103535887975,0.48376032777663625,-2.123717243257903,-2.956285608772294,0.1335175966890385,-2.6277199104910482,1.1008509114523797,-2.0949706432303854,36.74105792056399,37.03473592916147,36.89279800748742,14.0,20.0,35.0,41.6,0.0,0.0,0.0,0.0,0.0,0.0,0.0,0.0,0.0,0.0
2026-06-09 08:31:05,2.481332570570987,-1.0394409496032204,-2.7359378971960644,-2.087539774236178,-2.383687605233055,2.707919601245469,-2.366607574885812,2.9859864832073066,36.69592598774084,37.265348255437985,37.22750078201365,14.0,20.0,35.0,97.8,0.0,0.0,0.0,0.0,0.0,0.0,0.0,0.0,0.0,0.0
2026-06-09 08:31:06,-2.4498685614046782,-0.7161024089748169,-2.7381765935426596,-2.4252526419406513,1.957756446936468,1.1292094314780527,-2.695419043791963,1.4612707824320417,36.88425838551681,37.19867629787815,37.05963457248995,14.0,20.0,35.0,88.5,0.0,0.0,0.0,0.0,0.0,0.0,0.0,0.0,0.0,0.0
2026-06-09 08:31:07,-1.1904144421392246,0.4141521467697169,-1.514567115173593,-1.1875707564179299,0.5027983241843903,-0.7094387487924738,-1.7895374722511348,-0.0871985138681648,36.88945124567803,36.94215318733288,36.85730113763446,14.0,20.0,35.0,27.2,0.0,0.0,0.0,0.0,0.0,0.0,0.0,0.0,0.0,0.0
2026-06-09 08:31:08,-1.9691559474360003,0.7945403468191437,1.2819224463200625,-0.19960558020515684,-0.5570366386198633,-2.7483654062022165,-2.8578375483091003,-0.262361870596564,36.999574849610795,37.1285975299711,37.294372278306916,14.0,20.0,35.0,-56.5,0.0,0.0,0.0,0.0,0.0,0.0,0.0,0.0,0.0,0.0
2026-06-09 08:31:09,0.7065033780160075,1.6311287133741388,1.7728554483356724,-1.7417662116733628,-2.055721792076727,2.1347065586303744,-0.77974652526939,1.6408001317879641,36.795107852133846,37.33638715541521,36.7730966836651,14.0,20.0,35.0,-87.3,0.0,0.0,0.0,0.0,0.0,0.0,0.0,0.0,0.0,0.0
2026-06-09 08:31:11,-2.4605984957799896,0.867093297980563,-2.2452920889106087,-0.3930774298986388,1.0427437413421945,1.0528648894405546,-1.0155066926780625,-0.05473171362229623,36.5774194523564,36.82828919684341,37.07441256722406,14.0,20.0,35.0,35.7,0.0,0.0,0.0,0.0,0.0,0.0,0.0,0.0,0.0,0.0
2026-06-09 08:31:12,2.116945986586231,1.644019091396025,0.29266546748170796,-0.09736500680329829,-2.100829089826208,2.015459816504107,-1.7932775736773707,0.2818805264127411,36.76616408702468,36.868596531585204,37.13337424736418,14.0,20.0,35.0,-50.0,0.0,0.0,0.0,0.0,0.0,0.0,0.0,0.0,0.0,0.0
2026-06-09 08:31:13,2.618484804810164,-0.8747690132411967,1.4340178712921121,0.6143898856222463,1.4315692886585936,0.5524138640447749,-0.7154294313345577,2.3103161776366914,37.02263291139786,36.91478755908553,37.09815035868807,14.0,20.0,35.0,-14.5,0.0,0.0,0.0,0.0,0.0,0.0,0.0,0.0,0.0,0.0
2026-06-09 08:31:15,0.2876992592248011,-2.4807356587776566,-1.2460415450548243,1.9341661765355944,-0.3669248486910024,0.6116464718472487,-0.32709025083048804,0.7699255765591624,36.52899604330676,37.27034140824992,36.77007469699355,14.0,20.0,35.0,96.5,0.0,0.0,0.0,0.0,0.0,0.0,0.0,0.0,0.0,0.0
2026-06-09 08:31:16,1.551624411615796,-1.2968830143422534,-1.100088304516268,2.4006895336423177,0.8863113898456443,-0.5288670739378807,1.0252165020749642,1.7269338528958453,36.866141339521974,37.3635500392149,37.12660480826036,14.0,20.0,35.0,62.2,0.0,0.0,0.0,0.0,0.0,0.0,0.0,0.0,0.0,0.0
2026-06-09 08:31:17,-1.7714178140121162,-0.3974658659534631,1.280193701996609,2.0139983011191287,1.2898282613313592,0.8695269135420185,-2.9236307684228455,2.430500815557462,36.738580340122404,37.31255687365319,37.22681676696085,14.0,20.0,35.0,-23.9,0.0,0.0,0.0,0.0,0.0,0.0,0.0,0.0,0.0,0.0
2026-06-09 08:31:18,-2.1091087799453794,-0.5868364408280264,2.138404515494628,2.9015710390652147,-0.19996365632664492,1.807104069310185,2.4398272588798493,-1.154365698842126,36.938893753897936,37.01118760955861,36.81859170615262,14.0,20.0,35.0,-38.0,0.0,0.0,0.0,0.0,0.0,0.0,0.0,0.0,0.0,0.0
2026-06-09 08:31:19,0.03072707098267946,1.8743013271467355,2.7004840835804655,0.4600514737553567,-0.312439446135766,-1.8334863373908792,0.9659668064676792,-1.9709575303009292,36.55124811145391,36.82394164492846,36.89154324281015,14.0,20.0,35.0,-100,0.0,0.0,0.0,0.0,0.0,0.0,0.0,0.0,0.0,0.0
2026-06-09 08:31:20,-0.659618422923951,1.976530389440697,-1.8637367997453702,0.8912825157533248,-2.745882039379715,-2.1885664927182145,1.3944080785133321,0.24238000386530434,36.76650370261401,37.384074432722954,37.18461058634689,14.0,20.0,35.0,-3.3,0.0,0.0,0.0,0.0,0.0,0.0,0.0,0.0,0.0,0.0
2026-06-09 08:31:22,-0.9379103950435139,-2.8578552247584326,-0.6522238060485535,1.9261758948555627,0.4933787714949638,-0.6028345004651903,1.9965648604895296,-2.7493840500874716,36.607259203188946,37.00058895962199,37.21360066112125,14.0,20.0,35.0,91.5,0.0,0.0,0.0,0.0,0.0,0.0,0.0,0.0,0.0,0.0
2026-06-09 08:31:23,-1.3720499097152694,2.4250169331309905,-1.380143771386711,-1.8161655547897397,0.8136719373056911,-1.7372295926105512,-2.472412398848296,1.0105211041922946,36.614421054079166,36.916201203562274,37.25226030189701,14.0,20.0,35.0,-29.1,0.0,0.0,0.0,0.0,0.0,0.0,0.0,0.0,0.0,0.0
2026-06-09 08:31:24,1.9394177115235198,-2.66349139755177,1.4483072183152537,-0.841533222805058,-0.3620884921509684,1.6072357374589998,-0.7014750586966887,-0.143729272401794,37.09496814372323,37.237471932545795,36.73953662370212,14.0,20.0,35.0,31.9,0.0,0.0,0.0,0.0,0.0,0.0,0.0,0.0,0.0,0.0
2026-06-09 08:31:25,0.7973480432711009,0.3892953703114861,-2.9775304711881865,1.2611812957002808,-1.4353771501614225,-2.110661334994576,2.505787647691024,0.654427885297483,36.87111870244178,37.0656787606136,36.70204584682067,14.0,20.0,35.0,67.1,0.0,0.0,0.0,0.0,0.0,0.0,0.0,0.0,0.0,0.0
2026-06-09 08:31:26,2.1582854314893005,2.857021728230823,1.0880823800743027,2.291560148260639,0.051550097139299034,0.3425633594284685,1.2208368427278415,-1.3668393510154655,36.841891918302,36.848703276597746,37.216627176167634,14.0,20.0,35.0,-100,0.0,0.0,0.0,0.0,0.0,0.0,0.0,0.0,0.0,0.0
2026-06-09 08:31:27,-0.0664734409189296,-2.0880152119381545,-1.819862055794617,2.7060178079760853,-0.0222806559871076,1.1101444198866854,-2.6515344257230766,2.6409622664556363,36.7638982980619,37.18062016465083,36.854618923752895,14.0,20.0,35.0,100.3,0.0,0.0,0.0,0.0,0.0,0.0,0.0,0.0,0.0,0.0
2026-06-09 08:31:28,-1.3564157942411814,-0.1668878518381458,-1.5614518206122812,1.753391575220613,2.0372682167796583,-2.011691878357703,1.511675760068382,1.1775459882460027,36.88512097019806,37.050467298679216,36.999400565952996,14.0,20.0,35.0,44.4,0.0,0.0,0.0,0.0,0.0,0.0,0.0,0.0,0.0,0.0
2026-06-09 08:31:29,-1.300371605528029,-2.4386590659875944,0.40165024182190656,-1.8089807731599605,2.0571528704328728,-2.0852302211052702,-1.4867356979079291,-1.7984553085548178,36.80496523357074,37.23590891671958,37.09057076322289,14.0,20.0,35.0,50.9,0.0,0.0,0.0,0.0,0.0,0.0,0.0,0.0,0.0,0.0
2026-06-09 08:31:31,1.597323542792891,1.0552522914234288,0.06771425425413469,0.11940509066950256,-1.1194809822040799,-2.784004068880386,-2.5932181642859913,1.0216720758334992,36.96867099538752,37.03505334735666,37.016233035689844,14.0,20.0,35.0,-31.7,0.0,0.0,0.0,0.0,0.0,0.0,0.0,0.0,0.0,0.0
2026-06-09 08:31:32,1.6241039984762642,1.5205555661831216,-2.328053063331968,1.367264531676538,2.293530523027286,-0.6465010963120497,-0.5140335693833111,0.19517194819520967,36.885701872174145,37.1339480268496,36.725060415743464,14.0,20.0,35.0,20.3,0.0,0.0,0.0,0.0,0.0,0.0,0.0,0.0,0.0,0.0
2026-06-09 08:31:33,1.5979702946752603,2.9820970904291233,-0.7914843402442875,2.5862668917044047,2.4021626018061433,2.0533426982046095,0.3337264982654258,-0.6239237616928355,37.07376654612889,36.972059301346924,37.20205109889957,14.0,20.0,35.0,-55.5,0.0,0.0,0.0,0.0,0.0,0.0,0.0,0.0,0.0,0.0
2026-06-09 08:31:34,0.32019168905706863,0.755397940457649,-0.2485170399510488,2.5617855773239,2.0671543264574845,2.043518701875943,-2.106818984994354,2.8605274578208286,36.6859225585209,36.96517027645649,36.86462099060006,14.0,20.0,35.0,-13.1,0.0,0.0,0.0,0.0,0.0,0.0,0.0,0.0,0.0,0.0
2026-06-09 08:31:35,2.338944530362326,-0.7284300408046338,0.7893125471316358,-0.9557310079517913,-0.5770275909766105,0.22665939537221158,-2.3574180439888384,2.330104826646819,36.65023136413984,36.9104281386665,36.72145628748849,14.0,20.0,35.0,-2.6,0.0,0.0,0.0,0.0,0.0,0.0,0.0,0.0,0.0,0.0
2026-06-09 08:31:37,0.1987199943896778,-1.0238393420383989,-0.9870468493835265,-0.3364905324770753,-2.150220607759371,2.5897453675465085,0.7470998030239029,-1.9071165108593515,36.935013294842285,36.90311680689277,36.98721900865198,14.0,20.0,35.0,53.7,0.0,0.0,0.0,0.0,0.0,0.0,0.0,0.0,0.0,0.0
2026-06-09 08:31:38,-1.2080568624395005,2.675274829168739,-1.759400620412359,-0.9273442047700828,1.0245350616860343,1.1223969855202878,1.134793273010846,2.0303287898406532,36.85754074801973,36.83176522544301,37.11802586007877,14.0,20.0,35.0,-22.6,0.0,0.0,0.0,0.0,0.0,0.0,0.0,0.0,0.0,0.0
2026-06-09 08:31:39,1.440758207457165,-0.5820715402431227,0.19210673439633608,-1.2660371763350096,0.8205606296047891,0.48102100220582855,0.7494643252917008,-0.6384797003148188,36.77499525530578,36.95609748516107,36.83338089373453,14.0,20.0,35.0,10.7,0.0,0.0,0.0,0.0,0.0,0.0,0.0,0.0,0.0,0.0
2026-06-09 08:31:40,-1.720747373278826,-2.460923424127577,-0.6668736633413452,-0.8250926958385358,-0.41100797027755664,0.474644990462731,2.6368187154030895,2.201309660919435,36.714626472239964,36.967141508690695,36.90488322512074,14.0,20.0,35.0,82.4,0.0,0.0,0.0,0.0,0.0,0.0,0.0,0.0,0.0,0.0
2026-06-09 08:31:41,-0.3330436032122437,1.2792771729429155,1.9871460488447745,1.140861777092793,-2.401456027594471,2.969018609662866,0.6219383879479423,-1.3534159063790927,37.030834197327565,36.98265625380307,37.05864904378082,14.0,20.0,35.0,-82.7,0.0,0.0,0.0,0.0,0.0,0.0,0.0,0.0,0.0,0.0
2026-06-09 08:31:42,-2.5105060619421575,0.9010789663549024,-2.308265562058352,2.2145347187665347,-2.7997026818300803,1.4085152047151608,1.932358361323118,-2.185563068249529,36.95394344185872,37.13634427364718,37.01579552211518,14.0,20.0,35.0,38.1,0.0,0.0,0.0,0.0,0.0,0.0,0.0,0.0,0.0,0.0
2026-06-09 08:31:43,-0.3429657150042189,1.053892737662176,-2.9270470452962987,-2.4434192182168246,-1.4294731621080543,0.23655286066025383,-1.494593605040817,-2.972934329054408,36.8563474354796,36.87680818171308,36.79361948955991,14.0,20.0,35.0,47.8,0.0,0.0,0.0,0.0,0.0,0.0,0.0,0.0,0.0,0.0
2026-06-09 08:31:44,-0.5017226833358164,1.234350230621322,-2.8673500667244154,-2.127806245748742,1.8828842025114003,2.495145129835157,0.7750706519099584,1.709568965432168,36.79938618082586,36.899831038969154,36.705958341136245,14.0,20.0,35.0,43.9,0.0,0.0,0.0,0.0,0.0,0.0,0.0,0.0,0.0,0.0
2026-06-09 08:31:45,-1.6869878039525708,2.9662503332257932,2.973830599302037,-1.0049426740663885,-0.9465987711664736,-1.1624473379708784,1.6529088225770066,2.348605196962902,36.68368406607052,37.264428338183016,36.878074627692214,14.0,20.0,35.0,-100,0.0,0.0,0.0,0.0,0.0,0.0,0.0,0.0,0.0,0.0
2026-06-09 08:31:46,0.042078767807519846,-0.9886540784211739,-0.28251186716381227,-2.2378639684980763,0.2807400367150805,-0.38301158748113284,-2.724960336301718,-2.852486523739411,37.05757133398159,37.246646409076824,37.09540124852521,14.0,20.0,35.0,31.3,0.0,0.0,0.0,0.0,0.0,0.0,0.0,0.0,0.0,0.0
2026-06-09 08:31:48,0.9471373503951881,1.03668248983164,-0.5577031768901737,-2.6316712497170016,-1.2422122420612132,-1.5020217697105807,-1.2485216588993784,2.106159458863872,36.70804686552168,37.020006621798025,36.84714814957498,14.0,20.0,35.0,-13.8,0.0,0.0,0.0,0.0,0.0,0.0,0.0,0.0,0.0,0.0
2026-06-09 08:31:49,-1.859980730799266,0.7196401386585842,-1.0848470792976868,-1.140344290668723,0.5824464317820164,1.8037352302917329,-1.7884117422445696,1.2482247873852366,36.7614735195304,36.82166310481857,37.209348603024345,14.0,20.0,35.0,9.5,0.0,0.0,0.0,0.0,0.0,0.0,0.0,0.0,0.0,0.0
2026-06-09 08:31:50,-0.3719581265622831,2.7477727546961637,1.4921264794694729,2.970737394047161,2.0982280127851274,1.1372020512436363,0.45977498886279866,2.635188525293139,36.931105846508565,36.858091135186456,36.70993395729016,14.0,20.0,35.0,-100,0.0,0.0,0.0,0.0,0.0,0.0,0.0,0.0,0.0,0.0
2026-06-09 08:31:51,-1.3223274444555724,1.605061473402131,-0.5667900916421686,-0.3069081928378621,1.9929453858949149,2.225058968558476,1.8435995246955121,1.3946318109791047,36.7040349257975,37.0278049551129,36.95131374625043,14.0,20.0,35.0,-24.8,0.0,0.0,0.0,0.0,0.0,0.0,0.0,0.0,0.0,0.0
2026-06-09 08:31:52,-1.7519959261588152,1.3980488892853824,-1.6021979333821286,2.2120300383789733,1.8991487245173753,-1.0036871173375579,1.6581399804293966,-1.808072964974192,36.77850080203303,37.11788469824946,36.80732514459689,14.0,20.0,35.0,5.6,0.0,0.0,0.0,0.0,0.0,0.0,0.0,0.0,0.0,0.0
2026-06-09 08:31:54,2.828929216357854,0.35965842579292673,-0.8575456114103401,0.20565957814799596,-1.552259483191438,1.2685738725973152,-0.9202231285281082,-1.1782357553940397,36.89695277940426,37.290256196288965,37.00782884297257,14.0,20.0,35.0,13.0,0.0,0.0,0.0,0.0,0.0,0.0,0.0,0.0,0.0,0.0
2026-06-09 08:31:55,-2.9976610400382633,-2.712522373627731,0.03169873878555629,0.5993118891126863,-2.0776919115227503,2.6795001026244867,0.6564382750090525,1.4059720468577677,36.613162454173214,37.1390389692747,37.00511947945504,14.0,20.0,35.0,71.0,0.0,0.0,0.0,0.0,0.0,0.0,0.0,0.0,0.0,0.0
2026-06-09 08:31:56,0.38466548566457925,-2.3253311159219394,-1.5605102993154318,2.5316161033105624,-2.3006681031237584,0.09856058496035969,-1.8178231838390155,1.2696249493499927,36.71798222212577,36.887555816433256,37.25530788276781,14.0,20.0,35.0,99.6,0.0,0.0,0.0,0.0,0.0,0.0,0.0,0.0,0.0,0.0
2026-06-09 08:31:57,-0.12760831231313663,-0.13714138916396168,2.8640771242397465,2.6979604142521803,0.9849400492565801,2.984754915347999,-0.6698872495122368,-1.5040241719858685,36.859439718880665,36.92041985319747,36.894431252728054,14.0,20.0,35.0,-69.4,0.0,0.0,0.0,0.0,0.0,0.0,0.0,0.0,0.0,0.0
2026-06-09 08:31:58,-1.7625628259123722,0.5918928049583778,-0.43826880477727226,2.9526904535530907,-1.5262707959543693,-1.2732122464162388,0.6156894969033697,-0.13362337800732238,36.74680827240112,37.22839247329051,36.726722223927496,14.0,20.0,35.0,-4.3,0.0,0.0,0.0,0.0,0.0,0.0,0.0,0.0,0.0,0.0
2026-06-09 08:32:00,0.7685299166354893,-0.40816557338644976,-2.2575303082785987,-0.4382634765974398,2.1188566716979604,1.3090806504564814,-0.7170069322681618,2.0388478742805987,37.00342994605308,36.86347481213386,36.89275764766715,14.0,20.0,35.0,69.2,0.0,0.0,0.0,0.0,0.0,0.0,0.0,0.0,0.0,0.0
2026-06-09 08:32:01,2.157811260001383,-2.034343899650249,-0.6737659543121342,-2.356585780368838,-2.728700046335371,-0.04838522857096805,-2.5310778379526155,2.1527654761156567,36.53584947129414,37.342091306080114,37.1428908498679,14.0,20.0,35.0,68.7,0.0,0.0,0.0,0.0,0.0,0.0,0.0,0.0,0.0,0.0
2026-06-09 08:32:03,-2.314633965501162,0.5273357022304492,1.0554417262438456,-1.203442178293364,-1.8052288520806443,0.27061941082282104,-2.5389268871063733,1.6003407540794612,36.57225112848777,37.09834881162439,36.95069309683502,14.0,20.0,35.0,-42.1,0.0,0.0,0.0,0.0,0.0,0.0,0.0,0.0,0.0,0.0
2026-06-09 08:32:04,-2.7962483206131727,-1.275226532342194,-2.319442031748098,-0.16588743462003208,-2.6336817040414893,2.148190326669,2.645734754636326,2.3868724485930812,36.60828339879627,36.81540449912555,37.13577354053382,14.0,20.0,35.0,95.3,0.0,0.0,0.0,0.0,0.0,0.0,0.0,0.0,0.0,0.0
2026-06-09 08:32:05,2.548229454127247,0.9150239523476547,2.267263357260007,-0.9683559332906952,2.8888645325684283,-2.62083058460109,-2.728060389459803,0.3639234737974313,36.71657912888107,37.31357162954622,37.152531822090836,14.0,20.0,35.0,-85.0,0.0,0.0,0.0,0.0,0.0,0.0,0.0,0.0,0.0,0.0
2026-06-09 08:32:06,-2.06205462563516,-0.8664177465694318,-1.8111887826830724,-0.6902684416962259,1.71454914850265,-1.2258439643507508,-2.398079199464356,2.1118890800068097,36.618896663194185,37.2224167962184,36.92441797612553,14.0,20.0,35.0,67.4,0.0,0.0,0.0,0.0,0.0,0.0,0.0,0.0,0.0,0.0
2026-06-09 08:32:07,2.314057538548548,-2.243929133755011,0.6793296833532811,0.28166465615418224,-0.4286974506795209,1.24272468749328,-1.972437047270089,1.7237320633376303,36.931034478289725,37.35220680089813,36.90452534081749,14.0,20.0,35.0,40.1,0.0,0.0,0.0,0.0,0.0,0.0,0.0,0.0,0.0,0.0
2026-06-09 08:32:08,0.3262457290126606,-1.1782479856487287,1.9302510759771572,-0.8154453654985145,0.8201738317128431,0.3740924562491772,-2.361114861772882,0.09615170404169326,36.50330448453502,37.13277478289017,36.99473854703831,14.0,20.0,35.0,-20.4,0.0,0.0,0.0,0.0,0.0,0.0,0.0,0.0,0.0,0.0
2026-06-09 08:32:09,0.03191887368175861,-0.2898122450663285,1.0377798815613541,1.5175713518095773,-1.2259803055851013,-2.2324665387753013,-1.8134714447344846,-0.33240191438764466,36.868247557338435,37.36845543886916,37.01214287698673,14.0,20.0,35.0,-21.4,0.0,0.0,0.0,0.0,0.0,0.0,0.0,0.0,0.0,0.0
2026-06-09 08:32:10,-1.7188667308397452,-0.14878821373728002,1.7833872861546016,0.9636378365887919,-2.280108470560953,-2.4973366996461506,-0.3983052438070098,0.38607996561605606,36.502561811200735,37.16680012268059,36.99067711409199,14.0,20.0,35.0,-43.7,0.0,0.0,0.0,0.0,0.0,0.0,0.0,0.0,0.0,0.0
2026-06-09 08:32:12,-2.289024056209975,0.35461807286075686,-2.923224482006765,-0.5845203656314388,1.525973170871584,-0.6079812117921475,2.6059973550410795,2.8668935062161545,37.07600647798773,37.333599801508264,37.07284155949039,14.0,20.0,35.0,67.4,0.0,0.0,0.0,0.0,0.0,0.0,0.0,0.0,0.0,0.0
2026-06-09 08:32:13,1.8005274874472068,0.7501022617234341,2.6356840702817994,-0.4885216053685357,-1.8743368601817283,-1.9136212007926805,-0.5514270390927125,-1.1470435933576233,36.76676079312623,37.351872695651814,36.82932685863371,14.0,20.0,35.0,-88.8,0.0,0.0,0.0,0.0,0.0,0.0,0.0,0.0,0.0,0.0
2026-06-09 08:32:14,1.9215641235614678,-0.3291057011602829,0.8467198676056986,-2.397950879291428,-1.6122061187855679,-2.863298973800749,-1.8381745840095964,0.49518572644447056,36.71227033985064,37.2859996330817,37.29214719540937,14.0,20.0,35.0,-15.7,0.0,0.0,0.0,0.0,0.0,0.0,0.0,0.0,0.0,0.0
2026-06-09 08:32:15,2.8936081536141636,-2.9698902620541547,1.9141613380335114,-0.6991826362128943,0.22365237055647302,2.720103647930677,-0.08723728509155482,2.0895643524678302,36.8329745430382,37.02770533985514,37.19081876397298,14.0,20.0,35.0,28.6,0.0,0.0,0.0,0.0,0.0,0.0,0.0,0.0,0.0,0.0
2026-06-09 08:32:16,2.4261274265338155,0.11796831251735362,-0.6952493563557511,2.946115662150996,-2.9100729167549435,-2.9006103192180976,-1.9392113220245568,0.04327889407097185,36.88232908319969,37.335360310938086,37.01228174677849,14.0,20.0,35.0,12.5,0.0,0.0,0.0,0.0,0.0,0.0,0.0,0.0,0.0,0.0
2026-06-09 08:32:18,1.438611033296195,-1.1078115317121158,-0.2951763805131904,1.6717565248428192,-1.2394133979116022,2.8779358594861915,-2.630866963092372,-2.196550743035983,36.8855773124971,36.86901957020715,37.27714857206927,14.0,20.0,35.0,36.4,0.0,0.0,0.0,0.0,0.0,0.0,0.0,0.0,0.0,0.0
2026-06-09 08:32:19,-0.48181019653096246,-1.9065224293767171,-2.5891318082753294,-2.147439602283392,-1.2453204606664412,1.8180014859489493,-0.5834217737255529,1.2074206883476677,36.74481696745636,37.056545103876445,37.003479319479105,14.0,20.0,35.0,116.9,0.0,0.0,0.0,0.0,0.0,0.0,0.0,0.0,0.0,0.0
2026-06-09 08:32:21,0.26399839495514144,-1.3886687331196101,-1.2060177821861193,2.81413461267434,-0.01878368819566756,-0.6261501895788673,1.6568752536952376,-1.7988248471521662,36.967046970874186,36.825007195188654,37.29572861781789,14.0,20.0,35.0,67.6,0.0,0.0,0.0,0.0,0.0,0.0,0.0,0.0,0.0,0.0
2026-06-09 08:32:22,2.1548319516865346,-1.007306898242618,2.564909294122618,2.846655626104482,0.5777018701135672,-1.5251327024027697,2.21723634052068,0.6832188816230018,36.60062546863363,37.22538108269023,36.86213420986122,14.0,20.0,35.0,-39.9,0.0,0.0,0.0,0.0,0.0,0.0,0.0,0.0,0.0,0.0
2026-06-09 08:32:23,2.328352466179105,1.3458104910561497,0.5228220935923744,0.14905314820115034,0.794841439905352,1.6404993357551945,-0.36045666420020517,-2.75748188324394,36.97112547372748,37.06102420624706,37.23727813813319,14.0,20.0,35.0,-47.7,0.0,0.0,0.0,0.0,0.0,0.0,0.0,0.0,0.0,0.0
2026-06-09 08:32:25,-2.9683411895275515,-1.4404884198607504,-1.5708825908605102,2.626417392601324,0.3485680865058196,-2.3307005671097087,-0.27671497033046677,0.6535367027015351,36.58976630470779,37.04514864842652,36.89380725874908,14.0,20.0,35.0,76.6,0.0,0.0,0.0,0.0,0.0,0.0,0.0,0.0,0.0,0.0
2026-06-09 08:32:26,2.7744629792754587,1.7089303718349775,-0.10278805962284165,-1.542917112025631,1.4212439537882275,2.5134882778972427,2.6109165889583075,1.603477343499466,36.9269759863206,36.83212077044104,36.957840362858036,14.0,20.0,35.0,-39.0,0.0,0.0,0.0,0.0,0.0,0.0,0.0,0.0,0.0,0.0
2026-06-09 08:32:27,2.0272981155852072,-0.3047774867876454,1.872782228975657,-0.2803300388475627,1.4098486520385176,2.842216254557613,-0.873205311622022,-1.8315138740141017,37.04723830563582,37.036016856834664,37.29950455212561,14.0,20.0,35.0,-39.6,0.0,0.0,0.0,0.0,0.0,0.0,0.0,0.0,0.0,0.0
2026-06-09 08:32:28,-2.207570006854897,2.468653526602311,-0.8268126213018672,-2.5414035365011527,-1.4259567891009473,2.109670406311184,0.9169047787396192,0.20321119866639137,36.93122409990314,37.06895350359057,37.29789193043479,14.0,20.0,35.0,-40.9,0.0,0.0,0.0,0.0,0.0,0.0,0.0,0.0,0.0,0.0
2026-06-09 08:32:30,-2.9158557785961037,-0.28979480955846526,2.594014197821715,-1.0212149493395883,0.09314897801072242,2.910997824191851,2.6714590445234556,2.4831688189913415,36.81361926234206,36.81259401370308,36.763208803627414,14.0,20.0,35.0,-56.8,0.0,0.0,0.0,0.0,0.0,0.0,0.0,0.0,0.0,0.0
2026-06-09 08:32:31,1.6995619056221623,-1.0520485903769095,0.6912430303143635,2.239460537534562,1.8885333195298202,0.8818308416231444,-1.1170691697659512,-2.5114865869744283,36.779512549697,37.23181016530603,37.27771315116287,14.0,20.0,35.0,9.2,0.0,0.0,0.0,0.0,0.0,0.0,0.0,0.0,0.0,0.0
2026-06-09 08:32:33,0.09838602090327342,2.7371745865789867,-2.7959073573990745,-1.9839296754073967,-2.203887506872821,-2.952399618289,-2.729385381863603,-2.5589509278447706,36.564092911561964,37.307886721865756,37.29887952537081,14.0,20.0,35.0,-1.3,0.0,0.0,0.0,0.0,0.0,0.0,0.0,0.0,0.0,0.0
2026-06-09 08:32:34,-2.189557838664932,-1.2759719782114212,-0.13187501658519318,0.9226494570613637,-2.865894608675424,2.9148009827122765,2.197722690618269,0.03643306103893851,36.593759664287376,37.34531017158544,37.167050698598565,14.0,20.0,35.0,39.0,0.0,0.0,0.0,0.0,0.0,0.0,0.0,0.0,0.0,0.0
2026-06-09 08:32:36,-1.2126179265837331,-1.5565487652191679,1.6731295768520482,-2.0028059072269437,-0.08199421767885262,1.8907599930794747,-1.08924402779135,1.7442851113677085,36.75942505059682,36.99470236354833,37.04016578557881,14.0,20.0,35.0,-2.6,0.0,0.0,0.0,0.0,0.0,0.0,0.0,0.0,0.0,0.0
2026-06-09 08:32:37,-2.4054622749395174,-2.7688691786229396,1.5275959099156289,-2.607591173141968,-1.6141424159170414,-2.9797873671662236,-0.5078373437416186,2.8767370482153085,36.83625912849118,37.13918649551033,37.100610675868786,14.0,20.0,35.0,30.4,0.0,0.0,0.0,0.0,0.0,0.0,0.0,0.0,0.0,0.0
2026-06-09 08:32:39,-1.3411573659656526,-0.26233545826340166,-2.0096530265913657,2.0881987891154603,-1.968141459335755,-1.1777536046528794,2.4430323152717426,-1.604990050555341,36.542533041952005,37.322142393746745,37.14000478152685,14.0,20.0,35.0,59.4,0.0,0.0,0.0,0.0,0.0,0.0,0.0,0.0,0.0,0.0
2026-06-09 08:32:40,2.757413583585371,-1.3916071785336501,-1.0032671775227187,-0.002108589303480457,0.3765466331639895,-0.262839265440566,1.915527387859572,1.9917902131444762,36.6883246531639,37.08977535186591,37.17881961712915,14.0,20.0,35.0,62.8,0.0,0.0,0.0,0.0,0.0,0.0,0.0,0.0,0.0,0.0
2026-06-09 08:32:41,-2.720311901894795,2.4847213792306917,2.727045819964429,1.0735845849395131,0.9812467769872963,2.1859387979668226,0.047267551610136405,2.9588497266848215,37.05614280670224,37.10630465181572,36.843270346031446,14.0,20.0,35.0,-100,0.0,0.0,0.0,0.0,0.0,0.0,0.0,0.0,0.0,0.0
2026-06-09 08:32:42,2.876726071993379,-0.7849508571711823,2.7202565040096296,2.5269954514211808,2.7820813851962205,2.8703510622905783,0.4501023229785539,2.4881872062050387,36.91782779546715,37.308135186202975,37.24785327358473,14.0,20.0,35.0,-48.4,0.0,0.0,0.0,0.0,0.0,0.0,0.0,0.0,0.0,0.0
2026-06-09 08:32:43,-2.5425548311478767,-2.642303228465262,-1.5101146568755488,0.44715396175203015,2.225808060413052,1.5668256010036137,-0.11032598148421435,0.30317573929425645,36.910936550067696,37.091924650443474,37.279059678407386,14.0,20.0,35.0,108.1,0.0,0.0,0.0,0.0,0.0,0.0,0.0,0.0,0.0,0.0
2026-06-09 08:32:44,1.1599464876768133,1.858670672936741,2.4168763150355765,-1.923032512732068,0.20272714226037092,-2.966415866260481,-1.1055819670488125,0.653516872992058,36.73874291371842,37.0004477057866,36.72458810992089,14.0,20.0,35.0,-100,0.0,0.0,0.0,0.0,0.0,0.0,0.0,0.0,0.0,0.0
2026-06-09 08:32:46,-2.649568105303394,-0.3857499670065305,-1.9293258568676157,-1.9498733908919874,1.887187203338181,-2.4574879034462818,0.8998190614429209,1.738450095678509,36.83945697815727,37.34635460244055,36.81390886077584,14.0,20.0,35.0,59.1,0.0,0.0,0.0,0.0,0.0,0.0,0.0,0.0,0.0,0.0
2026-06-09 08:32:47,-0.06611529560995155,1.5003473475075157,1.032496657274895,-2.5375910469309018,1.8627467126304609,-2.9632218987915375,2.137413934437573,0.5673555825275791,36.83280394026505,37.09543164032254,37.09199988705032,14.0,20.0,35.0,-65.9,0.0,0.0,0.0,0.0,0.0,0.0,0.0,0.0,0.0,0.0
2026-06-09 08:32:48,-0.8783491180368568,2.873685165317375,0.605295341820244,-2.371780755846112,2.391284838860237,-1.9279990588709714,2.4944230545354094,1.4116719843401677,36.630548639563806,36.86985910134327,37.194480357817696,14.0,20.0,35.0,-89.7,0.0,0.0,0.0,0.0,0.0,0.0,0.0,0.0,0.0,0.0
2026-06-09 08:32:49,2.419845918725229,-0.2050752160086069,1.5526392286594906,0.07837238264868684,-2.7688939735011755,-0.620673079271377,2.959052954529972,-1.4528702298326226,36.83308454202229,37.22742628739943,36.86074301730402,14.0,20.0,35.0,-33.7,0.0,0.0,0.0,0.0,0.0,0.0,0.0,0.0,0.0,0.0
2026-06-09 08:32:50,-0.5793855986521446,-2.0552620190844557,-2.436358767422771,0.9416954654788889,2.751086594309104,2.990120459764676,2.125507329359623,-0.9586119394174846,36.95079286616547,37.25769148754329,37.12056572118035,14.0,20.0,35.0,118.7,0.0,0.0,0.0,0.0,0.0,0.0,0.0,0.0,0.0,0.0
2026-06-09 08:32:52,1.014431628278233,-0.9858984446033974,2.347996691750069,0.7802194730306065,0.7864748151400618,1.3044935853589354,1.3748039168872248,0.6657693085631315,36.59280906637487,36.89878301625649,37.26305318727701,14.0,20.0,35.0,-33.9,0.0,0.0,0.0,0.0,0.0,0.0,0.0,0.0,0.0,0.0
2026-06-09 08:32:53,0.5281900206966301,0.9801272831107042,0.3300946993324283,0.9862934204912559,-0.15475207266815527,-2.9045249521030763,2.5031756621617802,1.3149678644385165,36.68573601186097,36.900222502485114,36.84103659242121,14.0,20.0,35.0,-34.1,0.0,0.0,0.0,0.0,0.0,0.0,0.0,0.0,0.0,0.0
2026-06-09 08:32:54,-2.0316177053343787,1.4764016488667213,-0.3008394692937033,0.15311773711622223,-2.414339211293247,-0.7934898119053053,1.8962544858829933,0.511198583916026,36.792070258854494,37.34393247689911,37.07362890363987,14.0,20.0,35.0,-29.8,0.0,0.0,0.0,0.0,0.0,0.0,0.0,0.0,0.0,0.0
2026-06-09 08:32:55,1.3632363962006622,-0.3300452434175716,1.253433051056561,-0.8606278249482027,2.1067864669925322,-2.6714677881830813,2.932321406703289,-2.35963790513631,36.766695685467425,37.361183243957385,37.217950584761674,14.0,20.0,35.0,-23.7,0.0,0.0,0.0,0.0,0.0,0.0,0.0,0.0,0.0,0.0
2026-06-09 08:32:57,1.58892384775843,-1.4599434034336902,-0.968883519122258,1.3617201070637535,1.4249024221043012,1.5936610364426347,-1.9738156318884055,-0.711864862295613,36.75673565810089,37.11552363826653,36.90089078406128,14.0,20.0,35.0,62.6,0.0,0.0,0.0,0.0,0.0,0.0,0.0,0.0,0.0,0.0
2026-06-09 08:32:58,1.1102847002204523,-0.2952627879484626,-2.8572563351604776,-2.2241678567208547,2.8884695099430298,-0.8092430921240599,2.370423174925862,-0.9661254247524518,36.756611554315405,37.110052926026825,37.082324387343135,14.0,20.0,35.0,82.3,0.0,0.0,0.0,0.0,0.0,0.0,0.0,0.0,0.0,0.0
2026-06-09 08:32:59,-1.0023303091643418,2.8060500446423244,-2.288966280691933,2.834316559073219,1.8455436425930598,2.8068627325895186,0.8995404177968851,-1.613390447755572,36.89947719834727,37.26035520085933,37.28552624980807,14.0,20.0,35.0,-11.5,0.0,0.0,0.0,0.0,0.0,0.0,0.0,0.0,0.0,0.0
2026-06-09 08:33:00,1.362544229283147,2.7778177192591693,-2.863488145768761,-2.777375189300522,2.9348306170442866,-1.5922502290784797,1.7487671072881446,-2.225175067819292,36.81418889857685,37.27079163417799,36.74063564212638,14.0,20.0,35.0,2.3,0.0,0.0,0.0,0.0,0.0,0.0,0.0,0.0,0.0,0.0
2026-06-09 08:33:02,-0.09093284961693371,1.0273742286837795,0.19793110225819532,1.9282038442004001,0.2485962642220807,-2.873971534029641,-0.6432179654978993,2.949942392891497,36.819410658386126,37.19204091011188,37.188089052476634,14.0,20.0,35.0,-33.4,0.0,0.0,0.0,0.0,0.0,0.0,0.0,0.0,0.0,0.0
2026-06-09 08:33:03,1.6686467670411522,1.3882277051613272,1.6513504080225472,-0.8586742058427079,2.1640271971714995,0.45575682757802216,1.4318981643392918,-0.15077003392813815,36.95165668409572,36.843244763524204,36.706735267479225,14.0,20.0,35.0,-77.7,0.0,0.0,0.0,0.0,0.0,0.0,0.0,0.0,0.0,0.0
2026-06-09 08:33:04,0.4374760554055266,2.5263227512401603,-1.8683929277746327,0.7013939238890652,0.7663786752760666,-1.6053732273212071,-1.497295025814794,2.1820180918750065,37.05592964971989,37.396592608394045,37.12103543720251,14.0,20.0,35.0,-18.6,0.0,0.0,0.0,0.0,0.0,0.0,0.0,0.0,0.0,0.0
2026-06-09 08:33:05,-0.16541139200193822,-0.22859982273504276,1.051414164762308,0.8381227411749119,-2.883688933992458,-2.965888322965337,-2.798964887935904,-0.4107874689565749,36.5109926013149,36.849688019747326,37.18986698418022,14.0,20.0,35.0,-24.2,0.0,0.0,0.0,0.0,0.0,0.0,0.0,0.0,0.0,0.0
2026-06-09 08:33:06,1.6880872857967262,2.0169213760865716,-1.5230536382012794,-1.0281374644871633,0.3592969389721099,1.3940983919070087,2.9817860082472167,0.5365890550347374,36.67659842608288,37.28653322996734,36.892300636522684,14.0,20.0,35.0,-10.6,0.0,0.0,0.0,0.0,0.0,0.0,0.0,0.0,0.0,0.0
2026-06-09 08:33:08,-1.5254837596511475,-0.711095877420326,0.23467445180572533,0.11509136123619612,-0.20397648868963714,0.18848486102180395,-0.08239714311638302,0.24319905281347864,36.91255013542282,37.07417818399436,36.98653974741994,14.0,20.0,35.0,12.4,0.0,0.0,0.0,0.0,0.0,0.0,0.0,0.0,0.0,0.0
2026-06-09 08:33:09,-2.6598109895928994,-2.7056798354696463,-0.9249892154548949,2.7791159944993638,0.6286079649360707,0.8849299959274983,-0.9641936671544804,0.25880660256552845,36.67638876566853,37.36417972579863,36.727826829285995,14.0,20.0,35.0,93.8,0.0,0.0,0.0,0.0,0.0,0.0,0.0,0.0,0.0,0.0
2026-06-09 08:33:10,2.2386228748819796,2.940927482950462,2.544710208195161,0.4518648252644617,1.2825062758245176,-1.153869431932066,-1.1228125265983935,-0.6234976430174175,36.886475755317385,37.35720112282128,36.96540028964225,14.0,20.0,35.0,-100,0.0,0.0,0.0,0.0,0.0,0.0,0.0,0.0,0.0,0.0
2026-06-09 08:33:11,1.741737465977642,0.2658963114413009,-0.8917977858603914,1.4754886550259894,-0.0511663708475707,-1.7103474111806503,1.2655189121855166,0.04231905826704985,36.75930158905664,37.28547459498562,37.209027034456625,14.0,20.0,35.0,16.0,0.0,0.0,0.0,0.0,0.0,0.0,0.0,0.0,0.0,0.0
2026-06-09 08:33:13,-2.5343148148066943,-0.031325298723754,1.3316008405715545,-2.334532935346849,-2.755468748310133,2.7468213508575365,-0.9314376756159777,2.1892938544875884,37.0386700035405,37.02495720889399,37.29718666118515,14.0,20.0,35.0,-32.7,0.0,0.0,0.0,0.0,0.0,0.0,0.0,0.0,0.0,0.0
2026-06-09 08:33:14,-2.706345363154977,-2.0813913561050876,-2.3837863414567337,-1.2338959056868182,-0.28523970668343335,-1.772309018193446,1.7537683986590507,-1.5962589564485832,36.78128198778319,37.10018397407131,37.044522857155485,14.0,20.0,35.0,115.4,0.0,0.0,0.0,0.0,0.0,0.0,0.0,0.0,0.0,0.0
2026-06-09 08:33:15,-2.988047487524878,-1.7918077591271193,0.47990260593922063,-1.1097159201968092,1.1950408700375705,-0.9929934514139958,-1.2971073686585077,2.3386731474588087,36.612491088573876,36.87237427649377,36.85701624689596,14.0,20.0,35.0,32.8,0.0,0.0,0.0,0.0,0.0,0.0,0.0,0.0,0.0,0.0
2026-06-09 08:33:16,1.2266517733349316,-1.2608441798249141,-0.12827785985881768,-1.5322995716358656,2.334202736670342,1.6212950706313878,-1.2353596820304942,0.5766013561629686,37.09863730613641,36.83523677628366,37.01235388960341,14.0,20.0,35.0,36.1,0.0,0.0,0.0,0.0,0.0,0.0,0.0,0.0,0.0,0.0
2026-06-09 08:33:18,-0.9864419132791635,2.8349828520591593,-2.438579145937706,-0.21573034799181023,0.5619477072936503,2.32802922683366,1.9999263654014268,0.8996285936496622,36.67169326920132,37.07429191374084,37.110438175070286,14.0,20.0,35.0,-8.1,0.0,0.0,0.0,0.0,0.0,0.0,0.0,0.0,0.0,0.0
2026-06-09 08:33:19,-0.2506331738168526,-0.5754994191128233,-2.7265316792536733,-0.9655925766323694,-1.0170005757036973,-0.669341345573736,2.5188606762636807,-2.758688743115754,36.737372467491255,37.01950306757383,37.221456563121166,14.0,20.0,35.0,86.3,0.0,0.0,0.0,0.0,0.0,0.0,0.0,0.0,0.0,0.0
2026-06-09 08:33:20,-2.6319312294817276,0.5108137722565962,2.9348271993487645,2.366413943758509,1.9911596257623234,-1.7550349919461052,-1.2696391966628502,1.4813524399789042,36.661753784262295,37.25718393078954,36.90141356275495,14.0,20.0,35.0,-90.6,0.0,0.0,0.0,0.0,0.0,0.0,0.0,0.0,0.0,0.0
2026-06-09 08:33:21,0.5457417622911165,-2.9199958453317496,0.981119351297822,-2.1838212446356646,0.7139577919926552,-2.1425076840374757,0.38785989685215405,-2.990203506724802,36.68753201400031,37.19946835917263,37.225537919008225,14.0,20.0,35.0,49.3,0.0,0.0,0.0,0.0,0.0,0.0,0.0,0.0,0.0,0.0
2026-06-09 08:33:23,1.9461705546993056,2.4578055807992705,-2.127476240173023,-2.57407221452209,0.9809034387150541,2.011206111551398,1.176331713187702,1.5572899152318653,36.79971476610005,37.22056627035395,36.759182721382544,14.0,20.0,35.0,-6.9,0.0,0.0,0.0,0.0,0.0,0.0,0.0,0.0,0.0,0.0
2026-06-09 08:33:24,-0.5396953044426667,1.327605042896204,0.26464358605812865,-0.6174284045602336,-1.3734427288937479,-0.37463125420007737,-0.4193920889109517,0.28965216065405075,36.61282685548056,36.8474899291619,37.23587660550311,14.0,20.0,35.0,-41.6,0.0,0.0,0.0,0.0,0.0,0.0,0.0,0.0,0.0,0.0
2026-06-09 08:33:25,0.8673581330237807,-1.990024504022072,-1.2878602654996367,0.2387011120034952,0.829971186209514,-2.056192743493556,0.5262262110543912,-2.862252481526172,36.96767914133715,37.29254672066022,36.95649817354572,14.0,20.0,35.0,84.0,0.0,0.0,0.0,0.0,0.0,0.0,0.0,0.0,0.0,0.0
2026-06-09 08:33:26,-1.674721557243882,0.9819725624256499,-0.6430551919623557,-2.805735225235981,2.5388560927603967,-1.0349635878694912,2.124260912217662,-0.4156874411457223,36.508084969612796,37.1325724912377,37.18010188075028,14.0,20.0,35.0,-8.2,0.0,0.0,0.0,0.0,0.0,0.0,0.0,0.0,0.0,0.0
2026-06-09 08:33:27,2.055514297341565,2.3426419116443675,2.2698445403010243,1.0014991312331993,-0.13053647387279765,-1.5215297465469313,-1.6806295727673517,0.4818199967863004,36.86428644735704,37.1867307664593,36.793173478031285,14.0,20.0,35.0,-100,0.0,0.0,0.0,0.0,0.0,0.0,0.0,0.0,0.0,0.0
2026-06-09 08:33:28,2.168003645871443,1.5709644602375619,0.9219474725428967,-2.123276671126227,-1.597773007602488,-2.9571726280343693,0.6128315819396981,1.2244892022665281,37.0546024609072,37.34754071678713,37.25942328531041,14.0,20.0,35.0,-65.6,0.0,0.0,0.0,0.0,0.0,0.0,0.0,0.0,0.0,0.0
2026-06-09 08:33:29,0.3762882249747559,0.9559241482037315,-2.756210598934574,1.0980415530651344,1.1159640436986535,2.1500488713859784,2.4738521101443087,1.9875498041231916,36.72095916814887,36.81576426389737,37.02371657030005,14.0,20.0,35.0,48.9,0.0,0.0,0.0,0.0,0.0,0.0,0.0,0.0,0.0,0.0
2026-06-09 08:33:30,0.8563201133573797,-0.7484470698712924,-0.8241255583161413,0.37464834920376733,-2.421471748849452,-2.9748668536577574,-2.8205921655378123,-2.3644709298349023,37.01658139502455,37.04295550389813,37.298078455486575,14.0,20.0,35.0,37.8,0.0,0.0,0.0,0.0,0.0,0.0,0.0,0.0,0.0,0.0
2026-06-09 08:33:32,-1.923820795495046,-2.6708227776585356,0.0662298944179307,0.7537968086722162,-1.2859784462036545,1.4658855784345732,-0.0956272540327121,0.30019789141871733,37.045926590107136,36.98471818640611,37.078077096722005,14.0,20.0,35.0,68.0,0.0,0.0,0.0,0.0,0.0,0.0,0.0,0.0,0.0,0.0
2026-06-09 08:33:33,1.3680207128853619,0.4944536369690824,2.955141428099904,1.2682013745232572,1.7281939624203329,0.9478302660529221,1.6770824741007164,0.9441154664734173,36.9072984073354,37.115165290968825,36.72188161330919,14.0,20.0,35.0,-87.9,0.0,0.0,0.0,0.0,0.0,0.0,0.0,0.0,0.0,0.0
2026-06-09 08:33:34,1.6002461020617442,-0.4637405647637918,2.7705691010481104,1.7038304165888771,-1.5703745051962654,2.7346133275419735,-1.9631615730254326,-2.593993992795961,36.79555967886502,37.049703152159495,36.87750294115972,14.0,20.0,35.0,-59.3,0.0,0.0,0.0,0.0,0.0,0.0,0.0,0.0,0.0,0.0
2026-06-09 08:33:36,2.786399171841853,0.8526776788810935,-2.7630762085246237,0.2605359133412479,-0.4564695992493535,1.1255914883552451,-0.4877618205938461,2.892758463352566,36.97734951424461,37.310726407873084,37.26236805691118,14.0,20.0,35.0,49.7,0.0,0.0,0.0,0.0,0.0,0.0,0.0,0.0,0.0,0.0
2026-06-09 08:33:37,-2.6973827793985263,-1.8191271601413161,1.3126313940108059,2.5200142666801097,2.2324993409140115,-2.6734432230712475,-0.30001491036092887,2.51712307300844,37.074585835519656,37.38879098260433,36.9972973636054,14.0,20.0,35.0,11.6,0.0,0.0,0.0,0.0,0.0,0.0,0.0,0.0,0.0,0.0
2026-06-09 08:33:38,0.9757827149104634,0.3351521943945919,-1.1688998749922996,0.3467893039062133,2.8002942098430896,-2.3126906796471607,-2.8982002442842867,-2.0139538107282786,36.58904211753646,36.85474270942491,37.11852364644388,14.0,20.0,35.0,19.0,0.0,0.0,0.0,0.0,0.0,0.0,0.0,0.0,0.0,0.0
2026-06-09 08:33:39,-0.1185088561529648,0.3429058222081065,0.05584188947193969,2.8586383949832106,0.9038608749772692,2.5444539345172483,-1.4965497280791809,1.487835731247248,36.9520807461159,37.394482007261864,36.76317990377542,14.0,20.0,35.0,-9.8,0.0,0.0,0.0,0.0,0.0,0.0,0.0,0.0,0.0,0.0
2026-06-09 08:33:40,-0.9912213344811325,0.08982713993219349,0.8693752941227197,2.5527894360045984,0.7398342270462228,-1.1700755936074054,0.39845381207191277,-0.6250794034316955,36.92092945834545,37.38303917975983,36.9993404753455,14.0,20.0,35.0,-25.2,0.0,0.0,0.0,0.0,0.0,0.0,0.0,0.0,0.0,0.0
2026-06-09 08:33:42,-2.635717741668314,-0.6948599167335869,2.0865988669730555,1.6682930415769475,0.5729009024440557,0.8356211572069556,2.753729116029511,1.7728350017375956,37.077914981577514,37.03066099754799,37.11824267063967,14.0,20.0,35.0,-34.2,0.0,0.0,0.0,0.0,0.0,0.0,0.0,0.0,0.0,0.0
2026-06-09 08:33:43,-0.9267348080823963,1.4739632775868126,-0.13807310447995302,-0.08237836922907116,2.6766874429719874,1.9303872470933428,2.9625814464369045,-2.5200737216704843,36.67673698373796,37.046053643789115,37.28056128580393,14.0,20.0,35.0,-32.1,0.0,0.0,0.0,0.0,0.0,0.0,0.0,0.0,0.0,0.0
2026-06-09 08:33:45,-2.5644750047535956,-2.166670627569254,-2.822958827934609,2.455812551484067,-2.3447139640736125,-2.7660543330029266,-1.5501556775485255,1.496207408062907,36.50808847331108,37.12901122814356,36.95035346204835,14.0,20.0,35.0,126.9,0.0,0.0,0.0,0.0,0.0,0.0,0.0,0.0,0.0,0.0
2026-06-09 08:33:46,1.0855879086555227,0.9366854548959926,0.8157852771067358,-1.5185451745603231,-2.3001279251863904,2.250731018739665,1.5735862214579353,-1.6872071617216924,36.90146582632428,37.25977984706041,37.17827191137531,14.0,20.0,35.0,-43.4,0.0,0.0,0.0,0.0,0.0,0.0,0.0,0.0,0.0,0.0
2026-06-09 08:33:47,1.6083756354460306,-1.172767636195256,-2.4245341242206906,-2.879380757052359,-1.9830089785749623,1.3805902604001732,-0.6292879740939767,-2.324179257480176,36.617527812605104,37.003827550616414,36.82242145432167,14.0,20.0,35.0,93.4,0.0,0.0,0.0,0.0,0.0,0.0,0.0,0.0,0.0,0.0
2026-06-09 08:33:49,-0.16666517926732194,-1.1690517566298937,-1.4600267235265387,-2.5064117383620315,-1.7505382404521193,-0.06317270444567136,1.0693019692377659,0.1823798994386192,36.79779598279317,37.16405732804417,36.753793223327136,14.0,20.0,35.0,68.5,0.0,0.0,0.0,0.0,0.0,0.0,0.0,0.0,0.0,0.0
2026-06-09 08:33:50,-2.8411952440980413,-1.3422649720186646,-0.6289142791702869,-2.1579409402161933,-2.9340908284856413,2.843033497421364,-1.9337755361559616,-0.13127307659576637,36.70775957175804,37.136983344160356,36.895928306110704,14.0,20.0,35.0,51.4,0.0,0.0,0.0,0.0,0.0,0.0,0.0,0.0,0.0,0.0
2026-06-09 08:33:52,2.462939672721868,2.927133993675283,-2.7233134490997277,2.572544743485734,-0.002459903366678784,2.5606815752860745,-1.0518605894319084,2.5821655949282682,36.891267370214585,36.84121762175711,37.09161195579264,14.0,20.0,35.0,-4.5,0.0,0.0,0.0,0.0,0.0,0.0,0.0,0.0,0.0,0.0
2026-06-09 08:33:53,-1.3543099207633855,-0.2937133388623083,0.6349474361723861,1.320859818921818,2.9813994556368133,-1.3669964863992303,2.825981141261546,1.7136376308572245,36.674843215617585,37.0387081172053,37.178969559124205,14.0,20.0,35.0,-8.1,0.0,0.0,0.0,0.0,0.0,0.0,0.0,0.0,0.0,0.0
2026-06-09 08:33:54,1.2272159005054553,1.0426194910463602,-2.4856379909924264,2.8090388345630046,1.4588266647740076,-2.2957003708059722,-0.23356314446639903,-1.741001309274263,36.85258349611183,37.32778630390759,37.15328256944629,14.0,20.0,35.0,36.0,0.0,0.0,0.0,0.0,0.0,0.0,0.0,0.0,0.0,0.0
2026-06-09 08:33:56,-2.0771118494158767,1.5896788040445191,1.4623083683093956,2.5128934495074784,-1.01061028281006,1.8736945106399192,0.5402647525729867,-0.6449856170791923,36.50153455316428,37.056092998059036,37.2096772577007,14.0,20.0,35.0,-77.7,0.0,0.0,0.0,0.0,0.0,0.0,0.0,0.0,0.0,0.0
2026-06-09 08:33:57,-2.9674386656770526,0.6071089857407683,-0.5172093204073365,-2.364876789924064,2.4138889595273847,1.995843495855727,-0.6140043677304465,-2.9392040696625026,36.86219435193631,37.353595958595754,37.15359338104131,14.0,20.0,35.0,-1.6,0.0,0.0,0.0,0.0,0.0,0.0,0.0,0.0,0.0,0.0
2026-06-09 08:33:59,0.4743613610380297,1.8530784094450716,-0.3580880016947625,0.09101658983805594,2.442922405982051,-2.2648570128782928,2.487130023451332,1.4706820489066441,36.7520273125313,37.21940496130013,37.17867406183239,14.0,20.0,35.0,-38.5,0.0,0.0,0.0,0.0,0.0,0.0,0.0,0.0,0.0,0.0
2026-06-09 08:34:00,-0.8151462819284525,-0.08548573975408713,2.7326938877130207,-0.8739723762483096,-0.8024069087882815,0.8941338991958592,-0.36683875711585356,-2.2438679300534226,36.585584798591675,37.10966841660732,36.86269271071394,14.0,20.0,35.0,-68.2,0.0,0.0,0.0,0.0,0.0,0.0,0.0,0.0,0.0,0.0
2026-06-09 08:34:01,-1.696906039069686,0.16888673677136623,-0.8169229256239783,2.9385974547700107,0.3488858287246215,0.7060179892388057,2.293660504983137,-2.322714209299922,36.85851778381287,36.92962861952641,36.910536043373156,14.0,20.0,35.0,18.3,0.0,0.0,0.0,0.0,0.0,0.0,0.0,0.0,0.0,0.0
2026-06-09 08:34:03,-0.9220740863159591,-2.9010041831267808,2.0850069332591596,2.9385124609435254,-1.7070299868372365,0.5712168572023777,2.922814437430736,-0.7159917781448275,36.57117785681988,37.166853600754536,36.75091441380628,14.0,20.0,35.0,22.8,0.0,0.0,0.0,0.0,0.0,0.0,0.0,0.0,0.0,0.0
2026-06-09 08:34:04,1.2818892585316162,1.8576099313298595,-2.0972447476675242,-1.290087818356402,-1.4536168024559784,-2.005116476376573,-1.838901069059365,-2.9089307799423416,36.76392532686278,37.29305731156952,36.905056132876716,14.0,20.0,35.0,4.3,0.0,0.0,0.0,0.0,0.0,0.0,0.0,0.0,0.0,0.0
2026-06-09 08:34:05,-0.18602570611081282,-2.9175905017506887,-0.5053370941180915,-0.2844471736944456,1.61582230612417,1.36490021393179,1.4025618740888879,-2.7492223356266337,36.874684917502826,36.8098391118144,36.794274818971,14.0,20.0,35.0,89.9,0.0,0.0,0.0,0.0,0.0,0.0,0.0,0.0,0.0,0.0
2026-06-09 08:34:06,0.8406143207826284,2.420074415598071,2.096729170768702,0.02086362008558007,0.7999259369049683,-2.0984638784648264,0.03007747029563923,-1.1456038762076772,37.08976958078495,37.066491063459864,36.88685171501729,14.0,20.0,35.0,-100,0.0,0.0,0.0,0.0,0.0,0.0,0.0,0.0,0.0,0.0
2026-06-09 08:34:08,1.259658376152804,-0.3971409489963933,1.8976919195983735,1.66281478327004,-2.308931421441488,-2.4938423294107324,-0.33200035912706616,-2.920984154783624,36.75577408977619,37.21638747285555,36.7402444018031,14.0,20.0,35.0,-40.2,0.0,0.0,0.0,0.0,0.0,0.0,0.0,0.0,0.0,0.0
2026-06-09 08:34:09,-0.021218702409968593,-1.8588213553029984,0.9222746466420739,-0.3071577453967391,1.1216836608400431,2.9023960803185895,-0.16803239322639074,1.567245203297393,36.90287807347265,37.31039723025902,36.75843389592002,14.0,20.0,35.0,25.6,0.0,0.0,0.0,0.0,0.0,0.0,0.0,0.0,0.0,0.0
2026-06-09 08:34:11,1.7420451651513993,-1.0856418606547136,2.4587097955937027,-0.3134835677626313,-1.8239270759618682,0.4134842273540782,2.8154722677222477,0.473210034584306,36.81813418694413,37.102657292240075,36.94897569760697,14.0,20.0,35.0,-33.9,0.0,0.0,0.0,0.0,0.0,0.0,0.0,0.0,0.0,0.0
2026-06-09 08:34:12,2.1371837885823997,-0.26215224232045653,-2.40597722223527,0.3503372553817572,-1.232845075771239,0.7758179974091375,-0.4382834132638518,0.8050985217150854,36.80478364517398,37.12604946084487,37.07970788776618,14.0,20.0,35.0,69.2,0.0,0.0,0.0,0.0,0.0,0.0,0.0,0.0,0.0,0.0
2026-06-09 08:34:13,-0.30453640649228575,-0.06887132393719497,-2.499987733936873,2.2753740114527954,1.186330657637038,1.5473368958421432,-1.0299941686450915,-2.8061320901682874,36.842441452643776,37.19140315880847,37.22725781209863,14.0,20.0,35.0,66.7,0.0,0.0,0.0,0.0,0.0,0.0,0.0,0.0,0.0,0.0
2026-06-09 08:34:14,2.060656701014267,0.9328087207075555,1.4980163709154901,-0.4638713183095362,-2.5807461600992836,1.1805348193933494,-2.358146048444776,-1.23309976670691,37.07198931687386,36.986364842502965,37.2045830576063,14.0,20.0,35.0,-63.4,0.0,0.0,0.0,0.0,0.0,0.0,0.0,0.0,0.0,0.0
2026-06-09 08:34:15,1.1576532634971315,2.5159238406731186,-1.7464038583818369,1.0044263527510555,1.8338696793271616,-0.6630127744332377,1.293935310941877,-0.8686366681663729,36.93909616332786,37.11970862167438,36.829830776738476,14.0,20.0,35.0,-19.6,0.0,0.0,0.0,0.0,0.0,0.0,0.0,0.0,0.0,0.0
2026-06-09 08:34:17,0.7341267664414612,0.5241499817323261,-0.8714303556388745,-0.802861035746016,-1.7278941404812547,-1.9569401046321289,-1.2522715174302486,0.5662627599644523,36.70805134791517,37.223234046571065,37.27418295843033,14.0,20.0,35.0,7.4,0.0,0.0,0.0,0.0,0.0,0.0,0.0,0.0,0.0,0.0
2026-06-09 08:34:18,1.6208004616589609,-1.0293992829616125,-2.8280535971901837,2.395514048588791,2.3131149979992163,-2.2480558316182315,2.5011714227050446,1.0054208785143866,36.71560082715734,37.19539696230016,37.16294844651817,14.0,20.0,35.0,99.9,0.0,0.0,0.0,0.0,0.0,0.0,0.0,0.0,0.0,0.0
2026-06-09 08:34:19,-0.550464933852798,-1.3022707427840825,-1.635637126243663,-1.1634372884088524,-0.883990548426258,1.7029472017706553,1.768758034203552,-1.4012917272790826,37.06996818639795,37.080449427084815,37.2724148995565,14.0,20.0,35.0,77.7,0.0,0.0,0.0,0.0,0.0,0.0,0.0,0.0,0.0,0.0
2026-06-09 08:34:21,1.8163564847006946,1.6789602663034273,0.8159924057860612,2.8331792714192803,1.5349193076818217,-2.6810378721120522,-2.117904881502989,0.8442012050293806,36.89775011921594,37.047437695310684,36.862355156860744,14.0,20.0,35.0,-66.9,0.0,0.0,0.0,0.0,0.0,0.0,0.0,0.0,0.0,0.0
2026-06-09 08:34:22,-1.2542814511530307,0.25804981446692565,-0.42549066070020425,-1.3333972456959788,1.0850419727532312,0.04272561204729364,2.9016221648726805,1.9333574040105832,36.78181248913438,36.94699491255674,36.74111530766703,14.0,20.0,35.0,5.8,0.0,0.0,0.0,0.0,0.0,0.0,0.0,0.0,0.0,0.0
2026-06-09 08:34:23,-0.2256530462375581,1.7725961905002805,-0.632867850333378,0.7136396716718654,-2.8272900503207765,1.5837384684984013,-2.885632109261155,1.1081893817671737,36.62546605388805,36.956852778849644,37.16622028342969,14.0,20.0,35.0,-30.1,0.0,0.0,0.0,0.0,0.0,0.0,0.0,0.0,0.0,0.0
2026-06-09 08:34:24,-1.0593379294360445,1.6224628912735106,-2.0331258067816322,0.605703983861043,-2.3044259793937725,1.4122178524862132,-2.668191678430808,-2.2470648366222177,37.00710933176256,36.984895413067576,37.02427189011493,14.0,20.0,35.0,10.0,0.0,0.0,0.0,0.0,0.0,0.0,0.0,0.0,0.0,0.0
2026-06-09 08:34:25,-0.8677162877062861,-0.2087424871915986,-1.7083373933361339,-0.14950026464950472,-0.4470637086248863,2.130323587297431,-1.0829771447394398,-1.6386486162891518,36.63662947603227,37.36369417295626,37.12970265952774,14.0,20.0,35.0,50.1,0.0,0.0,0.0,0.0,0.0,0.0,0.0,0.0,0.0,0.0
2026-06-09 08:34:26,2.805147844655659,0.2431994375735571,2.53948133197519,0.2121366530059543,-2.1375104325598535,-0.41042036866248743,-0.7148168116608007,2.243554744588095,36.748539846008455,37.203981763471596,37.15063148641099,14.0,20.0,35.0,-72.5,0.0,0.0,0.0,0.0,0.0,0.0,0.0,0.0,0.0,0.0
2026-06-09 08:34:28,-0.7979262674821288,2.4941249737559392,2.285387184787637,-2.420206725204886,-2.4682563281221865,-2.883103681801256,-0.7547589820207956,-2.2347424418164903,36.51655432716723,36.91473449703744,37.11687371356921,14.0,20.0,35.0,-100,0.0,0.0,0.0,0.0,0.0,0.0,0.0,0.0,0.0,0.0
2026-06-09 08:34:29,2.8742658579416904,-1.0867609898630475,0.06724103225087363,-1.7470276863886165,-1.0903128171191638,2.6954078676664963,-2.9522709144595423,2.069565414887026,36.84999961017539,36.837938804023544,36.86558539582267,14.0,20.0,35.0,26.2,0.0,0.0,0.0,0.0,0.0,0.0,0.0,0.0,0.0,0.0
2026-06-09 08:34:31,-1.8404417498439265,2.3018146731280194,-1.8131728096933193,-2.4256658703692837,1.4538514086878012,0.49662703715737555,-2.9029707286065376,1.875349427966964,36.63854812487035,37.30226439969651,37.042532661920184,14.0,20.0,35.0,-13.8,0.0,0.0,0.0,0.0,0.0,0.0,0.0,0.0,0.0,0.0
2026-06-09 08:34:32,2.624239245657445,-2.7143529345730615,-2.9337658392491237,0.3506709050865169,1.4640901588697304,2.8448431511517995,1.0762744199851078,-1.7594056514007155,36.79705625933878,37.020858218999216,37.253820710279044,14.0,20.0,35.0,148.0,0.0,0.0,0.0,0.0,0.0,0.0,0.0,0.0,0.0,0.0
2026-06-09 08:34:33,1.457061846759097,2.447915777210733,-0.6686922389090784,1.9176685911494138,-1.6570142148637768,-2.354196886938678,-2.809144009018044,1.8059142662154732,36.60607731721011,37.23570534988412,36.899088402802946,14.0,20.0,35.0,-48.6,0.0,0.0,0.0,0.0,0.0,0.0,0.0,0.0,0.0,0.0
2026-06-09 08:34:34,2.4203783456232983,2.210935578340541,-0.4375870736501417,0.15254182767547908,1.0717828527283384,-0.37555576256259604,1.0827257384937559,0.38195577700333594,36.68487997145112,36.86744605653497,36.986334244260874,14.0,20.0,35.0,-45.5,0.0,0.0,0.0,0.0,0.0,0.0,0.0,0.0,0.0,0.0
2026-06-09 08:34:35,-2.268982555408951,0.8728215099033312,0.7891257183760523,-1.389860971355927,1.5377829778028724,0.545380053077209,-1.5729135258900706,-1.9783466549521016,36.51599936604947,36.90253357993002,36.78345395454278,14.0,20.0,35.0,-43.5,0.0,0.0,0.0,0.0,0.0,0.0,0.0,0.0,0.0,0.0
2026-06-09 08:34:36,-1.1466239619072394,1.1787704967510724,0.30514666565756254,-0.5259684626321701,-0.9987670844983536,1.7514149552707758,2.5424727151759425,-1.4816677169256935,37.084150596477144,37.18725981196156,37.253928121183975,14.0,20.0,35.0,-36.2,0.0,0.0,0.0,0.0,0.0,0.0,0.0,0.0,0.0,0.0
2026-06-09 08:34:37,1.7201090975054667,0.44895098036671577,-0.1419477513789955,1.2129785502190957,1.8458954870919202,0.9902439931781646,0.5635610001058304,-0.7108193105224938,36.5350147417078,37.021612064771475,36.85662832269871,14.0,20.0,35.0,-7.2,0.0,0.0,0.0,0.0,0.0,0.0,0.0,0.0,0.0,0.0
2026-06-09 08:34:38,2.653980141658298,0.17391182270872196,-0.8781667304838985,-0.8308115769724012,2.583242647819974,-2.6137998856063507,0.9655811206409441,-1.3004835762822522,36.5245572757637,36.85048401521194,37.167005303865935,14.0,20.0,35.0,17.4,0.0,0.0,0.0,0.0,0.0,0.0,0.0,0.0,0.0,0.0
2026-06-09 08:34:40,0.6525529782758106,-2.3901720293762043,-0.8832362018782232,-1.087027441765323,2.289505284065542,-2.893238773193601,-2.953647273990281,-1.7244395604682732,36.63761935218241,36.815109940514574,36.703532009626635,14.0,20.0,35.0,81.7,0.0,0.0,0.0,0.0,0.0,0.0,0.0,0.0,0.0,0.0
2026-06-09 08:34:41,0.5011367329252261,-1.2244699791620548,-2.9060055762635217,-2.8749465656965505,0.3552335905620012,-0.3943118080582644,1.8717598201937395,0.4757781343489924,36.76966958721931,37.274418016203164,37.03319823630724,14.0,20.0,35.0,107.5,0.0,0.0,0.0,0.0,0.0,0.0,0.0,0.0,0.0,0.0
2026-06-09 08:34:42,1.2600942680716587,0.3919611905985829,-2.4735587557158336,0.696166887181966,1.9548231157993117,-1.2032817771527036,-0.39295925568814205,-2.7208146134562696,36.99197360666124,37.30789646850107,36.723208175288384,14.0,20.0,35.0,53.0,0.0,0.0,0.0,0.0,0.0,0.0,0.0,0.0,0.0,0.0
2026-06-09 08:34:43,1.9095452380382696,-2.5047119504380464,-0.6843773276873852,-1.4883470295433796,-2.592971026297551,0.16014504601566193,-1.5244444629644276,2.4070300777641593,36.763845281539034,37.138607886028055,36.9618372814809,14.0,20.0,35.0,81.8,0.0,0.0,0.0,0.0,0.0,0.0,0.0,0.0,0.0,0.0
2026-06-09 08:34:45,2.3974668477122325,-1.919746982453095,0.8061204758235565,0.33816368041223743,1.4959541216448926,-2.914428751003075,2.6930179278908355,2.0842060757124745,37.006432242799406,37.318547899376235,36.905093571342206,14.0,20.0,35.0,28.7,0.0,0.0,0.0,0.0,0.0,0.0,0.0,0.0,0.0,0.0
2026-06-09 08:34:46,-1.8680932963370793,-1.8822162329425833,2.8172708215308457,-2.9804577565619335,-0.778154539938896,-0.8653650744240333,-2.2621871281930277,-1.182376740892403,36.71576973512209,37.02015910022737,37.08461067114741,14.0,20.0,35.0,-25.7,0.0,0.0,0.0,0.0,0.0,0.0,0.0,0.0,0.0,0.0
2026-06-09 08:34:47,-0.24932599390967436,2.803813631362491,2.0032801670417193,1.780167786626647,-0.2342293110686211,-0.2575981786477226,-1.515571027187372,2.5102498882136697,36.60609347104601,37.019882843782916,37.04025477244816,14.0,20.0,35.0,-100,0.0,0.0,0.0,0.0,0.0,0.0,0.0,0.0,0.0,0.0
2026-06-09 08:34:48,-2.752281148899473,-1.5217332414463798,-2.880784259240629,-2.7742107599486596,-2.212418526938265,-1.204759588085627,-1.2569820894535282,1.4869285836944437,36.72484062915215,36.96568165174515,37.23812404602642,14.0,20.0,35.0,112.6,0.0,0.0,0.0,0.0,0.0,0.0,0.0,0.0,0.0,0.0
2026-06-09 08:34:49,0.32945879810882284,-0.7894804805425353,2.39333756643528,-1.7591860916963307,0.1642835329595691,-1.3111588876845088,-1.2849255905020458,0.3437878993350014,36.926890977897145,37.1008009852828,36.97727118769157,14.0,20.0,35.0,-42.8,0.0,0.0,0.0,0.0,0.0,0.0,0.0,0.0,0.0,0.0
2026-06-09 08:34:50,1.3446523494512927,-0.038640326148796866,1.8744570014814048,2.5137969601496666,-0.9855215223836407,-1.5358398012190273,0.54628073369806,-1.7127836854243754,36.7710272497782,37.158130200224896,36.72382083064174,14.0,20.0,35.0,-48.0,0.0,0.0,0.0,0.0,0.0,0.0,0.0,0.0,0.0,0.0
2026-06-09 08:34:52,-2.4586225565496163,-0.8637681985924033,-0.3101256530109877,-1.5143742805504217,0.5291375604396076,2.4035080240245597,1.9669914653950622,2.790337708788317,37.01130181214377,37.32876745385927,37.22387733343524,14.0,20.0,35.0,32.5,0.0,0.0,0.0,0.0,0.0,0.0,0.0,0.0,0.0,0.0
2026-06-09 08:34:53,-2.936113951936166,-1.4904093565647993,0.4669871595235837,0.9937543835810558,2.8049584846382416,1.6948821640051683,1.899576925664837,2.4048609783796557,37.09219618309546,37.111701373649275,36.84025288337336,14.0,20.0,35.0,28.3,0.0,0.0,0.0,0.0,0.0,0.0,0.0,0.0,0.0,0.0
2026-06-09 08:34:54,-2.1714099806246994,0.7544428334611828,2.0210919443638007,-1.2729524685409297,-1.441983946563445,-2.1818498324708635,1.2046041569302801,-0.7430253413066712,37.07213225455169,36.80872314914646,36.884854668905604,14.0,20.0,35.0,-72.3,0.0,0.0,0.0,0.0,0.0,0.0,0.0,0.0,0.0,0.0
2026-06-09 08:34:56,-0.4980728011768045,-0.09513818596568901,-0.3442280496358183,2.826150566691884,-2.420344331493397,2.536082018345769,1.3251871016522463,-1.9684102393516363,36.93929773284672,37.228219166399235,37.03441800026939,14.0,20.0,35.0,13.3,0.0,0.0,0.0,0.0,0.0,0.0,0.0,0.0,0.0,0.0
2026-06-09 08:34:57,0.3029011038921938,-2.7700602548760487,-2.0172066675659583,0.5170541864641507,-2.8862741421011826,1.5012666210187762,-1.6575662990639615,2.1180243116741426,36.512076329367716,37.14458263802328,37.18925699990569,14.0,20.0,35.0,123.7,0.0,0.0,0.0,0.0,0.0,0.0,0.0,0.0,0.0,0.0
2026-06-09 08:34:58,-0.7459162384154121,0.15594444046961575,-2.6828241135977615,-0.35676091022371814,0.987372478228532,-1.5346830935264584,0.28440481343498103,0.8504462446973031,36.58593878249631,36.98392403106347,36.73783378265463,14.0,20.0,35.0,64.7,0.0,0.0,0.0,0.0,0.0,0.0,0.0,0.0,0.0,0.0
2026-06-09 08:34:59,2.4792806008511423,-2.021197482831317,1.817210590178572,2.675116880441278,-2.4444264731806298,-0.9746057605980378,-0.06830617384511406,1.0397115956758478,36.88984602904899,37.01087300704933,37.143122663089464,14.0,20.0,35.0,4.8,0.0,0.0,0.0,0.0,0.0,0.0,0.0,0.0,0.0,0.0
2026-06-09 08:35:00,0.6339771983019817,1.9164952209270707,-0.44130424728975814,-1.3101957695763742,0.9439368541576223,1.6331240282030697,-0.594096591153654,1.0744229146519864,36.57371149503576,37.14837371673894,36.958573114472834,14.0,20.0,35.0,-37.6,0.0,0.0,0.0,0.0,0.0,0.0,0.0,0.0,0.0,0.0
2026-06-09 08:35:02,2.2501110449031785,-2.3137433782569063,0.8226225040545563,2.4938697233964238,-0.528852464520666,2.9545351164766185,0.742320709753832,1.0969907532421832,36.66638005999183,37.09793860059835,37.29850995487916,14.0,20.0,35.0,40.4,0.0,0.0,0.0,0.0,0.0,0.0,0.0,0.0,0.0,0.0
2026-06-09 08:35:03,-1.4874775310913997,0.5719566440888268,-1.5703412110798876,2.7062174394616827,-2.6947762531037323,0.8211240748936293,1.7520752854995765,0.7064367793560127,36.729925230456075,37.31071480951802,36.9278017979055,14.0,20.0,35.0,27.1,0.0,0.0,0.0,0.0,0.0,0.0,0.0,0.0,0.0,0.0
2026-06-09 08:35:04,-1.3459896304385721,-2.873243973366045,0.6824929624522649,-2.0647179633108976,1.4128272239786988,2.9439157500670294,1.4887849440176293,-1.2885360935781296,36.94391609337432,36.92258692473798,36.726166953204924,14.0,20.0,35.0,58.9,0.0,0.0,0.0,0.0,0.0,0.0,0.0,0.0,0.0,0.0
2026-06-09 08:35:05,2.537004515292617,1.053652537890656,2.7692827798664323,-1.9000780939187503,0.7009902619729296,-0.2541867734937644,-2.7959283566162143,-1.6748467947990684,36.89897706107321,37.39899104656812,36.71344345995863,14.0,20.0,35.0,-100,0.0,0.0,0.0,0.0,0.0,0.0,0.0,0.0,0.0,0.0
2026-06-09 08:35:06,0.7372314334758938,1.7968198025406155,0.6633895079272749,1.728770998326958,1.1419759096541773,-2.892339869797369,-0.8147071499159688,0.5538105144919054,36.632410310695896,36.98461935932736,36.73340820313134,14.0,20.0,35.0,-65.5,0.0,0.0,0.0,0.0,0.0,0.0,0.0,0.0,0.0,0.0
2026-06-09 08:35:07,0.7824800039562678,0.06701156692305421,-1.5708811611267488,2.779481300012991,2.840155973939863,-1.5458039885170516,-1.6293629669866958,-1.6405451608494006,36.535556861608754,37.00972258830588,36.89671863200534,14.0,20.0,35.0,37.3,0.0,0.0,0.0,0.0,0.0,0.0,0.0,0.0,0.0,0.0
2026-06-09 08:35:08,-0.850784258976149,1.780627717439483,-2.3707745195872083,-2.6930441251442687,0.1258069150138903,1.3951114602391117,-0.9808116197491734,-0.15723990590662718,36.89654053705295,36.95914059220552,37.289101259434325,14.0,20.0,35.0,15.5,0.0,0.0,0.0,0.0,0.0,0.0,0.0,0.0,0.0,0.0
2026-06-09 08:35:09,-2.4518616973834013,-1.028854470095181,0.42533241088768836,-0.24750620346454433,0.30005367926644544,1.4249173424255916,0.9405624744193757,1.7125540849636627,37.039927174395075,37.21710365552521,36.912202547318905,14.0,20.0,35.0,16.8,0.0,0.0,0.0,0.0,0.0,0.0,0.0,0.0,0.0,0.0
2026-06-09 08:35:11,0.34515997576284363,-2.9307677438130604,-2.1318423808892115,1.2269554117965438,2.644043380501196,0.9577334471235033,1.6940277203939162,-2.282948423959189,36.621341338162466,36.8186718208413,37.05483537554933,14.0,20.0,35.0,132.2,0.0,0.0,0.0,0.0,0.0,0.0,0.0,0.0,0.0,0.0
2026-06-09 08:35:12,-2.770856229852832,-2.597956731368602,2.213641457918155,-1.4040248523071928,-0.7205994703977181,1.9662690989978078,1.5892674811998084,-1.1881221899483618,36.750999060487416,36.95582889284584,37.225024120108706,14.0,20.0,35.0,11.7,0.0,0.0,0.0,0.0,0.0,0.0,0.0,0.0,0.0,0.0
2026-06-09 08:35:13,-1.7298456296981726,2.0609494298370006,1.5841858988604827,-1.9483497979901594,0.33799198654495477,0.7275415121440165,-1.5219323019280513,0.9912008275697262,36.64070969974342,36.86362038555422,36.70949140419683,14.0,20.0,35.0,-94.7,0.0,0.0,0.0,0.0,0.0,0.0,0.0,0.0,0.0,0.0
2026-06-09 08:35:14,-0.8033720746597779,-2.1770139639972763,1.9543712801324773,-0.5164069501735806,2.2795651726456043,1.7619728126310035,1.68541297449371,-0.8784944546836115,36.972848347657575,37.30807399734971,36.739547824919214,14.0,20.0,35.0,7.5,0.0,0.0,0.0,0.0,0.0,0.0,0.0,0.0,0.0,0.0
2026-06-09 08:35:16,-2.802104084567519,-2.3743860781868373,-0.510536494525446,-0.20620128204412858,1.6042256219060196,1.4706866052215384,-0.604781398878278,1.552545197788361,36.852422454843335,36.96476974924369,37.0933823162724,14.0,20.0,35.0,75.0,0.0,0.0,0.0,0.0,0.0,0.0,0.0,0.0,0.0,0.0
2026-06-09 08:35:17,-1.2280197515138165,1.5819906542204318,2.6401694284556676,-1.2764460943371125,1.5155286749593282,-1.1702067827481342,-2.4979755983124523,2.4201870141748847,36.68080519225244,37.13695540975238,36.85771090590983,14.0,20.0,35.0,-100,0.0,0.0,0.0,0.0,0.0,0.0,0.0,0.0,0.0,0.0
2026-06-09 08:35:18,-0.3004969694815087,1.0696358765825433,2.747509888948943,0.6453409820492331,-0.9365756492834034,0.3706665054368967,-2.8894834982758457,2.4159921626215253,37.067808656025356,36.9650734086784,36.90781868747492,14.0,20.0,35.0,-100.0,0.0,0.0,0.0,0.0,0.0,0.0,0.0,0.0,0.0,0.0
2026-06-09 08:35:19,0.24390221332318385,-0.6009589380945961,2.5042484667012763,2.909184405708494,0.1393475981775314,2.708913834384626,-1.814320653257379,2.6163874984185362,36.620311526471035,37.13372558332504,37.14716789201313,14.0,20.0,35.0,-48.8,0.0,0.0,0.0,0.0,0.0,0.0,0.0,0.0,0.0,0.0
2026-06-09 08:35:21,2.5730480306735597,-1.8709929952772193,-1.9565671669041775,1.5875410847301579,0.5453193729562025,-1.2165403355360858,-2.467752303226794,2.822322732245434,37.096434383564755,37.270310774615936,36.871515784524256,14.0,20.0,35.0,97.1,0.0,0.0,0.0,0.0,0.0,0.0,0.0,0.0,0.0,0.0
2026-06-09 08:35:22,0.3323249073134651,-1.9833366306443505,0.2136710922082612,-0.7183180082860052,-1.8904722409375103,-1.3390358363724433,-0.05489509300947848,-0.6579441140473872,36.795900363196964,37.25989473451481,36.704810370013185,14.0,20.0,35.0,45.1,0.0,0.0,0.0,0.0,0.0,0.0,0.0,0.0,0.0,0.0
2026-06-09 08:35:23,-2.534758500721716,-1.192002858897524,-1.6682640719252468,-1.5788852697515097,2.484696070338323,-1.1484998296497975,1.9735584915829012,1.741468717420383,36.60464488008388,37.03881967798296,37.19028699373987,14.0,20.0,35.0,74.4,0.0,0.0,0.0,0.0,0.0,0.0,0.0,0.0,0.0,0.0
2026-06-09 08:35:24,-2.418648413617523,2.6332005994512118,-0.09610758424185262,0.8061604573678576,-0.7902994756722181,-0.4736305556307858,0.19546815181071864,0.6292171334058101,36.98918550348824,36.801713818622225,37.156750536216414,14.0,20.0,35.0,-65.7,0.0,0.0,0.0,0.0,0.0,0.0,0.0,0.0,0.0,0.0
2026-06-09 08:35:25,-0.33045591213330283,2.9461471882327963,-2.0188532934017402,-1.2075609126209887,-2.277966248478844,0.32097994358177173,-1.23628386265345,0.31668304218953525,36.97021355762631,36.85562208965645,37.22430951226064,14.0,20.0,35.0,-24.4,0.0,0.0,0.0,0.0,0.0,0.0,0.0,0.0,0.0,0.0
2026-06-09 08:35:27,2.6319274211908823,0.749298681124765,2.7828725659494413,1.7330424201394914,1.708847808558665,0.2203861935693645,-1.8706575597473836,-1.4178630304323712,36.919055525850055,37.37803421014,37.20696793225232,14.0,20.0,35.0,-92.2,0.0,0.0,0.0,0.0,0.0,0.0,0.0,0.0,0.0,0.0
2026-06-09 08:35:28,-0.05468718213361967,-0.07226018244008348,2.6283037512534726,-2.9578516945330615,2.9738519586985417,2.3479284390163206,1.8923400924402403,2.4986303528234455,37.09900875078625,37.0756956599119,37.230134236889214,14.0,20.0,35.0,-64.0,0.0,0.0,0.0,0.0,0.0,0.0,0.0,0.0,0.0,0.0
2026-06-09 08:35:29,-0.4768066223710088,-1.1909806321626182,-2.039399408063608,-0.46654506012654196,-0.3223323284318642,-1.7142921611184452,0.4627597415543496,-0.5898744267604084,36.93510449198432,37.310430788659644,36.90386972566884,14.0,20.0,35.0,82.9,0.0,0.0,0.0,0.0,0.0,0.0,0.0,0.0,0.0,0.0
2026-06-09 08:35:31,-1.9270783223127976,0.9780563914018923,-1.3771277418606969,-2.627791120295461,-2.781870429693701,1.888217560984379,-1.5579612430579006,-2.5676863598237576,36.664015736908475,36.92050684667802,37.19437819269857,14.0,20.0,35.0,10.5,0.0,0.0,0.0,0.0,0.0,0.0,0.0,0.0,0.0,0.0
2026-06-09 08:35:32,1.086348381266494,-2.6185433791504487,-1.3617322343284524,9.47958909005564e-05,1.1149501431264648,1.7071145124956342,0.7414220806556306,1.4858159581784918,36.87520431485576,36.86325214579658,36.74629584589261,14.0,20.0,35.0,104.1,0.0,0.0,0.0,0.0,0.0,0.0,0.0,0.0,0.0,0.0
2026-06-09 08:35:33,-1.2335978448948743,-0.5498150934266155,-1.9898936013988884,-1.5903484050869234,1.4154808560374015,-0.6587886886582526,-2.3208085807963137,-8.015879819200933e-05,36.6513773051754,37.27612261825069,36.89681501104864,14.0,20.0,35.0,64.2,0.0,0.0,0.0,0.0,0.0,0.0,0.0,0.0,0.0,0.0
2026-06-09 08:35:34,2.616983609012154,1.9587177433728655,2.140386394519666,1.1238910755826277,2.067625318221337,1.4647026195980004,2.4931966676107606,-2.1381551058016965,37.03376583229887,37.14770403435972,36.84031001904224,14.0,20.0,35.0,-100,0.0,0.0,0.0,0.0,0.0,0.0,0.0,0.0,0.0,0.0
2026-06-09 08:35:35,-0.02760479148802375,0.07172593195850485,-1.346008599203004,-1.8296570519437922,-0.4946177431932419,1.5684308568148735,-1.7587950309653617,-1.6431986918799346,36.64009471603935,36.88310063754247,36.93522229068287,14.0,20.0,35.0,32.9,0.0,0.0,0.0,0.0,0.0,0.0,0.0,0.0,0.0,0.0
2026-06-09 08:35:36,1.49503371925152,-1.8064266138506575,-1.8937014951087274,-0.18736242313340368,-0.7030652455478306,0.9768441570645492,-2.765790845941757,-1.0481033379255105,36.828746199170574,37.20671371814287,37.054174674662214,14.0,20.0,35.0,94.8,0.0,0.0,0.0,0.0,0.0,0.0,0.0,0.0,0.0,0.0
2026-06-09 08:35:38,-0.08915124462102764,1.8429627561531108,2.928104205871673,-0.7406712977248504,2.562867843710592,-0.37275598558006706,-1.7778012845334537,-1.0708135126146998,36.67962765442923,37.0414116741233,37.02530858993758,14.0,20.0,35.0,-100,0.0,0.0,0.0,0.0,0.0,0.0,0.0,0.0,0.0,0.0
2026-06-09 08:35:39,-2.02991062858813,-0.23007676251954834,-0.5143993426791971,1.5507328311062256,-0.5510679810229293,-0.5641577426978719,0.900986981351001,-2.2320326452929233,36.547376105990516,36.89657325868099,37.293018527962445,14.0,20.0,35.0,19.4,0.0,0.0,0.0,0.0,0.0,0.0,0.0,0.0,0.0,0.0
2026-06-09 08:35:40,-2.740290508672588,2.1971350844181003,-2.160079913060997,0.8549749477905166,2.905052869991094,2.9920319072570107,2.820261179054646,0.48408851861168234,36.557724827903954,36.93057725339953,37.00968526125697,14.0,20.0,35.0,1.9,0.0,0.0,0.0,0.0,0.0,0.0,0.0,0.0,0.0,0.0
2026-06-09 08:35:41,-1.0486277912542956,-1.4718783790848309,1.5092321591584001,-1.046477310883515,2.8138384326071844,1.0762233745859646,0.21036880227753763,-1.5955645307502981,36.990397731529285,37.371012014411036,36.982175540086075,14.0,20.0,35.0,-0.3,0.0,0.0,0.0,0.0,0.0,0.0,0.0,0.0,0.0,0.0
2026-06-09 08:35:43,-2.5086893464499127,1.158586597310328,-1.5057890589201506,2.4795742069874303,-0.38841255352012016,-0.7241261443675535,-2.227480154911765,-1.6188222457844588,36.503315166050896,36.976041652524096,36.95581585070262,14.0,20.0,35.0,7.5,0.0,0.0,0.0,0.0,0.0,0.0,0.0,0.0,0.0,0.0
2026-06-09 08:35:44,-1.5366148776106734,-1.4566673665948486,-2.9838674403901173,-2.608925505596203,1.9706361939943289,-1.9035215211941696,2.1445988273706114,1.1351883044228916,37.00874146128843,36.99406904582463,37.25244490667648,14.0,20.0,35.0,114.9,0.0,0.0,0.0,0.0,0.0,0.0,0.0,0.0,0.0,0.0
2026-06-09 08:35:45,-1.7030252469729026,2.765856352722543,-1.0657295802499087,-0.9149773473101486,2.9707942003732883,-2.9045830443588674,1.295649256750929,-2.0919808181220603,36.87227862726701,37.07073293964481,37.15694395291975,14.0,20.0,35.0,-44.8,0.0,0.0,0.0,0.0,0.0,0.0,0.0,0.0,0.0,0.0
2026-06-09 08:35:46,2.3649392107470835,-1.6904005562244928,0.7252524776216553,2.42420448150225,0.6617893110075932,0.948800035413802,2.723301756913221,-1.9210937107362018,37.08180028855063,37.171888213234425,36.933844717670645,14.0,20.0,35.0,26.8,0.0,0.0,0.0,0.0,0.0,0.0,0.0,0.0,0.0,0.0
2026-06-09 08:35:48,2.373087782557553,-2.3752458438107116,-2.717046019742336,2.9674925185309196,-2.6099062865540277,-1.315580315901729,-2.449102949468072,-0.3610539951773002,36.613908969111,37.09578314539116,36.94224821702451,14.0,20.0,35.0,129.8,0.0,0.0,0.0,0.0,0.0,0.0,0.0,0.0,0.0,0.0
2026-06-09 08:35:49,-0.6488601599948356,0.7796671097244019,2.0853803412052816,-1.5117536984909052,1.9791611414230665,-0.054781668441985065,1.9744344786646533,2.4093435251540933,37.03270465963501,36.90228856491427,37.269457707781584,14.0,20.0,35.0,-73.1,0.0,0.0,0.0,0.0,0.0,0.0,0.0,0.0,0.0,0.0
2026-06-09 08:35:50,-0.1083019451111431,-1.1670468532465272,2.1506754320988586,-2.6166057316107656,-0.40946955600849044,-1.7551236340608203,-2.0184994175800295,-2.535677604978731,36.693944546938354,37.17483250460562,37.295728550773305,14.0,20.0,35.0,-27.3,0.0,0.0,0.0,0.0,0.0,0.0,0.0,0.0,0.0,0.0
2026-06-09 08:35:51,1.558345372209077,0.2097304947268519,1.3061753157620064,1.5048315643304413,0.09071844477957969,-0.6243134707747156,2.0579807809997224,-1.9731175759097368,36.53009178391971,37.26889881663826,37.282508894944584,14.0,20.0,35.0,-38.5,0.0,0.0,0.0,0.0,0.0,0.0,0.0,0.0,0.0,0.0
2026-06-09 08:35:53,0.29597426464401977,1.1172808836652859,-2.0221497693177746,2.387171065794462,1.3633920095954277,-1.2980513589554528,0.11016593263688446,1.6445474063623937,36.807424686458546,37.06572166419742,37.065084951450515,14.0,20.0,35.0,22.8,0.0,0.0,0.0,0.0,0.0,0.0,0.0,0.0,0.0,0.0
2026-06-09 08:35:54,2.003312172221582,-0.5592786248525603,-1.7373473663883015,1.77759371786372,2.60039535245037,1.638995229591754,-1.9728095483523174,0.3358463256440709,36.51083157219414,37.298683045437556,37.24461213573468,14.0,20.0,35.0,59.2,0.0,0.0,0.0,0.0,0.0,0.0,0.0,0.0,0.0,0.0
2026-06-09 08:35:55,-1.4901750041569837,-1.6408326251443273,2.726408972851358,0.2912578136266708,-1.8611778312382758,-2.555173079719582,2.3209143465271183,0.32671877540887007,36.68940122953112,36.95564068890449,37.120821127339816,14.0,20.0,35.0,-28.2,0.0,0.0,0.0,0.0,0.0,0.0,0.0,0.0,0.0,0.0
2026-06-09 08:35:57,2.697834507014191,2.483787746254281,-0.8779539753178627,-0.7938139161049289,1.4972191126991579,1.8330465550504336,1.633739250140584,2.4237597670964695,36.826394469419945,37.269477267767016,36.789901146220615,14.0,20.0,35.0,-39.8,0.0,0.0,0.0,0.0,0.0,0.0,0.0,0.0,0.0,0.0
2026-06-09 08:35:58,2.020951713707685,0.8017839235960391,2.3264151462511276,2.0455690429824385,-2.2490759934811173,-0.9765129545513074,-2.308842806003261,0.8497907560951337,36.79860202428942,37.33769196915451,37.29224690196767,14.0,20.0,35.0,-82.5,0.0,0.0,0.0,0.0,0.0,0.0,0.0,0.0,0.0,0.0
2026-06-09 08:35:59,1.70728683575756,1.7309880018788837,0.12566650753040776,-1.497715517049339,2.0704329703255464,-2.805601146411256,0.9104107009465361,1.0913658910162232,36.53980285622746,37.06384315191931,36.87436626713939,14.0,20.0,35.0,-49.0,0.0,0.0,0.0,0.0,0.0,0.0,0.0,0.0,0.0,0.0
2026-06-09 08:36:01,2.430114322717726,1.8733359958010443,1.8563168279038642,1.015587340532874,-1.1261797463353864,0.16163244431665458,-2.5625014104445842,2.2758494313712276,36.72560371416052,37.17627200567128,36.758933179623035,14.0,20.0,35.0,-97.6,0.0,0.0,0.0,0.0,0.0,0.0,0.0,0.0,0.0,0.0
2026-06-09 08:36:02,-2.9753985132565024,0.4935958431408096,-1.099665559638935,-2.43536266813949,0.5912808932539102,-0.07316149056798249,0.5429599389432198,0.12263381649192784,36.503553334864066,37.10968064072752,36.80475658726074,14.0,20.0,35.0,15.9,0.0,0.0,0.0,0.0,0.0,0.0,0.0,0.0,0.0,0.0
2026-06-09 08:36:03,-0.8276462505899325,-1.723309355087245,-2.6177973371959533,0.32286879395063117,1.7112181550036087,0.18454012390929364,0.033351926552525946,-0.14397324905726805,36.9970581949475,37.249547984220435,36.78537866547383,14.0,20.0,35.0,112.4,0.0,0.0,0.0,0.0,0.0,0.0,0.0,0.0,0.0,0.0
2026-06-09 08:36:05,0.1422860242945081,1.5834041298624664,-0.2300580734918487,2.5959138070304544,-2.479475259652804,-0.15998841090753047,-0.09360131743104905,-1.4401861221855023,36.797396264763044,36.95626415390004,36.97402505985995,14.0,20.0,35.0,-35.1,0.0,0.0,0.0,0.0,0.0,0.0,0.0,0.0,0.0,0.0
2026-06-09 08:36:06,-1.892961652275708,-2.403306464826657,1.9439315638836154,1.2387686110170035,-1.9007059200643126,2.5420192161355466,-1.6307157371607375,1.5752062916239353,36.56050399675062,37.34024733303413,36.8083587375356,14.0,20.0,35.0,12.3,0.0,0.0,0.0,0.0,0.0,0.0,0.0,0.0,0.0,0.0
2026-06-09 08:36:08,-0.4345893927711266,0.21843116555601716,-2.797699552107324,2.0052886647169688,0.21480027455808504,-1.7446867436921183,-0.29013638548698006,2.635791257906364,36.974442138613945,37.2069538980826,36.8319607324612,14.0,20.0,35.0,65.7,0.0,0.0,0.0,0.0,0.0,0.0,0.0,0.0,0.0,0.0
2026-06-09 08:36:09,0.7150806991322725,-1.7367871591972415,-2.319081479945817,2.277769795557563,0.33316240758926163,-1.095233258961217,2.9761224980364585,0.8039681240994065,37.05533976825503,37.2216165415873,36.82034324546357,14.0,20.0,35.0,105.8,0.0,0.0,0.0,0.0,0.0,0.0,0.0,0.0,0.0,0.0
2026-06-09 08:36:11,2.132625630723089,-0.4815579638756655,-2.2131644316495667,-1.4026370990249035,1.6233683249833746,1.4842937106835006,1.8821973953128168,0.6506346965306804,36.79279370204177,37.04961395218799,36.789075273150054,14.0,20.0,35.0,71.4,0.0,0.0,0.0,0.0,0.0,0.0,0.0,0.0,0.0,0.0
2026-06-09 08:36:12,2.4995504885183886,-0.051506372633182806,2.208190783037841,2.4400838129283677,-2.7691778624916923,-2.184337313100092,0.8527713898930744,-0.6021321148153529,36.580670049977094,37.373310794177684,36.85661422225005,14.0,20.0,35.0,-56.4,0.0,0.0,0.0,0.0,0.0,0.0,0.0,0.0,0.0,0.0
2026-06-09 08:36:13,1.5372883293677866,-0.07462806775162356,0.36122904534118305,2.684425592420445,0.8211080547299359,-2.8038244381558703,-1.9159670097647912,0.9291408192476815,36.85426865520736,36.83659727983875,36.97075192002727,14.0,20.0,35.0,-9.8,0.0,0.0,0.0,0.0,0.0,0.0,0.0,0.0,0.0,0.0
2026-06-09 08:36:15,1.1339194270570268,-0.7233231548246466,-0.1730886644624836,-1.7692620877030125,0.3318560739209446,-1.909201235175925,1.7370209580935319,0.2516299914795779,36.72587168495639,37.21058474650594,37.138200552647255,14.0,20.0,35.0,23.1,0.0,0.0,0.0,0.0,0.0,0.0,0.0,0.0,0.0,0.0
2026-06-09 08:36:16,-0.7171468900589639,1.9088300891399603,-1.959954184729021,-2.446271217375668,0.8191852504061119,-2.466548449362512,-1.4059517700275785,-0.06386208906809099,37.00203235165561,36.82136883425787,36.710511743211896,14.0,20.0,35.0,-0.6,0.0,0.0,0.0,0.0,0.0,0.0,0.0,0.0,0.0,0.0
2026-06-09 08:36:18,0.9374155320636826,-2.8965824012241317,-1.5838323352412607,0.4417981697182185,-2.3431017400426013,1.601194091960764,-0.2969991603588644,0.2946973221053977,36.81839763420644,37.11133975402539,36.955890616132635,14.0,20.0,35.0,116.5,0.0,0.0,0.0,0.0,0.0,0.0,0.0,0.0,0.0,0.0
2026-06-09 08:36:19,-1.3369158816323439,1.019821753616216,-2.1141462009111085,-1.9278725951327513,-0.0446153688502573,-1.3071132169218036,-0.20355985508115548,-1.6878917012127026,36.5910794170192,37.39314781865318,36.84037720951865,14.0,20.0,35.0,27.5,0.0,0.0,0.0,0.0,0.0,0.0,0.0,0.0,0.0,0.0
2026-06-09 08:36:20,-0.384135888737247,-0.193116125906724,-2.8126039243323118,0.837407401781137,-1.3723462908748394,-1.693307883125547,-1.6501025087371275,-2.877769121478525,36.57757584968964,37.33597244672961,37.03509392202694,14.0,20.0,35.0,76.0,0.0,0.0,0.0,0.0,0.0,0.0,0.0,0.0,0.0,0.0
2026-06-09 08:36:21,-2.1293095822719135,0.6425338818769388,0.011595231001066963,-1.005736359690461,1.046189636680591,1.602657820632615,1.8316693307604304,0.8735814657726482,36.65495035146612,37.09407786554207,36.85942378816586,14.0,20.0,35.0,-15.2,0.0,0.0,0.0,0.0,0.0,0.0,0.0,0.0,0.0,0.0
2026-06-09 08:36:22,2.5115282996672272,1.1871411476656242,-2.6642084325517503,-2.737883447721483,-0.7456217991559937,-2.809459816335708,0.7546885562616552,-0.14645966182076986,37.0017565360455,37.33708076705322,37.231594045360154,14.0,20.0,35.0,37.2,0.0,0.0,0.0,0.0,0.0,0.0,0.0,0.0,0.0,0.0
2026-06-09 08:36:24,2.470416135753095,-1.9448594229640297,-1.616475709760101,-1.8099838519189755,-2.8557263059448297,1.8922289624135615,2.722509241457315,-2.1454403786296847,36.77454348454568,36.94838287877531,36.74702017843534,14.0,20.0,35.0,94.4,0.0,0.0,0.0,0.0,0.0,0.0,0.0,0.0,0.0,0.0
2026-06-09 08:36:25,1.4247405083068596,-1.430952409722604,0.6870894201426507,-1.6755971941564838,-0.08434301472835504,-1.9372682988997922,-2.2698490707619023,2.5020501711065464,36.832981055916726,37.31113580906347,36.963966661354,14.0,20.0,35.0,17.1,0.0,0.0,0.0,0.0,0.0,0.0,0.0,0.0,0.0,0.0
2026-06-09 08:36:26,-1.1401585396248892,-2.4627486300665455,-2.0746173336564055,0.9092631049471782,-1.185742894858392,-2.4370081278851785,2.335940289152382,-0.5153455450223428,36.976661615139676,37.12477581794634,36.85584420236044,14.0,20.0,35.0,117.3,0.0,0.0,0.0,0.0,0.0,0.0,0.0,0.0,0.0,0.0
2026-06-09 08:36:27,-1.053236168611864,-1.4640748865204267,-0.5870663773536586,-0.8536589438963325,-1.7493919512395577,-0.1886681215604571,2.586411455969774,1.889066651168851,37.07087894774988,37.207092704540564,37.28146243562283,14.0,20.0,35.0,54.2,0.0,0.0,0.0,0.0,0.0,0.0,0.0,0.0,0.0,0.0
2026-06-09 08:36:28,1.2112824662775408,-1.2554754634841812,-1.0959096368982606,0.6944486471472961,1.4347805968706364,-0.05194683524235666,-0.07076178821554624,0.9881506505894562,37.063764258709966,37.237369924334416,37.1545857426099,14.0,20.0,35.0,60.7,0.0,0.0,0.0,0.0,0.0,0.0,0.0,0.0,0.0,0.0
2026-06-09 08:36:29,-2.539486812037463,0.3572289174472729,-2.869476470216777,0.8370007842215408,-2.5152064121206332,-0.18144079225828147,2.396834761882581,-2.218514309676393,36.57857155302321,36.87911138662547,37.0941929228688,14.0,20.0,35.0,66.1,0.0,0.0,0.0,0.0,0.0,0.0,0.0,0.0,0.0,0.0
2026-06-09 08:36:31,-0.31167588731703155,1.9158133562860282,0.3603925698930599,-0.4479378477875118,2.038738755279301,-2.9461988915814583,-0.6947388574426743,0.22066654002167363,36.79069907981538,36.841634765590655,36.776685050255054,14.0,20.0,35.0,-60.7,0.0,0.0,0.0,0.0,0.0,0.0,0.0,0.0,0.0,0.0
2026-06-09 08:36:32,-0.07744489265840393,0.883525211574193,-2.0853895715045563,0.416547036000658,2.0081562133378803,1.2742777311497084,1.341409943671886,-0.474251186716538,36.72363693436378,36.91111568819575,36.76949839641596,14.0,20.0,35.0,32.4,0.0,0.0,0.0,0.0,0.0,0.0,0.0,0.0,0.0,0.0
2026-06-09 08:36:34,2.9762934624903634,1.2896945567659888,2.226618425350514,-0.24159178157684824,0.8663509533586962,-1.8291307389797693,1.9728532046929477,2.9738280961782664,37.03042582182112,37.31649066081744,36.774201190028364,14.0,20.0,35.0,-90.9,0.0,0.0,0.0,0.0,0.0,0.0,0.0,0.0,0.0,0.0
2026-06-09 08:36:35,-2.2077079926662675,-1.0590947387063252,-1.2350167717409506,-0.7298506996975043,-2.3369116665184744,-0.6515294129225939,0.9468455033813168,1.4850370648405296,36.88441255303943,37.258983597255344,36.821712414754636,14.0,20.0,35.0,59.5,0.0,0.0,0.0,0.0,0.0,0.0,0.0,0.0,0.0,0.0
2026-06-09 08:36:36,-1.5938308999754234,-2.4770380965558023,-1.662641504876545,0.49923852202425234,2.8748781655625253,0.7565688071941681,1.9745618355548045,0.43720605350288677,36.78899650733522,37.2146362289324,37.024570371798994,14.0,20.0,35.0,108.4,0.0,0.0,0.0,0.0,0.0,0.0,0.0,0.0,0.0,0.0
2026-06-09 08:36:37,1.4216476277169265,-0.29294616014614716,-0.645621617148576,-1.0909486064694225,1.8866278068546212,-2.406308605747791,-1.1624290871290246,2.677347653581566,36.70715962556723,37.07147698911907,36.990508346568156,14.0,20.0,35.0,22.5,0.0,0.0,0.0,0.0,0.0,0.0,0.0,0.0,0.0,0.0
2026-06-09 08:36:38,1.1733354683526933,-2.548492695566508,1.188796881980946,-0.2003492642780813,-1.4073180787384039,1.161812100837082,-1.5308465181865614,-2.4650878266589418,36.97675838296074,37.0188402220729,36.979032287776256,14.0,20.0,35.0,35.0,0.0,0.0,0.0,0.0,0.0,0.0,0.0,0.0,0.0,0.0
2026-06-09 08:36:40,2.526679605072106,-2.6002606163444786,0.9714476289682636,-1.4294364649865308,1.620231579989408,0.9851462541183977,2.251753911252176,-0.46880244102111135,36.61603870983884,36.85493240232983,36.74713404871929,14.0,20.0,35.0,43.7,0.0,0.0,0.0,0.0,0.0,0.0,0.0,0.0,0.0,0.0
2026-06-09 08:36:41,-0.7746220346008266,2.8781438810871105,-2.3492815788459342,1.5997505141707578,1.8209540296117641,-1.0071476326525166,2.1397427283489527,-0.05179578700350662,36.57370005933966,36.85072520107933,37.1955003440492,14.0,20.0,35.0,-13.1,0.0,0.0,0.0,0.0,0.0,0.0,0.0,0.0,0.0,0.0
2026-06-09 08:36:42,-0.8982656050520559,-2.76860862716885,-1.1738556808515395,-2.5308530626687014,1.5297961926144348,1.4356693949504669,0.12784983421992813,-2.4283653658392375,37.010331687741946,37.0669058057565,37.02314611955013,14.0,20.0,35.0,102.7,0.0,0.0,0.0,0.0,0.0,0.0,0.0,0.0,0.0,0.0
2026-06-09 08:36:43,-0.9893686842544329,-0.7645650404179785,1.355162377027665,0.23783259714444815,-0.11363957442454353,-0.2388673520689557,-2.927569607192757,-0.1719888732206769,36.826072095653934,37.28471102408028,37.298149260217635,14.0,20.0,35.0,-16.9,0.0,0.0,0.0,0.0,0.0,0.0,0.0,0.0,0.0,0.0
2026-06-09 08:36:44,1.5786121731361593,1.2868144987362564,1.34414973219633,-0.17977024620349535,-2.2398409516422157,-2.5862751940328392,-0.8600920183723089,-0.8291761050262334,36.67267556270192,37.060430795507635,36.954741876323794,14.0,20.0,35.0,-69.8,0.0,0.0,0.0,0.0,0.0,0.0,0.0,0.0,0.0,0.0
2026-06-09 08:36:45,1.723080624472419,-0.8949586267379619,-0.6421474739114874,2.5315936655272804,2.295838619962831,0.8703275075399572,-1.2022318876591407,1.174690421525602,36.58847162536508,37.361944050144665,36.845282279476216,14.0,20.0,35.0,39.6,0.0,0.0,0.0,0.0,0.0,0.0,0.0,0.0,0.0,0.0
2026-06-09 08:36:46,-2.688442659709178,-1.2993806200018958,-0.05940171397435057,2.299624560330492,1.9371578404114551,-0.15100479688556323,-0.032449720335391063,-2.1492418686144865,37.06482473688738,37.17111787849813,36.89592921060208,14.0,20.0,35.0,35.0,0.0,0.0,0.0,0.0,0.0,0.0,0.0,0.0,0.0,0.0
2026-06-09 08:36:48,-1.8801014896692467,0.6811441928886928,-2.461339748632944,2.253599202089344,-2.0727545954018405,-2.84998309271527,0.8716015740683654,1.6476523314006029,36.608986393510115,37.092632082938785,36.96695350233926,14.0,20.0,35.0,45.0,0.0,0.0,0.0,0.0,0.0,0.0,0.0,0.0,0.0,0.0
2026-06-09 08:36:49,2.2560526840346933,-0.8418631730827544,0.4065549333114755,-0.17737982374193262,2.789237140594013,1.7193852349052037,2.626066986365535,-1.402791511062238,36.78139038552738,36.94467172823386,37.11459273283344,14.0,20.0,35.0,13.4,0.0,0.0,0.0,0.0,0.0,0.0,0.0,0.0,0.0,0.0
2026-06-09 08:36:50,-2.67992690871603,2.6232582386146195,1.6718850036980024,-2.8787574542394516,0.23513914532641245,2.8721023411044353,-0.14388144059620167,1.2312359530069603,37.06176101218141,37.14083646840158,36.95150680043754,14.0,20.0,35.0,-100,0.0,0.0,0.0,0.0,0.0,0.0,0.0,0.0,0.0,0.0
2026-06-09 08:36:51,2.3186036415380293,0.6708987241028095,0.8257065922788609,-2.392858142740498,1.0866580701249298,2.1839250358265083,1.2954005376024087,-0.09483849553515844,36.921344876502985,37.3334783782781,36.98694395619904,14.0,20.0,35.0,-37.0,0.0,0.0,0.0,0.0,0.0,0.0,0.0,0.0,0.0,0.0
2026-06-09 08:36:52,1.0534094868628419,2.0351772965910033,1.214691141864475,1.291823068565673,1.1100612786801412,1.3327658845717938,-1.656622059374775,-0.4075457970988179,36.76284531678383,37.14180176300696,37.10351636073443,14.0,20.0,35.0,-84.2,0.0,0.0,0.0,0.0,0.0,0.0,0.0,0.0,0.0,0.0
2026-06-09 08:36:53,0.7081466891324601,-0.7658112105778825,2.728604245455033,2.2568747056270713,-0.6083094507637474,0.9559962865335505,0.19051659614536653,-1.2046628844759664,36.88557034201516,36.87369299828225,36.84419768720858,14.0,20.0,35.0,-50.2,0.0,0.0,0.0,0.0,0.0,0.0,0.0,0.0,0.0,0.0
2026-06-09 08:36:54,2.331858546305318,1.3210096270103264,-2.7844567934091815,2.131159360937727,-1.4330488199701412,-2.878353082219471,-1.1654550712687108,-2.5783688595381236,36.81248050111272,36.99511179763484,37.1820530047084,14.0,20.0,35.0,35.8,0.0,0.0,0.0,0.0,0.0,0.0,0.0,0.0,0.0,0.0
2026-06-09 08:36:55,-2.775230185750568,2.8995452843344243,2.987178383309221,0.6431393291615723,-2.3350748160833805,1.5550029488048258,2.874402739440546,1.1425876546846006,36.708621981711026,37.09596949205881,37.070185919392024,14.0,20.0,35.0,-100,0.0,0.0,0.0,0.0,0.0,0.0,0.0,0.0,0.0,0.0
2026-06-09 08:36:57,1.745851646542543,-2.207219417043536,0.7684217696479396,0.46366925251004254,0.3371339973721792,2.831078675699345,2.0451225091961547,-1.6151844629830776,36.827693923155195,37.293541983440726,36.787705459959895,14.0,20.0,35.0,39.6,0.0,0.0,0.0,0.0,0.0,0.0,0.0,0.0,0.0,0.0
2026-06-09 08:36:58,-0.7614196006193716,2.255308060306117,-0.6347763915177009,-1.5303704082438325,-1.768715936128885,-1.2851187021764972,-1.5012246937837317,-1.2812054011988456,36.969450202205145,36.816051029329934,36.82901237700024,14.0,20.0,35.0,-43.3,0.0,0.0,0.0,0.0,0.0,0.0,0.0,0.0,0.0,0.0
2026-06-09 08:36:59,0.05188652449208542,0.736098904566771,1.2153433328602077,-1.4554636146246862,2.932994698326924,0.08205870727502029,2.493061373281483,0.817106794793637,36.75287764510868,37.380550877362126,37.07330437711786,14.0,20.0,35.0,-49.2,0.0,0.0,0.0,0.0,0.0,0.0,0.0,0.0,0.0,0.0
2026-06-09 08:37:00,-0.17515073496778122,-2.7080604581390038,-0.5363991528173884,0.3426954360864247,1.696522522249479,-0.798376914379983,0.9251834749879917,2.854273243467305,37.0108750261654,37.048723019790664,36.95639848411038,14.0,20.0,35.0,84.0,0.0,0.0,0.0,0.0,0.0,0.0,0.0,0.0,0.0,0.0
2026-06-09 08:37:02,-1.4545129782690145,2.992763971224451,0.8615999085638792,1.0457212991788891,-2.3139499223507665,-2.789710948107583,1.7455279433534425,-0.3219597601609614,36.572208168448356,36.97825444595964,37.09862503422129,14.0,20.0,35.0,-100,0.0,0.0,0.0,0.0,0.0,0.0,0.0,0.0,0.0,0.0
2026-06-09 08:37:03,1.1857025673168682,-1.553790427362115,-2.100684496721022,-0.865374270367882,0.37341886964834803,0.06471935280102059,1.5473685619540474,2.6518558714384843,36.65480128566327,37.10833885741246,37.12334267046986,14.0,20.0,35.0,95.3,0.0,0.0,0.0,0.0,0.0,0.0,0.0,0.0,0.0,0.0
2026-06-09 08:37:04,-2.557732700160675,0.21774810520174004,-0.04283509794904905,-0.7910131804062095,0.6886587023099073,0.10194220266796794,-0.6142118409735473,-1.8495571679660572,36.64092712780945,36.94130457564367,36.81932618859702,14.0,20.0,35.0,-4.8,0.0,0.0,0.0,0.0,0.0,0.0,0.0,0.0,0.0,0.0
2026-06-09 08:37:06,0.019779101237797025,-2.476623769663811,2.6015523546009724,0.9664436964741334,-1.5264054177177395,1.959847164070979,-0.06957820458167552,-1.5341599926712417,36.82649565032621,36.872243522067606,36.85120594786196,14.0,20.0,35.0,-2.3,0.0,0.0,0.0,0.0,0.0,0.0,0.0,0.0,0.0,0.0
2026-06-09 08:37:07,0.8622996679620476,-0.26682939975343256,1.1607230200006864,-0.8127678240701632,1.0301267893973147,-2.189000644939863,2.6864912111280423,0.4658219026434258,37.030682006070755,36.83209207602458,36.971914680615434,14.0,20.0,35.0,-22.9,0.0,0.0,0.0,0.0,0.0,0.0,0.0,0.0,0.0,0.0
2026-06-09 08:37:08,-1.2096429020633879,0.9850634560835649,2.2227478881727842,0.04300233813147836,-2.90730641381532,1.451356341726747,-1.155096469639313,-1.3135036854619795,36.5049034924736,37.095967456033506,36.91415060211034,14.0,20.0,35.0,-82.8,0.0,0.0,0.0,0.0,0.0,0.0,0.0,0.0,0.0,0.0
2026-06-09 08:37:09,-2.1850256625422313,1.8379367929096038,-2.6692400117982977,2.5239093002385857,-0.7679227365927108,-0.390356951723855,2.9344525492217297,-1.6315115438437677,36.80944876656545,36.85393036748182,37.187742377257656,14.0,20.0,35.0,22.8,0.0,0.0,0.0,0.0,0.0,0.0,0.0,0.0,0.0,0.0
2026-06-09 08:37:10,-0.5221527579985459,-0.3896994847270143,-1.262483286780563,1.1947605902823568,-0.7510254552804998,-2.7495390125065042,0.38549473551050006,-2.7491213830303884,37.02214575918991,37.07171675797398,37.28924850170625,14.0,20.0,35.0,41.5,0.0,0.0,0.0,0.0,0.0,0.0,0.0,0.0,0.0,0.0
2026-06-09 08:37:11,0.37987984791674334,-0.26844438367088586,-2.966035644987537,1.394135935430242,1.0640963778822616,2.647439427728499,-0.8201289205692994,1.5405215984337133,36.515220338383436,37.2949297414035,37.292761327486296,14.0,20.0,35.0,84.5,0.0,0.0,0.0,0.0,0.0,0.0,0.0,0.0,0.0,0.0
2026-06-09 08:37:13,2.5321274784754824,-1.8183769505515623,0.6532295682789249,-1.8846783431496053,-2.227516747554472,-0.3446249636577994,-2.3680018502225355,-2.4472991935314297,36.849516149056285,37.34216313906986,36.931624420256284,14.0,20.0,35.0,28.8,0.0,0.0,0.0,0.0,0.0,0.0,0.0,0.0,0.0,0.0
2026-06-09 08:37:14,-2.458722020418016,-1.125816247636165,0.589771026760975,0.38229262979033773,2.15082267111587,-2.0557774659403547,1.6245984140386813,-0.006187455512862261,37.03202932194122,37.21624776606994,36.923091763635426,14.0,20.0,35.0,13.6,0.0,0.0,0.0,0.0,0.0,0.0,0.0,0.0,0.0,0.0
2026-06-09 08:37:15,-2.4002605414110487,2.9671831152023618,1.6407408920388402,-2.9860261014231453,-0.6151745861654927,2.4703519992918412,1.6932955494252475,-2.214782641208938,36.611175248969545,36.81364257075183,37.18912377830348,14.0,20.0,35.0,-100,0.0,0.0,0.0,0.0,0.0,0.0,0.0,0.0,0.0,0.0
2026-06-09 08:37:17,1.720190438829249,2.0712509952143083,-2.8305294052907817,2.612911780400885,-2.98128075959582,2.8226930919680573,2.7152893334900643,0.8849254068516683,36.71194524546207,36.828922345718624,37.219370053386704,14.0,20.0,35.0,22.4,0.0,0.0,0.0,0.0,0.0,0.0,0.0,0.0,0.0,0.0
2026-06-09 08:37:18,0.7970200276149777,1.9515726099631765,-2.054909119746041,-1.7813284818933222,2.1422174714034163,1.6159149933458545,-1.9273878462056966,-0.4343475671976602,36.68048224986791,37.0336212718699,36.75887939209717,14.0,20.0,35.0,2.5,0.0,0.0,0.0,0.0,0.0,0.0,0.0,0.0,0.0,0.0
2026-06-09 08:37:19,-1.9765935489916833,2.34281965627913,0.044963072907350465,2.725522179825047,-1.6733850329245785,1.7478315322887603,-0.0005110409367694579,0.16639963277083458,37.00695041178396,36.87875742888092,36.93981858812223,14.0,20.0,35.0,-60.9,0.0,0.0,0.0,0.0,0.0,0.0,0.0,0.0,0.0,0.0
2026-06-09 08:37:20,-1.5960511725734674,-0.48008257682634525,-0.5973570629870073,-0.7225046632731118,2.0806776723588207,-0.9657776753352914,-0.24086784785339255,2.79970865871488,36.92156496334242,37.3903026366282,36.82991153541307,14.0,20.0,35.0,27.3,0.0,0.0,0.0,0.0,0.0,0.0,0.0,0.0,0.0,0.0
2026-06-09 08:37:21,-1.8470694306849018,-2.0870382056888888,0.746818032849137,-0.9154743927964755,2.750129024707401,1.2133564609713652,2.3489048816054394,-2.7347112831872016,36.82628963640197,36.937607483355556,36.96742127697548,14.0,20.0,35.0,36.4,0.0,0.0,0.0,0.0,0.0,0.0,0.0,0.0,0.0,0.0
2026-06-09 08:37:23,-2.8390177790357733,-2.6188352761903033,-0.08852256932744762,-2.935694218923839,1.6187027196181019,0.4659435684994788,0.941332525057307,2.9191792315437866,36.79500945758772,36.922839673008,36.74049412158723,14.0,20.0,35.0,70.7,0.0,0.0,0.0,0.0,0.0,0.0,0.0,0.0,0.0,0.0
2026-06-09 08:37:24,-2.1110187186671583,-0.6860273502117309,-1.050579772765295,2.889644641075116,1.0571085671081288,1.3749025900359735,2.931102325074699,1.6722983903861657,37.04973104697235,37.066977288581214,36.77786612766377,14.0,20.0,35.0,47.1,0.0,0.0,0.0,0.0,0.0,0.0,0.0,0.0,0.0,0.0
2026-06-09 08:37:26,-1.4009154396420611,0.19586065788687845,0.9516852770219062,-0.6627822035321742,2.3325344900960694,0.4262322783182029,-0.024009590365927203,1.7161669067478753,36.58752061348207,36.83491593230201,37.13062451179941,14.0,20.0,35.0,-29.5,0.0,0.0,0.0,0.0,0.0,0.0,0.0,0.0,0.0,0.0
2026-06-09 08:37:27,2.640682467893038,-2.027084893987194,1.7063421577958868,2.2893588517301993,0.15390652469391686,-0.5866760392093715,-1.1715577167296132,-1.6867892278214542,36.61431594478132,37.086039901026005,36.952031996384015,14.0,20.0,35.0,7.4,0.0,0.0,0.0,0.0,0.0,0.0,0.0,0.0,0.0,0.0
2026-06-09 08:37:28,-1.8351097972566803,-0.41739407483862667,2.3067910668917833,-0.5749885511704469,1.0428874620479718,-0.5680013609224588,0.41212366988356663,0.10132496909820699,36.916451459345694,37.30962651209812,36.745856694672874,14.0,20.0,35.0,-48.9,0.0,0.0,0.0,0.0,0.0,0.0,0.0,0.0,0.0,0.0
2026-06-09 08:37:29,-1.3357578146090836,-0.40652033016109,-2.749107109867582,-0.828212976771538,-2.8926109207379964,-0.4889951923862528,2.075836672991942,2.5375370183520953,36.821805642171455,37.14104032414701,37.228575060077745,14.0,20.0,35.0,82.4,0.0,0.0,0.0,0.0,0.0,0.0,0.0,0.0,0.0,0.0
2026-06-09 08:37:30,0.688235989504161,-1.6401668155924214,1.064121113823565,1.3550187732598378,-1.088452849409253,-0.9457178194098121,-2.6799633745877713,-1.8729973754834708,36.530906103861,37.14852203119931,37.011542169154346,14.0,20.0,35.0,13.1,0.0,0.0,0.0,0.0,0.0,0.0,0.0,0.0,0.0,0.0
2026-06-09 08:37:32,-1.2187896432954803,0.4680352492067099,-1.0412918152808368,2.898008955002947,-1.7133772782380579,-2.3146355740866245,-0.2441732990844221,2.546281273103183,36.68816544889382,37.29604692680014,37.19518531989637,14.0,20.0,35.0,13.5,0.0,0.0,0.0,0.0,0.0,0.0,0.0,0.0,0.0,0.0
2026-06-09 08:37:33,0.9543557422067774,-1.5174656559413804,-0.510726405867536,1.861243172070962,-0.480149043189928,-0.6849025730044422,-0.834298925658504,-0.16655199602675363,36.86040109260226,37.23831130370913,37.00099366934497,14.0,20.0,35.0,51.7,0.0,0.0,0.0,0.0,0.0,0.0,0.0,0.0,0.0,0.0
2026-06-09 08:37:34,2.3750578372328173,0.8402891449798826,-2.4290395132770173,0.218190618822387,0.4878232750774263,-2.8407629802860983,2.1122361797550075,0.5892015367158931,37.06080361648343,37.19959023197844,36.808441980047704,14.0,20.0,35.0,40.7,0.0,0.0,0.0,0.0,0.0,0.0,0.0,0.0,0.0,0.0
2026-06-09 08:37:35,-1.8930791155626532,-1.0506614297668375,2.07374771414789,-2.1948514913976007,0.21726209653498474,0.3153288575798374,-0.8023897161381983,-2.4841748964970183,36.65926187498155,37.2042672500304,37.09210468360186,14.0,20.0,35.0,-26.7,0.0,0.0,0.0,0.0,0.0,0.0,0.0,0.0,0.0,0.0
2026-06-09 08:37:36,-1.4666156628077585,-1.529654307705975,2.404920617405982,-0.4691359921294662,2.271423177177173,-2.4493027171937833,0.9068146832056003,0.4892399621936505,36.51680309132919,36.87041658222757,37.16676945424743,14.0,20.0,35.0,-23.4,0.0,0.0,0.0,0.0,0.0,0.0,0.0,0.0,0.0,0.0
2026-06-09 08:37:37,-1.9633191419522695,-1.0238743258963448,1.386173923442918,1.9740685171148584,-2.0929113562898074,1.1024755909923236,-1.1151290231566184,2.124305420114508,37.072308709455314,37.19697226262925,36.77116004642245,14.0,20.0,35.0,-9.4,0.0,0.0,0.0,0.0,0.0,0.0,0.0,0.0,0.0,0.0
2026-06-09 08:37:38,-2.2758013838631705,-0.8637006914953851,1.2179347290022342,-0.08036566000739942,-2.622409149927571,-1.042206876410345,1.4977515189670338,-2.4817795149046598,36.5995646866236,37.00622827429892,37.05569280987659,14.0,20.0,35.0,-8.9,0.0,0.0,0.0,0.0,0.0,0.0,0.0,0.0,0.0,0.0
2026-06-09 08:37:39,0.9818268739976848,1.587041475327445,0.8047668152035179,2.130391073778936,-1.7865846069445195,-1.3081527898493337,-0.817517208483622,-2.2438251050134714,36.829155908065815,36.94840446296508,37.03559957233797,14.0,20.0,35.0,-62.9,0.0,0.0,0.0,0.0,0.0,0.0,0.0,0.0,0.0,0.0
2026-06-09 08:37:41,0.9254671965143415,2.293433775736294,-1.440504838234954,-0.8053598832640043,2.939851113384928,-0.8399402044661954,-1.769431081566449,-1.0380045711474828,36.61712681435438,37.28802561786872,36.971744447437445,14.0,20.0,35.0,-23.4,0.0,0.0,0.0,0.0,0.0,0.0,0.0,0.0,0.0,0.0
2026-06-09 08:37:42,1.8639301689517174,2.632638015762172,1.7422240736470567,-0.135247120745416,2.749467030098372,-1.7774543147618462,-0.6652243501734176,-0.31696902959334494,36.543849059888856,37.130037612893396,37.109524700665276,14.0,20.0,35.0,-100,0.0,0.0,0.0,0.0,0.0,0.0,0.0,0.0,0.0,0.0
2026-06-09 08:37:43,-0.696414637952961,1.6978708749170064,-1.0607369521655805,-0.8060308900190325,2.8319355028295075,-2.956574013782461,2.3975392037924825,-1.5486599425710814,37.00068213873026,37.28287465885984,37.23972363062782,14.0,20.0,35.0,-16.8,0.0,0.0,0.0,0.0,0.0,0.0,0.0,0.0,0.0,0.0
2026-06-09 08:37:44,0.9808451882036682,-0.13113501025253393,2.439268592683719,1.5738388549236522,-0.7983974798462885,-0.15570022340485146,1.6723261320547422,-0.8648245177524334,36.67173976052497,36.85924426160914,37.23752474097615,14.0,20.0,35.0,-58.9,0.0,0.0,0.0,0.0,0.0,0.0,0.0,0.0,0.0,0.0
2026-06-09 08:37:45,1.928976127348447,2.6588068865644114,-0.9451956456697195,-0.36161971771636736,-0.45529017583342224,1.3142496609770573,0.702835493528192,-1.259487209300046,36.69126934684125,36.845389679913545,36.74886315658414,14.0,20.0,35.0,-43.3,0.0,0.0,0.0,0.0,0.0,0.0,0.0,0.0,0.0,0.0
2026-06-09 08:37:47,2.79653766197364,-1.0357479384425041,1.2075289852823188,2.964411705883397,1.7713388961270127,-1.3572232242255904,-2.080156528249881,2.8458938478881324,36.86575538136148,36.97153900702131,36.72096818140163,14.0,20.0,35.0,-6.2,0.0,0.0,0.0,0.0,0.0,0.0,0.0,0.0,0.0,0.0
2026-06-09 08:37:48,2.1713649589899946,0.972434218875021,-0.8423711094054065,-0.14116700347885036,0.7150888932795407,-0.42657340101220953,0.8320771363373254,-0.7806467847081788,37.06804572528165,36.81633544069135,36.948557561714594,14.0,20.0,35.0,-3.2,0.0,0.0,0.0,0.0,0.0,0.0,0.0,0.0,0.0,0.0
2026-06-09 08:37:49,0.3148531365784666,2.298962956613252,-1.398907263654044,0.5456758124633971,0.15032333930022546,-1.9341349103849557,-2.799829629973874,2.2669655497161454,36.82513682827544,37.324155964508776,37.09352619814402,14.0,20.0,35.0,-25.6,0.0,0.0,0.0,0.0,0.0,0.0,0.0,0.0,0.0,0.0
2026-06-09 08:37:50,-2.2635763795882933,1.1086366953606976,-2.9402861134326974,2.4661092632229504,2.793527879000262,-2.231062122459744,-0.5557635603390607,-2.7879671433760436,36.76727974584821,37.26745391380308,37.18814147006673,14.0,20.0,35.0,46.0,0.0,0.0,0.0,0.0,0.0,0.0,0.0,0.0,0.0,0.0
2026-06-09 08:37:51,0.4913675663397514,1.004305703361216,0.8272219968554619,-0.13131922429533294,-2.327778544257516,-2.98725723207064,2.286220485130942,1.9576351308581845,37.00215813097993,36.91282270556864,37.06356922791626,14.0,20.0,35.0,-47.7,0.0,0.0,0.0,0.0,0.0,0.0,0.0,0.0,0.0,0.0
2026-06-09 08:37:52,0.19572368706305943,-2.575961954515562,0.2578516065799734,0.8599340858452336,0.7532274573451452,-0.8080759221952603,2.820044334084132,0.29947748654730066,36.65675646363966,37.235272302048976,36.86748219605836,14.0,20.0,35.0,60.9,0.0,0.0,0.0,0.0,0.0,0.0,0.0,0.0,0.0,0.0
2026-06-09 08:37:53,-0.3527619047201114,-1.8880768040354614,-0.3786037720738884,0.28976699177304255,-0.29400337373207197,-0.8166782467935434,-1.469752348881158,-1.6732513834264866,36.778848769422765,37.23211079429725,36.94961148703284,14.0,20.0,35.0,57.5,0.0,0.0,0.0,0.0,0.0,0.0,0.0,0.0,0.0,0.0
2026-06-09 08:37:54,-2.7748095953231715,-2.7002443002329337,-1.7522271279609019,0.4914859352058514,1.378110043668455,2.698198031954715,-0.7443040571419015,2.7803170484281265,36.87384490978804,37.23016622720357,36.91612794594276,14.0,20.0,35.0,116.1,0.0,0.0,0.0,0.0,0.0,0.0,0.0,0.0,0.0,0.0
2026-06-09 08:37:56,-1.4301771094053106,0.48816024712473727,2.231634381389817,2.3327153170254835,0.17917263512566306,-0.9398952996172314,1.691155557438675,0.3518838636307766,36.91652540107927,37.104770370990494,36.91745968196118,14.0,20.0,35.0,-70.0,0.0,0.0,0.0,0.0,0.0,0.0,0.0,0.0,0.0,0.0
2026-06-09 08:37:57,-2.4918414258111907,1.354979451184544,-2.042946254780159,-2.880430065816493,0.9899816985277461,1.011723099596904,-0.30588792376731444,0.3405291378200572,36.679132762339165,37.24810232973577,37.18442075332185,14.0,20.0,35.0,18.1,0.0,0.0,0.0,0.0,0.0,0.0,0.0,0.0,0.0,0.0
2026-06-09 08:37:58,1.8702021980789612,2.7572146552028745,2.5809381217409673,2.7782361431782414,1.0625173751727157,-0.8273333007180632,-1.1288778244596056,2.4095547959988384,36.670276041769895,37.10053168392418,37.125419268365164,14.0,20.0,35.0,-100,0.0,0.0,0.0,0.0,0.0,0.0,0.0,0.0,0.0,0.0
2026-06-09 08:37:59,0.6602182642224936,1.0497785800682191,-2.2828752214128434,0.5243980601764231,-2.9293878943698055,2.6174781234638473,1.41155126436934,-1.7496730724495704,36.77770556814622,37.15309484334814,36.80049596560528,14.0,20.0,35.0,33.9,0.0,0.0,0.0,0.0,0.0,0.0,0.0,0.0,0.0,0.0
2026-06-09 08:38:00,1.747160172566602,-1.8898068214388388,-1.9844976144380686,-0.6465851066024655,-1.0259352898939367,-0.706315056852846,1.7200329129939407,-1.4696823487069688,36.845214872755875,36.99097818115441,36.76754180098729,14.0,20.0,35.0,100.7,0.0,0.0,0.0,0.0,0.0,0.0,0.0,0.0,0.0,0.0
2026-06-09 08:38:01,2.8510888213970746,-1.1590707311613382,-1.3489136344118895,-2.7079156609431427,-0.314464954687975,0.7422782463151663,0.09143134713568557,0.19330340349926356,36.754283139036154,36.82636285302437,37.20967956477589,14.0,20.0,35.0,65.3,0.0,0.0,0.0,0.0,0.0,0.0,0.0,0.0,0.0,0.0
2026-06-09 08:38:02,-2.82785218762453,-2.2994902115900837,0.22735199162288922,0.9125185827678362,0.06742177554387263,0.7341280519350466,2.9146061361732674,0.4134721950799647,36.67221260236333,37.26094144447187,37.00106914338211,14.0,20.0,35.0,55.4,0.0,0.0,0.0,0.0,0.0,0.0,0.0,0.0,0.0,0.0
2026-06-09 08:38:03,2.138517114224512,-0.9664100104799265,-1.7740859995144083,-1.8410930947925612,0.1917047492658952,1.8272897728701478,1.509132157740651,2.564027573575646,36.61487032112345,37.27896959978376,36.734581045458256,14.0,20.0,35.0,72.5,0.0,0.0,0.0,0.0,0.0,0.0,0.0,0.0,0.0,0.0
2026-06-09 08:38:05,-1.6522394005953855,0.28319241040324705,1.6757158500469682,2.269256636010878,-2.126691693334374,-1.9370656969234719,-1.7423596740023362,-2.669497533943594,36.71603206899101,37.118057498931975,36.817785047331746,14.0,20.0,35.0,-52.5,0.0,0.0,0.0,0.0,0.0,0.0,0.0,0.0,0.0,0.0
2026-06-09 08:38:06,0.9544686073563002,1.674366763210978,0.9072948839364354,1.5311699150046083,1.2434304529472051,-1.1217577144704405,2.321791596065122,-2.022338512890226,36.64430253926845,37.21787711712461,37.130660495479674,14.0,20.0,35.0,-66.2,0.0,0.0,0.0,0.0,0.0,0.0,0.0,0.0,0.0,0.0
2026-06-09 08:38:07,1.4825803580057713,1.890381999260181,0.3437317871038492,0.7224481653648267,-0.037300643463789473,-2.8122448834582268,-0.22794237460830669,-2.0425288833708057,36.605713631836295,37.366057917647076,36.713675584637826,14.0,20.0,35.0,-59.3,0.0,0.0,0.0,0.0,0.0,0.0,0.0,0.0,0.0,0.0
2026-06-09 08:38:08,1.045140867383246,1.8750117681501752,1.783054445579972,-1.1264436067276427,1.875693523823486,-2.9233640628161535,-2.663863173438574,2.502935277036496,37.09626675304868,36.968633164428816,36.73976564237443,14.0,20.0,35.0,-97.4,0.0,0.0,0.0,0.0,0.0,0.0,0.0,0.0,0.0,0.0
2026-06-09 08:38:10,0.8800838171728209,-2.3051615446608316,1.8072955039519396,-0.7421999032334061,-1.808892989984055,-0.24462659750576154,-1.9715287403868018,2.763507438327741,37.095778258556194,37.18570918567808,37.29452968482467,14.0,20.0,35.0,11.8,0.0,0.0,0.0,0.0,0.0,0.0,0.0,0.0,0.0,0.0
2026-06-09 08:38:11,-1.0915274306167084,0.2345057207272836,2.6754668375735875,2.0112176856985045,1.2315195101464802,-0.025318097727637046,-0.4353233751571217,1.672316300443918,36.9824049165549,37.32578144358792,37.17221401590709,14.0,20.0,35.0,-75.5,0.0,0.0,0.0,0.0,0.0,0.0,0.0,0.0,0.0,0.0
2026-06-09 08:38:12,-0.4343887213419544,2.3466591390681417,0.8662669455554086,0.9485900196932024,1.4931465529621253,-1.988121195204124,0.576005928202155,0.11953256566772286,37.06101580410615,36.980389164951696,37.18111854418786,14.0,20.0,35.0,-83.8,0.0,0.0,0.0,0.0,0.0,0.0,0.0,0.0,0.0,0.0
2026-06-09 08:38:14,-0.1702595750626057,0.6290068949048804,1.770058492231481,-0.7431789890480349,0.061517755728243806,2.072826227609056,0.7146412443197558,-1.5328022761854478,36.99933300911519,37.35427247915208,36.72848274539718,14.0,20.0,35.0,-60.6,0.0,0.0,0.0,0.0,0.0,0.0,0.0,0.0,0.0,0.0
2026-06-09 08:38:15,0.48366648297261783,-2.0395505033017836,2.2142981284875285,-2.880749801616587,-2.668081863503254,2.243297482444321,1.7681256197964457,0.9011158885222788,36.55491855685342,37.12483294621319,37.07496695174822,14.0,20.0,35.0,-2.5,0.0,0.0,0.0,0.0,0.0,0.0,0.0,0.0,0.0,0.0
2026-06-09 08:38:16,-0.4648460887937569,2.9003665017668787,2.145829233989124,2.0229085360334,2.954042089854794,2.9373478939304913,-1.958453296064733,-1.3881014858403324,36.581581418316084,37.261174888920884,37.05003729632306,14.0,20.0,35.0,-100,0.0,0.0,0.0,0.0,0.0,0.0,0.0,0.0,0.0,0.0
2026-06-09 08:38:17,1.3749194000712457,2.0155946779539002,1.6519630339219695,-0.834651643385103,-1.584593793682728,0.29219456513811526,0.9890193749365781,2.2147450653383745,36.97243804603035,37.38636469680347,37.272176293506206,14.0,20.0,35.0,-94.2,0.0,0.0,0.0,0.0,0.0,0.0,0.0,0.0,0.0,0.0
2026-06-09 08:38:18,1.3575660556022973,-2.2641585297959264,1.7416427816711888,-2.7958205104923195,-0.9355963508118847,-0.05556038479929448,1.4711782378106424,-0.4678253058207842,36.57942254054091,36.87680792833299,36.75591944118376,14.0,20.0,35.0,14.2,0.0,0.0,0.0,0.0,0.0,0.0,0.0,0.0,0.0,0.0
2026-06-09 08:38:19,1.8988899053108863,-0.5257173385154124,-2.7053886349548133,-1.8972476992756635,0.611787550453025,1.4519767259508072,2.723306799871353,2.06694086346708,36.808194954449526,37.23804623895109,37.077565285731154,14.0,20.0,35.0,85.6,0.0,0.0,0.0,0.0,0.0,0.0,0.0,0.0,0.0,0.0
2026-06-09 08:38:20,-1.8298980039181518,1.1545153768267005,-2.9777256514999113,-0.7032596783230671,-0.7909582428393489,-2.5405221771833264,-1.4174233641011582,0.5563814149586834,36.63925715403116,37.167432307234975,37.21064031532516,14.0,20.0,35.0,45.2,0.0,0.0,0.0,0.0,0.0,0.0,0.0,0.0,0.0,0.0
2026-06-09 08:38:21,0.30830520581321386,-2.5053988551962876,2.2713186359131816,-1.9757422166834546,-2.5850224612356616,1.281062577883267,-2.75725164891269,2.9628836075480773,36.704633969747206,37.25172213609281,36.78708939750688,14.0,20.0,35.0,5.3,0.0,0.0,0.0,0.0,0.0,0.0,0.0,0.0,0.0,0.0
2026-06-09 08:38:23,0.9625807767659644,0.30468747984523814,1.7743898669561444,1.179708468795666,2.815400091197663,-2.442788590972097,-2.628543971687681,-2.9439714353582085,36.601758075095326,37.36733476028541,37.08938741355106,14.0,20.0,35.0,-56.3,0.0,0.0,0.0,0.0,0.0,0.0,0.0,0.0,0.0,0.0
2026-06-09 08:38:24,-1.5853847905563947,1.452512523450899,-0.4504584789093915,0.6950662496472688,-1.610135030097037,2.7833959263571977,0.35850505517783304,-1.831965663156646,36.527795734871106,37.05915479575703,37.138838873039745,14.0,20.0,35.0,-24.3,0.0,0.0,0.0,0.0,0.0,0.0,0.0,0.0,0.0,0.0
2026-06-09 08:38:26,-2.068986113780851,-1.2447210156696487,0.7125804127136299,-2.1508763042304855,-0.39426004558997807,-1.2323194327019265,2.9484024789178545,0.06368134569489659,36.87530461950257,36.806655860025955,36.72903511296142,14.0,20.0,35.0,14.6,0.0,0.0,0.0,0.0,0.0,0.0,0.0,0.0,0.0,0.0
2026-06-09 08:38:27,-2.501588805755752,0.17895594978030838,-0.004171009185471419,-2.0581777803219117,2.94816711407643,-0.28815213899562053,-1.3307684971978637,2.4675303005030065,36.54174205611818,36.80500621304979,37.204565131308776,14.0,20.0,35.0,-5.3,0.0,0.0,0.0,0.0,0.0,0.0,0.0,0.0,0.0,0.0
2026-06-09 08:38:28,2.416091080014051,1.415979539934309,2.0583029018118557,-2.6381438813059668,1.3236319163085115,-1.1382483156086278,-0.2191896413863086,-1.7431384771884353,36.93631251655223,37.28825375706211,36.884472351803694,14.0,20.0,35.0,-90.5,0.0,0.0,0.0,0.0,0.0,0.0,0.0,0.0,0.0,0.0
2026-06-09 08:38:29,0.04237328333232071,0.30075466739887124,0.15984493308749848,-1.14384199404589,-1.0454854760322536,-1.5592172496467338,-0.25116967277638524,-2.491654271347604,36.93718386480061,37.37189951731057,37.205129824140236,14.0,20.0,35.0,-12.8,0.0,0.0,0.0,0.0,0.0,0.0,0.0,0.0,0.0,0.0
2026-06-09 08:38:30,-2.182614393585639,-1.6248282213813627,-0.5151827106979039,-1.5297646064033172,-1.538933931400188,-2.950041747414785,2.5124735141369543,-2.024330013237014,36.6865821296545,37.11071498375692,37.13678691020741,14.0,20.0,35.0,55.1,0.0,0.0,0.0,0.0,0.0,0.0,0.0,0.0,0.0,0.0
2026-06-09 08:38:31,-1.1114610099777233,2.340134834757701,0.9200172413884782,-1.3162079923872423,1.0907874232134294,2.404801005681872,-1.5631992130317591,-1.3387773699554582,36.62127529345059,37.09760668072615,37.20604013833206,14.0,20.0,35.0,-83.9,0.0,0.0,0.0,0.0,0.0,0.0,0.0,0.0,0.0,0.0
2026-06-09 08:38:32,1.4899569836922488,-0.1035978724193849,-0.23192788459394542,-1.670289931725671,-1.6533577797407657,0.9629780607971883,-2.8056254549128825,-2.5080311083081552,36.70076822513249,37.108951621141266,36.70893481909132,14.0,20.0,35.0,7.8,0.0,0.0,0.0,0.0,0.0,0.0,0.0,0.0,0.0,0.0
2026-06-09 08:38:34,2.8104659865901374,0.0851004223045706,-0.7912107799266255,-1.6077420789640773,-1.4020243260286196,-1.1221789607418533,1.6754527770737422,2.6983356362519864,36.55139720371815,36.89007610210768,37.22525451653525,14.0,20.0,35.0,18.5,0.0,0.0,0.0,0.0,0.0,0.0,0.0,0.0,0.0,0.0
2026-06-09 08:38:35,-2.2058596339528247,-1.4414949639024142,-0.11262623431321384,-1.0610954547097755,1.1763578077445453,-2.769522285801844,1.2378980383174616,0.7222214693926876,36.53985345598187,36.95642421921265,37.21518248365357,14.0,20.0,35.0,39.4,0.0,0.0,0.0,0.0,0.0,0.0,0.0,0.0,0.0,0.0
2026-06-09 08:38:36,-2.951905527737519,2.961171071786125,2.3585362094884115,-2.243346427625749,-2.4137831107117926,2.909051513309544,0.6700715648925231,-1.7482708916060234,36.98313955178444,36.87380011551588,36.74601353121758,14.0,20.0,35.0,-100,0.0,0.0,0.0,0.0,0.0,0.0,0.0,0.0,0.0,0.0
2026-06-09 08:38:38,-0.46486578853366556,-0.595532688536176,-1.8053161230319585,-1.2426728476319717,-1.7041362722896087,1.7394035271042902,1.108902064332817,-1.4409293238818792,36.5057367690674,37.245819441842066,36.87774238166754,14.0,20.0,35.0,63.5,0.0,0.0,0.0,0.0,0.0,0.0,0.0,0.0,0.0,0.0
2026-06-09 08:38:39,2.7639010519184986,-0.9863085052652512,-1.1454320595211775,-1.6875257838037967,-1.118274234864319,-1.4852159449199034,-0.22200247761678416,2.8677203713690345,36.52843669981676,36.890217569428685,36.871807309397674,14.0,20.0,35.0,54.3,0.0,0.0,0.0,0.0,0.0,0.0,0.0,0.0,0.0,0.0
2026-06-09 08:38:40,-2.571054725601114,2.8915094035928837,2.9610892232330137,-0.013910258790425623,-1.153622078498435,-0.450119780017312,-1.6509121039715797,0.26573330913266213,36.923350495206364,37.227014771549705,36.77129188007252,14.0,20.0,35.0,-100,0.0,0.0,0.0,0.0,0.0,0.0,0.0,0.0,0.0,0.0
2026-06-09 08:38:42,-2.2386599532992015,2.8547798754418983,2.5849114687526713,2.681702618455037,1.2738796632124831,-0.33161744106896984,-2.3790396363974673,2.0145514076889395,36.878564874098174,37.06829630600969,36.812531590438475,14.0,20.0,35.0,-100,0.0,0.0,0.0,0.0,0.0,0.0,0.0,0.0,0.0,0.0
2026-06-09 08:38:43,-2.43308631522818,0.8115726019449299,1.3192433065187146,-1.5071516472139388,-0.5638392638845184,1.0821470387790217,1.1760168397724078,0.6358104120223178,36.7205993317998,37.182859792384946,37.08181068937755,14.0,20.0,35.0,-54.0,0.0,0.0,0.0,0.0,0.0,0.0,0.0,0.0,0.0,0.0
2026-06-09 08:38:44,0.1358054979200749,2.617109680628719,-1.1639998184031328,2.894155269537647,0.7825806873220964,-1.5715078882339735,0.27313192764500727,0.033869186849218025,36.89894800104499,37.04653941947653,37.12803940348891,14.0,20.0,35.0,-38.2,0.0,0.0,0.0,0.0,0.0,0.0,0.0,0.0,0.0,0.0
2026-06-09 08:38:45,-1.9089763928046204,-2.7772422942846817,1.0399966736235307,-2.2907398721607564,-2.328510875035122,0.5017403999478214,-2.7758427801489196,2.609583060828715,36.70532515653944,37.379159010725154,36.89180373518078,14.0,20.0,35.0,43.8,0.0,0.0,0.0,0.0,0.0,0.0,0.0,0.0,0.0,0.0
2026-06-09 08:38:46,-0.3928701987437684,-2.2775231842296186,2.4998903431804376,-1.2961530174725047,1.2780264966670947,1.4149947211809133,-2.5055224729541474,-0.24769719309243632,36.72527997956975,37.19403124915245,36.955444288322745,14.0,20.0,35.0,-6.3,0.0,0.0,0.0,0.0,0.0,0.0,0.0,0.0,0.0,0.0
2026-06-09 08:38:48,-0.3655670760896754,-0.6563085336414378,2.9778189941890867,2.689231014844774,-1.2660631978066224,0.623311608737743,2.277118583503041,-1.3011117287212948,36.87343592478285,37.27559816826513,37.04854242560517,14.0,20.0,35.0,-58.6,0.0,0.0,0.0,0.0,0.0,0.0,0.0,0.0,0.0,0.0
2026-06-09 08:38:49,0.27627546714673334,-2.8801813649006776,-0.586609794400867,-2.6154955048441715,2.2805185877281637,2.4093474049146497,-0.37155573556957666,-1.047200139460994,36.685552539028144,37.21814241658522,37.112402137057174,14.0,20.0,35.0,90.7,0.0,0.0,0.0,0.0,0.0,0.0,0.0,0.0,0.0,0.0
2026-06-09 08:38:50,0.7118215456383243,-0.7903171860216105,0.9181251998994826,1.3931634389758312,2.365429946857331,1.325289591758322,-0.6571566559046014,-2.334450810190594,36.73033586761857,37.02371635429173,36.742222420836065,14.0,20.0,35.0,-3.0,0.0,0.0,0.0,0.0,0.0,0.0,0.0,0.0,0.0,0.0
2026-06-09 08:38:51,-0.9601394560515599,1.4509332942101274,-0.42708593793407523,2.905995734581653,1.5758909234950442,1.5683069693883294,-1.9815651269045809,2.1511783574516343,36.698777039155004,36.81819345853366,37.014296827275764,14.0,20.0,35.0,-26.7,0.0,0.0,0.0,0.0,0.0,0.0,0.0,0.0,0.0,0.0
2026-06-09 08:38:52,-1.0297768045912241,-2.848483841440664,0.767594168427645,-1.934440214425878,-2.2661481025662793,-0.6743021930703037,-2.811573825954233,2.0698217126181655,36.79961758559053,36.830259221159366,37.18317992219487,14.0,20.0,35.0,52.1,0.0,0.0,0.0,0.0,0.0,0.0,0.0,0.0,0.0,0.0
2026-06-09 08:38:53,-2.5490295744449067,0.4345229883322759,-2.8345281393737447,0.619618488337081,-1.7828136085235535,2.8916394036569404,1.8953652266396732,-0.1543420668290887,36.69485433929372,37.03376562432969,37.097971410608885,14.0,20.0,35.0,64.5,0.0,0.0,0.0,0.0,0.0,0.0,0.0,0.0,0.0,0.0
2026-06-09 08:38:55,-0.17710267144511027,-2.9771054764253404,0.4127002470976473,-2.6257114870879668,0.7013682227711144,2.404064751394568,1.5480771406108484,1.147287019403418,36.85525461494798,37.19861491598863,36.74415319278538,14.0,20.0,35.0,68.3,0.0,0.0,0.0,0.0,0.0,0.0,0.0,0.0,0.0,0.0
2026-06-09 08:38:56,0.36048233498309123,-0.7638513608457345,-0.18806508311454184,1.4870490680204131,2.670882741339785,-0.16680087985351966,2.924712134577682,1.1277929146417591,36.6399780518936,36.92013363502757,37.1242299005693,14.0,20.0,35.0,26.0,0.0,0.0,0.0,0.0,0.0,0.0,0.0,0.0,0.0,0.0
2026-06-09 08:38:57,2.7010804913557624,2.1538619130399663,-1.355593100119882,2.671622082447332,0.7923429457859514,2.9769879802440773,-2.5857506109897024,-1.7639035124565685,37.00720836650954,36.98045962645166,36.87663065490148,14.0,20.0,35.0,-20.4,0.0,0.0,0.0,0.0,0.0,0.0,0.0,0.0,0.0,0.0
2026-06-09 08:38:58,0.020215312778435468,-0.1433434960623332,-0.6778165781452166,-1.325947436043148,2.2840785029768202,2.036601925281124,1.3104489873180984,-2.4790475668344705,36.75340546437563,37.33680297409451,37.00415842104625,14.0,20.0,35.0,22.9,0.0,0.0,0.0,0.0,0.0,0.0,0.0,0.0,0.0,0.0
2026-06-09 08:39:00,-0.28080170299993146,-1.5731400875154364,1.8801180313212162,2.7457126657759945,-0.7525560718620365,1.6087773265030698,1.8654267319465143,1.4392864424714489,36.55411352370281,37.372618450897015,37.058598460531975,14.0,20.0,35.0,-6.2,0.0,0.0,0.0,0.0,0.0,0.0,0.0,0.0,0.0,0.0
2026-06-09 08:39:01,2.5978501543334707,2.837995761927309,-0.0038465655758814776,1.036378773794488,-2.127771752667098,-0.6293155764045175,1.960696848807686,-2.993222167841248,36.5413606598395,37.00591137739484,37.192467245589604,14.0,20.0,35.0,-72.6,0.0,0.0,0.0,0.0,0.0,0.0,0.0,0.0,0.0,0.0
2026-06-09 08:39:02,0.7582438703817047,0.18903687770462785,2.4763987938762257,-0.8179209665313216,1.914878430402533,-0.4180752441449016,-2.0874539512772836,-1.3234375113181518,36.79253377316115,36.87017212908233,36.7509520751051,14.0,20.0,35.0,-70.2,0.0,0.0,0.0,0.0,0.0,0.0,0.0,0.0,0.0,0.0
2026-06-09 08:39:03,0.06047743805462069,1.0587394920539017,0.7912523077332567,-0.9746396910459292,1.9221989232111065,0.9419616297734095,-2.1371698910422126,2.364932455481121,37.07491470342182,37.15075667811141,36.8458424626269,14.0,20.0,35.0,-48.4,0.0,0.0,0.0,0.0,0.0,0.0,0.0,0.0,0.0,0.0
2026-06-09 08:39:05,2.6531770060808926,-0.6969437083847945,-1.0364333963065553,2.680480355962498,0.4255022529743582,2.5354117078869933,-1.7103218129294375,1.575959561567239,36.98412313412427,36.88113579093879,37.05843436822838,14.0,20.0,35.0,45.2,0.0,0.0,0.0,0.0,0.0,0.0,0.0,0.0,0.0,0.0
2026-06-09 08:39:06,1.910090519081466,-0.3323017300504789,0.9238191398131939,0.16896320942584087,-0.7203895213315024,1.2594294992479114,-2.293934871776421,-0.004736559420886799,36.69453551819563,36.854042698102745,36.79145264322048,14.0,20.0,35.0,-15.8,0.0,0.0,0.0,0.0,0.0,0.0,0.0,0.0,0.0,0.0
2026-06-09 08:39:07,-1.408362915090558,-0.01806666038783522,2.560580510540712,1.320583911254774,-0.5879032024437714,-0.8722773919664295,1.025701668458245,-0.700664397004485,37.006338172651255,37.38695655499525,36.90617621945382,14.0,20.0,35.0,-65.7,0.0,0.0,0.0,0.0,0.0,0.0,0.0,0.0,0.0,0.0
2026-06-09 08:39:08,0.44202714745227123,-1.4894777318816912,-0.2781258263071482,1.53055205151869,2.456170764937081,-0.22733369296550165,-1.2291130338496727,1.6263063833809248,36.557665166362746,36.828218308871534,36.960564124315866,14.0,20.0,35.0,45.0,0.0,0.0,0.0,0.0,0.0,0.0,0.0,0.0,0.0,0.0
2026-06-09 08:39:09,-1.990015850865299,2.448618070878834,1.190916127316024,-0.7975321574549081,-2.5611554722644625,-1.2817806174254793,1.906035166971984,-2.900558737673005,36.94602210986521,37.042662433442544,36.99558060527749,14.0,20.0,35.0,-93.8,0.0,0.0,0.0,0.0,0.0,0.0,0.0,0.0,0.0,0.0
2026-06-09 08:39:10,1.758619138108437,-0.019196752392493188,-1.587859535942547,-0.08851306124250069,-0.2552499588082875,0.5232718996589103,-0.3387903805461905,-2.0177554741209898,37.07265424879317,36.84203610864994,36.919373324708786,14.0,20.0,35.0,41.6,0.0,0.0,0.0,0.0,0.0,0.0,0.0,0.0,0.0,0.0
2026-06-09 08:39:11,1.461534616004422,2.972513792356967,-1.8830830201553488,-2.7043652789686403,-2.479106702352646,0.3578551123979157,-1.02667276880319,-0.9061015187223962,36.8670610421132,36.91722559536283,36.7178556733942,14.0,20.0,35.0,-28.5,0.0,0.0,0.0,0.0,0.0,0.0,0.0,0.0,0.0,0.0
2026-06-09 08:39:12,1.8443313766829066,-0.33847784955754356,0.2763412725327239,1.198773544107656,-1.4271376561586766,-2.622136501780567,0.010025750910974462,0.030604227340953916,36.924572574041115,37.164719900540625,37.18448726011778,14.0,20.0,35.0,0.3,0.0,0.0,0.0,0.0,0.0,0.0,0.0,0.0,0.0,0.0
2026-06-09 08:39:13,2.805122090478962,-0.33413313742601325,0.00922095705366388,-0.47497540694714013,0.6143124144163532,0.7614856371352321,-0.07565411829374469,-0.16685060810674557,36.5530843354292,37.09307138604239,37.11970081981748,14.0,20.0,35.0,8.7,0.0,0.0,0.0,0.0,0.0,0.0,0.0,0.0,0.0,0.0
2026-06-09 08:39:15,2.0983578286135973,0.9954693701366026,0.4166343908717183,-1.0382900159014024,0.05540935489858345,-0.1782477821075723,1.446595672692692,-0.8580230872173784,36.94303706396802,37.01349102245262,36.73563349108656,14.0,20.0,35.0,-35.9,0.0,0.0,0.0,0.0,0.0,0.0,0.0,0.0,0.0,0.0
2026-06-09 08:39:16,2.2994376719532648,-0.8003021539317148,0.6177312333768006,1.436453384879261,-1.830730717065125,1.8049402615251244,1.3094123381320006,-0.8683180328308051,36.87157068495012,36.983528216097135,36.8286541396313,14.0,20.0,35.0,6.3,0.0,0.0,0.0,0.0,0.0,0.0,0.0,0.0,0.0,0.0
2026-06-09 08:39:17,0.5972321271029752,-0.2664688846147998,1.1265144246043564,-2.5417753116800967,2.506373538428253,2.5286599605882403,-1.216930352522857,0.39952681301444404,36.71132741367149,37.137093694889096,36.77202296840397,14.0,20.0,35.0,-21.6,0.0,0.0,0.0,0.0,0.0,0.0,0.0,0.0,0.0,0.0
2026-06-09 08:39:19,2.6451959147287045,1.576612421057681,-0.941777508852625,-2.0957133779559753,0.3824836812761818,2.693333529337856,2.9797599815291846,2.394530122589341,36.859909252986256,37.096176056476175,36.88929812246117,14.0,20.0,35.0,-13.6,0.0,0.0,0.0,0.0,0.0,0.0,0.0,0.0,0.0,0.0
2026-06-09 08:39:20,1.7690243840405007,1.5850479485543953,0.8019096689015681,2.5140349003461484,1.068912088141385,0.711873275654479,-1.235305744807648,-2.9705717790243797,36.75555365896272,37.20122158841026,37.257386800654146,14.0,20.0,35.0,-62.0,0.0,0.0,0.0,0.0,0.0,0.0,0.0,0.0,0.0,0.0
2026-06-09 08:39:21,2.4969864099698853,1.7493790263400477,-2.6325978257040976,-0.40564291955456344,-0.7922301606021502,0.563348565930244,-1.771676028700416,-0.6797183818337817,36.605145750745436,37.27699864308663,37.28099474962372,14.0,20.0,35.0,22.2,0.0,0.0,0.0,0.0,0.0,0.0,0.0,0.0,0.0,0.0
2026-06-09 08:39:22,1.8213890545874678,-1.242238850871441,-1.6518486597833133,2.280381500224834,-0.5409356392568769,-2.549587399187636,1.0531793559620395,2.2695886259298863,36.83452099061751,37.007096047274494,36.88308485256368,14.0,20.0,35.0,74.1,0.0,0.0,0.0,0.0,0.0,0.0,0.0,0.0,0.0,0.0
2026-06-09 08:39:23,0.7490067927667363,-0.628379861607248,-0.15756052075483495,-2.656607487880415,1.2645512057579351,-0.7035179951865773,2.6059035356664637,-2.089876841070463,37.011921615504335,37.018307225935196,37.09686292572812,14.0,20.0,35.0,21.3,0.0,0.0,0.0,0.0,0.0,0.0,0.0,0.0,0.0,0.0
2026-06-09 08:39:24,-2.6662689082964763,2.5604503643065284,0.5042759763517308,2.399372807413661,1.4418483857571704,1.5425047405363834,1.7531736678114829,0.2329443964434632,36.643405022560884,37.29756195485111,36.735344617584055,14.0,20.0,35.0,-77.6,0.0,0.0,0.0,0.0,0.0,0.0,0.0,0.0,0.0,0.0
2026-06-09 08:39:25,-2.663087464726962,2.4154073540117142,-0.5577418243469543,-0.6648120884503994,2.080989634687552,1.7816798132850185,1.7359093138064878,-1.3937733833836088,36.905075361041376,37.072328200625584,36.923262614399235,14.0,20.0,35.0,-46.3,0.0,0.0,0.0,0.0,0.0,0.0,0.0,0.0,0.0,0.0
2026-06-09 08:39:26,-1.7423278067425891,2.159866450259466,1.846805872324567,0.033338487152407836,-2.1552287282504485,-1.6731458169330538,-2.121190962259618,0.7815967512743711,36.80634957487765,37.27212456755096,36.8112335692594,14.0,20.0,35.0,-100,0.0,0.0,0.0,0.0,0.0,0.0,0.0,0.0,0.0,0.0
2026-06-09 08:39:27,0.13072073423652464,-2.2946791682734435,2.1727029460531337,2.7621970118230363,1.0028976316009146,1.5687275524464228,-0.032196056460652045,1.4029054722177694,36.622036531479765,37.31446419587157,37.08039757823486,14.0,20.0,35.0,3.9,0.0,0.0,0.0,0.0,0.0,0.0,0.0,0.0,0.0,0.0
2026-06-09 08:39:28,1.8776613129412825,2.1516358588624005,-0.7917446946996503,-1.916081630963395,-1.995200819963312,1.5022433898737946,-0.8956944535424127,0.8807230278135432,36.78244630763514,37.13403307341875,37.20855119738574,14.0,20.0,35.0,-34.9,0.0,0.0,0.0,0.0,0.0,0.0,0.0,0.0,0.0,0.0
2026-06-09 08:39:29,-1.3790081490115855,2.4400043679689336,2.1041104811191182,-1.1285528708929606,-2.752189817123652,1.7582229175927582,-0.36927989077016043,-0.7344521763623328,36.622733337606164,36.82705508092745,37.06499658282313,14.0,20.0,35.0,-100,0.0,0.0,0.0,0.0,0.0,0.0,0.0,0.0,0.0,0.0
2026-06-09 08:39:30,-0.721843172374312,-1.6533410575837613,-2.1235847629944136,-0.8350933946233763,-1.2584040573428243,-1.2180102441351692,1.509167266276747,2.773324453841953,36.82073353992437,37.13066178591877,36.75739708672216,14.0,20.0,35.0,97.8,0.0,0.0,0.0,0.0,0.0,0.0,0.0,0.0,0.0,0.0
2026-06-09 08:39:32,-0.4931011271083001,-1.757194145297716,-0.5831327960304491,-0.12338758431881924,-0.451043438492873,1.5783940320340957,1.860437082886067,-1.7698865812553042,36.76498366175521,37.095826664551275,37.25642646519112,14.0,20.0,35.0,62.2,0.0,0.0,0.0,0.0,0.0,0.0,0.0,0.0,0.0,0.0
2026-06-09 08:39:33,2.7847797659761344,-0.36039258025392273,-2.950865479538521,2.1277995949501864,-0.12860135200970335,2.7793158343221496,2.343578011598594,2.9303158372467166,36.84065126570738,37.20505959238481,37.249982040681274,14.0,20.0,35.0,88.2,0.0,0.0,0.0,0.0,0.0,0.0,0.0,0.0,0.0,0.0
2026-06-09 08:39:34,-1.8202001329278275,-1.452251221492311,-1.5533236749039867,0.10053918387663696,-1.1256333303239254,-0.10793367801132847,-0.1904615598366286,-0.24561614962293055,36.608576827805784,37.32805221544353,36.80075966431284,14.0,20.0,35.0,77.6,0.0,0.0,0.0,0.0,0.0,0.0,0.0,0.0,0.0,0.0
2026-06-09 08:39:35,2.0288223231594795,-1.6013314199931235,-2.863534773721131,-0.7680045582936672,-0.6135671890756926,0.200844694651658,-0.5982925254616269,1.2676589924912065,37.05538543290061,37.08835354505121,37.18495060048202,14.0,20.0,35.0,115.3,0.0,0.0,0.0,0.0,0.0,0.0,0.0,0.0,0.0,0.0
2026-06-09 08:39:37,-2.9325341401566525,-2.028719568789148,1.8155312296699355,-1.1634208882902,-1.4496235083711446,-0.48179035738988674,2.783859413752471,-0.5815251177097926,37.00125228559332,37.25734648172198,36.961387746532736,14.0,20.0,35.0,6.7,0.0,0.0,0.0,0.0,0.0,0.0,0.0,0.0,0.0,0.0
2026-06-09 08:39:38,2.516084854337185,-1.8715804751134482,-1.3775957848637868,0.32427698266871197,-1.2690760035478168,-1.073749649383215,-0.2775720973188447,2.581921833341223,36.9166326720556,36.890613129621016,36.85099571876859,14.0,20.0,35.0,83.3,0.0,0.0,0.0,0.0,0.0,0.0,0.0,0.0,0.0,0.0
2026-06-09 08:39:38,-2.008225868044461,0.7180637541005153,0.9128772026854812,1.9706922482090734,2.289941724047324,1.9429501254349422,1.2045307123302695,0.7024619918726005,37.00946507604613,36.95222239410775,36.754088905253866,14.0,20.0,35.0,-40.6,0.0,0.0,0.0,0.0,0.0,0.0,0.0,0.0,0.0,0.0
2026-06-09 08:39:40,2.584970610443861,1.4595812593652422,-0.6224117318742901,-2.504113252795676,-0.7364422032733238,1.1335215457233616,-2.6928217962193073,2.787291701467976,36.722988658873426,37.21530402661186,37.10796690170915,14.0,20.0,35.0,-22.4,0.0,0.0,0.0,0.0,0.0,0.0,0.0,0.0,0.0,0.0
2026-06-09 08:39:41,1.1337265255156428,-2.5298534140876097,2.7392133160788354,-2.3943377759733933,-0.22789717196895953,2.415285154239572,1.7511368788865562,2.8090102129923444,36.75977694422501,37.18744083652946,37.052878894077075,14.0,20.0,35.0,-3.3,0.0,0.0,0.0,0.0,0.0,0.0,0.0,0.0,0.0,0.0
2026-06-09 08:39:42,0.5783450210182757,0.6543691012391291,-1.1686882973457056,-1.8557966163272661,-2.601563516398384,0.8817130045725925,-2.0436933792653122,0.045163496096828126,36.52013648111234,37.20966358651601,37.27963675575792,14.0,20.0,35.0,12.7,0.0,0.0,0.0,0.0,0.0,0.0,0.0,0.0,0.0,0.0
2026-06-09 08:39:44,-0.5346634352891946,2.374128748877954,0.3470859696528654,-2.361412291892032,-0.3716622720039675,2.334469634182878,-0.6478786195690422,1.6175688125502488,36.932901095016504,36.87951781067922,37.21893494098336,14.0,20.0,35.0,-69.5,0.0,0.0,0.0,0.0,0.0,0.0,0.0,0.0,0.0,0.0
2026-06-09 08:39:45,-0.517362095602389,0.24128818937318197,-1.6032092422346162,2.150766944790224,2.1474009531793996,2.533470333654062,-1.8935259632767798,0.9800856274865364,36.86519344939152,37.32502950228361,36.995501756442785,14.0,20.0,35.0,35.5,0.0,0.0,0.0,0.0,0.0,0.0,0.0,0.0,0.0,0.0
2026-06-09 08:39:46,1.3603105892048406,-1.0158909244060044,1.1918935290425345,-1.16710651750134,-2.1881697532688946,-1.6725915308062533,2.7539716250382167,2.1071891243268173,36.54949038140914,36.88400320292886,36.79080956322593,14.0,20.0,35.0,-4.0,0.0,0.0,0.0,0.0,0.0,0.0,0.0,0.0,0.0,0.0
2026-06-09 08:39:47,-2.329838969035262,0.047118090303511995,1.9507666508687844,0.6266353526260113,-1.9924939573204823,-0.6921709501572963,-0.11449416582214766,0.16592335346448595,36.76612940336333,37.24524026381531,37.1293949471397,14.0,20.0,35.0,-52.1,0.0,0.0,0.0,0.0,0.0,0.0,0.0,0.0,0.0,0.0
2026-06-09 08:39:48,2.6207699460019276,2.3074817365288407,-1.8554227995777945,-2.990180430627154,-0.19141492354511236,1.7728707433274549,0.6085341963148281,2.6151656702986283,36.550901775534115,37.07673688633521,37.2443652994195,14.0,20.0,35.0,-10.5,0.0,0.0,0.0,0.0,0.0,0.0,0.0,0.0,0.0,0.0
2026-06-09 08:39:49,-0.08990718656188879,-2.3312290195131355,-0.13714136578091551,0.7052158701490332,1.3930492852878409,0.36965405387751593,1.0155861220239375,0.3584054325306325,36.518627748598284,37.2403038278745,37.16374366526222,14.0,20.0,35.0,64.5,0.0,0.0,0.0,0.0,0.0,0.0,0.0,0.0,0.0,0.0
2026-06-09 08:39:51,1.8008499809589242,2.3656264206550546,0.2899239993222551,-0.8071975450771061,0.6471082395125882,-0.3596052966564911,1.8872288606519358,-2.2696783457767298,36.70576404359661,37.019132568602224,36.73714993711894,14.0,20.0,35.0,-67.9,0.0,0.0,0.0,0.0,0.0,0.0,0.0,0.0,0.0,0.0
2026-06-09 08:39:52,1.621480237199778,-2.526717011808783,-2.9026012009486557,-0.2317210054752903,-1.6110293334777699,0.04786514127855801,-1.724149090124061,2.9048617954875526,36.658980980404195,37.16490335443562,37.29722126755087,15.0,20.0,35.0,139.6,0.0,0.0,0.0,0.0,0.0,0.0,0.0,0.0,0.0,0.0
2026-06-09 08:39:54,0.2448862738996791,-2.717123511454884,-0.2919543620142271,0.39742608337987306,2.3090232206054058,2.553177529649771,1.2281134157531834,-0.17344948387373105,36.78630026359175,37.361235271448045,37.1125818157452,15.0,20.0,35.0,79.7,0.0,0.0,0.0,0.0,0.0,0.0,0.0,0.0,0.0,0.0
2026-06-09 08:39:55,-0.9656266757255474,0.010505750194997887,0.33006343983180075,1.3382814570918313,-2.756677447098454,1.116585593878435,-1.2483777392589073,-0.6255329513875396,37.099642614018045,37.24935069883078,37.11759045869785,15.0,20.0,35.0,-8.9,0.0,0.0,0.0,0.0,0.0,0.0,0.0,0.0,0.0,0.0
2026-06-09 08:39:57,-1.7815618462033902,-2.793002380720334,-1.0252439954722836,1.6402132716472542,2.844519687807546,0.8528232408705119,2.6225712741797755,-1.0077811073291352,36.63701761142131,37.26902923872203,36.76004272236796,15.0,20.0,35.0,100.5,0.0,0.0,0.0,0.0,0.0,0.0,0.0,0.0,0.0,0.0
2026-06-09 08:39:58,-2.9861068696901594,-1.0687591141906294,0.3439898911579684,2.9630920926282602,-2.820702801792323,1.194210430557212,-0.3773469711154478,-1.8739267953626615,36.59351060817726,37.12531274501231,36.878396790193285,15.0,20.0,35.0,19.1,0.0,0.0,0.0,0.0,0.0,0.0,0.0,0.0,0.0,0.0
2026-06-09 08:39:59,-0.3157756204664919,-0.17886837359390162,-2.2921519484460644,0.6099908089981851,-1.848067098324423,-1.9718139183050571,1.5731993765925143,-0.23991730263853306,36.80774629526807,37.1389495319398,37.163953890943844,15.0,20.0,35.0,63.7,0.0,0.0,0.0,0.0,0.0,0.0,0.0,0.0,0.0,0.0
2026-06-09 08:40:00,0.9648286412348641,0.6204984128372817,-1.6003834162382824,-1.4883226364018116,1.5276804990228996,0.11685379044099165,2.3531867597736946,-1.0976387344829868,36.58317464922871,36.98209420707345,37.11310450003976,15.0,20.0,35.0,26.6,0.0,0.0,0.0,0.0,0.0,0.0,0.0,0.0,0.0,0.0
2026-06-09 08:40:00,-0.5302903904541525,2.3482416093405307,-2.098186292493175,-0.6651195468042119,-2.534540859683924,2.79610313419263,0.38842895320564264,-1.6732480625420012,36.98172753122925,36.84949759892668,37.17107524218938,15.0,20.0,35.0,-4.9,0.0,0.0,0.0,0.0,0.0,0.0,0.0,0.0,0.0,0.0
2026-06-09 08:40:02,-0.09488179712150968,-2.0430338859788777,0.16971118828985343,2.9226487936342753,0.8675422286941767,-1.7549575136805706,-2.3170414564723965,-1.5864051460580022,36.71392457884174,37.213763776747385,37.04765395052346,15.0,20.0,35.0,6.0,0.0,0.0,0.0,0.0,0.0,0.0,0.0,0.0,0.0,0.0
2026-06-09 08:40:03,-0.3111137430637312,1.9875558305759622,0.5839484282838914,-0.4798170706441667,-1.6768297196074096,0.2663979120288662,1.8841099732144704,-0.5807185238807051,36.69985107797591,37.397822919729535,36.87158945273406,15.0,20.0,35.0,6.0,0.0,0.0,0.0,0.0,0.0,0.0,0.0,0.0,0.0,0.0
2026-06-09 08:40:04,-2.9691129925999893,0.7013742348876448,1.6712843265268402,-1.2108665470637514,-1.941739863231645,0.7401606386070974,-0.21319267478308923,-1.900892078340718,36.90980896161063,37.39950426433302,36.858455317037965,15.0,20.0,35.0,6.0,0.0,0.0,0.0,0.0,0.0,0.0,0.0,0.0,0.0,0.0
2026-06-09 08:40:05,1.117782550472425,1.3810123405195291,-0.07860094812560714,-2.5286380348944086,2.8176973096868903,1.481554959934444,0.6335314090194508,0.8070523779794461,36.617688221449974,36.91913915248142,37.06124291290058,15.0,20.0,35.0,6.0,0.0,0.0,0.0,0.0,0.0,0.0,0.0,0.0,0.0,0.0
2026-06-09 08:40:06,-1.5803833858499494,-2.1803096394728843,0.5638775809685148,1.8484248126795046,0.7255068435911829,-2.13542352125023,-1.9350046263448106,1.4315196579066463,36.92622069556967,36.92401303270812,36.837703369483926,15.0,20.0,35.0,6.0,0.0,0.0,0.0,0.0,0.0,0.0,0.0,0.0,0.0,0.0
2026-06-09 08:40:08,1.2797245389659393,-0.25908842883651007,2.664365246601,2.7883960104115975,1.9990402871057746,1.4762957295520458,1.7253658596248052,2.088767564410932,37.065986480075246,37.12117741272119,36.86256983763762,15.0,20.0,35.0,6.0,0.0,0.0,0.0,0.0,0.0,0.0,0.0,0.0,0.0,0.0
2026-06-09 08:40:09,-2.5148249422241467,0.07484083508507844,0.5958452443279025,-1.2097078021769712,2.525992083326922,-0.8881054849619034,2.508523472183363,-0.2966258138237352,36.8485085597458,37.00133144621811,37.2456039631759,15.0,20.0,35.0,6.0,0.0,0.0,0.0,0.0,0.0,0.0,0.0,0.0,0.0,0.0
2026-06-09 08:40:10,-0.19362140267244232,0.7796074101584161,2.1344533337340046,-1.6635670394620876,-2.0821204495724612,-0.9940831388946787,0.32008364954589474,-0.0023488123110677606,37.06012804796449,36.818913284262536,37.0939830417474,15.0,20.0,35.0,6.0,0.0,0.0,0.0,0.0,0.0,0.0,0.0,0.0,0.0,0.0
2026-06-09 08:40:11,-2.503398770768702,0.9937282855250382,2.5642034752420573,-1.0480615471298838,-2.980932423895703,0.7088420591209639,-2.7449544581895293,0.39646781567953226,36.80610063147897,36.93143220476367,37.01303737761759,15.0,20.0,35.0,6.0,0.0,0.0,0.0,0.0,0.0,0.0,0.0,0.0,0.0,0.0
2026-06-09 08:40:13,1.7570920555500251,0.7594412433260302,-2.7045728293271196,-0.6877661923602432,1.0877125385316857,-1.818810620756128,-2.633591700119119,1.7278242574995861,36.636122234417506,36.801421792585565,36.895253089681766,15.0,20.0,35.0,6.0,0.0,0.0,0.0,0.0,0.0,0.0,0.0,0.0,0.0,0.0
2026-06-09 08:40:14,-0.28939732396899576,-0.15885296797492732,0.8922964593198026,-2.1511325725941592,2.5073834865346667,-0.6119298199638008,0.6383643420598792,1.2187941895365721,36.785465972086286,36.984968764736685,36.85927646810702,15.0,20.0,35.0,6.0,0.0,0.0,0.0,0.0,0.0,0.0,0.0,0.0,0.0,0.0
2026-06-09 08:40:15,1.0196550672858837,-1.923582616277242,0.46321591804226925,-2.7256075197751675,2.9577411517103185,1.7582977210304485,-2.980811737327765,1.8120590657788327,37.06906479818598,37.20070600661187,36.82025352284269,15.0,20.0,35.0,6.0,0.0,0.0,0.0,0.0,0.0,0.0,0.0,0.0,0.0,0.0
2026-06-09 08:40:16,-0.527612929592606,2.3817377275822738,2.884600227847643,2.7646087269094677,-2.372448446409595,-0.2288829869209641,2.657762687693932,-0.9056589316474684,36.54659732123869,37.22253738503209,36.81851914559678,15.0,20.0,35.0,6.0,0.0,0.0,0.0,0.0,0.0,0.0,0.0,0.0,0.0,0.0
2026-06-09 08:40:17,-0.38822023859580446,-1.7462251145988947,-0.8791365200811434,-1.3692019329282432,0.5876845914654583,0.9763453158104118,-2.1921328714980173,-1.0032184733109903,36.955310918439906,36.96750965815308,36.98629902238688,15.0,20.0,35.0,6.0,0.0,0.0,0.0,0.0,0.0,0.0,0.0,0.0,0.0,0.0
2026-06-09 08:40:19,-0.053658643638636594,2.5595019148274867,-2.49975158021056,-1.6539359721335543,-2.3792940308609807,0.6039187055140198,-2.5813227775427015,-2.805192138381173,36.63407307580892,37.14922279928989,37.0869726833818,15.0,20.0,35.0,6.0,0.0,0.0,0.0,0.0,0.0,0.0,0.0,0.0,0.0,0.0
2026-06-09 08:40:19,2.1572036696363144,0.4745557620609713,-1.4789061368933705,0.5102764917353637,1.1115248903400259,2.533708190134143,0.07521429585137085,-0.029220703913750867,36.70606971758031,37.36686187620827,36.87255243474777,15.0,20.0,35.0,6.0,0.0,0.0,0.0,0.0,0.0,0.0,0.0,0.0,0.0,0.0
2026-06-09 08:40:21,0.5924260948209499,-0.36502026600917237,2.4758587066776903,-1.2670151063156967,-2.9635623462527194,-0.5947561806964918,-2.309140525668311,1.1974331310783919,36.88745706625347,36.8271804787322,36.73100797978621,15.0,20.0,35.0,6.0,0.0,0.0,0.0,0.0,0.0,0.0,0.0,0.0,0.0,0.0
2026-06-09 08:40:22,1.1662789863025669,-0.2960507954692293,2.0411331826244137,1.8299278461264583,-0.058641113543387746,1.7444991017041591,-0.49696244983058246,-1.1670646750033282,36.95458897730519,37.1189273196571,36.9432612957201,15.0,20.0,35.0,6.0,0.0,0.0,0.0,0.0,0.0,0.0,0.0,0.0,0.0,0.0
2026-06-09 08:40:24,-0.8925910355409563,-1.9793903243750812,0.2846434458833689,0.09462581833656092,-0.2771677974617859,1.403421076610523,-1.6510188109456778,2.8123725369840757,36.66183436554852,37.31577334547553,36.70787423696193,15.0,20.0,35.0,6.0,0.0,0.0,0.0,0.0,0.0,0.0,0.0,0.0,0.0,0.0
2026-06-09 08:40:25,-1.1666415428680423,-1.7072604550076511,-2.568243074280125,2.900327484124899,2.1898541089832255,1.3437796127853536,1.9084188868081204,-0.30289297483169886,37.0978896457621,36.826439979301384,37.243931199375815,15.0,20.0,35.0,6.0,0.0,0.0,0.0,0.0,0.0,0.0,0.0,0.0,0.0,0.0
2026-06-09 08:40:25,-0.8871185900366236,-1.0806303646831794,0.02172626844852843,-2.779000787698793,-0.37413470850189734,0.008274955664591133,-0.5569441581725414,0.024527888706309398,36.594102050328516,36.96639217808683,37.14843882265855,15.0,20.0,35.0,6.0,0.0,0.0,0.0,0.0,0.0,0.0,0.0,0.0,0.0,0.0
2026-06-09 08:40:26,-0.3570971014927484,2.5409321238829756,-1.69748496540411,-0.9171537488563635,-0.4454739013482687,-1.2381936995021647,-0.3871794430015276,-0.8632610476286366,37.02205449648409,36.84948893236075,36.78858809157978,15.0,20.0,35.0,6.0,0.0,0.0,0.0,0.0,0.0,0.0,0.0,0.0,0.0,0.0
2026-06-09 08:40:28,2.75742348593195,-1.6809438720860768,-1.315852092962927,2.0784801994483875,-0.9202156060370719,-0.8887984394828292,-1.858328731227166,-1.0051280158035723,37.01914402176055,37.09552401837926,37.13120552755914,15.0,20.0,35.0,6.0,0.0,0.0,0.0,0.0,0.0,0.0,0.0,0.0,0.0,0.0
2026-06-09 08:40:29,2.9524657080329657,1.4655923610355597,-2.3605037717814503,-0.2005668158626306,0.28325669223272776,-0.7892988058076416,-1.0496247699315555,-1.7292756188433591,36.808781746286776,36.80448193520339,37.02848813456311,15.0,20.0,35.0,6.0,0.0,0.0,0.0,0.0,0.0,0.0,0.0,0.0,0.0,0.0
2026-06-09 08:40:30,-0.3842061958046248,0.6027668514271838,-2.8243490277803014,1.402368697561588,-2.3763338325625867,-0.3577879925195133,-2.1603181637279616,1.6075378567859753,36.626874062370696,36.96058636068446,36.93232699208536,15.0,20.0,35.0,6.0,0.0,0.0,0.0,0.0,0.0,0.0,0.0,0.0,0.0,0.0
2026-06-09 08:40:31,1.6736307891369258,0.32341066053528955,1.647902250131076,-0.2977404692882466,-0.20679567900240814,-1.3021970321593752,-0.2610090913983334,-2.48459281514116,36.82992363488342,37.29243645485333,37.06953705120575,15.0,20.0,35.0,6.0,0.0,0.0,0.0,0.0,0.0,0.0,0.0,0.0,0.0,0.0
2026-06-09 08:40:32,-2.9166233719143735,-2.9274845830370406,-2.736008348863453,-2.5060651318199056,-2.876318876175466,2.9448185480345987,0.2654522634305385,1.7856533966550199,36.84244900742458,36.96668879903123,36.98380558886631,15.0,20.0,35.0,6.0,0.0,0.0,0.0,0.0,0.0,0.0,0.0,0.0,0.0,0.0
2026-06-09 08:40:34,-2.496817547313266,0.24486975469837002,-1.554534991458071,-2.0918452305651773,2.228961194901066,-2.020031483935659,0.5135616812568617,0.0027364631258492977,36.75820667475981,36.836560036439984,36.82944843152003,15.0,20.0,35.0,6.0,0.0,0.0,0.0,0.0,0.0,0.0,0.0,0.0,0.0,0.0
2026-06-09 08:40:35,-0.4746751173054413,0.024204032617484827,0.5508190687044374,-2.404058231966949,-0.11832538435466056,-2.0243062648881276,-2.104810152439593,2.382767102280095,36.68906026173613,37.36933977670071,36.99819585770215,15.0,20.0,35.0,6.0,0.0,0.0,0.0,0.0,0.0,0.0,0.0,0.0,0.0,0.0
2026-06-09 08:40:36,-0.4793576445972958,-0.745454239982676,2.958168550616943,-1.647268943308538,1.1306848386398212,2.0584201573030265,-1.8637166444755158,1.925099579109082,36.70046923588534,37.371877143200564,36.75199159596401,15.0,20.0,35.0,6.0,0.0,0.0,0.0,0.0,0.0,0.0,0.0,0.0,0.0,0.0
2026-06-09 08:40:37,-1.213494363299484,-0.24490665223799724,1.8104594665886182,-0.6440675004478367,0.8543349940492142,-2.7435717391455308,0.49991405549624357,-1.9870781337701702,36.57924308938213,37.174076705653924,37.143574791031114,15.0,20.0,35.0,6.0,0.0,0.0,0.0,0.0,0.0,0.0,0.0,0.0,0.0,0.0
2026-06-09 08:40:38,0.07145449680017091,-1.0934245582545774,-2.8005558814757294,-2.8258615150865944,-1.6205920592838627,-1.0855645591517509,2.6089355932074616,-1.820457051401866,36.69609294392949,37.04313762279021,36.95788847610989,15.0,20.0,35.0,6.0,0.0,0.0,0.0,0.0,0.0,0.0,0.0,0.0,0.0,0.0
2026-06-09 08:40:39,-0.1868599238522135,0.7432621347760282,0.3769504618510897,1.6101989821777796,0.5617508244198022,2.6302899208574697,-2.227721385371499,2.7706280275120942,36.95874903726294,36.916776139001634,37.26280213451822,15.0,20.0,35.0,6.0,0.0,0.0,0.0,0.0,0.0,0.0,0.0,0.0,0.0,0.0
2026-06-09 08:40:41,0.34514560989552434,2.9746659628424865,-0.8640298727418658,1.573159695045744,-1.5001988154283759,-0.622677590835746,1.7498296015467858,-0.9369765921355553,36.943048245288196,37.16000158646704,37.206253080637595,15.0,20.0,35.0,6.0,0.0,0.0,0.0,0.0,0.0,0.0,0.0,0.0,0.0,0.0
2026-06-09 08:40:42,1.7383640261327837,2.063142762599611,2.0865599562352948,1.4489182649969834,-2.91036139690475,-0.23397177375144018,-2.7559317350106176,2.887040279597276,37.01540814892485,36.83777737942679,37.14123741745793,15.0,20.0,35.0,6.0,0.0,0.0,0.0,0.0,0.0,0.0,0.0,0.0,0.0,0.0
2026-06-09 08:40:43,1.4149015484274408,1.543894943872055,2.593037069617238,-1.2373077347686652,-0.8269148547791172,1.3989993317086666,-1.034027779632942,-1.4506509311228892,36.97760367329291,36.89644439300298,37.22733369257163,15.0,20.0,35.0,6.0,0.0,0.0,0.0,0.0,0.0,0.0,0.0,0.0,0.0,0.0
2026-06-09 08:40:44,-0.9451910959018388,2.865844310545505,-0.9986316318808952,0.5852629959373203,-1.9714452429276224,-1.0933613857743445,-2.79762023609461,-2.1013870495441136,36.882651551900146,36.93618978759876,37.20316643309042,15.0,20.0,35.0,6.0,0.0,0.0,0.0,0.0,0.0,0.0,0.0,0.0,0.0,0.0
2026-06-09 08:40:45,-0.3817956926743631,-2.0801498210948886,-0.9923017349237071,1.9623557471134028,1.1935813964236726,2.420995788325751,1.2321171576775907,-0.09848747639370004,36.95125940800368,37.02735858883181,37.26997152623113,15.0,20.0,35.0,6.0,0.0,0.0,0.0,0.0,0.0,0.0,0.0,0.0,0.0,0.0
2026-06-09 08:40:46,-1.130524887700815,1.865601920627019,-0.12267826150394123,-1.9820093747508145,-0.9286800308715151,2.0465111053310903,-1.7555981813368704,-1.7170536920644053,37.08651293593119,37.295103246699824,37.01740313341137,15.0,20.0,35.0,6.0,0.0,0.0,0.0,0.0,0.0,0.0,0.0,0.0,0.0,0.0
2026-06-09 08:40:48,0.8011330998395896,-0.35529492325746315,-2.9273006907550148,0.5839392154545453,2.8896721587778167,2.8213888240383804,2.2535624343659793,1.5150346272090527,36.90212530810666,37.33765934389214,37.071825600238256,15.0,20.0,35.0,6.0,0.0,0.0,0.0,0.0,0.0,0.0,0.0,0.0,0.0,0.0
2026-06-09 08:40:49,2.1702253555138125,2.889026201019959,-1.5145821231740548,0.31140379616511815,0.17705325868536903,1.8583997824510838,2.101570645986362,2.5879534965264073,36.550112659500556,36.87997792007065,36.81517001440712,15.0,20.0,35.0,6.0,0.0,0.0,0.0,0.0,0.0,0.0,0.0,0.0,0.0,0.0
2026-06-09 08:40:50,-0.35430486994715515,0.42510791596481345,-0.09072442990697116,-0.7052646020731319,1.1348953729145714,1.6785872332076313,-2.409649353797179,0.05105460294035513,36.7107914248553,36.83732091308867,36.75056600933314,15.0,20.0,35.0,6.0,0.0,0.0,0.0,0.0,0.0,0.0,0.0,0.0,0.0,0.0
2026-06-09 08:40:51,-0.18263480696262047,-0.6788140812931376,1.4923940532413589,-0.5578994230120871,-2.4018253171358457,1.3061243361501171,2.257561208097001,2.713859000408652,36.601192098434616,37.16061794596321,36.96651183803959,15.0,20.0,35.0,6.0,0.0,0.0,0.0,0.0,0.0,0.0,0.0,0.0,0.0,0.0
2026-06-09 08:40:52,-1.9464359082860887,-2.212047714944924,-1.8608846016582326,-0.5950346757751417,1.0083833476544486,-1.615727054643528,-0.9139719094959915,1.6342128706718908,36.874828684917865,36.980824753115826,37.126482387515175,15.0,20.0,35.0,6.0,0.0,0.0,0.0,0.0,0.0,0.0,0.0,0.0,0.0,0.0
2026-06-09 08:40:53,-0.8980350466634945,2.6236354243826323,2.4761227698903614,2.2776893423497535,1.6210853644360217,-2.334094839880641,-2.507154771919988,-0.977216405022709,36.942623649696955,37.07327836015792,36.982268010011325,15.0,20.0,35.0,6.0,0.0,0.0,0.0,0.0,0.0,0.0,0.0,0.0,0.0,0.0
2026-06-09 08:40:54,-1.9282476913827444,-0.6127862417007011,-0.4104903810675089,-1.5780865932051344,1.3082553386704614,1.0592881655450723,1.9567984558799996,-2.8012907031783056,36.57114088503143,37.05883646849683,36.70577764377255,15.0,20.0,35.0,6.0,0.0,0.0,0.0,0.0,0.0,0.0,0.0,0.0,0.0,0.0
2026-06-09 08:40:55,0.7131906170810245,-1.4510873951125436,1.0854269416466504,0.5854630181677383,-0.07374608233024826,0.9345616428180454,0.13691904835725754,2.243647435916664,36.87391575673026,36.92295718964853,37.15912279211832,15.0,20.0,35.0,6.0,0.0,0.0,0.0,0.0,0.0,0.0,0.0,0.0,0.0,0.0
2026-06-09 08:40:56,-1.2513233042367498,-1.4313494005974456,2.5002039755488887,2.557416771039028,0.8344611645390652,-2.0873632142494873,0.6920575363044579,1.9800016506274032,36.98845509752084,37.062261725048735,37.29490508324942,15.0,20.0,35.0,6.0,0.0,0.0,0.0,0.0,0.0,0.0,0.0,0.0,0.0,0.0
2026-06-09 08:40:58,2.931696315464145,0.37598862544460143,-1.0566746273155427,-2.21349985720852,-2.9148851108398617,-2.9903978931193804,-0.9210089219215427,-1.9537327784903273,36.942190791585986,37.02382895937093,37.11439428201941,15.0,20.0,35.0,6.0,0.0,0.0,0.0,0.0,0.0,0.0,0.0,0.0,0.0,0.0
2026-06-09 08:40:59,2.063037424460342,-2.914190750668797,-2.772315758874639,1.7815719388837339,-2.8473316998203924,-2.394590816075179,-2.532122921935174,-2.2383075099964453,36.646910078244474,37.02382715270635,37.08465435794719,15.0,20.0,35.0,6.0,0.0,0.0,0.0,0.0,0.0,0.0,0.0,0.0,0.0,0.0
2026-06-09 08:41:00,0.43300921566005623,2.277807255398823,-2.842852721937083,1.6558075220815809,-2.8571971576203,-2.4250311248838896,-2.002988720808564,-0.2947831434431194,36.701885364137055,37.137861087398704,36.843925649457006,15.0,20.0,35.0,6.0,0.0,0.0,0.0,0.0,0.0,0.0,0.0,0.0,0.0,0.0
2026-06-09 08:41:01,-2.6111201588301,0.23988216477257263,1.633251374186667,-0.41012010199853854,-0.04261621385810965,0.09354155531581387,2.774145697260421,-2.926732143146915,36.60165513062501,37.35798758802243,37.240041123340966,15.0,20.0,35.0,6.0,0.0,0.0,0.0,0.0,0.0,0.0,0.0,0.0,0.0,0.0
2026-06-09 08:41:02,1.9395501567942999,1.5842749687686375,2.1167209101716535,2.046925183413599,1.742666239645044,-1.1302945404027844,-0.19369868351408837,-2.9121354139238744,37.080481616966004,37.0099819355035,36.90332903244695,15.0,20.0,35.0,6.0,0.0,0.0,0.0,0.0,0.0,0.0,0.0,0.0,0.0,0.0
2026-06-09 08:41:03,-0.38814810357739393,1.9330477532419668,0.9009036395560566,1.3373549533636826,-2.0358672972904825,-0.6803396357581719,2.1579243717359997,-2.511984959223764,36.78028914033373,37.177580687454125,37.20511029229036,15.0,20.0,35.0,6.0,0.0,0.0,0.0,0.0,0.0,0.0,0.0,0.0,0.0,0.0
2026-06-09 08:41:05,-1.3926327798192515,-1.1943999631309359,-0.6035896285039257,1.427968635638801,1.305017721119297,1.7782073979782878,2.544238061088187,-1.3774018571001325,36.77527095328926,37.165157528603125,36.91560539108662,15.0,20.0,35.0,6.0,0.0,0.0,0.0,0.0,0.0,0.0,0.0,0.0,0.0,0.0
2026-06-09 08:41:06,-2.3671328179893667,2.37077544626497,0.2514057459953607,-1.68466785827101,-1.8363960349134911,-2.007537004622452,-2.0579292231604978,-1.0680322903627733,36.95538884115352,37.07786155804422,36.79364704443045,15.0,20.0,35.0,6.0,0.0,0.0,0.0,0.0,0.0,0.0,0.0,0.0,0.0,0.0
2026-06-09 08:41:07,-1.870786772545961,2.924363812079001,1.5864726251363201,2.199312761097623,-1.4487317586691162,-0.043112730963839496,2.6864337594940713,1.829409538560916,36.82343718889735,36.99977156077569,37.19776052875978,15.0,20.0,35.0,6.0,0.0,0.0,0.0,0.0,0.0,0.0,0.0,0.0,0.0,0.0
2026-06-09 08:41:08,1.2041813474340008,1.0436431469588134,1.0404015141838805,-0.38879496447263495,-2.348401284801586,-0.911128495202222,1.0109227094069837,2.292467552690084,36.52012298842984,36.92941023000619,37.23985718305991,15.0,20.0,35.0,6.0,0.0,0.0,0.0,0.0,0.0,0.0,0.0,0.0,0.0,0.0
2026-06-09 08:41:09,-0.19409097144675247,0.1910673800290894,0.36749783976872363,-1.5232390524618837,-2.815720727546952,-2.1359110257210787,2.7545382852653395,1.9086709325033375,36.79996945169232,36.974668979624276,37.23363290063673,15.0,20.0,35.0,6.0,0.0,0.0,0.0,0.0,0.0,0.0,0.0,0.0,0.0,0.0
2026-06-09 08:41:10,-0.2792917606205765,0.5349054432852229,-1.0542924260871736,-0.3919941182521347,2.8604630051558138,-0.5995029772389318,-1.6590467881911026,-1.6707421715590454,36.90071457624714,37.18464653495085,37.28624008623201,15.0,20.0,35.0,6.0,0.0,0.0,0.0,0.0,0.0,0.0,0.0,0.0,0.0,0.0
2026-06-09 08:41:12,-1.9802412532422766,0.23083007443069992,1.5178000201105988,2.508713897721245,2.0459960350703605,1.7113731961799123,-2.8717032924398227,-2.2826872485645295,36.568613950027405,37.170001642800926,36.73672478949987,15.0,20.0,35.0,6.0,0.0,0.0,0.0,0.0,0.0,0.0,0.0,0.0,0.0,0.0
2026-06-09 08:41:13,1.0056915067364063,-0.10906431838177966,0.9452022901250228,-1.1249663158798129,-0.4731802014607358,0.3413530465263923,0.2228277702225543,0.7279456664851995,36.531152930179445,37.27639707681271,37.09844640025531,15.0,20.0,35.0,6.0,0.0,0.0,0.0,0.0,0.0,0.0,0.0,0.0,0.0,0.0
2026-06-09 08:41:14,2.091984948714522,1.5552830183666178,0.5781316427812935,-2.211566033038043,2.3332571321319318,1.7131951313287015,-1.4691079080765004,-2.504909864487737,36.50057736276066,37.06988118067403,36.78230119006071,15.0,20.0,35.0,6.0,0.0,0.0,0.0,0.0,0.0,0.0,0.0,0.0,0.0,0.0
2026-06-09 08:41:15,2.658790949835435,2.3358944935310575,0.45152116064396974,1.685161222657177,1.066302148078364,-0.6695015227467516,-2.181319979854565,-1.269280775728867,36.51327105605355,37.291482214295684,36.73058587248443,15.0,20.0,35.0,6.0,0.0,0.0,0.0,0.0,0.0,0.0,0.0,0.0,0.0,0.0
2026-06-09 08:41:17,-0.7285259081084252,0.2508245273746357,-1.0885173668514303,-1.2995756213735938,1.9097572745436047,1.5686187259665134,2.0309390676847547,-0.22480298498382867,36.60753005182624,37.12492354378227,37.23027093111631,15.0,20.0,35.0,6.0,0.0,0.0,0.0,0.0,0.0,0.0,0.0,0.0,0.0,0.0
2026-06-09 08:41:18,-2.3360011835733374,-1.7273775516422443,-0.4060852542790334,-2.7176653478645054,0.9940425927020868,-2.90157640799029,0.7113963985385503,0.9758706549784621,36.95950634933132,36.845917245704875,37.16680514400473,15.0,20.0,35.0,6.0,0.0,0.0,0.0,0.0,0.0,0.0,0.0,0.0,0.0,0.0
2026-06-09 08:41:19,-0.18123938581318644,2.3045795866838796,-2.052584876378027,-2.8846565178156536,1.2533749593167194,-1.806203620014547,-0.5529948463911367,0.2815109853835658,36.94357348691399,36.92256290953206,37.13978427269274,15.0,20.0,35.0,6.0,0.0,0.0,0.0,0.0,0.0,0.0,0.0,0.0,0.0,0.0
2026-06-09 08:41:20,1.9274000179639232,-0.4042034500169489,1.3636923831161454,-1.737199676601045,-0.8622375084086733,2.28666118471018,-1.1032365766832493,2.8246185810661135,36.718647440836605,37.24488754607025,37.0329145058636,15.0,20.0,35.0,6.0,0.0,0.0,0.0,0.0,0.0,0.0,0.0,0.0,0.0,0.0
2026-06-09 08:41:22,1.7182648029775827,1.8132337839150932,2.6266322383530287,2.8895744149762796,-0.955373224925065,-0.1369906142270878,-0.7053571730189194,0.19990330932164202,36.62515848570668,37.05645441311354,36.87489010227414,15.0,20.0,35.0,6.0,0.0,0.0,0.0,0.0,0.0,0.0,0.0,0.0,0.0,0.0
2026-06-09 08:41:23,-2.7040383727012456,2.225280025528269,1.4575351637274068,2.722722049600396,-0.8639412312324461,-1.1617371709280049,0.8297577066055828,1.2570079866166086,36.932566770076626,37.30091703659358,37.00930727480304,15.0,20.0,35.0,6.0,0.0,0.0,0.0,0.0,0.0,0.0,0.0,0.0,0.0,0.0
2026-06-09 08:41:24,-1.9425607880806504,0.26729316749842624,-1.1724230479354243,-1.627017971670126,2.4789006641508013,-2.847367738524637,-1.801848066650398,1.371580014105124,36.75578653542063,37.06194944016083,37.07056073560597,15.0,20.0,35.0,6.0,0.0,0.0,0.0,0.0,0.0,0.0,0.0,0.0,0.0,0.0
2026-06-09 08:41:25,-1.61801693410483,-2.512714355723094,-1.2455135896956349,0.12832263118016662,-2.184938723260526,-1.4306386024582523,1.4397436094559062,-2.7711144850064455,36.743473214059286,37.00677113521635,37.20727265617478,15.0,20.0,35.0,6.0,0.0,0.0,0.0,0.0,0.0,0.0,0.0,0.0,0.0,0.0
2026-06-09 08:41:26,0.021320805605795634,0.5541773294250629,0.5921994370027193,-1.8144279198922288,-1.4158108012101056,0.6318120830523943,0.4575620351712715,-1.3264202106193559,36.62658914051827,36.853564283865595,37.086425245968215,15.0,20.0,35.0,6.0,0.0,0.0,0.0,0.0,0.0,0.0,0.0,0.0,0.0,0.0
2026-06-09 08:41:27,1.518987536487165,-1.6243624432802015,2.6128113353750795,-0.666190541957004,0.7058930104627752,2.0009469324917486,0.6040072488694408,1.166975845502277,36.65384782121394,37.39747710055404,37.052266720828975,15.0,20.0,35.0,6.0,0.0,0.0,0.0,0.0,0.0,0.0,0.0,0.0,0.0,0.0
2026-06-09 08:41:28,-1.1028062556187035,0.0991197278204412,1.5494873334974333,-1.896121851881129,2.8640907086720624,0.9598969981011973,1.7754441141599022,-2.7482320630426615,36.96447657723367,36.810490346267876,37.22738655181383,15.0,20.0,35.0,6.0,0.0,0.0,0.0,0.0,0.0,0.0,0.0,0.0,0.0,0.0
2026-06-09 08:41:29,1.7716787088701809,0.1453319922701981,1.231906125400105,0.5684774496134932,2.065170231920736,-0.6454378208961824,-1.021290931044293,0.08902465442483098,36.61854899447843,37.24918185096594,37.099299173184164,15.0,20.0,35.0,6.0,0.0,0.0,0.0,0.0,0.0,0.0,0.0,0.0,0.0,0.0
2026-06-09 08:41:30,2.331382913750124,-2.064912683320659,0.40624478301217604,-0.398573148391586,-0.5521043341412031,0.96053973852514,-0.6663832199112782,-1.073268501207963,36.754119003276124,37.37612974219553,36.748594858204335,15.0,20.0,35.0,6.0,0.0,0.0,0.0,0.0,0.0,0.0,0.0,0.0,0.0,0.0
2026-06-09 08:41:31,-2.855723218074023,-2.5537166662926243,-1.807312399202764,2.0370642856772925,-0.45259241507875103,0.7680750320515153,-1.058001541918487,-2.165608933212538,37.02493576051362,37.141026800259574,37.09671788175614,15.0,20.0,35.0,6.0,0.0,0.0,0.0,0.0,0.0,0.0,0.0,0.0,0.0,0.0
2026-06-09 08:41:32,1.5660796729425552,-0.6177872881550721,-2.7164809922282904,1.3004718266087592,2.903184012437908,2.6420140957231704,-2.880954203547188,-0.8087864321355971,36.77779950354561,37.32968366228473,36.74364892190145,15.0,20.0,35.0,6.0,0.0,0.0,0.0,0.0,0.0,0.0,0.0,0.0,0.0,0.0
2026-06-09 08:41:33,-0.6130000346751192,-0.6399796043971535,1.115842150234423,0.9860446727050611,2.992818729468583,2.785876723714403,1.6853241331976303,2.854269950892209,37.06433398531085,37.15713405083018,37.21964787479225,15.0,20.0,35.0,6.0,0.0,0.0,0.0,0.0,0.0,0.0,0.0,0.0,0.0,0.0
2026-06-09 08:41:35,1.9164513114637574,-2.8813145243551976,-0.11507537133293066,-2.2325575060873133,-2.6869794555555533,-2.285167553765077,-1.137073720323685,-0.639501204479572,36.510110829523576,37.09533687550994,37.030826468864674,15.0,20.0,35.0,6.0,0.0,0.0,0.0,0.0,0.0,0.0,0.0,0.0,0.0,0.0
2026-06-09 08:41:36,1.9912014909560316,1.0098149184893188,-2.6184772864193104,0.11546028457256918,-0.5175707820707962,-1.0167744243210592,-1.0991037944203135,-1.1123102527697546,36.90346571646397,36.94465532380798,36.89326797362681,15.0,20.0,35.0,6.0,0.0,0.0,0.0,0.0,0.0,0.0,0.0,0.0,0.0,0.0
2026-06-09 08:41:37,2.2363461242413134,0.2813188548525103,2.243012463541266,-0.8543033025343258,-1.6852005700537764,2.257935725985197,0.5639021968097868,-0.8065209753802076,36.94016593923646,37.32043226610697,37.015571815946906,15.0,20.0,35.0,6.0,0.0,0.0,0.0,0.0,0.0,0.0,0.0,0.0,0.0,0.0
2026-06-09 08:41:38,-0.22599818754303458,-2.2993849683394254,2.9643534231168687,0.1680700101808359,1.9263284329785888,0.6834936847492656,1.5103313482063072,0.9283848122728893,36.559175317342486,37.26755277592786,37.20653843623968,15.0,20.0,35.0,6.0,0.0,0.0,0.0,0.0,0.0,0.0,0.0,0.0,0.0,0.0
2026-06-09 08:41:39,2.891552753716068,1.2023872857272622,0.4631433044438298,-2.5937328434287386,2.1739196729707686,2.0770344269868346,0.8006480906311371,1.5802767472247456,37.045701758864986,37.001848860052014,37.1045378924032,15.0,20.0,35.0,6.0,0.0,0.0,0.0,0.0,0.0,0.0,0.0,0.0,0.0,0.0
2026-06-09 08:41:40,2.7464674691762436,-1.1270242269835211,1.0151153666508428,1.7525511750232603,-1.9351984290488455,0.5518170459597096,0.2422911444902569,0.7131094043273043,36.59921340750174,37.32190563221929,36.99689437728583,15.0,20.0,35.0,6.0,0.0,0.0,0.0,0.0,0.0,0.0,0.0,0.0,0.0,0.0
2026-06-09 08:41:41,1.9064484536892081,-2.5917621518249563,2.4231756214399454,-1.1988517422822653,0.8936391439332487,1.00055042247328,-2.8304462011684546,0.05313575196045628,36.79489424486901,37.37976393241255,36.852641707631406,15.0,20.0,35.0,6.0,0.0,0.0,0.0,0.0,0.0,0.0,0.0,0.0,0.0,0.0
2026-06-09 08:41:42,-0.28704082562502986,-0.8304518281302333,-1.7965471493698297,-1.3383532142618668,2.3133048009637154,-2.3004380883088817,0.14997208861269584,-0.43391637165270147,36.89467622856424,36.85570751944414,36.87075292825322,15.0,20.0,35.0,6.0,0.0,0.0,0.0,0.0,0.0,0.0,0.0,0.0,0.0,0.0
2026-06-09 08:41:43,-1.3300702251326957,1.592686303709284,1.3555903331062549,1.974965541908901,0.9313918390287439,-0.9186831248447378,-1.8754412758851091,2.5773794360643514,36.78441561954329,37.01863802728543,37.12407061550949,15.0,20.0,35.0,6.0,0.0,0.0,0.0,0.0,0.0,0.0,0.0,0.0,0.0,0.0
2026-06-09 08:41:45,2.4215545418586624,2.7735733827871023,1.9861341872191582,-0.826414204449287,1.02115759160424,-1.925992610765943,-1.8406206117216026,-2.973496839662575,36.83552786143132,36.99714162752886,36.73643744838975,15.0,20.0,35.0,6.0,0.0,0.0,0.0,0.0,0.0,0.0,0.0,0.0,0.0,0.0
2026-06-09 08:41:46,2.229998461299826,-1.5641319273436092,-0.4590352332775165,2.380349302366411,1.1324602159839152,1.7921038475582254,-2.970293620948495,-0.697304316755297,36.81362153827788,37.379035884746074,37.06264213173299,15.0,20.0,35.0,6.0,0.0,0.0,0.0,0.0,0.0,0.0,0.0,0.0,0.0,0.0
2026-06-09 08:41:47,-1.761417702522537,-0.33566601116138095,-1.9271718963104933,-1.9222058061853853,-2.532070018536116,2.940740075777307,1.1206308177833852,-2.750889255308999,36.79300005238129,36.87764896008905,36.93564977452925,15.0,20.0,35.0,6.0,0.0,0.0,0.0,0.0,0.0,0.0,0.0,0.0,0.0,0.0
2026-06-09 08:41:48,-2.9415516758258304,0.8399277810961632,2.7574546739152774,2.826032728877564,2.7644639791721035,0.6784896968167038,-2.641526367026501,2.370068374937409,36.809184721637905,36.82915580874282,37.109070787799716,15.0,20.0,35.0,6.0,0.0,0.0,0.0,0.0,0.0,0.0,0.0,0.0,0.0,0.0
2026-06-09 08:41:49,-2.616066561325817,-1.994310479455052,1.190453660313139,-2.3535983615894933,1.5800528814614347,-0.9700715655403522,1.8467595335685836,-1.670077810930363,36.600198293759625,37.383554396147744,37.195974443606815,15.0,20.0,35.0,6.0,0.0,0.0,0.0,0.0,0.0,0.0,0.0,0.0,0.0,0.0
2026-06-09 08:41:50,-2.148343072379014,2.822312213566529,-2.079642446280088,-0.8840184229220864,-0.008232096145585732,-0.9190086290384425,-0.699585563836076,-1.8124789035550872,36.68716459680218,36.82635995233569,37.242221095054305,15.0,20.0,35.0,6.0,0.0,0.0,0.0,0.0,0.0,0.0,0.0,0.0,0.0,0.0
2026-06-09 08:41:51,-2.362093156217634,-1.5567256628362072,0.12341526927133906,2.736694782549862,2.101839047759908,1.4209823719256427,-0.5480609965329228,0.20105517756485547,36.90390990603249,37.1001247817371,37.253875591452406,15.0,20.0,35.0,6.0,0.0,0.0,0.0,0.0,0.0,0.0,0.0,0.0,0.0,0.0
2026-06-09 08:41:53,-1.1188573423838553,2.023049207930418,-0.27805969959197263,1.1426447974926948,0.8326112053316068,-0.1433888598633173,2.8617552910060144,1.5178043764726041,36.66445698920579,36.85133163302754,37.10949423008566,14.0,20.0,35.0,6.0,0.0,0.0,0.0,0.0,0.0,0.0,0.0,0.0,0.0,0.0
2026-06-09 08:41:54,-0.8381168015399139,-1.0809147657067448,-1.419258240730777,-1.2901067055160296,-2.833873333802998,-0.9181665615814527,-1.6627736819975254,0.4925476989811739,36.7497676711779,37.20945653967884,37.08711716467242,14.0,20.0,35.0,6.0,0.0,0.0,0.0,0.0,0.0,0.0,0.0,0.0,0.0,0.0
2026-06-09 08:41:56,1.9460611297943835,2.403949968440177,-2.1442906229186054,-2.518845352379197,1.5736694650440537,1.7560002657044684,1.2781543351030384,-1.576113527582749,36.90049469555717,37.172019635990395,36.9466108292351,14.0,20.0,35.0,6.0,0.0,0.0,0.0,0.0,0.0,0.0,0.0,0.0,0.0,0.0
2026-06-09 08:41:57,0.11810041419057082,2.41704717645007,-0.862346240827053,-0.18703007253871018,2.67809398855022,-0.2183527973090742,0.8010052363848024,1.0404816077292844,36.81946561876657,37.28727136769945,37.09382687872039,14.0,20.0,35.0,6.0,0.0,0.0,0.0,0.0,0.0,0.0,0.0,0.0,0.0,0.0
2026-06-09 08:41:58,-0.40989671870385,0.6940966635095203,-1.1703942159488316,2.9879342093402146,-2.2899893262185036,1.4404098121962683,-2.9857074873877014,-0.3953937693341891,37.06606970918166,36.9214661483051,37.26056986173677,14.0,20.0,35.0,6.0,0.0,0.0,0.0,0.0,0.0,0.0,0.0,0.0,0.0,0.0
2026-06-09 08:41:59,2.6675906510941676,0.4909355795041521,-2.482881040423157,2.18356426245525,-0.38124510513198206,-2.9421266821346777,0.4283252667571533,2.4636597996870435,36.570200677402426,37.32368119164254,36.76478796586263,14.0,20.0,35.0,6.0,0.0,0.0,0.0,0.0,0.0,0.0,0.0,0.0,0.0,0.0
2026-06-09 08:42:00,-2.7752627041106566,-0.8739760896193096,-0.8603158314530011,-1.4616066734670132,2.99973609293901,-2.584398310956985,-2.2185426009013414,-0.7375087720829008,37.01134362839047,37.009013609802835,37.02428664492211,14.0,20.0,35.0,6.0,0.0,0.0,0.0,0.0,0.0,0.0,0.0,0.0,0.0,0.0
2026-06-09 08:42:01,-0.39770045174981483,-0.703424548346363,-0.7210754263472143,-0.274871400600718,-0.42308896049890166,2.0625915505219616,0.4609523332045704,0.2869342692866237,36.71516241594263,36.83492958142946,37.05692691366684,14.0,20.0,35.0,6.0,0.0,0.0,0.0,0.0,0.0,0.0,0.0,0.0,0.0,0.0
2026-06-09 08:42:02,2.5281370289075227,0.07958826798677432,0.8118024361814871,1.576870878267334,0.17160654449615942,1.726507891656457,1.8249095915204139,1.994634947105273,36.95839105358521,37.21828358548024,37.24605867585832,14.0,20.0,35.0,6.0,0.0,0.0,0.0,0.0,0.0,0.0,0.0,0.0,0.0,0.0
2026-06-09 08:42:03,0.6947570592916597,0.3040495027531387,0.27209200036586,0.2593806625263544,-2.8293254482936856,-1.1045356122696768,-0.10931684053798874,1.458135731457486,36.87550135311348,37.22109190810832,37.05830962480133,14.0,20.0,35.0,6.0,0.0,0.0,0.0,0.0,0.0,0.0,0.0,0.0,0.0,0.0
2026-06-09 08:42:04,-0.7650733739746864,1.2581628682515227,-1.230110144159574,0.55378711954052,1.9346756999885741,0.4449072984096403,0.817143027805673,-1.9683501692575553,36.585931563960536,37.33245874070675,37.08918702759352,14.0,20.0,35.0,6.0,0.0,0.0,0.0,0.0,0.0,0.0,0.0,0.0,0.0,0.0
2026-06-09 08:42:05,-2.1316287462579657,-2.6244793922303424,-2.2377280670351762,-2.6532130489948837,-2.9147776666757714,0.129680367973541,0.8810974437727803,-2.5697941901573538,36.88554219877237,37.12477718062891,36.871745944801816,14.0,20.0,35.0,6.0,0.0,0.0,0.0,0.0,0.0,0.0,0.0,0.0,0.0,0.0
2026-06-09 08:42:07,2.640609154061501,-2.92834116526104,-0.48962420835825515,-2.147738628260031,2.436937082243924,-1.1738189166308937,-2.5430686140235226,1.3224675867530529,37.01622950709072,37.16434717304188,37.24189343461637,14.0,20.0,35.0,6.0,0.0,0.0,0.0,0.0,0.0,0.0,0.0,0.0,0.0,0.0
2026-06-09 08:42:08,0.5352151479667882,-1.6031694806554837,1.145855366060493,0.4750371277651566,-1.5907358964159137,-1.8551302698125207,-0.7064209609112182,2.827491603195403,36.70111421645372,37.32063486863483,36.874060598913914,14.0,20.0,35.0,6.0,0.0,0.0,0.0,0.0,0.0,0.0,0.0,0.0,0.0,0.0
2026-06-09 08:42:09,-2.409219970998777,-0.9570124865124869,-1.165480647709586,0.3004550735087994,2.3146392820472306,1.549978234319675,-0.7998245755715776,-0.9213551063096079,36.87256047269444,36.92985194494051,37.00716618034156,14.0,20.0,35.0,6.0,0.0,0.0,0.0,0.0,0.0,0.0,0.0,0.0,0.0,0.0
2026-06-09 08:42:10,1.7676851627059298,0.1605129687061435,-0.22921015342902606,0.16025519692191148,0.32929696674623976,0.7413512488785816,-1.5074091281615472,1.993076002993937,36.80983692180058,36.848769655006876,37.25170903154197,14.0,20.0,35.0,6.0,0.0,0.0,0.0,0.0,0.0,0.0,0.0,0.0,0.0,0.0
2026-06-09 08:42:12,2.576590541869547,-2.2837366393026173,2.769063827498772,1.1125300569392422,1.5371919336037045,-0.6157029070919546,-0.1127173467138256,1.2119985789154004,36.538103001376506,37.004634907233516,36.964228920695206,14.0,20.0,35.0,6.0,0.0,0.0,0.0,0.0,0.0,0.0,0.0,0.0,0.0,0.0
2026-06-09 08:42:13,-0.04581689351176088,1.017227785060565,-1.9086932818927904,-2.468348998331085,2.290343476669795,-2.961542897452624,0.3271789058195145,2.964975987765178,36.65150468371049,37.02144506999966,36.827086681490734,14.0,20.0,35.0,6.0,0.0,0.0,0.0,0.0,0.0,0.0,0.0,0.0,0.0,0.0
2026-06-09 08:42:14,-2.6570883938528773,2.6785809683107704,0.5495165836804263,-0.661010672526535,-2.199949824771048,0.28409989720634954,-2.7808770522963075,-2.886249128581378,36.69715884790402,37.13399659020395,37.29801250856108,14.0,20.0,35.0,6.0,0.0,0.0,0.0,0.0,0.0,0.0,0.0,0.0,0.0,0.0
2026-06-09 08:42:15,1.6588438638797802,-1.559263052666235,-1.3321596263125859,2.8073980075484295,-0.5742039714645446,-2.2753880373063424,2.676339675555882,0.26109706101319574,36.70472657022744,37.027793863660975,37.225270299784555,14.0,20.0,35.0,6.0,0.0,0.0,0.0,0.0,0.0,0.0,0.0,0.0,0.0,0.0
2026-06-09 08:42:16,0.8877598327436451,-1.2892938915540821,-0.7839853125226988,2.968559209265008,-1.0436560024463712,2.737124257677136,-2.6618043501859474,2.148899988075252,36.86420846340515,37.176380957292835,37.12720851704696,14.0,20.0,35.0,6.0,0.0,0.0,0.0,0.0,0.0,0.0,0.0,0.0,0.0,0.0
2026-06-09 08:42:17,1.9240802560579624,1.8121815394746497,0.5703225230957996,0.07453031922975928,1.8040070631078216,-2.6003759866111382,-1.3674531664522673,-2.1799203461790806,36.54317071818835,37.149377182039025,37.07890775622267,14.0,20.0,35.0,6.0,0.0,0.0,0.0,0.0,0.0,0.0,0.0,0.0,0.0,0.0
2026-06-09 08:42:19,2.2414963131842818,0.6717117710193432,-0.6803174647191432,1.7732430008547624,-2.026590526773476,-1.6259694499040704,0.15498180460565703,-1.9937473746639427,36.88733182117137,36.94469871274537,37.05206250269696,14.0,20.0,35.0,6.0,0.0,0.0,0.0,0.0,0.0,0.0,0.0,0.0,0.0,0.0
2026-06-09 08:42:20,2.248428878532015,2.3110732066092208,-0.808867510160292,0.9113908377083422,-2.8476033207937714,-1.2312227342241755,-0.28946687577972163,-2.408918606866548,36.644545964016594,37.34664067511197,36.972000171505364,14.0,20.0,35.0,6.0,0.0,0.0,0.0,0.0,0.0,0.0,0.0,0.0,0.0,0.0
2026-06-09 08:42:21,-1.7655430096467735,-2.7264934350572108,2.3700996969925647,-0.019161797827137228,-2.9505252130545583,-2.289802114601484,2.8656346992716317,-2.232892778930303,36.94465208753584,37.14456117447366,37.255895659423494,14.0,20.0,35.0,6.0,0.0,0.0,0.0,0.0,0.0,0.0,0.0,0.0,0.0,0.0
2026-06-09 08:42:22,2.015695378943562,2.625418243236112,-1.5506390108554697,1.5748690936820378,-0.4170659790896334,0.38648559010325423,2.3900512711046353,2.641206254875084,36.54650672219356,36.96754727194874,36.75692161218601,14.0,20.0,35.0,6.0,0.0,0.0,0.0,0.0,0.0,0.0,0.0,0.0,0.0,0.0
2026-06-09 08:42:23,0.5496986280065954,0.7275368164577856,-1.220300851448637,-1.27463595480596,1.8126165452012826,-1.7731116577696489,-2.4665907770366786,-0.46684004638178767,36.60656012656117,36.87770052838475,36.81751550539255,14.0,20.0,35.0,6.0,0.0,0.0,0.0,0.0,0.0,0.0,0.0,0.0,0.0,0.0
2026-06-09 08:42:24,-1.6660610888461407,2.533906024106707,1.3352401854879714,-0.7451737369164215,1.1748470080766156,-0.16233370590700158,-0.043978723390957875,-2.4366261765465893,36.99105927916154,36.96560938941352,36.740335635722595,14.0,20.0,35.0,6.0,0.0,0.0,0.0,0.0,0.0,0.0,0.0,0.0,0.0,0.0
2026-06-09 08:42:25,-2.293324245546184,1.0727670425973717,-2.812694605009418,-1.846608182420377,1.119001409156434,-0.940001704078913,0.0043510266915522955,0.006255883726709932,36.97908925976072,37.39593049223374,37.00368396842685,14.0,20.0,35.0,6.0,0.0,0.0,0.0,0.0,0.0,0.0,0.0,0.0,0.0,0.0
2026-06-09 08:42:26,-0.18345468485995386,-1.4521854757241912,2.51601629828171,0.9695948692231311,2.332462871829599,-2.4727749403633497,-1.746616481686607,1.3290843038050948,36.72076868440174,36.85609617611425,37.28177708211642,14.0,20.0,35.0,6.0,0.0,0.0,0.0,0.0,0.0,0.0,0.0,0.0,0.0,0.0
2026-06-09 08:42:28,-0.47787914451956004,-1.9854251879893001,-1.8897557478472176,0.5078165072602996,1.9258930551812785,2.6649368086736436,-1.60200311026537,2.9317187023811995,36.755540650240036,36.80800903393998,37.03029571024378,14.0,20.0,35.0,6.0,0.0,0.0,0.0,0.0,0.0,0.0,0.0,0.0,0.0,0.0
2026-06-09 08:42:29,0.03979416103004674,2.477808572269824,2.551329002382589,1.1840909667478883,-2.5191281561550665,-0.06478603920188997,-2.5450719616252746,0.8830412589778538,36.953908124435216,36.906574257786566,36.87435216008859,14.0,20.0,35.0,6.0,0.0,0.0,0.0,0.0,0.0,0.0,0.0,0.0,0.0,0.0
2026-06-09 08:42:31,0.929441195706981,1.1490978579427304,-1.5980597486917407,-1.8768243663511313,1.2667389042412394,-2.0745023926567474,0.8557610717359871,1.218880105557532,36.70387811220138,37.024519744699916,36.856307864771956,14.0,20.0,35.0,6.0,0.0,0.0,0.0,0.0,0.0,0.0,0.0,0.0,0.0,0.0
2026-06-09 08:42:32,0.7730810844875284,1.561529062889174,2.9111991470813434,2.892578681857499,1.1748178342812547,0.9137065625281795,-0.3912791592503817,-0.1887875879686831,36.906396509368335,37.31306641986832,36.80383423052434,14.0,20.0,35.0,6.0,0.0,0.0,0.0,0.0,0.0,0.0,0.0,0.0,0.0,0.0
2026-06-09 08:42:33,-2.17527300773326,-1.5019262061089966,-1.8869274536559932,0.5695802841234272,1.1605113616765745,2.489182820372463,-2.417274970640486,2.9851258127503204,36.8547877112486,37.24167069480285,36.90187046685353,14.0,20.0,35.0,6.0,0.0,0.0,0.0,0.0,0.0,0.0,0.0,0.0,0.0,0.0
2026-06-09 08:42:35,2.1631095822432567,1.5342003402677893,0.2626524244615269,-1.8987185803394018,-2.315551227327168,2.20023966122113,2.3598454423514363,-0.9010723683311772,36.75861668701549,37.06824123358663,37.107980662969915,14.0,20.0,35.0,6.0,0.0,0.0,0.0,0.0,0.0,0.0,0.0,0.0,0.0,0.0
2026-06-09 08:42:36,-2.875323611607457,2.774199249534165,-2.824798615098123,1.9070458640887455,-1.5157260106187957,-2.265766654053242,-2.9883799937202173,-0.3297730559463248,36.9173088659462,36.86800458162813,36.77093250412985,14.0,20.0,35.0,6.0,0.0,0.0,0.0,0.0,0.0,0.0,0.0,0.0,0.0,0.0
2026-06-09 08:42:37,-2.54340176770432,2.0729193299100617,2.562270363008478,-0.3336427216438418,-1.0706372521292913,-2.448322206039847,2.21272026490864,1.6432469024475909,36.71144423532009,37.39998517967399,37.007557874651084,14.0,20.0,35.0,6.0,0.0,0.0,0.0,0.0,0.0,0.0,0.0,0.0,0.0,0.0
2026-06-09 08:42:38,1.6389492282148446,-0.7496638457924085,-2.538179646142879,2.095741566173582,-0.03793338522521861,-2.3815287340760087,-1.3011725791359925,-1.3925467239105898,36.804018812239406,37.231338494776786,36.71519448570648,14.0,20.0,35.0,6.0,0.0,0.0,0.0,0.0,0.0,0.0,0.0,0.0,0.0,0.0
2026-06-09 08:42:40,-0.26170685361437185,-2.174155809507977,0.9720514049175342,0.46499301985137187,-2.232858464575128,1.797888438348032,1.4475857514140245,-2.7456527852876444,36.69741785755455,37.231427864248026,36.90470890489625,14.0,20.0,35.0,6.0,0.0,0.0,0.0,0.0,0.0,0.0,0.0,0.0,0.0,0.0
2026-06-09 08:42:41,1.4206163626954922,-2.403522416203951,2.7810787143896603,2.985259240076047,-2.6650526324521104,-0.738127763994163,-1.9871205802790226,-0.953096447742225,36.92999621574403,37.139902884120325,36.90916497205002,14.0,20.0,35.0,6.0,0.0,0.0,0.0,0.0,0.0,0.0,0.0,0.0,0.0,0.0
2026-06-09 08:42:42,2.7113344377017015,-1.6903358867939855,0.7400648342704397,-1.899206974265946,-1.123252788540922,1.6193047568133512,0.8224498223885255,2.448462761240699,37.00825583428591,37.338934839745946,37.16781324110699,14.0,20.0,35.0,6.0,0.0,0.0,0.0,0.0,0.0,0.0,0.0,0.0,0.0,0.0
2026-06-09 08:42:43,0.10915852176279772,0.09498430028442861,2.2268634795126507,-1.1246171226628916,-1.796555199530162,-1.4605555867303597,2.5050353802509147,0.11537295896230049,36.77677399785863,37.16653284306207,37.248308826793625,14.0,20.0,35.0,6.0,0.0,0.0,0.0,0.0,0.0,0.0,0.0,0.0,0.0,0.0
2026-06-09 08:42:45,0.3089859927424281,2.8474812498236384,-1.514594857250622,0.353445316129954,-1.5359855358174703,1.4263247384980557,1.3778951950703942,-1.4562269201436617,37.07561947092796,37.163920250848456,37.16822482063038,14.0,20.0,35.0,6.0,0.0,0.0,0.0,0.0,0.0,0.0,0.0,0.0,0.0,0.0
2026-06-09 08:42:46,1.7943676328063178,2.26420413846873,-2.4750803351759108,-2.1998801269154358,2.8601064025211773,-2.686142523451341,1.6637208003978916,-1.70805267327089,37.037321758526055,37.330230288133826,36.93938710142483,14.0,20.0,35.0,6.0,0.0,0.0,0.0,0.0,0.0,0.0,0.0,0.0,0.0,0.0
2026-06-09 08:42:47,-1.6429277828844666,0.7224174830691119,1.4107653648801222,2.2252767172935695,2.4762715225073464,2.30738938385576,0.453519521994846,-0.12334442681091984,36.78104540610033,37.18185295463066,36.89784755476636,14.0,20.0,35.0,6.0,0.0,0.0,0.0,0.0,0.0,0.0,0.0,0.0,0.0,0.0
2026-06-09 08:42:49,1.6472671984106482,-0.48995832844526177,-1.943952239891537,1.8087752244144157,-1.0252368147574649,-2.1712535305490235,0.8866673997255532,-2.346134913566805,36.61658518398646,37.35601014312904,37.080223163699195,14.0,20.0,35.0,6.0,0.0,0.0,0.0,0.0,0.0,0.0,0.0,0.0,0.0,0.0
2026-06-09 08:42:50,-2.532438819879833,0.4951528350643315,-1.974680222617041,1.2223063365644036,-1.6892707855784206,2.5668532287895074,0.4883298715558637,-0.11094088024383053,37.0243078400562,36.85093807755454,36.844653032774545,14.0,20.0,35.0,6.0,0.0,0.0,0.0,0.0,0.0,0.0,0.0,0.0,0.0,0.0
2026-06-09 08:42:51,-0.04508463955003306,0.4006361232269948,1.7654902898520053,1.6217012782087243,-2.5889085689801803,-2.2814194107177737,-2.033639042601771,0.3200524510085456,36.52103611821291,37.33103275680433,37.11330151117953,14.0,20.0,35.0,6.0,0.0,0.0,0.0,0.0,0.0,0.0,0.0,0.0,0.0,0.0
2026-06-09 08:42:52,-0.30272772514350965,-2.9099883850054296,1.5559528212013927,-1.3051958824799526,-1.1275387946316462,0.6062408925158058,-0.5585529501773037,-0.8855273574042393,36.569624987049714,37.38163753149543,36.957606771782515,14.0,20.0,35.0,6.0,0.0,0.0,0.0,0.0,0.0,0.0,0.0,0.0,0.0,0.0
2026-06-09 08:42:53,-1.9992834320334556,-0.22045165141436796,-2.3058030014796147,-0.789089246918909,0.0005585860441352786,1.8562739070429357,-1.2657796238537788,-1.0426166117955282,36.67149621946794,37.09434434347133,37.28407725185222,14.0,20.0,35.0,6.0,0.0,0.0,0.0,0.0,0.0,0.0,0.0,0.0,0.0,0.0
2026-06-09 08:42:54,-0.9920143677442628,-0.5397004076732204,0.7598766361934057,1.1946407258529073,1.390770122720788,2.991758821265413,1.4815050685791915,2.0693339909069577,36.71286899449872,37.092834191030086,36.70094302031155,14.0,20.0,35.0,6.0,0.0,0.0,0.0,0.0,0.0,0.0,0.0,0.0,0.0,0.0
2026-06-09 08:42:56,-1.3798028953033943,1.2890806701474045,1.825246582759199,1.9832678895840683,-2.894000369316754,-1.8576535553239901,0.576430438188491,-2.752983902694885,36.710592710000306,36.919442940762565,36.72588960781499,14.0,20.0,35.0,6.0,0.0,0.0,0.0,0.0,0.0,0.0,0.0,0.0,0.0,0.0
2026-06-09 08:42:57,-1.697620122891857,0.9356725750682635,1.0016576085540816,1.3421607474542245,-2.692949087845606,2.1845026791408326,1.2229373309442249,-0.8741701979286747,36.84952305946329,36.85514402309976,37.024009816476045,14.0,20.0,35.0,6.0,0.0,0.0,0.0,0.0,0.0,0.0,0.0,0.0,0.0,0.0
2026-06-09 08:42:58,-0.33673834340811615,-1.447231700078057,0.8450502519121117,2.4720305539866922,2.695005296904468,1.7124134427435278,2.3921132679907524,2.1130762501557134,36.585547615134516,37.19527162311585,36.792754322304305,14.0,20.0,35.0,6.0,0.0,0.0,0.0,0.0,0.0,0.0,0.0,0.0,0.0,0.0
2026-06-09 08:42:59,1.3644017785297597,-0.546298244095087,0.6038270026015309,-2.404631641536845,-1.5345603423128373,2.298329291036948,2.566406641831084,-2.904334666558262,37.06551674373208,36.88394221004972,36.802279749663306,14.0,20.0,35.0,6.0,0.0,0.0,0.0,0.0,0.0,0.0,0.0,0.0,0.0,0.0
2026-06-09 08:43:00,1.587706712423202,-0.48163332577563933,2.726695210208522,-2.720522333774652,1.2097227106176627,1.8668122150574407,-1.9972111514401019,1.7006944999768363,36.98340895518364,37.08990020139193,37.05586161243341,14.0,20.0,35.0,6.0,0.0,0.0,0.0,0.0,0.0,0.0,0.0,0.0,0.0,0.0
2026-06-09 08:43:02,-1.959513980521753,-0.7583001989370173,2.2930106378715553,2.311961393964805,1.041263158283507,-2.299248118813783,-0.7026750672019348,1.5887360230915002,36.929475716482465,37.25645953775071,36.71889873184506,14.0,20.0,35.0,6.0,0.0,0.0,0.0,0.0,0.0,0.0,0.0,0.0,0.0,0.0
2026-06-09 08:43:03,-0.20570244651993796,-0.33563713595593336,-0.3769614427501944,-0.16507347308498854,-2.4821419163007636,0.6346197514388097,1.5110719979788279,-2.455191376028097,36.57187252008785,37.36663730695364,37.00926566115364,14.0,20.0,35.0,6.0,0.0,0.0,0.0,0.0,0.0,0.0,0.0,0.0,0.0,0.0
2026-06-09 08:43:04,-0.25460415941341363,-1.496786394697258,-2.034962320313916,-2.0290861424920497,-0.8051577940244643,2.5425399796360537,-2.9836268459998605,1.5504165744681089,37.01795430116619,37.33145602336614,36.88948129014863,14.0,20.0,35.0,6.0,0.0,0.0,0.0,0.0,0.0,0.0,0.0,0.0,0.0,0.0
2026-06-09 08:43:05,1.352190828314475,-1.3708135122900558,1.0142740422430743,2.868287672672463,-0.2824637118685809,0.12514542185292132,-2.6040287236243396,-2.6097659967132145,36.687047215557556,36.816266867634404,37.27967543496856,14.0,20.0,35.0,6.0,0.0,0.0,0.0,0.0,0.0,0.0,0.0,0.0,0.0,0.0
2026-06-09 08:43:06,1.7724006194356496,-1.1510031654096122,-2.6521841835861855,-1.432579440532443,1.5404849462995358,-0.73962306378895,1.1569701858175705,2.4318745639458426,37.0384310313797,36.82308267963239,36.71681584390964,14.0,20.0,35.0,6.0,0.0,0.0,0.0,0.0,0.0,0.0,0.0,0.0,0.0,0.0
2026-06-09 08:43:07,-2.398967293406831,-2.711116386843406,2.1424548023578396,1.4420923665340286,0.9483133231566656,-2.537894039070702,2.791315397384266,1.0361314145764648,36.7332284899855,36.93570268548752,37.271015936887515,14.0,20.0,35.0,6.0,0.0,0.0,0.0,0.0,0.0,0.0,0.0,0.0,0.0,0.0
2026-06-09 08:43:08,-1.3308520010529057,0.41227901153107904,0.8506091465799912,2.51127757229432,2.1865836149069384,-1.2304277320884713,0.7758649494205243,1.1212820321819317,36.98650817772122,36.801517418499365,37.26175850453582,14.0,20.0,35.0,6.0,0.0,0.0,0.0,0.0,0.0,0.0,0.0,0.0,0.0,0.0
2026-06-09 08:43:09,0.3582320436433033,1.909068923570084,0.8106395122181702,-1.0622986954829572,-1.797062191749391,-0.20148757221079405,2.0881045463799968,2.752257326006819,36.782467292641876,37.111794251595434,37.101270712033894,14.0,20.0,35.0,6.0,0.0,0.0,0.0,0.0,0.0,0.0,0.0,0.0,0.0,0.0
2026-06-09 08:43:11,1.1943414528197485,1.8595061328042384,-0.8090863223307512,-2.1528430652242943,0.13561938855490396,0.49955477484499067,-1.7038276107253723,2.3709260651642854,36.81132378029351,36.83782535653124,36.87116113638426,14.0,20.0,35.0,6.0,0.0,0.0,0.0,0.0,0.0,0.0,0.0,0.0,0.0,0.0
2026-06-09 08:43:12,0.17792992899971694,1.502537888686633,-1.467849418260767,0.8483468334771151,0.1754606261013727,-0.7070997417419607,0.5779012810234243,1.519068695163389,37.02108999274498,37.093320538306386,36.71021877937924,14.0,20.0,35.0,6.0,0.0,0.0,0.0,0.0,0.0,0.0,0.0,0.0,0.0,0.0
2026-06-09 08:43:13,0.4538533025495042,-1.354321448343973,-0.8868439948318789,-2.893081104123893,-0.2579630093379821,-1.2417138474243856,0.1265235641745539,2.801619080908658,36.99738428682173,36.823585152913104,37.26054497086714,14.0,20.0,35.0,6.0,0.0,0.0,0.0,0.0,0.0,0.0,0.0,0.0,0.0,0.0
2026-06-09 08:43:14,0.06356232029697484,-0.49974340598441236,-1.4789863765979245,2.437081557846035,0.2765238526150089,-2.132340236228765,-2.3781707653482886,0.033574064524575675,36.7837455884457,37.394186525597824,36.95400613494599,14.0,20.0,35.0,6.0,0.0,0.0,0.0,0.0,0.0,0.0,0.0,0.0,0.0,0.0
2026-06-09 08:43:16,1.6747919583258817,-1.5059775981481804,-0.6885023058995756,-1.1193782264310548,0.3377331612872143,2.223996087779124,2.9919940254347823,0.7505362498127335,36.723633086641044,36.95054470800746,36.93750228670347,14.0,20.0,35.0,6.0,0.0,0.0,0.0,0.0,0.0,0.0,0.0,0.0,0.0,0.0
2026-06-09 08:43:17,2.520157604977407,-1.4290712298576933,-2.27914453488146,0.16010183383067966,-1.3191255415606384,-2.930349390500493,1.108572168561519,1.521723085422904,36.80822254529367,36.96507565902219,36.792192380632734,14.0,20.0,35.0,6.0,0.0,0.0,0.0,0.0,0.0,0.0,0.0,0.0,0.0,0.0
2026-06-09 08:43:18,2.322589555239749,-2.0417848570167214,-1.4218684577131435,-0.40383226939341155,0.22985431386519384,0.46855594488827546,-1.8953502490127885,0.12152720918359528,36.93520268247474,37.17674734112018,36.857343829597276,14.0,20.0,35.0,6.0,0.0,0.0,0.0,0.0,0.0,0.0,0.0,0.0,0.0,0.0
2026-06-09 08:43:20,-1.638620760863918,0.29925713590509284,0.0190495225830718,2.829368902148202,2.4922722551532086,1.2931907297562102,1.7442388150077761,-2.829863296491107,36.75950010791081,36.88909009945539,37.058787361709335,14.0,20.0,35.0,6.0,0.0,0.0,0.0,0.0,0.0,0.0,0.0,0.0,0.0,0.0
2026-06-09 08:43:21,-2.475770604123243,-0.09388229591852593,2.7395901303291232,2.8960875144461085,2.169066468589943,1.6622071147883641,2.6171668369290852,-0.8478091946985842,36.64879118513997,36.82193924895243,36.844488755899995,14.0,20.0,35.0,6.0,0.0,0.0,0.0,0.0,0.0,0.0,0.0,0.0,0.0,0.0
2026-06-09 08:43:22,2.0385618543818307,1.5045583315805136,-1.5558316731472428,2.0885390814880207,1.7791487530706522,0.724437938274324,-2.2942500316101087,-0.8520250835965095,37.02194271824871,37.38152482010786,36.94364629667267,14.0,20.0,35.0,6.0,0.0,0.0,0.0,0.0,0.0,0.0,0.0,0.0,0.0,0.0
2026-06-09 08:43:23,-2.0931495038126564,-0.7249260739353591,-2.290008698482316,1.1423003622072745,0.6453868023166627,-0.08262884829050732,0.08705582901328812,2.5369969396622887,36.619052769066336,36.842212732174914,37.11939079186835,14.0,20.0,35.0,6.0,0.0,0.0,0.0,0.0,0.0,0.0,0.0,0.0,0.0,0.0
2026-06-09 08:43:24,2.4167922166769005,-0.6586780412258144,0.8957109321651378,2.8675502536652946,-2.037814160725657,1.6191875821466137,1.2432855982313455,2.9889093641842157,36.9164854919757,37.39916584605033,36.816373327378926,14.0,20.0,35.0,6.0,0.0,0.0,0.0,0.0,0.0,0.0,0.0,0.0,0.0,0.0
2026-06-09 08:43:26,0.4711618462018978,2.8929729675746145,-1.1140314020265916,2.2384603264102463,0.06499064597927973,-0.6557624244964453,-1.9721361781077555,-2.53318685117196,37.010220274799025,37.066717929865625,36.71523760765937,14.0,20.0,35.0,6.0,0.0,0.0,0.0,0.0,0.0,0.0,0.0,0.0,0.0,0.0
2026-06-09 08:43:27,2.49379919272598,-2.9668140100702916,-0.3836020245426073,-0.05935078137624927,1.1609171432320906,1.113759538794243,-0.6744220405358146,1.603445217877745,36.64342959817471,37.184022212654845,37.07435879666035,14.0,20.0,35.0,6.0,0.0,0.0,0.0,0.0,0.0,0.0,0.0,0.0,0.0,0.0
2026-06-09 08:43:28,2.369370182371604,0.18424031443697153,-1.3041231872806458,-1.3129146173524997,0.14953652491059977,1.756019039959531,0.5948689618394587,-2.8000678191881967,36.85709340825913,37.108964560096645,36.789003177599405,14.0,20.0,35.0,6.0,0.0,0.0,0.0,0.0,0.0,0.0,0.0,0.0,0.0,0.0
2026-06-09 08:43:29,1.2252903531123156,-0.5153639253184039,0.8129898506928575,-2.797073222595338,-0.9253670684940323,2.955890083600753,-1.2447656457110352,0.7356335289356442,36.792248404797064,37.3508685658947,36.75274223506038,14.0,20.0,35.0,6.0,0.0,0.0,0.0,0.0,0.0,0.0,0.0,0.0,0.0,0.0
2026-06-09 08:43:30,0.9240250071190053,-2.0465274020851085,0.8140079307636103,-0.21929741799655744,-2.1217973600757642,-0.36230324587542206,0.8315873202688415,1.350617793622627,37.09016723200422,37.3961003644478,37.258722522639445,14.0,20.0,35.0,6.0,0.0,0.0,0.0,0.0,0.0,0.0,0.0,0.0,0.0,0.0
2026-06-09 08:43:31,2.5761649509595035,2.927574777718009,-1.6312651604863728,-0.3637138349493707,-0.2750084545399263,1.218013862704952,-2.896476096937516,-0.972026287881981,36.91952452813125,37.396926066339596,36.82708927440754,14.0,20.0,35.0,6.0,0.0,0.0,0.0,0.0,0.0,0.0,0.0,0.0,0.0,0.0
2026-06-09 08:43:33,0.3789361183967088,1.89516352584101,1.1761935907282037,2.4278286658048183,-1.1437859504067645,1.704400422069594,-0.33338113173796025,-0.2063097662430322,36.61505395800308,37.20734826508243,36.778957770489875,14.0,20.0,35.0,6.0,0.0,0.0,0.0,0.0,0.0,0.0,0.0,0.0,0.0,0.0
2026-06-09 08:43:34,1.5037696310046247,1.1130871900252677,0.20908197969031583,1.84100934746139,2.9213247611007107,0.2554286622247268,-2.8733560560045737,2.4182124560724123,36.610907439961345,37.37037707795234,36.91390986561616,14.0,20.0,35.0,6.0,0.0,0.0,0.0,0.0,0.0,0.0,0.0,0.0,0.0,0.0
2026-06-09 08:43:35,-0.42860632338819826,-1.1514612303405536,1.295477021125711,0.9158543687375609,-2.4666814547926306,0.35747330739614647,-1.6828473144698353,1.2601756661445531,36.78183488135621,36.827234777673134,37.286688356185785,14.0,20.0,35.0,6.0,0.0,0.0,0.0,0.0,0.0,0.0,0.0,0.0,0.0,0.0
2026-06-09 08:43:37,2.8087336378522263,1.0106849138907856,-1.3641672109525005,0.6091318815513791,-1.5839234928090409,-2.584322688267045,-1.7815782193692433,-2.0025421981073777,37.015297352059534,36.8600657023627,37.28852786087402,14.0,20.0,35.0,6.0,0.0,0.0,0.0,0.0,0.0,0.0,0.0,0.0,0.0,0.0
2026-06-09 08:43:38,-2.0605475323059004,2.569180203171925,0.3699915130563953,2.3021696181319244,-0.9210782731462253,0.9075439250025941,0.24200000591028026,0.5013224363762578,37.01825579464627,37.3369914308387,36.92333486284235,14.0,20.0,35.0,6.0,0.0,0.0,0.0,0.0,0.0,0.0,0.0,0.0,0.0,0.0
2026-06-09 08:43:39,0.3348736020437362,-0.8568964184317807,1.911801805462038,2.4632555520837673,1.825176209676739,-0.24291985829711482,-0.3901204324214045,2.176602208276188,36.51999176915985,37.04219142569393,37.04446823936145,14.0,20.0,35.0,6.0,0.0,0.0,0.0,0.0,0.0,0.0,0.0,0.0,0.0,0.0
2026-06-09 08:43:40,-0.7984788813233532,-0.145724521024734,0.6396675049355922,1.2033984520813998,-2.5236038543192763,2.320283475431858,2.394472059842328,2.4182364615874024,36.747287894645396,36.88570707084406,36.761541032206026,14.0,20.0,35.0,6.0,0.0,0.0,0.0,0.0,0.0,0.0,0.0,0.0,0.0,0.0
2026-06-09 08:43:41,0.46497352725344676,2.0140945999855653,-2.4979740633162932,0.49429652175377115,-2.884084047768759,-1.0647526232787112,2.0281226605834384,1.1764641607713227,36.765377131044715,37.226089751222936,36.78483849350288,14.0,20.0,35.0,6.0,0.0,0.0,0.0,0.0,0.0,0.0,0.0,0.0,0.0,0.0
2026-06-09 08:43:42,0.1823371044652511,2.007358523099195,-1.7744218813571346,-2.4456725504096917,-2.0264761358460137,1.1064313658052924,-1.9201553897285821,0.9530421586088522,36.598056709166585,37.095050670910716,36.813928619628065,14.0,20.0,35.0,6.0,0.0,0.0,0.0,0.0,0.0,0.0,0.0,0.0,0.0,0.0
2026-06-09 08:43:43,0.03601246436436867,2.209306907261654,-1.9048101376589457,2.6975463185659594,1.8508654970873382,2.8742410427344947,2.8533679862728327,1.623962152607782,36.831650974958734,36.81661897535102,36.759009001948876,14.0,20.0,35.0,6.0,0.0,0.0,0.0,0.0,0.0,0.0,0.0,0.0,0.0,0.0
2026-06-09 08:43:45,-1.664419412488037,-1.7610173746849467,-0.4970650306588764,0.4552196633472807,1.8045649814252895,-1.6917884564355492,1.1318588672661107,1.0822347290599827,36.911496147623026,37.012300062848325,37.196515514571225,14.0,20.0,35.0,6.0,0.0,0.0,0.0,0.0,0.0,0.0,0.0,0.0,0.0,0.0
2026-06-09 08:43:46,0.7422279442976469,0.5410110230688217,-1.6778004222271103,-1.3058809040475368,0.3956314655993074,0.6388387051552504,2.9971692932998666,0.10850459440110338,36.659800929490125,37.2896351320481,36.831122430644385,14.0,20.0,35.0,6.0,0.0,0.0,0.0,0.0,0.0,0.0,0.0,0.0,0.0,0.0
2026-06-09 08:43:48,-2.296579070059588,-1.5674004491346147,2.65458703999051,-0.6233638026481216,1.3235272460339287,-0.37011322727183904,-0.8361010501155626,-0.42071241220561273,36.547381089107674,36.9781686388976,36.95190774630821,14.0,20.0,35.0,6.0,0.0,0.0,0.0,0.0,0.0,0.0,0.0,0.0,0.0,0.0
2026-06-09 08:43:49,0.06937297268499831,2.0020933312718245,-2.3097555092789825,-0.6199282554057501,0.8705829674533048,1.151507277772108,1.9176818398708555,0.05018122613627085,36.61724731922579,37.22253158124483,36.77818708020881,14.0,20.0,35.0,6.0,0.0,0.0,0.0,0.0,0.0,0.0,0.0,0.0,0.0,0.0
2026-06-09 08:43:50,-0.4059265674894048,-1.6577181991588525,0.6649417455309221,-0.6938570944954847,-0.7999750578923619,-2.0569112830317975,-1.4041574200895757,2.0784507252610602,36.73305881734852,37.26954089530775,36.708184146203884,14.0,20.0,35.0,6.0,0.0,0.0,0.0,0.0,0.0,0.0,0.0,0.0,0.0,0.0
2026-06-09 08:43:51,2.069738723955523,0.9208338628434429,1.3735113049106653,2.1717531050774888,1.3030527920471364,-1.407549439891012,2.7265700803553603,1.9813326331413856,36.59541298782157,37.24799693169976,37.13762337702892,14.0,20.0,35.0,6.0,0.0,0.0,0.0,0.0,0.0,0.0,0.0,0.0,0.0,0.0
2026-06-09 08:43:52,-0.20895564494905106,-2.4286933240379205,0.22358862682091152,-2.142004442972082,-1.1395528749423143,-1.1176582090129752,-2.8103569972757514,0.5144031019673161,36.7745082666924,37.00809475798359,37.177233130432356,14.0,20.0,35.0,6.0,0.0,0.0,0.0,0.0,0.0,0.0,0.0,0.0,0.0,0.0
2026-06-09 08:43:53,0.9698369679190724,-0.1790071898425447,0.04868923694051963,2.352485934266481,2.1513370666697,-0.6138805261166378,2.645451743650555,-1.8991019481993285,36.81960504744775,36.866698958318686,36.955147302922846,14.0,20.0,35.0,6.0,0.0,0.0,0.0,0.0,0.0,0.0,0.0,0.0,0.0,0.0
2026-06-09 08:43:55,0.14295726343696913,-2.4506099450136913,-0.03268431335522948,-0.3816143048827789,-0.5525036831494177,1.6759953653434856,-1.5285545872835848,-0.28418459775001104,36.735469382720645,37.32592044858737,37.189003067032196,14.0,20.0,35.0,6.0,0.0,0.0,0.0,0.0,0.0,0.0,0.0,0.0,0.0,0.0
2026-06-09 08:43:56,-0.2601337185039494,2.7249719941164,-1.6741781575463257,2.3715874702673503,-1.153109237673683,1.7269854058419751,-0.5082531347966217,-2.775008754084915,36.69381834845921,37.27803771840062,37.025844594296025,14.0,20.0,35.0,6.0,0.0,0.0,0.0,0.0,0.0,0.0,0.0,0.0,0.0,0.0
2026-06-09 08:43:57,-1.5236359836300617,2.8231145670526807,2.4858484607015248,-0.628566470934524,-1.1705648170542848,-2.3460622549990795,0.5752396904149295,2.3510747450920357,36.59958954623257,37.03358731649557,36.976753140828286,14.0,20.0,35.0,6.0,0.0,0.0,0.0,0.0,0.0,0.0,0.0,0.0,0.0,0.0
2026-06-09 08:43:58,-1.5592746366814987,2.403690756937012,0.23120759228969145,2.403467733178352,-2.171595837525518,-0.5138449416269153,-1.7871930355586274,-1.171696741212016,36.674943882359294,37.25835132856908,36.97515476089745,14.0,20.0,35.0,6.0,0.0,0.0,0.0,0.0,0.0,0.0,0.0,0.0,0.0,0.0
2026-06-09 08:43:59,-1.306324719347846,0.2803708914374008,0.037941460457266984,-1.8969356388829337,-1.2841821660202069,-0.300768329926985,2.1275898086508427,-0.8150511478498443,36.85965630831537,37.1380328783573,37.15788033781055,14.0,20.0,35.0,6.0,0.0,0.0,0.0,0.0,0.0,0.0,0.0,0.0,0.0,0.0
2026-06-09 08:44:01,-1.425337586103294,-0.22210456039985615,-0.7515855354097658,2.968551581716792,1.7033934481314876,-0.7190174383655101,-2.8500702021286983,1.5128943718610408,36.890240875194785,37.29892073761322,36.94892099295053,14.0,20.0,35.0,6.0,0.0,0.0,0.0,0.0,0.0,0.0,0.0,0.0,0.0,0.0
2026-06-09 08:44:02,1.673145220623467,-2.917794201051649,-2.9267340419029644,2.9883249326309524,2.323162611341619,-0.2845115520683086,-1.4864474571855169,0.5418388385841881,36.50586399066658,37.29343558692165,37.29320814313796,14.0,20.0,35.0,6.0,0.0,0.0,0.0,0.0,0.0,0.0,0.0,0.0,0.0,0.0
2026-06-09 08:44:03,1.8166506485557967,-0.5988398749362056,-2.183212158699151,-2.0557622401512603,0.21640531025569043,-1.4262039198790062,1.0626533405477847,-1.6244741464204797,36.88688071377355,36.92449139791951,37.24167436215977,14.0,20.0,35.0,6.0,0.0,0.0,0.0,0.0,0.0,0.0,0.0,0.0,0.0,0.0
2026-06-09 08:44:04,2.7367551098605913,-2.3108470734969964,-2.493778514492595,0.9833095245275549,-0.8113707988670389,1.0233892869739334,0.9932091483300498,-0.8236955682888825,36.8622586462196,37.38085381384497,36.83715556779458,14.0,20.0,35.0,6.0,0.0,0.0,0.0,0.0,0.0,0.0,0.0,0.0,0.0,0.0
2026-06-09 08:44:06,0.5465870995653175,2.3343392109138854,-1.0877638926170492,-2.1839105057987216,1.8207099880390096,1.8171581795283567,2.8967632233549523,0.8713107071144344,36.825439566937334,37.23346202181233,36.899750970058065,14.0,20.0,35.0,6.0,0.0,0.0,0.0,0.0,0.0,0.0,0.0,0.0,0.0,0.0
2026-06-09 08:44:07,-2.93438369061315,1.5002483626418943,0.0711311045129901,-2.2775398378298766,2.436795066365157,2.2377207943814383,-0.02027815340255268,-0.7748340890591638,36.721389905701685,37.25556229333225,36.82983387560897,14.0,20.0,35.0,6.0,0.0,0.0,0.0,0.0,0.0,0.0,0.0,0.0,0.0,0.0
2026-06-09 08:44:08,2.655142429388013,-2.3729593344574447,-0.0006225409321372055,1.0923815060643385,-2.7784068054723634,-1.1227415869101025,0.5957270506650496,-2.1515677688891146,36.70485576448081,37.10272492125753,37.089526545172035,14.0,20.0,35.0,6.0,0.0,0.0,0.0,0.0,0.0,0.0,0.0,0.0,0.0,0.0
2026-06-09 08:44:09,1.413426398256174,-0.42761435633502964,-0.6168894649722398,-0.35829712137584213,0.24527967250684402,0.5881668424212076,-0.26561830113439644,-1.090944489047182,36.76866971543446,36.95161542067724,36.852558822207946,14.0,20.0,35.0,6.0,0.0,0.0,0.0,0.0,0.0,0.0,0.0,0.0,0.0,0.0
2026-06-09 08:44:11,-1.5368981524668774,-1.4200152281631493,1.5398738859690422,0.4863361487910436,1.5373866731067451,-1.292421711676355,-2.350263246575334,1.4606732716145991,37.054337269465606,36.98788320896042,36.75771747072888,14.0,20.0,35.0,6.0,0.0,0.0,0.0,0.0,0.0,0.0,0.0,0.0,0.0,0.0
2026-06-09 08:44:12,-1.1725679052152262,-0.5166250078303634,2.5656409314114823,1.0554668823462938,1.6366355218066868,-2.9669453232015357,-0.9797662112231662,1.7710155559176055,37.01488007550758,37.33869213133619,37.08227747874702,14.0,20.0,35.0,6.0,0.0,0.0,0.0,0.0,0.0,0.0,0.0,0.0,0.0,0.0
2026-06-09 08:44:13,1.4193187552827782,-0.561212125787732,0.9528488182928623,-2.5337109158364246,-0.6993870907049073,-0.5758905930183089,-0.7514652199620713,0.5688083005868005,36.549910530386086,37.28497054321481,36.84150884975183,14.0,20.0,35.0,6.0,0.0,0.0,0.0,0.0,0.0,0.0,0.0,0.0,0.0,0.0
2026-06-09 08:44:14,2.579099252319029,-2.631415584506694,1.1499334400825845,1.619421778143618,-0.46369108835452444,0.8086292574645197,0.7412749399529814,-1.5478523816511593,37.034618852187535,37.35834763156967,37.24689132258181,14.0,20.0,35.0,6.0,0.0,0.0,0.0,0.0,0.0,0.0,0.0,0.0,0.0,0.0
2026-06-09 08:44:15,-1.5076032124031526,0.1377360868176396,-1.5058186598752183,1.9454782715392387,-1.8213636060434215,-2.918211614297622,-0.1310441609471673,2.213685712137041,37.00082445384942,36.90037916936115,37.236221813426724,14.0,20.0,35.0,6.0,0.0,0.0,0.0,0.0,0.0,0.0,0.0,0.0,0.0,0.0
2026-06-09 08:44:17,1.8756792470422008,-0.974844885356327,-0.5195700203208089,1.013336606954005,-0.9425001688157684,-1.2210912034867922,-0.822856748381132,0.8614559118612162,37.02907589983944,37.040933923447525,36.83504179532524,14.0,20.0,35.0,6.0,0.0,0.0,0.0,0.0,0.0,0.0,0.0,0.0,0.0,0.0
2026-06-09 08:44:18,-1.4228250905671278,0.39995711707005555,1.9974063597155363,2.6189219019747974,-0.4596691934965422,-0.7170929283937486,2.1732459788403533,0.5135589898504236,36.922134175839744,36.80990373881975,36.86460252910898,14.0,20.0,35.0,6.0,0.0,0.0,0.0,0.0,0.0,0.0,0.0,0.0,0.0,0.0
2026-06-09 08:44:19,0.15700423249899487,-0.6655224293134099,1.1640867153010719,2.372611959137945,1.9012875576116208,1.1922577323094439,-0.629994603756133,-2.3349348440963555,36.763872771653105,37.1989847592928,37.026610569606326,14.0,20.0,35.0,6.0,0.0,0.0,0.0,0.0,0.0,0.0,0.0,0.0,0.0,0.0
2026-06-09 08:44:20,2.870580721236779,1.7510630392280415,-2.4815848823896136,-1.8970036891161355,2.486234841213867,-0.27911026628082425,0.8515008899537007,-2.37518240225383,36.79205073896377,36.94869171599169,37.01750031460974,14.0,20.0,35.0,6.0,0.0,0.0,0.0,0.0,0.0,0.0,0.0,0.0,0.0,0.0
2026-06-09 08:44:22,-0.7078044761184299,-2.435403323346612,-1.8582250368607391,-2.629383262021813,-0.6147276139059192,-1.0283417256914493,2.9147107117493825,-0.14259852604982637,36.63437966116274,36.9563702735978,36.76929501616746,14.0,20.0,35.0,6.0,0.0,0.0,0.0,0.0,0.0,0.0,0.0,0.0,0.0,0.0
2026-06-09 08:44:23,-1.020521603799722,-1.8682655319536177,2.7793121546722137,-1.007877281522451,2.243813526966978,-2.482688735190952,-1.1094477420878175,2.0195927068402044,36.95754269556078,37.150324630502546,36.92413983370214,14.0,20.0,35.0,6.0,0.0,0.0,0.0,0.0,0.0,0.0,0.0,0.0,0.0,0.0
2026-06-09 08:44:25,0.7857463031865164,-1.337784168709811,1.9906184348517026,1.9891007189432894,-2.3413377790224956,0.5121961961301711,-0.44889083693859,-2.079244314516881,37.09324899985509,37.31996668817222,36.72679165688347,14.0,20.0,35.0,6.0,0.0,0.0,0.0,0.0,0.0,0.0,0.0,0.0,0.0,0.0
2026-06-09 08:44:26,0.07720043151267664,-2.265722080891846,-0.35704752003571105,0.6832563389923401,0.32501978851360036,-0.7722749426219373,1.9291453961947669,0.45017125771951694,36.51607320928938,36.931946865018794,37.169920257994946,14.0,20.0,35.0,6.0,0.0,0.0,0.0,0.0,0.0,0.0,0.0,0.0,0.0,0.0
2026-06-09 08:44:27,-1.0705021710108211,-1.5420203040930276,2.04088320280327,2.053192120291092,2.405367997177569,-1.159423302558493,-1.922634927182032,2.9857505718967303,36.752270270178215,36.909901370761474,36.7874121076223,14.0,20.0,35.0,6.0,0.0,0.0,0.0,0.0,0.0,0.0,0.0,0.0,0.0,0.0
2026-06-09 08:44:28,1.5889194574311087,2.277221393472532,0.7648030327305078,1.140100471019724,-2.2502956209187133,1.329385301730059,0.7295432568669789,-1.3887824450650599,36.77519506238072,37.351804098875014,37.034751156395174,14.0,20.0,35.0,6.0,0.0,0.0,0.0,0.0,0.0,0.0,0.0,0.0,0.0,0.0
2026-06-09 08:44:29,2.883037580965472,2.2686482364478344,0.11086056227999919,1.0940902558830166,2.131759802208691,1.3794973961785946,2.532747267728255,2.8085139860190402,36.90402401097225,37.241181096583915,37.126263171861126,14.0,20.0,35.0,6.0,0.0,0.0,0.0,0.0,0.0,0.0,0.0,0.0,0.0,0.0
2026-06-09 08:44:30,0.29082618934672766,1.9998886381270742,2.9017641097441595,1.5672679691526765,0.4058112674994572,-1.0235543046760511,2.3508782513815616,2.7071137953216997,36.887617913316475,36.94296638517906,36.85080871984924,14.0,20.0,35.0,6.0,0.0,0.0,0.0,0.0,0.0,0.0,0.0,0.0,0.0,0.0
2026-06-09 08:44:31,0.45055886540339074,1.0836545969848679,-0.39308509938785585,0.4296389210407048,0.06289282510371752,0.09734424765403826,-2.5104164891124947,-1.88822691467409,36.72121307961875,36.98228329565417,37.26028475654096,14.0,20.0,35.0,6.0,0.0,0.0,0.0,0.0,0.0,0.0,0.0,0.0,0.0,0.0
2026-06-09 08:44:32,-1.181026401269663,1.0419747506868147,-0.7136033998328148,-1.1258717632410915,-0.7147069623843563,0.4396239885512183,-0.17937064984156148,2.694124826178899,37.09173906682165,37.08334700520265,36.75876126536616,14.0,20.0,35.0,6.0,0.0,0.0,0.0,0.0,0.0,0.0,0.0,0.0,0.0,0.0
2026-06-09 08:44:34,-0.2536273415437167,2.1351194876668753,2.72899268784363,-0.402667121102005,-2.8971092640756573,2.113056184066359,1.581076426999383,-2.5626211265768566,36.889794175191646,37.37571363114398,37.291709425566154,14.0,20.0,35.0,6.0,0.0,0.0,0.0,0.0,0.0,0.0,0.0,0.0,0.0,0.0
2026-06-09 08:44:35,-1.400052528256191,-2.814276879062869,2.215460743699727,-0.2898235746475972,0.023824556159778076,-0.826067705999388,0.5016670723708354,2.5031864627441562,36.65720090195585,36.80213838927913,36.840386398492534,14.0,20.0,35.0,6.0,0.0,0.0,0.0,0.0,0.0,0.0,0.0,0.0,0.0,0.0
2026-06-09 08:44:36,1.4990670010072726,-2.3297178226055033,-1.8087094901336762,2.1083892225208114,-1.8462662562494687,0.8546000964848672,-2.755088219502748,0.2420567033765022,36.86815466100856,36.92545143759846,36.986898506717296,14.0,20.0,35.0,6.0,0.0,0.0,0.0,0.0,0.0,0.0,0.0,0.0,0.0,0.0
2026-06-09 08:44:37,-2.505481351787484,-0.7302556739649839,1.1110326740547256,2.239437195866591,0.7298836945248812,1.3374627798967609,-0.17750865410658312,-0.5742403113729946,36.66661820196305,37.255573193159584,36.85835378699198,14.0,20.0,35.0,6.0,0.0,0.0,0.0,0.0,0.0,0.0,0.0,0.0,0.0,0.0
2026-06-09 08:44:38,-2.0418317577423815,2.4518008355013245,-1.371975420259689,0.2798159346135165,-1.8927008058497197,1.1396550408372006,-1.6430322816907628,-0.5127183707348242,36.66823259393404,36.95999350164969,37.238095551864326,14.0,20.0,35.0,6.0,0.0,0.0,0.0,0.0,0.0,0.0,0.0,0.0,0.0,0.0
2026-06-09 08:44:39,2.1888072300639347,-1.868971314549212,2.5850152531376915,-1.8877215504618863,0.5092318460005685,-1.9018538343868194,0.7006192744915847,2.3463016772512137,36.63115472592719,36.86106864309082,37.178586227885305,14.0,20.0,35.0,6.0,0.0,0.0,0.0,0.0,0.0,0.0,0.0,0.0,0.0,0.0
2026-06-09 08:44:41,-0.3343697847219991,-0.22918568231978043,-0.5693271358163337,-1.1241975145252407,0.9678351877157274,-0.069785728612203,-2.850989014518468,-1.6999202746848716,36.81203939398309,37.15663559994865,37.16593947355002,14.0,20.0,35.0,6.0,0.0,0.0,0.0,0.0,0.0,0.0,0.0,0.0,0.0,0.0
2026-06-09 08:44:42,-2.823937727445238,-1.1180017302467993,-2.6064754220848942,-1.5965599657114278,-1.1620240718560424,-0.5369163699214177,-2.683543409758512,-2.6506656920397864,36.90138796947852,36.915115085980126,36.85206527965844,14.0,20.0,35.0,6.0,0.0,0.0,0.0,0.0,0.0,0.0,0.0,0.0,0.0,0.0
2026-06-09 08:44:43,-0.7014096166525143,2.151375679334267,-1.7374050110982175,-2.525651155485016,1.8402756696543001,-1.5396639828156586,-0.6381400356828473,1.2402085142946184,36.78791230578981,37.18720583485012,37.14165523285103,14.0,20.0,35.0,6.0,0.0,0.0,0.0,0.0,0.0,0.0,0.0,0.0,0.0,0.0
2026-06-09 08:44:45,1.43459326173633,0.8950131055308952,-0.06752154930912635,-1.4305092015322205,-0.28318402985073554,-0.5260346079448315,2.2304531444395925,-2.132680153131004,36.57236706222979,37.36897279745808,36.786728275214365,14.0,20.0,35.0,6.0,0.0,0.0,0.0,0.0,0.0,0.0,0.0,0.0,0.0,0.0
2026-06-09 08:44:46,0.870289674890873,1.8260948206411145,2.7778245998591844,2.4289849240152,1.3794591697641767,0.03949109294687725,-1.2932888885793958,0.5366828026136359,36.63643375629977,37.19377364429298,37.17040401966679,14.0,20.0,35.0,6.0,0.0,0.0,0.0,0.0,0.0,0.0,0.0,0.0,0.0,0.0
2026-06-09 08:44:48,1.7860956614423742,-2.735691958956842,-0.05286686419520592,1.0821255559579397,2.829879149142254,-0.9030146600516997,1.8257741733122543,-2.222362833562279,36.54265248619669,37.169851105407986,36.73708311401013,14.0,20.0,35.0,6.0,0.0,0.0,0.0,0.0,0.0,0.0,0.0,0.0,0.0,0.0
2026-06-09 08:44:49,-1.99305778865607,-0.5920679247243599,0.5613943528583771,0.9132002239846848,1.1468272920081235,2.259943647830182,0.4984546599908075,0.9656908905279957,36.5074587433834,37.25154976663271,36.85008041829427,14.0,20.0,35.0,6.0,0.0,0.0,0.0,0.0,0.0,0.0,0.0,0.0,0.0,0.0
2026-06-09 08:44:50,0.7100751298393995,1.387593141145846,-1.1200042181430154,-1.5397313338591956,-0.6376417952882294,-0.16270415797843762,0.04745183891288818,0.5522917212005551,36.78166773946082,37.21611258413093,36.841973827202615,14.0,20.0,35.0,6.0,0.0,0.0,0.0,0.0,0.0,0.0,0.0,0.0,0.0,0.0
2026-06-09 08:44:52,0.029320261841365713,-2.7094408520335396,1.3296552772386958,-1.28749449311759,-2.683405065655485,1.86816724954559,1.26358432674379,1.090842033168527,37.01628182524721,37.38570369279665,37.03435437792587,14.0,20.0,35.0,6.0,0.0,0.0,0.0,0.0,0.0,0.0,0.0,0.0,0.0,0.0
2026-06-09 08:44:53,-0.7478023991589007,2.8609722215552686,2.84199573511661,-0.4869863074442118,-1.140455329496933,1.1265970975869521,0.9457618446400398,-1.823601485721,36.97515279679622,37.26765861709972,36.96850733908771,14.0,20.0,35.0,6.0,0.0,0.0,0.0,0.0,0.0,0.0,0.0,0.0,0.0,0.0
2026-06-09 08:44:54,1.8359845036264106,2.323218675383999,0.7495877168810461,0.2209476136558104,0.9518883823262909,-0.8567859690261113,-0.5558661802340863,-1.6582155949882094,36.96356991455682,37.22569250417955,36.90512516573967,14.0,20.0,35.0,6.0,0.0,0.0,0.0,0.0,0.0,0.0,0.0,0.0,0.0,0.0
2026-06-09 08:44:56,1.0193826125614365,-1.683834849148019,-0.000111851053841594,-0.8385644349269623,-1.4320540941136526,-0.5528496469440749,-2.8584057092281263,2.933545037948135,36.77536188507683,37.289514592094584,36.83665414148388,14.0,20.0,35.0,6.0,0.0,0.0,0.0,0.0,0.0,0.0,0.0,0.0,0.0,0.0
2026-06-09 08:44:57,-2.125450888876804,1.3175023024233958,-2.32126790604907,-2.532154471015925,-1.3350924369522135,1.5831631528411112,-1.6784546789557089,2.1519753477019057,37.09393027357732,37.35912427274558,37.28412448567029,14.0,20.0,35.0,6.0,0.0,0.0,0.0,0.0,0.0,0.0,0.0,0.0,0.0,0.0
2026-06-09 08:44:58,-0.7652940111999813,-0.42448674668612796,2.93866334761006,-1.0734441587371693,1.9939705674900274,2.650805479066258,1.4273955613665823,-2.8481280056012013,36.78079675396252,36.96587761478289,36.93499572423271,14.0,20.0,35.0,6.0,0.0,0.0,0.0,0.0,0.0,0.0,0.0,0.0,0.0,0.0
2026-06-09 08:44:59,1.1565520491525154,1.4904724770569473,-1.804761404951418,-2.1137371251297075,1.9402081841062326,-2.410591295618697,1.8445355137537849,-1.2704050555255975,36.501991037503664,37.137035944685046,36.989712785185574,14.0,20.0,35.0,6.0,0.0,0.0,0.0,0.0,0.0,0.0,0.0,0.0,0.0,0.0
2026-06-09 08:45:00,0.16169212081817896,-2.0874976633885067,-2.700414501153539,-0.47180563717059076,0.05159712245465098,-0.9884684943645605,-2.206388907393919,-0.8290436148557236,36.79696067811482,37.15554182188829,36.741992734694854,14.0,20.0,35.0,6.0,0.0,0.0,0.0,0.0,0.0,0.0,0.0,0.0,0.0,0.0
2026-06-09 08:45:01,-0.9658557226602698,-1.5515168078317867,2.697239485532373,-0.584292637855576,2.445853474080524,1.1084374448566106,-0.34543279742210675,2.962063798119006,36.66172672489925,37.089257107066366,37.13882202273514,14.0,20.0,35.0,6.0,0.0,0.0,0.0,0.0,0.0,0.0,0.0,0.0,0.0,0.0
2026-06-09 08:45:02,0.5681675386544884,-2.0214284359428065,2.441397007760453,-1.962669355544406,-0.6176531865973027,0.4949835813746941,2.4746542623605636,-2.4912445070161677,36.74462861855572,36.86335814672885,36.91667640237092,14.0,20.0,35.0,6.0,0.0,0.0,0.0,0.0,0.0,0.0,0.0,0.0,0.0,0.0
2026-06-09 08:45:04,1.2881816493181955,2.2341724661524847,0.5092451381180636,-2.703001293352977,1.3890783441706382,-1.6383729433307723,-1.9256404654271162,-1.378783641809707,36.68689018737473,37.026649776980484,37.128656857682714,14.0,20.0,35.0,6.0,0.0,0.0,0.0,0.0,0.0,0.0,0.0,0.0,0.0,0.0
2026-06-09 08:45:05,-2.061893157185807,-2.2002984504519936,-1.0133349104360176,1.050161526230255,-1.634026984406196,0.8489189070256722,1.5445678239794933,-0.7946503339056417,36.834607498183644,37.20971261368991,37.116741925146144,14.0,20.0,35.0,6.0,0.0,0.0,0.0,0.0,0.0,0.0,0.0,0.0,0.0,0.0
2026-06-09 08:45:06,2.3569402570745144,2.4243772220324544,1.9532951134166243,0.11207314788604084,1.462466758746686,-1.5817979570936236,2.588963629183512,2.863003196496366,37.00620952350981,37.212789711362575,36.90778010988762,14.0,20.0,35.0,6.0,0.0,0.0,0.0,0.0,0.0,0.0,0.0,0.0,0.0,0.0
2026-06-09 08:45:07,-2.906327240085316,2.627577048325773,-0.3518451318857352,-1.1069715492746064,0.11069435900621283,-1.7251766910812187,-2.521940147405756,2.317898313403396,37.09889691847697,37.30931244902869,36.863121459526745,14.0,20.0,35.0,6.0,0.0,0.0,0.0,0.0,0.0,0.0,0.0,0.0,0.0,0.0
2026-06-09 08:45:08,-2.3276941806104237,-1.4906892046859264,-0.3902330700986951,2.487378002225662,-0.6287982922578506,0.12980672927683345,-1.7292466414909822,-1.6664338544079393,36.73738358698734,36.912064555962104,37.109381659991065,14.0,20.0,35.0,6.0,0.0,0.0,0.0,0.0,0.0,0.0,0.0,0.0,0.0,0.0
2026-06-09 08:45:10,0.32030669361595887,2.712218448413836,2.067353634603222,2.5915439097389097,1.5352602627923497,-1.6090443099244756,1.4563527865674981,2.6715472141897703,36.96735193156599,36.84909802666778,37.233081594756975,14.0,20.0,35.0,6.0,0.0,0.0,0.0,0.0,0.0,0.0,0.0,0.0,0.0,0.0
2026-06-09 08:45:11,0.40606207310196174,2.060308669888605,2.1715542941877573,1.9134301478681435,-2.084082681688766,0.4189515999630471,2.3016145374896197,-1.2735041558497213,37.05715064631368,37.344902078844285,36.748097995270626,14.0,20.0,35.0,6.0,0.0,0.0,0.0,0.0,0.0,0.0,0.0,0.0,0.0,0.0
2026-06-09 08:45:13,-0.6768825123868414,-0.25034957994780704,-1.179786706847007,1.85885040386297,1.5015821589046334,0.4128908332644925,-2.360798028159629,-0.5454705515354163,36.67192808033925,37.24599965572387,37.163634031263385,14.0,20.0,35.0,6.0,0.0,0.0,0.0,0.0,0.0,0.0,0.0,0.0,0.0,0.0
2026-06-09 08:45:14,-1.1021997522760878,-2.5440415634310973,-0.21342909410083166,1.8857513944599882,0.3405726937060889,2.106464562623816,2.9749176731509746,-1.1680051437884051,36.8245406596489,37.36228122852369,37.01083962055895,14.0,20.0,35.0,6.0,0.0,0.0,0.0,0.0,0.0,0.0,0.0,0.0,0.0,0.0
2026-06-09 08:45:16,1.4816027579623245,0.39457414654219747,2.2448451977912134,0.5607083868227005,-1.2116142827945728,-0.14996506439652535,-0.32177907936700834,2.667291764406599,36.56692882730824,37.30822778763224,36.793537795517,14.0,20.0,35.0,6.0,0.0,0.0,0.0,0.0,0.0,0.0,0.0,0.0,0.0,0.0
2026-06-09 08:45:17,-2.6529024262133394,0.5232787003573351,-0.7052192590815292,0.742318163049271,-2.6584673228996234,-0.35690687764561346,-1.3061452334343568,-1.355028958893248,37.0430678562546,36.81696790962521,36.960513620623715,14.0,20.0,35.0,6.0,0.0,0.0,0.0,0.0,0.0,0.0,0.0,0.0,0.0,0.0
2026-06-09 08:45:18,-2.107495872061993,-2.403964474476531,-1.2891730646030823,0.07157810155528388,2.902559448935488,-1.1740804084317782,0.5243816992573396,2.1860030851522305,36.59977758968181,37.25554156556262,36.76547434908991,14.0,20.0,35.0,6.0,0.0,0.0,0.0,0.0,0.0,0.0,0.0,0.0,0.0,0.0
2026-06-09 08:45:19,-2.3118455756599454,0.3209741422505936,-1.7407309108149078,-1.7703726505514903,-1.5752170991874257,1.6400895076026387,2.8653956178567546,2.426920590885284,36.984347955510266,37.06058487737506,36.73502263710466,14.0,20.0,35.0,6.0,0.0,0.0,0.0,0.0,0.0,0.0,0.0,0.0,0.0,0.0
2026-06-09 08:45:20,1.3299497132484674,-1.0677712023752355,-0.19411366728526014,2.9103308383074955,1.7143379209463134,-0.3905879861105932,-1.2120228983754002,-1.4536121977461502,36.82375400247849,37.18296841505023,36.79537963569237,14.0,20.0,35.0,6.0,0.0,0.0,0.0,0.0,0.0,0.0,0.0,0.0,0.0,0.0
2026-06-09 08:45:21,-1.994001960460804,-2.7131498835732213,-1.2978743918795828,-2.430495707292025,2.8766737595129115,0.9605933255536026,0.7832702115444716,0.3937398117464097,36.85896556078301,36.82046519531067,36.78890383740624,14.0,20.0,35.0,6.0,0.0,0.0,0.0,0.0,0.0,0.0,0.0,0.0,0.0,0.0
2026-06-09 08:45:22,2.7645593928439407,-2.9933007937881566,1.0673963824291892,-0.7652953157015112,0.3548710453151447,0.24617663985959304,2.76515956972405,0.3251510444564438,36.74278668396547,36.82227628480914,36.705152562535176,14.0,20.0,35.0,6.0,0.0,0.0,0.0,0.0,0.0,0.0,0.0,0.0,0.0,0.0
2026-06-09 08:45:23,-0.08509785275381532,-1.0164001236044087,-2.1536074201015185,1.8122019888273462,1.111213371238926,1.7815901692415528,-1.678175943472102,0.7174997388789857,36.6986006731232,37.37104949017232,36.86423206835778,14.0,20.0,35.0,6.0,0.0,0.0,0.0,0.0,0.0,0.0,0.0,0.0,0.0,0.0
2026-06-09 08:45:25,-1.6333664973214606,0.8866622300601699,1.8491503892971046,0.3639087941555377,0.5512285649853377,2.4304928737238027,1.467109686529807,2.162697318057586,36.76884634179509,37.013521989684186,37.29440379901216,14.0,20.0,35.0,6.0,0.0,0.0,0.0,0.0,0.0,0.0,0.0,0.0,0.0,0.0
2026-06-09 08:45:26,2.9668602157802724,-0.29399815300853493,-1.8631475844570413,-2.046000339664195,0.8042407029612195,-0.8716599668302809,-2.3889211835173203,-1.213177120630921,37.04335914527256,36.985540494566536,37.231459492433814,14.0,20.0,35.0,6.0,0.0,0.0,0.0,0.0,0.0,0.0,0.0,0.0,0.0,0.0
2026-06-09 08:45:27,-0.3366127244923103,-2.497916714743142,-1.5913889110319748,0.11321869182131294,2.509858536543124,-2.822872259427356,2.526291681699105,-2.9592702026079114,36.99968798403385,37.292681370018926,37.28256839711727,14.0,20.0,35.0,6.0,0.0,0.0,0.0,0.0,0.0,0.0,0.0,0.0,0.0,0.0
2026-06-09 08:45:28,0.7502461544456382,2.227640411972617,-2.7768743321715155,-0.797473562002387,2.7974078867042174,-2.941747058312229,-1.2791071838176478,-1.0344790383882982,37.02844695692272,37.146089948391925,37.05362454465943,14.0,20.0,35.0,6.0,0.0,0.0,0.0,0.0,0.0,0.0,0.0,0.0,0.0,0.0
2026-06-09 08:45:29,1.2995336225428877,-2.753681729097587,-2.935657059117975,1.0807358582986408,-0.7561526436613404,-1.5889386031085926,0.23017145938517647,-2.3204827573017974,36.82454612844914,37.39319077165522,37.26271689218065,14.0,20.0,35.0,6.0,0.0,0.0,0.0,0.0,0.0,0.0,0.0,0.0,0.0,0.0
2026-06-09 08:45:30,1.4150351432174606,-2.283933627813864,-2.075775575378458,1.151756324261914,-1.7779786011181329,2.330422245304998,0.7327127234194997,0.898720609607988,36.85277456707727,37.335553079646424,36.79905947067317,14.0,20.0,35.0,6.0,0.0,0.0,0.0,0.0,0.0,0.0,0.0,0.0,0.0,0.0
2026-06-09 08:45:31,-0.13972445553731827,-1.0935890096392926,1.7118866571759712,1.024352810898173,-1.324645862095809,0.5956638654972264,-1.2755476993959824,2.4155987002096513,36.70573555403385,37.14792987813944,36.78367547223444,14.0,20.0,35.0,6.0,0.0,0.0,0.0,0.0,0.0,0.0,0.0,0.0,0.0,0.0
2026-06-09 08:45:32,1.8808974307992097,-0.4518674095290205,-1.9586960371147302,0.9172254212122968,1.2556358228656004,-1.5402520926235823,1.555113105017579,-0.5778314265096682,36.953554692888275,37.09386432901571,37.161820143458726,14.0,20.0,35.0,6.0,0.0,0.0,0.0,0.0,0.0,0.0,0.0,0.0,0.0,0.0
2026-06-09 08:45:34,1.3935160369515014,-1.3444230464887086,-1.9837215593524353,-1.0304999401974415,0.06098845329861202,1.8343417620808777,0.6965928848230716,-2.4276783233772106,36.64420317026523,37.19223438922512,37.202824634690025,14.0,20.0,35.0,6.0,0.0,0.0,0.0,0.0,0.0,0.0,0.0,0.0,0.0,0.0
2026-06-09 08:45:35,-2.4732710794730415,-2.0039147905023427,0.420086612120957,2.5137302276310116,1.0279897993152103,2.386296891652373,1.9138998519762325,-1.343320700319581,36.65338950127888,37.376167609275875,37.24591416820002,14.0,20.0,35.0,6.0,0.0,0.0,0.0,0.0,0.0,0.0,0.0,0.0,0.0,0.0
2026-06-09 08:45:36,2.4815057771128206,-2.144108593010754,-2.580845645461687,2.8274948990779256,1.8261753594833756,1.3781354240097379,2.6990503867283966,2.55593782300041,36.68810884074877,37.33191590906873,36.943245058905276,14.0,20.0,35.0,6.0,0.0,0.0,0.0,0.0,0.0,0.0,0.0,0.0,0.0,0.0
2026-06-09 08:45:37,2.6047039164071437,2.795828487439694,-2.359878742681025,2.008333219704559,0.18250767036218818,-1.669658510264718,-1.3168855494196432,-0.051234603818625324,37.00849154517281,37.08839910575209,36.72695897190934,14.0,20.0,35.0,6.0,0.0,0.0,0.0,0.0,0.0,0.0,0.0,0.0,0.0,0.0
2026-06-09 08:45:39,-1.6507134553958156,0.5691895716024513,-2.9558889434645144,-0.6140730714462217,2.2525558159322063,-0.8129515527557905,2.550261649565855,0.37541538049007217,37.02338798629061,37.23921586320308,36.92746709402648,14.0,20.0,35.0,6.0,0.0,0.0,0.0,0.0,0.0,0.0,0.0,0.0,0.0,0.0
2026-06-09 08:45:40,0.01184670767152518,-1.5844776790045427,0.4657091851542705,0.0032683963677042627,-2.6625855013719737,-2.741181504305554,2.231767785196552,-1.2805287446692117,36.61769568920836,37.1460857793734,36.93475803592183,14.0,20.0,35.0,6.0,0.0,0.0,0.0,0.0,0.0,0.0,0.0,0.0,0.0,0.0
2026-06-09 08:45:41,2.6052877583250416,-2.2368286285801093,1.7033018577490218,-0.015083319354498137,2.640349076179329,-0.13597124941611538,2.168207333477639,1.810821667909405,36.76394136321237,36.92980085762243,36.89185160553904,14.0,20.0,35.0,6.0,0.0,0.0,0.0,0.0,0.0,0.0,0.0,0.0,0.0,0.0
2026-06-09 08:45:42,0.49798036782145694,-2.9053932758273997,1.9323726938599135,0.7851735416852614,-2.468483235820701,-0.8693649012143085,-2.221979319839594,0.2415654985055209,36.6581336767432,36.80349405740504,36.74270343119228,14.0,20.0,35.0,6.0,0.0,0.0,0.0,0.0,0.0,0.0,0.0,0.0,0.0,0.0
2026-06-09 08:45:43,-2.984592799622493,-1.001929076306073,2.0728690461391146,-0.8588239641682636,0.7882701763239073,2.113043893528765,-1.794010111712796,-0.5514077918819682,36.60657594194427,37.39427213671645,37.289037770502446,14.0,20.0,35.0,6.0,0.0,0.0,0.0,0.0,0.0,0.0,0.0,0.0,0.0,0.0
2026-06-09 08:45:45,-1.5796178675069112,-0.7654120721687523,-1.1818794698236381,-2.774929986184918,0.601119427036517,0.5440100934800123,-0.23291991329961004,-2.1480057235148,36.72446210658039,36.88510836786544,36.70870847718601,14.0,20.0,35.0,6.0,0.0,0.0,0.0,0.0,0.0,0.0,0.0,0.0,0.0,0.0
2026-06-09 08:45:46,-1.7624505625747902,-2.1020834128664183,0.17004253791398138,-2.3942753066266365,0.31888664109648746,2.4646891324177718,1.356164272485568,-0.8554928388929559,36.52564499351896,37.36837869615782,36.71987609021254,14.0,20.0,35.0,6.0,0.0,0.0,0.0,0.0,0.0,0.0,0.0,0.0,0.0,0.0
2026-06-09 08:45:47,-1.827031172699904,-0.6059067932215272,-0.18504560561112982,-0.9946293766208316,1.0966747216778252,1.6357549305686732,2.726353859723206,-1.9119682093942594,37.053796936071606,37.3633599276958,36.944562492402255,14.0,20.0,35.0,6.0,0.0,0.0,0.0,0.0,0.0,0.0,0.0,0.0,0.0,0.0
2026-06-09 08:45:48,2.313382953705892,-1.4261085052624685,-1.8080066358305398,-0.7695205338718898,-2.0119575838201023,-1.6416212238333765,2.056995613554343,1.664045868572618,36.87687941321549,37.35651129758263,36.95727652466581,14.0,20.0,35.0,6.0,0.0,0.0,0.0,0.0,0.0,0.0,0.0,0.0,0.0,0.0
2026-06-09 08:45:49,1.9367379398302589,1.128487306396547,2.6375344566204495,-0.04385110117498936,-2.326746067541416,0.6206212518385699,0.7862693888009264,-1.1939680135609503,36.81076702431756,36.92546527452572,36.77509785365933,14.0,20.0,35.0,6.0,0.0,0.0,0.0,0.0,0.0,0.0,0.0,0.0,0.0,0.0
2026-06-09 08:45:50,-2.0851428861118966,-1.5018973773206228,-0.5195154326057692,0.8466555441822443,0.11686980236271705,0.6967849357001326,-0.899558352211772,-1.3409026856068964,36.60566608361205,37.116946657589416,37.197349350908304,14.0,20.0,35.0,6.0,0.0,0.0,0.0,0.0,0.0,0.0,0.0,0.0,0.0,0.0
2026-06-09 08:45:51,2.83428793481011,2.678009424897306,2.3624254891224528,1.0149818059407298,-0.5933581270359558,-2.052507000141301,2.2776738315881238,1.5313198440261342,36.64029687003728,37.04731805655144,37.06937971129222,14.0,20.0,35.0,6.0,0.0,0.0,0.0,0.0,0.0,0.0,0.0,0.0,0.0,0.0
2026-06-09 08:45:52,-1.2823337622364912,-0.5920882675424544,1.0837019090016966,2.7006893757640924,1.6285147216152138,2.8561072931971623,-1.2773066563644802,-2.758474428255011,36.94481477695886,36.84391488586796,37.25193569988631,14.0,20.0,35.0,6.0,0.0,0.0,0.0,0.0,0.0,0.0,0.0,0.0,0.0,0.0
2026-06-09 08:45:54,-1.9163019966647623,0.2501156689902153,1.1103629441332483,0.9321716428594513,1.8977865687667936,1.0644605990184415,-1.4884094937071697,2.605414441623892,36.791163428089284,37.025848448000815,37.2754598622532,14.0,20.0,35.0,6.0,0.0,0.0,0.0,0.0,0.0,0.0,0.0,0.0,0.0,0.0
2026-06-09 08:45:55,0.16564424019639556,2.2046653881525264,2.8576035538230036,2.0644205826372586,2.6792672160407935,-1.5323703412637542,-0.010396220991911065,1.2376823213742245,36.97866430408029,37.360723689540954,37.11211972425687,14.0,20.0,35.0,6.0,0.0,0.0,0.0,0.0,0.0,0.0,0.0,0.0,0.0,0.0
2026-06-09 08:45:57,-2.5811782373651972,-2.6570606323439074,2.2920289573597152,-1.2463774490044157,-1.6041991440264018,-2.4365594159376407,-0.886628166841259,0.9984171001499575,36.91360466189217,36.91817185279115,37.04221626793548,14.0,20.0,35.0,6.0,0.0,0.0,0.0,0.0,0.0,0.0,0.0,0.0,0.0,0.0
2026-06-09 08:45:58,-0.36912049899414745,1.9024765748336385,1.446231967611113,2.009360249865437,-1.7303649103640317,-2.5177760215138223,1.6523330152399307,1.9332896884946935,36.677520865036904,37.20384097378245,37.24928015317014,14.0,20.0,35.0,6.0,0.0,0.0,0.0,0.0,0.0,0.0,0.0,0.0,0.0,0.0
2026-06-09 08:45:59,2.89266531946535,2.4857184499122917,1.7600322646810822,-1.9834650888858192,1.7322349134570842,-0.969258782828291,0.3424798373538378,-2.3450355286828293,36.965672532898466,37.05650428407848,37.030442228966336,14.0,20.0,35.0,6.0,0.0,0.0,0.0,0.0,0.0,0.0,0.0,0.0,0.0,0.0
2026-06-09 08:46:00,-0.9289879453772327,-1.6132961064090932,-2.945287203424572,-2.1896036980466524,-2.9432412968677326,-0.36496047163230827,-2.9951944349786035,-2.646595284586566,36.50524207433948,36.808833295057674,36.98708115078198,14.0,20.0,35.0,6.0,0.0,0.0,0.0,0.0,0.0,0.0,0.0,0.0,0.0,0.0
2026-06-09 08:46:01,2.4695441225634314,-0.6979325720248593,1.521895224157852,-0.9868387310404008,2.4285297324579407,-0.30776847834809296,-1.734214744940223,-2.498902503969065,37.05139573719352,37.21025582721317,37.03573301818583,14.0,20.0,35.0,6.0,0.0,0.0,0.0,0.0,0.0,0.0,0.0,0.0,0.0,0.0
2026-06-09 08:46:02,1.7152129956291944,-1.1665482778764673,-2.9648316835957096,-1.3709619758510248,-1.3952875723587488,0.4079577250465283,-1.1979161219139711,1.429439441507605,36.62645807329422,37.043826104107936,36.80737880170795,14.0,20.0,35.0,6.0,0.0,0.0,0.0,0.0,0.0,0.0,0.0,0.0,0.0,0.0
2026-06-09 08:46:04,-1.1894757314069144,-2.3194720835867635,1.775371631146534,0.11029488565525192,-2.2325561243831213,-1.3986964045581696,0.5405347483372918,-2.0002804794386675,36.882591302434975,37.38810565130388,36.97724710173574,14.0,20.0,35.0,6.0,0.0,0.0,0.0,0.0,0.0,0.0,0.0,0.0,0.0,0.0
2026-06-09 08:46:05,0.5582425713080998,2.3305002033342603,-1.859338295236898,1.653395773715495,2.0151348742057538,-0.475049534551784,2.7324604907290597,0.06693537159018437,36.97358535194743,36.98541355115029,36.75487066761945,14.0,20.0,35.0,6.0,0.0,0.0,0.0,0.0,0.0,0.0,0.0,0.0,0.0,0.0
2026-06-09 08:46:06,2.3237487267419388,-2.6477049094828824,-0.7577484431674026,2.019575120336018,-2.070049270521593,-2.875127365437627,-2.0559774456660573,1.3479491573995173,36.537802594056664,37.21878640344616,36.80791920368604,14.0,20.0,35.0,6.0,0.0,0.0,0.0,0.0,0.0,0.0,0.0,0.0,0.0,0.0
2026-06-09 08:46:07,-0.16665137498920224,1.8671751721659238,-1.7679350811933081,-0.1125606875426266,-2.402935748813257,-1.6742584685805693,2.0709545848660404,-2.2442046020235518,36.718307261435136,36.97333617929282,36.95913880544617,14.0,20.0,35.0,6.0,0.0,0.0,0.0,0.0,0.0,0.0,0.0,0.0,0.0,0.0
2026-06-09 08:46:08,0.13158510993279693,0.1825939796535505,-2.9322509541764052,2.0487408338374653,-0.5911498598494491,2.9393065638149807,-1.883426709519725,2.925471355438761,36.65878823836129,36.84210604925359,36.921135387792674,14.0,20.0,35.0,6.0,0.0,0.0,0.0,0.0,0.0,0.0,0.0,0.0,0.0,0.0
2026-06-09 08:46:09,1.7978404064690325,0.6164538565651174,-0.6460683415158233,-1.2788676230983933,1.0548534046907356,-0.11440106235106029,-2.9625304515916833,1.756812186303887,37.05284382772018,37.07280787593033,36.863001608447505,14.0,20.0,35.0,6.0,0.0,0.0,0.0,0.0,0.0,0.0,0.0,0.0,0.0,0.0
2026-06-09 08:46:11,1.327913946082674,2.720308247819692,-2.9841242128273633,-1.5492682867918637,0.7101880098541229,0.8178575970981661,2.4803093033181893,2.4078876291602196,36.9997014634493,37.05270111440717,36.92702460551817,14.0,20.0,35.0,6.0,0.0,0.0,0.0,0.0,0.0,0.0,0.0,0.0,0.0,0.0
2026-06-09 08:46:12,-2.0546171046530004,1.4500442371062388,-2.9210142547594535,-1.534072852054414,-0.09432034026398117,2.8376470317488156,-2.4005504779016906,2.9411504913064084,36.53800959455359,37.295411833040106,36.840748531127886,14.0,20.0,35.0,6.0,0.0,0.0,0.0,0.0,0.0,0.0,0.0,0.0,0.0,0.0
2026-06-09 08:46:13,-0.006126605542089436,0.8993824824624586,1.9585961731419665,2.4394479539532403,0.6186069018834335,1.6792508036398566,-0.8883882812241364,-2.992552977148239,36.96383172189851,36.82313353065795,36.930835672944504,14.0,20.0,35.0,6.0,0.0,0.0,0.0,0.0,0.0,0.0,0.0,0.0,0.0,0.0
2026-06-09 08:46:14,2.852358018251884,2.9402200834691072,-2.4015173584575074,0.017481833171309802,0.3260714223436949,-1.8142374952457496,-0.44880012022832183,-0.8370677140874916,36.96406430336386,37.20133758571608,36.72720517531624,14.0,20.0,35.0,6.0,0.0,0.0,0.0,0.0,0.0,0.0,0.0,0.0,0.0,0.0
2026-06-09 08:46:15,-2.53004939579683,0.9411644793092382,2.9763823439004815,-1.4207873613740403,2.8940239867485076,-2.04299649533072,-1.009095500669875,2.4174875914970055,36.62116491485346,36.91443613743084,36.72131615951655,14.0,20.0,35.0,6.0,0.0,0.0,0.0,0.0,0.0,0.0,0.0,0.0,0.0,0.0
2026-06-09 08:46:16,0.43844059075185626,0.25630740562518417,2.876685855221652,2.269234852767818,1.9121097365935835,2.487270868502674,1.9454002257954617,1.822204814266044,36.84936100785725,37.26845517749341,37.19365740982112,14.0,20.0,35.0,6.0,0.0,0.0,0.0,0.0,0.0,0.0,0.0,0.0,0.0,0.0
2026-06-09 08:46:17,1.6271264954983273,0.495761574317251,-0.714022369926381,-0.9925173316659226,1.8004942723535722,2.121807476611802,-2.756703381143891,0.8721799524654035,36.50975121942114,37.0553091030406,36.70074976307458,14.0,20.0,35.0,6.0,0.0,0.0,0.0,0.0,0.0,0.0,0.0,0.0,0.0,0.0
2026-06-09 08:46:18,-0.9287169292913875,0.5126363737934039,0.2924537842988233,-1.2976758211318347,-1.8784690433817242,1.3668608045168655,-2.094678961333318,1.2153293738234439,36.58788999105589,36.96205940020428,36.76350692830635,14.0,20.0,35.0,6.0,0.0,0.0,0.0,0.0,0.0,0.0,0.0,0.0,0.0,0.0
2026-06-09 08:46:20,1.7712733499565445,-0.016068142927382567,0.3335355046542392,-2.5031850276020524,-2.6148405871735525,2.3477626760749963,0.7381429075372035,-0.7107248903695011,36.7355681309306,37.14088108844237,36.983023268307434,14.0,20.0,35.0,6.0,0.0,0.0,0.0,0.0,0.0,0.0,0.0,0.0,0.0,0.0
2026-06-09 08:46:21,-1.894758554066546,-1.5044710169502373,-0.7557459307452996,2.113797978501542,-0.9618630478544938,-1.7720504371630854,-2.3258776695637158,-2.296361641324218,36.56833007779181,37.22998004494452,37.25259105392049,14.0,20.0,35.0,6.0,0.0,0.0,0.0,0.0,0.0,0.0,0.0,0.0,0.0,0.0
2026-06-09 08:46:22,-0.822024218275184,2.4118528532693224,-0.27188807868151343,2.1201052793684267,1.9020957048575333,2.1962870804573598,-0.9522619849340832,1.8160041186052283,36.69148161034147,37.178691826011786,37.09314550783449,14.0,20.0,35.0,6.0,0.0,0.0,0.0,0.0,0.0,0.0,0.0,0.0,0.0,0.0
2026-06-09 08:46:23,0.7340619711532339,-0.10213834779947817,-0.02103580121799542,1.539163695736585,-0.40987711294715057,1.1666447876797026,2.051783499868872,2.861515508952216,37.06313717560361,36.902213107904416,37.2033562345517,14.0,20.0,35.0,6.0,0.0,0.0,0.0,0.0,0.0,0.0,0.0,0.0,0.0,0.0
2026-06-09 08:46:25,0.19488292155507114,-0.25816439943054004,-0.14095704298326517,1.42752105386886,-1.518278767529433,-1.2287132239877034,1.42180431507472,1.9260847899110205,36.90908713415758,36.979555847405344,36.707408462539156,14.0,20.0,35.0,6.0,0.0,0.0,0.0,0.0,0.0,0.0,0.0,0.0,0.0,0.0
2026-06-09 08:46:26,-1.307973869417869,-0.5989381936637033,2.3877808389593245,-1.014996874471714,2.5219298066152467,2.3748381491352557,-0.5346126153851829,-1.3302277351873788,36.682577800638,37.38667153087967,36.906528783549085,14.0,20.0,35.0,6.0,0.0,0.0,0.0,0.0,0.0,0.0,0.0,0.0,0.0,0.0
2026-06-09 08:46:27,-1.1331133052578273,0.9799365859832578,-2.2578396654748527,1.9993842393008903,-0.8846192900470973,0.339331141156876,2.9934509469461634,1.1085243148163624,36.95624630400549,37.114813149775415,36.71153674053361,14.0,20.0,35.0,6.0,0.0,0.0,0.0,0.0,0.0,0.0,0.0,0.0,0.0,0.0
2026-06-09 08:46:28,-1.4913311101348092,0.7264044386245865,-2.073821315708095,1.9183013403537448,0.7392514650839876,-2.747362298555872,-1.377363577893468,0.5705165836712203,37.05403561411024,37.05002053771794,37.0278975046509,14.0,20.0,35.0,6.0,0.0,0.0,0.0,0.0,0.0,0.0,0.0,0.0,0.0,0.0
2026-06-09 08:46:29,0.6560341319048275,-0.09962804109286605,0.32028159429016867,-1.4267474118955237,-1.8538735829641362,1.478299750489576,-1.4838199731065784,1.7355500857093435,36.63269366532819,37.25296368411679,37.09106822115017,14.0,20.0,35.0,6.0,0.0,0.0,0.0,0.0,0.0,0.0,0.0,0.0,0.0,0.0
2026-06-09 08:46:30,2.776947341398553,0.2504141126763768,-2.0182067436510343,-0.21813847035743228,1.1823574237524053,2.161146473949792,1.3342865728569997,-2.9277941468752804,36.88911078705925,36.852044500491395,36.82779806835374,14.0,20.0,35.0,6.0,0.0,0.0,0.0,0.0,0.0,0.0,0.0,0.0,0.0,0.0
2026-06-09 08:46:31,0.08302469340783869,-1.4645948935767656,-2.034038369671457,-2.742539654053647,-2.1410333521332374,0.0346394471259206,1.6090319700325635,-2.1187015426794,36.70305262458621,36.87153872420885,36.89279174513921,14.0,20.0,35.0,6.0,0.0,0.0,0.0,0.0,0.0,0.0,0.0,0.0,0.0,0.0
2026-06-09 08:46:32,1.3304035646633778,2.0927877207322965,-2.235765310684821,-2.5004202627798486,-2.852834360153845,2.2961838358350315,-1.4814014937814586,2.5314056290884066,37.01354185473326,36.868652244135774,36.77419042870476,14.0,20.0,35.0,6.0,0.0,0.0,0.0,0.0,0.0,0.0,0.0,0.0,0.0,0.0
2026-06-09 08:46:33,-0.4391275162934871,2.9567127984370005,0.12402269097357799,-2.365646553709688,2.6543443529076454,-0.6524478785774486,2.0944815054657786,2.3731731398624465,36.55733598966658,37.194073581030445,37.244101834207854,14.0,20.0,35.0,6.0,0.0,0.0,0.0,0.0,0.0,0.0,0.0,0.0,0.0,0.0
2026-06-09 08:46:34,1.7063124352418333,-0.14308362049797418,2.4434062863860664,-2.3774230995372663,-1.494722964447459,-2.993213500418801,2.054743226299937,1.8223047642801724,36.53756584848992,37.19326163410719,36.81693821989483,14.0,20.0,35.0,6.0,0.0,0.0,0.0,0.0,0.0,0.0,0.0,0.0,0.0,0.0
2026-06-09 08:46:36,2.6273156353120033,-0.1785959236942114,-1.7106246917862298,-1.440531228400185,1.0584970082015088,2.6087663165206045,-2.533301830776746,-1.6414577993519737,37.075672439213825,36.892376944628836,36.86303037985097,14.0,20.0,35.0,6.0,0.0,0.0,0.0,0.0,0.0,0.0,0.0,0.0,0.0,0.0
2026-06-09 08:46:37,-2.6722335769290497,-0.58756263224369,2.617037905128438,0.4813272833270785,-0.8259349759755401,2.939863164127722,0.5861715910688545,-2.2985207390261104,36.55193991898026,37.08801423337943,36.915741933860204,14.0,20.0,35.0,6.0,0.0,0.0,0.0,0.0,0.0,0.0,0.0,0.0,0.0,0.0
2026-06-09 08:46:38,1.6996032723296572,-0.6441765436690141,-0.06878709228716717,-0.3755712534923301,0.672118911399644,0.6562998379287359,0.7901858447788777,2.581530597433016,36.66742202503148,37.261134715368826,36.83518530249074,14.0,20.0,35.0,6.0,0.0,0.0,0.0,0.0,0.0,0.0,0.0,0.0,0.0,0.0
2026-06-09 08:46:40,-1.7019612101820634,-0.2800697927314566,0.5904629953051086,-1.4142875084071507,-1.5737113237962113,0.17307807957010723,-2.2223157847797177,2.9698016745230555,36.976599194215744,36.877543036260626,36.85374294671339,14.0,20.0,35.0,6.0,0.0,0.0,0.0,0.0,0.0,0.0,0.0,0.0,0.0,0.0
2026-06-09 08:46:41,-2.8625664396900925,1.712983723566924,-2.9101470195358514,-2.7018731958361846,-0.9024419305715323,-1.4227832608661262,2.387489586816095,-2.0104866536911956,36.780432513492286,36.93219998883578,36.93297263280393,14.0,20.0,35.0,6.0,0.0,0.0,0.0,0.0,0.0,0.0,0.0,0.0,0.0,0.0
2026-06-09 08:46:42,0.7449348608417852,-1.2409453980324605,-0.8292471127725625,-1.551176469326191,0.1718311418234011,-1.5726640615412364,0.942859640698094,-2.454355751225923,36.65034809476257,37.25147016043817,36.70802066703178,14.0,20.0,35.0,6.0,0.0,0.0,0.0,0.0,0.0,0.0,0.0,0.0,0.0,0.0
2026-06-09 08:46:43,-2.1221282333243074,-1.2261754214000435,0.7268286488225635,-0.14144137884096963,0.5100305305488897,-1.861763051986117,1.2337590060942567,1.7917245389912857,37.04006595300606,36.931539308788174,36.73387897225386,14.0,20.0,35.0,6.0,0.0,0.0,0.0,0.0,0.0,0.0,0.0,0.0,0.0,0.0
2026-06-09 08:46:45,-0.3106037374152977,-0.6904254499367646,-0.34614851537717417,0.5897247459056372,-1.4063377962852166,-0.2649596339863205,-2.673377608493607,1.445805828244307,37.07489446756649,36.89561085794179,36.84547835367142,14.0,20.0,35.0,6.0,0.0,0.0,0.0,0.0,0.0,0.0,0.0,0.0,0.0,0.0
2026-06-09 08:46:46,0.3072067222611792,0.015224107393622788,-2.679948913130265,-2.923645899178034,2.996154480998163,-0.17574278424149714,1.961028053954724,2.431050587898346,36.666312740935126,37.11758541758855,37.19448796905711,14.0,20.0,35.0,6.0,0.0,0.0,0.0,0.0,0.0,0.0,0.0,0.0,0.0,0.0
2026-06-09 08:46:47,1.662929689329081,1.7807927435697488,-0.9394004974151917,-1.7360290754227314,1.2362659732978267,0.12769127661127833,-1.1477443869818988,-0.8007310788887336,36.96827566720539,36.94692962658832,37.110778842184544,14.0,20.0,35.0,6.0,0.0,0.0,0.0,0.0,0.0,0.0,0.0,0.0,0.0,0.0
2026-06-09 08:46:48,-1.307321305198554,2.5120041974496017,-2.1339316756722693,-0.9469722825150093,-2.5234977995391357,-0.5481705688433891,-1.2809344102684261,-2.2214492202808334,36.97120465439873,37.26527893178578,37.01512812498068,14.0,20.0,35.0,6.0,0.0,0.0,0.0,0.0,0.0,0.0,0.0,0.0,0.0,0.0
2026-06-09 08:46:49,-2.2708037174308027,-2.6479701977630445,-2.9697372844041734,-0.16419109965346879,-1.9753614544355307,2.53320286526435,1.185086541835509,-0.5036815197719506,36.56198645345145,37.26054391734986,37.28614530576292,14.0,20.0,35.0,6.0,0.0,0.0,0.0,0.0,0.0,0.0,0.0,0.0,0.0,0.0
2026-06-09 08:46:50,-1.1705709768652508,2.0737119438665124,2.2418899304586404,0.2287078991206135,0.6623498755022368,-0.2020028588923366,0.8808063677386349,-0.5740851501936675,36.943674057993135,37.34576172581216,36.77225001793759,14.0,20.0,35.0,6.0,0.0,0.0,0.0,0.0,0.0,0.0,0.0,0.0,0.0,0.0
2026-06-09 08:46:52,-0.5591899346583102,2.4497466048231935,1.9006828276433572,-1.1494542671530166,-2.8067853013614235,0.09564974966144746,-0.23791666157681268,-0.08196202889623194,36.65440431060021,37.330393911034776,36.9648904021706,14.0,20.0,35.0,6.0,0.0,0.0,0.0,0.0,0.0,0.0,0.0,0.0,0.0,0.0
2026-06-09 08:46:53,0.9554803531302714,-0.5745712779556631,1.142320672948662,2.715941103822373,2.999168358951703,-0.9372255308254287,-0.994932687027247,0.27988034567620357,36.81693496706224,37.037308913621665,36.84915482598364,14.0,20.0,35.0,6.0,0.0,0.0,0.0,0.0,0.0,0.0,0.0,0.0,0.0,0.0
2026-06-09 08:46:54,-0.9431847349535278,-2.7823801928408347,2.455753391604553,-0.12216851613877644,-2.243236986291421,1.0443205656181265,-1.890110982654257,-0.9928209031641613,36.78678348526534,36.98748239190946,36.89233832893608,14.0,20.0,35.0,6.0,0.0,0.0,0.0,0.0,0.0,0.0,0.0,0.0,0.0,0.0
2026-06-09 08:46:55,-1.845815785738894,1.8540076131367176,-1.4697231471888803,-2.1056691223355664,2.222572583075813,-2.4858659779805996,0.32987237493191124,1.0659833931235534,36.84204331789609,37.377312227608556,36.74935840454738,14.0,20.0,35.0,6.0,0.0,0.0,0.0,0.0,0.0,0.0,0.0,0.0,0.0,0.0
2026-06-09 08:46:56,-2.5317960811274087,0.9100121110525743,0.6148332788499853,2.974937017207644,-0.9047933699468271,2.2413584528696386,2.395629344017781,-2.789824895757971,36.9141653004996,37.06500088899761,37.233849092003204,14.0,20.0,35.0,6.0,0.0,0.0,0.0,0.0,0.0,0.0,0.0,0.0,0.0,0.0
2026-06-09 08:46:57,1.5398616459851082,-2.6720773231028354,2.5499691972931178,0.239656344443552,-0.8376337914326064,-0.7981764417735482,-2.1290972197718436,-1.868154844855789,36.54417377021982,37.391761387841434,36.82961099785997,14.0,20.0,35.0,6.0,0.0,0.0,0.0,0.0,0.0,0.0,0.0,0.0,0.0,0.0
2026-06-09 08:46:59,0.8347847863046667,2.9161675863748755,0.017087502667405996,-0.4573383397299695,0.5764150212448125,2.1943480916787355,-2.4862024042985746,-2.2899039076942564,36.72333847913614,36.806387575455354,37.03962912822174,14.0,20.0,35.0,6.0,0.0,0.0,0.0,0.0,0.0,0.0,0.0,0.0,0.0,0.0
2026-06-09 08:47:00,2.865158128163399,0.5940335193080788,-1.1107659799092304,-2.242581377265349,1.357785865236373,0.2225890718649417,0.23596374999569658,-0.692447331819503,37.04589660985488,37.37537444530277,37.244191136589606,14.0,20.0,35.0,6.0,0.0,0.0,0.0,0.0,0.0,0.0,0.0,0.0,0.0,0.0
2026-06-09 08:47:01,2.1566766317544106,-2.8671622391484144,2.095965958532931,-1.7884232972946503,1.4535615329039553,-0.6817964772831413,-1.5264143535828807,-0.8914573251391307,36.596721121620114,37.01649923244965,37.280651435034954,14.0,20.0,35.0,6.0,0.0,0.0,0.0,0.0,0.0,0.0,0.0,0.0,0.0,0.0
2026-06-09 08:47:02,2.5223684524712082,2.987775367556642,-1.1745037321867249,-2.415630392515005,0.7760024941813639,-1.255992667556659,-2.4665138633995904,-2.4097193450842815,36.71745366947508,37.28123498643712,37.002774831605024,14.0,20.0,35.0,6.0,0.0,0.0,0.0,0.0,0.0,0.0,0.0,0.0,0.0,0.0
2026-06-09 08:47:04,-2.745194782258948,1.3922135698953761,-0.8929075394871235,-2.16978952675296,-1.4934032221317315,-0.6717199930835127,1.8949414064231362,-0.7135536247483705,36.82268802703658,37.3353514839015,37.27257287051928,14.0,20.0,35.0,6.0,0.0,0.0,0.0,0.0,0.0,0.0,0.0,0.0,0.0,0.0
2026-06-09 08:47:05,0.5470219993076775,0.7626134345362638,1.590792386613403,-2.3853304910621507,-0.47030792499079066,1.192844117475941,-2.9127991127331514,-0.26449696610069706,36.93590794392077,37.36525920796569,37.09968912582809,14.0,20.0,35.0,6.0,0.0,0.0,0.0,0.0,0.0,0.0,0.0,0.0,0.0,0.0
2026-06-09 08:47:06,-2.479344850526323,-2.1958194055135634,1.632121526300259,0.03502340666776327,1.1313796498446989,1.4916336185284216,-2.442810797334462,-1.7250864136372563,36.81450691555556,37.31122673567442,37.029598744605515,14.0,20.0,35.0,6.0,0.0,0.0,0.0,0.0,0.0,0.0,0.0,0.0,0.0,0.0
2026-06-09 08:47:07,-2.1797900255648957,-0.7903055331113178,-0.014667385156805324,-0.17434325942800522,1.9931795370928338,-2.7042143678821455,1.1283990448964447,1.1032812807601857,37.004059773524226,37.260269382188504,36.91995542955002,14.0,20.0,35.0,6.0,0.0,0.0,0.0,0.0,0.0,0.0,0.0,0.0,0.0,0.0
2026-06-09 08:47:08,-1.6571720800121017,0.1182369860167456,-2.1181681804287047,0.17905459471470664,-2.5236339743890444,0.9397794308322451,1.9099475814312656,-2.2921733178246964,37.03632903077918,37.229477407261946,37.24600446453725,14.0,20.0,35.0,6.0,0.0,0.0,0.0,0.0,0.0,0.0,0.0,0.0,0.0,0.0
2026-06-09 08:47:09,1.9610057224011754,-2.1900036878817435,0.803781522238376,-0.5756697743196253,2.646940381840121,-1.4825088368482497,-1.3359609223135986,-1.6608852761940065,37.057748627748616,37.135701213023474,37.1879458459884,14.0,20.0,35.0,6.0,0.0,0.0,0.0,0.0,0.0,0.0,0.0,0.0,0.0,0.0
2026-06-09 08:47:10,-2.467554168927912,-1.9727086392016986,1.5018094323759827,2.1370119127991662,2.525771563769438,1.2655319974633397,-2.529084920842964,2.2073907568498825,37.05135779546122,37.172773164461944,36.80011471736801,14.0,20.0,35.0,6.0,0.0,0.0,0.0,0.0,0.0,0.0,0.0,0.0,0.0,0.0
2026-06-09 08:47:11,0.24559396764011776,2.72716572201617,0.4382857120044803,-2.026164241313501,-2.552183433011349,2.5416045159228684,-1.13855867504066,-2.7417444984878583,36.73927971552365,37.14583134456419,36.91952950527402,14.0,20.0,35.0,6.0,0.0,0.0,0.0,0.0,0.0,0.0,0.0,0.0,0.0,0.0
2026-06-09 08:47:13,-1.9889029196915746,-0.7069046427069416,-2.615537950692657,2.414051519329062,-0.9009128856754378,2.188036451222133,-2.6325981627337534,-1.3485323880087583,36.59477424630104,36.81677501926475,37.15275985617356,14.0,20.0,35.0,6.0,0.0,0.0,0.0,0.0,0.0,0.0,0.0,0.0,0.0,0.0
2026-06-09 08:47:14,-1.3106609082954994,-1.596392649101123,2.4128649780831033,-2.65979706627333,-2.33315613395371,-1.3910348805993555,-0.22339547088974854,0.823064713497438,36.766526968283706,37.147604956906314,36.84457270050128,14.0,20.0,35.0,6.0,0.0,0.0,0.0,0.0,0.0,0.0,0.0,0.0,0.0,0.0
2026-06-09 08:47:15,0.48033093773055713,2.2568854903903866,-0.2519851797061943,-0.7485006821984355,2.1468662317945686,-1.5147711592686066,-2.820900175194489,1.1046867232753037,36.50529998662278,37.21692523269213,36.84018273719987,14.0,20.0,35.0,6.0,0.0,0.0,0.0,0.0,0.0,0.0,0.0,0.0,0.0,0.0
2026-06-09 08:47:16,-0.37033914747743424,0.8566015449223867,1.8185669001438018,-2.039479581305196,-2.8902511319041793,0.33848986769241396,-0.17454650078203304,0.10416956708510128,37.06411746727488,37.3895976413328,36.70022780125336,14.0,20.0,35.0,6.0,0.0,0.0,0.0,0.0,0.0,0.0,0.0,0.0,0.0,0.0
2026-06-09 08:47:18,0.3029493358201165,-2.267281157258415,0.13907329913164457,-0.6405704412998872,1.2305357112196393,-0.7209567909126706,0.8491493145820712,2.011947139348843,37.05319370395007,37.27202222313049,36.984696072211705,14.0,20.0,35.0,6.0,0.0,0.0,0.0,0.0,0.0,0.0,0.0,0.0,0.0,0.0
2026-06-09 08:47:19,1.567031504730246,0.21829574651764005,-2.3791922487193835,0.02491504021423019,1.4829868394375616,-2.772345019269795,-1.0911591585233624,-1.8124683106312705,37.05814163707098,36.89093069229142,37.082725380396234,14.0,20.0,35.0,6.0,0.0,0.0,0.0,0.0,0.0,0.0,0.0,0.0,0.0,0.0
2026-06-09 08:47:20,2.0328553892455448,-0.8131354335635788,-0.3343429188046638,0.6487550355223517,-1.8089945006886836,-2.1407360136478926,1.13747817078265,1.9185701771667105,36.92001559337842,36.98265861086105,37.224612267977705,14.0,20.0,35.0,6.0,0.0,0.0,0.0,0.0,0.0,0.0,0.0,0.0,0.0,0.0
2026-06-09 08:47:21,2.6347438849756912,-2.747682252664698,1.6068557565975032,-2.4361396721689728,-1.5235544550789255,-0.045735586410321716,0.5938725182296656,-0.3941134094982859,36.651779014329826,36.806782042661325,37.036143403751225,14.0,20.0,35.0,6.0,0.0,0.0,0.0,0.0,0.0,0.0,0.0,0.0,0.0,0.0
2026-06-09 08:47:22,-0.6158438526527563,-0.049818690656934006,0.07152304759235584,0.5095171621339114,-2.017225044501698,-2.344430887951865,2.221526397415949,-0.7910490366466147,37.062720330801376,37.195097846563826,36.856805143770075,14.0,20.0,35.0,6.0,0.0,0.0,0.0,0.0,0.0,0.0,0.0,0.0,0.0,0.0
2026-06-09 08:47:23,-0.7069891082857644,1.0622187146155122,-2.848556456255129,2.0586696624317806,-0.9315626787605491,-0.019480191838292527,1.5096907660269006,1.1456781178214328,36.82945199270041,37.37062478281272,36.92430879602958,14.0,20.0,35.0,6.0,0.0,0.0,0.0,0.0,0.0,0.0,0.0,0.0,0.0,0.0
2026-06-09 08:47:25,2.6353030255070067,-1.6610418722187459,1.6016056613451957,-2.9189420608400614,0.6899340075212037,-0.8231366042081625,0.18966676410284133,2.085049979995521,37.009823976935074,37.335765898510935,36.99434589865743,14.0,20.0,35.0,6.0,0.0,0.0,0.0,0.0,0.0,0.0,0.0,0.0,0.0,0.0
2026-06-09 08:47:26,-1.7546727776126017,-2.3738059321444767,1.5148268425839486,-1.4608867965270447,-2.0632670229093115,1.2672367095787838,-1.107576396172153,0.6914299397913588,36.77414489311305,37.2967553666551,36.7725705674167,14.0,20.0,35.0,6.0,0.0,0.0,0.0,0.0,0.0,0.0,0.0,0.0,0.0,0.0
2026-06-09 08:47:27,1.1403576362974874,0.9508187494964453,-1.523632552743373,0.625671680822586,0.9503385543777254,1.6930633555688743,1.198644061780021,1.3166066345769263,36.660392432088486,36.98313629998718,37.085186907181985,14.0,20.0,35.0,6.0,0.0,0.0,0.0,0.0,0.0,0.0,0.0,0.0,0.0,0.0
2026-06-09 08:47:28,-0.8246961885295359,-2.657599714332419,0.20432237325201186,-2.4436091376194486,-1.6323503983192267,-0.8011779993232588,1.331204952660923,0.5593888162420475,36.99705150079865,36.961807307881024,36.97320372270403,14.0,20.0,35.0,6.0,0.0,0.0,0.0,0.0,0.0,0.0,0.0,0.0,0.0,0.0
2026-06-09 08:47:30,0.929874696592468,0.5496256773625792,1.1707720176704797,-1.7853032969822304,2.526239217878329,-1.5492145831976,-2.4754637450013,1.5089986273406284,36.744052572820394,36.981069419179796,36.99111046589063,14.0,20.0,35.0,6.0,0.0,0.0,0.0,0.0,0.0,0.0,0.0,0.0,0.0,0.0
2026-06-09 08:47:31,0.9077150605382673,-1.8724304405818382,-1.7556701571983333,0.30918468988640857,2.694174518653946,0.40451439325954475,-0.4768247096086924,2.2379439814862785,36.62102384119487,36.914822004459914,37.17937888306201,14.0,20.0,35.0,6.0,0.0,0.0,0.0,0.0,0.0,0.0,0.0,0.0,0.0,0.0
2026-06-09 08:47:32,2.6165540155339624,-1.1388272433792257,0.44981194293037685,-2.7523845439542054,-0.6510373610950433,1.0677204149875603,-1.6093799805103353,2.3434303248855644,36.52716697666006,37.08709062833452,36.95820370590481,14.0,20.0,35.0,6.0,0.0,0.0,0.0,0.0,0.0,0.0,0.0,0.0,0.0,0.0
2026-06-09 08:47:33,0.0073516157406805505,-0.3069304328649989,-0.24052355642991063,-1.2551401171622245,-1.0026677583789771,-1.9525677672540598,0.9977818318068312,2.6164363765555123,36.980116326737495,37.29306237112512,36.85089604891656,14.0,20.0,35.0,6.0,0.0,0.0,0.0,0.0,0.0,0.0,0.0,0.0,0.0,0.0
2026-06-09 08:47:35,-2.8667054599747637,2.507267227185878,-0.8545515795891898,1.2313746096845577,-0.024182325362128054,-1.3134520127921652,-2.6651147705305993,-0.6936894561234657,37.01415924807116,37.114519449929595,37.03424822280459,14.0,20.0,35.0,6.0,0.0,0.0,0.0,0.0,0.0,0.0,0.0,0.0,0.0,0.0
2026-06-09 08:47:36,-0.40549812138453767,-0.8751392115168297,2.9842544689460713,1.9793079018402437,-2.684560622819114,0.8581052526467197,-1.6891975208071235,1.8867534709321179,36.67068652328221,37.31646279132863,37.27045473841201,14.0,20.0,35.0,6.0,0.0,0.0,0.0,0.0,0.0,0.0,0.0,0.0,0.0,0.0
2026-06-09 08:47:37,1.6679919412337139,-1.844582576170401,-2.520262166299588,0.9378314207644713,-0.7910815249374203,-2.1579928272200997,-1.860623058862523,-2.6690856323824215,36.92581412714551,37.283899725613686,36.72935946875987,14.0,20.0,35.0,6.0,0.0,0.0,0.0,0.0,0.0,0.0,0.0,0.0,0.0,0.0
2026-06-09 08:47:38,-0.4735018786005556,1.8232254654955433,0.14266666569746977,2.1521264262765296,0.5481201559230495,-0.8215217989189885,-2.032166042443607,-2.3469914796683438,36.77178627616457,36.8369464124427,36.860031776688125,14.0,20.0,35.0,6.0,0.0,0.0,0.0,0.0,0.0,0.0,0.0,0.0,0.0,0.0
2026-06-09 08:47:39,1.5704511129256886,0.7059316747398978,-2.4035039925504034,-1.0377595870923106,1.0305331664130275,0.8490431260602413,-0.020769601145800287,1.1473949660106264,36.595207154850385,37.07002574427645,37.26419376589491,14.0,20.0,35.0,6.0,0.0,0.0,0.0,0.0,0.0,0.0,0.0,0.0,0.0,0.0
2026-06-09 08:47:40,2.608853640105375,-1.7443676766804501,-0.4395756450043766,-1.3814104888831151,-1.940423119054471,-1.9148149812682023,-0.9796323722832945,1.7452123863900892,37.06072640979467,37.0013474471344,36.79978505799047,14.0,20.0,35.0,6.0,0.0,0.0,0.0,0.0,0.0,0.0,0.0,0.0,0.0,0.0
2026-06-09 08:47:41,-1.0056507555746423,-2.0857908806141157,-1.3141142474541936,0.7373639794989661,-2.9613299368449906,1.3712001228855648,1.312235282050457,-2.229260920570829,36.668696440758126,36.96901737790236,37.2900149267094,14.0,20.0,35.0,6.0,0.0,0.0,0.0,0.0,0.0,0.0,0.0,0.0,0.0,0.0
2026-06-09 08:47:42,-1.0632601463646663,1.790762650014381,-0.8141254146367025,-0.6618775924560838,-2.256269152122737,-1.5181807869313273,1.32597079944538,-2.653411491734887,36.95632679379688,37.07220484241345,37.24571049260168,14.0,20.0,35.0,6.0,0.0,0.0,0.0,0.0,0.0,0.0,0.0,0.0,0.0,0.0
2026-06-09 08:47:44,-0.3469834913536811,2.975835594889375,1.3102844245961034,-1.7288168063837295,-1.5000975916184671,2.869048369618868,-0.9775119248347615,1.7848493638748177,36.50229017646049,37.34379023663679,37.270827837163225,14.0,20.0,35.0,6.0,0.0,0.0,0.0,0.0,0.0,0.0,0.0,0.0,0.0,0.0
2026-06-09 08:47:45,-2.390587891003851,1.107924394866835,-0.7252161943691142,2.9062303155080267,2.6913825768891355,-0.5366602659511468,-0.7239248350992122,2.652641776385205,36.863269115783446,36.91788352210489,37.298466549240594,14.0,20.0,35.0,6.0,0.0,0.0,0.0,0.0,0.0,0.0,0.0,0.0,0.0,0.0
2026-06-09 08:47:46,-2.2270619477577283,2.2942712376329064,-1.9067878928551425,-2.463757184698653,-2.919707643680634,-0.8977569014186777,-1.1054695117791096,-0.751488437392843,36.79670048251068,37.23934239442457,36.705428189778985,14.0,20.0,35.0,6.0,0.0,0.0,0.0,0.0,0.0,0.0,0.0,0.0,0.0,0.0
2026-06-09 08:47:48,-0.4876866348092923,-2.630307703306503,-1.380511373705444,0.17994097208284732,2.832557183243363,-1.2057596298427966,-1.938981167055503,-0.22238788977966628,36.632436681647775,37.02916139182922,37.25866444791316,14.0,20.0,35.0,6.0,0.0,0.0,0.0,0.0,0.0,0.0,0.0,0.0,0.0,0.0
2026-06-09 08:47:49,1.777763875563843,1.7388118555955598,-2.0058366430371946,1.9608019039485516,-1.2283157683187413,-0.1322797382414409,-0.2369462629377388,1.820078650559278,36.86907639080082,37.107749722766556,36.91476825737998,14.0,20.0,35.0,6.0,0.0,0.0,0.0,0.0,0.0,0.0,0.0,0.0,0.0,0.0
2026-06-09 08:47:50,-1.9792081078642365,-0.8091915910012073,0.3861890524593079,-1.781652515547437,-0.27283240446028856,-1.5966082381178932,0.736393738144641,0.17272625861464297,37.08139986490346,37.16595258334347,36.902178589762194,14.0,20.0,35.0,6.0,0.0,0.0,0.0,0.0,0.0,0.0,0.0,0.0,0.0,0.0
2026-06-09 08:47:51,-1.329212058308204,-2.009361166778244,-0.34502529023269,-2.9650676616516294,0.8917045615250183,-1.1005434430741368,-1.7985641930777518,-1.905256436879727,36.86103113005631,37.33901805507197,36.723937255795605,14.0,20.0,35.0,6.0,0.0,0.0,0.0,0.0,0.0,0.0,0.0,0.0,0.0,0.0
2026-06-09 08:47:52,2.0225994828154334,-2.481498406778367,2.9354960946702002,-0.8562492301125966,2.3456854910426035,1.5381931040156855,-1.951830910307705,-0.9518809832554043,37.03434275881773,37.27027294710546,36.80759101578067,14.0,20.0,35.0,6.0,0.0,0.0,0.0,0.0,0.0,0.0,0.0,0.0,0.0,0.0
2026-06-09 08:47:53,-0.09967229477989381,0.08668308585210616,1.375147700605778,-2.1256985563881976,-2.5777050630307925,-0.20925952094349398,0.3477468388362066,0.9827528990926622,37.02804915588356,37.19784518630426,36.76376852184661,14.0,20.0,35.0,6.0,0.0,0.0,0.0,0.0,0.0,0.0,0.0,0.0,0.0,0.0
2026-06-09 08:47:54,-0.3509118895289034,-0.32783936099161926,0.7462249183112615,0.39904626612964567,-2.6381593820678035,-1.5468254745934709,-2.2085562302924817,2.0684251146719568,36.962982895661106,37.34288727124499,36.78408128541486,14.0,20.0,35.0,6.0,0.0,0.0,0.0,0.0,0.0,0.0,0.0,0.0,0.0,0.0
2026-06-09 08:47:55,0.5099573085494322,0.16176108953502277,-2.4483659341504165,2.3595204379597945,0.8153386472057211,-2.967216821826659,-0.34919575268504177,-0.8907326044983508,36.77429551382751,36.89141320283661,37.01391757191661,14.0,20.0,35.0,6.0,0.0,0.0,0.0,0.0,0.0,0.0,0.0,0.0,0.0,0.0
2026-06-09 08:47:56,2.7098685394260738,-2.577715286506769,-2.4524277475832448,-0.8775151250995705,-2.2901607892984526,0.9960594900955764,-2.5227130008113954,2.96408686608131,36.54087436247275,37.297237353132466,37.2223430345016,14.0,20.0,35.0,6.0,0.0,0.0,0.0,0.0,0.0,0.0,0.0,0.0,0.0,0.0
2026-06-09 08:47:58,0.05784861643274386,-0.7437471307861436,1.1432550119422507,1.2504811503908062,1.1692546081262902,1.6925522754174027,-0.004123883896896441,-0.42518895128746514,36.925845661085276,37.380012160222016,37.17126687755764,14.0,20.0,35.0,6.0,0.0,0.0,0.0,0.0,0.0,0.0,0.0,0.0,0.0,0.0
2026-06-09 08:47:59,-0.9110554839591032,0.31087825125894497,0.10160178215246107,-2.5315340748726216,-1.924639240985766,2.6322255549339104,0.26397976329252426,0.5085319077260682,36.55385693382393,37.12506528563447,37.08939868341925,14.0,20.0,35.0,6.0,0.0,0.0,0.0,0.0,0.0,0.0,0.0,0.0,0.0,0.0
2026-06-09 08:48:00,-0.5914590155650199,-0.7155754653604642,2.663783579968378,1.8489995438182483,0.7204083889854269,1.1716399677991056,-2.64209826773074,2.4706141782887556,37.03705360140548,37.05858176119968,36.95977411568902,14.0,20.0,35.0,6.0,0.0,0.0,0.0,0.0,0.0,0.0,0.0,0.0,0.0,0.0
2026-06-09 08:48:01,-0.5613469203661512,0.7263258656050411,1.4148593306991941,-0.03124852674622458,-1.6972404794996485,-2.86837446227989,2.677007557156081,-2.695168412206219,36.64042664773583,37.21924187701442,37.18500895320732,14.0,20.0,35.0,6.0,0.0,0.0,0.0,0.0,0.0,0.0,0.0,0.0,0.0,0.0
2026-06-09 08:48:02,0.16140703267986467,0.8329961775284289,-1.0070697274474962,0.2589148916409707,-2.9680024819716677,-0.6416779604775193,1.081445833953838,2.008834276391589,36.57692293286504,37.151987704074784,37.29464465197966,14.0,20.0,35.0,6.0,0.0,0.0,0.0,0.0,0.0,0.0,0.0,0.0,0.0,0.0
2026-06-09 08:48:03,-0.7323500953757636,1.0990973814201723,-2.2578981546772363,-0.7664004041645383,0.6971032327611919,-2.0262686921156563,-1.564955920148913,-2.345623662848477,36.63595013156782,37.00731038716454,36.73776294799211,14.0,20.0,35.0,6.0,0.0,0.0,0.0,0.0,0.0,0.0,0.0,0.0,0.0,0.0
2026-06-09 08:48:04,1.2389934781741863,2.5512115546590985,1.071199828721701,-1.2754913687164335,-2.320327677613964,1.7846870263430548,1.5000962600832306,1.8549183790419752,36.516752970912805,36.93172070160447,36.82477079326699,14.0,20.0,35.0,6.0,0.0,0.0,0.0,0.0,0.0,0.0,0.0,0.0,0.0,0.0
2026-06-09 08:48:05,-2.037462708126709,-2.721704101538786,0.500663449566134,1.1479093941145386,-0.06802099688568752,0.9977456399099927,2.571454792644877,-0.5683244573558106,37.01510989254773,36.92150306700895,36.886770460687956,14.0,20.0,35.0,6.0,0.0,0.0,0.0,0.0,0.0,0.0,0.0,0.0,0.0,0.0
2026-06-09 08:48:06,-0.7942773428310232,-1.8798727546136238,-1.152167863053687,2.1322795526796776,0.4777118550478101,-0.054474857631105156,-1.8088599191727388,2.373791980685941,36.90645049372676,37.24523377250497,36.811366306330015,14.0,20.0,35.0,6.0,0.0,0.0,0.0,0.0,0.0,0.0,0.0,0.0,0.0,0.0
2026-06-09 08:48:07,-0.8111452495767857,-1.3536687197225938,0.3457425735794333,1.591989806811359,0.5614208521802135,0.018237178373009755,0.22403231500803678,-2.3561241511407305,36.717549328369934,36.933871944485986,37.03011038085733,14.0,20.0,35.0,6.0,0.0,0.0,0.0,0.0,0.0,0.0,0.0,0.0,0.0,0.0
2026-06-09 08:48:08,-0.48567828625897036,-2.2128029761534997,1.24669757406176,-1.724143402887057,-0.9142399393031511,1.2404457589368478,-0.004598332825147544,0.5605948982799243,36.59411815798916,36.9439308380909,37.22508146969011,14.0,20.0,35.0,6.0,0.0,0.0,0.0,0.0,0.0,0.0,0.0,0.0,0.0,0.0
2026-06-09 08:48:10,-2.535781917747001,-1.219317657331671,-1.5323885223232614,2.5318127027923873,-2.6948407133839307,-2.086638709397716,-1.1177365095354823,-2.9099183875367114,36.83618461743757,36.91581107302209,37.196892284190405,14.0,20.0,35.0,6.0,0.0,0.0,0.0,0.0,0.0,0.0,0.0,0.0,0.0,0.0
2026-06-09 08:48:11,-0.10972629524339172,-2.032727962519802,1.2537504301729046,-2.6148679614347623,-1.3217548285371714,0.578957296445294,-2.3581172915441444,-0.8043340280195661,37.0262943542951,36.81114684686364,37.01999532687497,14.0,20.0,35.0,6.0,0.0,0.0,0.0,0.0,0.0,0.0,0.0,0.0,0.0,0.0
2026-06-09 08:48:12,0.4018056433509156,-1.563334060142173,-1.1809890435676784,-1.6518160618028017,-1.1672327721413913,-1.5362918695427399,0.8302728811697357,-1.0455254874814501,36.61280915800817,36.988928624439495,37.22966723201244,14.0,20.0,35.0,6.0,0.0,0.0,0.0,0.0,0.0,0.0,0.0,0.0,0.0,0.0
2026-06-09 08:48:13,2.939781088090138,-2.5274166569472793,1.1425725908462088,1.8373542795731854,0.7544722968861972,0.6341229716831571,-1.712616180185011,2.082134360715048,36.89876978449728,37.38511837075747,37.154636830558054,14.0,20.0,35.0,6.0,0.0,0.0,0.0,0.0,0.0,0.0,0.0,0.0,0.0,0.0
2026-06-09 08:48:14,-1.9510132612320648,2.4565934137530157,1.2829550816222577,0.1544923794317179,1.294617869726185,2.3613025604428426,-2.3837838803608022,-0.6119325268832934,36.71659172637994,36.97384582824169,37.24637998482324,14.0,20.0,35.0,6.0,0.0,0.0,0.0,0.0,0.0,0.0,0.0,0.0,0.0,0.0
2026-06-09 08:48:16,-1.0695836460985224,-2.8956248466631633,2.699221801513282,-1.0900311163914314,1.7491242442293569,-1.1219614618793543,1.9955977688965465,-2.9030092091665978,36.78712540916331,37.09838465760441,37.04020028993403,14.0,20.0,35.0,6.0,0.0,0.0,0.0,0.0,0.0,0.0,0.0,0.0,0.0,0.0
2026-06-09 08:48:17,2.7125624482748734,2.168520872910797,2.2924124603169904,0.3398397478314461,1.8806552412820547,-1.5270328465684462,-2.172898932515313,2.5915012344326813,36.80967573856123,37.248510750881685,37.076649933672414,14.0,20.0,35.0,6.0,0.0,0.0,0.0,0.0,0.0,0.0,0.0,0.0,0.0,0.0
2026-06-09 08:48:18,2.2692893116906845,0.6026574507493292,1.6673732227881501,1.6776498694379622,0.9061184359568086,-2.5799396211874552,-0.183809738655051,1.857008968248417,36.97437133859715,37.03705530876122,37.13712804317734,14.0,20.0,35.0,6.0,0.0,0.0,0.0,0.0,0.0,0.0,0.0,0.0,0.0,0.0
2026-06-09 08:48:19,-0.7043350868436589,0.5644015326565688,-1.833322045889396,-1.2449269570961548,-2.9077614473203113,1.968542792732018,2.9200517274196054,0.07423238261016651,36.97876412891658,36.94474487449278,36.99276746480315,14.0,20.0,35.0,6.0,0.0,0.0,0.0,0.0,0.0,0.0,0.0,0.0,0.0,0.0
2026-06-09 08:48:20,-2.4091973076843853,-1.246983791738299,-0.4043924872372626,-2.015653516329411,-1.8517322842225452,-0.07656560718431349,1.0596736165525282,1.4118772082817186,36.77523399235213,37.0345079298826,36.992761014283886,14.0,20.0,35.0,6.0,0.0,0.0,0.0,0.0,0.0,0.0,0.0,0.0,0.0,0.0
2026-06-09 08:48:22,-0.241567944193533,-2.224534198642035,2.929615624418112,-2.101005812183716,1.5614835069628183,2.1137899785346006,1.302395055774448,2.5157951025666003,37.06220742690932,37.16180063054637,36.80165384441971,14.0,20.0,35.0,6.0,0.0,0.0,0.0,0.0,0.0,0.0,0.0,0.0,0.0,0.0
2026-06-09 08:48:23,1.6851343468133795,1.7263289969274211,1.544517284263284,-0.2586262748636958,-2.963275167417541,-2.8932418051611926,1.313135886717987,-1.2368329823332902,37.000280719984886,37.3857596735456,36.8751071530008,14.0,20.0,35.0,6.0,0.0,0.0,0.0,0.0,0.0,0.0,0.0,0.0,0.0,0.0
2026-06-09 08:48:24,-1.4903124630409483,-2.7913233326004447,1.779758080086749,-2.9123560861560387,0.5734315730108399,2.9300404426930795,-1.1345350417617932,0.9063861248165206,36.55224963396251,36.89492140985562,36.9105424596388,14.0,20.0,35.0,6.0,0.0,0.0,0.0,0.0,0.0,0.0,0.0,0.0,0.0,0.0
2026-06-09 08:48:25,-2.418268347772657,-2.0480834546181432,0.9662407848861592,-0.38374673518140767,-2.4601603898219513,0.08905217634667295,-1.1794572890145143,-2.51937646323747,36.942324745246296,37.338048670329,37.10152742236644,14.0,20.0,35.0,6.0,0.0,0.0,0.0,0.0,0.0,0.0,0.0,0.0,0.0,0.0
2026-06-09 08:48:26,2.698377890172633,2.59282018571335,1.9716496187840287,-2.9930672281352457,-1.0465952435553485,1.5291430323302038,-2.8322277747497404,2.9652298947401086,36.99525385361498,36.81443281286005,36.86033507373402,14.0,20.0,35.0,6.0,0.0,0.0,0.0,0.0,0.0,0.0,0.0,0.0,0.0,0.0
2026-06-09 08:48:27,-2.8607091375525173,-1.2311457898723868,1.7464272019000475,1.0398898754567085,-1.8439981281975697,-1.3035277421502514,-2.6860223212145207,0.44364181458555585,36.791211729096155,36.89126650696294,37.298937347016825,14.0,20.0,35.0,6.0,0.0,0.0,0.0,0.0,0.0,0.0,0.0,0.0,0.0,0.0
2026-06-09 08:48:28,1.1575956058370025,2.631988386665098,0.40417151282080077,2.1458710780206722,0.8338905520940969,-1.578276993432473,-2.307987294211551,-1.0522561981818888,37.01586135643724,37.369768140039774,37.12961021144098,14.0,20.0,35.0,6.0,0.0,0.0,0.0,0.0,0.0,0.0,0.0,0.0,0.0,0.0
2026-06-09 08:48:29,-2.9332092806567687,-2.5695167373875805,-1.8845485593424633,-1.8592952500135262,-1.0564725960602115,1.0527969566206732,1.4906378184358067,2.556604567191929,36.78566073622954,36.899977721007744,36.966719718701384,14.0,20.0,35.0,6.0,0.0,0.0,0.0,0.0,0.0,0.0,0.0,0.0,0.0,0.0
2026-06-09 08:48:31,2.9691497280921944,2.1881217521200016,-1.87246929356372,0.908931159653438,-2.6504996577886395,2.801587095262062,-2.4086615515699528,-1.8009243589208879,36.83709036218729,36.9950826270115,36.82986331524301,14.0,20.0,35.0,6.0,0.0,0.0,0.0,0.0,0.0,0.0,0.0,0.0,0.0,0.0
2026-06-09 08:48:32,1.5614626263060645,2.278209857094966,-0.7075248442037023,-0.11380133766516876,1.2010577737580928,2.9870641071964776,-0.43084871681540715,-2.2832683887329024,36.50728481385756,37.38930496765998,36.724481654710736,14.0,20.0,35.0,6.0,0.0,0.0,0.0,0.0,0.0,0.0,0.0,0.0,0.0,0.0
2026-06-09 08:48:33,0.4330601860729155,1.327799442154289,-1.0671664353796273,0.5497777445484657,-2.172231341997699,1.3598455109832894,-0.24399841807864409,0.7629991098009326,36.74210299706656,37.12609903438426,36.87987701442877,14.0,20.0,35.0,6.0,0.0,0.0,0.0,0.0,0.0,0.0,0.0,0.0,0.0,0.0
2026-06-09 08:48:35,0.162835592264714,1.700776739072893,1.74433948326495,1.8370113964974149,2.3391620957698347,2.7670524199018303,-1.419710552204908,2.876671940898598,37.060844401927476,37.23855195176588,36.983533227547376,14.0,20.0,35.0,6.0,0.0,0.0,0.0,0.0,0.0,0.0,0.0,0.0,0.0,0.0
2026-06-09 08:48:36,1.6147741836267882,1.4775640741129141,0.6424222171748362,-2.6356001468681862,0.6549935425658084,0.7551503149077705,-1.1764643150247622,-2.3129900862783153,36.730650323730195,37.06353392422479,36.98564518940492,14.0,20.0,35.0,6.0,0.0,0.0,0.0,0.0,0.0,0.0,0.0,0.0,0.0,0.0
2026-06-09 08:48:37,-1.074914864054728,0.5316450167820741,-2.2865716332970774,-0.3512508586903098,-0.6150799407254564,0.21001175362791002,0.7122784988597184,-2.3462554198732666,36.58005375831394,37.08975921090972,37.21451884080998,14.0,20.0,35.0,6.0,0.0,0.0,0.0,0.0,0.0,0.0,0.0,0.0,0.0,0.0
2026-06-09 08:48:38,-0.1104740120530483,-1.2351042336047267,-2.6699108696928358,-1.1504415420326557,1.8708431834497317,0.5372153264545458,2.157173191005172,1.459191452784106,36.866859420103125,37.08078232578809,37.10674536136982,14.0,20.0,35.0,6.0,0.0,0.0,0.0,0.0,0.0,0.0,0.0,0.0,0.0,0.0
2026-06-09 08:48:39,-0.7051311872284245,-1.8998210055265494,0.8458719168343558,2.299687274518682,-1.6658660326687267,0.2811394609819451,2.624567912643654,2.4885609563375253,36.648439918398076,37.35530780408639,37.05826681097016,14.0,20.0,35.0,6.0,0.0,0.0,0.0,0.0,0.0,0.0,0.0,0.0,0.0,0.0
2026-06-09 08:48:40,-1.404777249690636,1.5787065051691531,1.3373873906368487,-0.7749904430664167,0.5084659258706861,-1.1320224493119633,1.6294433766965204,-0.5896899439562651,36.66805733071411,37.18835249623439,37.169532474391794,14.0,20.0,35.0,6.0,0.0,0.0,0.0,0.0,0.0,0.0,0.0,0.0,0.0,0.0
2026-06-09 08:48:42,-0.2757979801395134,-0.5873746286211015,0.2876142777612296,0.5305831834866002,0.9429135381644262,0.3381499774540506,-0.22098060125817742,-2.559148010852967,36.96271839716322,36.99094049822013,37.11208401428315,14.0,20.0,35.0,6.0,0.0,0.0,0.0,0.0,0.0,0.0,0.0,0.0,0.0,0.0
2026-06-09 08:48:43,0.9959569437670703,-2.6355921293929474,-0.2586266113326392,0.46879527407927757,-1.996778073192275,1.4559522616757397,2.497258142107139,1.154529922354512,36.92238251362867,36.91237789087411,37.186241308225455,14.0,20.0,35.0,6.0,0.0,0.0,0.0,0.0,0.0,0.0,0.0,0.0,0.0,0.0
2026-06-09 08:48:44,-2.249587206187384,2.9918339609036355,-0.8895848414535337,-0.7946100092913673,0.33938189795492635,-2.8141398145579375,0.793627804329097,-0.0892663430684486,36.71506888918054,37.23356114606114,36.71739073088502,14.0,20.0,35.0,6.0,0.0,0.0,0.0,0.0,0.0,0.0,0.0,0.0,0.0,0.0
2026-06-09 08:48:46,0.9098020544124754,0.8097647770511212,1.5575770575409695,1.1214585828316679,0.01348809699586484,1.7110442805676893,-2.2382747524799274,-2.726259614796412,36.96796540207179,36.93889238782885,37.194237452137166,14.0,20.0,35.0,6.0,0.0,0.0,0.0,0.0,0.0,0.0,0.0,0.0,0.0,0.0
2026-06-09 08:48:47,0.8929752300294096,-0.61169826392431,2.644679947251915,1.2972864485205848,-1.8331967434192702,-1.619619356482132,2.524853272345844,-2.05396605937993,36.85182648167024,37.26338311411155,36.709348401655745,14.0,20.0,35.0,6.0,0.0,0.0,0.0,0.0,0.0,0.0,0.0,0.0,0.0,0.0
2026-06-09 08:48:48,-1.042586520216982,-2.805372246593974,-2.693937254922825,-1.9962379543911892,-1.7334576415791727,-2.5497687494788064,0.5244022720943202,1.03644909415347,36.61678373553028,36.99794469837668,36.87790831687643,14.0,20.0,35.0,6.0,0.0,0.0,0.0,0.0,0.0,0.0,0.0,0.0,0.0,0.0
2026-06-09 08:48:49,2.128798209295468,-1.7765276741395402,-2.8274693455773368,1.8387253899764762,0.13460049348135028,2.4441584000475522,-0.8261637710377427,0.9817748105400499,36.637247986373374,36.89665943743084,36.70563228911494,14.0,20.0,35.0,6.0,0.0,0.0,0.0,0.0,0.0,0.0,0.0,0.0,0.0,0.0
2026-06-09 08:48:51,0.35851524485506037,1.633963307053099,-1.8357211630250168,1.7972456426640466,-1.979160970023988,-1.709269235199723,-2.315363525077468,-1.1664537778691586,36.79582818292591,36.95967577476563,36.88096775721187,14.0,20.0,35.0,6.0,0.0,0.0,0.0,0.0,0.0,0.0,0.0,0.0,0.0,0.0
2026-06-09 08:48:52,-2.8080264744968444,2.0497034643571688,-1.9914404270144832,-2.7443384831344866,-1.1863171365427407,2.565792581544301,-1.6011926975814164,0.8279915249503307,36.804750067539395,37.02907248729644,36.96567788128475,14.0,20.0,35.0,6.0,0.0,0.0,0.0,0.0,0.0,0.0,0.0,0.0,0.0,0.0
2026-06-09 08:48:53,-1.1873007835697988,-1.6984739790651913,-1.5348012589878388,-0.6569280189914299,2.1940458139054293,1.1527826792657665,0.5453574691618996,-2.023715174310863,37.09950219955495,37.04912474109912,37.03603180354122,14.0,20.0,35.0,6.0,0.0,0.0,0.0,0.0,0.0,0.0,0.0,0.0,0.0,0.0
2026-06-09 08:48:54,0.5625207562334671,-0.650109578916914,1.6731976339729382,1.8041351573535493,2.6938531947907043,-1.7366895704677827,0.38628563903218005,-0.743572682859114,36.94811326791245,37.21127833221474,37.03980656010551,14.0,20.0,35.0,6.0,0.0,0.0,0.0,0.0,0.0,0.0,0.0,0.0,0.0,0.0
2026-06-09 08:48:56,-0.15431346326579254,2.9293295447258405,-2.4627449867067797,1.4917273690911834,-0.6444804707394103,1.9649899109435154,1.3719143486436245,-1.154581768515111,36.87602380587317,37.188863606961505,37.2512289338566,14.0,20.0,35.0,6.0,0.0,0.0,0.0,0.0,0.0,0.0,0.0,0.0,0.0,0.0
2026-06-09 08:48:57,0.013286881100521342,1.783088726737037,2.7282043768141166,0.5137632842887596,2.881806278758103,-0.6482001611305321,-0.8777438150501173,-1.0288356387105646,36.69707236493259,36.87707265914876,36.74015171426132,14.0,20.0,35.0,6.0,0.0,0.0,0.0,0.0,0.0,0.0,0.0,0.0,0.0,0.0
2026-06-09 08:48:58,1.860093697834344,-0.9596542538865158,-0.036407205784115604,0.5145546781984809,-2.171821643489433,-1.4013672304893992,-2.84272337735029,2.4218554096966596,36.93357689839679,37.04805432220519,36.81538023949492,14.0,20.0,35.0,6.0,0.0,0.0,0.0,0.0,0.0,0.0,0.0,0.0,0.0,0.0
2026-06-09 08:48:59,1.0059577972957463,-2.630221767272367,-0.9973807272038351,2.9210408283102325,-0.8939401587858784,-1.9426671589366764,-0.6590066748116321,2.056447411024239,36.79730390525754,37.047369877477834,36.7420724281361,14.0,20.0,35.0,6.0,0.0,0.0,0.0,0.0,0.0,0.0,0.0,0.0,0.0,0.0
2026-06-09 08:49:00,-2.6427535242748283,-1.452467498223729,-2.221680004525337,-0.18514665988236212,1.510382749036994,-0.6752182898586425,-1.8961686785062737,-1.5696703184637395,36.883655886114575,36.81864822715491,37.085165688007216,14.0,20.0,35.0,6.0,0.0,0.0,0.0,0.0,0.0,0.0,0.0,0.0,0.0,0.0
2026-06-09 08:49:01,0.5977982784088671,-2.817437532646161,2.689673897024293,-2.927707456378181,-2.651938286950057,-1.7363577076154428,0.3719137121762275,2.310315588940645,36.98497249095263,37.078137249196814,37.24760906572701,14.0,20.0,35.0,6.0,0.0,0.0,0.0,0.0,0.0,0.0,0.0,0.0,0.0,0.0
2026-06-09 08:49:02,0.5414513872738,-2.5202680436756015,-2.875465922287672,1.122760220983034,-1.710917999012633,-1.880676590170288,-0.183117873025628,-1.0412476936133626,36.758534542092576,37.07061034479284,36.88869106021198,14.0,20.0,35.0,6.0,0.0,0.0,0.0,0.0,0.0,0.0,0.0,0.0,0.0,0.0
2026-06-09 08:49:04,2.839676548226624,-0.3869578481603062,1.1114563086826692,-2.7330255521884625,0.6650330510040874,-2.4021671969691156,-0.5908561231408069,-2.338459365648747,36.64119071485145,37.353355866464106,37.218368144260516,14.0,20.0,35.0,6.0,0.0,0.0,0.0,0.0,0.0,0.0,0.0,0.0,0.0,0.0
2026-06-09 08:49:05,2.355255084545166,-0.9304300360292217,-0.2708225206550292,-0.5618763992447593,2.919847195437173,-0.3470820568248518,-1.3952344830603374,-0.7496134220330575,36.76668435441176,36.92773469820954,36.73106712140344,14.0,20.0,35.0,6.0,0.0,0.0,0.0,0.0,0.0,0.0,0.0,0.0,0.0,0.0
2026-06-09 08:49:06,2.214170444725296,-0.4895176209827934,-1.5083939185132103,0.3550284543396751,-1.0790822092387575,-0.9543027493707408,-1.4638922267150636,-1.9652648079245496,36.56292504210381,36.85335892713511,37.11410335927769,14.0,20.0,35.0,6.0,0.0,0.0,0.0,0.0,0.0,0.0,0.0,0.0,0.0,0.0
2026-06-09 08:49:08,-0.9628231205839501,-0.3919191045358552,-0.09043383683076733,0.28156409140418326,2.149639392940994,2.61024541513416,1.8704815391175726,-1.2472550094564885,36.86087150004049,37.07391106723066,37.019114179601466,14.0,20.0,35.0,6.0,0.0,0.0,0.0,0.0,0.0,0.0,0.0,0.0,0.0,0.0
2026-06-09 08:49:09,-1.522898527649101,0.7995013917807823,0.12201844548816165,1.8963851861460093,-2.923655163745272,-1.5292703264615877,0.9195036064112134,1.8810154983553753,36.79239914718231,37.10496850001747,37.1253443961929,14.0,20.0,35.0,6.0,0.0,0.0,0.0,0.0,0.0,0.0,0.0,0.0,0.0,0.0
2026-06-09 08:49:10,1.5311350241542074,1.3118751439568772,0.6679138359614099,2.1579117413762,-0.6803052032994934,-1.6142216189719667,2.9584996824296956,-0.6930604212076457,36.77567704313597,37.09908133325031,37.055783122258646,14.0,20.0,35.0,6.0,0.0,0.0,0.0,0.0,0.0,0.0,0.0,0.0,0.0,0.0
2026-06-09 08:49:11,2.151450126785072,1.8928991022492365,0.5046266127561259,1.1821128201174904,-1.2716215831258364,-0.9646131999842193,-1.7731164622210815,-1.4407412737356884,36.93435154667325,37.39879349871917,37.25177479622896,14.0,20.0,35.0,6.0,0.0,0.0,0.0,0.0,0.0,0.0,0.0,0.0,0.0,0.0
2026-06-09 08:49:12,-1.5271802162020498,2.379597676687167,2.9170027022470872,-0.202058605490274,1.8071367465393928,-0.5445289627181977,2.835523034394596,2.9338921874067214,36.63085495650848,36.89909518127697,37.29471092491874,14.0,20.0,35.0,6.0,0.0,0.0,0.0,0.0,0.0,0.0,0.0,0.0,0.0,0.0
2026-06-09 08:49:13,2.0636305032906916,-1.132393725695019,1.9173976610604182,1.7469825696109504,-0.9297287827804719,-2.894850944997379,-2.6078560224384675,2.5086518354990135,36.55413209277717,37.392079771002294,36.754177838378524,14.0,20.0,35.0,6.0,0.0,0.0,0.0,0.0,0.0,0.0,0.0,0.0,0.0,0.0
2026-06-09 08:49:15,1.8957530628493666,1.430619924734966,-1.385085647065932,-0.4751796729609268,2.417421273754215,1.2141571594336096,-2.314206677735619,-0.25113080236499963,36.73669631408598,37.29895180876905,36.77204063148,14.0,20.0,35.0,6.0,0.0,0.0,0.0,0.0,0.0,0.0,0.0,0.0,0.0,0.0
2026-06-09 08:49:16,-2.2150827840412806,-2.6935328830890946,0.19607840182213288,-2.4531177704823985,-1.753817267834802,2.3185082836966044,-2.314212702386778,0.5314166705552399,36.91257612950806,37.110418495383364,36.919269991334126,14.0,20.0,35.0,6.0,0.0,0.0,0.0,0.0,0.0,0.0,0.0,0.0,0.0,0.0
2026-06-09 08:49:17,-1.0895776917252764,-2.9433798028945066,1.8199424385860477,0.3386756004655309,0.7230485192718965,-1.288905666386101,0.6504736586108337,1.555369886172496,36.7232541298041,37.124189178423805,37.091163366389786,14.0,20.0,35.0,6.0,0.0,0.0,0.0,0.0,0.0,0.0,0.0,0.0,0.0,0.0
2026-06-09 08:49:18,0.8150380359608738,-0.31762523788914443,-2.47675097529236,1.190725424553321,-1.9632428765848255,-2.1372165584472516,0.6717412857280074,-2.18204531362945,36.56682242615891,37.189692837859646,36.90722409083123,14.0,20.0,35.0,6.0,0.0,0.0,0.0,0.0,0.0,0.0,0.0,0.0,0.0,0.0
2026-06-09 08:49:19,-0.4572100847802041,-1.6734498607573665,-1.7622384370055848,-0.22596595492189397,-1.3607762973705761,2.9228825652810775,-1.1029428877943883,-0.5301526776787533,36.70140236800147,37.357097985560046,36.910111752345614,14.0,20.0,35.0,6.0,0.0,0.0,0.0,0.0,0.0,0.0,0.0,0.0,0.0,0.0
2026-06-09 08:49:20,-0.23331938780691264,2.983488833976507,0.6980337363663289,-2.6562498180517284,0.4574642455984308,1.6701136065770124,-0.5493376883907417,1.487984626670701,37.047821509551994,36.87128292870144,36.92892246581171,14.0,20.0,35.0,6.0,0.0,0.0,0.0,0.0,0.0,0.0,0.0,0.0,0.0,0.0
2026-06-09 08:49:21,-0.9197988270210722,-0.19092656212910386,2.923651777604693,1.3549096017210047,0.5716660799893947,-0.2988503826204987,2.459348785986837,0.7871054511308175,36.633937240911294,37.14013071292485,36.869603234392315,14.0,20.0,35.0,6.0,0.0,0.0,0.0,0.0,0.0,0.0,0.0,0.0,0.0,0.0
2026-06-09 08:49:22,1.7549391276817525,-1.189513768955594,2.8285271821257787,2.357575759399656,-0.2149628431045585,-0.2895811674297861,1.5787532312111638,-0.5214334125508078,36.997372195512995,37.27365678935052,36.847895639406595,14.0,20.0,35.0,6.0,0.0,0.0,0.0,0.0,0.0,0.0,0.0,0.0,0.0,0.0
2026-06-09 08:49:24,2.2436592411724554,0.9040032385195302,0.34626512062892534,-0.032161454365931874,2.234993043983728,1.6564882462930104,-1.516435370111883,2.9695983287011734,36.586804468184845,36.91904974004546,36.98105006865397,14.0,20.0,35.0,6.0,0.0,0.0,0.0,0.0,0.0,0.0,0.0,0.0,0.0,0.0
2026-06-09 08:49:25,-0.18272214358328842,-2.562832069249656,0.338838430212574,0.13003608498395858,1.821695030874407,2.8739415182367605,0.009021667671850864,1.7076462861460282,37.094496063274306,37.066922859718105,37.29583528848895,14.0,20.0,35.0,6.0,0.0,0.0,0.0,0.0,0.0,0.0,0.0,0.0,0.0,0.0
2026-06-09 08:49:26,1.3845707358263653,-0.7076384259905848,-2.751270188982902,0.41736408413854065,0.6971579667092156,2.3108911175990956,0.4932331021558394,0.9707570846758253,36.64777825324541,37.339889487381726,37.053879280769706,14.0,20.0,35.0,6.0,0.0,0.0,0.0,0.0,0.0,0.0,0.0,0.0,0.0,0.0
2026-06-09 08:49:27,-1.2145973581327891,0.12018779885813569,2.6524025697108122,-2.388114754882031,-0.13120193644218592,2.208681076514716,-0.815837191369142,-0.20829645229760363,36.85779361315391,36.86630372713157,37.13660081505042,14.0,20.0,35.0,6.0,0.0,0.0,0.0,0.0,0.0,0.0,0.0,0.0,0.0,0.0
2026-06-09 08:49:28,0.34435308196927394,-2.13695381994365,-1.0622185630491794,0.9395802527043875,-2.6214973598996254,-1.5069800204682968,2.3520218607588586,-1.8591216540450908,36.58644091832331,36.94176362124844,37.0614362739157,14.0,20.0,35.0,6.0,0.0,0.0,0.0,0.0,0.0,0.0,0.0,0.0,0.0,0.0
2026-06-09 08:49:29,0.31905415154957417,-1.96544357540047,-1.9772831671151494,-0.34410110393724436,2.5789253626890005,-1.9066795809703627,-2.8480082274910945,-1.051371380914955,36.66336794043757,37.261457073229906,37.00408440557463,14.0,20.0,35.0,6.0,0.0,0.0,0.0,0.0,0.0,0.0,0.0,0.0,0.0,0.0
2026-06-09 08:49:31,-0.4891576199427137,1.8485965489807183,1.0595676302525021,0.9037187400930691,-0.6580850772709228,-2.957787568546466,-2.5015479431356855,-1.6980409764620716,36.7007859369795,37.39423696704264,37.23073097834448,14.0,20.0,35.0,6.0,0.0,0.0,0.0,0.0,0.0,0.0,0.0,0.0,0.0,0.0
2026-06-09 08:49:32,-2.3126550136470305,1.6629700581259161,-2.0425955630311616,-1.9383989474179182,-2.652119751400899,1.5657364697695781,-1.3964153147733696,0.5907332989043246,37.036751006654946,37.02119820266941,37.08846909723087,14.0,20.0,35.0,6.0,0.0,0.0,0.0,0.0,0.0,0.0,0.0,0.0,0.0,0.0
2026-06-09 08:49:33,-0.582681673893588,1.9644313930427444,0.3544727887592569,-1.062726648162171,0.6759269619256223,-1.4839620966525005,-0.6782612899825757,-0.4609485140180394,36.71897721861156,37.00698865261915,37.00035741691658,14.0,20.0,35.0,6.0,0.0,0.0,0.0,0.0,0.0,0.0,0.0,0.0,0.0,0.0
2026-06-09 08:49:34,-2.364992262409619,-2.660515549781839,-0.4127576357672522,-0.6523395111833734,0.17431041769442457,-1.8194431587744997,-0.2752196533269391,-0.25859946698770786,36.744575483174415,36.87555595595324,37.12990663742121,14.0,20.0,35.0,6.0,0.0,0.0,0.0,0.0,0.0,0.0,0.0,0.0,0.0,0.0
2026-06-09 08:49:36,-0.5514769642626729,0.351257345713508,-1.4853124003668357,-2.190374538198506,-0.557468101692546,1.2546140115374573,2.314793114838529,-1.478570157112809,36.8669915634807,37.12281709254073,37.04751360921449,14.0,20.0,35.0,6.0,0.0,0.0,0.0,0.0,0.0,0.0,0.0,0.0,0.0,0.0
2026-06-09 08:49:37,-1.7772927006722818,0.2080088690927533,-0.764679545120305,2.5318168968480013,-1.9411979427679606,1.1564124447869322,2.4031940088955963,2.257352659436373,36.525767629720995,36.969008097016435,37.29991868210591,14.0,20.0,35.0,6.0,0.0,0.0,0.0,0.0,0.0,0.0,0.0,0.0,0.0,0.0
2026-06-09 08:49:38,0.29041792775583364,0.6406456213378049,1.9980963113086547,1.779359355929004,1.0893610812575965,-2.9426881007162438,-0.9981601582171136,2.3867713969602313,36.84269682398279,37.131423033627314,36.862093495581554,14.0,20.0,35.0,6.0,0.0,0.0,0.0,0.0,0.0,0.0,0.0,0.0,0.0,0.0
2026-06-09 08:49:39,-2.646174421269692,-2.7032406444727366,-1.3059558417386379,-0.2778632726747787,2.7881699749649247,0.347175535111488,0.1509393664033265,0.6515207053492813,36.825438622971106,36.951872595316644,37.023686934539164,14.0,20.0,35.0,6.0,0.0,0.0,0.0,0.0,0.0,0.0,0.0,0.0,0.0,0.0
2026-06-09 08:49:41,-1.6704588923339108,-0.8908636940182242,1.3313344520590498,-2.0054696508021532,-1.2137273105494228,-1.0082444019631178,0.6877653665605852,-0.3197573465366599,36.699746409422715,37.233392917383,37.17205244866444,14.0,20.0,35.0,6.0,0.0,0.0,0.0,0.0,0.0,0.0,0.0,0.0,0.0,0.0
2026-06-09 08:49:42,1.797383919708257,-1.459764618787959,-1.3945093814271734,-2.119895036954531,-2.0711077377275418,-0.6707199820575669,-0.825398404272093,1.9579265253078582,36.548872653850225,37.24565148172048,36.78631907496389,14.0,20.0,35.0,6.0,0.0,0.0,0.0,0.0,0.0,0.0,0.0,0.0,0.0,0.0
2026-06-09 08:49:43,-2.2750584109774215,-0.8567868075798843,0.5743841159424443,2.096362982553593,-0.7041781859560698,-0.36564957389689123,-0.010028353620147534,-0.6303808452922981,36.64794126331423,37.33573187763183,36.82676868192393,14.0,20.0,35.0,6.0,0.0,0.0,0.0,0.0,0.0,0.0,0.0,0.0,0.0,0.0
2026-06-09 08:49:44,-0.002543486888499924,0.9464138397879269,0.6973371363704794,-0.7860137614053633,0.20489481561407175,1.829729095247509,0.7903777136273549,2.589380661901794,36.973935631681144,36.856497672801,36.887118750783486,14.0,20.0,35.0,6.0,0.0,0.0,0.0,0.0,0.0,0.0,0.0,0.0,0.0,0.0
2026-06-09 08:49:45,0.805937073187136,0.36185331985624813,1.008487790403012,1.4566221907133245,-2.987558947420884,-1.7983728006685067,-2.093353841872637,-1.8700196413530765,36.96794910165688,37.215901689791245,36.899829124285304,14.0,20.0,35.0,6.0,0.0,0.0,0.0,0.0,0.0,0.0,0.0,0.0,0.0,0.0
2026-06-09 08:49:46,-2.808378209015647,-0.9695628761534629,-2.6978638896679468,-0.47374787276506725,-0.739358475148657,2.154790958292412,1.6416855067467706,-2.4713244050722034,37.07242911982575,37.1645996583143,37.279934192272854,14.0,20.0,35.0,6.0,0.0,0.0,0.0,0.0,0.0,0.0,0.0,0.0,0.0,0.0
2026-06-09 08:49:47,0.5620062025817321,1.1271747100854013,0.9464838265904723,-0.5554461361386478,1.576041464182346,0.1506484872852063,1.6873887898864464,-0.5720242111515841,36.940217634478934,37.078396000310484,37.08062751855386,14.0,20.0,35.0,6.0,0.0,0.0,0.0,0.0,0.0,0.0,0.0,0.0,0.0,0.0
2026-06-09 08:49:48,-0.7645354224616323,-1.0075775496369523,0.2166925747055095,0.8126699108078599,-1.213022889830843,-2.351693998025841,-1.5726303685493033,1.6961877357367552,37.05943503888187,36.89244999616613,37.05054815184187,14.0,20.0,35.0,6.0,0.0,0.0,0.0,0.0,0.0,0.0,0.0,0.0,0.0,0.0
2026-06-09 08:49:49,-1.185404393054335,-2.2118489583391865,-2.245966775801503,-0.4655197657514676,2.653158683855529,-1.8318276443031754,-0.6106360817593917,0.14867847018304658,36.55586167432438,37.26881006936276,36.8647141051767,14.0,20.0,35.0,6.0,0.0,0.0,0.0,0.0,0.0,0.0,0.0,0.0,0.0,0.0
2026-06-09 08:49:50,-0.1959506314400863,1.7301416209097589,0.5312783775360161,0.301989260996427,-0.3536728864493828,1.3107483992108602,-0.630098254950473,0.6027217526682973,37.06987397592822,36.84628626031862,36.87361451848872,14.0,20.0,35.0,6.0,0.0,0.0,0.0,0.0,0.0,0.0,0.0,0.0,0.0,0.0
2026-06-09 08:49:51,-1.1896766287142968,-1.1837568348834278,0.19759173612706293,-0.11778475428982293,0.14838642461223284,-0.16125036087811662,1.577229079783823,-1.1645813433090875,36.9484588030996,37.12198759416819,36.77148756823073,14.0,20.0,35.0,6.0,0.0,0.0,0.0,0.0,0.0,0.0,0.0,0.0,0.0,0.0
2026-06-09 08:49:52,-0.4159435199925996,0.951501601416239,0.555834466982005,-0.4921776387616035,-0.19652238377323705,2.995219995929184,-1.7084617586165152,-1.491327559210474,36.535074003717554,36.842677080646965,36.86186204562199,14.0,20.0,35.0,6.0,0.0,0.0,0.0,0.0,0.0,0.0,0.0,0.0,0.0,0.0
2026-06-09 08:49:53,0.28314025339355275,-0.38017575482975596,-0.8214042227827552,-0.7901400539659535,-1.1302393629614804,1.7972233833111542,-1.3812701138072392,-1.881834827622715,36.82031014739217,37.03319865016165,37.27454426277308,14.0,20.0,35.0,6.0,0.0,0.0,0.0,0.0,0.0,0.0,0.0,0.0,0.0,0.0
2026-06-09 08:49:54,-2.8024000486989613,-1.6757440445358252,1.0629571929411643,-0.79478820258185,2.0594383385027637,-1.703454375373722,2.6704243905807417,-1.1889769790967752,36.617996207376024,37.199981626709835,36.99959418500171,14.0,20.0,35.0,6.0,0.0,0.0,0.0,0.0,0.0,0.0,0.0,0.0,0.0,0.0
2026-06-09 08:49:55,2.2496609154657587,1.9728675146375902,1.411727254966296,-2.91346652136932,1.9158502459057392,2.686219708907358,-0.6181384930223315,-1.0143718832467705,37.005295886616196,36.89940657570132,36.89671465311292,14.0,20.0,35.0,6.0,0.0,0.0,0.0,0.0,0.0,0.0,0.0,0.0,0.0,0.0
2026-06-09 08:49:57,1.7703002824225305,0.7324118842886151,-1.5819289314722156,0.873159547511424,0.027802083175628933,-2.2451335965745747,2.5498434928359135,1.6422267972577114,36.787428422819765,36.96053499620253,37.161035472850834,14.0,20.0,35.0,6.0,0.0,0.0,0.0,0.0,0.0,0.0,0.0,0.0,0.0,0.0
2026-06-09 08:49:58,-1.676484163521502,-1.310199096513049,-2.281783710872878,-1.263984488091455,1.5803951820520332,-1.4611275126337435,1.9209584943403186,-1.6446600041961619,36.96598897529313,36.82791477301418,37.262472911370324,14.0,20.0,35.0,6.0,0.0,0.0,0.0,0.0,0.0,0.0,0.0,0.0,0.0,0.0
2026-06-09 08:49:59,-0.7439185386077547,-2.593234531811504,-2.003996187504031,-0.37800921672677124,-2.336972593582084,2.4047167478582914,0.1900694521527715,0.45334967885308153,37.094282020651285,37.08616100603973,37.29085836763741,14.0,20.0,35.0,6.0,0.0,0.0,0.0,0.0,0.0,0.0,0.0,0.0,0.0,0.0
2026-06-09 08:50:00,-2.361722156735496,0.6211135234028085,-0.5846743271542305,-1.2153094687650448,0.3628358726416936,-1.130765841051868,-0.6796505571141447,-1.6220381805929718,36.98430012221919,37.26608043600953,37.186158981203334,14.0,20.0,35.0,6.0,0.0,0.0,0.0,0.0,0.0,0.0,0.0,0.0,0.0,0.0
2026-06-09 08:50:02,-0.0800781861827824,-2.6240116333621457,0.25616988880315317,1.131081880831223,-0.3123979090017537,1.8041709372743693,-1.9704121068248848,-1.3259467303404064,36.82340729287341,36.94316603445568,37.03952881599429,14.0,20.0,35.0,6.0,0.0,0.0,0.0,0.0,0.0,0.0,0.0,0.0,0.0,0.0
2026-06-09 08:50:03,-0.0029007603778152813,-0.9404795022582073,-2.67369265130191,0.5387442138997551,-0.4500371878903029,-1.9582292086737871,-1.1328199008085882,2.0469479761285756,36.59034059796245,37.16360453874434,37.07936688453904,14.0,20.0,35.0,6.0,0.0,0.0,0.0,0.0,0.0,0.0,0.0,0.0,0.0,0.0
2026-06-09 08:50:04,-1.4792073079255683,-0.22382654661958945,0.25945128571096365,-1.4042888278434493,1.357486570841738,-0.12638807086207482,2.2381210061820536,-1.955809379367583,36.537527894892676,37.093258815436236,36.90631382764871,14.0,20.0,35.0,6.0,0.0,0.0,0.0,0.0,0.0,0.0,0.0,0.0,0.0,0.0
2026-06-09 08:50:06,0.2663245220279009,1.3944193432590586,-0.199570148555122,2.1021565056027054,-1.978080831385553,-0.38252426815317,-2.3726906718296608,-1.565953864211428,37.012557533524216,37.30656893750721,36.7423518250467,14.0,20.0,35.0,6.0,0.0,0.0,0.0,0.0,0.0,0.0,0.0,0.0,0.0,0.0
2026-06-09 08:50:07,-2.6973660870476603,-2.672468731862932,2.3994947748313393,-1.2463586005235263,-0.3965900468681678,2.091488444916364,-2.8987545672520305,-0.811303726408604,36.62513614240443,36.837813176103715,37.0790060351579,14.0,20.0,35.0,6.0,0.0,0.0,0.0,0.0,0.0,0.0,0.0,0.0,0.0,0.0
2026-06-09 08:50:08,-2.395248682890438,-2.3926141700396313,0.07906601524720802,-0.4520642322424471,-2.4723498101368686,-2.9239457629510883,0.5198846893772164,-1.3032923918645214,36.56435821519874,37.0846214517353,37.05679881472905,14.0,20.0,35.0,6.0,0.0,0.0,0.0,0.0,0.0,0.0,0.0,0.0,0.0,0.0
2026-06-09 08:50:09,1.217291126259509,-0.793079856292505,-0.8728062183451866,-0.8631154420683638,-1.3681910784304447,-2.1890179163323786,-0.5429421783034281,-1.3183241404209842,36.90240012326489,37.38022206151323,36.80831412912906,14.0,20.0,35.0,6.0,0.0,0.0,0.0,0.0,0.0,0.0,0.0,0.0,0.0,0.0
2026-06-09 08:50:10,-1.7507928442726923,-1.1663232210806485,1.0661597547633077,0.09417034306200156,2.438962318984138,1.1393609240316476,2.445037771007181,-0.6683650490617605,36.93023783245549,37.04248241380138,36.708381493872096,14.0,20.0,35.0,6.0,0.0,0.0,0.0,0.0,0.0,0.0,0.0,0.0,0.0,0.0
2026-06-09 08:50:11,1.6152650430171267,-0.6212538187337335,-0.3119421415884789,-2.776930173943035,-2.3021052791242993,-0.7040100012253263,2.0438801520515666,2.357279521685804,37.01995853770253,37.066151313694334,37.14883779774594,14.0,20.0,35.0,6.0,0.0,0.0,0.0,0.0,0.0,0.0,0.0,0.0,0.0,0.0
2026-06-09 08:50:13,-2.3431681746771447,2.481529199210753,-0.32236246554342696,1.5287886905150474,2.300845717103572,-1.4861235769381573,-2.814300260247589,-2.273301862404078,36.58601578556877,37.301085975898445,36.7183192436386,14.0,20.0,35.0,6.0,0.0,0.0,0.0,0.0,0.0,0.0,0.0,0.0,0.0,0.0
2026-06-09 08:50:14,-1.2722225036547548,-2.308906871958251,2.847951575069459,0.19191394905208803,-2.192501015605596,1.2033521835476604,-0.2659861232154306,1.998697386847625,36.623738020183694,37.13565204235418,36.96026143161412,14.0,20.0,35.0,6.0,0.0,0.0,0.0,0.0,0.0,0.0,0.0,0.0,0.0,0.0
2026-06-09 08:50:16,2.8034911918623733,1.839245581753759,-1.4739255907504996,1.0834130409742562,0.7719819545012436,-2.5054152563489005,-1.6062986155360548,-0.08443066109654751,37.06080692768593,37.21096396492103,37.157575073446225,14.0,20.0,35.0,6.0,0.0,0.0,0.0,0.0,0.0,0.0,0.0,0.0,0.0,0.0
2026-06-09 08:50:17,2.7794199108720523,-1.8826232097001703,0.6782804559915157,-2.2663034242602196,-2.12159172170104,2.1862427090729284,2.2046820155617866,-0.10818826959612649,36.88355842738254,37.27072668168867,36.72590824273282,14.0,20.0,35.0,6.0,0.0,0.0,0.0,0.0,0.0,0.0,0.0,0.0,0.0,0.0
2026-06-09 08:50:18,0.8419805734547312,-1.664284660888004,-1.647018519638651,0.789559188375172,1.9457098841964164,-1.6934994756455761,-0.5854760252934108,0.8081458376354345,36.918254853144624,37.11457017209191,36.88724681443208,14.0,20.0,35.0,6.0,0.0,0.0,0.0,0.0,0.0,0.0,0.0,0.0,0.0,0.0
2026-06-09 08:50:19,2.096961852282413,0.14602663451954445,-2.1806510177246414,-0.11696001776205467,0.4889786049824032,-0.1772147886226536,-1.6191443426203824,-0.966219306488957,37.01931524139297,37.148741302931455,36.870743411248675,14.0,20.0,35.0,6.0,0.0,0.0,0.0,0.0,0.0,0.0,0.0,0.0,0.0,0.0
2026-06-09 08:50:21,-2.866030610403434,0.18501530277451383,2.366542024121763,2.7506838787520023,1.3306664288166203,0.3609690800317158,1.123047471045969,-1.3307600096542138,36.77990267560702,37.26225311044353,37.05480499271794,14.0,20.0,35.0,6.0,0.0,0.0,0.0,0.0,0.0,0.0,0.0,0.0,0.0,0.0
2026-06-09 08:50:22,-2.374715756775492,0.47185850760921344,-0.36375847271619133,2.6288270499146282,2.434113432148708,-1.7388652309579102,-1.8914625190248326,0.7974712633934216,36.793074284569634,37.38369988518243,36.83822911281108,14.0,20.0,35.0,6.0,0.0,0.0,0.0,0.0,0.0,0.0,0.0,0.0,0.0,0.0
2026-06-09 08:50:23,1.742173693932492,0.477019296609428,-2.5861573171106977,-2.7368127597081844,-1.36223119656305,1.0276635116191528,2.969685497148882,2.779378368405659,36.76169515442697,37.35719009924537,37.053654716341,14.0,20.0,35.0,6.0,0.0,0.0,0.0,0.0,0.0,0.0,0.0,0.0,0.0,0.0
2026-06-09 08:50:24,0.3306209697527436,0.9867513919253801,-2.326936163953272,-2.179699193648771,-2.5619934049971285,-0.7752403312833964,0.24019587505916284,-2.5489639084843505,36.60444825354147,37.203316906765615,37.19465595377294,14.0,20.0,35.0,6.0,0.0,0.0,0.0,0.0,0.0,0.0,0.0,0.0,0.0,0.0
2026-06-09 08:50:26,-2.788272127515776,0.5823432978103122,-2.9265853619782907,-2.474383501613784,2.984685006936913,-0.4301524060965556,1.3858337358032973,-0.6612511571246831,36.60466841640312,37.322008046807014,36.85822492119273,14.0,20.0,35.0,6.0,0.0,0.0,0.0,0.0,0.0,0.0,0.0,0.0,0.0,0.0
2026-06-09 08:50:27,0.7681663756563046,0.7376317842488622,-2.6670167895009302,-0.1527997048607035,-0.3526228103920763,-2.293513017013535,0.38295225746769024,-0.7275126838779853,36.942825835512984,37.11973295062696,37.09462524716052,14.0,20.0,35.0,6.0,0.0,0.0,0.0,0.0,0.0,0.0,0.0,0.0,0.0,0.0
2026-06-09 08:50:28,-0.12745821012451053,-1.7113295429020314,0.5820865707609908,0.11467299851507207,-0.33258858469855035,1.488729339713231,-2.4357083952769645,1.5926677679151888,36.59767365152782,37.395495113587785,37.29148371150758,14.0,20.0,35.0,6.0,0.0,0.0,0.0,0.0,0.0,0.0,0.0,0.0,0.0,0.0
2026-06-09 08:50:29,-0.37814007394969096,1.9851455711031853,-2.117912263481651,-0.5018584333355927,0.7621984347214674,1.6341774386660752,-1.430670315875645,-1.9484769802210775,36.773674588585536,37.17586113445012,36.84494129094193,14.0,20.0,35.0,6.0,0.0,0.0,0.0,0.0,0.0,0.0,0.0,0.0,0.0,0.0
2026-06-09 08:50:30,0.9464494855441892,2.103271678952516,-0.3485064815422745,-2.705543052206645,2.6422335224097138,0.3409166444063443,1.8089430278749843,2.660169730573754,37.00754466003109,37.37156028088642,36.92998907204982,14.0,20.0,35.0,6.0,0.0,0.0,0.0,0.0,0.0,0.0,0.0,0.0,0.0,0.0
2026-06-09 08:50:31,0.0730052763994049,-2.1546134260653207,0.22247169632962738,2.594079603079744,1.0277661362546224,0.5715277872553064,0.17267444553041233,-1.8265412079342895,36.624565902937626,37.10642922213454,37.28924086799451,14.0,20.0,35.0,6.0,0.0,0.0,0.0,0.0,0.0,0.0,0.0,0.0,0.0,0.0
2026-06-09 08:50:32,-1.173004842144943,2.5017285075709506,-0.6082820542436442,-0.2500331991696312,-2.1262898649266018,-0.8271622801997394,2.6808744078309363,-2.2834399900132203,36.638494056325634,37.02842660388779,36.98568511763796,14.0,20.0,35.0,6.0,0.0,0.0,0.0,0.0,0.0,0.0,0.0,0.0,0.0,0.0
2026-06-09 08:50:33,0.7041144887134867,-0.270702920965042,2.1900997775385793,1.9554406749426025,0.6205929820220781,-0.8719081424558022,0.0598422810125987,-2.2466493270073276,36.632854402390585,36.89239842211745,36.92952339833034,14.0,20.0,35.0,6.0,0.0,0.0,0.0,0.0,0.0,0.0,0.0,0.0,0.0,0.0
2026-06-09 08:50:34,-2.6093164910854756,0.2347923878153546,1.612529450147588,-2.6518765012859298,1.6301152654464062,-2.206712935695398,1.2282198375417348,-0.5229203173463421,37.07078993173926,37.36650132702596,37.2002322247976,14.0,20.0,35.0,6.0,0.0,0.0,0.0,0.0,0.0,0.0,0.0,0.0,0.0,0.0
2026-06-09 08:50:35,0.23732648440739723,-1.2378040317517607,-0.33767864952598403,-2.5231277402202794,-2.8788432705578315,1.2738189164860847,1.284934406223818,2.267480541662554,36.51012670334908,37.27960302172379,37.27955968944622,14.0,20.0,35.0,6.0,0.0,0.0,0.0,0.0,0.0,0.0,0.0,0.0,0.0,0.0
2026-06-09 08:50:37,-2.8068254975396183,2.8219532481999448,2.942029148550774,1.7807020306349273,-2.3448877640775523,-2.462801415228835,1.1712761823197395,-0.07928195198414478,36.78779588938308,37.262915142291924,36.89403581069393,14.0,20.0,35.0,6.0,0.0,0.0,0.0,0.0,0.0,0.0,0.0,0.0,0.0,0.0
2026-06-09 08:50:38,2.2489816492428796,-2.6079251642389343,-2.3689062522185305,-2.234792558516676,-0.03525695458904243,-2.7587231655965763,1.1946760923936637,-0.9684234295944867,36.81346322894916,36.96408294235345,37.170335482064466,14.0,20.0,35.0,6.0,0.0,0.0,0.0,0.0,0.0,0.0,0.0,0.0,0.0,0.0
2026-06-09 08:50:39,1.140171041526897,1.2420602276363004,-2.3936831053910588,0.9947414339457072,-0.28565092590204433,2.501147836830352,-2.874063496368973,2.9198366492045444,37.001835516615024,37.286075797009225,37.06215351063378,14.0,20.0,35.0,6.0,0.0,0.0,0.0,0.0,0.0,0.0,0.0,0.0,0.0,0.0
2026-06-09 08:50:40,-1.994181486229722,2.6358762052975004,2.687843516806222,-0.7539564736406161,1.6075199657449781,1.9431739607577905,-1.6270202306625192,0.5665086962386461,36.959640348150366,37.3983510224625,36.75009070593489,14.0,20.0,35.0,6.0,0.0,0.0,0.0,0.0,0.0,0.0,0.0,0.0,0.0,0.0
2026-06-09 08:50:41,-0.3601457660226224,0.67767215858481,2.3374737557131606,1.2274649308151124,2.377760940362874,0.8458162255864772,2.4672458544003275,1.9381244899502699,36.83011160398317,36.87939339072534,36.78278125603803,14.0,20.0,35.0,6.0,0.0,0.0,0.0,0.0,0.0,0.0,0.0,0.0,0.0,0.0
2026-06-09 08:50:42,-0.00236092796692855,0.7832080577282996,-2.5691439784639507,-2.910486079697165,-1.0747082550958817,1.4468342282321238,-0.6177784175287115,-0.7760041270382496,36.863808168898174,37.008268281785476,37.13937405127385,14.0,20.0,35.0,6.0,0.0,0.0,0.0,0.0,0.0,0.0,0.0,0.0,0.0,0.0
2026-06-09 08:50:43,-2.64078467743116,1.349618248284843,2.525969332993112,-0.5724175486471923,-0.14504246917546926,-0.33308578786918996,1.2250890660765759,-2.155820700919894,36.86165816858738,36.81293420914823,37.050490152872456,14.0,20.0,35.0,6.0,0.0,0.0,0.0,0.0,0.0,0.0,0.0,0.0,0.0,0.0
2026-06-09 08:50:44,-0.3209568589795575,0.1943316174493921,-2.1271407276040257,-0.6396742974464269,0.4840726717494306,-1.3755353645812392,-1.6152848659853438,2.431066709151348,36.76147794216622,37.20188176327933,37.28088764773968,14.0,20.0,35.0,6.0,0.0,0.0,0.0,0.0,0.0,0.0,0.0,0.0,0.0,0.0
2026-06-09 08:50:45,-0.4176207024870404,2.8157473826240915,-0.33867291984067727,-2.4360095613412622,1.9357636637237148,0.02683435606149409,0.7343845977376251,-2.882163154257918,36.93498473948077,37.01164770422338,37.14411904622512,14.0,20.0,35.0,6.0,0.0,0.0,0.0,0.0,0.0,0.0,0.0,0.0,0.0,0.0
2026-06-09 08:50:46,1.705359739485223,0.2185738448522936,1.6634052924433442,-1.741750474158656,2.1524884196975878,-2.18178568430724,1.234203084354692,1.1997615205545804,36.965826949447184,37.21474182399812,36.741659369140834,14.0,20.0,35.0,6.0,0.0,0.0,0.0,0.0,0.0,0.0,0.0,0.0,0.0,0.0
2026-06-09 08:50:48,-1.8537410413837938,-1.356782459761632,1.6488017330538094,0.256475250925984,-0.9919850955121854,-1.1861384883324664,0.8667765741750397,0.024823493141493458,36.68650520729432,37.298660131232936,37.13633107486741,14.0,20.0,35.0,6.0,0.0,0.0,0.0,0.0,0.0,0.0,0.0,0.0,0.0,0.0
2026-06-09 08:50:49,-0.4559887299092029,-2.4573030673772713,0.557818253881651,-2.3606584930759746,2.061861261614526,-1.9708162436222274,-0.1533597991338551,2.2496418935801366,36.70428324142507,36.93625165600502,37.178817510580046,14.0,20.0,35.0,6.0,0.0,0.0,0.0,0.0,0.0,0.0,0.0,0.0,0.0,0.0
2026-06-09 08:50:50,-0.7015364593837656,-1.486892337402094,-1.8759984449406153,-2.3473084842862835,1.8728419838117318,1.5888117361176581,-0.9319665476434871,-1.2866259210822908,36.665657861713846,37.16886866250811,37.144874307211644,14.0,20.0,35.0,6.0,0.0,0.0,0.0,0.0,0.0,0.0,0.0,0.0,0.0,0.0
2026-06-09 08:50:51,-2.080074371681347,1.9380722088870144,2.4558470997670545,2.380258976993784,-1.736153518437365,-1.073278853742939,-0.8997012782609035,2.416887992683365,36.66720152273841,36.91408815832125,36.99028313065887,14.0,20.0,35.0,6.0,0.0,0.0,0.0,0.0,0.0,0.0,0.0,0.0,0.0,0.0
2026-06-09 08:50:53,0.5500493985068902,-2.8343478478220456,-0.39786874277705087,2.8136504877156217,1.2250582424293341,-0.723478292052155,-1.4997580988503973,1.5756836345126946,36.56162919412961,37.39957894738598,36.82697313630112,14.0,20.0,35.0,6.0,0.0,0.0,0.0,0.0,0.0,0.0,0.0,0.0,0.0,0.0
2026-06-09 08:50:54,1.7382703967581534,1.1345868523511395,-2.516294021000406,-1.5412005210596735,-2.4388375176731887,0.36698864408626086,-2.947066460291809,0.9154983966617816,36.803251761705795,36.83899682882744,37.17858592853999,14.0,20.0,35.0,6.0,0.0,0.0,0.0,0.0,0.0,0.0,0.0,0.0,0.0,0.0
2026-06-09 08:50:55,2.8944655874173533,2.8642232556350837,1.3559662343622279,-1.3938535405634598,-1.3918075219442214,0.17352840538526682,-0.027626322478399246,1.4824687745168292,36.68190152349932,37.12834373571679,36.784822903400496,14.0,20.0,35.0,6.0,0.0,0.0,0.0,0.0,0.0,0.0,0.0,0.0,0.0,0.0
2026-06-09 08:50:56,-2.830261653281929,-0.4245473792522949,1.0545537243896437,-2.3314429047453444,2.311264993590708,1.5636822725468331,-1.9853010785710297,-2.222325448623641,36.848496747338054,37.233860475193815,37.23520395396626,14.0,20.0,35.0,6.0,0.0,0.0,0.0,0.0,0.0,0.0,0.0,0.0,0.0,0.0
2026-06-09 08:50:57,2.0614037681359516,2.6383348426702966,2.029043042021068,-1.9065524029907799,1.6595935008065252,-1.449275817965277,0.17609153025166435,-1.3357731060863527,36.898567874297605,37.22726733343617,37.21075522932227,14.0,20.0,35.0,6.0,0.0,0.0,0.0,0.0,0.0,0.0,0.0,0.0,0.0,0.0
2026-06-09 08:50:58,-2.102319995727327,-2.839848116292856,-2.391727609567937,-1.3816970084127438,-2.7788252607986066,1.6558521561635544,-1.2691929671324838,-0.6499150451837945,36.65945235551859,37.14937623870863,36.92318781476064,14.0,20.0,35.0,6.0,0.0,0.0,0.0,0.0,0.0,0.0,0.0,0.0,0.0,0.0
2026-06-09 08:50:59,0.5319412763952975,-0.7052868247096091,1.7754401121021415,0.5308005490144749,2.709624206947046,0.3113193279278468,-2.7690819989236246,2.8644814741383957,37.026585547271424,37.252889804125644,36.81226898914636,14.0,20.0,35.0,6.0,0.0,0.0,0.0,0.0,0.0,0.0,0.0,0.0,0.0,0.0
2026-06-09 08:51:00,-2.001391605849059,-2.5648197237842263,0.648698355110982,2.7387632084864926,2.4623797873425763,1.6947695593044525,1.5045763047762613,-1.9196810223309262,36.507153117751635,36.86710531179705,36.8691239040134,14.0,20.0,35.0,6.0,0.0,0.0,0.0,0.0,0.0,0.0,0.0,0.0,0.0,0.0
2026-06-09 08:51:02,-1.3350317565583358,1.9027842794379044,-1.7524740082491226,-2.371490970433297,1.6211816664788268,2.811463731152955,2.477967234872022,0.5902308915751586,36.71800440532916,37.10190471271011,36.85233147346972,14.0,20.0,35.0,6.0,0.0,0.0,0.0,0.0,0.0,0.0,0.0,0.0,0.0,0.0
2026-06-09 08:51:03,0.8280392563050207,-0.790150710039879,-1.3989362687816158,1.4801370804915566,-1.4179436762127642,1.5568608291688442,-0.30236016384232345,-2.8290227935627046,36.88644716651332,37.060053350040604,37.16460586458579,14.0,20.0,35.0,6.0,0.0,0.0,0.0,0.0,0.0,0.0,0.0,0.0,0.0,0.0
2026-06-09 08:51:04,0.46348341360444456,-2.7842049524908656,-0.5172112877755666,1.8572949047606624,-2.0953981037389964,2.58839693393689,-0.07880460978796755,0.21565040022189352,36.797721535345204,37.283743439895204,36.82966588759056,14.0,20.0,35.0,6.0,0.0,0.0,0.0,0.0,0.0,0.0,0.0,0.0,0.0,0.0
2026-06-09 08:51:05,1.5868234713793976,-0.12049639203906182,-0.9716946438951188,-1.1881258889568254,1.416100818796358,-1.1638632051119533,2.865908940620768,1.892823871555695,37.09541872397286,37.10175740581783,37.22744339611459,14.0,20.0,35.0,6.0,0.0,0.0,0.0,0.0,0.0,0.0,0.0,0.0,0.0,0.0
2026-06-09 08:51:06,-2.7126231757519754,0.0393753860342283,-2.830733665274041,0.5437636684476814,-2.4109402308239387,-0.7364395937323973,0.09225728686658385,-2.303030118343667,36.54891459956292,37.34152919541094,37.12610481263552,14.0,20.0,35.0,6.0,0.0,0.0,0.0,0.0,0.0,0.0,0.0,0.0,0.0,0.0
2026-06-09 08:51:07,2.2857424654825813,-2.6708677994825165,-1.61093030590999,-2.660279373519171,-1.8774954721910087,1.7414066535776707,-1.4647299804488287,1.9285895645412667,36.76913240593486,37.09235757187127,36.782233906289825,14.0,20.0,35.0,6.0,0.0,0.0,0.0,0.0,0.0,0.0,0.0,0.0,0.0,0.0
2026-06-09 08:51:08,0.4869075872404056,1.2858383932814892,1.9733107784859278,2.9696244723020744,-0.5968676572914218,-0.022280497725252424,-0.9870050792580027,0.7600419865772272,36.663759516410416,37.34046107127985,37.02172139480282,14.0,20.0,35.0,6.0,0.0,0.0,0.0,0.0,0.0,0.0,0.0,0.0,0.0,0.0
2026-06-09 08:51:09,2.5981922633721615,1.53161401649378,2.959826014576615,-1.6661340738783819,0.09946959483713824,-1.6346245730932754,-1.541631868830007,-1.6427983547209446,36.51482335873939,37.26666148931471,36.76882028758492,14.0,20.0,35.0,6.0,0.0,0.0,0.0,0.0,0.0,0.0,0.0,0.0,0.0,0.0
2026-06-09 08:51:10,1.7770686805452938,2.1438343136466615,0.7401094294726951,-0.521529764766286,0.7363720658888315,-1.846621648744289,0.3321560866916844,2.6805541475062196,36.54587603726104,37.158981731243266,36.98990522134372,14.0,20.0,35.0,6.0,0.0,0.0,0.0,0.0,0.0,0.0,0.0,0.0,0.0,0.0
2026-06-09 08:51:11,0.10257369095549418,-2.519578670685708,2.2545539209003813,0.8617335653997822,0.936301059185447,-2.0349991381372,2.122607937846902,-2.982859210266986,36.61214876682347,36.9225187047056,36.803232367052786,14.0,20.0,35.0,6.0,0.0,0.0,0.0,0.0,0.0,0.0,0.0,0.0,0.0,0.0
2026-06-09 08:51:12,-0.9583423605958128,0.9460246860515644,-0.6779898673916862,0.48892997377609326,1.4347768864157473,0.3553214212024427,-0.29659689796075117,0.2980846624758593,37.07140495171568,36.890334617751364,37.2498912921865,14.0,20.0,35.0,6.0,0.0,0.0,0.0,0.0,0.0,0.0,0.0,0.0,0.0,0.0
2026-06-09 08:51:14,1.9498073188955916,-1.546215088189502,0.6187170577722316,-1.3541532878845677,-1.7550643383791542,2.557158203179954,0.862453801586228,1.8155098563259688,37.089898992483704,37.18101839632871,36.84362409031718,14.0,20.0,35.0,6.0,0.0,0.0,0.0,0.0,0.0,0.0,0.0,0.0,0.0,0.0
2026-06-09 08:51:15,1.266228069028558,-2.3226129735492895,-1.0660028588246082,-1.0760820479266895,-0.17741028979665252,-1.495091013727968,0.13517523489530792,0.018642333413498413,36.71859108049894,37.38216847532495,37.17714708143252,14.0,20.0,35.0,6.0,0.0,0.0,0.0,0.0,0.0,0.0,0.0,0.0,0.0,0.0
2026-06-09 08:51:16,-1.5532204886912238,-0.36499681077406354,2.8707271568685613,1.8864535595443055,-0.8621351568275513,-0.4481137660242416,-2.527156834081723,2.636264146428447,36.63296730545726,37.30817771709904,36.74354500134779,14.0,20.0,35.0,6.0,0.0,0.0,0.0,0.0,0.0,0.0,0.0,0.0,0.0,0.0
2026-06-09 08:51:17,-2.434551210859264,-1.5046796973324383,-2.2514922817582637,2.913914529207794,0.098902382037795,-1.370151629843329,-1.94872534434408,-1.059970130971725,36.77038055920291,36.94440034030371,36.80644456723698,14.0,20.0,35.0,6.0,0.0,0.0,0.0,0.0,0.0,0.0,0.0,0.0,0.0,0.0
2026-06-09 08:51:18,-1.1219486096512479,2.794687977845511,2.6087160374313605,2.7897850862246516,1.852340744590328,-1.3680112690564332,-2.4542102618401493,2.990644135646029,36.94997974737335,37.111998257172274,37.19144818484369,14.0,20.0,35.0,6.0,0.0,0.0,0.0,0.0,0.0,0.0,0.0,0.0,0.0,0.0
2026-06-09 08:51:19,0.199912530153612,-0.05305662131154065,0.05668379997444273,0.7690400707477218,2.980459897903753,-0.48708136023951365,1.5005311606100644,-2.738704532241213,36.8862015258311,37.14599174388486,37.22238560478628,14.0,20.0,35.0,6.0,0.0,0.0,0.0,0.0,0.0,0.0,0.0,0.0,0.0,0.0
2026-06-09 08:51:20,-2.81066749462094,-0.9242704633424843,2.5708668133765844,-1.5580049299308618,1.6966904753304464,0.08394744104461616,-0.5418747862976949,0.04914642536185543,36.6898608633148,36.82129560030425,36.96492337243217,14.0,20.0,35.0,6.0,0.0,0.0,0.0,0.0,0.0,0.0,0.0,0.0,0.0,0.0
2026-06-09 08:51:21,2.903901444157304,0.31684618031178147,1.0709824386709519,-1.4221875836961662,-1.4846715215580624,0.9860308451461295,-2.6036342878718015,2.7545101154940523,36.633425415650045,37.355339255656844,36.808663779904336,14.0,20.0,35.0,6.0,0.0,0.0,0.0,0.0,0.0,0.0,0.0,0.0,0.0,0.0
2026-06-09 08:51:22,0.7988778665267291,-1.4179521894177205,2.6184826318864696,-1.3318053251900075,1.6265812456291995,-2.067397525831466,1.0389289657348248,-0.34869115558162544,37.01144367502482,36.987408572327126,37.06301420679444,14.0,20.0,35.0,6.0,0.0,0.0,0.0,0.0,0.0,0.0,0.0,0.0,0.0,0.0
2026-06-09 08:51:24,-0.3728552487464629,1.26333748976415,-2.2847657243776993,-1.0036859486104388,-0.7406209645701742,-2.0744128848934693,2.0633335874504404,0.8792291820680012,36.74184950699083,36.81368645944329,37.140470000122825,14.0,20.0,35.0,6.0,0.0,0.0,0.0,0.0,0.0,0.0,0.0,0.0,0.0,0.0
2026-06-09 08:51:25,0.5889625084515107,0.5445686271140455,-1.8732950329638378,-0.5359725310974963,0.44623328618610625,-0.5427430096801471,-0.7854502322339618,2.299684220212928,36.52260419889964,36.86252759818423,37.234076888545495,14.0,20.0,35.0,6.0,0.0,0.0,0.0,0.0,0.0,0.0,0.0,0.0,0.0,0.0
2026-06-09 08:51:26,-1.0445196790200644,-1.395442544609698,1.5567508106988353,1.5337551924927917,1.3239365868468598,2.136276551586283,-0.29789340248560636,-0.5356723421108605,36.88655555487088,37.28738911611069,37.024662428340335,14.0,20.0,35.0,6.0,0.0,0.0,0.0,0.0,0.0,0.0,0.0,0.0,0.0,0.0
2026-06-09 08:51:28,-1.059153987756344,-2.0686091805732065,-2.100097384956211,-2.755012989451335,-1.5348808478560367,-2.6289296651277905,-2.9401109708280906,2.8714439987397915,36.62505324919651,37.35346845944046,36.80025090811971,14.0,20.0,35.0,6.0,0.0,0.0,0.0,0.0,0.0,0.0,0.0,0.0,0.0,0.0
2026-06-09 08:51:29,-2.719202542930341,2.1373313641536047,2.757656417525709,-0.8352342595695958,-1.9163641733706016,1.3495454097865878,1.1695407457312346,1.0656829039698712,36.886186207235774,36.952681653650345,36.81770696968341,14.0,20.0,35.0,6.0,0.0,0.0,0.0,0.0,0.0,0.0,0.0,0.0,0.0,0.0
2026-06-09 08:51:30,-2.9262908899258315,-2.102791887340151,-0.438089397860594,-0.7666376851639836,-2.1595001660447393,1.430540321617345,-2.1521116810204464,-0.7145718886348136,36.654450723764995,37.24998305225162,37.02641485310475,14.0,20.0,35.0,6.0,0.0,0.0,0.0,0.0,0.0,0.0,0.0,0.0,0.0,0.0
2026-06-09 08:51:31,2.8106586761676944,1.294299136702084,-2.022964629500733,2.742394523921843,-1.6202682750931425,-2.375634959407948,2.88225397495151,-1.511125290375007,36.60206197068332,37.285384575717494,36.88929201169645,14.0,20.0,35.0,6.0,0.0,0.0,0.0,0.0,0.0,0.0,0.0,0.0,0.0,0.0
2026-06-09 08:51:32,0.38308544158227065,2.4525519386672663,-1.981008503723876,1.659715995781374,0.16013555781873512,1.8221171446254187,-2.1258922946999643,1.486731793542142,36.79517199647085,37.1389927777504,37.26500305367168,14.0,20.0,35.0,6.0,0.0,0.0,0.0,0.0,0.0,0.0,0.0,0.0,0.0,0.0
2026-06-09 08:51:33,-0.8042863987615099,-1.5918172549221044,-0.2958520983283899,-1.0888445650710608,-1.8426752177826233,-0.8736393409757852,1.8058594214747172,-0.6094167602144287,36.5378631353659,37.114572237988554,36.93095103945727,14.0,20.0,35.0,6.0,0.0,0.0,0.0,0.0,0.0,0.0,0.0,0.0,0.0,0.0
2026-06-09 08:51:35,2.888849064602238,-2.5707529738608486,1.2407470510155578,1.5470395530737626,-0.8033274711260416,-1.454902899087481,-0.484888441518446,2.0325049088643725,36.840033098868105,37.214652077577995,37.28892156242493,14.0,20.0,35.0,6.0,0.0,0.0,0.0,0.0,0.0,0.0,0.0,0.0,0.0,0.0
2026-06-09 08:51:36,-1.1077202898823169,-1.6388498619327054,-0.6941332692295408,-1.1573725416523788,1.6001527393285624,1.0283144847816148,-1.066120591607808,-2.092176541245838,36.81650314749736,37.077863269608166,36.74519290107543,14.0,20.0,35.0,6.0,0.0,0.0,0.0,0.0,0.0,0.0,0.0,0.0,0.0,0.0
2026-06-09 08:51:37,2.9637396084384875,1.6110659633667357,1.4339186151437442,2.611610854554975,2.4149991591170057,2.0514670905612817,1.3860770387792396,-2.733461166131879,36.891290825339844,36.94679716669429,37.02287357770511,14.0,20.0,35.0,6.0,0.0,0.0,0.0,0.0,0.0,0.0,0.0,0.0,0.0,0.0
2026-06-09 08:51:38,1.7586780256537233,0.876051148857445,1.1676371096129818,2.295152048109026,1.3606502653238914,0.6455938159919512,-0.3435471681190294,2.517632711193073,36.53516078982847,37.37192026900816,37.17290205225671,14.0,20.0,35.0,6.0,0.0,0.0,0.0,0.0,0.0,0.0,0.0,0.0,0.0,0.0
2026-06-09 08:51:39,2.0801149237346213,1.0351872464563376,1.5739314579769896,-2.539782793145209,-0.518024493014873,-1.302890695825728,-2.5634249938867564,-1.2813990330960126,36.90516998208728,37.18567775036504,36.92449450656944,14.0,20.0,35.0,6.0,0.0,0.0,0.0,0.0,0.0,0.0,0.0,0.0,0.0,0.0
2026-06-09 08:51:41,-2.942523442236113,-0.7079581221892317,-1.6140391763239617,-0.8966489271528761,0.3767654796631641,-0.19385884730048009,2.0519955793510753,-0.41616308002738167,36.58133628884507,37.28244484635757,36.90384152459876,14.0,20.0,35.0,6.0,0.0,0.0,0.0,0.0,0.0,0.0,0.0,0.0,0.0,0.0
2026-06-09 08:51:42,2.238108785010759,-1.251167098005292,-0.217872072701085,-0.35661119898768767,-0.16153037082375077,2.105467226888882,2.6027221805054825,-1.6609176237335448,36.946415301929754,37.33738848765725,36.7017275372255,14.0,20.0,35.0,6.0,0.0,0.0,0.0,0.0,0.0,0.0,0.0,0.0,0.0,0.0
2026-06-09 08:51:43,-1.8427385383922263,2.268994868664911,2.121358707368401,-0.57433527285579,-1.227994884002034,-0.04920344768254559,-2.1951243491987413,1.2035795740892787,36.57301705655185,36.88670502683631,37.05714210476824,14.0,20.0,35.0,6.0,0.0,0.0,0.0,0.0,0.0,0.0,0.0,0.0,0.0,0.0
2026-06-09 08:51:45,1.2018319832005577,-2.7774507416962004,-0.5746904926683993,-1.9371255589964211,-2.867776666931575,-1.177936994831595,-0.9815942335096919,0.6599999070962284,37.005683036718516,37.031445102931855,37.107206233963545,14.0,20.0,35.0,6.0,0.0,0.0,0.0,0.0,0.0,0.0,0.0,0.0,0.0,0.0
2026-06-09 08:51:46,0.4338474976377409,1.1779180856705533,-2.53706760846364,0.2170682149906984,-0.19073190079997548,-1.7767573157183456,-1.767095979840314,1.4361393788632038,36.505653060126406,37.16097251951445,36.822311762175005,14.0,20.0,35.0,6.0,0.0,0.0,0.0,0.0,0.0,0.0,0.0,0.0,0.0,0.0
2026-06-09 08:51:47,-2.6873038936186395,-1.2951484001808424,0.47462226418289877,-2.6269969167982143,-1.0914044499168067,-2.8617436417413153,-2.939644397063409,-1.177551913505055,37.080033647455764,37.14399522398445,36.997356802911845,14.0,20.0,35.0,6.0,0.0,0.0,0.0,0.0,0.0,0.0,0.0,0.0,0.0,0.0
2026-06-09 08:51:48,2.487339996795505,-2.276393732417496,0.6308237311431748,2.389249865947212,-0.8422805971373766,1.450076994809204,0.028237673690889142,-0.452827236060084,36.6588964062733,37.05742297243203,37.18701176399348,14.0,20.0,35.0,6.0,0.0,0.0,0.0,0.0,0.0,0.0,0.0,0.0,0.0,0.0
2026-06-09 08:51:50,1.6635775988631138,0.7634498523182236,-0.9800603879876197,-2.0299408898783375,-2.7068768056284087,-2.4735519509001067,-1.9158892914216767,1.242657484098638,37.05148804987673,36.93723902808515,37.092265724732776,14.0,20.0,35.0,6.0,0.0,0.0,0.0,0.0,0.0,0.0,0.0,0.0,0.0,0.0
2026-06-09 08:51:51,-2.8358788871326244,-0.6621295275676777,-2.578582356719668,-0.30711418469833207,0.05210023185806545,-0.15722455337833363,-1.6784589660518363,-2.2174610883640637,36.69035353473938,37.214817538200734,36.96586365755577,14.0,20.0,35.0,6.0,0.0,0.0,0.0,0.0,0.0,0.0,0.0,0.0,0.0,0.0
2026-06-09 08:51:52,0.36880570748473573,-0.9911206890023685,-0.8714244550404118,-2.600426805817545,0.6747063679442586,1.8435013670851452,2.610778790302449,1.8227084016181143,36.58283191200089,36.847159095124006,36.738189140046586,14.0,20.0,35.0,6.0,0.0,0.0,0.0,0.0,0.0,0.0,0.0,0.0,0.0,0.0
2026-06-09 08:51:53,2.99267474225943,-1.5772553472232747,-1.6267196183538908,-0.6068019573392038,-2.139221567574652,1.733797182059634,-2.457162978210856,2.2220930549823343,36.878041832274,37.25484016238837,37.165697135966475,14.0,20.0,35.0,6.0,0.0,0.0,0.0,0.0,0.0,0.0,0.0,0.0,0.0,0.0
2026-06-09 08:51:54,2.678485150459485,-1.6641932178856365,-2.6561481557323443,-0.24544238831448695,-0.11732862873403871,2.930223410569747,1.7479311976607992,-0.793266841488522,36.5733010971852,37.307494411491774,36.87426020771193,14.0,20.0,35.0,6.0,0.0,0.0,0.0,0.0,0.0,0.0,0.0,0.0,0.0,0.0
2026-06-09 08:51:55,-0.19955332834559947,-1.0641879448821248,-1.695317253914822,-0.010513218726945439,-1.306705080869661,-1.593449977907668,1.1306338162473182,-2.3656665782205657,36.88983932117587,37.360974311024975,36.844149201187925,14.0,20.0,35.0,6.0,0.0,0.0,0.0,0.0,0.0,0.0,0.0,0.0,0.0,0.0
2026-06-09 08:51:57,1.1891537792222566,0.8890556674953514,2.291362456118655,-2.851673227714673,-2.905003925407913,-2.0777601154048777,2.3424418770903817,-1.520204672812524,36.615546040094785,37.19927771092164,36.9963112477197,14.0,20.0,35.0,6.0,0.0,0.0,0.0,0.0,0.0,0.0,0.0,0.0,0.0,0.0
2026-06-09 08:51:58,-2.528590814345036,0.7673997221381565,-1.6516492400320424,1.2847905985065164,-1.3169191228839232,-0.5534576978922723,1.614865513305232,-0.1316908419211309,37.06320097383515,36.80116087406877,36.77477324324792,14.0,20.0,35.0,6.0,0.0,0.0,0.0,0.0,0.0,0.0,0.0,0.0,0.0,0.0
2026-06-09 08:51:59,1.7748417079490917,0.6760244308266561,2.451239610707603,-1.171265921918834,0.8222200776750421,2.56749518308838,0.04402140852333414,2.9139979000457767,36.710622542183124,37.07102300611135,37.15480623707727,14.0,20.0,35.0,6.0,0.0,0.0,0.0,0.0,0.0,0.0,0.0,0.0,0.0,0.0
2026-06-09 08:52:00,0.6040889500846909,1.1595029466294404,2.1329304761882497,0.31213131287484996,2.0368762629037187,-0.01113537306334944,0.18727386438542304,-2.8735912285517275,36.678696460444804,36.87642868723452,36.9523993040767,14.0,20.0,35.0,6.0,0.0,0.0,0.0,0.0,0.0,0.0,0.0,0.0,0.0,0.0
2026-06-09 08:52:01,0.08694593391459371,-2.186663079972597,-0.45490226966560865,2.6817037177476495,0.7915181333969921,2.1597984450428704,-0.0664267619416643,-1.1118234692377806,36.79393806795443,36.94747637811891,37.133117361439844,14.0,20.0,35.0,6.0,0.0,0.0,0.0,0.0,0.0,0.0,0.0,0.0,0.0,0.0
2026-06-09 08:52:03,-0.04895811292312624,0.4154393411026325,-0.476925942027389,-0.870406115682183,-1.6333648752865129,1.6894084932654527,2.8808905733195447,-1.4923710135340633,36.84909512309135,37.34192095092543,36.742969265745664,14.0,20.0,35.0,6.0,0.0,0.0,0.0,0.0,0.0,0.0,0.0,0.0,0.0,0.0
2026-06-09 08:52:04,0.3005821489597018,-1.6571800486230182,-0.04296880096849032,-2.622180448774765,-0.5922996569452161,2.4146893891215733,-2.6190941060564183,2.2325883334888674,36.723113212266945,37.39398164133336,37.062871896916064,14.0,20.0,35.0,6.0,0.0,0.0,0.0,0.0,0.0,0.0,0.0,0.0,0.0,0.0
2026-06-09 08:52:05,2.4361235814536144,1.132991237243572,-1.8679526931944326,-2.5131502631516405,-1.0072178599758819,1.2877928669282435,-2.603843231292286,1.990098947503549,36.5802459862014,37.07081799491309,37.25388275021219,14.0,20.0,35.0,6.0,0.0,0.0,0.0,0.0,0.0,0.0,0.0,0.0,0.0,0.0
2026-06-09 08:52:06,-2.3513893441574285,2.8807019384157435,2.9105291657952534,-1.8889863603303687,-0.9926760359881595,0.9516767814470244,2.530697718345828,1.356179611577537,36.9497145759869,36.82752204426207,37.26361504521634,14.0,20.0,35.0,6.0,0.0,0.0,0.0,0.0,0.0,0.0,0.0,0.0,0.0,0.0
2026-06-09 08:52:08,-1.956312296046859,1.922917142567865,-2.536584829899763,0.41761849103351034,1.3027290156247275,-1.4958378800275651,2.289605851065563,1.8970876595422448,36.66923562226496,37.0555756043941,37.25388319707528,14.0,20.0,35.0,6.0,0.0,0.0,0.0,0.0,0.0,0.0,0.0,0.0,0.0,0.0
2026-06-09 08:52:09,-1.9974507060710192,-2.100218639689331,2.8647562026725133,-0.5343226091137696,-2.9677328856154075,-1.9525830166483844,2.290620569676789,-2.9940527136395754,36.875287243462886,36.90461029329817,36.76187797061671,14.0,20.0,35.0,6.0,0.0,0.0,0.0,0.0,0.0,0.0,0.0,0.0,0.0,0.0
2026-06-09 08:52:10,-1.083436611357068,-2.9906785546860286,-2.670154852438232,-1.0750951122073416,0.8075624572129398,2.9691076392465305,2.963197844678999,1.5464597985112363,36.53822479915599,37.32426444012095,36.94193790807656,14.0,20.0,35.0,6.0,0.0,0.0,0.0,0.0,0.0,0.0,0.0,0.0,0.0,0.0
2026-06-09 08:52:11,0.7644131065595214,-0.8878277173225686,-1.0387378962671199,0.8388843877797303,-0.3219061705808084,2.909282576470324,-1.9262325629821684,1.8055669491957218,36.681504311839554,37.176760977278185,37.017473009738254,14.0,20.0,35.0,6.0,0.0,0.0,0.0,0.0,0.0,0.0,0.0,0.0,0.0,0.0
2026-06-09 08:52:13,-1.8919233465032461,-0.5360952908387806,1.6958623893377593,-2.024847472085403,-1.844411542189473,2.637998574697699,1.4402727535914277,-2.705525236921005,36.93702680738772,37.259225882394915,37.01729461229559,14.0,20.0,35.0,6.0,0.0,0.0,0.0,0.0,0.0,0.0,0.0,0.0,0.0,0.0
2026-06-09 08:52:14,1.6106568102652759,0.3698194244809736,0.47119041675528184,-2.612510036026954,-1.2689115243355686,-1.7920930148037257,-1.1348076749339733,-1.349615535708036,36.68804903996892,37.22622881318009,37.201936927877156,14.0,20.0,35.0,6.0,0.0,0.0,0.0,0.0,0.0,0.0,0.0,0.0,0.0,0.0
2026-06-09 08:52:15,0.07577796182831964,-2.0475438204892384,-2.4235841231899267,2.8464641492847775,-0.0015916579431105582,-1.3709467011128837,1.3398064897849604,-2.806424714924967,36.846092280195535,36.97718028505075,36.860303794775845,14.0,20.0,35.0,6.0,0.0,0.0,0.0,0.0,0.0,0.0,0.0,0.0,0.0,0.0
2026-06-09 08:52:16,-1.2675835216836322,0.07901986138813344,-2.4285640900747953,-2.1728862508226845,-0.37008282936383763,1.4266263121970484,1.1414103461118712,2.7868481719860405,36.81427644159492,36.85087234839142,36.76355714605514,14.0,20.0,35.0,6.0,0.0,0.0,0.0,0.0,0.0,0.0,0.0,0.0,0.0,0.0
2026-06-09 08:52:17,-0.8713252434477239,0.5869795901540762,-0.7826213915383824,1.6262485118619923,0.15109436606481363,-1.5644258596152754,-1.5932159949805764,2.7900601668471436,36.604120480277075,36.82616387463216,36.881028624629366,14.0,20.0,35.0,6.0,0.0,0.0,0.0,0.0,0.0,0.0,0.0,0.0,0.0,0.0
2026-06-09 08:52:19,2.814732238279152,1.6918154481111518,-2.1480385449271013,0.4843811502348565,-2.170505727392371,-2.0310389521290744,-1.9251781186682693,-1.1370469040588962,36.73343461887208,37.038381461267896,37.15804416801763,14.0,20.0,35.0,6.0,0.0,0.0,0.0,0.0,0.0,0.0,0.0,0.0,0.0,0.0
2026-06-09 08:52:20,0.36008381761013464,1.4758592154605479,-1.9362167138399493,-1.539231129813101,1.1270086221441993,1.7060031191409069,-2.85541107941417,0.4281793587714158,37.03621729330845,37.18358628269388,37.20886147478125,14.0,20.0,35.0,6.0,0.0,0.0,0.0,0.0,0.0,0.0,0.0,0.0,0.0,0.0
2026-06-09 08:52:21,0.3054406225708268,0.9364392002871975,0.1604247260955738,-2.8234112827413584,1.7061435406930823,-1.9393781291246441,0.25470967696850444,-2.925657752301312,36.75816579997507,36.915954855121335,36.76398093830628,14.0,20.0,35.0,6.0,0.0,0.0,0.0,0.0,0.0,0.0,0.0,0.0,0.0,0.0
2026-06-09 08:52:22,-2.539363896313551,-0.2808810668662489,-1.1082528368958737,0.5645693551361921,-2.2429570788391473,-1.0875667494348622,2.3518120811373846,-2.6893519814232953,36.58263295251897,37.03133838527525,36.7439203037177,14.0,20.0,35.0,6.0,0.0,0.0,0.0,0.0,0.0,0.0,0.0,0.0,0.0,0.0
2026-06-09 08:52:23,-2.7530913336094462,-0.9000522054111686,-1.9116714704425015,1.1784942257872428,2.1965246632916777,0.7969002267752963,-0.41497159509959447,-0.5413091450952687,37.01610807590809,36.94636593949532,36.90379604334684,14.0,20.0,35.0,6.0,0.0,0.0,0.0,0.0,0.0,0.0,0.0,0.0,0.0,0.0
2026-06-09 08:52:24,-0.979912977240021,-1.3878559982672176,1.8313214192228244,-0.7311865995885496,-2.0130470180566835,0.8015979129612312,1.8970790928707029,-1.878059776139789,36.864789783508265,36.93135606680644,37.184014494651876,14.0,20.0,35.0,6.0,0.0,0.0,0.0,0.0,0.0,0.0,0.0,0.0,0.0,0.0
2026-06-09 08:52:26,1.6243877692481012,-1.0828026358602254,0.5604757873296791,-0.44573793758703584,-2.1113824563067354,1.5671253410637291,-2.391688774377335,-0.7817804187967377,36.620392669045664,37.248169169917,36.96252647197891,14.0,20.0,35.0,6.0,0.0,0.0,0.0,0.0,0.0,0.0,0.0,0.0,0.0,0.0
2026-06-09 08:52:27,2.609159307622395,2.6005082588356903,-2.6562601099518783,-1.762569611473637,-0.9515508644398372,-2.2775960569793785,-0.03537206864775433,1.3104777220905728,36.61647480140874,36.93758559278697,37.05287757282371,14.0,20.0,35.0,6.0,0.0,0.0,0.0,0.0,0.0,0.0,0.0,0.0,0.0,0.0
2026-06-09 08:52:29,-0.2923976997655524,-1.16003014912495,-0.2624862595579702,1.505856232963013,0.22375622766200376,-0.829983180247245,0.27867917323794567,0.8585916057868475,36.61185057503888,36.92143279359156,36.794438576096205,14.0,20.0,35.0,6.0,0.0,0.0,0.0,0.0,0.0,0.0,0.0,0.0,0.0,0.0
2026-06-09 08:52:30,-2.7537148968689515,-0.0970629444892328,-0.8067720940976435,-1.604658899096222,1.7394829010227983,-1.8549261222990574,-2.4917256568824047,-0.755186130196007,37.089633104560264,36.80178350711158,37.11642911196396,14.0,20.0,35.0,6.0,0.0,0.0,0.0,0.0,0.0,0.0,0.0,0.0,0.0,0.0
2026-06-09 08:52:31,0.5438589096359481,-0.21485246441070416,1.3451845236268385,-2.1525080465438453,1.6422561489811844,0.28113940569751206,-1.400023049013985,0.3497553565998519,36.51882492738076,37.040995887787,37.134221515492534,14.0,20.0,35.0,6.0,0.0,0.0,0.0,0.0,0.0,0.0,0.0,0.0,0.0,0.0
2026-06-09 08:52:33,0.33139975980538683,2.346709733036045,0.21222541059628952,0.9336783849481187,-2.1040518496265825,-1.014329750142236,0.6583081238952193,0.3256635034964024,36.643489169677274,37.14347823252288,36.9967893229082,14.0,20.0,35.0,6.0,0.0,0.0,0.0,0.0,0.0,0.0,0.0,0.0,0.0,0.0
2026-06-09 08:52:34,-0.629268684481826,2.810338467905825,-0.3590280387163993,2.556710949693387,1.7594627570628942,2.3304630552081465,-2.9096876038406494,1.8027587639048104,36.949646715224446,36.83232019234612,36.874406019864686,14.0,20.0,35.0,6.0,0.0,0.0,0.0,0.0,0.0,0.0,0.0,0.0,0.0,0.0
2026-06-09 08:52:35,-0.9499124064541595,1.0138325450346475,-0.9119091480632084,-0.8364763302008829,1.5073011734754553,0.598469855443605,1.985390687657846,2.980978986398636,36.54683584897955,37.04564940214931,37.25644835265711,14.0,20.0,35.0,6.0,0.0,0.0,0.0,0.0,0.0,0.0,0.0,0.0,0.0,0.0
2026-06-09 08:52:37,1.2819339137978751,-1.8819646334826425,1.903375719785683,-2.7091004542018102,0.6686315230821935,2.8356100014526673,-2.724879999523548,-2.4291769156866114,36.51546082884452,37.251354862490345,36.92084635407284,14.0,20.0,35.0,6.0,0.0,0.0,0.0,0.0,0.0,0.0,0.0,0.0,0.0,0.0
2026-06-09 08:52:38,1.7044204288919662,0.8980391493584681,0.8995707388928382,0.7684464215768134,2.254976826923196,-1.217685705806002,2.797564359674018,0.7981450353323694,36.67804157827449,36.833967776500074,36.70608647508999,14.0,20.0,35.0,6.0,0.0,0.0,0.0,0.0,0.0,0.0,0.0,0.0,0.0,0.0
2026-06-09 08:52:39,-1.7796885731812773,1.1855866210958128,1.4477485968463224,2.7631291344764186,0.9308843871191179,-2.6440595514872354,0.6879841916519522,0.003946171091361084,36.875825464505866,37.0463727034935,36.796010452673045,14.0,20.0,35.0,6.0,0.0,0.0,0.0,0.0,0.0,0.0,0.0,0.0,0.0,0.0
2026-06-09 08:52:40,2.224175568697241,-1.3282546141339615,-0.8935571349248752,2.4010379707523617,0.052750331749342294,-0.32331635094842825,-0.4702756696016861,-0.8030391825225562,36.704667215408016,36.99874194940055,36.93761219629366,14.0,20.0,35.0,6.0,0.0,0.0,0.0,0.0,0.0,0.0,0.0,0.0,0.0,0.0
2026-06-09 08:52:42,-2.311020640327939,0.8297543284666435,-2.9591189724790548,-2.519955404427069,-1.2396282540290964,-1.7933012505612609,-1.1063830965876449,0.7917729204651831,36.99589666138483,37.18705231802927,36.935203317912766,14.0,20.0,35.0,6.0,0.0,0.0,0.0,0.0,0.0,0.0,0.0,0.0,0.0,0.0
2026-06-09 08:52:43,0.84656768207735,-1.1676954395326982,-1.9152929396394534,1.6727639802856915,-0.21163032227716583,-1.2955869833374254,-1.0022979928113462,0.1445868557752541,36.71048848280729,36.94651586498122,37.01690759960603,14.0,20.0,35.0,6.0,0.0,0.0,0.0,0.0,0.0,0.0,0.0,0.0,0.0,0.0
2026-06-09 08:52:44,-0.38404509678242205,-1.0714747972078573,-2.2941769083551855,-2.4852987929517267,-0.43047766889100725,2.8371877711689084,-0.16079914755488023,-2.0499383760627126,36.543942736824896,36.98499056016132,37.24604582027474,14.0,20.0,35.0,6.0,0.0,0.0,0.0,0.0,0.0,0.0,0.0,0.0,0.0,0.0
2026-06-09 08:52:45,-1.374558844659052,1.2970042190391355,1.3048530838356776,0.27595249903188,1.7114158361991514,-2.5350957619598695,-1.1312688888468976,-1.0449427182613784,36.62603232910659,36.973542902750424,37.25024992429987,14.0,20.0,35.0,6.0,0.0,0.0,0.0,0.0,0.0,0.0,0.0,0.0,0.0,0.0
2026-06-09 08:52:46,1.2544164515870007,2.2848480020231694,2.0642780821034465,-2.4428637130541113,-1.7590010887629919,-2.419792503678857,-0.6371228448822475,-2.417294439897469,37.09962182917951,37.194123331945605,36.76123516852978,14.0,20.0,35.0,6.0,0.0,0.0,0.0,0.0,0.0,0.0,0.0,0.0,0.0,0.0
2026-06-09 08:52:47,-2.298181406714387,-2.4575199085862454,1.8734653170375868,-0.6067032842359339,2.6650849504548084,-0.851446808347772,1.1353370709481059,-2.456719574564853,36.732793586435335,37.286788620108666,36.712757892879864,14.0,20.0,35.0,6.0,0.0,0.0,0.0,0.0,0.0,0.0,0.0,0.0,0.0,0.0
2026-06-09 08:52:48,-0.9226010306221317,-2.8216292088257298,-0.2907500145915676,-1.3135902738123446,-2.314209534178681,-1.8045588566257176,2.5779827342152135,0.5093899897197018,36.969409748967735,37.16416433566056,37.01714062050459,14.0,20.0,35.0,6.0,0.0,0.0,0.0,0.0,0.0,0.0,0.0,0.0,0.0,0.0
2026-06-09 08:52:50,-1.843992457134885,2.99179402082747,1.5834231316857386,-0.0794779807590924,-0.9897986272030543,-1.193068523252644,0.6511236464890704,1.8435914855723698,36.89948535763387,37.04617259878012,37.17787479848565,14.0,20.0,35.0,6.0,0.0,0.0,0.0,0.0,0.0,0.0,0.0,0.0,0.0,0.0
2026-06-09 08:52:51,-0.06493966848955424,-2.939392603553266,2.732457175101036,-1.3588839553680319,-2.2956858989955853,-0.7181623785364923,-1.7571881257680493,1.629692862139379,36.976772236634204,37.23283738031171,37.05190871794997,14.0,20.0,35.0,6.0,0.0,0.0,0.0,0.0,0.0,0.0,0.0,0.0,0.0,0.0
2026-06-09 08:52:52,2.6380972086378227,-0.4604101965440446,-2.4523301981612806,1.3592339933758542,-0.2738488201844449,0.06052616428466351,-1.8320845467207478,0.8383603046013355,36.6950004975439,36.861511312028696,36.7249132865816,14.0,20.0,35.0,6.0,0.0,0.0,0.0,0.0,0.0,0.0,0.0,0.0,0.0,0.0
2026-06-09 08:52:53,2.396061653595835,-0.8124996860869054,-0.8410275820665674,0.7301129930644059,0.2953969572496753,1.0819592742122186,-0.15659428557937272,2.863821790023633,36.77966819082829,37.13102721410451,37.2963458420411,14.0,20.0,35.0,6.0,0.0,0.0,0.0,0.0,0.0,0.0,0.0,0.0,0.0,0.0
2026-06-09 08:52:54,-1.944501866838343,-0.035110049050348646,0.34720406109346147,-1.3077844521081539,1.1241791148941012,1.722843343594242,-0.47202554943889474,-2.680724134856309,36.92443078050035,37.11026671151925,36.77528542556873,14.0,20.0,35.0,6.0,0.0,0.0,0.0,0.0,0.0,0.0,0.0,0.0,0.0,0.0
2026-06-09 08:52:56,0.12176385487302799,-0.5482545684026832,-2.2178910122625908,1.7664123714054858,-2.193906630842069,1.1323891709146485,0.2660948977422337,-2.3522043917988658,36.744349390815536,37.14872632400759,37.0904929937782,14.0,20.0,35.0,6.0,0.0,0.0,0.0,0.0,0.0,0.0,0.0,0.0,0.0,0.0
2026-06-09 08:52:57,0.8095266562227192,-1.2255905704412664,1.198729716297679,0.8666378845196174,-0.5137505419631365,2.8117120555668045,-1.1065459504269561,-1.9035142415095392,36.60727820304275,36.90774888515011,37.09588039481695,14.0,20.0,35.0,6.0,0.0,0.0,0.0,0.0,0.0,0.0,0.0,0.0,0.0,0.0
2026-06-09 08:52:58,0.2090508953320649,-0.06716342538879516,2.0308368849955425,0.5801679080627511,-1.9763539326302526,-1.4040649682846207,1.5186559047965558,-0.7607100947157881,36.58488777768167,37.10827614750331,37.16146920923438,14.0,20.0,35.0,6.0,0.0,0.0,0.0,0.0,0.0,0.0,0.0,0.0,0.0,0.0
2026-06-09 08:52:59,-0.2180338197539049,-1.9896597568026675,1.1421621836223919,-2.8602692217075973,-0.5034348427834336,-0.6641926975362882,-2.026024225374651,1.3754347123832575,36.57463626655488,37.0012397645336,37.143370438048805,14.0,20.0,35.0,6.0,0.0,0.0,0.0,0.0,0.0,0.0,0.0,0.0,0.0,0.0
2026-06-09 08:53:01,0.5700491112773243,1.1513612817141983,1.47918838298507,1.5072527517476608,-0.8277227816014174,0.7932139403710119,0.6255539347818138,0.535793992908522,36.654352579683234,37.35028755745678,36.84427338648035,14.0,20.0,35.0,6.0,0.0,0.0,0.0,0.0,0.0,0.0,0.0,0.0,0.0,0.0
2026-06-09 08:53:02,-2.552308507627451,-2.5860971710399925,-1.6981832326808843,-2.798289426921941,-0.24152845737629614,-0.4126344377141633,0.3875286191175218,1.3058636694592964,36.51453343766159,36.89175306392079,37.15898818444375,14.0,20.0,35.0,6.0,0.0,0.0,0.0,0.0,0.0,0.0,0.0,0.0,0.0,0.0
2026-06-09 08:53:03,-0.1357307585074201,0.10177527560013377,1.2804306008572182,2.500508245529793,-1.3770585694142168,-0.11862358857118505,-1.1596955008010394,1.6492034099895019,36.93473985005743,37.15554979871489,36.85387386623424,14.0,20.0,35.0,6.0,0.0,0.0,0.0,0.0,0.0,0.0,0.0,0.0,0.0,0.0
2026-06-09 08:53:04,-2.4904097621101435,-2.3707778300666043,1.4396141877293047,-1.723671962490015,-2.472541274127969,-2.943734344146255,2.8075869500826,-2.4749211470640455,36.622536172732545,36.800200329598205,36.921558277938296,14.0,20.0,35.0,6.0,0.0,0.0,0.0,0.0,0.0,0.0,0.0,0.0,0.0,0.0
2026-06-09 08:53:06,-2.6129829916030713,-1.9589874457688528,-2.2555296646717697,0.9767137991328951,2.1856891711952136,-2.8369902530821642,0.15551573355722237,-0.3478892912687295,36.886054951750516,37.07706661012298,37.048674780893094,14.0,20.0,35.0,6.0,0.0,0.0,0.0,0.0,0.0,0.0,0.0,0.0,0.0,0.0
2026-06-09 08:53:07,-2.2881902631227984,1.4124277850003946,-0.32406675014389785,-1.559407046248277,-1.9521119880248936,-0.6335612060342797,-0.1006370682554465,1.825238027466435,36.58528668941895,36.85069468233105,37.27055117790024,14.0,20.0,35.0,6.0,0.0,0.0,0.0,0.0,0.0,0.0,0.0,0.0,0.0,0.0
2026-06-09 08:53:08,2.725520436325837,-1.8749591091240807,2.977100309067838,1.3097277581675204,-0.8624381973146442,0.31224297386192923,2.712030490036488,-1.6712490330100227,36.91081131691502,37.24328740647437,36.92506561729894,14.0,20.0,35.0,6.0,0.0,0.0,0.0,0.0,0.0,0.0,0.0,0.0,0.0,0.0
2026-06-09 08:53:10,1.095028511501015,-0.9801240749331779,0.5749731866868526,-1.6204531560061395,2.0702014814293133,0.5811007560693788,-2.8430822702864615,2.80137489684335,36.949571222497596,36.913364245636494,36.90698831237005,14.0,20.0,35.0,6.0,0.0,0.0,0.0,0.0,0.0,0.0,0.0,0.0,0.0,0.0
2026-06-09 08:53:11,1.6977723734482222,1.8556634685946412,1.9126536367294342,-0.7510714046987221,0.6618986770751181,-1.713876349392412,-0.24095391099045527,-2.76734357050367,36.524849597188606,37.3724179282908,37.10899589635098,14.0,20.0,35.0,6.0,0.0,0.0,0.0,0.0,0.0,0.0,0.0,0.0,0.0,0.0
2026-06-09 08:53:12,0.7552622321954239,-1.4414075345977948,-1.6097584165202563,-1.5031578959953829,0.7186494054832009,1.2103390279606332,-0.6993170130083217,-2.546721310516991,36.92735184604054,37.167439762120146,36.76207407825973,14.0,20.0,35.0,6.0,0.0,0.0,0.0,0.0,0.0,0.0,0.0,0.0,0.0,0.0
2026-06-09 08:53:13,-1.3830594168056831,-1.2729875441472105,-2.716456113135962,-2.2839878569850702,1.932025141071743,0.40438675268998914,-2.1280072095227456,0.22240252601180588,36.57470696886613,36.95836865916493,37.021746287752194,14.0,20.0,35.0,6.0,0.0,0.0,0.0,0.0,0.0,0.0,0.0,0.0,0.0,0.0
2026-06-09 08:53:15,0.6570331854849627,-2.5850041479095203,1.4179913829928177,-2.492309364743634,-1.154804642404638,-0.23191509366376106,1.4922305139211378,1.1051697215663339,36.88753029610346,36.99354224232607,36.970336492596665,14.0,20.0,35.0,6.0,0.0,0.0,0.0,0.0,0.0,0.0,0.0,0.0,0.0,0.0
2026-06-09 08:53:16,2.9631536778667975,-1.293894393670109,2.6283540282219784,-1.3629237363356748,-2.367158830412907,-2.152940620770768,1.5713773252062184,2.4223092274399383,36.82170265436667,37.0330862764011,36.95278302383876,14.0,20.0,35.0,6.0,0.0,0.0,0.0,0.0,0.0,0.0,0.0,0.0,0.0,0.0
2026-06-09 08:53:17,2.5898706619151515,-1.6261561157993827,-1.5709043256693889,-2.5556563495667985,-1.654341205543858,-2.4587963415827483,-0.31951740540766416,0.17668516442733928,36.965909607252236,36.868521474838815,36.70830482040248,14.0,20.0,35.0,6.0,0.0,0.0,0.0,0.0,0.0,0.0,0.0,0.0,0.0,0.0
2026-06-09 08:53:18,0.4107183090187956,2.8466801337088192,0.808214772602355,-0.7515969130573916,1.4251997197265025,1.9576951876504571,-2.8790828038424143,1.4270279627625957,36.592976700043685,37.29519511699732,36.725601733030125,14.0,20.0,35.0,6.0,0.0,0.0,0.0,0.0,0.0,0.0,0.0,0.0,0.0,0.0
2026-06-09 08:53:19,-0.15413721843406414,-0.3625043323635353,-0.45540490290984925,-1.006387314246923,-0.18937832095678875,1.7505749008484175,-2.0648986221259595,0.4491131278670215,36.918461505558454,37.27387257674428,36.98058776942388,14.0,20.0,35.0,6.0,0.0,0.0,0.0,0.0,0.0,0.0,0.0,0.0,0.0,0.0
2026-06-09 08:53:20,-2.846862428624373,2.1906848423821303,-1.770637429825837,2.428254898002061,1.674499645963964,0.7774206699369186,2.1004669580138033,2.3560258100839855,36.8489145702487,37.04402565728759,36.78123203974246,14.0,20.0,35.0,6.0,0.0,0.0,0.0,0.0,0.0,0.0,0.0,0.0,0.0,0.0
2026-06-09 08:53:21,-1.8824059421117305,2.9273772807450698,-0.30484204352837896,0.0676227015719042,-2.054566202105402,0.5255302483134958,-2.7979435628188423,-0.7069918272508229,36.842539301431614,37.16134521101411,36.72279625462519,14.0,20.0,35.0,6.0,0.0,0.0,0.0,0.0,0.0,0.0,0.0,0.0,0.0,0.0
2026-06-09 08:53:23,0.956641635272351,0.2692776688939835,1.1044348569810927,-1.4347411704357385,-1.4779770524290217,1.0478175403270766,-0.6745499819856651,-1.9359738789339418,36.88390726843308,37.35770132990867,37.1018224323604,14.0,20.0,35.0,6.0,0.0,0.0,0.0,0.0,0.0,0.0,0.0,0.0,0.0,0.0
2026-06-09 08:53:24,-0.9192723500274473,2.805892589215988,-1.569520165189841,-2.945926153958492,-2.5572090834755743,0.9932872959954713,-2.0493488493801637,-0.9228812148211545,36.57678094342817,37.30421314106835,37.29704371051349,14.0,20.0,35.0,6.0,0.0,0.0,0.0,0.0,0.0,0.0,0.0,0.0,0.0,0.0
2026-06-09 08:53:25,-1.2774107414412936,-1.7467408505650608,-0.6483248555797871,-2.7796185441386303,0.6589371871763605,-2.0645444596510547,-1.1041664060294996,1.7350502466242341,36.66528854839877,37.10416212006446,37.22661176054081,14.0,20.0,35.0,6.0,0.0,0.0,0.0,0.0,0.0,0.0,0.0,0.0,0.0,0.0
2026-06-09 08:53:26,-2.929651086276067,-0.7610254818272364,-2.2045947459028366,-0.7691051245522393,2.6108883693742353,-1.3632083192941586,-2.734641257712079,-0.39252926616565453,36.51998183000902,37.03497880061096,36.86767146062305,14.0,20.0,35.0,6.0,0.0,0.0,0.0,0.0,0.0,0.0,0.0,0.0,0.0,0.0
2026-06-09 08:53:27,2.8066898745716866,-1.3312857988194484,-2.0386309408325753,2.1249622897785105,-0.7604265566789756,-1.0134186574873387,-2.1586422026286156,-1.9998949741691747,36.57013091341457,37.25618447019995,37.06369782278047,14.0,20.0,35.0,6.0,0.0,0.0,0.0,0.0,0.0,0.0,0.0,0.0,0.0,0.0
2026-06-09 08:53:29,0.16894588598648408,2.0728788137124114,0.8947556837247665,-2.9745144902645198,1.711339169594746,0.5062869532202452,2.371601034042273,-0.88637530969444,36.53326132717915,37.0840365154124,37.25027516929325,14.0,20.0,35.0,6.0,0.0,0.0,0.0,0.0,0.0,0.0,0.0,0.0,0.0,0.0
2026-06-09 08:53:30,-0.5620218491638203,2.5706286795961146,1.6436317299264758,0.11702355648653784,2.753239793695622,0.38157453640735195,-2.620320177804743,-1.4343501964769882,36.78882166792852,36.893689602072854,36.8577289495896,14.0,20.0,35.0,6.0,0.0,0.0,0.0,0.0,0.0,0.0,0.0,0.0,0.0,0.0
2026-06-09 08:53:31,2.5177313358158493,2.7616946998973395,2.5818486794380036,0.35478917225608164,2.0437590442087306,-0.4024794772369997,1.5737137339900542,0.32306449006449345,36.559765021306,37.19365394750178,37.27059840047887,14.0,20.0,35.0,6.0,0.0,0.0,0.0,0.0,0.0,0.0,0.0,0.0,0.0,0.0
2026-06-09 08:53:32,2.653164719120694,2.881711511048943,-1.5887767419840617,-2.674726444963383,-1.8024818505581812,0.5659910476781085,-2.964228669003671,0.06016929550659533,36.984781945840616,36.962803896503445,37.03165896308749,14.0,20.0,35.0,6.0,0.0,0.0,0.0,0.0,0.0,0.0,0.0,0.0,0.0,0.0
2026-06-09 08:53:34,1.9265426336653526,0.19933234300994895,2.7565053745907813,-0.20251893339771954,-1.786180744599567,-2.8429375295557184,-1.202190493915348,0.7420010403054542,36.86226897445051,37.31327544142848,37.18851657396907,14.0,20.0,35.0,6.0,0.0,0.0,0.0,0.0,0.0,0.0,0.0,0.0,0.0,0.0
2026-06-09 08:53:35,2.5961690910425297,-2.979456860378951,-2.7490823696126494,1.0455383078377674,-2.4565602131383666,-1.368113347051741,2.5556934722117415,-1.4544495605270207,36.78778093888228,36.85160235920384,36.96937617161586,14.0,20.0,35.0,6.0,0.0,0.0,0.0,0.0,0.0,0.0,0.0,0.0,0.0,0.0
2026-06-09 08:53:36,2.9774486810531817,-2.578986127336911,0.11016544391326999,1.1975762701205017,0.5470926954773114,-2.6139659879210027,-1.3835727142294039,1.5227133233057826,36.59367254731131,37.0493512232703,36.77965416033877,14.0,20.0,35.0,6.0,0.0,0.0,0.0,0.0,0.0,0.0,0.0,0.0,0.0,0.0
2026-06-09 08:53:37,0.960513468468466,-0.29878583174411055,2.9581533641760025,1.3665591314529504,-1.6983987045880105,2.6347473993776704,-1.5253660190111331,1.896164206964575,36.84475760815858,36.81929979426034,37.18848891003702,14.0,20.0,35.0,6.0,0.0,0.0,0.0,0.0,0.0,0.0,0.0,0.0,0.0,0.0
2026-06-09 08:53:38,1.9769339802861845,2.6380217961148347,-0.21339157631657502,1.3460112589032676,2.525564144663429,-1.036259732023186,0.5426190881194835,-1.6940162333352433,36.95891088449821,37.04938074636203,36.952834080768326,14.0,20.0,35.0,6.0,0.0,0.0,0.0,0.0,0.0,0.0,0.0,0.0,0.0,0.0
2026-06-09 08:53:40,-0.8334904862432224,2.785359891388296,2.9633930956849897,0.5464069739381046,1.4243997802799866,2.5003250130002144,2.0786106626492282,0.17361227617517994,37.02450060341939,36.9812685092455,37.26319275930966,14.0,20.0,35.0,6.0,0.0,0.0,0.0,0.0,0.0,0.0,0.0,0.0,0.0,0.0
2026-06-09 08:53:41,2.565556423904609,-2.268005831448721,1.5123052191822586,2.9432467236142417,-2.2365455374417493,-2.1713712190407515,-1.7809233011725392,2.541796660169629,36.60489240193291,37.32000153931398,37.020863433598414,14.0,20.0,35.0,6.0,0.0,0.0,0.0,0.0,0.0,0.0,0.0,0.0,0.0,0.0
2026-06-09 08:53:42,1.8429840506216628,0.9558170987115497,-0.23506942135868947,0.006441589395947744,1.528532218680672,-0.4665706274806558,2.5434868389952774,1.2398457749317782,36.76133602592509,36.962172697330345,37.00306007381963,14.0,20.0,35.0,6.0,0.0,0.0,0.0,0.0,0.0,0.0,0.0,0.0,0.0,0.0
2026-06-09 08:53:44,-0.9989288729724146,-0.7614040826894826,-2.06244370294539,1.9092418607556807,1.7296201851013162,2.131906829103122,-1.5272526887730489,-2.707286844887048,36.992756372471106,36.835232471524876,37.15413704314019,14.0,20.0,35.0,6.0,0.0,0.0,0.0,0.0,0.0,0.0,0.0,0.0,0.0,0.0
2026-06-09 08:53:45,2.854225712529173,-2.8218943055822896,-1.51862616433815,-1.5103877901155773,-2.007778257273759,-1.9498813237873267,-0.8630659552093807,-1.2717927563303937,36.90217556657283,36.98041894790751,37.07845724514261,14.0,20.0,35.0,6.0,0.0,0.0,0.0,0.0,0.0,0.0,0.0,0.0,0.0,0.0
2026-06-09 08:53:46,1.4554316807117846,-0.9035113918577302,1.4029194770170115,-2.462937444306667,-1.2938072906110456,1.2145667753170502,-0.883670176325162,-1.4203492059338683,37.08320006053748,36.98477828790173,37.0746857858173,14.0,20.0,35.0,6.0,0.0,0.0,0.0,0.0,0.0,0.0,0.0,0.0,0.0,0.0
2026-06-09 08:53:47,-1.9700156297318956,0.14445176141305271,2.1727878085497023,-1.6797229841486618,2.057227267980328,-0.860023851240145,2.33587688513114,-2.9239675316751903,37.07069048809544,37.319505316868,36.901524390255005,14.0,20.0,35.0,6.0,0.0,0.0,0.0,0.0,0.0,0.0,0.0,0.0,0.0,0.0
2026-06-09 08:53:49,1.8665458040693101,1.5036557345482837,2.7652389296164435,0.3363594195894821,0.053834763535774766,2.729879242777285,-2.029593780409708,-2.86529967955859,36.72336596535014,36.96100128581914,37.11814791730961,14.0,20.0,35.0,6.0,0.0,0.0,0.0,0.0,0.0,0.0,0.0,0.0,0.0,0.0
2026-06-09 08:53:50,1.9772879298336559,0.8509653988779196,0.29963407284982857,2.8723980249945678,2.9883488588672904,-2.26807898500535,1.1619675353006214,-0.39741173724706336,36.625055300063664,37.24898894792161,37.24412081989666,14.0,20.0,35.0,6.0,0.0,0.0,0.0,0.0,0.0,0.0,0.0,0.0,0.0,0.0
2026-06-09 08:53:51,-0.3385333043883212,0.3720688710838749,2.6215561629919364,1.529610384470713,1.8204089705404733,1.9196024761333401,2.607287462978638,2.781509595703021,37.01766775267291,37.388230645531536,37.178926821917436,14.0,20.0,35.0,6.0,0.0,0.0,0.0,0.0,0.0,0.0,0.0,0.0,0.0,0.0
2026-06-09 08:53:52,-2.9517610671459122,2.0691592609195606,-1.3896732224112132,-2.309932542561069,2.947411358989248,-2.4929117228794637,0.23227932741837254,-0.992495961980282,37.00384974115705,37.083878563385134,37.03399984435173,14.0,20.0,35.0,6.0,0.0,0.0,0.0,0.0,0.0,0.0,0.0,0.0,0.0,0.0
2026-06-09 08:53:53,-0.06785249024250373,0.42010170045029316,-0.7116821844210106,-0.7460068823077268,2.479599596550564,-1.0422250239311903,-2.1014649273506647,-0.13738254985104525,36.880737495942405,37.137742408645586,36.949753299107535,14.0,20.0,35.0,6.0,0.0,0.0,0.0,0.0,0.0,0.0,0.0,0.0,0.0,0.0
2026-06-09 08:53:54,-2.952943114820825,-2.5459667044458927,-1.472464245500526,0.8944376650484323,0.6016221036946336,-2.5584462020906127,2.644227846052397,-0.8611463827515724,36.86352140446681,37.14540575782167,37.17096572824376,14.0,20.0,35.0,6.0,0.0,0.0,0.0,0.0,0.0,0.0,0.0,0.0,0.0,0.0
2026-06-09 08:53:56,-2.2212719837736117,0.9488672333520869,0.4440141660220558,-1.9106013468455272,1.7415644172733993,-2.472498245940512,-1.6798998006123418,1.4956086121678753,36.77306233170914,37.1279518935082,37.12665395785892,14.0,20.0,35.0,6.0,0.0,0.0,0.0,0.0,0.0,0.0,0.0,0.0,0.0,0.0
2026-06-09 08:53:57,-0.46868977832486536,2.528213742436061,1.297649859284344,0.4741253674823733,-2.960810233715651,0.22466334909717922,0.8013598868833469,-1.6861769502693627,36.750407695468255,37.352856892152616,37.14020541720692,14.0,20.0,35.0,6.0,0.0,0.0,0.0,0.0,0.0,0.0,0.0,0.0,0.0,0.0
2026-06-09 08:53:59,2.113578183009439,0.12447456209922958,-0.4221337835779888,0.716963335036922,2.286484693235196,-2.826053717067409,-1.9251124494586977,-2.351858129232588,36.56458023668489,37.00771412826134,37.27127684576857,14.0,20.0,35.0,6.0,0.0,0.0,0.0,0.0,0.0,0.0,0.0,0.0,0.0,0.0
2026-06-09 08:54:00,1.4253090700743503,1.338751010296443,2.8275561822153925,-0.8137939297137646,1.7290681225686004,2.337794598401401,0.3208238915116448,-1.038576741040563,36.57106379200558,37.01166150234122,36.72656784251248,14.0,20.0,35.0,6.0,0.0,0.0,0.0,0.0,0.0,0.0,0.0,0.0,0.0,0.0
2026-06-09 08:54:01,1.1294681573298426,0.7222329599066484,0.8702795131196641,-0.5527908778360295,0.07420482131651918,1.2311222894965175,1.5858249470578336,-1.4497061407204843,37.003918468238716,37.0372995260197,37.10079567363306,14.0,20.0,35.0,6.0,0.0,0.0,0.0,0.0,0.0,0.0,0.0,0.0,0.0,0.0
2026-06-09 08:54:02,2.165797515417931,-2.1896748508513006,0.6572901691032067,-0.3112427977395793,-2.4061432122604867,-0.4554616415089603,2.4062839750036034,-0.25367446163604335,37.0189512601402,37.064180556452335,36.95257849335814,14.0,20.0,35.0,6.0,0.0,0.0,0.0,0.0,0.0,0.0,0.0,0.0,0.0,0.0
2026-06-09 08:54:03,-1.7390271550967662,-0.0945574989037552,-1.8550363074887157,1.1874544057906,-1.2950965311168046,0.7008976532041968,-0.5048955990240298,2.1497291686487436,36.755474721165015,37.283439068598,37.193523404349676,14.0,20.0,35.0,6.0,0.0,0.0,0.0,0.0,0.0,0.0,0.0,0.0,0.0,0.0
2026-06-09 08:54:04,-2.554522959570509,2.6712119969609756,1.4487870603566595,-0.6760771956563296,1.6016663102017636,0.22561511982227067,0.0033523502994814436,-2.414110761037914,36.64677546961115,37.37033745671712,36.971263802982456,14.0,20.0,35.0,6.0,0.0,0.0,0.0,0.0,0.0,0.0,0.0,0.0,0.0,0.0
2026-06-09 08:54:05,2.9345983785808425,0.7675671112738573,0.04564614247991461,-2.4618451164119857,0.7282224880414101,1.6773294879600282,0.9642148505680286,0.977387270207597,36.572230170036775,37.04645468987202,36.8793784964541,14.0,20.0,35.0,6.0,0.0,0.0,0.0,0.0,0.0,0.0,0.0,0.0,0.0,0.0
2026-06-09 08:54:06,2.043204429332742,2.814327242884051,1.1113440782577158,2.3231029790990565,-0.19476581291591488,0.29139001721362146,0.7578279279184703,1.4257940367167796,36.81765393979282,37.16565440443662,37.08209618314007,14.0,20.0,35.0,6.0,0.0,0.0,0.0,0.0,0.0,0.0,0.0,0.0,0.0,0.0
2026-06-09 08:54:07,-2.9465027247483047,1.7264770772469582,0.7743746072104019,-0.6207529105001854,-1.9810173019727781,-0.8079697999650284,-0.09588115677368414,-0.11220722998208865,36.657588341188784,37.25194096767567,37.13279588586302,14.0,20.0,35.0,6.0,0.0,0.0,0.0,0.0,0.0,0.0,0.0,0.0,0.0,0.0
2026-06-09 08:54:08,-1.1054818878651809,-1.8398136836970354,2.6386257224042193,0.11747054222320719,2.787089360891703,1.7012603517578677,2.1831680805000797,2.581658835196845,36.56150072327231,36.81037039846735,37.04041453555726,14.0,20.0,35.0,6.0,0.0,0.0,0.0,0.0,0.0,0.0,0.0,0.0,0.0,0.0
2026-06-09 08:54:10,0.528530835839808,0.23783707837250034,0.2703016632696915,-1.997098229842314,0.46059291683753756,-0.18906956391428942,-0.2922714511946305,-1.3338588971330902,36.85987010593553,37.33324994467639,36.88948166874796,14.0,20.0,35.0,6.0,0.0,0.0,0.0,0.0,0.0,0.0,0.0,0.0,0.0,0.0
2026-06-09 08:54:11,1.0163208547562208,0.9116947050778914,-0.273671634821099,0.7264237100278494,1.4496113354700064,2.309281065746239,-1.126780947765256,-2.331764787188559,37.045052719048485,36.925332393678424,36.83359083625745,14.0,20.0,35.0,6.0,0.0,0.0,0.0,0.0,0.0,0.0,0.0,0.0,0.0,0.0
2026-06-09 08:54:12,-1.0351852404897333,-2.244199439149723,0.03800255793635099,-0.8985047030500715,-1.6894356196272202,-0.6120426637507803,1.491987198736604,1.3518747333797174,36.616583586214745,37.300744688827976,36.96527734449375,14.0,20.0,35.0,6.0,0.0,0.0,0.0,0.0,0.0,0.0,0.0,0.0,0.0,0.0
2026-06-09 08:54:13,-2.3750115307584334,1.774733316119966,-1.5205431964672795,-2.9355571592717364,1.2658138662733034,-1.7921578445223232,2.1443299687616078,-0.98927359829253,36.87569691131143,37.27741970319321,36.89729110208712,14.0,20.0,35.0,6.0,0.0,0.0,0.0,0.0,0.0,0.0,0.0,0.0,0.0,0.0
2026-06-09 08:54:14,2.015762108633555,0.5504840354127474,-0.5200784116854837,0.6829714641782192,2.759056114699895,-2.6112572901466846,-1.7692716910343693,-0.18270363862663075,36.99817652097903,37.08003392942584,37.23233031180887,14.0,20.0,35.0,6.0,0.0,0.0,0.0,0.0,0.0,0.0,0.0,0.0,0.0,0.0
2026-06-09 08:54:16,1.0153865487519091,-2.986097835402342,-1.4972217670128811,-2.2417666237485783,2.125684276844221,-0.4229308466427435,-0.588021755718529,2.8384147945343416,36.729754600594305,37.19889683271137,37.105036404990074,14.0,20.0,35.0,6.0,0.0,0.0,0.0,0.0,0.0,0.0,0.0,0.0,0.0,0.0
2026-06-09 08:54:17,2.961075369493688,-2.3218516346049123,-1.137193595562176,-0.45794762704084313,-2.357943912568251,-1.2625194596420353,-0.42264262721612855,1.860469228894721,36.64811767673229,37.06527148856216,36.768064963376446,14.0,20.0,35.0,6.0,0.0,0.0,0.0,0.0,0.0,0.0,0.0,0.0,0.0,0.0
2026-06-09 08:54:18,-0.5402297385238666,-0.08361508687301011,1.7868379081302148,-2.7442523947281856,-0.6158300843502253,0.7789831644384533,0.39577497782179805,-2.863090509823427,36.91810008385603,36.9563765740849,37.107050635906816,14.0,20.0,35.0,6.0,0.0,0.0,0.0,0.0,0.0,0.0,0.0,0.0,0.0,0.0
2026-06-09 08:54:19,-2.993947702191657,-1.2492210442807457,2.8026558235332155,0.9074863463632026,2.614366109172794,1.0630368211175982,-2.118860916536798,-0.46557944301005083,36.57502062464368,37.09909699503041,36.92394693827767,14.0,20.0,35.0,6.0,0.0,0.0,0.0,0.0,0.0,0.0,0.0,0.0,0.0,0.0
2026-06-09 08:54:20,0.968755236985638,1.0569165385017687,1.839592030115261,0.06732796150472486,1.4729585776774066,1.1966368973043444,-2.497989087095751,-2.8450841870009773,36.72028342583142,37.15538934054393,37.280932560679695,14.0,20.0,35.0,6.0,0.0,0.0,0.0,0.0,0.0,0.0,0.0,0.0,0.0,0.0
2026-06-09 08:54:22,0.2584946578739489,1.915203666041693,1.2589291428876193,0.8781920066083653,2.124098149843369,-2.243759476772455,1.670274553134468,1.973788657239,37.06728113546382,36.92243988913095,36.810211746125304,14.0,20.0,35.0,6.0,0.0,0.0,0.0,0.0,0.0,0.0,0.0,0.0,0.0,0.0
2026-06-09 08:54:23,-1.7955549334901268,2.633967997019469,-0.8143450516811308,-1.2368431126104806,0.9177593924951903,2.243935782807319,-0.7207572674830471,-1.0619611523863057,36.555724385856244,37.28771356181794,37.04672445454377,14.0,20.0,35.0,6.0,0.0,0.0,0.0,0.0,0.0,0.0,0.0,0.0,0.0,0.0
2026-06-09 08:54:24,-0.027790054395222974,2.1805068932988476,-1.2094335605541098,-2.4304207361420795,1.2087818146950173,0.3645084802092722,2.783546667687405,0.28241816539018094,36.668605140485106,36.961087020280765,36.87963325625168,14.0,20.0,35.0,6.0,0.0,0.0,0.0,0.0,0.0,0.0,0.0,0.0,0.0,0.0
2026-06-09 08:54:25,-2.3803245128374657,2.8616697456905635,0.8272740693364069,1.6211497841215934,0.9855487997666397,-1.7540083529940238,2.855614488570648,-1.234823081828974,36.54247285963218,36.928337765838876,36.99113839907202,14.0,20.0,35.0,6.0,0.0,0.0,0.0,0.0,0.0,0.0,0.0,0.0,0.0,0.0
2026-06-09 08:54:27,1.889105681979955,1.095935177267859,1.0192940865222067,1.0016606665546215,0.29051421324688853,-1.881968728109245,0.0655404992966,0.7460980215499777,36.90719193970103,37.035349575385474,37.22105757364205,14.0,20.0,35.0,6.0,0.0,0.0,0.0,0.0,0.0,0.0,0.0,0.0,0.0,0.0
2026-06-09 08:54:28,1.1505801969855005,2.7720729892953386,-0.9792363972173632,-2.9564000160225934,2.9747045890166746,-0.9416755649132051,1.013790947452419,-0.06705331698081896,36.71873462649292,37.223047929272504,36.93462293049315,14.0,20.0,35.0,6.0,0.0,0.0,0.0,0.0,0.0,0.0,0.0,0.0,0.0,0.0
2026-06-09 08:54:29,1.6604341426204607,-0.4988835448865405,-1.6529434760209745,-2.3918873412052504,-2.6266010969014912,-1.3021509400708606,1.3077008328089033,-1.1788881692521713,36.73864321700762,37.38155308001373,37.04718484863521,14.0,20.0,35.0,6.0,0.0,0.0,0.0,0.0,0.0,0.0,0.0,0.0,0.0,0.0
2026-06-09 08:54:30,0.6142006753716909,-2.1875011043459103,-0.047476964801056454,-0.6935892428444612,2.6568272103826995,-2.758615395661555,2.0246338233387142,2.4251568543435624,36.691582372299585,37.07539243002138,36.98900422428288,14.0,20.0,35.0,6.0,0.0,0.0,0.0,0.0,0.0,0.0,0.0,0.0,0.0,0.0
2026-06-09 08:54:31,1.3387637496993285,1.8814413322202448,1.2923818378031946,2.5128242259372895,-1.631847492030485,-1.2349113183296287,1.3417317989947888,0.4577135150462821,36.730332666578065,36.91565558604987,36.74370405844949,14.0,20.0,35.0,6.0,0.0,0.0,0.0,0.0,0.0,0.0,0.0,0.0,0.0,0.0
2026-06-09 08:54:32,-2.549341327809694,1.4854317822557697,1.6839848640147022,1.1320982067459946,-1.3367996309190961,0.13261364592745917,-1.3223085540910464,1.8428194112633616,36.59438300136966,37.068967529896724,37.04720346479371,14.0,20.0,35.0,6.0,0.0,0.0,0.0,0.0,0.0,0.0,0.0,0.0,0.0,0.0
2026-06-09 08:54:33,-2.363440865022084,0.845620600774545,1.3950419606373519,-1.6670448700402076,-0.2859250403864193,2.619624545176766,-2.847175543422499,1.0303369894392898,37.01996755078703,37.12502315518803,37.149538667855715,14.0,20.0,35.0,6.0,0.0,0.0,0.0,0.0,0.0,0.0,0.0,0.0,0.0,0.0
2026-06-09 08:54:35,0.8919921998943625,-0.08040819470835814,-2.7961515341952694,1.0161215478605552,0.9850681167127169,2.043496407882552,2.167958455598116,0.6978669682175873,36.99437109275308,36.80573456694344,37.11901813153941,14.0,20.0,35.0,6.0,0.0,0.0,0.0,0.0,0.0,0.0,0.0,0.0,0.0,0.0
2026-06-09 08:54:36,-2.67049158910587,1.646960416802541,-0.5786487025757783,1.7784075421551435,-0.03900316598377973,-0.48832933846540794,0.0602730204746047,0.7486218444151831,36.99389339876409,36.99633745231545,36.74100271291334,14.0,20.0,35.0,6.0,0.0,0.0,0.0,0.0,0.0,0.0,0.0,0.0,0.0,0.0
2026-06-09 08:54:37,-1.7563436465521596,2.93823005261091,0.2182645554232865,1.7365491205215413,0.299651298006387,0.8780202806125526,-2.190065354206015,2.2275409673287676,36.978596934282585,36.874021308243336,37.132567186359715,14.0,20.0,35.0,6.0,0.0,0.0,0.0,0.0,0.0,0.0,0.0,0.0,0.0,0.0
2026-06-09 08:54:39,-1.7929224604396619,-1.3286837636485456,-1.803143938472353,2.1605845747547363,-0.15866237888338652,-2.635778345387254,2.432458048310311,1.534056487495791,36.620310848423664,36.921698675890916,36.72275926376183,14.0,20.0,35.0,6.0,0.0,0.0,0.0,0.0,0.0,0.0,0.0,0.0,0.0,0.0
2026-06-09 08:54:40,-2.9950606110025815,2.1480882636599716,1.5873137608685148,-2.579013033873796,-0.7874445380693444,-0.6751507311050884,-2.484114719424775,-2.0603531298664133,36.71008410551123,36.969228638941146,36.888676589443406,14.0,20.0,35.0,6.0,0.0,0.0,0.0,0.0,0.0,0.0,0.0,0.0,0.0,0.0
2026-06-09 08:54:41,-0.43494970615459483,1.8392264860052165,-0.8144818118668793,2.272037872392426,2.9139031695041577,2.9039247354832547,-0.623246798158335,-2.8293941623114915,36.54036835434537,37.244551298346344,37.2248203864273,14.0,20.0,35.0,6.0,0.0,0.0,0.0,0.0,0.0,0.0,0.0,0.0,0.0,0.0
2026-06-09 08:54:42,-0.03620012117319682,-1.7576356710619352,0.5619738256494444,1.2287840660647298,-2.100288066129256,0.7603924512284763,1.078179510582852,0.07247901987421379,36.6749202419672,37.30617954829749,37.11804904972916,14.0,20.0,35.0,6.0,0.0,0.0,0.0,0.0,0.0,0.0,0.0,0.0,0.0,0.0
2026-06-09 08:54:43,0.11925806668528516,2.318456045076829,-0.7023825215829085,-1.5179047341147875,1.8681338504031686,2.8332743715461532,2.4226066264972044,-2.11271072627105,37.05459203687298,36.85925637674792,37.0501585631625,14.0,20.0,35.0,6.0,0.0,0.0,0.0,0.0,0.0,0.0,0.0,0.0,0.0,0.0
