Timestamp,PT-3,PT-4,PT-5,PT-6,PT-7,PT-8,PT-9,PT-10,Temperatura EF,Temperatura SF,Temperatura Tanque,Setpoint Conductividad,Conductividad EF,Conductividad SF,Salida Conductividad,Setpoint Temperatura,Presión Transmembrana,Nivel,Valvula 27,C. Deareación,Protector Calefactor,Aire en Sangre,Sangre en dializante,Purga de aire,Cond. Sensor patrón,Temp. Sensor patrón,Cond. Sensor raw
2026-07-10 17:12:19,0.0,0.0,0.0,0.0,0.0,0.0,0.0,0.0,36.80286987682401,37.023032795358205,36.81665433326855,14.0,14.049895774360905,13.98078194494869,0.0,36.0,0.0,0.0,0.0,0.0,0.0,0.0,0.0,0.0,0.0,0.0,0.0
2026-07-10 17:12:19,0.0,0.0,0.0,0.0,0.0,0.0,0.0,0.0,36.7761645848647,37.394428506306454,36.74977399198603,14.0,13.979582531159483,13.992185551001034,0.0,36.0,0.0,0.0,0.0,0.0,0.0,0.0,0.0,0.0,0.0,0.0,0.0
2026-07-10 17:12:20,0.0,0.0,0.0,0.0,0.0,0.0,0.0,0.0,36.619610386758026,37.301844271519855,36.81832227596528,14.0,13.954845296065704,13.96670200233509,0.0,36.0,0.0,0.0,0.0,0.0,0.0,0.0,0.0,0.0,0.0,0.0,0.0
2026-07-10 17:12:20,0.0,0.0,0.0,0.0,0.0,0.0,0.0,0.0,36.832185343087396,36.8506097607698,36.89666379688328,14.0,13.973185814246271,14.036967263985412,0.0,36.0,0.0,0.0,0.0,0.0,0.0,0.0,0.0,0.0,0.0,0.0,0.0
2026-07-10 17:12:21,0.0,0.0,0.0,0.0,0.0,0.0,0.0,0.0,36.61892347177717,37.2269716043638,37.07494735771496,14.0,13.992605855253428,13.992550117569934,0.0,36.0,0.0,0.0,0.0,0.0,0.0,0.0,0.0,0.0,0.0,0.0,0.0
2026-07-10 17:12:21,0.0,0.0,0.0,0.0,0.0,0.0,0.0,0.0,36.50068795520822,36.971791013969124,36.7358513521563,14.0,13.978383813958452,14.04589305707274,0.0,36.0,0.0,0.0,0.0,0.0,0.0,0.0,0.0,0.0,0.0,0.0,0.0
2026-07-10 17:12:22,0.0,0.0,0.0,0.0,0.0,0.0,0.0,0.0,36.80712513456606,36.98337152072217,36.849219901041565,14.0,13.998702559071294,13.99325062802032,0.0,36.0,0.0,0.0,0.0,0.0,0.0,0.0,0.0,0.0,0.0,0.0,0.0
2026-07-10 17:12:22,0.0,0.0,0.0,0.0,0.0,0.0,0.0,0.0,36.57421333534416,37.047080518458245,36.85990028030259,14.0,14.015845839587206,13.976982715839943,0.0,36.0,0.0,0.0,0.0,0.0,0.0,0.0,0.0,0.0,0.0,0.0,0.0
2026-07-10 17:12:23,0.0,0.0,0.0,0.0,0.0,0.0,0.0,0.0,36.74191107191464,37.025036549698356,36.76663917710485,14.0,14.04894363468408,14.003816586903849,0.0,36.0,0.0,0.0,0.0,0.0,0.0,0.0,0.0,0.0,0.0,0.0,0.0
2026-07-10 17:12:23,0.0,0.0,0.0,0.0,0.0,0.0,0.0,0.0,36.943276317116215,37.02206289174296,36.898447535243484,14.0,13.952616050192688,13.978969817122392,0.0,36.0,0.0,0.0,0.0,0.0,0.0,0.0,0.0,0.0,0.0,0.0,0.0
2026-07-10 17:12:24,0.0,0.0,0.0,0.0,0.0,0.0,0.0,0.0,36.9626892683436,37.02100447512419,37.13443867839542,14.0,14.048416590317728,13.958657677349331,0.0,36.0,0.0,0.0,0.0,0.0,0.0,0.0,0.0,0.0,0.0,0.0,0.0
2026-07-10 17:12:24,0.0,0.0,0.0,0.0,0.0,0.0,0.0,0.0,36.7642783018682,36.936057510661364,36.81669718739473,14.0,14.031327542139712,14.03206222289352,0.0,36.0,0.0,0.0,0.0,0.0,0.0,0.0,0.0,0.0,0.0,0.0,0.0
2026-07-10 17:12:25,0.0,0.0,0.0,0.0,0.0,0.0,0.0,0.0,36.6345953114359,37.24375547326678,36.82919934794991,14.0,13.996704074652254,14.0150728861725,0.0,36.0,0.0,0.0,0.0,0.0,0.0,0.0,0.0,0.0,0.0,0.0,0.0
2026-07-10 17:12:25,0.0,0.0,0.0,0.0,0.0,0.0,0.0,0.0,36.85790155860499,37.03008700568689,36.76800933051819,14.0,14.036955595330777,13.976838036300158,0.0,36.0,0.0,0.0,0.0,0.0,0.0,0.0,0.0,0.0,0.0,0.0,0.0
2026-07-10 17:12:26,0.0,0.0,0.0,0.0,0.0,0.0,0.0,0.0,36.77177861822688,36.95163888841954,36.81579380943974,14.0,13.994832419830452,13.983478896186043,0.0,36.0,0.0,0.0,0.0,0.0,0.0,0.0,0.0,0.0,0.0,0.0,0.0
2026-07-10 17:12:26,0.0,0.0,0.0,0.0,0.0,0.0,0.0,0.0,36.741490620548284,37.02876074045577,36.80808888420736,14.0,14.048304135583612,14.049243596847704,0.0,36.0,0.0,0.0,0.0,0.0,0.0,0.0,0.0,0.0,0.0,0.0,0.0
2026-07-10 17:12:27,0.0,0.0,0.0,0.0,0.0,0.0,0.0,0.0,36.60965570062854,37.07352990052905,36.81698815665656,14.0,14.038610485760417,13.970161908198813,0.0,36.0,0.0,0.0,0.0,0.0,0.0,0.0,0.0,0.0,0.0,0.0,0.0
2026-07-10 17:12:27,0.0,0.0,0.0,0.0,0.0,0.0,0.0,0.0,37.00665748727998,36.963350176166706,36.86705652926451,14.0,13.979350234709846,14.00119775123765,0.0,36.0,0.0,0.0,0.0,0.0,0.0,0.0,0.0,0.0,0.0,0.0,0.0
2026-07-10 17:12:28,0.0,0.0,0.0,0.0,0.0,0.0,0.0,0.0,36.96848976778376,36.97063352430158,36.83677592397537,14.0,14.019045090484413,14.038818561292741,0.0,36.0,0.0,0.0,0.0,0.0,0.0,0.0,0.0,0.0,0.0,0.0,0.0
2026-07-10 17:12:28,0.0,0.0,0.0,0.0,0.0,0.0,0.0,0.0,36.67921750090447,37.35858682307808,36.83052026673564,14.0,13.973619239769242,14.033841316186319,0.0,36.0,0.0,0.0,0.0,0.0,0.0,0.0,0.0,0.0,0.0,0.0,0.0
2026-07-10 17:12:29,0.0,0.0,0.0,0.0,0.0,0.0,0.0,0.0,36.78349215579981,37.05295015894346,36.876468793150245,14.0,14.045653728417914,13.96579408866386,0.0,36.0,0.0,0.0,0.0,0.0,0.0,0.0,0.0,0.0,0.0,0.0,0.0
2026-07-10 17:12:29,0.0,0.0,0.0,0.0,0.0,0.0,0.0,0.0,36.67936000279205,36.978012869721354,36.74436692375488,14.0,14.008593229247971,14.039140649719375,0.0,36.0,0.0,0.0,0.0,0.0,0.0,0.0,0.0,0.0,0.0,0.0,0.0
2026-07-10 17:12:30,0.0,0.0,0.0,0.0,0.0,0.0,0.0,0.0,36.828968894691016,37.21868486647049,36.796792791053555,14.0,14.049389682836198,14.011413388255894,0.0,36.0,0.0,0.0,0.0,0.0,0.0,0.0,0.0,0.0,0.0,0.0,0.0
2026-07-10 17:12:30,0.0,0.0,0.0,0.0,0.0,0.0,0.0,0.0,37.010533947540075,36.887895315731136,37.23450942097955,14.0,14.03972831613369,13.998582799852057,0.0,36.0,0.0,0.0,0.0,0.0,0.0,0.0,0.0,0.0,0.0,0.0,0.0
2026-07-10 17:12:31,0.0,0.0,0.0,0.0,0.0,0.0,0.0,0.0,36.873579414972184,37.113431175188325,36.817884202117305,14.0,13.95967217522092,14.031444691412155,0.0,36.0,0.0,0.0,0.0,0.0,0.0,0.0,0.0,0.0,0.0,0.0,0.0
2026-07-10 17:12:31,0.0,0.0,0.0,0.0,0.0,0.0,0.0,0.0,36.733989325553914,37.276649033437174,36.75497511019578,14.0,13.972467257983766,13.979307986432827,0.0,36.0,0.0,0.0,0.0,0.0,0.0,0.0,0.0,0.0,0.0,0.0,0.0
2026-07-10 17:12:32,0.0,0.0,0.0,0.0,0.0,0.0,0.0,0.0,36.903774464392676,37.38702906394031,37.14893663258692,14.0,14.031291966130635,13.958119900891752,0.0,36.0,0.0,0.0,0.0,0.0,0.0,0.0,0.0,0.0,0.0,0.0,0.0
2026-07-10 17:12:32,0.0,0.0,0.0,0.0,0.0,0.0,0.0,0.0,36.575974507747404,36.859951646076816,37.04544577755837,14.0,13.980183418628725,14.02837982475064,0.0,36.0,0.0,0.0,0.0,0.0,0.0,0.0,0.0,0.0,0.0,0.0,0.0
2026-07-10 17:12:33,0.0,0.0,0.0,0.0,0.0,0.0,0.0,0.0,36.5087164780439,37.00579782704241,37.280210143079444,14.0,14.047011183810646,13.99125671623067,0.0,36.0,0.0,0.0,0.0,0.0,0.0,0.0,0.0,0.0,0.0,0.0,0.0
2026-07-10 17:12:33,0.0,0.0,0.0,0.0,0.0,0.0,0.0,0.0,36.58376368336754,37.15310991789704,36.861670855903675,14.0,14.033363656750861,14.003511722067298,0.0,36.0,0.0,0.0,0.0,0.0,0.0,0.0,0.0,0.0,0.0,0.0,0.0
2026-07-10 17:12:34,0.0,0.0,0.0,0.0,0.0,0.0,0.0,0.0,36.657543289452086,36.957093110844056,37.24039364777784,14.0,14.033309827725372,13.987386027318689,0.0,36.0,0.0,0.0,0.0,0.0,0.0,0.0,0.0,0.0,0.0,0.0,0.0
2026-07-10 17:12:34,0.0,0.0,0.0,0.0,0.0,0.0,0.0,0.0,36.843704290356236,37.355208025331,37.22977716764173,14.0,14.013234237421264,14.010560790913338,0.0,36.0,0.0,0.0,0.0,0.0,0.0,0.0,0.0,0.0,0.0,0.0,0.0
2026-07-10 17:12:35,0.0,0.0,0.0,0.0,0.0,0.0,0.0,0.0,36.82304900505666,36.90458198654871,36.92989122391843,14.0,13.95084804838914,14.036201402554278,0.0,36.0,0.0,0.0,0.0,0.0,0.0,0.0,0.0,0.0,0.0,0.0,0.0
2026-07-10 17:12:35,0.0,0.0,0.0,0.0,0.0,0.0,0.0,0.0,36.861161354292705,37.31313649022004,36.79186563484816,14.0,14.023313796736417,13.957397614684886,0.0,36.0,0.0,0.0,0.0,0.0,0.0,0.0,0.0,0.0,0.0,0.0,0.0
2026-07-10 17:12:36,0.0,0.0,0.0,0.0,0.0,0.0,0.0,0.0,36.918883786777286,37.34217310919018,36.722063005576224,14.0,13.990448988416512,14.008717756172468,0.0,36.0,0.0,0.0,0.0,0.0,0.0,0.0,0.0,0.0,0.0,0.0,0.0
2026-07-10 17:12:36,0.0,0.0,0.0,0.0,0.0,0.0,0.0,0.0,36.789275058146956,37.29704735627137,36.71867361312635,14.0,14.00597527342085,14.04692530761225,0.0,36.0,0.0,0.0,0.0,0.0,0.0,0.0,0.0,0.0,0.0,0.0,0.0
2026-07-10 17:12:37,0.0,0.0,0.0,0.0,0.0,0.0,0.0,0.0,36.99205307306536,37.15267614235037,37.06822314527634,14.0,14.009640615660846,14.010606296431096,0.0,36.0,0.0,0.0,0.0,0.0,0.0,0.0,0.0,0.0,0.0,0.0,0.0
2026-07-10 17:12:37,0.0,0.0,0.0,0.0,0.0,0.0,0.0,0.0,36.85928867132556,36.8267785158263,37.169379700506084,14.0,13.986948834188539,14.033037726535953,0.0,36.0,0.0,0.0,0.0,0.0,0.0,0.0,0.0,0.0,0.0,0.0,0.0
2026-07-10 17:12:38,0.0,0.0,0.0,0.0,0.0,0.0,0.0,0.0,36.883335821433874,37.25248941628977,36.7272515912381,14.0,13.957244063682545,14.03456575249161,0.0,36.0,0.0,0.0,0.0,0.0,0.0,0.0,0.0,0.0,0.0,0.0,0.0
2026-07-10 17:12:38,0.0,0.0,0.0,0.0,0.0,0.0,0.0,0.0,36.57514134819251,37.155224640746226,36.70869344803809,14.0,14.014987124123945,14.000773380854048,0.0,36.0,0.0,0.0,0.0,0.0,0.0,0.0,0.0,0.0,0.0,0.0,0.0
2026-07-10 17:12:39,0.0,0.0,0.0,0.0,0.0,0.0,0.0,0.0,37.03132375174764,36.935472073449944,36.72753911225831,14.0,13.969438526982568,13.999280690977853,0.0,36.0,0.0,0.0,0.0,0.0,0.0,0.0,0.0,0.0,0.0,0.0,0.0
2026-07-10 17:12:39,0.0,0.0,0.0,0.0,0.0,0.0,0.0,0.0,37.00139251551238,37.066716181308806,37.24922372424512,14.0,13.953728088458234,14.005763404849187,0.0,36.0,0.0,0.0,0.0,0.0,0.0,0.0,0.0,0.0,0.0,0.0,0.0
2026-07-10 17:12:40,0.0,0.0,0.0,0.0,0.0,0.0,0.0,0.0,36.896963118316606,37.34542688531285,36.9458500676345,14.0,14.015049113935524,14.019192043776949,0.0,36.0,0.0,0.0,0.0,0.0,0.0,0.0,0.0,0.0,0.0,0.0,0.0
2026-07-10 17:12:40,0.0,0.0,0.0,0.0,0.0,0.0,0.0,0.0,36.981752926802656,37.13301889582242,36.766377727548594,14.0,13.969979048410174,14.030678383974157,0.0,36.0,0.0,0.0,0.0,0.0,0.0,0.0,0.0,0.0,0.0,0.0,0.0
2026-07-10 17:12:41,0.0,0.0,0.0,0.0,0.0,0.0,0.0,0.0,36.84779420853549,36.897168363430815,37.0562948514571,14.0,14.011854402361099,14.010982274518593,0.0,36.0,0.0,0.0,0.0,0.0,0.0,0.0,0.0,0.0,0.0,0.0,0.0
2026-07-10 17:12:41,0.0,0.0,0.0,0.0,0.0,0.0,0.0,0.0,36.8670366108664,37.262131135080196,36.85596418601587,14.0,14.02373538131719,13.955766899259144,0.0,36.0,0.0,0.0,0.0,0.0,0.0,0.0,0.0,0.0,0.0,0.0,0.0
2026-07-10 17:12:42,0.0,0.0,0.0,0.0,0.0,0.0,0.0,0.0,36.86028967298394,36.83566301989789,36.818129285207476,14.0,14.023495760540197,13.950453910528557,0.0,36.0,0.0,0.0,0.0,0.0,0.0,0.0,0.0,0.0,0.0,0.0,0.0
2026-07-10 17:12:42,0.0,0.0,0.0,0.0,0.0,0.0,0.0,0.0,36.52272443312941,36.97498723507929,37.16450750155327,14.0,14.043413593142013,13.95520225427061,0.0,36.0,0.0,0.0,0.0,0.0,0.0,0.0,0.0,0.0,0.0,0.0,0.0
2026-07-10 17:12:43,0.0,0.0,0.0,0.0,0.0,0.0,0.0,0.0,37.0864741391264,37.041982698486805,36.75614971048191,14.0,13.99526350113186,14.0278959671373,0.0,36.0,0.0,0.0,0.0,0.0,0.0,0.0,0.0,0.0,0.0,0.0,0.0
2026-07-10 17:12:43,0.0,0.0,0.0,0.0,0.0,0.0,0.0,0.0,36.52352685959382,37.319900047875436,37.22519331023478,14.0,13.990721003289279,14.01333198912166,0.0,36.0,0.0,0.0,0.0,0.0,0.0,0.0,0.0,0.0,0.0,0.0,0.0
2026-07-10 17:12:44,0.0,0.0,0.0,0.0,0.0,0.0,0.0,0.0,36.63244881104467,37.24808342701255,36.964193658842284,14.0,14.005160177048074,14.010273351749216,0.0,36.0,0.0,0.0,0.0,0.0,0.0,0.0,0.0,0.0,0.0,0.0,0.0
2026-07-10 17:12:44,0.0,0.0,0.0,0.0,0.0,0.0,0.0,0.0,36.80713109322058,36.823713627416616,36.85754334715621,14.0,14.026639960028158,14.045599734792864,0.0,36.0,0.0,0.0,0.0,0.0,0.0,0.0,0.0,0.0,0.0,0.0,0.0
2026-07-10 17:12:45,0.0,0.0,0.0,0.0,0.0,0.0,0.0,0.0,36.5640832503906,37.36016093977221,37.11091693103025,14.0,13.963519285585214,14.0477509207042,0.0,36.0,0.0,0.0,0.0,0.0,0.0,0.0,0.0,0.0,0.0,0.0,0.0
2026-07-10 17:12:45,0.0,0.0,0.0,0.0,0.0,0.0,0.0,0.0,36.51818184097483,37.08537369756677,37.165703884238695,14.0,13.988744231928054,13.996107620869832,0.0,36.0,0.0,0.0,0.0,0.0,0.0,0.0,0.0,0.0,0.0,0.0,0.0
2026-07-10 17:12:46,0.0,0.0,0.0,0.0,0.0,0.0,0.0,0.0,36.7845113922055,36.88605998422015,37.037712052959996,14.0,13.97423069887264,13.961390716681471,0.0,36.0,0.0,0.0,0.0,0.0,0.0,0.0,0.0,0.0,0.0,0.0,0.0
2026-07-10 17:12:46,0.0,0.0,0.0,0.0,0.0,0.0,0.0,0.0,36.763125665432945,37.30168905314421,37.07534863583748,14.0,14.002469957085916,13.99877702603636,0.0,36.0,0.0,0.0,0.0,0.0,0.0,0.0,0.0,0.0,0.0,0.0,0.0
2026-07-10 17:12:47,0.0,0.0,0.0,0.0,0.0,0.0,0.0,0.0,36.99509766161945,37.30292487477847,37.24785847953365,14.0,14.036593463567664,14.045155531823498,0.0,36.0,0.0,0.0,0.0,0.0,0.0,0.0,0.0,0.0,0.0,0.0,0.0
2026-07-10 17:12:47,0.0,0.0,0.0,0.0,0.0,0.0,0.0,0.0,36.67290421605198,37.20050593966117,37.010754324515155,14.0,14.00147665813651,13.997570613216075,0.0,36.0,0.0,0.0,0.0,0.0,0.0,0.0,0.0,0.0,0.0,0.0,0.0
2026-07-10 17:12:48,0.0,0.0,0.0,0.0,0.0,0.0,0.0,0.0,36.533356598656816,36.81872910439252,36.86992812634002,14.0,13.955399500538254,14.040428428411364,0.0,36.0,0.0,0.0,0.0,0.0,0.0,0.0,0.0,0.0,0.0,0.0,0.0
2026-07-10 17:12:48,0.0,0.0,0.0,0.0,0.0,0.0,0.0,0.0,36.803502507151826,36.99393450829014,37.22695946460099,14.0,14.020301388967024,14.018562317666275,0.0,36.0,0.0,0.0,0.0,0.0,0.0,0.0,0.0,0.0,0.0,0.0,0.0
2026-07-10 17:12:49,0.0,0.0,0.0,0.0,0.0,0.0,0.0,0.0,36.73089961757506,37.134167842314525,36.94866621903271,14.0,13.963765913405652,13.981607338304524,0.0,36.0,0.0,0.0,0.0,0.0,0.0,0.0,0.0,0.0,0.0,0.0,0.0
2026-07-10 17:12:49,0.0,0.0,0.0,0.0,0.0,0.0,0.0,0.0,36.7189087268333,36.86517531523247,37.14964828627694,14.0,14.031779962030338,14.015427227400046,0.0,36.0,0.0,0.0,0.0,0.0,0.0,0.0,0.0,0.0,0.0,0.0,0.0
2026-07-10 17:12:50,0.0,0.0,0.0,0.0,0.0,0.0,0.0,0.0,36.52615976539367,37.1592064304329,37.06891241574734,14.0,14.036178132453246,14.035667661884025,0.0,36.0,0.0,0.0,0.0,0.0,0.0,0.0,0.0,0.0,0.0,0.0,0.0
2026-07-10 17:12:50,0.0,0.0,0.0,0.0,0.0,0.0,0.0,0.0,36.811917220728475,36.97844775260306,36.846036054334974,14.0,14.042183621699985,13.969218891816205,0.0,36.0,0.0,0.0,0.0,0.0,0.0,0.0,0.0,0.0,0.0,0.0,0.0
2026-07-10 17:12:51,0.0,0.0,0.0,0.0,0.0,0.0,0.0,0.0,36.61417435679676,37.16534264165182,37.05509792504429,14.0,14.019230985809717,13.997064994982377,0.0,36.0,0.0,0.0,0.0,0.0,0.0,0.0,0.0,0.0,0.0,0.0,0.0
2026-07-10 17:12:51,0.0,0.0,0.0,0.0,0.0,0.0,0.0,0.0,36.685820148484886,37.28218932973569,36.749720294235196,14.0,13.990565964514875,13.976628722531482,0.0,36.0,0.0,0.0,0.0,0.0,0.0,0.0,0.0,0.0,0.0,0.0,0.0
2026-07-10 17:12:52,0.0,0.0,0.0,0.0,0.0,0.0,0.0,0.0,36.64897855838017,36.97674827116219,36.7777609586887,14.0,13.960145940935174,13.978394297856207,0.0,36.0,0.0,0.0,0.0,0.0,0.0,0.0,0.0,0.0,0.0,0.0,0.0
2026-07-10 17:12:52,0.0,0.0,0.0,0.0,0.0,0.0,0.0,0.0,36.85166470980397,37.183586170183766,37.25725298041179,14.0,14.027713698516884,14.002916920783619,0.0,36.0,0.0,0.0,0.0,0.0,0.0,0.0,0.0,0.0,0.0,0.0,0.0
2026-07-10 17:12:53,0.0,0.0,0.0,0.0,0.0,0.0,0.0,0.0,36.860888962166236,37.0368779369436,37.26987085905523,14.0,13.962947369477133,13.973060084577666,0.0,36.0,0.0,0.0,0.0,0.0,0.0,0.0,0.0,0.0,0.0,0.0,0.0
2026-07-10 17:12:53,0.0,0.0,0.0,0.0,0.0,0.0,0.0,0.0,37.04777809271536,37.056069854269715,36.816889619376255,14.0,14.040735729087839,14.045282017880947,0.0,36.0,0.0,0.0,0.0,0.0,0.0,0.0,0.0,0.0,0.0,0.0,0.0
2026-07-10 17:12:54,0.0,0.0,0.0,0.0,0.0,0.0,0.0,0.0,36.92699012625073,37.267786917172174,36.9031888035872,14.0,14.03287957215114,13.984843980272297,0.0,36.0,0.0,0.0,0.0,0.0,0.0,0.0,0.0,0.0,0.0,0.0,0.0
2026-07-10 17:12:54,0.0,0.0,0.0,0.0,0.0,0.0,0.0,0.0,36.705261094626024,37.032274417365464,37.25398291336628,14.0,13.980811423060468,13.991239112851462,0.0,36.0,0.0,0.0,0.0,0.0,0.0,0.0,0.0,0.0,0.0,0.0,0.0
2026-07-10 17:12:55,0.0,0.0,0.0,0.0,0.0,0.0,0.0,0.0,36.889571311574215,37.163188959119985,37.020815903913174,14.0,14.020383657773284,13.956775162806382,0.0,36.0,0.0,0.0,0.0,0.0,0.0,0.0,0.0,0.0,0.0,0.0,0.0
2026-07-10 17:12:55,0.0,0.0,0.0,0.0,0.0,0.0,0.0,0.0,36.949291930001664,37.06488711811099,36.92493077185689,14.0,13.982937091531364,14.004834288826544,0.0,36.0,0.0,0.0,0.0,0.0,0.0,0.0,0.0,0.0,0.0,0.0,0.0
2026-07-10 17:12:56,0.0,0.0,0.0,0.0,0.0,0.0,0.0,0.0,36.529979978128445,36.80622090337407,36.861848073683646,14.0,14.048740088220262,14.04356552540792,0.0,36.0,0.0,0.0,0.0,0.0,0.0,0.0,0.0,0.0,0.0,0.0,0.0
2026-07-10 17:12:56,0.0,0.0,0.0,0.0,0.0,0.0,0.0,0.0,36.89513507466198,37.286016028939045,37.04151527980309,14.0,13.989025840865928,14.042709113607353,0.0,36.0,0.0,0.0,0.0,0.0,0.0,0.0,0.0,0.0,0.0,0.0,0.0
2026-07-10 17:12:57,0.0,0.0,0.0,0.0,0.0,0.0,0.0,0.0,37.00025918067621,37.395534415178574,37.0578683766398,14.0,13.96752671554128,14.007381772776963,0.0,36.0,0.0,0.0,0.0,0.0,0.0,0.0,0.0,0.0,0.0,0.0,0.0
2026-07-10 17:12:57,0.0,0.0,0.0,0.0,0.0,0.0,0.0,0.0,36.91497333587852,37.08910277482665,36.74472004161808,14.0,13.950103385696767,14.005403958422828,0.0,36.0,0.0,0.0,0.0,0.0,0.0,0.0,0.0,0.0,0.0,0.0,0.0
2026-07-10 17:12:58,0.0,0.0,0.0,0.0,0.0,0.0,0.0,0.0,37.08689895601525,37.20477869258972,37.278080974159494,14.0,14.00578126143991,13.964045474573753,0.0,36.0,0.0,0.0,0.0,0.0,0.0,0.0,0.0,0.0,0.0,0.0,0.0
2026-07-10 17:12:58,0.0,0.0,0.0,0.0,0.0,0.0,0.0,0.0,36.90524399503366,37.233979834954106,37.15926984509687,14.0,14.046649656346894,13.985735385124658,0.0,36.0,0.0,0.0,0.0,0.0,0.0,0.0,0.0,0.0,0.0,0.0,0.0
2026-07-10 17:12:59,0.0,0.0,0.0,0.0,0.0,0.0,0.0,0.0,36.96499681103672,37.185997129588536,37.222067453912636,14.0,14.018358405239702,13.976624365066622,0.0,36.0,0.0,0.0,0.0,0.0,0.0,0.0,0.0,0.0,0.0,0.0,0.0
2026-07-10 17:12:59,0.0,0.0,0.0,0.0,0.0,0.0,0.0,0.0,36.64026537479234,37.04904270473576,36.9752328157346,14.0,13.998385654318843,13.950846689526044,0.0,36.0,0.0,0.0,0.0,0.0,0.0,0.0,0.0,0.0,0.0,0.0,0.0
2026-07-10 17:13:00,0.0,0.0,0.0,0.0,0.0,0.0,0.0,0.0,36.530829674305124,36.91237753020033,36.796761977477644,14.0,13.95919635042847,13.963358153416994,0.0,36.0,0.0,0.0,0.0,0.0,0.0,0.0,0.0,0.0,0.0,0.0,0.0
2026-07-10 17:13:00,0.0,0.0,0.0,0.0,0.0,0.0,0.0,0.0,36.8618357875657,37.377290547124055,37.268019820195455,14.0,14.03580287620729,13.96046285752321,0.0,36.0,0.0,0.0,0.0,0.0,0.0,0.0,0.0,0.0,0.0,0.0,0.0
2026-07-10 17:13:01,0.0,0.0,0.0,0.0,0.0,0.0,0.0,0.0,36.53932795769125,36.96469658782734,37.268049234344126,14.0,14.034675972341937,13.975397621638574,0.0,36.0,0.0,0.0,0.0,0.0,0.0,0.0,0.0,0.0,0.0,0.0,0.0
2026-07-10 17:13:01,0.0,0.0,0.0,0.0,0.0,0.0,0.0,0.0,36.61935891931955,37.25774433433029,37.21542078870806,14.0,14.029745741793375,13.957899331321668,0.0,36.0,0.0,0.0,0.0,0.0,0.0,0.0,0.0,0.0,0.0,0.0,0.0
2026-07-10 17:13:02,0.0,0.0,0.0,0.0,0.0,0.0,0.0,0.0,36.6427912734102,37.17792871366756,36.871220470017064,14.0,13.988996136589991,13.991932844179424,0.0,36.0,0.0,0.0,0.0,0.0,0.0,0.0,0.0,0.0,0.0,0.0,0.0
2026-07-10 17:13:02,0.0,0.0,0.0,0.0,0.0,0.0,0.0,0.0,36.97322764920435,36.98466671679986,36.7508316601237,14.0,14.01133402566181,13.989640947275076,0.0,36.0,0.0,0.0,0.0,0.0,0.0,0.0,0.0,0.0,0.0,0.0,0.0
2026-07-10 17:13:03,0.0,0.0,0.0,0.0,0.0,0.0,0.0,0.0,37.05641420563713,37.234626334090365,37.02901280326474,14.0,14.029377109437439,13.982531542469934,0.0,36.0,0.0,0.0,0.0,0.0,0.0,0.0,0.0,0.0,0.0,0.0,0.0
2026-07-10 17:13:03,0.0,0.0,0.0,0.0,0.0,0.0,0.0,0.0,36.82231989651392,37.22437109069434,36.96836642478557,14.0,14.013515404414415,13.986887793065657,0.0,36.0,0.0,0.0,0.0,0.0,0.0,0.0,0.0,0.0,0.0,0.0,0.0
2026-07-10 17:13:04,0.0,0.0,0.0,0.0,0.0,0.0,0.0,0.0,36.91560792776993,37.380779723508965,36.719305857926,14.0,13.983210048366336,13.985649776423553,0.0,36.0,0.0,0.0,0.0,0.0,0.0,0.0,0.0,0.0,0.0,0.0,0.0
2026-07-10 17:13:04,0.0,0.0,0.0,0.0,0.0,0.0,0.0,0.0,36.87608622627463,37.01902317067058,36.80193129896087,14.0,13.978464627206694,13.982621521789833,0.0,36.0,0.0,0.0,0.0,0.0,0.0,0.0,0.0,0.0,0.0,0.0,0.0
2026-07-10 17:13:05,0.0,0.0,0.0,0.0,0.0,0.0,0.0,0.0,36.58053052715594,37.269987895440146,37.17197789502706,14.0,14.02283826620637,13.951712036380382,0.0,36.0,0.0,0.0,0.0,0.0,0.0,0.0,0.0,0.0,0.0,0.0,0.0
2026-07-10 17:13:05,0.0,0.0,0.0,0.0,0.0,0.0,0.0,0.0,36.910032281852175,37.235230907058906,37.18401904582546,14.0,14.037054846242222,13.976842246111726,0.0,36.0,0.0,0.0,0.0,0.0,0.0,0.0,0.0,0.0,0.0,0.0,0.0
2026-07-10 17:13:06,0.0,0.0,0.0,0.0,0.0,0.0,0.0,0.0,36.541618821722125,37.103037764137014,36.76359240191611,14.0,13.975508637086689,14.011089166527203,0.0,36.0,0.0,0.0,0.0,0.0,0.0,0.0,0.0,0.0,0.0,0.0,0.0
2026-07-10 17:13:06,0.0,0.0,0.0,0.0,0.0,0.0,0.0,0.0,36.86606668662347,36.97474455580604,37.16964958013405,14.0,14.01169604247472,14.012267237365377,0.0,36.0,0.0,0.0,0.0,0.0,0.0,0.0,0.0,0.0,0.0,0.0,0.0
2026-07-10 17:13:07,0.0,0.0,0.0,0.0,0.0,0.0,0.0,0.0,36.73451964187427,36.81957544529266,37.22484457812093,14.0,13.988595032566783,14.035180116528196,0.0,36.0,0.0,0.0,0.0,0.0,0.0,0.0,0.0,0.0,0.0,0.0,0.0
2026-07-10 17:13:07,0.0,0.0,0.0,0.0,0.0,0.0,0.0,0.0,37.081000223249944,37.161924114038165,36.72169670319069,14.0,13.97803338795941,14.049292781204992,0.0,36.0,0.0,0.0,0.0,0.0,0.0,0.0,0.0,0.0,0.0,0.0,0.0
2026-07-10 17:13:08,0.0,0.0,0.0,0.0,0.0,0.0,0.0,0.0,36.58481416536339,36.90952213868463,37.12928677201444,14.0,13.995186188136167,13.969271502975236,0.0,36.0,0.0,0.0,0.0,0.0,0.0,0.0,0.0,0.0,0.0,0.0,0.0
2026-07-10 17:13:08,0.0,0.0,0.0,0.0,0.0,0.0,0.0,0.0,36.61928542218304,36.85268972337334,37.28284048648345,14.0,14.038870405082445,14.041364339136303,0.0,36.0,0.0,0.0,0.0,0.0,0.0,0.0,0.0,0.0,0.0,0.0,0.0
2026-07-10 17:13:09,0.0,0.0,0.0,0.0,0.0,0.0,0.0,0.0,36.89993476155945,37.011926999803634,37.21068472846768,14.0,14.047278266869307,13.962428175523318,0.0,36.0,0.0,0.0,0.0,0.0,0.0,0.0,0.0,0.0,0.0,0.0,0.0
2026-07-10 17:13:09,0.0,0.0,0.0,0.0,0.0,0.0,0.0,0.0,37.05493051559043,37.17970601586886,37.1741151577291,14.0,14.029999538888031,13.975109669199519,0.0,36.0,0.0,0.0,0.0,0.0,0.0,0.0,0.0,0.0,0.0,0.0,0.0
2026-07-10 17:13:10,0.0,0.0,0.0,0.0,0.0,0.0,0.0,0.0,37.02931638448828,37.060840360155744,37.05751666976733,14.0,13.989769556057812,14.014264234233234,0.0,36.0,0.0,0.0,0.0,0.0,0.0,0.0,0.0,0.0,0.0,0.0,0.0
2026-07-10 17:13:10,0.0,0.0,0.0,0.0,0.0,0.0,0.0,0.0,36.52949349485102,36.98202645234974,36.70775153855207,14.0,14.030066803815318,13.96186060223357,0.0,36.0,0.0,0.0,0.0,0.0,0.0,0.0,0.0,0.0,0.0,0.0,0.0
2026-07-10 17:13:11,0.0,0.0,0.0,0.0,0.0,0.0,0.0,0.0,36.93826250096028,37.10641764291822,37.061129604198975,14.0,14.04893696824339,13.953759357649117,0.0,36.0,0.0,0.0,0.0,0.0,0.0,0.0,0.0,0.0,0.0,0.0,0.0
2026-07-10 17:13:11,0.0,0.0,0.0,0.0,0.0,0.0,0.0,0.0,37.0433052967256,37.36444767933354,37.1514907526258,14.0,13.973844364251532,14.048715222047226,0.0,36.0,0.0,0.0,0.0,0.0,0.0,0.0,0.0,0.0,0.0,0.0,0.0
2026-07-10 17:13:12,0.0,0.0,0.0,0.0,0.0,0.0,0.0,0.0,36.714783237556574,37.38032761174421,36.85039735931346,14.0,13.973121239742659,13.997787808212058,0.0,36.0,0.0,0.0,0.0,0.0,0.0,0.0,0.0,0.0,0.0,0.0,0.0
2026-07-10 17:13:12,0.0,0.0,0.0,0.0,0.0,0.0,0.0,0.0,36.954202739838024,37.0415416069049,37.05279690402929,14.0,13.99195914135677,14.026220676400357,0.0,36.0,0.0,0.0,0.0,0.0,0.0,0.0,0.0,0.0,0.0,0.0,0.0
2026-07-10 17:13:13,0.0,0.0,0.0,0.0,0.0,0.0,0.0,0.0,36.920838921652795,37.27904685180363,36.71072858468701,14.0,14.041822010474872,13.971006453348393,0.0,36.0,0.0,0.0,0.0,0.0,0.0,0.0,0.0,0.0,0.0,0.0,0.0
2026-07-10 17:13:13,0.0,0.0,0.0,0.0,0.0,0.0,0.0,0.0,36.70820295341952,37.358183903738386,37.15738679265491,14.0,13.957479638949131,14.035941662247328,0.0,36.0,0.0,0.0,0.0,0.0,0.0,0.0,0.0,0.0,0.0,0.0,0.0
2026-07-10 17:13:14,0.0,0.0,0.0,0.0,0.0,0.0,0.0,0.0,36.58118978892943,37.07644244268338,37.26990016896452,14.0,13.999273424024338,14.01608819311318,0.0,36.0,0.0,0.0,0.0,0.0,0.0,0.0,0.0,0.0,0.0,0.0,0.0
2026-07-10 17:13:14,0.0,0.0,0.0,0.0,0.0,0.0,0.0,0.0,36.83075881051055,36.932410038955155,37.026947027800915,14.0,13.99968420055169,13.977381494084607,0.0,36.0,0.0,0.0,0.0,0.0,0.0,0.0,0.0,0.0,0.0,0.0,0.0
2026-07-10 17:13:15,0.0,0.0,0.0,0.0,0.0,0.0,0.0,0.0,36.87980288004186,37.05172617376873,36.94360303329891,14.0,14.022747941972678,13.992005704131648,0.0,36.0,0.0,0.0,0.0,0.0,0.0,0.0,0.0,0.0,0.0,0.0,0.0
2026-07-10 17:13:15,0.0,0.0,0.0,0.0,0.0,0.0,0.0,0.0,36.606501394054106,37.15343276610794,37.08181336402259,14.0,14.024966413738584,13.965968332701548,0.0,36.0,0.0,0.0,0.0,0.0,0.0,0.0,0.0,0.0,0.0,0.0,0.0
2026-07-10 17:13:16,0.0,0.0,0.0,0.0,0.0,0.0,0.0,0.0,36.94620769379292,36.89910453962096,36.97781194090635,14.0,14.027977799801054,14.030502045563649,0.0,36.0,0.0,0.0,0.0,0.0,0.0,0.0,0.0,0.0,0.0,0.0,0.0
2026-07-10 17:13:16,0.0,0.0,0.0,0.0,0.0,0.0,0.0,0.0,36.824370964367496,36.847687486975666,36.74980622333622,14.0,13.961806297687707,14.023376697394998,0.0,36.0,0.0,0.0,0.0,0.0,0.0,0.0,0.0,0.0,0.0,0.0,0.0
2026-07-10 17:13:17,0.0,0.0,0.0,0.0,0.0,0.0,0.0,0.0,36.56477076854514,37.144233544133286,36.98777203854335,14.0,13.95256957993084,14.004259348116333,0.0,36.0,0.0,0.0,0.0,0.0,0.0,0.0,0.0,0.0,0.0,0.0,0.0
2026-07-10 17:13:17,0.0,0.0,0.0,0.0,0.0,0.0,0.0,0.0,36.84646369104537,36.944585954161624,36.98331444699003,14.0,13.988529223234178,14.004351787624842,0.0,36.0,0.0,0.0,0.0,0.0,0.0,0.0,0.0,0.0,0.0,0.0,0.0
2026-07-10 17:13:18,0.0,0.0,0.0,0.0,0.0,0.0,0.0,0.0,36.69651173771632,37.336162661973574,36.983966202303854,14.0,13.954469515222119,14.046977744087178,0.0,36.0,0.0,0.0,0.0,0.0,0.0,0.0,0.0,0.0,0.0,0.0,0.0
2026-07-10 17:13:18,0.0,0.0,0.0,0.0,0.0,0.0,0.0,0.0,36.54818041132581,36.96729329962034,37.15319970867177,14.0,13.962277538921294,14.01294237865425,0.0,36.0,0.0,0.0,0.0,0.0,0.0,0.0,0.0,0.0,0.0,0.0,0.0
2026-07-10 17:13:19,0.0,0.0,0.0,0.0,0.0,0.0,0.0,0.0,36.521895462724785,36.98933126232785,37.113043442283804,14.0,14.037250831930729,14.04866372927935,0.0,36.0,0.0,0.0,0.0,0.0,0.0,0.0,0.0,0.0,0.0,0.0,0.0
2026-07-10 17:13:19,0.0,0.0,0.0,0.0,0.0,0.0,0.0,0.0,36.654759045549575,36.82847900810971,36.780585673684826,14.0,14.000578104455698,14.03055454297132,0.0,36.0,0.0,0.0,0.0,0.0,0.0,0.0,0.0,0.0,0.0,0.0,0.0
2026-07-10 17:13:20,0.0,0.0,0.0,0.0,0.0,0.0,0.0,0.0,36.539623127535314,37.10532203671808,36.89952914706303,14.0,14.044074407020203,14.006107658865464,0.0,36.0,0.0,0.0,0.0,0.0,0.0,0.0,0.0,0.0,0.0,0.0,0.0
2026-07-10 17:13:20,0.0,0.0,0.0,0.0,0.0,0.0,0.0,0.0,36.625511293385465,37.21183223140471,36.94728780757352,14.0,13.97663482643362,13.96146851363529,0.0,36.0,0.0,0.0,0.0,0.0,0.0,0.0,0.0,0.0,0.0,0.0,0.0
2026-07-10 17:13:21,0.0,0.0,0.0,0.0,0.0,0.0,0.0,0.0,36.889570652031736,37.396542413487154,36.96823481843215,14.0,14.018943683306507,13.962745173633708,0.0,36.0,0.0,0.0,0.0,0.0,0.0,0.0,0.0,0.0,0.0,0.0,0.0
2026-07-10 17:13:21,0.0,0.0,0.0,0.0,0.0,0.0,0.0,0.0,36.81536023758166,37.11529850849842,37.00188238933449,14.0,13.995478207272887,13.985829692032157,0.0,36.0,0.0,0.0,0.0,0.0,0.0,0.0,0.0,0.0,0.0,0.0,0.0
2026-07-10 17:13:22,0.0,0.0,0.0,0.0,0.0,0.0,0.0,0.0,37.01913556152473,37.082544124711674,37.23747711971935,14.0,14.04872768919867,14.030060503203726,0.0,36.0,0.0,0.0,0.0,0.0,0.0,0.0,0.0,0.0,0.0,0.0,0.0
2026-07-10 17:13:22,0.0,0.0,0.0,0.0,0.0,0.0,0.0,0.0,36.67018993821146,37.08998952995424,37.01619285214763,14.0,13.976464316858033,13.97901711283065,0.0,36.0,0.0,0.0,0.0,0.0,0.0,0.0,0.0,0.0,0.0,0.0,0.0
2026-07-10 17:13:23,0.0,0.0,0.0,0.0,0.0,0.0,0.0,0.0,36.65483108472971,36.89310391236581,37.07894005512474,14.0,14.033072493651135,14.023891560872311,0.0,36.0,0.0,0.0,0.0,0.0,0.0,0.0,0.0,0.0,0.0,0.0,0.0
2026-07-10 17:13:23,0.0,0.0,0.0,0.0,0.0,0.0,0.0,0.0,36.53134455615331,36.91040233090952,36.7920581070059,14.0,14.001480444254264,14.031657800820051,0.0,36.0,0.0,0.0,0.0,0.0,0.0,0.0,0.0,0.0,0.0,0.0,0.0
2026-07-10 17:13:53,0.0,0.0,0.0,0.0,0.0,0.0,0.0,0.0,36.76448811552069,37.14132008549021,37.05443740143794,14.0,14.030820196200361,14.018087491549243,0.0,36.0,0.0,0.0,0.0,0.0,0.0,0.0,0.0,0.0,0.0,0.0,0.0
2026-07-10 17:13:53,0.0,0.0,0.0,0.0,0.0,0.0,0.0,0.0,36.939251025085305,37.31616824276623,37.21320836835062,14.0,14.000321692126262,13.999138633704316,0.0,36.0,0.0,0.0,0.0,0.0,0.0,0.0,0.0,0.0,0.0,0.0,0.0
2026-07-10 17:13:54,0.0,0.0,0.0,0.0,0.0,0.0,0.0,0.0,36.69028031609549,37.15355490446622,37.161784833406266,14.0,14.013588377828714,14.025943359233214,0.0,36.0,0.0,0.0,0.0,0.0,0.0,0.0,0.0,0.0,0.0,0.0,0.0
2026-07-10 17:13:54,0.0,0.0,0.0,0.0,0.0,0.0,0.0,0.0,36.5828410546085,37.01805732053401,37.073041725129976,14.0,13.993899797404067,14.026308170204993,0.0,36.0,0.0,0.0,0.0,0.0,0.0,0.0,0.0,0.0,0.0,0.0,0.0
2026-07-10 17:13:55,0.0,0.0,0.0,0.0,0.0,0.0,0.0,0.0,36.5451797210927,37.3866923676977,36.856531507334736,14.0,14.023521623982438,14.023612177952073,0.0,36.0,0.0,0.0,0.0,0.0,0.0,0.0,0.0,0.0,0.0,0.0,0.0
2026-07-10 17:13:55,0.0,0.0,0.0,0.0,0.0,0.0,0.0,0.0,36.83131581180695,36.819307469358876,37.29308888059171,14.0,14.033931797333958,13.969707112653529,0.0,36.0,0.0,0.0,0.0,0.0,0.0,0.0,0.0,0.0,0.0,0.0,0.0
2026-07-10 17:13:56,0.0,0.0,0.0,0.0,0.0,0.0,0.0,0.0,36.78553236551944,37.01763604718757,36.939521801225354,14.0,14.02234863529674,14.02890631386214,0.0,36.0,0.0,0.0,0.0,0.0,0.0,0.0,0.0,0.0,0.0,0.0,0.0
2026-07-10 17:13:56,0.0,0.0,0.0,0.0,0.0,0.0,0.0,0.0,36.606366972984155,37.05387931923926,37.12079455159878,14.0,13.99070886159151,13.990522009250952,0.0,36.0,0.0,0.0,0.0,0.0,0.0,0.0,0.0,0.0,0.0,0.0,0.0
2026-07-10 17:13:57,0.0,0.0,0.0,0.0,0.0,0.0,0.0,0.0,37.035364927068244,37.07300151402067,36.766575496111145,14.0,13.986975671059344,13.960858793056396,0.0,36.0,0.0,0.0,0.0,0.0,0.0,0.0,0.0,0.0,0.0,0.0,0.0
2026-07-10 17:13:57,0.0,0.0,0.0,0.0,0.0,0.0,0.0,0.0,36.84617310696816,37.37541413392306,37.14810068304614,14.0,14.008412801825617,13.983635391185846,0.0,36.0,0.0,0.0,0.0,0.0,0.0,0.0,0.0,0.0,0.0,0.0,0.0
2026-07-10 17:13:58,0.0,0.0,0.0,0.0,0.0,0.0,0.0,0.0,36.55143184221215,37.29951810019148,36.74472255722465,14.0,13.962053107877734,13.956934435145094,0.0,36.0,0.0,0.0,0.0,0.0,0.0,0.0,0.0,0.0,0.0,0.0,0.0
2026-07-10 17:13:58,0.0,0.0,0.0,0.0,0.0,0.0,0.0,0.0,36.85171761411501,37.26619409685332,36.89966264847852,14.0,13.980946857298425,14.015347029912864,0.0,36.0,0.0,0.0,0.0,0.0,0.0,0.0,0.0,0.0,0.0,0.0,0.0
2026-07-10 17:13:59,0.0,0.0,0.0,0.0,0.0,0.0,0.0,0.0,36.82841821657987,37.02853928174899,36.979986085893295,14.0,14.035265070854392,14.003679114933778,0.0,36.0,0.0,0.0,0.0,0.0,0.0,0.0,0.0,0.0,0.0,0.0,0.0
2026-07-10 17:13:59,0.0,0.0,0.0,0.0,0.0,0.0,0.0,0.0,36.900205225250716,36.966951750418815,36.70816562170292,14.0,13.966674286257843,14.03675668064285,0.0,36.0,0.0,0.0,0.0,0.0,0.0,0.0,0.0,0.0,0.0,0.0,0.0
2026-07-10 17:14:00,0.0,0.0,0.0,0.0,0.0,0.0,0.0,0.0,36.900669759475655,37.34345647851345,36.830913230614996,14.0,13.950951985443995,13.951149468944532,0.0,36.0,0.0,0.0,0.0,0.0,0.0,0.0,0.0,0.0,0.0,0.0,0.0
2026-07-10 17:14:00,0.0,0.0,0.0,0.0,0.0,0.0,0.0,0.0,37.06871860603136,37.357689840958535,37.2091581257193,14.0,14.003040227454493,14.00357693016531,0.0,36.0,0.0,0.0,0.0,0.0,0.0,0.0,0.0,0.0,0.0,0.0,0.0
2026-07-10 17:14:01,0.0,0.0,0.0,0.0,0.0,0.0,0.0,0.0,36.96065630226329,36.91992834742275,36.76535314923375,14.0,13.959375786540079,13.972584531187126,0.0,36.0,0.0,0.0,0.0,0.0,0.0,0.0,0.0,0.0,0.0,0.0,0.0
2026-07-10 17:14:01,0.0,0.0,0.0,0.0,0.0,0.0,0.0,0.0,36.73539238903352,37.30142720731944,37.18492193664732,14.0,14.039138405961616,14.011625230638867,0.0,36.0,0.0,0.0,0.0,0.0,0.0,0.0,0.0,0.0,0.0,0.0,0.0
2026-07-10 17:14:02,0.0,0.0,0.0,0.0,0.0,0.0,0.0,0.0,36.6065953517365,37.30954104453908,36.910463872467794,14.0,14.017678023471433,13.971820425697524,0.0,36.0,0.0,0.0,0.0,0.0,0.0,0.0,0.0,0.0,0.0,0.0,0.0
2026-07-10 17:14:02,0.0,0.0,0.0,0.0,0.0,0.0,0.0,0.0,36.51634578717322,36.98702508900419,37.12405871046366,14.0,13.974742780649775,14.04106508701978,0.0,36.0,0.0,0.0,0.0,0.0,0.0,0.0,0.0,0.0,0.0,0.0,0.0
2026-07-10 17:14:03,0.0,0.0,0.0,0.0,0.0,0.0,0.0,0.0,36.64895162042912,37.164599447907264,36.90147624006691,14.0,13.951908269794075,13.957483679102031,0.0,36.0,0.0,0.0,0.0,0.0,0.0,0.0,0.0,0.0,0.0,0.0,0.0
2026-07-10 17:14:03,0.0,0.0,0.0,0.0,0.0,0.0,0.0,0.0,36.55927673877214,37.17898983071912,37.04170924982356,14.0,14.008718612911597,14.022954529251098,0.0,36.0,0.0,0.0,0.0,0.0,0.0,0.0,0.0,0.0,0.0,0.0,0.0
2026-07-10 17:14:04,0.0,0.0,0.0,0.0,0.0,0.0,0.0,0.0,36.93956356872839,36.97931284587253,36.99212081850908,14.0,14.03283845070308,14.041141709641312,0.0,36.0,0.0,0.0,0.0,0.0,0.0,0.0,0.0,0.0,0.0,0.0,0.0
2026-07-10 17:14:04,0.0,0.0,0.0,0.0,0.0,0.0,0.0,0.0,37.071390351105606,37.214923432003566,37.11824494372857,14.0,14.033038362586245,13.984573569856677,0.0,36.0,0.0,0.0,0.0,0.0,0.0,0.0,0.0,0.0,0.0,0.0,0.0
2026-07-10 17:14:05,0.0,0.0,0.0,0.0,0.0,0.0,0.0,0.0,36.70912216140362,37.0973131526628,36.86188786570174,14.0,13.96003175333196,14.033980182277713,0.0,36.0,0.0,0.0,0.0,0.0,0.0,0.0,0.0,0.0,0.0,0.0,0.0
2026-07-10 17:14:05,0.0,0.0,0.0,0.0,0.0,0.0,0.0,0.0,37.008389126176986,37.2471122677142,36.71721485818184,14.0,14.027735211864858,14.043181803456182,0.0,36.0,0.0,0.0,0.0,0.0,0.0,0.0,0.0,0.0,0.0,0.0,0.0
2026-07-10 17:14:06,0.0,0.0,0.0,0.0,0.0,0.0,0.0,0.0,36.93232834707858,36.82653527151603,36.89091422125963,14.0,13.986760894915703,14.00301997502569,0.0,36.0,0.0,0.0,0.0,0.0,0.0,0.0,0.0,0.0,0.0,0.0,0.0
2026-07-10 17:14:06,0.0,0.0,0.0,0.0,0.0,0.0,0.0,0.0,36.813619883085806,37.283526648063926,37.12448895957565,14.0,14.029101846563526,14.04278493446433,0.0,36.0,0.0,0.0,0.0,0.0,0.0,0.0,0.0,0.0,0.0,0.0,0.0
2026-07-10 17:14:07,0.0,0.0,0.0,0.0,0.0,0.0,0.0,0.0,36.891407204881396,37.105499699816775,37.16731985452074,14.0,13.991448881644498,13.974509333330976,0.0,36.0,0.0,0.0,0.0,0.0,0.0,0.0,0.0,0.0,0.0,0.0,0.0
2026-07-10 17:14:07,0.0,0.0,0.0,0.0,0.0,0.0,0.0,0.0,36.834044078078264,37.34707418681852,36.99122086089204,14.0,13.966448592826527,14.01845302767192,0.0,36.0,0.0,0.0,0.0,0.0,0.0,0.0,0.0,0.0,0.0,0.0,0.0
2026-07-10 17:14:08,0.0,0.0,0.0,0.0,0.0,0.0,0.0,0.0,36.77383902401774,36.89797897431973,36.87546464021959,14.0,14.01890780318271,14.001925025035916,0.0,36.0,0.0,0.0,0.0,0.0,0.0,0.0,0.0,0.0,0.0,0.0,0.0
2026-07-10 17:14:08,0.0,0.0,0.0,0.0,0.0,0.0,0.0,0.0,36.658533553487885,37.03896797970023,36.88348372229904,14.0,13.994159227295551,14.04715029092333,0.0,36.0,0.0,0.0,0.0,0.0,0.0,0.0,0.0,0.0,0.0,0.0,0.0
2026-07-10 17:14:09,0.0,0.0,0.0,0.0,0.0,0.0,0.0,0.0,36.801318899222636,36.91669555945407,36.884801593533325,14.0,13.99382444247196,14.045048197421854,0.0,36.0,0.0,0.0,0.0,0.0,0.0,0.0,0.0,0.0,0.0,0.0,0.0
2026-07-10 17:14:09,0.0,0.0,0.0,0.0,0.0,0.0,0.0,0.0,36.64450179937535,37.181526656345866,36.95671912174687,14.0,13.958752127240839,14.02302639027473,0.0,36.0,0.0,0.0,0.0,0.0,0.0,0.0,0.0,0.0,0.0,0.0,0.0
2026-07-10 17:14:10,0.0,0.0,0.0,0.0,0.0,0.0,0.0,0.0,36.72721830392489,37.16830701674935,37.20130769617765,14.0,14.019274178628727,13.995704500817144,0.0,36.0,0.0,0.0,0.0,0.0,0.0,0.0,0.0,0.0,0.0,0.0,0.0
2026-07-10 17:14:10,0.0,0.0,0.0,0.0,0.0,0.0,0.0,0.0,36.6456354676397,37.16921431744675,36.87704420950038,14.0,13.968087525072841,14.003637080906136,0.0,36.0,0.0,0.0,0.0,0.0,0.0,0.0,0.0,0.0,0.0,0.0,0.0
2026-07-10 17:14:11,0.0,0.0,0.0,0.0,0.0,0.0,0.0,0.0,36.70578303597876,37.165733347171226,36.97316541838705,14.0,14.018470924032451,13.952198947027531,0.0,36.0,0.0,0.0,0.0,0.0,0.0,0.0,0.0,0.0,0.0,0.0,0.0
2026-07-10 17:14:11,0.0,0.0,0.0,0.0,0.0,0.0,0.0,0.0,37.03320136566364,37.0124094632414,37.213813852376234,14.0,13.97573164762443,14.013859768374004,0.0,36.0,0.0,0.0,0.0,0.0,0.0,0.0,0.0,0.0,0.0,0.0,0.0
2026-07-10 17:14:12,0.0,0.0,0.0,0.0,0.0,0.0,0.0,0.0,36.86449131298192,37.30365640541688,37.297728773172985,14.0,14.034068779233339,14.042981930098271,0.0,36.0,0.0,0.0,0.0,0.0,0.0,0.0,0.0,0.0,0.0,0.0,0.0
2026-07-10 17:14:12,0.0,0.0,0.0,0.0,0.0,0.0,0.0,0.0,36.5584073495678,37.02891602542027,36.97533284106715,14.0,13.974189649953592,14.01854593675142,0.0,36.0,0.0,0.0,0.0,0.0,0.0,0.0,0.0,0.0,0.0,0.0,0.0
2026-07-10 17:14:13,0.0,0.0,0.0,0.0,0.0,0.0,0.0,0.0,36.52757529047826,37.0615453373457,36.879342388560396,14.0,14.033986526612876,14.027617915084429,0.0,36.0,0.0,0.0,0.0,0.0,0.0,0.0,0.0,0.0,0.0,0.0,0.0
2026-07-10 17:14:13,0.0,0.0,0.0,0.0,0.0,0.0,0.0,0.0,36.847709149095024,36.99852511135631,37.1986519378242,14.0,14.030014296046831,13.994265981475488,0.0,36.0,0.0,0.0,0.0,0.0,0.0,0.0,0.0,0.0,0.0,0.0,0.0
2026-07-10 17:14:14,0.0,0.0,0.0,0.0,0.0,0.0,0.0,0.0,36.70227997335744,37.2598387045129,37.14710229116803,14.0,13.961826648973322,13.995646276508014,0.0,36.0,0.0,0.0,0.0,0.0,0.0,0.0,0.0,0.0,0.0,0.0,0.0
2026-07-10 17:14:14,0.0,0.0,0.0,0.0,0.0,0.0,0.0,0.0,36.80231119196164,37.182870938114355,36.74102008873426,14.0,14.016985762910927,14.023854486765797,0.0,36.0,0.0,0.0,0.0,0.0,0.0,0.0,0.0,0.0,0.0,0.0,0.0
2026-07-10 17:14:15,0.0,0.0,0.0,0.0,0.0,0.0,0.0,0.0,36.816759841783416,37.183769354073846,37.1933085746697,14.0,13.981688494738123,13.970918009496103,0.0,36.0,0.0,0.0,0.0,0.0,0.0,0.0,0.0,0.0,0.0,0.0,0.0
2026-07-10 17:14:15,0.0,0.0,0.0,0.0,0.0,0.0,0.0,0.0,36.963392405320285,36.84349176453091,36.853093707130135,14.0,13.961383390512529,14.028578027348681,0.0,36.0,0.0,0.0,0.0,0.0,0.0,0.0,0.0,0.0,0.0,0.0,0.0
2026-07-10 17:14:16,0.0,0.0,0.0,0.0,0.0,0.0,0.0,0.0,37.08306079115283,37.326593418509916,37.239986333648,14.0,13.953764951795545,14.030425702038043,0.0,36.0,0.0,0.0,0.0,0.0,0.0,0.0,0.0,0.0,0.0,0.0,0.0
2026-07-10 17:14:16,0.0,0.0,0.0,0.0,0.0,0.0,0.0,0.0,36.82831055179997,37.041318033044085,36.70766454606623,14.0,14.023833486163642,13.966729758220387,0.0,36.0,0.0,0.0,0.0,0.0,0.0,0.0,0.0,0.0,0.0,0.0,0.0
2026-07-10 17:14:17,0.0,0.0,0.0,0.0,0.0,0.0,0.0,0.0,36.89248950672795,37.13874470889422,36.70562229008171,14.0,13.994359462975543,14.0466671107287,0.0,36.0,0.0,0.0,0.0,0.0,0.0,0.0,0.0,0.0,0.0,0.0,0.0
2026-07-10 17:14:17,0.0,0.0,0.0,0.0,0.0,0.0,0.0,0.0,36.5679168937183,37.38708626968274,37.12171838385316,14.0,14.038510875872719,13.963081684671593,0.0,36.0,0.0,0.0,0.0,0.0,0.0,0.0,0.0,0.0,0.0,0.0,0.0
2026-07-10 17:14:18,0.0,0.0,0.0,0.0,0.0,0.0,0.0,0.0,36.59578489961246,37.39280598653896,37.25399775502158,14.0,14.03525173261646,14.04745436093793,0.0,36.0,0.0,0.0,0.0,0.0,0.0,0.0,0.0,0.0,0.0,0.0,0.0
2026-07-10 17:14:18,0.0,0.0,0.0,0.0,0.0,0.0,0.0,0.0,37.08910676229978,37.22731837231719,37.25155488283477,14.0,14.019008957712204,13.98158779133778,0.0,36.0,0.0,0.0,0.0,0.0,0.0,0.0,0.0,0.0,0.0,0.0,0.0
2026-07-10 17:14:19,0.0,0.0,0.0,0.0,0.0,0.0,0.0,0.0,36.752915358093944,37.141754625230604,36.785521088017866,14.0,13.98851273883836,14.037112685886234,0.0,36.0,0.0,0.0,0.0,0.0,0.0,0.0,0.0,0.0,0.0,0.0,0.0
2026-07-10 17:14:19,0.0,0.0,0.0,0.0,0.0,0.0,0.0,0.0,36.653184407235784,37.14459789669383,36.86396821465174,14.0,13.99225072121457,14.026693583337535,0.0,36.0,0.0,0.0,0.0,0.0,0.0,0.0,0.0,0.0,0.0,0.0,0.0
2026-07-10 17:14:20,0.0,0.0,0.0,0.0,0.0,0.0,0.0,0.0,36.61040073957868,37.39968948730224,36.96330178513128,14.0,14.047154196520655,13.99044872222342,0.0,36.0,0.0,0.0,0.0,0.0,0.0,0.0,0.0,0.0,0.0,0.0,0.0
2026-07-10 17:14:20,0.0,0.0,0.0,0.0,0.0,0.0,0.0,0.0,36.57663857614225,37.29986249966736,37.22644315274963,14.0,13.95385947359275,13.968477546039722,0.0,36.0,0.0,0.0,0.0,0.0,0.0,0.0,0.0,0.0,0.0,0.0,0.0
2026-07-10 17:14:21,0.0,0.0,0.0,0.0,0.0,0.0,0.0,0.0,36.65183491896713,36.90477429409498,37.28215167091,14.0,13.963122110864617,13.982851107661995,0.0,36.0,0.0,0.0,0.0,0.0,0.0,0.0,0.0,0.0,0.0,0.0,0.0
2026-07-10 17:14:21,0.0,0.0,0.0,0.0,0.0,0.0,0.0,0.0,36.967493112444636,37.216553917721924,36.93366897294556,14.0,14.032770510236057,14.035814828228581,0.0,36.0,0.0,0.0,0.0,0.0,0.0,0.0,0.0,0.0,0.0,0.0,0.0
2026-07-10 17:14:22,0.0,0.0,0.0,0.0,0.0,0.0,0.0,0.0,36.65362162768656,37.23889401493112,36.838534247573634,14.0,14.001895224612737,14.017727963802127,0.0,36.0,0.0,0.0,0.0,0.0,0.0,0.0,0.0,0.0,0.0,0.0,0.0
2026-07-10 17:14:22,0.0,0.0,0.0,0.0,0.0,0.0,0.0,0.0,36.60313894758052,37.19475994859099,36.84824364067396,14.0,14.00876772720454,14.016065144711003,0.0,36.0,0.0,0.0,0.0,0.0,0.0,0.0,0.0,0.0,0.0,0.0,0.0
2026-07-10 17:14:23,0.0,0.0,0.0,0.0,0.0,0.0,0.0,0.0,36.619890353334235,37.296969527695644,36.900206682408864,14.0,13.997840671422598,13.984795804672238,0.0,36.0,0.0,0.0,0.0,0.0,0.0,0.0,0.0,0.0,0.0,0.0,0.0
2026-07-10 17:14:23,0.0,0.0,0.0,0.0,0.0,0.0,0.0,0.0,37.09369486369988,36.817857302033396,36.84597379579353,14.0,14.047403491533386,14.032591879122826,0.0,36.0,0.0,0.0,0.0,0.0,0.0,0.0,0.0,0.0,0.0,0.0,0.0
2026-07-10 17:14:24,0.0,0.0,0.0,0.0,0.0,0.0,0.0,0.0,36.60012183833076,37.0943248335974,36.82520060264071,14.0,13.973354667655173,14.021330608670723,0.0,36.0,0.0,0.0,0.0,0.0,0.0,0.0,0.0,0.0,0.0,0.0,0.0
2026-07-10 17:14:24,0.0,0.0,0.0,0.0,0.0,0.0,0.0,0.0,36.6217608340043,36.93046956454508,37.01316744624463,14.0,14.0464302228375,13.97274080080813,0.0,36.0,0.0,0.0,0.0,0.0,0.0,0.0,0.0,0.0,0.0,0.0,0.0
2026-07-10 17:14:25,0.0,0.0,0.0,0.0,0.0,0.0,0.0,0.0,36.64214638422424,37.36932787875978,37.08334965445366,14.0,14.015116878434272,14.035477140845996,0.0,36.0,0.0,0.0,0.0,0.0,0.0,0.0,0.0,0.0,0.0,0.0,0.0
2026-07-10 17:14:25,0.0,0.0,0.0,0.0,0.0,0.0,0.0,0.0,36.68157187589553,37.32798192217051,36.86662337840372,14.0,14.01736577921693,14.005824705016035,0.0,36.0,0.0,0.0,0.0,0.0,0.0,0.0,0.0,0.0,0.0,0.0,0.0
2026-07-10 17:14:26,0.0,0.0,0.0,0.0,0.0,0.0,0.0,0.0,36.75199783620788,37.33667165116647,37.19651343280873,14.0,14.047238199791968,14.012052299108682,0.0,36.0,0.0,0.0,0.0,0.0,0.0,0.0,0.0,0.0,0.0,0.0,0.0
2026-07-10 17:14:26,0.0,0.0,0.0,0.0,0.0,0.0,0.0,0.0,36.69253654357513,36.90034269141115,37.20000853060174,14.0,13.957972114888356,14.009785066908455,0.0,36.0,0.0,0.0,0.0,0.0,0.0,0.0,0.0,0.0,0.0,0.0,0.0
2026-07-10 17:14:27,0.0,0.0,0.0,0.0,0.0,0.0,0.0,0.0,36.67212276653645,37.38178781129734,36.70922945729065,14.0,13.998361160683523,13.977593789195938,0.0,36.0,0.0,0.0,0.0,0.0,0.0,0.0,0.0,0.0,0.0,0.0,0.0
2026-07-10 17:14:27,0.0,0.0,0.0,0.0,0.0,0.0,0.0,0.0,37.01241095577284,36.96342656160773,37.12163217188556,14.0,13.969359204738556,14.010982513149722,0.0,36.0,0.0,0.0,0.0,0.0,0.0,0.0,0.0,0.0,0.0,0.0,0.0
2026-07-10 17:14:28,0.0,0.0,0.0,0.0,0.0,0.0,0.0,0.0,36.68192728160123,37.22481221998339,37.00307235680751,14.0,13.979848099509011,14.0151096129343,0.0,36.0,0.0,0.0,0.0,0.0,0.0,0.0,0.0,0.0,0.0,0.0,0.0
2026-07-10 17:14:28,0.0,0.0,0.0,0.0,0.0,0.0,0.0,0.0,36.890573980281104,37.01394713230537,37.24634708719728,14.0,14.016196147993234,14.007613386892936,0.0,36.0,0.0,0.0,0.0,0.0,0.0,0.0,0.0,0.0,0.0,0.0,0.0
2026-07-10 17:14:29,0.0,0.0,0.0,0.0,0.0,0.0,0.0,0.0,36.74977151470508,37.294625592384776,37.267124237748334,14.0,14.033445821969153,14.00023899060696,0.0,36.0,0.0,0.0,0.0,0.0,0.0,0.0,0.0,0.0,0.0,0.0,0.0
2026-07-10 17:14:29,0.0,0.0,0.0,0.0,0.0,0.0,0.0,0.0,36.66060260534021,36.96222898994957,37.19685349096579,14.0,13.988246171050823,13.96460140350625,0.0,36.0,0.0,0.0,0.0,0.0,0.0,0.0,0.0,0.0,0.0,0.0,0.0
2026-07-10 17:14:30,0.0,0.0,0.0,0.0,0.0,0.0,0.0,0.0,36.76137119285052,36.88818880852273,37.12283741009336,14.0,13.980881493805061,14.040071885511113,0.0,36.0,0.0,0.0,0.0,0.0,0.0,0.0,0.0,0.0,0.0,0.0,0.0
2026-07-10 17:14:30,0.0,0.0,0.0,0.0,0.0,0.0,0.0,0.0,36.52306440338658,37.31536781273204,36.755069865821504,14.0,14.002966538806803,14.021638501514332,0.0,36.0,0.0,0.0,0.0,0.0,0.0,0.0,0.0,0.0,0.0,0.0,0.0
2026-07-10 17:14:31,0.0,0.0,0.0,0.0,0.0,0.0,0.0,0.0,37.08427406036168,36.92204501527908,36.79977734285644,14.0,14.039593802654537,14.026686559308274,0.0,36.0,0.0,0.0,0.0,0.0,0.0,0.0,0.0,0.0,0.0,0.0,0.0
2026-07-10 17:14:31,0.0,0.0,0.0,0.0,0.0,0.0,0.0,0.0,36.691820648525585,36.98585790602037,37.117083041575654,14.0,13.981576466298002,13.97527525537361,0.0,36.0,0.0,0.0,0.0,0.0,0.0,0.0,0.0,0.0,0.0,0.0,0.0
2026-07-10 17:14:32,0.0,0.0,0.0,0.0,0.0,0.0,0.0,0.0,37.0904102154985,37.14307917677631,37.0242635465671,14.0,13.98770677516465,14.029404511631196,0.0,36.0,0.0,0.0,0.0,0.0,0.0,0.0,0.0,0.0,0.0,0.0,0.0
2026-07-10 17:14:32,0.0,0.0,0.0,0.0,0.0,0.0,0.0,0.0,37.06240581164638,37.327814129462425,37.10805145993795,14.0,13.99674878484807,14.013636344970008,0.0,36.0,0.0,0.0,0.0,0.0,0.0,0.0,0.0,0.0,0.0,0.0,0.0
2026-07-10 17:14:33,0.0,0.0,0.0,0.0,0.0,0.0,0.0,0.0,37.08716222860139,37.19312683917287,37.211280198228856,14.0,13.995204124003173,13.964371824715444,0.0,36.0,0.0,0.0,0.0,0.0,0.0,0.0,0.0,0.0,0.0,0.0,0.0
2026-07-10 17:14:33,0.0,0.0,0.0,0.0,0.0,0.0,0.0,0.0,36.62067271925448,36.89630768668382,36.90125007796842,14.0,13.986111872109381,14.049586251586023,0.0,36.0,0.0,0.0,0.0,0.0,0.0,0.0,0.0,0.0,0.0,0.0,0.0
2026-07-10 17:14:34,0.0,0.0,0.0,0.0,0.0,0.0,0.0,0.0,36.82609427227718,37.302870045743155,36.88247242358041,14.0,13.966748764224292,14.01579435319064,0.0,36.0,0.0,0.0,0.0,0.0,0.0,0.0,0.0,0.0,0.0,0.0,0.0
2026-07-10 17:14:34,0.0,0.0,0.0,0.0,0.0,0.0,0.0,0.0,36.86931086891274,37.345717005886605,36.9749058117496,14.0,14.039553567429655,14.047960733504803,0.0,36.0,0.0,0.0,0.0,0.0,0.0,0.0,0.0,0.0,0.0,0.0,0.0
2026-07-10 17:14:35,0.0,0.0,0.0,0.0,0.0,0.0,0.0,0.0,37.03172862428867,37.28159987234338,36.983033986001914,14.0,13.955889885894035,14.033895970983087,0.0,36.0,0.0,0.0,0.0,0.0,0.0,0.0,0.0,0.0,0.0,0.0,0.0
2026-07-10 17:14:35,0.0,0.0,0.0,0.0,0.0,0.0,0.0,0.0,36.89026801649999,37.346057914448664,36.74079041247993,14.0,14.022220080015266,14.002404615864453,0.0,36.0,0.0,0.0,0.0,0.0,0.0,0.0,0.0,0.0,0.0,0.0,0.0
2026-07-10 17:14:36,0.0,0.0,0.0,0.0,0.0,0.0,0.0,0.0,36.6561356476301,37.3264629613246,37.19603502653798,14.0,14.007952662886485,14.009801411726151,0.0,36.0,0.0,0.0,0.0,0.0,0.0,0.0,0.0,0.0,0.0,0.0,0.0
2026-07-10 17:14:36,0.0,0.0,0.0,0.0,0.0,0.0,0.0,0.0,36.725104080978255,37.046978147583744,36.713311551157034,14.0,14.023958597654937,14.036684456868423,0.0,36.0,0.0,0.0,0.0,0.0,0.0,0.0,0.0,0.0,0.0,0.0,0.0
2026-07-10 17:14:37,0.0,0.0,0.0,0.0,0.0,0.0,0.0,0.0,36.68890602087104,37.308624127276545,36.817741781731776,14.0,14.024194427475264,14.013187969775895,0.0,36.0,0.0,0.0,0.0,0.0,0.0,0.0,0.0,0.0,0.0,0.0,0.0
2026-07-10 17:14:37,0.0,0.0,0.0,0.0,0.0,0.0,0.0,0.0,37.078336375587334,37.18251590551762,37.008633024057374,14.0,13.961675518417936,14.014331443386023,0.0,36.0,0.0,0.0,0.0,0.0,0.0,0.0,0.0,0.0,0.0,0.0,0.0
2026-07-10 17:14:38,0.0,0.0,0.0,0.0,0.0,0.0,0.0,0.0,36.7768606874574,37.39092527561923,37.0568547036994,14.0,14.002691930246366,14.017319862152139,0.0,36.0,0.0,0.0,0.0,0.0,0.0,0.0,0.0,0.0,0.0,0.0,0.0
2026-07-10 17:14:38,0.0,0.0,0.0,0.0,0.0,0.0,0.0,0.0,36.766785154773096,36.97961704929264,36.77787820295217,14.0,14.027387901205271,14.047933813242501,0.0,36.0,0.0,0.0,0.0,0.0,0.0,0.0,0.0,0.0,0.0,0.0,0.0
2026-07-10 17:14:39,0.0,0.0,0.0,0.0,0.0,0.0,0.0,0.0,36.66478734474257,37.261877816013865,37.14458621789772,14.0,14.019233203549119,13.982094825696516,0.0,36.0,0.0,0.0,0.0,0.0,0.0,0.0,0.0,0.0,0.0,0.0,0.0
2026-07-10 17:14:39,0.0,0.0,0.0,0.0,0.0,0.0,0.0,0.0,36.90452230640234,37.16678386854847,37.056129371757066,14.0,14.043336604458423,13.954723275991743,0.0,36.0,0.0,0.0,0.0,0.0,0.0,0.0,0.0,0.0,0.0,0.0,0.0
2026-07-10 17:14:40,0.0,0.0,0.0,0.0,0.0,0.0,0.0,0.0,36.54201040489446,37.39298995816554,36.926998348320495,14.0,13.994928627239403,13.95906899069681,0.0,36.0,0.0,0.0,0.0,0.0,0.0,0.0,0.0,0.0,0.0,0.0,0.0
2026-07-10 17:14:40,0.0,0.0,0.0,0.0,0.0,0.0,0.0,0.0,36.616150990652045,36.87858212900655,37.09594944624054,14.0,13.968819849618766,14.022431582893963,0.0,36.0,0.0,0.0,0.0,0.0,0.0,0.0,0.0,0.0,0.0,0.0,0.0
2026-07-10 17:14:41,0.0,0.0,0.0,0.0,0.0,0.0,0.0,0.0,36.549568795142406,37.21873666228075,37.1224276659687,14.0,14.006986431148224,14.040081907106902,0.0,36.0,0.0,0.0,0.0,0.0,0.0,0.0,0.0,0.0,0.0,0.0,0.0
2026-07-10 17:14:41,0.0,0.0,0.0,0.0,0.0,0.0,0.0,0.0,36.89370840018274,36.83981626066393,37.22916582400221,14.0,13.956019506883518,13.95664073105084,0.0,36.0,0.0,0.0,0.0,0.0,0.0,0.0,0.0,0.0,0.0,0.0,0.0
2026-07-10 17:14:42,0.0,0.0,0.0,0.0,0.0,0.0,0.0,0.0,36.60224766652227,37.03044460475881,37.2792624315791,14.0,14.046776082313796,13.985711880376675,0.0,36.0,0.0,0.0,0.0,0.0,0.0,0.0,0.0,0.0,0.0,0.0,0.0
2026-07-10 17:14:42,0.0,0.0,0.0,0.0,0.0,0.0,0.0,0.0,37.01396939394788,36.951519249916785,37.015711534685416,14.0,14.027935325511299,13.978898981601946,0.0,36.0,0.0,0.0,0.0,0.0,0.0,0.0,0.0,0.0,0.0,0.0,0.0
2026-07-10 17:14:43,0.0,0.0,0.0,0.0,0.0,0.0,0.0,0.0,36.857532828997776,36.98772174633492,36.87790294767606,14.0,13.996924827640909,14.048054288440255,0.0,36.0,0.0,0.0,0.0,0.0,0.0,0.0,0.0,0.0,0.0,0.0,0.0
2026-07-10 17:14:43,0.0,0.0,0.0,0.0,0.0,0.0,0.0,0.0,36.66643368579011,36.83458799699472,37.24515443218204,14.0,14.01739688828684,14.04427238242168,0.0,36.0,0.0,0.0,0.0,0.0,0.0,0.0,0.0,0.0,0.0,0.0,0.0
2026-07-10 17:14:44,0.0,0.0,0.0,0.0,0.0,0.0,0.0,0.0,36.831008743937495,37.28585767375291,36.74314531147937,14.0,14.015079668057977,14.049109623545394,0.0,36.0,0.0,0.0,0.0,0.0,0.0,0.0,0.0,0.0,0.0,0.0,0.0
2026-07-10 17:14:44,0.0,0.0,0.0,0.0,0.0,0.0,0.0,0.0,36.74756936701085,37.27237615628663,37.27229333468996,14.0,13.970233110470666,14.041655925893405,0.0,36.0,0.0,0.0,0.0,0.0,0.0,0.0,0.0,0.0,0.0,0.0,0.0
2026-07-10 17:14:45,0.0,0.0,0.0,0.0,0.0,0.0,0.0,0.0,37.07231602512786,37.02080570182705,37.14329316986087,14.0,14.006970597270884,13.995390708865907,0.0,36.0,0.0,0.0,0.0,0.0,0.0,0.0,0.0,0.0,0.0,0.0,0.0
2026-07-10 17:14:45,0.0,0.0,0.0,0.0,0.0,0.0,0.0,0.0,37.06829236672366,37.312800701678654,37.13996361807055,14.0,13.992506675437209,13.99310570084238,0.0,36.0,0.0,0.0,0.0,0.0,0.0,0.0,0.0,0.0,0.0,0.0,0.0
2026-07-10 17:14:46,0.0,0.0,0.0,0.0,0.0,0.0,0.0,0.0,36.924292451807744,37.24632492092708,36.955094717392186,14.0,13.983552649317359,13.996728566621574,0.0,36.0,0.0,0.0,0.0,0.0,0.0,0.0,0.0,0.0,0.0,0.0,0.0
2026-07-10 17:14:46,0.0,0.0,0.0,0.0,0.0,0.0,0.0,0.0,36.74689039075754,36.99529499688188,36.89609582063799,14.0,14.037841230714976,14.034666766788504,0.0,36.0,0.0,0.0,0.0,0.0,0.0,0.0,0.0,0.0,0.0,0.0,0.0
2026-07-10 17:14:47,0.0,0.0,0.0,0.0,0.0,0.0,0.0,0.0,36.5491550177109,37.157026040170926,36.94591331395671,14.0,13.986532169061983,13.961067770263961,0.0,36.0,0.0,0.0,0.0,0.0,0.0,0.0,0.0,0.0,0.0,0.0,0.0
2026-07-10 17:14:47,0.0,0.0,0.0,0.0,0.0,0.0,0.0,0.0,36.82508078487443,36.88798938770614,36.92998745792421,14.0,14.04416349928525,13.956441127053477,0.0,36.0,0.0,0.0,0.0,0.0,0.0,0.0,0.0,0.0,0.0,0.0,0.0
2026-07-10 17:14:48,0.0,0.0,0.0,0.0,0.0,0.0,0.0,0.0,36.75613657473144,37.001509298097695,36.7576417964864,14.0,13.957166042393373,14.045145102904819,0.0,36.0,0.0,0.0,0.0,0.0,0.0,0.0,0.0,0.0,0.0,0.0,0.0
2026-07-10 17:14:48,0.0,0.0,0.0,0.0,0.0,0.0,0.0,0.0,36.699155346017065,36.95273996340884,37.070709419375866,14.0,13.984302631129996,13.965933912025983,0.0,36.0,0.0,0.0,0.0,0.0,0.0,0.0,0.0,0.0,0.0,0.0,0.0
2026-07-10 17:14:49,0.0,0.0,0.0,0.0,0.0,0.0,0.0,0.0,37.09317685102717,36.812788979716146,36.99124847327209,14.0,13.993187899438507,13.982284172027056,0.0,36.0,0.0,0.0,0.0,0.0,0.0,0.0,0.0,0.0,0.0,0.0,0.0
2026-07-10 17:14:49,0.0,0.0,0.0,0.0,0.0,0.0,0.0,0.0,37.0702556306113,37.398775176879894,36.84891710206634,14.0,14.007789516780473,13.965649201170354,0.0,36.0,0.0,0.0,0.0,0.0,0.0,0.0,0.0,0.0,0.0,0.0,0.0
2026-07-10 17:14:50,0.0,0.0,0.0,0.0,0.0,0.0,0.0,0.0,36.89768836240783,37.163923994874075,37.18951804815706,14.0,13.965221528123319,14.019342939297056,0.0,36.0,0.0,0.0,0.0,0.0,0.0,0.0,0.0,0.0,0.0,0.0,0.0
2026-07-10 17:14:50,0.0,0.0,0.0,0.0,0.0,0.0,0.0,0.0,37.00359205883248,37.20862617493366,36.71452649676058,14.0,13.971650974216894,13.978331097809082,0.0,36.0,0.0,0.0,0.0,0.0,0.0,0.0,0.0,0.0,0.0,0.0,0.0
2026-07-10 17:14:51,0.0,0.0,0.0,0.0,0.0,0.0,0.0,0.0,36.89396148163687,36.8039663547291,37.12679821459766,14.0,13.995578871957246,13.950088973182167,0.0,36.0,0.0,0.0,0.0,0.0,0.0,0.0,0.0,0.0,0.0,0.0,0.0
2026-07-10 17:14:51,0.0,0.0,0.0,0.0,0.0,0.0,0.0,0.0,36.63386613970376,36.960143585291384,36.98126587191797,14.0,13.975853422213811,13.95023937623988,0.0,36.0,0.0,0.0,0.0,0.0,0.0,0.0,0.0,0.0,0.0,0.0,0.0
2026-07-10 17:14:52,0.0,0.0,0.0,0.0,0.0,0.0,0.0,0.0,36.665350441949556,36.969324005381175,37.01747492546941,14.0,13.998270239651742,14.034943663370573,0.0,36.0,0.0,0.0,0.0,0.0,0.0,0.0,0.0,0.0,0.0,0.0,0.0
2026-07-10 17:14:52,0.0,0.0,0.0,0.0,0.0,0.0,0.0,0.0,36.96240665853352,37.08946524121933,36.90606140620281,14.0,13.972325245649346,14.024049388343771,0.0,36.0,0.0,0.0,0.0,0.0,0.0,0.0,0.0,0.0,0.0,0.0,0.0
2026-07-10 17:14:53,0.0,0.0,0.0,0.0,0.0,0.0,0.0,0.0,36.944481378667966,37.08919866921392,36.81298767775222,14.0,14.013542586211816,14.010205471646808,0.0,36.0,0.0,0.0,0.0,0.0,0.0,0.0,0.0,0.0,0.0,0.0,0.0
2026-07-10 17:14:53,0.0,0.0,0.0,0.0,0.0,0.0,0.0,0.0,36.796629986682674,36.89896659677947,37.00183872470262,14.0,14.016755045871632,13.99903251127784,0.0,36.0,0.0,0.0,0.0,0.0,0.0,0.0,0.0,0.0,0.0,0.0,0.0
2026-07-10 17:14:54,0.0,0.0,0.0,0.0,0.0,0.0,0.0,0.0,36.546603181953465,36.999571701703516,37.269234347480214,14.0,14.048676329920621,13.989630381610647,0.0,36.0,0.0,0.0,0.0,0.0,0.0,0.0,0.0,0.0,0.0,0.0,0.0
2026-07-10 17:14:54,0.0,0.0,0.0,0.0,0.0,0.0,0.0,0.0,36.65654925223926,37.38330356452356,37.12730205478546,14.0,13.987105041068274,13.972952330933808,0.0,36.0,0.0,0.0,0.0,0.0,0.0,0.0,0.0,0.0,0.0,0.0,0.0
2026-07-10 17:14:55,0.0,0.0,0.0,0.0,0.0,0.0,0.0,0.0,36.69139125941859,36.81922655604262,36.84188094881338,14.0,13.989594762152171,13.987368805409984,0.0,36.0,0.0,0.0,0.0,0.0,0.0,0.0,0.0,0.0,0.0,0.0,0.0
2026-07-10 17:14:55,0.0,0.0,0.0,0.0,0.0,0.0,0.0,0.0,36.56061741381891,36.84428171587844,36.73449299662033,14.0,13.952443582804586,13.966953709383562,0.0,36.0,0.0,0.0,0.0,0.0,0.0,0.0,0.0,0.0,0.0,0.0,0.0
2026-07-10 17:14:56,0.0,0.0,0.0,0.0,0.0,0.0,0.0,0.0,37.09058837766171,36.871332176223774,36.80899215288698,14.0,13.978638378095628,13.982115024868946,0.0,36.0,0.0,0.0,0.0,0.0,0.0,0.0,0.0,0.0,0.0,0.0,0.0
2026-07-10 17:14:56,0.0,0.0,0.0,0.0,0.0,0.0,0.0,0.0,36.99241791347265,37.31785110430468,37.13719442810952,14.0,14.008862568680085,14.017955387405285,0.0,36.0,0.0,0.0,0.0,0.0,0.0,0.0,0.0,0.0,0.0,0.0,0.0
2026-07-10 17:14:57,0.0,0.0,0.0,0.0,0.0,0.0,0.0,0.0,36.67381279906045,36.923444502024296,37.19940557284743,14.0,13.998020777125411,14.0216434989939,0.0,36.0,0.0,0.0,0.0,0.0,0.0,0.0,0.0,0.0,0.0,0.0,0.0
2026-07-10 17:14:57,0.0,0.0,0.0,0.0,0.0,0.0,0.0,0.0,36.924206538855834,36.95779564841738,36.86568331140175,14.0,14.02243036976536,14.029347415491529,0.0,36.0,0.0,0.0,0.0,0.0,0.0,0.0,0.0,0.0,0.0,0.0,0.0
2026-07-10 17:14:58,0.0,0.0,0.0,0.0,0.0,0.0,0.0,0.0,36.791709870096696,37.329511691322054,37.0724483285558,14.0,14.006647889403396,13.962834737111582,0.0,36.0,0.0,0.0,0.0,0.0,0.0,0.0,0.0,0.0,0.0,0.0,0.0
2026-07-10 17:14:58,0.0,0.0,0.0,0.0,0.0,0.0,0.0,0.0,36.81663796755311,37.1361706625089,37.18962427321063,14.0,14.00286948558585,14.04455279650918,0.0,36.0,0.0,0.0,0.0,0.0,0.0,0.0,0.0,0.0,0.0,0.0,0.0
2026-07-10 17:14:59,0.0,0.0,0.0,0.0,0.0,0.0,0.0,0.0,36.67517695418698,37.369157764186006,37.025812691780516,14.0,14.026536140579152,13.992668822732162,0.0,36.0,0.0,0.0,0.0,0.0,0.0,0.0,0.0,0.0,0.0,0.0,0.0
2026-07-10 17:14:59,0.0,0.0,0.0,0.0,0.0,0.0,0.0,0.0,36.781493194912635,37.10924098880302,37.23849591877707,14.0,13.999984449707254,13.956938344326925,0.0,36.0,0.0,0.0,0.0,0.0,0.0,0.0,0.0,0.0,0.0,0.0,0.0
2026-07-10 17:15:00,0.0,0.0,0.0,0.0,0.0,0.0,0.0,0.0,36.79231211942275,36.99824407518443,37.18420688543778,14.0,14.048108262058017,13.989245375403952,0.0,36.0,0.0,0.0,0.0,0.0,0.0,0.0,0.0,0.0,0.0,0.0,0.0
2026-07-10 17:15:00,0.0,0.0,0.0,0.0,0.0,0.0,0.0,0.0,36.505571933792204,37.277001030092265,36.82223672286918,14.0,13.974804098429443,14.010855302209007,0.0,36.0,0.0,0.0,0.0,0.0,0.0,0.0,0.0,0.0,0.0,0.0,0.0
2026-07-10 17:15:01,0.0,0.0,0.0,0.0,0.0,0.0,0.0,0.0,36.600384857085665,37.25947104062814,36.73957300451618,14.0,14.01369110070631,14.017863544893189,0.0,36.0,0.0,0.0,0.0,0.0,0.0,0.0,0.0,0.0,0.0,0.0,0.0
2026-07-10 17:15:01,0.0,0.0,0.0,0.0,0.0,0.0,0.0,0.0,36.68516320235622,37.05067113716835,37.11368518071207,14.0,14.016596049305084,13.993095703152466,0.0,36.0,0.0,0.0,0.0,0.0,0.0,0.0,0.0,0.0,0.0,0.0,0.0
2026-07-10 17:15:02,0.0,0.0,0.0,0.0,0.0,0.0,0.0,0.0,36.559742452820345,37.00245443403135,36.80675810864294,14.0,13.986199103932346,13.984193609532786,0.0,36.0,0.0,0.0,0.0,0.0,0.0,0.0,0.0,0.0,0.0,0.0,0.0
2026-07-10 17:15:02,0.0,0.0,0.0,0.0,0.0,0.0,0.0,0.0,36.83070204567179,37.226357983948404,36.95949737216917,14.0,14.020169426064452,14.008605936078055,0.0,36.0,0.0,0.0,0.0,0.0,0.0,0.0,0.0,0.0,0.0,0.0,0.0
2026-07-10 17:15:03,0.0,0.0,0.0,0.0,0.0,0.0,0.0,0.0,36.97687349833734,36.80986693831281,37.202409893221564,14.0,14.031558933308732,14.03926403606761,0.0,36.0,0.0,0.0,0.0,0.0,0.0,0.0,0.0,0.0,0.0,0.0,0.0
2026-07-10 17:15:03,0.0,0.0,0.0,0.0,0.0,0.0,0.0,0.0,36.52462127303126,36.86717066083755,36.75558618926741,14.0,13.952542789262472,13.959812111206412,0.0,36.0,0.0,0.0,0.0,0.0,0.0,0.0,0.0,0.0,0.0,0.0,0.0
2026-07-10 17:15:04,0.0,0.0,0.0,0.0,0.0,0.0,0.0,0.0,36.602326458660094,37.25181335663273,37.132238780735314,14.0,14.000366133650779,13.986014036629939,0.0,36.0,0.0,0.0,0.0,0.0,0.0,0.0,0.0,0.0,0.0,0.0,0.0
2026-07-10 17:15:04,0.0,0.0,0.0,0.0,0.0,0.0,0.0,0.0,37.06551768617081,37.078914831348094,36.94077946717293,14.0,14.014326250338575,14.027419894504748,0.0,36.0,0.0,0.0,0.0,0.0,0.0,0.0,0.0,0.0,0.0,0.0,0.0
2026-07-10 17:15:05,0.0,0.0,0.0,0.0,0.0,0.0,0.0,0.0,37.05934502917617,36.89559036368051,36.86702176977017,14.0,13.989705993583367,14.007060533861845,0.0,36.0,0.0,0.0,0.0,0.0,0.0,0.0,0.0,0.0,0.0,0.0,0.0
2026-07-10 17:15:05,0.0,0.0,0.0,0.0,0.0,0.0,0.0,0.0,36.790547011864646,37.00113392919372,36.7088999122867,14.0,14.018936537088509,14.011611654590395,0.0,36.0,0.0,0.0,0.0,0.0,0.0,0.0,0.0,0.0,0.0,0.0,0.0
2026-07-10 17:15:06,0.0,0.0,0.0,0.0,0.0,0.0,0.0,0.0,36.61212702724929,37.25239094882376,37.07541123887298,14.0,13.972323377202285,14.004275875406144,0.0,36.0,0.0,0.0,0.0,0.0,0.0,0.0,0.0,0.0,0.0,0.0,0.0
2026-07-10 17:15:06,0.0,0.0,0.0,0.0,0.0,0.0,0.0,0.0,36.7752334546906,36.908252373051006,36.86554139408281,14.0,13.959165633308658,13.974678731611471,0.0,36.0,0.0,0.0,0.0,0.0,0.0,0.0,0.0,0.0,0.0,0.0,0.0
2026-07-10 17:15:07,0.0,0.0,0.0,0.0,0.0,0.0,0.0,0.0,36.547397565957574,37.31985500563971,36.80145494322209,14.0,14.040024053786226,13.993946997458258,0.0,36.0,0.0,0.0,0.0,0.0,0.0,0.0,0.0,0.0,0.0,0.0,0.0
2026-07-10 17:15:07,0.0,0.0,0.0,0.0,0.0,0.0,0.0,0.0,36.55771670583045,37.06787930019666,36.990502203221524,14.0,13.990324161126615,14.037648310646675,0.0,36.0,0.0,0.0,0.0,0.0,0.0,0.0,0.0,0.0,0.0,0.0,0.0
2026-07-10 17:15:08,0.0,0.0,0.0,0.0,0.0,0.0,0.0,0.0,36.803623389806546,37.04373623950347,36.732207145380656,14.0,14.047780176837923,14.03912631444891,0.0,36.0,0.0,0.0,0.0,0.0,0.0,0.0,0.0,0.0,0.0,0.0,0.0
2026-07-10 17:15:08,0.0,0.0,0.0,0.0,0.0,0.0,0.0,0.0,37.0790551853021,37.059238231554936,36.736144504922045,14.0,14.037762590699312,14.030439541987228,0.0,36.0,0.0,0.0,0.0,0.0,0.0,0.0,0.0,0.0,0.0,0.0,0.0
2026-07-10 17:15:09,0.0,0.0,0.0,0.0,0.0,0.0,0.0,0.0,36.96082949891444,37.07601686683583,37.03724537417422,14.0,14.028589282199041,13.992633821787747,0.0,36.0,0.0,0.0,0.0,0.0,0.0,0.0,0.0,0.0,0.0,0.0,0.0
2026-07-10 17:15:09,0.0,0.0,0.0,0.0,0.0,0.0,0.0,0.0,37.06378869555364,37.07636457485065,37.098267590517985,14.0,14.03117925316764,13.964499717802493,0.0,36.0,0.0,0.0,0.0,0.0,0.0,0.0,0.0,0.0,0.0,0.0,0.0
2026-07-10 17:15:10,0.0,0.0,0.0,0.0,0.0,0.0,0.0,0.0,36.54185111708147,37.10608087827448,37.26714342624679,14.0,13.964367404273098,14.031066264025448,0.0,36.0,0.0,0.0,0.0,0.0,0.0,0.0,0.0,0.0,0.0,0.0,0.0
2026-07-10 17:15:10,0.0,0.0,0.0,0.0,0.0,0.0,0.0,0.0,37.01954346883486,36.89319979786611,37.17654838929094,14.0,13.997400392439337,14.03656769338729,0.0,36.0,0.0,0.0,0.0,0.0,0.0,0.0,0.0,0.0,0.0,0.0,0.0
2026-07-10 17:15:11,0.0,0.0,0.0,0.0,0.0,0.0,0.0,0.0,36.92040898183943,37.29409945950905,36.70055543449439,14.0,13.984590807866386,13.994299792539918,0.0,36.0,0.0,0.0,0.0,0.0,0.0,0.0,0.0,0.0,0.0,0.0,0.0
2026-07-10 17:15:11,0.0,0.0,0.0,0.0,0.0,0.0,0.0,0.0,37.0385887876258,37.35855208625446,37.236412629804924,14.0,14.038073497099106,13.9737713618823,0.0,36.0,0.0,0.0,0.0,0.0,0.0,0.0,0.0,0.0,0.0,0.0,0.0
2026-07-10 17:15:12,0.0,0.0,0.0,0.0,0.0,0.0,0.0,0.0,36.926956399687754,37.047885902150455,37.1262136970042,14.0,14.009145745273932,14.048074345103734,0.0,36.0,0.0,0.0,0.0,0.0,0.0,0.0,0.0,0.0,0.0,0.0,0.0
2026-07-10 17:15:12,0.0,0.0,0.0,0.0,0.0,0.0,0.0,0.0,36.65746835690973,37.06872321574069,36.74623596520898,14.0,14.005430261478335,13.97457577936137,0.0,36.0,0.0,0.0,0.0,0.0,0.0,0.0,0.0,0.0,0.0,0.0,0.0
2026-07-10 17:15:13,0.0,0.0,0.0,0.0,0.0,0.0,0.0,0.0,37.087101337401066,37.13094254275502,37.13557624321557,14.0,13.993992632388865,13.952280996635746,0.0,36.0,0.0,0.0,0.0,0.0,0.0,0.0,0.0,0.0,0.0,0.0,0.0
2026-07-10 17:15:13,0.0,0.0,0.0,0.0,0.0,0.0,0.0,0.0,37.009434328796054,36.842161544395395,36.90717904495891,14.0,14.04274819449606,13.97990431622803,0.0,36.0,0.0,0.0,0.0,0.0,0.0,0.0,0.0,0.0,0.0,0.0,0.0
2026-07-10 17:15:14,0.0,0.0,0.0,0.0,0.0,0.0,0.0,0.0,36.51606245578272,37.09950755645687,37.21559927266086,14.0,13.999436719201402,13.979099464406195,0.0,36.0,0.0,0.0,0.0,0.0,0.0,0.0,0.0,0.0,0.0,0.0,0.0
2026-07-10 17:15:14,0.0,0.0,0.0,0.0,0.0,0.0,0.0,0.0,36.79318866914786,36.88401752303782,36.913546097475994,14.0,14.048028500382912,13.978787850114866,0.0,36.0,0.0,0.0,0.0,0.0,0.0,0.0,0.0,0.0,0.0,0.0,0.0
2026-07-10 17:15:15,0.0,0.0,0.0,0.0,0.0,0.0,0.0,0.0,36.83236108495351,37.39972979720766,37.042447320954786,14.0,14.046951984724995,13.998642651888776,0.0,36.0,0.0,0.0,0.0,0.0,0.0,0.0,0.0,0.0,0.0,0.0,0.0
2026-07-10 17:15:15,0.0,0.0,0.0,0.0,0.0,0.0,0.0,0.0,36.53046570177307,36.95594853121316,36.85224889396728,14.0,14.014738536932509,14.017885559173246,0.0,36.0,0.0,0.0,0.0,0.0,0.0,0.0,0.0,0.0,0.0,0.0,0.0
2026-07-10 17:15:16,0.0,0.0,0.0,0.0,0.0,0.0,0.0,0.0,37.091343561721125,36.829404927276286,36.908979174016146,14.0,14.021760022369545,13.996091799262976,0.0,36.0,0.0,0.0,0.0,0.0,0.0,0.0,0.0,0.0,0.0,0.0,0.0
2026-07-10 17:15:16,0.0,0.0,0.0,0.0,0.0,0.0,0.0,0.0,36.87954894246426,37.17144917980847,36.899843023205335,14.0,13.982799012504842,13.957698091220182,0.0,36.0,0.0,0.0,0.0,0.0,0.0,0.0,0.0,0.0,0.0,0.0,0.0
2026-07-10 17:15:17,0.0,0.0,0.0,0.0,0.0,0.0,0.0,0.0,36.65310675849348,37.21863368858625,36.79266570800426,14.0,13.993161614420693,13.962992979407902,0.0,36.0,0.0,0.0,0.0,0.0,0.0,0.0,0.0,0.0,0.0,0.0,0.0
2026-07-10 17:15:17,0.0,0.0,0.0,0.0,0.0,0.0,0.0,0.0,36.63651678411668,36.84632528484902,36.812097038315784,14.0,13.977222676553005,14.00688222885258,0.0,36.0,0.0,0.0,0.0,0.0,0.0,0.0,0.0,0.0,0.0,0.0,0.0
2026-07-10 17:15:18,0.0,0.0,0.0,0.0,0.0,0.0,0.0,0.0,36.75605914367621,37.041897098743,37.06550279849988,14.0,14.024409941157703,13.991410243229096,0.0,36.0,0.0,0.0,0.0,0.0,0.0,0.0,0.0,0.0,0.0,0.0,0.0
2026-07-10 17:15:18,0.0,0.0,0.0,0.0,0.0,0.0,0.0,0.0,36.85541241466616,37.29232055232193,37.12203054693901,14.0,14.01688517181452,13.983223260533796,0.0,36.0,0.0,0.0,0.0,0.0,0.0,0.0,0.0,0.0,0.0,0.0,0.0
2026-07-10 17:15:19,0.0,0.0,0.0,0.0,0.0,0.0,0.0,0.0,36.719884712289,36.83797972099908,37.23882801524362,14.0,14.036162149620717,13.963602570755587,0.0,36.0,0.0,0.0,0.0,0.0,0.0,0.0,0.0,0.0,0.0,0.0,0.0
2026-07-10 17:15:19,0.0,0.0,0.0,0.0,0.0,0.0,0.0,0.0,36.65460012015257,37.22022852684784,37.10493099601958,14.0,13.978484450259664,13.979172308335105,0.0,36.0,0.0,0.0,0.0,0.0,0.0,0.0,0.0,0.0,0.0,0.0,0.0
2026-07-10 17:15:20,0.0,0.0,0.0,0.0,0.0,0.0,0.0,0.0,36.66574568863969,37.259373479590195,37.11527551095155,14.0,14.009300504811621,14.009527174983848,0.0,36.0,0.0,0.0,0.0,0.0,0.0,0.0,0.0,0.0,0.0,0.0,0.0
2026-07-10 17:15:20,0.0,0.0,0.0,0.0,0.0,0.0,0.0,0.0,36.7652880668119,37.364119987085466,36.81454342479121,14.0,13.953452883344564,14.035415053738449,0.0,36.0,0.0,0.0,0.0,0.0,0.0,0.0,0.0,0.0,0.0,0.0,0.0
2026-07-10 17:15:21,0.0,0.0,0.0,0.0,0.0,0.0,0.0,0.0,36.859239514059325,36.84363656201647,37.186413376209906,14.0,14.022530059954342,13.9703061713638,0.0,36.0,0.0,0.0,0.0,0.0,0.0,0.0,0.0,0.0,0.0,0.0,0.0
2026-07-10 17:15:21,0.0,0.0,0.0,0.0,0.0,0.0,0.0,0.0,36.66604415879146,37.11009756841328,37.28343889779036,14.0,14.043549359693026,14.0143912758256,0.0,36.0,0.0,0.0,0.0,0.0,0.0,0.0,0.0,0.0,0.0,0.0,0.0
2026-07-10 17:15:22,0.0,0.0,0.0,0.0,0.0,0.0,0.0,0.0,36.7982118137487,36.951377625521154,36.80667447046086,14.0,13.950880410228464,14.033434813601692,0.0,36.0,0.0,0.0,0.0,0.0,0.0,0.0,0.0,0.0,0.0,0.0,0.0
2026-07-10 17:15:22,0.0,0.0,0.0,0.0,0.0,0.0,0.0,0.0,37.055527265867894,36.882424610722616,37.28681541798442,14.0,13.9907469013403,14.045128624993296,0.0,36.0,0.0,0.0,0.0,0.0,0.0,0.0,0.0,0.0,0.0,0.0,0.0
2026-07-10 17:15:23,0.0,0.0,0.0,0.0,0.0,0.0,0.0,0.0,36.836024933871585,37.08576246072378,36.90202834661032,14.0,13.954305147570215,14.034345955183726,0.0,36.0,0.0,0.0,0.0,0.0,0.0,0.0,0.0,0.0,0.0,0.0,0.0
2026-07-10 17:15:23,0.0,0.0,0.0,0.0,0.0,0.0,0.0,0.0,36.991935384888215,37.04794923596068,37.096384093576184,14.0,13.972101130184063,14.025378920192106,0.0,36.0,0.0,0.0,0.0,0.0,0.0,0.0,0.0,0.0,0.0,0.0,0.0
2026-07-10 17:15:24,0.0,0.0,0.0,0.0,0.0,0.0,0.0,0.0,37.0611391846526,36.86619874352032,37.253364732280126,14.0,13.993038539828685,13.954820957667394,0.0,36.0,0.0,0.0,0.0,0.0,0.0,0.0,0.0,0.0,0.0,0.0,0.0
2026-07-10 17:15:24,0.0,0.0,0.0,0.0,0.0,0.0,0.0,0.0,36.982484291231316,37.209876093521856,37.22686410716995,14.0,13.977687864166851,13.97390808712738,0.0,36.0,0.0,0.0,0.0,0.0,0.0,0.0,0.0,0.0,0.0,0.0,0.0
2026-07-10 17:15:25,0.0,0.0,0.0,0.0,0.0,0.0,0.0,0.0,36.737858846808095,36.904680650074354,36.9833204220709,14.0,13.96796799454411,13.957951001081364,0.0,36.0,0.0,0.0,0.0,0.0,0.0,0.0,0.0,0.0,0.0,0.0,0.0
2026-07-10 17:15:25,0.0,0.0,0.0,0.0,0.0,0.0,0.0,0.0,36.70847622104591,37.10637889646226,36.96636790752358,14.0,14.004687930751215,14.04152821475377,0.0,36.0,0.0,0.0,0.0,0.0,0.0,0.0,0.0,0.0,0.0,0.0,0.0
2026-07-10 17:15:26,0.0,0.0,0.0,0.0,0.0,0.0,0.0,0.0,36.86966335199318,37.13687763257949,37.17354646885594,14.0,14.012823268920204,14.023414006077841,0.0,36.0,0.0,0.0,0.0,0.0,0.0,0.0,0.0,0.0,0.0,0.0,0.0
2026-07-10 17:15:26,0.0,0.0,0.0,0.0,0.0,0.0,0.0,0.0,37.08095473898165,37.243649588551555,36.75118117146485,14.0,13.984638519378583,13.982205490573024,0.0,36.0,0.0,0.0,0.0,0.0,0.0,0.0,0.0,0.0,0.0,0.0,0.0
2026-07-10 17:15:27,0.0,0.0,0.0,0.0,0.0,0.0,0.0,0.0,36.536795208912714,37.28271345359733,37.10605868293061,14.0,14.039589464656283,13.9970508040459,0.0,36.0,0.0,0.0,0.0,0.0,0.0,0.0,0.0,0.0,0.0,0.0,0.0
2026-07-10 17:15:27,0.0,0.0,0.0,0.0,0.0,0.0,0.0,0.0,36.79344960842621,37.31366865262714,36.920824008021036,14.0,14.007845904409141,14.03413198194729,0.0,36.0,0.0,0.0,0.0,0.0,0.0,0.0,0.0,0.0,0.0,0.0,0.0
2026-07-10 17:15:28,0.0,0.0,0.0,0.0,0.0,0.0,0.0,0.0,36.60993531039082,36.89500336648314,37.13716992525553,14.0,14.034833975886663,13.975082719546165,0.0,36.0,0.0,0.0,0.0,0.0,0.0,0.0,0.0,0.0,0.0,0.0,0.0
2026-07-10 17:15:28,0.0,0.0,0.0,0.0,0.0,0.0,0.0,0.0,36.97355401248889,37.36923872157552,36.90955512683206,14.0,14.008313992694326,13.953815823945787,0.0,36.0,0.0,0.0,0.0,0.0,0.0,0.0,0.0,0.0,0.0,0.0,0.0
2026-07-10 17:15:29,0.0,0.0,0.0,0.0,0.0,0.0,0.0,0.0,36.552650630746726,36.95064654750085,36.958583013963654,14.0,13.969537204207244,14.00643645096008,0.0,36.0,0.0,0.0,0.0,0.0,0.0,0.0,0.0,0.0,0.0,0.0,0.0
2026-07-10 17:15:29,0.0,0.0,0.0,0.0,0.0,0.0,0.0,0.0,36.72392712401089,37.13753828274029,36.96425774127813,14.0,14.022692497223922,13.98195131202049,0.0,36.0,0.0,0.0,0.0,0.0,0.0,0.0,0.0,0.0,0.0,0.0,0.0
2026-07-10 17:15:30,0.0,0.0,0.0,0.0,0.0,0.0,0.0,0.0,36.744237167466395,37.12189266380699,37.01366588302632,14.0,14.026807044410345,13.990091495909962,0.0,36.0,0.0,0.0,0.0,0.0,0.0,0.0,0.0,0.0,0.0,0.0,0.0
2026-07-10 17:15:30,0.0,0.0,0.0,0.0,0.0,0.0,0.0,0.0,36.78288642129875,37.20326500518223,36.88211885903414,14.0,13.980090187418888,14.02239447982303,0.0,36.0,0.0,0.0,0.0,0.0,0.0,0.0,0.0,0.0,0.0,0.0,0.0
2026-07-10 17:15:31,0.0,0.0,0.0,0.0,0.0,0.0,0.0,0.0,36.64498557428845,37.18326694056247,37.04807531732803,14.0,13.980028732368556,14.030684106463337,0.0,36.0,0.0,0.0,0.0,0.0,0.0,0.0,0.0,0.0,0.0,0.0,0.0
2026-07-10 17:15:31,0.0,0.0,0.0,0.0,0.0,0.0,0.0,0.0,37.09986024093319,37.107638950548576,36.975741447289884,14.0,13.98121015001592,13.985331885672048,0.0,36.0,0.0,0.0,0.0,0.0,0.0,0.0,0.0,0.0,0.0,0.0,0.0
2026-07-10 17:15:32,0.0,0.0,0.0,0.0,0.0,0.0,0.0,0.0,37.04523877378479,37.07201536857958,36.98621231435314,14.0,13.981501529204241,13.99829916364977,0.0,36.0,0.0,0.0,0.0,0.0,0.0,0.0,0.0,0.0,0.0,0.0,0.0
2026-07-10 17:15:32,0.0,0.0,0.0,0.0,0.0,0.0,0.0,0.0,36.619961031033796,37.31472523817881,36.8412331036758,14.0,13.99832957111568,13.978837838099096,0.0,36.0,0.0,0.0,0.0,0.0,0.0,0.0,0.0,0.0,0.0,0.0,0.0
2026-07-10 17:15:33,0.0,0.0,0.0,0.0,0.0,0.0,0.0,0.0,36.870898834546715,37.04920804868193,36.985801205843266,14.0,14.039681953132266,14.035179443677444,0.0,36.0,0.0,0.0,0.0,0.0,0.0,0.0,0.0,0.0,0.0,0.0,0.0
2026-07-10 17:15:33,0.0,0.0,0.0,0.0,0.0,0.0,0.0,0.0,36.53679673424528,37.34692294695174,36.95441771188415,14.0,14.035160470279642,14.048376306485695,0.0,36.0,0.0,0.0,0.0,0.0,0.0,0.0,0.0,0.0,0.0,0.0,0.0
2026-07-10 17:15:34,0.0,0.0,0.0,0.0,0.0,0.0,0.0,0.0,36.53573785678861,37.36577193700586,37.106584452689,14.0,13.963386536636538,13.987041811614764,0.0,36.0,0.0,0.0,0.0,0.0,0.0,0.0,0.0,0.0,0.0,0.0,0.0
2026-07-10 17:15:34,0.0,0.0,0.0,0.0,0.0,0.0,0.0,0.0,37.07066275415021,37.36856295883089,36.83856375544328,14.0,13.978505473329397,14.006332372970071,0.0,36.0,0.0,0.0,0.0,0.0,0.0,0.0,0.0,0.0,0.0,0.0,0.0
2026-07-10 17:15:35,0.0,0.0,0.0,0.0,0.0,0.0,0.0,0.0,36.86225310159556,36.87625687168139,37.14937292627652,14.0,13.997590104537254,13.973375635082034,0.0,36.0,0.0,0.0,0.0,0.0,0.0,0.0,0.0,0.0,0.0,0.0,0.0
2026-07-10 17:15:35,0.0,0.0,0.0,0.0,0.0,0.0,0.0,0.0,36.685213089278896,36.852488619909394,37.2564211295148,14.0,13.989382670587158,14.0101181127959,0.0,36.0,0.0,0.0,0.0,0.0,0.0,0.0,0.0,0.0,0.0,0.0,0.0
2026-07-10 17:15:36,0.0,0.0,0.0,0.0,0.0,0.0,0.0,0.0,36.55845868810414,37.02210555926476,37.12136789989736,14.0,14.039144864568906,14.043205166778758,0.0,36.0,0.0,0.0,0.0,0.0,0.0,0.0,0.0,0.0,0.0,0.0,0.0
2026-07-10 17:15:36,0.0,0.0,0.0,0.0,0.0,0.0,0.0,0.0,36.92191386353939,36.807468239367395,36.88833505921119,14.0,14.0362189830403,14.038009332837682,0.0,36.0,0.0,0.0,0.0,0.0,0.0,0.0,0.0,0.0,0.0,0.0,0.0
2026-07-10 17:15:37,0.0,0.0,0.0,0.0,0.0,0.0,0.0,0.0,36.85445783496505,37.35877737858896,36.87769898374287,14.0,14.013836531468854,14.015655418757829,0.0,36.0,0.0,0.0,0.0,0.0,0.0,0.0,0.0,0.0,0.0,0.0,0.0
2026-07-10 17:15:37,0.0,0.0,0.0,0.0,0.0,0.0,0.0,0.0,36.566206221165416,37.2746104979904,37.00596319452563,14.0,13.987335162174052,14.030015813711799,0.0,36.0,0.0,0.0,0.0,0.0,0.0,0.0,0.0,0.0,0.0,0.0,0.0
2026-07-10 17:15:38,0.0,0.0,0.0,0.0,0.0,0.0,0.0,0.0,36.91221680442234,36.87806160259863,37.04936519409195,14.0,13.990591250431237,14.022674519898565,0.0,36.0,0.0,0.0,0.0,0.0,0.0,0.0,0.0,0.0,0.0,0.0,0.0
2026-07-10 17:15:38,0.0,0.0,0.0,0.0,0.0,0.0,0.0,0.0,36.85493189747297,36.92189754736712,37.08395933836734,14.0,14.007439519611648,13.978072444203276,0.0,36.0,0.0,0.0,0.0,0.0,0.0,0.0,0.0,0.0,0.0,0.0,0.0
2026-07-10 17:15:39,0.0,0.0,0.0,0.0,0.0,0.0,0.0,0.0,36.788001080521354,37.32521794834042,36.98469540123422,14.0,13.959871943053642,14.014911957422278,0.0,36.0,0.0,0.0,0.0,0.0,0.0,0.0,0.0,0.0,0.0,0.0,0.0
2026-07-10 17:15:39,0.0,0.0,0.0,0.0,0.0,0.0,0.0,0.0,37.06396294047523,37.07443218317012,37.19177549052048,14.0,13.963160818537007,14.004925457901193,0.0,36.0,0.0,0.0,0.0,0.0,0.0,0.0,0.0,0.0,0.0,0.0,0.0
2026-07-10 17:15:40,0.0,0.0,0.0,0.0,0.0,0.0,0.0,0.0,36.9714666664195,37.29373167471876,36.859360830876255,14.0,13.951788847199436,13.992709493786297,0.0,36.0,0.0,0.0,0.0,0.0,0.0,0.0,0.0,0.0,0.0,0.0,0.0
2026-07-10 17:15:40,0.0,0.0,0.0,0.0,0.0,0.0,0.0,0.0,36.7050905902186,37.00411577544357,36.99549971875398,14.0,13.987647390901687,14.007848508072001,0.0,36.0,0.0,0.0,0.0,0.0,0.0,0.0,0.0,0.0,0.0,0.0,0.0
2026-07-10 17:15:41,0.0,0.0,0.0,0.0,0.0,0.0,0.0,0.0,36.73648414265766,37.35214885117919,36.98420439008398,14.0,13.997108758597166,13.962649499611988,0.0,36.0,0.0,0.0,0.0,0.0,0.0,0.0,0.0,0.0,0.0,0.0,0.0
2026-07-10 17:15:41,0.0,0.0,0.0,0.0,0.0,0.0,0.0,0.0,36.62884797134999,36.976317666385526,36.78480151639962,14.0,14.026405705131273,13.980316593645588,0.0,36.0,0.0,0.0,0.0,0.0,0.0,0.0,0.0,0.0,0.0,0.0,0.0
2026-07-10 17:15:42,0.0,0.0,0.0,0.0,0.0,0.0,0.0,0.0,37.0851381732459,37.294438700293256,36.87061746850695,14.0,13.997818205098364,14.005256711292285,0.0,36.0,0.0,0.0,0.0,0.0,0.0,0.0,0.0,0.0,0.0,0.0,0.0
2026-07-10 17:15:42,0.0,0.0,0.0,0.0,0.0,0.0,0.0,0.0,36.69585370681546,37.33286818388827,37.0086966761296,14.0,14.041347906706036,13.982359002381964,0.0,36.0,0.0,0.0,0.0,0.0,0.0,0.0,0.0,0.0,0.0,0.0,0.0
2026-07-10 17:15:43,0.0,0.0,0.0,0.0,0.0,0.0,0.0,0.0,37.053985488673234,37.319782837938014,37.05440234991435,14.0,14.029278053532886,14.019786818243047,0.0,36.0,0.0,0.0,0.0,0.0,0.0,0.0,0.0,0.0,0.0,0.0,0.0
2026-07-10 17:15:43,0.0,0.0,0.0,0.0,0.0,0.0,0.0,0.0,37.06238080224177,36.979984761897875,37.22787727516014,14.0,14.014479277067586,13.952428084466513,0.0,36.0,0.0,0.0,0.0,0.0,0.0,0.0,0.0,0.0,0.0,0.0,0.0
2026-07-10 17:15:44,0.0,0.0,0.0,0.0,0.0,0.0,0.0,0.0,37.097474197636345,37.06285129582564,36.774391292822685,14.0,14.01190492316057,13.999815790650892,0.0,36.0,0.0,0.0,0.0,0.0,0.0,0.0,0.0,0.0,0.0,0.0,0.0
2026-07-10 17:15:44,0.0,0.0,0.0,0.0,0.0,0.0,0.0,0.0,36.58024456150185,37.347158212678714,37.287336868230504,14.0,13.992520009700417,14.019141773419715,0.0,36.0,0.0,0.0,0.0,0.0,0.0,0.0,0.0,0.0,0.0,0.0,0.0
2026-07-10 17:15:45,0.0,0.0,0.0,0.0,0.0,0.0,0.0,0.0,36.72632373106428,36.96576534138279,36.840380588492955,14.0,14.033210448589454,14.036979809392623,0.0,36.0,0.0,0.0,0.0,0.0,0.0,0.0,0.0,0.0,0.0,0.0,0.0
2026-07-10 17:15:45,0.0,0.0,0.0,0.0,0.0,0.0,0.0,0.0,36.759254122794445,37.07818896900757,36.94176994566648,14.0,14.013204396248092,14.03314400316489,0.0,36.0,0.0,0.0,0.0,0.0,0.0,0.0,0.0,0.0,0.0,0.0,0.0
2026-07-10 17:15:46,0.0,0.0,0.0,0.0,0.0,0.0,0.0,0.0,36.65537158517627,37.084325156452174,36.946983235586856,14.0,13.985022329248656,14.027312853682727,0.0,36.0,0.0,0.0,0.0,0.0,0.0,0.0,0.0,0.0,0.0,0.0,0.0
2026-07-10 17:15:46,0.0,0.0,0.0,0.0,0.0,0.0,0.0,0.0,36.57327807575536,37.014559266710094,36.93798022398949,14.0,14.015072632864587,13.968718427815736,0.0,36.0,0.0,0.0,0.0,0.0,0.0,0.0,0.0,0.0,0.0,0.0,0.0
2026-07-10 17:15:47,0.0,0.0,0.0,0.0,0.0,0.0,0.0,0.0,36.785089141218386,37.01902255557115,36.88141421346435,14.0,13.996895340965644,13.982825561826436,0.0,36.0,0.0,0.0,0.0,0.0,0.0,0.0,0.0,0.0,0.0,0.0,0.0
2026-07-10 17:15:47,0.0,0.0,0.0,0.0,0.0,0.0,0.0,0.0,37.015829222771636,37.17450586307078,37.0396984905339,14.0,14.045282517136833,14.033762444642559,0.0,36.0,0.0,0.0,0.0,0.0,0.0,0.0,0.0,0.0,0.0,0.0,0.0
2026-07-10 17:15:48,0.0,0.0,0.0,0.0,0.0,0.0,0.0,0.0,36.60060306950256,37.09157879012924,37.11625174983731,14.0,14.00044501942235,13.963244585537149,0.0,36.0,0.0,0.0,0.0,0.0,0.0,0.0,0.0,0.0,0.0,0.0,0.0
2026-07-10 17:15:48,0.0,0.0,0.0,0.0,0.0,0.0,0.0,0.0,36.780443742359125,36.99866287101683,36.987358751390445,14.0,14.026596532304008,13.99282486756438,0.0,36.0,0.0,0.0,0.0,0.0,0.0,0.0,0.0,0.0,0.0,0.0,0.0
2026-07-10 17:15:49,0.0,0.0,0.0,0.0,0.0,0.0,0.0,0.0,36.596284558033325,37.05943141888325,37.033050183039165,14.0,14.047993563336894,14.01716326504788,0.0,36.0,0.0,0.0,0.0,0.0,0.0,0.0,0.0,0.0,0.0,0.0,0.0
2026-07-10 17:15:49,0.0,0.0,0.0,0.0,0.0,0.0,0.0,0.0,36.68041671329616,37.2931810418265,36.76568912019316,14.0,13.996593266955477,13.95454258977844,0.0,36.0,0.0,0.0,0.0,0.0,0.0,0.0,0.0,0.0,0.0,0.0,0.0
2026-07-10 17:15:50,0.0,0.0,0.0,0.0,0.0,0.0,0.0,0.0,36.959698112465475,37.12211052191885,37.10293979692398,14.0,13.985971820054033,13.963320579106671,0.0,36.0,0.0,0.0,0.0,0.0,0.0,0.0,0.0,0.0,0.0,0.0,0.0
2026-07-10 17:15:50,0.0,0.0,0.0,0.0,0.0,0.0,0.0,0.0,37.03553601171377,37.387008237911346,37.00350517604379,14.0,13.954755413063541,13.961333774845722,0.0,36.0,0.0,0.0,0.0,0.0,0.0,0.0,0.0,0.0,0.0,0.0,0.0
2026-07-10 17:15:51,0.0,0.0,0.0,0.0,0.0,0.0,0.0,0.0,36.95246934408035,37.38681022713506,36.867677546758046,14.0,14.02418561001633,14.035303121066974,0.0,36.0,0.0,0.0,0.0,0.0,0.0,0.0,0.0,0.0,0.0,0.0,0.0
2026-07-10 17:15:51,0.0,0.0,0.0,0.0,0.0,0.0,0.0,0.0,36.93485252794932,37.1266485539558,36.81782458819996,14.0,13.965856254351541,14.020506124434796,0.0,36.0,0.0,0.0,0.0,0.0,0.0,0.0,0.0,0.0,0.0,0.0,0.0
2026-07-10 17:15:52,0.0,0.0,0.0,0.0,0.0,0.0,0.0,0.0,37.08103255304478,36.8871264029562,36.97673539039033,14.0,14.021844044467173,13.961912288169358,0.0,36.0,0.0,0.0,0.0,0.0,0.0,0.0,0.0,0.0,0.0,0.0,0.0
2026-07-10 17:15:52,0.0,0.0,0.0,0.0,0.0,0.0,0.0,0.0,36.734164454781585,36.96526080873892,37.21193775514156,14.0,14.01290271480806,14.000462754744335,0.0,36.0,0.0,0.0,0.0,0.0,0.0,0.0,0.0,0.0,0.0,0.0,0.0
2026-07-10 17:15:53,0.0,0.0,0.0,0.0,0.0,0.0,0.0,0.0,36.78553998351699,36.926633028147805,36.79123889382817,14.0,13.966563677120842,14.00220696480526,0.0,36.0,0.0,0.0,0.0,0.0,0.0,0.0,0.0,0.0,0.0,0.0,0.0
2026-07-10 17:15:53,0.0,0.0,0.0,0.0,0.0,0.0,0.0,0.0,36.83934439445396,36.905013585359974,36.73055445016944,14.0,13.951331989717339,13.977442692303207,0.0,36.0,0.0,0.0,0.0,0.0,0.0,0.0,0.0,0.0,0.0,0.0,0.0
2026-07-10 17:15:54,0.0,0.0,0.0,0.0,0.0,0.0,0.0,0.0,36.72438738780347,36.983531329117724,37.168742726333114,14.0,14.02880457753078,14.012810829139775,0.0,36.0,0.0,0.0,0.0,0.0,0.0,0.0,0.0,0.0,0.0,0.0,0.0
2026-07-10 17:15:54,0.0,0.0,0.0,0.0,0.0,0.0,0.0,0.0,36.65074880718506,36.941611313289265,36.88418171554045,14.0,13.970414365643876,13.979058626878883,0.0,36.0,0.0,0.0,0.0,0.0,0.0,0.0,0.0,0.0,0.0,0.0,0.0
2026-07-10 17:15:55,0.0,0.0,0.0,0.0,0.0,0.0,0.0,0.0,36.54737144040054,36.9915230239726,36.80389554201425,14.0,13.96081058603645,14.016845822250218,0.0,36.0,0.0,0.0,0.0,0.0,0.0,0.0,0.0,0.0,0.0,0.0,0.0
2026-07-10 17:15:55,0.0,0.0,0.0,0.0,0.0,0.0,0.0,0.0,36.64563154504391,37.21633342837551,36.9215505568442,14.0,14.018694907831533,13.957945763392571,0.0,36.0,0.0,0.0,0.0,0.0,0.0,0.0,0.0,0.0,0.0,0.0,0.0
2026-07-10 17:15:56,0.0,0.0,0.0,0.0,0.0,0.0,0.0,0.0,36.713542930240784,36.92285273726983,36.827245148202806,14.0,13.958343273527895,14.032728227642911,0.0,36.0,0.0,0.0,0.0,0.0,0.0,0.0,0.0,0.0,0.0,0.0,0.0
2026-07-10 17:15:56,0.0,0.0,0.0,0.0,0.0,0.0,0.0,0.0,37.040353706603035,37.347561048887215,36.73468459282068,14.0,14.03798153230029,13.964288010981345,0.0,36.0,0.0,0.0,0.0,0.0,0.0,0.0,0.0,0.0,0.0,0.0,0.0
2026-07-10 17:15:57,0.0,0.0,0.0,0.0,0.0,0.0,0.0,0.0,36.59313706945563,37.36587971409749,37.130250251127414,14.0,13.974784615085168,13.982209274493677,0.0,36.0,0.0,0.0,0.0,0.0,0.0,0.0,0.0,0.0,0.0,0.0,0.0
2026-07-10 17:15:57,0.0,0.0,0.0,0.0,0.0,0.0,0.0,0.0,36.95727003724474,37.10103641192021,37.10560265187115,14.0,13.977989615036087,14.014423164671102,0.0,36.0,0.0,0.0,0.0,0.0,0.0,0.0,0.0,0.0,0.0,0.0,0.0
2026-07-10 17:15:58,0.0,0.0,0.0,0.0,0.0,0.0,0.0,0.0,36.84230179618051,36.8936299395897,36.88304299837276,14.0,13.994848536732938,14.01570410634365,0.0,36.0,0.0,0.0,0.0,0.0,0.0,0.0,0.0,0.0,0.0,0.0,0.0
2026-07-10 17:15:58,0.0,0.0,0.0,0.0,0.0,0.0,0.0,0.0,36.988485517011085,36.88269839556157,36.893921349058886,14.0,13.953317896484064,14.033208652612881,0.0,36.0,0.0,0.0,0.0,0.0,0.0,0.0,0.0,0.0,0.0,0.0,0.0
2026-07-10 17:15:59,0.0,0.0,0.0,0.0,0.0,0.0,0.0,0.0,36.88871189257788,37.26725362961079,36.949395321347204,14.0,13.96646958604347,14.04778109688746,0.0,36.0,0.0,0.0,0.0,0.0,0.0,0.0,0.0,0.0,0.0,0.0,0.0
2026-07-10 17:15:59,0.0,0.0,0.0,0.0,0.0,0.0,0.0,0.0,36.67421444716987,36.90275053621459,36.74784232108173,14.0,14.029815975882183,14.03720534907131,0.0,36.0,0.0,0.0,0.0,0.0,0.0,0.0,0.0,0.0,0.0,0.0,0.0
2026-07-10 17:16:00,0.0,0.0,0.0,0.0,0.0,0.0,0.0,0.0,37.06879161364028,37.170010249292034,36.74466076190201,14.0,13.987963076715502,14.001468873595435,0.0,36.0,0.0,0.0,0.0,0.0,0.0,0.0,0.0,0.0,0.0,0.0,0.0
2026-07-10 17:16:00,0.0,0.0,0.0,0.0,0.0,0.0,0.0,0.0,36.92809444740832,37.052941848694644,37.158850498970175,14.0,13.961257250670196,14.046115959573486,0.0,36.0,0.0,0.0,0.0,0.0,0.0,0.0,0.0,0.0,0.0,0.0,0.0
2026-07-10 17:16:01,0.0,0.0,0.0,0.0,0.0,0.0,0.0,0.0,36.70709963296939,37.117140219078955,36.83353457377897,14.0,13.982733572646978,14.047628693508695,0.0,36.0,0.0,0.0,0.0,0.0,0.0,0.0,0.0,0.0,0.0,0.0,0.0
2026-07-10 17:16:01,0.0,0.0,0.0,0.0,0.0,0.0,0.0,0.0,37.089063669930496,37.27226360712145,36.71005360444314,14.0,14.041703338222755,14.048144924046877,0.0,36.0,0.0,0.0,0.0,0.0,0.0,0.0,0.0,0.0,0.0,0.0,0.0
2026-07-10 17:16:02,0.0,0.0,0.0,0.0,0.0,0.0,0.0,0.0,36.79046075108125,37.11355459808302,37.12076433605306,14.0,14.029384612736036,13.999315100628014,0.0,36.0,0.0,0.0,0.0,0.0,0.0,0.0,0.0,0.0,0.0,0.0,0.0
2026-07-10 17:16:02,0.0,0.0,0.0,0.0,0.0,0.0,0.0,0.0,36.579308190376466,37.29963537538418,37.124429496122126,14.0,14.022925227349003,14.001212636265521,0.0,36.0,0.0,0.0,0.0,0.0,0.0,0.0,0.0,0.0,0.0,0.0,0.0
2026-07-10 17:16:03,0.0,0.0,0.0,0.0,0.0,0.0,0.0,0.0,36.85544867803258,37.36004691454712,37.10292921198492,14.0,14.012150927818281,14.038201347939449,0.0,36.0,0.0,0.0,0.0,0.0,0.0,0.0,0.0,0.0,0.0,0.0,0.0
2026-07-10 17:16:03,0.0,0.0,0.0,0.0,0.0,0.0,0.0,0.0,36.654241788692545,37.07275153428548,37.19650748983539,14.0,14.014342226816503,14.011214013482107,0.0,36.0,0.0,0.0,0.0,0.0,0.0,0.0,0.0,0.0,0.0,0.0,0.0
2026-07-10 17:16:04,0.0,0.0,0.0,0.0,0.0,0.0,0.0,0.0,36.66429544067908,37.06859610856387,37.119392428462476,14.0,14.029963072236923,13.952624018149159,0.0,36.0,0.0,0.0,0.0,0.0,0.0,0.0,0.0,0.0,0.0,0.0,0.0
2026-07-10 17:16:04,0.0,0.0,0.0,0.0,0.0,0.0,0.0,0.0,36.61349804157734,37.11132037684806,36.786317840218786,14.0,14.034916533165042,13.981485275223001,0.0,36.0,0.0,0.0,0.0,0.0,0.0,0.0,0.0,0.0,0.0,0.0,0.0
2026-07-10 17:16:05,0.0,0.0,0.0,0.0,0.0,0.0,0.0,0.0,36.56486548560794,37.350927299162514,37.014326142977986,14.0,13.989947831330285,14.003773071925105,0.0,36.0,0.0,0.0,0.0,0.0,0.0,0.0,0.0,0.0,0.0,0.0,0.0
2026-07-10 17:16:05,0.0,0.0,0.0,0.0,0.0,0.0,0.0,0.0,36.737586937146474,36.87572600733711,37.27362298493236,14.0,13.953145173638664,14.010906955925751,0.0,36.0,0.0,0.0,0.0,0.0,0.0,0.0,0.0,0.0,0.0,0.0,0.0
2026-07-10 17:16:06,0.0,0.0,0.0,0.0,0.0,0.0,0.0,0.0,37.010786859296715,36.95084592281493,36.81247107575087,14.0,13.967792197307068,13.967790524279117,0.0,36.0,0.0,0.0,0.0,0.0,0.0,0.0,0.0,0.0,0.0,0.0,0.0
2026-07-10 17:16:06,0.0,0.0,0.0,0.0,0.0,0.0,0.0,0.0,37.08218126707082,37.221533841939134,37.01637116452771,14.0,13.989490456894695,13.991048247778066,0.0,36.0,0.0,0.0,0.0,0.0,0.0,0.0,0.0,0.0,0.0,0.0,0.0
2026-07-10 17:16:07,0.0,0.0,0.0,0.0,0.0,0.0,0.0,0.0,37.071404835963875,37.16995382205366,37.15861438520109,14.0,13.976174370361417,13.970075042232475,0.0,36.0,0.0,0.0,0.0,0.0,0.0,0.0,0.0,0.0,0.0,0.0,0.0
2026-07-10 17:16:07,0.0,0.0,0.0,0.0,0.0,0.0,0.0,0.0,36.854423506464876,37.142153097157355,37.20901563088017,14.0,14.01581705965275,14.032600399104275,0.0,36.0,0.0,0.0,0.0,0.0,0.0,0.0,0.0,0.0,0.0,0.0,0.0
2026-07-10 17:16:08,0.0,0.0,0.0,0.0,0.0,0.0,0.0,0.0,37.048690309831464,36.91213804853063,37.29970194985472,14.0,14.012018322150055,13.98687501051579,0.0,36.0,0.0,0.0,0.0,0.0,0.0,0.0,0.0,0.0,0.0,0.0,0.0
2026-07-10 17:16:08,0.0,0.0,0.0,0.0,0.0,0.0,0.0,0.0,36.881036598657275,36.924763747967226,37.299484940672485,14.0,13.976457849156576,14.045966224966877,0.0,36.0,0.0,0.0,0.0,0.0,0.0,0.0,0.0,0.0,0.0,0.0,0.0
2026-07-10 17:16:09,0.0,0.0,0.0,0.0,0.0,0.0,0.0,0.0,36.52761231760987,37.004436185281754,36.88701501949066,14.0,14.0156544943743,14.01791513428261,0.0,36.0,0.0,0.0,0.0,0.0,0.0,0.0,0.0,0.0,0.0,0.0,0.0
2026-07-10 17:16:09,0.0,0.0,0.0,0.0,0.0,0.0,0.0,0.0,36.85171360562251,37.063255751471004,36.78943950055491,14.0,13.984155983582832,13.981072754022867,0.0,36.0,0.0,0.0,0.0,0.0,0.0,0.0,0.0,0.0,0.0,0.0,0.0
2026-07-10 17:16:10,0.0,0.0,0.0,0.0,0.0,0.0,0.0,0.0,36.80510251821981,37.17043120830479,36.759217168333684,14.0,13.982519304106928,14.023065474902145,0.0,36.0,0.0,0.0,0.0,0.0,0.0,0.0,0.0,0.0,0.0,0.0,0.0
2026-07-10 17:16:10,0.0,0.0,0.0,0.0,0.0,0.0,0.0,0.0,36.6950940534383,37.1967197536942,37.18966091202264,14.0,13.97326722411244,13.988039170425617,0.0,36.0,0.0,0.0,0.0,0.0,0.0,0.0,0.0,0.0,0.0,0.0,0.0
2026-07-10 17:16:11,0.0,0.0,0.0,0.0,0.0,0.0,0.0,0.0,36.71935451325363,37.02752585928435,37.26917691904506,14.0,14.009636273499199,14.042411980777729,0.0,36.0,0.0,0.0,0.0,0.0,0.0,0.0,0.0,0.0,0.0,0.0,0.0
2026-07-10 17:16:11,0.0,0.0,0.0,0.0,0.0,0.0,0.0,0.0,36.835485569493336,37.03946816891604,37.22396940247245,14.0,14.009430269230194,14.032461522075904,0.0,36.0,0.0,0.0,0.0,0.0,0.0,0.0,0.0,0.0,0.0,0.0,0.0
2026-07-10 17:16:12,0.0,0.0,0.0,0.0,0.0,0.0,0.0,0.0,36.584407087392655,37.34149628596273,36.75946855615972,14.0,13.971898273816358,13.985753253998501,0.0,36.0,0.0,0.0,0.0,0.0,0.0,0.0,0.0,0.0,0.0,0.0,0.0
2026-07-10 17:16:12,0.0,0.0,0.0,0.0,0.0,0.0,0.0,0.0,36.78405972158336,36.83834879775653,36.73390184964739,14.0,13.950599978188846,13.980474027147316,0.0,36.0,0.0,0.0,0.0,0.0,0.0,0.0,0.0,0.0,0.0,0.0,0.0
2026-07-10 17:16:13,0.0,0.0,0.0,0.0,0.0,0.0,0.0,0.0,36.91791845444982,37.04751398404196,37.24567942656668,14.0,14.003556969980835,14.009831912014112,0.0,36.0,0.0,0.0,0.0,0.0,0.0,0.0,0.0,0.0,0.0,0.0,0.0
2026-07-10 17:16:13,0.0,0.0,0.0,0.0,0.0,0.0,0.0,0.0,36.566018149182575,37.33464522710465,36.89282404920361,14.0,14.003879782513241,13.971715877529624,0.0,36.0,0.0,0.0,0.0,0.0,0.0,0.0,0.0,0.0,0.0,0.0,0.0
2026-07-10 17:16:14,0.0,0.0,0.0,0.0,0.0,0.0,0.0,0.0,36.60330218178769,37.36186998979973,36.79274002027403,14.0,13.97780771967571,14.03386313021551,0.0,36.0,0.0,0.0,0.0,0.0,0.0,0.0,0.0,0.0,0.0,0.0,0.0
2026-07-10 17:16:14,0.0,0.0,0.0,0.0,0.0,0.0,0.0,0.0,36.50297455223046,37.073894279439415,36.7536533578809,14.0,14.028011749716736,14.005485222201209,0.0,36.0,0.0,0.0,0.0,0.0,0.0,0.0,0.0,0.0,0.0,0.0,0.0
2026-07-10 17:16:15,0.0,0.0,0.0,0.0,0.0,0.0,0.0,0.0,36.69286388689314,37.395231386411346,36.88051489832302,14.0,14.03060470094673,13.988600010621358,0.0,36.0,0.0,0.0,0.0,0.0,0.0,0.0,0.0,0.0,0.0,0.0,0.0
2026-07-10 17:16:15,0.0,0.0,0.0,0.0,0.0,0.0,0.0,0.0,36.90893660416009,36.984410633043105,37.29466563743778,14.0,14.024208878436559,14.007982322652795,0.0,36.0,0.0,0.0,0.0,0.0,0.0,0.0,0.0,0.0,0.0,0.0,0.0
2026-07-10 17:16:16,0.0,0.0,0.0,0.0,0.0,0.0,0.0,0.0,36.86078248069179,37.07696199461639,36.87113819200339,14.0,14.048649343458472,13.983828065473272,0.0,36.0,0.0,0.0,0.0,0.0,0.0,0.0,0.0,0.0,0.0,0.0,0.0
2026-07-10 17:16:16,0.0,0.0,0.0,0.0,0.0,0.0,0.0,0.0,36.98118231662195,37.017634277435874,36.750820317482216,14.0,13.953598294452494,13.989115573676742,0.0,36.0,0.0,0.0,0.0,0.0,0.0,0.0,0.0,0.0,0.0,0.0,0.0
2026-07-10 17:16:17,0.0,0.0,0.0,0.0,0.0,0.0,0.0,0.0,37.062998648856194,37.076091642825276,37.12401821772307,14.0,13.96791953337015,14.032304783744912,0.0,36.0,0.0,0.0,0.0,0.0,0.0,0.0,0.0,0.0,0.0,0.0,0.0
2026-07-10 17:16:17,0.0,0.0,0.0,0.0,0.0,0.0,0.0,0.0,36.98706915993605,37.169329168032625,36.803821339988424,14.0,14.02657278304328,14.00017755538652,0.0,36.0,0.0,0.0,0.0,0.0,0.0,0.0,0.0,0.0,0.0,0.0,0.0
2026-07-10 17:16:18,0.0,0.0,0.0,0.0,0.0,0.0,0.0,0.0,37.01902353805786,36.99443307420484,36.92794278903051,14.0,14.049244420297999,13.957706337242053,0.0,36.0,0.0,0.0,0.0,0.0,0.0,0.0,0.0,0.0,0.0,0.0,0.0
2026-07-10 17:16:18,0.0,0.0,0.0,0.0,0.0,0.0,0.0,0.0,36.960641526260645,37.222582163107354,37.290938298226855,14.0,13.98579257933732,13.975951823730712,0.0,36.0,0.0,0.0,0.0,0.0,0.0,0.0,0.0,0.0,0.0,0.0,0.0
2026-07-10 17:16:19,0.0,0.0,0.0,0.0,0.0,0.0,0.0,0.0,36.97553455773035,37.07596044036993,36.95531705201073,14.0,14.015718721085127,14.03840600483626,0.0,36.0,0.0,0.0,0.0,0.0,0.0,0.0,0.0,0.0,0.0,0.0,0.0
2026-07-10 17:16:19,0.0,0.0,0.0,0.0,0.0,0.0,0.0,0.0,37.006639155843395,37.09376854586454,36.89006760713941,14.0,14.043315203313266,14.043768916048892,0.0,36.0,0.0,0.0,0.0,0.0,0.0,0.0,0.0,0.0,0.0,0.0,0.0
2026-07-10 17:16:20,0.0,0.0,0.0,0.0,0.0,0.0,0.0,0.0,36.53605560710663,37.20321083477637,37.17307090493885,14.0,13.951198662478056,14.022103012460265,0.0,36.0,0.0,0.0,0.0,0.0,0.0,0.0,0.0,0.0,0.0,0.0,0.0
2026-07-10 17:16:20,0.0,0.0,0.0,0.0,0.0,0.0,0.0,0.0,36.50155365605074,37.07344096429277,37.26913876036117,14.0,14.01956904679763,13.963899905244713,0.0,36.0,0.0,0.0,0.0,0.0,0.0,0.0,0.0,0.0,0.0,0.0,0.0
2026-07-10 17:16:21,0.0,0.0,0.0,0.0,0.0,0.0,0.0,0.0,36.695083790029344,37.158808569248876,37.17180334736846,14.0,14.007876359437448,13.96809675583884,0.0,36.0,0.0,0.0,0.0,0.0,0.0,0.0,0.0,0.0,0.0,0.0,0.0
2026-07-10 17:16:21,0.0,0.0,0.0,0.0,0.0,0.0,0.0,0.0,36.91385616680201,37.24255131962364,37.12381449257741,14.0,14.030929308209759,13.985079956282757,0.0,36.0,0.0,0.0,0.0,0.0,0.0,0.0,0.0,0.0,0.0,0.0,0.0
2026-07-10 17:16:22,0.0,0.0,0.0,0.0,0.0,0.0,0.0,0.0,36.70350716716991,37.2359352955373,36.936760506287236,14.0,14.044430515168997,14.025957108696426,0.0,36.0,0.0,0.0,0.0,0.0,0.0,0.0,0.0,0.0,0.0,0.0,0.0
2026-07-10 17:16:22,0.0,0.0,0.0,0.0,0.0,0.0,0.0,0.0,36.622052770688576,37.18280722980434,37.146801737949495,14.0,14.04682092722112,13.975023404347063,0.0,36.0,0.0,0.0,0.0,0.0,0.0,0.0,0.0,0.0,0.0,0.0,0.0
2026-07-10 17:16:23,0.0,0.0,0.0,0.0,0.0,0.0,0.0,0.0,36.75558063867167,36.99319605643619,36.984704129434526,14.0,14.026012034505799,13.976413463556307,0.0,36.0,0.0,0.0,0.0,0.0,0.0,0.0,0.0,0.0,0.0,0.0,0.0
2026-07-10 17:16:23,0.0,0.0,0.0,0.0,0.0,0.0,0.0,0.0,36.87588311293586,36.86462221226943,37.24059524986532,14.0,14.001795002886121,13.954265426204179,0.0,36.0,0.0,0.0,0.0,0.0,0.0,0.0,0.0,0.0,0.0,0.0,0.0
2026-07-10 17:16:24,0.0,0.0,0.0,0.0,0.0,0.0,0.0,0.0,36.89694957899917,37.334321350962064,37.23995462302725,14.0,14.01187639682309,14.0310527735364,0.0,36.0,0.0,0.0,0.0,0.0,0.0,0.0,0.0,0.0,0.0,0.0,0.0
2026-07-10 17:16:24,0.0,0.0,0.0,0.0,0.0,0.0,0.0,0.0,36.58126525205448,37.21332001121586,37.18794017292386,14.0,14.012815735861365,14.02851620408376,0.0,36.0,0.0,0.0,0.0,0.0,0.0,0.0,0.0,0.0,0.0,0.0,0.0
2026-07-10 17:16:25,0.0,0.0,0.0,0.0,0.0,0.0,0.0,0.0,36.81749323402026,36.85547030167534,37.07446601934158,14.0,13.953781345194866,13.956671309908586,0.0,36.0,0.0,0.0,0.0,0.0,0.0,0.0,0.0,0.0,0.0,0.0,0.0
2026-07-10 17:16:25,0.0,0.0,0.0,0.0,0.0,0.0,0.0,0.0,36.861626856140354,37.017640531590544,36.82410881641892,14.0,14.043838430566858,13.992655884412947,0.0,36.0,0.0,0.0,0.0,0.0,0.0,0.0,0.0,0.0,0.0,0.0,0.0
2026-07-10 17:16:26,0.0,0.0,0.0,0.0,0.0,0.0,0.0,0.0,36.58641507213641,37.30013092624836,37.25840510716853,14.0,13.963293762916223,14.030187414152497,0.0,36.0,0.0,0.0,0.0,0.0,0.0,0.0,0.0,0.0,0.0,0.0,0.0
2026-07-10 17:16:26,0.0,0.0,0.0,0.0,0.0,0.0,0.0,0.0,36.77377231619379,37.15526944186042,37.05278517948711,14.0,13.99081920055018,14.04880589610003,0.0,36.0,0.0,0.0,0.0,0.0,0.0,0.0,0.0,0.0,0.0,0.0,0.0
2026-07-10 17:16:27,0.0,0.0,0.0,0.0,0.0,0.0,0.0,0.0,36.87901795822493,37.188521851787506,37.09947719071402,14.0,14.00836497717387,14.004772437986594,0.0,36.0,0.0,0.0,0.0,0.0,0.0,0.0,0.0,0.0,0.0,0.0,0.0
2026-07-10 17:16:27,0.0,0.0,0.0,0.0,0.0,0.0,0.0,0.0,36.63494918917034,37.13362129672166,36.708676438898046,14.0,13.991587737490935,14.028830408723186,0.0,36.0,0.0,0.0,0.0,0.0,0.0,0.0,0.0,0.0,0.0,0.0,0.0
2026-07-10 17:16:28,0.0,0.0,0.0,0.0,0.0,0.0,0.0,0.0,36.79114708223789,37.00994167673383,36.96848248363112,14.0,14.025526642230643,14.033736869141764,0.0,36.0,0.0,0.0,0.0,0.0,0.0,0.0,0.0,0.0,0.0,0.0,0.0
2026-07-10 17:16:28,0.0,0.0,0.0,0.0,0.0,0.0,0.0,0.0,36.68712620935149,37.03423705411676,36.788496300377844,14.0,14.023438356022668,14.029791317413277,0.0,36.0,0.0,0.0,0.0,0.0,0.0,0.0,0.0,0.0,0.0,0.0,0.0
2026-07-10 17:16:29,0.0,0.0,0.0,0.0,0.0,0.0,0.0,0.0,36.86935128103164,37.08636525389386,37.04892405677726,14.0,14.031431907337103,13.990342517288022,0.0,36.0,0.0,0.0,0.0,0.0,0.0,0.0,0.0,0.0,0.0,0.0,0.0
2026-07-10 17:16:29,0.0,0.0,0.0,0.0,0.0,0.0,0.0,0.0,36.844337654368765,37.39675624230808,36.893387816647746,14.0,13.980392691288925,14.020757040399054,0.0,36.0,0.0,0.0,0.0,0.0,0.0,0.0,0.0,0.0,0.0,0.0,0.0
2026-07-10 17:16:30,0.0,0.0,0.0,0.0,0.0,0.0,0.0,0.0,36.828761289513935,37.25989219580984,37.07995668951985,14.0,13.968496411948994,14.019931713002096,0.0,36.0,0.0,0.0,0.0,0.0,0.0,0.0,0.0,0.0,0.0,0.0,0.0
2026-07-10 17:16:30,0.0,0.0,0.0,0.0,0.0,0.0,0.0,0.0,37.03972755712917,36.971917964946655,37.201711933596634,14.0,14.043795473450205,13.950944883427722,0.0,36.0,0.0,0.0,0.0,0.0,0.0,0.0,0.0,0.0,0.0,0.0,0.0
2026-07-10 17:16:31,0.0,0.0,0.0,0.0,0.0,0.0,0.0,0.0,36.596079095240775,36.90454225953706,36.78848339811372,14.0,13.99990429498547,13.955954291166334,0.0,36.0,0.0,0.0,0.0,0.0,0.0,0.0,0.0,0.0,0.0,0.0,0.0
2026-07-10 17:16:31,0.0,0.0,0.0,0.0,0.0,0.0,0.0,0.0,36.94110471281475,37.249000585365735,36.94295271360755,14.0,13.960499444424363,13.957093494512801,0.0,36.0,0.0,0.0,0.0,0.0,0.0,0.0,0.0,0.0,0.0,0.0,0.0
2026-07-10 17:16:32,0.0,0.0,0.0,0.0,0.0,0.0,0.0,0.0,36.54839052307849,37.17043832446094,37.11612308228094,14.0,13.981404864731203,14.026083933768891,0.0,36.0,0.0,0.0,0.0,0.0,0.0,0.0,0.0,0.0,0.0,0.0,0.0
2026-07-10 17:16:32,0.0,0.0,0.0,0.0,0.0,0.0,0.0,0.0,36.53058068673641,37.02838193067116,36.87257410061613,14.0,14.011189400734018,13.99059074970058,0.0,36.0,0.0,0.0,0.0,0.0,0.0,0.0,0.0,0.0,0.0,0.0,0.0
2026-07-10 17:16:33,0.0,0.0,0.0,0.0,0.0,0.0,0.0,0.0,36.82658403224718,37.154934938978435,36.90909590652168,14.0,13.98118055092859,14.028849951078737,0.0,36.0,0.0,0.0,0.0,0.0,0.0,0.0,0.0,0.0,0.0,0.0,0.0
2026-07-10 17:16:33,0.0,0.0,0.0,0.0,0.0,0.0,0.0,0.0,36.889945787277796,37.29228881918957,36.77889781960288,14.0,14.038831178239283,13.96183717420418,0.0,36.0,0.0,0.0,0.0,0.0,0.0,0.0,0.0,0.0,0.0,0.0,0.0
2026-07-10 17:16:34,0.0,0.0,0.0,0.0,0.0,0.0,0.0,0.0,37.04137607620171,37.05629354515064,36.928095129059386,14.0,13.996121758691894,14.02654519485158,0.0,36.0,0.0,0.0,0.0,0.0,0.0,0.0,0.0,0.0,0.0,0.0,0.0
2026-07-10 17:16:34,0.0,0.0,0.0,0.0,0.0,0.0,0.0,0.0,37.061516724366896,36.80290212944692,37.084142174245535,14.0,13.97561886029595,13.996746705345881,0.0,36.0,0.0,0.0,0.0,0.0,0.0,0.0,0.0,0.0,0.0,0.0,0.0
2026-07-10 17:16:35,0.0,0.0,0.0,0.0,0.0,0.0,0.0,0.0,36.9446438780456,37.288672352582246,36.81230995281452,14.0,14.026394783069986,14.02990549537707,0.0,36.0,0.0,0.0,0.0,0.0,0.0,0.0,0.0,0.0,0.0,0.0,0.0
2026-07-10 17:16:35,0.0,0.0,0.0,0.0,0.0,0.0,0.0,0.0,36.94577639318949,37.37766235741881,37.17876102505788,14.0,14.029150356345792,14.023957737157373,0.0,36.0,0.0,0.0,0.0,0.0,0.0,0.0,0.0,0.0,0.0,0.0,0.0
2026-07-10 17:16:36,0.0,0.0,0.0,0.0,0.0,0.0,0.0,0.0,36.67215664040682,37.22681112506926,37.26250702981339,14.0,13.962696358036197,13.950168643207991,0.0,36.0,0.0,0.0,0.0,0.0,0.0,0.0,0.0,0.0,0.0,0.0,0.0
2026-07-10 17:16:36,0.0,0.0,0.0,0.0,0.0,0.0,0.0,0.0,36.676565784806975,36.99522676479503,37.08943715401213,14.0,14.024924506939145,14.027330763984638,0.0,36.0,0.0,0.0,0.0,0.0,0.0,0.0,0.0,0.0,0.0,0.0,0.0
2026-07-10 17:16:37,0.0,0.0,0.0,0.0,0.0,0.0,0.0,0.0,36.70570920175622,37.04313856553802,36.85513476416283,14.0,14.033863417509878,13.973298668901919,0.0,36.0,0.0,0.0,0.0,0.0,0.0,0.0,0.0,0.0,0.0,0.0,0.0
2026-07-10 17:16:37,0.0,0.0,0.0,0.0,0.0,0.0,0.0,0.0,36.87218708358018,37.31016081522725,37.05454225351563,14.0,13.986981978583517,14.007080370769922,0.0,36.0,0.0,0.0,0.0,0.0,0.0,0.0,0.0,0.0,0.0,0.0,0.0
2026-07-10 17:16:38,0.0,0.0,0.0,0.0,0.0,0.0,0.0,0.0,36.63935119855847,37.12999514535129,37.152052381607454,14.0,14.044251532705607,13.993901033347367,0.0,36.0,0.0,0.0,0.0,0.0,0.0,0.0,0.0,0.0,0.0,0.0,0.0
2026-07-10 17:16:38,0.0,0.0,0.0,0.0,0.0,0.0,0.0,0.0,36.9516081534089,36.912364603840004,37.04782967092338,14.0,14.034075990632152,13.998529032694586,0.0,36.0,0.0,0.0,0.0,0.0,0.0,0.0,0.0,0.0,0.0,0.0,0.0
2026-07-10 17:16:39,0.0,0.0,0.0,0.0,0.0,0.0,0.0,0.0,36.51479811067351,37.33599703261849,37.149666221006626,14.0,14.022742145062885,14.012357296892926,0.0,36.0,0.0,0.0,0.0,0.0,0.0,0.0,0.0,0.0,0.0,0.0,0.0
2026-07-10 17:16:39,0.0,0.0,0.0,0.0,0.0,0.0,0.0,0.0,37.06281347405586,37.01138420567511,36.82636731429933,14.0,13.952152101712834,13.996842589746999,0.0,36.0,0.0,0.0,0.0,0.0,0.0,0.0,0.0,0.0,0.0,0.0,0.0
2026-07-10 17:16:40,0.0,0.0,0.0,0.0,0.0,0.0,0.0,0.0,37.087550171491095,37.0760912936159,37.20334827263258,14.0,13.975089637150354,14.042123465119213,0.0,36.0,0.0,0.0,0.0,0.0,0.0,0.0,0.0,0.0,0.0,0.0,0.0
2026-07-10 17:16:40,0.0,0.0,0.0,0.0,0.0,0.0,0.0,0.0,36.80946936081242,36.92220809889112,37.20549502596953,14.0,13.978329417059005,13.986619258604769,0.0,36.0,0.0,0.0,0.0,0.0,0.0,0.0,0.0,0.0,0.0,0.0,0.0
2026-07-10 17:16:41,0.0,0.0,0.0,0.0,0.0,0.0,0.0,0.0,36.811290058921195,37.23889973224811,36.823946081886724,14.0,14.008104701891943,14.021327238648798,0.0,36.0,0.0,0.0,0.0,0.0,0.0,0.0,0.0,0.0,0.0,0.0,0.0
2026-07-10 17:16:41,0.0,0.0,0.0,0.0,0.0,0.0,0.0,0.0,36.61606892108415,36.90677701149369,37.01890142950267,14.0,14.040846299348061,13.95709498987458,0.0,36.0,0.0,0.0,0.0,0.0,0.0,0.0,0.0,0.0,0.0,0.0,0.0
2026-07-10 17:16:42,0.0,0.0,0.0,0.0,0.0,0.0,0.0,0.0,37.07677557648956,36.862363132885314,36.72292734473009,14.0,13.984596997872785,13.951754753798978,0.0,36.0,0.0,0.0,0.0,0.0,0.0,0.0,0.0,0.0,0.0,0.0,0.0
2026-07-10 17:16:42,0.0,0.0,0.0,0.0,0.0,0.0,0.0,0.0,36.747436848485094,37.14252377443152,36.95263977972108,14.0,14.007215880582802,14.01612273880483,0.0,36.0,0.0,0.0,0.0,0.0,0.0,0.0,0.0,0.0,0.0,0.0,0.0
2026-07-10 17:16:43,0.0,0.0,0.0,0.0,0.0,0.0,0.0,0.0,37.012849363735874,37.2507283076481,36.882231628497664,14.0,14.03462835113172,14.00358923041972,0.0,36.0,0.0,0.0,0.0,0.0,0.0,0.0,0.0,0.0,0.0,0.0,0.0
2026-07-10 17:16:43,0.0,0.0,0.0,0.0,0.0,0.0,0.0,0.0,36.72944792130928,36.81688620345603,36.8218828871177,14.0,13.987381334505221,14.020152751664092,0.0,36.0,0.0,0.0,0.0,0.0,0.0,0.0,0.0,0.0,0.0,0.0,0.0
2026-07-10 17:16:44,0.0,0.0,0.0,0.0,0.0,0.0,0.0,0.0,36.92373505283419,37.295136090555836,37.07774132463231,14.0,13.987855652097501,13.983890661045352,0.0,36.0,0.0,0.0,0.0,0.0,0.0,0.0,0.0,0.0,0.0,0.0,0.0
2026-07-10 17:16:44,0.0,0.0,0.0,0.0,0.0,0.0,0.0,0.0,36.91358834508547,37.29969128058774,36.80740887241449,14.0,14.039242618796104,14.019184514329556,0.0,36.0,0.0,0.0,0.0,0.0,0.0,0.0,0.0,0.0,0.0,0.0,0.0
2026-07-10 17:16:45,0.0,0.0,0.0,0.0,0.0,0.0,0.0,0.0,37.027674509327724,37.06734823251856,37.22710150386483,14.0,13.952361490575342,13.993125786040453,0.0,36.0,0.0,0.0,0.0,0.0,0.0,0.0,0.0,0.0,0.0,0.0,0.0
2026-07-10 17:16:45,0.0,0.0,0.0,0.0,0.0,0.0,0.0,0.0,36.95450599859154,37.119868705691154,36.834978383162934,14.0,14.009348100326948,13.989472262878921,0.0,36.0,0.0,0.0,0.0,0.0,0.0,0.0,0.0,0.0,0.0,0.0,0.0
2026-07-10 17:16:46,0.0,0.0,0.0,0.0,0.0,0.0,0.0,0.0,36.733181463441284,37.09111638662018,37.20980289114393,14.0,13.982482207786171,13.960948757716423,0.0,36.0,0.0,0.0,0.0,0.0,0.0,0.0,0.0,0.0,0.0,0.0,0.0
2026-07-10 17:16:46,0.0,0.0,0.0,0.0,0.0,0.0,0.0,0.0,36.63142410993738,36.86532206355185,36.970434172692535,14.0,14.042921331317274,13.955481825661181,0.0,36.0,0.0,0.0,0.0,0.0,0.0,0.0,0.0,0.0,0.0,0.0,0.0
2026-07-10 17:16:47,0.0,0.0,0.0,0.0,0.0,0.0,0.0,0.0,36.88404398581873,36.819652505819974,36.926734382061596,14.0,14.01923253124827,14.007563155564686,0.0,36.0,0.0,0.0,0.0,0.0,0.0,0.0,0.0,0.0,0.0,0.0,0.0
2026-07-10 17:16:47,0.0,0.0,0.0,0.0,0.0,0.0,0.0,0.0,36.62192722010593,36.89782845227051,37.23424591215896,14.0,14.004017002437207,13.966627885847299,0.0,36.0,0.0,0.0,0.0,0.0,0.0,0.0,0.0,0.0,0.0,0.0,0.0
2026-07-10 17:16:48,0.0,0.0,0.0,0.0,0.0,0.0,0.0,0.0,36.538046361913146,36.97575577514162,36.775239494496745,14.0,14.034639572603083,14.039268122354754,0.0,36.0,0.0,0.0,0.0,0.0,0.0,0.0,0.0,0.0,0.0,0.0,0.0
2026-07-10 17:16:48,0.0,0.0,0.0,0.0,0.0,0.0,0.0,0.0,36.909996483458706,36.99413787763888,37.16351774920932,14.0,13.970702451708659,14.03009095148092,0.0,36.0,0.0,0.0,0.0,0.0,0.0,0.0,0.0,0.0,0.0,0.0,0.0
2026-07-10 17:16:49,0.0,0.0,0.0,0.0,0.0,0.0,0.0,0.0,36.52960152615957,36.89402569314856,36.74435767162457,14.0,14.007286939482716,13.979182968975183,0.0,36.0,0.0,0.0,0.0,0.0,0.0,0.0,0.0,0.0,0.0,0.0,0.0
2026-07-10 17:16:49,0.0,0.0,0.0,0.0,0.0,0.0,0.0,0.0,36.53525919494733,36.8382526518183,36.95424925912655,14.0,14.046017102454524,13.990664999472935,0.0,36.0,0.0,0.0,0.0,0.0,0.0,0.0,0.0,0.0,0.0,0.0,0.0
2026-07-10 17:16:50,0.0,0.0,0.0,0.0,0.0,0.0,0.0,0.0,36.57592738959826,37.20407145144599,36.904203381444475,14.0,13.994882951781296,14.024338461383936,0.0,36.0,0.0,0.0,0.0,0.0,0.0,0.0,0.0,0.0,0.0,0.0,0.0
2026-07-10 17:16:50,0.0,0.0,0.0,0.0,0.0,0.0,0.0,0.0,37.06737712095894,37.014648941061125,36.97608273801097,14.0,14.028453579726637,13.974701885647084,0.0,36.0,0.0,0.0,0.0,0.0,0.0,0.0,0.0,0.0,0.0,0.0,0.0
2026-07-10 17:16:51,0.0,0.0,0.0,0.0,0.0,0.0,0.0,0.0,36.78629787716883,37.33918815129878,37.1108332587048,14.0,14.032995929327962,13.952702912778623,0.0,36.0,0.0,0.0,0.0,0.0,0.0,0.0,0.0,0.0,0.0,0.0,0.0
2026-07-10 17:16:51,0.0,0.0,0.0,0.0,0.0,0.0,0.0,0.0,36.51473424292853,37.17528841958481,36.87804529415066,14.0,14.046426350619997,13.991373603079815,0.0,36.0,0.0,0.0,0.0,0.0,0.0,0.0,0.0,0.0,0.0,0.0,0.0
2026-07-10 17:16:52,0.0,0.0,0.0,0.0,0.0,0.0,0.0,0.0,36.877222773739746,36.990038657147224,36.71420124838425,14.0,14.039654738589574,14.009394489593735,0.0,36.0,0.0,0.0,0.0,0.0,0.0,0.0,0.0,0.0,0.0,0.0,0.0
2026-07-10 17:16:52,0.0,0.0,0.0,0.0,0.0,0.0,0.0,0.0,36.95644273662611,37.08820502625643,37.24508173589712,14.0,14.012905249482603,14.012118616650442,0.0,36.0,0.0,0.0,0.0,0.0,0.0,0.0,0.0,0.0,0.0,0.0,0.0
2026-07-10 17:16:53,0.0,0.0,0.0,0.0,0.0,0.0,0.0,0.0,37.051162793070716,36.858694066172106,36.8771087062822,14.0,13.99142146656536,13.974634112322843,0.0,36.0,0.0,0.0,0.0,0.0,0.0,0.0,0.0,0.0,0.0,0.0,0.0
2026-07-10 17:16:53,0.0,0.0,0.0,0.0,0.0,0.0,0.0,0.0,36.63595015032767,37.280887438400406,36.87420340721312,14.0,14.042072095182487,13.979157943823273,0.0,36.0,0.0,0.0,0.0,0.0,0.0,0.0,0.0,0.0,0.0,0.0,0.0
2026-07-10 17:16:54,0.0,0.0,0.0,0.0,0.0,0.0,0.0,0.0,36.687021484048806,37.23988984924771,37.13911241309764,14.0,14.042792443548496,14.03519609428761,0.0,36.0,0.0,0.0,0.0,0.0,0.0,0.0,0.0,0.0,0.0,0.0,0.0
2026-07-10 17:16:54,0.0,0.0,0.0,0.0,0.0,0.0,0.0,0.0,36.85742719281085,37.24301790486122,37.292925050956654,14.0,13.987438999265798,13.982377280754578,0.0,36.0,0.0,0.0,0.0,0.0,0.0,0.0,0.0,0.0,0.0,0.0,0.0
2026-07-10 17:16:55,0.0,0.0,0.0,0.0,0.0,0.0,0.0,0.0,36.966739363282855,36.83379768044409,37.26644581991476,14.0,13.987128212018622,14.028579509035264,0.0,36.0,0.0,0.0,0.0,0.0,0.0,0.0,0.0,0.0,0.0,0.0,0.0
2026-07-10 17:16:55,0.0,0.0,0.0,0.0,0.0,0.0,0.0,0.0,37.02349001741974,37.14317595620707,36.866326935698915,14.0,13.990037201961364,14.013904815831197,0.0,36.0,0.0,0.0,0.0,0.0,0.0,0.0,0.0,0.0,0.0,0.0,0.0
2026-07-10 17:16:56,0.0,0.0,0.0,0.0,0.0,0.0,0.0,0.0,36.96845602854554,36.86622104190156,36.83539115010529,14.0,14.007590135470968,14.048642077029683,0.0,36.0,0.0,0.0,0.0,0.0,0.0,0.0,0.0,0.0,0.0,0.0,0.0
2026-07-10 17:16:56,0.0,0.0,0.0,0.0,0.0,0.0,0.0,0.0,37.0842756835343,37.363268871190925,37.22350231719666,14.0,13.984148186279098,14.000123235767031,0.0,36.0,0.0,0.0,0.0,0.0,0.0,0.0,0.0,0.0,0.0,0.0,0.0
2026-07-10 17:16:57,0.0,0.0,0.0,0.0,0.0,0.0,0.0,0.0,36.99857626079291,37.31577569279995,37.21714546863813,14.0,14.042118788633688,14.027657624831354,0.0,36.0,0.0,0.0,0.0,0.0,0.0,0.0,0.0,0.0,0.0,0.0,0.0
2026-07-10 17:16:57,0.0,0.0,0.0,0.0,0.0,0.0,0.0,0.0,36.50151496506592,37.35434273884205,37.13187835438162,14.0,13.959874956572929,14.02814763311323,0.0,36.0,0.0,0.0,0.0,0.0,0.0,0.0,0.0,0.0,0.0,0.0,0.0
2026-07-10 17:16:58,0.0,0.0,0.0,0.0,0.0,0.0,0.0,0.0,36.61196388608749,36.945044816547245,36.823016535379956,14.0,13.978790330985689,13.96066022119734,0.0,36.0,0.0,0.0,0.0,0.0,0.0,0.0,0.0,0.0,0.0,0.0,0.0
2026-07-10 17:16:58,0.0,0.0,0.0,0.0,0.0,0.0,0.0,0.0,36.85805739138106,37.00018524213135,36.75945776462236,14.0,14.003219466151739,14.001778033958086,0.0,36.0,0.0,0.0,0.0,0.0,0.0,0.0,0.0,0.0,0.0,0.0,0.0
2026-07-10 17:16:59,0.0,0.0,0.0,0.0,0.0,0.0,0.0,0.0,36.55939100753016,37.22411712049813,36.97337475621509,14.0,14.041322999960533,13.97088963474932,0.0,36.0,0.0,0.0,0.0,0.0,0.0,0.0,0.0,0.0,0.0,0.0,0.0
2026-07-10 17:16:59,0.0,0.0,0.0,0.0,0.0,0.0,0.0,0.0,37.07562789836213,37.1101276913598,37.25561298542688,14.0,13.959009637895294,13.977032686530318,0.0,36.0,0.0,0.0,0.0,0.0,0.0,0.0,0.0,0.0,0.0,0.0,0.0
2026-07-10 17:17:00,0.0,0.0,0.0,0.0,0.0,0.0,0.0,0.0,36.6488433263057,36.97964626632824,36.80056842340957,14.0,14.01424108666411,14.035927578772293,0.0,36.0,0.0,0.0,0.0,0.0,0.0,0.0,0.0,0.0,0.0,0.0,0.0
2026-07-10 17:17:00,0.0,0.0,0.0,0.0,0.0,0.0,0.0,0.0,37.021182509485634,37.24212332315085,36.89927363737954,14.0,13.991538194241176,14.030131763493603,0.0,36.0,0.0,0.0,0.0,0.0,0.0,0.0,0.0,0.0,0.0,0.0,0.0
2026-07-10 17:17:01,0.0,0.0,0.0,0.0,0.0,0.0,0.0,0.0,36.52865540552531,37.068075513665654,36.905688358119235,14.0,13.974049720022458,14.02532610552162,0.0,36.0,0.0,0.0,0.0,0.0,0.0,0.0,0.0,0.0,0.0,0.0,0.0
2026-07-10 17:17:01,0.0,0.0,0.0,0.0,0.0,0.0,0.0,0.0,36.562614873522286,37.13757303259456,37.15045590050545,14.0,14.038286539445233,14.042871377280463,0.0,36.0,0.0,0.0,0.0,0.0,0.0,0.0,0.0,0.0,0.0,0.0,0.0
2026-07-10 17:17:02,0.0,0.0,0.0,0.0,0.0,0.0,0.0,0.0,36.805734040564815,37.03811038668023,37.00271756883386,14.0,13.962966125405076,13.98199203401703,0.0,36.0,0.0,0.0,0.0,0.0,0.0,0.0,0.0,0.0,0.0,0.0,0.0
2026-07-10 17:17:02,0.0,0.0,0.0,0.0,0.0,0.0,0.0,0.0,36.6316572965321,37.27946688019897,37.256611324812255,14.0,13.968529173034911,13.98176787226947,0.0,36.0,0.0,0.0,0.0,0.0,0.0,0.0,0.0,0.0,0.0,0.0,0.0
2026-07-10 17:17:03,0.0,0.0,0.0,0.0,0.0,0.0,0.0,0.0,36.505551343230394,37.253194022837285,37.22264517243435,14.0,13.97481155995088,14.037146216144496,0.0,36.0,0.0,0.0,0.0,0.0,0.0,0.0,0.0,0.0,0.0,0.0,0.0
2026-07-10 17:17:03,0.0,0.0,0.0,0.0,0.0,0.0,0.0,0.0,36.98486066821692,37.164502904320976,37.1620207484035,14.0,13.987055997143825,14.006477069472957,0.0,36.0,0.0,0.0,0.0,0.0,0.0,0.0,0.0,0.0,0.0,0.0,0.0
2026-07-10 17:17:04,0.0,0.0,0.0,0.0,0.0,0.0,0.0,0.0,36.824776446111905,37.20627645820024,36.850818805969794,14.0,13.978858526302599,14.003002478087758,0.0,36.0,0.0,0.0,0.0,0.0,0.0,0.0,0.0,0.0,0.0,0.0,0.0
2026-07-10 17:17:04,0.0,0.0,0.0,0.0,0.0,0.0,0.0,0.0,36.53686480006747,37.05731235819593,36.97135306409074,14.0,14.046467818016065,13.955145098751611,0.0,36.0,0.0,0.0,0.0,0.0,0.0,0.0,0.0,0.0,0.0,0.0,0.0
2026-07-10 17:17:05,0.0,0.0,0.0,0.0,0.0,0.0,0.0,0.0,36.66143816392602,36.8748492521683,36.95295601561853,14.0,13.956732108360763,14.049890710562707,0.0,36.0,0.0,0.0,0.0,0.0,0.0,0.0,0.0,0.0,0.0,0.0,0.0
2026-07-10 17:17:05,0.0,0.0,0.0,0.0,0.0,0.0,0.0,0.0,36.98685849609834,37.1646605847799,37.21527748074039,14.0,13.968521774833672,13.963749981408272,0.0,36.0,0.0,0.0,0.0,0.0,0.0,0.0,0.0,0.0,0.0,0.0,0.0
2026-07-10 17:17:06,0.0,0.0,0.0,0.0,0.0,0.0,0.0,0.0,36.65772733273164,37.00979686235759,36.750028335286146,14.0,14.003497944670745,14.00528341154957,0.0,36.0,0.0,0.0,0.0,0.0,0.0,0.0,0.0,0.0,0.0,0.0,0.0
2026-07-10 17:17:06,0.0,0.0,0.0,0.0,0.0,0.0,0.0,0.0,36.832371145423714,36.9491900130652,36.87534831048861,14.0,14.012059983487188,13.965053181834728,0.0,36.0,0.0,0.0,0.0,0.0,0.0,0.0,0.0,0.0,0.0,0.0,0.0
2026-07-10 17:17:07,0.0,0.0,0.0,0.0,0.0,0.0,0.0,0.0,36.62791726925593,37.088751389727015,36.998705656342736,14.0,13.980572956603368,14.043015716219834,0.0,36.0,0.0,0.0,0.0,0.0,0.0,0.0,0.0,0.0,0.0,0.0,0.0
2026-07-10 17:17:07,0.0,0.0,0.0,0.0,0.0,0.0,0.0,0.0,36.71398240509392,37.07469167511789,37.076551786524874,14.0,14.024042969204253,14.006136498440519,0.0,36.0,0.0,0.0,0.0,0.0,0.0,0.0,0.0,0.0,0.0,0.0,0.0
2026-07-10 17:17:08,0.0,0.0,0.0,0.0,0.0,0.0,0.0,0.0,36.68638724110012,37.01852329965831,36.750744826066374,14.0,13.950796353960028,14.015088036384912,0.0,36.0,0.0,0.0,0.0,0.0,0.0,0.0,0.0,0.0,0.0,0.0,0.0
2026-07-10 17:17:08,0.0,0.0,0.0,0.0,0.0,0.0,0.0,0.0,36.554384528536616,37.370280624221884,36.70487029192562,14.0,13.973609269330481,13.992994166135226,0.0,36.0,0.0,0.0,0.0,0.0,0.0,0.0,0.0,0.0,0.0,0.0,0.0
2026-07-10 17:17:09,0.0,0.0,0.0,0.0,0.0,0.0,0.0,0.0,36.92207740271736,37.026039580929705,37.27209852657533,14.0,14.025132008206684,14.025735542469,0.0,36.0,0.0,0.0,0.0,0.0,0.0,0.0,0.0,0.0,0.0,0.0,0.0
2026-07-10 17:17:09,0.0,0.0,0.0,0.0,0.0,0.0,0.0,0.0,36.691897713970484,36.922601595730576,36.943466218537765,14.0,13.9783997541909,13.988104803122233,0.0,36.0,0.0,0.0,0.0,0.0,0.0,0.0,0.0,0.0,0.0,0.0,0.0
2026-07-10 17:17:10,0.0,0.0,0.0,0.0,0.0,0.0,0.0,0.0,37.09305626569894,36.94194379740291,36.734641034033416,14.0,14.03589246722794,13.960723837274632,0.0,36.0,0.0,0.0,0.0,0.0,0.0,0.0,0.0,0.0,0.0,0.0,0.0
2026-07-10 17:17:10,0.0,0.0,0.0,0.0,0.0,0.0,0.0,0.0,36.63003871862549,36.84922350537526,37.02111930802193,14.0,14.011202195327414,14.003090023474678,0.0,36.0,0.0,0.0,0.0,0.0,0.0,0.0,0.0,0.0,0.0,0.0,0.0
2026-07-10 17:17:11,0.0,0.0,0.0,0.0,0.0,0.0,0.0,0.0,36.53711690566061,37.13467029413118,37.07489071794601,14.0,13.981710848177237,13.950959802271264,0.0,36.0,0.0,0.0,0.0,0.0,0.0,0.0,0.0,0.0,0.0,0.0,0.0
2026-07-10 17:17:11,0.0,0.0,0.0,0.0,0.0,0.0,0.0,0.0,36.981780979643815,37.147156222377724,36.749950661775785,14.0,13.95788120479371,13.978531247421323,0.0,36.0,0.0,0.0,0.0,0.0,0.0,0.0,0.0,0.0,0.0,0.0,0.0
2026-07-10 17:17:12,0.0,0.0,0.0,0.0,0.0,0.0,0.0,0.0,36.73637171390035,37.387115952409644,36.788426556472665,14.0,14.020227056398811,13.977171029714302,0.0,36.0,0.0,0.0,0.0,0.0,0.0,0.0,0.0,0.0,0.0,0.0,0.0
2026-07-10 17:17:12,0.0,0.0,0.0,0.0,0.0,0.0,0.0,0.0,36.58740498596876,36.89381357903196,36.762458874157126,14.0,13.963492964959345,14.004381790108447,0.0,36.0,0.0,0.0,0.0,0.0,0.0,0.0,0.0,0.0,0.0,0.0,0.0
2026-07-10 17:17:13,0.0,0.0,0.0,0.0,0.0,0.0,0.0,0.0,36.819322254506254,37.281358814595094,36.85724585447825,14.0,14.04081397585979,13.955881570504467,0.0,36.0,0.0,0.0,0.0,0.0,0.0,0.0,0.0,0.0,0.0,0.0,0.0
2026-07-10 17:17:13,0.0,0.0,0.0,0.0,0.0,0.0,0.0,0.0,36.79263148664512,37.313839121907,36.91957519046761,14.0,13.954313511204345,13.985261379417064,0.0,36.0,0.0,0.0,0.0,0.0,0.0,0.0,0.0,0.0,0.0,0.0,0.0
2026-07-10 17:17:14,0.0,0.0,0.0,0.0,0.0,0.0,0.0,0.0,36.6766008474588,37.23276728785238,36.76768100769679,14.0,14.036823691449035,13.958432633603522,0.0,36.0,0.0,0.0,0.0,0.0,0.0,0.0,0.0,0.0,0.0,0.0,0.0
2026-07-10 17:17:14,0.0,0.0,0.0,0.0,0.0,0.0,0.0,0.0,36.94913749766578,36.84047720485911,36.93628265602155,14.0,13.95085504802047,14.02000436578676,0.0,36.0,0.0,0.0,0.0,0.0,0.0,0.0,0.0,0.0,0.0,0.0,0.0
2026-07-10 17:17:15,0.0,0.0,0.0,0.0,0.0,0.0,0.0,0.0,36.634807370955755,37.1236860502066,37.126734615351054,14.0,13.951865882402583,13.9770325627723,0.0,36.0,0.0,0.0,0.0,0.0,0.0,0.0,0.0,0.0,0.0,0.0,0.0
2026-07-10 17:17:15,0.0,0.0,0.0,0.0,0.0,0.0,0.0,0.0,36.679259903717636,36.86170698943301,37.24750754038264,14.0,13.956115669358171,13.962496859673628,0.0,36.0,0.0,0.0,0.0,0.0,0.0,0.0,0.0,0.0,0.0,0.0,0.0
2026-07-10 17:17:16,0.0,0.0,0.0,0.0,0.0,0.0,0.0,0.0,36.74879375811753,37.37303745400659,37.29835480663124,14.0,14.04691818124184,14.02485343668634,0.0,36.0,0.0,0.0,0.0,0.0,0.0,0.0,0.0,0.0,0.0,0.0,0.0
2026-07-10 17:17:16,0.0,0.0,0.0,0.0,0.0,0.0,0.0,0.0,36.88413471200651,36.9264039313283,37.27516751146907,14.0,14.030980589336579,14.012090406076027,0.0,36.0,0.0,0.0,0.0,0.0,0.0,0.0,0.0,0.0,0.0,0.0,0.0
2026-07-10 17:17:17,0.0,0.0,0.0,0.0,0.0,0.0,0.0,0.0,36.91128512656736,37.34114478109455,37.280958561449175,14.0,13.99305058551239,13.974470618616495,0.0,36.0,0.0,0.0,0.0,0.0,0.0,0.0,0.0,0.0,0.0,0.0,0.0
2026-07-10 17:17:17,0.0,0.0,0.0,0.0,0.0,0.0,0.0,0.0,36.80946708772005,36.97600603007518,37.098116334642484,14.0,14.03077424316407,14.04045332164731,0.0,36.0,0.0,0.0,0.0,0.0,0.0,0.0,0.0,0.0,0.0,0.0,0.0
2026-07-10 17:17:18,0.0,0.0,0.0,0.0,0.0,0.0,0.0,0.0,36.688392742783925,37.10835453536115,36.825044843813835,14.0,13.98331776091795,14.035431530729465,0.0,36.0,0.0,0.0,0.0,0.0,0.0,0.0,0.0,0.0,0.0,0.0,0.0
2026-07-10 17:17:18,0.0,0.0,0.0,0.0,0.0,0.0,0.0,0.0,36.50255174963186,37.328375489605165,37.25283092886291,14.0,13.975214305878742,14.012326111448257,0.0,36.0,0.0,0.0,0.0,0.0,0.0,0.0,0.0,0.0,0.0,0.0,0.0
2026-07-10 17:17:19,0.0,0.0,0.0,0.0,0.0,0.0,0.0,0.0,36.93108021235687,37.34527460094296,37.165441899742795,14.0,13.985415099288767,14.027847428672752,0.0,36.0,0.0,0.0,0.0,0.0,0.0,0.0,0.0,0.0,0.0,0.0,0.0
2026-07-10 17:17:19,0.0,0.0,0.0,0.0,0.0,0.0,0.0,0.0,37.059047658493874,37.06628551574966,36.874588397842864,14.0,13.99068941382005,13.962082805845398,0.0,36.0,0.0,0.0,0.0,0.0,0.0,0.0,0.0,0.0,0.0,0.0,0.0
2026-07-10 17:17:20,0.0,0.0,0.0,0.0,0.0,0.0,0.0,0.0,37.05385589212396,37.01512125022669,37.18638802077836,14.0,14.048650827109823,14.04508655350521,0.0,36.0,0.0,0.0,0.0,0.0,0.0,0.0,0.0,0.0,0.0,0.0,0.0
2026-07-10 17:17:20,0.0,0.0,0.0,0.0,0.0,0.0,0.0,0.0,36.85578240681893,37.21736100687224,37.02525518085089,14.0,13.997850976144514,14.031873468651263,0.0,36.0,0.0,0.0,0.0,0.0,0.0,0.0,0.0,0.0,0.0,0.0,0.0
2026-07-10 17:17:21,0.0,0.0,0.0,0.0,0.0,0.0,0.0,0.0,36.50467036238165,37.01330550071365,36.737615361881694,14.0,13.98062005139089,13.950878260167809,0.0,36.0,0.0,0.0,0.0,0.0,0.0,0.0,0.0,0.0,0.0,0.0,0.0
2026-07-10 17:17:21,0.0,0.0,0.0,0.0,0.0,0.0,0.0,0.0,37.00714071654319,37.36689964612197,37.274120296945775,14.0,14.037133559234706,14.018619175707746,0.0,36.0,0.0,0.0,0.0,0.0,0.0,0.0,0.0,0.0,0.0,0.0,0.0
2026-07-10 17:17:22,0.0,0.0,0.0,0.0,0.0,0.0,0.0,0.0,36.61305054867666,37.2835107979949,37.17330498633066,14.0,13.959435995703133,14.03056378948012,0.0,36.0,0.0,0.0,0.0,0.0,0.0,0.0,0.0,0.0,0.0,0.0,0.0
2026-07-10 17:17:22,0.0,0.0,0.0,0.0,0.0,0.0,0.0,0.0,36.961794072089525,36.845892155319454,36.89619209338865,14.0,14.030294959746364,14.048374907502378,0.0,36.0,0.0,0.0,0.0,0.0,0.0,0.0,0.0,0.0,0.0,0.0,0.0
2026-07-10 17:17:23,0.0,0.0,0.0,0.0,0.0,0.0,0.0,0.0,36.88411429463628,37.22333636592742,37.115069551373935,14.0,14.006533075496788,13.995608429471343,0.0,36.0,0.0,0.0,0.0,0.0,0.0,0.0,0.0,0.0,0.0,0.0,0.0
2026-07-10 17:17:23,0.0,0.0,0.0,0.0,0.0,0.0,0.0,0.0,37.07604030245522,37.35191652450179,36.903192567533914,14.0,13.964027719205818,13.95815701517076,0.0,36.0,0.0,0.0,0.0,0.0,0.0,0.0,0.0,0.0,0.0,0.0,0.0
2026-07-10 17:17:24,0.0,0.0,0.0,0.0,0.0,0.0,0.0,0.0,36.78483023440608,37.34438100242428,37.14250602622882,14.0,14.008396481561443,14.03381673048655,0.0,36.0,0.0,0.0,0.0,0.0,0.0,0.0,0.0,0.0,0.0,0.0,0.0
2026-07-10 17:17:24,0.0,0.0,0.0,0.0,0.0,0.0,0.0,0.0,36.864083846997794,37.29026698000431,36.96556047078646,14.0,14.014217405709546,13.959243736173534,0.0,36.0,0.0,0.0,0.0,0.0,0.0,0.0,0.0,0.0,0.0,0.0,0.0
2026-07-10 17:17:25,0.0,0.0,0.0,0.0,0.0,0.0,0.0,0.0,36.619127366814304,37.13979949062236,37.02709923304203,14.0,13.980921865631396,13.991266335329668,0.0,36.0,0.0,0.0,0.0,0.0,0.0,0.0,0.0,0.0,0.0,0.0,0.0
2026-07-10 17:17:25,0.0,0.0,0.0,0.0,0.0,0.0,0.0,0.0,36.85151004267726,36.868515752341956,36.96484974250815,14.0,13.952434772349553,13.95387683400492,0.0,36.0,0.0,0.0,0.0,0.0,0.0,0.0,0.0,0.0,0.0,0.0,0.0
2026-07-10 17:17:26,0.0,0.0,0.0,0.0,0.0,0.0,0.0,0.0,36.91345933835095,37.3288258663711,37.0873081037534,14.0,14.022899900163276,13.95570250930758,0.0,36.0,0.0,0.0,0.0,0.0,0.0,0.0,0.0,0.0,0.0,0.0,0.0
2026-07-10 17:17:26,0.0,0.0,0.0,0.0,0.0,0.0,0.0,0.0,36.688458830780625,37.32305719772889,37.237646118511655,14.0,14.010389990394733,14.040674468537416,0.0,36.0,0.0,0.0,0.0,0.0,0.0,0.0,0.0,0.0,0.0,0.0,0.0
2026-07-10 17:17:27,0.0,0.0,0.0,0.0,0.0,0.0,0.0,0.0,36.825562443495166,36.969659715674084,36.81940902815022,14.0,13.997050687388215,13.989528709559835,0.0,36.0,0.0,0.0,0.0,0.0,0.0,0.0,0.0,0.0,0.0,0.0,0.0
2026-07-10 17:17:27,0.0,0.0,0.0,0.0,0.0,0.0,0.0,0.0,37.076512493075676,36.96580807203817,36.95596175622032,14.0,13.967703331133553,13.96283996475787,0.0,36.0,0.0,0.0,0.0,0.0,0.0,0.0,0.0,0.0,0.0,0.0,0.0
2026-07-10 17:17:28,0.0,0.0,0.0,0.0,0.0,0.0,0.0,0.0,36.98705103515188,37.284121764799444,36.95564364630824,14.0,14.031196503719322,14.02340656047507,0.0,36.0,0.0,0.0,0.0,0.0,0.0,0.0,0.0,0.0,0.0,0.0,0.0
2026-07-10 17:17:28,0.0,0.0,0.0,0.0,0.0,0.0,0.0,0.0,36.88082346790538,37.33268302962922,36.700293216153106,14.0,14.00816365393989,14.031335776442697,0.0,36.0,0.0,0.0,0.0,0.0,0.0,0.0,0.0,0.0,0.0,0.0,0.0
2026-07-10 17:17:29,0.0,0.0,0.0,0.0,0.0,0.0,0.0,0.0,36.5400635213286,36.85157211776292,37.25177045332585,14.0,13.989885854614847,13.967746118894368,0.0,36.0,0.0,0.0,0.0,0.0,0.0,0.0,0.0,0.0,0.0,0.0,0.0
2026-07-10 17:17:29,0.0,0.0,0.0,0.0,0.0,0.0,0.0,0.0,36.92398183326395,37.33625960414181,37.28250672961651,14.0,13.970377478297284,14.020834009647865,0.0,36.0,0.0,0.0,0.0,0.0,0.0,0.0,0.0,0.0,0.0,0.0,0.0
2026-07-10 17:17:30,0.0,0.0,0.0,0.0,0.0,0.0,0.0,0.0,36.73077129492266,36.829718319081046,36.79259092906218,14.0,13.953853806911782,14.002726113890393,0.0,36.0,0.0,0.0,0.0,0.0,0.0,0.0,0.0,0.0,0.0,0.0,0.0
2026-07-10 17:17:30,0.0,0.0,0.0,0.0,0.0,0.0,0.0,0.0,36.95564582833405,37.229904690296635,37.130108527326776,14.0,14.029475662990864,14.030809334069346,0.0,36.0,0.0,0.0,0.0,0.0,0.0,0.0,0.0,0.0,0.0,0.0,0.0
2026-07-10 17:17:31,0.0,0.0,0.0,0.0,0.0,0.0,0.0,0.0,36.62066001569495,37.36591339676622,36.78470761316651,14.0,13.979913874692231,14.024643031881325,0.0,36.0,0.0,0.0,0.0,0.0,0.0,0.0,0.0,0.0,0.0,0.0,0.0
2026-07-10 17:17:31,0.0,0.0,0.0,0.0,0.0,0.0,0.0,0.0,36.896610887886794,37.2078947151715,36.95269862951987,14.0,13.969863536056224,14.005445450777156,0.0,36.0,0.0,0.0,0.0,0.0,0.0,0.0,0.0,0.0,0.0,0.0,0.0
2026-07-10 17:17:32,0.0,0.0,0.0,0.0,0.0,0.0,0.0,0.0,36.76381257873469,37.216673636733674,36.83502392370087,14.0,14.008009471968183,13.964417875794208,0.0,36.0,0.0,0.0,0.0,0.0,0.0,0.0,0.0,0.0,0.0,0.0,0.0
2026-07-10 17:17:32,0.0,0.0,0.0,0.0,0.0,0.0,0.0,0.0,36.69883707456285,37.325518387969886,37.05095406026095,14.0,13.966569246816864,14.026334358412704,0.0,36.0,0.0,0.0,0.0,0.0,0.0,0.0,0.0,0.0,0.0,0.0,0.0
2026-07-10 17:17:33,0.0,0.0,0.0,0.0,0.0,0.0,0.0,0.0,36.972968468430146,36.99917700738943,36.701162255161854,14.0,14.045295267284615,14.005264043659162,0.0,36.0,0.0,0.0,0.0,0.0,0.0,0.0,0.0,0.0,0.0,0.0,0.0
2026-07-10 17:17:33,0.0,0.0,0.0,0.0,0.0,0.0,0.0,0.0,37.0469305400795,37.13059533164492,37.228937990531165,14.0,14.042121279124338,13.979672148319155,0.0,36.0,0.0,0.0,0.0,0.0,0.0,0.0,0.0,0.0,0.0,0.0,0.0
2026-07-10 17:17:34,0.0,0.0,0.0,0.0,0.0,0.0,0.0,0.0,37.07587052785785,37.310174181527444,37.29352986334126,14.0,13.984598787194042,14.01441017142138,0.0,36.0,0.0,0.0,0.0,0.0,0.0,0.0,0.0,0.0,0.0,0.0,0.0
2026-07-10 17:17:34,0.0,0.0,0.0,0.0,0.0,0.0,0.0,0.0,36.77308596273759,37.05949360398065,37.24827596981817,14.0,14.044688330436596,14.0343587946777,0.0,36.0,0.0,0.0,0.0,0.0,0.0,0.0,0.0,0.0,0.0,0.0,0.0
2026-07-10 17:17:35,0.0,0.0,0.0,0.0,0.0,0.0,0.0,0.0,36.543119754371936,37.09539230375699,36.78101401030569,14.0,14.031827983540886,14.041021568328413,0.0,36.0,0.0,0.0,0.0,0.0,0.0,0.0,0.0,0.0,0.0,0.0,0.0
2026-07-10 17:17:35,0.0,0.0,0.0,0.0,0.0,0.0,0.0,0.0,36.75924692286547,37.02556133692947,36.984620807313796,14.0,13.996806721648579,13.961364728889867,0.0,36.0,0.0,0.0,0.0,0.0,0.0,0.0,0.0,0.0,0.0,0.0,0.0
2026-07-10 17:17:36,0.0,0.0,0.0,0.0,0.0,0.0,0.0,0.0,36.720108840319924,37.08105818869799,37.04890807176897,14.0,13.988467321483983,14.02427016576912,0.0,36.0,0.0,0.0,0.0,0.0,0.0,0.0,0.0,0.0,0.0,0.0,0.0
2026-07-10 17:17:36,0.0,0.0,0.0,0.0,0.0,0.0,0.0,0.0,36.76887130412564,37.33567770363389,36.93520662253648,14.0,13.991109628389697,13.988976616463253,0.0,36.0,0.0,0.0,0.0,0.0,0.0,0.0,0.0,0.0,0.0,0.0,0.0
2026-07-10 17:17:37,0.0,0.0,0.0,0.0,0.0,0.0,0.0,0.0,36.89074440666832,37.08064142767658,37.037666084223964,14.0,14.018485399356846,13.957197086993814,0.0,36.0,0.0,0.0,0.0,0.0,0.0,0.0,0.0,0.0,0.0,0.0,0.0
2026-07-10 17:17:37,0.0,0.0,0.0,0.0,0.0,0.0,0.0,0.0,37.01764381990806,37.276467513514625,37.249471418383834,14.0,13.976064683661116,14.0322375327302,0.0,36.0,0.0,0.0,0.0,0.0,0.0,0.0,0.0,0.0,0.0,0.0,0.0
2026-07-10 17:17:38,0.0,0.0,0.0,0.0,0.0,0.0,0.0,0.0,37.03736156632395,37.02524955290059,36.856062636877304,14.0,14.002297656203922,14.037452846891222,0.0,36.0,0.0,0.0,0.0,0.0,0.0,0.0,0.0,0.0,0.0,0.0,0.0
2026-07-10 17:17:38,0.0,0.0,0.0,0.0,0.0,0.0,0.0,0.0,36.79040906848443,37.018587232013054,37.29233593715133,14.0,13.969867810370632,14.027104778124306,0.0,36.0,0.0,0.0,0.0,0.0,0.0,0.0,0.0,0.0,0.0,0.0,0.0
2026-07-10 17:17:39,0.0,0.0,0.0,0.0,0.0,0.0,0.0,0.0,36.849913473867474,37.386770223945625,37.24911285995245,14.0,14.001721286548525,13.97623775790855,0.0,36.0,0.0,0.0,0.0,0.0,0.0,0.0,0.0,0.0,0.0,0.0,0.0
2026-07-10 17:17:40,0.0,0.0,0.0,0.0,0.0,0.0,0.0,0.0,37.09698717608767,37.256494341297085,36.95343581096642,14.0,14.026620667896758,14.001730659275132,0.0,36.0,0.0,0.0,0.0,0.0,0.0,0.0,0.0,0.0,0.0,0.0,0.0
2026-07-10 17:17:40,0.0,0.0,0.0,0.0,0.0,0.0,0.0,0.0,36.91273903541301,37.03990176081988,37.23769538202686,14.0,13.982435592785931,14.025455649553736,0.0,36.0,0.0,0.0,0.0,0.0,0.0,0.0,0.0,0.0,0.0,0.0,0.0
2026-07-10 17:17:41,0.0,0.0,0.0,0.0,0.0,0.0,0.0,0.0,36.68100387910001,37.18902134251836,37.23752662862793,14.0,14.024049137715172,13.984490544398119,0.0,36.0,0.0,0.0,0.0,0.0,0.0,0.0,0.0,0.0,0.0,0.0,0.0
2026-07-10 17:17:41,0.0,0.0,0.0,0.0,0.0,0.0,0.0,0.0,36.53924215433893,36.889434688673646,37.09162727606151,14.0,14.048028646464399,14.037424971678192,0.0,36.0,0.0,0.0,0.0,0.0,0.0,0.0,0.0,0.0,0.0,0.0,0.0
2026-07-10 17:17:42,0.0,0.0,0.0,0.0,0.0,0.0,0.0,0.0,36.66301744781839,37.160677984005616,37.016998540025355,14.0,13.967814506328246,13.984291244347622,0.0,36.0,0.0,0.0,0.0,0.0,0.0,0.0,0.0,0.0,0.0,0.0,0.0
2026-07-10 17:17:42,0.0,0.0,0.0,0.0,0.0,0.0,0.0,0.0,36.55562249566245,36.82254987739516,37.21910615463813,14.0,14.001915067004743,13.959223472940076,0.0,36.0,0.0,0.0,0.0,0.0,0.0,0.0,0.0,0.0,0.0,0.0,0.0
2026-07-10 17:17:43,0.0,0.0,0.0,0.0,0.0,0.0,0.0,0.0,36.71763249159216,37.011582256158036,36.84765382160783,14.0,14.029679662970368,14.04231983639966,0.0,36.0,0.0,0.0,0.0,0.0,0.0,0.0,0.0,0.0,0.0,0.0,0.0
2026-07-10 17:17:43,0.0,0.0,0.0,0.0,0.0,0.0,0.0,0.0,36.5343766930663,37.035180529919685,36.918867318059306,14.0,14.049901284350932,14.000327225683959,0.0,36.0,0.0,0.0,0.0,0.0,0.0,0.0,0.0,0.0,0.0,0.0,0.0
2026-07-10 17:17:43,0.0,0.0,0.0,0.0,0.0,0.0,0.0,0.0,36.811771815692865,37.29111436317638,37.215654478360584,14.0,14.012531256828671,14.036480942111671,0.0,36.0,0.0,0.0,0.0,0.0,0.0,0.0,0.0,0.0,0.0,0.0,0.0
2026-07-10 17:17:44,0.0,0.0,0.0,0.0,0.0,0.0,0.0,0.0,36.717382374188595,37.372823151267,37.11794135285578,14.0,13.98520609705253,13.95420206718524,0.0,36.0,0.0,0.0,0.0,0.0,0.0,0.0,0.0,0.0,0.0,0.0,0.0
2026-07-10 17:17:44,0.0,0.0,0.0,0.0,0.0,0.0,0.0,0.0,36.76141157289412,37.05994604442302,36.944485644232884,14.0,13.972691422745786,13.964723242180073,0.0,36.0,0.0,0.0,0.0,0.0,0.0,0.0,0.0,0.0,0.0,0.0,0.0
2026-07-10 17:17:45,0.0,0.0,0.0,0.0,0.0,0.0,0.0,0.0,36.761568246892345,37.310516869264355,36.95437610094562,14.0,14.031569722441349,14.041660122889,0.0,36.0,0.0,0.0,0.0,0.0,0.0,0.0,0.0,0.0,0.0,0.0,0.0
2026-07-10 17:17:45,0.0,0.0,0.0,0.0,0.0,0.0,0.0,0.0,36.911866567270565,36.828842579315484,37.07715088753074,14.0,13.968250721175735,14.034917584887872,0.0,36.0,0.0,0.0,0.0,0.0,0.0,0.0,0.0,0.0,0.0,0.0,0.0
2026-07-10 17:17:46,0.0,0.0,0.0,0.0,0.0,0.0,0.0,0.0,36.58731370276859,37.32593822741142,36.818339985040446,14.0,13.994265520234842,13.958655585467103,0.0,36.0,0.0,0.0,0.0,0.0,0.0,0.0,0.0,0.0,0.0,0.0,0.0
2026-07-10 17:17:46,0.0,0.0,0.0,0.0,0.0,0.0,0.0,0.0,36.92548792194677,37.26767867933521,36.777100328719385,14.0,13.986588546977233,13.974089074607376,0.0,36.0,0.0,0.0,0.0,0.0,0.0,0.0,0.0,0.0,0.0,0.0,0.0
2026-07-10 17:17:47,0.0,0.0,0.0,0.0,0.0,0.0,0.0,0.0,36.768265828006534,36.87938883897263,36.805632813826676,14.0,13.987853003033047,14.017585961157312,0.0,36.0,0.0,0.0,0.0,0.0,0.0,0.0,0.0,0.0,0.0,0.0,0.0
2026-07-10 17:17:47,0.0,0.0,0.0,0.0,0.0,0.0,0.0,0.0,36.78470171156187,36.894285973554595,37.22078616938414,14.0,14.044991857259046,14.040775209884023,0.0,36.0,0.0,0.0,0.0,0.0,0.0,0.0,0.0,0.0,0.0,0.0,0.0
2026-07-10 17:17:48,0.0,0.0,0.0,0.0,0.0,0.0,0.0,0.0,36.93025156570403,37.0713741969885,37.1767043147368,14.0,13.981747683187066,14.023793921933292,0.0,36.0,0.0,0.0,0.0,0.0,0.0,0.0,0.0,0.0,0.0,0.0,0.0
2026-07-10 17:17:48,0.0,0.0,0.0,0.0,0.0,0.0,0.0,0.0,37.06589207034941,37.21673771921968,37.13364568061293,14.0,14.028945261606445,14.021611311610004,0.0,36.0,0.0,0.0,0.0,0.0,0.0,0.0,0.0,0.0,0.0,0.0,0.0
2026-07-10 17:17:49,0.0,0.0,0.0,0.0,0.0,0.0,0.0,0.0,36.861582411390955,37.071793032733595,37.00615483150562,14.0,14.004218686949784,14.035576962555405,0.0,36.0,0.0,0.0,0.0,0.0,0.0,0.0,0.0,0.0,0.0,0.0,0.0
2026-07-10 17:17:49,0.0,0.0,0.0,0.0,0.0,0.0,0.0,0.0,36.85731835534569,37.143814701566875,36.91346873751438,14.0,13.977137684872424,13.981591438436576,0.0,36.0,0.0,0.0,0.0,0.0,0.0,0.0,0.0,0.0,0.0,0.0,0.0
2026-07-10 17:17:50,0.0,0.0,0.0,0.0,0.0,0.0,0.0,0.0,36.991822534241685,37.06218324677994,37.23486609378488,14.0,14.01651780909637,14.005779262782543,0.0,36.0,0.0,0.0,0.0,0.0,0.0,0.0,0.0,0.0,0.0,0.0,0.0
2026-07-10 17:17:50,0.0,0.0,0.0,0.0,0.0,0.0,0.0,0.0,36.83318819879841,37.09532813141101,36.765615727804224,14.0,13.982496955965113,14.043971057105,0.0,36.0,0.0,0.0,0.0,0.0,0.0,0.0,0.0,0.0,0.0,0.0,0.0
2026-07-10 17:17:51,0.0,0.0,0.0,0.0,0.0,0.0,0.0,0.0,37.01882281745695,37.27603013265533,37.01362145903585,14.0,14.002228388789247,14.021719581390549,0.0,36.0,0.0,0.0,0.0,0.0,0.0,0.0,0.0,0.0,0.0,0.0,0.0
2026-07-10 17:17:51,0.0,0.0,0.0,0.0,0.0,0.0,0.0,0.0,36.892538181247986,37.06652518384387,37.15749430640928,14.0,13.950148263077919,14.029671610298127,0.0,36.0,0.0,0.0,0.0,0.0,0.0,0.0,0.0,0.0,0.0,0.0,0.0
2026-07-10 17:17:52,0.0,0.0,0.0,0.0,0.0,0.0,0.0,0.0,37.06544244231886,37.292712090325715,37.16172870622394,14.0,13.974195005692522,14.02793037307991,0.0,36.0,0.0,0.0,0.0,0.0,0.0,0.0,0.0,0.0,0.0,0.0,0.0
2026-07-10 17:17:52,0.0,0.0,0.0,0.0,0.0,0.0,0.0,0.0,36.67323412813633,37.02653444214463,36.831851296581426,14.0,13.998704795697286,13.980870417528612,0.0,36.0,0.0,0.0,0.0,0.0,0.0,0.0,0.0,0.0,0.0,0.0,0.0
2026-07-10 17:17:53,0.0,0.0,0.0,0.0,0.0,0.0,0.0,0.0,36.86310960365361,36.930882235587504,37.1500887113596,14.0,13.965362016117012,13.9642144245285,0.0,36.0,0.0,0.0,0.0,0.0,0.0,0.0,0.0,0.0,0.0,0.0,0.0
2026-07-10 17:17:53,0.0,0.0,0.0,0.0,0.0,0.0,0.0,0.0,36.797209567058545,37.201339781064874,37.16620324117368,14.0,14.026285903167452,13.999026903584749,0.0,36.0,0.0,0.0,0.0,0.0,0.0,0.0,0.0,0.0,0.0,0.0,0.0
2026-07-10 17:17:54,0.0,0.0,0.0,0.0,0.0,0.0,0.0,0.0,36.6000859443807,36.912910753183716,36.83322245789002,14.0,13.958818671992717,13.994609493008264,0.0,36.0,0.0,0.0,0.0,0.0,0.0,0.0,0.0,0.0,0.0,0.0,0.0
2026-07-10 17:17:54,0.0,0.0,0.0,0.0,0.0,0.0,0.0,0.0,37.08094510486218,37.175567657752254,36.85705704898516,14.0,14.02753533307408,13.986356199212358,0.0,36.0,0.0,0.0,0.0,0.0,0.0,0.0,0.0,0.0,0.0,0.0,0.0
2026-07-10 17:17:55,0.0,0.0,0.0,0.0,0.0,0.0,0.0,0.0,37.0359731976558,37.292580913069266,36.718810413824,14.0,13.974295705346295,13.973036696739257,0.0,36.0,0.0,0.0,0.0,0.0,0.0,0.0,0.0,0.0,0.0,0.0,0.0
2026-07-10 17:17:55,0.0,0.0,0.0,0.0,0.0,0.0,0.0,0.0,36.856325642889786,37.24772195433577,36.718588081366164,14.0,14.037371595895952,13.994714838064027,0.0,36.0,0.0,0.0,0.0,0.0,0.0,0.0,0.0,0.0,0.0,0.0,0.0
2026-07-10 17:17:56,0.0,0.0,0.0,0.0,0.0,0.0,0.0,0.0,36.99389456544173,36.956876509056556,36.93115118689877,14.0,14.02986566139988,14.04049281809838,0.0,36.0,0.0,0.0,0.0,0.0,0.0,0.0,0.0,0.0,0.0,0.0,0.0
2026-07-10 17:17:56,0.0,0.0,0.0,0.0,0.0,0.0,0.0,0.0,36.97194009533336,36.891728196493204,36.81401177821251,14.0,14.045905377380349,13.958027659539137,0.0,36.0,0.0,0.0,0.0,0.0,0.0,0.0,0.0,0.0,0.0,0.0,0.0
2026-07-10 17:17:57,0.0,0.0,0.0,0.0,0.0,0.0,0.0,0.0,36.678330450012176,36.885547690977745,37.20933336124842,14.0,14.014817936143071,13.9689155975449,0.0,36.0,0.0,0.0,0.0,0.0,0.0,0.0,0.0,0.0,0.0,0.0,0.0
2026-07-10 17:17:57,0.0,0.0,0.0,0.0,0.0,0.0,0.0,0.0,36.77042065487153,37.2588445464446,36.892258662710425,14.0,13.95000052031055,13.987490224209958,0.0,36.0,0.0,0.0,0.0,0.0,0.0,0.0,0.0,0.0,0.0,0.0,0.0
2026-07-10 17:17:58,0.0,0.0,0.0,0.0,0.0,0.0,0.0,0.0,36.87019933125983,37.18383524583968,36.76188584021719,14.0,14.03407244618041,14.014899071613657,0.0,36.0,0.0,0.0,0.0,0.0,0.0,0.0,0.0,0.0,0.0,0.0,0.0
2026-07-10 17:17:58,0.0,0.0,0.0,0.0,0.0,0.0,0.0,0.0,36.54241234230988,37.01639878565732,36.921800131679234,14.0,13.953640931622328,14.04201938216737,0.0,36.0,0.0,0.0,0.0,0.0,0.0,0.0,0.0,0.0,0.0,0.0,0.0
2026-07-10 17:17:59,0.0,0.0,0.0,0.0,0.0,0.0,0.0,0.0,37.00481569992496,37.09608903096017,36.949598862927346,14.0,13.996438415340418,13.977708849337859,0.0,36.0,0.0,0.0,0.0,0.0,0.0,0.0,0.0,0.0,0.0,0.0,0.0
2026-07-10 17:17:59,0.0,0.0,0.0,0.0,0.0,0.0,0.0,0.0,37.03160200351596,37.1136704423856,37.140176812107654,14.0,14.002615458558955,13.962575490785396,0.0,36.0,0.0,0.0,0.0,0.0,0.0,0.0,0.0,0.0,0.0,0.0,0.0
2026-07-10 17:18:00,0.0,0.0,0.0,0.0,0.0,0.0,0.0,0.0,36.67906439871429,36.95944306369134,37.07417326783224,14.0,14.012809449482974,13.989032160050023,0.0,36.0,0.0,0.0,0.0,0.0,0.0,0.0,0.0,0.0,0.0,0.0,0.0
2026-07-10 17:18:00,0.0,0.0,0.0,0.0,0.0,0.0,0.0,0.0,37.00833506327074,36.92475859313955,36.88242672745607,14.0,13.99637918989178,14.003731860955451,0.0,36.0,0.0,0.0,0.0,0.0,0.0,0.0,0.0,0.0,0.0,0.0,0.0
2026-07-10 17:18:01,0.0,0.0,0.0,0.0,0.0,0.0,0.0,0.0,36.93253591771889,36.81343104145209,37.251551907097394,14.0,14.041890459438363,14.047621360649137,0.0,36.0,0.0,0.0,0.0,0.0,0.0,0.0,0.0,0.0,0.0,0.0,0.0
2026-07-10 17:18:01,0.0,0.0,0.0,0.0,0.0,0.0,0.0,0.0,36.57632471370102,36.9665972476036,36.812333159836804,14.0,14.016171209610546,14.041422189025175,0.0,36.0,0.0,0.0,0.0,0.0,0.0,0.0,0.0,0.0,0.0,0.0,0.0
2026-07-10 17:18:02,0.0,0.0,0.0,0.0,0.0,0.0,0.0,0.0,37.05486723454457,37.13652864263329,37.179360733513505,14.0,14.039911518875973,14.023786350299433,0.0,36.0,0.0,0.0,0.0,0.0,0.0,0.0,0.0,0.0,0.0,0.0,0.0
2026-07-10 17:18:02,0.0,0.0,0.0,0.0,0.0,0.0,0.0,0.0,36.50849269982685,37.20369566098532,36.776094632687666,14.0,13.969513565137316,13.982014212368016,0.0,36.0,0.0,0.0,0.0,0.0,0.0,0.0,0.0,0.0,0.0,0.0,0.0
2026-07-10 17:18:03,0.0,0.0,0.0,0.0,0.0,0.0,0.0,0.0,36.98221307070421,37.38492082333737,37.26199962438218,14.0,13.975909922892173,13.989066015974926,0.0,36.0,0.0,0.0,0.0,0.0,0.0,0.0,0.0,0.0,0.0,0.0,0.0
2026-07-10 17:18:03,0.0,0.0,0.0,0.0,0.0,0.0,0.0,0.0,36.96407156285736,37.10608460430172,36.714565905600125,14.0,13.954600659058778,13.99876003935497,0.0,36.0,0.0,0.0,0.0,0.0,0.0,0.0,0.0,0.0,0.0,0.0,0.0
2026-07-10 17:18:04,0.0,0.0,0.0,0.0,0.0,0.0,0.0,0.0,37.07424898055196,36.83231531607637,37.05077308962661,14.0,13.995497993141292,14.03006594771091,0.0,36.0,0.0,0.0,0.0,0.0,0.0,0.0,0.0,0.0,0.0,0.0,0.0
2026-07-10 17:18:04,0.0,0.0,0.0,0.0,0.0,0.0,0.0,0.0,36.597556459151505,36.88298558922544,37.071639375905775,14.0,14.016929420101164,13.951171026148932,0.0,36.0,0.0,0.0,0.0,0.0,0.0,0.0,0.0,0.0,0.0,0.0,0.0
2026-07-10 17:18:05,0.0,0.0,0.0,0.0,0.0,0.0,0.0,0.0,36.97899024137383,37.269205144779086,37.24941384002355,14.0,13.979017730441099,14.040123161397604,0.0,36.0,0.0,0.0,0.0,0.0,0.0,0.0,0.0,0.0,0.0,0.0,0.0
2026-07-10 17:18:05,0.0,0.0,0.0,0.0,0.0,0.0,0.0,0.0,36.60728534121555,36.80674671854164,36.83059622687423,14.0,14.024647267298555,13.994842287828678,0.0,36.0,0.0,0.0,0.0,0.0,0.0,0.0,0.0,0.0,0.0,0.0,0.0
2026-07-10 17:18:06,0.0,0.0,0.0,0.0,0.0,0.0,0.0,0.0,36.75948149129779,36.80916611079379,37.148671335450175,14.0,13.968963117755933,13.998315348495256,0.0,36.0,0.0,0.0,0.0,0.0,0.0,0.0,0.0,0.0,0.0,0.0,0.0
2026-07-10 17:18:06,0.0,0.0,0.0,0.0,0.0,0.0,0.0,0.0,36.923796906578445,37.28093691487803,37.148125822772876,14.0,14.005651830788972,13.972294256287652,0.0,36.0,0.0,0.0,0.0,0.0,0.0,0.0,0.0,0.0,0.0,0.0,0.0
2026-07-10 17:18:07,0.0,0.0,0.0,0.0,0.0,0.0,0.0,0.0,37.07048273276815,37.136734031154916,36.91793744610534,14.0,13.991521774636,14.048185020090747,0.0,36.0,0.0,0.0,0.0,0.0,0.0,0.0,0.0,0.0,0.0,0.0,0.0
2026-07-10 17:18:07,0.0,0.0,0.0,0.0,0.0,0.0,0.0,0.0,36.85189228164151,37.029693245457025,36.819973719305736,14.0,14.031284406868291,14.049887095742644,0.0,36.0,0.0,0.0,0.0,0.0,0.0,0.0,0.0,0.0,0.0,0.0,0.0
2026-07-10 17:18:08,0.0,0.0,0.0,0.0,0.0,0.0,0.0,0.0,36.615241469403394,36.96352746631229,37.27428053883522,14.0,14.019585460109665,14.000208499397173,0.0,36.0,0.0,0.0,0.0,0.0,0.0,0.0,0.0,0.0,0.0,0.0,0.0
2026-07-10 17:18:08,0.0,0.0,0.0,0.0,0.0,0.0,0.0,0.0,36.98052657942651,37.076890845927444,37.220585894480365,14.0,14.04567639319693,13.963318815063278,0.0,36.0,0.0,0.0,0.0,0.0,0.0,0.0,0.0,0.0,0.0,0.0,0.0
2026-07-10 17:18:09,0.0,0.0,0.0,0.0,0.0,0.0,0.0,0.0,36.509275628626526,37.07249053248566,36.9195378298275,14.0,13.978671696580047,14.004310989778473,0.0,36.0,0.0,0.0,0.0,0.0,0.0,0.0,0.0,0.0,0.0,0.0,0.0
2026-07-10 17:18:09,0.0,0.0,0.0,0.0,0.0,0.0,0.0,0.0,36.87602286049459,37.08434774171895,36.702351778370755,14.0,13.997972675515701,14.00265337052631,0.0,36.0,0.0,0.0,0.0,0.0,0.0,0.0,0.0,0.0,0.0,0.0,0.0
2026-07-10 17:18:10,0.0,0.0,0.0,0.0,0.0,0.0,0.0,0.0,36.7784400516153,37.112234355910665,37.173398794530996,14.0,14.014968687593976,13.9665675849877,0.0,36.0,0.0,0.0,0.0,0.0,0.0,0.0,0.0,0.0,0.0,0.0,0.0
2026-07-10 17:18:11,0.0,0.0,0.0,0.0,0.0,0.0,0.0,0.0,36.96621638275822,37.09602371138571,37.21817693701335,14.0,14.010991457736838,14.021490067419156,0.0,36.0,0.0,0.0,0.0,0.0,0.0,0.0,0.0,0.0,0.0,0.0,0.0
2026-07-10 17:18:11,0.0,0.0,0.0,0.0,0.0,0.0,0.0,0.0,37.0247469097563,37.03446154880219,36.79155906887225,14.0,13.96052379416285,13.985614737825646,0.0,36.0,0.0,0.0,0.0,0.0,0.0,0.0,0.0,0.0,0.0,0.0,0.0
2026-07-10 17:18:11,0.0,0.0,0.0,0.0,0.0,0.0,0.0,0.0,36.945154166126656,37.139313605852315,37.05793900954539,14.0,14.030854592272963,13.992614010856508,0.0,36.0,0.0,0.0,0.0,0.0,0.0,0.0,0.0,0.0,0.0,0.0,0.0
2026-07-10 17:18:12,0.0,0.0,0.0,0.0,0.0,0.0,0.0,0.0,36.50115156849986,37.09354223618978,36.85309248391885,14.0,13.974084266193383,13.99535315043578,0.0,36.0,0.0,0.0,0.0,0.0,0.0,0.0,0.0,0.0,0.0,0.0,0.0
2026-07-10 17:18:12,0.0,0.0,0.0,0.0,0.0,0.0,0.0,0.0,36.99394744439218,37.2290247640168,36.71596071243023,14.0,13.96323402703344,13.9884683163366,0.0,36.0,0.0,0.0,0.0,0.0,0.0,0.0,0.0,0.0,0.0,0.0,0.0
2026-07-10 17:18:13,0.0,0.0,0.0,0.0,0.0,0.0,0.0,0.0,36.848114658916174,36.99565086066647,37.2388036348543,14.0,14.015628017183253,13.961648737263166,0.0,36.0,0.0,0.0,0.0,0.0,0.0,0.0,0.0,0.0,0.0,0.0,0.0
2026-07-10 17:18:13,0.0,0.0,0.0,0.0,0.0,0.0,0.0,0.0,37.08239847526101,37.08856007791761,37.22777389701998,14.0,13.975932555622448,13.973445990477456,0.0,36.0,0.0,0.0,0.0,0.0,0.0,0.0,0.0,0.0,0.0,0.0,0.0
2026-07-10 17:18:14,0.0,0.0,0.0,0.0,0.0,0.0,0.0,0.0,36.841091116691615,36.91842574710286,36.987776682726285,14.0,14.003121736044157,13.96676171638745,0.0,36.0,0.0,0.0,0.0,0.0,0.0,0.0,0.0,0.0,0.0,0.0,0.0
2026-07-10 17:18:14,0.0,0.0,0.0,0.0,0.0,0.0,0.0,0.0,36.77518550306097,37.26855539003457,37.07799140020015,14.0,13.96065247391034,13.977813025896502,0.0,36.0,0.0,0.0,0.0,0.0,0.0,0.0,0.0,0.0,0.0,0.0,0.0
2026-07-10 17:18:15,0.0,0.0,0.0,0.0,0.0,0.0,0.0,0.0,36.60929461918151,37.36140778985962,36.94801950565844,14.0,14.047950694820411,13.971066146896463,0.0,36.0,0.0,0.0,0.0,0.0,0.0,0.0,0.0,0.0,0.0,0.0,0.0
2026-07-10 17:18:15,0.0,0.0,0.0,0.0,0.0,0.0,0.0,0.0,36.720016121849916,37.32544415854639,37.08692636866321,14.0,14.002615492961384,14.022801954744763,0.0,36.0,0.0,0.0,0.0,0.0,0.0,0.0,0.0,0.0,0.0,0.0,0.0
2026-07-10 17:18:16,0.0,0.0,0.0,0.0,0.0,0.0,0.0,0.0,37.041276014775505,37.233284820478076,37.2902976228672,14.0,14.001256736798567,14.004339574332995,0.0,36.0,0.0,0.0,0.0,0.0,0.0,0.0,0.0,0.0,0.0,0.0,0.0
2026-07-10 17:18:16,0.0,0.0,0.0,0.0,0.0,0.0,0.0,0.0,36.587578856862486,37.0475223824829,37.27950559519013,14.0,14.01014138515699,13.975851435011636,0.0,36.0,0.0,0.0,0.0,0.0,0.0,0.0,0.0,0.0,0.0,0.0,0.0
2026-07-10 17:18:17,0.0,0.0,0.0,0.0,0.0,0.0,0.0,0.0,36.5483418699153,37.162455718865886,36.74178871255114,14.0,14.010667303984633,13.999858029170257,0.0,36.0,0.0,0.0,0.0,0.0,0.0,0.0,0.0,0.0,0.0,0.0,0.0
2026-07-10 17:18:17,0.0,0.0,0.0,0.0,0.0,0.0,0.0,0.0,37.07407480956969,36.8771122664608,37.14982302560129,14.0,14.031006181070316,14.012647511295137,0.0,36.0,0.0,0.0,0.0,0.0,0.0,0.0,0.0,0.0,0.0,0.0,0.0
2026-07-10 17:18:18,0.0,0.0,0.0,0.0,0.0,0.0,0.0,0.0,36.9054066516513,37.21880289034589,36.9268746211052,14.0,14.046776611589461,13.953158605031057,0.0,36.0,0.0,0.0,0.0,0.0,0.0,0.0,0.0,0.0,0.0,0.0,0.0
2026-07-10 17:18:18,0.0,0.0,0.0,0.0,0.0,0.0,0.0,0.0,37.044236034719574,37.18051812826265,36.88494671184055,14.0,13.986360879234548,14.049727498849073,0.0,36.0,0.0,0.0,0.0,0.0,0.0,0.0,0.0,0.0,0.0,0.0,0.0
2026-07-10 17:18:19,0.0,0.0,0.0,0.0,0.0,0.0,0.0,0.0,36.71468662074373,37.06516263818714,37.23075496194882,14.0,13.984672837366857,13.98902173738901,0.0,36.0,0.0,0.0,0.0,0.0,0.0,0.0,0.0,0.0,0.0,0.0,0.0
2026-07-10 17:18:20,0.0,0.0,0.0,0.0,0.0,0.0,0.0,0.0,37.01536636301566,37.30662908836969,36.78756634553386,14.0,14.002944030781961,14.018961787185976,0.0,36.0,0.0,0.0,0.0,0.0,0.0,0.0,0.0,0.0,0.0,0.0,0.0
2026-07-10 17:18:20,0.0,0.0,0.0,0.0,0.0,0.0,0.0,0.0,36.887888639021455,37.008675849481556,36.80368187287951,14.0,13.995386692553629,13.966763136922456,0.0,36.0,0.0,0.0,0.0,0.0,0.0,0.0,0.0,0.0,0.0,0.0,0.0
2026-07-10 17:18:21,0.0,0.0,0.0,0.0,0.0,0.0,0.0,0.0,36.97443656503983,36.937923175457726,36.7768735960509,14.0,14.03780032629018,14.042270203217672,0.0,36.0,0.0,0.0,0.0,0.0,0.0,0.0,0.0,0.0,0.0,0.0,0.0
2026-07-10 17:18:21,0.0,0.0,0.0,0.0,0.0,0.0,0.0,0.0,36.550153981840914,37.2936058971016,37.10508909326753,14.0,13.957048891956074,13.95791543551074,0.0,36.0,0.0,0.0,0.0,0.0,0.0,0.0,0.0,0.0,0.0,0.0,0.0
2026-07-10 17:18:22,0.0,0.0,0.0,0.0,0.0,0.0,0.0,0.0,36.918135763901205,37.22849381077506,37.206946729726,14.0,14.034249467389488,13.959473516604543,0.0,36.0,0.0,0.0,0.0,0.0,0.0,0.0,0.0,0.0,0.0,0.0,0.0
2026-07-10 17:18:22,0.0,0.0,0.0,0.0,0.0,0.0,0.0,0.0,36.774546640297814,37.04120434524092,37.29189743426665,14.0,14.007432108811296,13.966000028699542,0.0,36.0,0.0,0.0,0.0,0.0,0.0,0.0,0.0,0.0,0.0,0.0,0.0
2026-07-10 17:18:23,0.0,0.0,0.0,0.0,0.0,0.0,0.0,0.0,36.76410743860701,36.85492762473702,37.28184470009677,14.0,14.043162936562464,13.967570086987925,0.0,36.0,0.0,0.0,0.0,0.0,0.0,0.0,0.0,0.0,0.0,0.0,0.0
2026-07-10 17:18:23,0.0,0.0,0.0,0.0,0.0,0.0,0.0,0.0,36.75615388769898,37.046588534462295,37.00465141756611,14.0,13.977985443154346,13.988575550834565,0.0,36.0,0.0,0.0,0.0,0.0,0.0,0.0,0.0,0.0,0.0,0.0,0.0
2026-07-10 17:18:24,0.0,0.0,0.0,0.0,0.0,0.0,0.0,0.0,36.88271275899483,37.277189268902816,37.06672880302338,14.0,13.992273242029649,13.992501094498243,0.0,36.0,0.0,0.0,0.0,0.0,0.0,0.0,0.0,0.0,0.0,0.0,0.0
2026-07-10 17:18:24,0.0,0.0,0.0,0.0,0.0,0.0,0.0,0.0,36.62818642850154,37.22928621347381,36.81975372233637,14.0,13.96986415953387,14.032579225982298,0.0,36.0,0.0,0.0,0.0,0.0,0.0,0.0,0.0,0.0,0.0,0.0,0.0
2026-07-10 17:18:25,0.0,0.0,0.0,0.0,0.0,0.0,0.0,0.0,36.98250923838409,37.09250945816118,36.87082419886162,14.0,13.978218084985157,13.974897702798312,0.0,36.0,0.0,0.0,0.0,0.0,0.0,0.0,0.0,0.0,0.0,0.0,0.0
2026-07-10 17:18:25,0.0,0.0,0.0,0.0,0.0,0.0,0.0,0.0,37.07255803530349,37.07445572894344,37.261659920093535,14.0,14.00711579849081,13.972797787666561,0.0,36.0,0.0,0.0,0.0,0.0,0.0,0.0,0.0,0.0,0.0,0.0,0.0
2026-07-10 17:18:26,0.0,0.0,0.0,0.0,0.0,0.0,0.0,0.0,36.90257716302202,37.175385140853145,36.738703620757974,14.0,13.97838790406657,14.042002603437751,0.0,36.0,0.0,0.0,0.0,0.0,0.0,0.0,0.0,0.0,0.0,0.0,0.0
2026-07-10 17:18:26,0.0,0.0,0.0,0.0,0.0,0.0,0.0,0.0,36.685008664785144,36.876180793341085,36.88067283894767,14.0,13.984547531212169,14.009377243258292,0.0,36.0,0.0,0.0,0.0,0.0,0.0,0.0,0.0,0.0,0.0,0.0,0.0
2026-07-10 17:18:27,0.0,0.0,0.0,0.0,0.0,0.0,0.0,0.0,36.663298161695195,37.19650658406949,36.81397456143113,14.0,14.027125685918003,13.99261165908293,0.0,36.0,0.0,0.0,0.0,0.0,0.0,0.0,0.0,0.0,0.0,0.0,0.0
2026-07-10 17:18:27,0.0,0.0,0.0,0.0,0.0,0.0,0.0,0.0,36.856263319327915,36.87104030270177,37.16450971660699,14.0,13.99217213368849,14.02788352104072,0.0,36.0,0.0,0.0,0.0,0.0,0.0,0.0,0.0,0.0,0.0,0.0,0.0
2026-07-10 17:18:28,0.0,0.0,0.0,0.0,0.0,0.0,0.0,0.0,36.514190249652884,37.359183460225054,37.24120211128317,14.0,14.04367429774748,14.006158411914805,0.0,36.0,0.0,0.0,0.0,0.0,0.0,0.0,0.0,0.0,0.0,0.0,0.0
2026-07-10 17:18:28,0.0,0.0,0.0,0.0,0.0,0.0,0.0,0.0,36.94183623900066,37.18859240698006,37.26824865442588,14.0,13.979872938171736,13.994692488431458,0.0,36.0,0.0,0.0,0.0,0.0,0.0,0.0,0.0,0.0,0.0,0.0,0.0
2026-07-10 17:18:29,0.0,0.0,0.0,0.0,0.0,0.0,0.0,0.0,36.669117959239614,36.832295480532366,36.89093793080668,14.0,14.04281438206673,14.017114135923714,0.0,36.0,0.0,0.0,0.0,0.0,0.0,0.0,0.0,0.0,0.0,0.0,0.0
2026-07-10 17:18:29,0.0,0.0,0.0,0.0,0.0,0.0,0.0,0.0,36.872148139600384,36.80394581701571,37.17426173453411,14.0,14.04384532309842,14.034602515100831,0.0,36.0,0.0,0.0,0.0,0.0,0.0,0.0,0.0,0.0,0.0,0.0,0.0
2026-07-10 17:18:30,0.0,0.0,0.0,0.0,0.0,0.0,0.0,0.0,37.01763597284677,36.83417770005994,36.92573995581012,14.0,14.048699191593844,13.952305095639156,0.0,36.0,0.0,0.0,0.0,0.0,0.0,0.0,0.0,0.0,0.0,0.0,0.0
2026-07-10 17:18:30,0.0,0.0,0.0,0.0,0.0,0.0,0.0,0.0,36.61097281293376,37.110489729995365,37.22378357025127,14.0,14.022505444507427,13.968709319377412,0.0,36.0,0.0,0.0,0.0,0.0,0.0,0.0,0.0,0.0,0.0,0.0,0.0
2026-07-10 17:18:31,0.0,0.0,0.0,0.0,0.0,0.0,0.0,0.0,36.83993462612026,37.24460187461847,36.87387698198188,14.0,14.008686745547504,14.048806267702224,0.0,36.0,0.0,0.0,0.0,0.0,0.0,0.0,0.0,0.0,0.0,0.0,0.0
2026-07-10 17:18:31,0.0,0.0,0.0,0.0,0.0,0.0,0.0,0.0,36.529720798945256,37.299830455351696,36.760194035233134,14.0,13.956474646209708,14.036808634751399,0.0,36.0,0.0,0.0,0.0,0.0,0.0,0.0,0.0,0.0,0.0,0.0,0.0
2026-07-10 17:18:32,0.0,0.0,0.0,0.0,0.0,0.0,0.0,0.0,36.92274590154932,37.16864995779421,36.90371505619844,14.0,13.958257502348694,14.014247217310091,0.0,36.0,0.0,0.0,0.0,0.0,0.0,0.0,0.0,0.0,0.0,0.0,0.0
2026-07-10 17:18:32,0.0,0.0,0.0,0.0,0.0,0.0,0.0,0.0,36.71411083880894,37.104271033475335,37.26079775882131,14.0,14.028217192325807,13.954592384315944,0.0,36.0,0.0,0.0,0.0,0.0,0.0,0.0,0.0,0.0,0.0,0.0,0.0
2026-07-10 17:18:33,0.0,0.0,0.0,0.0,0.0,0.0,0.0,0.0,36.78134172231241,36.94422007547589,37.10981419862131,14.0,13.964729796234279,13.966758793944914,0.0,36.0,0.0,0.0,0.0,0.0,0.0,0.0,0.0,0.0,0.0,0.0,0.0
2026-07-10 17:18:33,0.0,0.0,0.0,0.0,0.0,0.0,0.0,0.0,36.96946350263942,37.14116801838847,36.92341148588077,14.0,13.98699577386333,14.040431006591515,0.0,36.0,0.0,0.0,0.0,0.0,0.0,0.0,0.0,0.0,0.0,0.0,0.0
2026-07-10 17:18:34,0.0,0.0,0.0,0.0,0.0,0.0,0.0,0.0,37.0928475359103,37.16527912375818,37.29788684052665,14.0,14.029372684153861,14.014776076827587,0.0,36.0,0.0,0.0,0.0,0.0,0.0,0.0,0.0,0.0,0.0,0.0,0.0
2026-07-10 17:18:34,0.0,0.0,0.0,0.0,0.0,0.0,0.0,0.0,36.56750662123126,37.37294939939361,36.86139584235337,14.0,14.009518288508342,14.044262825742646,0.0,36.0,0.0,0.0,0.0,0.0,0.0,0.0,0.0,0.0,0.0,0.0,0.0
2026-07-10 17:18:35,0.0,0.0,0.0,0.0,0.0,0.0,0.0,0.0,36.60397869346188,37.09405172291799,36.83164684477655,14.0,14.007099939078557,13.968865607291217,0.0,36.0,0.0,0.0,0.0,0.0,0.0,0.0,0.0,0.0,0.0,0.0,0.0
2026-07-10 17:18:35,0.0,0.0,0.0,0.0,0.0,0.0,0.0,0.0,36.893652453897374,37.02191825383716,36.735927439138266,14.0,14.011182669836659,14.034938930591508,0.0,36.0,0.0,0.0,0.0,0.0,0.0,0.0,0.0,0.0,0.0,0.0,0.0
2026-07-10 17:18:36,0.0,0.0,0.0,0.0,0.0,0.0,0.0,0.0,36.70746500755452,37.0572867287212,36.862420276499506,14.0,13.970194505357089,14.002257804914361,0.0,36.0,0.0,0.0,0.0,0.0,0.0,0.0,0.0,0.0,0.0,0.0,0.0
2026-07-10 17:18:36,0.0,0.0,0.0,0.0,0.0,0.0,0.0,0.0,36.59114845026149,36.88779729889673,37.16995965365202,14.0,13.95149412319862,13.977782130996932,0.0,36.0,0.0,0.0,0.0,0.0,0.0,0.0,0.0,0.0,0.0,0.0,0.0
2026-07-10 17:18:37,0.0,0.0,0.0,0.0,0.0,0.0,0.0,0.0,36.702917662932,37.315943298279876,37.263966385102876,14.0,14.030415536560037,14.009076355896745,0.0,36.0,0.0,0.0,0.0,0.0,0.0,0.0,0.0,0.0,0.0,0.0,0.0
2026-07-10 17:18:37,0.0,0.0,0.0,0.0,0.0,0.0,0.0,0.0,37.05807717095877,37.152793197597816,37.20452568343506,14.0,14.01183635474861,13.974563149477557,0.0,36.0,0.0,0.0,0.0,0.0,0.0,0.0,0.0,0.0,0.0,0.0,0.0
2026-07-10 17:18:38,0.0,0.0,0.0,0.0,0.0,0.0,0.0,0.0,36.898791336047665,37.12312342056561,37.284940158207,14.0,13.951470066715231,13.963638937617139,0.0,36.0,0.0,0.0,0.0,0.0,0.0,0.0,0.0,0.0,0.0,0.0,0.0
2026-07-10 17:18:38,0.0,0.0,0.0,0.0,0.0,0.0,0.0,0.0,37.02456377470791,36.840802711823116,36.77745988146751,14.0,13.985619790958856,13.99278729771675,0.0,36.0,0.0,0.0,0.0,0.0,0.0,0.0,0.0,0.0,0.0,0.0,0.0
2026-07-10 17:18:39,0.0,0.0,0.0,0.0,0.0,0.0,0.0,0.0,36.5806390892537,37.34443633860756,37.14758308170102,14.0,13.999894305994571,13.953106308917306,0.0,36.0,0.0,0.0,0.0,0.0,0.0,0.0,0.0,0.0,0.0,0.0,0.0
2026-07-10 17:18:39,0.0,0.0,0.0,0.0,0.0,0.0,0.0,0.0,36.54483681659143,36.801192495543496,36.75351130520916,14.0,14.001638827288897,13.964494972668572,0.0,36.0,0.0,0.0,0.0,0.0,0.0,0.0,0.0,0.0,0.0,0.0,0.0
2026-07-10 17:18:40,0.0,0.0,0.0,0.0,0.0,0.0,0.0,0.0,36.666205923071445,37.26187510098488,37.29041130524515,14.0,14.039366388769874,14.027048674205759,0.0,36.0,0.0,0.0,0.0,0.0,0.0,0.0,0.0,0.0,0.0,0.0,0.0
2026-07-10 17:18:40,0.0,0.0,0.0,0.0,0.0,0.0,0.0,0.0,36.833344912256486,36.84396632594458,37.176119518684146,14.0,14.049764646309331,14.026153450206937,0.0,36.0,0.0,0.0,0.0,0.0,0.0,0.0,0.0,0.0,0.0,0.0,0.0
2026-07-10 17:18:41,0.0,0.0,0.0,0.0,0.0,0.0,0.0,0.0,36.857253628428154,37.175306891897016,36.78293823293316,14.0,14.049260020012108,14.038259997382164,0.0,36.0,0.0,0.0,0.0,0.0,0.0,0.0,0.0,0.0,0.0,0.0,0.0
2026-07-10 17:18:41,0.0,0.0,0.0,0.0,0.0,0.0,0.0,0.0,36.68878669400516,36.993090395440944,36.72035338358729,14.0,14.047323013797943,14.04045528228885,0.0,36.0,0.0,0.0,0.0,0.0,0.0,0.0,0.0,0.0,0.0,0.0,0.0
2026-07-10 17:18:42,0.0,0.0,0.0,0.0,0.0,0.0,0.0,0.0,36.78900043263116,37.10631703827066,36.920610199863916,14.0,14.001492685986298,14.023433450884518,0.0,36.0,0.0,0.0,0.0,0.0,0.0,0.0,0.0,0.0,0.0,0.0,0.0
2026-07-10 17:18:42,0.0,0.0,0.0,0.0,0.0,0.0,0.0,0.0,36.6522498824795,36.95150308245453,37.272965330172724,14.0,14.027001176486387,14.034979144223282,0.0,36.0,0.0,0.0,0.0,0.0,0.0,0.0,0.0,0.0,0.0,0.0,0.0
2026-07-10 17:18:43,0.0,0.0,0.0,0.0,0.0,0.0,0.0,0.0,36.68082325713426,37.23020455995008,36.978216857540936,14.0,13.951531974791449,13.988370351814737,0.0,36.0,0.0,0.0,0.0,0.0,0.0,0.0,0.0,0.0,0.0,0.0,0.0
2026-07-10 17:18:43,0.0,0.0,0.0,0.0,0.0,0.0,0.0,0.0,36.574958302194965,37.360544592660666,37.26915937549674,14.0,14.032177673588654,13.965297236923545,0.0,36.0,0.0,0.0,0.0,0.0,0.0,0.0,0.0,0.0,0.0,0.0,0.0
2026-07-10 17:18:44,0.0,0.0,0.0,0.0,0.0,0.0,0.0,0.0,36.992597082257355,36.950412926174714,37.16904943291744,14.0,13.986510094747928,14.003617338091779,0.0,36.0,0.0,0.0,0.0,0.0,0.0,0.0,0.0,0.0,0.0,0.0,0.0
2026-07-10 17:18:44,0.0,0.0,0.0,0.0,0.0,0.0,0.0,0.0,36.902570459171024,37.11654162936852,36.85137036415998,14.0,13.993878657588347,13.958791104996822,0.0,36.0,0.0,0.0,0.0,0.0,0.0,0.0,0.0,0.0,0.0,0.0,0.0
2026-07-10 17:18:45,0.0,0.0,0.0,0.0,0.0,0.0,0.0,0.0,36.59577708286346,37.04927244676885,37.052758611010795,14.0,13.959013098977243,13.953137440195304,0.0,36.0,0.0,0.0,0.0,0.0,0.0,0.0,0.0,0.0,0.0,0.0,0.0
2026-07-10 17:18:45,0.0,0.0,0.0,0.0,0.0,0.0,0.0,0.0,36.53987953423647,37.27570633976371,37.06975748521282,14.0,13.958435722584005,14.0095727007613,0.0,36.0,0.0,0.0,0.0,0.0,0.0,0.0,0.0,0.0,0.0,0.0,0.0
2026-07-10 17:18:46,0.0,0.0,0.0,0.0,0.0,0.0,0.0,0.0,37.07139073948247,36.93568218837142,36.850666730024514,14.0,14.043939398416112,14.0427628689677,0.0,36.0,0.0,0.0,0.0,0.0,0.0,0.0,0.0,0.0,0.0,0.0,0.0
2026-07-10 17:18:46,0.0,0.0,0.0,0.0,0.0,0.0,0.0,0.0,36.920651230033265,37.053152151266595,37.21439185180466,14.0,13.9730896806779,14.035347685141094,0.0,36.0,0.0,0.0,0.0,0.0,0.0,0.0,0.0,0.0,0.0,0.0,0.0
2026-07-10 17:18:47,0.0,0.0,0.0,0.0,0.0,0.0,0.0,0.0,37.048320554103974,37.02232635246455,36.88353561128858,14.0,14.0339747984308,14.015652632065208,0.0,36.0,0.0,0.0,0.0,0.0,0.0,0.0,0.0,0.0,0.0,0.0,0.0
2026-07-10 17:18:47,0.0,0.0,0.0,0.0,0.0,0.0,0.0,0.0,36.72335781360749,37.21751531632381,36.72628031180357,14.0,13.98179960669098,14.046545350989483,0.0,36.0,0.0,0.0,0.0,0.0,0.0,0.0,0.0,0.0,0.0,0.0,0.0
2026-07-10 17:18:48,0.0,0.0,0.0,0.0,0.0,0.0,0.0,0.0,37.07121124679736,36.86070486493499,37.0806574307869,14.0,14.0098841498893,14.0465234237182,0.0,36.0,0.0,0.0,0.0,0.0,0.0,0.0,0.0,0.0,0.0,0.0,0.0
2026-07-10 17:18:48,0.0,0.0,0.0,0.0,0.0,0.0,0.0,0.0,36.659789738671066,37.08276615941586,36.77826561609258,14.0,14.014213159673865,14.016149921897462,0.0,36.0,0.0,0.0,0.0,0.0,0.0,0.0,0.0,0.0,0.0,0.0,0.0
2026-07-10 17:18:49,0.0,0.0,0.0,0.0,0.0,0.0,0.0,0.0,36.704146871227536,36.85095356989844,36.93400847456816,14.0,13.963677116628048,13.984894332394127,0.0,36.0,0.0,0.0,0.0,0.0,0.0,0.0,0.0,0.0,0.0,0.0,0.0
2026-07-10 17:18:49,0.0,0.0,0.0,0.0,0.0,0.0,0.0,0.0,36.783474099562895,37.182638534192144,37.14760703122319,14.0,14.047786706865024,13.978305928010625,0.0,36.0,0.0,0.0,0.0,0.0,0.0,0.0,0.0,0.0,0.0,0.0,0.0
2026-07-10 17:18:50,0.0,0.0,0.0,0.0,0.0,0.0,0.0,0.0,36.699090152096,37.3680306857308,37.02687349416259,14.0,13.960386646359982,14.02009210744288,0.0,36.0,0.0,0.0,0.0,0.0,0.0,0.0,0.0,0.0,0.0,0.0,0.0
2026-07-10 17:18:50,0.0,0.0,0.0,0.0,0.0,0.0,0.0,0.0,36.618552867255154,37.05121196315132,36.81573613942541,14.0,14.032198565978435,13.97457322625978,0.0,36.0,0.0,0.0,0.0,0.0,0.0,0.0,0.0,0.0,0.0,0.0,0.0
2026-07-10 17:18:51,0.0,0.0,0.0,0.0,0.0,0.0,0.0,0.0,36.820682369811195,36.99915087387328,37.1374581823965,14.0,13.971958270693507,14.010132343892128,0.0,36.0,0.0,0.0,0.0,0.0,0.0,0.0,0.0,0.0,0.0,0.0,0.0
2026-07-10 17:18:51,0.0,0.0,0.0,0.0,0.0,0.0,0.0,0.0,36.672144245287384,36.84667948614324,37.02525044958455,14.0,13.954417536415026,14.03371652961013,0.0,36.0,0.0,0.0,0.0,0.0,0.0,0.0,0.0,0.0,0.0,0.0,0.0
2026-07-10 17:18:52,0.0,0.0,0.0,0.0,0.0,0.0,0.0,0.0,37.064715237260394,37.11213952255156,36.93864397764308,14.0,14.022759807093873,14.02147791191608,0.0,36.0,0.0,0.0,0.0,0.0,0.0,0.0,0.0,0.0,0.0,0.0,0.0
2026-07-10 17:18:52,0.0,0.0,0.0,0.0,0.0,0.0,0.0,0.0,36.73093414540326,37.069977107245386,37.105118701563136,14.0,13.99987024951933,13.990944614233282,0.0,36.0,0.0,0.0,0.0,0.0,0.0,0.0,0.0,0.0,0.0,0.0,0.0
2026-07-10 17:18:53,0.0,0.0,0.0,0.0,0.0,0.0,0.0,0.0,37.082573849077015,36.96889546403254,37.00570018457212,14.0,14.029295219386942,14.030978787324125,0.0,36.0,0.0,0.0,0.0,0.0,0.0,0.0,0.0,0.0,0.0,0.0,0.0
2026-07-10 17:18:53,0.0,0.0,0.0,0.0,0.0,0.0,0.0,0.0,36.72308475237557,37.13984544559777,37.053357208728166,14.0,14.02202848367461,13.953495371259109,0.0,36.0,0.0,0.0,0.0,0.0,0.0,0.0,0.0,0.0,0.0,0.0,0.0
2026-07-10 17:18:54,0.0,0.0,0.0,0.0,0.0,0.0,0.0,0.0,36.567175107221765,36.95141220214271,36.90507705652978,14.0,14.005191549689492,14.002379372846786,0.0,36.0,0.0,0.0,0.0,0.0,0.0,0.0,0.0,0.0,0.0,0.0,0.0
2026-07-10 17:18:54,0.0,0.0,0.0,0.0,0.0,0.0,0.0,0.0,36.773608051678806,36.89028178409577,37.21210496106143,14.0,14.027514198047315,14.04355998186619,0.0,36.0,0.0,0.0,0.0,0.0,0.0,0.0,0.0,0.0,0.0,0.0,0.0
2026-07-10 17:18:55,0.0,0.0,0.0,0.0,0.0,0.0,0.0,0.0,37.00420205361743,36.840537014942925,37.01121156448459,14.0,14.0095888091752,14.024079784867094,0.0,36.0,0.0,0.0,0.0,0.0,0.0,0.0,0.0,0.0,0.0,0.0,0.0
2026-07-10 17:18:55,0.0,0.0,0.0,0.0,0.0,0.0,0.0,0.0,37.05444898063974,37.298609759849974,37.0725306293466,14.0,14.030362071500345,14.012097460309985,0.0,36.0,0.0,0.0,0.0,0.0,0.0,0.0,0.0,0.0,0.0,0.0,0.0
2026-07-10 17:18:56,0.0,0.0,0.0,0.0,0.0,0.0,0.0,0.0,36.53472908234225,37.37096660879212,36.963220978970696,14.0,14.047651343645732,14.04642707970916,0.0,36.0,0.0,0.0,0.0,0.0,0.0,0.0,0.0,0.0,0.0,0.0,0.0
2026-07-10 17:18:56,0.0,0.0,0.0,0.0,0.0,0.0,0.0,0.0,37.081445075756434,37.06953311837249,36.93950237948425,14.0,14.033172203415903,14.026422790924556,0.0,36.0,0.0,0.0,0.0,0.0,0.0,0.0,0.0,0.0,0.0,0.0,0.0
2026-07-10 17:18:57,0.0,0.0,0.0,0.0,0.0,0.0,0.0,0.0,36.93675327391733,37.00416528177062,36.75297108808432,14.0,13.9740050738692,14.008832739141384,0.0,36.0,0.0,0.0,0.0,0.0,0.0,0.0,0.0,0.0,0.0,0.0,0.0
2026-07-10 17:18:57,0.0,0.0,0.0,0.0,0.0,0.0,0.0,0.0,36.73171168397149,37.340909478433694,36.924411060282345,14.0,14.034184916265605,13.969251068672504,0.0,36.0,0.0,0.0,0.0,0.0,0.0,0.0,0.0,0.0,0.0,0.0,0.0
2026-07-10 17:18:58,0.0,0.0,0.0,0.0,0.0,0.0,0.0,0.0,36.88742850521175,37.134219416381974,37.231777947683256,14.0,13.955143566303583,14.033622824011195,0.0,36.0,0.0,0.0,0.0,0.0,0.0,0.0,0.0,0.0,0.0,0.0,0.0
2026-07-10 17:18:58,0.0,0.0,0.0,0.0,0.0,0.0,0.0,0.0,36.756744468924516,37.298706269667974,37.29478092187929,14.0,14.042315959625684,14.017478897675375,0.0,36.0,0.0,0.0,0.0,0.0,0.0,0.0,0.0,0.0,0.0,0.0,0.0
2026-07-10 17:18:59,0.0,0.0,0.0,0.0,0.0,0.0,0.0,0.0,36.805510287540905,36.933650716971485,37.20811210156711,14.0,14.013839117433978,13.992739511056298,0.0,36.0,0.0,0.0,0.0,0.0,0.0,0.0,0.0,0.0,0.0,0.0,0.0
2026-07-10 17:18:59,0.0,0.0,0.0,0.0,0.0,0.0,0.0,0.0,36.7993953762108,37.08971771876775,37.24793472868846,14.0,14.023531654905154,14.049630427128799,0.0,36.0,0.0,0.0,0.0,0.0,0.0,0.0,0.0,0.0,0.0,0.0,0.0
2026-07-10 17:19:00,0.0,0.0,0.0,0.0,0.0,0.0,0.0,0.0,36.85738680638601,37.04924039265195,37.26983243069362,14.0,13.978004138903797,13.978064184250892,0.0,36.0,0.0,0.0,0.0,0.0,0.0,0.0,0.0,0.0,0.0,0.0,0.0
2026-07-10 17:19:00,0.0,0.0,0.0,0.0,0.0,0.0,0.0,0.0,36.76159076974552,37.18354727394301,37.29166561029301,14.0,13.976789609235496,13.983856682596329,0.0,36.0,0.0,0.0,0.0,0.0,0.0,0.0,0.0,0.0,0.0,0.0,0.0
2026-07-10 17:19:01,0.0,0.0,0.0,0.0,0.0,0.0,0.0,0.0,36.52875436791794,36.858724509169285,36.75885898399512,14.0,13.964522701746814,14.001194284779904,0.0,36.0,0.0,0.0,0.0,0.0,0.0,0.0,0.0,0.0,0.0,0.0,0.0
2026-07-10 17:19:01,0.0,0.0,0.0,0.0,0.0,0.0,0.0,0.0,36.85942122550354,36.988998105369696,36.84113499323667,14.0,13.96595923052514,14.039310317997815,0.0,36.0,0.0,0.0,0.0,0.0,0.0,0.0,0.0,0.0,0.0,0.0,0.0
2026-07-10 17:19:02,0.0,0.0,0.0,0.0,0.0,0.0,0.0,0.0,36.66086359858078,37.32454244191686,37.19894823398385,14.0,14.041028327811498,13.958534584224171,0.0,36.0,0.0,0.0,0.0,0.0,0.0,0.0,0.0,0.0,0.0,0.0,0.0
2026-07-10 17:19:02,0.0,0.0,0.0,0.0,0.0,0.0,0.0,0.0,36.86074142029304,37.30997134842238,37.129382777718256,14.0,13.979117296612076,13.979343074149577,0.0,36.0,0.0,0.0,0.0,0.0,0.0,0.0,0.0,0.0,0.0,0.0,0.0
2026-07-10 17:19:03,0.0,0.0,0.0,0.0,0.0,0.0,0.0,0.0,36.719267043820835,36.98795304359221,36.91573647887398,14.0,14.027749551519232,13.97383738149323,0.0,36.0,0.0,0.0,0.0,0.0,0.0,0.0,0.0,0.0,0.0,0.0,0.0
2026-07-10 17:19:03,0.0,0.0,0.0,0.0,0.0,0.0,0.0,0.0,36.9199774217419,37.06023172952075,37.193669598032926,14.0,14.011040258939772,14.004407010857582,0.0,36.0,0.0,0.0,0.0,0.0,0.0,0.0,0.0,0.0,0.0,0.0,0.0
2026-07-10 17:19:04,0.0,0.0,0.0,0.0,0.0,0.0,0.0,0.0,36.9927813466093,37.19498358161233,37.1802108344066,14.0,13.955379410749575,13.965051127822896,0.0,36.0,0.0,0.0,0.0,0.0,0.0,0.0,0.0,0.0,0.0,0.0,0.0
2026-07-10 17:19:04,0.0,0.0,0.0,0.0,0.0,0.0,0.0,0.0,36.51070248679456,37.37428277931317,36.85171242141891,14.0,13.994604085223799,14.003749138774252,0.0,36.0,0.0,0.0,0.0,0.0,0.0,0.0,0.0,0.0,0.0,0.0,0.0
2026-07-10 17:19:05,0.0,0.0,0.0,0.0,0.0,0.0,0.0,0.0,36.59368935119856,36.966009025118645,37.000128718891816,14.0,13.96658946273929,13.999804806971326,0.0,36.0,0.0,0.0,0.0,0.0,0.0,0.0,0.0,0.0,0.0,0.0,0.0
2026-07-10 17:19:05,0.0,0.0,0.0,0.0,0.0,0.0,0.0,0.0,37.09906365774016,37.06178241978903,37.02701401532392,14.0,14.030085951090573,13.954790260049796,0.0,36.0,0.0,0.0,0.0,0.0,0.0,0.0,0.0,0.0,0.0,0.0,0.0
2026-07-10 17:19:06,0.0,0.0,0.0,0.0,0.0,0.0,0.0,0.0,36.88348919556771,37.063474836123326,37.085650816382525,14.0,13.988033285316995,14.016500265487064,0.0,36.0,0.0,0.0,0.0,0.0,0.0,0.0,0.0,0.0,0.0,0.0,0.0
2026-07-10 17:19:06,0.0,0.0,0.0,0.0,0.0,0.0,0.0,0.0,36.56388161114138,36.97744256625669,37.1778649101855,14.0,14.022584158792245,13.98071541475945,0.0,36.0,0.0,0.0,0.0,0.0,0.0,0.0,0.0,0.0,0.0,0.0,0.0
2026-07-10 17:19:07,0.0,0.0,0.0,0.0,0.0,0.0,0.0,0.0,36.504697976749995,36.97983897809351,37.292369807104826,14.0,13.983225120963064,13.998511972200241,0.0,36.0,0.0,0.0,0.0,0.0,0.0,0.0,0.0,0.0,0.0,0.0,0.0
2026-07-10 17:19:07,0.0,0.0,0.0,0.0,0.0,0.0,0.0,0.0,36.568445206920046,37.14898182122189,36.87089297035117,14.0,14.0045310114632,13.95506776529417,0.0,36.0,0.0,0.0,0.0,0.0,0.0,0.0,0.0,0.0,0.0,0.0,0.0
2026-07-10 17:19:08,0.0,0.0,0.0,0.0,0.0,0.0,0.0,0.0,36.61771950475957,36.934411254949346,37.01689080539004,14.0,13.98814873624427,13.99267913479973,0.0,36.0,0.0,0.0,0.0,0.0,0.0,0.0,0.0,0.0,0.0,0.0,0.0
2026-07-10 17:19:08,0.0,0.0,0.0,0.0,0.0,0.0,0.0,0.0,36.95089912579678,36.820068908334775,37.1617253673332,14.0,13.96822230280137,13.97433715225617,0.0,36.0,0.0,0.0,0.0,0.0,0.0,0.0,0.0,0.0,0.0,0.0,0.0
2026-07-10 17:19:09,0.0,0.0,0.0,0.0,0.0,0.0,0.0,0.0,36.60723300939983,36.88295633244484,37.178833581564774,14.0,13.997320493319606,14.040721789422097,0.0,36.0,0.0,0.0,0.0,0.0,0.0,0.0,0.0,0.0,0.0,0.0,0.0
2026-07-10 17:19:09,0.0,0.0,0.0,0.0,0.0,0.0,0.0,0.0,36.95267181729095,36.90842993801831,37.06417146312838,14.0,14.016897925051389,13.976775749597728,0.0,36.0,0.0,0.0,0.0,0.0,0.0,0.0,0.0,0.0,0.0,0.0,0.0
2026-07-10 17:19:10,0.0,0.0,0.0,0.0,0.0,0.0,0.0,0.0,36.615958889138895,37.385629759085155,36.84261210701631,14.0,13.99556378149278,14.007201299952566,0.0,36.0,0.0,0.0,0.0,0.0,0.0,0.0,0.0,0.0,0.0,0.0,0.0
2026-07-10 17:19:10,0.0,0.0,0.0,0.0,0.0,0.0,0.0,0.0,36.547646798630126,37.06633493729321,36.77086114202964,14.0,14.0018843490943,14.031397448912916,0.0,36.0,0.0,0.0,0.0,0.0,0.0,0.0,0.0,0.0,0.0,0.0,0.0
2026-07-10 17:19:11,0.0,0.0,0.0,0.0,0.0,0.0,0.0,0.0,36.57137766139107,37.31025078105369,36.935543411512526,14.0,13.972079712426158,13.976977269478954,0.0,36.0,0.0,0.0,0.0,0.0,0.0,0.0,0.0,0.0,0.0,0.0,0.0
2026-07-10 17:19:11,0.0,0.0,0.0,0.0,0.0,0.0,0.0,0.0,36.63174145524735,37.09850861733979,37.15288647992665,14.0,13.994508137463633,14.027504146585061,0.0,36.0,0.0,0.0,0.0,0.0,0.0,0.0,0.0,0.0,0.0,0.0,0.0
2026-07-10 17:19:12,0.0,0.0,0.0,0.0,0.0,0.0,0.0,0.0,36.664238662158475,37.23798499915112,37.10063762475125,14.0,14.049768874782282,14.00761976192405,0.0,36.0,0.0,0.0,0.0,0.0,0.0,0.0,0.0,0.0,0.0,0.0,0.0
2026-07-10 17:19:12,0.0,0.0,0.0,0.0,0.0,0.0,0.0,0.0,36.953637074827874,37.328436102630924,37.29857560556993,14.0,14.046566906480752,13.986698063919823,0.0,36.0,0.0,0.0,0.0,0.0,0.0,0.0,0.0,0.0,0.0,0.0,0.0
2026-07-10 17:19:13,0.0,0.0,0.0,0.0,0.0,0.0,0.0,0.0,36.65978119329802,37.32497106591279,36.96218248324418,14.0,13.98966939517209,13.9524851550646,0.0,36.0,0.0,0.0,0.0,0.0,0.0,0.0,0.0,0.0,0.0,0.0,0.0
2026-07-10 17:19:13,0.0,0.0,0.0,0.0,0.0,0.0,0.0,0.0,36.96382997791019,37.28648267356507,36.779473116361636,14.0,13.958532725050752,13.977401307104264,0.0,36.0,0.0,0.0,0.0,0.0,0.0,0.0,0.0,0.0,0.0,0.0,0.0
2026-07-10 17:19:14,0.0,0.0,0.0,0.0,0.0,0.0,0.0,0.0,36.64182550163319,37.0917224931071,36.84252010174339,14.0,13.997626476486744,14.04858366957613,0.0,36.0,0.0,0.0,0.0,0.0,0.0,0.0,0.0,0.0,0.0,0.0,0.0
2026-07-10 17:19:14,0.0,0.0,0.0,0.0,0.0,0.0,0.0,0.0,36.8725395692334,37.27428823198259,36.906006884306876,14.0,14.000124876959918,14.04274036815314,0.0,36.0,0.0,0.0,0.0,0.0,0.0,0.0,0.0,0.0,0.0,0.0,0.0
2026-07-10 17:19:15,0.0,0.0,0.0,0.0,0.0,0.0,0.0,0.0,36.882698344062746,37.39589097941419,37.178088444791676,14.0,13.990317037593622,13.97306955582324,0.0,36.0,0.0,0.0,0.0,0.0,0.0,0.0,0.0,0.0,0.0,0.0,0.0
2026-07-10 17:19:15,0.0,0.0,0.0,0.0,0.0,0.0,0.0,0.0,36.81514712802231,37.071712043251374,37.10770135876716,14.0,14.016914256892262,13.975671068484573,0.0,36.0,0.0,0.0,0.0,0.0,0.0,0.0,0.0,0.0,0.0,0.0,0.0
2026-07-10 17:19:16,0.0,0.0,0.0,0.0,0.0,0.0,0.0,0.0,36.95109877742485,37.22480715818284,36.70568719240015,14.0,13.97636062051206,13.982952844083217,0.0,36.0,0.0,0.0,0.0,0.0,0.0,0.0,0.0,0.0,0.0,0.0,0.0
2026-07-10 17:19:16,0.0,0.0,0.0,0.0,0.0,0.0,0.0,0.0,37.016725385364694,37.3289589329904,37.105805434885404,14.0,13.999674134142651,13.979495374492345,0.0,36.0,0.0,0.0,0.0,0.0,0.0,0.0,0.0,0.0,0.0,0.0,0.0
2026-07-10 17:19:17,0.0,0.0,0.0,0.0,0.0,0.0,0.0,0.0,36.77590393945092,37.339017888557066,37.23227290935162,14.0,13.957789084746524,13.964640321372551,0.0,36.0,0.0,0.0,0.0,0.0,0.0,0.0,0.0,0.0,0.0,0.0,0.0
2026-07-10 17:19:17,0.0,0.0,0.0,0.0,0.0,0.0,0.0,0.0,36.919283540343464,37.333673626808185,36.992506798088215,14.0,13.956052555797914,14.040832761917715,0.0,36.0,0.0,0.0,0.0,0.0,0.0,0.0,0.0,0.0,0.0,0.0,0.0
2026-07-10 17:19:18,0.0,0.0,0.0,0.0,0.0,0.0,0.0,0.0,36.60753037584528,36.88816363988763,37.05064550364809,14.0,13.992270436520563,14.022676656463206,0.0,36.0,0.0,0.0,0.0,0.0,0.0,0.0,0.0,0.0,0.0,0.0,0.0
2026-07-10 17:19:18,0.0,0.0,0.0,0.0,0.0,0.0,0.0,0.0,36.71936850025604,37.12912891460171,37.15695349483316,14.0,13.987032055832287,13.990828775534476,0.0,36.0,0.0,0.0,0.0,0.0,0.0,0.0,0.0,0.0,0.0,0.0,0.0
2026-07-10 17:19:19,0.0,0.0,0.0,0.0,0.0,0.0,0.0,0.0,36.61033053794903,36.8384998591971,36.98607931014433,14.0,14.029299285974123,14.023560049255337,0.0,36.0,0.0,0.0,0.0,0.0,0.0,0.0,0.0,0.0,0.0,0.0,0.0
2026-07-10 17:19:19,0.0,0.0,0.0,0.0,0.0,0.0,0.0,0.0,36.930658911725295,36.92242224490679,37.214249524245375,14.0,13.99640377850412,13.955980397389604,0.0,36.0,0.0,0.0,0.0,0.0,0.0,0.0,0.0,0.0,0.0,0.0,0.0
2026-07-10 17:19:20,0.0,0.0,0.0,0.0,0.0,0.0,0.0,0.0,36.71044194534426,37.14882974785381,36.900010448981476,14.0,13.986644114891105,13.96388739155047,0.0,36.0,0.0,0.0,0.0,0.0,0.0,0.0,0.0,0.0,0.0,0.0,0.0
2026-07-10 17:19:20,0.0,0.0,0.0,0.0,0.0,0.0,0.0,0.0,36.75614475711027,36.983213135270674,37.21178023230391,14.0,13.989503209327179,13.998540082396286,0.0,36.0,0.0,0.0,0.0,0.0,0.0,0.0,0.0,0.0,0.0,0.0,0.0
2026-07-10 17:19:21,0.0,0.0,0.0,0.0,0.0,0.0,0.0,0.0,37.04273500704718,36.9423613354714,36.94311503863528,14.0,14.035171464729919,13.998480361560885,0.0,36.0,0.0,0.0,0.0,0.0,0.0,0.0,0.0,0.0,0.0,0.0,0.0
2026-07-10 17:19:21,0.0,0.0,0.0,0.0,0.0,0.0,0.0,0.0,37.0515241544766,37.0303439243587,36.888504785315355,14.0,14.038967832260841,14.04129417909691,0.0,36.0,0.0,0.0,0.0,0.0,0.0,0.0,0.0,0.0,0.0,0.0,0.0
2026-07-10 17:19:22,0.0,0.0,0.0,0.0,0.0,0.0,0.0,0.0,36.62082714020564,37.04440509174109,36.865562830619616,14.0,14.033124537127062,14.021621899749048,0.0,36.0,0.0,0.0,0.0,0.0,0.0,0.0,0.0,0.0,0.0,0.0,0.0
2026-07-10 17:19:22,0.0,0.0,0.0,0.0,0.0,0.0,0.0,0.0,36.8237215356593,37.237632092291896,36.97075463506148,14.0,13.970469327191678,14.039294800313924,0.0,36.0,0.0,0.0,0.0,0.0,0.0,0.0,0.0,0.0,0.0,0.0,0.0
2026-07-10 17:19:23,0.0,0.0,0.0,0.0,0.0,0.0,0.0,0.0,36.98256572442096,37.353887269532684,36.7673141556139,14.0,14.031797829257842,13.989352264248048,0.0,36.0,0.0,0.0,0.0,0.0,0.0,0.0,0.0,0.0,0.0,0.0,0.0
2026-07-10 17:19:23,0.0,0.0,0.0,0.0,0.0,0.0,0.0,0.0,36.683295375244576,37.2910133652634,37.07848039846988,14.0,13.998020809164828,14.041009471554277,0.0,36.0,0.0,0.0,0.0,0.0,0.0,0.0,0.0,0.0,0.0,0.0,0.0
2026-07-10 17:19:24,0.0,0.0,0.0,0.0,0.0,0.0,0.0,0.0,36.69807587639261,37.38892824368809,36.791820330227225,14.0,13.97056999820753,13.972732098978856,0.0,36.0,0.0,0.0,0.0,0.0,0.0,0.0,0.0,0.0,0.0,0.0,0.0
2026-07-10 17:19:24,0.0,0.0,0.0,0.0,0.0,0.0,0.0,0.0,36.8496374062961,37.353808192373755,36.83760367086557,14.0,14.036828710232848,13.96673293869874,0.0,36.0,0.0,0.0,0.0,0.0,0.0,0.0,0.0,0.0,0.0,0.0,0.0
2026-07-10 17:19:25,0.0,0.0,0.0,0.0,0.0,0.0,0.0,0.0,36.80024777117275,36.94804272140349,36.797996653649655,14.0,14.008653544567593,14.011973877825103,0.0,36.0,0.0,0.0,0.0,0.0,0.0,0.0,0.0,0.0,0.0,0.0,0.0
2026-07-10 17:19:25,0.0,0.0,0.0,0.0,0.0,0.0,0.0,0.0,36.572015759838244,36.81067207745112,36.884773028321604,14.0,14.001095701844047,13.979609772790548,0.0,36.0,0.0,0.0,0.0,0.0,0.0,0.0,0.0,0.0,0.0,0.0,0.0
2026-07-10 17:19:26,0.0,0.0,0.0,0.0,0.0,0.0,0.0,0.0,36.61116336435927,37.18278802329389,37.03311095015198,14.0,14.013751358503255,14.00328167415809,0.0,36.0,0.0,0.0,0.0,0.0,0.0,0.0,0.0,0.0,0.0,0.0,0.0
2026-07-10 17:19:26,0.0,0.0,0.0,0.0,0.0,0.0,0.0,0.0,37.09537551430168,36.80491578083329,36.978882476754485,14.0,13.96170751127028,14.034376361778266,0.0,36.0,0.0,0.0,0.0,0.0,0.0,0.0,0.0,0.0,0.0,0.0,0.0
2026-07-10 17:19:27,0.0,0.0,0.0,0.0,0.0,0.0,0.0,0.0,36.990994929251904,37.37465688063268,36.84519440392838,14.0,13.952309150218674,13.971910722194192,0.0,36.0,0.0,0.0,0.0,0.0,0.0,0.0,0.0,0.0,0.0,0.0,0.0
2026-07-10 17:19:27,0.0,0.0,0.0,0.0,0.0,0.0,0.0,0.0,36.78713237625935,36.82264119672337,36.827587102476905,14.0,13.957222870571272,14.02138274513099,0.0,36.0,0.0,0.0,0.0,0.0,0.0,0.0,0.0,0.0,0.0,0.0,0.0
2026-07-10 17:19:28,0.0,0.0,0.0,0.0,0.0,0.0,0.0,0.0,36.94544030795336,37.171739813043786,36.74501266426158,14.0,13.989510776850926,13.997917440762551,0.0,36.0,0.0,0.0,0.0,0.0,0.0,0.0,0.0,0.0,0.0,0.0,0.0
2026-07-10 17:19:28,0.0,0.0,0.0,0.0,0.0,0.0,0.0,0.0,36.921245439621146,36.848131467005025,37.26008429455333,14.0,13.995377842855012,13.96236215159421,0.0,36.0,0.0,0.0,0.0,0.0,0.0,0.0,0.0,0.0,0.0,0.0,0.0
2026-07-10 17:19:29,0.0,0.0,0.0,0.0,0.0,0.0,0.0,0.0,36.94757689258542,36.95627629297514,37.03875550171979,14.0,14.009806162680453,14.028573914525932,0.0,36.0,0.0,0.0,0.0,0.0,0.0,0.0,0.0,0.0,0.0,0.0,0.0
2026-07-10 17:19:29,0.0,0.0,0.0,0.0,0.0,0.0,0.0,0.0,36.62029611482876,37.27763699655444,37.11868381434146,14.0,13.991764322407713,13.985452295608921,0.0,36.0,0.0,0.0,0.0,0.0,0.0,0.0,0.0,0.0,0.0,0.0,0.0
2026-07-10 17:19:30,0.0,0.0,0.0,0.0,0.0,0.0,0.0,0.0,36.95220202325347,36.846080764846484,37.18038321965113,14.0,14.006894532202605,13.951302664569695,0.0,36.0,0.0,0.0,0.0,0.0,0.0,0.0,0.0,0.0,0.0,0.0,0.0
2026-07-10 17:19:30,0.0,0.0,0.0,0.0,0.0,0.0,0.0,0.0,36.89636260737465,37.37609712329032,36.99954628673191,14.0,14.009354070322459,13.991408729751193,0.0,36.0,0.0,0.0,0.0,0.0,0.0,0.0,0.0,0.0,0.0,0.0,0.0
2026-07-10 17:19:31,0.0,0.0,0.0,0.0,0.0,0.0,0.0,0.0,36.8962526235479,36.86986911389079,36.916319916016874,14.0,13.962199290401779,13.964359991373268,0.0,36.0,0.0,0.0,0.0,0.0,0.0,0.0,0.0,0.0,0.0,0.0,0.0
2026-07-10 17:19:31,0.0,0.0,0.0,0.0,0.0,0.0,0.0,0.0,37.03151487964676,36.93792510734355,37.15169248662547,14.0,13.984709911127887,14.010245567244908,0.0,36.0,0.0,0.0,0.0,0.0,0.0,0.0,0.0,0.0,0.0,0.0,0.0
2026-07-10 17:19:32,0.0,0.0,0.0,0.0,0.0,0.0,0.0,0.0,36.59929057020471,37.189454987398406,36.84490014066184,14.0,13.999654624206796,13.987203006779904,0.0,36.0,0.0,0.0,0.0,0.0,0.0,0.0,0.0,0.0,0.0,0.0,0.0
2026-07-10 17:19:32,0.0,0.0,0.0,0.0,0.0,0.0,0.0,0.0,36.954354254313934,37.32281375426351,36.74536498933315,14.0,14.007686585244315,13.996638295913353,0.0,36.0,0.0,0.0,0.0,0.0,0.0,0.0,0.0,0.0,0.0,0.0,0.0
2026-07-10 17:19:33,0.0,0.0,0.0,0.0,0.0,0.0,0.0,0.0,36.91302831645593,37.30975845153653,37.145099505472686,14.0,14.009114503527028,14.010484017830665,0.0,36.0,0.0,0.0,0.0,0.0,0.0,0.0,0.0,0.0,0.0,0.0,0.0
2026-07-10 17:19:33,0.0,0.0,0.0,0.0,0.0,0.0,0.0,0.0,36.51845682985533,37.291375597565185,36.70179925640035,14.0,14.043472130609045,13.98034730416288,0.0,36.0,0.0,0.0,0.0,0.0,0.0,0.0,0.0,0.0,0.0,0.0,0.0
2026-07-10 17:19:34,0.0,0.0,0.0,0.0,0.0,0.0,0.0,0.0,36.940970775394405,37.00499539665324,37.09216392531218,14.0,14.007125859644395,14.038385205279845,0.0,36.0,0.0,0.0,0.0,0.0,0.0,0.0,0.0,0.0,0.0,0.0,0.0
2026-07-10 17:19:34,0.0,0.0,0.0,0.0,0.0,0.0,0.0,0.0,36.57240774074616,36.84950712165017,37.28835203919113,14.0,13.955771828837335,14.014678209247371,0.0,36.0,0.0,0.0,0.0,0.0,0.0,0.0,0.0,0.0,0.0,0.0,0.0
2026-07-10 17:19:35,0.0,0.0,0.0,0.0,0.0,0.0,0.0,0.0,36.823061665864756,37.13736010132749,36.74290424735801,14.0,14.008357995229693,13.98565025863943,0.0,36.0,0.0,0.0,0.0,0.0,0.0,0.0,0.0,0.0,0.0,0.0,0.0
2026-07-10 17:19:35,0.0,0.0,0.0,0.0,0.0,0.0,0.0,0.0,36.65177248639278,37.11244174510726,37.15916454023825,14.0,14.017463380267062,14.013141202244771,0.0,36.0,0.0,0.0,0.0,0.0,0.0,0.0,0.0,0.0,0.0,0.0,0.0
2026-07-10 17:19:36,0.0,0.0,0.0,0.0,0.0,0.0,0.0,0.0,36.9382392641339,37.22877598864616,36.90420281617748,14.0,14.032105410085551,14.028808405839428,0.0,36.0,0.0,0.0,0.0,0.0,0.0,0.0,0.0,0.0,0.0,0.0,0.0
2026-07-10 17:19:36,0.0,0.0,0.0,0.0,0.0,0.0,0.0,0.0,36.69430336034982,37.23942356684075,36.990345783712016,14.0,13.983276439225653,14.023457551670612,0.0,36.0,0.0,0.0,0.0,0.0,0.0,0.0,0.0,0.0,0.0,0.0,0.0
2026-07-10 17:19:37,0.0,0.0,0.0,0.0,0.0,0.0,0.0,0.0,36.61912216774111,37.128998424711725,36.702685264439346,14.0,13.988410046316552,14.045660375972103,0.0,36.0,0.0,0.0,0.0,0.0,0.0,0.0,0.0,0.0,0.0,0.0,0.0
2026-07-10 17:19:37,0.0,0.0,0.0,0.0,0.0,0.0,0.0,0.0,37.04151601510599,37.17321474138871,37.279555616895095,14.0,13.980427906438793,14.03643876752758,0.0,36.0,0.0,0.0,0.0,0.0,0.0,0.0,0.0,0.0,0.0,0.0,0.0
2026-07-10 17:19:38,0.0,0.0,0.0,0.0,0.0,0.0,0.0,0.0,37.05406149547029,36.92072605864565,36.932781338715834,14.0,14.037874622087521,14.035375835229077,0.0,36.0,0.0,0.0,0.0,0.0,0.0,0.0,0.0,0.0,0.0,0.0,0.0
2026-07-10 17:19:38,0.0,0.0,0.0,0.0,0.0,0.0,0.0,0.0,36.60645468494362,37.35050760583593,37.24424768731818,14.0,13.95137619811726,14.039163306602898,0.0,36.0,0.0,0.0,0.0,0.0,0.0,0.0,0.0,0.0,0.0,0.0,0.0
2026-07-10 17:19:39,0.0,0.0,0.0,0.0,0.0,0.0,0.0,0.0,36.62728368877617,37.03608201007851,36.87312539705247,14.0,13.965552538123385,13.987484698322577,0.0,36.0,0.0,0.0,0.0,0.0,0.0,0.0,0.0,0.0,0.0,0.0,0.0
2026-07-10 17:19:39,0.0,0.0,0.0,0.0,0.0,0.0,0.0,0.0,36.75695397591152,37.17915468048897,37.11184702458186,14.0,14.014345593113536,14.036421900954899,0.0,36.0,0.0,0.0,0.0,0.0,0.0,0.0,0.0,0.0,0.0,0.0,0.0
2026-07-10 17:19:40,0.0,0.0,0.0,0.0,0.0,0.0,0.0,0.0,36.73251311335714,37.11533682926763,36.7875726790297,14.0,14.012681906316057,14.044308993102794,0.0,36.0,0.0,0.0,0.0,0.0,0.0,0.0,0.0,0.0,0.0,0.0,0.0
2026-07-10 17:19:40,0.0,0.0,0.0,0.0,0.0,0.0,0.0,0.0,36.669445073542946,36.94065372516763,36.80390345260377,14.0,14.036725681670605,14.018672025865712,0.0,36.0,0.0,0.0,0.0,0.0,0.0,0.0,0.0,0.0,0.0,0.0,0.0
2026-07-10 17:19:41,0.0,0.0,0.0,0.0,0.0,0.0,0.0,0.0,37.03926465978407,36.85013447318689,36.87236477214706,14.0,14.045994133068774,13.95393619774894,0.0,36.0,0.0,0.0,0.0,0.0,0.0,0.0,0.0,0.0,0.0,0.0,0.0
2026-07-10 17:19:41,0.0,0.0,0.0,0.0,0.0,0.0,0.0,0.0,36.543620706760805,36.99954203893561,37.189625098965855,14.0,13.976936369798894,14.016840273031322,0.0,36.0,0.0,0.0,0.0,0.0,0.0,0.0,0.0,0.0,0.0,0.0,0.0
2026-07-10 17:19:42,0.0,0.0,0.0,0.0,0.0,0.0,0.0,0.0,36.84645990269732,37.036361091403194,36.98290588656106,14.0,13.958513159266964,14.01785734881251,0.0,36.0,0.0,0.0,0.0,0.0,0.0,0.0,0.0,0.0,0.0,0.0,0.0
2026-07-10 17:19:42,0.0,0.0,0.0,0.0,0.0,0.0,0.0,0.0,36.61321939345981,36.96569947556141,37.299922896377645,14.0,13.991030252026118,13.958476941518295,0.0,36.0,0.0,0.0,0.0,0.0,0.0,0.0,0.0,0.0,0.0,0.0,0.0
2026-07-10 17:19:43,0.0,0.0,0.0,0.0,0.0,0.0,0.0,0.0,37.071217914392,37.389315820541086,36.96315294554168,14.0,14.009538782437716,13.97632024784827,0.0,36.0,0.0,0.0,0.0,0.0,0.0,0.0,0.0,0.0,0.0,0.0,0.0
2026-07-10 17:19:43,0.0,0.0,0.0,0.0,0.0,0.0,0.0,0.0,36.52252678712238,37.38566458491777,37.12854097707606,14.0,14.045985421583445,14.040374870542538,0.0,36.0,0.0,0.0,0.0,0.0,0.0,0.0,0.0,0.0,0.0,0.0,0.0
2026-07-10 17:19:44,0.0,0.0,0.0,0.0,0.0,0.0,0.0,0.0,37.08072917936578,37.31814702488721,37.2237861580122,14.0,14.01342114422995,14.031812699189416,0.0,36.0,0.0,0.0,0.0,0.0,0.0,0.0,0.0,0.0,0.0,0.0,0.0
2026-07-10 17:19:44,0.0,0.0,0.0,0.0,0.0,0.0,0.0,0.0,36.717048920500474,37.393075609167894,37.137447658089116,14.0,13.988244035772162,13.993896596996274,0.0,36.0,0.0,0.0,0.0,0.0,0.0,0.0,0.0,0.0,0.0,0.0,0.0
2026-07-10 17:19:45,0.0,0.0,0.0,0.0,0.0,0.0,0.0,0.0,36.58208143043359,37.15720837414481,37.19706819693392,14.0,13.989442142738383,13.999486328641193,0.0,36.0,0.0,0.0,0.0,0.0,0.0,0.0,0.0,0.0,0.0,0.0,0.0
2026-07-10 17:19:45,0.0,0.0,0.0,0.0,0.0,0.0,0.0,0.0,36.58175538753201,37.121137711797154,36.708725859496084,14.0,13.962471161985587,14.010870242060353,0.0,36.0,0.0,0.0,0.0,0.0,0.0,0.0,0.0,0.0,0.0,0.0,0.0
2026-07-10 17:19:46,0.0,0.0,0.0,0.0,0.0,0.0,0.0,0.0,36.89813577448395,36.880482639843734,36.75250198785176,14.0,13.963972175269683,14.04843146189981,0.0,36.0,0.0,0.0,0.0,0.0,0.0,0.0,0.0,0.0,0.0,0.0,0.0
2026-07-10 17:19:46,0.0,0.0,0.0,0.0,0.0,0.0,0.0,0.0,36.976728360706055,37.054533914998515,36.90390782968288,14.0,14.007432942931244,13.984983962034644,0.0,36.0,0.0,0.0,0.0,0.0,0.0,0.0,0.0,0.0,0.0,0.0,0.0
2026-07-10 17:19:47,0.0,0.0,0.0,0.0,0.0,0.0,0.0,0.0,37.0901559895467,37.01729204167868,37.15287947615722,14.0,13.980789792193267,13.96492906934747,0.0,36.0,0.0,0.0,0.0,0.0,0.0,0.0,0.0,0.0,0.0,0.0,0.0
2026-07-10 17:19:47,0.0,0.0,0.0,0.0,0.0,0.0,0.0,0.0,36.62677698370156,36.94918047436325,37.26990459371718,14.0,14.03907987253885,13.979837138109254,0.0,36.0,0.0,0.0,0.0,0.0,0.0,0.0,0.0,0.0,0.0,0.0,0.0
2026-07-10 17:19:48,0.0,0.0,0.0,0.0,0.0,0.0,0.0,0.0,36.90675091767559,37.25721660905556,37.28020676904089,14.0,14.000011811340727,13.964296373341359,0.0,36.0,0.0,0.0,0.0,0.0,0.0,0.0,0.0,0.0,0.0,0.0,0.0
2026-07-10 17:19:48,0.0,0.0,0.0,0.0,0.0,0.0,0.0,0.0,36.97951606177034,37.31552360317634,36.99420401030618,14.0,14.007867852516132,14.025153939593126,0.0,36.0,0.0,0.0,0.0,0.0,0.0,0.0,0.0,0.0,0.0,0.0,0.0
2026-07-10 17:19:49,0.0,0.0,0.0,0.0,0.0,0.0,0.0,0.0,36.74680971179739,37.1517931429962,37.254530631912274,14.0,13.96732176627852,14.013284486221691,0.0,36.0,0.0,0.0,0.0,0.0,0.0,0.0,0.0,0.0,0.0,0.0,0.0
2026-07-10 17:19:49,0.0,0.0,0.0,0.0,0.0,0.0,0.0,0.0,36.6896405647345,37.33613160605909,36.934582654578534,14.0,13.985666421945536,13.962742606783738,0.0,36.0,0.0,0.0,0.0,0.0,0.0,0.0,0.0,0.0,0.0,0.0,0.0
2026-07-10 17:19:50,0.0,0.0,0.0,0.0,0.0,0.0,0.0,0.0,36.7246496464433,37.14612260907331,37.27649482575872,14.0,13.971000809796115,13.972489011563585,0.0,36.0,0.0,0.0,0.0,0.0,0.0,0.0,0.0,0.0,0.0,0.0,0.0
2026-07-10 17:19:50,0.0,0.0,0.0,0.0,0.0,0.0,0.0,0.0,36.963665545142476,37.18168274112503,37.15529271786747,14.0,13.97397330515629,14.010626374725351,0.0,36.0,0.0,0.0,0.0,0.0,0.0,0.0,0.0,0.0,0.0,0.0,0.0
2026-07-10 17:19:51,0.0,0.0,0.0,0.0,0.0,0.0,0.0,0.0,36.664145281413916,36.94988980283565,36.95975445645074,14.0,14.010178229047238,13.955354551625152,0.0,36.0,0.0,0.0,0.0,0.0,0.0,0.0,0.0,0.0,0.0,0.0,0.0
2026-07-10 17:19:51,0.0,0.0,0.0,0.0,0.0,0.0,0.0,0.0,36.98900278603181,36.906222329882674,36.905283106573194,14.0,13.958447423971785,13.955431433761841,0.0,36.0,0.0,0.0,0.0,0.0,0.0,0.0,0.0,0.0,0.0,0.0,0.0
2026-07-10 17:19:52,0.0,0.0,0.0,0.0,0.0,0.0,0.0,0.0,36.890884553998106,37.26011874134069,36.899884246306485,14.0,13.99120246537881,13.992818454321228,0.0,36.0,0.0,0.0,0.0,0.0,0.0,0.0,0.0,0.0,0.0,0.0,0.0
2026-07-10 17:19:52,0.0,0.0,0.0,0.0,0.0,0.0,0.0,0.0,36.55484293427185,36.92158444394045,36.852248534481525,14.0,14.027804668969159,13.955548532320606,0.0,36.0,0.0,0.0,0.0,0.0,0.0,0.0,0.0,0.0,0.0,0.0,0.0
2026-07-10 17:19:53,0.0,0.0,0.0,0.0,0.0,0.0,0.0,0.0,36.559859203388285,37.326586504235195,37.27949241595128,14.0,14.039896930471134,13.991303935948679,0.0,36.0,0.0,0.0,0.0,0.0,0.0,0.0,0.0,0.0,0.0,0.0,0.0
2026-07-10 17:19:53,0.0,0.0,0.0,0.0,0.0,0.0,0.0,0.0,37.038435207781376,37.17070700187122,37.00986911416436,14.0,13.953636505138572,14.017661092719186,0.0,36.0,0.0,0.0,0.0,0.0,0.0,0.0,0.0,0.0,0.0,0.0,0.0
2026-07-10 17:19:54,0.0,0.0,0.0,0.0,0.0,0.0,0.0,0.0,36.56276005308249,37.22410730658455,36.91318079498698,14.0,13.985686827373089,13.972706545766304,0.0,36.0,0.0,0.0,0.0,0.0,0.0,0.0,0.0,0.0,0.0,0.0,0.0
2026-07-10 17:19:54,0.0,0.0,0.0,0.0,0.0,0.0,0.0,0.0,36.86934203998273,36.911785638361295,36.91952536517046,14.0,14.04066241995841,13.984632637006873,0.0,36.0,0.0,0.0,0.0,0.0,0.0,0.0,0.0,0.0,0.0,0.0,0.0
2026-07-10 17:19:55,0.0,0.0,0.0,0.0,0.0,0.0,0.0,0.0,36.77337167641912,37.00472677099073,36.78660290949199,14.0,14.02355685386478,13.991540588792294,0.0,36.0,0.0,0.0,0.0,0.0,0.0,0.0,0.0,0.0,0.0,0.0,0.0
2026-07-10 17:19:55,0.0,0.0,0.0,0.0,0.0,0.0,0.0,0.0,36.985859049821435,37.07408236098129,37.230322295945186,14.0,13.97073711738846,14.000931018278699,0.0,36.0,0.0,0.0,0.0,0.0,0.0,0.0,0.0,0.0,0.0,0.0,0.0
2026-07-10 17:19:56,0.0,0.0,0.0,0.0,0.0,0.0,0.0,0.0,36.89563918714024,37.33551851500022,37.12311867465139,14.0,14.034400204389378,14.012801238618033,0.0,36.0,0.0,0.0,0.0,0.0,0.0,0.0,0.0,0.0,0.0,0.0,0.0
2026-07-10 17:19:56,0.0,0.0,0.0,0.0,0.0,0.0,0.0,0.0,36.76622560243834,36.894789072707034,37.22274570459306,14.0,13.982856937337491,13.98162566257523,0.0,36.0,0.0,0.0,0.0,0.0,0.0,0.0,0.0,0.0,0.0,0.0,0.0
2026-07-10 17:19:57,0.0,0.0,0.0,0.0,0.0,0.0,0.0,0.0,36.88519255074597,37.37840481899062,36.976351191901756,14.0,13.977278885018926,14.013625534784111,0.0,36.0,0.0,0.0,0.0,0.0,0.0,0.0,0.0,0.0,0.0,0.0,0.0
2026-07-10 17:19:57,0.0,0.0,0.0,0.0,0.0,0.0,0.0,0.0,36.799208013629496,37.326717359138925,36.71692904908394,14.0,13.962854500315467,13.993562896485908,0.0,36.0,0.0,0.0,0.0,0.0,0.0,0.0,0.0,0.0,0.0,0.0,0.0
2026-07-10 17:19:58,0.0,0.0,0.0,0.0,0.0,0.0,0.0,0.0,36.66104051491192,36.852343512264916,37.091624518332424,14.0,14.034853750945674,13.98871696161376,0.0,36.0,0.0,0.0,0.0,0.0,0.0,0.0,0.0,0.0,0.0,0.0,0.0
2026-07-10 17:19:58,0.0,0.0,0.0,0.0,0.0,0.0,0.0,0.0,36.62507480057717,37.39050192986492,36.8719806930221,14.0,14.026657298430223,13.95375524353499,0.0,36.0,0.0,0.0,0.0,0.0,0.0,0.0,0.0,0.0,0.0,0.0,0.0
2026-07-10 17:19:59,0.0,0.0,0.0,0.0,0.0,0.0,0.0,0.0,36.5604693011268,36.86818363157156,37.1466549313511,14.0,14.025676978715875,13.967588731845108,0.0,36.0,0.0,0.0,0.0,0.0,0.0,0.0,0.0,0.0,0.0,0.0,0.0
2026-07-10 17:19:59,0.0,0.0,0.0,0.0,0.0,0.0,0.0,0.0,36.720379467082104,37.32798067000396,36.74097323721899,14.0,13.991720576146184,14.02845497568869,0.0,36.0,0.0,0.0,0.0,0.0,0.0,0.0,0.0,0.0,0.0,0.0,0.0
2026-07-10 17:20:00,0.0,0.0,0.0,0.0,0.0,0.0,0.0,0.0,36.76218937608471,37.03032937356251,36.987178865304365,14.0,14.035725699988898,14.04173211258963,0.0,36.0,0.0,0.0,0.0,0.0,0.0,0.0,0.0,0.0,0.0,0.0,0.0
2026-07-10 17:20:00,0.0,0.0,0.0,0.0,0.0,0.0,0.0,0.0,36.678649902282395,36.91466265223643,36.78640875627953,14.0,14.026438377929535,14.016570144315972,0.0,36.0,0.0,0.0,0.0,0.0,0.0,0.0,0.0,0.0,0.0,0.0,0.0
2026-07-10 17:20:01,0.0,0.0,0.0,0.0,0.0,0.0,0.0,0.0,36.67871826519088,37.33255801915798,36.83068841729356,14.0,14.044114543151293,13.98062501630738,0.0,36.0,0.0,0.0,0.0,0.0,0.0,0.0,0.0,0.0,0.0,0.0,0.0
2026-07-10 17:20:01,0.0,0.0,0.0,0.0,0.0,0.0,0.0,0.0,36.64071387906621,37.05757831015647,36.832320828340904,14.0,14.030498861366555,13.95402150793604,0.0,36.0,0.0,0.0,0.0,0.0,0.0,0.0,0.0,0.0,0.0,0.0,0.0
2026-07-10 17:20:02,0.0,0.0,0.0,0.0,0.0,0.0,0.0,0.0,36.83188060350211,37.22458995225621,36.78867719287873,14.0,13.989717366662601,13.987566662639873,0.0,36.0,0.0,0.0,0.0,0.0,0.0,0.0,0.0,0.0,0.0,0.0,0.0
2026-07-10 17:20:02,0.0,0.0,0.0,0.0,0.0,0.0,0.0,0.0,36.94519916901863,36.849782994722695,36.70103378739633,14.0,14.033736076466528,13.960023781405628,0.0,36.0,0.0,0.0,0.0,0.0,0.0,0.0,0.0,0.0,0.0,0.0,0.0
2026-07-10 17:20:03,0.0,0.0,0.0,0.0,0.0,0.0,0.0,0.0,37.00436097823793,37.03412919099332,36.95470268829551,14.0,14.005410866138494,13.970805912228723,0.0,36.0,0.0,0.0,0.0,0.0,0.0,0.0,0.0,0.0,0.0,0.0,0.0
2026-07-10 17:20:03,0.0,0.0,0.0,0.0,0.0,0.0,0.0,0.0,36.726554461154954,36.86045654409329,37.1716007281904,14.0,14.012264208688615,14.04152698869105,0.0,36.0,0.0,0.0,0.0,0.0,0.0,0.0,0.0,0.0,0.0,0.0,0.0
2026-07-10 17:20:04,0.0,0.0,0.0,0.0,0.0,0.0,0.0,0.0,36.94683210836739,36.8889454881607,37.17925428215644,14.0,13.998768179699974,13.956575001590803,0.0,36.0,0.0,0.0,0.0,0.0,0.0,0.0,0.0,0.0,0.0,0.0,0.0
2026-07-10 17:20:04,0.0,0.0,0.0,0.0,0.0,0.0,0.0,0.0,36.90792361540672,37.3960350295357,37.07204757268988,14.0,14.008438431190674,14.027946082612019,0.0,36.0,0.0,0.0,0.0,0.0,0.0,0.0,0.0,0.0,0.0,0.0,0.0
2026-07-10 17:20:05,0.0,0.0,0.0,0.0,0.0,0.0,0.0,0.0,37.01723770677872,37.33275463731392,37.099367924608515,14.0,13.987858523735179,14.014981067659308,0.0,36.0,0.0,0.0,0.0,0.0,0.0,0.0,0.0,0.0,0.0,0.0,0.0
2026-07-10 17:20:05,0.0,0.0,0.0,0.0,0.0,0.0,0.0,0.0,37.017256243336256,36.86313339326952,36.766005353070774,14.0,13.979218135488253,13.992009277145096,0.0,36.0,0.0,0.0,0.0,0.0,0.0,0.0,0.0,0.0,0.0,0.0,0.0
2026-07-10 17:20:06,0.0,0.0,0.0,0.0,0.0,0.0,0.0,0.0,37.035714800559994,36.9267071347901,36.83204060336282,14.0,14.00602506941393,13.963238192915304,0.0,36.0,0.0,0.0,0.0,0.0,0.0,0.0,0.0,0.0,0.0,0.0,0.0
2026-07-10 17:20:06,0.0,0.0,0.0,0.0,0.0,0.0,0.0,0.0,36.541692768289934,36.89361748856574,37.041815697825356,14.0,14.009481811506728,13.971755390610967,0.0,36.0,0.0,0.0,0.0,0.0,0.0,0.0,0.0,0.0,0.0,0.0,0.0
2026-07-10 17:20:07,0.0,0.0,0.0,0.0,0.0,0.0,0.0,0.0,36.75560510060663,37.276761805825124,36.74560740336537,14.0,13.981201706205242,14.041630538819337,0.0,36.0,0.0,0.0,0.0,0.0,0.0,0.0,0.0,0.0,0.0,0.0,0.0
2026-07-10 17:20:07,0.0,0.0,0.0,0.0,0.0,0.0,0.0,0.0,36.63304742122389,37.32816626610214,36.80229749177046,14.0,14.016635469285015,14.030239864483748,0.0,36.0,0.0,0.0,0.0,0.0,0.0,0.0,0.0,0.0,0.0,0.0,0.0
2026-07-10 17:20:08,0.0,0.0,0.0,0.0,0.0,0.0,0.0,0.0,36.980185458760026,37.012963733526334,37.01702750565035,14.0,13.968428676206933,13.96096378157888,0.0,36.0,0.0,0.0,0.0,0.0,0.0,0.0,0.0,0.0,0.0,0.0,0.0
2026-07-10 17:20:08,0.0,0.0,0.0,0.0,0.0,0.0,0.0,0.0,36.819257518491256,37.374497867243356,36.89401694027949,14.0,14.038918256367161,14.00391753652929,0.0,36.0,0.0,0.0,0.0,0.0,0.0,0.0,0.0,0.0,0.0,0.0,0.0
2026-07-10 17:20:09,0.0,0.0,0.0,0.0,0.0,0.0,0.0,0.0,36.50148532858659,36.933736246055595,37.18365303175375,14.0,13.956900478669526,13.977223850916404,0.0,36.0,0.0,0.0,0.0,0.0,0.0,0.0,0.0,0.0,0.0,0.0,0.0
2026-07-10 17:20:09,0.0,0.0,0.0,0.0,0.0,0.0,0.0,0.0,36.76315303086063,37.018048685398114,36.76409116596572,14.0,14.041903370608457,13.952492090561142,0.0,36.0,0.0,0.0,0.0,0.0,0.0,0.0,0.0,0.0,0.0,0.0,0.0
2026-07-10 17:20:10,0.0,0.0,0.0,0.0,0.0,0.0,0.0,0.0,36.768113976573844,36.841227984706734,37.1880803174646,14.0,14.04212668274971,14.038500125287658,0.0,36.0,0.0,0.0,0.0,0.0,0.0,0.0,0.0,0.0,0.0,0.0,0.0
2026-07-10 17:20:10,0.0,0.0,0.0,0.0,0.0,0.0,0.0,0.0,37.00418285527281,37.34502381866771,37.043661111735744,14.0,14.018276050099788,13.955383748059466,0.0,36.0,0.0,0.0,0.0,0.0,0.0,0.0,0.0,0.0,0.0,0.0,0.0
2026-07-10 17:20:11,0.0,0.0,0.0,0.0,0.0,0.0,0.0,0.0,36.784638236759086,37.35049548820652,37.159510338734094,14.0,14.008915847617924,14.005144496097698,0.0,36.0,0.0,0.0,0.0,0.0,0.0,0.0,0.0,0.0,0.0,0.0,0.0
2026-07-10 17:20:11,0.0,0.0,0.0,0.0,0.0,0.0,0.0,0.0,37.03063249955277,37.08569330256216,37.23350317545056,14.0,13.988615530598821,14.01502521005253,0.0,36.0,0.0,0.0,0.0,0.0,0.0,0.0,0.0,0.0,0.0,0.0,0.0
2026-07-10 17:20:12,0.0,0.0,0.0,0.0,0.0,0.0,0.0,0.0,36.867417567047454,37.0229224290378,36.74262570842001,14.0,13.972472344177111,14.031023297020093,0.0,36.0,0.0,0.0,0.0,0.0,0.0,0.0,0.0,0.0,0.0,0.0,0.0
2026-07-10 17:20:12,0.0,0.0,0.0,0.0,0.0,0.0,0.0,0.0,36.93824309050282,37.125141266155474,37.205815483877544,14.0,13.975720642937372,14.00169319811288,0.0,36.0,0.0,0.0,0.0,0.0,0.0,0.0,0.0,0.0,0.0,0.0,0.0
2026-07-10 17:20:13,0.0,0.0,0.0,0.0,0.0,0.0,0.0,0.0,36.88534761426866,37.008676485883605,37.149854099981745,14.0,14.017066534655898,13.977163057287802,0.0,36.0,0.0,0.0,0.0,0.0,0.0,0.0,0.0,0.0,0.0,0.0,0.0
2026-07-10 17:20:13,0.0,0.0,0.0,0.0,0.0,0.0,0.0,0.0,36.83387283767545,37.2888838944286,36.809038340422724,14.0,13.96359730571503,14.006269307656275,0.0,36.0,0.0,0.0,0.0,0.0,0.0,0.0,0.0,0.0,0.0,0.0,0.0
2026-07-10 17:20:14,0.0,0.0,0.0,0.0,0.0,0.0,0.0,0.0,36.94119410985328,37.048178999959006,37.26013587917314,14.0,13.976318507299906,14.039841377618515,0.0,36.0,0.0,0.0,0.0,0.0,0.0,0.0,0.0,0.0,0.0,0.0,0.0
2026-07-10 17:20:14,0.0,0.0,0.0,0.0,0.0,0.0,0.0,0.0,36.99961540282083,37.229360954571604,36.77424020476563,14.0,14.010178634970748,13.970525016099817,0.0,36.0,0.0,0.0,0.0,0.0,0.0,0.0,0.0,0.0,0.0,0.0,0.0
2026-07-10 17:20:15,0.0,0.0,0.0,0.0,0.0,0.0,0.0,0.0,36.707346858674576,36.870854678212055,36.83649722972583,14.0,13.964793192368191,13.994828659695038,0.0,36.0,0.0,0.0,0.0,0.0,0.0,0.0,0.0,0.0,0.0,0.0,0.0
2026-07-10 17:20:15,0.0,0.0,0.0,0.0,0.0,0.0,0.0,0.0,37.05314782385283,36.8830299832161,36.71273922539552,14.0,13.993396562601738,14.028091850385543,0.0,36.0,0.0,0.0,0.0,0.0,0.0,0.0,0.0,0.0,0.0,0.0,0.0
2026-07-10 17:20:16,0.0,0.0,0.0,0.0,0.0,0.0,0.0,0.0,36.89706366460731,37.21969835494702,36.78334083459749,14.0,14.009187449407483,14.030223086876301,0.0,36.0,0.0,0.0,0.0,0.0,0.0,0.0,0.0,0.0,0.0,0.0,0.0
2026-07-10 17:20:16,0.0,0.0,0.0,0.0,0.0,0.0,0.0,0.0,36.532021882041,37.31186852578005,37.247461801417785,14.0,14.048942634264948,14.016258297102732,0.0,36.0,0.0,0.0,0.0,0.0,0.0,0.0,0.0,0.0,0.0,0.0,0.0
2026-07-10 17:20:17,0.0,0.0,0.0,0.0,0.0,0.0,0.0,0.0,36.56290818725822,36.83432277391448,37.165476301695264,14.0,13.969068818290102,14.020802977887918,0.0,36.0,0.0,0.0,0.0,0.0,0.0,0.0,0.0,0.0,0.0,0.0,0.0
2026-07-10 17:20:17,0.0,0.0,0.0,0.0,0.0,0.0,0.0,0.0,37.083948527579736,37.315035871104314,36.927550767781014,14.0,13.953134243812281,13.965190647410955,0.0,36.0,0.0,0.0,0.0,0.0,0.0,0.0,0.0,0.0,0.0,0.0,0.0
2026-07-10 17:20:18,0.0,0.0,0.0,0.0,0.0,0.0,0.0,0.0,36.74691983141054,37.03348701475951,36.84484464129412,14.0,13.962858465115684,13.955918998778623,0.0,36.0,0.0,0.0,0.0,0.0,0.0,0.0,0.0,0.0,0.0,0.0,0.0
2026-07-10 17:20:18,0.0,0.0,0.0,0.0,0.0,0.0,0.0,0.0,36.765773822365965,37.36211863892914,36.879659736721045,14.0,14.043067413751535,13.984068550187088,0.0,36.0,0.0,0.0,0.0,0.0,0.0,0.0,0.0,0.0,0.0,0.0,0.0
2026-07-10 17:20:19,0.0,0.0,0.0,0.0,0.0,0.0,0.0,0.0,36.65140197229135,37.010902886490115,37.18939553857872,14.0,13.986845853738464,14.00290924932697,0.0,36.0,0.0,0.0,0.0,0.0,0.0,0.0,0.0,0.0,0.0,0.0,0.0
2026-07-10 17:20:19,0.0,0.0,0.0,0.0,0.0,0.0,0.0,0.0,36.51882233281705,37.092933502251,36.84485541623921,14.0,13.982700493614594,14.007195762096888,0.0,36.0,0.0,0.0,0.0,0.0,0.0,0.0,0.0,0.0,0.0,0.0,0.0
2026-07-10 17:20:20,0.0,0.0,0.0,0.0,0.0,0.0,0.0,0.0,36.85122975188031,37.23055681641842,37.022914199904804,14.0,14.044380397689277,13.974412478059358,0.0,36.0,0.0,0.0,0.0,0.0,0.0,0.0,0.0,0.0,0.0,0.0,0.0
2026-07-10 17:20:20,0.0,0.0,0.0,0.0,0.0,0.0,0.0,0.0,36.69275411899206,37.004748490126055,36.70961643568702,14.0,13.987076891895706,13.959903223654686,0.0,36.0,0.0,0.0,0.0,0.0,0.0,0.0,0.0,0.0,0.0,0.0,0.0
2026-07-10 17:20:21,0.0,0.0,0.0,0.0,0.0,0.0,0.0,0.0,37.02719667336185,36.86047492086964,36.87718258807825,14.0,13.95549220144099,13.986764836105207,0.0,36.0,0.0,0.0,0.0,0.0,0.0,0.0,0.0,0.0,0.0,0.0,0.0
2026-07-10 17:20:21,0.0,0.0,0.0,0.0,0.0,0.0,0.0,0.0,36.57063858438626,37.034431660857216,37.08488506591194,14.0,13.967666295072465,13.970001472727207,0.0,36.0,0.0,0.0,0.0,0.0,0.0,0.0,0.0,0.0,0.0,0.0,0.0
2026-07-10 17:20:22,0.0,0.0,0.0,0.0,0.0,0.0,0.0,0.0,37.00757013180505,37.000679948191646,37.21333656129446,14.0,14.047910442476603,14.035488889061337,0.0,36.0,0.0,0.0,0.0,0.0,0.0,0.0,0.0,0.0,0.0,0.0,0.0
2026-07-10 17:20:22,0.0,0.0,0.0,0.0,0.0,0.0,0.0,0.0,36.887085612159495,37.13700235959144,36.713497380294086,14.0,14.038341268319533,13.970454290628922,0.0,36.0,0.0,0.0,0.0,0.0,0.0,0.0,0.0,0.0,0.0,0.0,0.0
2026-07-10 17:20:23,0.0,0.0,0.0,0.0,0.0,0.0,0.0,0.0,36.6821179539618,37.057382772361194,37.06517855132314,14.0,13.984531135126208,14.030226612685196,0.0,36.0,0.0,0.0,0.0,0.0,0.0,0.0,0.0,0.0,0.0,0.0,0.0
2026-07-10 17:20:23,0.0,0.0,0.0,0.0,0.0,0.0,0.0,0.0,37.019357745954686,36.86575232111072,36.96922171674653,14.0,14.03739116882937,13.968938536444998,0.0,36.0,0.0,0.0,0.0,0.0,0.0,0.0,0.0,0.0,0.0,0.0,0.0
2026-07-10 17:20:24,0.0,0.0,0.0,0.0,0.0,0.0,0.0,0.0,36.86014731374005,37.05619926027544,37.139761693467754,14.0,14.019450886978976,13.99880841020377,0.0,36.0,0.0,0.0,0.0,0.0,0.0,0.0,0.0,0.0,0.0,0.0,0.0
2026-07-10 17:20:24,0.0,0.0,0.0,0.0,0.0,0.0,0.0,0.0,36.54546132240023,37.37422325953737,37.15555378359003,14.0,14.015772188062012,14.027464365411277,0.0,36.0,0.0,0.0,0.0,0.0,0.0,0.0,0.0,0.0,0.0,0.0,0.0
2026-07-10 17:20:25,0.0,0.0,0.0,0.0,0.0,0.0,0.0,0.0,36.591783995560895,37.01170677913744,37.2239423313617,14.0,13.991309954145667,14.044136354383825,0.0,36.0,0.0,0.0,0.0,0.0,0.0,0.0,0.0,0.0,0.0,0.0,0.0
2026-07-10 17:20:25,0.0,0.0,0.0,0.0,0.0,0.0,0.0,0.0,36.50621701967216,36.85998114158851,37.24948010141877,14.0,14.014716239684061,13.984155734986278,0.0,36.0,0.0,0.0,0.0,0.0,0.0,0.0,0.0,0.0,0.0,0.0,0.0
2026-07-10 17:20:26,0.0,0.0,0.0,0.0,0.0,0.0,0.0,0.0,36.84257595825595,37.18379906858401,37.22915312608084,14.0,14.024250370757064,14.04756324100852,0.0,36.0,0.0,0.0,0.0,0.0,0.0,0.0,0.0,0.0,0.0,0.0,0.0
2026-07-10 17:20:26,0.0,0.0,0.0,0.0,0.0,0.0,0.0,0.0,36.98397986252489,37.37395912360315,37.07571227605805,14.0,13.98358280423318,13.952630248051426,0.0,36.0,0.0,0.0,0.0,0.0,0.0,0.0,0.0,0.0,0.0,0.0,0.0
2026-07-10 17:20:27,0.0,0.0,0.0,0.0,0.0,0.0,0.0,0.0,36.65563181811326,37.378235119172544,36.99203784175562,14.0,13.951109902306836,14.029937485167853,0.0,36.0,0.0,0.0,0.0,0.0,0.0,0.0,0.0,0.0,0.0,0.0,0.0
2026-07-10 17:20:27,0.0,0.0,0.0,0.0,0.0,0.0,0.0,0.0,37.09432619896993,37.17359465542219,37.20593102422647,14.0,13.98044366190041,13.998888388906842,0.0,36.0,0.0,0.0,0.0,0.0,0.0,0.0,0.0,0.0,0.0,0.0,0.0
2026-07-10 17:20:28,0.0,0.0,0.0,0.0,0.0,0.0,0.0,0.0,36.575098470999535,37.219860814384816,37.09256643839323,14.0,14.011412274664053,14.019332503576873,0.0,36.0,0.0,0.0,0.0,0.0,0.0,0.0,0.0,0.0,0.0,0.0,0.0
2026-07-10 17:20:28,0.0,0.0,0.0,0.0,0.0,0.0,0.0,0.0,36.78262446282195,37.37953559204316,36.85710669205241,14.0,14.049670921645975,14.002268402933327,0.0,36.0,0.0,0.0,0.0,0.0,0.0,0.0,0.0,0.0,0.0,0.0,0.0
2026-07-10 17:20:29,0.0,0.0,0.0,0.0,0.0,0.0,0.0,0.0,36.65774452134257,36.82761604409895,36.805050336477535,14.0,14.02774448560754,13.984205535366124,0.0,36.0,0.0,0.0,0.0,0.0,0.0,0.0,0.0,0.0,0.0,0.0,0.0
2026-07-10 17:20:29,0.0,0.0,0.0,0.0,0.0,0.0,0.0,0.0,36.73699510244092,37.38092070021134,36.88026608005795,14.0,13.953913503637812,14.016190914320571,0.0,36.0,0.0,0.0,0.0,0.0,0.0,0.0,0.0,0.0,0.0,0.0,0.0
2026-07-10 17:20:30,0.0,0.0,0.0,0.0,0.0,0.0,0.0,0.0,36.514298146116474,36.88841635039816,36.89908626779029,14.0,13.950538659632947,13.99130626630075,0.0,36.0,0.0,0.0,0.0,0.0,0.0,0.0,0.0,0.0,0.0,0.0,0.0
2026-07-10 17:20:30,0.0,0.0,0.0,0.0,0.0,0.0,0.0,0.0,36.57850751259924,37.063057224388174,37.1066355195629,14.0,14.018067589388444,13.982006132400398,0.0,36.0,0.0,0.0,0.0,0.0,0.0,0.0,0.0,0.0,0.0,0.0,0.0
2026-07-10 17:20:31,0.0,0.0,0.0,0.0,0.0,0.0,0.0,0.0,36.96455852799886,37.32609636711312,36.87144469631305,14.0,13.990361993703562,14.045219571041127,0.0,36.0,0.0,0.0,0.0,0.0,0.0,0.0,0.0,0.0,0.0,0.0,0.0
2026-07-10 17:20:31,0.0,0.0,0.0,0.0,0.0,0.0,0.0,0.0,36.60517893747126,36.92958570405517,37.10467460869003,14.0,13.957868152547613,14.045358381268205,0.0,36.0,0.0,0.0,0.0,0.0,0.0,0.0,0.0,0.0,0.0,0.0,0.0
2026-07-10 17:20:32,0.0,0.0,0.0,0.0,0.0,0.0,0.0,0.0,37.0123261736119,37.21911940754008,36.94690822290303,14.0,13.963681110571692,13.997077075120012,0.0,36.0,0.0,0.0,0.0,0.0,0.0,0.0,0.0,0.0,0.0,0.0,0.0
2026-07-10 17:20:32,0.0,0.0,0.0,0.0,0.0,0.0,0.0,0.0,36.640361486138495,37.34633993099624,37.23615819921471,14.0,13.971886488672187,13.971855104720888,0.0,36.0,0.0,0.0,0.0,0.0,0.0,0.0,0.0,0.0,0.0,0.0,0.0
2026-07-10 17:20:33,0.0,0.0,0.0,0.0,0.0,0.0,0.0,0.0,36.88890777392538,37.30612844515551,36.863986114200685,14.0,13.98991333295819,14.003592708990237,0.0,36.0,0.0,0.0,0.0,0.0,0.0,0.0,0.0,0.0,0.0,0.0,0.0
2026-07-10 17:20:33,0.0,0.0,0.0,0.0,0.0,0.0,0.0,0.0,36.558963951032624,37.132872282122904,37.26879728185025,14.0,14.030926388917178,14.022046096284834,0.0,36.0,0.0,0.0,0.0,0.0,0.0,0.0,0.0,0.0,0.0,0.0,0.0
2026-07-10 17:20:34,0.0,0.0,0.0,0.0,0.0,0.0,0.0,0.0,37.059846690598064,37.39095598205434,37.053499987360816,14.0,13.970744642947153,13.96619851326493,0.0,36.0,0.0,0.0,0.0,0.0,0.0,0.0,0.0,0.0,0.0,0.0,0.0
2026-07-10 17:20:34,0.0,0.0,0.0,0.0,0.0,0.0,0.0,0.0,36.83561578002264,37.244297402896876,36.962577834771906,14.0,14.043792761680663,14.012601550298974,0.0,36.0,0.0,0.0,0.0,0.0,0.0,0.0,0.0,0.0,0.0,0.0,0.0
2026-07-10 17:20:35,0.0,0.0,0.0,0.0,0.0,0.0,0.0,0.0,36.7739627130903,36.98744251546098,37.25927156921509,14.0,14.045617045311692,13.960310593639734,0.0,36.0,0.0,0.0,0.0,0.0,0.0,0.0,0.0,0.0,0.0,0.0,0.0
2026-07-10 17:20:35,0.0,0.0,0.0,0.0,0.0,0.0,0.0,0.0,37.09486777860732,37.08009359216696,36.872186320486946,14.0,13.985608419114103,14.044909603523587,0.0,36.0,0.0,0.0,0.0,0.0,0.0,0.0,0.0,0.0,0.0,0.0,0.0
2026-07-10 17:20:36,0.0,0.0,0.0,0.0,0.0,0.0,0.0,0.0,37.05070130673821,37.36473267393032,36.93481411578196,14.0,14.0493907708911,13.968788641510878,0.0,36.0,0.0,0.0,0.0,0.0,0.0,0.0,0.0,0.0,0.0,0.0,0.0
2026-07-10 17:20:36,0.0,0.0,0.0,0.0,0.0,0.0,0.0,0.0,36.570703965635786,37.313986914831894,37.077169957040425,14.0,14.019332579938519,13.973970266777133,0.0,36.0,0.0,0.0,0.0,0.0,0.0,0.0,0.0,0.0,0.0,0.0,0.0
2026-07-10 17:20:37,0.0,0.0,0.0,0.0,0.0,0.0,0.0,0.0,36.939230559935886,37.179880036149726,37.27930686796375,14.0,13.992088938454204,14.01257753055626,0.0,36.0,0.0,0.0,0.0,0.0,0.0,0.0,0.0,0.0,0.0,0.0,0.0
2026-07-10 17:20:37,0.0,0.0,0.0,0.0,0.0,0.0,0.0,0.0,37.06533819508046,37.08852420222931,37.04937639631474,14.0,14.035505605929428,13.999009144565337,0.0,36.0,0.0,0.0,0.0,0.0,0.0,0.0,0.0,0.0,0.0,0.0,0.0
2026-07-10 17:20:38,0.0,0.0,0.0,0.0,0.0,0.0,0.0,0.0,36.9252624958445,37.0447418635414,37.23711098487688,14.0,14.014424194626944,13.952227962911156,0.0,36.0,0.0,0.0,0.0,0.0,0.0,0.0,0.0,0.0,0.0,0.0,0.0
2026-07-10 17:20:38,0.0,0.0,0.0,0.0,0.0,0.0,0.0,0.0,36.824383690296635,37.14211524929484,36.778769019330454,14.0,14.04851314594475,13.968717662574914,0.0,36.0,0.0,0.0,0.0,0.0,0.0,0.0,0.0,0.0,0.0,0.0,0.0
2026-07-10 17:20:39,0.0,0.0,0.0,0.0,0.0,0.0,0.0,0.0,36.72032543061691,37.1838423032749,36.96354752937574,14.0,14.041340802485713,14.039366130689986,0.0,36.0,0.0,0.0,0.0,0.0,0.0,0.0,0.0,0.0,0.0,0.0,0.0
2026-07-10 17:20:39,0.0,0.0,0.0,0.0,0.0,0.0,0.0,0.0,37.07243970619946,36.90871558713175,36.99530560357906,14.0,14.015213904483181,13.996748727429491,0.0,36.0,0.0,0.0,0.0,0.0,0.0,0.0,0.0,0.0,0.0,0.0,0.0
2026-07-10 17:20:40,0.0,0.0,0.0,0.0,0.0,0.0,0.0,0.0,36.97168517868176,36.87143493822886,37.16928569703087,14.0,13.957908968294408,14.020837146500485,0.0,36.0,0.0,0.0,0.0,0.0,0.0,0.0,0.0,0.0,0.0,0.0,0.0
2026-07-10 17:20:40,0.0,0.0,0.0,0.0,0.0,0.0,0.0,0.0,36.511467141021335,36.85195438457135,37.18624986628566,14.0,13.990396465639616,14.036748982376919,0.0,36.0,0.0,0.0,0.0,0.0,0.0,0.0,0.0,0.0,0.0,0.0,0.0
2026-07-10 17:20:41,0.0,0.0,0.0,0.0,0.0,0.0,0.0,0.0,37.065060590940256,36.96594365112169,36.72055110914387,14.0,13.978349879270459,14.047541547353283,0.0,36.0,0.0,0.0,0.0,0.0,0.0,0.0,0.0,0.0,0.0,0.0,0.0
2026-07-10 17:20:41,0.0,0.0,0.0,0.0,0.0,0.0,0.0,0.0,36.647360004203925,37.19526875447025,37.0711548236913,14.0,14.000414188131252,13.96694212115752,0.0,36.0,0.0,0.0,0.0,0.0,0.0,0.0,0.0,0.0,0.0,0.0,0.0
2026-07-10 17:20:42,0.0,0.0,0.0,0.0,0.0,0.0,0.0,0.0,36.52072754078443,37.004571071159916,37.05514243696513,14.0,14.025501500797755,14.036516981269429,0.0,36.0,0.0,0.0,0.0,0.0,0.0,0.0,0.0,0.0,0.0,0.0,0.0
2026-07-10 17:20:42,0.0,0.0,0.0,0.0,0.0,0.0,0.0,0.0,36.69246938897848,37.249251196520824,37.21034349888101,14.0,13.978605574619287,13.97217388280478,0.0,36.0,0.0,0.0,0.0,0.0,0.0,0.0,0.0,0.0,0.0,0.0,0.0
2026-07-10 17:20:43,0.0,0.0,0.0,0.0,0.0,0.0,0.0,0.0,36.705653312161296,37.34404918621788,37.17351219327569,14.0,13.952476854540032,13.975416161099048,0.0,36.0,0.0,0.0,0.0,0.0,0.0,0.0,0.0,0.0,0.0,0.0,0.0
2026-07-10 17:20:43,0.0,0.0,0.0,0.0,0.0,0.0,0.0,0.0,36.886527332623615,37.197917005192046,36.75833220958831,14.0,13.973447531324473,14.037609508364659,0.0,36.0,0.0,0.0,0.0,0.0,0.0,0.0,0.0,0.0,0.0,0.0,0.0
2026-07-10 17:20:44,0.0,0.0,0.0,0.0,0.0,0.0,0.0,0.0,36.59522833774678,37.12408736219722,37.11912909425786,14.0,13.984729345132537,13.956542478153862,0.0,36.0,0.0,0.0,0.0,0.0,0.0,0.0,0.0,0.0,0.0,0.0,0.0
2026-07-10 17:20:44,0.0,0.0,0.0,0.0,0.0,0.0,0.0,0.0,36.90594172557201,37.04633825503244,36.92243682698923,14.0,14.019174691511827,14.048827877573263,0.0,36.0,0.0,0.0,0.0,0.0,0.0,0.0,0.0,0.0,0.0,0.0,0.0
2026-07-10 17:20:45,0.0,0.0,0.0,0.0,0.0,0.0,0.0,0.0,36.84980368797141,37.10084970874534,37.166308028807734,14.0,14.011183926452718,13.954320633683183,0.0,36.0,0.0,0.0,0.0,0.0,0.0,0.0,0.0,0.0,0.0,0.0,0.0
2026-07-10 17:20:45,0.0,0.0,0.0,0.0,0.0,0.0,0.0,0.0,36.83378001389402,37.30479191762348,37.021273121230784,14.0,14.044751390211774,14.032069466343057,0.0,36.0,0.0,0.0,0.0,0.0,0.0,0.0,0.0,0.0,0.0,0.0,0.0
2026-07-10 17:20:46,0.0,0.0,0.0,0.0,0.0,0.0,0.0,0.0,36.56194458952884,37.101766251722324,37.186386216704534,14.0,14.02975977735691,14.005962660701341,0.0,36.0,0.0,0.0,0.0,0.0,0.0,0.0,0.0,0.0,0.0,0.0,0.0
2026-07-10 17:20:46,0.0,0.0,0.0,0.0,0.0,0.0,0.0,0.0,36.63175083036865,37.12189324441043,36.81042078936205,14.0,14.018085406391437,14.044164451844265,0.0,36.0,0.0,0.0,0.0,0.0,0.0,0.0,0.0,0.0,0.0,0.0,0.0
2026-07-10 17:20:47,0.0,0.0,0.0,0.0,0.0,0.0,0.0,0.0,36.549724365633324,37.28432450034319,36.76618993619746,14.0,13.971116236172625,13.9534821733046,0.0,36.0,0.0,0.0,0.0,0.0,0.0,0.0,0.0,0.0,0.0,0.0,0.0
2026-07-10 17:20:47,0.0,0.0,0.0,0.0,0.0,0.0,0.0,0.0,36.5574346614338,36.84794772462634,36.99559970397334,14.0,14.011725197546193,14.012238977729268,0.0,36.0,0.0,0.0,0.0,0.0,0.0,0.0,0.0,0.0,0.0,0.0,0.0
2026-07-10 17:20:48,0.0,0.0,0.0,0.0,0.0,0.0,0.0,0.0,36.69976484243138,37.335881914981265,36.95406518145502,14.0,13.965770403259926,14.016421695459599,0.0,36.0,0.0,0.0,0.0,0.0,0.0,0.0,0.0,0.0,0.0,0.0,0.0
2026-07-10 17:20:48,0.0,0.0,0.0,0.0,0.0,0.0,0.0,0.0,36.8416641448374,37.25214460815354,37.19825572704486,14.0,14.004135147095827,13.99105341057564,0.0,36.0,0.0,0.0,0.0,0.0,0.0,0.0,0.0,0.0,0.0,0.0,0.0
2026-07-10 17:20:49,0.0,0.0,0.0,0.0,0.0,0.0,0.0,0.0,36.96828578097018,36.86379241260302,37.153820491254926,14.0,13.989235334442256,14.038193614962628,0.0,36.0,0.0,0.0,0.0,0.0,0.0,0.0,0.0,0.0,0.0,0.0,0.0
2026-07-10 17:20:49,0.0,0.0,0.0,0.0,0.0,0.0,0.0,0.0,36.68994827081867,36.974830222727604,36.86809253596204,14.0,14.030842590393025,13.96636422469818,0.0,36.0,0.0,0.0,0.0,0.0,0.0,0.0,0.0,0.0,0.0,0.0,0.0
2026-07-10 17:20:50,0.0,0.0,0.0,0.0,0.0,0.0,0.0,0.0,36.955005320244226,36.80120229923215,37.06671310998426,14.0,13.975865864057694,13.982450141460587,0.0,36.0,0.0,0.0,0.0,0.0,0.0,0.0,0.0,0.0,0.0,0.0,0.0
2026-07-10 17:20:50,0.0,0.0,0.0,0.0,0.0,0.0,0.0,0.0,36.77157133289961,37.0944724079894,37.06961997995225,14.0,13.970656316506867,14.008878355217195,0.0,36.0,0.0,0.0,0.0,0.0,0.0,0.0,0.0,0.0,0.0,0.0,0.0
2026-07-10 17:20:51,0.0,0.0,0.0,0.0,0.0,0.0,0.0,0.0,36.745700192635574,37.176926064918305,36.92001492076467,14.0,13.98009035128675,13.953408310029102,0.0,36.0,0.0,0.0,0.0,0.0,0.0,0.0,0.0,0.0,0.0,0.0,0.0
2026-07-10 17:20:51,0.0,0.0,0.0,0.0,0.0,0.0,0.0,0.0,36.91729943528385,37.07345411583728,37.154832853776334,14.0,14.01956753020946,13.997753135512033,0.0,36.0,0.0,0.0,0.0,0.0,0.0,0.0,0.0,0.0,0.0,0.0,0.0
2026-07-10 17:20:52,0.0,0.0,0.0,0.0,0.0,0.0,0.0,0.0,36.78444098151514,36.987634066171246,37.017333573608475,14.0,13.951150561168513,14.023092882898046,0.0,36.0,0.0,0.0,0.0,0.0,0.0,0.0,0.0,0.0,0.0,0.0,0.0
2026-07-10 17:20:52,0.0,0.0,0.0,0.0,0.0,0.0,0.0,0.0,37.06673441370896,37.25617729323195,37.25563459257022,14.0,14.016259625648381,13.992846754349012,0.0,36.0,0.0,0.0,0.0,0.0,0.0,0.0,0.0,0.0,0.0,0.0,0.0
2026-07-10 17:20:53,0.0,0.0,0.0,0.0,0.0,0.0,0.0,0.0,36.78241170734194,36.95711381362431,37.26781607017496,14.0,14.003294711759233,13.989691170758556,0.0,36.0,0.0,0.0,0.0,0.0,0.0,0.0,0.0,0.0,0.0,0.0,0.0
2026-07-10 17:20:53,0.0,0.0,0.0,0.0,0.0,0.0,0.0,0.0,36.56856258118097,37.17423287546604,36.705722706761705,14.0,14.01703162155469,14.013461926218064,0.0,36.0,0.0,0.0,0.0,0.0,0.0,0.0,0.0,0.0,0.0,0.0,0.0
2026-07-10 17:20:54,0.0,0.0,0.0,0.0,0.0,0.0,0.0,0.0,36.542477451240075,36.806911781746685,37.296992428499166,14.0,13.990577262030794,13.999280015176538,0.0,36.0,0.0,0.0,0.0,0.0,0.0,0.0,0.0,0.0,0.0,0.0,0.0
2026-07-10 17:20:54,0.0,0.0,0.0,0.0,0.0,0.0,0.0,0.0,36.76914975600726,36.83678026054445,37.082441801914825,14.0,13.973842190268801,14.008675548723746,0.0,36.0,0.0,0.0,0.0,0.0,0.0,0.0,0.0,0.0,0.0,0.0,0.0
2026-07-10 17:20:55,0.0,0.0,0.0,0.0,0.0,0.0,0.0,0.0,36.92095042580441,37.367545432232376,37.19725501331561,14.0,14.0140266311133,14.037924134867373,0.0,36.0,0.0,0.0,0.0,0.0,0.0,0.0,0.0,0.0,0.0,0.0,0.0
2026-07-10 17:20:55,0.0,0.0,0.0,0.0,0.0,0.0,0.0,0.0,36.97576039674525,37.11855937231067,36.98436369252104,14.0,13.98109628194487,13.950204202211244,0.0,36.0,0.0,0.0,0.0,0.0,0.0,0.0,0.0,0.0,0.0,0.0,0.0
2026-07-10 17:20:56,0.0,0.0,0.0,0.0,0.0,0.0,0.0,0.0,36.92761565358167,37.007533989801836,37.11989600401262,14.0,13.999246119302674,14.028801752727174,0.0,36.0,0.0,0.0,0.0,0.0,0.0,0.0,0.0,0.0,0.0,0.0,0.0
2026-07-10 17:20:56,0.0,0.0,0.0,0.0,0.0,0.0,0.0,0.0,36.69456773951235,37.31245742638016,36.834521381492074,14.0,13.966493392604367,14.004279242836649,0.0,36.0,0.0,0.0,0.0,0.0,0.0,0.0,0.0,0.0,0.0,0.0,0.0
2026-07-10 17:20:57,0.0,0.0,0.0,0.0,0.0,0.0,0.0,0.0,36.524122813932074,37.31519650761718,36.8105421083298,14.0,14.001760819707837,13.954678128559769,0.0,36.0,0.0,0.0,0.0,0.0,0.0,0.0,0.0,0.0,0.0,0.0,0.0
2026-07-10 17:20:57,0.0,0.0,0.0,0.0,0.0,0.0,0.0,0.0,36.90367274346442,37.22228157257512,37.10856436179814,14.0,13.986550604355177,13.991750110241068,0.0,36.0,0.0,0.0,0.0,0.0,0.0,0.0,0.0,0.0,0.0,0.0,0.0
2026-07-10 17:20:58,0.0,0.0,0.0,0.0,0.0,0.0,0.0,0.0,36.87024796893446,37.21055363503651,37.20781955070364,14.0,14.035923174406333,14.0095449904358,0.0,36.0,0.0,0.0,0.0,0.0,0.0,0.0,0.0,0.0,0.0,0.0,0.0
2026-07-10 17:20:58,0.0,0.0,0.0,0.0,0.0,0.0,0.0,0.0,36.57087038469827,37.39208792136879,36.8546902053009,14.0,13.958086716865408,13.964717749718664,0.0,36.0,0.0,0.0,0.0,0.0,0.0,0.0,0.0,0.0,0.0,0.0,0.0
2026-07-10 17:20:59,0.0,0.0,0.0,0.0,0.0,0.0,0.0,0.0,36.8697732612243,37.105009700636174,37.027253707128416,14.0,13.987630273575924,14.048496014804487,0.0,36.0,0.0,0.0,0.0,0.0,0.0,0.0,0.0,0.0,0.0,0.0,0.0
2026-07-10 17:20:59,0.0,0.0,0.0,0.0,0.0,0.0,0.0,0.0,37.035162534340095,37.39941892690727,37.17865041304914,14.0,14.010095719875215,13.987876459218457,0.0,36.0,0.0,0.0,0.0,0.0,0.0,0.0,0.0,0.0,0.0,0.0,0.0
2026-07-10 17:21:00,0.0,0.0,0.0,0.0,0.0,0.0,0.0,0.0,36.717151586745494,37.04290906183417,36.89656468767109,14.0,13.992118963688231,14.020969795801445,0.0,36.0,0.0,0.0,0.0,0.0,0.0,0.0,0.0,0.0,0.0,0.0,0.0
2026-07-10 17:21:00,0.0,0.0,0.0,0.0,0.0,0.0,0.0,0.0,36.52887738786764,37.347176201873914,37.02072008394089,14.0,14.01115908884262,13.96612556653157,0.0,36.0,0.0,0.0,0.0,0.0,0.0,0.0,0.0,0.0,0.0,0.0,0.0
2026-07-10 17:21:01,0.0,0.0,0.0,0.0,0.0,0.0,0.0,0.0,37.01515885275491,37.24432632275934,37.17729152578491,14.0,14.032072764748632,14.024000667713716,0.0,36.0,0.0,0.0,0.0,0.0,0.0,0.0,0.0,0.0,0.0,0.0,0.0
2026-07-10 17:21:01,0.0,0.0,0.0,0.0,0.0,0.0,0.0,0.0,36.88037488463759,37.18942978047711,37.15429321587352,14.0,13.955254254773303,13.979161577955823,0.0,36.0,0.0,0.0,0.0,0.0,0.0,0.0,0.0,0.0,0.0,0.0,0.0
2026-07-10 17:21:02,0.0,0.0,0.0,0.0,0.0,0.0,0.0,0.0,36.86771960445136,37.02509506686564,36.8496603232929,14.0,13.957319327101052,14.033237114720833,0.0,36.0,0.0,0.0,0.0,0.0,0.0,0.0,0.0,0.0,0.0,0.0,0.0
2026-07-10 17:21:02,0.0,0.0,0.0,0.0,0.0,0.0,0.0,0.0,36.73321182219357,37.14244419001352,36.85607582030378,14.0,13.955320357307889,13.960169827436944,0.0,36.0,0.0,0.0,0.0,0.0,0.0,0.0,0.0,0.0,0.0,0.0,0.0
2026-07-10 17:21:03,0.0,0.0,0.0,0.0,0.0,0.0,0.0,0.0,36.66539136897736,37.32972432786347,37.20162085102684,14.0,13.962081567245077,14.045367125634106,0.0,36.0,0.0,0.0,0.0,0.0,0.0,0.0,0.0,0.0,0.0,0.0,0.0
2026-07-10 17:21:03,0.0,0.0,0.0,0.0,0.0,0.0,0.0,0.0,36.70326090583106,37.12876481430595,36.97806250002826,14.0,14.022760262865532,13.98683607274317,0.0,36.0,0.0,0.0,0.0,0.0,0.0,0.0,0.0,0.0,0.0,0.0,0.0
2026-07-10 17:21:04,0.0,0.0,0.0,0.0,0.0,0.0,0.0,0.0,36.907046612879604,37.26711409031972,37.006599330314245,14.0,14.017936317818867,14.020759928048726,0.0,36.0,0.0,0.0,0.0,0.0,0.0,0.0,0.0,0.0,0.0,0.0,0.0
2026-07-10 17:21:04,0.0,0.0,0.0,0.0,0.0,0.0,0.0,0.0,36.53805354887479,37.33013288073616,37.248537211890884,14.0,13.964692653529504,13.973345772543999,0.0,36.0,0.0,0.0,0.0,0.0,0.0,0.0,0.0,0.0,0.0,0.0,0.0
2026-07-10 17:21:05,0.0,0.0,0.0,0.0,0.0,0.0,0.0,0.0,36.875359037687204,37.07083413056054,36.97812495550254,14.0,14.035546968626106,13.952358629067229,0.0,36.0,0.0,0.0,0.0,0.0,0.0,0.0,0.0,0.0,0.0,0.0,0.0
2026-07-10 17:21:05,0.0,0.0,0.0,0.0,0.0,0.0,0.0,0.0,36.93612741512662,37.14222729282998,37.27124598871261,14.0,14.029769566589342,13.963782574609475,0.0,36.0,0.0,0.0,0.0,0.0,0.0,0.0,0.0,0.0,0.0,0.0,0.0
2026-07-10 17:21:06,0.0,0.0,0.0,0.0,0.0,0.0,0.0,0.0,36.581158232799105,36.81127118297391,37.09993718699697,14.0,14.004557094165374,14.043638684358301,0.0,36.0,0.0,0.0,0.0,0.0,0.0,0.0,0.0,0.0,0.0,0.0,0.0
2026-07-10 17:21:06,0.0,0.0,0.0,0.0,0.0,0.0,0.0,0.0,36.582884443397816,37.207413562850775,36.85293429338689,14.0,13.969337498988944,14.018273623482486,0.0,36.0,0.0,0.0,0.0,0.0,0.0,0.0,0.0,0.0,0.0,0.0,0.0
2026-07-10 17:21:07,0.0,0.0,0.0,0.0,0.0,0.0,0.0,0.0,36.52798267709555,36.93692592110004,36.9753605954292,14.0,14.0001207683476,14.013214156878504,0.0,36.0,0.0,0.0,0.0,0.0,0.0,0.0,0.0,0.0,0.0,0.0,0.0
2026-07-10 17:21:07,0.0,0.0,0.0,0.0,0.0,0.0,0.0,0.0,36.77148413164592,37.10988276995242,36.79237328946893,14.0,14.019942923230307,13.979554426079941,0.0,36.0,0.0,0.0,0.0,0.0,0.0,0.0,0.0,0.0,0.0,0.0,0.0
2026-07-10 17:21:08,0.0,0.0,0.0,0.0,0.0,0.0,0.0,0.0,36.920714277489225,36.827662036382215,37.20588477674846,14.0,14.03506217909942,13.980419421305111,0.0,36.0,0.0,0.0,0.0,0.0,0.0,0.0,0.0,0.0,0.0,0.0,0.0
2026-07-10 17:21:08,0.0,0.0,0.0,0.0,0.0,0.0,0.0,0.0,36.826520029658944,37.11899378170454,37.11151471520147,14.0,14.014183796735939,14.014478160132303,0.0,36.0,0.0,0.0,0.0,0.0,0.0,0.0,0.0,0.0,0.0,0.0,0.0
2026-07-10 17:21:09,0.0,0.0,0.0,0.0,0.0,0.0,0.0,0.0,36.51485719200655,36.81224606286482,37.281231855433155,14.0,14.048607934685323,14.01835466066566,0.0,36.0,0.0,0.0,0.0,0.0,0.0,0.0,0.0,0.0,0.0,0.0,0.0
2026-07-10 17:21:09,0.0,0.0,0.0,0.0,0.0,0.0,0.0,0.0,36.95107567547453,37.361160178164575,37.09819252137533,14.0,13.995301604426462,13.973347258223976,0.0,36.0,0.0,0.0,0.0,0.0,0.0,0.0,0.0,0.0,0.0,0.0,0.0
2026-07-10 17:21:10,0.0,0.0,0.0,0.0,0.0,0.0,0.0,0.0,36.89898445875319,37.12537861188016,36.83844973210717,14.0,13.988954743038201,14.026474693261795,0.0,36.0,0.0,0.0,0.0,0.0,0.0,0.0,0.0,0.0,0.0,0.0,0.0
2026-07-10 17:21:10,0.0,0.0,0.0,0.0,0.0,0.0,0.0,0.0,36.904291130171686,37.39057530560089,37.03672654505801,14.0,14.027455691122944,14.003222947324645,0.0,36.0,0.0,0.0,0.0,0.0,0.0,0.0,0.0,0.0,0.0,0.0,0.0
2026-07-10 17:21:11,0.0,0.0,0.0,0.0,0.0,0.0,0.0,0.0,36.83210456356329,36.93543602243256,37.005306943801884,14.0,13.985102479039671,14.023245941001143,0.0,36.0,0.0,0.0,0.0,0.0,0.0,0.0,0.0,0.0,0.0,0.0,0.0
2026-07-10 17:21:11,0.0,0.0,0.0,0.0,0.0,0.0,0.0,0.0,36.80681293670542,37.00315979814141,37.00368591090243,14.0,13.957853482084921,14.039885036786938,0.0,36.0,0.0,0.0,0.0,0.0,0.0,0.0,0.0,0.0,0.0,0.0,0.0
2026-07-10 17:21:12,0.0,0.0,0.0,0.0,0.0,0.0,0.0,0.0,36.99113687197644,36.85358905542791,36.89283936680386,14.0,14.023854189827846,14.021654155960748,0.0,36.0,0.0,0.0,0.0,0.0,0.0,0.0,0.0,0.0,0.0,0.0,0.0
2026-07-10 17:21:12,0.0,0.0,0.0,0.0,0.0,0.0,0.0,0.0,36.69003815458385,37.23244410372726,36.750735835553506,14.0,13.952840591553299,14.002985862506208,0.0,36.0,0.0,0.0,0.0,0.0,0.0,0.0,0.0,0.0,0.0,0.0,0.0
2026-07-10 17:21:13,0.0,0.0,0.0,0.0,0.0,0.0,0.0,0.0,36.601350491270075,36.81530349786461,37.15461804015132,14.0,13.970808259793658,13.982528318454417,0.0,36.0,0.0,0.0,0.0,0.0,0.0,0.0,0.0,0.0,0.0,0.0,0.0
2026-07-10 17:21:13,0.0,0.0,0.0,0.0,0.0,0.0,0.0,0.0,36.57159380110207,37.30195529780635,37.155225450195715,14.0,14.032463440185383,13.983375050587437,0.0,36.0,0.0,0.0,0.0,0.0,0.0,0.0,0.0,0.0,0.0,0.0,0.0
2026-07-10 17:21:14,0.0,0.0,0.0,0.0,0.0,0.0,0.0,0.0,36.8036557829471,37.16489533841686,37.15676945453995,14.0,14.04572091635785,14.01640621545307,0.0,36.0,0.0,0.0,0.0,0.0,0.0,0.0,0.0,0.0,0.0,0.0,0.0
2026-07-10 17:21:14,0.0,0.0,0.0,0.0,0.0,0.0,0.0,0.0,36.54647835245216,37.04216777159838,36.97960244302878,14.0,14.004436285401724,13.961979672986295,0.0,36.0,0.0,0.0,0.0,0.0,0.0,0.0,0.0,0.0,0.0,0.0,0.0
2026-07-10 17:21:15,0.0,0.0,0.0,0.0,0.0,0.0,0.0,0.0,36.51741730940017,36.867107610949915,36.86687800955254,14.0,13.979161727460617,13.97477342157849,0.0,36.0,0.0,0.0,0.0,0.0,0.0,0.0,0.0,0.0,0.0,0.0,0.0
2026-07-10 17:21:15,0.0,0.0,0.0,0.0,0.0,0.0,0.0,0.0,36.83547747100619,37.103024069087496,36.94845452772357,14.0,14.001968372083436,14.011570837544422,0.0,36.0,0.0,0.0,0.0,0.0,0.0,0.0,0.0,0.0,0.0,0.0,0.0
2026-07-10 17:21:16,0.0,0.0,0.0,0.0,0.0,0.0,0.0,0.0,36.8216461659004,37.28388026411188,37.17793469004904,14.0,13.973136454978112,14.039008450635619,0.0,36.0,0.0,0.0,0.0,0.0,0.0,0.0,0.0,0.0,0.0,0.0,0.0
2026-07-10 17:21:16,0.0,0.0,0.0,0.0,0.0,0.0,0.0,0.0,37.04738567168092,36.87045121381035,37.131098653144335,14.0,13.96827762611254,13.962711060172161,0.0,36.0,0.0,0.0,0.0,0.0,0.0,0.0,0.0,0.0,0.0,0.0,0.0
2026-07-10 17:21:17,0.0,0.0,0.0,0.0,0.0,0.0,0.0,0.0,36.53044437037436,36.954041340808296,37.02573978396448,14.0,13.971388021389027,14.008648772053906,0.0,36.0,0.0,0.0,0.0,0.0,0.0,0.0,0.0,0.0,0.0,0.0,0.0
2026-07-10 17:21:17,0.0,0.0,0.0,0.0,0.0,0.0,0.0,0.0,37.074554062471,37.09487619825728,36.97730463264297,14.0,14.037978981142693,13.995450396345278,0.0,36.0,0.0,0.0,0.0,0.0,0.0,0.0,0.0,0.0,0.0,0.0,0.0
2026-07-10 17:21:18,0.0,0.0,0.0,0.0,0.0,0.0,0.0,0.0,37.04635438619309,36.96435780024495,37.06582003820062,14.0,13.994671974037422,13.952863114644039,0.0,36.0,0.0,0.0,0.0,0.0,0.0,0.0,0.0,0.0,0.0,0.0,0.0
2026-07-10 17:21:18,0.0,0.0,0.0,0.0,0.0,0.0,0.0,0.0,36.543974262033856,36.83452689901316,36.8455255329194,14.0,14.00397435485982,14.021328371997148,0.0,36.0,0.0,0.0,0.0,0.0,0.0,0.0,0.0,0.0,0.0,0.0,0.0
2026-07-10 17:21:19,0.0,0.0,0.0,0.0,0.0,0.0,0.0,0.0,36.58394171757023,37.19416310056123,36.83437341494447,14.0,13.99351570285483,14.016441690319908,0.0,36.0,0.0,0.0,0.0,0.0,0.0,0.0,0.0,0.0,0.0,0.0,0.0
2026-07-10 17:21:19,0.0,0.0,0.0,0.0,0.0,0.0,0.0,0.0,36.83320562245693,37.30119676723852,36.83384646169753,14.0,14.017840299661842,14.021137296924046,0.0,36.0,0.0,0.0,0.0,0.0,0.0,0.0,0.0,0.0,0.0,0.0,0.0
2026-07-10 17:21:20,0.0,0.0,0.0,0.0,0.0,0.0,0.0,0.0,36.83944979098472,37.18547204771053,36.8016989669084,14.0,14.008169500348124,14.047875119891083,0.0,36.0,0.0,0.0,0.0,0.0,0.0,0.0,0.0,0.0,0.0,0.0,0.0
2026-07-10 17:21:20,0.0,0.0,0.0,0.0,0.0,0.0,0.0,0.0,36.90982062697701,36.88281339062005,37.038910232947295,14.0,14.02096907177411,13.999300830673581,0.0,36.0,0.0,0.0,0.0,0.0,0.0,0.0,0.0,0.0,0.0,0.0,0.0
2026-07-10 17:21:21,0.0,0.0,0.0,0.0,0.0,0.0,0.0,0.0,36.86914884947523,37.25749233988383,36.839870541939256,14.0,14.018500507068016,13.954444390659022,0.0,36.0,0.0,0.0,0.0,0.0,0.0,0.0,0.0,0.0,0.0,0.0,0.0
2026-07-10 17:21:21,0.0,0.0,0.0,0.0,0.0,0.0,0.0,0.0,36.60341840070284,37.00896501797658,36.94264067243286,14.0,14.011694017364784,13.973155739222298,0.0,36.0,0.0,0.0,0.0,0.0,0.0,0.0,0.0,0.0,0.0,0.0,0.0
2026-07-10 17:21:22,0.0,0.0,0.0,0.0,0.0,0.0,0.0,0.0,36.60133312369254,37.34583026867836,37.252257631129496,14.0,14.046502470732586,13.952395888543508,0.0,36.0,0.0,0.0,0.0,0.0,0.0,0.0,0.0,0.0,0.0,0.0,0.0
2026-07-10 17:21:22,0.0,0.0,0.0,0.0,0.0,0.0,0.0,0.0,36.77710911927065,37.18950666296293,37.099563517476675,14.0,14.047110452174302,13.950577386096707,0.0,36.0,0.0,0.0,0.0,0.0,0.0,0.0,0.0,0.0,0.0,0.0,0.0
2026-07-10 17:21:23,0.0,0.0,0.0,0.0,0.0,0.0,0.0,0.0,36.694055394614615,37.18782950109111,36.96770037915289,14.0,13.9806426380794,13.98604192002792,0.0,36.0,0.0,0.0,0.0,0.0,0.0,0.0,0.0,0.0,0.0,0.0,0.0
2026-07-10 17:21:23,0.0,0.0,0.0,0.0,0.0,0.0,0.0,0.0,36.54828816698127,36.94755255959985,36.81896215463929,14.0,13.968665822711495,13.982042899686402,0.0,36.0,0.0,0.0,0.0,0.0,0.0,0.0,0.0,0.0,0.0,0.0,0.0
2026-07-10 17:21:24,0.0,0.0,0.0,0.0,0.0,0.0,0.0,0.0,36.76874703099299,37.288326089739584,36.782236071657366,14.0,14.028419649670518,14.03227100742401,0.0,36.0,0.0,0.0,0.0,0.0,0.0,0.0,0.0,0.0,0.0,0.0,0.0
2026-07-10 17:21:24,0.0,0.0,0.0,0.0,0.0,0.0,0.0,0.0,36.60956451966,37.251665652271484,36.71791886678025,14.0,13.966723170887965,14.048103460739465,0.0,36.0,0.0,0.0,0.0,0.0,0.0,0.0,0.0,0.0,0.0,0.0,0.0
2026-07-10 17:21:25,0.0,0.0,0.0,0.0,0.0,0.0,0.0,0.0,36.93001014774676,37.184304947463815,37.18662793019161,14.0,13.95157909714888,13.966090778118957,0.0,36.0,0.0,0.0,0.0,0.0,0.0,0.0,0.0,0.0,0.0,0.0,0.0
2026-07-10 17:21:25,0.0,0.0,0.0,0.0,0.0,0.0,0.0,0.0,36.72643160059705,36.85130708073019,37.114150571976054,14.0,13.990258422821617,13.98506568672677,0.0,36.0,0.0,0.0,0.0,0.0,0.0,0.0,0.0,0.0,0.0,0.0,0.0
2026-07-10 17:21:26,0.0,0.0,0.0,0.0,0.0,0.0,0.0,0.0,37.05477978217061,36.8744269197186,36.74588976138568,14.0,14.020939823814906,14.017880040867045,0.0,36.0,0.0,0.0,0.0,0.0,0.0,0.0,0.0,0.0,0.0,0.0,0.0
2026-07-10 17:21:26,0.0,0.0,0.0,0.0,0.0,0.0,0.0,0.0,36.85785776174783,36.813004690015156,37.22884425632982,14.0,13.95341315943937,14.000572739029332,0.0,36.0,0.0,0.0,0.0,0.0,0.0,0.0,0.0,0.0,0.0,0.0,0.0
2026-07-10 17:21:27,0.0,0.0,0.0,0.0,0.0,0.0,0.0,0.0,36.846766743768285,37.26055945150146,37.01867798800959,14.0,14.041691901570514,14.041285795466672,0.0,36.0,0.0,0.0,0.0,0.0,0.0,0.0,0.0,0.0,0.0,0.0,0.0
2026-07-10 17:21:27,0.0,0.0,0.0,0.0,0.0,0.0,0.0,0.0,36.610176383248344,37.15842370109248,36.78570077593713,14.0,13.951227916765257,14.005769698485866,0.0,36.0,0.0,0.0,0.0,0.0,0.0,0.0,0.0,0.0,0.0,0.0,0.0
2026-07-10 17:21:28,0.0,0.0,0.0,0.0,0.0,0.0,0.0,0.0,36.863317135090035,36.826792254652254,37.18097972376162,14.0,14.008232194496284,13.955187341040961,0.0,36.0,0.0,0.0,0.0,0.0,0.0,0.0,0.0,0.0,0.0,0.0,0.0
2026-07-10 17:21:28,0.0,0.0,0.0,0.0,0.0,0.0,0.0,0.0,36.68717881778153,37.26760972111659,36.93605421958751,14.0,13.95844799961222,13.967464393027592,0.0,36.0,0.0,0.0,0.0,0.0,0.0,0.0,0.0,0.0,0.0,0.0,0.0
2026-07-10 17:21:29,0.0,0.0,0.0,0.0,0.0,0.0,0.0,0.0,36.760913237648076,37.13883488300518,37.14665775847261,14.0,14.036584540529901,13.97860700416661,0.0,36.0,0.0,0.0,0.0,0.0,0.0,0.0,0.0,0.0,0.0,0.0,0.0
2026-07-10 17:21:29,0.0,0.0,0.0,0.0,0.0,0.0,0.0,0.0,36.76017883314563,37.23285279567419,36.84349440721072,14.0,13.986378027050412,13.971108240025535,0.0,36.0,0.0,0.0,0.0,0.0,0.0,0.0,0.0,0.0,0.0,0.0,0.0
2026-07-10 17:21:30,0.0,0.0,0.0,0.0,0.0,0.0,0.0,0.0,36.84057607354644,37.155999921833406,37.07690384890097,14.0,14.001928052104388,14.049844600948987,0.0,36.0,0.0,0.0,0.0,0.0,0.0,0.0,0.0,0.0,0.0,0.0,0.0
2026-07-10 17:21:30,0.0,0.0,0.0,0.0,0.0,0.0,0.0,0.0,36.5685457347869,37.11191191962421,36.77663548054543,14.0,13.990723271966965,13.974129150708963,0.0,36.0,0.0,0.0,0.0,0.0,0.0,0.0,0.0,0.0,0.0,0.0,0.0
2026-07-10 17:21:31,0.0,0.0,0.0,0.0,0.0,0.0,0.0,0.0,37.06530952452646,36.98643826881846,36.88823976199216,14.0,14.013610971121855,14.035719676931445,0.0,36.0,0.0,0.0,0.0,0.0,0.0,0.0,0.0,0.0,0.0,0.0,0.0
2026-07-10 17:21:31,0.0,0.0,0.0,0.0,0.0,0.0,0.0,0.0,36.666137517692356,37.27458426459414,36.73484590275988,14.0,13.950219242055747,14.006647519063057,0.0,36.0,0.0,0.0,0.0,0.0,0.0,0.0,0.0,0.0,0.0,0.0,0.0
2026-07-10 17:21:32,0.0,0.0,0.0,0.0,0.0,0.0,0.0,0.0,37.02238509274757,36.87847038044325,37.06597002673601,14.0,13.969804166912168,14.023651794435164,0.0,36.0,0.0,0.0,0.0,0.0,0.0,0.0,0.0,0.0,0.0,0.0,0.0
2026-07-10 17:21:32,0.0,0.0,0.0,0.0,0.0,0.0,0.0,0.0,37.08143736399677,37.0859637396423,37.172326684801234,14.0,13.98907305768491,14.010922376372061,0.0,36.0,0.0,0.0,0.0,0.0,0.0,0.0,0.0,0.0,0.0,0.0,0.0
2026-07-10 17:21:33,0.0,0.0,0.0,0.0,0.0,0.0,0.0,0.0,36.81214201415603,36.856651694362974,37.16925667280056,14.0,14.041783116588302,13.968846838226845,0.0,36.0,0.0,0.0,0.0,0.0,0.0,0.0,0.0,0.0,0.0,0.0,0.0
2026-07-10 17:21:33,0.0,0.0,0.0,0.0,0.0,0.0,0.0,0.0,37.074228249790174,37.37000440301633,36.76844087250265,14.0,14.021177245742228,13.951499383556598,0.0,36.0,0.0,0.0,0.0,0.0,0.0,0.0,0.0,0.0,0.0,0.0,0.0
2026-07-10 17:21:34,0.0,0.0,0.0,0.0,0.0,0.0,0.0,0.0,36.623443816436684,37.246617990232046,37.20282204234138,14.0,13.97563226360172,14.015444802066726,0.0,36.0,0.0,0.0,0.0,0.0,0.0,0.0,0.0,0.0,0.0,0.0,0.0
2026-07-10 17:21:34,0.0,0.0,0.0,0.0,0.0,0.0,0.0,0.0,36.819299169102116,37.00530676851217,36.975685682855406,14.0,14.042531775835908,14.033241002616062,0.0,36.0,0.0,0.0,0.0,0.0,0.0,0.0,0.0,0.0,0.0,0.0,0.0
2026-07-10 17:21:35,0.0,0.0,0.0,0.0,0.0,0.0,0.0,0.0,36.82589785851433,37.27321300049795,37.188033314321444,14.0,14.031710193065738,13.989203765891201,0.0,36.0,0.0,0.0,0.0,0.0,0.0,0.0,0.0,0.0,0.0,0.0,0.0
2026-07-10 17:21:35,0.0,0.0,0.0,0.0,0.0,0.0,0.0,0.0,36.84596179320173,37.32239457938361,36.88163717757221,14.0,13.997806802126979,14.004548916472736,0.0,36.0,0.0,0.0,0.0,0.0,0.0,0.0,0.0,0.0,0.0,0.0,0.0
2026-07-10 17:21:36,0.0,0.0,0.0,0.0,0.0,0.0,0.0,0.0,36.9098430690246,36.96586154858833,36.781054211961745,14.0,14.02273269224039,13.99239916886119,0.0,36.0,0.0,0.0,0.0,0.0,0.0,0.0,0.0,0.0,0.0,0.0,0.0
2026-07-10 17:21:36,0.0,0.0,0.0,0.0,0.0,0.0,0.0,0.0,36.6763262425887,37.345829090564855,37.20598114343411,14.0,14.049931413370643,14.010445161934257,0.0,36.0,0.0,0.0,0.0,0.0,0.0,0.0,0.0,0.0,0.0,0.0,0.0
2026-07-10 17:21:37,0.0,0.0,0.0,0.0,0.0,0.0,0.0,0.0,36.65762624437687,36.86903804116217,37.26515505298502,14.0,14.030073589469097,13.985702326441139,0.0,36.0,0.0,0.0,0.0,0.0,0.0,0.0,0.0,0.0,0.0,0.0,0.0
2026-07-10 17:21:37,0.0,0.0,0.0,0.0,0.0,0.0,0.0,0.0,36.64756274945083,36.93432626209459,36.83485656430802,14.0,13.969871131553703,14.00530537706597,0.0,36.0,0.0,0.0,0.0,0.0,0.0,0.0,0.0,0.0,0.0,0.0,0.0
2026-07-10 17:21:38,0.0,0.0,0.0,0.0,0.0,0.0,0.0,0.0,36.751638977274744,37.26515791790422,36.89360779431,14.0,13.981214164834503,14.039681680650391,0.0,36.0,0.0,0.0,0.0,0.0,0.0,0.0,0.0,0.0,0.0,0.0,0.0
2026-07-10 17:21:38,0.0,0.0,0.0,0.0,0.0,0.0,0.0,0.0,36.80470773628727,36.90514478097205,37.04575192004878,14.0,14.027610002716763,14.033430315755528,0.0,36.0,0.0,0.0,0.0,0.0,0.0,0.0,0.0,0.0,0.0,0.0,0.0
2026-07-10 17:21:39,0.0,0.0,0.0,0.0,0.0,0.0,0.0,0.0,36.791005830895024,37.284882655962406,37.09945195162511,14.0,14.031307286712929,14.020934188485262,0.0,36.0,0.0,0.0,0.0,0.0,0.0,0.0,0.0,0.0,0.0,0.0,0.0
2026-07-10 17:21:39,0.0,0.0,0.0,0.0,0.0,0.0,0.0,0.0,36.581235705928385,37.128660815173355,37.229562173640566,14.0,13.967283727769992,13.973446354791381,0.0,36.0,0.0,0.0,0.0,0.0,0.0,0.0,0.0,0.0,0.0,0.0,0.0
2026-07-10 17:21:40,0.0,0.0,0.0,0.0,0.0,0.0,0.0,0.0,36.74042139952919,37.36734888394465,36.904902797032136,14.0,13.995756455731115,13.957007217309332,0.0,36.0,0.0,0.0,0.0,0.0,0.0,0.0,0.0,0.0,0.0,0.0,0.0
2026-07-10 17:21:40,0.0,0.0,0.0,0.0,0.0,0.0,0.0,0.0,36.529643758705966,37.28033037200123,36.82722189708761,14.0,13.964767320715398,13.98963326081677,0.0,36.0,0.0,0.0,0.0,0.0,0.0,0.0,0.0,0.0,0.0,0.0,0.0
2026-07-10 17:21:41,0.0,0.0,0.0,0.0,0.0,0.0,0.0,0.0,36.789347611218396,36.829817718882474,36.819235404772726,14.0,13.967645581103108,13.99697471063359,0.0,36.0,0.0,0.0,0.0,0.0,0.0,0.0,0.0,0.0,0.0,0.0,0.0
2026-07-10 17:21:41,0.0,0.0,0.0,0.0,0.0,0.0,0.0,0.0,37.08462073758102,37.17639493246653,37.265756041502485,14.0,14.000457054649818,14.035458890196878,0.0,36.0,0.0,0.0,0.0,0.0,0.0,0.0,0.0,0.0,0.0,0.0,0.0
2026-07-10 17:21:42,0.0,0.0,0.0,0.0,0.0,0.0,0.0,0.0,37.090330951582736,37.3989238319832,37.12004091940935,14.0,13.978819676229435,14.017112996581794,0.0,36.0,0.0,0.0,0.0,0.0,0.0,0.0,0.0,0.0,0.0,0.0,0.0
2026-07-10 17:21:42,0.0,0.0,0.0,0.0,0.0,0.0,0.0,0.0,36.5899712753999,37.0997424927095,37.18439359786443,14.0,14.016456983848638,14.02558872348988,0.0,36.0,0.0,0.0,0.0,0.0,0.0,0.0,0.0,0.0,0.0,0.0,0.0
2026-07-10 17:21:43,0.0,0.0,0.0,0.0,0.0,0.0,0.0,0.0,36.54350812215717,36.97438142673637,36.739603548780806,14.0,14.007565866226996,14.010098762133516,0.0,36.0,0.0,0.0,0.0,0.0,0.0,0.0,0.0,0.0,0.0,0.0,0.0
2026-07-10 17:21:43,0.0,0.0,0.0,0.0,0.0,0.0,0.0,0.0,36.70677828724958,37.361275941801416,37.102967511214956,14.0,14.022548509840787,13.999570320819181,0.0,36.0,0.0,0.0,0.0,0.0,0.0,0.0,0.0,0.0,0.0,0.0,0.0
2026-07-10 17:21:44,0.0,0.0,0.0,0.0,0.0,0.0,0.0,0.0,36.63148394810312,37.026176032385706,37.215795346290165,14.0,13.963164332377053,14.024543956295819,0.0,36.0,0.0,0.0,0.0,0.0,0.0,0.0,0.0,0.0,0.0,0.0,0.0
2026-07-10 17:21:44,0.0,0.0,0.0,0.0,0.0,0.0,0.0,0.0,37.069918511218724,37.20820086761498,37.19557058934507,14.0,14.000454238111168,14.029268412237606,0.0,36.0,0.0,0.0,0.0,0.0,0.0,0.0,0.0,0.0,0.0,0.0,0.0
2026-07-10 17:21:45,0.0,0.0,0.0,0.0,0.0,0.0,0.0,0.0,36.51254039000823,37.233507345684686,37.100112113104366,14.0,13.992370989751922,14.000197694439533,0.0,36.0,0.0,0.0,0.0,0.0,0.0,0.0,0.0,0.0,0.0,0.0,0.0
2026-07-10 17:21:45,0.0,0.0,0.0,0.0,0.0,0.0,0.0,0.0,36.692518339506755,37.00573836480445,36.83231201128929,14.0,14.039902566158473,13.951993928602285,0.0,36.0,0.0,0.0,0.0,0.0,0.0,0.0,0.0,0.0,0.0,0.0,0.0
2026-07-10 17:21:46,0.0,0.0,0.0,0.0,0.0,0.0,0.0,0.0,36.513476872021826,37.32612772002397,37.07446251489154,14.0,14.042376970661516,14.000207667750377,0.0,36.0,0.0,0.0,0.0,0.0,0.0,0.0,0.0,0.0,0.0,0.0,0.0
2026-07-10 17:21:46,0.0,0.0,0.0,0.0,0.0,0.0,0.0,0.0,36.90199916763888,36.96852591492269,37.0932331175973,14.0,14.024512343344126,13.999519967432983,0.0,36.0,0.0,0.0,0.0,0.0,0.0,0.0,0.0,0.0,0.0,0.0,0.0
2026-07-10 17:21:47,0.0,0.0,0.0,0.0,0.0,0.0,0.0,0.0,36.87042026407595,37.38360789548292,37.29178184677047,14.0,13.981363226884682,13.995521098160781,0.0,36.0,0.0,0.0,0.0,0.0,0.0,0.0,0.0,0.0,0.0,0.0,0.0
2026-07-10 17:21:47,0.0,0.0,0.0,0.0,0.0,0.0,0.0,0.0,36.98826157537939,37.09758991307713,36.912807156416626,14.0,14.000422071277905,14.002226872465254,0.0,36.0,0.0,0.0,0.0,0.0,0.0,0.0,0.0,0.0,0.0,0.0,0.0
2026-07-10 17:21:48,0.0,0.0,0.0,0.0,0.0,0.0,0.0,0.0,36.52735284250225,37.11571853690639,36.9589996305715,14.0,13.95101179941524,13.96067055080333,0.0,36.0,0.0,0.0,0.0,0.0,0.0,0.0,0.0,0.0,0.0,0.0,0.0
2026-07-10 17:21:48,0.0,0.0,0.0,0.0,0.0,0.0,0.0,0.0,36.96604802424838,37.306326114292055,37.17256349145113,14.0,13.985340577826502,14.031409128410925,0.0,36.0,0.0,0.0,0.0,0.0,0.0,0.0,0.0,0.0,0.0,0.0,0.0
2026-07-10 17:21:49,0.0,0.0,0.0,0.0,0.0,0.0,0.0,0.0,36.720707072549125,37.15278898364583,36.82886665223575,14.0,13.998594219879186,14.039211905755266,0.0,36.0,0.0,0.0,0.0,0.0,0.0,0.0,0.0,0.0,0.0,0.0,0.0
2026-07-10 17:21:49,0.0,0.0,0.0,0.0,0.0,0.0,0.0,0.0,36.86196228046348,36.835566338227785,37.258266979580576,14.0,13.962131218193962,13.975487687071665,0.0,36.0,0.0,0.0,0.0,0.0,0.0,0.0,0.0,0.0,0.0,0.0,0.0
2026-07-10 17:21:50,0.0,0.0,0.0,0.0,0.0,0.0,0.0,0.0,36.58611841624346,37.37485528318859,37.25220188415284,14.0,14.010851056009349,13.983433506900791,0.0,36.0,0.0,0.0,0.0,0.0,0.0,0.0,0.0,0.0,0.0,0.0,0.0
2026-07-10 17:21:50,0.0,0.0,0.0,0.0,0.0,0.0,0.0,0.0,36.899834649987625,36.81502949135839,37.059704078695795,14.0,13.996143101210244,13.95265443620145,0.0,36.0,0.0,0.0,0.0,0.0,0.0,0.0,0.0,0.0,0.0,0.0,0.0
2026-07-10 17:21:51,0.0,0.0,0.0,0.0,0.0,0.0,0.0,0.0,36.77317909679806,37.08261126055873,37.27558063498958,14.0,14.008528571036887,13.980248789505984,0.0,36.0,0.0,0.0,0.0,0.0,0.0,0.0,0.0,0.0,0.0,0.0,0.0
2026-07-10 17:21:51,0.0,0.0,0.0,0.0,0.0,0.0,0.0,0.0,37.07585406618488,37.33605563755808,37.00367737750195,14.0,14.027259154249531,14.04611074608715,0.0,36.0,0.0,0.0,0.0,0.0,0.0,0.0,0.0,0.0,0.0,0.0,0.0
2026-07-10 17:21:52,0.0,0.0,0.0,0.0,0.0,0.0,0.0,0.0,36.72531397307477,36.953989227917084,37.09306057043015,14.0,14.016008468084053,14.03132263317407,0.0,36.0,0.0,0.0,0.0,0.0,0.0,0.0,0.0,0.0,0.0,0.0,0.0
2026-07-10 17:21:52,0.0,0.0,0.0,0.0,0.0,0.0,0.0,0.0,36.9085108034392,37.110442384134195,36.94642301105733,14.0,13.968380210895235,13.996551002208301,0.0,36.0,0.0,0.0,0.0,0.0,0.0,0.0,0.0,0.0,0.0,0.0,0.0
2026-07-10 17:21:53,0.0,0.0,0.0,0.0,0.0,0.0,0.0,0.0,36.75143555004001,37.19331998074645,37.006256769904304,14.0,14.007667674772565,13.990583434401014,0.0,36.0,0.0,0.0,0.0,0.0,0.0,0.0,0.0,0.0,0.0,0.0,0.0
2026-07-10 17:21:53,0.0,0.0,0.0,0.0,0.0,0.0,0.0,0.0,36.69405081020536,37.153567970672974,36.746353973733534,14.0,13.951834534246192,13.950678040870264,0.0,36.0,0.0,0.0,0.0,0.0,0.0,0.0,0.0,0.0,0.0,0.0,0.0
2026-07-10 17:21:54,0.0,0.0,0.0,0.0,0.0,0.0,0.0,0.0,36.86925675830797,37.30581621834346,36.732858615463314,14.0,14.021915021516309,14.043338755398642,0.0,36.0,0.0,0.0,0.0,0.0,0.0,0.0,0.0,0.0,0.0,0.0,0.0
2026-07-10 17:21:54,0.0,0.0,0.0,0.0,0.0,0.0,0.0,0.0,36.63515422174665,36.85296120318603,36.894388574910494,14.0,14.012142737449674,13.987644421436546,0.0,36.0,0.0,0.0,0.0,0.0,0.0,0.0,0.0,0.0,0.0,0.0,0.0
2026-07-10 17:21:55,0.0,0.0,0.0,0.0,0.0,0.0,0.0,0.0,36.722059849429634,36.992355240579215,37.21113710901595,14.0,14.039383360481809,13.970215885599705,0.0,36.0,0.0,0.0,0.0,0.0,0.0,0.0,0.0,0.0,0.0,0.0,0.0
2026-07-10 17:21:55,0.0,0.0,0.0,0.0,0.0,0.0,0.0,0.0,36.96969074831389,37.15466939527104,36.71781408019828,14.0,14.019984861502696,13.979152268811305,0.0,36.0,0.0,0.0,0.0,0.0,0.0,0.0,0.0,0.0,0.0,0.0,0.0
2026-07-10 17:21:56,0.0,0.0,0.0,0.0,0.0,0.0,0.0,0.0,37.029420143239534,37.102641041318826,37.03554626059077,14.0,13.999378475702315,13.965217920017087,0.0,36.0,0.0,0.0,0.0,0.0,0.0,0.0,0.0,0.0,0.0,0.0,0.0
2026-07-10 17:21:56,0.0,0.0,0.0,0.0,0.0,0.0,0.0,0.0,36.53298260204964,37.132699354078134,36.75623075849973,14.0,13.972081804328575,13.9684576406416,0.0,36.0,0.0,0.0,0.0,0.0,0.0,0.0,0.0,0.0,0.0,0.0,0.0
2026-07-10 17:21:57,0.0,0.0,0.0,0.0,0.0,0.0,0.0,0.0,36.635131524927274,36.93000537328424,37.063027610078585,14.0,13.998474250734622,13.99875467969123,0.0,36.0,0.0,0.0,0.0,0.0,0.0,0.0,0.0,0.0,0.0,0.0,0.0
2026-07-10 17:21:57,0.0,0.0,0.0,0.0,0.0,0.0,0.0,0.0,36.5859102916097,36.919669930784366,37.09426455788033,14.0,13.987222818959257,13.994385603457026,0.0,36.0,0.0,0.0,0.0,0.0,0.0,0.0,0.0,0.0,0.0,0.0,0.0
2026-07-10 17:21:58,0.0,0.0,0.0,0.0,0.0,0.0,0.0,0.0,36.98150853063404,37.3866731969203,37.19252734402715,14.0,14.017375314754709,14.041155661617552,0.0,36.0,0.0,0.0,0.0,0.0,0.0,0.0,0.0,0.0,0.0,0.0,0.0
2026-07-10 17:21:58,0.0,0.0,0.0,0.0,0.0,0.0,0.0,0.0,36.514572694464796,37.294126412895785,37.26636868566758,14.0,13.982168664701808,14.048125929392663,0.0,36.0,0.0,0.0,0.0,0.0,0.0,0.0,0.0,0.0,0.0,0.0,0.0
2026-07-10 17:21:59,0.0,0.0,0.0,0.0,0.0,0.0,0.0,0.0,37.02849262842034,37.31388323684488,36.97390782400644,14.0,14.006579289712297,13.95927887529993,0.0,36.0,0.0,0.0,0.0,0.0,0.0,0.0,0.0,0.0,0.0,0.0,0.0
2026-07-10 17:21:59,0.0,0.0,0.0,0.0,0.0,0.0,0.0,0.0,36.656556942988736,37.29372330326581,36.91317580185872,14.0,13.995607658276123,13.951586082646527,0.0,36.0,0.0,0.0,0.0,0.0,0.0,0.0,0.0,0.0,0.0,0.0,0.0
2026-07-10 17:22:00,0.0,0.0,0.0,0.0,0.0,0.0,0.0,0.0,36.94502892565245,36.95785672174811,36.97998596758663,14.0,13.971722775864242,13.992031210932742,0.0,36.0,0.0,0.0,0.0,0.0,0.0,0.0,0.0,0.0,0.0,0.0,0.0
2026-07-10 17:22:00,0.0,0.0,0.0,0.0,0.0,0.0,0.0,0.0,37.038118468012215,37.24970669319744,37.151215183367455,14.0,13.97827204139756,13.969028638487409,0.0,36.0,0.0,0.0,0.0,0.0,0.0,0.0,0.0,0.0,0.0,0.0,0.0
2026-07-10 17:22:01,0.0,0.0,0.0,0.0,0.0,0.0,0.0,0.0,36.810679570006045,37.06578451169737,37.154346926981795,14.0,14.045677870931438,13.958702383971044,0.0,36.0,0.0,0.0,0.0,0.0,0.0,0.0,0.0,0.0,0.0,0.0,0.0
2026-07-10 17:22:01,0.0,0.0,0.0,0.0,0.0,0.0,0.0,0.0,36.659178233849225,36.80442469133377,37.01577031031614,14.0,13.960321715777134,14.01842880401645,0.0,36.0,0.0,0.0,0.0,0.0,0.0,0.0,0.0,0.0,0.0,0.0,0.0
2026-07-10 17:22:02,0.0,0.0,0.0,0.0,0.0,0.0,0.0,0.0,37.00736215829739,37.17163480410465,36.85121575769243,14.0,14.021392174492492,13.998936801567565,0.0,36.0,0.0,0.0,0.0,0.0,0.0,0.0,0.0,0.0,0.0,0.0,0.0
2026-07-10 17:22:02,0.0,0.0,0.0,0.0,0.0,0.0,0.0,0.0,36.57340677601228,37.32158918612614,36.85382212819081,14.0,13.95932233250617,13.977304782488519,0.0,36.0,0.0,0.0,0.0,0.0,0.0,0.0,0.0,0.0,0.0,0.0,0.0
2026-07-10 17:22:03,0.0,0.0,0.0,0.0,0.0,0.0,0.0,0.0,37.06828829022106,36.94365224059764,37.13038524910439,14.0,14.008246477251951,13.994833474940565,0.0,36.0,0.0,0.0,0.0,0.0,0.0,0.0,0.0,0.0,0.0,0.0,0.0
2026-07-10 17:22:03,0.0,0.0,0.0,0.0,0.0,0.0,0.0,0.0,36.841229903931655,36.95078700236632,37.21738509954403,14.0,13.994747266253858,14.024496038373195,0.0,36.0,0.0,0.0,0.0,0.0,0.0,0.0,0.0,0.0,0.0,0.0,0.0
2026-07-10 17:22:04,0.0,0.0,0.0,0.0,0.0,0.0,0.0,0.0,37.017574659183715,37.218826236611676,36.74513260791558,14.0,14.027103185399714,13.987417222811233,0.0,36.0,0.0,0.0,0.0,0.0,0.0,0.0,0.0,0.0,0.0,0.0,0.0
2026-07-10 17:22:04,0.0,0.0,0.0,0.0,0.0,0.0,0.0,0.0,36.96102208554422,37.16433456893713,36.8491576725822,14.0,14.008796213144786,14.004631224124948,0.0,36.0,0.0,0.0,0.0,0.0,0.0,0.0,0.0,0.0,0.0,0.0,0.0
2026-07-10 17:22:05,0.0,0.0,0.0,0.0,0.0,0.0,0.0,0.0,36.77204773243109,36.913017955928275,37.026920429790636,14.0,14.046397686679725,14.006517839222242,0.0,36.0,0.0,0.0,0.0,0.0,0.0,0.0,0.0,0.0,0.0,0.0,0.0
2026-07-10 17:22:05,0.0,0.0,0.0,0.0,0.0,0.0,0.0,0.0,36.53007360637821,37.0868512162659,36.95511160954386,14.0,13.978615564238131,13.978357724831886,0.0,36.0,0.0,0.0,0.0,0.0,0.0,0.0,0.0,0.0,0.0,0.0,0.0
2026-07-10 17:22:06,0.0,0.0,0.0,0.0,0.0,0.0,0.0,0.0,36.54435660494499,37.34739865393081,36.7785402212214,14.0,13.979512314143074,14.01220301572567,0.0,36.0,0.0,0.0,0.0,0.0,0.0,0.0,0.0,0.0,0.0,0.0,0.0
2026-07-10 17:22:06,0.0,0.0,0.0,0.0,0.0,0.0,0.0,0.0,36.757631332703944,37.07898309891104,37.060444250308784,14.0,14.049769262272028,14.048422873712184,0.0,36.0,0.0,0.0,0.0,0.0,0.0,0.0,0.0,0.0,0.0,0.0,0.0
2026-07-10 17:22:07,0.0,0.0,0.0,0.0,0.0,0.0,0.0,0.0,36.88912889792498,36.832839087039005,37.20432555741275,14.0,14.006120725930268,14.035812281138632,0.0,36.0,0.0,0.0,0.0,0.0,0.0,0.0,0.0,0.0,0.0,0.0,0.0
2026-07-10 17:22:07,0.0,0.0,0.0,0.0,0.0,0.0,0.0,0.0,36.602025511713954,37.20194668131404,37.1912996605288,14.0,14.006528308024782,14.047672677235957,0.0,36.0,0.0,0.0,0.0,0.0,0.0,0.0,0.0,0.0,0.0,0.0,0.0
2026-07-10 17:22:08,0.0,0.0,0.0,0.0,0.0,0.0,0.0,0.0,37.00122140745716,37.06106513619822,36.76390030377658,14.0,14.049776465209076,14.010157631408077,0.0,36.0,0.0,0.0,0.0,0.0,0.0,0.0,0.0,0.0,0.0,0.0,0.0
2026-07-10 17:22:08,0.0,0.0,0.0,0.0,0.0,0.0,0.0,0.0,36.576211988185094,37.36161086420107,36.85101686801889,14.0,13.984738079010738,14.041880694524242,0.0,36.0,0.0,0.0,0.0,0.0,0.0,0.0,0.0,0.0,0.0,0.0,0.0
2026-07-10 17:22:09,0.0,0.0,0.0,0.0,0.0,0.0,0.0,0.0,36.80739633892064,37.22092232220236,37.16679077163394,14.0,14.043643248067417,13.980177506234222,0.0,36.0,0.0,0.0,0.0,0.0,0.0,0.0,0.0,0.0,0.0,0.0,0.0
2026-07-10 17:22:09,0.0,0.0,0.0,0.0,0.0,0.0,0.0,0.0,36.82328833830218,37.38955919541177,36.880739526480276,14.0,13.975442162301118,14.031952577688202,0.0,36.0,0.0,0.0,0.0,0.0,0.0,0.0,0.0,0.0,0.0,0.0,0.0
2026-07-10 17:22:10,0.0,0.0,0.0,0.0,0.0,0.0,0.0,0.0,37.08128811827107,36.84249464376222,36.80571377623203,14.0,13.97714456780744,14.03071345020449,0.0,36.0,0.0,0.0,0.0,0.0,0.0,0.0,0.0,0.0,0.0,0.0,0.0
2026-07-10 17:22:10,0.0,0.0,0.0,0.0,0.0,0.0,0.0,0.0,37.055993235746776,37.11396617519334,37.07527716983227,14.0,14.036821758918379,14.015920171388993,0.0,36.0,0.0,0.0,0.0,0.0,0.0,0.0,0.0,0.0,0.0,0.0,0.0
2026-07-10 17:22:11,0.0,0.0,0.0,0.0,0.0,0.0,0.0,0.0,36.539465673653126,37.358547127351684,36.74822036398116,14.0,14.038033161574198,13.98549615495543,0.0,36.0,0.0,0.0,0.0,0.0,0.0,0.0,0.0,0.0,0.0,0.0,0.0
2026-07-10 17:22:11,0.0,0.0,0.0,0.0,0.0,0.0,0.0,0.0,36.93144723697796,37.25114220055588,36.93760878672239,14.0,13.968884327951463,13.962906029623863,0.0,36.0,0.0,0.0,0.0,0.0,0.0,0.0,0.0,0.0,0.0,0.0,0.0
2026-07-10 17:22:12,0.0,0.0,0.0,0.0,0.0,0.0,0.0,0.0,36.513765897886735,36.96904557604511,37.07789941178537,14.0,13.975617415169163,14.034422793637216,0.0,36.0,0.0,0.0,0.0,0.0,0.0,0.0,0.0,0.0,0.0,0.0,0.0
2026-07-10 17:22:12,0.0,0.0,0.0,0.0,0.0,0.0,0.0,0.0,36.556517154256504,37.02573368467958,36.70091220375161,14.0,14.014872395547789,14.026313290739994,0.0,36.0,0.0,0.0,0.0,0.0,0.0,0.0,0.0,0.0,0.0,0.0,0.0
2026-07-10 17:22:13,0.0,0.0,0.0,0.0,0.0,0.0,0.0,0.0,36.704599776180274,37.07656256500296,36.985656931628164,14.0,13.98470525582674,14.030434132622362,0.0,36.0,0.0,0.0,0.0,0.0,0.0,0.0,0.0,0.0,0.0,0.0,0.0
2026-07-10 17:22:13,0.0,0.0,0.0,0.0,0.0,0.0,0.0,0.0,36.817077881481495,37.068473373164004,37.05596189553813,14.0,13.954170692078474,13.984416647340332,0.0,36.0,0.0,0.0,0.0,0.0,0.0,0.0,0.0,0.0,0.0,0.0,0.0
2026-07-10 17:22:14,0.0,0.0,0.0,0.0,0.0,0.0,0.0,0.0,36.535184618993235,37.045411051022974,37.28206467467095,14.0,14.015233525961774,13.965132095417438,0.0,36.0,0.0,0.0,0.0,0.0,0.0,0.0,0.0,0.0,0.0,0.0,0.0
2026-07-10 17:22:14,0.0,0.0,0.0,0.0,0.0,0.0,0.0,0.0,36.61052025406807,36.988238738142655,36.879873152182526,14.0,13.982678339921357,14.017150401746902,0.0,36.0,0.0,0.0,0.0,0.0,0.0,0.0,0.0,0.0,0.0,0.0,0.0
2026-07-10 17:22:15,0.0,0.0,0.0,0.0,0.0,0.0,0.0,0.0,37.00685427719161,36.951625992248466,36.77272059150133,14.0,13.9750757708359,13.98407183832789,0.0,36.0,0.0,0.0,0.0,0.0,0.0,0.0,0.0,0.0,0.0,0.0,0.0
2026-07-10 17:22:15,0.0,0.0,0.0,0.0,0.0,0.0,0.0,0.0,36.669280028181234,37.19078393809386,36.878139601044126,14.0,13.972356116848397,14.019798419535984,0.0,36.0,0.0,0.0,0.0,0.0,0.0,0.0,0.0,0.0,0.0,0.0,0.0
2026-07-10 17:22:16,0.0,0.0,0.0,0.0,0.0,0.0,0.0,0.0,36.977683873050466,37.306015057005936,37.26511989851977,14.0,13.957303870001477,14.03419283383245,0.0,36.0,0.0,0.0,0.0,0.0,0.0,0.0,0.0,0.0,0.0,0.0,0.0
2026-07-10 17:22:16,0.0,0.0,0.0,0.0,0.0,0.0,0.0,0.0,36.97476784061726,37.05021277093179,36.877776055050184,14.0,13.99876809894926,14.024733919275505,0.0,36.0,0.0,0.0,0.0,0.0,0.0,0.0,0.0,0.0,0.0,0.0,0.0
2026-07-10 17:22:17,0.0,0.0,0.0,0.0,0.0,0.0,0.0,0.0,37.0034043838045,37.04915543367979,37.21226192402798,14.0,13.986055893010713,14.019619254909628,0.0,36.0,0.0,0.0,0.0,0.0,0.0,0.0,0.0,0.0,0.0,0.0,0.0
2026-07-10 17:22:17,0.0,0.0,0.0,0.0,0.0,0.0,0.0,0.0,36.871242187249734,37.14469807686096,37.173751072571775,14.0,14.018871553988262,13.972865830431092,0.0,36.0,0.0,0.0,0.0,0.0,0.0,0.0,0.0,0.0,0.0,0.0,0.0
2026-07-10 17:22:18,0.0,0.0,0.0,0.0,0.0,0.0,0.0,0.0,36.82452844984684,36.98431753893823,36.79928785828063,14.0,14.040376542144958,14.020294216237042,0.0,36.0,0.0,0.0,0.0,0.0,0.0,0.0,0.0,0.0,0.0,0.0,0.0
2026-07-10 17:22:18,0.0,0.0,0.0,0.0,0.0,0.0,0.0,0.0,36.82461946834967,37.106780195555686,36.863885485982856,14.0,13.978762950262038,14.002250590542832,0.0,36.0,0.0,0.0,0.0,0.0,0.0,0.0,0.0,0.0,0.0,0.0,0.0
2026-07-10 17:22:19,0.0,0.0,0.0,0.0,0.0,0.0,0.0,0.0,36.648918746682256,37.30625024531047,36.76685837505103,14.0,13.955936273752364,13.997649782291546,0.0,36.0,0.0,0.0,0.0,0.0,0.0,0.0,0.0,0.0,0.0,0.0,0.0
2026-07-10 17:22:19,0.0,0.0,0.0,0.0,0.0,0.0,0.0,0.0,36.54267505780839,37.31748569367534,37.14961320980928,14.0,14.041567245498255,14.022861391495862,0.0,36.0,0.0,0.0,0.0,0.0,0.0,0.0,0.0,0.0,0.0,0.0,0.0
2026-07-10 17:22:20,0.0,0.0,0.0,0.0,0.0,0.0,0.0,0.0,36.72415740401632,37.04843856000888,37.03014327505553,14.0,14.019021985120837,14.016480987377786,0.0,36.0,0.0,0.0,0.0,0.0,0.0,0.0,0.0,0.0,0.0,0.0,0.0
2026-07-10 17:22:20,0.0,0.0,0.0,0.0,0.0,0.0,0.0,0.0,36.96573258112768,37.39935082353234,37.09760483433434,14.0,13.954252968964592,13.965656074909482,0.0,36.0,0.0,0.0,0.0,0.0,0.0,0.0,0.0,0.0,0.0,0.0,0.0
2026-07-10 17:22:21,0.0,0.0,0.0,0.0,0.0,0.0,0.0,0.0,37.037350884993856,37.11789935307792,36.797237240661595,14.0,14.018014952458252,13.959199818877604,0.0,36.0,0.0,0.0,0.0,0.0,0.0,0.0,0.0,0.0,0.0,0.0,0.0
2026-07-10 17:22:21,0.0,0.0,0.0,0.0,0.0,0.0,0.0,0.0,37.07319654264284,37.21080749643528,37.28509191474408,14.0,13.954467986350561,14.03076024523882,0.0,36.0,0.0,0.0,0.0,0.0,0.0,0.0,0.0,0.0,0.0,0.0,0.0
2026-07-10 17:22:22,0.0,0.0,0.0,0.0,0.0,0.0,0.0,0.0,36.82289365089622,37.08779914073378,37.26078300911749,14.0,14.042071348532955,14.001681962002326,0.0,36.0,0.0,0.0,0.0,0.0,0.0,0.0,0.0,0.0,0.0,0.0,0.0
2026-07-10 17:22:22,0.0,0.0,0.0,0.0,0.0,0.0,0.0,0.0,36.95944602372196,37.02116622171389,37.16280447191524,14.0,14.037845164970646,14.039110913063064,0.0,36.0,0.0,0.0,0.0,0.0,0.0,0.0,0.0,0.0,0.0,0.0,0.0
2026-07-10 17:22:23,0.0,0.0,0.0,0.0,0.0,0.0,0.0,0.0,36.997962831000194,36.835644895983265,37.09520286591232,14.0,13.98297355052486,14.044692189515038,0.0,36.0,0.0,0.0,0.0,0.0,0.0,0.0,0.0,0.0,0.0,0.0,0.0
2026-07-10 17:22:23,0.0,0.0,0.0,0.0,0.0,0.0,0.0,0.0,37.088123620032015,37.217475063630175,36.96096827307572,14.0,13.960391316075716,13.957632324615249,0.0,36.0,0.0,0.0,0.0,0.0,0.0,0.0,0.0,0.0,0.0,0.0,0.0
2026-07-10 17:22:24,0.0,0.0,0.0,0.0,0.0,0.0,0.0,0.0,37.09396134914772,37.10746530374286,37.20551997925722,14.0,13.960278658402595,14.02135862073568,0.0,36.0,0.0,0.0,0.0,0.0,0.0,0.0,0.0,0.0,0.0,0.0,0.0
2026-07-10 17:22:24,0.0,0.0,0.0,0.0,0.0,0.0,0.0,0.0,36.50570243774874,36.89265736534889,37.23446338391419,14.0,13.954103565441773,14.011128127623314,0.0,36.0,0.0,0.0,0.0,0.0,0.0,0.0,0.0,0.0,0.0,0.0,0.0
2026-07-10 17:22:25,0.0,0.0,0.0,0.0,0.0,0.0,0.0,0.0,36.67454541482817,37.22625935895968,36.892482514763955,14.0,14.042168549702456,14.029217660182107,0.0,36.0,0.0,0.0,0.0,0.0,0.0,0.0,0.0,0.0,0.0,0.0,0.0
2026-07-10 17:22:25,0.0,0.0,0.0,0.0,0.0,0.0,0.0,0.0,36.891211211219236,36.8652870287759,37.049128640389824,14.0,13.99019493398503,13.988754575738504,0.0,36.0,0.0,0.0,0.0,0.0,0.0,0.0,0.0,0.0,0.0,0.0,0.0
2026-07-10 17:22:26,0.0,0.0,0.0,0.0,0.0,0.0,0.0,0.0,36.7665848902721,36.90536202323358,36.72135014683168,14.0,13.961036514626048,14.00313072150182,0.0,36.0,0.0,0.0,0.0,0.0,0.0,0.0,0.0,0.0,0.0,0.0,0.0
2026-07-10 17:22:26,0.0,0.0,0.0,0.0,0.0,0.0,0.0,0.0,36.51857483618177,36.88479582026134,37.199078268221676,14.0,14.010621377010368,13.966366632302565,0.0,36.0,0.0,0.0,0.0,0.0,0.0,0.0,0.0,0.0,0.0,0.0,0.0
2026-07-10 17:22:27,0.0,0.0,0.0,0.0,0.0,0.0,0.0,0.0,37.01116151857884,36.869973491308215,37.113920988589314,14.0,14.017284476461523,14.017911370489545,0.0,36.0,0.0,0.0,0.0,0.0,0.0,0.0,0.0,0.0,0.0,0.0,0.0
2026-07-10 17:22:27,0.0,0.0,0.0,0.0,0.0,0.0,0.0,0.0,36.860343960021744,36.935826944542164,37.277877274947485,14.0,14.048835262563367,13.982631148616539,0.0,36.0,0.0,0.0,0.0,0.0,0.0,0.0,0.0,0.0,0.0,0.0,0.0
2026-07-10 17:22:28,0.0,0.0,0.0,0.0,0.0,0.0,0.0,0.0,36.61755099098283,37.267633550621866,36.71466150137893,14.0,14.046143050281243,13.979337190662143,0.0,36.0,0.0,0.0,0.0,0.0,0.0,0.0,0.0,0.0,0.0,0.0,0.0
2026-07-10 17:22:28,0.0,0.0,0.0,0.0,0.0,0.0,0.0,0.0,36.98148300709683,36.880994156522576,37.01574880133674,14.0,13.966965183267403,13.971084741640256,0.0,36.0,0.0,0.0,0.0,0.0,0.0,0.0,0.0,0.0,0.0,0.0,0.0
2026-07-10 17:22:29,0.0,0.0,0.0,0.0,0.0,0.0,0.0,0.0,37.02795517332874,37.215633020815346,36.96194817379861,14.0,13.99331726721509,13.962735095034205,0.0,36.0,0.0,0.0,0.0,0.0,0.0,0.0,0.0,0.0,0.0,0.0,0.0
2026-07-10 17:22:29,0.0,0.0,0.0,0.0,0.0,0.0,0.0,0.0,36.9351443412603,36.92636461926662,37.091142777189106,14.0,14.038297727186293,13.954265381195405,0.0,36.0,0.0,0.0,0.0,0.0,0.0,0.0,0.0,0.0,0.0,0.0,0.0
2026-07-10 17:22:30,0.0,0.0,0.0,0.0,0.0,0.0,0.0,0.0,36.556510964603206,36.80554885807954,37.199025164867805,14.0,13.968440672989942,14.01654040316541,0.0,36.0,0.0,0.0,0.0,0.0,0.0,0.0,0.0,0.0,0.0,0.0,0.0
2026-07-10 17:22:30,0.0,0.0,0.0,0.0,0.0,0.0,0.0,0.0,37.05635837079988,37.04417119597378,37.27228101772908,14.0,14.048093269291003,13.98993903752838,0.0,36.0,0.0,0.0,0.0,0.0,0.0,0.0,0.0,0.0,0.0,0.0,0.0
2026-07-10 17:22:31,0.0,0.0,0.0,0.0,0.0,0.0,0.0,0.0,36.76375674030201,37.20252688002961,37.23668835332455,14.0,13.970544303223006,14.015382137910848,0.0,36.0,0.0,0.0,0.0,0.0,0.0,0.0,0.0,0.0,0.0,0.0,0.0
2026-07-10 17:22:31,0.0,0.0,0.0,0.0,0.0,0.0,0.0,0.0,36.81213894656349,37.13105157098534,36.95775561747837,14.0,14.010110588260188,14.024561347034346,0.0,36.0,0.0,0.0,0.0,0.0,0.0,0.0,0.0,0.0,0.0,0.0,0.0
2026-07-10 17:22:32,0.0,0.0,0.0,0.0,0.0,0.0,0.0,0.0,37.009596319677996,37.24774579162311,36.789083815225005,14.0,13.991609026259846,14.023905136482636,0.0,36.0,0.0,0.0,0.0,0.0,0.0,0.0,0.0,0.0,0.0,0.0,0.0
2026-07-10 17:22:32,0.0,0.0,0.0,0.0,0.0,0.0,0.0,0.0,36.65022620287014,37.306225354792865,36.86452633542854,14.0,13.990196056487456,14.047559058441289,0.0,36.0,0.0,0.0,0.0,0.0,0.0,0.0,0.0,0.0,0.0,0.0,0.0
2026-07-10 17:22:33,0.0,0.0,0.0,0.0,0.0,0.0,0.0,0.0,36.67317884646078,37.28480294215645,37.12033740911603,14.0,13.97761167064506,14.007786410587368,0.0,36.0,0.0,0.0,0.0,0.0,0.0,0.0,0.0,0.0,0.0,0.0,0.0
2026-07-10 17:22:33,0.0,0.0,0.0,0.0,0.0,0.0,0.0,0.0,36.549383557005136,36.86091075517927,36.810244550997886,14.0,14.047951468984742,14.046937258696913,0.0,36.0,0.0,0.0,0.0,0.0,0.0,0.0,0.0,0.0,0.0,0.0,0.0
2026-07-10 17:22:34,0.0,0.0,0.0,0.0,0.0,0.0,0.0,0.0,36.8000907773879,37.00061475588943,37.04845642221931,14.0,14.023479402604517,14.03904579807326,0.0,36.0,0.0,0.0,0.0,0.0,0.0,0.0,0.0,0.0,0.0,0.0,0.0
2026-07-10 17:22:34,0.0,0.0,0.0,0.0,0.0,0.0,0.0,0.0,36.84409430547079,37.0945476681084,37.28732333018418,14.0,14.002477747712048,13.998384017220905,0.0,36.0,0.0,0.0,0.0,0.0,0.0,0.0,0.0,0.0,0.0,0.0,0.0
2026-07-10 17:22:35,0.0,0.0,0.0,0.0,0.0,0.0,0.0,0.0,36.66015483138578,37.067149508795964,36.79471885624264,14.0,14.025602754560087,14.037943750002922,0.0,36.0,0.0,0.0,0.0,0.0,0.0,0.0,0.0,0.0,0.0,0.0,0.0
2026-07-10 17:22:35,0.0,0.0,0.0,0.0,0.0,0.0,0.0,0.0,36.562659014581264,37.3988198280413,36.74545251914932,14.0,13.958415711230552,13.962871013345806,0.0,36.0,0.0,0.0,0.0,0.0,0.0,0.0,0.0,0.0,0.0,0.0,0.0
2026-07-10 17:22:36,0.0,0.0,0.0,0.0,0.0,0.0,0.0,0.0,36.658293291751875,37.097441738212055,37.17970647113968,14.0,13.962151407150081,14.004483895723984,0.0,36.0,0.0,0.0,0.0,0.0,0.0,0.0,0.0,0.0,0.0,0.0,0.0
2026-07-10 17:22:36,0.0,0.0,0.0,0.0,0.0,0.0,0.0,0.0,36.66878713776744,36.90584498135025,37.209951187988274,14.0,14.043570400976328,14.032221529884238,0.0,36.0,0.0,0.0,0.0,0.0,0.0,0.0,0.0,0.0,0.0,0.0,0.0
2026-07-10 17:22:37,0.0,0.0,0.0,0.0,0.0,0.0,0.0,0.0,36.68003833421472,37.292610880947926,36.84715298134242,14.0,13.97532265092741,13.98215670797885,0.0,36.0,0.0,0.0,0.0,0.0,0.0,0.0,0.0,0.0,0.0,0.0,0.0
2026-07-10 17:22:37,0.0,0.0,0.0,0.0,0.0,0.0,0.0,0.0,36.72449856500191,37.200876411507494,36.730799446302434,14.0,13.994066693570765,13.97321275299918,0.0,36.0,0.0,0.0,0.0,0.0,0.0,0.0,0.0,0.0,0.0,0.0,0.0
2026-07-10 17:22:38,0.0,0.0,0.0,0.0,0.0,0.0,0.0,0.0,36.81234275825416,37.22610984749811,36.8250344385621,14.0,14.034595090992834,13.951461571226583,0.0,36.0,0.0,0.0,0.0,0.0,0.0,0.0,0.0,0.0,0.0,0.0,0.0
2026-07-10 17:22:38,0.0,0.0,0.0,0.0,0.0,0.0,0.0,0.0,37.087552100990465,36.97394107890408,37.27958628671469,14.0,14.045037908100234,13.994438751462873,0.0,36.0,0.0,0.0,0.0,0.0,0.0,0.0,0.0,0.0,0.0,0.0,0.0
2026-07-10 17:22:39,0.0,0.0,0.0,0.0,0.0,0.0,0.0,0.0,36.870167442983394,37.14560689646507,36.80240956528667,14.0,14.038379261386984,14.02870492380735,0.0,36.0,0.0,0.0,0.0,0.0,0.0,0.0,0.0,0.0,0.0,0.0,0.0
2026-07-10 17:22:39,0.0,0.0,0.0,0.0,0.0,0.0,0.0,0.0,37.04090337858977,37.25995175977096,37.129765005218054,14.0,14.017243218156143,14.027268398952872,0.0,36.0,0.0,0.0,0.0,0.0,0.0,0.0,0.0,0.0,0.0,0.0,0.0
2026-07-10 17:22:40,0.0,0.0,0.0,0.0,0.0,0.0,0.0,0.0,36.94047264987549,36.8467327967087,37.126047315770926,14.0,13.950145549244176,13.961252593983861,0.0,36.0,0.0,0.0,0.0,0.0,0.0,0.0,0.0,0.0,0.0,0.0,0.0
2026-07-10 17:22:40,0.0,0.0,0.0,0.0,0.0,0.0,0.0,0.0,36.55436350227944,37.06950857176412,36.8123929193066,14.0,14.048772243355026,14.02163748148674,0.0,36.0,0.0,0.0,0.0,0.0,0.0,0.0,0.0,0.0,0.0,0.0,0.0
2026-07-10 17:22:41,0.0,0.0,0.0,0.0,0.0,0.0,0.0,0.0,37.092375441155816,36.96898563546049,36.96443700212903,14.0,13.978077966633426,13.955381398886399,0.0,36.0,0.0,0.0,0.0,0.0,0.0,0.0,0.0,0.0,0.0,0.0,0.0
2026-07-10 17:22:41,0.0,0.0,0.0,0.0,0.0,0.0,0.0,0.0,37.090821976178454,37.25595582466071,37.088855650708425,14.0,14.006400967470238,13.988528606785948,0.0,36.0,0.0,0.0,0.0,0.0,0.0,0.0,0.0,0.0,0.0,0.0,0.0
2026-07-10 17:22:42,0.0,0.0,0.0,0.0,0.0,0.0,0.0,0.0,36.61763183311922,36.96292971316405,36.835600787479926,14.0,13.968663879962389,13.956767982706069,0.0,36.0,0.0,0.0,0.0,0.0,0.0,0.0,0.0,0.0,0.0,0.0,0.0
2026-07-10 17:22:42,0.0,0.0,0.0,0.0,0.0,0.0,0.0,0.0,36.5326547717168,37.12709743683527,36.962668277925125,14.0,14.026327343725432,14.005880732495356,0.0,36.0,0.0,0.0,0.0,0.0,0.0,0.0,0.0,0.0,0.0,0.0,0.0
2026-07-10 17:22:43,0.0,0.0,0.0,0.0,0.0,0.0,0.0,0.0,37.08213217602026,37.07004894612001,36.94048381436259,14.0,13.971182378184208,14.04166696111298,0.0,36.0,0.0,0.0,0.0,0.0,0.0,0.0,0.0,0.0,0.0,0.0,0.0
2026-07-10 17:22:43,0.0,0.0,0.0,0.0,0.0,0.0,0.0,0.0,36.975063308058914,37.0165466256653,36.98727151188982,14.0,14.029511421659848,14.023726649235373,0.0,36.0,0.0,0.0,0.0,0.0,0.0,0.0,0.0,0.0,0.0,0.0,0.0
2026-07-10 17:22:44,0.0,0.0,0.0,0.0,0.0,0.0,0.0,0.0,36.71924376273539,37.34173994667966,37.2943189511515,14.0,13.991063639292165,14.027483052659012,0.0,36.0,0.0,0.0,0.0,0.0,0.0,0.0,0.0,0.0,0.0,0.0,0.0
2026-07-10 17:22:44,0.0,0.0,0.0,0.0,0.0,0.0,0.0,0.0,36.758610464493174,36.93388023853256,36.848733297114265,14.0,14.026789422150275,13.996963325747364,0.0,36.0,0.0,0.0,0.0,0.0,0.0,0.0,0.0,0.0,0.0,0.0,0.0
2026-07-10 17:22:45,0.0,0.0,0.0,0.0,0.0,0.0,0.0,0.0,36.519148907390466,36.82256899641337,36.976532554553735,14.0,13.988846952511961,13.978441413566195,0.0,36.0,0.0,0.0,0.0,0.0,0.0,0.0,0.0,0.0,0.0,0.0,0.0
2026-07-10 17:22:45,0.0,0.0,0.0,0.0,0.0,0.0,0.0,0.0,36.8247907546513,36.93691736835087,37.27018776111495,14.0,13.984397395645987,14.041672683353106,0.0,36.0,0.0,0.0,0.0,0.0,0.0,0.0,0.0,0.0,0.0,0.0,0.0
2026-07-10 17:22:46,0.0,0.0,0.0,0.0,0.0,0.0,0.0,0.0,36.802441516568535,37.24700635952801,36.70844589292721,14.0,13.98139093937669,14.013747692246683,0.0,36.0,0.0,0.0,0.0,0.0,0.0,0.0,0.0,0.0,0.0,0.0,0.0
2026-07-10 17:22:46,0.0,0.0,0.0,0.0,0.0,0.0,0.0,0.0,36.561995540716346,37.10046206955236,37.19654940998581,14.0,14.024530633433473,13.97424207733991,0.0,36.0,0.0,0.0,0.0,0.0,0.0,0.0,0.0,0.0,0.0,0.0,0.0
2026-07-10 17:22:47,0.0,0.0,0.0,0.0,0.0,0.0,0.0,0.0,36.53048764850551,37.28612080520053,37.12954714607015,14.0,13.9681480925587,13.992716033047317,0.0,36.0,0.0,0.0,0.0,0.0,0.0,0.0,0.0,0.0,0.0,0.0,0.0
2026-07-10 17:22:47,0.0,0.0,0.0,0.0,0.0,0.0,0.0,0.0,36.77657593485202,36.91289121793919,36.86068588442796,14.0,13.96960320872414,13.967038390204966,0.0,36.0,0.0,0.0,0.0,0.0,0.0,0.0,0.0,0.0,0.0,0.0,0.0
2026-07-10 17:22:48,0.0,0.0,0.0,0.0,0.0,0.0,0.0,0.0,36.54554564609888,37.37800067225418,36.75418525367093,14.0,14.021298142942292,13.956414796915348,0.0,36.0,0.0,0.0,0.0,0.0,0.0,0.0,0.0,0.0,0.0,0.0,0.0
2026-07-10 17:22:48,0.0,0.0,0.0,0.0,0.0,0.0,0.0,0.0,36.69823510485765,36.920331146301805,37.236567759442245,14.0,13.955600793701597,13.974681887813887,0.0,36.0,0.0,0.0,0.0,0.0,0.0,0.0,0.0,0.0,0.0,0.0,0.0
2026-07-10 17:22:49,0.0,0.0,0.0,0.0,0.0,0.0,0.0,0.0,36.67614982855481,37.022463897609285,37.0556873322164,14.0,13.968190455716725,13.982330319974599,0.0,36.0,0.0,0.0,0.0,0.0,0.0,0.0,0.0,0.0,0.0,0.0,0.0
2026-07-10 17:22:49,0.0,0.0,0.0,0.0,0.0,0.0,0.0,0.0,37.067155253920134,36.87418003638553,37.286952767121875,14.0,14.018277079447484,13.998254884916994,0.0,36.0,0.0,0.0,0.0,0.0,0.0,0.0,0.0,0.0,0.0,0.0,0.0
2026-07-10 17:22:50,0.0,0.0,0.0,0.0,0.0,0.0,0.0,0.0,36.603483357261695,36.82221883223659,36.742333296466434,14.0,13.984441337893822,14.000550921172982,0.0,36.0,0.0,0.0,0.0,0.0,0.0,0.0,0.0,0.0,0.0,0.0,0.0
2026-07-10 17:22:50,0.0,0.0,0.0,0.0,0.0,0.0,0.0,0.0,36.958770329034884,36.93668455319941,36.709817859122886,14.0,14.017239228928105,13.989545835687787,0.0,36.0,0.0,0.0,0.0,0.0,0.0,0.0,0.0,0.0,0.0,0.0,0.0
2026-07-10 17:22:51,0.0,0.0,0.0,0.0,0.0,0.0,0.0,0.0,36.89100569426064,36.95509921977811,37.106163097663966,14.0,13.986998406447901,13.97411211325426,0.0,36.0,0.0,0.0,0.0,0.0,0.0,0.0,0.0,0.0,0.0,0.0,0.0
2026-07-10 17:22:51,0.0,0.0,0.0,0.0,0.0,0.0,0.0,0.0,36.961563732232094,36.96745410460431,37.08549810255056,14.0,13.988922769560649,14.049029718746128,0.0,36.0,0.0,0.0,0.0,0.0,0.0,0.0,0.0,0.0,0.0,0.0,0.0
2026-07-10 17:22:52,0.0,0.0,0.0,0.0,0.0,0.0,0.0,0.0,36.55493919981808,36.98653300702961,37.26055094913778,14.0,14.00685662129558,14.021577867092963,0.0,36.0,0.0,0.0,0.0,0.0,0.0,0.0,0.0,0.0,0.0,0.0,0.0
2026-07-10 17:22:52,0.0,0.0,0.0,0.0,0.0,0.0,0.0,0.0,36.513625319113025,36.907116377039515,36.82109074783562,14.0,13.97775467927142,14.004498648602409,0.0,36.0,0.0,0.0,0.0,0.0,0.0,0.0,0.0,0.0,0.0,0.0,0.0
2026-07-10 17:22:53,0.0,0.0,0.0,0.0,0.0,0.0,0.0,0.0,36.56997657740158,36.95280409119189,36.844847421372585,14.0,14.013411281024947,14.031609676460896,0.0,36.0,0.0,0.0,0.0,0.0,0.0,0.0,0.0,0.0,0.0,0.0,0.0
2026-07-10 17:22:53,0.0,0.0,0.0,0.0,0.0,0.0,0.0,0.0,36.889981260227536,36.8185633348819,36.93528071284585,14.0,14.008432457299802,14.040372313020423,0.0,36.0,0.0,0.0,0.0,0.0,0.0,0.0,0.0,0.0,0.0,0.0,0.0
2026-07-10 17:22:54,0.0,0.0,0.0,0.0,0.0,0.0,0.0,0.0,37.03901552236456,37.35915759380302,36.84018535126174,14.0,13.974777784210207,14.012428826560592,0.0,36.0,0.0,0.0,0.0,0.0,0.0,0.0,0.0,0.0,0.0,0.0,0.0
2026-07-10 17:22:54,0.0,0.0,0.0,0.0,0.0,0.0,0.0,0.0,36.80166412021819,37.33211757377889,37.29789950012669,14.0,14.044428127077023,13.971688418266977,0.0,36.0,0.0,0.0,0.0,0.0,0.0,0.0,0.0,0.0,0.0,0.0,0.0
2026-07-10 17:22:55,0.0,0.0,0.0,0.0,0.0,0.0,0.0,0.0,36.82736475185665,37.03229364132224,37.22517219599812,14.0,14.02671138658366,14.041121872510628,0.0,36.0,0.0,0.0,0.0,0.0,0.0,0.0,0.0,0.0,0.0,0.0,0.0
2026-07-10 17:22:55,0.0,0.0,0.0,0.0,0.0,0.0,0.0,0.0,36.945543557815185,37.23002783469086,36.870978513842374,14.0,14.03898041265454,13.997486552746349,0.0,36.0,0.0,0.0,0.0,0.0,0.0,0.0,0.0,0.0,0.0,0.0,0.0
2026-07-10 17:22:56,0.0,0.0,0.0,0.0,0.0,0.0,0.0,0.0,36.70771897832674,37.073484669999445,36.956894835446036,14.0,13.951503832587173,14.00080134939554,0.0,36.0,0.0,0.0,0.0,0.0,0.0,0.0,0.0,0.0,0.0,0.0,0.0
2026-07-10 17:22:56,0.0,0.0,0.0,0.0,0.0,0.0,0.0,0.0,36.80695963908797,36.89853162558158,37.068198717926194,14.0,14.001590127691767,13.95301940905371,0.0,36.0,0.0,0.0,0.0,0.0,0.0,0.0,0.0,0.0,0.0,0.0,0.0
2026-07-10 17:22:57,0.0,0.0,0.0,0.0,0.0,0.0,0.0,0.0,36.89622995949892,37.066241072908184,37.259879386516445,14.0,13.99099093954504,13.967471248037471,0.0,36.0,0.0,0.0,0.0,0.0,0.0,0.0,0.0,0.0,0.0,0.0,0.0
2026-07-10 17:22:57,0.0,0.0,0.0,0.0,0.0,0.0,0.0,0.0,36.88231032972442,37.363139963445434,37.166946339538036,14.0,14.023677391265833,13.998931596961533,0.0,36.0,0.0,0.0,0.0,0.0,0.0,0.0,0.0,0.0,0.0,0.0,0.0
2026-07-10 17:22:58,0.0,0.0,0.0,0.0,0.0,0.0,0.0,0.0,36.932091399606634,37.19414720947617,37.1869592643446,14.0,13.955598799026289,13.978962282709974,0.0,36.0,0.0,0.0,0.0,0.0,0.0,0.0,0.0,0.0,0.0,0.0,0.0
2026-07-10 17:22:58,0.0,0.0,0.0,0.0,0.0,0.0,0.0,0.0,36.975197785033885,37.04041736065131,36.976687407777135,14.0,14.033631117958727,13.985375593411,0.0,36.0,0.0,0.0,0.0,0.0,0.0,0.0,0.0,0.0,0.0,0.0,0.0
2026-07-10 17:22:59,0.0,0.0,0.0,0.0,0.0,0.0,0.0,0.0,36.796404458522204,36.9241689919612,37.10494386162922,14.0,13.998949868419388,14.03421759935158,0.0,36.0,0.0,0.0,0.0,0.0,0.0,0.0,0.0,0.0,0.0,0.0,0.0
2026-07-10 17:22:59,0.0,0.0,0.0,0.0,0.0,0.0,0.0,0.0,36.526551379922466,37.17074707905645,36.888762788820586,14.0,14.011812613713428,14.0255306231579,0.0,36.0,0.0,0.0,0.0,0.0,0.0,0.0,0.0,0.0,0.0,0.0,0.0
2026-07-10 17:23:00,0.0,0.0,0.0,0.0,0.0,0.0,0.0,0.0,36.786302282260394,36.92152246541667,36.966326590886325,14.0,14.042861942234694,13.988460102954882,0.0,36.0,0.0,0.0,0.0,0.0,0.0,0.0,0.0,0.0,0.0,0.0,0.0
2026-07-10 17:23:00,0.0,0.0,0.0,0.0,0.0,0.0,0.0,0.0,36.59598835717255,37.30390497939395,37.21466968698445,14.0,13.966406559742722,14.016185743219593,0.0,36.0,0.0,0.0,0.0,0.0,0.0,0.0,0.0,0.0,0.0,0.0,0.0
2026-07-10 17:23:01,0.0,0.0,0.0,0.0,0.0,0.0,0.0,0.0,36.72857508352654,36.803277715013316,37.17937239348722,14.0,14.039856117590643,13.965518500996252,0.0,36.0,0.0,0.0,0.0,0.0,0.0,0.0,0.0,0.0,0.0,0.0,0.0
2026-07-10 17:23:01,0.0,0.0,0.0,0.0,0.0,0.0,0.0,0.0,36.94386819060761,37.12227454437483,37.246494513025084,14.0,14.04977124617995,13.959973261736385,0.0,36.0,0.0,0.0,0.0,0.0,0.0,0.0,0.0,0.0,0.0,0.0,0.0
2026-07-10 17:23:02,0.0,0.0,0.0,0.0,0.0,0.0,0.0,0.0,37.006251378875376,37.06718191431356,37.28407464539807,14.0,13.992252954364782,13.997406456323763,0.0,36.0,0.0,0.0,0.0,0.0,0.0,0.0,0.0,0.0,0.0,0.0,0.0
2026-07-10 17:23:02,0.0,0.0,0.0,0.0,0.0,0.0,0.0,0.0,36.75500060689308,37.14261831618315,36.95363509331988,14.0,14.048255271638206,13.957165583708813,0.0,36.0,0.0,0.0,0.0,0.0,0.0,0.0,0.0,0.0,0.0,0.0,0.0
2026-07-10 17:23:03,0.0,0.0,0.0,0.0,0.0,0.0,0.0,0.0,36.52990733795988,37.190439856656404,36.791908054660574,14.0,13.963874040431088,13.954374864058504,0.0,36.0,0.0,0.0,0.0,0.0,0.0,0.0,0.0,0.0,0.0,0.0,0.0
2026-07-10 17:23:03,0.0,0.0,0.0,0.0,0.0,0.0,0.0,0.0,37.06115601093286,37.29912542810861,36.70345373570652,14.0,14.025966461154622,13.98223517947873,0.0,36.0,0.0,0.0,0.0,0.0,0.0,0.0,0.0,0.0,0.0,0.0,0.0
2026-07-10 17:23:04,0.0,0.0,0.0,0.0,0.0,0.0,0.0,0.0,36.86094867629414,37.278828047523845,37.10514158341595,14.0,13.95281576756525,14.040289788840244,0.0,36.0,0.0,0.0,0.0,0.0,0.0,0.0,0.0,0.0,0.0,0.0,0.0
2026-07-10 17:23:04,0.0,0.0,0.0,0.0,0.0,0.0,0.0,0.0,36.828702405519024,36.99046648371881,36.87598953475319,14.0,13.998075875897852,13.98781220234632,0.0,36.0,0.0,0.0,0.0,0.0,0.0,0.0,0.0,0.0,0.0,0.0,0.0
2026-07-10 17:23:05,0.0,0.0,0.0,0.0,0.0,0.0,0.0,0.0,36.95312452535813,37.30795799412467,37.24187265511792,14.0,14.032673175930547,13.969986493319194,0.0,36.0,0.0,0.0,0.0,0.0,0.0,0.0,0.0,0.0,0.0,0.0,0.0
2026-07-10 17:23:05,0.0,0.0,0.0,0.0,0.0,0.0,0.0,0.0,36.7137992981327,36.91994496147964,37.08987987252434,14.0,14.037030315447069,14.033231464764444,0.0,36.0,0.0,0.0,0.0,0.0,0.0,0.0,0.0,0.0,0.0,0.0,0.0
2026-07-10 17:23:06,0.0,0.0,0.0,0.0,0.0,0.0,0.0,0.0,36.957685415090964,36.99226382688881,37.15676696107516,14.0,13.975101477402388,13.966880332232435,0.0,36.0,0.0,0.0,0.0,0.0,0.0,0.0,0.0,0.0,0.0,0.0,0.0
2026-07-10 17:23:06,0.0,0.0,0.0,0.0,0.0,0.0,0.0,0.0,36.93746633733896,37.22287609048387,37.041066198244586,14.0,14.025951853703447,13.955468629064729,0.0,36.0,0.0,0.0,0.0,0.0,0.0,0.0,0.0,0.0,0.0,0.0,0.0
2026-07-10 17:23:07,0.0,0.0,0.0,0.0,0.0,0.0,0.0,0.0,37.032825389511856,37.37219261448073,37.24330492707047,14.0,14.022844198149075,13.966389662894995,0.0,36.0,0.0,0.0,0.0,0.0,0.0,0.0,0.0,0.0,0.0,0.0,0.0
2026-07-10 17:23:07,0.0,0.0,0.0,0.0,0.0,0.0,0.0,0.0,36.94285988398321,37.38084426597694,37.22482694497836,14.0,13.996388803367402,13.975633505934118,0.0,36.0,0.0,0.0,0.0,0.0,0.0,0.0,0.0,0.0,0.0,0.0,0.0
2026-07-10 17:23:08,0.0,0.0,0.0,0.0,0.0,0.0,0.0,0.0,36.860605218676675,37.00352922958635,36.93814611660559,14.0,13.976055089676041,13.990630734223164,0.0,36.0,0.0,0.0,0.0,0.0,0.0,0.0,0.0,0.0,0.0,0.0,0.0
2026-07-10 17:23:08,0.0,0.0,0.0,0.0,0.0,0.0,0.0,0.0,37.07284231593521,36.86930178254466,37.10264113182595,14.0,14.000042014563316,14.028441720077927,0.0,36.0,0.0,0.0,0.0,0.0,0.0,0.0,0.0,0.0,0.0,0.0,0.0
2026-07-10 17:23:09,0.0,0.0,0.0,0.0,0.0,0.0,0.0,0.0,36.70530971301326,37.395347835715725,36.85593486686376,14.0,14.004163512181979,13.988180731860187,0.0,36.0,0.0,0.0,0.0,0.0,0.0,0.0,0.0,0.0,0.0,0.0,0.0
2026-07-10 17:23:09,0.0,0.0,0.0,0.0,0.0,0.0,0.0,0.0,36.91527792713728,37.10471244165903,37.0216380738195,14.0,14.031917999421255,14.003698274121362,0.0,36.0,0.0,0.0,0.0,0.0,0.0,0.0,0.0,0.0,0.0,0.0,0.0
2026-07-10 17:23:10,0.0,0.0,0.0,0.0,0.0,0.0,0.0,0.0,36.92569691403277,37.02381943916973,37.103027919080645,14.0,13.957258480737881,13.99305801647821,0.0,36.0,0.0,0.0,0.0,0.0,0.0,0.0,0.0,0.0,0.0,0.0,0.0
2026-07-10 17:23:10,0.0,0.0,0.0,0.0,0.0,0.0,0.0,0.0,36.678962926003706,37.39053796910082,36.87838364316981,14.0,13.961763299793182,13.970328638761554,0.0,36.0,0.0,0.0,0.0,0.0,0.0,0.0,0.0,0.0,0.0,0.0,0.0
2026-07-10 17:23:11,0.0,0.0,0.0,0.0,0.0,0.0,0.0,0.0,36.74620733753033,37.373032052016185,36.92144677160944,14.0,14.04990450859905,13.986139884219707,0.0,36.0,0.0,0.0,0.0,0.0,0.0,0.0,0.0,0.0,0.0,0.0,0.0
2026-07-10 17:23:11,0.0,0.0,0.0,0.0,0.0,0.0,0.0,0.0,36.52130225592333,37.03233512091229,36.71980335015195,14.0,14.016757504875406,13.950009979426678,0.0,36.0,0.0,0.0,0.0,0.0,0.0,0.0,0.0,0.0,0.0,0.0,0.0
2026-07-10 17:23:12,0.0,0.0,0.0,0.0,0.0,0.0,0.0,0.0,37.01211240261288,36.824263633041085,37.22023401396863,14.0,13.961473014602928,14.048539702994255,0.0,36.0,0.0,0.0,0.0,0.0,0.0,0.0,0.0,0.0,0.0,0.0,0.0
2026-07-10 17:23:12,0.0,0.0,0.0,0.0,0.0,0.0,0.0,0.0,37.019217822547404,36.84538647322984,37.25041301092796,14.0,13.963972988555545,13.998804384893985,0.0,36.0,0.0,0.0,0.0,0.0,0.0,0.0,0.0,0.0,0.0,0.0,0.0
2026-07-10 17:23:13,0.0,0.0,0.0,0.0,0.0,0.0,0.0,0.0,36.72975879352268,37.39125328642068,36.81102716439138,14.0,14.011030833742808,14.043966691356324,0.0,36.0,0.0,0.0,0.0,0.0,0.0,0.0,0.0,0.0,0.0,0.0,0.0
2026-07-10 17:23:13,0.0,0.0,0.0,0.0,0.0,0.0,0.0,0.0,37.00147150660712,36.80107868606158,36.882184846067666,14.0,13.972750745042097,14.008276989955311,0.0,36.0,0.0,0.0,0.0,0.0,0.0,0.0,0.0,0.0,0.0,0.0,0.0
2026-07-10 17:23:14,0.0,0.0,0.0,0.0,0.0,0.0,0.0,0.0,36.899472948084444,36.86660929743187,36.826977089360284,14.0,13.960052900726478,13.97866027340292,0.0,36.0,0.0,0.0,0.0,0.0,0.0,0.0,0.0,0.0,0.0,0.0,0.0
2026-07-10 17:23:14,0.0,0.0,0.0,0.0,0.0,0.0,0.0,0.0,37.06207373773034,37.160208413757864,36.81195485103406,14.0,13.955219214991219,14.00887477282929,0.0,36.0,0.0,0.0,0.0,0.0,0.0,0.0,0.0,0.0,0.0,0.0,0.0
2026-07-10 17:23:15,0.0,0.0,0.0,0.0,0.0,0.0,0.0,0.0,37.07879315521543,37.09030803163201,37.22231105702084,14.0,14.004616928815109,13.968050516953063,0.0,36.0,0.0,0.0,0.0,0.0,0.0,0.0,0.0,0.0,0.0,0.0,0.0
2026-07-10 17:23:15,0.0,0.0,0.0,0.0,0.0,0.0,0.0,0.0,37.07298571454689,37.168974044061905,37.1324809724081,14.0,13.971800093239276,14.039523691337433,0.0,36.0,0.0,0.0,0.0,0.0,0.0,0.0,0.0,0.0,0.0,0.0,0.0
2026-07-10 17:23:16,0.0,0.0,0.0,0.0,0.0,0.0,0.0,0.0,37.02264053998447,36.80290851122786,37.05008593783913,14.0,13.96394791951209,13.979011351844276,0.0,36.0,0.0,0.0,0.0,0.0,0.0,0.0,0.0,0.0,0.0,0.0,0.0
2026-07-10 17:23:16,0.0,0.0,0.0,0.0,0.0,0.0,0.0,0.0,36.687620049549864,36.99595687489012,36.972053169041274,14.0,13.956417080406611,13.978980355090453,0.0,36.0,0.0,0.0,0.0,0.0,0.0,0.0,0.0,0.0,0.0,0.0,0.0
2026-07-10 17:23:17,0.0,0.0,0.0,0.0,0.0,0.0,0.0,0.0,36.73551619370036,36.9847668522507,37.167724514271235,14.0,13.974697802715513,14.043327498858103,0.0,36.0,0.0,0.0,0.0,0.0,0.0,0.0,0.0,0.0,0.0,0.0,0.0
2026-07-10 17:23:17,0.0,0.0,0.0,0.0,0.0,0.0,0.0,0.0,37.01450498169652,37.391854980888944,36.94295422365433,14.0,14.01647659329509,13.969532460943048,0.0,36.0,0.0,0.0,0.0,0.0,0.0,0.0,0.0,0.0,0.0,0.0,0.0
2026-07-10 17:23:18,0.0,0.0,0.0,0.0,0.0,0.0,0.0,0.0,37.07867182266982,37.083883587032,36.87198107483091,14.0,14.005695480994312,14.008310696634945,0.0,36.0,0.0,0.0,0.0,0.0,0.0,0.0,0.0,0.0,0.0,0.0,0.0
2026-07-10 17:23:18,0.0,0.0,0.0,0.0,0.0,0.0,0.0,0.0,36.86349322265109,37.060971605094856,36.82414358628431,14.0,13.968423644931338,14.024394162808207,0.0,36.0,0.0,0.0,0.0,0.0,0.0,0.0,0.0,0.0,0.0,0.0,0.0
2026-07-10 17:23:19,0.0,0.0,0.0,0.0,0.0,0.0,0.0,0.0,36.92888523665585,37.035914917159076,37.16362330794074,14.0,14.045924835306856,14.030619325579838,0.0,36.0,0.0,0.0,0.0,0.0,0.0,0.0,0.0,0.0,0.0,0.0,0.0
2026-07-10 17:23:19,0.0,0.0,0.0,0.0,0.0,0.0,0.0,0.0,36.69712766683314,36.964117674541,36.83729772633176,14.0,14.02761361387875,13.968517412831089,0.0,36.0,0.0,0.0,0.0,0.0,0.0,0.0,0.0,0.0,0.0,0.0,0.0
2026-07-10 17:23:20,0.0,0.0,0.0,0.0,0.0,0.0,0.0,0.0,36.727358984147436,36.97504118961957,36.996935741145755,14.0,13.963003042588738,13.990777075057379,0.0,36.0,0.0,0.0,0.0,0.0,0.0,0.0,0.0,0.0,0.0,0.0,0.0
2026-07-10 17:23:20,0.0,0.0,0.0,0.0,0.0,0.0,0.0,0.0,36.89009664849865,37.09567102241855,37.24514222985987,14.0,14.044312605663212,13.966583274911736,0.0,36.0,0.0,0.0,0.0,0.0,0.0,0.0,0.0,0.0,0.0,0.0,0.0
2026-07-10 17:23:21,0.0,0.0,0.0,0.0,0.0,0.0,0.0,0.0,36.600800094342176,37.05458599666141,37.26272323459191,14.0,13.97067476784302,14.014818769262993,0.0,36.0,0.0,0.0,0.0,0.0,0.0,0.0,0.0,0.0,0.0,0.0,0.0
2026-07-10 17:23:21,0.0,0.0,0.0,0.0,0.0,0.0,0.0,0.0,36.6142377575566,37.37118204691817,37.178172117750954,14.0,13.984177514446609,14.0389021122885,0.0,36.0,0.0,0.0,0.0,0.0,0.0,0.0,0.0,0.0,0.0,0.0,0.0
2026-07-10 17:23:22,0.0,0.0,0.0,0.0,0.0,0.0,0.0,0.0,36.72100732328401,37.074357224907786,36.96946277992075,14.0,14.018357797646186,14.040081478214622,0.0,36.0,0.0,0.0,0.0,0.0,0.0,0.0,0.0,0.0,0.0,0.0,0.0
2026-07-10 17:23:22,0.0,0.0,0.0,0.0,0.0,0.0,0.0,0.0,36.670073076959135,37.35519442550789,36.91500413206016,14.0,13.99029258672859,13.970213134774795,0.0,36.0,0.0,0.0,0.0,0.0,0.0,0.0,0.0,0.0,0.0,0.0,0.0
2026-07-10 17:23:23,0.0,0.0,0.0,0.0,0.0,0.0,0.0,0.0,36.825531264654096,37.00619766761941,36.82043083267551,14.0,13.981153286057216,14.023345909355912,0.0,36.0,0.0,0.0,0.0,0.0,0.0,0.0,0.0,0.0,0.0,0.0,0.0
2026-07-10 17:23:23,0.0,0.0,0.0,0.0,0.0,0.0,0.0,0.0,36.88953237670999,36.800024739733665,37.17810971588129,14.0,14.026742447263238,14.000094434424765,0.0,36.0,0.0,0.0,0.0,0.0,0.0,0.0,0.0,0.0,0.0,0.0,0.0
2026-07-10 17:23:24,0.0,0.0,0.0,0.0,0.0,0.0,0.0,0.0,36.675106472449656,36.960523237889944,37.10691242206882,14.0,14.015236464781204,13.980671040573494,0.0,36.0,0.0,0.0,0.0,0.0,0.0,0.0,0.0,0.0,0.0,0.0,0.0
2026-07-10 17:23:24,0.0,0.0,0.0,0.0,0.0,0.0,0.0,0.0,36.560889835688215,37.37793970452812,37.06972268787105,14.0,13.957143504174196,13.98288388420649,0.0,36.0,0.0,0.0,0.0,0.0,0.0,0.0,0.0,0.0,0.0,0.0,0.0
2026-07-10 17:23:25,0.0,0.0,0.0,0.0,0.0,0.0,0.0,0.0,36.5906497437755,36.8738313110361,36.87775988334893,14.0,13.960118135644908,14.01562443384524,0.0,36.0,0.0,0.0,0.0,0.0,0.0,0.0,0.0,0.0,0.0,0.0,0.0
2026-07-10 17:23:25,0.0,0.0,0.0,0.0,0.0,0.0,0.0,0.0,36.85609597822278,37.08274809459966,36.944776426889135,14.0,14.021182083623003,14.01324131409561,0.0,36.0,0.0,0.0,0.0,0.0,0.0,0.0,0.0,0.0,0.0,0.0,0.0
2026-07-10 17:23:26,0.0,0.0,0.0,0.0,0.0,0.0,0.0,0.0,36.65811791511938,37.373615766201375,36.70377063140739,14.0,14.0394411349412,14.04224334004825,0.0,36.0,0.0,0.0,0.0,0.0,0.0,0.0,0.0,0.0,0.0,0.0,0.0
2026-07-10 17:23:26,0.0,0.0,0.0,0.0,0.0,0.0,0.0,0.0,36.87267605325664,37.205014507381726,36.90612399969563,14.0,13.988888509048238,13.990013581332429,0.0,36.0,0.0,0.0,0.0,0.0,0.0,0.0,0.0,0.0,0.0,0.0,0.0
2026-07-10 17:23:27,0.0,0.0,0.0,0.0,0.0,0.0,0.0,0.0,36.75337798626206,37.15653158928206,36.9518809235557,14.0,14.008711883814499,13.985303149374163,0.0,36.0,0.0,0.0,0.0,0.0,0.0,0.0,0.0,0.0,0.0,0.0,0.0
2026-07-10 17:23:27,0.0,0.0,0.0,0.0,0.0,0.0,0.0,0.0,36.57888027659441,36.83290165575725,37.21787804690579,14.0,13.957128806410104,14.02927915827849,0.0,36.0,0.0,0.0,0.0,0.0,0.0,0.0,0.0,0.0,0.0,0.0,0.0
2026-07-10 17:23:28,0.0,0.0,0.0,0.0,0.0,0.0,0.0,0.0,36.78651775326068,36.97687624542884,36.77294371083069,14.0,13.97399795346795,14.024454800102696,0.0,36.0,0.0,0.0,0.0,0.0,0.0,0.0,0.0,0.0,0.0,0.0,0.0
2026-07-10 17:23:28,0.0,0.0,0.0,0.0,0.0,0.0,0.0,0.0,36.810154684482285,37.03885476055036,36.80580039618443,14.0,13.951080348937479,14.021223276307861,0.0,36.0,0.0,0.0,0.0,0.0,0.0,0.0,0.0,0.0,0.0,0.0,0.0
2026-07-10 17:23:29,0.0,0.0,0.0,0.0,0.0,0.0,0.0,0.0,36.640253610103535,37.23489380262922,36.742050405525504,14.0,14.029607061277709,13.971431735816008,0.0,36.0,0.0,0.0,0.0,0.0,0.0,0.0,0.0,0.0,0.0,0.0,0.0
2026-07-10 17:23:29,0.0,0.0,0.0,0.0,0.0,0.0,0.0,0.0,36.60608212760408,36.807134373137934,36.77971845060004,14.0,14.030168877103518,13.975791366441888,0.0,36.0,0.0,0.0,0.0,0.0,0.0,0.0,0.0,0.0,0.0,0.0,0.0
2026-07-10 17:23:30,0.0,0.0,0.0,0.0,0.0,0.0,0.0,0.0,36.8243891808889,36.949367290021094,37.2420716153959,14.0,13.991371590275955,14.019283771669057,0.0,36.0,0.0,0.0,0.0,0.0,0.0,0.0,0.0,0.0,0.0,0.0,0.0
2026-07-10 17:23:30,0.0,0.0,0.0,0.0,0.0,0.0,0.0,0.0,36.559962388683125,37.14943566994103,37.01280528736293,14.0,14.028564030256275,14.006660367804344,0.0,36.0,0.0,0.0,0.0,0.0,0.0,0.0,0.0,0.0,0.0,0.0,0.0
2026-07-10 17:23:31,0.0,0.0,0.0,0.0,0.0,0.0,0.0,0.0,36.62595698915894,37.17437680520684,36.97542576927014,14.0,13.956331167522698,14.02051233753376,0.0,36.0,0.0,0.0,0.0,0.0,0.0,0.0,0.0,0.0,0.0,0.0,0.0
2026-07-10 17:23:31,0.0,0.0,0.0,0.0,0.0,0.0,0.0,0.0,36.51607547854933,36.93399894248691,36.812270949954254,14.0,14.038009121013674,13.96447362033046,0.0,36.0,0.0,0.0,0.0,0.0,0.0,0.0,0.0,0.0,0.0,0.0,0.0
2026-07-10 17:23:32,0.0,0.0,0.0,0.0,0.0,0.0,0.0,0.0,36.72587474126268,36.91343958673477,36.977068156277944,14.0,14.017488043758023,14.006216458887597,0.0,36.0,0.0,0.0,0.0,0.0,0.0,0.0,0.0,0.0,0.0,0.0,0.0
2026-07-10 17:23:32,0.0,0.0,0.0,0.0,0.0,0.0,0.0,0.0,36.89287322877528,37.07545826767747,36.99368879108089,14.0,13.96231783915211,13.992096919380858,0.0,36.0,0.0,0.0,0.0,0.0,0.0,0.0,0.0,0.0,0.0,0.0,0.0
2026-07-10 17:23:33,0.0,0.0,0.0,0.0,0.0,0.0,0.0,0.0,36.88125659997656,37.16421601770348,36.98697865868787,14.0,14.017091457321618,13.993372108590611,0.0,36.0,0.0,0.0,0.0,0.0,0.0,0.0,0.0,0.0,0.0,0.0,0.0
2026-07-10 17:23:33,0.0,0.0,0.0,0.0,0.0,0.0,0.0,0.0,36.89551069113928,37.35329999515215,36.87319103383567,14.0,13.958668311569438,13.952557285103875,0.0,36.0,0.0,0.0,0.0,0.0,0.0,0.0,0.0,0.0,0.0,0.0,0.0
2026-07-10 17:23:34,0.0,0.0,0.0,0.0,0.0,0.0,0.0,0.0,36.92016735012576,37.211087787088076,36.74838177324667,14.0,13.96243362432206,13.95686344896927,0.0,36.0,0.0,0.0,0.0,0.0,0.0,0.0,0.0,0.0,0.0,0.0,0.0
2026-07-10 17:23:34,0.0,0.0,0.0,0.0,0.0,0.0,0.0,0.0,36.844860774805106,37.28042238163512,37.03502290188045,14.0,14.038688106306223,13.95408888141559,0.0,36.0,0.0,0.0,0.0,0.0,0.0,0.0,0.0,0.0,0.0,0.0,0.0
2026-07-10 17:23:35,0.0,0.0,0.0,0.0,0.0,0.0,0.0,0.0,36.55499729212549,37.25168248577915,36.73975065707378,14.0,13.961994033769958,14.009514314725743,0.0,36.0,0.0,0.0,0.0,0.0,0.0,0.0,0.0,0.0,0.0,0.0,0.0
2026-07-10 17:23:35,0.0,0.0,0.0,0.0,0.0,0.0,0.0,0.0,36.73564587864315,37.34101627864139,36.79025292830608,14.0,13.973193277831546,14.012261421531967,0.0,36.0,0.0,0.0,0.0,0.0,0.0,0.0,0.0,0.0,0.0,0.0,0.0
2026-07-10 17:23:36,0.0,0.0,0.0,0.0,0.0,0.0,0.0,0.0,36.73386528153487,37.025909350955146,37.143545875105744,14.0,14.02004385472883,14.0425611692167,0.0,36.0,0.0,0.0,0.0,0.0,0.0,0.0,0.0,0.0,0.0,0.0,0.0
2026-07-10 17:23:36,0.0,0.0,0.0,0.0,0.0,0.0,0.0,0.0,36.572777424317,37.38915299535921,37.01671163084446,14.0,14.021786374577497,13.95479729548297,0.0,36.0,0.0,0.0,0.0,0.0,0.0,0.0,0.0,0.0,0.0,0.0,0.0
2026-07-10 17:23:37,0.0,0.0,0.0,0.0,0.0,0.0,0.0,0.0,36.927998531693454,37.2986137458051,36.88071476424851,14.0,13.965532791609867,14.007175308768675,0.0,36.0,0.0,0.0,0.0,0.0,0.0,0.0,0.0,0.0,0.0,0.0,0.0
2026-07-10 17:23:37,0.0,0.0,0.0,0.0,0.0,0.0,0.0,0.0,36.89295307859423,37.04458482649564,36.99656631515964,14.0,13.953507026016693,14.027231216526744,0.0,36.0,0.0,0.0,0.0,0.0,0.0,0.0,0.0,0.0,0.0,0.0,0.0
2026-07-10 17:23:38,0.0,0.0,0.0,0.0,0.0,0.0,0.0,0.0,36.757461003577255,37.027299919003966,37.14601237840611,14.0,14.028323896109214,14.017108479730876,0.0,36.0,0.0,0.0,0.0,0.0,0.0,0.0,0.0,0.0,0.0,0.0,0.0
2026-07-10 17:23:38,0.0,0.0,0.0,0.0,0.0,0.0,0.0,0.0,36.93386458047622,37.358234313480416,36.78919958857497,14.0,14.042553082069182,14.031724832165922,0.0,36.0,0.0,0.0,0.0,0.0,0.0,0.0,0.0,0.0,0.0,0.0,0.0
2026-07-10 17:23:39,0.0,0.0,0.0,0.0,0.0,0.0,0.0,0.0,36.874730006954564,37.284723338882856,36.9994713418198,14.0,13.984258437772286,13.990142148530268,0.0,36.0,0.0,0.0,0.0,0.0,0.0,0.0,0.0,0.0,0.0,0.0,0.0
2026-07-10 17:23:39,0.0,0.0,0.0,0.0,0.0,0.0,0.0,0.0,36.9383643941598,36.89466236291926,37.27880602895829,14.0,13.956626965903434,13.993107143759469,0.0,36.0,0.0,0.0,0.0,0.0,0.0,0.0,0.0,0.0,0.0,0.0,0.0
2026-07-10 17:23:40,0.0,0.0,0.0,0.0,0.0,0.0,0.0,0.0,36.72848527962159,36.92940158857286,37.14858421672654,14.0,14.028427527688905,13.978260480192183,0.0,36.0,0.0,0.0,0.0,0.0,0.0,0.0,0.0,0.0,0.0,0.0,0.0
2026-07-10 17:23:40,0.0,0.0,0.0,0.0,0.0,0.0,0.0,0.0,37.09290444747712,37.26089169362386,37.211034250200264,14.0,13.952671813419814,14.001548458239192,0.0,36.0,0.0,0.0,0.0,0.0,0.0,0.0,0.0,0.0,0.0,0.0,0.0
2026-07-10 17:23:41,0.0,0.0,0.0,0.0,0.0,0.0,0.0,0.0,37.04271960559689,36.85664220985652,36.73434675506611,14.0,14.01135449681333,13.993439573102025,0.0,36.0,0.0,0.0,0.0,0.0,0.0,0.0,0.0,0.0,0.0,0.0,0.0
2026-07-10 17:23:41,0.0,0.0,0.0,0.0,0.0,0.0,0.0,0.0,37.08027076454923,37.315001849644084,37.15591995710049,14.0,13.95464660940811,13.993109121031422,0.0,36.0,0.0,0.0,0.0,0.0,0.0,0.0,0.0,0.0,0.0,0.0,0.0
2026-07-10 17:23:42,0.0,0.0,0.0,0.0,0.0,0.0,0.0,0.0,36.873588206084214,37.13865598037427,37.17027041143897,14.0,13.974479307315134,14.01851929702438,0.0,36.0,0.0,0.0,0.0,0.0,0.0,0.0,0.0,0.0,0.0,0.0,0.0
2026-07-10 17:23:42,0.0,0.0,0.0,0.0,0.0,0.0,0.0,0.0,36.56751466576846,37.033257564226396,37.16160189579252,14.0,13.955486783055363,14.039532781405265,0.0,36.0,0.0,0.0,0.0,0.0,0.0,0.0,0.0,0.0,0.0,0.0,0.0
2026-07-10 17:23:43,0.0,0.0,0.0,0.0,0.0,0.0,0.0,0.0,37.036197149900566,36.82470858316119,37.09339466285642,14.0,14.004218365315355,13.956895910287203,0.0,36.0,0.0,0.0,0.0,0.0,0.0,0.0,0.0,0.0,0.0,0.0,0.0
2026-07-10 17:23:43,0.0,0.0,0.0,0.0,0.0,0.0,0.0,0.0,36.86029037334737,37.12134295150264,37.12691512824134,14.0,13.993823933050738,13.967213342512999,0.0,36.0,0.0,0.0,0.0,0.0,0.0,0.0,0.0,0.0,0.0,0.0,0.0
2026-07-10 17:23:44,0.0,0.0,0.0,0.0,0.0,0.0,0.0,0.0,36.72969646559649,36.84193249771583,36.9625459718671,14.0,13.955362591507459,14.002728187098384,0.0,36.0,0.0,0.0,0.0,0.0,0.0,0.0,0.0,0.0,0.0,0.0,0.0
2026-07-10 17:23:44,0.0,0.0,0.0,0.0,0.0,0.0,0.0,0.0,36.56691533714771,36.93266248198688,36.95917459989337,14.0,14.044408849187755,13.976350887574517,0.0,36.0,0.0,0.0,0.0,0.0,0.0,0.0,0.0,0.0,0.0,0.0,0.0
2026-07-10 17:23:45,0.0,0.0,0.0,0.0,0.0,0.0,0.0,0.0,36.92933723232389,37.10417679926672,37.08854660797572,14.0,14.049220019867663,14.012939712043584,0.0,36.0,0.0,0.0,0.0,0.0,0.0,0.0,0.0,0.0,0.0,0.0,0.0
2026-07-10 17:23:45,0.0,0.0,0.0,0.0,0.0,0.0,0.0,0.0,36.628495357144246,37.190287854814756,36.79496731674415,14.0,14.013783960720161,13.958818097607269,0.0,36.0,0.0,0.0,0.0,0.0,0.0,0.0,0.0,0.0,0.0,0.0,0.0
2026-07-10 17:23:46,0.0,0.0,0.0,0.0,0.0,0.0,0.0,0.0,36.75987460779781,36.82717964896612,37.267998301322805,14.0,13.994134271151664,14.041312988811951,0.0,36.0,0.0,0.0,0.0,0.0,0.0,0.0,0.0,0.0,0.0,0.0,0.0
2026-07-10 17:23:46,0.0,0.0,0.0,0.0,0.0,0.0,0.0,0.0,36.57609689339085,37.23932125688639,36.93135367795757,14.0,13.970600513065703,13.957369024915815,0.0,36.0,0.0,0.0,0.0,0.0,0.0,0.0,0.0,0.0,0.0,0.0,0.0
2026-07-10 17:23:47,0.0,0.0,0.0,0.0,0.0,0.0,0.0,0.0,36.983654358956386,37.060929272454814,37.2460668759838,14.0,13.99569992867555,13.951122732875955,0.0,36.0,0.0,0.0,0.0,0.0,0.0,0.0,0.0,0.0,0.0,0.0,0.0
2026-07-10 17:23:47,0.0,0.0,0.0,0.0,0.0,0.0,0.0,0.0,36.87809565405699,37.26858263690627,36.82677535394469,14.0,14.029630045291887,14.030515398686855,0.0,36.0,0.0,0.0,0.0,0.0,0.0,0.0,0.0,0.0,0.0,0.0,0.0
2026-07-10 17:23:48,0.0,0.0,0.0,0.0,0.0,0.0,0.0,0.0,36.79896323160046,36.81916400211571,37.146319050984026,14.0,13.988353245011217,14.025141258992297,0.0,36.0,0.0,0.0,0.0,0.0,0.0,0.0,0.0,0.0,0.0,0.0,0.0
2026-07-10 17:23:48,0.0,0.0,0.0,0.0,0.0,0.0,0.0,0.0,36.921853995637306,37.36734993984931,37.02045557804326,14.0,13.999694023580753,13.972349603723359,0.0,36.0,0.0,0.0,0.0,0.0,0.0,0.0,0.0,0.0,0.0,0.0,0.0
2026-07-10 17:23:49,0.0,0.0,0.0,0.0,0.0,0.0,0.0,0.0,36.5017294448362,37.00186934140186,37.031761482995954,14.0,14.010464926203959,14.048105212274713,0.0,36.0,0.0,0.0,0.0,0.0,0.0,0.0,0.0,0.0,0.0,0.0,0.0
2026-07-10 17:23:49,0.0,0.0,0.0,0.0,0.0,0.0,0.0,0.0,36.77350996527652,37.07509944018997,37.00053625418007,14.0,13.953370787719102,13.96014665790208,0.0,36.0,0.0,0.0,0.0,0.0,0.0,0.0,0.0,0.0,0.0,0.0,0.0
2026-07-10 17:23:50,0.0,0.0,0.0,0.0,0.0,0.0,0.0,0.0,36.60905058369562,36.80549799563472,36.754619955562084,14.0,13.967837490427828,14.026029858589828,0.0,36.0,0.0,0.0,0.0,0.0,0.0,0.0,0.0,0.0,0.0,0.0,0.0
2026-07-10 17:23:50,0.0,0.0,0.0,0.0,0.0,0.0,0.0,0.0,36.77785394793719,36.87947813633803,36.94251167267323,14.0,14.040585902595001,13.98953179656042,0.0,36.0,0.0,0.0,0.0,0.0,0.0,0.0,0.0,0.0,0.0,0.0,0.0
2026-07-10 17:23:51,0.0,0.0,0.0,0.0,0.0,0.0,0.0,0.0,36.57504057743549,37.17077232092176,37.22935875044384,14.0,14.023986906365709,14.047974134697018,0.0,36.0,0.0,0.0,0.0,0.0,0.0,0.0,0.0,0.0,0.0,0.0,0.0
2026-07-10 17:23:51,0.0,0.0,0.0,0.0,0.0,0.0,0.0,0.0,36.60188520738798,37.09237198146337,36.747465096382875,14.0,13.979944050982684,14.005889223515334,0.0,36.0,0.0,0.0,0.0,0.0,0.0,0.0,0.0,0.0,0.0,0.0,0.0
2026-07-10 17:23:52,0.0,0.0,0.0,0.0,0.0,0.0,0.0,0.0,36.99238126459163,36.9428739584198,36.862238499817096,14.0,14.020117575132362,13.970511074247677,0.0,36.0,0.0,0.0,0.0,0.0,0.0,0.0,0.0,0.0,0.0,0.0,0.0
2026-07-10 17:23:52,0.0,0.0,0.0,0.0,0.0,0.0,0.0,0.0,36.52444103357363,36.809810873871214,37.10602925011397,14.0,14.018324113300718,14.00608910318157,0.0,36.0,0.0,0.0,0.0,0.0,0.0,0.0,0.0,0.0,0.0,0.0,0.0
2026-07-10 17:23:53,0.0,0.0,0.0,0.0,0.0,0.0,0.0,0.0,37.01802771185776,37.36114339505192,37.00765486855167,14.0,13.963236535535863,14.031270420533156,0.0,36.0,0.0,0.0,0.0,0.0,0.0,0.0,0.0,0.0,0.0,0.0,0.0
2026-07-10 17:23:53,0.0,0.0,0.0,0.0,0.0,0.0,0.0,0.0,36.65759349013313,36.90202402290216,37.022527291259024,14.0,13.99029343994174,14.029184227557918,0.0,36.0,0.0,0.0,0.0,0.0,0.0,0.0,0.0,0.0,0.0,0.0,0.0
2026-07-10 17:23:54,0.0,0.0,0.0,0.0,0.0,0.0,0.0,0.0,36.734361291359775,36.89192062248145,36.83875044212078,14.0,13.97008521713989,13.982053675672468,0.0,36.0,0.0,0.0,0.0,0.0,0.0,0.0,0.0,0.0,0.0,0.0,0.0
2026-07-10 17:23:54,0.0,0.0,0.0,0.0,0.0,0.0,0.0,0.0,37.06912246017821,36.83617074687205,36.99331909495342,14.0,14.04577869861278,14.007938832528742,0.0,36.0,0.0,0.0,0.0,0.0,0.0,0.0,0.0,0.0,0.0,0.0,0.0
2026-07-10 17:23:55,0.0,0.0,0.0,0.0,0.0,0.0,0.0,0.0,36.70704197445822,37.18906871165389,37.08725378088901,14.0,13.97680011979064,14.01129719511091,0.0,36.0,0.0,0.0,0.0,0.0,0.0,0.0,0.0,0.0,0.0,0.0,0.0
2026-07-10 17:23:55,0.0,0.0,0.0,0.0,0.0,0.0,0.0,0.0,36.866838691164844,37.043642296925334,36.96283704586292,14.0,13.970701636563991,14.038996378595634,0.0,36.0,0.0,0.0,0.0,0.0,0.0,0.0,0.0,0.0,0.0,0.0,0.0
2026-07-10 17:23:56,0.0,0.0,0.0,0.0,0.0,0.0,0.0,0.0,36.870975469487746,36.90831804555709,37.27025992104748,14.0,13.979057725829206,14.038518555952411,0.0,36.0,0.0,0.0,0.0,0.0,0.0,0.0,0.0,0.0,0.0,0.0,0.0
2026-07-10 17:23:56,0.0,0.0,0.0,0.0,0.0,0.0,0.0,0.0,36.99725742193945,36.88393250336461,36.73279364531055,14.0,13.979480222318088,14.032688578345706,0.0,36.0,0.0,0.0,0.0,0.0,0.0,0.0,0.0,0.0,0.0,0.0,0.0
2026-07-10 17:23:57,0.0,0.0,0.0,0.0,0.0,0.0,0.0,0.0,36.68762933418654,37.20539392371818,37.05479283071346,14.0,14.026728908648023,14.027154099987959,0.0,36.0,0.0,0.0,0.0,0.0,0.0,0.0,0.0,0.0,0.0,0.0,0.0
2026-07-10 17:23:57,0.0,0.0,0.0,0.0,0.0,0.0,0.0,0.0,36.809897128970285,36.80667047274561,37.226784295618494,14.0,13.989832722369597,14.004421814580825,0.0,36.0,0.0,0.0,0.0,0.0,0.0,0.0,0.0,0.0,0.0,0.0,0.0
2026-07-10 17:23:58,0.0,0.0,0.0,0.0,0.0,0.0,0.0,0.0,36.522410772886374,37.145913241256736,37.2225776675481,14.0,14.003851805037746,14.005811727022811,0.0,36.0,0.0,0.0,0.0,0.0,0.0,0.0,0.0,0.0,0.0,0.0,0.0
2026-07-10 17:23:58,0.0,0.0,0.0,0.0,0.0,0.0,0.0,0.0,36.69438986869185,37.198366353338706,37.287935732976585,14.0,14.037682453191575,14.026931677426258,0.0,36.0,0.0,0.0,0.0,0.0,0.0,0.0,0.0,0.0,0.0,0.0,0.0
2026-07-10 17:23:59,0.0,0.0,0.0,0.0,0.0,0.0,0.0,0.0,36.58933918294516,37.198106647809574,37.2815421211847,14.0,13.950261718374993,14.034702588334415,0.0,36.0,0.0,0.0,0.0,0.0,0.0,0.0,0.0,0.0,0.0,0.0,0.0
2026-07-10 17:23:59,0.0,0.0,0.0,0.0,0.0,0.0,0.0,0.0,36.85228654980035,36.99151992809553,36.905821755473006,14.0,14.003720646898733,13.984698469698158,0.0,36.0,0.0,0.0,0.0,0.0,0.0,0.0,0.0,0.0,0.0,0.0,0.0
2026-07-10 17:24:00,0.0,0.0,0.0,0.0,0.0,0.0,0.0,0.0,36.75483442593534,36.921584892997956,37.14139619019667,14.0,14.003788910480056,13.961567347308721,0.0,36.0,0.0,0.0,0.0,0.0,0.0,0.0,0.0,0.0,0.0,0.0,0.0
2026-07-10 17:24:00,0.0,0.0,0.0,0.0,0.0,0.0,0.0,0.0,36.98443452188639,36.9384734068885,37.11670550403041,14.0,13.97767467006243,14.020340877349234,0.0,36.0,0.0,0.0,0.0,0.0,0.0,0.0,0.0,0.0,0.0,0.0,0.0
2026-07-10 17:24:01,0.0,0.0,0.0,0.0,0.0,0.0,0.0,0.0,36.654509556522605,36.94321906434852,37.270314635815474,14.0,13.964859692209616,13.963654908068632,0.0,36.0,0.0,0.0,0.0,0.0,0.0,0.0,0.0,0.0,0.0,0.0,0.0
2026-07-10 17:24:01,0.0,0.0,0.0,0.0,0.0,0.0,0.0,0.0,36.608359567111094,37.26923709725127,37.15375568381754,14.0,13.96411205212982,14.00067982257989,0.0,36.0,0.0,0.0,0.0,0.0,0.0,0.0,0.0,0.0,0.0,0.0,0.0
2026-07-10 17:24:02,0.0,0.0,0.0,0.0,0.0,0.0,0.0,0.0,36.61935184913221,37.14669818102313,37.237461950569106,14.0,13.983109336714538,13.962440496683513,0.0,36.0,0.0,0.0,0.0,0.0,0.0,0.0,0.0,0.0,0.0,0.0,0.0
2026-07-10 17:24:02,0.0,0.0,0.0,0.0,0.0,0.0,0.0,0.0,36.802140620641964,37.08642600773737,36.79833900373932,14.0,14.015918646125028,14.044212490113633,0.0,36.0,0.0,0.0,0.0,0.0,0.0,0.0,0.0,0.0,0.0,0.0,0.0
2026-07-10 17:24:03,0.0,0.0,0.0,0.0,0.0,0.0,0.0,0.0,36.75271570196447,37.25808371086679,36.8230918166715,14.0,13.98100830359594,14.034547832561083,0.0,36.0,0.0,0.0,0.0,0.0,0.0,0.0,0.0,0.0,0.0,0.0,0.0
2026-07-10 17:24:03,0.0,0.0,0.0,0.0,0.0,0.0,0.0,0.0,36.67269537378306,37.01304758234872,37.18690017137933,14.0,13.997776661276175,14.045447266894213,0.0,36.0,0.0,0.0,0.0,0.0,0.0,0.0,0.0,0.0,0.0,0.0,0.0
2026-07-10 17:24:04,0.0,0.0,0.0,0.0,0.0,0.0,0.0,0.0,36.61060190800495,37.13908159336432,36.9241034344405,14.0,14.041694849470643,14.015827021066507,0.0,36.0,0.0,0.0,0.0,0.0,0.0,0.0,0.0,0.0,0.0,0.0,0.0
2026-07-10 17:24:04,0.0,0.0,0.0,0.0,0.0,0.0,0.0,0.0,36.61050887959768,37.32263352843805,37.15099993837097,14.0,13.975712020833482,13.97218653946979,0.0,36.0,0.0,0.0,0.0,0.0,0.0,0.0,0.0,0.0,0.0,0.0,0.0
2026-07-10 17:24:05,0.0,0.0,0.0,0.0,0.0,0.0,0.0,0.0,36.51319836687648,37.17667032240653,37.16660835838564,14.0,13.9940224271601,14.042710898089931,0.0,36.0,0.0,0.0,0.0,0.0,0.0,0.0,0.0,0.0,0.0,0.0,0.0
2026-07-10 17:24:05,0.0,0.0,0.0,0.0,0.0,0.0,0.0,0.0,37.022133273675934,37.02096537654178,36.89441639111086,14.0,14.005955511926269,14.032170335734751,0.0,36.0,0.0,0.0,0.0,0.0,0.0,0.0,0.0,0.0,0.0,0.0,0.0
2026-07-10 17:24:06,0.0,0.0,0.0,0.0,0.0,0.0,0.0,0.0,36.7234419091709,37.03053791896568,36.78659659956986,14.0,13.996972170103453,13.965686334648206,0.0,36.0,0.0,0.0,0.0,0.0,0.0,0.0,0.0,0.0,0.0,0.0,0.0
2026-07-10 17:24:06,0.0,0.0,0.0,0.0,0.0,0.0,0.0,0.0,36.8542940691214,36.84000772474066,36.9811359153486,14.0,13.952234347149405,14.039161164511576,0.0,36.0,0.0,0.0,0.0,0.0,0.0,0.0,0.0,0.0,0.0,0.0,0.0
2026-07-10 17:24:07,0.0,0.0,0.0,0.0,0.0,0.0,0.0,0.0,36.801419875227566,36.93099037270786,37.29962347347334,14.0,13.962137304702837,14.027575846627586,0.0,36.0,0.0,0.0,0.0,0.0,0.0,0.0,0.0,0.0,0.0,0.0,0.0
2026-07-10 17:24:07,0.0,0.0,0.0,0.0,0.0,0.0,0.0,0.0,36.63357915798753,36.98201767865427,37.29808127258268,14.0,14.022993936237377,14.017372141968506,0.0,36.0,0.0,0.0,0.0,0.0,0.0,0.0,0.0,0.0,0.0,0.0,0.0
2026-07-10 17:24:08,0.0,0.0,0.0,0.0,0.0,0.0,0.0,0.0,37.01019502236327,37.30650513050453,37.25739425205054,14.0,14.022194153170446,13.976942113432873,0.0,36.0,0.0,0.0,0.0,0.0,0.0,0.0,0.0,0.0,0.0,0.0,0.0
2026-07-10 17:24:08,0.0,0.0,0.0,0.0,0.0,0.0,0.0,0.0,36.95187478895971,36.80815560581647,36.9615966332014,14.0,13.996060889366875,14.011778830024483,0.0,36.0,0.0,0.0,0.0,0.0,0.0,0.0,0.0,0.0,0.0,0.0,0.0
2026-07-10 17:24:09,0.0,0.0,0.0,0.0,0.0,0.0,0.0,0.0,36.66357853363344,36.819824615098696,37.088394364249815,14.0,13.956162162202448,13.963714418983631,0.0,36.0,0.0,0.0,0.0,0.0,0.0,0.0,0.0,0.0,0.0,0.0,0.0
2026-07-10 17:24:09,0.0,0.0,0.0,0.0,0.0,0.0,0.0,0.0,36.670038259934714,36.99929905347204,36.81745347006648,14.0,14.038919897448448,13.999415090180303,0.0,36.0,0.0,0.0,0.0,0.0,0.0,0.0,0.0,0.0,0.0,0.0,0.0
2026-07-10 17:24:10,0.0,0.0,0.0,0.0,0.0,0.0,0.0,0.0,36.51676096161102,37.39990796893365,36.819220177884176,14.0,13.974336094380675,14.010931761966473,0.0,36.0,0.0,0.0,0.0,0.0,0.0,0.0,0.0,0.0,0.0,0.0,0.0
2026-07-10 17:24:10,0.0,0.0,0.0,0.0,0.0,0.0,0.0,0.0,36.91916806779926,37.38982756216499,36.99702328213753,14.0,13.99147439957828,14.035321070957961,0.0,36.0,0.0,0.0,0.0,0.0,0.0,0.0,0.0,0.0,0.0,0.0,0.0
2026-07-10 17:24:11,0.0,0.0,0.0,0.0,0.0,0.0,0.0,0.0,36.94537062185875,37.21986118357087,36.71015199022204,14.0,13.989126483329969,14.002007844402552,0.0,36.0,0.0,0.0,0.0,0.0,0.0,0.0,0.0,0.0,0.0,0.0,0.0
2026-07-10 17:24:11,0.0,0.0,0.0,0.0,0.0,0.0,0.0,0.0,36.95359698744334,37.244183637574096,37.2111104258013,14.0,14.022768750654688,13.97688922057729,0.0,36.0,0.0,0.0,0.0,0.0,0.0,0.0,0.0,0.0,0.0,0.0,0.0
2026-07-10 17:24:12,0.0,0.0,0.0,0.0,0.0,0.0,0.0,0.0,36.55669484016479,37.05821824587088,37.29661118166594,14.0,14.023035112034789,14.03640461389572,0.0,36.0,0.0,0.0,0.0,0.0,0.0,0.0,0.0,0.0,0.0,0.0,0.0
2026-07-10 17:24:12,0.0,0.0,0.0,0.0,0.0,0.0,0.0,0.0,36.80248324522017,37.02107102042773,37.0115881724618,14.0,13.956680539245143,13.969681097437064,0.0,36.0,0.0,0.0,0.0,0.0,0.0,0.0,0.0,0.0,0.0,0.0,0.0
2026-07-10 17:24:13,0.0,0.0,0.0,0.0,0.0,0.0,0.0,0.0,36.884313234126886,37.27710062868518,37.02753503990816,14.0,13.954745396930441,14.044815987260371,0.0,36.0,0.0,0.0,0.0,0.0,0.0,0.0,0.0,0.0,0.0,0.0,0.0
2026-07-10 17:24:13,0.0,0.0,0.0,0.0,0.0,0.0,0.0,0.0,36.68341790061184,37.215325621332575,37.23316918044812,14.0,13.979463706798963,13.992559471743496,0.0,36.0,0.0,0.0,0.0,0.0,0.0,0.0,0.0,0.0,0.0,0.0,0.0
2026-07-10 17:24:14,0.0,0.0,0.0,0.0,0.0,0.0,0.0,0.0,36.75562598876591,37.27960098991236,37.052941952432114,14.0,14.04396640056755,13.953097460611037,0.0,36.0,0.0,0.0,0.0,0.0,0.0,0.0,0.0,0.0,0.0,0.0,0.0
2026-07-10 17:24:14,0.0,0.0,0.0,0.0,0.0,0.0,0.0,0.0,36.77199994053241,37.07204297010911,37.10621852760755,14.0,13.986794040491453,14.005514962671858,0.0,36.0,0.0,0.0,0.0,0.0,0.0,0.0,0.0,0.0,0.0,0.0,0.0
2026-07-10 17:24:15,0.0,0.0,0.0,0.0,0.0,0.0,0.0,0.0,37.07382320689912,37.29345317903784,37.11573905358785,14.0,13.966234374445447,13.983844524511786,0.0,36.0,0.0,0.0,0.0,0.0,0.0,0.0,0.0,0.0,0.0,0.0,0.0
2026-07-10 17:24:15,0.0,0.0,0.0,0.0,0.0,0.0,0.0,0.0,36.877597162085266,37.390856370452916,37.078394012194174,14.0,14.003018190845033,13.990588734439351,0.0,36.0,0.0,0.0,0.0,0.0,0.0,0.0,0.0,0.0,0.0,0.0,0.0
2026-07-10 17:24:16,0.0,0.0,0.0,0.0,0.0,0.0,0.0,0.0,37.00574227019023,36.95795580310849,36.967621556472594,14.0,14.029156727688312,13.988430632627702,0.0,36.0,0.0,0.0,0.0,0.0,0.0,0.0,0.0,0.0,0.0,0.0,0.0
2026-07-10 17:24:16,0.0,0.0,0.0,0.0,0.0,0.0,0.0,0.0,36.714430908987175,37.27584717077925,37.096844440935904,14.0,13.980628662302102,14.028636999474859,0.0,36.0,0.0,0.0,0.0,0.0,0.0,0.0,0.0,0.0,0.0,0.0,0.0
2026-07-10 17:24:17,0.0,0.0,0.0,0.0,0.0,0.0,0.0,0.0,36.506726825467574,37.39483257622939,37.02921776314776,14.0,14.006507356308026,14.006394692084388,0.0,36.0,0.0,0.0,0.0,0.0,0.0,0.0,0.0,0.0,0.0,0.0,0.0
2026-07-10 17:24:17,0.0,0.0,0.0,0.0,0.0,0.0,0.0,0.0,36.83437855808017,37.34012048033574,36.74649028186917,14.0,14.011190607882847,14.023473683702978,0.0,36.0,0.0,0.0,0.0,0.0,0.0,0.0,0.0,0.0,0.0,0.0,0.0
2026-07-10 17:24:18,0.0,0.0,0.0,0.0,0.0,0.0,0.0,0.0,36.56058581938794,37.01074141594674,36.95002550095587,14.0,13.967760817093287,13.954409401378253,0.0,36.0,0.0,0.0,0.0,0.0,0.0,0.0,0.0,0.0,0.0,0.0,0.0
2026-07-10 17:24:18,0.0,0.0,0.0,0.0,0.0,0.0,0.0,0.0,36.93031506984479,37.121070379642916,37.27343065218491,14.0,13.975281971838687,14.039765777386808,0.0,36.0,0.0,0.0,0.0,0.0,0.0,0.0,0.0,0.0,0.0,0.0,0.0
2026-07-10 17:24:19,0.0,0.0,0.0,0.0,0.0,0.0,0.0,0.0,36.53767257391568,37.125268726108374,36.80347980214479,14.0,14.038933767111928,13.989549790851848,0.0,36.0,0.0,0.0,0.0,0.0,0.0,0.0,0.0,0.0,0.0,0.0,0.0
2026-07-10 17:24:19,0.0,0.0,0.0,0.0,0.0,0.0,0.0,0.0,36.84939732026509,37.320058030375044,36.94253112298057,14.0,14.018545081866629,13.98648111394981,0.0,36.0,0.0,0.0,0.0,0.0,0.0,0.0,0.0,0.0,0.0,0.0,0.0
2026-07-10 17:24:20,0.0,0.0,0.0,0.0,0.0,0.0,0.0,0.0,36.93680619843888,37.063882437351246,36.931684845605595,14.0,13.97149556375768,14.04088836736526,0.0,36.0,0.0,0.0,0.0,0.0,0.0,0.0,0.0,0.0,0.0,0.0,0.0
2026-07-10 17:24:20,0.0,0.0,0.0,0.0,0.0,0.0,0.0,0.0,36.960189891870556,37.239874302985164,36.7541494286472,14.0,14.020122877829127,14.047619097087894,0.0,36.0,0.0,0.0,0.0,0.0,0.0,0.0,0.0,0.0,0.0,0.0,0.0
2026-07-10 17:24:21,0.0,0.0,0.0,0.0,0.0,0.0,0.0,0.0,37.07720432387171,37.391980847272976,36.97080763760547,14.0,13.973950684934717,13.97654731134925,0.0,36.0,0.0,0.0,0.0,0.0,0.0,0.0,0.0,0.0,0.0,0.0,0.0
2026-07-10 17:24:21,0.0,0.0,0.0,0.0,0.0,0.0,0.0,0.0,37.090693357788275,36.88738447119804,36.994961775283684,14.0,13.956966884308796,13.99087755088821,0.0,36.0,0.0,0.0,0.0,0.0,0.0,0.0,0.0,0.0,0.0,0.0,0.0
2026-07-10 17:24:22,0.0,0.0,0.0,0.0,0.0,0.0,0.0,0.0,36.526804351033896,37.21132561741996,36.85830313424383,14.0,14.047494970078203,13.98978715803584,0.0,36.0,0.0,0.0,0.0,0.0,0.0,0.0,0.0,0.0,0.0,0.0,0.0
2026-07-10 17:24:22,0.0,0.0,0.0,0.0,0.0,0.0,0.0,0.0,36.98396697172454,37.14066772728004,37.19559046835947,14.0,14.030521311709487,14.047287231081858,0.0,36.0,0.0,0.0,0.0,0.0,0.0,0.0,0.0,0.0,0.0,0.0,0.0
2026-07-10 17:24:23,0.0,0.0,0.0,0.0,0.0,0.0,0.0,0.0,36.683344430142846,37.36293788454669,37.00459201328623,14.0,14.006798152094678,14.018245907296716,0.0,36.0,0.0,0.0,0.0,0.0,0.0,0.0,0.0,0.0,0.0,0.0,0.0
2026-07-10 17:24:23,0.0,0.0,0.0,0.0,0.0,0.0,0.0,0.0,36.799713459433256,36.995443376443866,36.92880225405688,14.0,14.04766842337705,13.96532807292299,0.0,36.0,0.0,0.0,0.0,0.0,0.0,0.0,0.0,0.0,0.0,0.0,0.0
2026-07-10 17:24:24,0.0,0.0,0.0,0.0,0.0,0.0,0.0,0.0,36.63516823655323,37.26650152516412,36.953027863666826,14.0,14.003776605514297,13.971910648630132,0.0,36.0,0.0,0.0,0.0,0.0,0.0,0.0,0.0,0.0,0.0,0.0,0.0
2026-07-10 17:24:24,0.0,0.0,0.0,0.0,0.0,0.0,0.0,0.0,36.9638435126959,36.98030427179893,37.03677868129217,14.0,14.011142061771881,14.043475131504243,0.0,36.0,0.0,0.0,0.0,0.0,0.0,0.0,0.0,0.0,0.0,0.0,0.0
2026-07-10 17:24:25,0.0,0.0,0.0,0.0,0.0,0.0,0.0,0.0,36.85700645255739,36.80182081108038,36.880306683891824,14.0,13.975549090210752,13.956335590133293,0.0,36.0,0.0,0.0,0.0,0.0,0.0,0.0,0.0,0.0,0.0,0.0,0.0
2026-07-10 17:24:25,0.0,0.0,0.0,0.0,0.0,0.0,0.0,0.0,37.04717982505021,36.84107211933163,36.723600406148826,14.0,13.978896273780705,13.981658652235726,0.0,36.0,0.0,0.0,0.0,0.0,0.0,0.0,0.0,0.0,0.0,0.0,0.0
2026-07-10 17:24:26,0.0,0.0,0.0,0.0,0.0,0.0,0.0,0.0,36.96936395063461,36.82696255525468,37.27057261565939,14.0,13.953927053877647,14.048240009557535,0.0,36.0,0.0,0.0,0.0,0.0,0.0,0.0,0.0,0.0,0.0,0.0,0.0
2026-07-10 17:24:26,0.0,0.0,0.0,0.0,0.0,0.0,0.0,0.0,36.89986753703416,37.1073312649593,37.22119535446956,14.0,13.996288249384294,14.031565593969624,0.0,36.0,0.0,0.0,0.0,0.0,0.0,0.0,0.0,0.0,0.0,0.0,0.0
2026-07-10 17:24:27,0.0,0.0,0.0,0.0,0.0,0.0,0.0,0.0,36.777261646634194,37.19898717816953,36.92886280089754,14.0,14.024581007157733,14.047725657713585,0.0,36.0,0.0,0.0,0.0,0.0,0.0,0.0,0.0,0.0,0.0,0.0,0.0
2026-07-10 17:24:27,0.0,0.0,0.0,0.0,0.0,0.0,0.0,0.0,36.76651448190175,37.321835138026714,36.850152995199714,14.0,13.969954915163184,14.012267664001884,0.0,36.0,0.0,0.0,0.0,0.0,0.0,0.0,0.0,0.0,0.0,0.0,0.0
2026-07-10 17:24:28,0.0,0.0,0.0,0.0,0.0,0.0,0.0,0.0,36.81634742383052,37.27293048564988,36.97262517814745,14.0,14.02099440545736,13.95581842791641,0.0,36.0,0.0,0.0,0.0,0.0,0.0,0.0,0.0,0.0,0.0,0.0,0.0
2026-07-10 17:24:28,0.0,0.0,0.0,0.0,0.0,0.0,0.0,0.0,36.722296925190875,36.99757822567255,36.974252044101185,14.0,14.012997249134642,14.024394650315054,0.0,36.0,0.0,0.0,0.0,0.0,0.0,0.0,0.0,0.0,0.0,0.0,0.0
2026-07-10 17:24:29,0.0,0.0,0.0,0.0,0.0,0.0,0.0,0.0,36.781302297352816,37.14286325599368,37.207795101920794,14.0,14.008898997091167,14.045901546364885,0.0,36.0,0.0,0.0,0.0,0.0,0.0,0.0,0.0,0.0,0.0,0.0,0.0
2026-07-10 17:24:29,0.0,0.0,0.0,0.0,0.0,0.0,0.0,0.0,36.65976838819818,36.92926675207874,37.08116501581517,14.0,13.999968671430512,13.965929266130692,0.0,36.0,0.0,0.0,0.0,0.0,0.0,0.0,0.0,0.0,0.0,0.0,0.0
2026-07-10 17:24:30,0.0,0.0,0.0,0.0,0.0,0.0,0.0,0.0,37.08084270597804,37.26596861765547,36.759282232795734,14.0,14.010605308092927,14.041621931681199,0.0,36.0,0.0,0.0,0.0,0.0,0.0,0.0,0.0,0.0,0.0,0.0,0.0
2026-07-10 17:24:30,0.0,0.0,0.0,0.0,0.0,0.0,0.0,0.0,37.01428291573277,36.92553179110575,36.98468319861156,14.0,13.950894225626277,14.007345459045807,0.0,36.0,0.0,0.0,0.0,0.0,0.0,0.0,0.0,0.0,0.0,0.0,0.0
2026-07-10 17:24:31,0.0,0.0,0.0,0.0,0.0,0.0,0.0,0.0,36.947123510514146,37.18693352499938,36.86821474069585,14.0,14.043140493625831,14.014465809884708,0.0,36.0,0.0,0.0,0.0,0.0,0.0,0.0,0.0,0.0,0.0,0.0,0.0
2026-07-10 17:24:31,0.0,0.0,0.0,0.0,0.0,0.0,0.0,0.0,36.500498914888254,36.92929543887363,37.14074479657578,14.0,14.002288689501974,13.999954496585563,0.0,36.0,0.0,0.0,0.0,0.0,0.0,0.0,0.0,0.0,0.0,0.0,0.0
2026-07-10 17:24:32,0.0,0.0,0.0,0.0,0.0,0.0,0.0,0.0,36.91698175597971,37.22540195480565,37.11147102795674,14.0,14.016128236453065,14.008949200999096,0.0,36.0,0.0,0.0,0.0,0.0,0.0,0.0,0.0,0.0,0.0,0.0,0.0
2026-07-10 17:24:32,0.0,0.0,0.0,0.0,0.0,0.0,0.0,0.0,36.724653585406706,37.32395109563763,37.25149480565721,14.0,14.024048954827776,13.972323598988666,0.0,36.0,0.0,0.0,0.0,0.0,0.0,0.0,0.0,0.0,0.0,0.0,0.0
2026-07-10 17:24:33,0.0,0.0,0.0,0.0,0.0,0.0,0.0,0.0,36.8953062813839,36.97850321589139,36.71577959451825,14.0,14.037362315444222,14.022594392389436,0.0,36.0,0.0,0.0,0.0,0.0,0.0,0.0,0.0,0.0,0.0,0.0,0.0
2026-07-10 17:24:33,0.0,0.0,0.0,0.0,0.0,0.0,0.0,0.0,36.75891197812368,37.365463783523076,37.25342708482816,14.0,13.980853302328473,13.955681254018725,0.0,36.0,0.0,0.0,0.0,0.0,0.0,0.0,0.0,0.0,0.0,0.0,0.0
2026-07-10 17:24:34,0.0,0.0,0.0,0.0,0.0,0.0,0.0,0.0,36.51105263936425,37.176902749332434,37.0223133142983,14.0,13.953696590853935,14.047006795787741,0.0,36.0,0.0,0.0,0.0,0.0,0.0,0.0,0.0,0.0,0.0,0.0,0.0
2026-07-10 17:24:34,0.0,0.0,0.0,0.0,0.0,0.0,0.0,0.0,36.63306930833185,37.023868970481,36.84025921823552,14.0,13.995851712883455,14.0036200493582,0.0,36.0,0.0,0.0,0.0,0.0,0.0,0.0,0.0,0.0,0.0,0.0,0.0
2026-07-10 17:24:35,0.0,0.0,0.0,0.0,0.0,0.0,0.0,0.0,37.05063924897107,37.080017580896396,37.26415822240447,14.0,14.01591634892142,14.037393852857676,0.0,36.0,0.0,0.0,0.0,0.0,0.0,0.0,0.0,0.0,0.0,0.0,0.0
2026-07-10 17:24:35,0.0,0.0,0.0,0.0,0.0,0.0,0.0,0.0,36.76069700920411,36.945944126203855,36.712218168924494,14.0,14.028975866130784,13.999520095245948,0.0,36.0,0.0,0.0,0.0,0.0,0.0,0.0,0.0,0.0,0.0,0.0,0.0
2026-07-10 17:24:36,0.0,0.0,0.0,0.0,0.0,0.0,0.0,0.0,37.000440639613075,36.94744597092883,36.7715016377218,14.0,13.993753297992681,14.003670157912833,0.0,36.0,0.0,0.0,0.0,0.0,0.0,0.0,0.0,0.0,0.0,0.0,0.0
2026-07-10 17:24:36,0.0,0.0,0.0,0.0,0.0,0.0,0.0,0.0,36.93741950918,36.85850165672243,37.05872474915966,14.0,13.991944067285653,14.019247209706156,0.0,36.0,0.0,0.0,0.0,0.0,0.0,0.0,0.0,0.0,0.0,0.0,0.0
2026-07-10 17:24:37,0.0,0.0,0.0,0.0,0.0,0.0,0.0,0.0,36.887703722360264,37.250971724720465,36.95033262951404,14.0,14.026001446705035,14.009787222200883,0.0,36.0,0.0,0.0,0.0,0.0,0.0,0.0,0.0,0.0,0.0,0.0,0.0
2026-07-10 17:24:37,0.0,0.0,0.0,0.0,0.0,0.0,0.0,0.0,36.67049984589016,36.98479278315421,36.86955508800216,14.0,14.025911498587377,13.973480179500855,0.0,36.0,0.0,0.0,0.0,0.0,0.0,0.0,0.0,0.0,0.0,0.0,0.0
2026-07-10 17:24:38,0.0,0.0,0.0,0.0,0.0,0.0,0.0,0.0,36.76595523767922,37.11797102920625,36.94593758634869,14.0,13.972123102865918,13.971401965612198,0.0,36.0,0.0,0.0,0.0,0.0,0.0,0.0,0.0,0.0,0.0,0.0,0.0
2026-07-10 17:24:38,0.0,0.0,0.0,0.0,0.0,0.0,0.0,0.0,36.654297213323744,36.80154275158838,36.78578751557431,14.0,14.022758333868586,14.043288785023012,0.0,36.0,0.0,0.0,0.0,0.0,0.0,0.0,0.0,0.0,0.0,0.0,0.0
2026-07-10 17:24:39,0.0,0.0,0.0,0.0,0.0,0.0,0.0,0.0,36.777058146273696,36.93472871502849,37.174674664913056,14.0,14.042163392816965,13.967742349822016,0.0,36.0,0.0,0.0,0.0,0.0,0.0,0.0,0.0,0.0,0.0,0.0,0.0
2026-07-10 17:24:39,0.0,0.0,0.0,0.0,0.0,0.0,0.0,0.0,36.58601831222602,37.23521364543287,36.86174465155053,14.0,13.990661755388503,14.03244644037362,0.0,36.0,0.0,0.0,0.0,0.0,0.0,0.0,0.0,0.0,0.0,0.0,0.0
2026-07-10 17:24:40,0.0,0.0,0.0,0.0,0.0,0.0,0.0,0.0,37.091773552246984,37.12215354783771,37.1870039375659,14.0,14.002798363920984,13.987545147950186,0.0,36.0,0.0,0.0,0.0,0.0,0.0,0.0,0.0,0.0,0.0,0.0,0.0
2026-07-10 17:24:40,0.0,0.0,0.0,0.0,0.0,0.0,0.0,0.0,37.09568678557735,37.06868016197999,37.14915119767286,14.0,14.013824458578698,14.017751158894708,0.0,36.0,0.0,0.0,0.0,0.0,0.0,0.0,0.0,0.0,0.0,0.0,0.0
2026-07-10 17:24:41,0.0,0.0,0.0,0.0,0.0,0.0,0.0,0.0,37.000030038934874,36.92527402167226,36.71406286520041,14.0,14.033430506229452,13.959973155199359,0.0,36.0,0.0,0.0,0.0,0.0,0.0,0.0,0.0,0.0,0.0,0.0,0.0
2026-07-10 17:24:41,0.0,0.0,0.0,0.0,0.0,0.0,0.0,0.0,36.79689556042462,36.87587361523374,37.024912189192996,14.0,13.975956433698453,14.007081835376384,0.0,36.0,0.0,0.0,0.0,0.0,0.0,0.0,0.0,0.0,0.0,0.0,0.0
2026-07-10 17:24:42,0.0,0.0,0.0,0.0,0.0,0.0,0.0,0.0,36.64687599924141,37.17602522470108,37.20999116144901,14.0,13.98397614989802,14.015071428636928,0.0,36.0,0.0,0.0,0.0,0.0,0.0,0.0,0.0,0.0,0.0,0.0,0.0
2026-07-10 17:24:42,0.0,0.0,0.0,0.0,0.0,0.0,0.0,0.0,36.684059129029855,37.18420206731118,36.816506429159766,14.0,14.015404969896881,14.002532028360092,0.0,36.0,0.0,0.0,0.0,0.0,0.0,0.0,0.0,0.0,0.0,0.0,0.0
2026-07-10 17:24:43,0.0,0.0,0.0,0.0,0.0,0.0,0.0,0.0,36.73748873634107,37.21418640576839,37.25043454478861,14.0,13.986482781006233,13.990773961289554,0.0,36.0,0.0,0.0,0.0,0.0,0.0,0.0,0.0,0.0,0.0,0.0,0.0
2026-07-10 17:24:43,0.0,0.0,0.0,0.0,0.0,0.0,0.0,0.0,36.79014415191211,36.869952875353924,36.78342763586542,14.0,13.950967769122897,14.037274884002315,0.0,36.0,0.0,0.0,0.0,0.0,0.0,0.0,0.0,0.0,0.0,0.0,0.0
2026-07-10 17:24:44,0.0,0.0,0.0,0.0,0.0,0.0,0.0,0.0,36.769726856709795,37.20393204170915,37.28009964969359,14.0,13.956035421444975,13.956563935460649,0.0,36.0,0.0,0.0,0.0,0.0,0.0,0.0,0.0,0.0,0.0,0.0,0.0
2026-07-10 17:24:44,0.0,0.0,0.0,0.0,0.0,0.0,0.0,0.0,36.9677757714261,36.87248175510241,37.2578760542079,14.0,14.028814701869011,14.036956219120492,0.0,36.0,0.0,0.0,0.0,0.0,0.0,0.0,0.0,0.0,0.0,0.0,0.0
2026-07-10 17:24:45,0.0,0.0,0.0,0.0,0.0,0.0,0.0,0.0,36.91270564610621,37.13323787284198,37.05744881937575,14.0,14.033540102839295,13.958817045460007,0.0,36.0,0.0,0.0,0.0,0.0,0.0,0.0,0.0,0.0,0.0,0.0,0.0
2026-07-10 17:24:45,0.0,0.0,0.0,0.0,0.0,0.0,0.0,0.0,36.99083733492818,36.86498090820007,36.98165216412708,14.0,14.004206029021214,13.966726576970121,0.0,36.0,0.0,0.0,0.0,0.0,0.0,0.0,0.0,0.0,0.0,0.0,0.0
2026-07-10 17:24:46,0.0,0.0,0.0,0.0,0.0,0.0,0.0,0.0,36.97323000060511,36.95069571294417,37.02570355527181,14.0,13.97528923066481,13.989249599868335,0.0,36.0,0.0,0.0,0.0,0.0,0.0,0.0,0.0,0.0,0.0,0.0,0.0
2026-07-10 17:24:46,0.0,0.0,0.0,0.0,0.0,0.0,0.0,0.0,36.710577411314766,37.00864091198887,36.70126261523294,14.0,13.971831688484976,13.985415262519306,0.0,36.0,0.0,0.0,0.0,0.0,0.0,0.0,0.0,0.0,0.0,0.0,0.0
2026-07-10 17:24:47,0.0,0.0,0.0,0.0,0.0,0.0,0.0,0.0,36.78566050273764,36.87407276507303,37.10181338707665,14.0,13.963614503825664,14.019691967364889,0.0,36.0,0.0,0.0,0.0,0.0,0.0,0.0,0.0,0.0,0.0,0.0,0.0
2026-07-10 17:24:47,0.0,0.0,0.0,0.0,0.0,0.0,0.0,0.0,36.87225937130047,37.33611506511462,36.83112564762107,14.0,13.996294332272619,14.038772407899193,0.0,36.0,0.0,0.0,0.0,0.0,0.0,0.0,0.0,0.0,0.0,0.0,0.0
2026-07-10 17:24:48,0.0,0.0,0.0,0.0,0.0,0.0,0.0,0.0,36.98266456400421,37.38483888408003,36.96331301006071,14.0,13.96774639196042,13.992839138991426,0.0,36.0,0.0,0.0,0.0,0.0,0.0,0.0,0.0,0.0,0.0,0.0,0.0
2026-07-10 17:24:48,0.0,0.0,0.0,0.0,0.0,0.0,0.0,0.0,36.62746137314942,37.35426082317217,36.80809927059802,14.0,13.976371238407022,13.968065827220807,0.0,36.0,0.0,0.0,0.0,0.0,0.0,0.0,0.0,0.0,0.0,0.0,0.0
2026-07-10 17:24:49,0.0,0.0,0.0,0.0,0.0,0.0,0.0,0.0,36.7684200889045,37.09304561451879,36.925735016491075,14.0,13.963340812256682,13.99377401337006,0.0,36.0,0.0,0.0,0.0,0.0,0.0,0.0,0.0,0.0,0.0,0.0,0.0
2026-07-10 17:24:49,0.0,0.0,0.0,0.0,0.0,0.0,0.0,0.0,36.946655157261134,37.328770335561885,37.26107053450922,14.0,13.99739591455162,14.041542036019912,0.0,36.0,0.0,0.0,0.0,0.0,0.0,0.0,0.0,0.0,0.0,0.0,0.0
2026-07-10 17:24:50,0.0,0.0,0.0,0.0,0.0,0.0,0.0,0.0,37.09233689544136,36.89541180326615,36.91344537152292,14.0,14.025194959245539,13.965822462470417,0.0,36.0,0.0,0.0,0.0,0.0,0.0,0.0,0.0,0.0,0.0,0.0,0.0
2026-07-10 17:24:50,0.0,0.0,0.0,0.0,0.0,0.0,0.0,0.0,36.871672041850246,36.866649233613025,36.82254422192367,14.0,14.028326425869503,13.968609217357898,0.0,36.0,0.0,0.0,0.0,0.0,0.0,0.0,0.0,0.0,0.0,0.0,0.0
2026-07-10 17:24:51,0.0,0.0,0.0,0.0,0.0,0.0,0.0,0.0,36.96951633205423,36.998067636333936,36.854240396686635,14.0,13.970894955637188,13.98434417743728,0.0,36.0,0.0,0.0,0.0,0.0,0.0,0.0,0.0,0.0,0.0,0.0,0.0
2026-07-10 17:24:51,0.0,0.0,0.0,0.0,0.0,0.0,0.0,0.0,36.67808911230974,37.11450803917484,37.241901127470676,14.0,13.958976866532172,14.032929531656928,0.0,36.0,0.0,0.0,0.0,0.0,0.0,0.0,0.0,0.0,0.0,0.0,0.0
2026-07-10 17:24:52,0.0,0.0,0.0,0.0,0.0,0.0,0.0,0.0,36.503662376236214,37.07298528855361,37.18516738337055,14.0,13.961163871362904,13.990255925829818,0.0,36.0,0.0,0.0,0.0,0.0,0.0,0.0,0.0,0.0,0.0,0.0,0.0
2026-07-10 17:24:52,0.0,0.0,0.0,0.0,0.0,0.0,0.0,0.0,36.979435289545286,37.008904977746504,37.26702933695406,14.0,14.003103141524969,14.047430662275602,0.0,36.0,0.0,0.0,0.0,0.0,0.0,0.0,0.0,0.0,0.0,0.0,0.0
2026-07-10 17:24:53,0.0,0.0,0.0,0.0,0.0,0.0,0.0,0.0,36.531811683858535,36.95213077313133,36.86332755398246,14.0,13.963985649432097,14.010346448934845,0.0,36.0,0.0,0.0,0.0,0.0,0.0,0.0,0.0,0.0,0.0,0.0,0.0
2026-07-10 17:24:53,0.0,0.0,0.0,0.0,0.0,0.0,0.0,0.0,36.93458195841108,36.99627476230325,37.277613119296895,14.0,14.016765828149977,13.986723756005738,0.0,36.0,0.0,0.0,0.0,0.0,0.0,0.0,0.0,0.0,0.0,0.0,0.0
2026-07-10 17:24:54,0.0,0.0,0.0,0.0,0.0,0.0,0.0,0.0,36.91499713301799,37.23523264586778,37.22060272808429,14.0,13.964952041015048,13.984473107339102,0.0,36.0,0.0,0.0,0.0,0.0,0.0,0.0,0.0,0.0,0.0,0.0,0.0
2026-07-10 17:24:54,0.0,0.0,0.0,0.0,0.0,0.0,0.0,0.0,36.903744038367826,37.241055401985584,36.77126477148197,14.0,13.993413530364602,14.012667235901933,0.0,36.0,0.0,0.0,0.0,0.0,0.0,0.0,0.0,0.0,0.0,0.0,0.0
2026-07-10 17:24:55,0.0,0.0,0.0,0.0,0.0,0.0,0.0,0.0,36.639443300114024,36.90723362112012,36.971296116050794,14.0,14.001544629295969,13.990862019857815,0.0,36.0,0.0,0.0,0.0,0.0,0.0,0.0,0.0,0.0,0.0,0.0,0.0
2026-07-10 17:24:55,0.0,0.0,0.0,0.0,0.0,0.0,0.0,0.0,36.824335530476056,37.25754076374703,36.827424388751375,14.0,13.988571732109309,13.998292364518878,0.0,36.0,0.0,0.0,0.0,0.0,0.0,0.0,0.0,0.0,0.0,0.0,0.0
2026-07-10 17:24:56,0.0,0.0,0.0,0.0,0.0,0.0,0.0,0.0,36.727447179648294,36.91576869973784,36.85044313202078,14.0,13.967573109548448,13.95412088041618,0.0,36.0,0.0,0.0,0.0,0.0,0.0,0.0,0.0,0.0,0.0,0.0,0.0
2026-07-10 17:24:56,0.0,0.0,0.0,0.0,0.0,0.0,0.0,0.0,36.57605650331875,36.958860434710076,36.816073188139185,14.0,14.036824466680605,14.024228127187678,0.0,36.0,0.0,0.0,0.0,0.0,0.0,0.0,0.0,0.0,0.0,0.0,0.0
2026-07-10 17:24:57,0.0,0.0,0.0,0.0,0.0,0.0,0.0,0.0,36.526372538088935,37.28757165368627,36.93027891024019,14.0,13.964374732006808,13.97046537385292,0.0,36.0,0.0,0.0,0.0,0.0,0.0,0.0,0.0,0.0,0.0,0.0,0.0
2026-07-10 17:24:57,0.0,0.0,0.0,0.0,0.0,0.0,0.0,0.0,36.87280033848664,37.05387932510344,37.09385759218341,14.0,13.954405156392749,14.001595753481807,0.0,36.0,0.0,0.0,0.0,0.0,0.0,0.0,0.0,0.0,0.0,0.0,0.0
2026-07-10 17:24:58,0.0,0.0,0.0,0.0,0.0,0.0,0.0,0.0,36.54598342591781,37.20529795225012,36.775988627281144,14.0,13.994874262782565,13.993050665115266,0.0,36.0,0.0,0.0,0.0,0.0,0.0,0.0,0.0,0.0,0.0,0.0,0.0
2026-07-10 17:24:58,0.0,0.0,0.0,0.0,0.0,0.0,0.0,0.0,37.02750618013672,37.02422889128241,37.24787636212171,14.0,14.026071239478025,13.98185897930319,0.0,36.0,0.0,0.0,0.0,0.0,0.0,0.0,0.0,0.0,0.0,0.0,0.0
2026-07-10 17:24:59,0.0,0.0,0.0,0.0,0.0,0.0,0.0,0.0,36.59668577817576,36.931304575753856,37.27335123515607,14.0,13.954421848685392,14.020477119000885,0.0,36.0,0.0,0.0,0.0,0.0,0.0,0.0,0.0,0.0,0.0,0.0,0.0
2026-07-10 17:24:59,0.0,0.0,0.0,0.0,0.0,0.0,0.0,0.0,36.853008465413886,37.20496494616868,37.072909204263134,14.0,14.000073867161932,13.975793953029267,0.0,36.0,0.0,0.0,0.0,0.0,0.0,0.0,0.0,0.0,0.0,0.0,0.0
2026-07-10 17:25:00,0.0,0.0,0.0,0.0,0.0,0.0,0.0,0.0,36.72546801766995,37.09917828862088,37.06733692528759,14.0,14.027489741388667,13.960399998850844,0.0,36.0,0.0,0.0,0.0,0.0,0.0,0.0,0.0,0.0,0.0,0.0,0.0
2026-07-10 17:25:00,0.0,0.0,0.0,0.0,0.0,0.0,0.0,0.0,36.67865729808559,37.04700833921661,37.17331375173279,14.0,14.033000491978212,14.049470820993662,0.0,36.0,0.0,0.0,0.0,0.0,0.0,0.0,0.0,0.0,0.0,0.0,0.0
2026-07-10 17:25:01,0.0,0.0,0.0,0.0,0.0,0.0,0.0,0.0,36.8117946828222,37.18209747033521,37.19471272114363,14.0,14.027184364978915,13.994967482144201,0.0,36.0,0.0,0.0,0.0,0.0,0.0,0.0,0.0,0.0,0.0,0.0,0.0
2026-07-10 17:25:01,0.0,0.0,0.0,0.0,0.0,0.0,0.0,0.0,36.62698854312692,37.292432961641516,36.84215206824881,14.0,14.044154995555107,14.045030044949181,0.0,36.0,0.0,0.0,0.0,0.0,0.0,0.0,0.0,0.0,0.0,0.0,0.0
2026-07-10 17:25:02,0.0,0.0,0.0,0.0,0.0,0.0,0.0,0.0,36.87498977672277,37.217620865987364,37.21655085842951,14.0,13.9605012205057,13.974850197585724,0.0,36.0,0.0,0.0,0.0,0.0,0.0,0.0,0.0,0.0,0.0,0.0,0.0
2026-07-10 17:25:02,0.0,0.0,0.0,0.0,0.0,0.0,0.0,0.0,36.540319956055455,37.38377408278154,37.19690356296232,14.0,13.986461023094963,14.044876402351882,0.0,36.0,0.0,0.0,0.0,0.0,0.0,0.0,0.0,0.0,0.0,0.0,0.0
2026-07-10 17:25:03,0.0,0.0,0.0,0.0,0.0,0.0,0.0,0.0,36.84241426897223,37.231522374689504,37.098199382576574,14.0,13.99339807966706,14.045434833381531,0.0,36.0,0.0,0.0,0.0,0.0,0.0,0.0,0.0,0.0,0.0,0.0,0.0
2026-07-10 17:25:03,0.0,0.0,0.0,0.0,0.0,0.0,0.0,0.0,36.62594398759748,36.808091297550796,36.7740979201997,14.0,14.002144749847572,14.033933279507147,0.0,36.0,0.0,0.0,0.0,0.0,0.0,0.0,0.0,0.0,0.0,0.0,0.0
2026-07-10 17:25:04,0.0,0.0,0.0,0.0,0.0,0.0,0.0,0.0,36.51656736802759,36.95036403627071,37.06556488846384,14.0,14.012366889064847,13.98256459848841,0.0,36.0,0.0,0.0,0.0,0.0,0.0,0.0,0.0,0.0,0.0,0.0,0.0
2026-07-10 17:25:04,0.0,0.0,0.0,0.0,0.0,0.0,0.0,0.0,36.53219948591222,36.860772373228976,37.098325627014674,14.0,13.951229458060391,13.954303513428425,0.0,36.0,0.0,0.0,0.0,0.0,0.0,0.0,0.0,0.0,0.0,0.0,0.0
2026-07-10 17:25:05,0.0,0.0,0.0,0.0,0.0,0.0,0.0,0.0,37.03286936615739,36.80842893154071,36.74456252821738,14.0,14.040403399603067,13.961660911291544,0.0,36.0,0.0,0.0,0.0,0.0,0.0,0.0,0.0,0.0,0.0,0.0,0.0
2026-07-10 17:25:05,0.0,0.0,0.0,0.0,0.0,0.0,0.0,0.0,36.795897372446554,37.37015742062654,36.74312961522442,14.0,14.002911548670934,14.010895953435787,0.0,36.0,0.0,0.0,0.0,0.0,0.0,0.0,0.0,0.0,0.0,0.0,0.0
2026-07-10 17:25:06,0.0,0.0,0.0,0.0,0.0,0.0,0.0,0.0,36.528852812948145,37.22360084335537,36.74617843367076,14.0,14.034408368299056,13.97049366959021,0.0,36.0,0.0,0.0,0.0,0.0,0.0,0.0,0.0,0.0,0.0,0.0,0.0
2026-07-10 17:25:06,0.0,0.0,0.0,0.0,0.0,0.0,0.0,0.0,37.06762445044563,36.998320845467106,37.13785545431302,14.0,14.019043943582652,14.01714062947035,0.0,36.0,0.0,0.0,0.0,0.0,0.0,0.0,0.0,0.0,0.0,0.0,0.0
2026-07-10 17:25:07,0.0,0.0,0.0,0.0,0.0,0.0,0.0,0.0,36.56579202018258,37.2587441762101,36.91888998380935,14.0,14.00192246712991,14.020460724871505,0.0,36.0,0.0,0.0,0.0,0.0,0.0,0.0,0.0,0.0,0.0,0.0,0.0
2026-07-10 17:25:07,0.0,0.0,0.0,0.0,0.0,0.0,0.0,0.0,36.82008337070966,36.81620510298314,37.242959597475824,14.0,14.0155257465333,13.987085028352087,0.0,36.0,0.0,0.0,0.0,0.0,0.0,0.0,0.0,0.0,0.0,0.0,0.0
2026-07-10 17:25:08,0.0,0.0,0.0,0.0,0.0,0.0,0.0,0.0,36.67528034932461,37.282737606003614,36.81612987985609,14.0,13.956143410925858,13.983997879558686,0.0,36.0,0.0,0.0,0.0,0.0,0.0,0.0,0.0,0.0,0.0,0.0,0.0
2026-07-10 17:25:08,0.0,0.0,0.0,0.0,0.0,0.0,0.0,0.0,36.57289362477976,37.17996741741568,37.06083230256945,14.0,13.965262044336036,14.015737097763346,0.0,36.0,0.0,0.0,0.0,0.0,0.0,0.0,0.0,0.0,0.0,0.0,0.0
2026-07-10 17:25:09,0.0,0.0,0.0,0.0,0.0,0.0,0.0,0.0,36.63474879470321,37.125593280450964,37.07227902443032,14.0,14.046861433355986,14.01603239867084,0.0,36.0,0.0,0.0,0.0,0.0,0.0,0.0,0.0,0.0,0.0,0.0,0.0
2026-07-10 17:25:09,0.0,0.0,0.0,0.0,0.0,0.0,0.0,0.0,36.52586078309094,37.20090368162258,37.0756529630547,14.0,13.973032299057145,14.028360774860602,0.0,36.0,0.0,0.0,0.0,0.0,0.0,0.0,0.0,0.0,0.0,0.0,0.0
2026-07-10 17:25:10,0.0,0.0,0.0,0.0,0.0,0.0,0.0,0.0,37.034540462902214,37.13155872842342,37.268475816785156,14.0,13.987946249606868,13.99523896373775,0.0,36.0,0.0,0.0,0.0,0.0,0.0,0.0,0.0,0.0,0.0,0.0,0.0
2026-07-10 17:25:10,0.0,0.0,0.0,0.0,0.0,0.0,0.0,0.0,36.50611620128125,36.83128153063866,36.80675387936507,14.0,14.02928385182413,13.964463765571303,0.0,36.0,0.0,0.0,0.0,0.0,0.0,0.0,0.0,0.0,0.0,0.0,0.0
2026-07-10 17:25:11,0.0,0.0,0.0,0.0,0.0,0.0,0.0,0.0,36.77756163040072,37.18157946937494,36.99166427739946,14.0,13.988328712163726,14.01449500482805,0.0,36.0,0.0,0.0,0.0,0.0,0.0,0.0,0.0,0.0,0.0,0.0,0.0
2026-07-10 17:25:11,0.0,0.0,0.0,0.0,0.0,0.0,0.0,0.0,37.07945464996963,37.2197178814834,37.08294130319037,14.0,14.013095381226984,13.98645688677667,0.0,36.0,0.0,0.0,0.0,0.0,0.0,0.0,0.0,0.0,0.0,0.0,0.0
2026-07-10 17:25:12,0.0,0.0,0.0,0.0,0.0,0.0,0.0,0.0,37.059615709680834,37.09478256883247,37.27948694382635,14.0,14.019911650947202,14.03571737189588,0.0,36.0,0.0,0.0,0.0,0.0,0.0,0.0,0.0,0.0,0.0,0.0,0.0
2026-07-10 17:25:12,0.0,0.0,0.0,0.0,0.0,0.0,0.0,0.0,36.73223257369591,37.397928134673236,36.87329704019654,14.0,14.04284175686268,13.966555515496568,0.0,36.0,0.0,0.0,0.0,0.0,0.0,0.0,0.0,0.0,0.0,0.0,0.0
2026-07-10 17:25:13,0.0,0.0,0.0,0.0,0.0,0.0,0.0,0.0,36.79742011011362,37.2966822727758,36.867003586498996,14.0,14.00059952999836,14.023475508775043,0.0,36.0,0.0,0.0,0.0,0.0,0.0,0.0,0.0,0.0,0.0,0.0,0.0
2026-07-10 17:25:13,0.0,0.0,0.0,0.0,0.0,0.0,0.0,0.0,36.913317720657915,36.89231437937306,36.937762693454964,14.0,13.967870816213125,14.034632535798332,0.0,36.0,0.0,0.0,0.0,0.0,0.0,0.0,0.0,0.0,0.0,0.0,0.0
2026-07-10 17:25:14,0.0,0.0,0.0,0.0,0.0,0.0,0.0,0.0,36.53238094512774,37.180190090891514,37.09266421248875,14.0,14.028984807289739,13.984537610275387,0.0,36.0,0.0,0.0,0.0,0.0,0.0,0.0,0.0,0.0,0.0,0.0,0.0
2026-07-10 17:25:14,0.0,0.0,0.0,0.0,0.0,0.0,0.0,0.0,36.75006366207519,37.312193207171255,37.21121068179793,14.0,14.042893742978265,13.994608962369714,0.0,36.0,0.0,0.0,0.0,0.0,0.0,0.0,0.0,0.0,0.0,0.0,0.0
2026-07-10 17:25:15,0.0,0.0,0.0,0.0,0.0,0.0,0.0,0.0,36.95174944642816,37.38209515021676,37.17679539499751,14.0,14.029131496538566,14.034713270367956,0.0,36.0,0.0,0.0,0.0,0.0,0.0,0.0,0.0,0.0,0.0,0.0,0.0
2026-07-10 17:25:15,0.0,0.0,0.0,0.0,0.0,0.0,0.0,0.0,36.882542629153384,37.1904238924505,36.98750680012363,14.0,14.039939168119902,13.966971212123957,0.0,36.0,0.0,0.0,0.0,0.0,0.0,0.0,0.0,0.0,0.0,0.0,0.0
2026-07-10 17:25:16,0.0,0.0,0.0,0.0,0.0,0.0,0.0,0.0,36.853685381314875,37.19236063574666,37.25351760146837,14.0,14.045933680195425,14.004999028301496,0.0,36.0,0.0,0.0,0.0,0.0,0.0,0.0,0.0,0.0,0.0,0.0,0.0
2026-07-10 17:25:16,0.0,0.0,0.0,0.0,0.0,0.0,0.0,0.0,36.540335204906704,37.09509748042846,37.2564723371111,14.0,14.015714473272496,13.990856093191802,0.0,36.0,0.0,0.0,0.0,0.0,0.0,0.0,0.0,0.0,0.0,0.0,0.0
2026-07-10 17:25:17,0.0,0.0,0.0,0.0,0.0,0.0,0.0,0.0,36.97848010999364,37.11102642706999,37.05784710737879,14.0,14.027729772849181,14.049736670980634,0.0,36.0,0.0,0.0,0.0,0.0,0.0,0.0,0.0,0.0,0.0,0.0,0.0
2026-07-10 17:25:17,0.0,0.0,0.0,0.0,0.0,0.0,0.0,0.0,36.90840027389425,37.15553869856553,37.24854820125148,14.0,14.02476718746477,13.952678890230962,0.0,36.0,0.0,0.0,0.0,0.0,0.0,0.0,0.0,0.0,0.0,0.0,0.0
2026-07-10 17:25:18,0.0,0.0,0.0,0.0,0.0,0.0,0.0,0.0,36.64554064136711,37.181036187386574,36.76652491097677,14.0,14.006562164540675,13.99072588765371,0.0,36.0,0.0,0.0,0.0,0.0,0.0,0.0,0.0,0.0,0.0,0.0,0.0
2026-07-10 17:25:18,0.0,0.0,0.0,0.0,0.0,0.0,0.0,0.0,37.00695738233521,37.12355947274592,37.24177982485801,14.0,14.034628946491837,13.988950773471764,0.0,36.0,0.0,0.0,0.0,0.0,0.0,0.0,0.0,0.0,0.0,0.0,0.0
2026-07-10 17:25:19,0.0,0.0,0.0,0.0,0.0,0.0,0.0,0.0,36.80318650756356,36.854304144705765,36.702547545801835,14.0,14.037414686679668,13.98365159977589,0.0,36.0,0.0,0.0,0.0,0.0,0.0,0.0,0.0,0.0,0.0,0.0,0.0
2026-07-10 17:25:19,0.0,0.0,0.0,0.0,0.0,0.0,0.0,0.0,36.516572695881884,37.2216265560956,36.81883124656464,14.0,13.983212524467946,14.045132926728542,0.0,36.0,0.0,0.0,0.0,0.0,0.0,0.0,0.0,0.0,0.0,0.0,0.0
2026-07-10 17:25:20,0.0,0.0,0.0,0.0,0.0,0.0,0.0,0.0,36.54975485052865,37.10168003553471,37.16524386576472,14.0,13.992597717966877,14.000174581468139,0.0,36.0,0.0,0.0,0.0,0.0,0.0,0.0,0.0,0.0,0.0,0.0,0.0
2026-07-10 17:25:20,0.0,0.0,0.0,0.0,0.0,0.0,0.0,0.0,36.90156860518659,37.05880100834414,37.19592027229126,14.0,14.020449716272651,13.997755927716353,0.0,36.0,0.0,0.0,0.0,0.0,0.0,0.0,0.0,0.0,0.0,0.0,0.0
2026-07-10 17:25:21,0.0,0.0,0.0,0.0,0.0,0.0,0.0,0.0,36.707727542126,36.99933335959496,37.28016765483935,14.0,14.034757490706063,13.969601355205006,0.0,36.0,0.0,0.0,0.0,0.0,0.0,0.0,0.0,0.0,0.0,0.0,0.0
2026-07-10 17:25:21,0.0,0.0,0.0,0.0,0.0,0.0,0.0,0.0,36.54147426882849,37.35989612119885,36.96363162010526,14.0,13.99544784688216,14.025232660276076,0.0,36.0,0.0,0.0,0.0,0.0,0.0,0.0,0.0,0.0,0.0,0.0,0.0
2026-07-10 17:25:22,0.0,0.0,0.0,0.0,0.0,0.0,0.0,0.0,36.73714629532219,36.946819634721734,36.72511171934766,14.0,13.990916166873667,13.974652315166695,0.0,36.0,0.0,0.0,0.0,0.0,0.0,0.0,0.0,0.0,0.0,0.0,0.0
2026-07-10 17:25:22,0.0,0.0,0.0,0.0,0.0,0.0,0.0,0.0,37.079406691647925,36.97295722582769,37.08846155568773,14.0,13.961845591895518,13.956584365104701,0.0,36.0,0.0,0.0,0.0,0.0,0.0,0.0,0.0,0.0,0.0,0.0,0.0
2026-07-10 17:25:23,0.0,0.0,0.0,0.0,0.0,0.0,0.0,0.0,37.08666581026668,37.08889313207469,37.19465590329215,14.0,14.01348317639922,13.964552537108746,0.0,36.0,0.0,0.0,0.0,0.0,0.0,0.0,0.0,0.0,0.0,0.0,0.0
2026-07-10 17:25:23,0.0,0.0,0.0,0.0,0.0,0.0,0.0,0.0,37.04177837318235,37.083050364754655,36.94585859367864,14.0,14.015905462253809,13.987425493144796,0.0,36.0,0.0,0.0,0.0,0.0,0.0,0.0,0.0,0.0,0.0,0.0,0.0
2026-07-10 17:25:24,0.0,0.0,0.0,0.0,0.0,0.0,0.0,0.0,37.05865238364501,37.20298902982043,36.82675730203463,14.0,13.994220165864528,13.993592510987801,0.0,36.0,0.0,0.0,0.0,0.0,0.0,0.0,0.0,0.0,0.0,0.0,0.0
2026-07-10 17:25:24,0.0,0.0,0.0,0.0,0.0,0.0,0.0,0.0,36.542150680364955,37.21670747474537,36.896268123879686,14.0,14.008162426793978,13.964802534093598,0.0,36.0,0.0,0.0,0.0,0.0,0.0,0.0,0.0,0.0,0.0,0.0,0.0
2026-07-10 17:25:25,0.0,0.0,0.0,0.0,0.0,0.0,0.0,0.0,36.92546533480161,37.311886131463396,36.85935674120598,14.0,13.998499561955414,14.016327839409417,0.0,36.0,0.0,0.0,0.0,0.0,0.0,0.0,0.0,0.0,0.0,0.0,0.0
2026-07-10 17:25:25,0.0,0.0,0.0,0.0,0.0,0.0,0.0,0.0,37.034961110694994,36.93897583259684,37.2775228220979,14.0,14.03000075153212,13.99155638110944,0.0,36.0,0.0,0.0,0.0,0.0,0.0,0.0,0.0,0.0,0.0,0.0,0.0
2026-07-10 17:25:26,0.0,0.0,0.0,0.0,0.0,0.0,0.0,0.0,36.9807211368851,37.132141858566655,36.844007429037966,14.0,14.039943364207046,13.998598263730031,0.0,36.0,0.0,0.0,0.0,0.0,0.0,0.0,0.0,0.0,0.0,0.0,0.0
2026-07-10 17:25:26,0.0,0.0,0.0,0.0,0.0,0.0,0.0,0.0,36.66644207263572,37.24308296916636,36.904026897832665,14.0,13.952969409678571,13.98222431557318,0.0,36.0,0.0,0.0,0.0,0.0,0.0,0.0,0.0,0.0,0.0,0.0,0.0
2026-07-10 17:25:27,0.0,0.0,0.0,0.0,0.0,0.0,0.0,0.0,36.931342979775216,36.91613165556398,36.7489758064064,14.0,14.0014436191285,14.014582118234626,0.0,36.0,0.0,0.0,0.0,0.0,0.0,0.0,0.0,0.0,0.0,0.0,0.0
2026-07-10 17:25:27,0.0,0.0,0.0,0.0,0.0,0.0,0.0,0.0,36.84859935874979,37.06213532898433,36.995721206582914,14.0,13.982259291084532,13.996618526855146,0.0,36.0,0.0,0.0,0.0,0.0,0.0,0.0,0.0,0.0,0.0,0.0,0.0
2026-07-10 17:25:28,0.0,0.0,0.0,0.0,0.0,0.0,0.0,0.0,36.734705955354165,37.399219422835245,37.07070541901568,14.0,14.009968216969632,13.98824901732556,0.0,36.0,0.0,0.0,0.0,0.0,0.0,0.0,0.0,0.0,0.0,0.0,0.0
2026-07-10 17:25:28,0.0,0.0,0.0,0.0,0.0,0.0,0.0,0.0,36.9652426850544,36.87356982329263,37.1132428635928,14.0,14.022640826184906,13.999749954616414,0.0,36.0,0.0,0.0,0.0,0.0,0.0,0.0,0.0,0.0,0.0,0.0,0.0
2026-07-10 17:25:29,0.0,0.0,0.0,0.0,0.0,0.0,0.0,0.0,36.75562839665802,36.91677033240426,37.019546812227404,14.0,14.035094090677871,14.044097010927175,0.0,36.0,0.0,0.0,0.0,0.0,0.0,0.0,0.0,0.0,0.0,0.0,0.0
2026-07-10 17:25:29,0.0,0.0,0.0,0.0,0.0,0.0,0.0,0.0,36.986939355762324,37.05874479759437,37.07193118997244,14.0,13.975311191390523,14.048044081074973,0.0,36.0,0.0,0.0,0.0,0.0,0.0,0.0,0.0,0.0,0.0,0.0,0.0
2026-07-10 17:25:30,0.0,0.0,0.0,0.0,0.0,0.0,0.0,0.0,36.61903652172969,37.073470450535915,37.06203778497635,14.0,13.961984411655557,14.002585069900986,0.0,36.0,0.0,0.0,0.0,0.0,0.0,0.0,0.0,0.0,0.0,0.0,0.0
2026-07-10 17:25:30,0.0,0.0,0.0,0.0,0.0,0.0,0.0,0.0,37.049967847546995,37.205004541177374,36.83240694326416,14.0,14.021567309521041,13.955222103816507,0.0,36.0,0.0,0.0,0.0,0.0,0.0,0.0,0.0,0.0,0.0,0.0,0.0
2026-07-10 17:25:31,0.0,0.0,0.0,0.0,0.0,0.0,0.0,0.0,36.726926416489974,37.37476816020457,37.0706900293509,14.0,13.979194646358666,14.04781617894068,0.0,36.0,0.0,0.0,0.0,0.0,0.0,0.0,0.0,0.0,0.0,0.0,0.0
2026-07-10 17:25:31,0.0,0.0,0.0,0.0,0.0,0.0,0.0,0.0,36.86578860697498,37.12970216998877,37.25157787115036,14.0,14.027652657094603,14.021830061370075,0.0,36.0,0.0,0.0,0.0,0.0,0.0,0.0,0.0,0.0,0.0,0.0,0.0
2026-07-10 17:25:32,0.0,0.0,0.0,0.0,0.0,0.0,0.0,0.0,36.62947267772398,37.061345814806266,37.29872746389869,14.0,14.03740700876439,13.954108341014901,0.0,36.0,0.0,0.0,0.0,0.0,0.0,0.0,0.0,0.0,0.0,0.0,0.0
2026-07-10 17:25:32,0.0,0.0,0.0,0.0,0.0,0.0,0.0,0.0,36.648671235713294,36.998919356908964,36.949127098706064,14.0,14.00281180759189,14.04605704565709,0.0,36.0,0.0,0.0,0.0,0.0,0.0,0.0,0.0,0.0,0.0,0.0,0.0
2026-07-10 17:25:33,0.0,0.0,0.0,0.0,0.0,0.0,0.0,0.0,36.63041744841294,37.324561299401225,37.08846237942071,14.0,14.00195104602431,13.969929289028023,0.0,36.0,0.0,0.0,0.0,0.0,0.0,0.0,0.0,0.0,0.0,0.0,0.0
2026-07-10 17:25:33,0.0,0.0,0.0,0.0,0.0,0.0,0.0,0.0,36.65965464334432,37.16509840085104,37.26533698045786,14.0,13.98597755107938,13.972121974902564,0.0,36.0,0.0,0.0,0.0,0.0,0.0,0.0,0.0,0.0,0.0,0.0,0.0
2026-07-10 17:25:34,0.0,0.0,0.0,0.0,0.0,0.0,0.0,0.0,36.86624720177804,36.92369326126903,36.99226290249517,14.0,13.98745352424882,14.045921458064333,0.0,36.0,0.0,0.0,0.0,0.0,0.0,0.0,0.0,0.0,0.0,0.0,0.0
2026-07-10 17:25:34,0.0,0.0,0.0,0.0,0.0,0.0,0.0,0.0,36.76471675887322,37.015696079527615,37.18170468521564,14.0,14.02316259582712,14.000700225004298,0.0,36.0,0.0,0.0,0.0,0.0,0.0,0.0,0.0,0.0,0.0,0.0,0.0
2026-07-10 17:25:35,0.0,0.0,0.0,0.0,0.0,0.0,0.0,0.0,36.59033847804232,36.90750436152337,36.97835224575898,14.0,14.028710824120814,14.034099234527172,0.0,36.0,0.0,0.0,0.0,0.0,0.0,0.0,0.0,0.0,0.0,0.0,0.0
2026-07-10 17:25:35,0.0,0.0,0.0,0.0,0.0,0.0,0.0,0.0,37.00258263702243,36.89191733292841,36.72433801300626,14.0,14.037090075348148,13.994711333558724,0.0,36.0,0.0,0.0,0.0,0.0,0.0,0.0,0.0,0.0,0.0,0.0,0.0
2026-07-10 17:25:36,0.0,0.0,0.0,0.0,0.0,0.0,0.0,0.0,36.71731908842211,37.39137106962706,36.77153282633334,14.0,14.043253667017847,14.030574658156931,0.0,36.0,0.0,0.0,0.0,0.0,0.0,0.0,0.0,0.0,0.0,0.0,0.0
2026-07-10 17:25:36,0.0,0.0,0.0,0.0,0.0,0.0,0.0,0.0,36.605672497725536,37.16802774263833,36.74035069679237,14.0,13.983384056369703,14.049933971868306,0.0,36.0,0.0,0.0,0.0,0.0,0.0,0.0,0.0,0.0,0.0,0.0,0.0
2026-07-10 17:25:37,0.0,0.0,0.0,0.0,0.0,0.0,0.0,0.0,36.848527299978805,37.057804376452296,36.76515738693276,14.0,13.956294140772375,13.994222069831864,0.0,36.0,0.0,0.0,0.0,0.0,0.0,0.0,0.0,0.0,0.0,0.0,0.0
2026-07-10 17:25:37,0.0,0.0,0.0,0.0,0.0,0.0,0.0,0.0,36.74617004433386,36.91049478322464,36.99287228223903,14.0,13.986699790979369,13.98747670663231,0.0,36.0,0.0,0.0,0.0,0.0,0.0,0.0,0.0,0.0,0.0,0.0,0.0
2026-07-10 17:25:38,0.0,0.0,0.0,0.0,0.0,0.0,0.0,0.0,36.80161426318963,37.24678807225276,36.96097733567491,14.0,14.03641775583936,14.01922197357694,0.0,36.0,0.0,0.0,0.0,0.0,0.0,0.0,0.0,0.0,0.0,0.0,0.0
2026-07-10 17:25:38,0.0,0.0,0.0,0.0,0.0,0.0,0.0,0.0,36.97568249390331,37.17394787967978,37.18952383446868,14.0,14.028947301616641,13.957261229590731,0.0,36.0,0.0,0.0,0.0,0.0,0.0,0.0,0.0,0.0,0.0,0.0,0.0
2026-07-10 17:25:39,0.0,0.0,0.0,0.0,0.0,0.0,0.0,0.0,36.97127610920611,37.07536553925997,37.20485634718592,14.0,14.039443871242941,14.010067254740179,0.0,36.0,0.0,0.0,0.0,0.0,0.0,0.0,0.0,0.0,0.0,0.0,0.0
2026-07-10 17:25:39,0.0,0.0,0.0,0.0,0.0,0.0,0.0,0.0,36.50752444961392,37.07754465732045,36.72934263269847,14.0,14.00396383691012,14.030354954700561,0.0,36.0,0.0,0.0,0.0,0.0,0.0,0.0,0.0,0.0,0.0,0.0,0.0
2026-07-10 17:25:40,0.0,0.0,0.0,0.0,0.0,0.0,0.0,0.0,37.04187678886717,37.26052941390816,36.79648203524861,14.0,14.039552527157902,14.019201771111621,0.0,36.0,0.0,0.0,0.0,0.0,0.0,0.0,0.0,0.0,0.0,0.0,0.0
2026-07-10 17:25:40,0.0,0.0,0.0,0.0,0.0,0.0,0.0,0.0,36.56574137646216,37.043685366908285,37.01130496291224,14.0,13.99524913275347,14.022604007156392,0.0,36.0,0.0,0.0,0.0,0.0,0.0,0.0,0.0,0.0,0.0,0.0,0.0
2026-07-10 17:25:41,0.0,0.0,0.0,0.0,0.0,0.0,0.0,0.0,36.59275944191436,37.09285846678539,36.96631709391038,14.0,14.014745335414073,14.016878386710328,0.0,36.0,0.0,0.0,0.0,0.0,0.0,0.0,0.0,0.0,0.0,0.0,0.0
2026-07-10 17:25:41,0.0,0.0,0.0,0.0,0.0,0.0,0.0,0.0,36.85040527762613,37.231468915484555,37.16744011964857,14.0,14.023159765752393,14.040083612115017,0.0,36.0,0.0,0.0,0.0,0.0,0.0,0.0,0.0,0.0,0.0,0.0,0.0
2026-07-10 17:25:42,0.0,0.0,0.0,0.0,0.0,0.0,0.0,0.0,36.90398865320427,37.255144633373234,36.857272529584996,14.0,14.002599454230607,14.015755706826344,0.0,36.0,0.0,0.0,0.0,0.0,0.0,0.0,0.0,0.0,0.0,0.0,0.0
2026-07-10 17:25:42,0.0,0.0,0.0,0.0,0.0,0.0,0.0,0.0,37.029873472332675,37.04646115405812,37.266627977139485,14.0,14.040769128471524,14.032504342332574,0.0,36.0,0.0,0.0,0.0,0.0,0.0,0.0,0.0,0.0,0.0,0.0,0.0
2026-07-10 17:25:43,0.0,0.0,0.0,0.0,0.0,0.0,0.0,0.0,36.73669975594809,36.891788839776275,37.2136379306122,14.0,13.951907955316637,14.034202444281316,0.0,36.0,0.0,0.0,0.0,0.0,0.0,0.0,0.0,0.0,0.0,0.0,0.0
2026-07-10 17:25:43,0.0,0.0,0.0,0.0,0.0,0.0,0.0,0.0,36.5158998796267,37.07484933014424,36.929814429101015,14.0,14.014819831233892,13.963451230179471,0.0,36.0,0.0,0.0,0.0,0.0,0.0,0.0,0.0,0.0,0.0,0.0,0.0
2026-07-10 17:25:44,0.0,0.0,0.0,0.0,0.0,0.0,0.0,0.0,36.8578063042477,37.025989432566476,36.978985378566456,14.0,14.03074254960031,14.003980875793772,0.0,36.0,0.0,0.0,0.0,0.0,0.0,0.0,0.0,0.0,0.0,0.0,0.0
2026-07-10 17:25:44,0.0,0.0,0.0,0.0,0.0,0.0,0.0,0.0,36.650546799254904,37.26118099582803,37.181265385265384,14.0,14.00640339019213,13.968620693903546,0.0,36.0,0.0,0.0,0.0,0.0,0.0,0.0,0.0,0.0,0.0,0.0,0.0
2026-07-10 17:25:45,0.0,0.0,0.0,0.0,0.0,0.0,0.0,0.0,37.07884514533363,36.99494741484611,36.869078184256246,14.0,14.045715690042773,13.95349414506997,0.0,36.0,0.0,0.0,0.0,0.0,0.0,0.0,0.0,0.0,0.0,0.0,0.0
2026-07-10 17:25:45,0.0,0.0,0.0,0.0,0.0,0.0,0.0,0.0,37.03407163789689,37.06201632098992,36.97416977423334,14.0,13.958040687901557,13.99273951925672,0.0,36.0,0.0,0.0,0.0,0.0,0.0,0.0,0.0,0.0,0.0,0.0,0.0
2026-07-10 17:25:46,0.0,0.0,0.0,0.0,0.0,0.0,0.0,0.0,36.731901593364306,37.321976627639295,36.72943312383158,14.0,14.02060907898268,13.971457328958971,0.0,36.0,0.0,0.0,0.0,0.0,0.0,0.0,0.0,0.0,0.0,0.0,0.0
2026-07-10 17:25:46,0.0,0.0,0.0,0.0,0.0,0.0,0.0,0.0,36.958727965791795,37.01008741429946,37.18977659176944,14.0,14.015549939881655,13.963714905128965,0.0,36.0,0.0,0.0,0.0,0.0,0.0,0.0,0.0,0.0,0.0,0.0,0.0
2026-07-10 17:25:47,0.0,0.0,0.0,0.0,0.0,0.0,0.0,0.0,36.55321815815377,36.80730388020758,37.219705030547715,14.0,14.042514055436365,13.950330700477918,0.0,36.0,0.0,0.0,0.0,0.0,0.0,0.0,0.0,0.0,0.0,0.0,0.0
2026-07-10 17:25:47,0.0,0.0,0.0,0.0,0.0,0.0,0.0,0.0,36.7581168179401,36.91442961418648,36.804943019075864,14.0,13.973073480160831,14.006414162834915,0.0,36.0,0.0,0.0,0.0,0.0,0.0,0.0,0.0,0.0,0.0,0.0,0.0
2026-07-10 17:25:48,0.0,0.0,0.0,0.0,0.0,0.0,0.0,0.0,36.9984755900562,36.94076421186932,36.91494562241552,14.0,14.03549050482358,13.992220620207872,0.0,36.0,0.0,0.0,0.0,0.0,0.0,0.0,0.0,0.0,0.0,0.0,0.0
2026-07-10 17:25:48,0.0,0.0,0.0,0.0,0.0,0.0,0.0,0.0,36.79358019884257,37.3366322246383,37.15722229913266,14.0,13.953272719592901,13.999474862663195,0.0,36.0,0.0,0.0,0.0,0.0,0.0,0.0,0.0,0.0,0.0,0.0,0.0
2026-07-10 17:25:49,0.0,0.0,0.0,0.0,0.0,0.0,0.0,0.0,36.880381290400365,37.2070154974782,36.91210567354764,14.0,13.966032027467767,14.003235292768379,0.0,36.0,0.0,0.0,0.0,0.0,0.0,0.0,0.0,0.0,0.0,0.0,0.0
2026-07-10 17:25:49,0.0,0.0,0.0,0.0,0.0,0.0,0.0,0.0,36.619854808278994,37.394891328438334,37.04044253044495,14.0,13.957921855260542,13.969512979751798,0.0,36.0,0.0,0.0,0.0,0.0,0.0,0.0,0.0,0.0,0.0,0.0,0.0
2026-07-10 17:25:50,0.0,0.0,0.0,0.0,0.0,0.0,0.0,0.0,37.023620782868804,37.36420129942976,36.77673920390486,14.0,13.996434078122851,13.985855071362383,0.0,36.0,0.0,0.0,0.0,0.0,0.0,0.0,0.0,0.0,0.0,0.0,0.0
2026-07-10 17:25:50,0.0,0.0,0.0,0.0,0.0,0.0,0.0,0.0,36.536484539216474,36.8620493871272,36.943199461175766,14.0,14.007735197177773,14.002799494509832,0.0,36.0,0.0,0.0,0.0,0.0,0.0,0.0,0.0,0.0,0.0,0.0,0.0
2026-07-10 17:25:51,0.0,0.0,0.0,0.0,0.0,0.0,0.0,0.0,36.65793967528521,36.92000500720103,36.875134272059974,14.0,14.006830792329133,14.016714284174853,0.0,36.0,0.0,0.0,0.0,0.0,0.0,0.0,0.0,0.0,0.0,0.0,0.0
2026-07-10 17:25:51,0.0,0.0,0.0,0.0,0.0,0.0,0.0,0.0,36.610837202443086,36.841360067357044,37.045599063877596,14.0,13.986623288921827,13.965863088449467,0.0,36.0,0.0,0.0,0.0,0.0,0.0,0.0,0.0,0.0,0.0,0.0,0.0
2026-07-10 17:25:52,0.0,0.0,0.0,0.0,0.0,0.0,0.0,0.0,36.748321674269484,36.840927032453855,36.9228254876612,14.0,14.042063604265296,13.978594523889479,0.0,36.0,0.0,0.0,0.0,0.0,0.0,0.0,0.0,0.0,0.0,0.0,0.0
2026-07-10 17:25:52,0.0,0.0,0.0,0.0,0.0,0.0,0.0,0.0,36.707742530513634,36.909713179772375,37.27233429413651,14.0,14.006027523627886,14.040755858433915,0.0,36.0,0.0,0.0,0.0,0.0,0.0,0.0,0.0,0.0,0.0,0.0,0.0
2026-07-10 17:25:53,0.0,0.0,0.0,0.0,0.0,0.0,0.0,0.0,36.896082645333465,37.086537657830064,37.04580864062376,14.0,14.009735137357964,14.011266309401682,0.0,36.0,0.0,0.0,0.0,0.0,0.0,0.0,0.0,0.0,0.0,0.0,0.0
2026-07-10 17:25:53,0.0,0.0,0.0,0.0,0.0,0.0,0.0,0.0,36.98978378653077,37.29466139693287,36.94057589838909,14.0,13.999623312565214,13.968931540336953,0.0,36.0,0.0,0.0,0.0,0.0,0.0,0.0,0.0,0.0,0.0,0.0,0.0
2026-07-10 17:25:54,0.0,0.0,0.0,0.0,0.0,0.0,0.0,0.0,36.66602342830957,37.31362512774893,36.74948662491862,14.0,14.01350625970823,13.966486268552199,0.0,36.0,0.0,0.0,0.0,0.0,0.0,0.0,0.0,0.0,0.0,0.0,0.0
2026-07-10 17:25:54,0.0,0.0,0.0,0.0,0.0,0.0,0.0,0.0,37.063010528590105,37.07833386880909,37.005829715649774,14.0,14.009074252198726,13.998953265751751,0.0,36.0,0.0,0.0,0.0,0.0,0.0,0.0,0.0,0.0,0.0,0.0,0.0
2026-07-10 17:25:55,0.0,0.0,0.0,0.0,0.0,0.0,0.0,0.0,36.73718603524307,36.84680779508628,37.183935848348035,14.0,13.984543090839168,13.97255230474987,0.0,36.0,0.0,0.0,0.0,0.0,0.0,0.0,0.0,0.0,0.0,0.0,0.0
2026-07-10 17:25:55,0.0,0.0,0.0,0.0,0.0,0.0,0.0,0.0,37.071824762490735,37.19231419012411,36.72575711493568,14.0,13.991904199104331,14.0290959602156,0.0,36.0,0.0,0.0,0.0,0.0,0.0,0.0,0.0,0.0,0.0,0.0,0.0
2026-07-10 17:25:56,0.0,0.0,0.0,0.0,0.0,0.0,0.0,0.0,37.091893091235825,37.39611872452039,37.214186513051494,14.0,14.00717641508302,14.040827585509609,0.0,36.0,0.0,0.0,0.0,0.0,0.0,0.0,0.0,0.0,0.0,0.0,0.0
2026-07-10 17:25:56,0.0,0.0,0.0,0.0,0.0,0.0,0.0,0.0,37.014537319177,36.846446241645374,37.15620328198477,14.0,14.0069870585934,13.982470774258367,0.0,36.0,0.0,0.0,0.0,0.0,0.0,0.0,0.0,0.0,0.0,0.0,0.0
2026-07-10 17:25:57,0.0,0.0,0.0,0.0,0.0,0.0,0.0,0.0,36.6082809077839,37.05811533306594,36.74732915288383,14.0,14.035487782188905,14.037885375622002,0.0,36.0,0.0,0.0,0.0,0.0,0.0,0.0,0.0,0.0,0.0,0.0,0.0
2026-07-10 17:25:57,0.0,0.0,0.0,0.0,0.0,0.0,0.0,0.0,36.62198628180831,37.37648804760124,37.27213714337701,14.0,14.038284271922246,13.966334521750415,0.0,36.0,0.0,0.0,0.0,0.0,0.0,0.0,0.0,0.0,0.0,0.0,0.0
2026-07-10 17:25:58,0.0,0.0,0.0,0.0,0.0,0.0,0.0,0.0,36.78640206159005,37.13832254978117,37.152168816802366,14.0,13.990082199408146,14.037998119259788,0.0,36.0,0.0,0.0,0.0,0.0,0.0,0.0,0.0,0.0,0.0,0.0,0.0
2026-07-10 17:25:58,0.0,0.0,0.0,0.0,0.0,0.0,0.0,0.0,36.688688199676925,37.39797494671949,37.19999957795042,14.0,13.99245644727104,14.005067523266774,0.0,36.0,0.0,0.0,0.0,0.0,0.0,0.0,0.0,0.0,0.0,0.0,0.0
2026-07-10 17:25:59,0.0,0.0,0.0,0.0,0.0,0.0,0.0,0.0,36.698739750531196,37.04521888783958,37.06539158737013,14.0,14.009128735269307,14.0118190453912,0.0,36.0,0.0,0.0,0.0,0.0,0.0,0.0,0.0,0.0,0.0,0.0,0.0
2026-07-10 17:25:59,0.0,0.0,0.0,0.0,0.0,0.0,0.0,0.0,37.09454207966635,37.163674022958354,37.0627968123229,14.0,14.04054810726737,14.008183233063187,0.0,36.0,0.0,0.0,0.0,0.0,0.0,0.0,0.0,0.0,0.0,0.0,0.0
2026-07-10 17:26:00,0.0,0.0,0.0,0.0,0.0,0.0,0.0,0.0,36.702028568126046,37.09414996650319,36.82034596358576,14.0,14.049377177857584,14.023813555783958,0.0,36.0,0.0,0.0,0.0,0.0,0.0,0.0,0.0,0.0,0.0,0.0,0.0
2026-07-10 17:26:00,0.0,0.0,0.0,0.0,0.0,0.0,0.0,0.0,36.59406860941471,37.07082437008186,37.031241264544995,14.0,14.040326939933108,14.02753489794915,0.0,36.0,0.0,0.0,0.0,0.0,0.0,0.0,0.0,0.0,0.0,0.0,0.0
2026-07-10 17:26:01,0.0,0.0,0.0,0.0,0.0,0.0,0.0,0.0,36.91413521991371,37.054339142652445,36.77775511452157,14.0,13.959526795671142,13.992556709540827,0.0,36.0,0.0,0.0,0.0,0.0,0.0,0.0,0.0,0.0,0.0,0.0,0.0
2026-07-10 17:26:01,0.0,0.0,0.0,0.0,0.0,0.0,0.0,0.0,36.570006992672646,37.22829002377897,37.1769070744516,14.0,14.033421986024578,14.014139579238202,0.0,36.0,0.0,0.0,0.0,0.0,0.0,0.0,0.0,0.0,0.0,0.0,0.0
2026-07-10 17:26:02,0.0,0.0,0.0,0.0,0.0,0.0,0.0,0.0,37.01801819406114,37.259990132766454,36.75354822942194,14.0,13.969344712243352,13.967923187121478,0.0,36.0,0.0,0.0,0.0,0.0,0.0,0.0,0.0,0.0,0.0,0.0,0.0
2026-07-10 17:26:02,0.0,0.0,0.0,0.0,0.0,0.0,0.0,0.0,36.65654176552852,36.838418723805596,37.152685968844615,14.0,13.997395524863695,13.971342107132532,0.0,36.0,0.0,0.0,0.0,0.0,0.0,0.0,0.0,0.0,0.0,0.0,0.0
2026-07-10 17:26:03,0.0,0.0,0.0,0.0,0.0,0.0,0.0,0.0,36.60403592796043,36.880524198276845,37.22277492366686,14.0,14.044086812624707,14.0342011176321,0.0,36.0,0.0,0.0,0.0,0.0,0.0,0.0,0.0,0.0,0.0,0.0,0.0
2026-07-10 17:26:03,0.0,0.0,0.0,0.0,0.0,0.0,0.0,0.0,36.653559180206486,37.112676165690885,37.24694714012071,14.0,13.983781185762306,13.963505845856794,0.0,36.0,0.0,0.0,0.0,0.0,0.0,0.0,0.0,0.0,0.0,0.0,0.0
2026-07-10 17:26:04,0.0,0.0,0.0,0.0,0.0,0.0,0.0,0.0,36.774260493962764,37.23200559764101,36.87405902140565,14.0,13.961834883466759,13.952919388156873,0.0,36.0,0.0,0.0,0.0,0.0,0.0,0.0,0.0,0.0,0.0,0.0,0.0
2026-07-10 17:26:04,0.0,0.0,0.0,0.0,0.0,0.0,0.0,0.0,36.60492508279136,37.27298131410961,37.28893552257553,14.0,14.016391787667196,14.012712277816554,0.0,36.0,0.0,0.0,0.0,0.0,0.0,0.0,0.0,0.0,0.0,0.0,0.0
2026-07-10 17:26:05,0.0,0.0,0.0,0.0,0.0,0.0,0.0,0.0,36.91820436601485,37.37053174388541,37.24992940130009,14.0,14.036586397535155,13.993023015753515,0.0,36.0,0.0,0.0,0.0,0.0,0.0,0.0,0.0,0.0,0.0,0.0,0.0
2026-07-10 17:26:05,0.0,0.0,0.0,0.0,0.0,0.0,0.0,0.0,36.80823045957633,37.191272437811755,36.93718987994374,14.0,13.956669524845134,14.048003775475447,0.0,36.0,0.0,0.0,0.0,0.0,0.0,0.0,0.0,0.0,0.0,0.0,0.0
2026-07-10 17:26:06,0.0,0.0,0.0,0.0,0.0,0.0,0.0,0.0,37.0553348390714,37.36885498308085,37.04315927828777,14.0,13.953944839032676,13.978095394263512,0.0,36.0,0.0,0.0,0.0,0.0,0.0,0.0,0.0,0.0,0.0,0.0,0.0
2026-07-10 17:26:06,0.0,0.0,0.0,0.0,0.0,0.0,0.0,0.0,36.88838143357987,37.26472197501852,37.094318029903384,14.0,13.959739247536358,14.013712129212013,0.0,36.0,0.0,0.0,0.0,0.0,0.0,0.0,0.0,0.0,0.0,0.0,0.0
2026-07-10 17:26:07,0.0,0.0,0.0,0.0,0.0,0.0,0.0,0.0,37.04409326121348,36.977013207251595,36.82277333316915,14.0,14.02389839212245,13.96360492392499,0.0,36.0,0.0,0.0,0.0,0.0,0.0,0.0,0.0,0.0,0.0,0.0,0.0
2026-07-10 17:26:07,0.0,0.0,0.0,0.0,0.0,0.0,0.0,0.0,36.848370445182496,37.14344913289148,36.913358473232634,14.0,13.987945139639804,14.038453945635593,0.0,36.0,0.0,0.0,0.0,0.0,0.0,0.0,0.0,0.0,0.0,0.0,0.0
2026-07-10 17:26:08,0.0,0.0,0.0,0.0,0.0,0.0,0.0,0.0,36.680636392859924,37.323056428598946,37.25897732506936,14.0,14.022476195622321,14.012740304523348,0.0,36.0,0.0,0.0,0.0,0.0,0.0,0.0,0.0,0.0,0.0,0.0,0.0
2026-07-10 17:26:08,0.0,0.0,0.0,0.0,0.0,0.0,0.0,0.0,36.73097963254101,36.86531303609667,37.17865310358413,14.0,13.988878300460987,14.006138517508512,0.0,36.0,0.0,0.0,0.0,0.0,0.0,0.0,0.0,0.0,0.0,0.0,0.0
2026-07-10 17:26:09,0.0,0.0,0.0,0.0,0.0,0.0,0.0,0.0,36.733965126439436,37.08183312569197,36.86977327109934,14.0,14.045159932736668,13.969954088744192,0.0,36.0,0.0,0.0,0.0,0.0,0.0,0.0,0.0,0.0,0.0,0.0,0.0
2026-07-10 17:26:09,0.0,0.0,0.0,0.0,0.0,0.0,0.0,0.0,36.67734252414808,36.858190205020286,37.02476215449677,14.0,13.953698163228399,13.99791677450442,0.0,36.0,0.0,0.0,0.0,0.0,0.0,0.0,0.0,0.0,0.0,0.0,0.0
2026-07-10 17:26:10,0.0,0.0,0.0,0.0,0.0,0.0,0.0,0.0,36.969138622368014,37.196556142744804,37.01979651823823,14.0,14.002428330228591,13.96305250112975,0.0,36.0,0.0,0.0,0.0,0.0,0.0,0.0,0.0,0.0,0.0,0.0,0.0
2026-07-10 17:26:10,0.0,0.0,0.0,0.0,0.0,0.0,0.0,0.0,36.96187731690913,36.987058802388546,37.26947248672972,14.0,14.042527026483947,13.960580085218899,0.0,36.0,0.0,0.0,0.0,0.0,0.0,0.0,0.0,0.0,0.0,0.0,0.0
2026-07-10 17:26:11,0.0,0.0,0.0,0.0,0.0,0.0,0.0,0.0,36.937271715298756,36.99080523339895,37.224721430814064,14.0,14.004211743670469,13.965649798287409,0.0,36.0,0.0,0.0,0.0,0.0,0.0,0.0,0.0,0.0,0.0,0.0,0.0
2026-07-10 17:26:11,0.0,0.0,0.0,0.0,0.0,0.0,0.0,0.0,36.90038650277458,36.993895358839616,37.190490973911146,14.0,14.02670246034832,13.961903107105424,0.0,36.0,0.0,0.0,0.0,0.0,0.0,0.0,0.0,0.0,0.0,0.0,0.0
2026-07-10 17:26:12,0.0,0.0,0.0,0.0,0.0,0.0,0.0,0.0,36.89620345229613,36.951715587092956,36.834879258376716,14.0,14.009393511671146,13.980683295096718,0.0,36.0,0.0,0.0,0.0,0.0,0.0,0.0,0.0,0.0,0.0,0.0,0.0
2026-07-10 17:26:12,0.0,0.0,0.0,0.0,0.0,0.0,0.0,0.0,36.69128762717773,36.94821868861797,36.97723094091594,14.0,14.005209685529962,14.00556922172803,0.0,36.0,0.0,0.0,0.0,0.0,0.0,0.0,0.0,0.0,0.0,0.0,0.0
2026-07-10 17:26:13,0.0,0.0,0.0,0.0,0.0,0.0,0.0,0.0,36.818825089033524,37.13426299508506,36.90616254167602,14.0,14.022529841346204,13.984529664485715,0.0,36.0,0.0,0.0,0.0,0.0,0.0,0.0,0.0,0.0,0.0,0.0,0.0
2026-07-10 17:26:13,0.0,0.0,0.0,0.0,0.0,0.0,0.0,0.0,36.82950635408753,37.17174489670273,37.264504374643145,14.0,13.962974465604136,13.981206627248113,0.0,36.0,0.0,0.0,0.0,0.0,0.0,0.0,0.0,0.0,0.0,0.0,0.0
2026-07-10 17:26:14,0.0,0.0,0.0,0.0,0.0,0.0,0.0,0.0,36.706726455893445,37.08483611098918,36.92358363792529,14.0,13.951262155335716,14.010751869099233,0.0,36.0,0.0,0.0,0.0,0.0,0.0,0.0,0.0,0.0,0.0,0.0,0.0
2026-07-10 17:26:14,0.0,0.0,0.0,0.0,0.0,0.0,0.0,0.0,36.56001184423404,37.35153308099867,37.23028023410198,14.0,13.98438082479993,13.990695934673067,0.0,36.0,0.0,0.0,0.0,0.0,0.0,0.0,0.0,0.0,0.0,0.0,0.0
2026-07-10 17:26:15,0.0,0.0,0.0,0.0,0.0,0.0,0.0,0.0,37.082572080232346,37.144876702511574,36.837643860507804,14.0,13.984650834776133,13.98034623231435,0.0,36.0,0.0,0.0,0.0,0.0,0.0,0.0,0.0,0.0,0.0,0.0,0.0
2026-07-10 17:26:15,0.0,0.0,0.0,0.0,0.0,0.0,0.0,0.0,36.7682199187022,36.80433818627838,37.045344928179816,14.0,14.009748686746567,14.003056576822004,0.0,36.0,0.0,0.0,0.0,0.0,0.0,0.0,0.0,0.0,0.0,0.0,0.0
2026-07-10 17:26:16,0.0,0.0,0.0,0.0,0.0,0.0,0.0,0.0,36.80105724222699,37.14605706309563,37.22115587892713,14.0,13.98142547996806,14.025090340967726,0.0,36.0,0.0,0.0,0.0,0.0,0.0,0.0,0.0,0.0,0.0,0.0,0.0
2026-07-10 17:26:16,0.0,0.0,0.0,0.0,0.0,0.0,0.0,0.0,36.915711379522065,37.33504842240161,36.75299206486217,14.0,13.9594399069937,13.96504406080022,0.0,36.0,0.0,0.0,0.0,0.0,0.0,0.0,0.0,0.0,0.0,0.0,0.0
2026-07-10 17:26:17,0.0,0.0,0.0,0.0,0.0,0.0,0.0,0.0,36.60840256525169,36.90037811143995,37.16363467286988,14.0,14.00246170916986,14.028912797496647,0.0,36.0,0.0,0.0,0.0,0.0,0.0,0.0,0.0,0.0,0.0,0.0,0.0
2026-07-10 17:26:17,0.0,0.0,0.0,0.0,0.0,0.0,0.0,0.0,36.98956792526189,37.155501397206024,37.02534490271183,14.0,14.030809516734106,14.043639667601763,0.0,36.0,0.0,0.0,0.0,0.0,0.0,0.0,0.0,0.0,0.0,0.0,0.0
2026-07-10 17:26:18,0.0,0.0,0.0,0.0,0.0,0.0,0.0,0.0,36.693723310717026,36.84318935515219,37.0974452577076,14.0,13.998255274190761,14.043337931874841,0.0,36.0,0.0,0.0,0.0,0.0,0.0,0.0,0.0,0.0,0.0,0.0,0.0
2026-07-10 17:26:18,0.0,0.0,0.0,0.0,0.0,0.0,0.0,0.0,36.76723758852698,37.08403149884082,37.10095411479507,14.0,13.98759618322674,14.009795616471429,0.0,36.0,0.0,0.0,0.0,0.0,0.0,0.0,0.0,0.0,0.0,0.0,0.0
2026-07-10 17:26:19,0.0,0.0,0.0,0.0,0.0,0.0,0.0,0.0,36.906711931791264,37.16061894967254,36.802941343634664,14.0,13.99752358055101,13.998100257857779,0.0,36.0,0.0,0.0,0.0,0.0,0.0,0.0,0.0,0.0,0.0,0.0,0.0
2026-07-10 17:26:19,0.0,0.0,0.0,0.0,0.0,0.0,0.0,0.0,36.71456966428518,37.18550436460534,37.271148594747245,14.0,14.03279973093348,13.97957727227029,0.0,36.0,0.0,0.0,0.0,0.0,0.0,0.0,0.0,0.0,0.0,0.0,0.0
2026-07-10 17:26:20,0.0,0.0,0.0,0.0,0.0,0.0,0.0,0.0,36.72413917122935,37.226572529577,37.144165646498884,14.0,14.011924251334369,14.017093209629582,0.0,36.0,0.0,0.0,0.0,0.0,0.0,0.0,0.0,0.0,0.0,0.0,0.0
2026-07-10 17:26:20,0.0,0.0,0.0,0.0,0.0,0.0,0.0,0.0,36.82958923387514,37.20665753843725,37.100124914496675,14.0,14.044552772716848,13.956417274137022,0.0,36.0,0.0,0.0,0.0,0.0,0.0,0.0,0.0,0.0,0.0,0.0,0.0
2026-07-10 17:26:21,0.0,0.0,0.0,0.0,0.0,0.0,0.0,0.0,36.823371610498164,36.88444784960409,36.87812253736117,14.0,14.049749526966831,14.03878773742693,0.0,36.0,0.0,0.0,0.0,0.0,0.0,0.0,0.0,0.0,0.0,0.0,0.0
2026-07-10 17:26:21,0.0,0.0,0.0,0.0,0.0,0.0,0.0,0.0,36.639537433708966,36.9098563608453,37.289247373670854,14.0,13.966536799097966,14.002955721563104,0.0,36.0,0.0,0.0,0.0,0.0,0.0,0.0,0.0,0.0,0.0,0.0,0.0
2026-07-10 17:26:22,0.0,0.0,0.0,0.0,0.0,0.0,0.0,0.0,36.538097981516266,37.034891723004804,36.91891914200224,14.0,14.018911374863565,14.040007304668956,0.0,36.0,0.0,0.0,0.0,0.0,0.0,0.0,0.0,0.0,0.0,0.0,0.0
2026-07-10 17:26:22,0.0,0.0,0.0,0.0,0.0,0.0,0.0,0.0,37.04039137288781,37.01377137324125,36.88033403128419,14.0,14.007920757436526,14.042886638346435,0.0,36.0,0.0,0.0,0.0,0.0,0.0,0.0,0.0,0.0,0.0,0.0,0.0
2026-07-10 17:26:23,0.0,0.0,0.0,0.0,0.0,0.0,0.0,0.0,36.73996711732106,37.19028615507595,37.16388854517727,14.0,14.00365952156961,13.97038209036418,0.0,36.0,0.0,0.0,0.0,0.0,0.0,0.0,0.0,0.0,0.0,0.0,0.0
2026-07-10 17:26:23,0.0,0.0,0.0,0.0,0.0,0.0,0.0,0.0,36.53237898783154,37.32268381405831,36.75294628457452,14.0,14.030412753709824,14.030491208320917,0.0,36.0,0.0,0.0,0.0,0.0,0.0,0.0,0.0,0.0,0.0,0.0,0.0
2026-07-10 17:26:24,0.0,0.0,0.0,0.0,0.0,0.0,0.0,0.0,36.99599719148372,37.39727886034033,36.856306316082346,14.0,13.980586198677807,13.992009900347114,0.0,36.0,0.0,0.0,0.0,0.0,0.0,0.0,0.0,0.0,0.0,0.0,0.0
2026-07-10 17:26:24,0.0,0.0,0.0,0.0,0.0,0.0,0.0,0.0,36.95204343113165,37.11689705065394,37.185043633442135,14.0,13.953961969772527,14.02066879477576,0.0,36.0,0.0,0.0,0.0,0.0,0.0,0.0,0.0,0.0,0.0,0.0,0.0
2026-07-10 17:26:25,0.0,0.0,0.0,0.0,0.0,0.0,0.0,0.0,36.74710909010599,37.3290250724145,37.294630949795184,14.0,14.049993606684671,14.047175016751773,0.0,36.0,0.0,0.0,0.0,0.0,0.0,0.0,0.0,0.0,0.0,0.0,0.0
2026-07-10 17:26:25,0.0,0.0,0.0,0.0,0.0,0.0,0.0,0.0,36.87630561679773,36.835849591621816,37.16769604928055,14.0,13.993270024318983,13.964087841163545,0.0,36.0,0.0,0.0,0.0,0.0,0.0,0.0,0.0,0.0,0.0,0.0,0.0
2026-07-10 17:26:26,0.0,0.0,0.0,0.0,0.0,0.0,0.0,0.0,36.61131553370309,37.32454567328308,37.09172947118679,14.0,14.045067149972601,13.9903536694669,0.0,36.0,0.0,0.0,0.0,0.0,0.0,0.0,0.0,0.0,0.0,0.0,0.0
2026-07-10 17:26:26,0.0,0.0,0.0,0.0,0.0,0.0,0.0,0.0,36.65088237456592,37.20933164070974,36.82470572453396,14.0,14.043768550980506,13.999187173409112,0.0,36.0,0.0,0.0,0.0,0.0,0.0,0.0,0.0,0.0,0.0,0.0,0.0
2026-07-10 17:26:27,0.0,0.0,0.0,0.0,0.0,0.0,0.0,0.0,36.70136993954685,37.18420676893836,37.080069756576826,14.0,14.014854201994694,14.014975281307871,0.0,36.0,0.0,0.0,0.0,0.0,0.0,0.0,0.0,0.0,0.0,0.0,0.0
2026-07-10 17:26:27,0.0,0.0,0.0,0.0,0.0,0.0,0.0,0.0,36.64552378451503,37.181743944116455,37.076631388625074,14.0,14.02766975597552,13.991081078814158,0.0,36.0,0.0,0.0,0.0,0.0,0.0,0.0,0.0,0.0,0.0,0.0,0.0
2026-07-10 17:26:28,0.0,0.0,0.0,0.0,0.0,0.0,0.0,0.0,36.928487616114076,37.11755093602855,36.70990282471788,14.0,14.026200051924778,14.029328750162017,0.0,36.0,0.0,0.0,0.0,0.0,0.0,0.0,0.0,0.0,0.0,0.0,0.0
2026-07-10 17:26:28,0.0,0.0,0.0,0.0,0.0,0.0,0.0,0.0,36.84481707232578,36.852956876346354,37.04057045949141,14.0,14.00092239340922,13.969526424018959,0.0,36.0,0.0,0.0,0.0,0.0,0.0,0.0,0.0,0.0,0.0,0.0,0.0
2026-07-10 17:26:29,0.0,0.0,0.0,0.0,0.0,0.0,0.0,0.0,36.84137641750585,36.950756061676536,37.12728453780352,14.0,14.023745345660483,14.047633372849706,0.0,36.0,0.0,0.0,0.0,0.0,0.0,0.0,0.0,0.0,0.0,0.0,0.0
2026-07-10 17:26:29,0.0,0.0,0.0,0.0,0.0,0.0,0.0,0.0,36.609695569349896,36.91237273273861,36.93543131229052,14.0,14.023539841909797,14.030171270041695,0.0,36.0,0.0,0.0,0.0,0.0,0.0,0.0,0.0,0.0,0.0,0.0,0.0
2026-07-10 17:26:30,0.0,0.0,0.0,0.0,0.0,0.0,0.0,0.0,36.73426191113717,37.37049161670525,37.05200453429148,14.0,13.976601570583872,13.960530774624889,0.0,36.0,0.0,0.0,0.0,0.0,0.0,0.0,0.0,0.0,0.0,0.0,0.0
2026-07-10 17:26:30,0.0,0.0,0.0,0.0,0.0,0.0,0.0,0.0,36.79034930908594,37.22719394433297,36.9066238434456,14.0,14.0271357976591,14.028732033183749,0.0,36.0,0.0,0.0,0.0,0.0,0.0,0.0,0.0,0.0,0.0,0.0,0.0
2026-07-10 17:26:31,0.0,0.0,0.0,0.0,0.0,0.0,0.0,0.0,37.03597339205627,36.99935827026963,36.750254533896815,14.0,14.014961811756812,13.970162262074084,0.0,36.0,0.0,0.0,0.0,0.0,0.0,0.0,0.0,0.0,0.0,0.0,0.0
2026-07-10 17:26:31,0.0,0.0,0.0,0.0,0.0,0.0,0.0,0.0,36.85973641296284,37.10151068491021,36.95838443068238,14.0,14.018009974822254,14.001619453585416,0.0,36.0,0.0,0.0,0.0,0.0,0.0,0.0,0.0,0.0,0.0,0.0,0.0
2026-07-10 17:26:32,0.0,0.0,0.0,0.0,0.0,0.0,0.0,0.0,37.02127677092056,36.97992355669749,37.28039461709914,14.0,14.024669827735007,14.003694971415198,0.0,36.0,0.0,0.0,0.0,0.0,0.0,0.0,0.0,0.0,0.0,0.0,0.0
2026-07-10 17:26:32,0.0,0.0,0.0,0.0,0.0,0.0,0.0,0.0,36.91445498310123,37.2188585624225,36.762665025784074,14.0,14.019948194349285,14.00786860705956,0.0,36.0,0.0,0.0,0.0,0.0,0.0,0.0,0.0,0.0,0.0,0.0,0.0
2026-07-10 17:26:33,0.0,0.0,0.0,0.0,0.0,0.0,0.0,0.0,36.75452020820581,37.101567723056206,36.951051745428664,14.0,13.962506233581909,13.990796412271793,0.0,36.0,0.0,0.0,0.0,0.0,0.0,0.0,0.0,0.0,0.0,0.0,0.0
2026-07-10 17:26:33,0.0,0.0,0.0,0.0,0.0,0.0,0.0,0.0,36.53738123951639,37.11666616970675,37.057034949450994,14.0,14.018873404585516,13.994004853667981,0.0,36.0,0.0,0.0,0.0,0.0,0.0,0.0,0.0,0.0,0.0,0.0,0.0
2026-07-10 17:26:34,0.0,0.0,0.0,0.0,0.0,0.0,0.0,0.0,36.59881700547534,37.134498770289106,37.17137506984739,14.0,13.978920506490407,14.03069593423082,0.0,36.0,0.0,0.0,0.0,0.0,0.0,0.0,0.0,0.0,0.0,0.0,0.0
2026-07-10 17:26:34,0.0,0.0,0.0,0.0,0.0,0.0,0.0,0.0,36.6103856097167,37.051518406746276,36.95977016842384,14.0,13.961861026492564,14.033785447617669,0.0,36.0,0.0,0.0,0.0,0.0,0.0,0.0,0.0,0.0,0.0,0.0,0.0
2026-07-10 17:26:35,0.0,0.0,0.0,0.0,0.0,0.0,0.0,0.0,36.51408432975894,37.13033793430818,36.80747889494085,14.0,13.964625104268118,14.040009879334457,0.0,36.0,0.0,0.0,0.0,0.0,0.0,0.0,0.0,0.0,0.0,0.0,0.0
2026-07-10 17:26:35,0.0,0.0,0.0,0.0,0.0,0.0,0.0,0.0,36.56741188745518,37.39057038864491,36.874705261305124,14.0,13.97127502471594,14.014535894052901,0.0,36.0,0.0,0.0,0.0,0.0,0.0,0.0,0.0,0.0,0.0,0.0,0.0
2026-07-10 17:26:36,0.0,0.0,0.0,0.0,0.0,0.0,0.0,0.0,36.54443194706807,37.250825993666936,36.94018211542904,14.0,14.000388315366257,14.042463493904116,0.0,36.0,0.0,0.0,0.0,0.0,0.0,0.0,0.0,0.0,0.0,0.0,0.0
2026-07-10 17:26:36,0.0,0.0,0.0,0.0,0.0,0.0,0.0,0.0,36.995715776958015,37.345747384617496,36.8777604449343,14.0,14.017858802224541,13.99733501037999,0.0,36.0,0.0,0.0,0.0,0.0,0.0,0.0,0.0,0.0,0.0,0.0,0.0
2026-07-10 17:26:37,0.0,0.0,0.0,0.0,0.0,0.0,0.0,0.0,36.95843511001565,37.11483008816801,37.16356631451006,14.0,14.009686511966216,14.006989386224976,0.0,36.0,0.0,0.0,0.0,0.0,0.0,0.0,0.0,0.0,0.0,0.0,0.0
2026-07-10 17:26:37,0.0,0.0,0.0,0.0,0.0,0.0,0.0,0.0,36.7531504469152,37.38726145909687,37.19324065565745,14.0,14.015055152024717,13.95107527110144,0.0,36.0,0.0,0.0,0.0,0.0,0.0,0.0,0.0,0.0,0.0,0.0,0.0
2026-07-10 17:26:38,0.0,0.0,0.0,0.0,0.0,0.0,0.0,0.0,36.751181802637795,37.19576366640051,36.992989524351806,14.0,13.963646104910534,13.977181776754945,0.0,36.0,0.0,0.0,0.0,0.0,0.0,0.0,0.0,0.0,0.0,0.0,0.0
2026-07-10 17:26:38,0.0,0.0,0.0,0.0,0.0,0.0,0.0,0.0,36.6371845854772,37.10673782226494,37.04269073698297,14.0,13.989424003455719,13.956549792365385,0.0,36.0,0.0,0.0,0.0,0.0,0.0,0.0,0.0,0.0,0.0,0.0,0.0
2026-07-10 17:26:39,0.0,0.0,0.0,0.0,0.0,0.0,0.0,0.0,36.66173822898101,37.380117699895266,37.01971248456355,14.0,14.018093159449718,14.01486160052677,0.0,36.0,0.0,0.0,0.0,0.0,0.0,0.0,0.0,0.0,0.0,0.0,0.0
2026-07-10 17:26:39,0.0,0.0,0.0,0.0,0.0,0.0,0.0,0.0,36.98928225031688,36.85673318956696,36.72914265846381,14.0,14.014743200027073,13.973021264870109,0.0,36.0,0.0,0.0,0.0,0.0,0.0,0.0,0.0,0.0,0.0,0.0,0.0
2026-07-10 17:26:40,0.0,0.0,0.0,0.0,0.0,0.0,0.0,0.0,36.756838852755635,37.18962452426751,37.02879890401078,14.0,14.006606710947644,13.990857314459415,0.0,36.0,0.0,0.0,0.0,0.0,0.0,0.0,0.0,0.0,0.0,0.0,0.0
2026-07-10 17:26:40,0.0,0.0,0.0,0.0,0.0,0.0,0.0,0.0,36.54943934684503,36.998841923211614,37.22670575985902,14.0,14.032141057461358,14.027935265698257,0.0,36.0,0.0,0.0,0.0,0.0,0.0,0.0,0.0,0.0,0.0,0.0,0.0
2026-07-10 17:26:41,0.0,0.0,0.0,0.0,0.0,0.0,0.0,0.0,36.87053188298393,37.15576419810184,37.29898865190701,14.0,14.003576408096448,14.006551707850587,0.0,36.0,0.0,0.0,0.0,0.0,0.0,0.0,0.0,0.0,0.0,0.0,0.0
2026-07-10 17:26:41,0.0,0.0,0.0,0.0,0.0,0.0,0.0,0.0,36.72356636392744,37.08882227703519,36.86923339018423,14.0,13.990778044166737,13.980865064283407,0.0,36.0,0.0,0.0,0.0,0.0,0.0,0.0,0.0,0.0,0.0,0.0,0.0
2026-07-10 17:26:42,0.0,0.0,0.0,0.0,0.0,0.0,0.0,0.0,36.97714742729685,37.09285427623947,37.221011802308674,14.0,14.025448807102482,13.981262661492709,0.0,36.0,0.0,0.0,0.0,0.0,0.0,0.0,0.0,0.0,0.0,0.0,0.0
2026-07-10 17:26:42,0.0,0.0,0.0,0.0,0.0,0.0,0.0,0.0,36.57067125281699,36.87412520524241,36.72124286310778,14.0,13.978960033030718,14.036997001773187,0.0,36.0,0.0,0.0,0.0,0.0,0.0,0.0,0.0,0.0,0.0,0.0,0.0
2026-07-10 17:26:43,0.0,0.0,0.0,0.0,0.0,0.0,0.0,0.0,36.73669812939104,37.0417306900877,37.08642249596055,14.0,14.019593061426116,13.974214379276242,0.0,36.0,0.0,0.0,0.0,0.0,0.0,0.0,0.0,0.0,0.0,0.0,0.0
2026-07-10 17:26:43,0.0,0.0,0.0,0.0,0.0,0.0,0.0,0.0,36.55530316688224,36.97100578719456,37.124461705413935,14.0,13.965666833071593,14.038300732165567,0.0,36.0,0.0,0.0,0.0,0.0,0.0,0.0,0.0,0.0,0.0,0.0,0.0
2026-07-10 17:26:44,0.0,0.0,0.0,0.0,0.0,0.0,0.0,0.0,36.68897229588925,37.37696337529749,36.91900994408596,14.0,13.997775824627885,14.037330586264972,0.0,36.0,0.0,0.0,0.0,0.0,0.0,0.0,0.0,0.0,0.0,0.0,0.0
2026-07-10 17:26:44,0.0,0.0,0.0,0.0,0.0,0.0,0.0,0.0,36.538421982350805,37.29280978822166,37.13161423911586,14.0,14.027042902989765,13.955898354292536,0.0,36.0,0.0,0.0,0.0,0.0,0.0,0.0,0.0,0.0,0.0,0.0,0.0
2026-07-10 17:26:45,0.0,0.0,0.0,0.0,0.0,0.0,0.0,0.0,36.7532578019122,36.98812347008642,36.81983265917898,14.0,13.975509465271255,13.982802190514697,0.0,36.0,0.0,0.0,0.0,0.0,0.0,0.0,0.0,0.0,0.0,0.0,0.0
2026-07-10 17:26:45,0.0,0.0,0.0,0.0,0.0,0.0,0.0,0.0,36.545830040475344,36.830353643500544,36.75167614264443,14.0,13.964150400861921,14.038194876408118,0.0,36.0,0.0,0.0,0.0,0.0,0.0,0.0,0.0,0.0,0.0,0.0,0.0
2026-07-10 17:26:46,0.0,0.0,0.0,0.0,0.0,0.0,0.0,0.0,36.65314257174026,37.166562664316295,36.96062554937316,14.0,13.976232317010655,13.977093223478283,0.0,36.0,0.0,0.0,0.0,0.0,0.0,0.0,0.0,0.0,0.0,0.0,0.0
2026-07-10 17:26:46,0.0,0.0,0.0,0.0,0.0,0.0,0.0,0.0,36.880481026005036,36.944019410108936,36.98995852476755,14.0,14.005172913389478,14.039024857685714,0.0,36.0,0.0,0.0,0.0,0.0,0.0,0.0,0.0,0.0,0.0,0.0,0.0
2026-07-10 17:26:47,0.0,0.0,0.0,0.0,0.0,0.0,0.0,0.0,36.73415516846976,37.00642743470424,37.00276778547959,14.0,14.040483643444047,13.983096187271927,0.0,36.0,0.0,0.0,0.0,0.0,0.0,0.0,0.0,0.0,0.0,0.0,0.0
2026-07-10 17:26:47,0.0,0.0,0.0,0.0,0.0,0.0,0.0,0.0,36.991568146057986,37.31876595059396,37.02122900703067,14.0,13.994318939423021,13.99834083928862,0.0,36.0,0.0,0.0,0.0,0.0,0.0,0.0,0.0,0.0,0.0,0.0,0.0
2026-07-10 17:26:48,0.0,0.0,0.0,0.0,0.0,0.0,0.0,0.0,36.699986247641135,37.2621131771109,37.29340827148432,14.0,14.027856613704715,14.006986252571934,0.0,36.0,0.0,0.0,0.0,0.0,0.0,0.0,0.0,0.0,0.0,0.0,0.0
2026-07-10 17:26:48,0.0,0.0,0.0,0.0,0.0,0.0,0.0,0.0,36.59825956041837,36.88208050388963,37.062347668712256,14.0,14.001661654947743,14.046778562643514,0.0,36.0,0.0,0.0,0.0,0.0,0.0,0.0,0.0,0.0,0.0,0.0,0.0
2026-07-10 17:26:49,0.0,0.0,0.0,0.0,0.0,0.0,0.0,0.0,36.867358931489015,37.39151536633962,37.16078514076666,14.0,13.970037271346863,14.00772882567056,0.0,36.0,0.0,0.0,0.0,0.0,0.0,0.0,0.0,0.0,0.0,0.0,0.0
2026-07-10 17:26:49,0.0,0.0,0.0,0.0,0.0,0.0,0.0,0.0,36.68694494604361,37.36563094225835,36.900294628006826,14.0,13.95630614498391,14.048341161988935,0.0,36.0,0.0,0.0,0.0,0.0,0.0,0.0,0.0,0.0,0.0,0.0,0.0
2026-07-10 17:26:50,0.0,0.0,0.0,0.0,0.0,0.0,0.0,0.0,37.097445120482455,37.12113979861,37.23479386559908,14.0,13.982068160134165,14.01780977859692,0.0,36.0,0.0,0.0,0.0,0.0,0.0,0.0,0.0,0.0,0.0,0.0,0.0
2026-07-10 17:26:50,0.0,0.0,0.0,0.0,0.0,0.0,0.0,0.0,36.649585152296844,37.21106908633931,37.1438921949089,14.0,13.973420817970657,13.973449550583942,0.0,36.0,0.0,0.0,0.0,0.0,0.0,0.0,0.0,0.0,0.0,0.0,0.0
2026-07-10 17:26:51,0.0,0.0,0.0,0.0,0.0,0.0,0.0,0.0,36.902744253626366,36.90704190077828,37.0346470803265,14.0,13.993351321207511,14.032661944904145,0.0,36.0,0.0,0.0,0.0,0.0,0.0,0.0,0.0,0.0,0.0,0.0,0.0
2026-07-10 17:26:51,0.0,0.0,0.0,0.0,0.0,0.0,0.0,0.0,37.01510227872408,36.883349673559124,36.89881517951673,14.0,14.026820015153408,13.970862903148149,0.0,36.0,0.0,0.0,0.0,0.0,0.0,0.0,0.0,0.0,0.0,0.0,0.0
2026-07-10 17:26:52,0.0,0.0,0.0,0.0,0.0,0.0,0.0,0.0,36.750875634612825,36.91940285788392,36.79946038990815,14.0,13.96296441127976,14.031545915113758,0.0,36.0,0.0,0.0,0.0,0.0,0.0,0.0,0.0,0.0,0.0,0.0,0.0
2026-07-10 17:26:52,0.0,0.0,0.0,0.0,0.0,0.0,0.0,0.0,37.07415303785021,37.386091070204095,37.18560851400256,14.0,14.017176291598954,13.988435080437874,0.0,36.0,0.0,0.0,0.0,0.0,0.0,0.0,0.0,0.0,0.0,0.0,0.0
2026-07-10 17:26:53,0.0,0.0,0.0,0.0,0.0,0.0,0.0,0.0,36.661749975125765,36.82409913798695,37.04624349234539,14.0,14.033798886262243,14.010525712399943,0.0,36.0,0.0,0.0,0.0,0.0,0.0,0.0,0.0,0.0,0.0,0.0,0.0
2026-07-10 17:26:53,0.0,0.0,0.0,0.0,0.0,0.0,0.0,0.0,36.72000847143214,36.95104169147704,37.232695417287914,14.0,13.976267061037335,14.00292357111776,0.0,36.0,0.0,0.0,0.0,0.0,0.0,0.0,0.0,0.0,0.0,0.0,0.0
2026-07-10 17:26:54,0.0,0.0,0.0,0.0,0.0,0.0,0.0,0.0,36.94508362850199,37.12001154246798,36.70483350540078,14.0,14.005576993034934,13.978916638251581,0.0,36.0,0.0,0.0,0.0,0.0,0.0,0.0,0.0,0.0,0.0,0.0,0.0
2026-07-10 17:26:54,0.0,0.0,0.0,0.0,0.0,0.0,0.0,0.0,36.55884328273947,36.945871969309344,37.12734978123921,14.0,14.013582245979855,13.95770431530324,0.0,36.0,0.0,0.0,0.0,0.0,0.0,0.0,0.0,0.0,0.0,0.0,0.0
2026-07-10 17:26:55,0.0,0.0,0.0,0.0,0.0,0.0,0.0,0.0,36.803602646711624,37.391721194779194,37.22644075159795,14.0,14.03537359839871,13.958419737785967,0.0,36.0,0.0,0.0,0.0,0.0,0.0,0.0,0.0,0.0,0.0,0.0,0.0
2026-07-10 17:26:55,0.0,0.0,0.0,0.0,0.0,0.0,0.0,0.0,36.87403960594476,37.178503711593834,36.77489460646159,14.0,14.049385533019437,14.047119582852384,0.0,36.0,0.0,0.0,0.0,0.0,0.0,0.0,0.0,0.0,0.0,0.0,0.0
2026-07-10 17:26:56,0.0,0.0,0.0,0.0,0.0,0.0,0.0,0.0,36.72116466507345,37.0376928081547,37.29399512664629,14.0,13.997541609846543,14.039868589301042,0.0,36.0,0.0,0.0,0.0,0.0,0.0,0.0,0.0,0.0,0.0,0.0,0.0
2026-07-10 17:26:56,0.0,0.0,0.0,0.0,0.0,0.0,0.0,0.0,36.93721295954351,37.30762374926286,36.86660066209898,14.0,14.02793486569859,14.010336807938321,0.0,36.0,0.0,0.0,0.0,0.0,0.0,0.0,0.0,0.0,0.0,0.0,0.0
2026-07-10 17:26:57,0.0,0.0,0.0,0.0,0.0,0.0,0.0,0.0,36.609914432622446,37.13634244551734,36.73618958261918,14.0,13.9586302949825,14.049406817376116,0.0,36.0,0.0,0.0,0.0,0.0,0.0,0.0,0.0,0.0,0.0,0.0,0.0
2026-07-10 17:26:57,0.0,0.0,0.0,0.0,0.0,0.0,0.0,0.0,36.54239034486124,37.07013075247337,37.198174424234395,14.0,13.97502879772398,13.982512282345057,0.0,36.0,0.0,0.0,0.0,0.0,0.0,0.0,0.0,0.0,0.0,0.0,0.0
2026-07-10 17:26:58,0.0,0.0,0.0,0.0,0.0,0.0,0.0,0.0,37.043516015496444,37.3842162293327,37.24100227172124,14.0,13.969154905382943,14.036189718340102,0.0,36.0,0.0,0.0,0.0,0.0,0.0,0.0,0.0,0.0,0.0,0.0,0.0
2026-07-10 17:26:58,0.0,0.0,0.0,0.0,0.0,0.0,0.0,0.0,36.52527443076387,37.2169777366076,37.01433191862385,14.0,13.992034938004009,14.011903257660418,0.0,36.0,0.0,0.0,0.0,0.0,0.0,0.0,0.0,0.0,0.0,0.0,0.0
2026-07-10 17:26:59,0.0,0.0,0.0,0.0,0.0,0.0,0.0,0.0,36.693378569052214,37.35109807234655,36.81654972899255,14.0,13.999143374866978,13.978144753657272,0.0,36.0,0.0,0.0,0.0,0.0,0.0,0.0,0.0,0.0,0.0,0.0,0.0
2026-07-10 17:26:59,0.0,0.0,0.0,0.0,0.0,0.0,0.0,0.0,36.86914660176147,36.98268113499418,36.79834071461811,14.0,14.04638445653448,13.994673894871028,0.0,36.0,0.0,0.0,0.0,0.0,0.0,0.0,0.0,0.0,0.0,0.0,0.0
2026-07-10 17:27:00,0.0,0.0,0.0,0.0,0.0,0.0,0.0,0.0,36.68679708318376,37.31937984677605,37.23186539083594,14.0,13.978493428274998,14.030001669923447,0.0,36.0,0.0,0.0,0.0,0.0,0.0,0.0,0.0,0.0,0.0,0.0,0.0
2026-07-10 17:27:00,0.0,0.0,0.0,0.0,0.0,0.0,0.0,0.0,36.76365223340615,37.33403424911448,37.20217121691333,14.0,13.981801686010906,14.04231488761933,0.0,36.0,0.0,0.0,0.0,0.0,0.0,0.0,0.0,0.0,0.0,0.0,0.0
2026-07-10 17:27:01,0.0,0.0,0.0,0.0,0.0,0.0,0.0,0.0,36.57688931118471,37.257626613858086,36.82879193852531,14.0,14.025429433622477,13.952664123741666,0.0,36.0,0.0,0.0,0.0,0.0,0.0,0.0,0.0,0.0,0.0,0.0,0.0
2026-07-10 17:27:01,0.0,0.0,0.0,0.0,0.0,0.0,0.0,0.0,36.7659344045847,37.266877643072704,37.10849443143578,14.0,13.962765119200233,14.00160724213629,0.0,36.0,0.0,0.0,0.0,0.0,0.0,0.0,0.0,0.0,0.0,0.0,0.0
2026-07-10 17:27:02,0.0,0.0,0.0,0.0,0.0,0.0,0.0,0.0,36.59661455607699,37.306118736320876,36.726127531929734,14.0,14.001192099862543,14.028085082566472,0.0,36.0,0.0,0.0,0.0,0.0,0.0,0.0,0.0,0.0,0.0,0.0,0.0
2026-07-10 17:27:02,0.0,0.0,0.0,0.0,0.0,0.0,0.0,0.0,36.96531908791179,36.99083215459546,36.80196148597421,14.0,14.028470748596225,14.046520618747708,0.0,36.0,0.0,0.0,0.0,0.0,0.0,0.0,0.0,0.0,0.0,0.0,0.0
2026-07-10 17:27:03,0.0,0.0,0.0,0.0,0.0,0.0,0.0,0.0,36.79170301817271,37.06712043243241,37.16504105650144,14.0,14.015207579807912,14.0427220951643,0.0,36.0,0.0,0.0,0.0,0.0,0.0,0.0,0.0,0.0,0.0,0.0,0.0
2026-07-10 17:27:03,0.0,0.0,0.0,0.0,0.0,0.0,0.0,0.0,36.98479532689896,37.34968948327181,36.84939047043669,14.0,14.005628831795775,14.007176804380485,0.0,36.0,0.0,0.0,0.0,0.0,0.0,0.0,0.0,0.0,0.0,0.0,0.0
2026-07-10 17:27:04,0.0,0.0,0.0,0.0,0.0,0.0,0.0,0.0,36.97326840225727,36.942735884393706,37.13150142589418,14.0,13.972446708605016,14.017946964885958,0.0,36.0,0.0,0.0,0.0,0.0,0.0,0.0,0.0,0.0,0.0,0.0,0.0
2026-07-10 17:27:04,0.0,0.0,0.0,0.0,0.0,0.0,0.0,0.0,37.07514592323489,37.31421232843316,37.14504545337188,14.0,13.98754479300608,14.038607460615928,0.0,36.0,0.0,0.0,0.0,0.0,0.0,0.0,0.0,0.0,0.0,0.0,0.0
2026-07-10 17:27:05,0.0,0.0,0.0,0.0,0.0,0.0,0.0,0.0,36.838143949616175,36.971644869180885,36.904633624148,14.0,13.964974400692135,14.041144016711918,0.0,36.0,0.0,0.0,0.0,0.0,0.0,0.0,0.0,0.0,0.0,0.0,0.0
2026-07-10 17:27:05,0.0,0.0,0.0,0.0,0.0,0.0,0.0,0.0,36.821808057055954,37.19969435222065,36.788704695658886,14.0,13.954998694239958,14.048075765430331,0.0,36.0,0.0,0.0,0.0,0.0,0.0,0.0,0.0,0.0,0.0,0.0,0.0
2026-07-10 17:27:06,0.0,0.0,0.0,0.0,0.0,0.0,0.0,0.0,36.9831660474049,37.18294199857331,36.938143775233186,14.0,14.029400363614073,14.041178361435652,0.0,36.0,0.0,0.0,0.0,0.0,0.0,0.0,0.0,0.0,0.0,0.0,0.0
2026-07-10 17:27:06,0.0,0.0,0.0,0.0,0.0,0.0,0.0,0.0,37.05922328094298,37.28566334291535,37.267978290126074,14.0,14.043566582816624,14.005599438108387,0.0,36.0,0.0,0.0,0.0,0.0,0.0,0.0,0.0,0.0,0.0,0.0,0.0
2026-07-10 17:27:07,0.0,0.0,0.0,0.0,0.0,0.0,0.0,0.0,36.552073901190866,37.256403490624216,36.86273789841694,14.0,13.982633935803685,14.04761396764869,0.0,36.0,0.0,0.0,0.0,0.0,0.0,0.0,0.0,0.0,0.0,0.0,0.0
2026-07-10 17:27:07,0.0,0.0,0.0,0.0,0.0,0.0,0.0,0.0,36.725225207796576,37.31075403117467,36.796745651939304,14.0,14.027397409363767,14.024116275300582,0.0,36.0,0.0,0.0,0.0,0.0,0.0,0.0,0.0,0.0,0.0,0.0,0.0
2026-07-10 17:27:08,0.0,0.0,0.0,0.0,0.0,0.0,0.0,0.0,37.031036938559765,37.24449366602399,37.072309872586985,14.0,13.957816710567906,13.99660629427945,0.0,36.0,0.0,0.0,0.0,0.0,0.0,0.0,0.0,0.0,0.0,0.0,0.0
2026-07-10 17:27:08,0.0,0.0,0.0,0.0,0.0,0.0,0.0,0.0,36.89553876353956,37.12854310429942,37.0267341874642,14.0,13.982298526775319,14.019265734935349,0.0,36.0,0.0,0.0,0.0,0.0,0.0,0.0,0.0,0.0,0.0,0.0,0.0
2026-07-10 17:27:09,0.0,0.0,0.0,0.0,0.0,0.0,0.0,0.0,36.717598215400336,37.31203870130209,36.823728411752484,14.0,13.992651165101512,14.003956527481824,0.0,36.0,0.0,0.0,0.0,0.0,0.0,0.0,0.0,0.0,0.0,0.0,0.0
2026-07-10 17:27:09,0.0,0.0,0.0,0.0,0.0,0.0,0.0,0.0,36.7675615499826,37.01998550120494,37.18086931474433,14.0,14.004590548470283,13.992011404155173,0.0,36.0,0.0,0.0,0.0,0.0,0.0,0.0,0.0,0.0,0.0,0.0,0.0
2026-07-10 17:27:10,0.0,0.0,0.0,0.0,0.0,0.0,0.0,0.0,36.81946750289228,37.2468458549584,37.05485703277223,14.0,13.956110032423387,13.966553935252366,0.0,36.0,0.0,0.0,0.0,0.0,0.0,0.0,0.0,0.0,0.0,0.0,0.0
2026-07-10 17:27:10,0.0,0.0,0.0,0.0,0.0,0.0,0.0,0.0,36.65507620704417,37.344583677403506,37.01991963101914,14.0,14.002098018326995,13.973312195602045,0.0,36.0,0.0,0.0,0.0,0.0,0.0,0.0,0.0,0.0,0.0,0.0,0.0
2026-07-10 17:27:11,0.0,0.0,0.0,0.0,0.0,0.0,0.0,0.0,36.879691072422645,37.17042883174764,37.078225578277944,14.0,13.962391477332481,14.047442446261565,0.0,36.0,0.0,0.0,0.0,0.0,0.0,0.0,0.0,0.0,0.0,0.0,0.0
2026-07-10 17:27:11,0.0,0.0,0.0,0.0,0.0,0.0,0.0,0.0,36.576450787963104,37.136286166902124,37.13811307240261,14.0,13.98028142593396,14.045216076121823,0.0,36.0,0.0,0.0,0.0,0.0,0.0,0.0,0.0,0.0,0.0,0.0,0.0
2026-07-10 17:27:12,0.0,0.0,0.0,0.0,0.0,0.0,0.0,0.0,36.81706988116979,37.15081971006282,37.04175596847325,14.0,13.997719228408855,13.961421733402954,0.0,36.0,0.0,0.0,0.0,0.0,0.0,0.0,0.0,0.0,0.0,0.0,0.0
2026-07-10 17:27:12,0.0,0.0,0.0,0.0,0.0,0.0,0.0,0.0,36.91321936102618,37.21561598911647,37.2917769463801,14.0,13.954688405092634,13.959984679009553,0.0,36.0,0.0,0.0,0.0,0.0,0.0,0.0,0.0,0.0,0.0,0.0,0.0
2026-07-10 17:27:13,0.0,0.0,0.0,0.0,0.0,0.0,0.0,0.0,36.82632412615513,37.32569377946567,36.98414977648248,14.0,13.979221558679638,13.997757765250874,0.0,36.0,0.0,0.0,0.0,0.0,0.0,0.0,0.0,0.0,0.0,0.0,0.0
2026-07-10 17:27:13,0.0,0.0,0.0,0.0,0.0,0.0,0.0,0.0,36.79171944861964,37.01543299026111,37.213750426701424,14.0,14.04017242467325,14.034647125744577,0.0,36.0,0.0,0.0,0.0,0.0,0.0,0.0,0.0,0.0,0.0,0.0,0.0
2026-07-10 17:27:14,0.0,0.0,0.0,0.0,0.0,0.0,0.0,0.0,36.766779370398,37.31541430806363,36.96321015485468,14.0,14.012498784239673,13.988271164869941,0.0,36.0,0.0,0.0,0.0,0.0,0.0,0.0,0.0,0.0,0.0,0.0,0.0
2026-07-10 17:27:14,0.0,0.0,0.0,0.0,0.0,0.0,0.0,0.0,36.9569942549256,37.26829791512411,37.06660854257215,14.0,14.009002596564121,13.961079281636824,0.0,36.0,0.0,0.0,0.0,0.0,0.0,0.0,0.0,0.0,0.0,0.0,0.0
2026-07-10 17:27:15,0.0,0.0,0.0,0.0,0.0,0.0,0.0,0.0,36.751407991975135,36.865243708636584,37.10035095507297,14.0,14.040081657600837,14.007514674024357,0.0,36.0,0.0,0.0,0.0,0.0,0.0,0.0,0.0,0.0,0.0,0.0,0.0
2026-07-10 17:27:15,0.0,0.0,0.0,0.0,0.0,0.0,0.0,0.0,36.95037171277709,36.92402899207758,36.80443720524428,14.0,13.997556622006185,14.028092480381872,0.0,36.0,0.0,0.0,0.0,0.0,0.0,0.0,0.0,0.0,0.0,0.0,0.0
2026-07-10 17:27:16,0.0,0.0,0.0,0.0,0.0,0.0,0.0,0.0,36.59181414828815,37.18181951972842,36.883178118633815,14.0,14.01424824676581,14.035872459149083,0.0,36.0,0.0,0.0,0.0,0.0,0.0,0.0,0.0,0.0,0.0,0.0,0.0
2026-07-10 17:27:16,0.0,0.0,0.0,0.0,0.0,0.0,0.0,0.0,36.94376332375023,37.23939861384187,37.071176166357645,14.0,14.007462973943037,13.97603012233138,0.0,36.0,0.0,0.0,0.0,0.0,0.0,0.0,0.0,0.0,0.0,0.0,0.0
2026-07-10 17:27:17,0.0,0.0,0.0,0.0,0.0,0.0,0.0,0.0,36.99875259421737,37.15675070916767,37.1222633889698,14.0,14.049851915069443,13.991626213753763,0.0,36.0,0.0,0.0,0.0,0.0,0.0,0.0,0.0,0.0,0.0,0.0,0.0
2026-07-10 17:27:17,0.0,0.0,0.0,0.0,0.0,0.0,0.0,0.0,36.72025206343139,37.21534009972891,36.80418982261649,14.0,14.006065356134664,14.018905022863207,0.0,36.0,0.0,0.0,0.0,0.0,0.0,0.0,0.0,0.0,0.0,0.0,0.0
2026-07-10 17:27:18,0.0,0.0,0.0,0.0,0.0,0.0,0.0,0.0,36.54109395754528,37.11293668231305,37.28591416369653,14.0,13.956007835712379,13.98277323887222,0.0,36.0,0.0,0.0,0.0,0.0,0.0,0.0,0.0,0.0,0.0,0.0,0.0
2026-07-10 17:27:18,0.0,0.0,0.0,0.0,0.0,0.0,0.0,0.0,36.568922524635845,37.3230080203591,37.23256180557311,14.0,13.979562461646998,14.00683655875112,0.0,36.0,0.0,0.0,0.0,0.0,0.0,0.0,0.0,0.0,0.0,0.0,0.0
2026-07-10 17:27:19,0.0,0.0,0.0,0.0,0.0,0.0,0.0,0.0,36.566086821621056,37.03640914329494,37.180349542398886,14.0,14.034318250159043,13.997114688409878,0.0,36.0,0.0,0.0,0.0,0.0,0.0,0.0,0.0,0.0,0.0,0.0,0.0
2026-07-10 17:27:19,0.0,0.0,0.0,0.0,0.0,0.0,0.0,0.0,36.980798615673,37.248427149825815,37.29969352661898,14.0,13.958696208264291,14.026231989496544,0.0,36.0,0.0,0.0,0.0,0.0,0.0,0.0,0.0,0.0,0.0,0.0,0.0
2026-07-10 17:27:20,0.0,0.0,0.0,0.0,0.0,0.0,0.0,0.0,36.574494581162476,36.9728879187342,36.77733673042158,14.0,13.964212802436446,13.98309845944016,0.0,36.0,0.0,0.0,0.0,0.0,0.0,0.0,0.0,0.0,0.0,0.0,0.0
2026-07-10 17:27:20,0.0,0.0,0.0,0.0,0.0,0.0,0.0,0.0,36.736753746534625,37.1437960712103,36.81874422095591,14.0,13.977599884131259,13.960215486131334,0.0,36.0,0.0,0.0,0.0,0.0,0.0,0.0,0.0,0.0,0.0,0.0,0.0
2026-07-10 17:27:21,0.0,0.0,0.0,0.0,0.0,0.0,0.0,0.0,36.818449118106166,36.97256923110226,37.232540132712415,14.0,13.99454386814379,14.015593700729887,0.0,36.0,0.0,0.0,0.0,0.0,0.0,0.0,0.0,0.0,0.0,0.0,0.0
2026-07-10 17:27:21,0.0,0.0,0.0,0.0,0.0,0.0,0.0,0.0,36.792041222961686,37.04951482637502,37.139061166520406,14.0,14.013158798490064,13.990068574692522,0.0,36.0,0.0,0.0,0.0,0.0,0.0,0.0,0.0,0.0,0.0,0.0,0.0
2026-07-10 17:27:22,0.0,0.0,0.0,0.0,0.0,0.0,0.0,0.0,37.04905433107143,36.96342848259543,37.03416161038952,14.0,14.02589492398632,13.953246905929978,0.0,36.0,0.0,0.0,0.0,0.0,0.0,0.0,0.0,0.0,0.0,0.0,0.0
2026-07-10 17:27:22,0.0,0.0,0.0,0.0,0.0,0.0,0.0,0.0,37.089337791714385,36.81992106611828,36.81465771489287,14.0,13.9872679268374,14.049693530212604,0.0,36.0,0.0,0.0,0.0,0.0,0.0,0.0,0.0,0.0,0.0,0.0,0.0
2026-07-10 17:27:23,0.0,0.0,0.0,0.0,0.0,0.0,0.0,0.0,37.087662377605945,37.39881140268565,36.96014532366184,14.0,14.047445470341584,14.006454115298471,0.0,36.0,0.0,0.0,0.0,0.0,0.0,0.0,0.0,0.0,0.0,0.0,0.0
2026-07-10 17:27:23,0.0,0.0,0.0,0.0,0.0,0.0,0.0,0.0,36.51008675800877,36.802409712268485,37.03138306714864,14.0,14.006593427690092,13.98388283596869,0.0,36.0,0.0,0.0,0.0,0.0,0.0,0.0,0.0,0.0,0.0,0.0,0.0
2026-07-10 17:27:24,0.0,0.0,0.0,0.0,0.0,0.0,0.0,0.0,36.7417650377551,37.03746485484265,36.87510771078201,14.0,13.99944005385401,14.039181418459965,0.0,36.0,0.0,0.0,0.0,0.0,0.0,0.0,0.0,0.0,0.0,0.0,0.0
2026-07-10 17:27:24,0.0,0.0,0.0,0.0,0.0,0.0,0.0,0.0,36.891031900966446,37.20228396922066,37.28854203847654,14.0,13.957104744453465,13.959945883453178,0.0,36.0,0.0,0.0,0.0,0.0,0.0,0.0,0.0,0.0,0.0,0.0,0.0
2026-07-10 17:27:25,0.0,0.0,0.0,0.0,0.0,0.0,0.0,0.0,36.77111794225016,37.29737471329261,36.98456338031927,14.0,14.025886724831286,14.025489923392369,0.0,36.0,0.0,0.0,0.0,0.0,0.0,0.0,0.0,0.0,0.0,0.0,0.0
2026-07-10 17:27:25,0.0,0.0,0.0,0.0,0.0,0.0,0.0,0.0,36.55144547053073,36.82567656790418,37.18269973545676,14.0,14.03565011530332,14.045334347921713,0.0,36.0,0.0,0.0,0.0,0.0,0.0,0.0,0.0,0.0,0.0,0.0,0.0
2026-07-10 17:27:26,0.0,0.0,0.0,0.0,0.0,0.0,0.0,0.0,36.81392737103188,37.27195541823575,36.950480499060184,14.0,14.042070476740967,14.044970577959598,0.0,36.0,0.0,0.0,0.0,0.0,0.0,0.0,0.0,0.0,0.0,0.0,0.0
2026-07-10 17:27:26,0.0,0.0,0.0,0.0,0.0,0.0,0.0,0.0,36.68059823563389,37.039740069110266,37.07543136785845,14.0,13.96080463195472,14.003993580260985,0.0,36.0,0.0,0.0,0.0,0.0,0.0,0.0,0.0,0.0,0.0,0.0,0.0
2026-07-10 17:27:27,0.0,0.0,0.0,0.0,0.0,0.0,0.0,0.0,36.99099895002712,37.39913131636267,36.90582403915998,14.0,13.953366064018597,13.999897543350182,0.0,36.0,0.0,0.0,0.0,0.0,0.0,0.0,0.0,0.0,0.0,0.0,0.0
2026-07-10 17:27:27,0.0,0.0,0.0,0.0,0.0,0.0,0.0,0.0,36.59855393416213,36.964596080901615,37.233429878064555,14.0,14.006414982246135,13.960396944097598,0.0,36.0,0.0,0.0,0.0,0.0,0.0,0.0,0.0,0.0,0.0,0.0,0.0
2026-07-10 17:27:28,0.0,0.0,0.0,0.0,0.0,0.0,0.0,0.0,36.52460449981905,37.14666414510355,37.04965304404399,14.0,14.048582863233777,13.959620783292747,0.0,36.0,0.0,0.0,0.0,0.0,0.0,0.0,0.0,0.0,0.0,0.0,0.0
2026-07-10 17:27:28,0.0,0.0,0.0,0.0,0.0,0.0,0.0,0.0,36.758535960873175,37.3317825589249,37.135546458084484,14.0,13.956560818789198,13.997986881525263,0.0,36.0,0.0,0.0,0.0,0.0,0.0,0.0,0.0,0.0,0.0,0.0,0.0
2026-07-10 17:27:29,0.0,0.0,0.0,0.0,0.0,0.0,0.0,0.0,36.602518695732016,36.91884667078364,37.106450380811786,14.0,14.016724958109798,14.029181423993409,0.0,36.0,0.0,0.0,0.0,0.0,0.0,0.0,0.0,0.0,0.0,0.0,0.0
2026-07-10 17:27:29,0.0,0.0,0.0,0.0,0.0,0.0,0.0,0.0,36.814063909529644,37.04960478614384,37.22442709165409,14.0,14.023415658631299,13.963758336045657,0.0,36.0,0.0,0.0,0.0,0.0,0.0,0.0,0.0,0.0,0.0,0.0,0.0
2026-07-10 17:27:30,0.0,0.0,0.0,0.0,0.0,0.0,0.0,0.0,37.01650093702897,37.16250615130134,37.22773661632221,14.0,14.009640668494837,14.01239651416443,0.0,36.0,0.0,0.0,0.0,0.0,0.0,0.0,0.0,0.0,0.0,0.0,0.0
2026-07-10 17:27:30,0.0,0.0,0.0,0.0,0.0,0.0,0.0,0.0,36.95093594232685,36.97287173886032,37.17972689662322,14.0,14.021491933962812,14.03874042443254,0.0,36.0,0.0,0.0,0.0,0.0,0.0,0.0,0.0,0.0,0.0,0.0,0.0
2026-07-10 17:27:31,0.0,0.0,0.0,0.0,0.0,0.0,0.0,0.0,36.62236926296796,37.38803800556406,37.263535040459,14.0,13.994372404771028,13.966205091589522,0.0,36.0,0.0,0.0,0.0,0.0,0.0,0.0,0.0,0.0,0.0,0.0,0.0
2026-07-10 17:27:31,0.0,0.0,0.0,0.0,0.0,0.0,0.0,0.0,36.94365272010615,36.952267188829644,36.945943734104866,14.0,14.03052975782456,14.036370119995281,0.0,36.0,0.0,0.0,0.0,0.0,0.0,0.0,0.0,0.0,0.0,0.0,0.0
2026-07-10 17:27:32,0.0,0.0,0.0,0.0,0.0,0.0,0.0,0.0,36.813545233113935,37.36593677266588,37.08402816859557,14.0,13.97520687951275,14.022126550016287,0.0,36.0,0.0,0.0,0.0,0.0,0.0,0.0,0.0,0.0,0.0,0.0,0.0
2026-07-10 17:27:32,0.0,0.0,0.0,0.0,0.0,0.0,0.0,0.0,36.80432784261717,37.28522740767708,36.88944929513642,14.0,14.038108648834918,14.02672348381202,0.0,36.0,0.0,0.0,0.0,0.0,0.0,0.0,0.0,0.0,0.0,0.0,0.0
2026-07-10 17:27:33,0.0,0.0,0.0,0.0,0.0,0.0,0.0,0.0,36.608756439998395,37.352564335075044,37.001329933443216,14.0,13.96385626489356,13.978057381264408,0.0,36.0,0.0,0.0,0.0,0.0,0.0,0.0,0.0,0.0,0.0,0.0,0.0
2026-07-10 17:27:33,0.0,0.0,0.0,0.0,0.0,0.0,0.0,0.0,36.90553605820179,37.223635957899255,36.785579421614386,14.0,13.999649500871403,14.0124018747371,0.0,36.0,0.0,0.0,0.0,0.0,0.0,0.0,0.0,0.0,0.0,0.0,0.0
2026-07-10 17:27:34,0.0,0.0,0.0,0.0,0.0,0.0,0.0,0.0,37.04727161374051,36.84674519218802,36.79228049766128,14.0,13.968706424567229,13.969388858773108,0.0,36.0,0.0,0.0,0.0,0.0,0.0,0.0,0.0,0.0,0.0,0.0,0.0
2026-07-10 17:27:34,0.0,0.0,0.0,0.0,0.0,0.0,0.0,0.0,36.84103762506105,36.9409497820769,37.13024431552994,14.0,13.96659259766851,13.986772671767234,0.0,36.0,0.0,0.0,0.0,0.0,0.0,0.0,0.0,0.0,0.0,0.0,0.0
2026-07-10 17:27:35,0.0,0.0,0.0,0.0,0.0,0.0,0.0,0.0,36.96982017286675,37.361840812996796,37.12270244569419,14.0,13.989751064147578,14.03880464111726,0.0,36.0,0.0,0.0,0.0,0.0,0.0,0.0,0.0,0.0,0.0,0.0,0.0
2026-07-10 17:27:35,0.0,0.0,0.0,0.0,0.0,0.0,0.0,0.0,36.52188737048817,37.03752256612393,37.05884413628563,14.0,14.03071129223829,14.045002126344677,0.0,36.0,0.0,0.0,0.0,0.0,0.0,0.0,0.0,0.0,0.0,0.0,0.0
2026-07-10 17:27:36,0.0,0.0,0.0,0.0,0.0,0.0,0.0,0.0,36.96886250413769,37.18416297694906,37.03432913889913,14.0,13.950057709538282,14.02040036820742,0.0,36.0,0.0,0.0,0.0,0.0,0.0,0.0,0.0,0.0,0.0,0.0,0.0
2026-07-10 17:27:36,0.0,0.0,0.0,0.0,0.0,0.0,0.0,0.0,36.94810652238691,36.94257719593518,37.26013974131805,14.0,13.98052176460339,14.03089859396981,0.0,36.0,0.0,0.0,0.0,0.0,0.0,0.0,0.0,0.0,0.0,0.0,0.0
2026-07-10 17:27:37,0.0,0.0,0.0,0.0,0.0,0.0,0.0,0.0,36.950599382453845,37.204726506727404,37.189681945567244,14.0,13.979327698494606,14.001485654125878,0.0,36.0,0.0,0.0,0.0,0.0,0.0,0.0,0.0,0.0,0.0,0.0,0.0
2026-07-10 17:27:37,0.0,0.0,0.0,0.0,0.0,0.0,0.0,0.0,36.910732566533206,37.2391008219867,36.880386471244634,14.0,13.972709503759713,13.989690994226448,0.0,36.0,0.0,0.0,0.0,0.0,0.0,0.0,0.0,0.0,0.0,0.0,0.0
2026-07-10 17:27:38,0.0,0.0,0.0,0.0,0.0,0.0,0.0,0.0,36.54765946812036,37.069366733744886,36.977531336801654,14.0,13.98793907050524,13.961362384175088,0.0,36.0,0.0,0.0,0.0,0.0,0.0,0.0,0.0,0.0,0.0,0.0,0.0
2026-07-10 17:27:38,0.0,0.0,0.0,0.0,0.0,0.0,0.0,0.0,37.085824034152935,37.163041315609156,36.801007476467724,14.0,13.969325920979383,13.99140221031187,0.0,36.0,0.0,0.0,0.0,0.0,0.0,0.0,0.0,0.0,0.0,0.0,0.0
2026-07-10 17:27:39,0.0,0.0,0.0,0.0,0.0,0.0,0.0,0.0,36.96577027210282,37.09507622109388,36.83966241940764,14.0,13.969551152068918,14.033861564450673,0.0,36.0,0.0,0.0,0.0,0.0,0.0,0.0,0.0,0.0,0.0,0.0,0.0
2026-07-10 17:27:39,0.0,0.0,0.0,0.0,0.0,0.0,0.0,0.0,37.0058578882658,36.84209491704456,36.993817777509555,14.0,14.039682621390329,14.013427205925346,0.0,36.0,0.0,0.0,0.0,0.0,0.0,0.0,0.0,0.0,0.0,0.0,0.0
2026-07-10 17:27:40,0.0,0.0,0.0,0.0,0.0,0.0,0.0,0.0,36.81241623145765,37.0863969685724,36.71743086021503,14.0,13.958641518445695,14.03139291378913,0.0,36.0,0.0,0.0,0.0,0.0,0.0,0.0,0.0,0.0,0.0,0.0,0.0
2026-07-10 17:27:40,0.0,0.0,0.0,0.0,0.0,0.0,0.0,0.0,37.06480952773048,37.10060928504294,37.00609197295675,14.0,14.005142362576287,13.971772850356167,0.0,36.0,0.0,0.0,0.0,0.0,0.0,0.0,0.0,0.0,0.0,0.0,0.0
2026-07-10 17:27:41,0.0,0.0,0.0,0.0,0.0,0.0,0.0,0.0,36.91072591747045,37.36476108729715,36.76305718632237,14.0,13.965115127711327,14.029364808502368,0.0,36.0,0.0,0.0,0.0,0.0,0.0,0.0,0.0,0.0,0.0,0.0,0.0
2026-07-10 17:27:41,0.0,0.0,0.0,0.0,0.0,0.0,0.0,0.0,36.91311509947321,37.198752772498665,36.741359542941595,14.0,13.973407364326219,13.9693337236685,0.0,36.0,0.0,0.0,0.0,0.0,0.0,0.0,0.0,0.0,0.0,0.0,0.0
2026-07-10 17:27:42,0.0,0.0,0.0,0.0,0.0,0.0,0.0,0.0,36.52560851974218,37.15384355596213,36.996166440180396,14.0,14.035184680692842,13.950015968555244,0.0,36.0,0.0,0.0,0.0,0.0,0.0,0.0,0.0,0.0,0.0,0.0,0.0
2026-07-10 17:27:42,0.0,0.0,0.0,0.0,0.0,0.0,0.0,0.0,36.76508612617838,37.333018804147144,36.86457353262143,14.0,13.989100736176377,14.020159220882189,0.0,36.0,0.0,0.0,0.0,0.0,0.0,0.0,0.0,0.0,0.0,0.0,0.0
2026-07-10 17:27:43,0.0,0.0,0.0,0.0,0.0,0.0,0.0,0.0,36.872993688083135,36.985445631502394,36.89175220204805,14.0,13.990739503789905,13.955961983559424,0.0,36.0,0.0,0.0,0.0,0.0,0.0,0.0,0.0,0.0,0.0,0.0,0.0
2026-07-10 17:27:43,0.0,0.0,0.0,0.0,0.0,0.0,0.0,0.0,36.90518042931352,36.88255542769393,37.217861407937654,14.0,14.006092445492774,14.024799949957188,0.0,36.0,0.0,0.0,0.0,0.0,0.0,0.0,0.0,0.0,0.0,0.0,0.0
2026-07-10 17:27:44,0.0,0.0,0.0,0.0,0.0,0.0,0.0,0.0,36.898756083984125,36.93790371435376,37.04147249705742,14.0,14.011457509293479,14.01625549258957,0.0,36.0,0.0,0.0,0.0,0.0,0.0,0.0,0.0,0.0,0.0,0.0,0.0
2026-07-10 17:27:44,0.0,0.0,0.0,0.0,0.0,0.0,0.0,0.0,36.734586774727376,36.94143853325963,37.201070611348264,14.0,13.983168563839067,14.006737360279002,0.0,36.0,0.0,0.0,0.0,0.0,0.0,0.0,0.0,0.0,0.0,0.0,0.0
2026-07-10 17:27:45,0.0,0.0,0.0,0.0,0.0,0.0,0.0,0.0,36.75257883531023,36.85933425548738,37.27498918264256,14.0,13.982540829173184,13.955178263401516,0.0,36.0,0.0,0.0,0.0,0.0,0.0,0.0,0.0,0.0,0.0,0.0,0.0
2026-07-10 17:27:45,0.0,0.0,0.0,0.0,0.0,0.0,0.0,0.0,36.921605507776384,36.85186084290946,36.94093378977607,14.0,13.990967125551814,13.957480116808265,0.0,36.0,0.0,0.0,0.0,0.0,0.0,0.0,0.0,0.0,0.0,0.0,0.0
2026-07-10 17:27:46,0.0,0.0,0.0,0.0,0.0,0.0,0.0,0.0,36.93851508048048,37.356064020044265,36.882416690779955,14.0,13.986292331421698,13.950144848156707,0.0,36.0,0.0,0.0,0.0,0.0,0.0,0.0,0.0,0.0,0.0,0.0,0.0
2026-07-10 17:27:46,0.0,0.0,0.0,0.0,0.0,0.0,0.0,0.0,36.95981977790597,37.33135892394006,37.08816204115129,14.0,14.018801044942032,14.025833136981548,0.0,36.0,0.0,0.0,0.0,0.0,0.0,0.0,0.0,0.0,0.0,0.0,0.0
2026-07-10 17:27:47,0.0,0.0,0.0,0.0,0.0,0.0,0.0,0.0,36.709677426021074,37.05521102648581,37.069240546959655,14.0,14.018129011379358,14.048011059165008,0.0,36.0,0.0,0.0,0.0,0.0,0.0,0.0,0.0,0.0,0.0,0.0,0.0
2026-07-10 17:27:47,0.0,0.0,0.0,0.0,0.0,0.0,0.0,0.0,36.84327274716595,36.94358575132624,37.03871460293351,14.0,14.01276919470543,13.996306148014035,0.0,36.0,0.0,0.0,0.0,0.0,0.0,0.0,0.0,0.0,0.0,0.0,0.0
2026-07-10 17:27:48,0.0,0.0,0.0,0.0,0.0,0.0,0.0,0.0,36.541578560350814,37.22164183566711,36.742345623142214,14.0,13.960213291336139,13.962960122470516,0.0,36.0,0.0,0.0,0.0,0.0,0.0,0.0,0.0,0.0,0.0,0.0,0.0
2026-07-10 17:27:48,0.0,0.0,0.0,0.0,0.0,0.0,0.0,0.0,36.78664754340751,37.327622483349394,36.76095511260228,14.0,14.037012367028618,13.98199905377295,0.0,36.0,0.0,0.0,0.0,0.0,0.0,0.0,0.0,0.0,0.0,0.0,0.0
2026-07-10 17:27:49,0.0,0.0,0.0,0.0,0.0,0.0,0.0,0.0,37.00128309176518,37.10578515572592,37.02704821906669,14.0,14.03559244181987,13.972766475929886,0.0,36.0,0.0,0.0,0.0,0.0,0.0,0.0,0.0,0.0,0.0,0.0,0.0
2026-07-10 17:27:49,0.0,0.0,0.0,0.0,0.0,0.0,0.0,0.0,36.73160005299434,37.00333907985295,36.890044132204984,14.0,14.047751743398537,14.006405169172755,0.0,36.0,0.0,0.0,0.0,0.0,0.0,0.0,0.0,0.0,0.0,0.0,0.0
2026-07-10 17:27:50,0.0,0.0,0.0,0.0,0.0,0.0,0.0,0.0,37.00930524206612,36.895290969860504,37.02116523704977,14.0,14.03957396308966,13.96811735068377,0.0,36.0,0.0,0.0,0.0,0.0,0.0,0.0,0.0,0.0,0.0,0.0,0.0
2026-07-10 17:27:50,0.0,0.0,0.0,0.0,0.0,0.0,0.0,0.0,36.85831330073814,37.18581870516724,36.99618735104072,14.0,14.034341156212802,14.038536722669475,0.0,36.0,0.0,0.0,0.0,0.0,0.0,0.0,0.0,0.0,0.0,0.0,0.0
2026-07-10 17:27:51,0.0,0.0,0.0,0.0,0.0,0.0,0.0,0.0,37.09467879533062,37.303757445969644,36.92085747118433,14.0,14.015839946611623,14.03612884691173,0.0,36.0,0.0,0.0,0.0,0.0,0.0,0.0,0.0,0.0,0.0,0.0,0.0
2026-07-10 17:27:51,0.0,0.0,0.0,0.0,0.0,0.0,0.0,0.0,36.91398046729009,37.0089390055871,37.112681601764834,14.0,14.02640224718666,13.979250739012336,0.0,36.0,0.0,0.0,0.0,0.0,0.0,0.0,0.0,0.0,0.0,0.0,0.0
2026-07-10 17:27:52,0.0,0.0,0.0,0.0,0.0,0.0,0.0,0.0,37.04650002400648,36.94920674495678,37.00168236786576,14.0,13.984765488910165,14.004782220990622,0.0,36.0,0.0,0.0,0.0,0.0,0.0,0.0,0.0,0.0,0.0,0.0,0.0
2026-07-10 17:27:52,0.0,0.0,0.0,0.0,0.0,0.0,0.0,0.0,36.54458201910592,37.34625087969032,37.184461200665744,14.0,14.020471035487226,14.01841035835891,0.0,36.0,0.0,0.0,0.0,0.0,0.0,0.0,0.0,0.0,0.0,0.0,0.0
2026-07-10 17:27:53,0.0,0.0,0.0,0.0,0.0,0.0,0.0,0.0,37.079233085414664,37.315190005706825,37.0684291051376,14.0,14.036996078692713,14.003683903873114,0.0,36.0,0.0,0.0,0.0,0.0,0.0,0.0,0.0,0.0,0.0,0.0,0.0
2026-07-10 17:27:53,0.0,0.0,0.0,0.0,0.0,0.0,0.0,0.0,36.68075463335421,37.01819959406835,36.93583792940827,14.0,13.962560350137625,13.954318161452541,0.0,36.0,0.0,0.0,0.0,0.0,0.0,0.0,0.0,0.0,0.0,0.0,0.0
2026-07-10 17:27:54,0.0,0.0,0.0,0.0,0.0,0.0,0.0,0.0,36.92852215346502,37.06279408912794,37.048295372054824,14.0,13.968422589625721,14.001609758603832,0.0,36.0,0.0,0.0,0.0,0.0,0.0,0.0,0.0,0.0,0.0,0.0,0.0
2026-07-10 17:27:54,0.0,0.0,0.0,0.0,0.0,0.0,0.0,0.0,36.92943477858576,37.3870311693073,36.86227804510509,14.0,13.976225079702017,14.002089883955568,0.0,36.0,0.0,0.0,0.0,0.0,0.0,0.0,0.0,0.0,0.0,0.0,0.0
2026-07-10 17:27:55,0.0,0.0,0.0,0.0,0.0,0.0,0.0,0.0,36.586861561487694,37.15937202254635,36.94722502238134,14.0,14.00552161839735,13.971261666095723,0.0,36.0,0.0,0.0,0.0,0.0,0.0,0.0,0.0,0.0,0.0,0.0,0.0
2026-07-10 17:27:55,0.0,0.0,0.0,0.0,0.0,0.0,0.0,0.0,36.953623489273106,37.36603514069628,36.89561409865874,14.0,13.972442115716289,14.038221880472268,0.0,36.0,0.0,0.0,0.0,0.0,0.0,0.0,0.0,0.0,0.0,0.0,0.0
2026-07-10 17:27:56,0.0,0.0,0.0,0.0,0.0,0.0,0.0,0.0,36.65526197812928,37.26950458671305,37.196344321165455,14.0,14.037895260615578,14.001545381878755,0.0,36.0,0.0,0.0,0.0,0.0,0.0,0.0,0.0,0.0,0.0,0.0,0.0
2026-07-10 17:27:56,0.0,0.0,0.0,0.0,0.0,0.0,0.0,0.0,36.80920263166659,37.18182448134213,37.177221779906304,14.0,13.988117679313824,13.961369810456814,0.0,36.0,0.0,0.0,0.0,0.0,0.0,0.0,0.0,0.0,0.0,0.0,0.0
2026-07-10 17:27:57,0.0,0.0,0.0,0.0,0.0,0.0,0.0,0.0,36.71707696684167,37.006655073688634,37.218974795312505,14.0,13.982730792574888,14.044788761184968,0.0,36.0,0.0,0.0,0.0,0.0,0.0,0.0,0.0,0.0,0.0,0.0,0.0
2026-07-10 17:27:57,0.0,0.0,0.0,0.0,0.0,0.0,0.0,0.0,36.76449468948046,37.37005760109949,36.85555168402769,14.0,14.031818330344587,14.026151184063687,0.0,36.0,0.0,0.0,0.0,0.0,0.0,0.0,0.0,0.0,0.0,0.0,0.0
2026-07-10 17:27:58,0.0,0.0,0.0,0.0,0.0,0.0,0.0,0.0,36.62346732401703,37.29572936805765,36.743692841556765,14.0,13.96961380109951,14.046057781132188,0.0,36.0,0.0,0.0,0.0,0.0,0.0,0.0,0.0,0.0,0.0,0.0,0.0
2026-07-10 17:27:58,0.0,0.0,0.0,0.0,0.0,0.0,0.0,0.0,36.885805060531744,37.3480215053418,36.90619811900178,14.0,14.035675527962912,14.039674213014417,0.0,36.0,0.0,0.0,0.0,0.0,0.0,0.0,0.0,0.0,0.0,0.0,0.0
2026-07-10 17:27:59,0.0,0.0,0.0,0.0,0.0,0.0,0.0,0.0,36.68347288986158,37.307443717084645,37.04063903974726,14.0,13.999216074074631,13.96519195422681,0.0,36.0,0.0,0.0,0.0,0.0,0.0,0.0,0.0,0.0,0.0,0.0,0.0
2026-07-10 17:27:59,0.0,0.0,0.0,0.0,0.0,0.0,0.0,0.0,36.791858992323874,36.84434280713926,36.80085967479288,14.0,14.041502077310582,14.02745351643778,0.0,36.0,0.0,0.0,0.0,0.0,0.0,0.0,0.0,0.0,0.0,0.0,0.0
2026-07-10 17:28:00,0.0,0.0,0.0,0.0,0.0,0.0,0.0,0.0,36.71281769860958,36.96665697694308,37.26547048204733,14.0,13.967620559084564,13.972269563136996,0.0,36.0,0.0,0.0,0.0,0.0,0.0,0.0,0.0,0.0,0.0,0.0,0.0
2026-07-10 17:28:00,0.0,0.0,0.0,0.0,0.0,0.0,0.0,0.0,36.59597255563839,37.29621329883451,37.256003632062644,14.0,14.047763526819182,13.990926854386705,0.0,36.0,0.0,0.0,0.0,0.0,0.0,0.0,0.0,0.0,0.0,0.0,0.0
2026-07-10 17:28:01,0.0,0.0,0.0,0.0,0.0,0.0,0.0,0.0,37.041157675744756,37.33732941700392,37.23440819884467,14.0,13.963693593131445,13.960345820788996,0.0,36.0,0.0,0.0,0.0,0.0,0.0,0.0,0.0,0.0,0.0,0.0,0.0
2026-07-10 17:28:01,0.0,0.0,0.0,0.0,0.0,0.0,0.0,0.0,37.07764804327437,37.18709312841265,36.96536486147605,14.0,13.986503237499978,14.02143781056095,0.0,36.0,0.0,0.0,0.0,0.0,0.0,0.0,0.0,0.0,0.0,0.0,0.0
2026-07-10 17:28:02,0.0,0.0,0.0,0.0,0.0,0.0,0.0,0.0,36.66076125256029,37.03364809626313,36.74879490883049,14.0,13.980974217382807,14.04233884063895,0.0,36.0,0.0,0.0,0.0,0.0,0.0,0.0,0.0,0.0,0.0,0.0,0.0
2026-07-10 17:28:02,0.0,0.0,0.0,0.0,0.0,0.0,0.0,0.0,36.7398717052846,36.96659820469724,37.02483386855852,14.0,14.015452465622474,14.00935046022053,0.0,36.0,0.0,0.0,0.0,0.0,0.0,0.0,0.0,0.0,0.0,0.0,0.0
2026-07-10 17:28:03,0.0,0.0,0.0,0.0,0.0,0.0,0.0,0.0,36.83859350818644,36.94238176355712,37.02379971484685,14.0,14.032013261477118,13.981227114937887,0.0,36.0,0.0,0.0,0.0,0.0,0.0,0.0,0.0,0.0,0.0,0.0,0.0
2026-07-10 17:28:03,0.0,0.0,0.0,0.0,0.0,0.0,0.0,0.0,36.54294033914235,36.95000393764007,37.17850002161355,14.0,13.976104589153039,13.998032073744115,0.0,36.0,0.0,0.0,0.0,0.0,0.0,0.0,0.0,0.0,0.0,0.0,0.0
2026-07-10 17:28:04,0.0,0.0,0.0,0.0,0.0,0.0,0.0,0.0,36.73187956126586,36.80493947711566,37.292193905365934,14.0,13.985157606003009,14.045612716203292,0.0,36.0,0.0,0.0,0.0,0.0,0.0,0.0,0.0,0.0,0.0,0.0,0.0
2026-07-10 17:28:04,0.0,0.0,0.0,0.0,0.0,0.0,0.0,0.0,36.87189916981213,36.94316270978197,36.90040698502103,14.0,14.047261241626858,14.041501904982614,0.0,36.0,0.0,0.0,0.0,0.0,0.0,0.0,0.0,0.0,0.0,0.0,0.0
2026-07-10 17:28:05,0.0,0.0,0.0,0.0,0.0,0.0,0.0,0.0,36.58976470317661,37.1865615763805,36.799910518468,14.0,13.95687289214821,13.95427372841555,0.0,36.0,0.0,0.0,0.0,0.0,0.0,0.0,0.0,0.0,0.0,0.0,0.0
2026-07-10 17:28:05,0.0,0.0,0.0,0.0,0.0,0.0,0.0,0.0,36.58533950970506,37.021907728509106,37.10257761239214,14.0,13.999890159584677,14.00612544834716,0.0,36.0,0.0,0.0,0.0,0.0,0.0,0.0,0.0,0.0,0.0,0.0,0.0
2026-07-10 17:28:06,0.0,0.0,0.0,0.0,0.0,0.0,0.0,0.0,36.921544396993234,36.903334324983554,36.78906793316599,14.0,13.971645699107748,13.965273296940579,0.0,36.0,0.0,0.0,0.0,0.0,0.0,0.0,0.0,0.0,0.0,0.0,0.0
2026-07-10 17:28:06,0.0,0.0,0.0,0.0,0.0,0.0,0.0,0.0,36.83998507255721,37.0197361846562,36.70176916131904,14.0,14.04282981384736,14.041147692037715,0.0,36.0,0.0,0.0,0.0,0.0,0.0,0.0,0.0,0.0,0.0,0.0,0.0
2026-07-10 17:28:07,0.0,0.0,0.0,0.0,0.0,0.0,0.0,0.0,36.979390014452854,37.23895760002134,37.087518327361856,14.0,13.952669999653711,13.955249890323673,0.0,36.0,0.0,0.0,0.0,0.0,0.0,0.0,0.0,0.0,0.0,0.0,0.0
2026-07-10 17:28:07,0.0,0.0,0.0,0.0,0.0,0.0,0.0,0.0,36.98447540334478,37.398670508228165,36.80114488358618,14.0,14.035888836699414,14.001307549642975,0.0,36.0,0.0,0.0,0.0,0.0,0.0,0.0,0.0,0.0,0.0,0.0,0.0
2026-07-10 17:28:08,0.0,0.0,0.0,0.0,0.0,0.0,0.0,0.0,36.68681906277988,37.39136383346219,37.19967502365493,14.0,13.976750173866252,13.99554682689835,0.0,36.0,0.0,0.0,0.0,0.0,0.0,0.0,0.0,0.0,0.0,0.0,0.0
2026-07-10 17:28:08,0.0,0.0,0.0,0.0,0.0,0.0,0.0,0.0,36.99243557784097,36.82342368228658,36.82541405911675,14.0,13.990534152152128,13.991952460027429,0.0,36.0,0.0,0.0,0.0,0.0,0.0,0.0,0.0,0.0,0.0,0.0,0.0
2026-07-10 17:28:09,0.0,0.0,0.0,0.0,0.0,0.0,0.0,0.0,36.90975959950376,37.021523791995214,36.829654896585986,14.0,13.963655686334464,14.010997661582504,0.0,36.0,0.0,0.0,0.0,0.0,0.0,0.0,0.0,0.0,0.0,0.0,0.0
2026-07-10 17:28:09,0.0,0.0,0.0,0.0,0.0,0.0,0.0,0.0,36.861835715844094,37.014361905100394,36.94412442362239,14.0,14.02946905880518,13.983768202417092,0.0,36.0,0.0,0.0,0.0,0.0,0.0,0.0,0.0,0.0,0.0,0.0,0.0
2026-07-10 17:28:10,0.0,0.0,0.0,0.0,0.0,0.0,0.0,0.0,36.86923291734901,37.39399674376766,36.97039441637408,14.0,13.980490670821323,14.005198143746217,0.0,36.0,0.0,0.0,0.0,0.0,0.0,0.0,0.0,0.0,0.0,0.0,0.0
2026-07-10 17:28:10,0.0,0.0,0.0,0.0,0.0,0.0,0.0,0.0,37.08559233238703,36.80912066807396,36.91741583131529,14.0,13.976313989229055,13.977411745317106,0.0,36.0,0.0,0.0,0.0,0.0,0.0,0.0,0.0,0.0,0.0,0.0,0.0
2026-07-10 17:28:11,0.0,0.0,0.0,0.0,0.0,0.0,0.0,0.0,37.01456525362171,36.99531721655995,36.75168663786649,14.0,14.01780610695027,13.979458492707062,0.0,36.0,0.0,0.0,0.0,0.0,0.0,0.0,0.0,0.0,0.0,0.0,0.0
2026-07-10 17:28:11,0.0,0.0,0.0,0.0,0.0,0.0,0.0,0.0,36.97405854051524,37.15255865035334,36.82311230710985,14.0,14.031111600202685,13.950112209609827,0.0,36.0,0.0,0.0,0.0,0.0,0.0,0.0,0.0,0.0,0.0,0.0,0.0
2026-07-10 17:28:12,0.0,0.0,0.0,0.0,0.0,0.0,0.0,0.0,36.97499471368268,37.151107474318415,37.005412194898696,14.0,14.002934679442612,14.033023957675933,0.0,36.0,0.0,0.0,0.0,0.0,0.0,0.0,0.0,0.0,0.0,0.0,0.0
2026-07-10 17:28:12,0.0,0.0,0.0,0.0,0.0,0.0,0.0,0.0,36.54398715218906,37.057875104575906,37.05236832556923,14.0,14.027690773154022,13.95912972007735,0.0,36.0,0.0,0.0,0.0,0.0,0.0,0.0,0.0,0.0,0.0,0.0,0.0
2026-07-10 17:28:13,0.0,0.0,0.0,0.0,0.0,0.0,0.0,0.0,36.954427175860964,36.91578241150405,37.081244835929134,14.0,14.03011414172743,13.955025933958522,0.0,36.0,0.0,0.0,0.0,0.0,0.0,0.0,0.0,0.0,0.0,0.0,0.0
2026-07-10 17:28:13,0.0,0.0,0.0,0.0,0.0,0.0,0.0,0.0,36.9657952747017,37.14946089215072,36.851156121980175,14.0,13.962927723423705,13.961055102001957,0.0,36.0,0.0,0.0,0.0,0.0,0.0,0.0,0.0,0.0,0.0,0.0,0.0
2026-07-10 17:28:14,0.0,0.0,0.0,0.0,0.0,0.0,0.0,0.0,36.992750594692886,37.26403987097339,37.031378617841,14.0,13.997508125229713,14.0137582056609,0.0,36.0,0.0,0.0,0.0,0.0,0.0,0.0,0.0,0.0,0.0,0.0,0.0
2026-07-10 17:28:14,0.0,0.0,0.0,0.0,0.0,0.0,0.0,0.0,37.03824717512744,37.24740277099364,36.94120880038549,14.0,14.033714350965502,14.026285741048632,0.0,36.0,0.0,0.0,0.0,0.0,0.0,0.0,0.0,0.0,0.0,0.0,0.0
2026-07-10 17:28:15,0.0,0.0,0.0,0.0,0.0,0.0,0.0,0.0,36.8819405914409,36.890346247320544,37.14562234099626,14.0,14.000126758550438,13.993454136826877,0.0,36.0,0.0,0.0,0.0,0.0,0.0,0.0,0.0,0.0,0.0,0.0,0.0
2026-07-10 17:28:15,0.0,0.0,0.0,0.0,0.0,0.0,0.0,0.0,36.94322525539601,37.22140730928177,37.10308475319404,14.0,13.958784898454107,13.964257671844749,0.0,36.0,0.0,0.0,0.0,0.0,0.0,0.0,0.0,0.0,0.0,0.0,0.0
2026-07-10 17:28:16,0.0,0.0,0.0,0.0,0.0,0.0,0.0,0.0,36.938446845718275,37.267105426432096,37.288986834205005,14.0,14.016013300623117,14.00723705663573,0.0,36.0,0.0,0.0,0.0,0.0,0.0,0.0,0.0,0.0,0.0,0.0,0.0
2026-07-10 17:28:16,0.0,0.0,0.0,0.0,0.0,0.0,0.0,0.0,36.762572108187165,37.37945445516762,37.05432488896915,14.0,13.994598783363651,14.037328217143239,0.0,36.0,0.0,0.0,0.0,0.0,0.0,0.0,0.0,0.0,0.0,0.0,0.0
2026-07-10 17:28:17,0.0,0.0,0.0,0.0,0.0,0.0,0.0,0.0,36.707816393525576,37.088025068121226,36.908352904787556,14.0,14.026184039154415,14.016545755107593,0.0,36.0,0.0,0.0,0.0,0.0,0.0,0.0,0.0,0.0,0.0,0.0,0.0
2026-07-10 17:28:17,0.0,0.0,0.0,0.0,0.0,0.0,0.0,0.0,36.66936759795779,37.32867163993199,36.99628232075509,14.0,14.028538239918594,13.989995821923294,0.0,36.0,0.0,0.0,0.0,0.0,0.0,0.0,0.0,0.0,0.0,0.0,0.0
2026-07-10 17:28:18,0.0,0.0,0.0,0.0,0.0,0.0,0.0,0.0,36.65963333552827,37.28878684096834,37.05614848256696,14.0,14.031265653005368,13.970803565712824,0.0,36.0,0.0,0.0,0.0,0.0,0.0,0.0,0.0,0.0,0.0,0.0,0.0
2026-07-10 17:28:18,0.0,0.0,0.0,0.0,0.0,0.0,0.0,0.0,36.53406886385859,37.23757198056842,37.012572498718924,14.0,14.004403145847231,13.961968339053918,0.0,36.0,0.0,0.0,0.0,0.0,0.0,0.0,0.0,0.0,0.0,0.0,0.0
2026-07-10 17:28:19,0.0,0.0,0.0,0.0,0.0,0.0,0.0,0.0,36.655122681737446,37.02528464563848,37.238039973346176,14.0,13.982081909809537,14.015387961179258,0.0,36.0,0.0,0.0,0.0,0.0,0.0,0.0,0.0,0.0,0.0,0.0,0.0
2026-07-10 17:28:19,0.0,0.0,0.0,0.0,0.0,0.0,0.0,0.0,36.67178445069262,37.27533155489909,37.294545952543004,14.0,13.983413849852235,13.996042516988306,0.0,36.0,0.0,0.0,0.0,0.0,0.0,0.0,0.0,0.0,0.0,0.0,0.0
2026-07-10 17:28:20,0.0,0.0,0.0,0.0,0.0,0.0,0.0,0.0,36.97590321544759,37.35250186982612,36.822688052159116,14.0,14.049792963042513,14.009873637228935,0.0,36.0,0.0,0.0,0.0,0.0,0.0,0.0,0.0,0.0,0.0,0.0,0.0
2026-07-10 17:28:20,0.0,0.0,0.0,0.0,0.0,0.0,0.0,0.0,36.77809119749427,37.164088437238156,37.06597474583165,14.0,14.03112996363529,14.038903212813343,0.0,36.0,0.0,0.0,0.0,0.0,0.0,0.0,0.0,0.0,0.0,0.0,0.0
2026-07-10 17:28:21,0.0,0.0,0.0,0.0,0.0,0.0,0.0,0.0,36.63010219936072,37.27530828328501,37.10100036889785,14.0,14.041981867948568,13.951836273025437,0.0,36.0,0.0,0.0,0.0,0.0,0.0,0.0,0.0,0.0,0.0,0.0,0.0
2026-07-10 17:28:21,0.0,0.0,0.0,0.0,0.0,0.0,0.0,0.0,36.928628517652875,37.345161290606676,36.9741896624646,14.0,14.002710774493798,14.013781430436586,0.0,36.0,0.0,0.0,0.0,0.0,0.0,0.0,0.0,0.0,0.0,0.0,0.0
2026-07-10 17:28:22,0.0,0.0,0.0,0.0,0.0,0.0,0.0,0.0,37.09428821231375,37.1104669152962,37.15952959263744,14.0,14.025541186794213,13.956440123031525,0.0,36.0,0.0,0.0,0.0,0.0,0.0,0.0,0.0,0.0,0.0,0.0,0.0
2026-07-10 17:28:22,0.0,0.0,0.0,0.0,0.0,0.0,0.0,0.0,37.00134360581882,36.86741792514566,37.05652838729631,14.0,13.968812131191424,14.037511126584748,0.0,36.0,0.0,0.0,0.0,0.0,0.0,0.0,0.0,0.0,0.0,0.0,0.0
2026-07-10 17:28:23,0.0,0.0,0.0,0.0,0.0,0.0,0.0,0.0,37.065557796227935,37.10135104059371,36.9729495900358,14.0,13.952299985793848,14.044561528448563,0.0,36.0,0.0,0.0,0.0,0.0,0.0,0.0,0.0,0.0,0.0,0.0,0.0
2026-07-10 17:28:23,0.0,0.0,0.0,0.0,0.0,0.0,0.0,0.0,37.00952043806894,37.04074211679802,36.959749443641385,14.0,14.037216103916354,13.9733828916286,0.0,36.0,0.0,0.0,0.0,0.0,0.0,0.0,0.0,0.0,0.0,0.0,0.0
2026-07-10 17:28:24,0.0,0.0,0.0,0.0,0.0,0.0,0.0,0.0,37.05519613284974,36.97295551997819,36.99128335518161,14.0,13.998732602534435,14.03848179820965,0.0,36.0,0.0,0.0,0.0,0.0,0.0,0.0,0.0,0.0,0.0,0.0,0.0
2026-07-10 17:28:24,0.0,0.0,0.0,0.0,0.0,0.0,0.0,0.0,36.7235760269494,36.968488999442314,37.23516520497287,14.0,13.993885482923432,13.993791707445641,0.0,36.0,0.0,0.0,0.0,0.0,0.0,0.0,0.0,0.0,0.0,0.0,0.0
2026-07-10 17:28:25,0.0,0.0,0.0,0.0,0.0,0.0,0.0,0.0,36.69564804195184,37.266079269287005,36.97337162848238,14.0,13.978047177754538,14.049751920108617,0.0,36.0,0.0,0.0,0.0,0.0,0.0,0.0,0.0,0.0,0.0,0.0,0.0
2026-07-10 17:28:25,0.0,0.0,0.0,0.0,0.0,0.0,0.0,0.0,36.60711214580914,37.255531161330936,37.2345189508175,14.0,14.028793374954539,14.045854298046233,0.0,36.0,0.0,0.0,0.0,0.0,0.0,0.0,0.0,0.0,0.0,0.0,0.0
2026-07-10 17:28:26,0.0,0.0,0.0,0.0,0.0,0.0,0.0,0.0,36.85910424297385,37.275085740309535,36.75040734734486,14.0,13.997931586489026,13.984997047103683,0.0,36.0,0.0,0.0,0.0,0.0,0.0,0.0,0.0,0.0,0.0,0.0,0.0
2026-07-10 17:28:26,0.0,0.0,0.0,0.0,0.0,0.0,0.0,0.0,36.70797262794974,37.23096649697014,37.120138918057,14.0,14.021688872236677,13.967716380722676,0.0,36.0,0.0,0.0,0.0,0.0,0.0,0.0,0.0,0.0,0.0,0.0,0.0
2026-07-10 17:28:27,0.0,0.0,0.0,0.0,0.0,0.0,0.0,0.0,36.9470225864641,37.13431312189834,37.1547748135498,14.0,14.010239156343983,13.965237650796531,0.0,36.0,0.0,0.0,0.0,0.0,0.0,0.0,0.0,0.0,0.0,0.0,0.0
2026-07-10 17:28:27,0.0,0.0,0.0,0.0,0.0,0.0,0.0,0.0,37.0374925139282,37.37957275276431,36.81384836914543,14.0,13.955460158124726,14.012978919891063,0.0,36.0,0.0,0.0,0.0,0.0,0.0,0.0,0.0,0.0,0.0,0.0,0.0
2026-07-10 17:28:28,0.0,0.0,0.0,0.0,0.0,0.0,0.0,0.0,37.0799904732148,37.27557223620642,37.13297102578112,14.0,13.999876046058475,13.96844604977366,0.0,36.0,0.0,0.0,0.0,0.0,0.0,0.0,0.0,0.0,0.0,0.0,0.0
2026-07-10 17:28:28,0.0,0.0,0.0,0.0,0.0,0.0,0.0,0.0,36.85577591154322,37.03528396500737,37.27837953192405,14.0,13.965478139911513,14.027610172391826,0.0,36.0,0.0,0.0,0.0,0.0,0.0,0.0,0.0,0.0,0.0,0.0,0.0
2026-07-10 17:28:29,0.0,0.0,0.0,0.0,0.0,0.0,0.0,0.0,37.083622976909055,36.85639759423558,37.18627778624916,14.0,13.962144591173358,14.04277524950129,0.0,36.0,0.0,0.0,0.0,0.0,0.0,0.0,0.0,0.0,0.0,0.0,0.0
2026-07-10 17:28:29,0.0,0.0,0.0,0.0,0.0,0.0,0.0,0.0,37.04877361707873,36.831395547448444,37.14557728343919,14.0,14.002989416742338,14.000812769684924,0.0,36.0,0.0,0.0,0.0,0.0,0.0,0.0,0.0,0.0,0.0,0.0,0.0
2026-07-10 17:28:30,0.0,0.0,0.0,0.0,0.0,0.0,0.0,0.0,36.97200356818788,37.103595345898505,36.89145061417734,14.0,13.991223618251466,13.999250304278657,0.0,36.0,0.0,0.0,0.0,0.0,0.0,0.0,0.0,0.0,0.0,0.0,0.0
2026-07-10 17:28:30,0.0,0.0,0.0,0.0,0.0,0.0,0.0,0.0,36.53244352531571,36.93700367470115,37.09381658193278,14.0,14.030889909074043,14.026548031648714,0.0,36.0,0.0,0.0,0.0,0.0,0.0,0.0,0.0,0.0,0.0,0.0,0.0
2026-07-10 17:28:31,0.0,0.0,0.0,0.0,0.0,0.0,0.0,0.0,36.64322297585335,37.17207379323485,36.953008355776845,14.0,13.998353849999884,14.017946575489034,0.0,36.0,0.0,0.0,0.0,0.0,0.0,0.0,0.0,0.0,0.0,0.0,0.0
2026-07-10 17:28:31,0.0,0.0,0.0,0.0,0.0,0.0,0.0,0.0,36.61691756981521,36.908671062815294,36.748216474777635,14.0,13.992902189721796,14.043518144733337,0.0,36.0,0.0,0.0,0.0,0.0,0.0,0.0,0.0,0.0,0.0,0.0,0.0
2026-07-10 17:28:32,0.0,0.0,0.0,0.0,0.0,0.0,0.0,0.0,36.78656447664904,36.85716930002248,36.79751537642017,14.0,13.95051809897997,14.02360996160641,0.0,36.0,0.0,0.0,0.0,0.0,0.0,0.0,0.0,0.0,0.0,0.0,0.0
2026-07-10 17:28:32,0.0,0.0,0.0,0.0,0.0,0.0,0.0,0.0,36.63055993528471,37.398805230906206,36.71944154976992,14.0,13.992414574988295,14.042626570777506,0.0,36.0,0.0,0.0,0.0,0.0,0.0,0.0,0.0,0.0,0.0,0.0,0.0
2026-07-10 17:28:33,0.0,0.0,0.0,0.0,0.0,0.0,0.0,0.0,36.826800906547696,37.35398033849031,36.8434915986703,14.0,13.979378928121246,14.044465447013582,0.0,36.0,0.0,0.0,0.0,0.0,0.0,0.0,0.0,0.0,0.0,0.0,0.0
2026-07-10 17:28:33,0.0,0.0,0.0,0.0,0.0,0.0,0.0,0.0,36.639732883545776,37.38160113453598,37.19811059584,14.0,13.959323147596821,13.99748258506466,0.0,36.0,0.0,0.0,0.0,0.0,0.0,0.0,0.0,0.0,0.0,0.0,0.0
2026-07-10 17:28:34,0.0,0.0,0.0,0.0,0.0,0.0,0.0,0.0,36.690360922303746,36.8079586341092,36.98347720381831,14.0,13.986599612259651,14.008991104985624,0.0,36.0,0.0,0.0,0.0,0.0,0.0,0.0,0.0,0.0,0.0,0.0,0.0
2026-07-10 17:28:34,0.0,0.0,0.0,0.0,0.0,0.0,0.0,0.0,36.967149523978065,37.28486042076973,37.02379859580672,14.0,14.040855797514338,13.975491733710244,0.0,36.0,0.0,0.0,0.0,0.0,0.0,0.0,0.0,0.0,0.0,0.0,0.0
2026-07-10 17:28:35,0.0,0.0,0.0,0.0,0.0,0.0,0.0,0.0,36.514884309558006,37.27128704624799,37.03468803945714,14.0,14.04231170648672,13.954593525387532,0.0,36.0,0.0,0.0,0.0,0.0,0.0,0.0,0.0,0.0,0.0,0.0,0.0
2026-07-10 17:28:35,0.0,0.0,0.0,0.0,0.0,0.0,0.0,0.0,36.59122981931593,36.81972989661744,37.231914196771655,14.0,14.042298076675333,13.986058472967942,0.0,36.0,0.0,0.0,0.0,0.0,0.0,0.0,0.0,0.0,0.0,0.0,0.0
2026-07-10 17:28:36,0.0,0.0,0.0,0.0,0.0,0.0,0.0,0.0,36.95303224274617,36.83035821012672,37.25188555482052,14.0,13.97618987251325,14.002200499060296,0.0,36.0,0.0,0.0,0.0,0.0,0.0,0.0,0.0,0.0,0.0,0.0,0.0
2026-07-10 17:28:36,0.0,0.0,0.0,0.0,0.0,0.0,0.0,0.0,36.7024853221774,37.27335403514092,36.980967496606254,14.0,13.99846757609982,13.990352933423187,0.0,36.0,0.0,0.0,0.0,0.0,0.0,0.0,0.0,0.0,0.0,0.0,0.0
2026-07-10 17:28:37,0.0,0.0,0.0,0.0,0.0,0.0,0.0,0.0,36.722224398743535,37.295674021475065,36.705795059881964,14.0,14.000610975331078,14.01328926445394,0.0,36.0,0.0,0.0,0.0,0.0,0.0,0.0,0.0,0.0,0.0,0.0,0.0
2026-07-10 17:28:37,0.0,0.0,0.0,0.0,0.0,0.0,0.0,0.0,36.586785599310545,37.03236466737601,37.137019788424645,14.0,14.004260731292133,14.009133033246291,0.0,36.0,0.0,0.0,0.0,0.0,0.0,0.0,0.0,0.0,0.0,0.0,0.0
2026-07-10 17:28:38,0.0,0.0,0.0,0.0,0.0,0.0,0.0,0.0,37.082174671752455,36.91226250865547,37.03097026910633,14.0,13.959142521578643,14.013506417272138,0.0,36.0,0.0,0.0,0.0,0.0,0.0,0.0,0.0,0.0,0.0,0.0,0.0
2026-07-10 17:28:38,0.0,0.0,0.0,0.0,0.0,0.0,0.0,0.0,36.50648162244478,37.076367588533564,36.71586335876677,14.0,13.96758897259639,13.971420463974033,0.0,36.0,0.0,0.0,0.0,0.0,0.0,0.0,0.0,0.0,0.0,0.0,0.0
2026-07-10 17:28:39,0.0,0.0,0.0,0.0,0.0,0.0,0.0,0.0,36.82003796498114,37.34801034520377,36.79832856108635,14.0,13.99833785566098,14.03651810069383,0.0,36.0,0.0,0.0,0.0,0.0,0.0,0.0,0.0,0.0,0.0,0.0,0.0
2026-07-10 17:28:39,0.0,0.0,0.0,0.0,0.0,0.0,0.0,0.0,36.85488490082417,37.23673418333971,37.246641025842564,14.0,13.951579574425082,13.984516423878526,0.0,36.0,0.0,0.0,0.0,0.0,0.0,0.0,0.0,0.0,0.0,0.0,0.0
2026-07-10 17:28:40,0.0,0.0,0.0,0.0,0.0,0.0,0.0,0.0,37.014613258940074,36.83377312866758,36.78232813051063,14.0,14.045692880911622,13.973951649308978,0.0,36.0,0.0,0.0,0.0,0.0,0.0,0.0,0.0,0.0,0.0,0.0,0.0
2026-07-10 17:28:40,0.0,0.0,0.0,0.0,0.0,0.0,0.0,0.0,36.64387042063535,37.276854673855695,36.84283534681708,14.0,13.988400995154,13.966275309470966,0.0,36.0,0.0,0.0,0.0,0.0,0.0,0.0,0.0,0.0,0.0,0.0,0.0
2026-07-10 17:28:41,0.0,0.0,0.0,0.0,0.0,0.0,0.0,0.0,37.09646097283077,37.03709275748762,36.7447946929208,14.0,14.030354637048386,13.96761755613726,0.0,36.0,0.0,0.0,0.0,0.0,0.0,0.0,0.0,0.0,0.0,0.0,0.0
2026-07-10 17:28:41,0.0,0.0,0.0,0.0,0.0,0.0,0.0,0.0,37.05769059838159,36.95150277845457,37.116973572732974,14.0,14.041865946124874,13.984608654089774,0.0,36.0,0.0,0.0,0.0,0.0,0.0,0.0,0.0,0.0,0.0,0.0,0.0
2026-07-10 17:28:42,0.0,0.0,0.0,0.0,0.0,0.0,0.0,0.0,36.67817887697121,37.087379617822876,36.703714295655146,14.0,13.95499105418649,13.953775904901267,0.0,36.0,0.0,0.0,0.0,0.0,0.0,0.0,0.0,0.0,0.0,0.0,0.0
2026-07-10 17:28:42,0.0,0.0,0.0,0.0,0.0,0.0,0.0,0.0,36.62870796747625,36.84312239450158,37.13238558777406,14.0,14.002904381813,14.031938948797139,0.0,36.0,0.0,0.0,0.0,0.0,0.0,0.0,0.0,0.0,0.0,0.0,0.0
2026-07-10 17:28:43,0.0,0.0,0.0,0.0,0.0,0.0,0.0,0.0,36.5520041429205,37.0115657628979,37.00378045599148,14.0,14.029858540234429,14.029431930955477,0.0,36.0,0.0,0.0,0.0,0.0,0.0,0.0,0.0,0.0,0.0,0.0,0.0
2026-07-10 17:28:43,0.0,0.0,0.0,0.0,0.0,0.0,0.0,0.0,37.04876249382743,37.382491743039196,37.04496245533612,14.0,14.021135406505893,13.963107177412056,0.0,36.0,0.0,0.0,0.0,0.0,0.0,0.0,0.0,0.0,0.0,0.0,0.0
2026-07-10 17:28:44,0.0,0.0,0.0,0.0,0.0,0.0,0.0,0.0,36.88649565818616,37.27853905417947,37.291422390090766,14.0,14.011726192815317,14.016776681086396,0.0,36.0,0.0,0.0,0.0,0.0,0.0,0.0,0.0,0.0,0.0,0.0,0.0
2026-07-10 17:28:44,0.0,0.0,0.0,0.0,0.0,0.0,0.0,0.0,37.097074079887186,37.30981656599106,37.024795853395986,14.0,14.024627545216838,14.037273911524103,0.0,36.0,0.0,0.0,0.0,0.0,0.0,0.0,0.0,0.0,0.0,0.0,0.0
2026-07-10 17:28:45,0.0,0.0,0.0,0.0,0.0,0.0,0.0,0.0,36.61285235208395,36.87924080401812,36.88399372679932,14.0,13.958314875608629,13.989668611309197,0.0,36.0,0.0,0.0,0.0,0.0,0.0,0.0,0.0,0.0,0.0,0.0,0.0
2026-07-10 17:28:45,0.0,0.0,0.0,0.0,0.0,0.0,0.0,0.0,37.02295222574242,37.065053003181646,37.27896378262038,14.0,14.01560172270068,14.044010825184273,0.0,36.0,0.0,0.0,0.0,0.0,0.0,0.0,0.0,0.0,0.0,0.0,0.0
2026-07-10 17:28:46,0.0,0.0,0.0,0.0,0.0,0.0,0.0,0.0,36.694543828438356,37.15312069266322,36.8351028162424,14.0,14.03896158083842,14.048693268426373,0.0,36.0,0.0,0.0,0.0,0.0,0.0,0.0,0.0,0.0,0.0,0.0,0.0
2026-07-10 17:28:46,0.0,0.0,0.0,0.0,0.0,0.0,0.0,0.0,36.94088719784597,36.84503002942728,37.2432463659626,14.0,14.043573890641799,14.013265712284927,0.0,36.0,0.0,0.0,0.0,0.0,0.0,0.0,0.0,0.0,0.0,0.0,0.0
2026-07-10 17:28:47,0.0,0.0,0.0,0.0,0.0,0.0,0.0,0.0,36.96583645362919,36.8299496313852,36.90396634370215,14.0,14.033712432357454,14.039630825475317,0.0,36.0,0.0,0.0,0.0,0.0,0.0,0.0,0.0,0.0,0.0,0.0,0.0
2026-07-10 17:28:47,0.0,0.0,0.0,0.0,0.0,0.0,0.0,0.0,37.05372709385568,37.2053201459874,36.729266464909294,14.0,13.967208465681654,13.99682311298865,0.0,36.0,0.0,0.0,0.0,0.0,0.0,0.0,0.0,0.0,0.0,0.0,0.0
2026-07-10 17:28:48,0.0,0.0,0.0,0.0,0.0,0.0,0.0,0.0,36.57792325233075,37.1107542544978,37.277429678971764,14.0,14.029312107314876,13.992673960526982,0.0,36.0,0.0,0.0,0.0,0.0,0.0,0.0,0.0,0.0,0.0,0.0,0.0
2026-07-10 17:28:48,0.0,0.0,0.0,0.0,0.0,0.0,0.0,0.0,36.739536590584876,36.90786107822552,37.03569317250052,14.0,13.979074401267008,13.981708902553034,0.0,36.0,0.0,0.0,0.0,0.0,0.0,0.0,0.0,0.0,0.0,0.0,0.0
2026-07-10 17:28:49,0.0,0.0,0.0,0.0,0.0,0.0,0.0,0.0,37.09916404619926,37.245172990360146,37.133128203612166,14.0,14.012241495744327,13.97205375644094,0.0,36.0,0.0,0.0,0.0,0.0,0.0,0.0,0.0,0.0,0.0,0.0,0.0
2026-07-10 17:28:49,0.0,0.0,0.0,0.0,0.0,0.0,0.0,0.0,36.99604885841469,37.21172215508124,36.901434684844325,14.0,14.013248897244877,13.953225049966825,0.0,36.0,0.0,0.0,0.0,0.0,0.0,0.0,0.0,0.0,0.0,0.0,0.0
2026-07-10 17:28:50,0.0,0.0,0.0,0.0,0.0,0.0,0.0,0.0,36.59981895171236,37.37557535787548,37.00283653274594,14.0,13.968495707501996,14.012567321209985,0.0,36.0,0.0,0.0,0.0,0.0,0.0,0.0,0.0,0.0,0.0,0.0,0.0
2026-07-10 17:28:50,0.0,0.0,0.0,0.0,0.0,0.0,0.0,0.0,36.98689176039912,37.06318500143993,36.94678352128608,14.0,13.973579038896737,13.981561220266391,0.0,36.0,0.0,0.0,0.0,0.0,0.0,0.0,0.0,0.0,0.0,0.0,0.0
2026-07-10 17:28:51,0.0,0.0,0.0,0.0,0.0,0.0,0.0,0.0,36.72425358785601,37.33802218048116,37.02175925572789,14.0,14.045158337795897,13.983795455680385,0.0,36.0,0.0,0.0,0.0,0.0,0.0,0.0,0.0,0.0,0.0,0.0,0.0
2026-07-10 17:28:51,0.0,0.0,0.0,0.0,0.0,0.0,0.0,0.0,36.767856622176794,37.19853216618918,37.101419641526235,14.0,14.020041876389223,13.976995351967577,0.0,36.0,0.0,0.0,0.0,0.0,0.0,0.0,0.0,0.0,0.0,0.0,0.0
2026-07-10 17:28:52,0.0,0.0,0.0,0.0,0.0,0.0,0.0,0.0,36.888744316675066,37.01023841709875,37.0666709449995,14.0,13.95570829388681,13.964465663342473,0.0,36.0,0.0,0.0,0.0,0.0,0.0,0.0,0.0,0.0,0.0,0.0,0.0
2026-07-10 17:28:52,0.0,0.0,0.0,0.0,0.0,0.0,0.0,0.0,36.730048084518664,37.020359841890716,36.942845673543204,14.0,13.96125183232095,14.036025844123431,0.0,36.0,0.0,0.0,0.0,0.0,0.0,0.0,0.0,0.0,0.0,0.0,0.0
2026-07-10 17:28:53,0.0,0.0,0.0,0.0,0.0,0.0,0.0,0.0,36.54983148635335,37.16376795610283,36.75825961144129,14.0,13.996228811247068,13.989194806370723,0.0,36.0,0.0,0.0,0.0,0.0,0.0,0.0,0.0,0.0,0.0,0.0,0.0
2026-07-10 17:28:53,0.0,0.0,0.0,0.0,0.0,0.0,0.0,0.0,36.98136124493323,36.88106810210779,36.95926728151189,14.0,13.987620113434064,13.957663159711728,0.0,36.0,0.0,0.0,0.0,0.0,0.0,0.0,0.0,0.0,0.0,0.0,0.0
2026-07-10 17:28:54,0.0,0.0,0.0,0.0,0.0,0.0,0.0,0.0,36.97408948437408,36.94385211828936,37.13803943721829,14.0,14.034687803015231,13.958140070252734,0.0,36.0,0.0,0.0,0.0,0.0,0.0,0.0,0.0,0.0,0.0,0.0,0.0
2026-07-10 17:28:54,0.0,0.0,0.0,0.0,0.0,0.0,0.0,0.0,36.52986084199658,37.010264846661386,37.23102145175394,14.0,14.042592822323837,13.967433630677242,0.0,36.0,0.0,0.0,0.0,0.0,0.0,0.0,0.0,0.0,0.0,0.0,0.0
2026-07-10 17:28:55,0.0,0.0,0.0,0.0,0.0,0.0,0.0,0.0,36.906110585986944,36.89033815621047,36.978286193823806,14.0,14.023706935716284,14.039793902239895,0.0,36.0,0.0,0.0,0.0,0.0,0.0,0.0,0.0,0.0,0.0,0.0,0.0
2026-07-10 17:28:55,0.0,0.0,0.0,0.0,0.0,0.0,0.0,0.0,36.582482930781154,36.956060038264056,37.08210266005907,14.0,14.045948038790577,14.040184290126048,0.0,36.0,0.0,0.0,0.0,0.0,0.0,0.0,0.0,0.0,0.0,0.0,0.0
2026-07-10 17:28:56,0.0,0.0,0.0,0.0,0.0,0.0,0.0,0.0,36.569527116588326,37.00226267345087,36.76773595411667,14.0,13.950573914029096,13.982880094264399,0.0,36.0,0.0,0.0,0.0,0.0,0.0,0.0,0.0,0.0,0.0,0.0,0.0
2026-07-10 17:28:56,0.0,0.0,0.0,0.0,0.0,0.0,0.0,0.0,36.5714528220943,37.26262435103905,37.05783472863677,14.0,14.019453730851161,13.986354874240593,0.0,36.0,0.0,0.0,0.0,0.0,0.0,0.0,0.0,0.0,0.0,0.0,0.0
2026-07-10 17:28:57,0.0,0.0,0.0,0.0,0.0,0.0,0.0,0.0,36.844832956738735,37.07415873612476,36.84162770652897,14.0,13.985907627790548,13.956420417248397,0.0,36.0,0.0,0.0,0.0,0.0,0.0,0.0,0.0,0.0,0.0,0.0,0.0
2026-07-10 17:28:57,0.0,0.0,0.0,0.0,0.0,0.0,0.0,0.0,36.91594838966448,37.328391573360875,37.211654930162915,14.0,14.02036447451897,14.047669543756037,0.0,36.0,0.0,0.0,0.0,0.0,0.0,0.0,0.0,0.0,0.0,0.0,0.0
2026-07-10 17:28:58,0.0,0.0,0.0,0.0,0.0,0.0,0.0,0.0,36.64839500344302,37.05619742622145,36.70860317318465,14.0,14.04373408696757,14.047579806279265,0.0,36.0,0.0,0.0,0.0,0.0,0.0,0.0,0.0,0.0,0.0,0.0,0.0
2026-07-10 17:28:58,0.0,0.0,0.0,0.0,0.0,0.0,0.0,0.0,37.06533062397669,37.326965447051315,37.172071575511815,14.0,14.008312731716556,13.972475313948449,0.0,36.0,0.0,0.0,0.0,0.0,0.0,0.0,0.0,0.0,0.0,0.0,0.0
2026-07-10 17:28:59,0.0,0.0,0.0,0.0,0.0,0.0,0.0,0.0,36.94203305650732,37.20835878675409,36.70675786135495,14.0,14.014235467212785,14.009716339937219,0.0,36.0,0.0,0.0,0.0,0.0,0.0,0.0,0.0,0.0,0.0,0.0,0.0
2026-07-10 17:28:59,0.0,0.0,0.0,0.0,0.0,0.0,0.0,0.0,37.029344879368224,37.24716324368137,36.88248559493477,14.0,13.975940286488074,14.027697839716817,0.0,36.0,0.0,0.0,0.0,0.0,0.0,0.0,0.0,0.0,0.0,0.0,0.0
2026-07-10 17:29:00,0.0,0.0,0.0,0.0,0.0,0.0,0.0,0.0,37.02053544497067,37.14675786520798,36.814705069035604,14.0,14.024600606161178,14.007113337837115,0.0,36.0,0.0,0.0,0.0,0.0,0.0,0.0,0.0,0.0,0.0,0.0,0.0
2026-07-10 17:29:00,0.0,0.0,0.0,0.0,0.0,0.0,0.0,0.0,36.67588853365452,37.28221102664393,36.77107135911287,14.0,13.966448253537715,14.039687212539079,0.0,36.0,0.0,0.0,0.0,0.0,0.0,0.0,0.0,0.0,0.0,0.0,0.0
2026-07-10 17:29:01,0.0,0.0,0.0,0.0,0.0,0.0,0.0,0.0,36.993743537595016,36.83857946373878,37.23788144233139,14.0,14.021782099052574,14.007923890448494,0.0,36.0,0.0,0.0,0.0,0.0,0.0,0.0,0.0,0.0,0.0,0.0,0.0
2026-07-10 17:29:01,0.0,0.0,0.0,0.0,0.0,0.0,0.0,0.0,37.00703353040965,37.21065420805046,37.13997776906616,14.0,13.955091633098176,14.025124150803258,0.0,36.0,0.0,0.0,0.0,0.0,0.0,0.0,0.0,0.0,0.0,0.0,0.0
2026-07-10 17:29:02,0.0,0.0,0.0,0.0,0.0,0.0,0.0,0.0,36.733268770347394,37.140412810658354,36.73704792578846,14.0,13.99255659901595,14.032019187899344,0.0,36.0,0.0,0.0,0.0,0.0,0.0,0.0,0.0,0.0,0.0,0.0,0.0
2026-07-10 17:29:02,0.0,0.0,0.0,0.0,0.0,0.0,0.0,0.0,36.73627794501659,37.24442223071922,36.87893631930691,14.0,13.99573949333993,13.963321722063451,0.0,36.0,0.0,0.0,0.0,0.0,0.0,0.0,0.0,0.0,0.0,0.0,0.0
2026-07-10 17:29:03,0.0,0.0,0.0,0.0,0.0,0.0,0.0,0.0,36.91456924507932,36.89719047030456,36.83875391010849,14.0,13.974971026894973,14.04484701849003,0.0,36.0,0.0,0.0,0.0,0.0,0.0,0.0,0.0,0.0,0.0,0.0,0.0
2026-07-10 17:29:03,0.0,0.0,0.0,0.0,0.0,0.0,0.0,0.0,37.04478672140448,36.91493319817926,37.00288247451083,14.0,13.977632670397472,13.979675900122034,0.0,36.0,0.0,0.0,0.0,0.0,0.0,0.0,0.0,0.0,0.0,0.0,0.0
2026-07-10 17:29:04,0.0,0.0,0.0,0.0,0.0,0.0,0.0,0.0,36.52076087309303,36.90550918857622,37.2958756787992,14.0,14.011496620279615,13.958968946680226,0.0,36.0,0.0,0.0,0.0,0.0,0.0,0.0,0.0,0.0,0.0,0.0,0.0
2026-07-10 17:29:04,0.0,0.0,0.0,0.0,0.0,0.0,0.0,0.0,36.62368832555611,37.08507574228738,36.81929603703306,14.0,14.019566880935516,13.974088943562936,0.0,36.0,0.0,0.0,0.0,0.0,0.0,0.0,0.0,0.0,0.0,0.0,0.0
2026-07-10 17:29:05,0.0,0.0,0.0,0.0,0.0,0.0,0.0,0.0,37.05667773093488,37.211019921179435,37.19126331710866,14.0,13.985147439789904,14.009366276192633,0.0,36.0,0.0,0.0,0.0,0.0,0.0,0.0,0.0,0.0,0.0,0.0,0.0
2026-07-10 17:29:05,0.0,0.0,0.0,0.0,0.0,0.0,0.0,0.0,36.62156749275508,37.30020078599957,37.268801021501275,14.0,14.034101399273549,13.997406138401834,0.0,36.0,0.0,0.0,0.0,0.0,0.0,0.0,0.0,0.0,0.0,0.0,0.0
2026-07-10 17:29:06,0.0,0.0,0.0,0.0,0.0,0.0,0.0,0.0,36.87612375968502,37.215921501379825,37.180236449683875,14.0,13.973108375855144,13.986308681893322,0.0,36.0,0.0,0.0,0.0,0.0,0.0,0.0,0.0,0.0,0.0,0.0,0.0
2026-07-10 17:29:06,0.0,0.0,0.0,0.0,0.0,0.0,0.0,0.0,36.623737451467164,37.292395264152,37.113872028231945,14.0,13.985343014539282,13.956258892987652,0.0,36.0,0.0,0.0,0.0,0.0,0.0,0.0,0.0,0.0,0.0,0.0,0.0
2026-07-10 17:29:07,0.0,0.0,0.0,0.0,0.0,0.0,0.0,0.0,36.53005106039824,37.04629689140653,36.939296768558535,14.0,14.005207036007317,14.036761628040004,0.0,36.0,0.0,0.0,0.0,0.0,0.0,0.0,0.0,0.0,0.0,0.0,0.0
2026-07-10 17:29:07,0.0,0.0,0.0,0.0,0.0,0.0,0.0,0.0,36.870865874803776,37.13109152310222,36.76306160666107,14.0,14.007620780776586,13.995374592640022,0.0,36.0,0.0,0.0,0.0,0.0,0.0,0.0,0.0,0.0,0.0,0.0,0.0
2026-07-10 17:29:08,0.0,0.0,0.0,0.0,0.0,0.0,0.0,0.0,37.02324513230205,37.34429297013453,36.89024797755458,14.0,13.971074782745426,13.952270770696115,0.0,36.0,0.0,0.0,0.0,0.0,0.0,0.0,0.0,0.0,0.0,0.0,0.0
2026-07-10 17:29:08,0.0,0.0,0.0,0.0,0.0,0.0,0.0,0.0,36.909297521231714,37.27791998604574,37.121114225181394,14.0,14.039930393986788,14.024660521743847,0.0,36.0,0.0,0.0,0.0,0.0,0.0,0.0,0.0,0.0,0.0,0.0,0.0
2026-07-10 17:29:09,0.0,0.0,0.0,0.0,0.0,0.0,0.0,0.0,36.87305330020524,37.068978207670796,36.77442815441362,14.0,14.036955109158107,13.959585475887685,0.0,36.0,0.0,0.0,0.0,0.0,0.0,0.0,0.0,0.0,0.0,0.0,0.0
2026-07-10 17:29:09,0.0,0.0,0.0,0.0,0.0,0.0,0.0,0.0,36.53195337143892,37.26841923382439,37.249524946898966,14.0,14.018075824124342,13.996308609064002,0.0,36.0,0.0,0.0,0.0,0.0,0.0,0.0,0.0,0.0,0.0,0.0,0.0
2026-07-10 17:29:10,0.0,0.0,0.0,0.0,0.0,0.0,0.0,0.0,36.8481365641853,36.83425020532781,36.82432533704013,14.0,13.984539642255815,13.995349167568246,0.0,36.0,0.0,0.0,0.0,0.0,0.0,0.0,0.0,0.0,0.0,0.0,0.0
2026-07-10 17:29:10,0.0,0.0,0.0,0.0,0.0,0.0,0.0,0.0,36.965549524101405,37.22192856203781,37.04922834807977,14.0,14.048508079183812,14.032434694906271,0.0,36.0,0.0,0.0,0.0,0.0,0.0,0.0,0.0,0.0,0.0,0.0,0.0
2026-07-10 17:29:11,0.0,0.0,0.0,0.0,0.0,0.0,0.0,0.0,36.8273799528116,37.16739860741917,37.25839414435135,14.0,13.97814456082546,13.954551915099273,0.0,36.0,0.0,0.0,0.0,0.0,0.0,0.0,0.0,0.0,0.0,0.0,0.0
2026-07-10 17:29:11,0.0,0.0,0.0,0.0,0.0,0.0,0.0,0.0,36.87528157612952,37.38125397435969,37.152832620104846,14.0,13.99948334131029,14.03422704847631,0.0,36.0,0.0,0.0,0.0,0.0,0.0,0.0,0.0,0.0,0.0,0.0,0.0
2026-07-10 17:29:12,0.0,0.0,0.0,0.0,0.0,0.0,0.0,0.0,36.571715577080944,37.19834420928332,36.72141167539537,14.0,13.97410652062168,13.981991946146492,0.0,36.0,0.0,0.0,0.0,0.0,0.0,0.0,0.0,0.0,0.0,0.0,0.0
2026-07-10 17:29:12,0.0,0.0,0.0,0.0,0.0,0.0,0.0,0.0,36.92567015522251,36.993383109373696,37.128362939483694,14.0,14.002333924982718,13.982956916667632,0.0,36.0,0.0,0.0,0.0,0.0,0.0,0.0,0.0,0.0,0.0,0.0,0.0
2026-07-10 17:29:13,0.0,0.0,0.0,0.0,0.0,0.0,0.0,0.0,36.69174140852035,36.95614965548323,36.707456960696724,14.0,13.99180400934453,14.040115505379564,0.0,36.0,0.0,0.0,0.0,0.0,0.0,0.0,0.0,0.0,0.0,0.0,0.0
2026-07-10 17:29:13,0.0,0.0,0.0,0.0,0.0,0.0,0.0,0.0,36.88735256274114,37.293625929346824,36.97427656870563,14.0,13.990005966537716,14.02077203224452,0.0,36.0,0.0,0.0,0.0,0.0,0.0,0.0,0.0,0.0,0.0,0.0,0.0
2026-07-10 17:29:14,0.0,0.0,0.0,0.0,0.0,0.0,0.0,0.0,36.9277059473474,37.217026579156354,36.80506073411687,14.0,14.015680481533057,13.980403895036245,0.0,36.0,0.0,0.0,0.0,0.0,0.0,0.0,0.0,0.0,0.0,0.0,0.0
2026-07-10 17:29:14,0.0,0.0,0.0,0.0,0.0,0.0,0.0,0.0,36.87579909206383,36.84948028942122,36.9482902437725,14.0,14.00684582671575,13.988826248348797,0.0,36.0,0.0,0.0,0.0,0.0,0.0,0.0,0.0,0.0,0.0,0.0,0.0
2026-07-10 17:29:15,0.0,0.0,0.0,0.0,0.0,0.0,0.0,0.0,36.516670824948356,37.20623896377958,36.82741857045733,14.0,13.987451064639059,14.044523173033516,0.0,36.0,0.0,0.0,0.0,0.0,0.0,0.0,0.0,0.0,0.0,0.0,0.0
2026-07-10 17:29:15,0.0,0.0,0.0,0.0,0.0,0.0,0.0,0.0,36.841643548824386,37.13337184453786,37.17495181478833,14.0,13.969288224927366,13.959490979305043,0.0,36.0,0.0,0.0,0.0,0.0,0.0,0.0,0.0,0.0,0.0,0.0,0.0
2026-07-10 17:29:16,0.0,0.0,0.0,0.0,0.0,0.0,0.0,0.0,36.96108391034954,37.35626157505275,37.17899695713789,14.0,14.019945183515766,14.002268660901787,0.0,36.0,0.0,0.0,0.0,0.0,0.0,0.0,0.0,0.0,0.0,0.0,0.0
2026-07-10 17:29:16,0.0,0.0,0.0,0.0,0.0,0.0,0.0,0.0,36.688257230910835,37.14332478858998,37.16436223700387,14.0,14.018181635073617,14.011890693618051,0.0,36.0,0.0,0.0,0.0,0.0,0.0,0.0,0.0,0.0,0.0,0.0,0.0
2026-07-10 17:29:17,0.0,0.0,0.0,0.0,0.0,0.0,0.0,0.0,36.8253963002431,36.84425775475848,37.28877054754902,14.0,14.043725493246686,14.015382678410948,0.0,36.0,0.0,0.0,0.0,0.0,0.0,0.0,0.0,0.0,0.0,0.0,0.0
2026-07-10 17:29:17,0.0,0.0,0.0,0.0,0.0,0.0,0.0,0.0,36.9352205065346,37.239711008541406,36.98206460253237,14.0,14.041719989979066,14.037246239972378,0.0,36.0,0.0,0.0,0.0,0.0,0.0,0.0,0.0,0.0,0.0,0.0,0.0
2026-07-10 17:29:18,0.0,0.0,0.0,0.0,0.0,0.0,0.0,0.0,36.959898824529084,37.18507983291426,36.92787470975085,14.0,14.027644270449118,13.95189747520063,0.0,36.0,0.0,0.0,0.0,0.0,0.0,0.0,0.0,0.0,0.0,0.0,0.0
2026-07-10 17:29:18,0.0,0.0,0.0,0.0,0.0,0.0,0.0,0.0,36.58231504803749,37.281708409626276,37.199023787947304,14.0,14.039161305446894,14.004280600530263,0.0,36.0,0.0,0.0,0.0,0.0,0.0,0.0,0.0,0.0,0.0,0.0,0.0
2026-07-10 17:29:19,0.0,0.0,0.0,0.0,0.0,0.0,0.0,0.0,36.50043158742816,37.087756407285255,37.10964043968877,14.0,14.032764953526943,13.986543452441122,0.0,36.0,0.0,0.0,0.0,0.0,0.0,0.0,0.0,0.0,0.0,0.0,0.0
2026-07-10 17:29:19,0.0,0.0,0.0,0.0,0.0,0.0,0.0,0.0,36.96219219261665,37.14168383114664,37.209856247631244,14.0,14.029112684092524,14.042159751051116,0.0,36.0,0.0,0.0,0.0,0.0,0.0,0.0,0.0,0.0,0.0,0.0,0.0
2026-07-10 17:29:20,0.0,0.0,0.0,0.0,0.0,0.0,0.0,0.0,37.06025047817172,36.96650839105458,37.03173771201027,14.0,13.973910730007898,14.023757700318413,0.0,36.0,0.0,0.0,0.0,0.0,0.0,0.0,0.0,0.0,0.0,0.0,0.0
2026-07-10 17:29:20,0.0,0.0,0.0,0.0,0.0,0.0,0.0,0.0,36.981972036131296,36.982102636672884,36.8961384565198,14.0,13.95161257184798,14.029976664655686,0.0,36.0,0.0,0.0,0.0,0.0,0.0,0.0,0.0,0.0,0.0,0.0,0.0
2026-07-10 17:29:21,0.0,0.0,0.0,0.0,0.0,0.0,0.0,0.0,36.508839540634824,37.36908773637442,37.24275999883115,14.0,13.985229372321022,13.966051935857754,0.0,36.0,0.0,0.0,0.0,0.0,0.0,0.0,0.0,0.0,0.0,0.0,0.0
2026-07-10 17:29:21,0.0,0.0,0.0,0.0,0.0,0.0,0.0,0.0,37.071619423669354,37.1530219267896,36.905425789216025,14.0,14.013988463513543,13.977144336320025,0.0,36.0,0.0,0.0,0.0,0.0,0.0,0.0,0.0,0.0,0.0,0.0,0.0
2026-07-10 17:29:22,0.0,0.0,0.0,0.0,0.0,0.0,0.0,0.0,36.89888935405917,37.20940186155077,36.94444603209701,14.0,13.987165427775212,14.046454481231622,0.0,36.0,0.0,0.0,0.0,0.0,0.0,0.0,0.0,0.0,0.0,0.0,0.0
2026-07-10 17:29:22,0.0,0.0,0.0,0.0,0.0,0.0,0.0,0.0,36.899061305888125,37.32000999016285,37.101910052222536,14.0,13.954629566392057,14.005787813076086,0.0,36.0,0.0,0.0,0.0,0.0,0.0,0.0,0.0,0.0,0.0,0.0,0.0
2026-07-10 17:29:23,0.0,0.0,0.0,0.0,0.0,0.0,0.0,0.0,36.65268456881855,37.19349911993853,36.84907192760967,14.0,13.991996595207624,13.951830447011764,0.0,36.0,0.0,0.0,0.0,0.0,0.0,0.0,0.0,0.0,0.0,0.0,0.0
2026-07-10 17:29:23,0.0,0.0,0.0,0.0,0.0,0.0,0.0,0.0,37.088752705349926,37.23692096875974,36.72035157540876,14.0,14.010846243084575,14.038949593925528,0.0,36.0,0.0,0.0,0.0,0.0,0.0,0.0,0.0,0.0,0.0,0.0,0.0
2026-07-10 17:29:24,0.0,0.0,0.0,0.0,0.0,0.0,0.0,0.0,36.531618095560226,37.043682455162205,37.111766942182484,14.0,13.99955382511169,13.988126009494511,0.0,36.0,0.0,0.0,0.0,0.0,0.0,0.0,0.0,0.0,0.0,0.0,0.0
2026-07-10 17:29:24,0.0,0.0,0.0,0.0,0.0,0.0,0.0,0.0,36.806235927318205,36.9449515665359,36.70041276941246,14.0,14.039887731295481,13.96964309696996,0.0,36.0,0.0,0.0,0.0,0.0,0.0,0.0,0.0,0.0,0.0,0.0,0.0
2026-07-10 17:29:25,0.0,0.0,0.0,0.0,0.0,0.0,0.0,0.0,36.900001194751546,36.8386931972164,37.02473616200657,14.0,13.9618605497992,13.977614770612535,0.0,36.0,0.0,0.0,0.0,0.0,0.0,0.0,0.0,0.0,0.0,0.0,0.0
2026-07-10 17:29:25,0.0,0.0,0.0,0.0,0.0,0.0,0.0,0.0,36.781229864832085,36.96711257019458,36.71329591421175,14.0,13.983453554248472,13.991349513689727,0.0,36.0,0.0,0.0,0.0,0.0,0.0,0.0,0.0,0.0,0.0,0.0,0.0
2026-07-10 17:29:26,0.0,0.0,0.0,0.0,0.0,0.0,0.0,0.0,36.808899246593015,37.26799176155654,37.219792475068516,14.0,13.998389758337563,14.025209495401949,0.0,36.0,0.0,0.0,0.0,0.0,0.0,0.0,0.0,0.0,0.0,0.0,0.0
2026-07-10 17:29:26,0.0,0.0,0.0,0.0,0.0,0.0,0.0,0.0,36.98559515059123,37.28898513554508,36.70446908254228,14.0,14.011051207547924,14.04368483699919,0.0,36.0,0.0,0.0,0.0,0.0,0.0,0.0,0.0,0.0,0.0,0.0,0.0
2026-07-10 17:29:27,0.0,0.0,0.0,0.0,0.0,0.0,0.0,0.0,36.50259835881922,36.87330550945253,37.173598671566936,14.0,14.021475532106459,14.026361297621706,0.0,36.0,0.0,0.0,0.0,0.0,0.0,0.0,0.0,0.0,0.0,0.0,0.0
2026-07-10 17:29:27,0.0,0.0,0.0,0.0,0.0,0.0,0.0,0.0,37.0924417255528,37.16604285381705,36.84190919140461,14.0,13.971371434604654,13.961541915015992,0.0,36.0,0.0,0.0,0.0,0.0,0.0,0.0,0.0,0.0,0.0,0.0,0.0
2026-07-10 17:29:28,0.0,0.0,0.0,0.0,0.0,0.0,0.0,0.0,36.909184745550256,37.189510124597874,37.271599095970075,14.0,14.02502009824886,14.049085471913633,0.0,36.0,0.0,0.0,0.0,0.0,0.0,0.0,0.0,0.0,0.0,0.0,0.0
2026-07-10 17:29:28,0.0,0.0,0.0,0.0,0.0,0.0,0.0,0.0,36.711496462168945,37.186688749147244,37.24136703883931,14.0,13.950886826747775,13.983079751625958,0.0,36.0,0.0,0.0,0.0,0.0,0.0,0.0,0.0,0.0,0.0,0.0,0.0
2026-07-10 17:29:29,0.0,0.0,0.0,0.0,0.0,0.0,0.0,0.0,36.62600660645907,36.99798259227297,36.81138786225255,14.0,13.98719763858958,14.04663659378305,0.0,36.0,0.0,0.0,0.0,0.0,0.0,0.0,0.0,0.0,0.0,0.0,0.0
2026-07-10 17:29:29,0.0,0.0,0.0,0.0,0.0,0.0,0.0,0.0,36.57419927489279,36.88349073498456,37.08321789780095,14.0,13.991616301714979,14.044644695407634,0.0,36.0,0.0,0.0,0.0,0.0,0.0,0.0,0.0,0.0,0.0,0.0,0.0
2026-07-10 17:29:30,0.0,0.0,0.0,0.0,0.0,0.0,0.0,0.0,36.680101321675934,37.188165259549265,36.70082782201764,14.0,13.98265675086575,13.958400293013481,0.0,36.0,0.0,0.0,0.0,0.0,0.0,0.0,0.0,0.0,0.0,0.0,0.0
2026-07-10 17:29:30,0.0,0.0,0.0,0.0,0.0,0.0,0.0,0.0,36.62705396112166,37.11624275227807,36.72162197044261,14.0,13.96528673169376,13.952250404912835,0.0,36.0,0.0,0.0,0.0,0.0,0.0,0.0,0.0,0.0,0.0,0.0,0.0
2026-07-10 17:29:31,0.0,0.0,0.0,0.0,0.0,0.0,0.0,0.0,36.692119518410124,36.9884881390095,36.87469879117337,14.0,14.04214542708224,13.984371792298983,0.0,36.0,0.0,0.0,0.0,0.0,0.0,0.0,0.0,0.0,0.0,0.0,0.0
2026-07-10 17:29:31,0.0,0.0,0.0,0.0,0.0,0.0,0.0,0.0,36.92511525593238,36.958972066939964,36.91909022298381,14.0,14.031931663158048,13.951580492725114,0.0,36.0,0.0,0.0,0.0,0.0,0.0,0.0,0.0,0.0,0.0,0.0,0.0
2026-07-10 17:29:32,0.0,0.0,0.0,0.0,0.0,0.0,0.0,0.0,36.6580537018398,37.26398237184664,37.27133516981057,14.0,14.020477009384962,13.97499189566673,0.0,36.0,0.0,0.0,0.0,0.0,0.0,0.0,0.0,0.0,0.0,0.0,0.0
2026-07-10 17:29:32,0.0,0.0,0.0,0.0,0.0,0.0,0.0,0.0,36.862928837117764,37.283112451441795,37.20940257223355,14.0,14.016431429171162,13.968320853204956,0.0,36.0,0.0,0.0,0.0,0.0,0.0,0.0,0.0,0.0,0.0,0.0,0.0
2026-07-10 17:29:33,0.0,0.0,0.0,0.0,0.0,0.0,0.0,0.0,36.66702548791322,37.210401286411226,36.96088685873957,14.0,13.995360863916424,13.958484127793872,0.0,36.0,0.0,0.0,0.0,0.0,0.0,0.0,0.0,0.0,0.0,0.0,0.0
2026-07-10 17:29:33,0.0,0.0,0.0,0.0,0.0,0.0,0.0,0.0,36.9810136962282,37.38231026893838,36.892028322112616,14.0,13.982058128332431,13.957920509153055,0.0,36.0,0.0,0.0,0.0,0.0,0.0,0.0,0.0,0.0,0.0,0.0,0.0
2026-07-10 17:29:34,0.0,0.0,0.0,0.0,0.0,0.0,0.0,0.0,36.79506081624926,36.82268073136454,37.27263403185602,14.0,13.978722206764278,13.966859635299599,0.0,36.0,0.0,0.0,0.0,0.0,0.0,0.0,0.0,0.0,0.0,0.0,0.0
2026-07-10 17:29:34,0.0,0.0,0.0,0.0,0.0,0.0,0.0,0.0,36.83486564336624,37.39889457969865,37.22882547884574,14.0,13.998193778682934,14.038437909781472,0.0,36.0,0.0,0.0,0.0,0.0,0.0,0.0,0.0,0.0,0.0,0.0,0.0
2026-07-10 17:29:35,0.0,0.0,0.0,0.0,0.0,0.0,0.0,0.0,36.57892721575108,37.1401760961895,36.88639771571891,14.0,13.971070246796168,13.988155269165807,0.0,36.0,0.0,0.0,0.0,0.0,0.0,0.0,0.0,0.0,0.0,0.0,0.0
2026-07-10 17:29:35,0.0,0.0,0.0,0.0,0.0,0.0,0.0,0.0,36.58990335120978,37.28254963901011,37.213657178638165,14.0,14.006289137357626,13.99493529003799,0.0,36.0,0.0,0.0,0.0,0.0,0.0,0.0,0.0,0.0,0.0,0.0,0.0
2026-07-10 17:29:36,0.0,0.0,0.0,0.0,0.0,0.0,0.0,0.0,37.00269049411462,37.399309394343064,36.96178339428587,14.0,13.99220350487951,13.995257628030128,0.0,36.0,0.0,0.0,0.0,0.0,0.0,0.0,0.0,0.0,0.0,0.0,0.0
2026-07-10 17:29:36,0.0,0.0,0.0,0.0,0.0,0.0,0.0,0.0,36.65286699211391,37.02496593074272,37.00947922402169,14.0,14.010413099010742,14.042563388291992,0.0,36.0,0.0,0.0,0.0,0.0,0.0,0.0,0.0,0.0,0.0,0.0,0.0
2026-07-10 17:29:37,0.0,0.0,0.0,0.0,0.0,0.0,0.0,0.0,36.64981410230463,37.006665394912204,37.29642163649447,14.0,13.995408562810189,14.047412531826618,0.0,36.0,0.0,0.0,0.0,0.0,0.0,0.0,0.0,0.0,0.0,0.0,0.0
2026-07-10 17:29:37,0.0,0.0,0.0,0.0,0.0,0.0,0.0,0.0,36.613004039907636,36.994446792785276,37.06978619041525,14.0,13.997924865219225,14.02956429610913,0.0,36.0,0.0,0.0,0.0,0.0,0.0,0.0,0.0,0.0,0.0,0.0,0.0
2026-07-10 17:29:38,0.0,0.0,0.0,0.0,0.0,0.0,0.0,0.0,36.66561472574304,37.19888091952462,37.198824720952494,14.0,13.968565898978866,13.990609101852447,0.0,36.0,0.0,0.0,0.0,0.0,0.0,0.0,0.0,0.0,0.0,0.0,0.0
2026-07-10 17:29:38,0.0,0.0,0.0,0.0,0.0,0.0,0.0,0.0,36.75659678580535,36.803715491221986,37.29095911577335,14.0,13.992073167599024,13.984533077730351,0.0,36.0,0.0,0.0,0.0,0.0,0.0,0.0,0.0,0.0,0.0,0.0,0.0
2026-07-10 17:29:39,0.0,0.0,0.0,0.0,0.0,0.0,0.0,0.0,36.93754837992002,37.12837620833987,37.289177818879175,14.0,14.032165939036048,13.95542806608356,0.0,36.0,0.0,0.0,0.0,0.0,0.0,0.0,0.0,0.0,0.0,0.0,0.0
2026-07-10 17:29:39,0.0,0.0,0.0,0.0,0.0,0.0,0.0,0.0,36.62831031187293,36.984479207776495,36.78230332031316,14.0,14.030816261808233,13.972904295036855,0.0,36.0,0.0,0.0,0.0,0.0,0.0,0.0,0.0,0.0,0.0,0.0,0.0
2026-07-10 17:29:40,0.0,0.0,0.0,0.0,0.0,0.0,0.0,0.0,36.891977388752544,37.28015846313417,36.946064694396554,14.0,14.026476062163445,13.976436925233472,0.0,36.0,0.0,0.0,0.0,0.0,0.0,0.0,0.0,0.0,0.0,0.0,0.0
2026-07-10 17:29:40,0.0,0.0,0.0,0.0,0.0,0.0,0.0,0.0,36.53618089817639,36.869371839129265,36.8490333802258,14.0,13.95659721616043,13.968440411528407,0.0,36.0,0.0,0.0,0.0,0.0,0.0,0.0,0.0,0.0,0.0,0.0,0.0
2026-07-10 17:29:41,0.0,0.0,0.0,0.0,0.0,0.0,0.0,0.0,36.675097177498465,37.38130181096376,37.01810463591663,14.0,13.952873371213052,14.001651887061849,0.0,36.0,0.0,0.0,0.0,0.0,0.0,0.0,0.0,0.0,0.0,0.0,0.0
2026-07-10 17:29:41,0.0,0.0,0.0,0.0,0.0,0.0,0.0,0.0,37.09152338663754,36.93372232811805,36.99715639991823,14.0,14.003665956057349,13.960371872433198,0.0,36.0,0.0,0.0,0.0,0.0,0.0,0.0,0.0,0.0,0.0,0.0,0.0
2026-07-10 17:29:42,0.0,0.0,0.0,0.0,0.0,0.0,0.0,0.0,37.02443423608393,36.83693634795769,36.83568174659061,14.0,14.032499709777445,14.004705549030916,0.0,36.0,0.0,0.0,0.0,0.0,0.0,0.0,0.0,0.0,0.0,0.0,0.0
2026-07-10 17:29:42,0.0,0.0,0.0,0.0,0.0,0.0,0.0,0.0,36.863371338461924,37.33415882169161,36.77697295827626,14.0,13.980115871937857,14.047399775209236,0.0,36.0,0.0,0.0,0.0,0.0,0.0,0.0,0.0,0.0,0.0,0.0,0.0
2026-07-10 17:29:43,0.0,0.0,0.0,0.0,0.0,0.0,0.0,0.0,37.08903992230324,37.25730078789837,37.23974372434283,14.0,14.025041434430792,13.97361523583527,0.0,36.0,0.0,0.0,0.0,0.0,0.0,0.0,0.0,0.0,0.0,0.0,0.0
2026-07-10 17:29:43,0.0,0.0,0.0,0.0,0.0,0.0,0.0,0.0,36.52128458392664,37.153638447147245,37.094673589752624,14.0,14.031136567435954,13.960703897605681,0.0,36.0,0.0,0.0,0.0,0.0,0.0,0.0,0.0,0.0,0.0,0.0,0.0
2026-07-10 17:29:44,0.0,0.0,0.0,0.0,0.0,0.0,0.0,0.0,36.537896562146436,36.8589519312465,37.19235271092159,14.0,13.970428633328716,14.023849834365139,0.0,36.0,0.0,0.0,0.0,0.0,0.0,0.0,0.0,0.0,0.0,0.0,0.0
2026-07-10 17:29:44,0.0,0.0,0.0,0.0,0.0,0.0,0.0,0.0,36.59145594103484,37.375699836233466,37.23456298158705,14.0,14.026663521216879,14.041819497291506,0.0,36.0,0.0,0.0,0.0,0.0,0.0,0.0,0.0,0.0,0.0,0.0,0.0
2026-07-10 17:29:45,0.0,0.0,0.0,0.0,0.0,0.0,0.0,0.0,36.870641616066685,37.05877324833704,36.73765554789298,14.0,14.025149265644378,13.969802063597417,0.0,36.0,0.0,0.0,0.0,0.0,0.0,0.0,0.0,0.0,0.0,0.0,0.0
2026-07-10 17:29:45,0.0,0.0,0.0,0.0,0.0,0.0,0.0,0.0,36.975606412401895,36.8455680962367,36.71259644947748,14.0,13.978338890392575,14.04098441471549,0.0,36.0,0.0,0.0,0.0,0.0,0.0,0.0,0.0,0.0,0.0,0.0,0.0
2026-07-10 17:29:46,0.0,0.0,0.0,0.0,0.0,0.0,0.0,0.0,37.04459744880237,36.86424473618568,37.1007732854152,14.0,13.994825354164274,13.977021454808773,0.0,36.0,0.0,0.0,0.0,0.0,0.0,0.0,0.0,0.0,0.0,0.0,0.0
2026-07-10 17:29:46,0.0,0.0,0.0,0.0,0.0,0.0,0.0,0.0,36.8522177027394,37.232278496428044,37.199875133562465,14.0,13.9974432215833,14.040207271390523,0.0,36.0,0.0,0.0,0.0,0.0,0.0,0.0,0.0,0.0,0.0,0.0,0.0
2026-07-10 17:29:47,0.0,0.0,0.0,0.0,0.0,0.0,0.0,0.0,36.66003283290035,37.32481323565005,36.92714800386244,14.0,13.980619735307554,13.978128023153301,0.0,36.0,0.0,0.0,0.0,0.0,0.0,0.0,0.0,0.0,0.0,0.0,0.0
2026-07-10 17:29:47,0.0,0.0,0.0,0.0,0.0,0.0,0.0,0.0,37.0806990068728,36.87665506933664,37.27438068010618,14.0,13.964811022664529,13.955785655111216,0.0,36.0,0.0,0.0,0.0,0.0,0.0,0.0,0.0,0.0,0.0,0.0,0.0
2026-07-10 17:29:48,0.0,0.0,0.0,0.0,0.0,0.0,0.0,0.0,36.823514028438204,37.20778199184563,37.021154535447536,14.0,13.988049877971482,14.033298781027513,0.0,36.0,0.0,0.0,0.0,0.0,0.0,0.0,0.0,0.0,0.0,0.0,0.0
2026-07-10 17:29:48,0.0,0.0,0.0,0.0,0.0,0.0,0.0,0.0,36.679951373830754,37.0470209623607,37.09793216027801,14.0,13.960453338727705,14.042257322255043,0.0,36.0,0.0,0.0,0.0,0.0,0.0,0.0,0.0,0.0,0.0,0.0,0.0
2026-07-10 17:29:49,0.0,0.0,0.0,0.0,0.0,0.0,0.0,0.0,36.514095351928816,37.18680344809529,37.27263133095016,14.0,13.994853760803423,13.976985098707368,0.0,36.0,0.0,0.0,0.0,0.0,0.0,0.0,0.0,0.0,0.0,0.0,0.0
2026-07-10 17:29:49,0.0,0.0,0.0,0.0,0.0,0.0,0.0,0.0,37.03529726920757,37.06636346328114,37.07377494168438,14.0,14.021664728134475,14.003367694782566,0.0,36.0,0.0,0.0,0.0,0.0,0.0,0.0,0.0,0.0,0.0,0.0,0.0
2026-07-10 17:29:50,0.0,0.0,0.0,0.0,0.0,0.0,0.0,0.0,36.620898893071555,37.179973667599064,37.111995454164024,14.0,14.009917911177823,14.04002555377867,0.0,36.0,0.0,0.0,0.0,0.0,0.0,0.0,0.0,0.0,0.0,0.0,0.0
2026-07-10 17:29:50,0.0,0.0,0.0,0.0,0.0,0.0,0.0,0.0,36.77021322365249,37.126259111661405,36.98069259382606,14.0,14.047647980582092,13.977328943595689,0.0,36.0,0.0,0.0,0.0,0.0,0.0,0.0,0.0,0.0,0.0,0.0,0.0
2026-07-10 17:29:51,0.0,0.0,0.0,0.0,0.0,0.0,0.0,0.0,36.92751149113684,36.83733168784189,37.189301673191146,14.0,13.990781790140632,14.017163035572883,0.0,36.0,0.0,0.0,0.0,0.0,0.0,0.0,0.0,0.0,0.0,0.0,0.0
2026-07-10 17:29:51,0.0,0.0,0.0,0.0,0.0,0.0,0.0,0.0,36.7610076722981,37.178723461318874,37.263708130846155,14.0,14.023705220528628,14.02332588900844,0.0,36.0,0.0,0.0,0.0,0.0,0.0,0.0,0.0,0.0,0.0,0.0,0.0
2026-07-10 17:29:52,0.0,0.0,0.0,0.0,0.0,0.0,0.0,0.0,36.9973674296235,36.97378994171636,36.76760257907595,14.0,14.042479847849757,13.969940822811475,0.0,36.0,0.0,0.0,0.0,0.0,0.0,0.0,0.0,0.0,0.0,0.0,0.0
2026-07-10 17:29:52,0.0,0.0,0.0,0.0,0.0,0.0,0.0,0.0,36.6256917583747,37.08478080748497,36.9631661685921,14.0,13.985733517670097,14.045760497918724,0.0,36.0,0.0,0.0,0.0,0.0,0.0,0.0,0.0,0.0,0.0,0.0,0.0
2026-07-10 17:29:53,0.0,0.0,0.0,0.0,0.0,0.0,0.0,0.0,36.55420305337801,37.13288904446757,36.75904905528711,14.0,14.040480905959141,13.959847752787683,0.0,36.0,0.0,0.0,0.0,0.0,0.0,0.0,0.0,0.0,0.0,0.0,0.0
2026-07-10 17:29:53,0.0,0.0,0.0,0.0,0.0,0.0,0.0,0.0,36.517823197312275,36.95992457497826,36.996747748098926,14.0,14.021693465651104,14.01972148877782,0.0,36.0,0.0,0.0,0.0,0.0,0.0,0.0,0.0,0.0,0.0,0.0,0.0
2026-07-10 17:29:54,0.0,0.0,0.0,0.0,0.0,0.0,0.0,0.0,36.575521457545015,37.152021316855596,37.00603540576576,14.0,14.048093886073621,14.039000131858582,0.0,36.0,0.0,0.0,0.0,0.0,0.0,0.0,0.0,0.0,0.0,0.0,0.0
2026-07-10 17:29:54,0.0,0.0,0.0,0.0,0.0,0.0,0.0,0.0,36.52830396475636,36.85291281935754,36.93675192765821,14.0,13.97228373455923,14.014907906159154,0.0,36.0,0.0,0.0,0.0,0.0,0.0,0.0,0.0,0.0,0.0,0.0,0.0
2026-07-10 17:29:55,0.0,0.0,0.0,0.0,0.0,0.0,0.0,0.0,36.58050329427355,37.0032655183748,36.84063586738051,14.0,14.042883577434978,13.996889591925008,0.0,36.0,0.0,0.0,0.0,0.0,0.0,0.0,0.0,0.0,0.0,0.0,0.0
2026-07-10 17:29:55,0.0,0.0,0.0,0.0,0.0,0.0,0.0,0.0,36.82273498916242,37.01912236539105,36.85823377327566,14.0,13.995798891237538,13.991056625713167,0.0,36.0,0.0,0.0,0.0,0.0,0.0,0.0,0.0,0.0,0.0,0.0,0.0
2026-07-10 17:29:56,0.0,0.0,0.0,0.0,0.0,0.0,0.0,0.0,36.5580472552819,36.949318565188015,37.18340047559779,14.0,14.014027866620399,13.970685366453779,0.0,36.0,0.0,0.0,0.0,0.0,0.0,0.0,0.0,0.0,0.0,0.0,0.0
2026-07-10 17:29:56,0.0,0.0,0.0,0.0,0.0,0.0,0.0,0.0,36.801318413691774,37.046139372604536,37.248980132898275,14.0,13.955053821331516,14.045288417080599,0.0,36.0,0.0,0.0,0.0,0.0,0.0,0.0,0.0,0.0,0.0,0.0,0.0
2026-07-10 17:29:57,0.0,0.0,0.0,0.0,0.0,0.0,0.0,0.0,36.9722435517678,36.806170360635925,36.81783862075913,14.0,13.993703389941604,14.048660036125526,0.0,36.0,0.0,0.0,0.0,0.0,0.0,0.0,0.0,0.0,0.0,0.0,0.0
2026-07-10 17:29:57,0.0,0.0,0.0,0.0,0.0,0.0,0.0,0.0,36.67326695801268,37.20859765944227,36.76203995378614,14.0,14.027732854354888,14.030419031927575,0.0,36.0,0.0,0.0,0.0,0.0,0.0,0.0,0.0,0.0,0.0,0.0,0.0
2026-07-10 17:29:58,0.0,0.0,0.0,0.0,0.0,0.0,0.0,0.0,36.998824981689964,37.320654845321386,36.73290091826115,14.0,13.958907155450955,13.988555600308157,0.0,36.0,0.0,0.0,0.0,0.0,0.0,0.0,0.0,0.0,0.0,0.0,0.0
2026-07-10 17:29:58,0.0,0.0,0.0,0.0,0.0,0.0,0.0,0.0,37.0136534204153,37.355392484908386,37.22973631219363,14.0,13.951105817390824,14.034621697508808,0.0,36.0,0.0,0.0,0.0,0.0,0.0,0.0,0.0,0.0,0.0,0.0,0.0
2026-07-10 17:29:59,0.0,0.0,0.0,0.0,0.0,0.0,0.0,0.0,36.717195605894155,36.88278757605128,36.82768900764296,14.0,13.964668755101881,13.979485277284576,0.0,36.0,0.0,0.0,0.0,0.0,0.0,0.0,0.0,0.0,0.0,0.0,0.0
2026-07-10 17:29:59,0.0,0.0,0.0,0.0,0.0,0.0,0.0,0.0,36.543687085411065,37.01457752581155,37.23256633428639,14.0,13.991940318757193,13.981816012491183,0.0,36.0,0.0,0.0,0.0,0.0,0.0,0.0,0.0,0.0,0.0,0.0,0.0
2026-07-10 17:30:00,0.0,0.0,0.0,0.0,0.0,0.0,0.0,0.0,36.69649635672155,37.2206872573935,37.038509321186346,14.0,13.956044333196683,13.966696817055862,0.0,36.0,0.0,0.0,0.0,0.0,0.0,0.0,0.0,0.0,0.0,0.0,0.0
2026-07-10 17:30:00,0.0,0.0,0.0,0.0,0.0,0.0,0.0,0.0,36.81294459500566,37.12279108658698,37.156863072284835,14.0,13.961545894354327,13.992983849996305,0.0,36.0,0.0,0.0,0.0,0.0,0.0,0.0,0.0,0.0,0.0,0.0,0.0
2026-07-10 17:30:01,0.0,0.0,0.0,0.0,0.0,0.0,0.0,0.0,36.64556670729318,37.198757525621986,36.92120031116991,14.0,14.027733406872981,14.039281285513638,0.0,36.0,0.0,0.0,0.0,0.0,0.0,0.0,0.0,0.0,0.0,0.0,0.0
2026-07-10 17:30:01,0.0,0.0,0.0,0.0,0.0,0.0,0.0,0.0,36.65486072277965,37.085412001982945,36.84021981590235,14.0,13.958384013652545,13.982263642310802,0.0,36.0,0.0,0.0,0.0,0.0,0.0,0.0,0.0,0.0,0.0,0.0,0.0
2026-07-10 17:30:02,0.0,0.0,0.0,0.0,0.0,0.0,0.0,0.0,36.906104991288665,37.344858515857126,36.918038230501516,14.0,13.996499001468992,14.026811577350697,0.0,36.0,0.0,0.0,0.0,0.0,0.0,0.0,0.0,0.0,0.0,0.0,0.0
2026-07-10 17:30:02,0.0,0.0,0.0,0.0,0.0,0.0,0.0,0.0,36.817895770662524,36.826595738562965,36.85559871350661,14.0,14.028385499334037,14.017592059159524,0.0,36.0,0.0,0.0,0.0,0.0,0.0,0.0,0.0,0.0,0.0,0.0,0.0
2026-07-10 17:30:03,0.0,0.0,0.0,0.0,0.0,0.0,0.0,0.0,36.93994617413537,37.27763884955977,37.10560007167781,14.0,13.951791844654734,14.010542940469737,0.0,36.0,0.0,0.0,0.0,0.0,0.0,0.0,0.0,0.0,0.0,0.0,0.0
2026-07-10 17:30:03,0.0,0.0,0.0,0.0,0.0,0.0,0.0,0.0,36.72171192423365,36.821704261448716,37.058231080023674,14.0,14.01676860401578,13.95462587711939,0.0,36.0,0.0,0.0,0.0,0.0,0.0,0.0,0.0,0.0,0.0,0.0,0.0
2026-07-10 17:30:04,0.0,0.0,0.0,0.0,0.0,0.0,0.0,0.0,36.74512456544179,37.014418493539836,36.796058279876455,14.0,13.976457456434577,14.006275754920232,0.0,36.0,0.0,0.0,0.0,0.0,0.0,0.0,0.0,0.0,0.0,0.0,0.0
2026-07-10 17:30:04,0.0,0.0,0.0,0.0,0.0,0.0,0.0,0.0,37.028653007780115,37.08876412119727,37.26991802633853,14.0,14.037242977265077,14.003645138128016,0.0,36.0,0.0,0.0,0.0,0.0,0.0,0.0,0.0,0.0,0.0,0.0,0.0
2026-07-10 17:30:05,0.0,0.0,0.0,0.0,0.0,0.0,0.0,0.0,36.77020396203468,37.21456687727544,36.958711101802734,14.0,14.036894847877742,14.008420995362014,0.0,36.0,0.0,0.0,0.0,0.0,0.0,0.0,0.0,0.0,0.0,0.0,0.0
2026-07-10 17:30:05,0.0,0.0,0.0,0.0,0.0,0.0,0.0,0.0,36.615815127760435,37.058425395077805,37.16140565970904,14.0,13.992887669111605,14.034421112384033,0.0,36.0,0.0,0.0,0.0,0.0,0.0,0.0,0.0,0.0,0.0,0.0,0.0
2026-07-10 17:30:06,0.0,0.0,0.0,0.0,0.0,0.0,0.0,0.0,36.90485064047877,37.04466558913922,37.26598312405642,14.0,13.970747701835291,14.024882945381059,0.0,36.0,0.0,0.0,0.0,0.0,0.0,0.0,0.0,0.0,0.0,0.0,0.0
2026-07-10 17:30:06,0.0,0.0,0.0,0.0,0.0,0.0,0.0,0.0,36.67289015698674,37.02203286102962,37.23847247771111,14.0,13.957859891137284,14.01607931488943,0.0,36.0,0.0,0.0,0.0,0.0,0.0,0.0,0.0,0.0,0.0,0.0,0.0
2026-07-10 17:30:07,0.0,0.0,0.0,0.0,0.0,0.0,0.0,0.0,36.73996187769059,37.18099796501355,37.007561869544496,14.0,13.958360510325845,14.016996345677041,0.0,36.0,0.0,0.0,0.0,0.0,0.0,0.0,0.0,0.0,0.0,0.0,0.0
2026-07-10 17:30:07,0.0,0.0,0.0,0.0,0.0,0.0,0.0,0.0,36.647198272667396,36.96554840134104,36.86957403700832,14.0,13.985637926065827,14.016447244137069,0.0,36.0,0.0,0.0,0.0,0.0,0.0,0.0,0.0,0.0,0.0,0.0,0.0
2026-07-10 17:30:08,0.0,0.0,0.0,0.0,0.0,0.0,0.0,0.0,36.588431573071084,37.11575283398531,36.79635667832204,14.0,13.95853063805459,14.037260294525172,0.0,36.0,0.0,0.0,0.0,0.0,0.0,0.0,0.0,0.0,0.0,0.0,0.0
2026-07-10 17:30:08,0.0,0.0,0.0,0.0,0.0,0.0,0.0,0.0,36.9361947248206,37.3076718207306,37.27276506016303,14.0,14.042804936530192,14.031711381711208,0.0,36.0,0.0,0.0,0.0,0.0,0.0,0.0,0.0,0.0,0.0,0.0,0.0
2026-07-10 17:30:09,0.0,0.0,0.0,0.0,0.0,0.0,0.0,0.0,36.94259521187497,37.18730691771249,36.76180645353389,14.0,13.995980665035336,14.045097386643516,0.0,36.0,0.0,0.0,0.0,0.0,0.0,0.0,0.0,0.0,0.0,0.0,0.0
2026-07-10 17:30:09,0.0,0.0,0.0,0.0,0.0,0.0,0.0,0.0,37.013400752401324,37.39866832816267,37.096900424213636,14.0,13.959394619835047,13.97680486494445,0.0,36.0,0.0,0.0,0.0,0.0,0.0,0.0,0.0,0.0,0.0,0.0,0.0
2026-07-10 17:30:10,0.0,0.0,0.0,0.0,0.0,0.0,0.0,0.0,36.50333977794704,36.975488153039834,37.26819660280879,14.0,14.006810299583705,14.015466217263088,0.0,36.0,0.0,0.0,0.0,0.0,0.0,0.0,0.0,0.0,0.0,0.0,0.0
2026-07-10 17:30:10,0.0,0.0,0.0,0.0,0.0,0.0,0.0,0.0,36.68202909937057,37.26475022835764,37.201900518868094,14.0,13.99841500595761,14.021449960035605,0.0,36.0,0.0,0.0,0.0,0.0,0.0,0.0,0.0,0.0,0.0,0.0,0.0
2026-07-10 17:30:11,0.0,0.0,0.0,0.0,0.0,0.0,0.0,0.0,36.91702988636379,36.84232170812178,36.73446916725217,14.0,13.980520463716534,13.976153255024508,0.0,36.0,0.0,0.0,0.0,0.0,0.0,0.0,0.0,0.0,0.0,0.0,0.0
2026-07-10 17:30:11,0.0,0.0,0.0,0.0,0.0,0.0,0.0,0.0,36.82665710099591,37.17749030034358,37.00809105514352,14.0,13.953584183428035,14.027281545955399,0.0,36.0,0.0,0.0,0.0,0.0,0.0,0.0,0.0,0.0,0.0,0.0,0.0
2026-07-10 17:30:12,0.0,0.0,0.0,0.0,0.0,0.0,0.0,0.0,36.81077179232367,37.0949644077711,37.16364696344977,14.0,14.03620435062763,13.95914816273785,0.0,36.0,0.0,0.0,0.0,0.0,0.0,0.0,0.0,0.0,0.0,0.0,0.0
2026-07-10 17:30:12,0.0,0.0,0.0,0.0,0.0,0.0,0.0,0.0,36.586065238837804,36.91233291955433,36.97973663842879,14.0,13.953232806796088,14.03705609008454,0.0,36.0,0.0,0.0,0.0,0.0,0.0,0.0,0.0,0.0,0.0,0.0,0.0
2026-07-10 17:30:13,0.0,0.0,0.0,0.0,0.0,0.0,0.0,0.0,36.82048749962414,37.15431077539908,36.863812790123774,14.0,13.97163245594436,14.00558355821469,0.0,36.0,0.0,0.0,0.0,0.0,0.0,0.0,0.0,0.0,0.0,0.0,0.0
2026-07-10 17:30:13,0.0,0.0,0.0,0.0,0.0,0.0,0.0,0.0,36.998989879200515,36.90546626806212,36.893281441695756,14.0,13.995865155524303,13.980931825053036,0.0,36.0,0.0,0.0,0.0,0.0,0.0,0.0,0.0,0.0,0.0,0.0,0.0
2026-07-10 17:30:14,0.0,0.0,0.0,0.0,0.0,0.0,0.0,0.0,36.50116692169472,37.061606893006115,36.96037757333342,14.0,13.998168453466663,13.964586578790225,0.0,36.0,0.0,0.0,0.0,0.0,0.0,0.0,0.0,0.0,0.0,0.0,0.0
2026-07-10 17:30:14,0.0,0.0,0.0,0.0,0.0,0.0,0.0,0.0,36.962241762409356,37.00432461761765,37.200378053222096,14.0,14.027168799393385,14.014196263620159,0.0,36.0,0.0,0.0,0.0,0.0,0.0,0.0,0.0,0.0,0.0,0.0,0.0
2026-07-10 17:30:15,0.0,0.0,0.0,0.0,0.0,0.0,0.0,0.0,37.05226721112991,36.97034871734226,37.1292383607746,14.0,13.990287019552076,13.990687200839913,0.0,36.0,0.0,0.0,0.0,0.0,0.0,0.0,0.0,0.0,0.0,0.0,0.0
2026-07-10 17:30:15,0.0,0.0,0.0,0.0,0.0,0.0,0.0,0.0,36.73125795052224,36.89244866422317,37.179576213361806,14.0,13.984263826447933,14.007235105221248,0.0,36.0,0.0,0.0,0.0,0.0,0.0,0.0,0.0,0.0,0.0,0.0,0.0
2026-07-10 17:30:16,0.0,0.0,0.0,0.0,0.0,0.0,0.0,0.0,36.91445205051581,37.229272613440465,36.9168056412654,14.0,14.015455565570742,13.980674901271838,0.0,36.0,0.0,0.0,0.0,0.0,0.0,0.0,0.0,0.0,0.0,0.0,0.0
2026-07-10 17:30:16,0.0,0.0,0.0,0.0,0.0,0.0,0.0,0.0,36.575271739072015,36.93660171105497,37.02789601835267,14.0,13.950597084140734,14.019463346372074,0.0,36.0,0.0,0.0,0.0,0.0,0.0,0.0,0.0,0.0,0.0,0.0,0.0
2026-07-10 17:30:17,0.0,0.0,0.0,0.0,0.0,0.0,0.0,0.0,36.92488601567849,37.201725500171655,37.28035874771527,14.0,14.001292547557606,13.970384360022285,0.0,36.0,0.0,0.0,0.0,0.0,0.0,0.0,0.0,0.0,0.0,0.0,0.0
2026-07-10 17:30:17,0.0,0.0,0.0,0.0,0.0,0.0,0.0,0.0,36.75450008704478,37.064798492269986,36.70950883312919,14.0,13.991268810502575,13.97868891238936,0.0,36.0,0.0,0.0,0.0,0.0,0.0,0.0,0.0,0.0,0.0,0.0,0.0
2026-07-10 17:30:18,0.0,0.0,0.0,0.0,0.0,0.0,0.0,0.0,36.51146264217584,36.935030672531795,36.86483797248748,14.0,13.970874438891627,14.001583986818183,0.0,36.0,0.0,0.0,0.0,0.0,0.0,0.0,0.0,0.0,0.0,0.0,0.0
2026-07-10 17:30:18,0.0,0.0,0.0,0.0,0.0,0.0,0.0,0.0,36.881520279711275,36.95281807931498,37.10576035122077,14.0,13.993645407328122,13.95537168151888,0.0,36.0,0.0,0.0,0.0,0.0,0.0,0.0,0.0,0.0,0.0,0.0,0.0
2026-07-10 17:30:19,0.0,0.0,0.0,0.0,0.0,0.0,0.0,0.0,36.751526337933214,37.1745511967754,36.94338664535867,14.0,13.966405320282066,13.969819224711555,0.0,36.0,0.0,0.0,0.0,0.0,0.0,0.0,0.0,0.0,0.0,0.0,0.0
2026-07-10 17:30:19,0.0,0.0,0.0,0.0,0.0,0.0,0.0,0.0,37.020738375847046,36.97828412234111,36.83530337888971,14.0,13.973146894124692,13.994246974370188,0.0,36.0,0.0,0.0,0.0,0.0,0.0,0.0,0.0,0.0,0.0,0.0,0.0
2026-07-10 17:30:20,0.0,0.0,0.0,0.0,0.0,0.0,0.0,0.0,37.073206359752476,37.272984054015005,37.29353036067324,14.0,13.960848843695505,14.01374918659338,0.0,36.0,0.0,0.0,0.0,0.0,0.0,0.0,0.0,0.0,0.0,0.0,0.0
2026-07-10 17:30:20,0.0,0.0,0.0,0.0,0.0,0.0,0.0,0.0,36.82216148922678,37.092902143904965,37.02546387874586,14.0,14.023724036989718,14.026053149295707,0.0,36.0,0.0,0.0,0.0,0.0,0.0,0.0,0.0,0.0,0.0,0.0,0.0
2026-07-10 17:30:21,0.0,0.0,0.0,0.0,0.0,0.0,0.0,0.0,36.70600134064287,37.31433144254522,36.96739925813862,14.0,14.023282832793331,14.003474983661999,0.0,36.0,0.0,0.0,0.0,0.0,0.0,0.0,0.0,0.0,0.0,0.0,0.0
2026-07-10 17:30:21,0.0,0.0,0.0,0.0,0.0,0.0,0.0,0.0,36.95944508928177,36.815244299723815,37.18869155917688,14.0,14.020039333239342,13.992904420360171,0.0,36.0,0.0,0.0,0.0,0.0,0.0,0.0,0.0,0.0,0.0,0.0,0.0
2026-07-10 17:30:22,0.0,0.0,0.0,0.0,0.0,0.0,0.0,0.0,36.886436831193066,36.99548132409309,36.79995021312284,14.0,13.988743293648668,13.990163170605484,0.0,36.0,0.0,0.0,0.0,0.0,0.0,0.0,0.0,0.0,0.0,0.0,0.0
2026-07-10 17:30:22,0.0,0.0,0.0,0.0,0.0,0.0,0.0,0.0,36.587310944991835,36.82683211552686,36.898523252466134,14.0,13.969174717637475,13.984907374052009,0.0,36.0,0.0,0.0,0.0,0.0,0.0,0.0,0.0,0.0,0.0,0.0,0.0
2026-07-10 17:30:23,0.0,0.0,0.0,0.0,0.0,0.0,0.0,0.0,36.58223802019516,36.901140412036156,36.98048270881424,14.0,13.988515476333522,14.02373540890726,0.0,36.0,0.0,0.0,0.0,0.0,0.0,0.0,0.0,0.0,0.0,0.0,0.0
2026-07-10 17:30:23,0.0,0.0,0.0,0.0,0.0,0.0,0.0,0.0,36.8259330897383,37.10411532127727,36.940019234715244,14.0,13.996688771299336,14.040974954421499,0.0,36.0,0.0,0.0,0.0,0.0,0.0,0.0,0.0,0.0,0.0,0.0,0.0
2026-07-10 17:30:24,0.0,0.0,0.0,0.0,0.0,0.0,0.0,0.0,36.59116309130119,37.06009650004436,37.231271903393704,14.0,14.048398294023148,14.038277430337411,0.0,36.0,0.0,0.0,0.0,0.0,0.0,0.0,0.0,0.0,0.0,0.0,0.0
2026-07-10 17:30:24,0.0,0.0,0.0,0.0,0.0,0.0,0.0,0.0,36.81326379551197,37.35358494035271,36.87940697310054,14.0,13.982303312043193,13.9850055702661,0.0,36.0,0.0,0.0,0.0,0.0,0.0,0.0,0.0,0.0,0.0,0.0,0.0
2026-07-10 17:30:25,0.0,0.0,0.0,0.0,0.0,0.0,0.0,0.0,36.78577628699451,37.05761033865064,36.89522519620981,14.0,13.955647329117442,13.981175216419715,0.0,36.0,0.0,0.0,0.0,0.0,0.0,0.0,0.0,0.0,0.0,0.0,0.0
2026-07-10 17:30:25,0.0,0.0,0.0,0.0,0.0,0.0,0.0,0.0,36.84454922901353,37.08180192670907,36.97026769892975,14.0,13.999842869032364,13.998462977082323,0.0,36.0,0.0,0.0,0.0,0.0,0.0,0.0,0.0,0.0,0.0,0.0,0.0
2026-07-10 17:30:26,0.0,0.0,0.0,0.0,0.0,0.0,0.0,0.0,37.01350840566207,37.34102997501092,36.70361132355785,14.0,14.016102111260683,14.016338397865118,0.0,36.0,0.0,0.0,0.0,0.0,0.0,0.0,0.0,0.0,0.0,0.0,0.0
2026-07-10 17:30:26,0.0,0.0,0.0,0.0,0.0,0.0,0.0,0.0,36.77855453606487,37.173563728609096,36.85514284398384,14.0,14.048255514747995,14.031420855061368,0.0,36.0,0.0,0.0,0.0,0.0,0.0,0.0,0.0,0.0,0.0,0.0,0.0
2026-07-10 17:30:27,0.0,0.0,0.0,0.0,0.0,0.0,0.0,0.0,36.929387991527484,37.35600944904191,37.2942359138921,14.0,14.028696264448813,14.007928795592612,0.0,36.0,0.0,0.0,0.0,0.0,0.0,0.0,0.0,0.0,0.0,0.0,0.0
2026-07-10 17:30:27,0.0,0.0,0.0,0.0,0.0,0.0,0.0,0.0,36.96967051839478,36.888631377825504,37.27906433780805,14.0,13.987123782254947,13.95089538807432,0.0,36.0,0.0,0.0,0.0,0.0,0.0,0.0,0.0,0.0,0.0,0.0,0.0
2026-07-10 17:30:28,0.0,0.0,0.0,0.0,0.0,0.0,0.0,0.0,36.57993833113566,37.28284567138806,37.0625191113155,14.0,13.989842376743944,13.965291196717867,0.0,36.0,0.0,0.0,0.0,0.0,0.0,0.0,0.0,0.0,0.0,0.0,0.0
2026-07-10 17:30:28,0.0,0.0,0.0,0.0,0.0,0.0,0.0,0.0,36.70825201562055,37.11961674341745,37.12306530116135,14.0,14.034062618521142,14.000209244210321,0.0,36.0,0.0,0.0,0.0,0.0,0.0,0.0,0.0,0.0,0.0,0.0,0.0
2026-07-10 17:30:29,0.0,0.0,0.0,0.0,0.0,0.0,0.0,0.0,36.91030344717107,37.11410462423051,36.88448632212714,14.0,14.017799726111942,14.037982247932542,0.0,36.0,0.0,0.0,0.0,0.0,0.0,0.0,0.0,0.0,0.0,0.0,0.0
2026-07-10 17:30:29,0.0,0.0,0.0,0.0,0.0,0.0,0.0,0.0,36.58236026010547,36.999986084141135,36.77554136307132,14.0,13.965165932123647,13.963290624658093,0.0,36.0,0.0,0.0,0.0,0.0,0.0,0.0,0.0,0.0,0.0,0.0,0.0
2026-07-10 17:30:30,0.0,0.0,0.0,0.0,0.0,0.0,0.0,0.0,36.70824648251953,36.92554141014892,36.84734626543531,14.0,13.986093584047506,14.027240170906854,0.0,36.0,0.0,0.0,0.0,0.0,0.0,0.0,0.0,0.0,0.0,0.0,0.0
2026-07-10 17:30:30,0.0,0.0,0.0,0.0,0.0,0.0,0.0,0.0,36.57798308457173,36.93175077835034,36.95646965107672,14.0,14.005016888149791,13.972876298632363,0.0,36.0,0.0,0.0,0.0,0.0,0.0,0.0,0.0,0.0,0.0,0.0,0.0
2026-07-10 17:30:31,0.0,0.0,0.0,0.0,0.0,0.0,0.0,0.0,36.96205700048523,36.98128615539168,37.069912471134046,14.0,13.963241393530302,14.027673241006072,0.0,36.0,0.0,0.0,0.0,0.0,0.0,0.0,0.0,0.0,0.0,0.0,0.0
2026-07-10 17:30:31,0.0,0.0,0.0,0.0,0.0,0.0,0.0,0.0,36.57481989263037,37.058073926179226,37.23134403412992,14.0,13.998717488089166,14.011418067350592,0.0,36.0,0.0,0.0,0.0,0.0,0.0,0.0,0.0,0.0,0.0,0.0,0.0
2026-07-10 17:30:32,0.0,0.0,0.0,0.0,0.0,0.0,0.0,0.0,36.567947587205325,36.923484556053126,37.016478952255156,14.0,14.006504336186005,13.957059798015221,0.0,36.0,0.0,0.0,0.0,0.0,0.0,0.0,0.0,0.0,0.0,0.0,0.0
2026-07-10 17:30:32,0.0,0.0,0.0,0.0,0.0,0.0,0.0,0.0,36.86114057054948,37.16577042547329,37.20071488574786,14.0,13.970524809155657,14.038077814255368,0.0,36.0,0.0,0.0,0.0,0.0,0.0,0.0,0.0,0.0,0.0,0.0,0.0
2026-07-10 17:30:33,0.0,0.0,0.0,0.0,0.0,0.0,0.0,0.0,36.94322852364624,37.14230833347258,36.74435829745147,14.0,13.967469374129113,14.011110488619721,0.0,36.0,0.0,0.0,0.0,0.0,0.0,0.0,0.0,0.0,0.0,0.0,0.0
2026-07-10 17:30:33,0.0,0.0,0.0,0.0,0.0,0.0,0.0,0.0,36.80739837068488,37.10069125969273,37.27763297754337,14.0,13.97219846377626,14.028508014125538,0.0,36.0,0.0,0.0,0.0,0.0,0.0,0.0,0.0,0.0,0.0,0.0,0.0
2026-07-10 17:30:34,0.0,0.0,0.0,0.0,0.0,0.0,0.0,0.0,37.00052479445796,37.239835471090245,36.993533441103835,14.0,13.971574880284649,13.95257849202738,0.0,36.0,0.0,0.0,0.0,0.0,0.0,0.0,0.0,0.0,0.0,0.0,0.0
2026-07-10 17:30:34,0.0,0.0,0.0,0.0,0.0,0.0,0.0,0.0,36.538995891757736,37.25976940066608,37.273973134293435,14.0,14.03193439600356,14.025415189959293,0.0,36.0,0.0,0.0,0.0,0.0,0.0,0.0,0.0,0.0,0.0,0.0,0.0
2026-07-10 17:30:35,0.0,0.0,0.0,0.0,0.0,0.0,0.0,0.0,36.83503418998039,37.30756702737931,36.98977274954992,14.0,14.00884451052224,14.012743080018996,0.0,36.0,0.0,0.0,0.0,0.0,0.0,0.0,0.0,0.0,0.0,0.0,0.0
2026-07-10 17:30:35,0.0,0.0,0.0,0.0,0.0,0.0,0.0,0.0,36.728091632433525,37.36375835263151,37.247731159046744,14.0,13.974902932330476,14.042396669963331,0.0,36.0,0.0,0.0,0.0,0.0,0.0,0.0,0.0,0.0,0.0,0.0,0.0
2026-07-10 17:30:36,0.0,0.0,0.0,0.0,0.0,0.0,0.0,0.0,36.83298678106352,36.90974788272365,36.95463162610639,14.0,13.977755282830659,14.021715205317124,0.0,36.0,0.0,0.0,0.0,0.0,0.0,0.0,0.0,0.0,0.0,0.0,0.0
2026-07-10 17:30:36,0.0,0.0,0.0,0.0,0.0,0.0,0.0,0.0,36.5508555091764,37.27187916609344,37.01617749556826,14.0,13.979153327037489,13.990157299930889,0.0,36.0,0.0,0.0,0.0,0.0,0.0,0.0,0.0,0.0,0.0,0.0,0.0
2026-07-10 17:30:37,0.0,0.0,0.0,0.0,0.0,0.0,0.0,0.0,36.75372373079277,37.088988592179305,36.75632500117171,14.0,13.974637624687512,13.979866203697707,0.0,36.0,0.0,0.0,0.0,0.0,0.0,0.0,0.0,0.0,0.0,0.0,0.0
2026-07-10 17:30:37,0.0,0.0,0.0,0.0,0.0,0.0,0.0,0.0,36.91712613692219,37.20118535214565,36.70534166216635,14.0,14.022453465739105,13.997413267959718,0.0,36.0,0.0,0.0,0.0,0.0,0.0,0.0,0.0,0.0,0.0,0.0,0.0
2026-07-10 17:30:38,0.0,0.0,0.0,0.0,0.0,0.0,0.0,0.0,36.98914345748154,37.21805883945172,36.85973082309946,14.0,13.978383319848312,13.995851963711251,0.0,36.0,0.0,0.0,0.0,0.0,0.0,0.0,0.0,0.0,0.0,0.0,0.0
2026-07-10 17:30:38,0.0,0.0,0.0,0.0,0.0,0.0,0.0,0.0,36.68729607601012,37.07354786783668,37.200373540934585,14.0,13.974336344843513,13.990010647869562,0.0,36.0,0.0,0.0,0.0,0.0,0.0,0.0,0.0,0.0,0.0,0.0,0.0
2026-07-10 17:30:39,0.0,0.0,0.0,0.0,0.0,0.0,0.0,0.0,36.5742224760089,36.86850839390732,37.16650296638508,14.0,13.988261498663444,14.01500087028104,0.0,36.0,0.0,0.0,0.0,0.0,0.0,0.0,0.0,0.0,0.0,0.0,0.0
2026-07-10 17:30:39,0.0,0.0,0.0,0.0,0.0,0.0,0.0,0.0,36.96415406145079,36.96066703333959,36.713236625214094,14.0,13.982785072029412,14.004326325560646,0.0,36.0,0.0,0.0,0.0,0.0,0.0,0.0,0.0,0.0,0.0,0.0,0.0
2026-07-10 17:30:40,0.0,0.0,0.0,0.0,0.0,0.0,0.0,0.0,36.72749748062221,37.390127360590945,37.119086680930195,14.0,14.048000196490614,14.020503194932594,0.0,36.0,0.0,0.0,0.0,0.0,0.0,0.0,0.0,0.0,0.0,0.0,0.0
2026-07-10 17:30:40,0.0,0.0,0.0,0.0,0.0,0.0,0.0,0.0,36.70568411842631,36.94472190110565,37.06698509776451,14.0,14.002932672628205,14.02308814281195,0.0,36.0,0.0,0.0,0.0,0.0,0.0,0.0,0.0,0.0,0.0,0.0,0.0
2026-07-10 17:30:41,0.0,0.0,0.0,0.0,0.0,0.0,0.0,0.0,36.933903289510795,37.19403060076503,36.89437507934016,14.0,13.995650657972918,13.95603972835426,0.0,36.0,0.0,0.0,0.0,0.0,0.0,0.0,0.0,0.0,0.0,0.0,0.0
2026-07-10 17:30:41,0.0,0.0,0.0,0.0,0.0,0.0,0.0,0.0,36.942690906882106,36.86652682244313,36.74522569073268,14.0,14.04096110174717,13.954363570643952,0.0,36.0,0.0,0.0,0.0,0.0,0.0,0.0,0.0,0.0,0.0,0.0,0.0
2026-07-10 17:30:42,0.0,0.0,0.0,0.0,0.0,0.0,0.0,0.0,36.55265354238547,37.15177809576228,37.27810142348612,14.0,13.996722528522206,13.985465583528624,0.0,36.0,0.0,0.0,0.0,0.0,0.0,0.0,0.0,0.0,0.0,0.0,0.0
2026-07-10 17:30:42,0.0,0.0,0.0,0.0,0.0,0.0,0.0,0.0,36.818735852237644,37.18207362387122,36.938421223643395,14.0,14.040697026286544,14.01883281131265,0.0,36.0,0.0,0.0,0.0,0.0,0.0,0.0,0.0,0.0,0.0,0.0,0.0
2026-07-10 17:30:43,0.0,0.0,0.0,0.0,0.0,0.0,0.0,0.0,36.774668049162635,36.92334497568808,36.87863312992931,14.0,13.989147738621456,13.983814723232731,0.0,36.0,0.0,0.0,0.0,0.0,0.0,0.0,0.0,0.0,0.0,0.0,0.0
2026-07-10 17:30:43,0.0,0.0,0.0,0.0,0.0,0.0,0.0,0.0,36.99147921549381,37.20913616677269,37.08639965461453,14.0,13.959599424895377,14.044183347337388,0.0,36.0,0.0,0.0,0.0,0.0,0.0,0.0,0.0,0.0,0.0,0.0,0.0
2026-07-10 17:30:44,0.0,0.0,0.0,0.0,0.0,0.0,0.0,0.0,37.08467561960861,37.32082263783393,36.965283890002205,14.0,13.972320835349667,14.02303492984729,0.0,36.0,0.0,0.0,0.0,0.0,0.0,0.0,0.0,0.0,0.0,0.0,0.0
2026-07-10 17:30:44,0.0,0.0,0.0,0.0,0.0,0.0,0.0,0.0,36.53962506737395,37.28161045931417,36.98949845905878,14.0,13.959469874734737,13.994125177655603,0.0,36.0,0.0,0.0,0.0,0.0,0.0,0.0,0.0,0.0,0.0,0.0,0.0
2026-07-10 17:30:45,0.0,0.0,0.0,0.0,0.0,0.0,0.0,0.0,36.79126382258793,37.24462505879528,37.00745686993777,14.0,13.955960187957432,13.952859795836886,0.0,36.0,0.0,0.0,0.0,0.0,0.0,0.0,0.0,0.0,0.0,0.0,0.0
2026-07-10 17:30:45,0.0,0.0,0.0,0.0,0.0,0.0,0.0,0.0,36.66201637885482,37.17306866532151,37.110037481556446,14.0,14.048134410436507,13.966026123917224,0.0,36.0,0.0,0.0,0.0,0.0,0.0,0.0,0.0,0.0,0.0,0.0,0.0
2026-07-10 17:30:46,0.0,0.0,0.0,0.0,0.0,0.0,0.0,0.0,36.5382964670327,36.898406131069926,37.125566474277484,14.0,14.021603796530114,14.048210631071752,0.0,36.0,0.0,0.0,0.0,0.0,0.0,0.0,0.0,0.0,0.0,0.0,0.0
2026-07-10 17:30:46,0.0,0.0,0.0,0.0,0.0,0.0,0.0,0.0,36.81978665947046,37.251949388633015,36.92244507818927,14.0,14.04022957805996,13.958249487536992,0.0,36.0,0.0,0.0,0.0,0.0,0.0,0.0,0.0,0.0,0.0,0.0,0.0
2026-07-10 17:30:47,0.0,0.0,0.0,0.0,0.0,0.0,0.0,0.0,37.0939042018055,37.29253880920696,37.08112525503445,14.0,13.974647989732528,14.030614388375843,0.0,36.0,0.0,0.0,0.0,0.0,0.0,0.0,0.0,0.0,0.0,0.0,0.0
2026-07-10 17:30:47,0.0,0.0,0.0,0.0,0.0,0.0,0.0,0.0,36.558414502894244,37.13725334776356,36.94627892788574,14.0,14.034042700293371,14.023013691512862,0.0,36.0,0.0,0.0,0.0,0.0,0.0,0.0,0.0,0.0,0.0,0.0,0.0
2026-07-10 17:30:48,0.0,0.0,0.0,0.0,0.0,0.0,0.0,0.0,36.5353391707853,37.11985807570837,36.75815879405829,14.0,14.040102639380876,14.038249422636259,0.0,36.0,0.0,0.0,0.0,0.0,0.0,0.0,0.0,0.0,0.0,0.0,0.0
2026-07-10 17:30:48,0.0,0.0,0.0,0.0,0.0,0.0,0.0,0.0,36.669637065067974,37.315004200744184,37.147421124415715,14.0,13.95369088650349,14.02804314170537,0.0,36.0,0.0,0.0,0.0,0.0,0.0,0.0,0.0,0.0,0.0,0.0,0.0
2026-07-10 17:30:49,0.0,0.0,0.0,0.0,0.0,0.0,0.0,0.0,37.0019398559893,37.353047103770606,36.70664974269152,14.0,14.038448526711095,13.993264196634636,0.0,36.0,0.0,0.0,0.0,0.0,0.0,0.0,0.0,0.0,0.0,0.0,0.0
2026-07-10 17:30:49,0.0,0.0,0.0,0.0,0.0,0.0,0.0,0.0,36.62175045323921,37.145951133374716,36.939698635313746,14.0,13.964290429830667,14.011969757835551,0.0,36.0,0.0,0.0,0.0,0.0,0.0,0.0,0.0,0.0,0.0,0.0,0.0
2026-07-10 17:30:50,0.0,0.0,0.0,0.0,0.0,0.0,0.0,0.0,36.866810928715175,36.99450055476154,37.07135813057124,14.0,13.99859097742968,13.976434805231502,0.0,36.0,0.0,0.0,0.0,0.0,0.0,0.0,0.0,0.0,0.0,0.0,0.0
2026-07-10 17:30:50,0.0,0.0,0.0,0.0,0.0,0.0,0.0,0.0,36.68535268932708,36.91369827401809,36.72861536231976,14.0,13.983957579662656,13.975609559176272,0.0,36.0,0.0,0.0,0.0,0.0,0.0,0.0,0.0,0.0,0.0,0.0,0.0
2026-07-10 17:30:51,0.0,0.0,0.0,0.0,0.0,0.0,0.0,0.0,36.69970567218699,36.99486572659824,36.963980973430395,14.0,13.990064212770983,13.978621986757373,0.0,36.0,0.0,0.0,0.0,0.0,0.0,0.0,0.0,0.0,0.0,0.0,0.0
2026-07-10 17:30:51,0.0,0.0,0.0,0.0,0.0,0.0,0.0,0.0,36.804840228940954,37.17200565700474,37.07673716013511,14.0,14.011534055457696,13.991066646738654,0.0,36.0,0.0,0.0,0.0,0.0,0.0,0.0,0.0,0.0,0.0,0.0,0.0
2026-07-10 17:30:52,0.0,0.0,0.0,0.0,0.0,0.0,0.0,0.0,36.771643719580624,36.89545499169066,36.9996839758433,14.0,13.981986756835138,13.95124228326446,0.0,36.0,0.0,0.0,0.0,0.0,0.0,0.0,0.0,0.0,0.0,0.0,0.0
2026-07-10 17:30:52,0.0,0.0,0.0,0.0,0.0,0.0,0.0,0.0,36.963107169025314,37.276723589447265,36.89004147256105,14.0,14.021740381262672,14.01560746209824,0.0,36.0,0.0,0.0,0.0,0.0,0.0,0.0,0.0,0.0,0.0,0.0,0.0
2026-07-10 17:30:53,0.0,0.0,0.0,0.0,0.0,0.0,0.0,0.0,36.86990440467133,37.356035973815914,37.018168936254185,14.0,14.008185887662446,14.048538987859265,0.0,36.0,0.0,0.0,0.0,0.0,0.0,0.0,0.0,0.0,0.0,0.0,0.0
2026-07-10 17:30:53,0.0,0.0,0.0,0.0,0.0,0.0,0.0,0.0,37.00147266604614,37.17782092142991,37.048176182313384,14.0,14.004969978832092,13.965859565882866,0.0,36.0,0.0,0.0,0.0,0.0,0.0,0.0,0.0,0.0,0.0,0.0,0.0
2026-07-10 17:30:54,0.0,0.0,0.0,0.0,0.0,0.0,0.0,0.0,37.03543588309669,36.98210561060839,37.268324462503536,14.0,13.999917900166741,14.001972621625576,0.0,36.0,0.0,0.0,0.0,0.0,0.0,0.0,0.0,0.0,0.0,0.0,0.0
2026-07-10 17:30:54,0.0,0.0,0.0,0.0,0.0,0.0,0.0,0.0,36.72646614551685,36.91416150056214,36.847275644672386,14.0,13.972559868055939,13.96930954991764,0.0,36.0,0.0,0.0,0.0,0.0,0.0,0.0,0.0,0.0,0.0,0.0,0.0
2026-07-10 17:30:55,0.0,0.0,0.0,0.0,0.0,0.0,0.0,0.0,36.91218836813729,37.39351135842818,37.059120238801675,14.0,14.045344777388769,14.032353507907057,0.0,36.0,0.0,0.0,0.0,0.0,0.0,0.0,0.0,0.0,0.0,0.0,0.0
2026-07-10 17:30:55,0.0,0.0,0.0,0.0,0.0,0.0,0.0,0.0,36.8238206004828,37.33835335953436,36.82970935276496,14.0,13.950597895051832,13.96231552896743,0.0,36.0,0.0,0.0,0.0,0.0,0.0,0.0,0.0,0.0,0.0,0.0,0.0
2026-07-10 17:30:56,0.0,0.0,0.0,0.0,0.0,0.0,0.0,0.0,36.87991739290818,36.98677470175473,37.12093116653676,14.0,13.979060676144508,14.009373255439796,0.0,36.0,0.0,0.0,0.0,0.0,0.0,0.0,0.0,0.0,0.0,0.0,0.0
2026-07-10 17:30:56,0.0,0.0,0.0,0.0,0.0,0.0,0.0,0.0,36.93966863220608,36.85063878478609,37.1215399379463,14.0,13.996390119644182,13.951854507749278,0.0,36.0,0.0,0.0,0.0,0.0,0.0,0.0,0.0,0.0,0.0,0.0,0.0
2026-07-10 17:30:57,0.0,0.0,0.0,0.0,0.0,0.0,0.0,0.0,37.09687843360229,37.30885482045343,37.1078353196772,14.0,14.002568986849997,13.97018543260208,0.0,36.0,0.0,0.0,0.0,0.0,0.0,0.0,0.0,0.0,0.0,0.0,0.0
2026-07-10 17:30:57,0.0,0.0,0.0,0.0,0.0,0.0,0.0,0.0,36.716834261086994,37.15126149880641,36.935531461636536,14.0,13.995246542608019,13.979802729704238,0.0,36.0,0.0,0.0,0.0,0.0,0.0,0.0,0.0,0.0,0.0,0.0,0.0
2026-07-10 17:30:58,0.0,0.0,0.0,0.0,0.0,0.0,0.0,0.0,36.678265056985715,36.906693044333366,37.12619656463451,14.0,14.001114136411013,13.97359199068523,0.0,36.0,0.0,0.0,0.0,0.0,0.0,0.0,0.0,0.0,0.0,0.0,0.0
2026-07-10 17:30:58,0.0,0.0,0.0,0.0,0.0,0.0,0.0,0.0,36.99531400972715,37.18146471113691,36.767295347889764,14.0,14.044500548446113,13.997834955219533,0.0,36.0,0.0,0.0,0.0,0.0,0.0,0.0,0.0,0.0,0.0,0.0,0.0
2026-07-10 17:30:59,0.0,0.0,0.0,0.0,0.0,0.0,0.0,0.0,36.572444440052614,37.309189147764194,36.84262583384277,14.0,13.997378563103254,13.973942326881359,0.0,36.0,0.0,0.0,0.0,0.0,0.0,0.0,0.0,0.0,0.0,0.0,0.0
2026-07-10 17:30:59,0.0,0.0,0.0,0.0,0.0,0.0,0.0,0.0,36.545758798794274,37.29258841082137,37.0269346865248,14.0,14.03412652223105,14.033507745432031,0.0,36.0,0.0,0.0,0.0,0.0,0.0,0.0,0.0,0.0,0.0,0.0,0.0
2026-07-10 17:31:00,0.0,0.0,0.0,0.0,0.0,0.0,0.0,0.0,36.98872860346692,36.882172779599344,37.06478681693357,14.0,13.991506884964997,13.966656430340416,0.0,36.0,0.0,0.0,0.0,0.0,0.0,0.0,0.0,0.0,0.0,0.0,0.0
2026-07-10 17:31:00,0.0,0.0,0.0,0.0,0.0,0.0,0.0,0.0,36.82903433470828,37.15999725218552,36.824746112404235,14.0,14.03258937307649,13.99169426057187,0.0,36.0,0.0,0.0,0.0,0.0,0.0,0.0,0.0,0.0,0.0,0.0,0.0
2026-07-10 17:31:01,0.0,0.0,0.0,0.0,0.0,0.0,0.0,0.0,36.83886525157345,37.37126371528595,37.199792019932794,14.0,13.956677822594356,14.015221109152753,0.0,36.0,0.0,0.0,0.0,0.0,0.0,0.0,0.0,0.0,0.0,0.0,0.0
2026-07-10 17:31:01,0.0,0.0,0.0,0.0,0.0,0.0,0.0,0.0,36.661227860793545,37.085384191088785,37.260074357824465,14.0,14.019961042640958,14.020868411025209,0.0,36.0,0.0,0.0,0.0,0.0,0.0,0.0,0.0,0.0,0.0,0.0,0.0
2026-07-10 17:31:02,0.0,0.0,0.0,0.0,0.0,0.0,0.0,0.0,36.943146024458215,37.215169239813484,36.89081834735282,14.0,14.001269617952449,13.966053072444605,0.0,36.0,0.0,0.0,0.0,0.0,0.0,0.0,0.0,0.0,0.0,0.0,0.0
2026-07-10 17:31:02,0.0,0.0,0.0,0.0,0.0,0.0,0.0,0.0,36.618568049269335,37.389008606913556,37.13965127850137,14.0,13.992361836301768,14.019986286674369,0.0,36.0,0.0,0.0,0.0,0.0,0.0,0.0,0.0,0.0,0.0,0.0,0.0
2026-07-10 17:31:03,0.0,0.0,0.0,0.0,0.0,0.0,0.0,0.0,36.60465267341865,36.929136804324116,36.70865453338922,14.0,14.021055498190105,14.011011069283441,0.0,36.0,0.0,0.0,0.0,0.0,0.0,0.0,0.0,0.0,0.0,0.0,0.0
2026-07-10 17:31:03,0.0,0.0,0.0,0.0,0.0,0.0,0.0,0.0,36.505583941056564,37.36675505547362,37.13487644001025,14.0,13.994395114380291,13.989871638039972,0.0,36.0,0.0,0.0,0.0,0.0,0.0,0.0,0.0,0.0,0.0,0.0,0.0
2026-07-10 17:31:04,0.0,0.0,0.0,0.0,0.0,0.0,0.0,0.0,36.82905714820593,37.16612350180544,37.01028070572401,14.0,14.014652441234881,13.978473138289885,0.0,36.0,0.0,0.0,0.0,0.0,0.0,0.0,0.0,0.0,0.0,0.0,0.0
2026-07-10 17:31:04,0.0,0.0,0.0,0.0,0.0,0.0,0.0,0.0,36.67040278809517,37.25521292604977,37.26019217041237,14.0,14.026280323828725,13.972484502855215,0.0,36.0,0.0,0.0,0.0,0.0,0.0,0.0,0.0,0.0,0.0,0.0,0.0
2026-07-10 17:31:05,0.0,0.0,0.0,0.0,0.0,0.0,0.0,0.0,36.5617662158005,37.11116187253417,37.08952371931529,14.0,13.992747891994204,13.952094468931751,0.0,36.0,0.0,0.0,0.0,0.0,0.0,0.0,0.0,0.0,0.0,0.0,0.0
2026-07-10 17:31:05,0.0,0.0,0.0,0.0,0.0,0.0,0.0,0.0,36.871579310018966,37.09283303395666,36.86110285485341,14.0,13.970714706366381,13.997604557389351,0.0,36.0,0.0,0.0,0.0,0.0,0.0,0.0,0.0,0.0,0.0,0.0,0.0
2026-07-10 17:31:06,0.0,0.0,0.0,0.0,0.0,0.0,0.0,0.0,36.52744095063387,37.102456672729815,36.91424385474964,14.0,13.969541987023288,14.012117336015075,0.0,36.0,0.0,0.0,0.0,0.0,0.0,0.0,0.0,0.0,0.0,0.0,0.0
2026-07-10 17:31:06,0.0,0.0,0.0,0.0,0.0,0.0,0.0,0.0,36.57799374518646,37.00330839251712,36.89998803274988,14.0,13.983601057072898,14.004718320551099,0.0,36.0,0.0,0.0,0.0,0.0,0.0,0.0,0.0,0.0,0.0,0.0,0.0
2026-07-10 17:31:07,0.0,0.0,0.0,0.0,0.0,0.0,0.0,0.0,36.936243613195124,37.14456907817467,37.15091110843581,14.0,14.042633787723918,13.953490633026615,0.0,36.0,0.0,0.0,0.0,0.0,0.0,0.0,0.0,0.0,0.0,0.0,0.0
2026-07-10 17:31:07,0.0,0.0,0.0,0.0,0.0,0.0,0.0,0.0,36.61032780640023,37.27090456999222,37.02112647747243,14.0,14.030577266472283,14.003482489923801,0.0,36.0,0.0,0.0,0.0,0.0,0.0,0.0,0.0,0.0,0.0,0.0,0.0
2026-07-10 17:31:08,0.0,0.0,0.0,0.0,0.0,0.0,0.0,0.0,36.76063002875622,36.96812468663335,36.701208344614244,14.0,13.979588085611706,13.976563252009363,0.0,36.0,0.0,0.0,0.0,0.0,0.0,0.0,0.0,0.0,0.0,0.0,0.0
2026-07-10 17:31:08,0.0,0.0,0.0,0.0,0.0,0.0,0.0,0.0,36.95366522625704,37.37650200888232,36.73167447096042,14.0,13.98555897996475,14.033194307159599,0.0,36.0,0.0,0.0,0.0,0.0,0.0,0.0,0.0,0.0,0.0,0.0,0.0
2026-07-10 17:31:09,0.0,0.0,0.0,0.0,0.0,0.0,0.0,0.0,36.660651584353175,37.335806513212226,37.161031803620766,14.0,14.043805106950964,14.041906471464156,0.0,36.0,0.0,0.0,0.0,0.0,0.0,0.0,0.0,0.0,0.0,0.0,0.0
2026-07-10 17:31:09,0.0,0.0,0.0,0.0,0.0,0.0,0.0,0.0,36.648319830025365,36.88228239953357,36.87121787362628,14.0,14.002327052281572,14.027532232806104,0.0,36.0,0.0,0.0,0.0,0.0,0.0,0.0,0.0,0.0,0.0,0.0,0.0
2026-07-10 17:31:10,0.0,0.0,0.0,0.0,0.0,0.0,0.0,0.0,36.54411171305589,37.21636087229591,37.01759251735635,14.0,14.019936211282749,13.959002978288286,0.0,36.0,0.0,0.0,0.0,0.0,0.0,0.0,0.0,0.0,0.0,0.0,0.0
2026-07-10 17:31:10,0.0,0.0,0.0,0.0,0.0,0.0,0.0,0.0,36.57500282346403,37.141798669402384,37.02737387486339,14.0,14.013438871309331,14.024183482593957,0.0,36.0,0.0,0.0,0.0,0.0,0.0,0.0,0.0,0.0,0.0,0.0,0.0
2026-07-10 17:31:11,0.0,0.0,0.0,0.0,0.0,0.0,0.0,0.0,36.53957468236331,36.80826069020324,37.17183451891432,14.0,14.025171268908739,13.980088047757675,0.0,36.0,0.0,0.0,0.0,0.0,0.0,0.0,0.0,0.0,0.0,0.0,0.0
2026-07-10 17:31:11,0.0,0.0,0.0,0.0,0.0,0.0,0.0,0.0,37.082483097104934,37.178604187301396,37.26846909218848,14.0,13.982999624090558,14.026542138469786,0.0,36.0,0.0,0.0,0.0,0.0,0.0,0.0,0.0,0.0,0.0,0.0,0.0
2026-07-10 17:31:12,0.0,0.0,0.0,0.0,0.0,0.0,0.0,0.0,37.07578241823402,36.821556031718195,37.20522126971376,14.0,14.001458876062452,13.975231300264008,0.0,36.0,0.0,0.0,0.0,0.0,0.0,0.0,0.0,0.0,0.0,0.0,0.0
2026-07-10 17:31:12,0.0,0.0,0.0,0.0,0.0,0.0,0.0,0.0,36.60751511726187,37.19019923498103,37.15343009167071,14.0,14.02627889604328,13.982517601515848,0.0,36.0,0.0,0.0,0.0,0.0,0.0,0.0,0.0,0.0,0.0,0.0,0.0
2026-07-10 17:31:13,0.0,0.0,0.0,0.0,0.0,0.0,0.0,0.0,36.984008416561124,37.126256640373974,37.131471583842966,14.0,14.02193145767687,14.023064195695431,0.0,36.0,0.0,0.0,0.0,0.0,0.0,0.0,0.0,0.0,0.0,0.0,0.0
2026-07-10 17:31:13,0.0,0.0,0.0,0.0,0.0,0.0,0.0,0.0,36.543009211661634,37.29373673401826,36.756005601895104,14.0,14.029720352643876,14.034399287520884,0.0,36.0,0.0,0.0,0.0,0.0,0.0,0.0,0.0,0.0,0.0,0.0,0.0
2026-07-10 17:31:14,0.0,0.0,0.0,0.0,0.0,0.0,0.0,0.0,36.865988529768536,36.97194275570465,37.14990343891471,14.0,14.004861577325544,13.987663092703666,0.0,36.0,0.0,0.0,0.0,0.0,0.0,0.0,0.0,0.0,0.0,0.0,0.0
2026-07-10 17:31:14,0.0,0.0,0.0,0.0,0.0,0.0,0.0,0.0,37.011372859395074,36.99672526260805,36.90395098471994,14.0,13.983890612469464,13.971478303819467,0.0,36.0,0.0,0.0,0.0,0.0,0.0,0.0,0.0,0.0,0.0,0.0,0.0
2026-07-10 17:31:15,0.0,0.0,0.0,0.0,0.0,0.0,0.0,0.0,36.74448148362161,37.276087821373935,36.85510178686767,14.0,13.978654777942861,13.987757870010858,0.0,36.0,0.0,0.0,0.0,0.0,0.0,0.0,0.0,0.0,0.0,0.0,0.0
2026-07-10 17:31:15,0.0,0.0,0.0,0.0,0.0,0.0,0.0,0.0,37.0332464331568,37.25183101218889,36.9141175195795,14.0,14.026668282345788,13.973817735948842,0.0,36.0,0.0,0.0,0.0,0.0,0.0,0.0,0.0,0.0,0.0,0.0,0.0
2026-07-10 17:31:16,0.0,0.0,0.0,0.0,0.0,0.0,0.0,0.0,36.8573889537075,37.02472801064932,36.8782631435705,14.0,13.961091333857135,14.042344555622781,0.0,36.0,0.0,0.0,0.0,0.0,0.0,0.0,0.0,0.0,0.0,0.0,0.0
2026-07-10 17:31:16,0.0,0.0,0.0,0.0,0.0,0.0,0.0,0.0,37.03144943499691,36.90016137404521,37.01292665777242,14.0,13.992834424928278,14.046903963133646,0.0,36.0,0.0,0.0,0.0,0.0,0.0,0.0,0.0,0.0,0.0,0.0,0.0
2026-07-10 17:31:17,0.0,0.0,0.0,0.0,0.0,0.0,0.0,0.0,36.52849957853761,37.24851164521438,37.22061519398632,14.0,14.005943692700754,13.963509372180045,0.0,36.0,0.0,0.0,0.0,0.0,0.0,0.0,0.0,0.0,0.0,0.0,0.0
2026-07-10 17:31:17,0.0,0.0,0.0,0.0,0.0,0.0,0.0,0.0,36.534607077417746,37.331910571988665,36.76404383092297,14.0,14.049806095965138,13.98988725571193,0.0,36.0,0.0,0.0,0.0,0.0,0.0,0.0,0.0,0.0,0.0,0.0,0.0
2026-07-10 17:31:18,0.0,0.0,0.0,0.0,0.0,0.0,0.0,0.0,36.834187056595056,37.23190302581523,37.19646532566805,14.0,14.037876371756155,13.984452044012817,0.0,36.0,0.0,0.0,0.0,0.0,0.0,0.0,0.0,0.0,0.0,0.0,0.0
2026-07-10 17:31:18,0.0,0.0,0.0,0.0,0.0,0.0,0.0,0.0,37.0167203721101,36.900005694620916,36.7472103172887,14.0,13.959048831483615,13.988141562949181,0.0,36.0,0.0,0.0,0.0,0.0,0.0,0.0,0.0,0.0,0.0,0.0,0.0
2026-07-10 17:31:19,0.0,0.0,0.0,0.0,0.0,0.0,0.0,0.0,37.039932141661126,37.227467076441386,37.13634619605448,14.0,13.970753608118546,14.010232742934237,0.0,36.0,0.0,0.0,0.0,0.0,0.0,0.0,0.0,0.0,0.0,0.0,0.0
2026-07-10 17:31:19,0.0,0.0,0.0,0.0,0.0,0.0,0.0,0.0,36.66010744998259,37.09339368291989,37.11797004342366,14.0,13.952888201909191,14.043936389435347,0.0,36.0,0.0,0.0,0.0,0.0,0.0,0.0,0.0,0.0,0.0,0.0,0.0
2026-07-10 17:31:20,0.0,0.0,0.0,0.0,0.0,0.0,0.0,0.0,37.08162259670231,37.18796804282036,37.14865247532792,14.0,13.956536583529024,13.988647480927655,0.0,36.0,0.0,0.0,0.0,0.0,0.0,0.0,0.0,0.0,0.0,0.0,0.0
2026-07-10 17:31:20,0.0,0.0,0.0,0.0,0.0,0.0,0.0,0.0,37.0221330995903,37.0357111464682,37.2640394436688,14.0,14.003997524906927,13.992786453960028,0.0,36.0,0.0,0.0,0.0,0.0,0.0,0.0,0.0,0.0,0.0,0.0,0.0
2026-07-10 17:31:21,0.0,0.0,0.0,0.0,0.0,0.0,0.0,0.0,36.865638409037004,37.25056255235752,36.902965862356055,14.0,13.995726304719652,14.044837299178763,0.0,36.0,0.0,0.0,0.0,0.0,0.0,0.0,0.0,0.0,0.0,0.0,0.0
2026-07-10 17:31:21,0.0,0.0,0.0,0.0,0.0,0.0,0.0,0.0,36.87901639124809,37.05656353086732,36.96926941068301,14.0,14.004840921470302,13.971970800783483,0.0,36.0,0.0,0.0,0.0,0.0,0.0,0.0,0.0,0.0,0.0,0.0,0.0
2026-07-10 17:31:22,0.0,0.0,0.0,0.0,0.0,0.0,0.0,0.0,37.099258539767185,36.883551261103,36.86606468116652,14.0,14.013445986537771,13.969003364836746,0.0,36.0,0.0,0.0,0.0,0.0,0.0,0.0,0.0,0.0,0.0,0.0,0.0
2026-07-10 17:31:22,0.0,0.0,0.0,0.0,0.0,0.0,0.0,0.0,36.52747682247913,36.9705978672085,36.78399647662714,14.0,14.044727751951172,13.974211437718285,0.0,36.0,0.0,0.0,0.0,0.0,0.0,0.0,0.0,0.0,0.0,0.0,0.0
2026-07-10 17:31:23,0.0,0.0,0.0,0.0,0.0,0.0,0.0,0.0,36.77487624359839,36.9692397237805,36.7417111017086,14.0,14.043087985242424,14.026664641661647,0.0,36.0,0.0,0.0,0.0,0.0,0.0,0.0,0.0,0.0,0.0,0.0,0.0
2026-07-10 17:31:23,0.0,0.0,0.0,0.0,0.0,0.0,0.0,0.0,36.56303168196806,36.81223712339808,36.82774762082437,14.0,14.033116135804498,13.969897523878986,0.0,36.0,0.0,0.0,0.0,0.0,0.0,0.0,0.0,0.0,0.0,0.0,0.0
2026-07-10 17:31:24,0.0,0.0,0.0,0.0,0.0,0.0,0.0,0.0,36.975119027508555,37.23348483044239,36.80071064667461,14.0,13.972778204629755,14.022658719716336,0.0,36.0,0.0,0.0,0.0,0.0,0.0,0.0,0.0,0.0,0.0,0.0,0.0
2026-07-10 17:31:24,0.0,0.0,0.0,0.0,0.0,0.0,0.0,0.0,36.87647774092803,37.35040851973911,37.18088424497548,14.0,13.996422616778332,13.958943706751663,0.0,36.0,0.0,0.0,0.0,0.0,0.0,0.0,0.0,0.0,0.0,0.0,0.0
2026-07-10 17:31:25,0.0,0.0,0.0,0.0,0.0,0.0,0.0,0.0,36.874846327550664,37.005535054539536,36.91524765721275,14.0,13.995794268966192,14.001345064174014,0.0,36.0,0.0,0.0,0.0,0.0,0.0,0.0,0.0,0.0,0.0,0.0,0.0
2026-07-10 17:31:25,0.0,0.0,0.0,0.0,0.0,0.0,0.0,0.0,37.09505839667478,37.031029026749,36.73836576214238,14.0,13.96219750349219,13.958581529078181,0.0,36.0,0.0,0.0,0.0,0.0,0.0,0.0,0.0,0.0,0.0,0.0,0.0
2026-07-10 17:31:26,0.0,0.0,0.0,0.0,0.0,0.0,0.0,0.0,36.990541529569654,36.94833589532257,36.96867467743278,14.0,14.00175872042266,13.985568986155902,0.0,36.0,0.0,0.0,0.0,0.0,0.0,0.0,0.0,0.0,0.0,0.0,0.0
2026-07-10 17:31:26,0.0,0.0,0.0,0.0,0.0,0.0,0.0,0.0,36.958177720474914,36.88925174905733,37.233804564992724,14.0,13.984121543714167,13.962674135818869,0.0,36.0,0.0,0.0,0.0,0.0,0.0,0.0,0.0,0.0,0.0,0.0,0.0
2026-07-10 17:31:27,0.0,0.0,0.0,0.0,0.0,0.0,0.0,0.0,37.00309349907518,36.84441665437855,37.29482646543956,14.0,14.03884721224633,13.951339059573163,0.0,36.0,0.0,0.0,0.0,0.0,0.0,0.0,0.0,0.0,0.0,0.0,0.0
2026-07-10 17:31:27,0.0,0.0,0.0,0.0,0.0,0.0,0.0,0.0,37.0716078242848,36.88047257856226,37.16510749634212,14.0,14.047720277388583,13.991516865734356,0.0,36.0,0.0,0.0,0.0,0.0,0.0,0.0,0.0,0.0,0.0,0.0,0.0
2026-07-10 17:31:28,0.0,0.0,0.0,0.0,0.0,0.0,0.0,0.0,36.666266612512295,36.80691240054629,37.0917993428425,14.0,14.030367665319472,13.987442381681893,0.0,36.0,0.0,0.0,0.0,0.0,0.0,0.0,0.0,0.0,0.0,0.0,0.0
2026-07-10 17:31:28,0.0,0.0,0.0,0.0,0.0,0.0,0.0,0.0,36.89543391201602,36.996089220177204,36.907228763768146,14.0,14.036900584286789,14.00743266446329,0.0,36.0,0.0,0.0,0.0,0.0,0.0,0.0,0.0,0.0,0.0,0.0,0.0
2026-07-10 17:31:29,0.0,0.0,0.0,0.0,0.0,0.0,0.0,0.0,36.86808406184095,37.230624849404514,36.897235833020744,14.0,14.013290479164636,14.009956055343922,0.0,36.0,0.0,0.0,0.0,0.0,0.0,0.0,0.0,0.0,0.0,0.0,0.0
2026-07-10 17:31:29,0.0,0.0,0.0,0.0,0.0,0.0,0.0,0.0,36.640626752575194,37.219100379672945,37.272260217763204,14.0,13.992479503693122,13.98220108110958,0.0,36.0,0.0,0.0,0.0,0.0,0.0,0.0,0.0,0.0,0.0,0.0,0.0
2026-07-10 17:31:30,0.0,0.0,0.0,0.0,0.0,0.0,0.0,0.0,36.55769024346356,37.21192045706104,36.87659634485307,14.0,13.96866002503966,13.962750099347659,0.0,36.0,0.0,0.0,0.0,0.0,0.0,0.0,0.0,0.0,0.0,0.0,0.0
2026-07-10 17:31:30,0.0,0.0,0.0,0.0,0.0,0.0,0.0,0.0,36.53544549724575,37.30249384579232,37.24287506422505,14.0,14.00048455265719,14.010156793949546,0.0,36.0,0.0,0.0,0.0,0.0,0.0,0.0,0.0,0.0,0.0,0.0,0.0
2026-07-10 17:31:31,0.0,0.0,0.0,0.0,0.0,0.0,0.0,0.0,36.81896541179881,36.86926954560822,36.74568865739128,14.0,13.96856573782438,14.00530807672132,0.0,36.0,0.0,0.0,0.0,0.0,0.0,0.0,0.0,0.0,0.0,0.0,0.0
2026-07-10 17:31:31,0.0,0.0,0.0,0.0,0.0,0.0,0.0,0.0,36.92543029127308,36.814501461108776,36.87278005197708,14.0,14.003817759917485,14.031239615589815,0.0,36.0,0.0,0.0,0.0,0.0,0.0,0.0,0.0,0.0,0.0,0.0,0.0
2026-07-10 17:31:32,0.0,0.0,0.0,0.0,0.0,0.0,0.0,0.0,36.63822230215741,37.212579128181424,36.96000207899995,14.0,14.023923056121962,14.045133135533407,0.0,36.0,0.0,0.0,0.0,0.0,0.0,0.0,0.0,0.0,0.0,0.0,0.0
2026-07-10 17:31:32,0.0,0.0,0.0,0.0,0.0,0.0,0.0,0.0,36.9133605400541,36.95142479205847,36.9808665374272,14.0,14.034222238441775,13.98552262375129,0.0,36.0,0.0,0.0,0.0,0.0,0.0,0.0,0.0,0.0,0.0,0.0,0.0
2026-07-10 17:31:33,0.0,0.0,0.0,0.0,0.0,0.0,0.0,0.0,36.619466765108974,37.073645947057344,36.73092299640771,14.0,13.975360173731644,13.973432420062247,0.0,36.0,0.0,0.0,0.0,0.0,0.0,0.0,0.0,0.0,0.0,0.0,0.0
2026-07-10 17:31:33,0.0,0.0,0.0,0.0,0.0,0.0,0.0,0.0,36.55242350765944,37.319062949322976,37.20505649610729,14.0,14.00863513242778,14.005499566772496,0.0,36.0,0.0,0.0,0.0,0.0,0.0,0.0,0.0,0.0,0.0,0.0,0.0
2026-07-10 17:31:34,0.0,0.0,0.0,0.0,0.0,0.0,0.0,0.0,36.87941656754398,36.97918309791143,37.10526552299538,14.0,14.046242117404606,13.972878919604335,0.0,36.0,0.0,0.0,0.0,0.0,0.0,0.0,0.0,0.0,0.0,0.0,0.0
2026-07-10 17:31:34,0.0,0.0,0.0,0.0,0.0,0.0,0.0,0.0,37.09068947855207,37.054987355049334,37.14683758043838,14.0,13.983235868009881,14.044487829437259,0.0,36.0,0.0,0.0,0.0,0.0,0.0,0.0,0.0,0.0,0.0,0.0,0.0
2026-07-10 17:31:35,0.0,0.0,0.0,0.0,0.0,0.0,0.0,0.0,36.785376982859646,37.18637354938503,36.966192749834335,14.0,13.952149720843485,13.969408781457055,0.0,36.0,0.0,0.0,0.0,0.0,0.0,0.0,0.0,0.0,0.0,0.0,0.0
2026-07-10 17:31:35,0.0,0.0,0.0,0.0,0.0,0.0,0.0,0.0,36.64731768799636,37.28448780626847,36.98270749414743,14.0,14.048690473215691,13.986632285634796,0.0,36.0,0.0,0.0,0.0,0.0,0.0,0.0,0.0,0.0,0.0,0.0,0.0
2026-07-10 17:31:36,0.0,0.0,0.0,0.0,0.0,0.0,0.0,0.0,36.647116890006025,37.15742352829675,37.05874946451575,14.0,14.023413274887158,13.961118693041,0.0,36.0,0.0,0.0,0.0,0.0,0.0,0.0,0.0,0.0,0.0,0.0,0.0
2026-07-10 17:31:36,0.0,0.0,0.0,0.0,0.0,0.0,0.0,0.0,36.984991742801554,37.15707379664912,37.27310723317648,14.0,14.00975922210136,14.000400229406832,0.0,36.0,0.0,0.0,0.0,0.0,0.0,0.0,0.0,0.0,0.0,0.0,0.0
2026-07-10 17:31:37,0.0,0.0,0.0,0.0,0.0,0.0,0.0,0.0,36.58363632800897,36.84878892126237,36.729652398273025,14.0,13.960204361964973,14.010490214993004,0.0,36.0,0.0,0.0,0.0,0.0,0.0,0.0,0.0,0.0,0.0,0.0,0.0
2026-07-10 17:31:37,0.0,0.0,0.0,0.0,0.0,0.0,0.0,0.0,36.62680222174345,37.3955627756574,36.792393316659485,14.0,13.961209010783532,14.001142368262231,0.0,36.0,0.0,0.0,0.0,0.0,0.0,0.0,0.0,0.0,0.0,0.0,0.0
2026-07-10 17:31:38,0.0,0.0,0.0,0.0,0.0,0.0,0.0,0.0,36.72389724585845,37.1827324736101,37.09481277731056,14.0,14.008273270804983,13.962366688004499,0.0,36.0,0.0,0.0,0.0,0.0,0.0,0.0,0.0,0.0,0.0,0.0,0.0
2026-07-10 17:31:38,0.0,0.0,0.0,0.0,0.0,0.0,0.0,0.0,36.54902492903558,37.37347441260052,36.98526351646256,14.0,14.03914503017594,14.014071555715649,0.0,36.0,0.0,0.0,0.0,0.0,0.0,0.0,0.0,0.0,0.0,0.0,0.0
2026-07-10 17:31:39,0.0,0.0,0.0,0.0,0.0,0.0,0.0,0.0,36.56928845120381,37.146803615731066,37.16041550220104,14.0,14.037076325349027,13.967191260347015,0.0,36.0,0.0,0.0,0.0,0.0,0.0,0.0,0.0,0.0,0.0,0.0,0.0
2026-07-10 17:31:39,0.0,0.0,0.0,0.0,0.0,0.0,0.0,0.0,36.50958175611887,37.080794981971046,37.05942431426897,14.0,14.03766110327955,13.971173447418357,0.0,36.0,0.0,0.0,0.0,0.0,0.0,0.0,0.0,0.0,0.0,0.0,0.0
2026-07-10 17:31:40,0.0,0.0,0.0,0.0,0.0,0.0,0.0,0.0,36.518122535952294,36.91262828954482,36.89567187116156,14.0,13.954042352401478,14.005532091721099,0.0,36.0,0.0,0.0,0.0,0.0,0.0,0.0,0.0,0.0,0.0,0.0,0.0
2026-07-10 17:31:40,0.0,0.0,0.0,0.0,0.0,0.0,0.0,0.0,36.61633054613321,36.83908614380986,36.87268556772334,14.0,14.026192417738207,14.017646887219007,0.0,36.0,0.0,0.0,0.0,0.0,0.0,0.0,0.0,0.0,0.0,0.0,0.0
2026-07-10 17:31:41,0.0,0.0,0.0,0.0,0.0,0.0,0.0,0.0,36.7000687444356,36.9519301694139,36.73334945841238,14.0,13.990514396061005,13.990085864026376,0.0,36.0,0.0,0.0,0.0,0.0,0.0,0.0,0.0,0.0,0.0,0.0,0.0
2026-07-10 17:31:41,0.0,0.0,0.0,0.0,0.0,0.0,0.0,0.0,37.05279150563059,37.371354099953074,37.22110453131206,14.0,13.996255294552439,14.045679385017053,0.0,36.0,0.0,0.0,0.0,0.0,0.0,0.0,0.0,0.0,0.0,0.0,0.0
2026-07-10 17:31:42,0.0,0.0,0.0,0.0,0.0,0.0,0.0,0.0,36.898490169282184,37.121619007423256,37.22178055659594,14.0,14.033504193157977,14.049856168764409,0.0,36.0,0.0,0.0,0.0,0.0,0.0,0.0,0.0,0.0,0.0,0.0,0.0
2026-07-10 17:31:42,0.0,0.0,0.0,0.0,0.0,0.0,0.0,0.0,37.00826816246517,37.341988305381875,36.71009439666149,14.0,13.982190830582791,13.984645055303284,0.0,36.0,0.0,0.0,0.0,0.0,0.0,0.0,0.0,0.0,0.0,0.0,0.0
2026-07-10 17:31:43,0.0,0.0,0.0,0.0,0.0,0.0,0.0,0.0,36.54473490276387,37.004002543417194,37.182656660055635,14.0,13.957324845510913,14.02257068852593,0.0,36.0,0.0,0.0,0.0,0.0,0.0,0.0,0.0,0.0,0.0,0.0,0.0
2026-07-10 17:31:43,0.0,0.0,0.0,0.0,0.0,0.0,0.0,0.0,36.95618449514633,36.976024876108724,36.76686490215932,14.0,13.971862784261475,14.01581456932559,0.0,36.0,0.0,0.0,0.0,0.0,0.0,0.0,0.0,0.0,0.0,0.0,0.0
2026-07-10 17:31:44,0.0,0.0,0.0,0.0,0.0,0.0,0.0,0.0,37.015293623478755,37.36079070672489,36.97614664276218,14.0,14.033629550738748,14.037377290586655,0.0,36.0,0.0,0.0,0.0,0.0,0.0,0.0,0.0,0.0,0.0,0.0,0.0
2026-07-10 17:31:44,0.0,0.0,0.0,0.0,0.0,0.0,0.0,0.0,36.62556662183968,37.00030560643602,37.066062179870755,14.0,13.995916389993884,13.986636709042829,0.0,36.0,0.0,0.0,0.0,0.0,0.0,0.0,0.0,0.0,0.0,0.0,0.0
2026-07-10 17:31:45,0.0,0.0,0.0,0.0,0.0,0.0,0.0,0.0,36.675983969604026,37.082139045734166,36.88173593129786,14.0,14.019178872942149,14.014890088368935,0.0,36.0,0.0,0.0,0.0,0.0,0.0,0.0,0.0,0.0,0.0,0.0,0.0
2026-07-10 17:31:45,0.0,0.0,0.0,0.0,0.0,0.0,0.0,0.0,36.86308988701668,37.325519556128164,36.77521338135051,14.0,14.048671912836749,14.018594961984146,0.0,36.0,0.0,0.0,0.0,0.0,0.0,0.0,0.0,0.0,0.0,0.0,0.0
2026-07-10 17:31:46,0.0,0.0,0.0,0.0,0.0,0.0,0.0,0.0,36.97840739393025,37.36849877621374,36.83966766617653,14.0,14.019392508975082,14.048000744049833,0.0,36.0,0.0,0.0,0.0,0.0,0.0,0.0,0.0,0.0,0.0,0.0,0.0
2026-07-10 17:31:46,0.0,0.0,0.0,0.0,0.0,0.0,0.0,0.0,37.03726501416193,36.95118682831957,36.96341653272389,14.0,14.00242932867072,14.029512905566586,0.0,36.0,0.0,0.0,0.0,0.0,0.0,0.0,0.0,0.0,0.0,0.0,0.0
2026-07-10 17:31:47,0.0,0.0,0.0,0.0,0.0,0.0,0.0,0.0,37.09251070609888,36.8420642376781,36.81585834883158,14.0,14.047841654932622,14.010337558743178,0.0,36.0,0.0,0.0,0.0,0.0,0.0,0.0,0.0,0.0,0.0,0.0,0.0
2026-07-10 17:31:47,0.0,0.0,0.0,0.0,0.0,0.0,0.0,0.0,37.09733338668891,36.89598315057547,37.134472537162104,14.0,13.967153527858123,13.995812812364191,0.0,36.0,0.0,0.0,0.0,0.0,0.0,0.0,0.0,0.0,0.0,0.0,0.0
2026-07-10 17:31:48,0.0,0.0,0.0,0.0,0.0,0.0,0.0,0.0,36.688959063255226,36.96192764781901,36.735648512076104,14.0,13.98299584358311,14.04189747308014,0.0,36.0,0.0,0.0,0.0,0.0,0.0,0.0,0.0,0.0,0.0,0.0,0.0
2026-07-10 17:31:48,0.0,0.0,0.0,0.0,0.0,0.0,0.0,0.0,36.942722470907185,36.97864691075006,37.15081801989262,14.0,14.006981528473709,14.028104865137566,0.0,36.0,0.0,0.0,0.0,0.0,0.0,0.0,0.0,0.0,0.0,0.0,0.0
2026-07-10 17:31:49,0.0,0.0,0.0,0.0,0.0,0.0,0.0,0.0,36.52533481020093,37.247756728687044,37.05715688356356,14.0,14.0400515687924,14.03936341414835,0.0,36.0,0.0,0.0,0.0,0.0,0.0,0.0,0.0,0.0,0.0,0.0,0.0
2026-07-10 17:31:49,0.0,0.0,0.0,0.0,0.0,0.0,0.0,0.0,36.5115457675691,37.39413094813576,37.153961644573016,14.0,14.014480586302376,13.982231928052954,0.0,36.0,0.0,0.0,0.0,0.0,0.0,0.0,0.0,0.0,0.0,0.0,0.0
2026-07-10 17:31:50,0.0,0.0,0.0,0.0,0.0,0.0,0.0,0.0,36.83530038200416,36.87219004566873,37.21716547896638,14.0,14.008248993976471,14.043851331430638,0.0,36.0,0.0,0.0,0.0,0.0,0.0,0.0,0.0,0.0,0.0,0.0,0.0
2026-07-10 17:31:50,0.0,0.0,0.0,0.0,0.0,0.0,0.0,0.0,36.713483685664976,36.811159278502004,37.148102836427576,14.0,13.978143834670082,13.965132998003089,0.0,36.0,0.0,0.0,0.0,0.0,0.0,0.0,0.0,0.0,0.0,0.0,0.0
2026-07-10 17:31:51,0.0,0.0,0.0,0.0,0.0,0.0,0.0,0.0,37.03708158031121,36.88664778960329,37.01239282815619,14.0,13.967893723804407,13.967331223015208,0.0,36.0,0.0,0.0,0.0,0.0,0.0,0.0,0.0,0.0,0.0,0.0,0.0
2026-07-10 17:31:51,0.0,0.0,0.0,0.0,0.0,0.0,0.0,0.0,36.69733311798922,36.944811749636244,36.73541389266049,14.0,13.977001451916244,14.049313335125976,0.0,36.0,0.0,0.0,0.0,0.0,0.0,0.0,0.0,0.0,0.0,0.0,0.0
2026-07-10 17:31:52,0.0,0.0,0.0,0.0,0.0,0.0,0.0,0.0,37.002953712407475,37.00112648751583,36.83165833636485,14.0,14.044156604165426,14.015619158358001,0.0,36.0,0.0,0.0,0.0,0.0,0.0,0.0,0.0,0.0,0.0,0.0,0.0
2026-07-10 17:31:52,0.0,0.0,0.0,0.0,0.0,0.0,0.0,0.0,36.69427073240874,37.029358708967465,37.07889696094634,14.0,14.046229712970707,13.987853349905352,0.0,36.0,0.0,0.0,0.0,0.0,0.0,0.0,0.0,0.0,0.0,0.0,0.0
2026-07-10 17:31:53,0.0,0.0,0.0,0.0,0.0,0.0,0.0,0.0,36.72319815983209,36.8185479554403,36.735889901807305,14.0,14.003658057207094,14.02580212335176,0.0,36.0,0.0,0.0,0.0,0.0,0.0,0.0,0.0,0.0,0.0,0.0,0.0
2026-07-10 17:31:53,0.0,0.0,0.0,0.0,0.0,0.0,0.0,0.0,36.526598592948815,37.37289634757414,37.017640661937776,14.0,14.030831700048662,13.974530347829958,0.0,36.0,0.0,0.0,0.0,0.0,0.0,0.0,0.0,0.0,0.0,0.0,0.0
2026-07-10 17:31:54,0.0,0.0,0.0,0.0,0.0,0.0,0.0,0.0,36.51148178954751,36.87066490589568,36.7473465409619,14.0,13.962114563546129,14.04455597080085,0.0,36.0,0.0,0.0,0.0,0.0,0.0,0.0,0.0,0.0,0.0,0.0,0.0
2026-07-10 17:31:54,0.0,0.0,0.0,0.0,0.0,0.0,0.0,0.0,36.60556835482805,37.214286524843594,36.85632107444083,14.0,14.00828625986162,13.99114848657486,0.0,36.0,0.0,0.0,0.0,0.0,0.0,0.0,0.0,0.0,0.0,0.0,0.0
2026-07-10 17:31:55,0.0,0.0,0.0,0.0,0.0,0.0,0.0,0.0,36.70151212850451,37.21392809567486,37.035922025383734,14.0,14.02099368628979,14.01528786239253,0.0,36.0,0.0,0.0,0.0,0.0,0.0,0.0,0.0,0.0,0.0,0.0,0.0
2026-07-10 17:31:55,0.0,0.0,0.0,0.0,0.0,0.0,0.0,0.0,36.94709426393889,37.335404947908295,36.803506683617805,14.0,13.978152809449776,14.02537522082332,0.0,36.0,0.0,0.0,0.0,0.0,0.0,0.0,0.0,0.0,0.0,0.0,0.0
2026-07-10 17:31:56,0.0,0.0,0.0,0.0,0.0,0.0,0.0,0.0,36.52606776351031,37.161706772574085,36.801506405617964,14.0,13.99676510754268,14.00369892393601,0.0,36.0,0.0,0.0,0.0,0.0,0.0,0.0,0.0,0.0,0.0,0.0,0.0
2026-07-10 17:31:56,0.0,0.0,0.0,0.0,0.0,0.0,0.0,0.0,36.9062599643576,37.102396397674724,37.07745047405257,14.0,14.048797172797356,13.961097007462959,0.0,36.0,0.0,0.0,0.0,0.0,0.0,0.0,0.0,0.0,0.0,0.0,0.0
2026-07-10 17:31:57,0.0,0.0,0.0,0.0,0.0,0.0,0.0,0.0,37.03774673524759,37.241128745703264,36.769722334677525,14.0,14.039044632807066,13.968837092867169,0.0,36.0,0.0,0.0,0.0,0.0,0.0,0.0,0.0,0.0,0.0,0.0,0.0
2026-07-10 17:31:57,0.0,0.0,0.0,0.0,0.0,0.0,0.0,0.0,36.87674807090767,37.276672581021124,36.955096693584515,14.0,14.001180752263233,14.01367079905438,0.0,36.0,0.0,0.0,0.0,0.0,0.0,0.0,0.0,0.0,0.0,0.0,0.0
2026-07-10 17:31:58,0.0,0.0,0.0,0.0,0.0,0.0,0.0,0.0,36.916469895244234,37.02991485792403,37.11789152385869,14.0,13.955945710063121,14.002712177089931,0.0,36.0,0.0,0.0,0.0,0.0,0.0,0.0,0.0,0.0,0.0,0.0,0.0
2026-07-10 17:31:58,0.0,0.0,0.0,0.0,0.0,0.0,0.0,0.0,36.712531303493535,37.380100471481676,36.7242469978443,14.0,13.958609603334791,13.989657288387416,0.0,36.0,0.0,0.0,0.0,0.0,0.0,0.0,0.0,0.0,0.0,0.0,0.0
2026-07-10 17:31:59,0.0,0.0,0.0,0.0,0.0,0.0,0.0,0.0,36.858531429848725,36.80213396801617,36.98641939440878,14.0,14.02048383523394,13.960337673685439,0.0,36.0,0.0,0.0,0.0,0.0,0.0,0.0,0.0,0.0,0.0,0.0,0.0
2026-07-10 17:31:59,0.0,0.0,0.0,0.0,0.0,0.0,0.0,0.0,37.09782285872493,36.83042331260601,37.19905760395601,14.0,13.988465459080691,13.970659343789233,0.0,36.0,0.0,0.0,0.0,0.0,0.0,0.0,0.0,0.0,0.0,0.0,0.0
2026-07-10 17:32:00,0.0,0.0,0.0,0.0,0.0,0.0,0.0,0.0,37.090692464508486,37.05980283067566,37.04095797762092,14.0,13.976597205111164,13.978615592460462,0.0,36.0,0.0,0.0,0.0,0.0,0.0,0.0,0.0,0.0,0.0,0.0,0.0
2026-07-10 17:32:00,0.0,0.0,0.0,0.0,0.0,0.0,0.0,0.0,36.64726072473427,37.024134115591686,36.82800675890176,14.0,14.0381442627939,13.967725248761056,0.0,36.0,0.0,0.0,0.0,0.0,0.0,0.0,0.0,0.0,0.0,0.0,0.0
2026-07-10 17:32:01,0.0,0.0,0.0,0.0,0.0,0.0,0.0,0.0,36.630808747823835,36.95142953644617,37.10162338676087,14.0,14.011688321837747,14.005626881584835,0.0,36.0,0.0,0.0,0.0,0.0,0.0,0.0,0.0,0.0,0.0,0.0,0.0
2026-07-10 17:32:01,0.0,0.0,0.0,0.0,0.0,0.0,0.0,0.0,36.960569681359864,36.95749279139948,36.88504994828364,14.0,13.97510162313683,13.95942220627711,0.0,36.0,0.0,0.0,0.0,0.0,0.0,0.0,0.0,0.0,0.0,0.0,0.0
2026-07-10 17:32:02,0.0,0.0,0.0,0.0,0.0,0.0,0.0,0.0,36.9837326816481,37.302623255678284,36.92102253842396,14.0,14.033670549402535,13.99204549229774,0.0,36.0,0.0,0.0,0.0,0.0,0.0,0.0,0.0,0.0,0.0,0.0,0.0
2026-07-10 17:32:02,0.0,0.0,0.0,0.0,0.0,0.0,0.0,0.0,36.53215156252301,36.959322544494604,36.914087249921685,14.0,14.001981315003077,14.029245768217997,0.0,36.0,0.0,0.0,0.0,0.0,0.0,0.0,0.0,0.0,0.0,0.0,0.0
2026-07-10 17:32:03,0.0,0.0,0.0,0.0,0.0,0.0,0.0,0.0,36.732093570375824,37.357103079399415,36.84440746125378,14.0,14.028382319953954,13.986260215370498,0.0,36.0,0.0,0.0,0.0,0.0,0.0,0.0,0.0,0.0,0.0,0.0,0.0
2026-07-10 17:32:03,0.0,0.0,0.0,0.0,0.0,0.0,0.0,0.0,36.97638183013192,37.164681575114656,37.24387490878294,14.0,13.971516280456985,13.97688466484838,0.0,36.0,0.0,0.0,0.0,0.0,0.0,0.0,0.0,0.0,0.0,0.0,0.0
2026-07-10 17:32:04,0.0,0.0,0.0,0.0,0.0,0.0,0.0,0.0,37.05760878924765,36.966303631287495,37.08425725214692,14.0,14.048905593017059,13.956188759272191,0.0,36.0,0.0,0.0,0.0,0.0,0.0,0.0,0.0,0.0,0.0,0.0,0.0
2026-07-10 17:32:04,0.0,0.0,0.0,0.0,0.0,0.0,0.0,0.0,36.55979821737797,37.072043071349,37.25428165085935,14.0,13.955883379741152,14.048328294037196,0.0,36.0,0.0,0.0,0.0,0.0,0.0,0.0,0.0,0.0,0.0,0.0,0.0
2026-07-10 17:32:05,0.0,0.0,0.0,0.0,0.0,0.0,0.0,0.0,36.89990637191706,37.171543223025274,36.8421545285187,14.0,13.98690777834903,14.027494847565125,0.0,36.0,0.0,0.0,0.0,0.0,0.0,0.0,0.0,0.0,0.0,0.0,0.0
2026-07-10 17:32:05,0.0,0.0,0.0,0.0,0.0,0.0,0.0,0.0,36.50230321780747,37.27992356949164,36.804264878338266,14.0,14.001012549217647,13.98910564634725,0.0,36.0,0.0,0.0,0.0,0.0,0.0,0.0,0.0,0.0,0.0,0.0,0.0
2026-07-10 17:32:06,0.0,0.0,0.0,0.0,0.0,0.0,0.0,0.0,37.06601454332224,37.02686915126214,37.077580808597425,14.0,14.04947894519467,13.954128039932879,0.0,36.0,0.0,0.0,0.0,0.0,0.0,0.0,0.0,0.0,0.0,0.0,0.0
2026-07-10 17:32:06,0.0,0.0,0.0,0.0,0.0,0.0,0.0,0.0,36.97497880217642,37.29367583309337,37.07201534434311,14.0,14.019405458583075,14.033828782033163,0.0,36.0,0.0,0.0,0.0,0.0,0.0,0.0,0.0,0.0,0.0,0.0,0.0
2026-07-10 17:32:07,0.0,0.0,0.0,0.0,0.0,0.0,0.0,0.0,36.51107828550207,37.02292797770944,36.96952825236291,14.0,13.96886744589684,14.002387246988635,0.0,36.0,0.0,0.0,0.0,0.0,0.0,0.0,0.0,0.0,0.0,0.0,0.0
2026-07-10 17:32:07,0.0,0.0,0.0,0.0,0.0,0.0,0.0,0.0,36.537276177334746,37.03732858807132,36.773253062215886,14.0,13.998529918421264,13.969412540887845,0.0,36.0,0.0,0.0,0.0,0.0,0.0,0.0,0.0,0.0,0.0,0.0,0.0
2026-07-10 17:32:08,0.0,0.0,0.0,0.0,0.0,0.0,0.0,0.0,36.79316958039635,37.218281790019624,37.03287528623102,14.0,13.98071211039128,13.985273599177212,0.0,36.0,0.0,0.0,0.0,0.0,0.0,0.0,0.0,0.0,0.0,0.0,0.0
2026-07-10 17:32:08,0.0,0.0,0.0,0.0,0.0,0.0,0.0,0.0,36.790098690060994,36.98506586858098,36.86369038472196,14.0,14.004447725114291,13.96912807614983,0.0,36.0,0.0,0.0,0.0,0.0,0.0,0.0,0.0,0.0,0.0,0.0,0.0
2026-07-10 17:32:09,0.0,0.0,0.0,0.0,0.0,0.0,0.0,0.0,36.878115706859326,36.80167458062487,37.1620214379601,14.0,13.96357653892025,14.049238258858885,0.0,36.0,0.0,0.0,0.0,0.0,0.0,0.0,0.0,0.0,0.0,0.0,0.0
2026-07-10 17:32:09,0.0,0.0,0.0,0.0,0.0,0.0,0.0,0.0,36.653457246517135,37.1747500260308,36.71002932438728,14.0,13.968077717856426,13.980668887529099,0.0,36.0,0.0,0.0,0.0,0.0,0.0,0.0,0.0,0.0,0.0,0.0,0.0
2026-07-10 17:32:10,0.0,0.0,0.0,0.0,0.0,0.0,0.0,0.0,37.05807656335142,37.01960786973199,36.749891146345625,14.0,13.955871365503523,13.97020794975408,0.0,36.0,0.0,0.0,0.0,0.0,0.0,0.0,0.0,0.0,0.0,0.0,0.0
2026-07-10 17:32:10,0.0,0.0,0.0,0.0,0.0,0.0,0.0,0.0,37.02110291265732,37.07406944634196,36.908960055855744,14.0,13.954926574306667,14.039178947712843,0.0,36.0,0.0,0.0,0.0,0.0,0.0,0.0,0.0,0.0,0.0,0.0,0.0
2026-07-10 17:32:11,0.0,0.0,0.0,0.0,0.0,0.0,0.0,0.0,36.829917606137705,37.33937626060968,36.913922247552776,14.0,14.010859706860929,13.977640677307775,0.0,36.0,0.0,0.0,0.0,0.0,0.0,0.0,0.0,0.0,0.0,0.0,0.0
2026-07-10 17:32:11,0.0,0.0,0.0,0.0,0.0,0.0,0.0,0.0,36.81873810024933,37.17202995137187,37.015190546109075,14.0,13.950350381697886,14.041091073451152,0.0,36.0,0.0,0.0,0.0,0.0,0.0,0.0,0.0,0.0,0.0,0.0,0.0
2026-07-10 17:32:12,0.0,0.0,0.0,0.0,0.0,0.0,0.0,0.0,36.978699351001765,36.862586544223,36.83376702566468,14.0,13.996665526001454,13.975872077374836,0.0,36.0,0.0,0.0,0.0,0.0,0.0,0.0,0.0,0.0,0.0,0.0,0.0
2026-07-10 17:32:12,0.0,0.0,0.0,0.0,0.0,0.0,0.0,0.0,36.688477559033835,36.80480613996675,37.10205615002617,14.0,14.048018030820208,14.00126112587643,0.0,36.0,0.0,0.0,0.0,0.0,0.0,0.0,0.0,0.0,0.0,0.0,0.0
2026-07-10 17:32:13,0.0,0.0,0.0,0.0,0.0,0.0,0.0,0.0,36.5705525651494,36.801424810747655,37.024449851873065,14.0,13.970525602830621,14.031583848630275,0.0,36.0,0.0,0.0,0.0,0.0,0.0,0.0,0.0,0.0,0.0,0.0,0.0
2026-07-10 17:32:13,0.0,0.0,0.0,0.0,0.0,0.0,0.0,0.0,36.52736272998731,36.988533145377204,36.9469116317284,14.0,13.96498264905632,14.008730306835744,0.0,36.0,0.0,0.0,0.0,0.0,0.0,0.0,0.0,0.0,0.0,0.0,0.0
2026-07-10 17:32:14,0.0,0.0,0.0,0.0,0.0,0.0,0.0,0.0,37.01713028601805,37.14228172637246,36.85503290273018,14.0,14.014974231461233,13.9579060858312,0.0,36.0,0.0,0.0,0.0,0.0,0.0,0.0,0.0,0.0,0.0,0.0,0.0
2026-07-10 17:32:14,0.0,0.0,0.0,0.0,0.0,0.0,0.0,0.0,36.8803774973401,37.078078093918336,37.19001473934131,14.0,13.954635583954202,13.958497267228532,0.0,36.0,0.0,0.0,0.0,0.0,0.0,0.0,0.0,0.0,0.0,0.0,0.0
2026-07-10 17:32:15,0.0,0.0,0.0,0.0,0.0,0.0,0.0,0.0,36.83758910962383,37.22410452816891,37.19621548857831,14.0,13.956179828177094,14.027622214524127,0.0,36.0,0.0,0.0,0.0,0.0,0.0,0.0,0.0,0.0,0.0,0.0,0.0
2026-07-10 17:32:15,0.0,0.0,0.0,0.0,0.0,0.0,0.0,0.0,36.9491227848449,37.27154417895321,37.18934135699466,14.0,14.036278424344406,14.004129935795438,0.0,36.0,0.0,0.0,0.0,0.0,0.0,0.0,0.0,0.0,0.0,0.0,0.0
2026-07-10 17:32:16,0.0,0.0,0.0,0.0,0.0,0.0,0.0,0.0,36.937794202589686,36.9607140058903,36.901178437931456,14.0,14.042939450877153,13.982572510496038,0.0,36.0,0.0,0.0,0.0,0.0,0.0,0.0,0.0,0.0,0.0,0.0,0.0
2026-07-10 17:32:16,0.0,0.0,0.0,0.0,0.0,0.0,0.0,0.0,37.01827615478507,37.193706403697654,37.01403717020816,14.0,14.00745649548383,13.996674980501568,0.0,36.0,0.0,0.0,0.0,0.0,0.0,0.0,0.0,0.0,0.0,0.0,0.0
2026-07-10 17:32:17,0.0,0.0,0.0,0.0,0.0,0.0,0.0,0.0,36.93647838996911,37.3418695723416,36.80259911277863,14.0,13.978256593098424,14.037416386625962,0.0,36.0,0.0,0.0,0.0,0.0,0.0,0.0,0.0,0.0,0.0,0.0,0.0
2026-07-10 17:32:17,0.0,0.0,0.0,0.0,0.0,0.0,0.0,0.0,36.88772359484796,37.04943111412022,36.987703261034156,14.0,14.019183366337918,14.018024179901017,0.0,36.0,0.0,0.0,0.0,0.0,0.0,0.0,0.0,0.0,0.0,0.0,0.0
2026-07-10 17:32:18,0.0,0.0,0.0,0.0,0.0,0.0,0.0,0.0,36.9020200954997,37.15862461125185,36.96427426446579,14.0,13.980756579866922,14.033967161653575,0.0,36.0,0.0,0.0,0.0,0.0,0.0,0.0,0.0,0.0,0.0,0.0,0.0
2026-07-10 17:32:18,0.0,0.0,0.0,0.0,0.0,0.0,0.0,0.0,37.05924427615165,37.14772701069314,37.19693517805718,14.0,14.040463686235903,14.035925311273866,0.0,36.0,0.0,0.0,0.0,0.0,0.0,0.0,0.0,0.0,0.0,0.0,0.0
2026-07-10 17:32:19,0.0,0.0,0.0,0.0,0.0,0.0,0.0,0.0,36.52326439508229,36.80699230378069,37.23899755716923,14.0,14.012179781311248,14.014845145140656,0.0,36.0,0.0,0.0,0.0,0.0,0.0,0.0,0.0,0.0,0.0,0.0,0.0
2026-07-10 17:32:19,0.0,0.0,0.0,0.0,0.0,0.0,0.0,0.0,36.940349270804504,37.358575351778896,36.99940247849313,14.0,13.974117247992377,13.954018374240531,0.0,36.0,0.0,0.0,0.0,0.0,0.0,0.0,0.0,0.0,0.0,0.0,0.0
2026-07-10 17:32:20,0.0,0.0,0.0,0.0,0.0,0.0,0.0,0.0,36.669548070681635,36.87000269502323,36.75644808533643,14.0,14.0240163404335,13.952727622093434,0.0,36.0,0.0,0.0,0.0,0.0,0.0,0.0,0.0,0.0,0.0,0.0,0.0
2026-07-10 17:32:20,0.0,0.0,0.0,0.0,0.0,0.0,0.0,0.0,36.892419293714646,36.99986392232164,36.72628526211224,14.0,14.006188569627888,14.026750680666495,0.0,36.0,0.0,0.0,0.0,0.0,0.0,0.0,0.0,0.0,0.0,0.0,0.0
2026-07-10 17:32:21,0.0,0.0,0.0,0.0,0.0,0.0,0.0,0.0,36.73533030498376,37.37742912742743,36.943058642086115,14.0,14.043590903035234,14.02997010239748,0.0,36.0,0.0,0.0,0.0,0.0,0.0,0.0,0.0,0.0,0.0,0.0,0.0
2026-07-10 17:32:21,0.0,0.0,0.0,0.0,0.0,0.0,0.0,0.0,36.54888905067912,37.16790443493654,37.23901518966539,14.0,13.975904105677763,14.02100134806635,0.0,36.0,0.0,0.0,0.0,0.0,0.0,0.0,0.0,0.0,0.0,0.0,0.0
2026-07-10 17:32:22,0.0,0.0,0.0,0.0,0.0,0.0,0.0,0.0,36.88342494935956,37.23831802814876,36.992018952559164,14.0,14.034162881089113,13.954092464551758,0.0,36.0,0.0,0.0,0.0,0.0,0.0,0.0,0.0,0.0,0.0,0.0,0.0
2026-07-10 17:32:22,0.0,0.0,0.0,0.0,0.0,0.0,0.0,0.0,36.82977987323817,37.241625639147465,37.14592249363306,14.0,13.957105416751789,13.988895116151964,0.0,36.0,0.0,0.0,0.0,0.0,0.0,0.0,0.0,0.0,0.0,0.0,0.0
2026-07-10 17:32:23,0.0,0.0,0.0,0.0,0.0,0.0,0.0,0.0,36.98139096435541,37.04742933390738,37.2966738816936,14.0,14.025770299037466,14.049354331145425,0.0,36.0,0.0,0.0,0.0,0.0,0.0,0.0,0.0,0.0,0.0,0.0,0.0
2026-07-10 17:32:23,0.0,0.0,0.0,0.0,0.0,0.0,0.0,0.0,36.605943403798925,36.84654833771702,36.72390415855901,14.0,14.04458827542721,14.03420610088311,0.0,36.0,0.0,0.0,0.0,0.0,0.0,0.0,0.0,0.0,0.0,0.0,0.0
2026-07-10 17:32:24,0.0,0.0,0.0,0.0,0.0,0.0,0.0,0.0,36.960569781798135,37.22547469534773,37.18799272064373,14.0,13.995757648317522,14.03384929484315,0.0,36.0,0.0,0.0,0.0,0.0,0.0,0.0,0.0,0.0,0.0,0.0,0.0
2026-07-10 17:32:24,0.0,0.0,0.0,0.0,0.0,0.0,0.0,0.0,36.77484051546824,37.101451751032144,36.95187245427712,14.0,14.034426845646992,14.044311705909118,0.0,36.0,0.0,0.0,0.0,0.0,0.0,0.0,0.0,0.0,0.0,0.0,0.0
2026-07-10 17:32:25,0.0,0.0,0.0,0.0,0.0,0.0,0.0,0.0,36.65316339211483,36.95875262612712,37.114709201060826,14.0,14.042612890151071,13.960178460288938,0.0,36.0,0.0,0.0,0.0,0.0,0.0,0.0,0.0,0.0,0.0,0.0,0.0
2026-07-10 17:32:25,0.0,0.0,0.0,0.0,0.0,0.0,0.0,0.0,37.049078950686656,37.16494566699517,36.71278172707529,14.0,14.033590142652555,13.98823808372273,0.0,36.0,0.0,0.0,0.0,0.0,0.0,0.0,0.0,0.0,0.0,0.0,0.0
2026-07-10 17:32:26,0.0,0.0,0.0,0.0,0.0,0.0,0.0,0.0,36.83896073054232,37.21795932941036,37.2449163893593,14.0,13.964235280462336,14.009207790208558,0.0,36.0,0.0,0.0,0.0,0.0,0.0,0.0,0.0,0.0,0.0,0.0,0.0
2026-07-10 17:32:26,0.0,0.0,0.0,0.0,0.0,0.0,0.0,0.0,37.044131840404376,37.3769568656593,37.13127232075394,14.0,13.966076125341653,14.033256362675159,0.0,36.0,0.0,0.0,0.0,0.0,0.0,0.0,0.0,0.0,0.0,0.0,0.0
2026-07-10 17:32:27,0.0,0.0,0.0,0.0,0.0,0.0,0.0,0.0,36.594673784777044,36.9407114890094,36.928660765499764,14.0,13.96479936610862,14.00475600460689,0.0,36.0,0.0,0.0,0.0,0.0,0.0,0.0,0.0,0.0,0.0,0.0,0.0
2026-07-10 17:32:27,0.0,0.0,0.0,0.0,0.0,0.0,0.0,0.0,37.033452777106874,37.02114580285861,36.83959455350211,14.0,14.036271406692881,14.032283029991337,0.0,36.0,0.0,0.0,0.0,0.0,0.0,0.0,0.0,0.0,0.0,0.0,0.0
2026-07-10 17:32:28,0.0,0.0,0.0,0.0,0.0,0.0,0.0,0.0,36.52416695636033,37.00924647668757,36.87436321725257,14.0,13.991583276758558,14.043512763594922,0.0,36.0,0.0,0.0,0.0,0.0,0.0,0.0,0.0,0.0,0.0,0.0,0.0
2026-07-10 17:32:28,0.0,0.0,0.0,0.0,0.0,0.0,0.0,0.0,36.962177832883384,36.957343280311974,36.93583079270699,14.0,14.033373279942275,14.049910332572926,0.0,36.0,0.0,0.0,0.0,0.0,0.0,0.0,0.0,0.0,0.0,0.0,0.0
2026-07-10 17:32:29,0.0,0.0,0.0,0.0,0.0,0.0,0.0,0.0,36.71731452613988,37.18499410917089,36.776068228276316,14.0,14.010520649039607,14.013951883176338,0.0,36.0,0.0,0.0,0.0,0.0,0.0,0.0,0.0,0.0,0.0,0.0,0.0
2026-07-10 17:32:29,0.0,0.0,0.0,0.0,0.0,0.0,0.0,0.0,36.60920310568765,36.917699059918625,37.014304892207555,14.0,13.969488455742992,14.000099600706646,0.0,36.0,0.0,0.0,0.0,0.0,0.0,0.0,0.0,0.0,0.0,0.0,0.0
2026-07-10 17:32:30,0.0,0.0,0.0,0.0,0.0,0.0,0.0,0.0,37.09216671891633,36.999991838112415,37.29770204155973,14.0,14.043978958584026,13.976422144309756,0.0,36.0,0.0,0.0,0.0,0.0,0.0,0.0,0.0,0.0,0.0,0.0,0.0
2026-07-10 17:32:30,0.0,0.0,0.0,0.0,0.0,0.0,0.0,0.0,36.843520810661175,37.376978152623614,37.18521053806741,14.0,13.970747435371027,13.998620984564942,0.0,36.0,0.0,0.0,0.0,0.0,0.0,0.0,0.0,0.0,0.0,0.0,0.0
2026-07-10 17:32:31,0.0,0.0,0.0,0.0,0.0,0.0,0.0,0.0,36.962761522850286,36.880963700450216,37.00108577624829,14.0,13.960691371331858,14.043616931269089,0.0,36.0,0.0,0.0,0.0,0.0,0.0,0.0,0.0,0.0,0.0,0.0,0.0
2026-07-10 17:32:31,0.0,0.0,0.0,0.0,0.0,0.0,0.0,0.0,36.6449837630684,36.81276598611345,36.71862261880117,14.0,14.006658422319216,14.015289737395221,0.0,36.0,0.0,0.0,0.0,0.0,0.0,0.0,0.0,0.0,0.0,0.0,0.0
2026-07-10 17:32:32,0.0,0.0,0.0,0.0,0.0,0.0,0.0,0.0,36.74532721657538,36.948882927353274,36.78861127625268,14.0,13.964674074256727,13.995608338532321,0.0,36.0,0.0,0.0,0.0,0.0,0.0,0.0,0.0,0.0,0.0,0.0,0.0
2026-07-10 17:32:32,0.0,0.0,0.0,0.0,0.0,0.0,0.0,0.0,36.61762659221037,37.2268035928808,37.06321683607893,14.0,14.018333262527397,13.989383682549068,0.0,36.0,0.0,0.0,0.0,0.0,0.0,0.0,0.0,0.0,0.0,0.0,0.0
2026-07-10 17:32:33,0.0,0.0,0.0,0.0,0.0,0.0,0.0,0.0,36.772717363497065,36.965802552007595,37.08541211469389,14.0,14.018351020673135,14.03841656081903,0.0,36.0,0.0,0.0,0.0,0.0,0.0,0.0,0.0,0.0,0.0,0.0,0.0
2026-07-10 17:32:33,0.0,0.0,0.0,0.0,0.0,0.0,0.0,0.0,36.947135913401134,37.231771859210994,37.198810530170725,14.0,14.035659236442747,13.987844060239288,0.0,36.0,0.0,0.0,0.0,0.0,0.0,0.0,0.0,0.0,0.0,0.0,0.0
2026-07-10 17:32:34,0.0,0.0,0.0,0.0,0.0,0.0,0.0,0.0,37.04541626425605,36.88700632514321,37.09785300509252,14.0,13.954614015813426,14.028376439962242,0.0,36.0,0.0,0.0,0.0,0.0,0.0,0.0,0.0,0.0,0.0,0.0,0.0
2026-07-10 17:32:34,0.0,0.0,0.0,0.0,0.0,0.0,0.0,0.0,36.57097661417403,36.986332257672814,36.95639854792325,14.0,13.950463902834167,13.95722871226656,0.0,36.0,0.0,0.0,0.0,0.0,0.0,0.0,0.0,0.0,0.0,0.0,0.0
2026-07-10 17:32:35,0.0,0.0,0.0,0.0,0.0,0.0,0.0,0.0,36.731981286433054,37.2657458291739,37.064829386071274,14.0,14.035891222861542,14.047117034861392,0.0,36.0,0.0,0.0,0.0,0.0,0.0,0.0,0.0,0.0,0.0,0.0,0.0
2026-07-10 17:32:35,0.0,0.0,0.0,0.0,0.0,0.0,0.0,0.0,37.02469090471218,36.94161437090078,37.05756197512926,14.0,14.006228729346276,13.965159448099806,0.0,36.0,0.0,0.0,0.0,0.0,0.0,0.0,0.0,0.0,0.0,0.0,0.0
2026-07-10 17:32:36,0.0,0.0,0.0,0.0,0.0,0.0,0.0,0.0,37.02313993203077,37.020387442541264,37.12439976493518,14.0,13.990440857217084,13.954560069245732,0.0,36.0,0.0,0.0,0.0,0.0,0.0,0.0,0.0,0.0,0.0,0.0,0.0
2026-07-10 17:32:36,0.0,0.0,0.0,0.0,0.0,0.0,0.0,0.0,36.666428072930586,37.16598262905953,37.0528670565187,14.0,13.96505722311007,13.967592332313712,0.0,36.0,0.0,0.0,0.0,0.0,0.0,0.0,0.0,0.0,0.0,0.0,0.0
2026-07-10 17:32:37,0.0,0.0,0.0,0.0,0.0,0.0,0.0,0.0,36.68867276775972,37.128794913049404,36.930111942017575,14.0,13.986276274248942,13.972207930928764,0.0,36.0,0.0,0.0,0.0,0.0,0.0,0.0,0.0,0.0,0.0,0.0,0.0
2026-07-10 17:32:37,0.0,0.0,0.0,0.0,0.0,0.0,0.0,0.0,36.786080638380646,37.18351983157869,37.219954671029015,14.0,14.02943414147581,14.013928901565583,0.0,36.0,0.0,0.0,0.0,0.0,0.0,0.0,0.0,0.0,0.0,0.0,0.0
2026-07-10 17:32:38,0.0,0.0,0.0,0.0,0.0,0.0,0.0,0.0,36.93648877970452,36.814780523581035,37.03985515170021,14.0,13.977989981536767,13.955033578707488,0.0,36.0,0.0,0.0,0.0,0.0,0.0,0.0,0.0,0.0,0.0,0.0,0.0
2026-07-10 17:32:38,0.0,0.0,0.0,0.0,0.0,0.0,0.0,0.0,36.652052768730286,36.81914286380008,37.112961544246474,14.0,14.029640540442266,13.986138217950765,0.0,36.0,0.0,0.0,0.0,0.0,0.0,0.0,0.0,0.0,0.0,0.0,0.0
