Timestamp,PT-3,PT-4,PT-5,PT-6,PT-7,PT-8,PT-9,PT-10,Temperatura EF,Temperatura SF,Temperatura Tanque,Setpoint Conductividad,Conductividad EF,Conductividad SF,Salida Conductividad,Setpoint Temperatura,Presión Transmembrana,Nivel,Valvula 27,C. Deareación,Protector Calefactor,Aire en Sangre,Sangre en dializante,Purga de aire,Cond. Sensor patrón,Temp. Sensor patrón,Cond. Sensor raw
2026-06-23 10:07:05,0.0,0.0,0.0,0.0,0.0,0.0,0.0,0.0,36.87473681728862,36.99410364621876,37.159177609745186,14.0,14.023890059143273,14.002011371827274,0.0,36.0,0.0,0.0,0.0,0.0,0.0,0.0,0.0,0.0,0.0,0.0,0.0
2026-06-23 10:07:05,0.0,0.0,0.0,0.0,0.0,0.0,0.0,0.0,36.5540532706439,36.8408050696258,36.70291851070528,14.0,14.027169497079123,13.960846106570566,0.0,36.0,0.0,0.0,0.0,0.0,0.0,0.0,0.0,0.0,0.0,0.0,0.0
2026-06-23 10:07:06,0.0,0.0,0.0,0.0,0.0,0.0,0.0,0.0,37.04378376961143,36.90818170599581,36.863674928293186,14.0,14.036122532605544,13.988672339999248,0.0,36.0,0.0,0.0,0.0,0.0,0.0,0.0,0.0,0.0,0.0,0.0,0.0
2026-06-23 10:07:06,0.0,0.0,0.0,0.0,0.0,0.0,0.0,0.0,36.6761213710235,36.93903251155919,37.017189515870164,14.0,14.039534433729143,14.03324779425412,0.0,36.0,0.0,0.0,0.0,0.0,0.0,0.0,0.0,0.0,0.0,0.0,0.0
2026-06-23 10:07:07,0.0,0.0,0.0,0.0,0.0,0.0,0.0,0.0,36.78454276038879,37.076132828853076,36.72653152276903,14.0,13.953936635981131,14.000330885890016,0.0,36.0,0.0,0.0,0.0,0.0,0.0,0.0,0.0,0.0,0.0,0.0,0.0
2026-06-23 10:07:07,0.0,0.0,0.0,0.0,0.0,0.0,0.0,0.0,36.906885000481324,36.85088385222274,37.240687702349454,14.0,13.968066120527988,13.960285930757736,0.0,36.0,0.0,0.0,0.0,0.0,0.0,0.0,0.0,0.0,0.0,0.0,0.0
2026-06-23 10:07:08,0.0,0.0,0.0,0.0,0.0,0.0,0.0,0.0,36.737576872516286,36.928032443023554,37.19799362320453,14.0,14.033989618819033,13.98310939736773,0.0,36.0,0.0,0.0,0.0,0.0,0.0,0.0,0.0,0.0,0.0,0.0,0.0
2026-06-23 10:07:08,0.0,0.0,0.0,0.0,0.0,0.0,0.0,0.0,36.76644430293918,36.91476596598942,37.16341735386548,14.0,13.953492169115508,14.042684047805944,0.0,36.0,0.0,0.0,0.0,0.0,0.0,0.0,0.0,0.0,0.0,0.0,0.0
2026-06-23 10:07:09,0.0,0.0,0.0,0.0,0.0,0.0,0.0,0.0,36.86171088921347,37.39652768270034,36.90847193860207,14.0,13.996652362054977,14.024577411286712,0.0,36.0,0.0,0.0,0.0,0.0,0.0,0.0,0.0,0.0,0.0,0.0,0.0
2026-06-23 10:07:09,0.0,0.0,0.0,0.0,0.0,0.0,0.0,0.0,37.05343298446919,37.29822307701711,37.197751903828916,14.0,13.966332683728966,14.033422775940535,0.0,36.0,0.0,0.0,0.0,0.0,0.0,0.0,0.0,0.0,0.0,0.0,0.0
2026-06-23 10:07:10,0.0,0.0,0.0,0.0,0.0,0.0,0.0,0.0,36.7842974618785,37.29902344823648,36.901653539302266,14.0,14.000737662500166,14.040976427939473,0.0,36.0,0.0,0.0,0.0,0.0,0.0,0.0,0.0,0.0,0.0,0.0,0.0
2026-06-23 10:07:10,0.0,0.0,0.0,0.0,0.0,0.0,0.0,0.0,36.68300129203007,36.86086903559889,37.09010334718008,14.0,13.967030405239369,13.9546754405103,0.0,36.0,0.0,0.0,0.0,0.0,0.0,0.0,0.0,0.0,0.0,0.0,0.0
2026-06-23 10:07:11,0.0,0.0,0.0,0.0,0.0,0.0,0.0,0.0,36.945181024522675,36.893904947223696,37.013963454067145,14.0,14.046038687223428,13.960238463354061,0.0,36.0,0.0,0.0,0.0,0.0,0.0,0.0,0.0,0.0,0.0,0.0,0.0
2026-06-23 10:07:11,0.0,0.0,0.0,0.0,0.0,0.0,0.0,0.0,36.74223063421558,37.3578694254562,37.272883737717216,14.0,14.022141293462658,14.040268740588749,0.0,36.0,0.0,0.0,0.0,0.0,0.0,0.0,0.0,0.0,0.0,0.0,0.0
2026-06-23 10:07:12,0.0,0.0,0.0,0.0,0.0,0.0,0.0,0.0,36.66240033112133,37.342253770548425,37.20022521794361,14.0,14.037287279164511,14.037939179069145,0.0,36.0,0.0,0.0,0.0,0.0,0.0,0.0,0.0,0.0,0.0,0.0,0.0
2026-06-23 10:07:12,0.0,0.0,0.0,0.0,0.0,0.0,0.0,0.0,36.78081916950036,37.073962692191536,37.22004511054217,14.0,14.019820873574767,13.95387325970286,0.0,36.0,0.0,0.0,0.0,0.0,0.0,0.0,0.0,0.0,0.0,0.0,0.0
2026-06-23 10:07:13,0.0,0.0,0.0,0.0,0.0,0.0,0.0,0.0,37.077386390313734,37.184416317202675,36.9021893302641,14.0,13.964864246873589,13.99910492950979,0.0,36.0,0.0,0.0,0.0,0.0,0.0,0.0,0.0,0.0,0.0,0.0,0.0
2026-06-23 10:07:13,0.0,0.0,0.0,0.0,0.0,0.0,0.0,0.0,36.93599147057317,37.34994740460017,36.737919689291175,14.0,14.023596766514233,13.953279170151353,0.0,36.0,0.0,0.0,0.0,0.0,0.0,0.0,0.0,0.0,0.0,0.0,0.0
2026-06-23 10:07:14,0.0,0.0,0.0,0.0,0.0,0.0,0.0,0.0,36.73587486875882,36.90072991899564,36.89442338318532,14.0,14.043453572847628,14.03834786818152,0.0,36.0,0.0,0.0,0.0,0.0,0.0,0.0,0.0,0.0,0.0,0.0,0.0
2026-06-23 10:07:14,0.0,0.0,0.0,0.0,0.0,0.0,0.0,0.0,36.993035583929554,36.9960459937481,36.8580857535539,14.0,13.967686160619671,13.96436609081339,0.0,36.0,0.0,0.0,0.0,0.0,0.0,0.0,0.0,0.0,0.0,0.0,0.0
2026-06-23 10:07:15,0.0,0.0,0.0,0.0,0.0,0.0,0.0,0.0,36.569868142321894,37.263887498485765,37.19176268565593,14.0,13.978960619220633,13.970210341866347,0.0,36.0,0.0,0.0,0.0,0.0,0.0,0.0,0.0,0.0,0.0,0.0,0.0
2026-06-23 10:07:15,0.0,0.0,0.0,0.0,0.0,0.0,0.0,0.0,36.615224915543955,37.00729349592712,36.880154004303094,14.0,13.965648760839622,14.022765532310375,0.0,36.0,0.0,0.0,0.0,0.0,0.0,0.0,0.0,0.0,0.0,0.0,0.0
2026-06-23 10:07:16,0.0,0.0,0.0,0.0,0.0,0.0,0.0,0.0,36.88714154446173,37.07366874049629,37.090257269221524,14.0,13.964697510549648,13.959273445459269,0.0,36.0,0.0,0.0,0.0,0.0,0.0,0.0,0.0,0.0,0.0,0.0,0.0
2026-06-23 10:07:16,0.0,0.0,0.0,0.0,0.0,0.0,0.0,0.0,36.87486221420016,37.30656650751035,36.988794084193295,14.0,13.995819850633945,14.038606931421903,0.0,36.0,0.0,0.0,0.0,0.0,0.0,0.0,0.0,0.0,0.0,0.0,0.0
2026-06-23 10:07:17,0.0,0.0,0.0,0.0,0.0,0.0,0.0,0.0,36.74102212179281,37.06610793654566,36.70295315225942,14.0,13.951916247424737,13.956698930226107,0.0,36.0,0.0,0.0,0.0,0.0,0.0,0.0,0.0,0.0,0.0,0.0,0.0
2026-06-23 10:07:17,0.0,0.0,0.0,0.0,0.0,0.0,0.0,0.0,37.08808276814052,36.922337950366014,37.15836195484567,14.0,13.97565370944271,13.973635238378371,0.0,36.0,0.0,0.0,0.0,0.0,0.0,0.0,0.0,0.0,0.0,0.0,0.0
2026-06-23 10:07:18,0.0,0.0,0.0,0.0,0.0,0.0,0.0,0.0,36.86592585446327,36.99584900099678,37.1516603541467,14.0,14.01851429901438,13.966715622387621,0.0,36.0,0.0,0.0,0.0,0.0,0.0,0.0,0.0,0.0,0.0,0.0,0.0
2026-06-23 10:07:18,0.0,0.0,0.0,0.0,0.0,0.0,0.0,0.0,36.68936134064751,37.22906751929772,36.93245143403518,14.0,14.002761982721854,14.008148713118505,0.0,36.0,0.0,0.0,0.0,0.0,0.0,0.0,0.0,0.0,0.0,0.0,0.0
2026-06-23 10:07:19,0.0,0.0,0.0,0.0,0.0,0.0,0.0,0.0,37.03230259900766,37.08229379116939,36.933655533397896,14.0,13.981747279569298,13.962923371595634,0.0,36.0,0.0,0.0,0.0,0.0,0.0,0.0,0.0,0.0,0.0,0.0,0.0
2026-06-23 10:07:19,0.0,0.0,0.0,0.0,0.0,0.0,0.0,0.0,36.896573724872155,36.94623593621794,37.06757474401502,14.0,13.983350759434893,13.953065924604987,0.0,36.0,0.0,0.0,0.0,0.0,0.0,0.0,0.0,0.0,0.0,0.0,0.0
2026-06-23 10:07:20,0.0,0.0,0.0,0.0,0.0,0.0,0.0,0.0,36.611986692753476,37.24438113466568,37.20955428868184,14.0,13.974612503629636,13.955277951014436,0.0,36.0,0.0,0.0,0.0,0.0,0.0,0.0,0.0,0.0,0.0,0.0,0.0
2026-06-23 10:07:20,0.0,0.0,0.0,0.0,0.0,0.0,0.0,0.0,36.93819103884956,36.86753823752857,37.001391263845896,14.0,13.984552535095368,13.98706032179843,0.0,36.0,0.0,0.0,0.0,0.0,0.0,0.0,0.0,0.0,0.0,0.0,0.0
2026-06-23 10:07:21,0.0,0.0,0.0,0.0,0.0,0.0,0.0,0.0,36.984467524717836,37.00278064590655,37.22774356188441,14.0,14.022904641317615,14.03254534783951,0.0,36.0,0.0,0.0,0.0,0.0,0.0,0.0,0.0,0.0,0.0,0.0,0.0
2026-06-23 10:07:21,0.0,0.0,0.0,0.0,0.0,0.0,0.0,0.0,36.5761779601222,36.96900090018447,36.88806393102783,14.0,13.984621638439194,14.034297609807053,0.0,36.0,0.0,0.0,0.0,0.0,0.0,0.0,0.0,0.0,0.0,0.0,0.0
2026-06-23 10:07:22,0.0,0.0,0.0,0.0,0.0,0.0,0.0,0.0,36.86750549820529,37.01134591891447,36.976306404469014,14.0,13.969343946690175,14.0457917311197,0.0,36.0,0.0,0.0,0.0,0.0,0.0,0.0,0.0,0.0,0.0,0.0,0.0
2026-06-23 10:07:22,0.0,0.0,0.0,0.0,0.0,0.0,0.0,0.0,36.98159863910691,36.81463777918237,37.05521857928607,14.0,13.96497283981224,13.967455025658413,0.0,36.0,0.0,0.0,0.0,0.0,0.0,0.0,0.0,0.0,0.0,0.0,0.0
2026-06-23 10:07:23,0.0,0.0,0.0,0.0,0.0,0.0,0.0,0.0,36.77382124157646,36.87823812999609,36.794030636142736,14.0,13.99879849960323,14.044427533526374,0.0,36.0,0.0,0.0,0.0,0.0,0.0,0.0,0.0,0.0,0.0,0.0,0.0
2026-06-23 10:07:23,0.0,0.0,0.0,0.0,0.0,0.0,0.0,0.0,36.75407923511989,37.2442480387918,37.28934460983007,14.0,13.980570028454107,13.98009823770278,0.0,36.0,0.0,0.0,0.0,0.0,0.0,0.0,0.0,0.0,0.0,0.0,0.0
2026-06-23 10:07:24,0.0,0.0,0.0,0.0,0.0,0.0,0.0,0.0,36.84653649915045,37.312726575858825,36.74200584021594,14.0,14.03663341060561,14.01531087313087,0.0,36.0,0.0,0.0,0.0,0.0,0.0,0.0,0.0,0.0,0.0,0.0,0.0
2026-06-23 10:07:24,0.0,0.0,0.0,0.0,0.0,0.0,0.0,0.0,36.53095007467852,36.94361389389107,37.0572553662096,14.0,14.01896525253467,14.00881668224987,0.0,36.0,0.0,0.0,0.0,0.0,0.0,0.0,0.0,0.0,0.0,0.0,0.0
2026-06-23 10:07:25,0.0,0.0,0.0,0.0,0.0,0.0,0.0,0.0,37.03654237954227,36.94916932702715,36.70555250608222,14.0,13.966555191375205,13.959582642151213,0.0,36.0,0.0,0.0,0.0,0.0,0.0,0.0,0.0,0.0,0.0,0.0,0.0
2026-06-23 10:07:25,0.0,0.0,0.0,0.0,0.0,0.0,0.0,0.0,37.09484818170765,37.106014786911,36.707975198383465,14.0,14.048554513175684,13.990354818593147,0.0,36.0,0.0,0.0,0.0,0.0,0.0,0.0,0.0,0.0,0.0,0.0,0.0
2026-06-23 10:07:26,0.0,0.0,0.0,0.0,0.0,0.0,0.0,0.0,36.69084913181383,37.132383527836375,37.073872028889944,14.0,13.998292263419136,13.962901084345647,0.0,36.0,0.0,0.0,0.0,0.0,0.0,0.0,0.0,0.0,0.0,0.0,0.0
2026-06-23 10:07:26,0.0,0.0,0.0,0.0,0.0,0.0,0.0,0.0,37.072010724377606,36.935789530458884,37.23046128702268,14.0,13.959297946870537,13.985052425652283,0.0,36.0,0.0,0.0,0.0,0.0,0.0,0.0,0.0,0.0,0.0,0.0,0.0
2026-06-23 10:07:27,0.0,0.0,0.0,0.0,0.0,0.0,0.0,0.0,37.054851624375125,37.337249203672684,36.78291857750658,14.0,14.042673498235128,13.952905323006831,0.0,36.0,0.0,0.0,0.0,0.0,0.0,0.0,0.0,0.0,0.0,0.0,0.0
2026-06-23 10:07:27,0.0,0.0,0.0,0.0,0.0,0.0,0.0,0.0,37.002763369919634,37.24561282200872,36.71599253321754,14.0,14.044611819379417,13.971547236345462,0.0,36.0,0.0,0.0,0.0,0.0,0.0,0.0,0.0,0.0,0.0,0.0,0.0
2026-06-23 10:07:28,0.0,0.0,0.0,0.0,0.0,0.0,0.0,0.0,36.5785594866701,37.22436264521913,36.836781166315845,14.0,14.025213923208968,13.977379275178672,0.0,36.0,0.0,0.0,0.0,0.0,0.0,0.0,0.0,0.0,0.0,0.0,0.0
2026-06-23 10:07:28,0.0,0.0,0.0,0.0,0.0,0.0,0.0,0.0,36.917601436524954,37.31569796142338,37.09724457571987,14.0,13.960061879825885,13.969972572167734,0.0,36.0,0.0,0.0,0.0,0.0,0.0,0.0,0.0,0.0,0.0,0.0,0.0
2026-06-23 10:07:29,0.0,0.0,0.0,0.0,0.0,0.0,0.0,0.0,36.861201526744836,36.88055089745055,37.007872903625085,14.0,14.002816366139445,13.99681300173028,0.0,36.0,0.0,0.0,0.0,0.0,0.0,0.0,0.0,0.0,0.0,0.0,0.0
2026-06-23 10:07:29,0.0,0.0,0.0,0.0,0.0,0.0,0.0,0.0,36.98750879306053,37.33747569712457,36.826386439346635,14.0,13.968052864330442,14.008044905681798,0.0,36.0,0.0,0.0,0.0,0.0,0.0,0.0,0.0,0.0,0.0,0.0,0.0
2026-06-23 10:07:30,0.0,0.0,0.0,0.0,0.0,0.0,0.0,0.0,36.61681091692959,37.33773637374187,37.00606032385201,14.0,14.005598459480016,13.966177190091374,0.0,36.0,0.0,0.0,0.0,0.0,0.0,0.0,0.0,0.0,0.0,0.0,0.0
2026-06-23 10:07:30,0.0,0.0,0.0,0.0,0.0,0.0,0.0,0.0,36.93122196567156,37.12546337644593,36.876147541044,14.0,14.007604265921955,13.961152675376168,0.0,36.0,0.0,0.0,0.0,0.0,0.0,0.0,0.0,0.0,0.0,0.0,0.0
2026-06-23 10:07:31,0.0,0.0,0.0,0.0,0.0,0.0,0.0,0.0,36.7992222329346,37.369004463023764,37.1953591856329,14.0,13.997814064862725,14.043312001767552,0.0,36.0,0.0,0.0,0.0,0.0,0.0,0.0,0.0,0.0,0.0,0.0,0.0
2026-06-23 10:07:31,0.0,0.0,0.0,0.0,0.0,0.0,0.0,0.0,36.82018646807624,37.03867625682484,37.269268260285145,14.0,14.009756994472852,14.024031058942901,0.0,36.0,0.0,0.0,0.0,0.0,0.0,0.0,0.0,0.0,0.0,0.0,0.0
2026-06-23 10:07:32,0.0,0.0,0.0,0.0,0.0,0.0,0.0,0.0,36.881130880138606,37.13630496160414,37.0019693576581,14.0,13.991809834879264,13.982939808598891,0.0,36.0,0.0,0.0,0.0,0.0,0.0,0.0,0.0,0.0,0.0,0.0,0.0
2026-06-23 10:07:32,0.0,0.0,0.0,0.0,0.0,0.0,0.0,0.0,36.52492866343343,36.99697891661973,36.91540091261244,14.0,14.01009081181262,13.965243759291742,0.0,36.0,0.0,0.0,0.0,0.0,0.0,0.0,0.0,0.0,0.0,0.0,0.0
2026-06-23 10:07:33,0.0,0.0,0.0,0.0,0.0,0.0,0.0,0.0,36.970860943875145,37.132010566602936,37.12728101585521,14.0,13.971018208109832,14.00808386687374,0.0,36.0,0.0,0.0,0.0,0.0,0.0,0.0,0.0,0.0,0.0,0.0,0.0
2026-06-23 10:07:33,0.0,0.0,0.0,0.0,0.0,0.0,0.0,0.0,36.51813066839978,37.12083133995875,37.162753289824394,14.0,13.953828290601537,13.961162278754127,0.0,36.0,0.0,0.0,0.0,0.0,0.0,0.0,0.0,0.0,0.0,0.0,0.0
2026-06-23 10:07:34,0.0,0.0,0.0,0.0,0.0,0.0,0.0,0.0,36.82434376050938,37.14235259527495,37.03152219902058,14.0,14.034227205678164,13.96986082856715,0.0,36.0,0.0,0.0,0.0,0.0,0.0,0.0,0.0,0.0,0.0,0.0,0.0
2026-06-23 10:07:34,0.0,0.0,0.0,0.0,0.0,0.0,0.0,0.0,36.706562183853706,37.283481900843476,36.83409955007281,14.0,13.987804974001252,13.995745005095053,0.0,36.0,0.0,0.0,0.0,0.0,0.0,0.0,0.0,0.0,0.0,0.0,0.0
2026-06-23 10:07:35,0.0,0.0,0.0,0.0,0.0,0.0,0.0,0.0,36.656440014263545,37.298364324294035,37.06993104986269,14.0,14.0033808248251,13.974994120631344,0.0,36.0,0.0,0.0,0.0,0.0,0.0,0.0,0.0,0.0,0.0,0.0,0.0
2026-06-23 10:07:35,0.0,0.0,0.0,0.0,0.0,0.0,0.0,0.0,36.903664721536195,37.209186018665626,37.22710585994326,14.0,13.984993938733213,14.02929721138803,0.0,36.0,0.0,0.0,0.0,0.0,0.0,0.0,0.0,0.0,0.0,0.0,0.0
2026-06-23 10:07:36,0.0,0.0,0.0,0.0,0.0,0.0,0.0,0.0,37.08033936384684,36.84726030833536,37.0420817138016,14.0,14.018341253315118,14.040551015241837,0.0,36.0,0.0,0.0,0.0,0.0,0.0,0.0,0.0,0.0,0.0,0.0,0.0
2026-06-23 10:07:36,0.0,0.0,0.0,0.0,0.0,0.0,0.0,0.0,36.95539196891148,37.33620181383156,36.79854175738615,14.0,14.004822043767447,13.974502326688834,0.0,36.0,0.0,0.0,0.0,0.0,0.0,0.0,0.0,0.0,0.0,0.0,0.0
2026-06-23 10:07:37,0.0,0.0,0.0,0.0,0.0,0.0,0.0,0.0,37.018666056036764,37.09892767574329,37.16139401107372,14.0,14.000261084667804,13.990986314029643,0.0,36.0,0.0,0.0,0.0,0.0,0.0,0.0,0.0,0.0,0.0,0.0,0.0
2026-06-23 10:07:37,0.0,0.0,0.0,0.0,0.0,0.0,0.0,0.0,37.07672817728861,37.24041422650155,37.200156299060204,14.0,13.988872897222032,14.021672042482711,0.0,36.0,0.0,0.0,0.0,0.0,0.0,0.0,0.0,0.0,0.0,0.0,0.0
2026-06-23 10:07:38,0.0,0.0,0.0,0.0,0.0,0.0,0.0,0.0,36.93320838402322,37.06936505874943,36.78474772709657,14.0,13.97861475016753,13.957917471707544,0.0,36.0,0.0,0.0,0.0,0.0,0.0,0.0,0.0,0.0,0.0,0.0,0.0
2026-06-23 10:07:38,0.0,0.0,0.0,0.0,0.0,0.0,0.0,0.0,36.74872499511301,37.1209504283687,36.910899923182875,14.0,13.99690983593877,14.030477824308914,0.0,36.0,0.0,0.0,0.0,0.0,0.0,0.0,0.0,0.0,0.0,0.0,0.0
2026-06-23 10:07:39,0.0,0.0,0.0,0.0,0.0,0.0,0.0,0.0,36.68379738813803,37.13765746667928,37.25296322614504,14.0,13.967301906281955,14.009614959142539,0.0,36.0,0.0,0.0,0.0,0.0,0.0,0.0,0.0,0.0,0.0,0.0,0.0
2026-06-23 10:07:39,0.0,0.0,0.0,0.0,0.0,0.0,0.0,0.0,36.69239174403175,36.8481283173993,37.08390747651889,14.0,14.019049578347163,14.004347024119404,0.0,36.0,0.0,0.0,0.0,0.0,0.0,0.0,0.0,0.0,0.0,0.0,0.0
2026-06-23 10:07:40,0.0,0.0,0.0,0.0,0.0,0.0,0.0,0.0,36.78793195868672,36.977845499989876,37.09058210171867,14.0,13.99838747350563,13.957444533008696,0.0,36.0,0.0,0.0,0.0,0.0,0.0,0.0,0.0,0.0,0.0,0.0,0.0
2026-06-23 10:07:40,0.0,0.0,0.0,0.0,0.0,0.0,0.0,0.0,36.929944439958916,37.26695377146206,36.786229932004,14.0,14.026583972257155,13.95878217896612,0.0,36.0,0.0,0.0,0.0,0.0,0.0,0.0,0.0,0.0,0.0,0.0,0.0
2026-06-23 10:07:41,0.0,0.0,0.0,0.0,0.0,0.0,0.0,0.0,37.05502062330281,36.863006241227936,36.97715679166738,14.0,14.017187858485098,14.02550814219738,0.0,36.0,0.0,0.0,0.0,0.0,0.0,0.0,0.0,0.0,0.0,0.0,0.0
2026-06-23 10:07:41,0.0,0.0,0.0,0.0,0.0,0.0,0.0,0.0,37.05967551959635,36.94277141476575,37.277123446530304,14.0,14.047921357420131,14.036160262039774,0.0,36.0,0.0,0.0,0.0,0.0,0.0,0.0,0.0,0.0,0.0,0.0,0.0
2026-06-23 10:07:42,0.0,0.0,0.0,0.0,0.0,0.0,0.0,0.0,36.98614979256121,36.862675440864976,36.90282460046602,14.0,14.035468109229942,13.965235890468028,0.0,36.0,0.0,0.0,0.0,0.0,0.0,0.0,0.0,0.0,0.0,0.0,0.0
2026-06-23 10:07:42,0.0,0.0,0.0,0.0,0.0,0.0,0.0,0.0,36.7873881310868,37.019578361427016,36.72166011259407,14.0,14.012290317659232,14.016967596362573,0.0,36.0,0.0,0.0,0.0,0.0,0.0,0.0,0.0,0.0,0.0,0.0,0.0
2026-06-23 10:07:43,0.0,0.0,0.0,0.0,0.0,0.0,0.0,0.0,36.98160639207034,37.37451405263624,36.83682650884532,14.0,13.967250173543873,13.959853879196837,0.0,36.0,0.0,0.0,0.0,0.0,0.0,0.0,0.0,0.0,0.0,0.0,0.0
2026-06-23 10:07:43,0.0,0.0,0.0,0.0,0.0,0.0,0.0,0.0,37.035290900064425,37.38444560809968,36.89047192415271,14.0,14.03195136926459,13.95852877108079,0.0,36.0,0.0,0.0,0.0,0.0,0.0,0.0,0.0,0.0,0.0,0.0,0.0
2026-06-23 10:07:44,0.0,0.0,0.0,0.0,0.0,0.0,0.0,0.0,36.81504744585446,37.29691995564102,36.968332193648166,14.0,14.041300018940387,13.984373884025482,0.0,36.0,0.0,0.0,0.0,0.0,0.0,0.0,0.0,0.0,0.0,0.0,0.0
2026-06-23 10:07:44,0.0,0.0,0.0,0.0,0.0,0.0,0.0,0.0,36.82980262783232,36.98032011241377,36.940289914039234,14.0,13.954079754548939,14.02863582174272,0.0,36.0,0.0,0.0,0.0,0.0,0.0,0.0,0.0,0.0,0.0,0.0,0.0
2026-06-23 10:07:45,0.0,0.0,0.0,0.0,0.0,0.0,0.0,0.0,36.675570796475455,37.30145406680385,36.8396338385147,14.0,13.95427315416336,14.013803170818678,0.0,36.0,0.0,0.0,0.0,0.0,0.0,0.0,0.0,0.0,0.0,0.0,0.0
2026-06-23 10:07:45,0.0,0.0,0.0,0.0,0.0,0.0,0.0,0.0,36.95660693524274,36.95014755713963,36.90658702894879,14.0,13.960128154192654,13.95215905832294,0.0,36.0,0.0,0.0,0.0,0.0,0.0,0.0,0.0,0.0,0.0,0.0,0.0
2026-06-23 10:07:46,0.0,0.0,0.0,0.0,0.0,0.0,0.0,0.0,36.74216104694791,37.02329564898297,36.79173318868937,14.0,14.043965191039632,13.981756943216915,0.0,36.0,0.0,0.0,0.0,0.0,0.0,0.0,0.0,0.0,0.0,0.0,0.0
2026-06-23 10:07:46,0.0,0.0,0.0,0.0,0.0,0.0,0.0,0.0,36.537740699894634,37.116576147532164,37.25337399666655,14.0,14.018310700472975,14.005605314947816,0.0,36.0,0.0,0.0,0.0,0.0,0.0,0.0,0.0,0.0,0.0,0.0,0.0
2026-06-23 10:07:47,0.0,0.0,0.0,0.0,0.0,0.0,0.0,0.0,36.786619050836144,36.982825480368454,37.257872424941006,14.0,14.010618538868028,13.951361581364557,0.0,36.0,0.0,0.0,0.0,0.0,0.0,0.0,0.0,0.0,0.0,0.0,0.0
2026-06-23 10:07:47,0.0,0.0,0.0,0.0,0.0,0.0,0.0,0.0,36.598081774792426,36.914693978436084,36.70523950326456,14.0,14.02282638752088,14.007396416086756,0.0,36.0,0.0,0.0,0.0,0.0,0.0,0.0,0.0,0.0,0.0,0.0,0.0
2026-06-23 10:07:48,0.0,0.0,0.0,0.0,0.0,0.0,0.0,0.0,36.96761853639783,36.84905270948662,37.22402022903543,14.0,13.986608929485474,13.988373233652682,0.0,36.0,0.0,0.0,0.0,0.0,0.0,0.0,0.0,0.0,0.0,0.0,0.0
2026-06-23 10:07:48,0.0,0.0,0.0,0.0,0.0,0.0,0.0,0.0,36.555376176957985,37.18762145950319,36.947745636320306,14.0,13.95431511048354,13.96810754848387,0.0,36.0,0.0,0.0,0.0,0.0,0.0,0.0,0.0,0.0,0.0,0.0,0.0
2026-06-23 10:07:49,0.0,0.0,0.0,0.0,0.0,0.0,0.0,0.0,36.57101300650232,37.235189087765136,36.73084264726985,14.0,14.029779975910307,14.022956848479526,0.0,36.0,0.0,0.0,0.0,0.0,0.0,0.0,0.0,0.0,0.0,0.0,0.0
2026-06-23 10:07:49,0.0,0.0,0.0,0.0,0.0,0.0,0.0,0.0,36.87878198106935,36.92222459225781,36.778865139329184,14.0,14.029268514090926,13.970132661386849,0.0,36.0,0.0,0.0,0.0,0.0,0.0,0.0,0.0,0.0,0.0,0.0,0.0
2026-06-23 10:07:50,0.0,0.0,0.0,0.0,0.0,0.0,0.0,0.0,36.89360908509444,37.31333877719546,36.706734422060904,14.0,13.957475739476923,14.039811438070375,0.0,36.0,0.0,0.0,0.0,0.0,0.0,0.0,0.0,0.0,0.0,0.0,0.0
2026-06-23 10:07:50,0.0,0.0,0.0,0.0,0.0,0.0,0.0,0.0,36.84503050937953,37.09233685791256,37.0669675670885,14.0,13.952692994086036,13.967122747085506,0.0,36.0,0.0,0.0,0.0,0.0,0.0,0.0,0.0,0.0,0.0,0.0,0.0
2026-06-23 10:07:51,0.0,0.0,0.0,0.0,0.0,0.0,0.0,0.0,36.607365612936675,36.90588304283959,36.94587450085406,14.0,14.001487021995219,14.02168205252794,0.0,36.0,0.0,0.0,0.0,0.0,0.0,0.0,0.0,0.0,0.0,0.0,0.0
2026-06-23 10:07:51,0.0,0.0,0.0,0.0,0.0,0.0,0.0,0.0,36.651494672976746,37.34000616122392,36.97846219024453,14.0,13.96359789377014,13.959574875835196,0.0,36.0,0.0,0.0,0.0,0.0,0.0,0.0,0.0,0.0,0.0,0.0,0.0
2026-06-23 10:07:52,0.0,0.0,0.0,0.0,0.0,0.0,0.0,0.0,36.80633794061879,36.85426371618201,36.824860116214545,14.0,14.041147654824588,13.97221560951621,0.0,36.0,0.0,0.0,0.0,0.0,0.0,0.0,0.0,0.0,0.0,0.0,0.0
2026-06-23 10:07:52,0.0,0.0,0.0,0.0,0.0,0.0,0.0,0.0,36.80983657564828,37.01487052183522,36.84232331698481,14.0,14.027769055026406,13.995996903785054,0.0,36.0,0.0,0.0,0.0,0.0,0.0,0.0,0.0,0.0,0.0,0.0,0.0
2026-06-23 10:07:53,0.0,0.0,0.0,0.0,0.0,0.0,0.0,0.0,36.983201917733105,37.18486525097355,37.149681140304665,14.0,14.002320247565624,13.976271350896651,0.0,36.0,0.0,0.0,0.0,0.0,0.0,0.0,0.0,0.0,0.0,0.0,0.0
2026-06-23 10:07:53,0.0,0.0,0.0,0.0,0.0,0.0,0.0,0.0,36.65585975646131,36.83304807482081,36.90229329322399,14.0,13.972775354456216,13.975057351056968,0.0,36.0,0.0,0.0,0.0,0.0,0.0,0.0,0.0,0.0,0.0,0.0,0.0
2026-06-23 10:07:54,0.0,0.0,0.0,0.0,0.0,0.0,0.0,0.0,36.656297854760574,36.80486406993156,36.765170313521935,14.0,13.965818713426335,13.984808346012173,0.0,36.0,0.0,0.0,0.0,0.0,0.0,0.0,0.0,0.0,0.0,0.0,0.0
2026-06-23 10:07:54,0.0,0.0,0.0,0.0,0.0,0.0,0.0,0.0,36.52019839176733,37.10818008105671,37.238209918841775,14.0,14.008346948418117,14.021325539343836,0.0,36.0,0.0,0.0,0.0,0.0,0.0,0.0,0.0,0.0,0.0,0.0,0.0
2026-06-23 10:07:55,0.0,0.0,0.0,0.0,0.0,0.0,0.0,0.0,37.06086585527297,37.30064429474628,36.96022412607254,14.0,14.000128978608272,14.034992030874655,0.0,36.0,0.0,0.0,0.0,0.0,0.0,0.0,0.0,0.0,0.0,0.0,0.0
2026-06-23 10:07:55,0.0,0.0,0.0,0.0,0.0,0.0,0.0,0.0,36.81444670332575,37.36326476937311,36.87655453451784,14.0,14.011260282807818,14.038624836004068,0.0,36.0,0.0,0.0,0.0,0.0,0.0,0.0,0.0,0.0,0.0,0.0,0.0
2026-06-23 10:07:56,0.0,0.0,0.0,0.0,0.0,0.0,0.0,0.0,36.82332662730021,37.31204254194651,37.258730360893125,14.0,14.002219193078002,14.036087332364207,0.0,36.0,0.0,0.0,0.0,0.0,0.0,0.0,0.0,0.0,0.0,0.0,0.0
2026-06-23 10:07:56,0.0,0.0,0.0,0.0,0.0,0.0,0.0,0.0,36.50699458931676,37.13032158096679,37.17239764007994,14.0,14.032986415545285,13.96398984140827,0.0,36.0,0.0,0.0,0.0,0.0,0.0,0.0,0.0,0.0,0.0,0.0,0.0
2026-06-23 10:07:57,0.0,0.0,0.0,0.0,0.0,0.0,0.0,0.0,36.845443008453145,36.94193388785727,36.863437224941855,14.0,13.953747949324542,13.984699050842895,0.0,36.0,0.0,0.0,0.0,0.0,0.0,0.0,0.0,0.0,0.0,0.0,0.0
2026-06-23 10:07:57,0.0,0.0,0.0,0.0,0.0,0.0,0.0,0.0,36.95647660812058,37.02456854877867,36.76677922399941,14.0,13.975526385389962,13.989690091942816,0.0,36.0,0.0,0.0,0.0,0.0,0.0,0.0,0.0,0.0,0.0,0.0,0.0
2026-06-23 10:07:58,0.0,0.0,0.0,0.0,0.0,0.0,0.0,0.0,36.657017495555706,37.381599462838686,36.75589832725474,14.0,14.0041747696482,14.024452397287023,0.0,36.0,0.0,0.0,0.0,0.0,0.0,0.0,0.0,0.0,0.0,0.0,0.0
2026-06-23 10:07:58,0.0,0.0,0.0,0.0,0.0,0.0,0.0,0.0,36.64141415454348,37.29956309552687,36.99046701016242,14.0,13.951978166239966,13.996617149264841,0.0,36.0,0.0,0.0,0.0,0.0,0.0,0.0,0.0,0.0,0.0,0.0,0.0
2026-06-23 10:07:59,0.0,0.0,0.0,0.0,0.0,0.0,0.0,0.0,36.90134186321224,37.15722387346958,37.252272375316,14.0,14.015340110740514,14.007511964654407,0.0,36.0,0.0,0.0,0.0,0.0,0.0,0.0,0.0,0.0,0.0,0.0,0.0
2026-06-23 10:07:59,0.0,0.0,0.0,0.0,0.0,0.0,0.0,0.0,36.78748036758646,37.01181243958698,37.00172440851008,14.0,13.99350484064428,14.049344561908729,0.0,36.0,0.0,0.0,0.0,0.0,0.0,0.0,0.0,0.0,0.0,0.0,0.0
2026-06-23 10:08:00,0.0,0.0,0.0,0.0,0.0,0.0,0.0,0.0,36.783498091018856,37.29128314483344,36.87478072336152,14.0,13.96515582861835,13.973855307446348,0.0,36.0,0.0,0.0,0.0,0.0,0.0,0.0,0.0,0.0,0.0,0.0,0.0
2026-06-23 10:08:00,0.0,0.0,0.0,0.0,0.0,0.0,0.0,0.0,36.78338958235171,37.228079077084374,37.23173072738625,14.0,14.018208000950533,14.021516619531795,0.0,36.0,0.0,0.0,0.0,0.0,0.0,0.0,0.0,0.0,0.0,0.0,0.0
2026-06-23 10:08:01,0.0,0.0,0.0,0.0,0.0,0.0,0.0,0.0,36.61266108572111,37.03879692227459,36.98193553875056,14.0,14.048606513855187,13.950320937951798,0.0,36.0,0.0,0.0,0.0,0.0,0.0,0.0,0.0,0.0,0.0,0.0,0.0
2026-06-23 10:08:01,0.0,0.0,0.0,0.0,0.0,0.0,0.0,0.0,36.824688215772184,36.92152178909254,36.70454506921721,14.0,14.03250959002226,14.010177453398963,0.0,36.0,0.0,0.0,0.0,0.0,0.0,0.0,0.0,0.0,0.0,0.0,0.0
2026-06-23 10:08:02,0.0,0.0,0.0,0.0,0.0,0.0,0.0,0.0,36.581469476784875,37.26430012335768,36.79851328157347,14.0,13.978154174016451,14.030399938037197,0.0,36.0,0.0,0.0,0.0,0.0,0.0,0.0,0.0,0.0,0.0,0.0,0.0
2026-06-23 10:08:02,0.0,0.0,0.0,0.0,0.0,0.0,0.0,0.0,36.543277833951805,37.255871750622866,37.23110801209624,14.0,13.96124145773676,14.034487637883204,0.0,36.0,0.0,0.0,0.0,0.0,0.0,0.0,0.0,0.0,0.0,0.0,0.0
2026-06-23 10:08:03,0.0,0.0,0.0,0.0,0.0,0.0,0.0,0.0,36.74424095711813,36.92590707456698,37.05582918208137,14.0,13.959874341456484,14.00878393212547,0.0,36.0,0.0,0.0,0.0,0.0,0.0,0.0,0.0,0.0,0.0,0.0,0.0
2026-06-23 10:08:03,0.0,0.0,0.0,0.0,0.0,0.0,0.0,0.0,36.89427813300375,36.992105225319726,36.8613080398823,14.0,14.003202281310521,13.980354067138846,0.0,36.0,0.0,0.0,0.0,0.0,0.0,0.0,0.0,0.0,0.0,0.0,0.0
2026-06-23 10:08:04,0.0,0.0,0.0,0.0,0.0,0.0,0.0,0.0,36.516489751308214,37.36881161718425,36.85639830500487,14.0,13.976072750727548,13.996305264132591,0.0,36.0,0.0,0.0,0.0,0.0,0.0,0.0,0.0,0.0,0.0,0.0,0.0
2026-06-23 10:08:04,0.0,0.0,0.0,0.0,0.0,0.0,0.0,0.0,36.80269333876688,36.88229888961009,37.276114945332615,14.0,13.986611360332901,14.004081162744358,0.0,36.0,0.0,0.0,0.0,0.0,0.0,0.0,0.0,0.0,0.0,0.0,0.0
2026-06-23 10:08:05,0.0,0.0,0.0,0.0,0.0,0.0,0.0,0.0,36.60715313042138,37.280087425149105,36.89739683040139,14.0,13.958304662935678,14.034116576906115,0.0,36.0,0.0,0.0,0.0,0.0,0.0,0.0,0.0,0.0,0.0,0.0,0.0
2026-06-23 10:08:05,0.0,0.0,0.0,0.0,0.0,0.0,0.0,0.0,36.51847180491042,37.392153489638396,37.15750563195441,14.0,14.015418101072823,14.007324750968621,0.0,36.0,0.0,0.0,0.0,0.0,0.0,0.0,0.0,0.0,0.0,0.0,0.0
2026-06-23 10:08:06,0.0,0.0,0.0,0.0,0.0,0.0,0.0,0.0,36.55418487717209,37.029635489151254,36.81302224333625,14.0,13.976261856208554,14.004077228982883,0.0,36.0,0.0,0.0,0.0,0.0,0.0,0.0,0.0,0.0,0.0,0.0,0.0
2026-06-23 10:08:06,0.0,0.0,0.0,0.0,0.0,0.0,0.0,0.0,36.809675984175335,37.22386259781802,37.04513483919565,14.0,13.993661406189153,14.001503954501306,0.0,36.0,0.0,0.0,0.0,0.0,0.0,0.0,0.0,0.0,0.0,0.0,0.0
2026-06-23 10:08:07,0.0,0.0,0.0,0.0,0.0,0.0,0.0,0.0,36.920972843457704,37.25094932716476,36.765565324468504,14.0,14.031077694685068,13.977423103688825,0.0,36.0,0.0,0.0,0.0,0.0,0.0,0.0,0.0,0.0,0.0,0.0,0.0
2026-06-23 10:08:07,0.0,0.0,0.0,0.0,0.0,0.0,0.0,0.0,37.006123379599664,36.97133516786291,36.88977046431841,14.0,13.993915957505939,13.978191716465563,0.0,36.0,0.0,0.0,0.0,0.0,0.0,0.0,0.0,0.0,0.0,0.0,0.0
2026-06-23 10:08:08,0.0,0.0,0.0,0.0,0.0,0.0,0.0,0.0,36.69484057228342,37.23502987372994,37.008868384924334,14.0,13.962866897412805,14.04511119856394,0.0,36.0,0.0,0.0,0.0,0.0,0.0,0.0,0.0,0.0,0.0,0.0,0.0
2026-06-23 10:08:08,0.0,0.0,0.0,0.0,0.0,0.0,0.0,0.0,36.99573009880562,37.21121004293252,36.974289398940336,14.0,13.978625561182833,13.971319953810893,0.0,36.0,0.0,0.0,0.0,0.0,0.0,0.0,0.0,0.0,0.0,0.0,0.0
2026-06-23 10:08:09,0.0,0.0,0.0,0.0,0.0,0.0,0.0,0.0,36.82317153617729,37.23310967233499,36.98148202480916,14.0,14.008109897834597,13.983770738085449,0.0,36.0,0.0,0.0,0.0,0.0,0.0,0.0,0.0,0.0,0.0,0.0,0.0
2026-06-23 10:08:09,0.0,0.0,0.0,0.0,0.0,0.0,0.0,0.0,36.841946477558274,36.90091579525191,37.22728350584693,14.0,13.972757633784921,14.044841129541023,0.0,36.0,0.0,0.0,0.0,0.0,0.0,0.0,0.0,0.0,0.0,0.0,0.0
2026-06-23 10:08:10,0.0,0.0,0.0,0.0,0.0,0.0,0.0,0.0,36.6248794339905,37.16835833319927,36.98376987474119,14.0,13.952312698934701,14.0239258618192,0.0,36.0,0.0,0.0,0.0,0.0,0.0,0.0,0.0,0.0,0.0,0.0,0.0
2026-06-23 10:08:10,0.0,0.0,0.0,0.0,0.0,0.0,0.0,0.0,36.56842463403479,37.15859942777634,36.74065450765283,14.0,13.994940139251758,14.010591517606516,0.0,36.0,0.0,0.0,0.0,0.0,0.0,0.0,0.0,0.0,0.0,0.0,0.0
2026-06-23 10:08:11,0.0,0.0,0.0,0.0,0.0,0.0,0.0,0.0,36.785135204640845,36.831171040617164,36.83412137900105,14.0,13.959522923106348,13.986803243234727,0.0,36.0,0.0,0.0,0.0,0.0,0.0,0.0,0.0,0.0,0.0,0.0,0.0
2026-06-23 10:08:11,0.0,0.0,0.0,0.0,0.0,0.0,0.0,0.0,36.703955988460834,37.143810159656134,37.18862415572926,14.0,14.034469469709094,13.972855481505722,0.0,36.0,0.0,0.0,0.0,0.0,0.0,0.0,0.0,0.0,0.0,0.0,0.0
2026-06-23 10:08:12,0.0,0.0,0.0,0.0,0.0,0.0,0.0,0.0,36.70465422256684,36.893611619850724,37.00697486105669,14.0,14.048492239368661,14.010054954019608,0.0,36.0,0.0,0.0,0.0,0.0,0.0,0.0,0.0,0.0,0.0,0.0,0.0
2026-06-23 10:08:12,0.0,0.0,0.0,0.0,0.0,0.0,0.0,0.0,37.04054413598474,37.14350514332211,37.21629961766089,14.0,14.041046001916,14.048969835032747,0.0,36.0,0.0,0.0,0.0,0.0,0.0,0.0,0.0,0.0,0.0,0.0,0.0
2026-06-23 10:08:13,0.0,0.0,0.0,0.0,0.0,0.0,0.0,0.0,36.68874513285773,36.935720200897855,37.04703146489123,14.0,14.008095095009319,14.048293060554878,0.0,36.0,0.0,0.0,0.0,0.0,0.0,0.0,0.0,0.0,0.0,0.0,0.0
2026-06-23 10:08:13,0.0,0.0,0.0,0.0,0.0,0.0,0.0,0.0,37.004609864726454,37.04586536025181,37.06610982560153,14.0,14.026178501309461,14.015410958833545,0.0,36.0,0.0,0.0,0.0,0.0,0.0,0.0,0.0,0.0,0.0,0.0,0.0
2026-06-23 10:08:14,0.0,0.0,0.0,0.0,0.0,0.0,0.0,0.0,36.95506111997886,36.9081544390088,36.97581281245165,14.0,14.008798511799696,14.048019622446201,0.0,36.0,0.0,0.0,0.0,0.0,0.0,0.0,0.0,0.0,0.0,0.0,0.0
2026-06-23 10:08:14,0.0,0.0,0.0,0.0,0.0,0.0,0.0,0.0,36.99716977892498,37.00173536212215,36.824549622710315,14.0,13.968205285110036,14.01369930951339,0.0,36.0,0.0,0.0,0.0,0.0,0.0,0.0,0.0,0.0,0.0,0.0,0.0
2026-06-23 10:08:15,0.0,0.0,0.0,0.0,0.0,0.0,0.0,0.0,36.67411636467982,37.0608727019553,37.17233364288164,14.0,13.960924406234561,14.007836090754422,0.0,36.0,0.0,0.0,0.0,0.0,0.0,0.0,0.0,0.0,0.0,0.0,0.0
2026-06-23 10:08:15,0.0,0.0,0.0,0.0,0.0,0.0,0.0,0.0,36.6523407454432,36.913333688846514,36.80115624559696,14.0,13.983645297349163,13.951577442647743,0.0,36.0,0.0,0.0,0.0,0.0,0.0,0.0,0.0,0.0,0.0,0.0,0.0
2026-06-23 10:08:16,0.0,0.0,0.0,0.0,0.0,0.0,0.0,0.0,36.615034872817695,37.122540503533784,36.731658108053,14.0,13.964413827916715,13.98366545783781,0.0,36.0,0.0,0.0,0.0,0.0,0.0,0.0,0.0,0.0,0.0,0.0,0.0
2026-06-23 10:08:16,0.0,0.0,0.0,0.0,0.0,0.0,0.0,0.0,36.764409002084456,37.34058104209355,37.10070966349263,14.0,13.961951799271233,13.979106589682482,0.0,36.0,0.0,0.0,0.0,0.0,0.0,0.0,0.0,0.0,0.0,0.0,0.0
2026-06-23 10:08:17,0.0,0.0,0.0,0.0,0.0,0.0,0.0,0.0,36.50566074030084,36.85181447962674,37.13258996607095,14.0,14.01230382514794,14.002939910413927,0.0,36.0,0.0,0.0,0.0,0.0,0.0,0.0,0.0,0.0,0.0,0.0,0.0
2026-06-23 10:08:17,0.0,0.0,0.0,0.0,0.0,0.0,0.0,0.0,36.75648564545353,36.84368469620821,37.01096602768149,14.0,13.967947883441685,14.005063234150542,0.0,36.0,0.0,0.0,0.0,0.0,0.0,0.0,0.0,0.0,0.0,0.0,0.0
2026-06-23 10:08:18,0.0,0.0,0.0,0.0,0.0,0.0,0.0,0.0,36.64328669341127,36.82625330058039,36.92169929980753,14.0,14.019509666782428,14.01935560454435,0.0,36.0,0.0,0.0,0.0,0.0,0.0,0.0,0.0,0.0,0.0,0.0,0.0
2026-06-23 10:08:18,0.0,0.0,0.0,0.0,0.0,0.0,0.0,0.0,36.60980412619128,37.19038148832728,37.109857780798805,14.0,13.967740571615675,14.032474874655728,0.0,36.0,0.0,0.0,0.0,0.0,0.0,0.0,0.0,0.0,0.0,0.0,0.0
2026-06-23 10:08:19,0.0,0.0,0.0,0.0,0.0,0.0,0.0,0.0,36.61537186551076,37.01807729632285,37.096533943119795,14.0,13.989489443766292,13.978983963073874,0.0,36.0,0.0,0.0,0.0,0.0,0.0,0.0,0.0,0.0,0.0,0.0,0.0
2026-06-23 10:08:19,0.0,0.0,0.0,0.0,0.0,0.0,0.0,0.0,37.02862597800338,37.35420609841072,36.87886560233264,14.0,14.006803834840532,14.023896975873473,0.0,36.0,0.0,0.0,0.0,0.0,0.0,0.0,0.0,0.0,0.0,0.0,0.0
2026-06-23 10:08:20,0.0,0.0,0.0,0.0,0.0,0.0,0.0,0.0,36.7348786193833,36.85474582129841,37.023735999266755,14.0,14.034674995141115,14.001292267503535,0.0,36.0,0.0,0.0,0.0,0.0,0.0,0.0,0.0,0.0,0.0,0.0,0.0
2026-06-23 10:08:20,0.0,0.0,0.0,0.0,0.0,0.0,0.0,0.0,36.96755441820976,36.962943555715725,37.08699542571521,14.0,14.006287799785154,14.049206073878262,0.0,36.0,0.0,0.0,0.0,0.0,0.0,0.0,0.0,0.0,0.0,0.0,0.0
2026-06-23 10:08:21,0.0,0.0,0.0,0.0,0.0,0.0,0.0,0.0,36.91258768354279,37.307362406418314,36.911356251389066,14.0,14.042710827389715,14.03837312400902,0.0,36.0,0.0,0.0,0.0,0.0,0.0,0.0,0.0,0.0,0.0,0.0,0.0
2026-06-23 10:08:21,0.0,0.0,0.0,0.0,0.0,0.0,0.0,0.0,36.943332505602505,36.93699271520523,37.23397458898022,14.0,13.994160455252183,13.954679921821837,0.0,36.0,0.0,0.0,0.0,0.0,0.0,0.0,0.0,0.0,0.0,0.0,0.0
2026-06-23 10:08:22,0.0,0.0,0.0,0.0,0.0,0.0,0.0,0.0,36.65802326949432,37.06560520259573,37.29007693479346,14.0,14.030825377386666,14.02592347003639,0.0,36.0,0.0,0.0,0.0,0.0,0.0,0.0,0.0,0.0,0.0,0.0,0.0
2026-06-23 10:08:22,0.0,0.0,0.0,0.0,0.0,0.0,0.0,0.0,36.51367589504351,37.29173159538188,36.76285043857078,14.0,14.04770828170081,14.037750204113689,0.0,36.0,0.0,0.0,0.0,0.0,0.0,0.0,0.0,0.0,0.0,0.0,0.0
2026-06-23 10:08:23,0.0,0.0,0.0,0.0,0.0,0.0,0.0,0.0,36.85101253761951,36.82159548357421,37.17538686326564,14.0,14.003396307207536,13.999967252290585,0.0,36.0,0.0,0.0,0.0,0.0,0.0,0.0,0.0,0.0,0.0,0.0,0.0
2026-06-23 10:08:23,0.0,0.0,0.0,0.0,0.0,0.0,0.0,0.0,36.66520519869265,37.00259281164707,36.769993285448365,14.0,13.950175591492991,14.001412478583285,0.0,36.0,0.0,0.0,0.0,0.0,0.0,0.0,0.0,0.0,0.0,0.0,0.0
2026-06-23 10:08:24,0.0,0.0,0.0,0.0,0.0,0.0,0.0,0.0,36.97121589640599,37.26362756671465,37.010931772702676,14.0,14.027292232527849,14.030140314395567,0.0,36.0,0.0,0.0,0.0,0.0,0.0,0.0,0.0,0.0,0.0,0.0,0.0
2026-06-23 10:08:24,0.0,0.0,0.0,0.0,0.0,0.0,0.0,0.0,36.925057904628225,37.377491453981264,36.76272265590526,14.0,14.037614507344317,13.9955883685962,0.0,36.0,0.0,0.0,0.0,0.0,0.0,0.0,0.0,0.0,0.0,0.0,0.0
2026-06-23 10:08:25,0.0,0.0,0.0,0.0,0.0,0.0,0.0,0.0,36.79735501609642,37.14092185213959,36.82393327145614,14.0,13.992704491574518,14.023790883495508,0.0,36.0,0.0,0.0,0.0,0.0,0.0,0.0,0.0,0.0,0.0,0.0,0.0
2026-06-23 10:08:25,0.0,0.0,0.0,0.0,0.0,0.0,0.0,0.0,37.012110318763874,37.035293838384284,36.84575612150003,14.0,14.004917618149205,14.033573025195354,0.0,36.0,0.0,0.0,0.0,0.0,0.0,0.0,0.0,0.0,0.0,0.0,0.0
2026-06-23 10:08:26,0.0,0.0,0.0,0.0,0.0,0.0,0.0,0.0,36.53568648630846,36.90883901219947,37.270709637815834,14.0,13.950157263864577,14.019130299715664,0.0,36.0,0.0,0.0,0.0,0.0,0.0,0.0,0.0,0.0,0.0,0.0,0.0
2026-06-23 10:08:26,0.0,0.0,0.0,0.0,0.0,0.0,0.0,0.0,36.79188967721722,37.15126823508683,36.702893527832565,14.0,13.983511677646218,13.999082180477114,0.0,36.0,0.0,0.0,0.0,0.0,0.0,0.0,0.0,0.0,0.0,0.0,0.0
2026-06-23 10:08:27,0.0,0.0,0.0,0.0,0.0,0.0,0.0,0.0,36.87697345663987,37.198087410253365,36.93349296777227,14.0,14.039018395830869,14.012401301172238,0.0,36.0,0.0,0.0,0.0,0.0,0.0,0.0,0.0,0.0,0.0,0.0,0.0
2026-06-23 10:08:27,0.0,0.0,0.0,0.0,0.0,0.0,0.0,0.0,36.91756089236423,36.99525627736299,36.7460989521724,14.0,13.952357859981941,13.99809432515468,0.0,36.0,0.0,0.0,0.0,0.0,0.0,0.0,0.0,0.0,0.0,0.0,0.0
2026-06-23 10:08:28,0.0,0.0,0.0,0.0,0.0,0.0,0.0,0.0,36.717014019119276,36.98884355351558,36.76166956743003,14.0,13.965195758527127,14.003795685758735,0.0,36.0,0.0,0.0,0.0,0.0,0.0,0.0,0.0,0.0,0.0,0.0,0.0
2026-06-23 10:08:28,0.0,0.0,0.0,0.0,0.0,0.0,0.0,0.0,36.73538738952029,36.96523379477565,37.06687426181127,14.0,13.98363075990003,14.010896838539999,0.0,36.0,0.0,0.0,0.0,0.0,0.0,0.0,0.0,0.0,0.0,0.0,0.0
2026-06-23 10:08:29,0.0,0.0,0.0,0.0,0.0,0.0,0.0,0.0,36.56275400760497,37.199721492351145,37.156468653460145,14.0,13.965404061806161,13.95749832713655,0.0,36.0,0.0,0.0,0.0,0.0,0.0,0.0,0.0,0.0,0.0,0.0,0.0
2026-06-23 10:08:29,0.0,0.0,0.0,0.0,0.0,0.0,0.0,0.0,36.70733468212823,37.27204405544121,36.73306432384629,14.0,14.007966555464165,14.004884787516351,0.0,36.0,0.0,0.0,0.0,0.0,0.0,0.0,0.0,0.0,0.0,0.0,0.0
2026-06-23 10:08:30,0.0,0.0,0.0,0.0,0.0,0.0,0.0,0.0,37.008676158839336,37.05122472043114,37.19213304962864,14.0,14.0000039799032,14.006202265897706,0.0,36.0,0.0,0.0,0.0,0.0,0.0,0.0,0.0,0.0,0.0,0.0,0.0
2026-06-23 10:08:30,0.0,0.0,0.0,0.0,0.0,0.0,0.0,0.0,37.01797132662738,37.35139986122787,36.702597691932056,14.0,14.03403646798778,14.004738722036103,0.0,36.0,0.0,0.0,0.0,0.0,0.0,0.0,0.0,0.0,0.0,0.0,0.0
2026-06-23 10:08:31,0.0,0.0,0.0,0.0,0.0,0.0,0.0,0.0,36.62258301029208,36.89078145656887,37.16835091332116,14.0,13.952835951015766,14.029948200804192,0.0,36.0,0.0,0.0,0.0,0.0,0.0,0.0,0.0,0.0,0.0,0.0,0.0
2026-06-23 10:08:31,0.0,0.0,0.0,0.0,0.0,0.0,0.0,0.0,37.0986054367593,37.369606700417016,37.13348538202544,14.0,14.028731991783207,13.961870250812982,0.0,36.0,0.0,0.0,0.0,0.0,0.0,0.0,0.0,0.0,0.0,0.0,0.0
2026-06-23 10:08:32,0.0,0.0,0.0,0.0,0.0,0.0,0.0,0.0,36.94576480875522,36.993004944337386,36.83535476729715,14.0,14.043875323847239,14.020921441835217,0.0,36.0,0.0,0.0,0.0,0.0,0.0,0.0,0.0,0.0,0.0,0.0,0.0
2026-06-23 10:08:32,0.0,0.0,0.0,0.0,0.0,0.0,0.0,0.0,36.78356381064693,37.05392240564995,36.96338622015981,14.0,13.952832177786991,14.046151371803854,0.0,36.0,0.0,0.0,0.0,0.0,0.0,0.0,0.0,0.0,0.0,0.0,0.0
2026-06-23 10:08:33,0.0,0.0,0.0,0.0,0.0,0.0,0.0,0.0,36.90395878582014,36.93031295102199,36.88746175676672,14.0,13.998800925193684,14.040695795244392,0.0,36.0,0.0,0.0,0.0,0.0,0.0,0.0,0.0,0.0,0.0,0.0,0.0
2026-06-23 10:08:33,0.0,0.0,0.0,0.0,0.0,0.0,0.0,0.0,36.598443432567336,36.92664473881499,37.07980750551535,14.0,14.010328203114934,14.011664371609069,0.0,36.0,0.0,0.0,0.0,0.0,0.0,0.0,0.0,0.0,0.0,0.0,0.0
2026-06-23 10:08:34,0.0,0.0,0.0,0.0,0.0,0.0,0.0,0.0,36.640355454649445,37.1865114340636,37.10839669522536,14.0,14.033733285180592,14.019456076530732,0.0,36.0,0.0,0.0,0.0,0.0,0.0,0.0,0.0,0.0,0.0,0.0,0.0
2026-06-23 10:08:34,0.0,0.0,0.0,0.0,0.0,0.0,0.0,0.0,36.95660170445045,36.8989075510229,37.0370860536859,14.0,13.960228195734313,14.025570046679926,0.0,36.0,0.0,0.0,0.0,0.0,0.0,0.0,0.0,0.0,0.0,0.0,0.0
2026-06-23 10:08:35,0.0,0.0,0.0,0.0,0.0,0.0,0.0,0.0,36.70921938916282,37.060334862121174,37.17183079039365,14.0,13.99129885300567,14.009238890943754,0.0,36.0,0.0,0.0,0.0,0.0,0.0,0.0,0.0,0.0,0.0,0.0,0.0
2026-06-23 10:08:35,0.0,0.0,0.0,0.0,0.0,0.0,0.0,0.0,36.884694612777125,36.95940031896355,36.92975225455879,14.0,13.970453131988638,13.966123216903926,0.0,36.0,0.0,0.0,0.0,0.0,0.0,0.0,0.0,0.0,0.0,0.0,0.0
2026-06-23 10:08:36,0.0,0.0,0.0,0.0,0.0,0.0,0.0,0.0,36.61722327749447,36.8718810923459,36.835356969871455,14.0,13.980750922178778,13.983224009515677,0.0,36.0,0.0,0.0,0.0,0.0,0.0,0.0,0.0,0.0,0.0,0.0,0.0
2026-06-23 10:08:36,0.0,0.0,0.0,0.0,0.0,0.0,0.0,0.0,36.65701512929325,36.821275650610495,37.25530976779174,14.0,13.952139797330325,14.023943516435098,0.0,36.0,0.0,0.0,0.0,0.0,0.0,0.0,0.0,0.0,0.0,0.0,0.0
2026-06-23 10:08:37,0.0,0.0,0.0,0.0,0.0,0.0,0.0,0.0,37.0504047838103,37.19528576220459,37.25273007797833,14.0,14.004084159702275,13.973133523583154,0.0,36.0,0.0,0.0,0.0,0.0,0.0,0.0,0.0,0.0,0.0,0.0,0.0
2026-06-23 10:08:37,0.0,0.0,0.0,0.0,0.0,0.0,0.0,0.0,36.67831319261795,37.16994290873683,36.76590578625621,14.0,13.95652200473296,14.003474759507291,0.0,36.0,0.0,0.0,0.0,0.0,0.0,0.0,0.0,0.0,0.0,0.0,0.0
2026-06-23 10:08:38,0.0,0.0,0.0,0.0,0.0,0.0,0.0,0.0,36.504896205266,37.15736363087987,37.11886287573343,14.0,13.953821050691957,14.032724205388703,0.0,36.0,0.0,0.0,0.0,0.0,0.0,0.0,0.0,0.0,0.0,0.0,0.0
2026-06-23 10:08:38,0.0,0.0,0.0,0.0,0.0,0.0,0.0,0.0,36.90215199156507,37.28573016925595,36.780583134563855,14.0,13.963283037638204,14.038354849373077,0.0,36.0,0.0,0.0,0.0,0.0,0.0,0.0,0.0,0.0,0.0,0.0,0.0
2026-06-23 10:08:39,0.0,0.0,0.0,0.0,0.0,0.0,0.0,0.0,36.953324303514385,36.881748792958355,37.02094055471183,14.0,13.973812145084809,13.95735458513605,0.0,36.0,0.0,0.0,0.0,0.0,0.0,0.0,0.0,0.0,0.0,0.0,0.0
2026-06-23 10:08:39,0.0,0.0,0.0,0.0,0.0,0.0,0.0,0.0,36.88444258503185,36.96118129264908,36.805638929537174,14.0,13.978916608948538,14.025946222118955,0.0,36.0,0.0,0.0,0.0,0.0,0.0,0.0,0.0,0.0,0.0,0.0,0.0
2026-06-23 10:08:40,0.0,0.0,0.0,0.0,0.0,0.0,0.0,0.0,36.57541242654672,36.85116872426512,36.99542500525296,14.0,14.033200649532413,14.043506311623583,0.0,36.0,0.0,0.0,0.0,0.0,0.0,0.0,0.0,0.0,0.0,0.0,0.0
2026-06-23 10:08:40,0.0,0.0,0.0,0.0,0.0,0.0,0.0,0.0,36.771947061561825,37.20455667675299,36.78537019714919,14.0,14.040823454990662,14.010965189350786,0.0,36.0,0.0,0.0,0.0,0.0,0.0,0.0,0.0,0.0,0.0,0.0,0.0
2026-06-23 10:08:41,0.0,0.0,0.0,0.0,0.0,0.0,0.0,0.0,36.827607502916514,37.36080613401232,37.05568878634316,14.0,14.025732227233414,14.018512989401462,0.0,36.0,0.0,0.0,0.0,0.0,0.0,0.0,0.0,0.0,0.0,0.0,0.0
2026-06-23 10:08:41,0.0,0.0,0.0,0.0,0.0,0.0,0.0,0.0,36.70419483135533,37.03330928494271,36.794583168479875,14.0,14.001718969826243,13.976153729822993,0.0,36.0,0.0,0.0,0.0,0.0,0.0,0.0,0.0,0.0,0.0,0.0,0.0
2026-06-23 10:08:42,0.0,0.0,0.0,0.0,0.0,0.0,0.0,0.0,36.90200773099339,36.8083863946233,37.2970430498266,14.0,13.963071449774207,13.997520045796223,0.0,36.0,0.0,0.0,0.0,0.0,0.0,0.0,0.0,0.0,0.0,0.0,0.0
2026-06-23 10:08:42,0.0,0.0,0.0,0.0,0.0,0.0,0.0,0.0,36.71967809916833,36.9022794687638,37.212254065759495,14.0,13.96839965259973,13.952045985828645,0.0,36.0,0.0,0.0,0.0,0.0,0.0,0.0,0.0,0.0,0.0,0.0,0.0
2026-06-23 10:08:43,0.0,0.0,0.0,0.0,0.0,0.0,0.0,0.0,36.7365660049296,37.11516084765161,36.90115290372213,14.0,13.959711805145664,14.048121802161711,0.0,36.0,0.0,0.0,0.0,0.0,0.0,0.0,0.0,0.0,0.0,0.0,0.0
2026-06-23 10:08:43,0.0,0.0,0.0,0.0,0.0,0.0,0.0,0.0,36.78485337121064,36.96842496428055,36.84949821752805,14.0,14.027348063711148,14.028732939464433,0.0,36.0,0.0,0.0,0.0,0.0,0.0,0.0,0.0,0.0,0.0,0.0,0.0
2026-06-23 10:08:44,0.0,0.0,0.0,0.0,0.0,0.0,0.0,0.0,37.020283328552296,37.04064894745299,37.16720891222052,14.0,14.009105705460469,13.960736774780466,0.0,36.0,0.0,0.0,0.0,0.0,0.0,0.0,0.0,0.0,0.0,0.0,0.0
2026-06-23 10:08:44,0.0,0.0,0.0,0.0,0.0,0.0,0.0,0.0,36.60131575317753,37.29251517280367,36.891149160272455,14.0,14.03518780304836,14.048087335551951,0.0,36.0,0.0,0.0,0.0,0.0,0.0,0.0,0.0,0.0,0.0,0.0,0.0
2026-06-23 10:08:45,0.0,0.0,0.0,0.0,0.0,0.0,0.0,0.0,36.970223440837856,37.281115525230184,37.02242225640305,14.0,14.008599231014388,13.98826172168234,0.0,36.0,0.0,0.0,0.0,0.0,0.0,0.0,0.0,0.0,0.0,0.0,0.0
2026-06-23 10:08:45,0.0,0.0,0.0,0.0,0.0,0.0,0.0,0.0,36.55080819350175,36.85186616348354,36.70267021003614,14.0,14.00901745273661,13.975888551086674,0.0,36.0,0.0,0.0,0.0,0.0,0.0,0.0,0.0,0.0,0.0,0.0,0.0
2026-06-23 10:08:46,0.0,0.0,0.0,0.0,0.0,0.0,0.0,0.0,36.74572806149558,37.025535593508614,36.906722610318994,14.0,13.953773784238091,14.038928656541252,0.0,36.0,0.0,0.0,0.0,0.0,0.0,0.0,0.0,0.0,0.0,0.0,0.0
2026-06-23 10:08:46,0.0,0.0,0.0,0.0,0.0,0.0,0.0,0.0,36.65736125384507,36.80078863517899,37.19603538417617,14.0,14.000031845849861,14.00232884190272,0.0,36.0,0.0,0.0,0.0,0.0,0.0,0.0,0.0,0.0,0.0,0.0,0.0
2026-06-23 10:08:47,0.0,0.0,0.0,0.0,0.0,0.0,0.0,0.0,36.90126593132319,37.23597783074707,37.03655256675398,14.0,13.951356664151117,14.026640873301188,0.0,36.0,0.0,0.0,0.0,0.0,0.0,0.0,0.0,0.0,0.0,0.0,0.0
2026-06-23 10:08:47,0.0,0.0,0.0,0.0,0.0,0.0,0.0,0.0,36.56483984319107,36.96363165850299,36.8529395120646,14.0,14.002663724927539,13.976372047173712,0.0,36.0,0.0,0.0,0.0,0.0,0.0,0.0,0.0,0.0,0.0,0.0,0.0
2026-06-23 10:08:48,0.0,0.0,0.0,0.0,0.0,0.0,0.0,0.0,36.809286397215764,36.85046453694999,36.875847229790736,14.0,14.04350028237507,13.972429786237791,0.0,36.0,0.0,0.0,0.0,0.0,0.0,0.0,0.0,0.0,0.0,0.0,0.0
2026-06-23 10:08:48,0.0,0.0,0.0,0.0,0.0,0.0,0.0,0.0,37.03777304800917,36.98928329199509,37.099481770156736,14.0,13.95322837915602,14.009760162674185,0.0,36.0,0.0,0.0,0.0,0.0,0.0,0.0,0.0,0.0,0.0,0.0,0.0
2026-06-23 10:08:49,0.0,0.0,0.0,0.0,0.0,0.0,0.0,0.0,37.00004178406529,36.86454597776402,37.22591475446608,14.0,14.033425058711769,14.033747680607974,0.0,36.0,0.0,0.0,0.0,0.0,0.0,0.0,0.0,0.0,0.0,0.0,0.0
2026-06-23 10:08:49,0.0,0.0,0.0,0.0,0.0,0.0,0.0,0.0,36.5799813199749,37.1270591088865,37.18090432997302,14.0,13.984159613926023,13.983871959059684,0.0,36.0,0.0,0.0,0.0,0.0,0.0,0.0,0.0,0.0,0.0,0.0,0.0
2026-06-23 10:08:50,0.0,0.0,0.0,0.0,0.0,0.0,0.0,0.0,36.56425796074895,37.157444535602785,37.22764398670667,14.0,13.985859643661515,13.980920608980423,0.0,36.0,0.0,0.0,0.0,0.0,0.0,0.0,0.0,0.0,0.0,0.0,0.0
2026-06-23 10:08:50,0.0,0.0,0.0,0.0,0.0,0.0,0.0,0.0,36.632639739417534,37.04323611675588,37.082350578748695,14.0,13.995129485040955,13.973168969311358,0.0,36.0,0.0,0.0,0.0,0.0,0.0,0.0,0.0,0.0,0.0,0.0,0.0
2026-06-23 10:08:51,0.0,0.0,0.0,0.0,0.0,0.0,0.0,0.0,36.61673222696099,36.86798799593669,36.85182991116519,14.0,13.979697671083022,13.958239279868897,0.0,36.0,0.0,0.0,0.0,0.0,0.0,0.0,0.0,0.0,0.0,0.0,0.0
2026-06-23 10:08:51,0.0,0.0,0.0,0.0,0.0,0.0,0.0,0.0,36.859865808125306,36.92988543000663,36.95748424316168,14.0,14.043755944184552,13.964651825033272,0.0,36.0,0.0,0.0,0.0,0.0,0.0,0.0,0.0,0.0,0.0,0.0,0.0
2026-06-23 10:08:52,0.0,0.0,0.0,0.0,0.0,0.0,0.0,0.0,36.73133770247864,37.153336736194255,37.277283424098556,14.0,14.022311371702745,13.961815786423623,0.0,36.0,0.0,0.0,0.0,0.0,0.0,0.0,0.0,0.0,0.0,0.0,0.0
2026-06-23 10:08:52,0.0,0.0,0.0,0.0,0.0,0.0,0.0,0.0,37.055824691156985,37.025845348699434,37.20656514117002,14.0,14.036173472253735,13.963164188093756,0.0,36.0,0.0,0.0,0.0,0.0,0.0,0.0,0.0,0.0,0.0,0.0,0.0
2026-06-23 10:08:53,0.0,0.0,0.0,0.0,0.0,0.0,0.0,0.0,36.993258476269546,36.99801745407908,36.961320100737126,14.0,14.037671285572362,13.996177749187202,0.0,36.0,0.0,0.0,0.0,0.0,0.0,0.0,0.0,0.0,0.0,0.0,0.0
2026-06-23 10:08:53,0.0,0.0,0.0,0.0,0.0,0.0,0.0,0.0,36.53168264622656,37.018381461609394,36.86089151120877,14.0,14.00342811942819,14.010306890462964,0.0,36.0,0.0,0.0,0.0,0.0,0.0,0.0,0.0,0.0,0.0,0.0,0.0
2026-06-23 10:08:54,0.0,0.0,0.0,0.0,0.0,0.0,0.0,0.0,36.51373981490701,36.879372630591895,37.06832944207173,14.0,13.969286635814894,14.016227124617632,0.0,36.0,0.0,0.0,0.0,0.0,0.0,0.0,0.0,0.0,0.0,0.0,0.0
2026-06-23 10:08:54,0.0,0.0,0.0,0.0,0.0,0.0,0.0,0.0,37.09450060263868,37.047360152536626,36.8759598862382,14.0,13.987811136689803,13.96321287368116,0.0,36.0,0.0,0.0,0.0,0.0,0.0,0.0,0.0,0.0,0.0,0.0,0.0
2026-06-23 10:08:55,0.0,0.0,0.0,0.0,0.0,0.0,0.0,0.0,36.79165223188574,36.95085152238905,37.16129271709636,14.0,14.002924704972193,14.021017325099828,0.0,36.0,0.0,0.0,0.0,0.0,0.0,0.0,0.0,0.0,0.0,0.0,0.0
2026-06-23 10:08:55,0.0,0.0,0.0,0.0,0.0,0.0,0.0,0.0,37.08392988362501,37.138888116190266,37.18137626679227,14.0,14.019027409023868,13.959122869048256,0.0,36.0,0.0,0.0,0.0,0.0,0.0,0.0,0.0,0.0,0.0,0.0,0.0
2026-06-23 10:08:56,0.0,0.0,0.0,0.0,0.0,0.0,0.0,0.0,36.502369170913525,36.91320617528799,36.88421534485362,14.0,14.038953637795238,13.96458749736709,0.0,36.0,0.0,0.0,0.0,0.0,0.0,0.0,0.0,0.0,0.0,0.0,0.0
2026-06-23 10:08:56,0.0,0.0,0.0,0.0,0.0,0.0,0.0,0.0,36.586458429794114,37.08833167531242,37.047435679167236,14.0,14.042881470259875,13.99193576193535,0.0,36.0,0.0,0.0,0.0,0.0,0.0,0.0,0.0,0.0,0.0,0.0,0.0
2026-06-23 10:08:57,0.0,0.0,0.0,0.0,0.0,0.0,0.0,0.0,36.78195162222598,37.18560283183375,37.160076720066954,14.0,13.979348862510157,13.995726684956983,0.0,36.0,0.0,0.0,0.0,0.0,0.0,0.0,0.0,0.0,0.0,0.0,0.0
2026-06-23 10:08:57,0.0,0.0,0.0,0.0,0.0,0.0,0.0,0.0,36.744915661284885,37.23063492762455,36.93096726181073,14.0,13.983935219388963,13.999266666081635,0.0,36.0,0.0,0.0,0.0,0.0,0.0,0.0,0.0,0.0,0.0,0.0,0.0
2026-06-23 10:08:58,0.0,0.0,0.0,0.0,0.0,0.0,0.0,0.0,36.845061476568354,37.24067945584322,36.74002300593412,14.0,14.040683357133267,13.995960030263072,0.0,36.0,0.0,0.0,0.0,0.0,0.0,0.0,0.0,0.0,0.0,0.0,0.0
2026-06-23 10:08:58,0.0,0.0,0.0,0.0,0.0,0.0,0.0,0.0,36.946705996628886,37.079064988473846,36.77762890730729,14.0,14.013923499914416,13.963855534892037,0.0,36.0,0.0,0.0,0.0,0.0,0.0,0.0,0.0,0.0,0.0,0.0,0.0
2026-06-23 10:08:59,0.0,0.0,0.0,0.0,0.0,0.0,0.0,0.0,36.73539866125468,37.28020000302177,37.21706338487655,14.0,14.002796185832496,13.986904236182742,0.0,36.0,0.0,0.0,0.0,0.0,0.0,0.0,0.0,0.0,0.0,0.0,0.0
2026-06-23 10:08:59,0.0,0.0,0.0,0.0,0.0,0.0,0.0,0.0,36.56065848959532,36.816175199266596,36.93586597857336,14.0,14.03678367766556,14.037338441553118,0.0,36.0,0.0,0.0,0.0,0.0,0.0,0.0,0.0,0.0,0.0,0.0,0.0
2026-06-23 10:09:00,0.0,0.0,0.0,0.0,0.0,0.0,0.0,0.0,36.63563639850313,36.979194573030775,37.2199320741816,14.0,13.959459989849327,13.95870498388288,0.0,36.0,0.0,0.0,0.0,0.0,0.0,0.0,0.0,0.0,0.0,0.0,0.0
2026-06-23 10:09:00,0.0,0.0,0.0,0.0,0.0,0.0,0.0,0.0,36.929452251800505,37.24201132439651,36.73509465990595,14.0,14.035192492184358,13.95597546610897,0.0,36.0,0.0,0.0,0.0,0.0,0.0,0.0,0.0,0.0,0.0,0.0,0.0
2026-06-23 10:09:01,0.0,0.0,0.0,0.0,0.0,0.0,0.0,0.0,36.59529408578947,36.98090645569216,37.004910633975705,14.0,14.0235216419107,13.967772947265745,0.0,36.0,0.0,0.0,0.0,0.0,0.0,0.0,0.0,0.0,0.0,0.0,0.0
2026-06-23 10:09:01,0.0,0.0,0.0,0.0,0.0,0.0,0.0,0.0,36.53867771467829,37.31505598523698,37.031774325699146,14.0,13.9752041591645,14.022822645829706,0.0,36.0,0.0,0.0,0.0,0.0,0.0,0.0,0.0,0.0,0.0,0.0,0.0
2026-06-23 10:09:02,0.0,0.0,0.0,0.0,0.0,0.0,0.0,0.0,36.92444066900975,36.846828597872786,36.98763968697747,14.0,13.988045276000138,14.030950979761327,0.0,36.0,0.0,0.0,0.0,0.0,0.0,0.0,0.0,0.0,0.0,0.0,0.0
2026-06-23 10:09:02,0.0,0.0,0.0,0.0,0.0,0.0,0.0,0.0,37.03734037137737,37.21238648890597,37.03062098355766,14.0,14.044747569886864,13.976524318352194,0.0,36.0,0.0,0.0,0.0,0.0,0.0,0.0,0.0,0.0,0.0,0.0,0.0
2026-06-23 10:09:03,0.0,0.0,0.0,0.0,0.0,0.0,0.0,0.0,36.78536159748589,37.281565558681166,36.81306768258915,14.0,13.9605806722355,13.950149280730288,0.0,36.0,0.0,0.0,0.0,0.0,0.0,0.0,0.0,0.0,0.0,0.0,0.0
2026-06-23 10:09:03,0.0,0.0,0.0,0.0,0.0,0.0,0.0,0.0,36.89587094253604,37.13653775719317,37.1973015825248,14.0,14.023243279468101,14.04895237436307,0.0,36.0,0.0,0.0,0.0,0.0,0.0,0.0,0.0,0.0,0.0,0.0,0.0
2026-06-23 10:09:04,0.0,0.0,0.0,0.0,0.0,0.0,0.0,0.0,36.94401232003022,36.814558682495516,37.035723152482184,14.0,14.00438951300958,14.048777100746932,0.0,36.0,0.0,0.0,0.0,0.0,0.0,0.0,0.0,0.0,0.0,0.0,0.0
2026-06-23 10:09:04,0.0,0.0,0.0,0.0,0.0,0.0,0.0,0.0,36.89225689224471,37.34515552715311,37.258558149737446,14.0,14.034240400271884,13.966435838477278,0.0,36.0,0.0,0.0,0.0,0.0,0.0,0.0,0.0,0.0,0.0,0.0,0.0
2026-06-23 10:09:05,0.0,0.0,0.0,0.0,0.0,0.0,0.0,0.0,36.79585809453093,36.81670757572927,37.29205366544118,14.0,14.026396297238731,14.003174030321007,0.0,36.0,0.0,0.0,0.0,0.0,0.0,0.0,0.0,0.0,0.0,0.0,0.0
2026-06-23 10:09:05,0.0,0.0,0.0,0.0,0.0,0.0,0.0,0.0,36.82527488262969,36.90353050122202,37.26649691126472,14.0,14.013548518093435,13.982261068015845,0.0,36.0,0.0,0.0,0.0,0.0,0.0,0.0,0.0,0.0,0.0,0.0,0.0
2026-06-23 10:09:06,0.0,0.0,0.0,0.0,0.0,0.0,0.0,0.0,37.038935303497944,37.21560214808534,37.153683759759666,14.0,13.965404732658174,14.014879524849261,0.0,36.0,0.0,0.0,0.0,0.0,0.0,0.0,0.0,0.0,0.0,0.0,0.0
2026-06-23 10:09:06,0.0,0.0,0.0,0.0,0.0,0.0,0.0,0.0,36.73670220913819,37.01589960355629,36.87367680754583,14.0,13.96398790889665,14.010353119894686,0.0,36.0,0.0,0.0,0.0,0.0,0.0,0.0,0.0,0.0,0.0,0.0,0.0
2026-06-23 10:09:07,0.0,0.0,0.0,0.0,0.0,0.0,0.0,0.0,36.79155717307185,36.831312874434474,36.84889545790059,14.0,14.031457614965788,13.993499495462519,0.0,36.0,0.0,0.0,0.0,0.0,0.0,0.0,0.0,0.0,0.0,0.0,0.0
2026-06-23 10:09:07,0.0,0.0,0.0,0.0,0.0,0.0,0.0,0.0,36.5496193962592,37.07603168429327,36.946306800563136,14.0,13.957079982454415,13.978045979645536,0.0,36.0,0.0,0.0,0.0,0.0,0.0,0.0,0.0,0.0,0.0,0.0,0.0
2026-06-23 10:09:08,0.0,0.0,0.0,0.0,0.0,0.0,0.0,0.0,36.95137715963683,37.24540081029074,36.791785631684895,14.0,13.953176976886706,13.99409129562913,0.0,36.0,0.0,0.0,0.0,0.0,0.0,0.0,0.0,0.0,0.0,0.0,0.0
2026-06-23 10:09:08,0.0,0.0,0.0,0.0,0.0,0.0,0.0,0.0,36.82582331074295,37.23314926389632,37.09064354874253,14.0,13.969979068272151,14.044975073763675,0.0,36.0,0.0,0.0,0.0,0.0,0.0,0.0,0.0,0.0,0.0,0.0,0.0
2026-06-23 10:09:09,0.0,0.0,0.0,0.0,0.0,0.0,0.0,0.0,36.779649068450404,36.96095709576665,37.04817751309317,14.0,14.030932135203718,14.016707638611011,0.0,36.0,0.0,0.0,0.0,0.0,0.0,0.0,0.0,0.0,0.0,0.0,0.0
2026-06-23 10:09:09,0.0,0.0,0.0,0.0,0.0,0.0,0.0,0.0,36.53959929623916,37.25769168023938,36.803318118756565,14.0,14.02441228677016,13.985185335208472,0.0,36.0,0.0,0.0,0.0,0.0,0.0,0.0,0.0,0.0,0.0,0.0,0.0
2026-06-23 10:09:10,0.0,0.0,0.0,0.0,0.0,0.0,0.0,0.0,36.775006686336205,37.22598887002337,36.704217238813555,14.0,13.975109621926492,14.021361947235876,0.0,36.0,0.0,0.0,0.0,0.0,0.0,0.0,0.0,0.0,0.0,0.0,0.0
2026-06-23 10:09:10,0.0,0.0,0.0,0.0,0.0,0.0,0.0,0.0,36.589390345190054,37.346262770903635,36.7673897640458,14.0,13.96508958141664,14.042905993491264,0.0,36.0,0.0,0.0,0.0,0.0,0.0,0.0,0.0,0.0,0.0,0.0,0.0
2026-06-23 10:09:11,0.0,0.0,0.0,0.0,0.0,0.0,0.0,0.0,36.74854306871358,37.28239619421841,37.110791370070324,14.0,14.049016967515165,14.02426538913672,0.0,36.0,0.0,0.0,0.0,0.0,0.0,0.0,0.0,0.0,0.0,0.0,0.0
2026-06-23 10:09:11,0.0,0.0,0.0,0.0,0.0,0.0,0.0,0.0,36.84882226354083,37.385999634036786,36.74096071170869,14.0,14.047432542655708,14.039614562132746,0.0,36.0,0.0,0.0,0.0,0.0,0.0,0.0,0.0,0.0,0.0,0.0,0.0
2026-06-23 10:09:12,0.0,0.0,0.0,0.0,0.0,0.0,0.0,0.0,36.97074981921402,37.111837930786926,37.09305148944454,14.0,13.974044200634376,14.041899727983338,0.0,36.0,0.0,0.0,0.0,0.0,0.0,0.0,0.0,0.0,0.0,0.0,0.0
2026-06-23 10:09:12,0.0,0.0,0.0,0.0,0.0,0.0,0.0,0.0,37.08444534160381,37.281357277938476,37.036003559009316,14.0,14.040736353473251,13.953145052021595,0.0,36.0,0.0,0.0,0.0,0.0,0.0,0.0,0.0,0.0,0.0,0.0,0.0
2026-06-23 10:09:13,0.0,0.0,0.0,0.0,0.0,0.0,0.0,0.0,37.05398607003894,37.189971143180095,37.01486385937778,14.0,14.005068853459314,13.970229216208514,0.0,36.0,0.0,0.0,0.0,0.0,0.0,0.0,0.0,0.0,0.0,0.0,0.0
2026-06-23 10:09:13,0.0,0.0,0.0,0.0,0.0,0.0,0.0,0.0,36.569270276645256,37.07507128592191,37.185486687074636,14.0,13.969545949822425,14.00708558426273,0.0,36.0,0.0,0.0,0.0,0.0,0.0,0.0,0.0,0.0,0.0,0.0,0.0
2026-06-23 10:09:14,0.0,0.0,0.0,0.0,0.0,0.0,0.0,0.0,36.74879159186539,36.95255900942972,36.9459908936473,14.0,13.97869975882185,13.993350943743685,0.0,36.0,0.0,0.0,0.0,0.0,0.0,0.0,0.0,0.0,0.0,0.0,0.0
2026-06-23 10:09:14,0.0,0.0,0.0,0.0,0.0,0.0,0.0,0.0,36.779369672903016,36.90189677474335,37.22152775242384,14.0,14.041483775841918,13.995292560231166,0.0,36.0,0.0,0.0,0.0,0.0,0.0,0.0,0.0,0.0,0.0,0.0,0.0
2026-06-23 10:09:15,0.0,0.0,0.0,0.0,0.0,0.0,0.0,0.0,36.851409262159976,37.17432955245398,36.70417177502286,14.0,14.022555978568503,13.956934052733821,0.0,36.0,0.0,0.0,0.0,0.0,0.0,0.0,0.0,0.0,0.0,0.0,0.0
2026-06-23 10:09:15,0.0,0.0,0.0,0.0,0.0,0.0,0.0,0.0,36.6094058095509,36.90068776446677,36.88556543385631,14.0,14.040167341445693,14.046169260006977,0.0,36.0,0.0,0.0,0.0,0.0,0.0,0.0,0.0,0.0,0.0,0.0,0.0
2026-06-23 10:09:16,0.0,0.0,0.0,0.0,0.0,0.0,0.0,0.0,37.07138632131906,36.91296167563122,37.279540627072755,14.0,14.01576013777769,13.966125436951275,0.0,36.0,0.0,0.0,0.0,0.0,0.0,0.0,0.0,0.0,0.0,0.0,0.0
2026-06-23 10:09:16,0.0,0.0,0.0,0.0,0.0,0.0,0.0,0.0,36.919273015417716,37.09318931834108,37.20445757013278,14.0,13.976616409304832,13.963831285784927,0.0,36.0,0.0,0.0,0.0,0.0,0.0,0.0,0.0,0.0,0.0,0.0,0.0
2026-06-23 10:09:17,0.0,0.0,0.0,0.0,0.0,0.0,0.0,0.0,36.7350558599523,37.34406216030871,37.00811654682964,14.0,13.969210629009293,13.96094504181195,0.0,36.0,0.0,0.0,0.0,0.0,0.0,0.0,0.0,0.0,0.0,0.0,0.0
2026-06-23 10:09:17,0.0,0.0,0.0,0.0,0.0,0.0,0.0,0.0,36.97594298900895,37.041823222384956,36.89043951989983,14.0,14.040174090026253,13.991822600812787,0.0,36.0,0.0,0.0,0.0,0.0,0.0,0.0,0.0,0.0,0.0,0.0,0.0
2026-06-23 10:09:18,0.0,0.0,0.0,0.0,0.0,0.0,0.0,0.0,36.74395941655351,37.28808348352608,37.10974003444804,14.0,13.982708676454193,13.951995339817342,0.0,36.0,0.0,0.0,0.0,0.0,0.0,0.0,0.0,0.0,0.0,0.0,0.0
2026-06-23 10:09:18,0.0,0.0,0.0,0.0,0.0,0.0,0.0,0.0,36.96186523669351,36.944868593854025,37.17338279538365,14.0,14.02321059887568,13.99385329624273,0.0,36.0,0.0,0.0,0.0,0.0,0.0,0.0,0.0,0.0,0.0,0.0,0.0
2026-06-23 10:09:19,0.0,0.0,0.0,0.0,0.0,0.0,0.0,0.0,37.08343912773872,37.1593056421563,36.97051521482742,14.0,14.007740826889485,13.959076801158195,0.0,36.0,0.0,0.0,0.0,0.0,0.0,0.0,0.0,0.0,0.0,0.0,0.0
2026-06-23 10:09:19,0.0,0.0,0.0,0.0,0.0,0.0,0.0,0.0,36.60218073209386,36.97099958490574,37.09570592694009,14.0,13.969653472845343,14.034619858962927,0.0,36.0,0.0,0.0,0.0,0.0,0.0,0.0,0.0,0.0,0.0,0.0,0.0
2026-06-23 10:09:20,0.0,0.0,0.0,0.0,0.0,0.0,0.0,0.0,37.094105850518496,36.9829218076289,37.15251820006502,14.0,13.969672556331805,13.953369886084198,0.0,36.0,0.0,0.0,0.0,0.0,0.0,0.0,0.0,0.0,0.0,0.0,0.0
2026-06-23 10:09:20,0.0,0.0,0.0,0.0,0.0,0.0,0.0,0.0,36.89934948622806,37.36323887015551,37.24811110153212,14.0,13.997139432927845,14.04724015703651,0.0,36.0,0.0,0.0,0.0,0.0,0.0,0.0,0.0,0.0,0.0,0.0,0.0
2026-06-23 10:09:21,0.0,0.0,0.0,0.0,0.0,0.0,0.0,0.0,36.8221300530944,36.95025130006256,37.13435912071446,14.0,14.029536234294062,13.954040821825295,0.0,36.0,0.0,0.0,0.0,0.0,0.0,0.0,0.0,0.0,0.0,0.0,0.0
2026-06-23 10:09:21,0.0,0.0,0.0,0.0,0.0,0.0,0.0,0.0,37.058557966223944,36.97430674283149,37.099439623942516,14.0,14.00543514455677,14.040735169750908,0.0,36.0,0.0,0.0,0.0,0.0,0.0,0.0,0.0,0.0,0.0,0.0,0.0
2026-06-23 10:09:22,0.0,0.0,0.0,0.0,0.0,0.0,0.0,0.0,36.80824751573043,37.10705829758937,36.75348931073016,14.0,13.980703266358077,13.998875599083549,0.0,36.0,0.0,0.0,0.0,0.0,0.0,0.0,0.0,0.0,0.0,0.0,0.0
2026-06-23 10:09:22,0.0,0.0,0.0,0.0,0.0,0.0,0.0,0.0,36.98981063187748,36.9093033263336,37.26153460508656,14.0,14.029863436602392,14.027428317627667,0.0,36.0,0.0,0.0,0.0,0.0,0.0,0.0,0.0,0.0,0.0,0.0,0.0
2026-06-23 10:09:23,0.0,0.0,0.0,0.0,0.0,0.0,0.0,0.0,36.72886997909276,37.364092108071496,37.01113460644337,14.0,14.049509687331515,13.966893347371846,0.0,36.0,0.0,0.0,0.0,0.0,0.0,0.0,0.0,0.0,0.0,0.0,0.0
2026-06-23 10:09:23,0.0,0.0,0.0,0.0,0.0,0.0,0.0,0.0,37.09008887837122,36.987917827774695,37.076134266344575,14.0,14.011773219884391,13.954294135427395,0.0,36.0,0.0,0.0,0.0,0.0,0.0,0.0,0.0,0.0,0.0,0.0,0.0
2026-06-23 10:09:24,0.0,0.0,0.0,0.0,0.0,0.0,0.0,0.0,37.083551993111925,36.81497234551569,36.872273242069156,14.0,13.980983634404122,13.978264473828583,0.0,36.0,0.0,0.0,0.0,0.0,0.0,0.0,0.0,0.0,0.0,0.0,0.0
2026-06-23 10:09:24,0.0,0.0,0.0,0.0,0.0,0.0,0.0,0.0,36.58162689211563,37.178460631632014,36.93571522553351,14.0,14.025699610888537,13.97678789008259,0.0,36.0,0.0,0.0,0.0,0.0,0.0,0.0,0.0,0.0,0.0,0.0,0.0
2026-06-23 10:09:25,0.0,0.0,0.0,0.0,0.0,0.0,0.0,0.0,36.790597414834465,37.31957266697252,36.861645147289046,14.0,14.045728142296868,13.960442849301824,0.0,36.0,0.0,0.0,0.0,0.0,0.0,0.0,0.0,0.0,0.0,0.0,0.0
2026-06-23 10:09:25,0.0,0.0,0.0,0.0,0.0,0.0,0.0,0.0,36.91891951099229,37.3260734877492,36.9766177350367,14.0,13.987066387146639,13.992288324310712,0.0,36.0,0.0,0.0,0.0,0.0,0.0,0.0,0.0,0.0,0.0,0.0,0.0
2026-06-23 10:09:26,0.0,0.0,0.0,0.0,0.0,0.0,0.0,0.0,36.50445964422107,37.340595801027675,36.7094219941386,14.0,13.99200864405488,13.982360328249394,0.0,36.0,0.0,0.0,0.0,0.0,0.0,0.0,0.0,0.0,0.0,0.0,0.0
2026-06-23 10:09:26,0.0,0.0,0.0,0.0,0.0,0.0,0.0,0.0,37.07650028086171,36.88260973214639,36.96584645008144,14.0,14.031209749997835,14.010282878988072,0.0,36.0,0.0,0.0,0.0,0.0,0.0,0.0,0.0,0.0,0.0,0.0,0.0
2026-06-23 10:09:27,0.0,0.0,0.0,0.0,0.0,0.0,0.0,0.0,36.69576258092391,36.84177632882609,37.27939174504646,14.0,13.96810263401156,14.025688336809804,0.0,36.0,0.0,0.0,0.0,0.0,0.0,0.0,0.0,0.0,0.0,0.0,0.0
2026-06-23 10:09:27,0.0,0.0,0.0,0.0,0.0,0.0,0.0,0.0,36.62381403778693,37.11382645880595,36.9370573771832,14.0,14.032871396973315,13.953558826944885,0.0,36.0,0.0,0.0,0.0,0.0,0.0,0.0,0.0,0.0,0.0,0.0,0.0
2026-06-23 10:09:28,0.0,0.0,0.0,0.0,0.0,0.0,0.0,0.0,36.69689364063479,36.8726296557478,36.808598170380854,14.0,13.955174766175054,13.956416979687393,0.0,36.0,0.0,0.0,0.0,0.0,0.0,0.0,0.0,0.0,0.0,0.0,0.0
2026-06-23 10:09:28,0.0,0.0,0.0,0.0,0.0,0.0,0.0,0.0,36.71075254968332,37.13270936681657,37.2771230158544,14.0,14.020192456606983,14.047049164793698,0.0,36.0,0.0,0.0,0.0,0.0,0.0,0.0,0.0,0.0,0.0,0.0,0.0
2026-06-23 10:09:29,0.0,0.0,0.0,0.0,0.0,0.0,0.0,0.0,36.50002156308503,37.043658882826776,37.25580318748182,14.0,14.042349358134388,13.951049768192407,0.0,36.0,0.0,0.0,0.0,0.0,0.0,0.0,0.0,0.0,0.0,0.0,0.0
2026-06-23 10:09:29,0.0,0.0,0.0,0.0,0.0,0.0,0.0,0.0,36.91665152069806,36.82192530725851,37.208386766566726,14.0,13.958476682628833,13.991931776929448,0.0,36.0,0.0,0.0,0.0,0.0,0.0,0.0,0.0,0.0,0.0,0.0,0.0
2026-06-23 10:09:30,0.0,0.0,0.0,0.0,0.0,0.0,0.0,0.0,36.559129705201975,37.384349333264495,37.13329072031073,14.0,13.950839989371927,13.956208414155071,0.0,36.0,0.0,0.0,0.0,0.0,0.0,0.0,0.0,0.0,0.0,0.0,0.0
2026-06-23 10:09:30,0.0,0.0,0.0,0.0,0.0,0.0,0.0,0.0,36.85183065490533,37.324052807101026,37.29001507902794,14.0,14.008440600596508,13.99648119626506,0.0,36.0,0.0,0.0,0.0,0.0,0.0,0.0,0.0,0.0,0.0,0.0,0.0
2026-06-23 10:09:31,0.0,0.0,0.0,0.0,0.0,0.0,0.0,0.0,36.80540308204124,37.24555301158435,36.99247317601622,14.0,13.996231462049739,14.037374953968229,0.0,36.0,0.0,0.0,0.0,0.0,0.0,0.0,0.0,0.0,0.0,0.0,0.0
2026-06-23 10:09:31,0.0,0.0,0.0,0.0,0.0,0.0,0.0,0.0,36.528676772654634,36.94279790489415,37.23621694110429,14.0,13.961032879343755,14.04824509817845,0.0,36.0,0.0,0.0,0.0,0.0,0.0,0.0,0.0,0.0,0.0,0.0,0.0
2026-06-23 10:09:32,0.0,0.0,0.0,0.0,0.0,0.0,0.0,0.0,36.613520200338364,36.92830729310131,37.03340507125146,14.0,14.035238993600549,13.991196040972477,0.0,36.0,0.0,0.0,0.0,0.0,0.0,0.0,0.0,0.0,0.0,0.0,0.0
2026-06-23 10:09:32,0.0,0.0,0.0,0.0,0.0,0.0,0.0,0.0,36.96088160762211,37.362120234833085,37.18002099120309,14.0,14.025178063913446,13.961338088543254,0.0,36.0,0.0,0.0,0.0,0.0,0.0,0.0,0.0,0.0,0.0,0.0,0.0
2026-06-23 10:09:33,0.0,0.0,0.0,0.0,0.0,0.0,0.0,0.0,36.80594357155629,37.107848286983184,37.020880592435226,14.0,13.982561948875485,13.978931696830713,0.0,36.0,0.0,0.0,0.0,0.0,0.0,0.0,0.0,0.0,0.0,0.0,0.0
2026-06-23 10:09:33,0.0,0.0,0.0,0.0,0.0,0.0,0.0,0.0,37.03783985748037,37.2018564409058,36.7974631312488,14.0,13.999406370939422,13.957555261130421,0.0,36.0,0.0,0.0,0.0,0.0,0.0,0.0,0.0,0.0,0.0,0.0,0.0
2026-06-23 10:09:34,0.0,0.0,0.0,0.0,0.0,0.0,0.0,0.0,36.99992270363005,37.06446996736701,37.11107454425368,14.0,14.007271627032576,13.97391639151739,0.0,36.0,0.0,0.0,0.0,0.0,0.0,0.0,0.0,0.0,0.0,0.0,0.0
2026-06-23 10:09:34,0.0,0.0,0.0,0.0,0.0,0.0,0.0,0.0,36.668696293486825,37.39465461515655,37.041709828200425,14.0,13.95562775138566,14.045229182524269,0.0,36.0,0.0,0.0,0.0,0.0,0.0,0.0,0.0,0.0,0.0,0.0,0.0
2026-06-23 10:09:35,0.0,0.0,0.0,0.0,0.0,0.0,0.0,0.0,36.80034389576499,36.87164209367155,36.744715593408515,14.0,14.04288053496104,13.972233351245988,0.0,36.0,0.0,0.0,0.0,0.0,0.0,0.0,0.0,0.0,0.0,0.0,0.0
2026-06-23 10:09:35,0.0,0.0,0.0,0.0,0.0,0.0,0.0,0.0,36.820560800478376,37.12976450454502,37.22521063290196,14.0,13.957224495394358,14.022667524638951,0.0,36.0,0.0,0.0,0.0,0.0,0.0,0.0,0.0,0.0,0.0,0.0,0.0
2026-06-23 10:09:36,0.0,0.0,0.0,0.0,0.0,0.0,0.0,0.0,36.59169347112153,37.2531913434408,36.944055038556115,14.0,14.013868773796787,14.004806610541785,0.0,36.0,0.0,0.0,0.0,0.0,0.0,0.0,0.0,0.0,0.0,0.0,0.0
2026-06-23 10:09:36,0.0,0.0,0.0,0.0,0.0,0.0,0.0,0.0,36.667729099301,37.095867226597186,36.97991837391744,14.0,13.96577950062741,14.006732850106955,0.0,36.0,0.0,0.0,0.0,0.0,0.0,0.0,0.0,0.0,0.0,0.0,0.0
2026-06-23 10:09:37,0.0,0.0,0.0,0.0,0.0,0.0,0.0,0.0,36.72113321696285,36.909527980227686,37.230830779313116,14.0,14.033786283566295,14.003945372826056,0.0,36.0,0.0,0.0,0.0,0.0,0.0,0.0,0.0,0.0,0.0,0.0,0.0
2026-06-23 10:09:37,0.0,0.0,0.0,0.0,0.0,0.0,0.0,0.0,36.763347535194214,36.922494209779,36.79562342518373,14.0,14.01107522701772,14.03210580749772,0.0,36.0,0.0,0.0,0.0,0.0,0.0,0.0,0.0,0.0,0.0,0.0,0.0
2026-06-23 10:09:38,0.0,0.0,0.0,0.0,0.0,0.0,0.0,0.0,36.65784071023041,37.1074800908732,37.03771859312667,14.0,14.015274444563849,13.957804708919326,0.0,36.0,0.0,0.0,0.0,0.0,0.0,0.0,0.0,0.0,0.0,0.0,0.0
2026-06-23 10:09:38,0.0,0.0,0.0,0.0,0.0,0.0,0.0,0.0,36.67443073224304,37.37411188333531,37.200101159902914,14.0,13.973822564491824,14.01071215132845,0.0,36.0,0.0,0.0,0.0,0.0,0.0,0.0,0.0,0.0,0.0,0.0,0.0
2026-06-23 10:09:39,0.0,0.0,0.0,0.0,0.0,0.0,0.0,0.0,36.59903125421734,37.20270006756451,36.88806572763761,14.0,14.013163408655334,14.023821613479711,0.0,36.0,0.0,0.0,0.0,0.0,0.0,0.0,0.0,0.0,0.0,0.0,0.0
2026-06-23 10:09:39,0.0,0.0,0.0,0.0,0.0,0.0,0.0,0.0,36.66181875358952,37.37268868286977,36.843175826800916,14.0,13.975679697560663,13.962753952337035,0.0,36.0,0.0,0.0,0.0,0.0,0.0,0.0,0.0,0.0,0.0,0.0,0.0
2026-06-23 10:09:40,0.0,0.0,0.0,0.0,0.0,0.0,0.0,0.0,37.03906457348531,37.31609241113234,37.135381356686885,14.0,13.981318819248626,14.046873741749204,0.0,36.0,0.0,0.0,0.0,0.0,0.0,0.0,0.0,0.0,0.0,0.0,0.0
2026-06-23 10:09:40,0.0,0.0,0.0,0.0,0.0,0.0,0.0,0.0,36.716257465722386,36.82213656355131,36.96260322462019,14.0,13.968338772872679,13.995312249274743,0.0,36.0,0.0,0.0,0.0,0.0,0.0,0.0,0.0,0.0,0.0,0.0,0.0
2026-06-23 10:09:41,0.0,0.0,0.0,0.0,0.0,0.0,0.0,0.0,36.877284331183915,37.24152226838071,36.772081348716576,14.0,13.992256467537713,14.019265319124601,0.0,36.0,0.0,0.0,0.0,0.0,0.0,0.0,0.0,0.0,0.0,0.0,0.0
2026-06-23 10:09:41,0.0,0.0,0.0,0.0,0.0,0.0,0.0,0.0,37.061292973790486,37.027610324197674,37.01001569119897,14.0,13.998289307901626,14.021878883693526,0.0,36.0,0.0,0.0,0.0,0.0,0.0,0.0,0.0,0.0,0.0,0.0,0.0
2026-06-23 10:09:42,0.0,0.0,0.0,0.0,0.0,0.0,0.0,0.0,36.583565588337244,36.92613809138796,37.10222502488567,14.0,13.958314911913355,13.957081486347908,0.0,36.0,0.0,0.0,0.0,0.0,0.0,0.0,0.0,0.0,0.0,0.0,0.0
2026-06-23 10:09:42,0.0,0.0,0.0,0.0,0.0,0.0,0.0,0.0,36.81610041398051,37.26498122539199,37.0238478363365,14.0,14.006704680810143,14.015876542407268,0.0,36.0,0.0,0.0,0.0,0.0,0.0,0.0,0.0,0.0,0.0,0.0,0.0
2026-06-23 10:09:43,0.0,0.0,0.0,0.0,0.0,0.0,0.0,0.0,36.680940186368915,37.36719475446098,37.06738278370288,14.0,13.970969475489245,14.005425022705454,0.0,36.0,0.0,0.0,0.0,0.0,0.0,0.0,0.0,0.0,0.0,0.0,0.0
2026-06-23 10:09:43,0.0,0.0,0.0,0.0,0.0,0.0,0.0,0.0,36.9712709249499,37.02399470111695,36.71847320643683,14.0,13.988285475104028,13.960297513921537,0.0,36.0,0.0,0.0,0.0,0.0,0.0,0.0,0.0,0.0,0.0,0.0,0.0
2026-06-23 10:09:44,0.0,0.0,0.0,0.0,0.0,0.0,0.0,0.0,36.54354754016211,37.37428367218685,37.223539821054786,14.0,13.971803716697769,13.973436284844844,0.0,36.0,0.0,0.0,0.0,0.0,0.0,0.0,0.0,0.0,0.0,0.0,0.0
2026-06-23 10:09:44,0.0,0.0,0.0,0.0,0.0,0.0,0.0,0.0,36.85571070614077,37.326152665995174,37.12106032401153,14.0,14.00637886646947,13.968668174292626,0.0,36.0,0.0,0.0,0.0,0.0,0.0,0.0,0.0,0.0,0.0,0.0,0.0
2026-06-23 10:09:45,0.0,0.0,0.0,0.0,0.0,0.0,0.0,0.0,36.60941478840237,37.36075173063562,37.29095442026018,14.0,14.046355549266794,13.998971697717051,0.0,36.0,0.0,0.0,0.0,0.0,0.0,0.0,0.0,0.0,0.0,0.0,0.0
2026-06-23 10:09:45,0.0,0.0,0.0,0.0,0.0,0.0,0.0,0.0,36.93610326138,37.03865730792861,36.90025889194483,14.0,13.952891180721146,14.013542713147675,0.0,36.0,0.0,0.0,0.0,0.0,0.0,0.0,0.0,0.0,0.0,0.0,0.0
2026-06-23 10:09:46,0.0,0.0,0.0,0.0,0.0,0.0,0.0,0.0,36.93156713375722,37.272338465456194,36.99735866272524,14.0,14.039529787347924,13.966432016869781,0.0,36.0,0.0,0.0,0.0,0.0,0.0,0.0,0.0,0.0,0.0,0.0,0.0
2026-06-23 10:09:46,0.0,0.0,0.0,0.0,0.0,0.0,0.0,0.0,36.90120725766902,37.26661149536614,36.87737996226512,14.0,14.008861685086593,13.963133032184203,0.0,36.0,0.0,0.0,0.0,0.0,0.0,0.0,0.0,0.0,0.0,0.0,0.0
2026-06-23 10:09:47,0.0,0.0,0.0,0.0,0.0,0.0,0.0,0.0,36.658158914069745,37.093080329602245,36.71074410185247,14.0,14.048626496709149,13.999229620795717,0.0,36.0,0.0,0.0,0.0,0.0,0.0,0.0,0.0,0.0,0.0,0.0,0.0
2026-06-23 10:09:47,0.0,0.0,0.0,0.0,0.0,0.0,0.0,0.0,36.91560287509799,37.14539981514335,37.292695076188686,14.0,13.98372027925074,14.025360543766524,0.0,36.0,0.0,0.0,0.0,0.0,0.0,0.0,0.0,0.0,0.0,0.0,0.0
2026-06-23 10:09:48,0.0,0.0,0.0,0.0,0.0,0.0,0.0,0.0,36.85482068744828,36.95024225161024,37.10597156074029,14.0,13.98135615909162,14.036428040620189,0.0,36.0,0.0,0.0,0.0,0.0,0.0,0.0,0.0,0.0,0.0,0.0,0.0
2026-06-23 10:09:48,0.0,0.0,0.0,0.0,0.0,0.0,0.0,0.0,36.57526200978749,36.94242077972527,37.29927806881322,14.0,13.954001935564435,13.961244423088226,0.0,36.0,0.0,0.0,0.0,0.0,0.0,0.0,0.0,0.0,0.0,0.0,0.0
2026-06-23 10:09:49,0.0,0.0,0.0,0.0,0.0,0.0,0.0,0.0,36.9523587051125,37.34868208812088,36.974931025891514,14.0,14.015020544164148,13.977230092923499,0.0,36.0,0.0,0.0,0.0,0.0,0.0,0.0,0.0,0.0,0.0,0.0,0.0
2026-06-23 10:09:49,0.0,0.0,0.0,0.0,0.0,0.0,0.0,0.0,36.78776660813016,37.168018070092295,37.22254416984274,14.0,13.976943093453102,14.027165528255638,0.0,36.0,0.0,0.0,0.0,0.0,0.0,0.0,0.0,0.0,0.0,0.0,0.0
2026-06-23 10:09:50,0.0,0.0,0.0,0.0,0.0,0.0,0.0,0.0,36.568200583315836,37.0022208867752,37.16962441504847,14.0,14.002600740614009,13.987222422019164,0.0,36.0,0.0,0.0,0.0,0.0,0.0,0.0,0.0,0.0,0.0,0.0,0.0
2026-06-23 10:09:50,0.0,0.0,0.0,0.0,0.0,0.0,0.0,0.0,36.66823291720497,36.9791721773538,37.0990438667175,14.0,13.99817464299426,14.030428580936892,0.0,36.0,0.0,0.0,0.0,0.0,0.0,0.0,0.0,0.0,0.0,0.0,0.0
2026-06-23 10:09:51,0.0,0.0,0.0,0.0,0.0,0.0,0.0,0.0,36.97030702831262,37.023988619735036,36.75400509098031,14.0,13.958346399844912,14.011880483259967,0.0,36.0,0.0,0.0,0.0,0.0,0.0,0.0,0.0,0.0,0.0,0.0,0.0
2026-06-23 10:09:51,0.0,0.0,0.0,0.0,0.0,0.0,0.0,0.0,36.74491452700828,37.061179417021776,37.15749350982653,14.0,13.953213674741706,14.01830913061819,0.0,36.0,0.0,0.0,0.0,0.0,0.0,0.0,0.0,0.0,0.0,0.0,0.0
2026-06-23 10:09:52,0.0,0.0,0.0,0.0,0.0,0.0,0.0,0.0,37.04262907584822,36.99575681895938,36.905820167151546,14.0,13.984054306647838,14.027245133896283,0.0,36.0,0.0,0.0,0.0,0.0,0.0,0.0,0.0,0.0,0.0,0.0,0.0
2026-06-23 10:09:52,0.0,0.0,0.0,0.0,0.0,0.0,0.0,0.0,36.54855246955067,37.10895345890169,36.97694854252519,14.0,13.953100801922306,13.989814704853268,0.0,36.0,0.0,0.0,0.0,0.0,0.0,0.0,0.0,0.0,0.0,0.0,0.0
2026-06-23 10:09:53,0.0,0.0,0.0,0.0,0.0,0.0,0.0,0.0,36.727185142949615,37.271279226771306,36.74998636394266,14.0,13.989638291977338,13.951470603939082,0.0,36.0,0.0,0.0,0.0,0.0,0.0,0.0,0.0,0.0,0.0,0.0,0.0
2026-06-23 10:09:53,0.0,0.0,0.0,0.0,0.0,0.0,0.0,0.0,36.68184672897899,37.3880485937573,37.09337687748748,14.0,14.011384288285281,14.034148398026929,0.0,36.0,0.0,0.0,0.0,0.0,0.0,0.0,0.0,0.0,0.0,0.0,0.0
2026-06-23 10:09:54,0.0,0.0,0.0,0.0,0.0,0.0,0.0,0.0,36.795909951316524,37.22341049502259,37.12755383959465,14.0,14.027503810423795,13.950741698879227,0.0,36.0,0.0,0.0,0.0,0.0,0.0,0.0,0.0,0.0,0.0,0.0,0.0
2026-06-23 10:09:54,0.0,0.0,0.0,0.0,0.0,0.0,0.0,0.0,36.955832670484114,37.202988784291456,37.284390567933734,14.0,14.004718620918204,13.95852694996475,0.0,36.0,0.0,0.0,0.0,0.0,0.0,0.0,0.0,0.0,0.0,0.0,0.0
2026-06-23 10:09:55,0.0,0.0,0.0,0.0,0.0,0.0,0.0,0.0,36.509186276161216,37.054467843277344,36.982319763046,14.0,13.980497847854014,14.02917500025674,0.0,36.0,0.0,0.0,0.0,0.0,0.0,0.0,0.0,0.0,0.0,0.0,0.0
2026-06-23 10:09:55,0.0,0.0,0.0,0.0,0.0,0.0,0.0,0.0,36.636248291720314,37.090813967919885,36.805240020399744,14.0,13.991243824185268,14.042239655554942,0.0,36.0,0.0,0.0,0.0,0.0,0.0,0.0,0.0,0.0,0.0,0.0,0.0
2026-06-23 10:09:56,0.0,0.0,0.0,0.0,0.0,0.0,0.0,0.0,37.095240197272354,37.34073971349881,36.72535541733856,14.0,13.986377345019177,13.961386446429367,0.0,36.0,0.0,0.0,0.0,0.0,0.0,0.0,0.0,0.0,0.0,0.0,0.0
2026-06-23 10:09:56,0.0,0.0,0.0,0.0,0.0,0.0,0.0,0.0,37.00268896888887,37.06959684938842,36.98979437629211,14.0,14.032526273686338,13.952605232208096,0.0,36.0,0.0,0.0,0.0,0.0,0.0,0.0,0.0,0.0,0.0,0.0,0.0
2026-06-23 10:09:57,0.0,0.0,0.0,0.0,0.0,0.0,0.0,0.0,36.61863390949079,36.806746515413764,36.853764660088046,14.0,13.996010735462471,14.0212117570991,0.0,36.0,0.0,0.0,0.0,0.0,0.0,0.0,0.0,0.0,0.0,0.0,0.0
2026-06-23 10:09:57,0.0,0.0,0.0,0.0,0.0,0.0,0.0,0.0,36.887847778924595,36.83893302354878,37.208092065049925,14.0,14.018476071114698,13.999199463454497,0.0,36.0,0.0,0.0,0.0,0.0,0.0,0.0,0.0,0.0,0.0,0.0,0.0
2026-06-23 10:09:58,0.0,0.0,0.0,0.0,0.0,0.0,0.0,0.0,36.99822319430237,37.32888979073381,36.97911701015225,14.0,13.988348737086907,13.951614342806643,0.0,36.0,0.0,0.0,0.0,0.0,0.0,0.0,0.0,0.0,0.0,0.0,0.0
2026-06-23 10:09:58,0.0,0.0,0.0,0.0,0.0,0.0,0.0,0.0,36.564132197078195,37.082819408460075,36.72047574133374,14.0,13.96682479667288,13.995660445509014,0.0,36.0,0.0,0.0,0.0,0.0,0.0,0.0,0.0,0.0,0.0,0.0,0.0
2026-06-23 10:09:59,0.0,0.0,0.0,0.0,0.0,0.0,0.0,0.0,37.046763459520164,37.33452658096611,36.96114775965406,14.0,14.019088766972883,13.961477542313203,0.0,36.0,0.0,0.0,0.0,0.0,0.0,0.0,0.0,0.0,0.0,0.0,0.0
2026-06-23 10:09:59,0.0,0.0,0.0,0.0,0.0,0.0,0.0,0.0,36.60339406030041,36.81498906533596,36.93103996311645,14.0,13.99388655383356,13.984503162642058,0.0,36.0,0.0,0.0,0.0,0.0,0.0,0.0,0.0,0.0,0.0,0.0,0.0
2026-06-23 10:10:00,0.0,0.0,0.0,0.0,0.0,0.0,0.0,0.0,36.969893606369844,36.90374354601648,37.130680561789525,14.0,14.009493994599264,13.98206453374083,0.0,36.0,0.0,0.0,0.0,0.0,0.0,0.0,0.0,0.0,0.0,0.0,0.0
2026-06-23 10:10:00,0.0,0.0,0.0,0.0,0.0,0.0,0.0,0.0,36.77691788074657,37.071273578901994,37.02931106038563,14.0,14.026609147872994,13.963494280263802,0.0,36.0,0.0,0.0,0.0,0.0,0.0,0.0,0.0,0.0,0.0,0.0,0.0
2026-06-23 10:10:01,0.0,0.0,0.0,0.0,0.0,0.0,0.0,0.0,36.65209371010305,37.00801557170261,37.0927136405826,14.0,13.951796587757068,14.00355135388975,0.0,36.0,0.0,0.0,0.0,0.0,0.0,0.0,0.0,0.0,0.0,0.0,0.0
2026-06-23 10:10:01,0.0,0.0,0.0,0.0,0.0,0.0,0.0,0.0,36.570959141055354,37.34318172908533,36.91917358503428,14.0,14.02348391395637,13.997514040325992,0.0,36.0,0.0,0.0,0.0,0.0,0.0,0.0,0.0,0.0,0.0,0.0,0.0
2026-06-23 10:10:02,0.0,0.0,0.0,0.0,0.0,0.0,0.0,0.0,36.60107821562223,37.053510229193776,37.071546717456485,14.0,13.988278539149077,13.984761295387528,0.0,36.0,0.0,0.0,0.0,0.0,0.0,0.0,0.0,0.0,0.0,0.0,0.0
2026-06-23 10:10:02,0.0,0.0,0.0,0.0,0.0,0.0,0.0,0.0,36.82900447771925,37.2026577718516,36.807561616944405,14.0,14.010516561395544,13.954874955834848,0.0,36.0,0.0,0.0,0.0,0.0,0.0,0.0,0.0,0.0,0.0,0.0,0.0
2026-06-23 10:10:03,0.0,0.0,0.0,0.0,0.0,0.0,0.0,0.0,36.85328621200895,37.23021256780688,37.11526042144277,14.0,13.977045900234502,13.953230720503598,0.0,36.0,0.0,0.0,0.0,0.0,0.0,0.0,0.0,0.0,0.0,0.0,0.0
2026-06-23 10:10:03,0.0,0.0,0.0,0.0,0.0,0.0,0.0,0.0,36.53646733898916,37.399290032288754,36.91950068049999,14.0,14.049936225246892,14.016185281890062,0.0,36.0,0.0,0.0,0.0,0.0,0.0,0.0,0.0,0.0,0.0,0.0,0.0
2026-06-23 10:10:04,0.0,0.0,0.0,0.0,0.0,0.0,0.0,0.0,36.5245752107023,37.105772873084135,36.80904105265452,14.0,14.013985954926452,13.962233362360113,0.0,36.0,0.0,0.0,0.0,0.0,0.0,0.0,0.0,0.0,0.0,0.0,0.0
2026-06-23 10:10:04,0.0,0.0,0.0,0.0,0.0,0.0,0.0,0.0,36.7977117663139,37.07083385205512,37.209531243900756,14.0,13.995619791651315,13.97770563416573,0.0,36.0,0.0,0.0,0.0,0.0,0.0,0.0,0.0,0.0,0.0,0.0,0.0
2026-06-23 10:10:05,0.0,0.0,0.0,0.0,0.0,0.0,0.0,0.0,36.542791644278324,36.97728059316053,37.242874865350885,14.0,13.976969656271676,13.986405375291097,0.0,36.0,0.0,0.0,0.0,0.0,0.0,0.0,0.0,0.0,0.0,0.0,0.0
2026-06-23 10:10:05,0.0,0.0,0.0,0.0,0.0,0.0,0.0,0.0,36.577594748780854,37.20160882079656,37.243651596794535,14.0,14.019881666776126,13.95963899519698,0.0,36.0,0.0,0.0,0.0,0.0,0.0,0.0,0.0,0.0,0.0,0.0,0.0
2026-06-23 10:10:06,0.0,0.0,0.0,0.0,0.0,0.0,0.0,0.0,36.78237738092033,37.34540770403587,36.72730155433825,14.0,13.997780413912553,13.98321594334686,0.0,36.0,0.0,0.0,0.0,0.0,0.0,0.0,0.0,0.0,0.0,0.0,0.0
2026-06-23 10:10:06,0.0,0.0,0.0,0.0,0.0,0.0,0.0,0.0,37.0394815658287,37.34932974553388,36.95638923298078,14.0,14.0036526021074,14.02505611156629,0.0,36.0,0.0,0.0,0.0,0.0,0.0,0.0,0.0,0.0,0.0,0.0,0.0
2026-06-23 10:10:07,0.0,0.0,0.0,0.0,0.0,0.0,0.0,0.0,36.72370062048676,37.31043785452054,36.70694198740578,14.0,14.040550232693967,13.965912393870108,0.0,36.0,0.0,0.0,0.0,0.0,0.0,0.0,0.0,0.0,0.0,0.0,0.0
2026-06-23 10:10:07,0.0,0.0,0.0,0.0,0.0,0.0,0.0,0.0,37.05819134886076,37.31313853920662,36.94350702178405,14.0,13.955400360631215,14.04414045184992,0.0,36.0,0.0,0.0,0.0,0.0,0.0,0.0,0.0,0.0,0.0,0.0,0.0
2026-06-23 10:10:08,0.0,0.0,0.0,0.0,0.0,0.0,0.0,0.0,36.54257529435984,37.13878819368673,36.84924631341826,14.0,14.019119101923344,13.975746341885312,0.0,36.0,0.0,0.0,0.0,0.0,0.0,0.0,0.0,0.0,0.0,0.0,0.0
2026-06-23 10:10:08,0.0,0.0,0.0,0.0,0.0,0.0,0.0,0.0,36.91033695605469,37.05979791722704,36.872129416202505,14.0,14.038337063534177,14.04119128760198,0.0,36.0,0.0,0.0,0.0,0.0,0.0,0.0,0.0,0.0,0.0,0.0,0.0
2026-06-23 10:10:09,0.0,0.0,0.0,0.0,0.0,0.0,0.0,0.0,36.91778971364184,36.946120320755426,36.831554999296195,14.0,13.973976634195948,13.97419747424438,0.0,36.0,0.0,0.0,0.0,0.0,0.0,0.0,0.0,0.0,0.0,0.0,0.0
2026-06-23 10:10:09,0.0,0.0,0.0,0.0,0.0,0.0,0.0,0.0,36.83866821607179,36.95141710345625,37.080729030092556,14.0,14.023249368924093,13.979752880478788,0.0,36.0,0.0,0.0,0.0,0.0,0.0,0.0,0.0,0.0,0.0,0.0,0.0
2026-06-23 10:10:10,0.0,0.0,0.0,0.0,0.0,0.0,0.0,0.0,36.789433555940484,37.1723036808769,36.97623890996354,14.0,14.045012307533092,13.961582118487547,0.0,36.0,0.0,0.0,0.0,0.0,0.0,0.0,0.0,0.0,0.0,0.0,0.0
2026-06-23 10:10:10,0.0,0.0,0.0,0.0,0.0,0.0,0.0,0.0,36.57226904794164,37.10268311676434,37.164952681826996,14.0,13.998295996782394,13.999356127585871,0.0,36.0,0.0,0.0,0.0,0.0,0.0,0.0,0.0,0.0,0.0,0.0,0.0
2026-06-23 10:10:11,0.0,0.0,0.0,0.0,0.0,0.0,0.0,0.0,37.05205949157421,37.23925284420161,36.862819278689784,14.0,13.984828276064686,14.049088280710006,0.0,36.0,0.0,0.0,0.0,0.0,0.0,0.0,0.0,0.0,0.0,0.0,0.0
2026-06-23 10:10:11,0.0,0.0,0.0,0.0,0.0,0.0,0.0,0.0,36.607060194243886,37.02292970505713,36.781545137227575,14.0,13.99862014235963,13.983606511728608,0.0,36.0,0.0,0.0,0.0,0.0,0.0,0.0,0.0,0.0,0.0,0.0,0.0
2026-06-23 10:10:12,0.0,0.0,0.0,0.0,0.0,0.0,0.0,0.0,36.60018358538977,36.95347848452037,36.80213256436676,14.0,13.987327795522365,13.986409528337305,0.0,36.0,0.0,0.0,0.0,0.0,0.0,0.0,0.0,0.0,0.0,0.0,0.0
2026-06-23 10:10:12,0.0,0.0,0.0,0.0,0.0,0.0,0.0,0.0,36.72341609003271,36.99452878492389,36.923083626614485,14.0,14.001778691740178,13.966429441710158,0.0,36.0,0.0,0.0,0.0,0.0,0.0,0.0,0.0,0.0,0.0,0.0,0.0
2026-06-23 10:10:13,0.0,0.0,0.0,0.0,0.0,0.0,0.0,0.0,36.81770363253457,37.213606475566394,37.26753302998374,14.0,13.95344057535152,13.974000233594284,0.0,36.0,0.0,0.0,0.0,0.0,0.0,0.0,0.0,0.0,0.0,0.0,0.0
2026-06-23 10:10:13,0.0,0.0,0.0,0.0,0.0,0.0,0.0,0.0,36.89260203417112,36.93589889963279,36.92152827873797,14.0,14.006778030161493,14.015596118916074,0.0,36.0,0.0,0.0,0.0,0.0,0.0,0.0,0.0,0.0,0.0,0.0,0.0
2026-06-23 10:10:14,0.0,0.0,0.0,0.0,0.0,0.0,0.0,0.0,36.533838483791776,36.90864395704337,36.926655460639,14.0,13.953268734885558,13.97892702776535,0.0,36.0,0.0,0.0,0.0,0.0,0.0,0.0,0.0,0.0,0.0,0.0,0.0
2026-06-23 10:10:14,0.0,0.0,0.0,0.0,0.0,0.0,0.0,0.0,36.725601883845194,37.11312796045623,37.17072172285674,14.0,13.983161842143051,14.014392313407694,0.0,36.0,0.0,0.0,0.0,0.0,0.0,0.0,0.0,0.0,0.0,0.0,0.0
2026-06-23 10:10:15,0.0,0.0,0.0,0.0,0.0,0.0,0.0,0.0,37.0948191626672,36.989132093843445,37.034740644532576,14.0,14.045368622799877,13.960816150341852,0.0,36.0,0.0,0.0,0.0,0.0,0.0,0.0,0.0,0.0,0.0,0.0,0.0
2026-06-23 10:10:15,0.0,0.0,0.0,0.0,0.0,0.0,0.0,0.0,36.91236272487178,37.310096121908146,37.187473148576565,14.0,14.04093980501251,14.009925401532175,0.0,36.0,0.0,0.0,0.0,0.0,0.0,0.0,0.0,0.0,0.0,0.0,0.0
2026-06-23 10:10:16,0.0,0.0,0.0,0.0,0.0,0.0,0.0,0.0,36.80543235543099,37.37104119989521,36.93566352659053,14.0,13.952968422366709,13.981817952664498,0.0,36.0,0.0,0.0,0.0,0.0,0.0,0.0,0.0,0.0,0.0,0.0,0.0
2026-06-23 10:10:16,0.0,0.0,0.0,0.0,0.0,0.0,0.0,0.0,36.75795084641889,37.00193684190574,36.76720113991824,14.0,14.034962492069774,13.987238881227803,0.0,36.0,0.0,0.0,0.0,0.0,0.0,0.0,0.0,0.0,0.0,0.0,0.0
2026-06-23 10:10:17,0.0,0.0,0.0,0.0,0.0,0.0,0.0,0.0,36.96199719310628,36.91053410073061,37.03292667855653,14.0,14.022156030028704,14.044327779711917,0.0,36.0,0.0,0.0,0.0,0.0,0.0,0.0,0.0,0.0,0.0,0.0,0.0
2026-06-23 10:10:17,0.0,0.0,0.0,0.0,0.0,0.0,0.0,0.0,37.08940976879468,37.004301058034194,37.11315496276795,14.0,14.037519866713811,14.049514995033396,0.0,36.0,0.0,0.0,0.0,0.0,0.0,0.0,0.0,0.0,0.0,0.0,0.0
2026-06-23 10:10:18,0.0,0.0,0.0,0.0,0.0,0.0,0.0,0.0,37.003583525587125,37.34052181322196,37.11612366038696,14.0,13.979465256261026,14.038659480872727,0.0,36.0,0.0,0.0,0.0,0.0,0.0,0.0,0.0,0.0,0.0,0.0,0.0
2026-06-23 10:10:18,0.0,0.0,0.0,0.0,0.0,0.0,0.0,0.0,36.734621984718856,37.2212422373972,36.79718052949028,14.0,14.022391978456682,14.016213962566509,0.0,36.0,0.0,0.0,0.0,0.0,0.0,0.0,0.0,0.0,0.0,0.0,0.0
2026-06-23 10:10:19,0.0,0.0,0.0,0.0,0.0,0.0,0.0,0.0,37.044545325983414,37.29164649112911,36.999431797305846,14.0,14.023460691105804,14.044787697728303,0.0,36.0,0.0,0.0,0.0,0.0,0.0,0.0,0.0,0.0,0.0,0.0,0.0
2026-06-23 10:10:19,0.0,0.0,0.0,0.0,0.0,0.0,0.0,0.0,36.60199196670061,37.075294128986414,37.26513660018746,14.0,13.999322311965168,14.047642760448605,0.0,36.0,0.0,0.0,0.0,0.0,0.0,0.0,0.0,0.0,0.0,0.0,0.0
2026-06-23 10:10:20,0.0,0.0,0.0,0.0,0.0,0.0,0.0,0.0,36.99463880380952,37.107668356048435,36.816462088495356,14.0,13.950337552823886,13.95152804819925,0.0,36.0,0.0,0.0,0.0,0.0,0.0,0.0,0.0,0.0,0.0,0.0,0.0
2026-06-23 10:10:20,0.0,0.0,0.0,0.0,0.0,0.0,0.0,0.0,37.00618611548715,37.060232856441765,37.270038739438256,14.0,14.00284850289115,13.990611383616425,0.0,36.0,0.0,0.0,0.0,0.0,0.0,0.0,0.0,0.0,0.0,0.0,0.0
2026-06-23 10:10:21,0.0,0.0,0.0,0.0,0.0,0.0,0.0,0.0,37.06086262911091,36.95423269544373,36.95090480957091,14.0,13.96489676925851,13.959924042087644,0.0,36.0,0.0,0.0,0.0,0.0,0.0,0.0,0.0,0.0,0.0,0.0,0.0
2026-06-23 10:10:21,0.0,0.0,0.0,0.0,0.0,0.0,0.0,0.0,36.62403834902663,37.078882291132025,37.2895024151332,14.0,14.037058656830403,13.98760280336533,0.0,36.0,0.0,0.0,0.0,0.0,0.0,0.0,0.0,0.0,0.0,0.0,0.0
2026-06-23 10:10:22,0.0,0.0,0.0,0.0,0.0,0.0,0.0,0.0,36.890644724294404,37.23795682043959,37.00407890193001,14.0,14.0073189290539,14.045007989902752,0.0,36.0,0.0,0.0,0.0,0.0,0.0,0.0,0.0,0.0,0.0,0.0,0.0
2026-06-23 10:10:22,0.0,0.0,0.0,0.0,0.0,0.0,0.0,0.0,36.83916313536193,37.15592729004825,37.04814376772154,14.0,13.96574734362602,14.00862494504058,0.0,36.0,0.0,0.0,0.0,0.0,0.0,0.0,0.0,0.0,0.0,0.0,0.0
2026-06-23 10:10:23,0.0,0.0,0.0,0.0,0.0,0.0,0.0,0.0,36.611459316121476,37.16347715447548,36.96034437213313,14.0,13.990474467014995,14.037579900018564,0.0,36.0,0.0,0.0,0.0,0.0,0.0,0.0,0.0,0.0,0.0,0.0,0.0
2026-06-23 10:10:23,0.0,0.0,0.0,0.0,0.0,0.0,0.0,0.0,36.53490091156023,37.310001680861184,37.254387295022056,14.0,14.014567513877955,13.964179435121869,0.0,36.0,0.0,0.0,0.0,0.0,0.0,0.0,0.0,0.0,0.0,0.0,0.0
2026-06-23 10:10:24,0.0,0.0,0.0,0.0,0.0,0.0,0.0,0.0,36.7534637360361,37.242605154935376,36.90085094873124,14.0,13.975897676251991,13.957297430529911,0.0,36.0,0.0,0.0,0.0,0.0,0.0,0.0,0.0,0.0,0.0,0.0,0.0
2026-06-23 10:10:24,0.0,0.0,0.0,0.0,0.0,0.0,0.0,0.0,36.76848546617956,37.350610418980615,37.26044431600206,14.0,13.959933339628224,13.982912180680907,0.0,36.0,0.0,0.0,0.0,0.0,0.0,0.0,0.0,0.0,0.0,0.0,0.0
2026-06-23 10:10:25,0.0,0.0,0.0,0.0,0.0,0.0,0.0,0.0,37.02417784798432,37.23864547812853,37.27732577274741,14.0,13.996366188606855,14.044687092519762,0.0,36.0,0.0,0.0,0.0,0.0,0.0,0.0,0.0,0.0,0.0,0.0,0.0
2026-06-23 10:10:25,0.0,0.0,0.0,0.0,0.0,0.0,0.0,0.0,36.64280623471434,37.25076534821798,37.170197700593484,14.0,13.991857184063994,14.043950580108074,0.0,36.0,0.0,0.0,0.0,0.0,0.0,0.0,0.0,0.0,0.0,0.0,0.0
2026-06-23 10:10:26,0.0,0.0,0.0,0.0,0.0,0.0,0.0,0.0,36.88562354082504,37.07350746788431,36.73310512726055,14.0,13.96709297372866,14.017955387540542,0.0,36.0,0.0,0.0,0.0,0.0,0.0,0.0,0.0,0.0,0.0,0.0,0.0
2026-06-23 10:10:26,0.0,0.0,0.0,0.0,0.0,0.0,0.0,0.0,36.979518765187095,36.99448753711965,36.90889207292071,14.0,14.0294987311518,14.011671607012872,0.0,36.0,0.0,0.0,0.0,0.0,0.0,0.0,0.0,0.0,0.0,0.0,0.0
2026-06-23 10:10:27,0.0,0.0,0.0,0.0,0.0,0.0,0.0,0.0,36.58021641266785,37.19549083473703,36.77663942534153,14.0,13.950264554090637,13.992290681035307,0.0,36.0,0.0,0.0,0.0,0.0,0.0,0.0,0.0,0.0,0.0,0.0,0.0
2026-06-23 10:10:27,0.0,0.0,0.0,0.0,0.0,0.0,0.0,0.0,36.89736868061927,37.16818385820515,37.22131556888076,14.0,13.9614865637759,13.957584090250945,0.0,36.0,0.0,0.0,0.0,0.0,0.0,0.0,0.0,0.0,0.0,0.0,0.0
2026-06-23 10:10:28,0.0,0.0,0.0,0.0,0.0,0.0,0.0,0.0,36.943586762443495,37.072859812232046,36.86728751013712,14.0,13.973367635667223,14.032072704981887,0.0,36.0,0.0,0.0,0.0,0.0,0.0,0.0,0.0,0.0,0.0,0.0,0.0
2026-06-23 10:10:28,0.0,0.0,0.0,0.0,0.0,0.0,0.0,0.0,36.59402369479153,37.25645572167781,36.89727461870924,14.0,14.046349614352788,13.981236004534203,0.0,36.0,0.0,0.0,0.0,0.0,0.0,0.0,0.0,0.0,0.0,0.0,0.0
2026-06-23 10:10:29,0.0,0.0,0.0,0.0,0.0,0.0,0.0,0.0,36.68998103391588,37.18541495628456,36.96227653385397,14.0,14.013083334334658,13.991916459918349,0.0,36.0,0.0,0.0,0.0,0.0,0.0,0.0,0.0,0.0,0.0,0.0,0.0
2026-06-23 10:10:29,0.0,0.0,0.0,0.0,0.0,0.0,0.0,0.0,36.60038424954308,37.1176605928912,36.96580523249044,14.0,14.012931337724057,13.996381150057466,0.0,36.0,0.0,0.0,0.0,0.0,0.0,0.0,0.0,0.0,0.0,0.0,0.0
2026-06-23 10:10:30,0.0,0.0,0.0,0.0,0.0,0.0,0.0,0.0,36.99176519838487,37.18197951380347,36.77326355582032,14.0,13.964907018158199,14.01698775495694,0.0,36.0,0.0,0.0,0.0,0.0,0.0,0.0,0.0,0.0,0.0,0.0,0.0
2026-06-23 10:10:30,0.0,0.0,0.0,0.0,0.0,0.0,0.0,0.0,36.92832420059715,36.88188794782819,36.91134018659404,14.0,14.016278329452515,14.004436544029927,0.0,36.0,0.0,0.0,0.0,0.0,0.0,0.0,0.0,0.0,0.0,0.0,0.0
2026-06-23 10:10:31,0.0,0.0,0.0,0.0,0.0,0.0,0.0,0.0,36.872165098632394,36.988600888392426,36.723092628639,14.0,14.013322622834663,13.99694740366906,0.0,36.0,0.0,0.0,0.0,0.0,0.0,0.0,0.0,0.0,0.0,0.0,0.0
2026-06-23 10:10:31,0.0,0.0,0.0,0.0,0.0,0.0,0.0,0.0,37.03506202254098,37.23314322116433,37.23914590070919,14.0,14.020441554947828,14.029391285170865,0.0,36.0,0.0,0.0,0.0,0.0,0.0,0.0,0.0,0.0,0.0,0.0,0.0
2026-06-23 10:10:32,0.0,0.0,0.0,0.0,0.0,0.0,0.0,0.0,37.06267641065742,36.91990047667183,37.198196284551756,14.0,14.001613752700207,13.980397489357633,0.0,36.0,0.0,0.0,0.0,0.0,0.0,0.0,0.0,0.0,0.0,0.0,0.0
2026-06-23 10:10:32,0.0,0.0,0.0,0.0,0.0,0.0,0.0,0.0,36.55998880095737,37.030575440951026,36.98843794789362,14.0,13.990929996663782,14.045469827107581,0.0,36.0,0.0,0.0,0.0,0.0,0.0,0.0,0.0,0.0,0.0,0.0,0.0
2026-06-23 10:10:33,0.0,0.0,0.0,0.0,0.0,0.0,0.0,0.0,36.95051664657071,37.03764691628832,37.02053325928747,14.0,14.037338198789094,14.014084915297955,0.0,36.0,0.0,0.0,0.0,0.0,0.0,0.0,0.0,0.0,0.0,0.0,0.0
2026-06-23 10:10:33,0.0,0.0,0.0,0.0,0.0,0.0,0.0,0.0,36.72705431423752,37.309311940849234,37.266903295970195,14.0,13.978323377187232,14.027868886060492,0.0,36.0,0.0,0.0,0.0,0.0,0.0,0.0,0.0,0.0,0.0,0.0,0.0
2026-06-23 10:10:34,0.0,0.0,0.0,0.0,0.0,0.0,0.0,0.0,36.67633940501317,37.15303380151657,37.00079854368928,14.0,13.97923397194014,13.989061004321497,0.0,36.0,0.0,0.0,0.0,0.0,0.0,0.0,0.0,0.0,0.0,0.0,0.0
2026-06-23 10:10:34,0.0,0.0,0.0,0.0,0.0,0.0,0.0,0.0,36.969563208146575,36.89586458509432,36.856623755962936,14.0,13.995649560145042,14.006393253597487,0.0,36.0,0.0,0.0,0.0,0.0,0.0,0.0,0.0,0.0,0.0,0.0,0.0
2026-06-23 10:10:35,0.0,0.0,0.0,0.0,0.0,0.0,0.0,0.0,36.91931715075597,36.95449045093182,36.80641266151969,14.0,14.006511161760717,14.012449906349868,0.0,36.0,0.0,0.0,0.0,0.0,0.0,0.0,0.0,0.0,0.0,0.0,0.0
2026-06-23 10:10:35,0.0,0.0,0.0,0.0,0.0,0.0,0.0,0.0,37.09763843652674,37.104527372662375,36.757302342473494,14.0,13.950150156368519,13.958330335933839,0.0,36.0,0.0,0.0,0.0,0.0,0.0,0.0,0.0,0.0,0.0,0.0,0.0
2026-06-23 10:10:36,0.0,0.0,0.0,0.0,0.0,0.0,0.0,0.0,37.00510210092968,36.97570820200296,36.809428388293874,14.0,13.977634591199564,14.003848181847223,0.0,36.0,0.0,0.0,0.0,0.0,0.0,0.0,0.0,0.0,0.0,0.0,0.0
2026-06-23 10:10:36,0.0,0.0,0.0,0.0,0.0,0.0,0.0,0.0,36.742091823561054,37.08181007111499,36.83561728269584,14.0,14.012952799467651,13.955826472685501,0.0,36.0,0.0,0.0,0.0,0.0,0.0,0.0,0.0,0.0,0.0,0.0,0.0
2026-06-23 10:10:37,0.0,0.0,0.0,0.0,0.0,0.0,0.0,0.0,36.718907685563536,37.18370166269984,37.037136212796625,14.0,14.025040653024663,14.021057032095003,0.0,36.0,0.0,0.0,0.0,0.0,0.0,0.0,0.0,0.0,0.0,0.0,0.0
2026-06-23 10:10:37,0.0,0.0,0.0,0.0,0.0,0.0,0.0,0.0,36.649852851923406,36.91981313623732,36.845875662503566,14.0,14.035395774947041,14.005100174694139,0.0,36.0,0.0,0.0,0.0,0.0,0.0,0.0,0.0,0.0,0.0,0.0,0.0
2026-06-23 10:10:38,0.0,0.0,0.0,0.0,0.0,0.0,0.0,0.0,36.885289998079394,36.95043329435581,37.09808034624385,14.0,14.02624573775653,14.046765386635599,0.0,36.0,0.0,0.0,0.0,0.0,0.0,0.0,0.0,0.0,0.0,0.0,0.0
2026-06-23 10:10:38,0.0,0.0,0.0,0.0,0.0,0.0,0.0,0.0,37.050552550800454,37.096155959823946,36.807380485334875,14.0,13.986401773341914,13.970986193255705,0.0,36.0,0.0,0.0,0.0,0.0,0.0,0.0,0.0,0.0,0.0,0.0,0.0
2026-06-23 10:10:39,0.0,0.0,0.0,0.0,0.0,0.0,0.0,0.0,36.863240595822965,37.10349370355873,36.927065637755824,14.0,14.038712215006965,13.99631437045356,0.0,36.0,0.0,0.0,0.0,0.0,0.0,0.0,0.0,0.0,0.0,0.0,0.0
2026-06-23 10:10:39,0.0,0.0,0.0,0.0,0.0,0.0,0.0,0.0,36.568393347792714,36.84815046778664,37.294518978745955,14.0,14.048443781341897,13.981725186741077,0.0,36.0,0.0,0.0,0.0,0.0,0.0,0.0,0.0,0.0,0.0,0.0,0.0
2026-06-23 10:10:40,0.0,0.0,0.0,0.0,0.0,0.0,0.0,0.0,37.02046716336187,37.03627199368385,36.80291758750976,14.0,14.023697828126188,13.952143844729852,0.0,36.0,0.0,0.0,0.0,0.0,0.0,0.0,0.0,0.0,0.0,0.0,0.0
2026-06-23 10:10:40,0.0,0.0,0.0,0.0,0.0,0.0,0.0,0.0,37.097031604332244,36.99977733218639,36.90434223286069,14.0,14.039412630980323,14.030480333512836,0.0,36.0,0.0,0.0,0.0,0.0,0.0,0.0,0.0,0.0,0.0,0.0,0.0
2026-06-23 10:10:41,0.0,0.0,0.0,0.0,0.0,0.0,0.0,0.0,36.83159165667853,36.94505696221564,36.71216953720457,14.0,14.0010049362584,13.965395696093557,0.0,36.0,0.0,0.0,0.0,0.0,0.0,0.0,0.0,0.0,0.0,0.0,0.0
2026-06-23 10:10:41,0.0,0.0,0.0,0.0,0.0,0.0,0.0,0.0,36.78980107458709,36.85787137878204,37.006932271810555,14.0,14.039396627823844,13.996793098868404,0.0,36.0,0.0,0.0,0.0,0.0,0.0,0.0,0.0,0.0,0.0,0.0,0.0
2026-06-23 10:10:42,0.0,0.0,0.0,0.0,0.0,0.0,0.0,0.0,37.08622797139033,37.19354227123021,36.93887080803912,14.0,14.027923001894358,14.018040558112252,0.0,36.0,0.0,0.0,0.0,0.0,0.0,0.0,0.0,0.0,0.0,0.0,0.0
2026-06-23 10:10:42,0.0,0.0,0.0,0.0,0.0,0.0,0.0,0.0,36.73834046088884,37.341523363267264,37.100042574781604,14.0,13.967344428171371,14.011417047316337,0.0,36.0,0.0,0.0,0.0,0.0,0.0,0.0,0.0,0.0,0.0,0.0,0.0
2026-06-23 10:10:43,0.0,0.0,0.0,0.0,0.0,0.0,0.0,0.0,36.708819777490476,37.07513254227972,37.13114969406026,14.0,14.02004042243917,13.986637054406284,0.0,36.0,0.0,0.0,0.0,0.0,0.0,0.0,0.0,0.0,0.0,0.0,0.0
2026-06-23 10:10:43,0.0,0.0,0.0,0.0,0.0,0.0,0.0,0.0,37.0421144579492,37.32766839057041,36.943280972120085,14.0,14.031369250271283,13.971949019089184,0.0,36.0,0.0,0.0,0.0,0.0,0.0,0.0,0.0,0.0,0.0,0.0,0.0
2026-06-23 10:10:44,0.0,0.0,0.0,0.0,0.0,0.0,0.0,0.0,36.955227812036334,37.19158882509371,37.08954592113777,14.0,13.956728856322096,13.972508934494723,0.0,36.0,0.0,0.0,0.0,0.0,0.0,0.0,0.0,0.0,0.0,0.0,0.0
2026-06-23 10:10:44,0.0,0.0,0.0,0.0,0.0,0.0,0.0,0.0,36.67631391633531,37.35814914039198,37.28004229305566,14.0,14.006555589604513,13.963658656830157,0.0,36.0,0.0,0.0,0.0,0.0,0.0,0.0,0.0,0.0,0.0,0.0,0.0
2026-06-23 10:10:45,0.0,0.0,0.0,0.0,0.0,0.0,0.0,0.0,36.86220459202096,36.90973654668868,36.95659996976909,14.0,13.9753230314849,13.9767945486082,0.0,36.0,0.0,0.0,0.0,0.0,0.0,0.0,0.0,0.0,0.0,0.0,0.0
2026-06-23 10:10:45,0.0,0.0,0.0,0.0,0.0,0.0,0.0,0.0,36.862797390775505,37.21789740421824,37.01611951975743,14.0,13.964518364986406,14.042064315509483,0.0,36.0,0.0,0.0,0.0,0.0,0.0,0.0,0.0,0.0,0.0,0.0,0.0
2026-06-23 10:10:46,0.0,0.0,0.0,0.0,0.0,0.0,0.0,0.0,36.902593753794044,37.23237275596793,37.156592957940305,14.0,13.960567182097268,13.994613629550459,0.0,36.0,0.0,0.0,0.0,0.0,0.0,0.0,0.0,0.0,0.0,0.0,0.0
2026-06-23 10:10:46,0.0,0.0,0.0,0.0,0.0,0.0,0.0,0.0,36.90093790806374,37.197068534551086,37.24400363988986,14.0,14.005803838428495,13.976337970251144,0.0,36.0,0.0,0.0,0.0,0.0,0.0,0.0,0.0,0.0,0.0,0.0,0.0
2026-06-23 10:10:47,0.0,0.0,0.0,0.0,0.0,0.0,0.0,0.0,36.53760524026033,36.981254917649494,36.70859811184783,14.0,13.954241646026217,14.021138710810447,0.0,36.0,0.0,0.0,0.0,0.0,0.0,0.0,0.0,0.0,0.0,0.0,0.0
2026-06-23 10:10:47,0.0,0.0,0.0,0.0,0.0,0.0,0.0,0.0,36.73330432815201,36.86689533950497,37.05290039463857,14.0,14.030850854002695,13.952191113965561,0.0,36.0,0.0,0.0,0.0,0.0,0.0,0.0,0.0,0.0,0.0,0.0,0.0
2026-06-23 10:10:48,0.0,0.0,0.0,0.0,0.0,0.0,0.0,0.0,36.73190282941864,37.34654169179475,36.969258200745095,14.0,14.003397775319842,13.959015213384925,0.0,36.0,0.0,0.0,0.0,0.0,0.0,0.0,0.0,0.0,0.0,0.0,0.0
2026-06-23 10:10:48,0.0,0.0,0.0,0.0,0.0,0.0,0.0,0.0,36.69433826176912,36.86920122567515,36.911345913014365,14.0,13.951738357177522,14.006951315530344,0.0,36.0,0.0,0.0,0.0,0.0,0.0,0.0,0.0,0.0,0.0,0.0,0.0
2026-06-23 10:10:49,0.0,0.0,0.0,0.0,0.0,0.0,0.0,0.0,36.609796940935546,37.284157766205894,37.22135587072444,14.0,13.966855070228466,14.018569056877121,0.0,36.0,0.0,0.0,0.0,0.0,0.0,0.0,0.0,0.0,0.0,0.0,0.0
2026-06-23 10:10:49,0.0,0.0,0.0,0.0,0.0,0.0,0.0,0.0,36.98092892331291,37.13279909348724,37.216844313614914,14.0,13.968267213969199,13.961194900555231,0.0,36.0,0.0,0.0,0.0,0.0,0.0,0.0,0.0,0.0,0.0,0.0,0.0
2026-06-23 10:10:50,0.0,0.0,0.0,0.0,0.0,0.0,0.0,0.0,36.87484461807666,37.116539935185166,37.01348750026478,14.0,13.959472200220878,13.979614140740496,0.0,36.0,0.0,0.0,0.0,0.0,0.0,0.0,0.0,0.0,0.0,0.0,0.0
2026-06-23 10:10:50,0.0,0.0,0.0,0.0,0.0,0.0,0.0,0.0,36.851663679006414,37.26086871464653,36.74870804055039,14.0,14.035508763408224,13.9617191525717,0.0,36.0,0.0,0.0,0.0,0.0,0.0,0.0,0.0,0.0,0.0,0.0,0.0
2026-06-23 10:10:51,0.0,0.0,0.0,0.0,0.0,0.0,0.0,0.0,36.62004226892692,37.26304022074623,36.80235979900382,14.0,13.982927467811487,14.035640353440114,0.0,36.0,0.0,0.0,0.0,0.0,0.0,0.0,0.0,0.0,0.0,0.0,0.0
2026-06-23 10:10:51,0.0,0.0,0.0,0.0,0.0,0.0,0.0,0.0,36.59699626287046,36.80425413690531,36.79958094253406,14.0,14.02876840827077,14.019333522713408,0.0,36.0,0.0,0.0,0.0,0.0,0.0,0.0,0.0,0.0,0.0,0.0,0.0
2026-06-23 10:10:52,0.0,0.0,0.0,0.0,0.0,0.0,0.0,0.0,36.690338176243245,37.30045783569308,37.16943618912633,14.0,14.019018083472345,14.040504755409481,0.0,36.0,0.0,0.0,0.0,0.0,0.0,0.0,0.0,0.0,0.0,0.0,0.0
2026-06-23 10:10:52,0.0,0.0,0.0,0.0,0.0,0.0,0.0,0.0,36.69230314565335,37.206615648506116,36.98873324270136,14.0,13.97464460605765,14.00520563211952,0.0,36.0,0.0,0.0,0.0,0.0,0.0,0.0,0.0,0.0,0.0,0.0,0.0
2026-06-23 10:10:53,0.0,0.0,0.0,0.0,0.0,0.0,0.0,0.0,36.931653063083075,36.936829373601334,37.187736238833814,14.0,13.999324896267357,13.962636222552684,0.0,36.0,0.0,0.0,0.0,0.0,0.0,0.0,0.0,0.0,0.0,0.0,0.0
2026-06-23 10:10:53,0.0,0.0,0.0,0.0,0.0,0.0,0.0,0.0,36.973167419647126,37.01386326710091,37.177031177378886,14.0,14.04727368342045,14.048399393106548,0.0,36.0,0.0,0.0,0.0,0.0,0.0,0.0,0.0,0.0,0.0,0.0,0.0
2026-06-23 10:10:54,0.0,0.0,0.0,0.0,0.0,0.0,0.0,0.0,36.742237299724735,36.97097969877522,36.86620441378967,14.0,14.034122078391082,14.040708605550714,0.0,36.0,0.0,0.0,0.0,0.0,0.0,0.0,0.0,0.0,0.0,0.0,0.0
2026-06-23 10:10:54,0.0,0.0,0.0,0.0,0.0,0.0,0.0,0.0,36.762612082892716,37.243314604867614,36.95155145737469,14.0,14.020913464099756,13.975356826018967,0.0,36.0,0.0,0.0,0.0,0.0,0.0,0.0,0.0,0.0,0.0,0.0,0.0
2026-06-23 10:10:55,0.0,0.0,0.0,0.0,0.0,0.0,0.0,0.0,36.55555661287661,37.19172454574465,37.08152752295919,14.0,13.977566032732456,13.98834566216032,0.0,36.0,0.0,0.0,0.0,0.0,0.0,0.0,0.0,0.0,0.0,0.0,0.0
2026-06-23 10:10:55,0.0,0.0,0.0,0.0,0.0,0.0,0.0,0.0,36.531770527107824,37.03673720599523,37.00601476442924,14.0,14.016799009767928,13.958966061256481,0.0,36.0,0.0,0.0,0.0,0.0,0.0,0.0,0.0,0.0,0.0,0.0,0.0
2026-06-23 10:10:56,0.0,0.0,0.0,0.0,0.0,0.0,0.0,0.0,36.7687953081336,37.384306126649975,36.78377832050374,14.0,13.979548442365934,14.008603837034816,0.0,36.0,0.0,0.0,0.0,0.0,0.0,0.0,0.0,0.0,0.0,0.0,0.0
2026-06-23 10:10:56,0.0,0.0,0.0,0.0,0.0,0.0,0.0,0.0,36.85579999484193,37.25901428781426,37.139134347486454,14.0,13.988194959476754,13.950494264086004,0.0,36.0,0.0,0.0,0.0,0.0,0.0,0.0,0.0,0.0,0.0,0.0,0.0
2026-06-23 10:10:57,0.0,0.0,0.0,0.0,0.0,0.0,0.0,0.0,36.629536634096226,36.84782033081145,37.116077082284185,14.0,13.963486937125335,14.022606302997017,0.0,36.0,0.0,0.0,0.0,0.0,0.0,0.0,0.0,0.0,0.0,0.0,0.0
2026-06-23 10:10:57,0.0,0.0,0.0,0.0,0.0,0.0,0.0,0.0,37.021723231539184,37.230269063407384,37.08531860206144,14.0,13.978971159506472,14.009971558261995,0.0,36.0,0.0,0.0,0.0,0.0,0.0,0.0,0.0,0.0,0.0,0.0,0.0
2026-06-23 10:10:58,0.0,0.0,0.0,0.0,0.0,0.0,0.0,0.0,36.560686645566705,36.85491963667495,36.89163698595083,14.0,13.958746898648071,14.03831819228926,0.0,36.0,0.0,0.0,0.0,0.0,0.0,0.0,0.0,0.0,0.0,0.0,0.0
2026-06-23 10:10:58,0.0,0.0,0.0,0.0,0.0,0.0,0.0,0.0,36.96286921313616,37.28866864205006,37.27085406874114,14.0,13.970131216115028,13.996347740401276,0.0,36.0,0.0,0.0,0.0,0.0,0.0,0.0,0.0,0.0,0.0,0.0,0.0
2026-06-23 10:10:59,0.0,0.0,0.0,0.0,0.0,0.0,0.0,0.0,36.51201963451546,36.87940552894113,36.80489791860731,14.0,14.02207510359254,14.048464805575492,0.0,36.0,0.0,0.0,0.0,0.0,0.0,0.0,0.0,0.0,0.0,0.0,0.0
2026-06-23 10:10:59,0.0,0.0,0.0,0.0,0.0,0.0,0.0,0.0,37.02245795778478,37.02191413801687,36.82428303046836,14.0,13.994966711836884,14.019136487208437,0.0,36.0,0.0,0.0,0.0,0.0,0.0,0.0,0.0,0.0,0.0,0.0,0.0
2026-06-23 10:11:00,0.0,0.0,0.0,0.0,0.0,0.0,0.0,0.0,36.58323530431767,36.94461221074865,36.81019835108778,14.0,14.035950486566534,14.017035628438542,0.0,36.0,0.0,0.0,0.0,0.0,0.0,0.0,0.0,0.0,0.0,0.0,0.0
2026-06-23 10:11:00,0.0,0.0,0.0,0.0,0.0,0.0,0.0,0.0,36.54367122290212,36.835375501274044,36.75749500719058,14.0,14.018785664391759,13.961712068137786,0.0,36.0,0.0,0.0,0.0,0.0,0.0,0.0,0.0,0.0,0.0,0.0,0.0
2026-06-23 10:11:01,0.0,0.0,0.0,0.0,0.0,0.0,0.0,0.0,36.788526289903494,37.19543340797981,37.128213543144994,14.0,13.961168062857823,14.0276368823061,0.0,36.0,0.0,0.0,0.0,0.0,0.0,0.0,0.0,0.0,0.0,0.0,0.0
2026-06-23 10:11:01,0.0,0.0,0.0,0.0,0.0,0.0,0.0,0.0,36.868102860936936,37.21856469210512,36.95285091034267,14.0,13.96805816381782,14.028765541473284,0.0,36.0,0.0,0.0,0.0,0.0,0.0,0.0,0.0,0.0,0.0,0.0,0.0
2026-06-23 10:11:02,0.0,0.0,0.0,0.0,0.0,0.0,0.0,0.0,36.75838176445542,37.1964992188501,37.09033133644038,14.0,14.003014942824604,13.981569264097981,0.0,36.0,0.0,0.0,0.0,0.0,0.0,0.0,0.0,0.0,0.0,0.0,0.0
2026-06-23 10:11:02,0.0,0.0,0.0,0.0,0.0,0.0,0.0,0.0,37.05358999720823,37.18986860280809,36.97389850898664,14.0,13.9691391842985,14.00285067287172,0.0,36.0,0.0,0.0,0.0,0.0,0.0,0.0,0.0,0.0,0.0,0.0,0.0
2026-06-23 10:11:03,0.0,0.0,0.0,0.0,0.0,0.0,0.0,0.0,37.07797016182406,37.14176835000406,36.88390493079524,14.0,14.012205537064718,13.963971011316564,0.0,36.0,0.0,0.0,0.0,0.0,0.0,0.0,0.0,0.0,0.0,0.0,0.0
2026-06-23 10:11:03,0.0,0.0,0.0,0.0,0.0,0.0,0.0,0.0,36.52474696439916,37.23737944209836,36.73667823669872,14.0,14.000331788233062,13.964739667711507,0.0,36.0,0.0,0.0,0.0,0.0,0.0,0.0,0.0,0.0,0.0,0.0,0.0
2026-06-23 10:11:04,0.0,0.0,0.0,0.0,0.0,0.0,0.0,0.0,36.5987016714131,37.079194291737714,37.23149077576183,14.0,14.035178380983954,14.026763945414515,0.0,36.0,0.0,0.0,0.0,0.0,0.0,0.0,0.0,0.0,0.0,0.0,0.0
2026-06-23 10:11:04,0.0,0.0,0.0,0.0,0.0,0.0,0.0,0.0,36.5763515338965,37.1852838620296,36.97283854714568,14.0,14.04068569238111,13.96078172393936,0.0,36.0,0.0,0.0,0.0,0.0,0.0,0.0,0.0,0.0,0.0,0.0,0.0
2026-06-23 10:11:05,0.0,0.0,0.0,0.0,0.0,0.0,0.0,0.0,37.09290007293929,36.83000248430325,37.277809621280674,14.0,14.022372122410037,14.005475467650424,0.0,36.0,0.0,0.0,0.0,0.0,0.0,0.0,0.0,0.0,0.0,0.0,0.0
2026-06-23 10:11:05,0.0,0.0,0.0,0.0,0.0,0.0,0.0,0.0,36.51824225581172,37.35670763997519,36.76535704753638,14.0,14.034920710077385,14.004169028589311,0.0,36.0,0.0,0.0,0.0,0.0,0.0,0.0,0.0,0.0,0.0,0.0,0.0
2026-06-23 10:11:06,0.0,0.0,0.0,0.0,0.0,0.0,0.0,0.0,36.62375761405398,36.86595688493879,37.252949025030425,14.0,14.005994347210418,13.96355018827303,0.0,36.0,0.0,0.0,0.0,0.0,0.0,0.0,0.0,0.0,0.0,0.0,0.0
2026-06-23 10:11:06,0.0,0.0,0.0,0.0,0.0,0.0,0.0,0.0,36.553097577419244,36.82926797877357,37.1161788864627,14.0,13.984901051344476,13.980478478303775,0.0,36.0,0.0,0.0,0.0,0.0,0.0,0.0,0.0,0.0,0.0,0.0,0.0
2026-06-23 10:11:07,0.0,0.0,0.0,0.0,0.0,0.0,0.0,0.0,36.638829703403864,36.871960248508096,36.739519642744504,14.0,13.955399085368343,14.04028266746316,0.0,36.0,0.0,0.0,0.0,0.0,0.0,0.0,0.0,0.0,0.0,0.0,0.0
2026-06-23 10:11:07,0.0,0.0,0.0,0.0,0.0,0.0,0.0,0.0,36.684883489829716,37.2541920632576,37.052518490278516,14.0,13.954733072933282,14.041420689709785,0.0,36.0,0.0,0.0,0.0,0.0,0.0,0.0,0.0,0.0,0.0,0.0,0.0
2026-06-23 10:11:08,0.0,0.0,0.0,0.0,0.0,0.0,0.0,0.0,36.500683389612114,36.98856449805176,37.05313910893703,14.0,14.016737622121939,14.020578937948535,0.0,36.0,0.0,0.0,0.0,0.0,0.0,0.0,0.0,0.0,0.0,0.0,0.0
2026-06-23 10:11:08,0.0,0.0,0.0,0.0,0.0,0.0,0.0,0.0,36.51501177045022,37.28879974971413,37.232937978246106,14.0,13.98117074963465,14.016079168413963,0.0,36.0,0.0,0.0,0.0,0.0,0.0,0.0,0.0,0.0,0.0,0.0,0.0
2026-06-23 10:11:09,0.0,0.0,0.0,0.0,0.0,0.0,0.0,0.0,36.635455855746336,37.033117672783796,36.89340137477778,14.0,13.993680810468225,13.95047262754906,0.0,36.0,0.0,0.0,0.0,0.0,0.0,0.0,0.0,0.0,0.0,0.0,0.0
2026-06-23 10:11:09,0.0,0.0,0.0,0.0,0.0,0.0,0.0,0.0,36.69490964852965,37.03906946402236,37.21411747505031,14.0,14.005190499483987,13.971420030691048,0.0,36.0,0.0,0.0,0.0,0.0,0.0,0.0,0.0,0.0,0.0,0.0,0.0
2026-06-23 10:11:10,0.0,0.0,0.0,0.0,0.0,0.0,0.0,0.0,36.63091938661031,36.91694793356047,37.138315777377365,14.0,14.028940052476136,13.957182691960512,0.0,36.0,0.0,0.0,0.0,0.0,0.0,0.0,0.0,0.0,0.0,0.0,0.0
2026-06-23 10:11:10,0.0,0.0,0.0,0.0,0.0,0.0,0.0,0.0,37.09086083226511,37.16063428806177,37.00162863001109,14.0,13.988438086293307,14.010767036796151,0.0,36.0,0.0,0.0,0.0,0.0,0.0,0.0,0.0,0.0,0.0,0.0,0.0
2026-06-23 10:11:11,0.0,0.0,0.0,0.0,0.0,0.0,0.0,0.0,36.88605236807835,37.201430299142956,37.28973079066272,14.0,14.02842949640248,14.042661056239233,0.0,36.0,0.0,0.0,0.0,0.0,0.0,0.0,0.0,0.0,0.0,0.0,0.0
2026-06-23 10:11:11,0.0,0.0,0.0,0.0,0.0,0.0,0.0,0.0,36.532316447534264,36.95327982262408,37.2162668824842,14.0,13.962512770881734,14.038881830182396,0.0,36.0,0.0,0.0,0.0,0.0,0.0,0.0,0.0,0.0,0.0,0.0,0.0
2026-06-23 10:11:12,0.0,0.0,0.0,0.0,0.0,0.0,0.0,0.0,36.53296724528503,37.31235473625126,37.07939511189863,14.0,14.002056194448697,14.005276078958596,0.0,36.0,0.0,0.0,0.0,0.0,0.0,0.0,0.0,0.0,0.0,0.0,0.0
2026-06-23 10:11:12,0.0,0.0,0.0,0.0,0.0,0.0,0.0,0.0,36.939076874512786,37.222034479166965,37.011467009691245,14.0,14.035710967648317,13.981238918335226,0.0,36.0,0.0,0.0,0.0,0.0,0.0,0.0,0.0,0.0,0.0,0.0,0.0
2026-06-23 10:11:13,0.0,0.0,0.0,0.0,0.0,0.0,0.0,0.0,36.9730920002189,37.198042217411775,37.15175318386692,14.0,13.990719456163001,13.997950509758843,0.0,36.0,0.0,0.0,0.0,0.0,0.0,0.0,0.0,0.0,0.0,0.0,0.0
2026-06-23 10:11:13,0.0,0.0,0.0,0.0,0.0,0.0,0.0,0.0,37.028497996225035,36.98281943514792,36.76305791806622,14.0,14.043760267253884,13.973412686430779,0.0,36.0,0.0,0.0,0.0,0.0,0.0,0.0,0.0,0.0,0.0,0.0,0.0
2026-06-23 10:11:14,0.0,0.0,0.0,0.0,0.0,0.0,0.0,0.0,36.72563410548443,37.14710110439706,36.82656555829031,14.0,13.95680082863279,14.030188398166171,0.0,36.0,0.0,0.0,0.0,0.0,0.0,0.0,0.0,0.0,0.0,0.0,0.0
2026-06-23 10:11:14,0.0,0.0,0.0,0.0,0.0,0.0,0.0,0.0,36.831041365744056,36.96282525583918,36.72490668481361,14.0,14.028788465108759,13.983544654681552,0.0,36.0,0.0,0.0,0.0,0.0,0.0,0.0,0.0,0.0,0.0,0.0,0.0
2026-06-23 10:11:15,0.0,0.0,0.0,0.0,0.0,0.0,0.0,0.0,36.92188565404971,36.9807100286299,37.299739322933156,14.0,14.016533049198141,14.038899752736823,0.0,36.0,0.0,0.0,0.0,0.0,0.0,0.0,0.0,0.0,0.0,0.0,0.0
2026-06-23 10:11:15,0.0,0.0,0.0,0.0,0.0,0.0,0.0,0.0,37.069567104491846,36.99273891043304,36.82977433309023,14.0,14.026579667658146,14.015640270280224,0.0,36.0,0.0,0.0,0.0,0.0,0.0,0.0,0.0,0.0,0.0,0.0,0.0
2026-06-23 10:11:16,0.0,0.0,0.0,0.0,0.0,0.0,0.0,0.0,37.04395432080078,36.94380922073928,36.99582243972409,14.0,14.033213478406973,13.986241613716203,0.0,36.0,0.0,0.0,0.0,0.0,0.0,0.0,0.0,0.0,0.0,0.0,0.0
2026-06-23 10:11:16,0.0,0.0,0.0,0.0,0.0,0.0,0.0,0.0,37.01056553307965,37.160627393828385,36.992297708576245,14.0,14.024585025705987,13.95548323387556,0.0,36.0,0.0,0.0,0.0,0.0,0.0,0.0,0.0,0.0,0.0,0.0,0.0
2026-06-23 10:11:17,0.0,0.0,0.0,0.0,0.0,0.0,0.0,0.0,36.7063132448284,36.81612184726941,36.87327817825449,14.0,14.022848740003536,14.029034189261449,0.0,36.0,0.0,0.0,0.0,0.0,0.0,0.0,0.0,0.0,0.0,0.0,0.0
2026-06-23 10:11:17,0.0,0.0,0.0,0.0,0.0,0.0,0.0,0.0,36.922255522211834,37.03109735787355,36.99553144388031,14.0,14.007173243123404,13.969248289982485,0.0,36.0,0.0,0.0,0.0,0.0,0.0,0.0,0.0,0.0,0.0,0.0,0.0
2026-06-23 10:11:18,0.0,0.0,0.0,0.0,0.0,0.0,0.0,0.0,36.96479005945429,37.17971648163161,36.70938338158713,14.0,13.984671849187029,13.995786872974532,0.0,36.0,0.0,0.0,0.0,0.0,0.0,0.0,0.0,0.0,0.0,0.0,0.0
2026-06-23 10:11:18,0.0,0.0,0.0,0.0,0.0,0.0,0.0,0.0,36.6964472107766,37.04702257971145,37.17489966749346,14.0,13.973219026535002,14.028842981652069,0.0,36.0,0.0,0.0,0.0,0.0,0.0,0.0,0.0,0.0,0.0,0.0,0.0
2026-06-23 10:11:19,0.0,0.0,0.0,0.0,0.0,0.0,0.0,0.0,36.917291875033975,36.90697339314817,36.9918233743492,14.0,13.975960373237042,14.034768524128214,0.0,36.0,0.0,0.0,0.0,0.0,0.0,0.0,0.0,0.0,0.0,0.0,0.0
2026-06-23 10:11:19,0.0,0.0,0.0,0.0,0.0,0.0,0.0,0.0,37.0293999367007,36.87426032248347,37.183939994442305,14.0,13.95388043458953,14.000182542750617,0.0,36.0,0.0,0.0,0.0,0.0,0.0,0.0,0.0,0.0,0.0,0.0,0.0
2026-06-23 10:11:20,0.0,0.0,0.0,0.0,0.0,0.0,0.0,0.0,36.559736978261256,37.026320814687054,36.763681952784694,14.0,14.011177251683987,14.00611369287906,0.0,36.0,0.0,0.0,0.0,0.0,0.0,0.0,0.0,0.0,0.0,0.0,0.0
2026-06-23 10:11:20,0.0,0.0,0.0,0.0,0.0,0.0,0.0,0.0,37.07405658217384,37.32698473659863,37.27978685412296,14.0,14.004785456388793,13.979184987347551,0.0,36.0,0.0,0.0,0.0,0.0,0.0,0.0,0.0,0.0,0.0,0.0,0.0
2026-06-23 10:11:21,0.0,0.0,0.0,0.0,0.0,0.0,0.0,0.0,36.663236974750674,37.205974005960236,37.19421248971306,14.0,13.995544558079297,14.040922119183776,0.0,36.0,0.0,0.0,0.0,0.0,0.0,0.0,0.0,0.0,0.0,0.0,0.0
2026-06-23 10:11:21,0.0,0.0,0.0,0.0,0.0,0.0,0.0,0.0,36.59469126922693,37.22075788131937,37.18018069896625,14.0,14.004710860955095,13.993156814711627,0.0,36.0,0.0,0.0,0.0,0.0,0.0,0.0,0.0,0.0,0.0,0.0,0.0
2026-06-23 10:11:22,0.0,0.0,0.0,0.0,0.0,0.0,0.0,0.0,36.836972131403996,37.208664989834894,37.27611938545571,14.0,14.034508032874687,14.025365791039668,0.0,36.0,0.0,0.0,0.0,0.0,0.0,0.0,0.0,0.0,0.0,0.0,0.0
2026-06-23 10:11:22,0.0,0.0,0.0,0.0,0.0,0.0,0.0,0.0,36.860880144772764,37.075049285208394,36.79334110770385,14.0,13.980965420430335,14.004815531424951,0.0,36.0,0.0,0.0,0.0,0.0,0.0,0.0,0.0,0.0,0.0,0.0,0.0
2026-06-23 10:11:23,0.0,0.0,0.0,0.0,0.0,0.0,0.0,0.0,36.61803895961708,37.26937388963903,36.73960695543596,14.0,13.97674291072153,14.024077100135623,0.0,36.0,0.0,0.0,0.0,0.0,0.0,0.0,0.0,0.0,0.0,0.0,0.0
2026-06-23 10:11:23,0.0,0.0,0.0,0.0,0.0,0.0,0.0,0.0,36.83834011013683,36.828232004304,36.85758424657739,14.0,14.010809775340352,14.042173060733212,0.0,36.0,0.0,0.0,0.0,0.0,0.0,0.0,0.0,0.0,0.0,0.0,0.0
2026-06-23 10:11:24,0.0,0.0,0.0,0.0,0.0,0.0,0.0,0.0,36.738717346390445,37.39757786519335,37.26929365920247,14.0,14.03837784628365,14.034247680395943,0.0,36.0,0.0,0.0,0.0,0.0,0.0,0.0,0.0,0.0,0.0,0.0,0.0
2026-06-23 10:11:24,0.0,0.0,0.0,0.0,0.0,0.0,0.0,0.0,36.98003631908131,37.06072509410088,36.78356279353743,14.0,14.032369969076848,14.01817270353543,0.0,36.0,0.0,0.0,0.0,0.0,0.0,0.0,0.0,0.0,0.0,0.0,0.0
2026-06-23 10:11:25,0.0,0.0,0.0,0.0,0.0,0.0,0.0,0.0,37.001017009663016,36.84988675539096,37.07145530466834,14.0,13.953165245225676,14.046335814324907,0.0,36.0,0.0,0.0,0.0,0.0,0.0,0.0,0.0,0.0,0.0,0.0,0.0
2026-06-23 10:11:25,0.0,0.0,0.0,0.0,0.0,0.0,0.0,0.0,36.72924273508027,37.20830918827094,36.9083446127891,14.0,14.026953217246492,14.000115772259754,0.0,36.0,0.0,0.0,0.0,0.0,0.0,0.0,0.0,0.0,0.0,0.0,0.0
2026-06-23 10:11:26,0.0,0.0,0.0,0.0,0.0,0.0,0.0,0.0,36.738645948348285,37.02372596349542,36.88933444378261,14.0,14.031727420540548,13.950057991929143,0.0,36.0,0.0,0.0,0.0,0.0,0.0,0.0,0.0,0.0,0.0,0.0,0.0
2026-06-23 10:11:26,0.0,0.0,0.0,0.0,0.0,0.0,0.0,0.0,36.56621798509936,37.33633942801507,37.052398423947785,14.0,14.010270255286152,13.96936658869295,0.0,36.0,0.0,0.0,0.0,0.0,0.0,0.0,0.0,0.0,0.0,0.0,0.0
2026-06-23 10:11:27,0.0,0.0,0.0,0.0,0.0,0.0,0.0,0.0,36.96754766988542,37.052707544448374,36.93120007859784,14.0,13.962021582109795,14.036576588968718,0.0,36.0,0.0,0.0,0.0,0.0,0.0,0.0,0.0,0.0,0.0,0.0,0.0
2026-06-23 10:11:27,0.0,0.0,0.0,0.0,0.0,0.0,0.0,0.0,36.70253267201026,37.35450698347021,36.981404848493256,14.0,14.042184011429422,14.015310437446093,0.0,36.0,0.0,0.0,0.0,0.0,0.0,0.0,0.0,0.0,0.0,0.0,0.0
2026-06-23 10:11:28,0.0,0.0,0.0,0.0,0.0,0.0,0.0,0.0,36.503898406527256,37.12882622975055,37.13712857389364,14.0,14.012681485030084,13.966204007527013,0.0,36.0,0.0,0.0,0.0,0.0,0.0,0.0,0.0,0.0,0.0,0.0,0.0
2026-06-23 10:11:28,0.0,0.0,0.0,0.0,0.0,0.0,0.0,0.0,36.95097912417411,37.39097753915936,37.180695522444495,14.0,14.032929441669992,13.961081747454376,0.0,36.0,0.0,0.0,0.0,0.0,0.0,0.0,0.0,0.0,0.0,0.0,0.0
2026-06-23 10:11:29,0.0,0.0,0.0,0.0,0.0,0.0,0.0,0.0,36.80935963320818,37.33166185914342,37.2526904081686,14.0,14.022060313472252,14.02110256038667,0.0,36.0,0.0,0.0,0.0,0.0,0.0,0.0,0.0,0.0,0.0,0.0,0.0
2026-06-23 10:11:29,0.0,0.0,0.0,0.0,0.0,0.0,0.0,0.0,36.53524173038201,37.31310770694656,36.75368696428852,14.0,13.990307195251587,13.956240495316232,0.0,36.0,0.0,0.0,0.0,0.0,0.0,0.0,0.0,0.0,0.0,0.0,0.0
2026-06-23 10:11:30,0.0,0.0,0.0,0.0,0.0,0.0,0.0,0.0,36.84455177524332,36.933827442152925,37.06975825538307,14.0,14.000902282282816,14.04309353467874,0.0,36.0,0.0,0.0,0.0,0.0,0.0,0.0,0.0,0.0,0.0,0.0,0.0
2026-06-23 10:11:30,0.0,0.0,0.0,0.0,0.0,0.0,0.0,0.0,36.61543547862855,37.031422162417286,36.75493177918164,14.0,14.000017142016418,14.018594995132533,0.0,36.0,0.0,0.0,0.0,0.0,0.0,0.0,0.0,0.0,0.0,0.0,0.0
2026-06-23 10:11:31,0.0,0.0,0.0,0.0,0.0,0.0,0.0,0.0,36.723337529302974,37.013201743496296,37.276036203396835,14.0,13.983954232885356,13.996352574102408,0.0,36.0,0.0,0.0,0.0,0.0,0.0,0.0,0.0,0.0,0.0,0.0,0.0
2026-06-23 10:11:31,0.0,0.0,0.0,0.0,0.0,0.0,0.0,0.0,37.0979901755589,37.01128890462468,37.17854394363108,14.0,13.952060503948841,13.984776391147266,0.0,36.0,0.0,0.0,0.0,0.0,0.0,0.0,0.0,0.0,0.0,0.0,0.0
2026-06-23 10:11:32,0.0,0.0,0.0,0.0,0.0,0.0,0.0,0.0,36.82443962783914,37.283890518518355,37.116860476472986,14.0,14.042446790783249,13.969199523683132,0.0,36.0,0.0,0.0,0.0,0.0,0.0,0.0,0.0,0.0,0.0,0.0,0.0
2026-06-23 10:11:32,0.0,0.0,0.0,0.0,0.0,0.0,0.0,0.0,36.9103647335653,37.16001252716307,37.11918711156395,14.0,13.96525836616946,14.045277075152969,0.0,36.0,0.0,0.0,0.0,0.0,0.0,0.0,0.0,0.0,0.0,0.0,0.0
2026-06-23 10:11:33,0.0,0.0,0.0,0.0,0.0,0.0,0.0,0.0,36.62189938241474,36.80101510552254,37.18902045143908,14.0,13.95183576107802,14.043706008251446,0.0,36.0,0.0,0.0,0.0,0.0,0.0,0.0,0.0,0.0,0.0,0.0,0.0
2026-06-23 10:11:33,0.0,0.0,0.0,0.0,0.0,0.0,0.0,0.0,36.83244175581606,36.87773862428784,36.75911126382653,14.0,14.002624980290866,14.024238643404395,0.0,36.0,0.0,0.0,0.0,0.0,0.0,0.0,0.0,0.0,0.0,0.0,0.0
2026-06-23 10:11:34,0.0,0.0,0.0,0.0,0.0,0.0,0.0,0.0,37.09620326305237,37.27647555157341,36.743408702733184,14.0,13.962759676029199,13.972831471977866,0.0,36.0,0.0,0.0,0.0,0.0,0.0,0.0,0.0,0.0,0.0,0.0,0.0
2026-06-23 10:11:34,0.0,0.0,0.0,0.0,0.0,0.0,0.0,0.0,36.87108957557123,36.91724433059241,36.704537728594154,14.0,13.979190935736076,13.979412677593025,0.0,36.0,0.0,0.0,0.0,0.0,0.0,0.0,0.0,0.0,0.0,0.0,0.0
2026-06-23 10:11:35,0.0,0.0,0.0,0.0,0.0,0.0,0.0,0.0,36.94669655371128,37.14486494084654,36.850572499055424,14.0,13.968216796638849,14.016858737851535,0.0,36.0,0.0,0.0,0.0,0.0,0.0,0.0,0.0,0.0,0.0,0.0,0.0
2026-06-23 10:11:35,0.0,0.0,0.0,0.0,0.0,0.0,0.0,0.0,36.829731846319966,37.01775098974291,37.010327434185015,14.0,14.049013019378284,13.983645845550923,0.0,36.0,0.0,0.0,0.0,0.0,0.0,0.0,0.0,0.0,0.0,0.0,0.0
2026-06-23 10:11:36,0.0,0.0,0.0,0.0,0.0,0.0,0.0,0.0,36.786025319342315,36.958563590108874,36.86144121107996,14.0,13.953923199654835,13.957768454476625,0.0,36.0,0.0,0.0,0.0,0.0,0.0,0.0,0.0,0.0,0.0,0.0,0.0
2026-06-23 10:11:36,0.0,0.0,0.0,0.0,0.0,0.0,0.0,0.0,36.76369171365844,37.263989001403104,36.95671442460025,14.0,14.012456337574186,14.005705249296179,0.0,36.0,0.0,0.0,0.0,0.0,0.0,0.0,0.0,0.0,0.0,0.0,0.0
2026-06-23 10:11:37,0.0,0.0,0.0,0.0,0.0,0.0,0.0,0.0,36.890727388014604,37.34450670469927,37.04925181562861,14.0,13.950782430406662,14.037782015203106,0.0,36.0,0.0,0.0,0.0,0.0,0.0,0.0,0.0,0.0,0.0,0.0,0.0
2026-06-23 10:11:37,0.0,0.0,0.0,0.0,0.0,0.0,0.0,0.0,36.58572278737198,36.90262121684171,37.1321159999565,14.0,14.029755471971697,14.049163130054492,0.0,36.0,0.0,0.0,0.0,0.0,0.0,0.0,0.0,0.0,0.0,0.0,0.0
2026-06-23 10:11:38,0.0,0.0,0.0,0.0,0.0,0.0,0.0,0.0,36.80478156567991,37.15446017814443,37.20590667763908,14.0,14.036016753730468,14.038260421499105,0.0,36.0,0.0,0.0,0.0,0.0,0.0,0.0,0.0,0.0,0.0,0.0,0.0
2026-06-23 10:11:38,0.0,0.0,0.0,0.0,0.0,0.0,0.0,0.0,37.07963000624022,37.24800218254312,37.08510868909311,14.0,14.029416427984668,13.976001247368204,0.0,36.0,0.0,0.0,0.0,0.0,0.0,0.0,0.0,0.0,0.0,0.0,0.0
2026-06-23 10:11:39,0.0,0.0,0.0,0.0,0.0,0.0,0.0,0.0,36.626996034158374,36.893256557884904,36.80596140676205,14.0,14.036300248046121,14.03362577404061,0.0,36.0,0.0,0.0,0.0,0.0,0.0,0.0,0.0,0.0,0.0,0.0,0.0
2026-06-23 10:11:39,0.0,0.0,0.0,0.0,0.0,0.0,0.0,0.0,37.051684062148404,37.294992488947955,36.82257857229885,14.0,14.045353743980481,14.036825681452388,0.0,36.0,0.0,0.0,0.0,0.0,0.0,0.0,0.0,0.0,0.0,0.0,0.0
2026-06-23 10:11:40,0.0,0.0,0.0,0.0,0.0,0.0,0.0,0.0,36.91918010546425,37.35808399632199,37.05395259395637,14.0,13.99962471446469,14.024791607293187,0.0,36.0,0.0,0.0,0.0,0.0,0.0,0.0,0.0,0.0,0.0,0.0,0.0
2026-06-23 10:11:40,0.0,0.0,0.0,0.0,0.0,0.0,0.0,0.0,36.581371742315426,36.82556958184678,37.081300012238856,14.0,14.006761268708987,14.047318184587605,0.0,36.0,0.0,0.0,0.0,0.0,0.0,0.0,0.0,0.0,0.0,0.0,0.0
2026-06-23 10:11:41,0.0,0.0,0.0,0.0,0.0,0.0,0.0,0.0,36.55084290749247,37.051672983649944,36.870019073855225,14.0,14.026080604120803,14.017617280319978,0.0,36.0,0.0,0.0,0.0,0.0,0.0,0.0,0.0,0.0,0.0,0.0,0.0
2026-06-23 10:11:41,0.0,0.0,0.0,0.0,0.0,0.0,0.0,0.0,36.52182213059873,37.20963585368807,37.056954374123634,14.0,14.017437556786643,13.9586135714872,0.0,36.0,0.0,0.0,0.0,0.0,0.0,0.0,0.0,0.0,0.0,0.0,0.0
2026-06-23 10:11:42,0.0,0.0,0.0,0.0,0.0,0.0,0.0,0.0,36.696254449292915,37.249124947430005,36.778449155298176,14.0,14.019303275547442,14.020729377316385,0.0,36.0,0.0,0.0,0.0,0.0,0.0,0.0,0.0,0.0,0.0,0.0,0.0
2026-06-23 10:11:42,0.0,0.0,0.0,0.0,0.0,0.0,0.0,0.0,36.665380428968874,37.17918871089709,37.11324006557381,14.0,13.988424260214451,14.043556664657855,0.0,36.0,0.0,0.0,0.0,0.0,0.0,0.0,0.0,0.0,0.0,0.0,0.0
2026-06-23 10:11:43,0.0,0.0,0.0,0.0,0.0,0.0,0.0,0.0,36.9794272872225,36.80583500514563,37.28972700657488,14.0,13.981845859688782,13.98234416688194,0.0,36.0,0.0,0.0,0.0,0.0,0.0,0.0,0.0,0.0,0.0,0.0,0.0
2026-06-23 10:11:43,0.0,0.0,0.0,0.0,0.0,0.0,0.0,0.0,36.798118232829765,37.13790501282629,36.81210927794192,14.0,14.036544725973883,13.955041223878084,0.0,36.0,0.0,0.0,0.0,0.0,0.0,0.0,0.0,0.0,0.0,0.0,0.0
2026-06-23 10:11:44,0.0,0.0,0.0,0.0,0.0,0.0,0.0,0.0,36.8336675800393,36.91839038038769,37.2723500339295,14.0,14.022595991105014,13.99796587618648,0.0,36.0,0.0,0.0,0.0,0.0,0.0,0.0,0.0,0.0,0.0,0.0,0.0
2026-06-23 10:11:44,0.0,0.0,0.0,0.0,0.0,0.0,0.0,0.0,36.75131637507052,37.29600205153239,36.87904381305049,14.0,14.046605615787565,13.95997601414694,0.0,36.0,0.0,0.0,0.0,0.0,0.0,0.0,0.0,0.0,0.0,0.0,0.0
2026-06-23 10:11:45,0.0,0.0,0.0,0.0,0.0,0.0,0.0,0.0,36.94474946531242,37.23041671571391,36.953216348058476,14.0,13.999992777525206,13.952454766538203,0.0,36.0,0.0,0.0,0.0,0.0,0.0,0.0,0.0,0.0,0.0,0.0,0.0
2026-06-23 10:11:45,0.0,0.0,0.0,0.0,0.0,0.0,0.0,0.0,36.72295873525136,36.86529517821599,36.90950241325609,14.0,14.001008017913021,14.033213766607354,0.0,36.0,0.0,0.0,0.0,0.0,0.0,0.0,0.0,0.0,0.0,0.0,0.0
2026-06-23 10:11:46,0.0,0.0,0.0,0.0,0.0,0.0,0.0,0.0,36.9948507137952,37.11367486648645,36.933939251828555,14.0,14.006043326869586,13.987653892048458,0.0,36.0,0.0,0.0,0.0,0.0,0.0,0.0,0.0,0.0,0.0,0.0,0.0
2026-06-23 10:11:46,0.0,0.0,0.0,0.0,0.0,0.0,0.0,0.0,36.96169460487148,37.22996478760816,37.06410480948014,14.0,13.980550706503037,14.009481110923506,0.0,36.0,0.0,0.0,0.0,0.0,0.0,0.0,0.0,0.0,0.0,0.0,0.0
2026-06-23 10:11:47,0.0,0.0,0.0,0.0,0.0,0.0,0.0,0.0,36.75259976198099,36.839850463641014,37.02558400958269,14.0,13.980245427067885,13.995423959737778,0.0,36.0,0.0,0.0,0.0,0.0,0.0,0.0,0.0,0.0,0.0,0.0,0.0
2026-06-23 10:11:47,0.0,0.0,0.0,0.0,0.0,0.0,0.0,0.0,36.99644359646677,37.37757171973541,36.75821050574419,14.0,13.950393705753466,13.961218798635075,0.0,36.0,0.0,0.0,0.0,0.0,0.0,0.0,0.0,0.0,0.0,0.0,0.0
2026-06-23 10:11:48,0.0,0.0,0.0,0.0,0.0,0.0,0.0,0.0,36.9791715111772,36.872689901133526,37.166107357074864,14.0,13.976231591892198,14.033770479434812,0.0,36.0,0.0,0.0,0.0,0.0,0.0,0.0,0.0,0.0,0.0,0.0,0.0
2026-06-23 10:11:48,0.0,0.0,0.0,0.0,0.0,0.0,0.0,0.0,36.96140094201421,36.953701696466574,37.09681513722619,14.0,14.030227755302159,14.048918986881194,0.0,36.0,0.0,0.0,0.0,0.0,0.0,0.0,0.0,0.0,0.0,0.0,0.0
2026-06-23 10:11:49,0.0,0.0,0.0,0.0,0.0,0.0,0.0,0.0,37.072819590963114,37.290512384632386,37.10123656571209,14.0,14.009359689720068,14.024775950335641,0.0,36.0,0.0,0.0,0.0,0.0,0.0,0.0,0.0,0.0,0.0,0.0,0.0
2026-06-23 10:11:49,0.0,0.0,0.0,0.0,0.0,0.0,0.0,0.0,36.84311479993111,36.88839458275183,36.8119086097144,14.0,13.994264504282803,13.989656315808007,0.0,36.0,0.0,0.0,0.0,0.0,0.0,0.0,0.0,0.0,0.0,0.0,0.0
2026-06-23 10:11:50,0.0,0.0,0.0,0.0,0.0,0.0,0.0,0.0,36.8394444181137,37.23198546679027,37.27313253025538,14.0,13.956695183929826,14.018492109373915,0.0,36.0,0.0,0.0,0.0,0.0,0.0,0.0,0.0,0.0,0.0,0.0,0.0
2026-06-23 10:11:50,0.0,0.0,0.0,0.0,0.0,0.0,0.0,0.0,36.92628248676445,36.86101509391878,37.26685799272336,14.0,13.995613809080746,13.954283171553135,0.0,36.0,0.0,0.0,0.0,0.0,0.0,0.0,0.0,0.0,0.0,0.0,0.0
2026-06-23 10:11:51,0.0,0.0,0.0,0.0,0.0,0.0,0.0,0.0,36.84588666083132,37.221174588364924,37.0650369358782,14.0,13.960591865789464,14.048207098617885,0.0,36.0,0.0,0.0,0.0,0.0,0.0,0.0,0.0,0.0,0.0,0.0,0.0
2026-06-23 10:11:51,0.0,0.0,0.0,0.0,0.0,0.0,0.0,0.0,36.59097599706266,37.14084944407883,36.81836081090994,14.0,14.025503484515635,14.009799502901394,0.0,36.0,0.0,0.0,0.0,0.0,0.0,0.0,0.0,0.0,0.0,0.0,0.0
2026-06-23 10:11:52,0.0,0.0,0.0,0.0,0.0,0.0,0.0,0.0,36.55157803799475,37.08588108177866,36.97708126453041,14.0,14.041065296512802,13.99328503746476,0.0,36.0,0.0,0.0,0.0,0.0,0.0,0.0,0.0,0.0,0.0,0.0,0.0
2026-06-23 10:11:52,0.0,0.0,0.0,0.0,0.0,0.0,0.0,0.0,36.86163291174586,36.87824260323514,37.22745024911997,14.0,13.951504871250899,13.951851213135848,0.0,36.0,0.0,0.0,0.0,0.0,0.0,0.0,0.0,0.0,0.0,0.0,0.0
2026-06-23 10:11:53,0.0,0.0,0.0,0.0,0.0,0.0,0.0,0.0,37.04238782428081,37.07627302123497,37.17688864239156,14.0,13.972961829677498,13.97848428545868,0.0,36.0,0.0,0.0,0.0,0.0,0.0,0.0,0.0,0.0,0.0,0.0,0.0
2026-06-23 10:11:53,0.0,0.0,0.0,0.0,0.0,0.0,0.0,0.0,36.90047389528599,37.12427685816996,36.801918954026206,14.0,13.987077344750512,14.010525060947378,0.0,36.0,0.0,0.0,0.0,0.0,0.0,0.0,0.0,0.0,0.0,0.0,0.0
2026-06-23 10:11:54,0.0,0.0,0.0,0.0,0.0,0.0,0.0,0.0,37.04741895167285,36.97742869941892,36.87013579900575,14.0,13.953031676540347,14.012968553457,0.0,36.0,0.0,0.0,0.0,0.0,0.0,0.0,0.0,0.0,0.0,0.0,0.0
2026-06-23 10:11:54,0.0,0.0,0.0,0.0,0.0,0.0,0.0,0.0,36.836842254687824,37.21294289198651,37.084392120940855,14.0,13.989569965907986,14.016640500758685,0.0,36.0,0.0,0.0,0.0,0.0,0.0,0.0,0.0,0.0,0.0,0.0,0.0
2026-06-23 10:11:55,0.0,0.0,0.0,0.0,0.0,0.0,0.0,0.0,36.53767232914907,37.168002896439106,36.71524969467954,14.0,14.01591874759668,13.987891256455779,0.0,36.0,0.0,0.0,0.0,0.0,0.0,0.0,0.0,0.0,0.0,0.0,0.0
2026-06-23 10:11:55,0.0,0.0,0.0,0.0,0.0,0.0,0.0,0.0,36.80506412832208,36.85779501230422,37.238682904171384,14.0,13.983227781614323,14.002411778947549,0.0,36.0,0.0,0.0,0.0,0.0,0.0,0.0,0.0,0.0,0.0,0.0,0.0
2026-06-23 10:11:56,0.0,0.0,0.0,0.0,0.0,0.0,0.0,0.0,37.07752517170921,37.17340667496839,36.92926144589184,14.0,13.951090649430961,13.9649917150457,0.0,36.0,0.0,0.0,0.0,0.0,0.0,0.0,0.0,0.0,0.0,0.0,0.0
2026-06-23 10:11:56,0.0,0.0,0.0,0.0,0.0,0.0,0.0,0.0,36.723404611961286,37.386548846706795,37.2878862969997,14.0,14.021236917506625,14.03798777111676,0.0,36.0,0.0,0.0,0.0,0.0,0.0,0.0,0.0,0.0,0.0,0.0,0.0
2026-06-23 10:11:57,0.0,0.0,0.0,0.0,0.0,0.0,0.0,0.0,36.77085266839537,37.33453454318275,36.95031640186076,14.0,13.97143650202325,13.958182189141715,0.0,36.0,0.0,0.0,0.0,0.0,0.0,0.0,0.0,0.0,0.0,0.0,0.0
2026-06-23 10:11:57,0.0,0.0,0.0,0.0,0.0,0.0,0.0,0.0,36.793104810284504,37.305968444784234,37.26666329259568,14.0,13.955664957322904,14.036079459127453,0.0,36.0,0.0,0.0,0.0,0.0,0.0,0.0,0.0,0.0,0.0,0.0,0.0
2026-06-23 10:11:58,0.0,0.0,0.0,0.0,0.0,0.0,0.0,0.0,36.84453538531058,36.93138607958665,37.19028820211395,14.0,13.988670995629317,13.98840817213298,0.0,36.0,0.0,0.0,0.0,0.0,0.0,0.0,0.0,0.0,0.0,0.0,0.0
2026-06-23 10:11:58,0.0,0.0,0.0,0.0,0.0,0.0,0.0,0.0,36.71736501845056,37.32549601592702,37.26508052652174,14.0,14.00698185594615,14.036703752011896,0.0,36.0,0.0,0.0,0.0,0.0,0.0,0.0,0.0,0.0,0.0,0.0,0.0
2026-06-23 10:11:59,0.0,0.0,0.0,0.0,0.0,0.0,0.0,0.0,36.675703033449956,37.20802590704565,37.167889681215996,14.0,14.028332075612175,13.968751485580695,0.0,36.0,0.0,0.0,0.0,0.0,0.0,0.0,0.0,0.0,0.0,0.0,0.0
2026-06-23 10:11:59,0.0,0.0,0.0,0.0,0.0,0.0,0.0,0.0,36.612901631457014,37.151521649616086,36.99308375539703,14.0,14.020158996515741,14.005211592664566,0.0,36.0,0.0,0.0,0.0,0.0,0.0,0.0,0.0,0.0,0.0,0.0,0.0
2026-06-23 10:12:00,0.0,0.0,0.0,0.0,0.0,0.0,0.0,0.0,36.704997969955386,37.22811922496235,36.8856369288356,14.0,14.029306668725468,13.950707994254246,0.0,36.0,0.0,0.0,0.0,0.0,0.0,0.0,0.0,0.0,0.0,0.0,0.0
2026-06-23 10:12:00,0.0,0.0,0.0,0.0,0.0,0.0,0.0,0.0,36.69786865214374,36.85353133558338,36.71214619083405,14.0,14.034204081049486,14.025151812050053,0.0,36.0,0.0,0.0,0.0,0.0,0.0,0.0,0.0,0.0,0.0,0.0,0.0
2026-06-23 10:12:01,0.0,0.0,0.0,0.0,0.0,0.0,0.0,0.0,37.05165079570776,37.26539953688467,36.74811546848268,14.0,14.044962134542754,13.95549622812447,0.0,36.0,0.0,0.0,0.0,0.0,0.0,0.0,0.0,0.0,0.0,0.0,0.0
2026-06-23 10:12:01,0.0,0.0,0.0,0.0,0.0,0.0,0.0,0.0,36.56519806892255,37.045345774639074,37.01049817167042,14.0,13.970320970384556,14.036182722979406,0.0,36.0,0.0,0.0,0.0,0.0,0.0,0.0,0.0,0.0,0.0,0.0,0.0
2026-06-23 10:12:02,0.0,0.0,0.0,0.0,0.0,0.0,0.0,0.0,36.97005499217835,36.858068526033186,36.91644811880983,14.0,14.007022328657524,13.990941980620878,0.0,36.0,0.0,0.0,0.0,0.0,0.0,0.0,0.0,0.0,0.0,0.0,0.0
2026-06-23 10:12:02,0.0,0.0,0.0,0.0,0.0,0.0,0.0,0.0,37.08200266421549,37.29476608068764,36.81403253606909,14.0,13.959044130459862,13.985863049079232,0.0,36.0,0.0,0.0,0.0,0.0,0.0,0.0,0.0,0.0,0.0,0.0,0.0
2026-06-23 10:12:03,0.0,0.0,0.0,0.0,0.0,0.0,0.0,0.0,36.79701597742284,37.067055436272256,36.83764222060314,14.0,13.96076159758536,14.03090089017447,0.0,36.0,0.0,0.0,0.0,0.0,0.0,0.0,0.0,0.0,0.0,0.0,0.0
2026-06-23 10:12:03,0.0,0.0,0.0,0.0,0.0,0.0,0.0,0.0,36.96644381121201,37.1025548208054,36.897806879009636,14.0,13.968658856419498,13.972543063811592,0.0,36.0,0.0,0.0,0.0,0.0,0.0,0.0,0.0,0.0,0.0,0.0,0.0
2026-06-23 10:12:04,0.0,0.0,0.0,0.0,0.0,0.0,0.0,0.0,36.75061555867364,37.39502921890735,36.73054436783306,14.0,13.963006484833063,14.040558663153202,0.0,36.0,0.0,0.0,0.0,0.0,0.0,0.0,0.0,0.0,0.0,0.0,0.0
2026-06-23 10:12:04,0.0,0.0,0.0,0.0,0.0,0.0,0.0,0.0,36.79240714979963,36.9605831024598,37.29490733753067,14.0,14.047033779569912,14.039228315632485,0.0,36.0,0.0,0.0,0.0,0.0,0.0,0.0,0.0,0.0,0.0,0.0,0.0
2026-06-23 10:12:05,0.0,0.0,0.0,0.0,0.0,0.0,0.0,0.0,36.53261433965698,36.93427802863999,37.00515535939282,14.0,13.977816339961242,13.991649497627735,0.0,36.0,0.0,0.0,0.0,0.0,0.0,0.0,0.0,0.0,0.0,0.0,0.0
2026-06-23 10:12:05,0.0,0.0,0.0,0.0,0.0,0.0,0.0,0.0,36.90787548413952,37.15107800225571,36.75004551093851,14.0,13.96932464834605,14.025790691198086,0.0,36.0,0.0,0.0,0.0,0.0,0.0,0.0,0.0,0.0,0.0,0.0,0.0
