Timestamp,PT-3,PT-4,PT-5,PT-6,PT-7,PT-8,PT-9,PT-10,Temperatura EF,Temperatura SF,Temperatura Tanque,Setpoint Conductividad,Salida Conductividad,Setpoint Temperatura,Presión Transmembrana,Nivel,Valvula 27,C. Deareación,Protector Calefactor,Aire en Sangre,Sangre en dializante,Purga de aire,Cond. Sensor patrón,Temp. Sensor patrón,Cond. Sensor raw
2026-06-18 15:01:09,0.0,0.0,0.0,0.0,0.0,0.0,0.0,0.0,36.58670856531952,37.33541156327536,37.24803484633247,15.0,0.0,36.0,0.0,0.0,0.0,0.0,0.0,0.0,0.0,0.0,0.0,0.0,0.0
2026-06-18 15:01:10,0.0,0.0,0.0,0.0,0.0,0.0,0.0,0.0,36.78958927386342,37.37069381822769,36.89584161540497,15.0,0.0,36.0,0.0,0.0,0.0,0.0,0.0,0.0,0.0,0.0,0.0,0.0,0.0
2026-06-18 15:01:10,0.0,0.0,0.0,0.0,0.0,0.0,0.0,0.0,37.023621074889164,37.02442295611738,37.229756447935564,15.0,0.0,36.0,0.0,0.0,0.0,0.0,0.0,0.0,0.0,0.0,0.0,0.0,0.0
2026-06-18 15:01:11,0.0,0.0,0.0,0.0,0.0,0.0,0.0,0.0,36.6735966735267,36.98246929224693,37.0732058987003,15.0,0.0,36.0,0.0,0.0,0.0,0.0,0.0,0.0,0.0,0.0,0.0,0.0,0.0
2026-06-18 15:01:11,0.0,0.0,0.0,0.0,0.0,0.0,0.0,0.0,36.67816922360289,36.92702615614561,36.75925458216716,15.0,0.0,36.0,0.0,0.0,0.0,0.0,0.0,0.0,0.0,0.0,0.0,0.0,0.0
2026-06-18 15:01:12,0.0,0.0,0.0,0.0,0.0,0.0,0.0,0.0,36.62116792349012,37.15207031918516,36.834035443546775,15.0,0.0,36.0,0.0,0.0,0.0,0.0,0.0,0.0,0.0,0.0,0.0,0.0,0.0
2026-06-18 15:01:12,0.0,0.0,0.0,0.0,0.0,0.0,0.0,0.0,36.56243655893612,37.09061189260736,36.772621589601584,15.0,0.0,36.0,0.0,0.0,0.0,0.0,0.0,0.0,0.0,0.0,0.0,0.0,0.0
2026-06-18 15:01:13,0.0,0.0,0.0,0.0,0.0,0.0,0.0,0.0,36.61850601043049,37.29147253637674,37.063996931984946,15.0,0.0,36.0,0.0,0.0,0.0,0.0,0.0,0.0,0.0,0.0,0.0,0.0,0.0
2026-06-18 15:01:13,0.0,0.0,0.0,0.0,0.0,0.0,0.0,0.0,37.07862822312154,36.83384885235145,36.769506879625744,15.0,0.0,36.0,0.0,0.0,0.0,0.0,0.0,0.0,0.0,0.0,0.0,0.0,0.0
2026-06-18 15:01:14,0.0,0.0,0.0,0.0,0.0,0.0,0.0,0.0,36.90825535832421,37.356841076281725,37.25748476907545,15.0,0.0,36.0,0.0,0.0,0.0,0.0,0.0,0.0,0.0,0.0,0.0,0.0,0.0
2026-06-18 15:01:14,0.0,0.0,0.0,0.0,0.0,0.0,0.0,0.0,36.735712008304944,37.107387542506586,36.765951048136806,15.0,0.0,36.0,0.0,0.0,0.0,0.0,0.0,0.0,0.0,0.0,0.0,0.0,0.0
2026-06-18 15:01:15,0.0,0.0,0.0,0.0,0.0,0.0,0.0,0.0,36.943660790103685,36.90703146455105,36.73103674065663,15.0,0.0,36.0,0.0,0.0,0.0,0.0,0.0,0.0,0.0,0.0,0.0,0.0,0.0
2026-06-18 15:01:15,0.0,0.0,0.0,0.0,0.0,0.0,0.0,0.0,36.84683086304486,37.09909057430169,36.878782239658456,15.0,0.0,36.0,0.0,0.0,0.0,0.0,0.0,0.0,0.0,0.0,0.0,0.0,0.0
2026-06-18 15:01:16,0.0,0.0,0.0,0.0,0.0,0.0,0.0,0.0,36.95755391173059,37.23618801439013,36.73440592447932,15.0,0.0,36.0,0.0,0.0,0.0,0.0,0.0,0.0,0.0,0.0,0.0,0.0,0.0
2026-06-18 15:01:16,0.0,0.0,0.0,0.0,0.0,0.0,0.0,0.0,37.03648621862117,37.35447152219739,37.29656943124225,15.0,0.0,36.0,0.0,0.0,0.0,0.0,0.0,0.0,0.0,0.0,0.0,0.0,0.0
2026-06-18 15:01:17,0.0,0.0,0.0,0.0,0.0,0.0,0.0,0.0,36.50898014848801,37.03176621816478,36.979204260458545,15.0,0.0,36.0,0.0,0.0,0.0,0.0,0.0,0.0,0.0,0.0,0.0,0.0,0.0
2026-06-18 15:01:17,0.0,0.0,0.0,0.0,0.0,0.0,0.0,0.0,36.61698402088601,37.2005856529739,37.19699003140523,15.0,0.0,36.0,0.0,0.0,0.0,0.0,0.0,0.0,0.0,0.0,0.0,0.0,0.0
2026-06-18 15:01:18,0.0,0.0,0.0,0.0,0.0,0.0,0.0,0.0,36.847423852412376,37.18761265811051,37.263422078642144,15.0,0.0,36.0,0.0,0.0,0.0,0.0,0.0,0.0,0.0,0.0,0.0,0.0,0.0
2026-06-18 15:01:18,0.0,0.0,0.0,0.0,0.0,0.0,0.0,0.0,36.7304324138888,36.92656608111775,36.99028952387886,15.0,0.0,36.0,0.0,0.0,0.0,0.0,0.0,0.0,0.0,0.0,0.0,0.0,0.0
2026-06-18 15:01:19,0.0,0.0,0.0,0.0,0.0,0.0,0.0,0.0,37.02040731379896,36.921993709700956,37.28807949450266,15.0,0.0,36.0,0.0,0.0,0.0,0.0,0.0,0.0,0.0,0.0,0.0,0.0,0.0
2026-06-18 15:01:19,0.0,0.0,0.0,0.0,0.0,0.0,0.0,0.0,36.85811331355383,37.205731289072794,37.07201188964369,15.0,0.0,36.0,0.0,0.0,0.0,0.0,0.0,0.0,0.0,0.0,0.0,0.0,0.0
2026-06-18 15:01:20,0.0,0.0,0.0,0.0,0.0,0.0,0.0,0.0,36.9849936560389,36.82217302885072,37.19811642752816,15.0,0.0,36.0,0.0,0.0,0.0,0.0,0.0,0.0,0.0,0.0,0.0,0.0,0.0
2026-06-18 15:01:20,0.0,0.0,0.0,0.0,0.0,0.0,0.0,0.0,36.714548995338845,37.36203379049201,37.11744939047871,15.0,0.0,36.0,0.0,0.0,0.0,0.0,0.0,0.0,0.0,0.0,0.0,0.0,0.0
2026-06-18 15:01:21,0.0,0.0,0.0,0.0,0.0,0.0,0.0,0.0,36.87901899984187,37.14045695605912,37.28036659610553,15.0,0.0,36.0,0.0,0.0,0.0,0.0,0.0,0.0,0.0,0.0,0.0,0.0,0.0
2026-06-18 15:01:21,0.0,0.0,0.0,0.0,0.0,0.0,0.0,0.0,36.827173205968755,36.970449835859014,37.277188791141285,15.0,0.0,36.0,0.0,0.0,0.0,0.0,0.0,0.0,0.0,0.0,0.0,0.0,0.0
2026-06-18 15:01:22,0.0,0.0,0.0,0.0,0.0,0.0,0.0,0.0,36.755436508368604,37.32986351071637,36.777809883355346,15.0,0.0,36.0,0.0,0.0,0.0,0.0,0.0,0.0,0.0,0.0,0.0,0.0,0.0
2026-06-18 15:01:22,0.0,0.0,0.0,0.0,0.0,0.0,0.0,0.0,36.935761764692764,37.20516593607078,36.83192357645494,15.0,0.0,36.0,0.0,0.0,0.0,0.0,0.0,0.0,0.0,0.0,0.0,0.0,0.0
2026-06-18 15:01:23,0.0,0.0,0.0,0.0,0.0,0.0,0.0,0.0,37.01779344435924,37.002572559849455,37.28688292499807,15.0,0.0,36.0,0.0,0.0,0.0,0.0,0.0,0.0,0.0,0.0,0.0,0.0,0.0
2026-06-18 15:01:23,0.0,0.0,0.0,0.0,0.0,0.0,0.0,0.0,36.64761107688998,37.1621821035401,36.938823211269444,15.0,0.0,36.0,0.0,0.0,0.0,0.0,0.0,0.0,0.0,0.0,0.0,0.0,0.0
2026-06-18 15:01:24,0.0,0.0,0.0,0.0,0.0,0.0,0.0,0.0,36.922018106157516,37.36509394958329,37.03031945429585,15.0,0.0,36.0,0.0,0.0,0.0,0.0,0.0,0.0,0.0,0.0,0.0,0.0,0.0
2026-06-18 15:01:24,0.0,0.0,0.0,0.0,0.0,0.0,0.0,0.0,36.64931235846335,37.13889617880324,37.21160480780668,15.0,0.0,36.0,0.0,0.0,0.0,0.0,0.0,0.0,0.0,0.0,0.0,0.0,0.0
2026-06-18 15:01:25,0.0,0.0,0.0,0.0,0.0,0.0,0.0,0.0,36.971519622235505,37.21759011893555,36.87939106504646,16.0,0.0,36.0,0.0,0.0,0.0,0.0,0.0,0.0,0.0,0.0,0.0,0.0,0.0
2026-06-18 15:01:25,0.0,0.0,0.0,0.0,0.0,0.0,0.0,0.0,36.63249882591771,37.38278024195812,37.193089233805104,16.0,0.0,36.0,0.0,0.0,0.0,0.0,0.0,0.0,0.0,0.0,0.0,0.0,0.0
2026-06-18 15:01:26,0.0,0.0,0.0,0.0,0.0,0.0,0.0,0.0,36.869541794610086,36.83233692965016,37.26893966292932,16.0,0.0,36.0,0.0,0.0,0.0,0.0,0.0,0.0,0.0,0.0,0.0,0.0,0.0
2026-06-18 15:01:26,0.0,0.0,0.0,0.0,0.0,0.0,0.0,0.0,36.57083963952696,37.388863914048194,37.28744217453014,16.0,0.0,36.0,0.0,0.0,0.0,0.0,0.0,0.0,0.0,0.0,0.0,0.0,0.0
2026-06-18 15:01:27,0.0,0.0,0.0,0.0,0.0,0.0,0.0,0.0,36.939589888158245,36.86933706657368,37.212367682052246,16.0,0.0,36.0,0.0,0.0,0.0,0.0,0.0,0.0,0.0,0.0,0.0,0.0,0.0
2026-06-18 15:01:27,0.0,0.0,0.0,0.0,0.0,0.0,0.0,0.0,36.904419283926075,36.84763950595807,36.741352406655174,16.0,0.0,36.0,0.0,0.0,0.0,0.0,0.0,0.0,0.0,0.0,0.0,0.0,0.0
2026-06-18 15:01:28,0.0,0.0,0.0,0.0,0.0,0.0,0.0,0.0,36.69046031833743,36.921036619956155,36.92361827610026,16.0,0.0,36.0,0.0,0.0,0.0,0.0,0.0,0.0,0.0,0.0,0.0,0.0,0.0
2026-06-18 15:01:28,0.0,0.0,0.0,0.0,0.0,0.0,0.0,0.0,36.654383949547466,36.910942233995726,37.07307873866948,16.0,0.0,36.0,0.0,0.0,0.0,0.0,0.0,0.0,0.0,0.0,0.0,0.0,0.0
2026-06-18 15:01:29,0.0,0.0,0.0,0.0,0.0,0.0,0.0,0.0,36.766946734036814,37.31476597363518,36.76178054113305,16.0,0.0,36.0,0.0,0.0,0.0,0.0,0.0,0.0,0.0,0.0,0.0,0.0,0.0
2026-06-18 15:01:29,0.0,0.0,0.0,0.0,0.0,0.0,0.0,0.0,36.89080203885694,37.26172334851684,36.840010195239905,16.0,0.0,36.0,0.0,0.0,0.0,0.0,0.0,0.0,0.0,0.0,0.0,0.0,0.0
2026-06-18 15:01:30,0.0,0.0,0.0,0.0,0.0,0.0,0.0,0.0,37.055115192180814,36.95949689910419,37.19705408918874,16.0,0.0,36.0,0.0,0.0,0.0,0.0,0.0,0.0,0.0,0.0,0.0,0.0,0.0
2026-06-18 15:01:30,0.0,0.0,0.0,0.0,0.0,0.0,0.0,0.0,36.74172156032148,37.274740187554,36.766094436829064,16.0,0.0,36.0,0.0,0.0,0.0,0.0,0.0,0.0,0.0,0.0,0.0,0.0,0.0
2026-06-18 15:01:31,0.0,0.0,0.0,0.0,0.0,0.0,0.0,0.0,36.584892226688616,37.21382515685675,36.99742299606094,16.0,0.0,36.0,0.0,0.0,0.0,0.0,0.0,0.0,0.0,0.0,0.0,0.0,0.0
2026-06-18 15:01:31,0.0,0.0,0.0,0.0,0.0,0.0,0.0,0.0,36.62065244554174,37.247262786458485,37.030047934750016,16.0,0.0,36.0,0.0,0.0,0.0,0.0,0.0,0.0,0.0,0.0,0.0,0.0,0.0
2026-06-18 15:01:32,0.0,0.0,0.0,0.0,0.0,0.0,0.0,0.0,36.84153450340921,36.849299941936955,36.934294907305066,16.0,0.0,36.0,0.0,0.0,0.0,0.0,0.0,0.0,0.0,0.0,0.0,0.0,0.0
2026-06-18 15:01:32,0.0,0.0,0.0,0.0,0.0,0.0,0.0,0.0,36.96863782832501,37.09154104071366,37.160535502560734,16.0,0.0,36.0,0.0,0.0,0.0,0.0,0.0,0.0,0.0,0.0,0.0,0.0,0.0
2026-06-18 15:01:33,0.0,0.0,0.0,0.0,0.0,0.0,0.0,0.0,36.78660989018183,37.1460314202493,37.05541861341497,16.0,0.0,36.0,0.0,0.0,0.0,0.0,0.0,0.0,0.0,0.0,0.0,0.0,0.0
2026-06-18 15:01:33,0.0,0.0,0.0,0.0,0.0,0.0,0.0,0.0,36.7526991489585,36.883096760536574,37.015575356450476,16.0,0.0,36.0,0.0,0.0,0.0,0.0,0.0,0.0,0.0,0.0,0.0,0.0,0.0
2026-06-18 15:01:34,0.0,0.0,0.0,0.0,0.0,0.0,0.0,0.0,36.801607176678736,36.86353117606624,36.81205536976538,16.0,0.0,36.0,0.0,0.0,0.0,0.0,0.0,0.0,0.0,0.0,0.0,0.0,0.0
2026-06-18 15:01:34,0.0,0.0,0.0,0.0,0.0,0.0,0.0,0.0,36.82079049415691,36.90199173941263,37.20824681091309,16.0,0.0,36.0,0.0,0.0,0.0,0.0,0.0,0.0,0.0,0.0,0.0,0.0,0.0
2026-06-18 15:01:35,0.0,0.0,0.0,0.0,0.0,0.0,0.0,0.0,36.62173279960314,37.011078994880435,36.854475196139944,16.0,0.0,36.0,0.0,0.0,0.0,0.0,0.0,0.0,0.0,0.0,0.0,0.0,0.0
2026-06-18 15:01:35,0.0,0.0,0.0,0.0,0.0,0.0,0.0,0.0,36.526476013054335,37.387682379442936,36.99194593784445,16.0,0.0,36.0,0.0,0.0,0.0,0.0,0.0,0.0,0.0,0.0,0.0,0.0,0.0
2026-06-18 15:01:36,0.0,0.0,0.0,0.0,0.0,0.0,0.0,0.0,36.68904246222911,37.33591225310719,37.02595549995396,16.0,0.0,36.0,0.0,0.0,0.0,0.0,0.0,0.0,0.0,0.0,0.0,0.0,0.0
2026-06-18 15:01:36,0.0,0.0,0.0,0.0,0.0,0.0,0.0,0.0,36.58402935050278,37.39117616960496,36.85767142089034,16.0,0.0,36.0,0.0,0.0,0.0,0.0,0.0,0.0,0.0,0.0,0.0,0.0,0.0
2026-06-18 15:01:37,0.0,0.0,0.0,0.0,0.0,0.0,0.0,0.0,36.70603743686752,37.04678293190912,37.07103162489952,16.0,0.0,36.0,0.0,0.0,0.0,0.0,0.0,0.0,0.0,0.0,0.0,0.0,0.0
2026-06-18 15:01:37,0.0,0.0,0.0,0.0,0.0,0.0,0.0,0.0,36.762958544167994,37.20262308360276,37.084137814891605,16.0,0.0,36.0,0.0,0.0,0.0,0.0,0.0,0.0,0.0,0.0,0.0,0.0,0.0
2026-06-18 15:01:38,0.0,0.0,0.0,0.0,0.0,0.0,0.0,0.0,36.593429333459234,37.35081122877579,36.747978305305395,16.0,0.0,36.0,0.0,0.0,0.0,0.0,0.0,0.0,0.0,0.0,0.0,0.0,0.0
2026-06-18 15:01:38,0.0,0.0,0.0,0.0,0.0,0.0,0.0,0.0,37.08964480639917,36.824158668083015,36.89917915464397,16.0,0.0,36.0,0.0,0.0,0.0,0.0,0.0,0.0,0.0,0.0,0.0,0.0,0.0
2026-06-18 15:01:39,0.0,0.0,0.0,0.0,0.0,0.0,0.0,0.0,36.63630206582881,37.02655811146437,36.99128887903898,16.0,0.0,36.0,0.0,0.0,0.0,0.0,0.0,0.0,0.0,0.0,0.0,0.0,0.0
2026-06-18 15:01:39,0.0,0.0,0.0,0.0,0.0,0.0,0.0,0.0,36.5021820680657,37.00364535601746,36.980405801488416,16.0,0.0,36.0,0.0,0.0,0.0,0.0,0.0,0.0,0.0,0.0,0.0,0.0,0.0
2026-06-18 15:01:40,0.0,0.0,0.0,0.0,0.0,0.0,0.0,0.0,36.74360460408269,36.94098739926315,37.24941850231389,16.0,0.0,36.0,0.0,0.0,0.0,0.0,0.0,0.0,0.0,0.0,0.0,0.0,0.0
2026-06-18 15:01:40,0.0,0.0,0.0,0.0,0.0,0.0,0.0,0.0,36.64628892150606,36.8096227874628,37.09012598065156,16.0,0.0,36.0,0.0,0.0,0.0,0.0,0.0,0.0,0.0,0.0,0.0,0.0,0.0
2026-06-18 15:01:41,0.0,0.0,0.0,0.0,0.0,0.0,0.0,0.0,36.71979107507566,36.935183400991285,36.909671891031756,16.0,0.0,36.0,0.0,0.0,0.0,0.0,0.0,0.0,0.0,0.0,0.0,0.0,0.0
2026-06-18 15:01:41,0.0,0.0,0.0,0.0,0.0,0.0,0.0,0.0,36.751019268832984,37.265842184793776,36.78781534293088,16.0,0.0,36.0,0.0,0.0,0.0,0.0,0.0,0.0,0.0,0.0,0.0,0.0,0.0
2026-06-18 15:01:42,0.0,0.0,0.0,0.0,0.0,0.0,0.0,0.0,36.506445683798646,37.00013816608432,36.95832150880765,16.0,0.0,36.0,0.0,0.0,0.0,0.0,0.0,0.0,0.0,0.0,0.0,0.0,0.0
2026-06-18 15:01:42,0.0,0.0,0.0,0.0,0.0,0.0,0.0,0.0,36.602134717244894,36.93088324748086,36.80916034054284,16.0,0.0,36.0,0.0,0.0,0.0,0.0,0.0,0.0,0.0,0.0,0.0,0.0,0.0
2026-06-18 15:01:43,0.0,0.0,0.0,0.0,0.0,0.0,0.0,0.0,37.000171719509815,36.90458644692639,36.90197052117013,16.0,0.0,36.0,0.0,0.0,0.0,0.0,0.0,0.0,0.0,0.0,0.0,0.0,0.0
2026-06-18 15:01:43,0.0,0.0,0.0,0.0,0.0,0.0,0.0,0.0,36.85759950717149,36.82071098162555,36.7253182863141,16.0,0.0,36.0,0.0,0.0,0.0,0.0,0.0,0.0,0.0,0.0,0.0,0.0,0.0
2026-06-18 15:01:44,0.0,0.0,0.0,0.0,0.0,0.0,0.0,0.0,36.963532871505805,37.0193986885217,36.92154864723354,16.0,0.0,36.0,0.0,0.0,0.0,0.0,0.0,0.0,0.0,0.0,0.0,0.0,0.0
2026-06-18 15:01:44,0.0,0.0,0.0,0.0,0.0,0.0,0.0,0.0,37.07440790149257,37.37240624651972,36.803630515167136,16.0,0.0,36.0,0.0,0.0,0.0,0.0,0.0,0.0,0.0,0.0,0.0,0.0,0.0
2026-06-18 15:01:45,0.0,0.0,0.0,0.0,0.0,0.0,0.0,0.0,37.00716579167023,37.07424724658978,36.7295245951154,16.0,0.0,36.0,0.0,0.0,0.0,0.0,0.0,0.0,0.0,0.0,0.0,0.0,0.0
2026-06-18 15:01:45,0.0,0.0,0.0,0.0,0.0,0.0,0.0,0.0,36.67174545031953,36.9720155664233,37.04408964726539,16.0,0.0,36.0,0.0,0.0,0.0,0.0,0.0,0.0,0.0,0.0,0.0,0.0,0.0
2026-06-18 15:01:46,0.0,0.0,0.0,0.0,0.0,0.0,0.0,0.0,36.96905787234873,37.153426208189885,36.84040339252153,16.0,0.0,36.0,0.0,0.0,0.0,0.0,0.0,0.0,0.0,0.0,0.0,0.0,0.0
2026-06-18 15:01:46,0.0,0.0,0.0,0.0,0.0,0.0,0.0,0.0,37.000416286530566,36.84003197821935,37.04936234964528,16.0,0.0,36.0,0.0,0.0,0.0,0.0,0.0,0.0,0.0,0.0,0.0,0.0,0.0
2026-06-18 15:01:47,0.0,0.0,0.0,0.0,0.0,0.0,0.0,0.0,36.538425374075516,36.98778981207185,37.17418736284511,16.0,0.0,36.0,0.0,0.0,0.0,0.0,0.0,0.0,0.0,0.0,0.0,0.0,0.0
2026-06-18 15:01:47,0.0,0.0,0.0,0.0,0.0,0.0,0.0,0.0,36.907031896525694,36.93317673583764,36.90692742251294,16.0,0.0,36.0,0.0,0.0,0.0,0.0,0.0,0.0,0.0,0.0,0.0,0.0,0.0
2026-06-18 15:01:48,0.0,0.0,0.0,0.0,0.0,0.0,0.0,0.0,36.71296742776649,36.80347865395849,37.2035231500404,16.0,0.0,36.0,0.0,0.0,0.0,0.0,0.0,0.0,0.0,0.0,0.0,0.0,0.0
2026-06-18 15:01:48,0.0,0.0,0.0,0.0,0.0,0.0,0.0,0.0,36.707939962338614,37.3452571799735,36.882181011468155,16.0,0.0,36.0,0.0,0.0,0.0,0.0,0.0,0.0,0.0,0.0,0.0,0.0,0.0
2026-06-18 15:01:49,0.0,0.0,0.0,0.0,0.0,0.0,0.0,0.0,36.78431939236296,36.95632006557783,36.986106442335085,16.0,0.0,36.0,0.0,0.0,0.0,0.0,0.0,0.0,0.0,0.0,0.0,0.0,0.0
2026-06-18 15:01:49,0.0,0.0,0.0,0.0,0.0,0.0,0.0,0.0,36.79221753878148,37.19462711489188,37.26337204657166,16.0,0.0,36.0,0.0,0.0,0.0,0.0,0.0,0.0,0.0,0.0,0.0,0.0,0.0
2026-06-18 15:01:50,0.0,0.0,0.0,0.0,0.0,0.0,0.0,0.0,36.7154041354908,37.35684923063461,37.01572043255842,16.0,0.0,36.0,0.0,0.0,0.0,0.0,0.0,0.0,0.0,0.0,0.0,0.0,0.0
2026-06-18 15:01:50,0.0,0.0,0.0,0.0,0.0,0.0,0.0,0.0,36.584872097147844,37.04924443662488,37.06232447839772,16.0,0.0,36.0,0.0,0.0,0.0,0.0,0.0,0.0,0.0,0.0,0.0,0.0,0.0
2026-06-18 15:01:51,0.0,0.0,0.0,0.0,0.0,0.0,0.0,0.0,36.81331047541451,37.14741834946098,37.17530927560234,16.0,0.0,36.0,0.0,0.0,0.0,0.0,0.0,0.0,0.0,0.0,0.0,0.0,0.0
2026-06-18 15:01:51,0.0,0.0,0.0,0.0,0.0,0.0,0.0,0.0,36.532003193451196,36.84386133035412,36.73979875281298,16.0,0.0,36.0,0.0,0.0,0.0,0.0,0.0,0.0,0.0,0.0,0.0,0.0,0.0
2026-06-18 15:01:52,0.0,0.0,0.0,0.0,0.0,0.0,0.0,0.0,36.528968959194216,37.097224639417675,36.94924958160882,16.0,0.0,36.0,0.0,0.0,0.0,0.0,0.0,0.0,0.0,0.0,0.0,0.0,0.0
2026-06-18 15:01:52,0.0,0.0,0.0,0.0,0.0,0.0,0.0,0.0,36.99533610713508,37.305324420435305,36.97487848816562,16.0,0.0,36.0,0.0,0.0,0.0,0.0,0.0,0.0,0.0,0.0,0.0,0.0,0.0
2026-06-18 15:01:53,0.0,0.0,0.0,0.0,0.0,0.0,0.0,0.0,36.76301691886873,37.26751646605752,36.769112607443155,16.0,0.0,36.0,0.0,0.0,0.0,0.0,0.0,0.0,0.0,0.0,0.0,0.0,0.0
2026-06-18 15:01:53,0.0,0.0,0.0,0.0,0.0,0.0,0.0,0.0,36.590830482843906,37.03093886309854,37.29857462105828,16.0,0.0,36.0,0.0,0.0,0.0,0.0,0.0,0.0,0.0,0.0,0.0,0.0,0.0
2026-06-18 15:01:54,0.0,0.0,0.0,0.0,0.0,0.0,0.0,0.0,36.91270298874747,36.82756583038698,37.09134739047863,16.0,0.0,36.0,0.0,0.0,0.0,0.0,0.0,0.0,0.0,0.0,0.0,0.0,0.0
2026-06-18 15:01:54,0.0,0.0,0.0,0.0,0.0,0.0,0.0,0.0,36.59173938804538,36.98541682251558,36.7078209147162,16.0,0.0,36.0,0.0,0.0,0.0,0.0,0.0,0.0,0.0,0.0,0.0,0.0,0.0
2026-06-18 15:01:55,0.0,0.0,0.0,0.0,0.0,0.0,0.0,0.0,36.5738360170919,36.80610928618076,36.8804168294146,16.0,0.0,36.0,0.0,0.0,0.0,0.0,0.0,0.0,0.0,0.0,0.0,0.0,0.0
2026-06-18 15:01:55,0.0,0.0,0.0,0.0,0.0,0.0,0.0,0.0,36.51540896695329,36.849594088443354,36.780673921617066,16.0,0.0,36.0,0.0,0.0,0.0,0.0,0.0,0.0,0.0,0.0,0.0,0.0,0.0
2026-06-18 15:01:56,0.0,0.0,0.0,0.0,0.0,0.0,0.0,0.0,36.632673084532165,36.89501822189152,36.74284390446283,16.0,0.0,36.0,0.0,0.0,0.0,0.0,0.0,0.0,0.0,0.0,0.0,0.0,0.0
2026-06-18 15:01:56,0.0,0.0,0.0,0.0,0.0,0.0,0.0,0.0,36.545523729211126,36.84214352474552,36.799019833837946,16.0,0.0,36.0,0.0,0.0,0.0,0.0,0.0,0.0,0.0,0.0,0.0,0.0,0.0
2026-06-18 15:01:57,0.0,0.0,0.0,0.0,0.0,0.0,0.0,0.0,36.732612319746046,37.28266258388317,36.75058658666548,16.0,0.0,36.0,0.0,0.0,0.0,0.0,0.0,0.0,0.0,0.0,0.0,0.0,0.0
2026-06-18 15:01:57,0.0,0.0,0.0,0.0,0.0,0.0,0.0,0.0,36.882994797673774,36.85227607610322,36.830887723709296,16.0,0.0,36.0,0.0,0.0,0.0,0.0,0.0,0.0,0.0,0.0,0.0,0.0,0.0
2026-06-18 15:01:58,0.0,0.0,0.0,0.0,0.0,0.0,0.0,0.0,36.916471535260236,37.37295275774566,36.700990975419515,16.0,0.0,36.0,0.0,0.0,0.0,0.0,0.0,0.0,0.0,0.0,0.0,0.0,0.0
2026-06-18 15:01:58,0.0,0.0,0.0,0.0,0.0,0.0,0.0,0.0,36.541954833796396,37.011328165163555,36.84701202752496,16.0,0.0,36.0,0.0,0.0,0.0,0.0,0.0,0.0,0.0,0.0,0.0,0.0,0.0
2026-06-18 15:01:59,0.0,0.0,0.0,0.0,0.0,0.0,0.0,0.0,36.62275665669729,37.20843527167621,37.232457758735286,16.0,0.0,36.0,0.0,0.0,0.0,0.0,0.0,0.0,0.0,0.0,0.0,0.0,0.0
2026-06-18 15:01:59,0.0,0.0,0.0,0.0,0.0,0.0,0.0,0.0,36.758347202606636,37.3420607832682,37.07840734191702,16.0,0.0,36.0,0.0,0.0,0.0,0.0,0.0,0.0,0.0,0.0,0.0,0.0,0.0
2026-06-18 15:02:00,0.0,0.0,0.0,0.0,0.0,0.0,0.0,0.0,37.06580605428538,37.167953720805286,36.78282431498874,16.0,0.0,36.0,0.0,0.0,0.0,0.0,0.0,0.0,0.0,0.0,0.0,0.0,0.0
2026-06-18 15:02:00,0.0,0.0,0.0,0.0,0.0,0.0,0.0,0.0,36.92694102664063,37.24354711859638,37.1596737738823,16.0,0.0,36.0,0.0,0.0,0.0,0.0,0.0,0.0,0.0,0.0,0.0,0.0,0.0
2026-06-18 15:02:01,0.0,0.0,0.0,0.0,0.0,0.0,0.0,0.0,36.92694305368201,36.93649193532903,37.07730817509294,16.0,0.0,36.0,0.0,0.0,0.0,0.0,0.0,0.0,0.0,0.0,0.0,0.0,0.0
2026-06-18 15:02:01,0.0,0.0,0.0,0.0,0.0,0.0,0.0,0.0,36.54834388827363,37.21641337387584,37.18748199637571,16.0,0.0,36.0,0.0,0.0,0.0,0.0,0.0,0.0,0.0,0.0,0.0,0.0,0.0
2026-06-18 15:02:02,0.0,0.0,0.0,0.0,0.0,0.0,0.0,0.0,36.87316617037214,36.982125096776635,36.70311310333413,16.0,0.0,36.0,0.0,0.0,0.0,0.0,0.0,0.0,0.0,0.0,0.0,0.0,0.0
2026-06-18 15:02:02,0.0,0.0,0.0,0.0,0.0,0.0,0.0,0.0,36.97397740014911,37.213755143559574,37.10403179761841,16.0,0.0,36.0,0.0,0.0,0.0,0.0,0.0,0.0,0.0,0.0,0.0,0.0,0.0
2026-06-18 15:02:03,0.0,0.0,0.0,0.0,0.0,0.0,0.0,0.0,36.811918845420045,36.922622539675096,36.860767356291355,16.0,0.0,36.0,0.0,0.0,0.0,0.0,0.0,0.0,0.0,0.0,0.0,0.0,0.0
2026-06-18 15:02:03,0.0,0.0,0.0,0.0,0.0,0.0,0.0,0.0,37.07346884200376,36.90481696198877,37.130500804755094,16.0,0.0,36.0,0.0,0.0,0.0,0.0,0.0,0.0,0.0,0.0,0.0,0.0,0.0
2026-06-18 15:02:04,0.0,0.0,0.0,0.0,0.0,0.0,0.0,0.0,36.57282641228297,37.39147640559206,36.81580277371865,16.0,0.0,36.0,0.0,0.0,0.0,0.0,0.0,0.0,0.0,0.0,0.0,0.0,0.0
2026-06-18 15:02:04,0.0,0.0,0.0,0.0,0.0,0.0,0.0,0.0,36.59541570155244,37.31713259356865,36.77462287895999,16.0,0.0,36.0,0.0,0.0,0.0,0.0,0.0,0.0,0.0,0.0,0.0,0.0,0.0
2026-06-18 15:02:05,0.0,0.0,0.0,0.0,0.0,0.0,0.0,0.0,37.051342645146086,37.07336360173471,36.78099397227344,16.0,0.0,36.0,0.0,0.0,0.0,0.0,0.0,0.0,0.0,0.0,0.0,0.0,0.0
2026-06-18 15:02:05,0.0,0.0,0.0,0.0,0.0,0.0,0.0,0.0,36.61403251924852,36.98154484387224,36.79451996767182,16.0,0.0,36.0,0.0,0.0,0.0,0.0,0.0,0.0,0.0,0.0,0.0,0.0,0.0
2026-06-18 15:02:06,0.0,0.0,0.0,0.0,0.0,0.0,0.0,0.0,36.630950599141926,37.04819982153978,36.98139247046362,16.0,0.0,36.0,0.0,0.0,0.0,0.0,0.0,0.0,0.0,0.0,0.0,0.0,0.0
2026-06-18 15:02:06,0.0,0.0,0.0,0.0,0.0,0.0,0.0,0.0,36.83955071199767,37.01274190453464,37.16263946278479,16.0,0.0,36.0,0.0,0.0,0.0,0.0,0.0,0.0,0.0,0.0,0.0,0.0,0.0
2026-06-18 15:02:07,0.0,0.0,0.0,0.0,0.0,0.0,0.0,0.0,36.763110735262465,37.13833360916675,37.18264943330529,16.0,0.0,36.0,0.0,0.0,0.0,0.0,0.0,0.0,0.0,0.0,0.0,0.0,0.0
2026-06-18 15:02:07,0.0,0.0,0.0,0.0,0.0,0.0,0.0,0.0,36.66384577169573,36.93481715752097,37.24218357929663,16.0,0.0,36.0,0.0,0.0,0.0,0.0,0.0,0.0,0.0,0.0,0.0,0.0,0.0
2026-06-18 15:02:08,0.0,0.0,0.0,0.0,0.0,0.0,0.0,0.0,36.651340335577366,37.06998791588248,36.79314573158861,16.0,0.0,36.0,0.0,0.0,0.0,0.0,0.0,0.0,0.0,0.0,0.0,0.0,0.0
2026-06-18 15:02:08,0.0,0.0,0.0,0.0,0.0,0.0,0.0,0.0,36.631054082968234,37.33356257106177,36.76381345255224,16.0,0.0,36.0,0.0,0.0,0.0,0.0,0.0,0.0,0.0,0.0,0.0,0.0,0.0
2026-06-18 15:02:09,0.0,0.0,0.0,0.0,0.0,0.0,0.0,0.0,36.58742795051595,36.88409959479317,36.9098876155912,16.0,0.0,36.0,0.0,0.0,0.0,0.0,0.0,0.0,0.0,0.0,0.0,0.0,0.0
2026-06-18 15:02:09,0.0,0.0,0.0,0.0,0.0,0.0,0.0,0.0,36.58960083465765,36.88977569153114,36.86237184140957,16.0,0.0,36.0,0.0,0.0,0.0,0.0,0.0,0.0,0.0,0.0,0.0,0.0,0.0
2026-06-18 15:02:10,0.0,0.0,0.0,0.0,0.0,0.0,0.0,0.0,37.057315515715096,37.37560879515735,37.10940537198755,16.0,0.0,36.0,0.0,0.0,0.0,0.0,0.0,0.0,0.0,0.0,0.0,0.0,0.0
2026-06-18 15:02:10,0.0,0.0,0.0,0.0,0.0,0.0,0.0,0.0,36.58622982822212,36.990004711112924,36.82108994708805,16.0,0.0,36.0,0.0,0.0,0.0,0.0,0.0,0.0,0.0,0.0,0.0,0.0,0.0
2026-06-18 15:02:11,0.0,0.0,0.0,0.0,0.0,0.0,0.0,0.0,36.70619910382522,37.36743085030827,37.21183141883004,16.0,0.0,36.0,0.0,0.0,0.0,0.0,0.0,0.0,0.0,0.0,0.0,0.0,0.0
2026-06-18 15:02:11,0.0,0.0,0.0,0.0,0.0,0.0,0.0,0.0,36.632637639557835,37.283788154766015,36.88728276068903,16.0,0.0,36.0,0.0,0.0,0.0,0.0,0.0,0.0,0.0,0.0,0.0,0.0,0.0
2026-06-18 15:02:12,0.0,0.0,0.0,0.0,0.0,0.0,0.0,0.0,36.51440811600217,36.95465284801339,37.25087395873336,16.0,0.0,36.0,0.0,0.0,0.0,0.0,0.0,0.0,0.0,0.0,0.0,0.0,0.0
2026-06-18 15:02:12,0.0,0.0,0.0,0.0,0.0,0.0,0.0,0.0,36.56685047453856,37.37782189510274,36.96659081915191,16.0,0.0,36.0,0.0,0.0,0.0,0.0,0.0,0.0,0.0,0.0,0.0,0.0,0.0
2026-06-18 15:02:13,0.0,0.0,0.0,0.0,0.0,0.0,0.0,0.0,36.639897413922604,37.193397740612745,37.05083544964639,16.0,0.0,36.0,0.0,0.0,0.0,0.0,0.0,0.0,0.0,0.0,0.0,0.0,0.0
2026-06-18 15:02:13,0.0,0.0,0.0,0.0,0.0,0.0,0.0,0.0,36.561443961735215,36.9783980414275,36.75713348215731,16.0,0.0,36.0,0.0,0.0,0.0,0.0,0.0,0.0,0.0,0.0,0.0,0.0,0.0
2026-06-18 15:02:14,0.0,0.0,0.0,0.0,0.0,0.0,0.0,0.0,37.01103995814457,36.986107343714295,37.09839969212923,16.0,0.0,36.0,0.0,0.0,0.0,0.0,0.0,0.0,0.0,0.0,0.0,0.0,0.0
2026-06-18 15:02:14,0.0,0.0,0.0,0.0,0.0,0.0,0.0,0.0,36.52879734004883,37.371989170308716,37.02149742388827,16.0,0.0,36.0,0.0,0.0,0.0,0.0,0.0,0.0,0.0,0.0,0.0,0.0,0.0
2026-06-18 15:02:15,0.0,0.0,0.0,0.0,0.0,0.0,0.0,0.0,36.65873224704844,37.24138844822211,36.96832759616852,16.0,0.0,36.0,0.0,0.0,0.0,0.0,0.0,0.0,0.0,0.0,0.0,0.0,0.0
2026-06-18 15:02:15,0.0,0.0,0.0,0.0,0.0,0.0,0.0,0.0,36.6521997992024,37.11539423714485,37.17586856249067,16.0,0.0,36.0,0.0,0.0,0.0,0.0,0.0,0.0,0.0,0.0,0.0,0.0,0.0
2026-06-18 15:02:16,0.0,0.0,0.0,0.0,0.0,0.0,0.0,0.0,36.999460731258,37.20190489456504,36.85872071004774,16.0,0.0,36.0,0.0,0.0,0.0,0.0,0.0,0.0,0.0,0.0,0.0,0.0,0.0
2026-06-18 15:02:16,0.0,0.0,0.0,0.0,0.0,0.0,0.0,0.0,36.6159730960734,36.81599366387184,37.24446156092333,16.0,0.0,36.0,0.0,0.0,0.0,0.0,0.0,0.0,0.0,0.0,0.0,0.0,0.0
2026-06-18 15:02:17,0.0,0.0,0.0,0.0,0.0,0.0,0.0,0.0,36.58658236103143,37.09601733768495,37.00195084071607,16.0,0.0,36.0,0.0,0.0,0.0,0.0,0.0,0.0,0.0,0.0,0.0,0.0,0.0
2026-06-18 15:02:17,0.0,0.0,0.0,0.0,0.0,0.0,0.0,0.0,37.01534349206232,36.85684529031287,36.9001195172101,16.0,0.0,36.0,0.0,0.0,0.0,0.0,0.0,0.0,0.0,0.0,0.0,0.0,0.0
2026-06-18 15:02:18,0.0,0.0,0.0,0.0,0.0,0.0,0.0,0.0,36.671778305826116,37.360247790150304,37.09924849083859,16.0,0.0,36.0,0.0,0.0,0.0,0.0,0.0,0.0,0.0,0.0,0.0,0.0,0.0
2026-06-18 15:02:18,0.0,0.0,0.0,0.0,0.0,0.0,0.0,0.0,37.008054021982865,36.9852111383023,37.20795294867684,16.0,0.0,36.0,0.0,0.0,0.0,0.0,0.0,0.0,0.0,0.0,0.0,0.0,0.0
2026-06-18 15:02:19,0.0,0.0,0.0,0.0,0.0,0.0,0.0,0.0,36.7268418126916,37.21099468211764,37.23322165885883,16.0,0.0,36.0,0.0,0.0,0.0,0.0,0.0,0.0,0.0,0.0,0.0,0.0,0.0
2026-06-18 15:02:19,0.0,0.0,0.0,0.0,0.0,0.0,0.0,0.0,36.83258275587973,37.17643498450328,37.274011203974744,16.0,0.0,36.0,0.0,0.0,0.0,0.0,0.0,0.0,0.0,0.0,0.0,0.0,0.0
2026-06-18 15:02:20,0.0,0.0,0.0,0.0,0.0,0.0,0.0,0.0,36.8418129245705,37.07515260782661,37.10412650080863,16.0,0.0,36.0,0.0,0.0,0.0,0.0,0.0,0.0,0.0,0.0,0.0,0.0,0.0
2026-06-18 15:02:20,0.0,0.0,0.0,0.0,0.0,0.0,0.0,0.0,37.02055289364183,36.822128767347294,36.87069108804698,16.0,0.0,36.0,0.0,0.0,0.0,0.0,0.0,0.0,0.0,0.0,0.0,0.0,0.0
2026-06-18 15:02:21,0.0,0.0,0.0,0.0,0.0,0.0,0.0,0.0,36.71404117305473,37.37418729763557,36.806748683695616,16.0,0.0,36.0,0.0,0.0,0.0,0.0,0.0,0.0,0.0,0.0,0.0,0.0,0.0
2026-06-18 15:02:21,0.0,0.0,0.0,0.0,0.0,0.0,0.0,0.0,37.00321048603146,37.18869522116681,37.02941081799928,16.0,0.0,36.0,0.0,0.0,0.0,0.0,0.0,0.0,0.0,0.0,0.0,0.0,0.0
2026-06-18 15:02:22,0.0,0.0,0.0,0.0,0.0,0.0,0.0,0.0,36.50460673461525,37.36392099725645,36.98784231706449,16.0,0.0,36.0,0.0,0.0,0.0,0.0,0.0,0.0,0.0,0.0,0.0,0.0,0.0
2026-06-18 15:02:22,0.0,0.0,0.0,0.0,0.0,0.0,0.0,0.0,36.5541853542819,36.86638782329349,37.13537718082561,16.0,0.0,36.0,0.0,0.0,0.0,0.0,0.0,0.0,0.0,0.0,0.0,0.0,0.0
2026-06-18 15:02:23,0.0,0.0,0.0,0.0,0.0,0.0,0.0,0.0,36.93248953803111,37.380374293662975,36.87456079670922,16.0,0.0,36.0,0.0,0.0,0.0,0.0,0.0,0.0,0.0,0.0,0.0,0.0,0.0
2026-06-18 15:02:23,0.0,0.0,0.0,0.0,0.0,0.0,0.0,0.0,36.514027885686446,36.82402740980033,36.83351992849072,16.0,0.0,36.0,0.0,0.0,0.0,0.0,0.0,0.0,0.0,0.0,0.0,0.0,0.0
2026-06-18 15:02:24,0.0,0.0,0.0,0.0,0.0,0.0,0.0,0.0,36.62058860453553,37.03560981357816,36.99387434220724,16.0,0.0,36.0,0.0,0.0,0.0,0.0,0.0,0.0,0.0,0.0,0.0,0.0,0.0
2026-06-18 15:02:24,0.0,0.0,0.0,0.0,0.0,0.0,0.0,0.0,36.997202588910774,37.326568734813556,37.0310719238595,16.0,0.0,36.0,0.0,0.0,0.0,0.0,0.0,0.0,0.0,0.0,0.0,0.0,0.0
2026-06-18 15:02:25,0.0,0.0,0.0,0.0,0.0,0.0,0.0,0.0,37.07380394125578,37.132761281035805,37.14377658543783,16.0,0.0,36.0,0.0,0.0,0.0,0.0,0.0,0.0,0.0,0.0,0.0,0.0,0.0
2026-06-18 15:02:25,0.0,0.0,0.0,0.0,0.0,0.0,0.0,0.0,36.66355693599955,36.85339386960629,36.74653644399177,16.0,0.0,36.0,0.0,0.0,0.0,0.0,0.0,0.0,0.0,0.0,0.0,0.0,0.0
2026-06-18 15:02:26,0.0,0.0,0.0,0.0,0.0,0.0,0.0,0.0,36.57093789650424,36.95773716614476,37.25376465651541,16.0,0.0,36.0,0.0,0.0,0.0,0.0,0.0,0.0,0.0,0.0,0.0,0.0,0.0
2026-06-18 15:02:26,0.0,0.0,0.0,0.0,0.0,0.0,0.0,0.0,36.614929317446126,37.30686017734781,36.842508389027614,16.0,0.0,36.0,0.0,0.0,0.0,0.0,0.0,0.0,0.0,0.0,0.0,0.0,0.0
2026-06-18 15:02:27,0.0,0.0,0.0,0.0,0.0,0.0,0.0,0.0,36.6632580089214,37.198395268951046,37.23184311224145,16.0,0.0,36.0,0.0,0.0,0.0,0.0,0.0,0.0,0.0,0.0,0.0,0.0,0.0
2026-06-18 15:02:27,0.0,0.0,0.0,0.0,0.0,0.0,0.0,0.0,36.60513066505409,37.14224093626201,37.27867830183792,16.0,0.0,36.0,0.0,0.0,0.0,0.0,0.0,0.0,0.0,0.0,0.0,0.0,0.0
2026-06-18 15:02:28,0.0,0.0,0.0,0.0,0.0,0.0,0.0,0.0,36.746918165813575,37.339961242077905,37.1538003268609,16.0,0.0,36.0,0.0,0.0,0.0,0.0,0.0,0.0,0.0,0.0,0.0,0.0,0.0
2026-06-18 15:02:28,0.0,0.0,0.0,0.0,0.0,0.0,0.0,0.0,36.67945951963444,37.30066346400237,36.77821111249284,16.0,0.0,36.0,0.0,0.0,0.0,0.0,0.0,0.0,0.0,0.0,0.0,0.0,0.0
2026-06-18 15:02:29,0.0,0.0,0.0,0.0,0.0,0.0,0.0,0.0,36.892908078848286,37.104992495430906,37.081525904214935,16.0,0.0,36.0,0.0,0.0,0.0,0.0,0.0,0.0,0.0,0.0,0.0,0.0,0.0
2026-06-18 15:02:29,0.0,0.0,0.0,0.0,0.0,0.0,0.0,0.0,36.63706937783687,37.34811444347659,37.02291399403381,16.0,0.0,36.0,0.0,0.0,0.0,0.0,0.0,0.0,0.0,0.0,0.0,0.0,0.0
2026-06-18 15:02:30,0.0,0.0,0.0,0.0,0.0,0.0,0.0,0.0,36.502154284804426,37.12586946790761,36.82570202008343,16.0,0.0,36.0,0.0,0.0,0.0,0.0,0.0,0.0,0.0,0.0,0.0,0.0,0.0
2026-06-18 15:02:30,0.0,0.0,0.0,0.0,0.0,0.0,0.0,0.0,36.80162475529483,36.90825069019003,36.84459689874905,16.0,0.0,36.0,0.0,0.0,0.0,0.0,0.0,0.0,0.0,0.0,0.0,0.0,0.0
2026-06-18 15:02:31,0.0,0.0,0.0,0.0,0.0,0.0,0.0,0.0,37.093303834053614,37.3725034939272,37.08699108770515,16.0,0.0,36.0,0.0,0.0,0.0,0.0,0.0,0.0,0.0,0.0,0.0,0.0,0.0
2026-06-18 15:02:31,0.0,0.0,0.0,0.0,0.0,0.0,0.0,0.0,36.771870333787525,37.393521033402266,37.15333686319221,16.0,0.0,36.0,0.0,0.0,0.0,0.0,0.0,0.0,0.0,0.0,0.0,0.0,0.0
2026-06-18 15:02:32,0.0,0.0,0.0,0.0,0.0,0.0,0.0,0.0,37.02187669703396,37.31083835758688,37.27746171901386,16.0,0.0,36.0,0.0,0.0,0.0,0.0,0.0,0.0,0.0,0.0,0.0,0.0,0.0
2026-06-18 15:02:32,0.0,0.0,0.0,0.0,0.0,0.0,0.0,0.0,36.9960008971726,37.06625002737199,36.75825541611529,16.0,0.0,36.0,0.0,0.0,0.0,0.0,0.0,0.0,0.0,0.0,0.0,0.0,0.0
2026-06-18 15:02:33,0.0,0.0,0.0,0.0,0.0,0.0,0.0,0.0,37.016304365520824,37.08330015752597,37.22790983727257,16.0,0.0,36.0,0.0,0.0,0.0,0.0,0.0,0.0,0.0,0.0,0.0,0.0,0.0
2026-06-18 15:02:33,0.0,0.0,0.0,0.0,0.0,0.0,0.0,0.0,36.60606517385588,36.99468623320837,37.07758010897318,16.0,0.0,36.0,0.0,0.0,0.0,0.0,0.0,0.0,0.0,0.0,0.0,0.0,0.0
2026-06-18 15:02:34,0.0,0.0,0.0,0.0,0.0,0.0,0.0,0.0,36.756368467134905,37.05293783030479,36.97171991045913,16.0,0.0,36.0,0.0,0.0,0.0,0.0,0.0,0.0,0.0,0.0,0.0,0.0,0.0
2026-06-18 15:02:34,0.0,0.0,0.0,0.0,0.0,0.0,0.0,0.0,36.65604584433017,37.269824834357735,37.11069926440702,16.0,0.0,36.0,0.0,0.0,0.0,0.0,0.0,0.0,0.0,0.0,0.0,0.0,0.0
2026-06-18 15:02:35,0.0,0.0,0.0,0.0,0.0,0.0,0.0,0.0,36.8488568919288,37.14158634870188,36.956907519614646,16.0,0.0,36.0,0.0,0.0,0.0,0.0,0.0,0.0,0.0,0.0,0.0,0.0,0.0
2026-06-18 15:02:35,0.0,0.0,0.0,0.0,0.0,0.0,0.0,0.0,36.90141149141452,37.35183285106967,36.72201254608821,16.0,0.0,36.0,0.0,0.0,0.0,0.0,0.0,0.0,0.0,0.0,0.0,0.0,0.0
2026-06-18 15:02:36,0.0,0.0,0.0,0.0,0.0,0.0,0.0,0.0,36.62644011620512,37.096377123431814,37.07912258248541,16.0,0.0,36.0,0.0,0.0,0.0,0.0,0.0,0.0,0.0,0.0,0.0,0.0,0.0
2026-06-18 15:02:36,0.0,0.0,0.0,0.0,0.0,0.0,0.0,0.0,36.97580187418652,36.92340849956361,37.13612598380997,16.0,0.0,36.0,0.0,0.0,0.0,0.0,0.0,0.0,0.0,0.0,0.0,0.0,0.0
2026-06-18 15:02:37,0.0,0.0,0.0,0.0,0.0,0.0,0.0,0.0,36.577627589666186,37.10004321747843,36.82048208389778,16.0,0.0,36.0,0.0,0.0,0.0,0.0,0.0,0.0,0.0,0.0,0.0,0.0,0.0
2026-06-18 15:02:37,0.0,0.0,0.0,0.0,0.0,0.0,0.0,0.0,36.792748722201715,37.077575590282606,37.02424271337617,16.0,0.0,36.0,0.0,0.0,0.0,0.0,0.0,0.0,0.0,0.0,0.0,0.0,0.0
2026-06-18 15:02:38,0.0,0.0,0.0,0.0,0.0,0.0,0.0,0.0,36.55645199157475,37.210969757064454,36.99272348216378,16.0,0.0,36.0,0.0,0.0,0.0,0.0,0.0,0.0,0.0,0.0,0.0,0.0,0.0
2026-06-18 15:02:38,0.0,0.0,0.0,0.0,0.0,0.0,0.0,0.0,36.6210941153578,37.288743716124586,37.08763384781407,16.0,0.0,36.0,0.0,0.0,0.0,0.0,0.0,0.0,0.0,0.0,0.0,0.0,0.0
2026-06-18 15:02:39,0.0,0.0,0.0,0.0,0.0,0.0,0.0,0.0,36.8435789433771,36.997702789635916,36.894199185734536,16.0,0.0,36.0,0.0,0.0,0.0,0.0,0.0,0.0,0.0,0.0,0.0,0.0,0.0
2026-06-18 15:02:39,0.0,0.0,0.0,0.0,0.0,0.0,0.0,0.0,37.06472305028426,37.33009957485038,37.09200237335752,16.0,0.0,36.0,0.0,0.0,0.0,0.0,0.0,0.0,0.0,0.0,0.0,0.0,0.0
2026-06-18 15:02:40,0.0,0.0,0.0,0.0,0.0,0.0,0.0,0.0,36.79922313200137,37.16600832613835,37.25324295466217,16.0,0.0,36.0,0.0,0.0,0.0,0.0,0.0,0.0,0.0,0.0,0.0,0.0,0.0
2026-06-18 15:02:40,0.0,0.0,0.0,0.0,0.0,0.0,0.0,0.0,37.050691305758775,37.28154933756649,37.29972073576971,16.0,0.0,36.0,0.0,0.0,0.0,0.0,0.0,0.0,0.0,0.0,0.0,0.0,0.0
2026-06-18 15:02:41,0.0,0.0,0.0,0.0,0.0,0.0,0.0,0.0,36.80463000271375,37.14175893310113,37.01484618514802,16.0,0.0,36.0,0.0,0.0,0.0,0.0,0.0,0.0,0.0,0.0,0.0,0.0,0.0
2026-06-18 15:02:41,0.0,0.0,0.0,0.0,0.0,0.0,0.0,0.0,36.93228743908441,37.14645409265878,37.06539363302497,16.0,0.0,36.0,0.0,0.0,0.0,0.0,0.0,0.0,0.0,0.0,0.0,0.0,0.0
2026-06-18 15:02:42,0.0,0.0,0.0,0.0,0.0,0.0,0.0,0.0,36.63968664355556,37.04930224689776,36.848814726588415,16.0,0.0,36.0,0.0,0.0,0.0,0.0,0.0,0.0,0.0,0.0,0.0,0.0,0.0
2026-06-18 15:02:42,0.0,0.0,0.0,0.0,0.0,0.0,0.0,0.0,37.03770657393187,36.93019871281492,36.861897722161586,16.0,0.0,36.0,0.0,0.0,0.0,0.0,0.0,0.0,0.0,0.0,0.0,0.0,0.0
2026-06-18 15:02:43,0.0,0.0,0.0,0.0,0.0,0.0,0.0,0.0,36.71903326375374,37.02960294286005,37.263918670563676,16.0,0.0,36.0,0.0,0.0,0.0,0.0,0.0,0.0,0.0,0.0,0.0,0.0,0.0
2026-06-18 15:02:43,0.0,0.0,0.0,0.0,0.0,0.0,0.0,0.0,36.91181066929077,36.89051444140147,36.85190491240213,16.0,0.0,36.0,0.0,0.0,0.0,0.0,0.0,0.0,0.0,0.0,0.0,0.0,0.0
2026-06-18 15:02:44,0.0,0.0,0.0,0.0,0.0,0.0,0.0,0.0,36.98016416940773,37.01368783904821,36.75730669701511,16.0,0.0,36.0,0.0,0.0,0.0,0.0,0.0,0.0,0.0,0.0,0.0,0.0,0.0
2026-06-18 15:02:44,0.0,0.0,0.0,0.0,0.0,0.0,0.0,0.0,36.60790022583943,37.19423101353882,36.85016302376631,16.0,0.0,36.0,0.0,0.0,0.0,0.0,0.0,0.0,0.0,0.0,0.0,0.0,0.0
2026-06-18 15:02:45,0.0,0.0,0.0,0.0,0.0,0.0,0.0,0.0,37.00263010228461,37.059935194373764,37.080375977894896,16.0,0.0,36.0,0.0,0.0,0.0,0.0,0.0,0.0,0.0,0.0,0.0,0.0,0.0
2026-06-18 15:02:45,0.0,0.0,0.0,0.0,0.0,0.0,0.0,0.0,37.07138461892576,37.03004400223161,36.78622518484692,16.0,0.0,36.0,0.0,0.0,0.0,0.0,0.0,0.0,0.0,0.0,0.0,0.0,0.0
2026-06-18 15:02:46,0.0,0.0,0.0,0.0,0.0,0.0,0.0,0.0,37.060013558814546,37.026894168517295,37.01282250579229,16.0,0.0,36.0,0.0,0.0,0.0,0.0,0.0,0.0,0.0,0.0,0.0,0.0,0.0
2026-06-18 15:02:46,0.0,0.0,0.0,0.0,0.0,0.0,0.0,0.0,36.534449841854496,37.02461187073593,36.9062941882147,16.0,0.0,36.0,0.0,0.0,0.0,0.0,0.0,0.0,0.0,0.0,0.0,0.0,0.0
2026-06-18 15:02:47,0.0,0.0,0.0,0.0,0.0,0.0,0.0,0.0,36.9483707373668,37.04189333127462,37.01360052142147,16.0,0.0,36.0,0.0,0.0,0.0,0.0,0.0,0.0,0.0,0.0,0.0,0.0,0.0
2026-06-18 15:02:47,0.0,0.0,0.0,0.0,0.0,0.0,0.0,0.0,36.68951490096473,36.91937890774161,36.94346443605766,16.0,0.0,36.0,0.0,0.0,0.0,0.0,0.0,0.0,0.0,0.0,0.0,0.0,0.0
2026-06-18 15:02:48,0.0,0.0,0.0,0.0,0.0,0.0,0.0,0.0,36.751444368228036,36.80584363670953,37.0357340302736,16.0,0.0,36.0,0.0,0.0,0.0,0.0,0.0,0.0,0.0,0.0,0.0,0.0,0.0
2026-06-18 15:02:48,0.0,0.0,0.0,0.0,0.0,0.0,0.0,0.0,36.97737333324613,37.183147035815665,37.08007391350635,16.0,0.0,36.0,0.0,0.0,0.0,0.0,0.0,0.0,0.0,0.0,0.0,0.0,0.0
2026-06-18 15:02:49,0.0,0.0,0.0,0.0,0.0,0.0,0.0,0.0,36.56379925331673,36.90685547127879,36.99540424125965,16.0,0.0,36.0,0.0,0.0,0.0,0.0,0.0,0.0,0.0,0.0,0.0,0.0,0.0
2026-06-18 15:02:49,0.0,0.0,0.0,0.0,0.0,0.0,0.0,0.0,36.719286781419385,37.077641452098284,36.9304994580844,16.0,0.0,36.0,0.0,0.0,0.0,0.0,0.0,0.0,0.0,0.0,0.0,0.0,0.0
2026-06-18 15:02:50,0.0,0.0,0.0,0.0,0.0,0.0,0.0,0.0,36.9651297845837,36.97938914158268,36.94743106772773,16.0,0.0,36.0,0.0,0.0,0.0,0.0,0.0,0.0,0.0,0.0,0.0,0.0,0.0
2026-06-18 15:02:50,0.0,0.0,0.0,0.0,0.0,0.0,0.0,0.0,36.52899821691687,36.80320069812922,36.72897086473033,16.0,0.0,36.0,0.0,0.0,0.0,0.0,0.0,0.0,0.0,0.0,0.0,0.0,0.0
2026-06-18 15:02:51,0.0,0.0,0.0,0.0,0.0,0.0,0.0,0.0,37.08354523351565,36.85620812098018,37.01243073076011,16.0,0.0,36.0,0.0,0.0,0.0,0.0,0.0,0.0,0.0,0.0,0.0,0.0,0.0
2026-06-18 15:02:51,0.0,0.0,0.0,0.0,0.0,0.0,0.0,0.0,36.80123523366107,37.23039414943514,36.73258463919423,16.0,0.0,36.0,0.0,0.0,0.0,0.0,0.0,0.0,0.0,0.0,0.0,0.0,0.0
2026-06-18 15:02:52,0.0,0.0,0.0,0.0,0.0,0.0,0.0,0.0,36.95883441338712,36.81106378708888,36.94712056888181,16.0,0.0,36.0,0.0,0.0,0.0,0.0,0.0,0.0,0.0,0.0,0.0,0.0,0.0
2026-06-18 15:02:52,0.0,0.0,0.0,0.0,0.0,0.0,0.0,0.0,36.741850357350245,37.32543776358241,37.151098322657965,16.0,0.0,36.0,0.0,0.0,0.0,0.0,0.0,0.0,0.0,0.0,0.0,0.0,0.0
2026-06-18 15:02:53,0.0,0.0,0.0,0.0,0.0,0.0,0.0,0.0,36.57115098814356,36.98590649789037,36.99848909443738,16.0,0.0,36.0,0.0,0.0,0.0,0.0,0.0,0.0,0.0,0.0,0.0,0.0,0.0
2026-06-18 15:02:53,0.0,0.0,0.0,0.0,0.0,0.0,0.0,0.0,36.716617814905575,37.009113265215035,36.83434308740532,16.0,0.0,36.0,0.0,0.0,0.0,0.0,0.0,0.0,0.0,0.0,0.0,0.0,0.0
2026-06-18 15:02:54,0.0,0.0,0.0,0.0,0.0,0.0,0.0,0.0,36.966841078037525,37.085576416109454,36.754961657166625,16.0,0.0,36.0,0.0,0.0,0.0,0.0,0.0,0.0,0.0,0.0,0.0,0.0,0.0
2026-06-18 15:02:54,0.0,0.0,0.0,0.0,0.0,0.0,0.0,0.0,37.07641614185917,37.39233010454109,37.031480010786375,16.0,0.0,36.0,0.0,0.0,0.0,0.0,0.0,0.0,0.0,0.0,0.0,0.0,0.0
2026-06-18 15:02:55,0.0,0.0,0.0,0.0,0.0,0.0,0.0,0.0,36.532992906247316,36.88111907440415,37.23345208289718,16.0,0.0,36.0,0.0,0.0,0.0,0.0,0.0,0.0,0.0,0.0,0.0,0.0,0.0
2026-06-18 15:02:55,0.0,0.0,0.0,0.0,0.0,0.0,0.0,0.0,36.75769980293281,36.945681733018255,37.21094516576634,16.0,0.0,36.0,0.0,0.0,0.0,0.0,0.0,0.0,0.0,0.0,0.0,0.0,0.0
2026-06-18 15:02:56,0.0,0.0,0.0,0.0,0.0,0.0,0.0,0.0,36.741040251170894,37.089810980581625,36.742869853701116,16.0,0.0,36.0,0.0,0.0,0.0,0.0,0.0,0.0,0.0,0.0,0.0,0.0,0.0
2026-06-18 15:02:56,0.0,0.0,0.0,0.0,0.0,0.0,0.0,0.0,36.94917974808095,37.33239932176002,37.19029461919556,16.0,0.0,36.0,0.0,0.0,0.0,0.0,0.0,0.0,0.0,0.0,0.0,0.0,0.0
2026-06-18 15:02:57,0.0,0.0,0.0,0.0,0.0,0.0,0.0,0.0,36.873620617181906,37.102147820194396,37.088605394748654,16.0,0.0,36.0,0.0,0.0,0.0,0.0,0.0,0.0,0.0,0.0,0.0,0.0,0.0
2026-06-18 15:02:57,0.0,0.0,0.0,0.0,0.0,0.0,0.0,0.0,36.55200546480573,36.87969066753497,37.142477215242955,16.0,0.0,36.0,0.0,0.0,0.0,0.0,0.0,0.0,0.0,0.0,0.0,0.0,0.0
2026-06-18 15:02:58,0.0,0.0,0.0,0.0,0.0,0.0,0.0,0.0,36.59417498085578,37.25026095536366,37.05389830054636,16.0,0.0,36.0,0.0,0.0,0.0,0.0,0.0,0.0,0.0,0.0,0.0,0.0,0.0
2026-06-18 15:02:58,0.0,0.0,0.0,0.0,0.0,0.0,0.0,0.0,36.53523627254357,37.304462046855804,36.97918246205036,16.0,0.0,36.0,0.0,0.0,0.0,0.0,0.0,0.0,0.0,0.0,0.0,0.0,0.0
2026-06-18 15:02:59,0.0,0.0,0.0,0.0,0.0,0.0,0.0,0.0,36.73080186937611,36.888586606447454,37.20228334100974,16.0,0.0,36.0,0.0,0.0,0.0,0.0,0.0,0.0,0.0,0.0,0.0,0.0,0.0
2026-06-18 15:02:59,0.0,0.0,0.0,0.0,0.0,0.0,0.0,0.0,36.53071283368948,37.094642981636646,37.27660359457272,16.0,0.0,36.0,0.0,0.0,0.0,0.0,0.0,0.0,0.0,0.0,0.0,0.0,0.0
2026-06-18 15:03:00,0.0,0.0,0.0,0.0,0.0,0.0,0.0,0.0,36.90268317338409,37.24474127691564,37.291550894269584,16.0,0.0,36.0,0.0,0.0,0.0,0.0,0.0,0.0,0.0,0.0,0.0,0.0,0.0
2026-06-18 15:03:00,0.0,0.0,0.0,0.0,0.0,0.0,0.0,0.0,36.88718962985956,37.111650550826035,37.185601235077215,16.0,0.0,36.0,0.0,0.0,0.0,0.0,0.0,0.0,0.0,0.0,0.0,0.0,0.0
2026-06-18 15:03:01,0.0,0.0,0.0,0.0,0.0,0.0,0.0,0.0,36.55543562976627,37.09254219748443,36.81443209783343,16.0,0.0,36.0,0.0,0.0,0.0,0.0,0.0,0.0,0.0,0.0,0.0,0.0,0.0
2026-06-18 15:03:01,0.0,0.0,0.0,0.0,0.0,0.0,0.0,0.0,36.63247469964633,37.1314911940688,37.27885054033565,16.0,0.0,36.0,0.0,0.0,0.0,0.0,0.0,0.0,0.0,0.0,0.0,0.0,0.0
2026-06-18 15:03:02,0.0,0.0,0.0,0.0,0.0,0.0,0.0,0.0,36.837641189103785,37.33329671024384,37.19744604141305,16.0,0.0,36.0,0.0,0.0,0.0,0.0,0.0,0.0,0.0,0.0,0.0,0.0,0.0
2026-06-18 15:03:02,0.0,0.0,0.0,0.0,0.0,0.0,0.0,0.0,36.78019952616139,37.259295651021176,37.01773261358242,16.0,0.0,36.0,0.0,0.0,0.0,0.0,0.0,0.0,0.0,0.0,0.0,0.0,0.0
2026-06-18 15:03:03,0.0,0.0,0.0,0.0,0.0,0.0,0.0,0.0,36.941054843267885,36.828440015600194,37.17209318700355,16.0,0.0,36.0,0.0,0.0,0.0,0.0,0.0,0.0,0.0,0.0,0.0,0.0,0.0
2026-06-18 15:03:03,0.0,0.0,0.0,0.0,0.0,0.0,0.0,0.0,36.587968107515685,37.20442501422657,36.74131260088159,16.0,0.0,36.0,0.0,0.0,0.0,0.0,0.0,0.0,0.0,0.0,0.0,0.0,0.0
2026-06-18 15:03:04,0.0,0.0,0.0,0.0,0.0,0.0,0.0,0.0,37.00551993142455,37.19397072266332,36.90129058600462,16.0,0.0,36.0,0.0,0.0,0.0,0.0,0.0,0.0,0.0,0.0,0.0,0.0,0.0
2026-06-18 15:03:04,0.0,0.0,0.0,0.0,0.0,0.0,0.0,0.0,37.07063087736464,36.99358093057213,37.099707104568445,16.0,0.0,36.0,0.0,0.0,0.0,0.0,0.0,0.0,0.0,0.0,0.0,0.0,0.0
2026-06-18 15:03:05,0.0,0.0,0.0,0.0,0.0,0.0,0.0,0.0,36.71244476590406,37.31715731955276,36.82626406921879,16.0,0.0,36.0,0.0,0.0,0.0,0.0,0.0,0.0,0.0,0.0,0.0,0.0,0.0
2026-06-18 15:03:05,0.0,0.0,0.0,0.0,0.0,0.0,0.0,0.0,36.65878271147854,37.145021453177236,37.165696428975735,16.0,0.0,36.0,0.0,0.0,0.0,0.0,0.0,0.0,0.0,0.0,0.0,0.0,0.0
2026-06-18 15:03:06,0.0,0.0,0.0,0.0,0.0,0.0,0.0,0.0,36.55624087646162,37.21309686607867,37.230218124218815,16.0,0.0,36.0,0.0,0.0,0.0,0.0,0.0,0.0,0.0,0.0,0.0,0.0,0.0
2026-06-18 15:03:06,0.0,0.0,0.0,0.0,0.0,0.0,0.0,0.0,36.53723534479611,37.068007723986796,37.00908191064335,16.0,0.0,36.0,0.0,0.0,0.0,0.0,0.0,0.0,0.0,0.0,0.0,0.0,0.0
2026-06-18 15:03:07,0.0,0.0,0.0,0.0,0.0,0.0,0.0,0.0,36.58422833866294,36.859097603782615,36.93689347829971,16.0,0.0,36.0,0.0,0.0,0.0,0.0,0.0,0.0,0.0,0.0,0.0,0.0,0.0
2026-06-18 15:03:07,0.0,0.0,0.0,0.0,0.0,0.0,0.0,0.0,37.019044478761494,37.00998723389043,37.17563122771628,16.0,0.0,36.0,0.0,0.0,0.0,0.0,0.0,0.0,0.0,0.0,0.0,0.0,0.0
2026-06-18 15:03:08,0.0,0.0,0.0,0.0,0.0,0.0,0.0,0.0,36.7591730379807,36.970433113119654,36.73989252228409,16.0,0.0,36.0,0.0,0.0,0.0,0.0,0.0,0.0,0.0,0.0,0.0,0.0,0.0
2026-06-18 15:03:08,0.0,0.0,0.0,0.0,0.0,0.0,0.0,0.0,36.82310089431447,37.09445495109379,36.852205553137544,16.0,0.0,36.0,0.0,0.0,0.0,0.0,0.0,0.0,0.0,0.0,0.0,0.0,0.0
2026-06-18 15:03:09,0.0,0.0,0.0,0.0,0.0,0.0,0.0,0.0,36.712820329887094,37.07265187251931,37.21318678611659,16.0,0.0,36.0,0.0,0.0,0.0,0.0,0.0,0.0,0.0,0.0,0.0,0.0,0.0
2026-06-18 15:03:09,0.0,0.0,0.0,0.0,0.0,0.0,0.0,0.0,36.87560264981713,37.057965730883716,36.70024849035497,16.0,0.0,36.0,0.0,0.0,0.0,0.0,0.0,0.0,0.0,0.0,0.0,0.0,0.0
2026-06-18 15:03:10,0.0,0.0,0.0,0.0,0.0,0.0,0.0,0.0,37.03763760932674,37.35095155318818,37.08670883421975,16.0,0.0,36.0,0.0,0.0,0.0,0.0,0.0,0.0,0.0,0.0,0.0,0.0,0.0
2026-06-18 15:03:10,0.0,0.0,0.0,0.0,0.0,0.0,0.0,0.0,36.53027879256348,37.395869343760985,37.00116676377078,16.0,0.0,36.0,0.0,0.0,0.0,0.0,0.0,0.0,0.0,0.0,0.0,0.0,0.0
2026-06-18 15:03:11,0.0,0.0,0.0,0.0,0.0,0.0,0.0,0.0,36.743267834043245,37.23139774177373,36.73066674867669,16.0,0.0,36.0,0.0,0.0,0.0,0.0,0.0,0.0,0.0,0.0,0.0,0.0,0.0
2026-06-18 15:03:11,0.0,0.0,0.0,0.0,0.0,0.0,0.0,0.0,36.99098213107709,37.1950915252222,36.81348256947312,16.0,0.0,36.0,0.0,0.0,0.0,0.0,0.0,0.0,0.0,0.0,0.0,0.0,0.0
2026-06-18 15:03:12,0.0,0.0,0.0,0.0,0.0,0.0,0.0,0.0,36.81840370618157,37.008764953835936,37.11915051678552,16.0,0.0,36.0,0.0,0.0,0.0,0.0,0.0,0.0,0.0,0.0,0.0,0.0,0.0
2026-06-18 15:03:12,0.0,0.0,0.0,0.0,0.0,0.0,0.0,0.0,36.97779557791174,36.921731308765224,36.85841714454693,16.0,0.0,36.0,0.0,0.0,0.0,0.0,0.0,0.0,0.0,0.0,0.0,0.0,0.0
2026-06-18 15:03:13,0.0,0.0,0.0,0.0,0.0,0.0,0.0,0.0,36.71231760468704,37.25501479508944,37.17833719865935,16.0,0.0,36.0,0.0,0.0,0.0,0.0,0.0,0.0,0.0,0.0,0.0,0.0,0.0
2026-06-18 15:03:13,0.0,0.0,0.0,0.0,0.0,0.0,0.0,0.0,36.911107046395436,36.81399367158161,37.22112045785158,16.0,0.0,36.0,0.0,0.0,0.0,0.0,0.0,0.0,0.0,0.0,0.0,0.0,0.0
2026-06-18 15:03:14,0.0,0.0,0.0,0.0,0.0,0.0,0.0,0.0,36.53428253065241,37.24789035970924,36.91810518323014,16.0,0.0,36.0,0.0,0.0,0.0,0.0,0.0,0.0,0.0,0.0,0.0,0.0,0.0
2026-06-18 15:03:14,0.0,0.0,0.0,0.0,0.0,0.0,0.0,0.0,36.522545629330274,37.251170396470044,37.24358370843019,16.0,0.0,36.0,0.0,0.0,0.0,0.0,0.0,0.0,0.0,0.0,0.0,0.0,0.0
2026-06-18 15:03:15,0.0,0.0,0.0,0.0,0.0,0.0,0.0,0.0,36.952937359217714,37.39111521015342,36.72348805846566,16.0,0.0,36.0,0.0,0.0,0.0,0.0,0.0,0.0,0.0,0.0,0.0,0.0,0.0
2026-06-18 15:03:15,0.0,0.0,0.0,0.0,0.0,0.0,0.0,0.0,36.674516721992944,37.03820133534803,36.81427453641608,16.0,0.0,36.0,0.0,0.0,0.0,0.0,0.0,0.0,0.0,0.0,0.0,0.0,0.0
2026-06-18 15:03:16,0.0,0.0,0.0,0.0,0.0,0.0,0.0,0.0,36.79433707952356,37.220389276892455,36.74751843852701,16.0,0.0,36.0,0.0,0.0,0.0,0.0,0.0,0.0,0.0,0.0,0.0,0.0,0.0
2026-06-18 15:03:16,0.0,0.0,0.0,0.0,0.0,0.0,0.0,0.0,36.93169663249922,37.36183454089096,36.750060960545675,16.0,0.0,36.0,0.0,0.0,0.0,0.0,0.0,0.0,0.0,0.0,0.0,0.0,0.0
2026-06-18 15:03:17,0.0,0.0,0.0,0.0,0.0,0.0,0.0,0.0,36.60494397360337,36.80586230048157,36.842134663270585,16.0,0.0,36.0,0.0,0.0,0.0,0.0,0.0,0.0,0.0,0.0,0.0,0.0,0.0
2026-06-18 15:03:17,0.0,0.0,0.0,0.0,0.0,0.0,0.0,0.0,37.01475304694626,37.25406662520543,36.83903956840405,16.0,0.0,36.0,0.0,0.0,0.0,0.0,0.0,0.0,0.0,0.0,0.0,0.0,0.0
2026-06-18 15:03:18,0.0,0.0,0.0,0.0,0.0,0.0,0.0,0.0,36.70799181899568,36.99576853082603,36.908626866165804,16.0,0.0,36.0,0.0,0.0,0.0,0.0,0.0,0.0,0.0,0.0,0.0,0.0,0.0
2026-06-18 15:03:18,0.0,0.0,0.0,0.0,0.0,0.0,0.0,0.0,36.80285168019502,36.9383223571913,37.284186838967074,16.0,0.0,36.0,0.0,0.0,0.0,0.0,0.0,0.0,0.0,0.0,0.0,0.0,0.0
2026-06-18 15:03:19,0.0,0.0,0.0,0.0,0.0,0.0,0.0,0.0,36.55846365432074,37.15570609756389,36.8847549859581,16.0,0.0,36.0,0.0,0.0,0.0,0.0,0.0,0.0,0.0,0.0,0.0,0.0,0.0
2026-06-18 15:03:19,0.0,0.0,0.0,0.0,0.0,0.0,0.0,0.0,36.72570518885942,36.912409492032445,37.05568431440101,16.0,0.0,36.0,0.0,0.0,0.0,0.0,0.0,0.0,0.0,0.0,0.0,0.0,0.0
2026-06-18 15:03:20,0.0,0.0,0.0,0.0,0.0,0.0,0.0,0.0,36.58214109683084,37.10471576861357,37.2725209309512,16.0,0.0,36.0,0.0,0.0,0.0,0.0,0.0,0.0,0.0,0.0,0.0,0.0,0.0
2026-06-18 15:03:20,0.0,0.0,0.0,0.0,0.0,0.0,0.0,0.0,36.584885039309455,37.09465848153909,37.26936611307254,16.0,0.0,36.0,0.0,0.0,0.0,0.0,0.0,0.0,0.0,0.0,0.0,0.0,0.0
2026-06-18 15:03:21,0.0,0.0,0.0,0.0,0.0,0.0,0.0,0.0,36.64688599059633,37.12711170132611,37.03946035491638,16.0,0.0,36.0,0.0,0.0,0.0,0.0,0.0,0.0,0.0,0.0,0.0,0.0,0.0
2026-06-18 15:03:21,0.0,0.0,0.0,0.0,0.0,0.0,0.0,0.0,37.02885632423475,36.89305636177724,36.936516641656574,16.0,0.0,36.0,0.0,0.0,0.0,0.0,0.0,0.0,0.0,0.0,0.0,0.0,0.0
2026-06-18 15:03:22,0.0,0.0,0.0,0.0,0.0,0.0,0.0,0.0,36.83922582579661,37.08166163548553,37.00103367148714,16.0,0.0,36.0,0.0,0.0,0.0,0.0,0.0,0.0,0.0,0.0,0.0,0.0,0.0
2026-06-18 15:03:22,0.0,0.0,0.0,0.0,0.0,0.0,0.0,0.0,36.63012765868439,36.876625882719146,36.78753661308628,16.0,0.0,36.0,0.0,0.0,0.0,0.0,0.0,0.0,0.0,0.0,0.0,0.0,0.0
2026-06-18 15:03:23,0.0,0.0,0.0,0.0,0.0,0.0,0.0,0.0,36.78117475245678,37.22471692645114,36.862002300089244,16.0,0.0,36.0,0.0,0.0,0.0,0.0,0.0,0.0,0.0,0.0,0.0,0.0,0.0
2026-06-18 15:03:23,0.0,0.0,0.0,0.0,0.0,0.0,0.0,0.0,36.62666808338954,37.32502700201231,37.263602171823344,16.0,0.0,36.0,0.0,0.0,0.0,0.0,0.0,0.0,0.0,0.0,0.0,0.0,0.0
2026-06-18 15:03:24,0.0,0.0,0.0,0.0,0.0,0.0,0.0,0.0,36.90801274302679,37.3051875534366,37.249448441479466,16.0,0.0,36.0,0.0,0.0,0.0,0.0,0.0,0.0,0.0,0.0,0.0,0.0,0.0
2026-06-18 15:03:24,0.0,0.0,0.0,0.0,0.0,0.0,0.0,0.0,36.82083796195932,36.94150765063218,37.183951977686505,16.0,0.0,36.0,0.0,0.0,0.0,0.0,0.0,0.0,0.0,0.0,0.0,0.0,0.0
2026-06-18 15:03:25,0.0,0.0,0.0,0.0,0.0,0.0,0.0,0.0,37.00315636249054,37.106056271278476,37.163237807553735,15.0,0.0,36.0,0.0,0.0,0.0,0.0,0.0,0.0,0.0,0.0,0.0,0.0,0.0
2026-06-18 15:03:25,0.0,0.0,0.0,0.0,0.0,0.0,0.0,0.0,37.000961198696835,37.071620944690004,36.713398362357275,15.0,0.0,36.0,0.0,0.0,0.0,0.0,0.0,0.0,0.0,0.0,0.0,0.0,0.0
2026-06-18 15:03:26,0.0,0.0,0.0,0.0,0.0,0.0,0.0,0.0,36.96589654578623,37.346477332917644,37.03326405535968,15.0,0.0,36.0,0.0,0.0,0.0,0.0,0.0,0.0,0.0,0.0,0.0,0.0,0.0
2026-06-18 15:03:26,0.0,0.0,0.0,0.0,0.0,0.0,0.0,0.0,37.03371617419512,37.02094659835044,36.75608291677853,15.0,0.0,36.0,0.0,0.0,0.0,0.0,0.0,0.0,0.0,0.0,0.0,0.0,0.0
2026-06-18 15:03:27,0.0,0.0,0.0,0.0,0.0,0.0,0.0,0.0,36.841711888172455,37.16167046037674,36.89555812720629,15.0,0.0,36.0,0.0,0.0,0.0,0.0,0.0,0.0,0.0,0.0,0.0,0.0,0.0
2026-06-18 15:03:27,0.0,0.0,0.0,0.0,0.0,0.0,0.0,0.0,36.859364441923844,37.00764285910892,37.04065525304824,15.0,0.0,36.0,0.0,0.0,0.0,0.0,0.0,0.0,0.0,0.0,0.0,0.0,0.0
2026-06-18 15:03:28,0.0,0.0,0.0,0.0,0.0,0.0,0.0,0.0,36.623980996165876,36.9012076659669,36.762380082805976,15.0,0.0,36.0,0.0,0.0,0.0,0.0,0.0,0.0,0.0,0.0,0.0,0.0,0.0
2026-06-18 15:03:28,0.0,0.0,0.0,0.0,0.0,0.0,0.0,0.0,36.8807495174762,37.33185397336069,37.23644503099226,15.0,0.0,36.0,0.0,0.0,0.0,0.0,0.0,0.0,0.0,0.0,0.0,0.0,0.0
2026-06-18 15:03:29,0.0,0.0,0.0,0.0,0.0,0.0,0.0,0.0,36.54964030790394,37.39581336890489,37.038422322547596,15.0,0.0,36.0,0.0,0.0,0.0,0.0,0.0,0.0,0.0,0.0,0.0,0.0,0.0
2026-06-18 15:03:29,0.0,0.0,0.0,0.0,0.0,0.0,0.0,0.0,36.659117464054646,37.34896199271584,36.7472160096579,15.0,0.0,36.0,0.0,0.0,0.0,0.0,0.0,0.0,0.0,0.0,0.0,0.0,0.0
2026-06-18 15:03:30,0.0,0.0,0.0,0.0,0.0,0.0,0.0,0.0,37.00875624119138,37.02546578967679,37.18044820055177,15.0,0.0,36.0,0.0,0.0,0.0,0.0,0.0,0.0,0.0,0.0,0.0,0.0,0.0
2026-06-18 15:03:30,0.0,0.0,0.0,0.0,0.0,0.0,0.0,0.0,37.00884300506546,36.97486271810688,37.19910449397758,15.0,0.0,36.0,0.0,0.0,0.0,0.0,0.0,0.0,0.0,0.0,0.0,0.0,0.0
2026-06-18 15:03:31,0.0,0.0,0.0,0.0,0.0,0.0,0.0,0.0,36.91461510385835,36.888205173034706,37.01449845648529,15.0,0.0,36.0,0.0,0.0,0.0,0.0,0.0,0.0,0.0,0.0,0.0,0.0,0.0
2026-06-18 15:03:31,0.0,0.0,0.0,0.0,0.0,0.0,0.0,0.0,36.62904701106608,37.17795987069529,36.80881126955525,15.0,0.0,36.0,0.0,0.0,0.0,0.0,0.0,0.0,0.0,0.0,0.0,0.0,0.0
2026-06-18 15:03:32,0.0,0.0,0.0,0.0,0.0,0.0,0.0,0.0,36.646122024394515,37.017280580814905,36.70946869793311,15.0,0.0,36.0,0.0,0.0,0.0,0.0,0.0,0.0,0.0,0.0,0.0,0.0,0.0
2026-06-18 15:03:32,0.0,0.0,0.0,0.0,0.0,0.0,0.0,0.0,37.080653837533035,37.19569241399372,36.90463785344216,15.0,0.0,36.0,0.0,0.0,0.0,0.0,0.0,0.0,0.0,0.0,0.0,0.0,0.0
2026-06-18 15:03:33,0.0,0.0,0.0,0.0,0.0,0.0,0.0,0.0,36.836292715562536,37.0941781918465,37.21436166159004,15.0,0.0,36.0,0.0,0.0,0.0,0.0,0.0,0.0,0.0,0.0,0.0,0.0,0.0
2026-06-18 15:03:33,0.0,0.0,0.0,0.0,0.0,0.0,0.0,0.0,37.07984846476005,37.30923245895646,37.2498685039563,15.0,0.0,36.0,0.0,0.0,0.0,0.0,0.0,0.0,0.0,0.0,0.0,0.0,0.0
2026-06-18 15:03:34,0.0,0.0,0.0,0.0,0.0,0.0,0.0,0.0,36.83569355440697,37.152971148739375,37.05928406703282,15.0,0.0,36.0,0.0,0.0,0.0,0.0,0.0,0.0,0.0,0.0,0.0,0.0,0.0
2026-06-18 15:03:34,0.0,0.0,0.0,0.0,0.0,0.0,0.0,0.0,36.96926456374341,37.154172750618734,37.273809197386164,15.0,0.0,36.0,0.0,0.0,0.0,0.0,0.0,0.0,0.0,0.0,0.0,0.0,0.0
2026-06-18 15:03:35,0.0,0.0,0.0,0.0,0.0,0.0,0.0,0.0,37.09988412175087,36.872546197381396,37.12382645551431,15.0,0.0,36.0,0.0,0.0,0.0,0.0,0.0,0.0,0.0,0.0,0.0,0.0,0.0
2026-06-18 15:03:35,0.0,0.0,0.0,0.0,0.0,0.0,0.0,0.0,36.932869223239294,37.16263287045762,36.9040916583833,15.0,0.0,36.0,0.0,0.0,0.0,0.0,0.0,0.0,0.0,0.0,0.0,0.0,0.0
2026-06-18 15:03:36,0.0,0.0,0.0,0.0,0.0,0.0,0.0,0.0,36.95285729565839,37.37216465839867,37.20714779167987,15.0,0.0,36.0,0.0,0.0,0.0,0.0,0.0,0.0,0.0,0.0,0.0,0.0,0.0
2026-06-18 15:03:36,0.0,0.0,0.0,0.0,0.0,0.0,0.0,0.0,36.653430868245756,37.21881776297482,36.83955065979247,15.0,0.0,36.0,0.0,0.0,0.0,0.0,0.0,0.0,0.0,0.0,0.0,0.0,0.0
2026-06-18 15:03:37,0.0,0.0,0.0,0.0,0.0,0.0,0.0,0.0,37.06302319355526,37.268674667010906,37.218453227247046,15.0,0.0,36.0,0.0,0.0,0.0,0.0,0.0,0.0,0.0,0.0,0.0,0.0,0.0
2026-06-18 15:03:37,0.0,0.0,0.0,0.0,0.0,0.0,0.0,0.0,36.5227823244927,37.357815341218235,36.843806169433364,15.0,0.0,36.0,0.0,0.0,0.0,0.0,0.0,0.0,0.0,0.0,0.0,0.0,0.0
2026-06-18 15:03:38,0.0,0.0,0.0,0.0,0.0,0.0,0.0,0.0,37.092468508923034,36.862478602814846,37.17518782364098,15.0,0.0,36.0,0.0,0.0,0.0,0.0,0.0,0.0,0.0,0.0,0.0,0.0,0.0
2026-06-18 15:03:38,0.0,0.0,0.0,0.0,0.0,0.0,0.0,0.0,36.974237103577615,36.879911209923264,37.06087765368122,15.0,0.0,36.0,0.0,0.0,0.0,0.0,0.0,0.0,0.0,0.0,0.0,0.0,0.0
2026-06-18 15:03:39,0.0,0.0,0.0,0.0,0.0,0.0,0.0,0.0,36.777110895273736,36.914963048193215,37.209087680644934,15.0,0.0,36.0,0.0,0.0,0.0,0.0,0.0,0.0,0.0,0.0,0.0,0.0,0.0
2026-06-18 15:03:39,0.0,0.0,0.0,0.0,0.0,0.0,0.0,0.0,37.026133527626186,37.24640401240192,37.09196206355049,15.0,0.0,36.0,0.0,0.0,0.0,0.0,0.0,0.0,0.0,0.0,0.0,0.0,0.0
2026-06-18 15:03:40,0.0,0.0,0.0,0.0,0.0,0.0,0.0,0.0,37.08743418538136,37.26051682912666,36.786008710062404,15.0,0.0,36.0,0.0,0.0,0.0,0.0,0.0,0.0,0.0,0.0,0.0,0.0,0.0
2026-06-18 15:03:40,0.0,0.0,0.0,0.0,0.0,0.0,0.0,0.0,36.66291364053412,37.04877114828992,37.28034072215697,15.0,0.0,36.0,0.0,0.0,0.0,0.0,0.0,0.0,0.0,0.0,0.0,0.0,0.0
2026-06-18 15:03:41,0.0,0.0,0.0,0.0,0.0,0.0,0.0,0.0,36.55116981658385,36.949090230810945,36.94928225590572,15.0,0.0,36.0,0.0,0.0,0.0,0.0,0.0,0.0,0.0,0.0,0.0,0.0,0.0
2026-06-18 15:03:41,0.0,0.0,0.0,0.0,0.0,0.0,0.0,0.0,36.72495774735326,37.113107664333135,37.19492282611702,15.0,0.0,36.0,0.0,0.0,0.0,0.0,0.0,0.0,0.0,0.0,0.0,0.0,0.0
2026-06-18 15:03:42,0.0,0.0,0.0,0.0,0.0,0.0,0.0,0.0,36.9494473842132,37.08057336228259,37.23619855544865,15.0,0.0,36.0,0.0,0.0,0.0,0.0,0.0,0.0,0.0,0.0,0.0,0.0,0.0
2026-06-18 15:03:42,0.0,0.0,0.0,0.0,0.0,0.0,0.0,0.0,36.56320004584509,37.20671088491839,37.18846596104513,15.0,0.0,36.0,0.0,0.0,0.0,0.0,0.0,0.0,0.0,0.0,0.0,0.0,0.0
2026-06-18 15:03:43,0.0,0.0,0.0,0.0,0.0,0.0,0.0,0.0,36.92598759159028,36.95263403665632,37.29066433498751,15.0,0.0,36.0,0.0,0.0,0.0,0.0,0.0,0.0,0.0,0.0,0.0,0.0,0.0
2026-06-18 15:03:43,0.0,0.0,0.0,0.0,0.0,0.0,0.0,0.0,36.71353945931829,37.20696427961116,36.80943028284125,15.0,0.0,36.0,0.0,0.0,0.0,0.0,0.0,0.0,0.0,0.0,0.0,0.0,0.0
2026-06-18 15:03:44,0.0,0.0,0.0,0.0,0.0,0.0,0.0,0.0,36.786294141230094,37.01695649341179,37.250319775775374,15.0,0.0,36.0,0.0,0.0,0.0,0.0,0.0,0.0,0.0,0.0,0.0,0.0,0.0
2026-06-18 15:03:44,0.0,0.0,0.0,0.0,0.0,0.0,0.0,0.0,36.93264306192493,37.1403048080401,36.73646616935342,15.0,0.0,36.0,0.0,0.0,0.0,0.0,0.0,0.0,0.0,0.0,0.0,0.0,0.0
2026-06-18 15:03:45,0.0,0.0,0.0,0.0,0.0,0.0,0.0,0.0,37.015048485390885,37.05882660354379,37.064388376598394,15.0,0.0,36.0,0.0,0.0,0.0,0.0,0.0,0.0,0.0,0.0,0.0,0.0,0.0
2026-06-18 15:03:45,0.0,0.0,0.0,0.0,0.0,0.0,0.0,0.0,36.800852786883276,36.954072790385105,36.88247684914206,15.0,0.0,36.0,0.0,0.0,0.0,0.0,0.0,0.0,0.0,0.0,0.0,0.0,0.0
2026-06-18 15:03:46,0.0,0.0,0.0,0.0,0.0,0.0,0.0,0.0,36.59757534568279,37.03736654481424,37.27160035966184,15.0,0.0,36.0,0.0,0.0,0.0,0.0,0.0,0.0,0.0,0.0,0.0,0.0,0.0
2026-06-18 15:03:46,0.0,0.0,0.0,0.0,0.0,0.0,0.0,0.0,36.98703227878324,36.8072122049868,37.03833787421481,15.0,0.0,36.0,0.0,0.0,0.0,0.0,0.0,0.0,0.0,0.0,0.0,0.0,0.0
2026-06-18 15:03:47,0.0,0.0,0.0,0.0,0.0,0.0,0.0,0.0,36.737850170058195,37.17260975838474,36.95989881983796,15.0,0.0,36.0,0.0,0.0,0.0,0.0,0.0,0.0,0.0,0.0,0.0,0.0,0.0
2026-06-18 15:03:47,0.0,0.0,0.0,0.0,0.0,0.0,0.0,0.0,36.9620946497526,37.19244575455762,36.91282551882897,15.0,0.0,36.0,0.0,0.0,0.0,0.0,0.0,0.0,0.0,0.0,0.0,0.0,0.0
2026-06-18 15:03:48,0.0,0.0,0.0,0.0,0.0,0.0,0.0,0.0,37.09650893522772,36.98022876917308,36.92590870658991,15.0,0.0,36.0,0.0,0.0,0.0,0.0,0.0,0.0,0.0,0.0,0.0,0.0,0.0
2026-06-18 15:03:48,0.0,0.0,0.0,0.0,0.0,0.0,0.0,0.0,37.03648636175423,36.85340893839286,36.78092305207731,15.0,0.0,36.0,0.0,0.0,0.0,0.0,0.0,0.0,0.0,0.0,0.0,0.0,0.0
2026-06-18 15:03:49,0.0,0.0,0.0,0.0,0.0,0.0,0.0,0.0,36.76115393856397,37.39332863908349,36.811025552343345,15.0,0.0,36.0,0.0,0.0,0.0,0.0,0.0,0.0,0.0,0.0,0.0,0.0,0.0
2026-06-18 15:03:49,0.0,0.0,0.0,0.0,0.0,0.0,0.0,0.0,36.74611900736593,37.07336001228754,37.202374597409325,15.0,0.0,36.0,0.0,0.0,0.0,0.0,0.0,0.0,0.0,0.0,0.0,0.0,0.0
2026-06-18 15:03:50,0.0,0.0,0.0,0.0,0.0,0.0,0.0,0.0,36.91150032527767,37.122602241649375,36.978166345824654,15.0,0.0,36.0,0.0,0.0,0.0,0.0,0.0,0.0,0.0,0.0,0.0,0.0,0.0
2026-06-18 15:03:50,0.0,0.0,0.0,0.0,0.0,0.0,0.0,0.0,36.90360560340509,37.05011758585628,36.77842809365948,15.0,0.0,36.0,0.0,0.0,0.0,0.0,0.0,0.0,0.0,0.0,0.0,0.0,0.0
2026-06-18 15:03:51,0.0,0.0,0.0,0.0,0.0,0.0,0.0,0.0,36.752744673678535,37.28815793830984,36.739976986386836,15.0,0.0,36.0,0.0,0.0,0.0,0.0,0.0,0.0,0.0,0.0,0.0,0.0,0.0
2026-06-18 15:03:51,0.0,0.0,0.0,0.0,0.0,0.0,0.0,0.0,36.95729912327136,36.98927315052767,36.86696000656553,15.0,0.0,36.0,0.0,0.0,0.0,0.0,0.0,0.0,0.0,0.0,0.0,0.0,0.0
2026-06-18 15:03:52,0.0,0.0,0.0,0.0,0.0,0.0,0.0,0.0,36.74431332191247,37.07810413930488,37.08243411376356,15.0,0.0,36.0,0.0,0.0,0.0,0.0,0.0,0.0,0.0,0.0,0.0,0.0,0.0
2026-06-18 15:03:52,0.0,0.0,0.0,0.0,0.0,0.0,0.0,0.0,36.962792001662336,37.02642205363366,37.25679221035737,15.0,0.0,36.0,0.0,0.0,0.0,0.0,0.0,0.0,0.0,0.0,0.0,0.0,0.0
2026-06-18 15:03:53,0.0,0.0,0.0,0.0,0.0,0.0,0.0,0.0,36.8397424713461,37.272476202569074,36.907707013310876,15.0,0.0,36.0,0.0,0.0,0.0,0.0,0.0,0.0,0.0,0.0,0.0,0.0,0.0
2026-06-18 15:03:53,0.0,0.0,0.0,0.0,0.0,0.0,0.0,0.0,36.88791580128513,36.9796703256895,37.234358578295854,15.0,0.0,36.0,0.0,0.0,0.0,0.0,0.0,0.0,0.0,0.0,0.0,0.0,0.0
2026-06-18 15:03:54,0.0,0.0,0.0,0.0,0.0,0.0,0.0,0.0,36.76216295818604,36.81101243844823,36.924922091473256,15.0,0.0,36.0,0.0,0.0,0.0,0.0,0.0,0.0,0.0,0.0,0.0,0.0,0.0
2026-06-18 15:03:54,0.0,0.0,0.0,0.0,0.0,0.0,0.0,0.0,36.65849276987142,37.31013520503842,37.01521501483954,15.0,0.0,36.0,0.0,0.0,0.0,0.0,0.0,0.0,0.0,0.0,0.0,0.0,0.0
2026-06-18 15:03:55,0.0,0.0,0.0,0.0,0.0,0.0,0.0,0.0,36.51356051131597,36.87070791159704,37.28423659230171,15.0,0.0,36.0,0.0,0.0,0.0,0.0,0.0,0.0,0.0,0.0,0.0,0.0,0.0
2026-06-18 15:03:55,0.0,0.0,0.0,0.0,0.0,0.0,0.0,0.0,36.94551431725022,36.83217617116769,36.76785285584361,15.0,0.0,36.0,0.0,0.0,0.0,0.0,0.0,0.0,0.0,0.0,0.0,0.0,0.0
2026-06-18 15:03:56,0.0,0.0,0.0,0.0,0.0,0.0,0.0,0.0,36.673947398516695,37.36069094658884,37.215892011339804,15.0,0.0,36.0,0.0,0.0,0.0,0.0,0.0,0.0,0.0,0.0,0.0,0.0,0.0
2026-06-18 15:03:56,0.0,0.0,0.0,0.0,0.0,0.0,0.0,0.0,36.948401453991494,37.098457761604784,37.00416765262789,15.0,0.0,36.0,0.0,0.0,0.0,0.0,0.0,0.0,0.0,0.0,0.0,0.0,0.0
2026-06-18 15:03:57,0.0,0.0,0.0,0.0,0.0,0.0,0.0,0.0,36.91144947559249,37.23040303904528,37.23356995386987,15.0,0.0,36.0,0.0,0.0,0.0,0.0,0.0,0.0,0.0,0.0,0.0,0.0,0.0
2026-06-18 15:03:57,0.0,0.0,0.0,0.0,0.0,0.0,0.0,0.0,36.96413606799792,37.17352830838599,37.00565404723681,15.0,0.0,36.0,0.0,0.0,0.0,0.0,0.0,0.0,0.0,0.0,0.0,0.0,0.0
2026-06-18 15:03:58,0.0,0.0,0.0,0.0,0.0,0.0,0.0,0.0,37.01231427687195,36.91596605396469,37.1445857699557,15.0,0.0,36.0,0.0,0.0,0.0,0.0,0.0,0.0,0.0,0.0,0.0,0.0,0.0
2026-06-18 15:03:58,0.0,0.0,0.0,0.0,0.0,0.0,0.0,0.0,36.90620110759942,36.933072888013285,36.96289699599225,15.0,0.0,36.0,0.0,0.0,0.0,0.0,0.0,0.0,0.0,0.0,0.0,0.0,0.0
2026-06-18 15:03:59,0.0,0.0,0.0,0.0,0.0,0.0,0.0,0.0,37.09604224616495,37.30614467005249,36.96826817715978,15.0,0.0,36.0,0.0,0.0,0.0,0.0,0.0,0.0,0.0,0.0,0.0,0.0,0.0
2026-06-18 15:03:59,0.0,0.0,0.0,0.0,0.0,0.0,0.0,0.0,36.69707837055144,36.80412741176607,37.22455926354932,15.0,0.0,36.0,0.0,0.0,0.0,0.0,0.0,0.0,0.0,0.0,0.0,0.0,0.0
2026-06-18 15:04:00,0.0,0.0,0.0,0.0,0.0,0.0,0.0,0.0,36.878390086647464,37.13539018092728,36.90370456763805,15.0,0.0,36.0,0.0,0.0,0.0,0.0,0.0,0.0,0.0,0.0,0.0,0.0,0.0
2026-06-18 15:04:00,0.0,0.0,0.0,0.0,0.0,0.0,0.0,0.0,36.861457898193784,36.99301587073122,36.87330523110081,15.0,0.0,36.0,0.0,0.0,0.0,0.0,0.0,0.0,0.0,0.0,0.0,0.0,0.0
2026-06-18 15:04:01,0.0,0.0,0.0,0.0,0.0,0.0,0.0,0.0,36.65603845066281,37.204185920897004,37.17817410643973,15.0,0.0,36.0,0.0,0.0,0.0,0.0,0.0,0.0,0.0,0.0,0.0,0.0,0.0
2026-06-18 15:04:01,0.0,0.0,0.0,0.0,0.0,0.0,0.0,0.0,36.89822813994771,37.0021660914826,37.29089430503113,15.0,0.0,36.0,0.0,0.0,0.0,0.0,0.0,0.0,0.0,0.0,0.0,0.0,0.0
2026-06-18 15:04:02,0.0,0.0,0.0,0.0,0.0,0.0,0.0,0.0,36.98442451516463,37.21487209830979,36.86565217486719,15.0,0.0,36.0,0.0,0.0,0.0,0.0,0.0,0.0,0.0,0.0,0.0,0.0,0.0
2026-06-18 15:04:02,0.0,0.0,0.0,0.0,0.0,0.0,0.0,0.0,36.63845506164318,37.33810812271037,36.71402029266671,15.0,0.0,36.0,0.0,0.0,0.0,0.0,0.0,0.0,0.0,0.0,0.0,0.0,0.0
2026-06-18 15:04:03,0.0,0.0,0.0,0.0,0.0,0.0,0.0,0.0,36.68685360264004,37.305643245431305,36.939079830408204,15.0,0.0,36.0,0.0,0.0,0.0,0.0,0.0,0.0,0.0,0.0,0.0,0.0,0.0
2026-06-18 15:04:03,0.0,0.0,0.0,0.0,0.0,0.0,0.0,0.0,36.95377076616,37.24305812745505,37.04439204775791,15.0,0.0,36.0,0.0,0.0,0.0,0.0,0.0,0.0,0.0,0.0,0.0,0.0,0.0
2026-06-18 15:04:04,0.0,0.0,0.0,0.0,0.0,0.0,0.0,0.0,36.924886012936774,37.08217090456932,37.04417633371995,15.0,0.0,36.0,0.0,0.0,0.0,0.0,0.0,0.0,0.0,0.0,0.0,0.0,0.0
2026-06-18 15:04:04,0.0,0.0,0.0,0.0,0.0,0.0,0.0,0.0,36.84907423334,37.353813762076356,37.03564693967176,15.0,0.0,36.0,0.0,0.0,0.0,0.0,0.0,0.0,0.0,0.0,0.0,0.0,0.0
2026-06-18 15:04:05,0.0,0.0,0.0,0.0,0.0,0.0,0.0,0.0,36.75618339216068,37.30097840426985,36.86440017826175,15.0,0.0,36.0,0.0,0.0,0.0,0.0,0.0,0.0,0.0,0.0,0.0,0.0,0.0
2026-06-18 15:04:05,0.0,0.0,0.0,0.0,0.0,0.0,0.0,0.0,36.7191915504757,36.85216316523866,37.24312240446848,15.0,0.0,36.0,0.0,0.0,0.0,0.0,0.0,0.0,0.0,0.0,0.0,0.0,0.0
2026-06-18 15:04:06,0.0,0.0,0.0,0.0,0.0,0.0,0.0,0.0,37.08743870401417,37.369273580548466,37.20367481628035,15.0,0.0,36.0,0.0,0.0,0.0,0.0,0.0,0.0,0.0,0.0,0.0,0.0,0.0
2026-06-18 15:04:06,0.0,0.0,0.0,0.0,0.0,0.0,0.0,0.0,37.06802029813282,37.34912767099051,37.07766950306945,15.0,0.0,36.0,0.0,0.0,0.0,0.0,0.0,0.0,0.0,0.0,0.0,0.0,0.0
2026-06-18 15:04:07,0.0,0.0,0.0,0.0,0.0,0.0,0.0,0.0,36.73928044228139,37.124510278438414,36.90395331745544,15.0,0.0,36.0,0.0,0.0,0.0,0.0,0.0,0.0,0.0,0.0,0.0,0.0,0.0
2026-06-18 15:04:07,0.0,0.0,0.0,0.0,0.0,0.0,0.0,0.0,36.65897419406059,36.95517122044605,37.258574256186826,15.0,0.0,36.0,0.0,0.0,0.0,0.0,0.0,0.0,0.0,0.0,0.0,0.0,0.0
2026-06-18 15:04:08,0.0,0.0,0.0,0.0,0.0,0.0,0.0,0.0,36.60389291507151,37.3215338631104,36.89116643348907,15.0,0.0,36.0,0.0,0.0,0.0,0.0,0.0,0.0,0.0,0.0,0.0,0.0,0.0
2026-06-18 15:04:08,0.0,0.0,0.0,0.0,0.0,0.0,0.0,0.0,36.594209424362575,37.127522086578324,36.84804757513885,15.0,0.0,36.0,0.0,0.0,0.0,0.0,0.0,0.0,0.0,0.0,0.0,0.0,0.0
2026-06-18 15:04:09,0.0,0.0,0.0,0.0,0.0,0.0,0.0,0.0,37.042747182182836,36.916018350679494,36.76426254436638,15.0,0.0,36.0,0.0,0.0,0.0,0.0,0.0,0.0,0.0,0.0,0.0,0.0,0.0
2026-06-18 15:04:09,0.0,0.0,0.0,0.0,0.0,0.0,0.0,0.0,36.62114516396754,37.14396317040253,36.83981880588343,15.0,0.0,36.0,0.0,0.0,0.0,0.0,0.0,0.0,0.0,0.0,0.0,0.0,0.0
2026-06-18 15:04:10,0.0,0.0,0.0,0.0,0.0,0.0,0.0,0.0,36.64969909649613,37.04091367493801,37.19362776681253,15.0,0.0,36.0,0.0,0.0,0.0,0.0,0.0,0.0,0.0,0.0,0.0,0.0,0.0
2026-06-18 15:04:10,0.0,0.0,0.0,0.0,0.0,0.0,0.0,0.0,36.646191121214656,37.08716539317077,37.228695632686616,15.0,0.0,36.0,0.0,0.0,0.0,0.0,0.0,0.0,0.0,0.0,0.0,0.0,0.0
2026-06-18 15:04:11,0.0,0.0,0.0,0.0,0.0,0.0,0.0,0.0,36.80302504421692,37.3744406351097,36.73439650473395,15.0,0.0,36.0,0.0,0.0,0.0,0.0,0.0,0.0,0.0,0.0,0.0,0.0,0.0
2026-06-18 15:04:11,0.0,0.0,0.0,0.0,0.0,0.0,0.0,0.0,37.08133502996121,36.88703473593634,37.00654734203087,15.0,0.0,36.0,0.0,0.0,0.0,0.0,0.0,0.0,0.0,0.0,0.0,0.0,0.0
2026-06-18 15:04:12,0.0,0.0,0.0,0.0,0.0,0.0,0.0,0.0,36.91960240075093,37.339922035815526,37.259760879461325,15.0,0.0,36.0,0.0,0.0,0.0,0.0,0.0,0.0,0.0,0.0,0.0,0.0,0.0
2026-06-18 15:04:12,0.0,0.0,0.0,0.0,0.0,0.0,0.0,0.0,36.97679727045821,36.89525456871233,36.709842426865926,15.0,0.0,36.0,0.0,0.0,0.0,0.0,0.0,0.0,0.0,0.0,0.0,0.0,0.0
2026-06-18 15:04:13,0.0,0.0,0.0,0.0,0.0,0.0,0.0,0.0,36.639430793687794,36.9716007475323,36.952237871031386,15.0,0.0,36.0,0.0,0.0,0.0,0.0,0.0,0.0,0.0,0.0,0.0,0.0,0.0
2026-06-18 15:04:13,0.0,0.0,0.0,0.0,0.0,0.0,0.0,0.0,37.06662359573566,37.30905117235456,37.12520680496938,15.0,0.0,36.0,0.0,0.0,0.0,0.0,0.0,0.0,0.0,0.0,0.0,0.0,0.0
2026-06-18 15:04:14,0.0,0.0,0.0,0.0,0.0,0.0,0.0,0.0,36.540671023757206,36.84753937085232,37.295080749768786,15.0,0.0,36.0,0.0,0.0,0.0,0.0,0.0,0.0,0.0,0.0,0.0,0.0,0.0
2026-06-18 15:04:14,0.0,0.0,0.0,0.0,0.0,0.0,0.0,0.0,36.96249162407307,36.82933528683279,37.23464620496375,15.0,0.0,36.0,0.0,0.0,0.0,0.0,0.0,0.0,0.0,0.0,0.0,0.0,0.0
2026-06-18 15:04:15,0.0,0.0,0.0,0.0,0.0,0.0,0.0,0.0,36.701784458071174,37.36602752672763,36.949685651602564,15.0,0.0,36.0,0.0,0.0,0.0,0.0,0.0,0.0,0.0,0.0,0.0,0.0,0.0
2026-06-18 15:04:15,0.0,0.0,0.0,0.0,0.0,0.0,0.0,0.0,36.645003909258385,36.94653159207292,37.18591091838884,15.0,0.0,36.0,0.0,0.0,0.0,0.0,0.0,0.0,0.0,0.0,0.0,0.0,0.0
2026-06-18 15:04:16,0.0,0.0,0.0,0.0,0.0,0.0,0.0,0.0,36.81350163186672,37.35240183162127,36.75777904819662,15.0,0.0,36.0,0.0,0.0,0.0,0.0,0.0,0.0,0.0,0.0,0.0,0.0,0.0
2026-06-18 15:04:16,0.0,0.0,0.0,0.0,0.0,0.0,0.0,0.0,36.63295454577698,37.384466980824826,36.79182221968252,15.0,0.0,36.0,0.0,0.0,0.0,0.0,0.0,0.0,0.0,0.0,0.0,0.0,0.0
2026-06-18 15:04:17,0.0,0.0,0.0,0.0,0.0,0.0,0.0,0.0,37.023814695673224,37.0601602039099,36.9945053991281,15.0,0.0,36.0,0.0,0.0,0.0,0.0,0.0,0.0,0.0,0.0,0.0,0.0,0.0
2026-06-18 15:04:17,0.0,0.0,0.0,0.0,0.0,0.0,0.0,0.0,37.02621695977254,37.33163488381221,37.28425375459904,15.0,0.0,36.0,0.0,0.0,0.0,0.0,0.0,0.0,0.0,0.0,0.0,0.0,0.0
2026-06-18 15:04:18,0.0,0.0,0.0,0.0,0.0,0.0,0.0,0.0,36.895853761314505,37.224497822744055,37.093659084022725,15.0,0.0,36.0,0.0,0.0,0.0,0.0,0.0,0.0,0.0,0.0,0.0,0.0,0.0
2026-06-18 15:04:18,0.0,0.0,0.0,0.0,0.0,0.0,0.0,0.0,36.57001560783292,37.123815033556795,37.228074529597755,15.0,0.0,36.0,0.0,0.0,0.0,0.0,0.0,0.0,0.0,0.0,0.0,0.0,0.0
2026-06-18 15:04:19,0.0,0.0,0.0,0.0,0.0,0.0,0.0,0.0,36.504011711214574,37.200017517162784,36.730314535474356,15.0,0.0,36.0,0.0,0.0,0.0,0.0,0.0,0.0,0.0,0.0,0.0,0.0,0.0
2026-06-18 15:04:19,0.0,0.0,0.0,0.0,0.0,0.0,0.0,0.0,36.89755992116913,37.30232642726115,36.78668645329783,15.0,0.0,36.0,0.0,0.0,0.0,0.0,0.0,0.0,0.0,0.0,0.0,0.0,0.0
2026-06-18 15:04:20,0.0,0.0,0.0,0.0,0.0,0.0,0.0,0.0,37.00592737605192,37.006482958746595,36.87897732087879,15.0,0.0,36.0,0.0,0.0,0.0,0.0,0.0,0.0,0.0,0.0,0.0,0.0,0.0
2026-06-18 15:04:20,0.0,0.0,0.0,0.0,0.0,0.0,0.0,0.0,36.73912235568784,37.03588720563874,36.77200416826083,15.0,0.0,36.0,0.0,0.0,0.0,0.0,0.0,0.0,0.0,0.0,0.0,0.0,0.0
2026-06-18 15:04:21,0.0,0.0,0.0,0.0,0.0,0.0,0.0,0.0,36.92309836722341,37.28355687739169,37.107977054694004,15.0,0.0,36.0,0.0,0.0,0.0,0.0,0.0,0.0,0.0,0.0,0.0,0.0,0.0
2026-06-18 15:04:21,0.0,0.0,0.0,0.0,0.0,0.0,0.0,0.0,36.911592511861514,37.19170736779975,37.0560924416737,15.0,0.0,36.0,0.0,0.0,0.0,0.0,0.0,0.0,0.0,0.0,0.0,0.0,0.0
2026-06-18 15:04:22,0.0,0.0,0.0,0.0,0.0,0.0,0.0,0.0,36.93788633863558,37.35031337634963,36.88551439089041,15.0,0.0,36.0,0.0,0.0,0.0,0.0,0.0,0.0,0.0,0.0,0.0,0.0,0.0
2026-06-18 15:04:22,0.0,0.0,0.0,0.0,0.0,0.0,0.0,0.0,36.672497865828554,37.16675335300344,37.147294665437265,15.0,0.0,36.0,0.0,0.0,0.0,0.0,0.0,0.0,0.0,0.0,0.0,0.0,0.0
2026-06-18 15:04:23,0.0,0.0,0.0,0.0,0.0,0.0,0.0,0.0,36.76298231376054,37.192508625256444,37.29909344272813,15.0,0.0,36.0,0.0,0.0,0.0,0.0,0.0,0.0,0.0,0.0,0.0,0.0,0.0
2026-06-18 15:04:23,0.0,0.0,0.0,0.0,0.0,0.0,0.0,0.0,36.563160913188646,37.17389997363846,36.89854778518158,15.0,0.0,36.0,0.0,0.0,0.0,0.0,0.0,0.0,0.0,0.0,0.0,0.0,0.0
2026-06-18 15:04:24,0.0,0.0,0.0,0.0,0.0,0.0,0.0,0.0,36.730472894722894,37.261867759296344,37.110733999403244,15.0,0.0,36.0,0.0,0.0,0.0,0.0,0.0,0.0,0.0,0.0,0.0,0.0,0.0
2026-06-18 15:04:24,0.0,0.0,0.0,0.0,0.0,0.0,0.0,0.0,36.59233583889885,37.39942197960007,36.72013977208843,15.0,0.0,36.0,0.0,0.0,0.0,0.0,0.0,0.0,0.0,0.0,0.0,0.0,0.0
2026-06-18 15:04:25,0.0,0.0,0.0,0.0,0.0,0.0,0.0,0.0,36.72859726888777,36.96225875870454,37.16783424261855,15.0,0.0,36.0,0.0,0.0,0.0,0.0,0.0,0.0,0.0,0.0,0.0,0.0,0.0
2026-06-18 15:04:25,0.0,0.0,0.0,0.0,0.0,0.0,0.0,0.0,36.88178207374488,37.24815772802294,37.2136755478537,15.0,0.0,36.0,0.0,0.0,0.0,0.0,0.0,0.0,0.0,0.0,0.0,0.0,0.0
2026-06-18 15:04:26,0.0,0.0,0.0,0.0,0.0,0.0,0.0,0.0,36.82708934491108,37.060291153517156,36.75418498613121,15.0,0.0,36.0,0.0,0.0,0.0,0.0,0.0,0.0,0.0,0.0,0.0,0.0,0.0
2026-06-18 15:04:26,0.0,0.0,0.0,0.0,0.0,0.0,0.0,0.0,36.68805248595691,37.28716238386703,36.85050236733721,15.0,0.0,36.0,0.0,0.0,0.0,0.0,0.0,0.0,0.0,0.0,0.0,0.0,0.0
2026-06-18 15:04:27,0.0,0.0,0.0,0.0,0.0,0.0,0.0,0.0,36.528663323617565,37.214159460281486,36.93935689236496,15.0,0.0,36.0,0.0,0.0,0.0,0.0,0.0,0.0,0.0,0.0,0.0,0.0,0.0
2026-06-18 15:04:27,0.0,0.0,0.0,0.0,0.0,0.0,0.0,0.0,37.057763034255274,36.977106526099874,37.24722325325668,15.0,0.0,36.0,0.0,0.0,0.0,0.0,0.0,0.0,0.0,0.0,0.0,0.0,0.0
2026-06-18 15:04:28,0.0,0.0,0.0,0.0,0.0,0.0,0.0,0.0,36.9773446434657,36.90924501021962,37.211782551445296,15.0,0.0,36.0,0.0,0.0,0.0,0.0,0.0,0.0,0.0,0.0,0.0,0.0,0.0
2026-06-18 15:04:28,0.0,0.0,0.0,0.0,0.0,0.0,0.0,0.0,36.727932531162956,37.364535083801826,36.93043974293285,15.0,0.0,36.0,0.0,0.0,0.0,0.0,0.0,0.0,0.0,0.0,0.0,0.0,0.0
2026-06-18 15:04:29,0.0,0.0,0.0,0.0,0.0,0.0,0.0,0.0,36.676895713323646,37.15686205499905,37.02635108998384,15.0,0.0,36.0,0.0,0.0,0.0,0.0,0.0,0.0,0.0,0.0,0.0,0.0,0.0
2026-06-18 15:04:29,0.0,0.0,0.0,0.0,0.0,0.0,0.0,0.0,36.60852715951233,37.222346254092955,36.79735577253548,15.0,0.0,36.0,0.0,0.0,0.0,0.0,0.0,0.0,0.0,0.0,0.0,0.0,0.0
2026-06-18 15:04:30,0.0,0.0,0.0,0.0,0.0,0.0,0.0,0.0,36.554604996729466,36.910104642391374,37.21681461839442,15.0,0.0,36.0,0.0,0.0,0.0,0.0,0.0,0.0,0.0,0.0,0.0,0.0,0.0
2026-06-18 15:04:30,0.0,0.0,0.0,0.0,0.0,0.0,0.0,0.0,36.51749720639472,37.08921574897751,36.80132987499344,15.0,0.0,36.0,0.0,0.0,0.0,0.0,0.0,0.0,0.0,0.0,0.0,0.0,0.0
2026-06-18 15:04:31,0.0,0.0,0.0,0.0,0.0,0.0,0.0,0.0,36.80673752407746,37.048122519628016,37.224242125655856,15.0,0.0,36.0,0.0,0.0,0.0,0.0,0.0,0.0,0.0,0.0,0.0,0.0,0.0
2026-06-18 15:04:31,0.0,0.0,0.0,0.0,0.0,0.0,0.0,0.0,36.93998742243609,37.22501962187501,37.055084592875474,15.0,0.0,36.0,0.0,0.0,0.0,0.0,0.0,0.0,0.0,0.0,0.0,0.0,0.0
2026-06-18 15:04:32,0.0,0.0,0.0,0.0,0.0,0.0,0.0,0.0,36.81755926713208,37.36862936588749,36.918333995406584,15.0,0.0,36.0,0.0,0.0,0.0,0.0,0.0,0.0,0.0,0.0,0.0,0.0,0.0
2026-06-18 15:04:32,0.0,0.0,0.0,0.0,0.0,0.0,0.0,0.0,36.94460285880697,37.20570676133238,36.856466955117384,15.0,0.0,36.0,0.0,0.0,0.0,0.0,0.0,0.0,0.0,0.0,0.0,0.0,0.0
2026-06-18 15:04:33,0.0,0.0,0.0,0.0,0.0,0.0,0.0,0.0,36.99577859056883,36.828796209029846,37.12149099029081,15.0,0.0,36.0,0.0,0.0,0.0,0.0,0.0,0.0,0.0,0.0,0.0,0.0,0.0
2026-06-18 15:04:33,0.0,0.0,0.0,0.0,0.0,0.0,0.0,0.0,36.99549091836525,37.28371538462776,36.89593406438236,15.0,0.0,36.0,0.0,0.0,0.0,0.0,0.0,0.0,0.0,0.0,0.0,0.0,0.0
2026-06-18 15:04:34,0.0,0.0,0.0,0.0,0.0,0.0,0.0,0.0,36.69239798286787,37.18021732885951,37.252391686856164,15.0,0.0,36.0,0.0,0.0,0.0,0.0,0.0,0.0,0.0,0.0,0.0,0.0,0.0
2026-06-18 15:04:34,0.0,0.0,0.0,0.0,0.0,0.0,0.0,0.0,36.86220765073225,37.20292943672678,37.239449118921264,15.0,0.0,36.0,0.0,0.0,0.0,0.0,0.0,0.0,0.0,0.0,0.0,0.0,0.0
2026-06-18 15:04:35,0.0,0.0,0.0,0.0,0.0,0.0,0.0,0.0,37.00562820129097,37.10601731497308,36.96292387520152,15.0,0.0,36.0,0.0,0.0,0.0,0.0,0.0,0.0,0.0,0.0,0.0,0.0,0.0
2026-06-18 15:04:35,0.0,0.0,0.0,0.0,0.0,0.0,0.0,0.0,36.785751417977785,37.17023305638875,37.142811085735545,15.0,0.0,36.0,0.0,0.0,0.0,0.0,0.0,0.0,0.0,0.0,0.0,0.0,0.0
2026-06-18 15:04:36,0.0,0.0,0.0,0.0,0.0,0.0,0.0,0.0,36.875384312526535,37.02888228678726,36.84070653885257,15.0,0.0,36.0,0.0,0.0,0.0,0.0,0.0,0.0,0.0,0.0,0.0,0.0,0.0
2026-06-18 15:04:36,0.0,0.0,0.0,0.0,0.0,0.0,0.0,0.0,36.82379379865096,37.140615706981755,37.29797311108127,15.0,0.0,36.0,0.0,0.0,0.0,0.0,0.0,0.0,0.0,0.0,0.0,0.0,0.0
2026-06-18 15:04:37,0.0,0.0,0.0,0.0,0.0,0.0,0.0,0.0,36.9282834279138,37.37501243835064,36.831810464049916,15.0,0.0,36.0,0.0,0.0,0.0,0.0,0.0,0.0,0.0,0.0,0.0,0.0,0.0
2026-06-18 15:04:37,0.0,0.0,0.0,0.0,0.0,0.0,0.0,0.0,36.7875838918598,37.24513494013383,36.81629073342206,15.0,0.0,36.0,0.0,0.0,0.0,0.0,0.0,0.0,0.0,0.0,0.0,0.0,0.0
2026-06-18 15:04:38,0.0,0.0,0.0,0.0,0.0,0.0,0.0,0.0,36.74340466734184,37.25034460709048,37.236355348073666,15.0,0.0,36.0,0.0,0.0,0.0,0.0,0.0,0.0,0.0,0.0,0.0,0.0,0.0
2026-06-18 15:04:38,0.0,0.0,0.0,0.0,0.0,0.0,0.0,0.0,37.07976565057492,37.032424404503395,36.75014452399613,15.0,0.0,36.0,0.0,0.0,0.0,0.0,0.0,0.0,0.0,0.0,0.0,0.0,0.0
2026-06-18 15:04:39,0.0,0.0,0.0,0.0,0.0,0.0,0.0,0.0,37.04775673954787,36.96331865507645,36.90605447257226,15.0,0.0,36.0,0.0,0.0,0.0,0.0,0.0,0.0,0.0,0.0,0.0,0.0,0.0
2026-06-18 15:04:39,0.0,0.0,0.0,0.0,0.0,0.0,0.0,0.0,36.96063569707898,37.19193487755697,37.2173735045385,15.0,0.0,36.0,0.0,0.0,0.0,0.0,0.0,0.0,0.0,0.0,0.0,0.0,0.0
2026-06-18 15:04:40,0.0,0.0,0.0,0.0,0.0,0.0,0.0,0.0,37.02370143607887,37.195072149711585,36.87012377004301,15.0,0.0,36.0,0.0,0.0,0.0,0.0,0.0,0.0,0.0,0.0,0.0,0.0,0.0
2026-06-18 15:04:40,0.0,0.0,0.0,0.0,0.0,0.0,0.0,0.0,36.56413122106047,36.94190777396324,37.1146346722007,15.0,0.0,36.0,0.0,0.0,0.0,0.0,0.0,0.0,0.0,0.0,0.0,0.0,0.0
2026-06-18 15:04:41,0.0,0.0,0.0,0.0,0.0,0.0,0.0,0.0,36.63675386953905,37.35529439626035,36.86396521493613,15.0,0.0,36.0,0.0,0.0,0.0,0.0,0.0,0.0,0.0,0.0,0.0,0.0,0.0
2026-06-18 15:04:41,0.0,0.0,0.0,0.0,0.0,0.0,0.0,0.0,36.89901153043827,36.96610089710123,37.001362114549636,15.0,0.0,36.0,0.0,0.0,0.0,0.0,0.0,0.0,0.0,0.0,0.0,0.0,0.0
2026-06-18 15:04:42,0.0,0.0,0.0,0.0,0.0,0.0,0.0,0.0,36.65979906256784,36.95362239758024,36.88228075197311,15.0,0.0,36.0,0.0,0.0,0.0,0.0,0.0,0.0,0.0,0.0,0.0,0.0,0.0
2026-06-18 15:04:42,0.0,0.0,0.0,0.0,0.0,0.0,0.0,0.0,36.993379014384914,37.32838744813917,36.711601370697906,15.0,0.0,36.0,0.0,0.0,0.0,0.0,0.0,0.0,0.0,0.0,0.0,0.0,0.0
2026-06-18 15:04:43,0.0,0.0,0.0,0.0,0.0,0.0,0.0,0.0,36.74753385640558,37.157947359121856,36.730110889545806,15.0,0.0,36.0,0.0,0.0,0.0,0.0,0.0,0.0,0.0,0.0,0.0,0.0,0.0
2026-06-18 15:04:43,0.0,0.0,0.0,0.0,0.0,0.0,0.0,0.0,37.030133174747505,37.125286325531256,36.82389776373301,15.0,0.0,36.0,0.0,0.0,0.0,0.0,0.0,0.0,0.0,0.0,0.0,0.0,0.0
2026-06-18 15:04:44,0.0,0.0,0.0,0.0,0.0,0.0,0.0,0.0,36.811148576693235,36.96476314156761,37.281581004049954,15.0,0.0,36.0,0.0,0.0,0.0,0.0,0.0,0.0,0.0,0.0,0.0,0.0,0.0
2026-06-18 15:04:44,0.0,0.0,0.0,0.0,0.0,0.0,0.0,0.0,36.92898533546423,37.31570987819614,36.99892844367421,15.0,0.0,36.0,0.0,0.0,0.0,0.0,0.0,0.0,0.0,0.0,0.0,0.0,0.0
2026-06-18 15:04:45,0.0,0.0,0.0,0.0,0.0,0.0,0.0,0.0,36.90147038539925,37.36846435377567,36.89051872371106,15.0,0.0,36.0,0.0,0.0,0.0,0.0,0.0,0.0,0.0,0.0,0.0,0.0,0.0
2026-06-18 15:04:45,0.0,0.0,0.0,0.0,0.0,0.0,0.0,0.0,37.05932365322156,37.04878081676299,37.01589542329917,15.0,0.0,36.0,0.0,0.0,0.0,0.0,0.0,0.0,0.0,0.0,0.0,0.0,0.0
2026-06-18 15:04:46,0.0,0.0,0.0,0.0,0.0,0.0,0.0,0.0,36.714240588379404,37.39966446616687,36.73675918382747,15.0,0.0,36.0,0.0,0.0,0.0,0.0,0.0,0.0,0.0,0.0,0.0,0.0,0.0
2026-06-18 15:04:46,0.0,0.0,0.0,0.0,0.0,0.0,0.0,0.0,36.6941689732563,37.20800277784618,37.25112767254535,15.0,0.0,36.0,0.0,0.0,0.0,0.0,0.0,0.0,0.0,0.0,0.0,0.0,0.0
2026-06-18 15:04:47,0.0,0.0,0.0,0.0,0.0,0.0,0.0,0.0,37.042600067495584,36.88472700594148,37.219917779520294,15.0,0.0,36.0,0.0,0.0,0.0,0.0,0.0,0.0,0.0,0.0,0.0,0.0,0.0
2026-06-18 15:04:47,0.0,0.0,0.0,0.0,0.0,0.0,0.0,0.0,36.705929027131404,37.09229310760409,37.18807415442472,15.0,0.0,36.0,0.0,0.0,0.0,0.0,0.0,0.0,0.0,0.0,0.0,0.0,0.0
2026-06-18 15:04:48,0.0,0.0,0.0,0.0,0.0,0.0,0.0,0.0,36.82844750946803,37.367172745588135,37.25084335996281,15.0,0.0,36.0,0.0,0.0,0.0,0.0,0.0,0.0,0.0,0.0,0.0,0.0,0.0
2026-06-18 15:04:48,0.0,0.0,0.0,0.0,0.0,0.0,0.0,0.0,37.02671290554883,37.18816826006563,36.822217724783215,15.0,0.0,36.0,0.0,0.0,0.0,0.0,0.0,0.0,0.0,0.0,0.0,0.0,0.0
2026-06-18 15:04:49,0.0,0.0,0.0,0.0,0.0,0.0,0.0,0.0,36.66382551955066,37.23137193681668,37.199689944081335,15.0,0.0,36.0,0.0,0.0,0.0,0.0,0.0,0.0,0.0,0.0,0.0,0.0,0.0
2026-06-18 15:04:49,0.0,0.0,0.0,0.0,0.0,0.0,0.0,0.0,36.78185440269383,37.35207276134922,36.80840686252703,15.0,0.0,36.0,0.0,0.0,0.0,0.0,0.0,0.0,0.0,0.0,0.0,0.0,0.0
2026-06-18 15:04:50,0.0,0.0,0.0,0.0,0.0,0.0,0.0,0.0,37.09591908219445,37.12058239835928,37.16366092700885,15.0,0.0,36.0,0.0,0.0,0.0,0.0,0.0,0.0,0.0,0.0,0.0,0.0,0.0
2026-06-18 15:04:50,0.0,0.0,0.0,0.0,0.0,0.0,0.0,0.0,36.75729098763126,36.98837470403733,36.92159487983428,15.0,0.0,36.0,0.0,0.0,0.0,0.0,0.0,0.0,0.0,0.0,0.0,0.0,0.0
2026-06-18 15:04:51,0.0,0.0,0.0,0.0,0.0,0.0,0.0,0.0,36.547756712332706,37.27340061923287,36.86655668389387,15.0,0.0,36.0,0.0,0.0,0.0,0.0,0.0,0.0,0.0,0.0,0.0,0.0,0.0
2026-06-18 15:04:51,0.0,0.0,0.0,0.0,0.0,0.0,0.0,0.0,36.885824530534336,37.35269632415835,36.96473564182197,15.0,0.0,36.0,0.0,0.0,0.0,0.0,0.0,0.0,0.0,0.0,0.0,0.0,0.0
2026-06-18 15:04:52,0.0,0.0,0.0,0.0,0.0,0.0,0.0,0.0,36.59831332133045,36.93148804163355,37.2367388376605,15.0,0.0,36.0,0.0,0.0,0.0,0.0,0.0,0.0,0.0,0.0,0.0,0.0,0.0
2026-06-18 15:04:52,0.0,0.0,0.0,0.0,0.0,0.0,0.0,0.0,36.615939345429396,37.18821473233492,37.24453757161535,15.0,0.0,36.0,0.0,0.0,0.0,0.0,0.0,0.0,0.0,0.0,0.0,0.0,0.0
2026-06-18 15:04:53,0.0,0.0,0.0,0.0,0.0,0.0,0.0,0.0,36.87027013950111,37.14470217342906,36.72279629265314,15.0,0.0,36.0,0.0,0.0,0.0,0.0,0.0,0.0,0.0,0.0,0.0,0.0,0.0
2026-06-18 15:04:53,0.0,0.0,0.0,0.0,0.0,0.0,0.0,0.0,37.04293816166011,37.37053329553829,37.1299764357605,15.0,0.0,36.0,0.0,0.0,0.0,0.0,0.0,0.0,0.0,0.0,0.0,0.0,0.0
2026-06-18 15:04:54,0.0,0.0,0.0,0.0,0.0,0.0,0.0,0.0,36.8279771126084,36.99515656854526,37.20732180759939,15.0,0.0,36.0,0.0,0.0,0.0,0.0,0.0,0.0,0.0,0.0,0.0,0.0,0.0
2026-06-18 15:04:54,0.0,0.0,0.0,0.0,0.0,0.0,0.0,0.0,36.950727499024104,36.87108317126574,37.07454685766779,15.0,0.0,36.0,0.0,0.0,0.0,0.0,0.0,0.0,0.0,0.0,0.0,0.0,0.0
2026-06-18 15:04:55,0.0,0.0,0.0,0.0,0.0,0.0,0.0,0.0,36.87661529537271,37.23641855415785,36.924047365171,15.0,0.0,36.0,0.0,0.0,0.0,0.0,0.0,0.0,0.0,0.0,0.0,0.0,0.0
2026-06-18 15:04:55,0.0,0.0,0.0,0.0,0.0,0.0,0.0,0.0,36.63706472243869,37.07713352329342,36.762015710703636,15.0,0.0,36.0,0.0,0.0,0.0,0.0,0.0,0.0,0.0,0.0,0.0,0.0,0.0
2026-06-18 15:04:56,0.0,0.0,0.0,0.0,0.0,0.0,0.0,0.0,37.055851074979756,37.04225640599947,37.1957034748209,15.0,0.0,36.0,0.0,0.0,0.0,0.0,0.0,0.0,0.0,0.0,0.0,0.0,0.0
2026-06-18 15:04:56,0.0,0.0,0.0,0.0,0.0,0.0,0.0,0.0,36.89715117385401,37.22715048854356,36.757363910073046,15.0,0.0,36.0,0.0,0.0,0.0,0.0,0.0,0.0,0.0,0.0,0.0,0.0,0.0
2026-06-18 15:04:57,0.0,0.0,0.0,0.0,0.0,0.0,0.0,0.0,36.76067326451247,37.03196613015973,36.96984255932796,15.0,0.0,36.0,0.0,0.0,0.0,0.0,0.0,0.0,0.0,0.0,0.0,0.0,0.0
2026-06-18 15:04:57,0.0,0.0,0.0,0.0,0.0,0.0,0.0,0.0,36.95781322925452,37.24712272588172,37.178919401159874,15.0,0.0,36.0,0.0,0.0,0.0,0.0,0.0,0.0,0.0,0.0,0.0,0.0,0.0
2026-06-18 15:04:58,0.0,0.0,0.0,0.0,0.0,0.0,0.0,0.0,36.604133245895945,37.2843385155333,36.73098139412582,15.0,0.0,36.0,0.0,0.0,0.0,0.0,0.0,0.0,0.0,0.0,0.0,0.0,0.0
2026-06-18 15:04:58,0.0,0.0,0.0,0.0,0.0,0.0,0.0,0.0,36.992377975659245,37.00179321056973,36.906311333731594,15.0,0.0,36.0,0.0,0.0,0.0,0.0,0.0,0.0,0.0,0.0,0.0,0.0,0.0
2026-06-18 15:04:59,0.0,0.0,0.0,0.0,0.0,0.0,0.0,0.0,36.62156417930746,36.95334425647574,37.24663703327199,15.0,0.0,36.0,0.0,0.0,0.0,0.0,0.0,0.0,0.0,0.0,0.0,0.0,0.0
2026-06-18 15:04:59,0.0,0.0,0.0,0.0,0.0,0.0,0.0,0.0,36.721041296749576,36.875903452896075,36.91159497495748,15.0,0.0,36.0,0.0,0.0,0.0,0.0,0.0,0.0,0.0,0.0,0.0,0.0,0.0
2026-06-18 15:05:00,0.0,0.0,0.0,0.0,0.0,0.0,0.0,0.0,36.829730664043716,36.92973481074715,37.20788973224751,15.0,0.0,36.0,0.0,0.0,0.0,0.0,0.0,0.0,0.0,0.0,0.0,0.0,0.0
2026-06-18 15:05:00,0.0,0.0,0.0,0.0,0.0,0.0,0.0,0.0,36.50712988289557,37.28057167135577,37.2213680647535,15.0,0.0,36.0,0.0,0.0,0.0,0.0,0.0,0.0,0.0,0.0,0.0,0.0,0.0
2026-06-18 15:05:01,0.0,0.0,0.0,0.0,0.0,0.0,0.0,0.0,37.00632937512008,37.26655910288218,37.16742890462298,15.0,0.0,36.0,0.0,0.0,0.0,0.0,0.0,0.0,0.0,0.0,0.0,0.0,0.0
2026-06-18 15:05:01,0.0,0.0,0.0,0.0,0.0,0.0,0.0,0.0,36.50086512666884,36.962578099241036,36.82847506288981,15.0,0.0,36.0,0.0,0.0,0.0,0.0,0.0,0.0,0.0,0.0,0.0,0.0,0.0
2026-06-18 15:05:02,0.0,0.0,0.0,0.0,0.0,0.0,0.0,0.0,37.040043329216324,36.96704609454994,36.92056962897154,15.0,0.0,36.0,0.0,0.0,0.0,0.0,0.0,0.0,0.0,0.0,0.0,0.0,0.0
2026-06-18 15:05:02,0.0,0.0,0.0,0.0,0.0,0.0,0.0,0.0,36.79252464144038,37.116212880446874,36.953236974255766,15.0,0.0,36.0,0.0,0.0,0.0,0.0,0.0,0.0,0.0,0.0,0.0,0.0,0.0
2026-06-18 15:05:03,0.0,0.0,0.0,0.0,0.0,0.0,0.0,0.0,36.657128247605314,37.12366788117671,36.93492004294204,15.0,0.0,36.0,0.0,0.0,0.0,0.0,0.0,0.0,0.0,0.0,0.0,0.0,0.0
2026-06-18 15:05:03,0.0,0.0,0.0,0.0,0.0,0.0,0.0,0.0,36.78917761590004,36.84853287007463,36.96289076298425,15.0,0.0,36.0,0.0,0.0,0.0,0.0,0.0,0.0,0.0,0.0,0.0,0.0,0.0
2026-06-18 15:05:04,0.0,0.0,0.0,0.0,0.0,0.0,0.0,0.0,37.09192923341525,36.9236868980229,37.250101974640444,15.0,0.0,36.0,0.0,0.0,0.0,0.0,0.0,0.0,0.0,0.0,0.0,0.0,0.0
2026-06-18 15:05:04,0.0,0.0,0.0,0.0,0.0,0.0,0.0,0.0,36.97656494412993,36.985279645659965,37.16559485866711,15.0,0.0,36.0,0.0,0.0,0.0,0.0,0.0,0.0,0.0,0.0,0.0,0.0,0.0
2026-06-18 15:05:05,0.0,0.0,0.0,0.0,0.0,0.0,0.0,0.0,36.804189552823544,36.840863956482806,37.020174397593465,15.0,0.0,36.0,0.0,0.0,0.0,0.0,0.0,0.0,0.0,0.0,0.0,0.0,0.0
2026-06-18 15:05:05,0.0,0.0,0.0,0.0,0.0,0.0,0.0,0.0,36.83026577434785,37.20767299826841,36.8119643721637,15.0,0.0,36.0,0.0,0.0,0.0,0.0,0.0,0.0,0.0,0.0,0.0,0.0,0.0
2026-06-18 15:05:06,0.0,0.0,0.0,0.0,0.0,0.0,0.0,0.0,37.02581346484409,37.04285230399197,36.77518396964002,15.0,0.0,36.0,0.0,0.0,0.0,0.0,0.0,0.0,0.0,0.0,0.0,0.0,0.0
2026-06-18 15:05:06,0.0,0.0,0.0,0.0,0.0,0.0,0.0,0.0,36.679022248177155,37.07100543601025,36.930254345820835,15.0,0.0,36.0,0.0,0.0,0.0,0.0,0.0,0.0,0.0,0.0,0.0,0.0,0.0
2026-06-18 15:05:07,0.0,0.0,0.0,0.0,0.0,0.0,0.0,0.0,37.086259687202485,36.98847017424394,37.25821752823172,15.0,0.0,36.0,0.0,0.0,0.0,0.0,0.0,0.0,0.0,0.0,0.0,0.0,0.0
2026-06-18 15:05:07,0.0,0.0,0.0,0.0,0.0,0.0,0.0,0.0,37.03766709343804,36.85249201614127,37.28969663282523,15.0,0.0,36.0,0.0,0.0,0.0,0.0,0.0,0.0,0.0,0.0,0.0,0.0,0.0
2026-06-18 15:05:08,0.0,0.0,0.0,0.0,0.0,0.0,0.0,0.0,36.632397168970186,37.174542487274266,36.89255820783685,15.0,0.0,36.0,0.0,0.0,0.0,0.0,0.0,0.0,0.0,0.0,0.0,0.0,0.0
2026-06-18 15:05:08,0.0,0.0,0.0,0.0,0.0,0.0,0.0,0.0,36.749230681385626,37.30239399592214,37.029703473819175,15.0,0.0,36.0,0.0,0.0,0.0,0.0,0.0,0.0,0.0,0.0,0.0,0.0,0.0
2026-06-18 15:05:09,0.0,0.0,0.0,0.0,0.0,0.0,0.0,0.0,36.989622249331894,37.34350956996606,36.884434394507075,15.0,0.0,36.0,0.0,0.0,0.0,0.0,0.0,0.0,0.0,0.0,0.0,0.0,0.0
2026-06-18 15:05:09,0.0,0.0,0.0,0.0,0.0,0.0,0.0,0.0,36.524507418447904,36.88540787907284,37.18431333041654,15.0,0.0,36.0,0.0,0.0,0.0,0.0,0.0,0.0,0.0,0.0,0.0,0.0,0.0
2026-06-18 15:05:10,0.0,0.0,0.0,0.0,0.0,0.0,0.0,0.0,37.02771442676906,37.02343688885199,37.110793311667315,15.0,0.0,36.0,0.0,0.0,0.0,0.0,0.0,0.0,0.0,0.0,0.0,0.0,0.0
2026-06-18 15:05:10,0.0,0.0,0.0,0.0,0.0,0.0,0.0,0.0,36.585996509604776,36.924583810097644,36.88026546569173,15.0,0.0,36.0,0.0,0.0,0.0,0.0,0.0,0.0,0.0,0.0,0.0,0.0,0.0
2026-06-18 15:05:11,0.0,0.0,0.0,0.0,0.0,0.0,0.0,0.0,36.668188714037925,37.13227724863819,36.70699460615201,15.0,0.0,36.0,0.0,0.0,0.0,0.0,0.0,0.0,0.0,0.0,0.0,0.0,0.0
2026-06-18 15:05:11,0.0,0.0,0.0,0.0,0.0,0.0,0.0,0.0,36.555870968755684,36.90588392000721,36.74303159970599,15.0,0.0,36.0,0.0,0.0,0.0,0.0,0.0,0.0,0.0,0.0,0.0,0.0,0.0
2026-06-18 15:05:12,0.0,0.0,0.0,0.0,0.0,0.0,0.0,0.0,36.56914749864293,37.12465561703822,36.81693824904746,15.0,0.0,36.0,0.0,0.0,0.0,0.0,0.0,0.0,0.0,0.0,0.0,0.0,0.0
2026-06-18 15:05:12,0.0,0.0,0.0,0.0,0.0,0.0,0.0,0.0,36.78236887101914,36.80750369485378,36.82286878167806,15.0,0.0,36.0,0.0,0.0,0.0,0.0,0.0,0.0,0.0,0.0,0.0,0.0,0.0
2026-06-18 15:05:13,0.0,0.0,0.0,0.0,0.0,0.0,0.0,0.0,36.62520530013829,37.24742210381376,37.203169604878376,15.0,0.0,36.0,0.0,0.0,0.0,0.0,0.0,0.0,0.0,0.0,0.0,0.0,0.0
2026-06-18 15:05:13,0.0,0.0,0.0,0.0,0.0,0.0,0.0,0.0,36.84118646740456,36.87063883146769,36.76821552479855,15.0,0.0,36.0,0.0,0.0,0.0,0.0,0.0,0.0,0.0,0.0,0.0,0.0,0.0
2026-06-18 15:05:14,0.0,0.0,0.0,0.0,0.0,0.0,0.0,0.0,36.95416495548375,37.29567515042658,36.7342601612209,15.0,0.0,36.0,0.0,0.0,0.0,0.0,0.0,0.0,0.0,0.0,0.0,0.0,0.0
2026-06-18 15:05:14,0.0,0.0,0.0,0.0,0.0,0.0,0.0,0.0,37.095029851008526,37.063353015192604,36.70015763829148,15.0,0.0,36.0,0.0,0.0,0.0,0.0,0.0,0.0,0.0,0.0,0.0,0.0,0.0
2026-06-18 15:05:15,0.0,0.0,0.0,0.0,0.0,0.0,0.0,0.0,36.68510808408775,36.95264553379143,36.712102892913876,15.0,0.0,36.0,0.0,0.0,0.0,0.0,0.0,0.0,0.0,0.0,0.0,0.0,0.0
2026-06-18 15:05:15,0.0,0.0,0.0,0.0,0.0,0.0,0.0,0.0,36.92832643093223,37.306920506585406,36.85411370338378,15.0,0.0,36.0,0.0,0.0,0.0,0.0,0.0,0.0,0.0,0.0,0.0,0.0,0.0
2026-06-18 15:05:16,0.0,0.0,0.0,0.0,0.0,0.0,0.0,0.0,36.725061725229445,37.393736356490216,37.27404267126371,15.0,0.0,36.0,0.0,0.0,0.0,0.0,0.0,0.0,0.0,0.0,0.0,0.0,0.0
2026-06-18 15:05:16,0.0,0.0,0.0,0.0,0.0,0.0,0.0,0.0,36.65790407045004,37.2805492609037,37.11600413075961,15.0,0.0,36.0,0.0,0.0,0.0,0.0,0.0,0.0,0.0,0.0,0.0,0.0,0.0
2026-06-18 15:05:17,0.0,0.0,0.0,0.0,0.0,0.0,0.0,0.0,36.544632461050334,37.17357514118934,37.07691428172435,15.0,0.0,36.0,0.0,0.0,0.0,0.0,0.0,0.0,0.0,0.0,0.0,0.0,0.0
2026-06-18 15:05:17,0.0,0.0,0.0,0.0,0.0,0.0,0.0,0.0,36.998590563603805,37.14464997523085,37.07682691113592,15.0,0.0,36.0,0.0,0.0,0.0,0.0,0.0,0.0,0.0,0.0,0.0,0.0,0.0
2026-06-18 15:05:18,0.0,0.0,0.0,0.0,0.0,0.0,0.0,0.0,37.099041161762,37.39459234548336,37.09281824379646,15.0,0.0,36.0,0.0,0.0,0.0,0.0,0.0,0.0,0.0,0.0,0.0,0.0,0.0
2026-06-18 15:05:18,0.0,0.0,0.0,0.0,0.0,0.0,0.0,0.0,36.78930510477231,36.938094882066224,37.195412396557245,15.0,0.0,36.0,0.0,0.0,0.0,0.0,0.0,0.0,0.0,0.0,0.0,0.0,0.0
2026-06-18 15:05:19,0.0,0.0,0.0,0.0,0.0,0.0,0.0,0.0,36.75494024766145,37.39999433702164,36.83805284438549,15.0,0.0,36.0,0.0,0.0,0.0,0.0,0.0,0.0,0.0,0.0,0.0,0.0,0.0
2026-06-18 15:05:19,0.0,0.0,0.0,0.0,0.0,0.0,0.0,0.0,37.03078410992691,37.3513876866095,37.18302433213401,15.0,0.0,36.0,0.0,0.0,0.0,0.0,0.0,0.0,0.0,0.0,0.0,0.0,0.0
2026-06-18 15:05:20,0.0,0.0,0.0,0.0,0.0,0.0,0.0,0.0,36.751672803613175,36.92266177050148,36.89561607906265,15.0,0.0,36.0,0.0,0.0,0.0,0.0,0.0,0.0,0.0,0.0,0.0,0.0,0.0
2026-06-18 15:05:20,0.0,0.0,0.0,0.0,0.0,0.0,0.0,0.0,36.926052605810376,37.17754537378176,36.74116730289047,15.0,0.0,36.0,0.0,0.0,0.0,0.0,0.0,0.0,0.0,0.0,0.0,0.0,0.0
2026-06-18 15:05:21,0.0,0.0,0.0,0.0,0.0,0.0,0.0,0.0,36.771866559226325,36.838788974832305,36.75739435706511,15.0,0.0,36.0,0.0,0.0,0.0,0.0,0.0,0.0,0.0,0.0,0.0,0.0,0.0
2026-06-18 15:05:21,0.0,0.0,0.0,0.0,0.0,0.0,0.0,0.0,36.58291975241382,37.061268764270594,37.20390856667419,15.0,0.0,36.0,0.0,0.0,0.0,0.0,0.0,0.0,0.0,0.0,0.0,0.0,0.0
2026-06-18 15:05:22,0.0,0.0,0.0,0.0,0.0,0.0,0.0,0.0,36.82733031889705,36.9802101299408,36.950380358064685,15.0,0.0,36.0,0.0,0.0,0.0,0.0,0.0,0.0,0.0,0.0,0.0,0.0,0.0
2026-06-18 15:05:22,0.0,0.0,0.0,0.0,0.0,0.0,0.0,0.0,36.56388921586468,37.3711534430646,36.781410675729184,15.0,0.0,36.0,0.0,0.0,0.0,0.0,0.0,0.0,0.0,0.0,0.0,0.0,0.0
2026-06-18 15:05:23,0.0,0.0,0.0,0.0,0.0,0.0,0.0,0.0,36.99050537448101,37.00926447859171,37.21040091133828,15.0,0.0,36.0,0.0,0.0,0.0,0.0,0.0,0.0,0.0,0.0,0.0,0.0,0.0
2026-06-18 15:05:23,0.0,0.0,0.0,0.0,0.0,0.0,0.0,0.0,37.00921051946793,37.111847783495875,37.17950440715285,15.0,0.0,36.0,0.0,0.0,0.0,0.0,0.0,0.0,0.0,0.0,0.0,0.0,0.0
2026-06-18 15:05:24,0.0,0.0,0.0,0.0,0.0,0.0,0.0,0.0,37.04368852811193,36.90945043625467,36.9490849610609,15.0,0.0,36.0,0.0,0.0,0.0,0.0,0.0,0.0,0.0,0.0,0.0,0.0,0.0
2026-06-18 15:05:24,0.0,0.0,0.0,0.0,0.0,0.0,0.0,0.0,36.738571228038516,37.271452275893935,37.206837858095206,15.0,0.0,36.0,0.0,0.0,0.0,0.0,0.0,0.0,0.0,0.0,0.0,0.0,0.0
2026-06-18 15:05:25,0.0,0.0,0.0,0.0,0.0,0.0,0.0,0.0,36.5047245395132,37.013919797151445,37.27691129321238,15.0,0.0,36.0,0.0,0.0,0.0,0.0,0.0,0.0,0.0,0.0,0.0,0.0,0.0
2026-06-18 15:05:25,0.0,0.0,0.0,0.0,0.0,0.0,0.0,0.0,36.92951095542908,37.275406981677676,36.76738954056242,15.0,0.0,36.0,0.0,0.0,0.0,0.0,0.0,0.0,0.0,0.0,0.0,0.0,0.0
2026-06-18 15:05:26,0.0,0.0,0.0,0.0,0.0,0.0,0.0,0.0,36.89745488300955,36.896489190682985,37.098274549372064,15.0,0.0,36.0,0.0,0.0,0.0,0.0,0.0,0.0,0.0,0.0,0.0,0.0,0.0
2026-06-18 15:05:26,0.0,0.0,0.0,0.0,0.0,0.0,0.0,0.0,36.92622796518398,37.16568771110777,36.865194950568856,15.0,0.0,36.0,0.0,0.0,0.0,0.0,0.0,0.0,0.0,0.0,0.0,0.0,0.0
2026-06-18 15:05:27,0.0,0.0,0.0,0.0,0.0,0.0,0.0,0.0,36.63755564630552,37.09696702905581,36.91536172063406,15.0,0.0,36.0,0.0,0.0,0.0,0.0,0.0,0.0,0.0,0.0,0.0,0.0,0.0
2026-06-18 15:05:27,0.0,0.0,0.0,0.0,0.0,0.0,0.0,0.0,36.7678436356043,37.14127021659032,37.16389923114571,15.0,0.0,36.0,0.0,0.0,0.0,0.0,0.0,0.0,0.0,0.0,0.0,0.0,0.0
2026-06-18 15:05:28,0.0,0.0,0.0,0.0,0.0,0.0,0.0,0.0,36.635414689683635,36.810036973381116,37.25426186087574,15.0,0.0,36.0,0.0,0.0,0.0,0.0,0.0,0.0,0.0,0.0,0.0,0.0,0.0
2026-06-18 15:05:28,0.0,0.0,0.0,0.0,0.0,0.0,0.0,0.0,36.70960530481927,37.01956397549752,36.94706980263903,15.0,0.0,36.0,0.0,0.0,0.0,0.0,0.0,0.0,0.0,0.0,0.0,0.0,0.0
2026-06-18 15:05:29,0.0,0.0,0.0,0.0,0.0,0.0,0.0,0.0,36.82010067185817,37.05962566089296,36.781065469718385,15.0,0.0,36.0,0.0,0.0,0.0,0.0,0.0,0.0,0.0,0.0,0.0,0.0,0.0
2026-06-18 15:05:29,0.0,0.0,0.0,0.0,0.0,0.0,0.0,0.0,36.77886754837398,37.03522037371684,36.79862309588698,15.0,0.0,36.0,0.0,0.0,0.0,0.0,0.0,0.0,0.0,0.0,0.0,0.0,0.0
2026-06-18 15:05:30,0.0,0.0,0.0,0.0,0.0,0.0,0.0,0.0,37.024611904151534,36.811696127950775,36.721114695578734,15.0,0.0,36.0,0.0,0.0,0.0,0.0,0.0,0.0,0.0,0.0,0.0,0.0,0.0
2026-06-18 15:05:30,0.0,0.0,0.0,0.0,0.0,0.0,0.0,0.0,36.54988797535123,36.88133841941758,37.0148198990628,15.0,0.0,36.0,0.0,0.0,0.0,0.0,0.0,0.0,0.0,0.0,0.0,0.0,0.0
2026-06-18 15:05:31,0.0,0.0,0.0,0.0,0.0,0.0,0.0,0.0,36.609501246054094,37.3243664413852,36.71163090221484,15.0,0.0,36.0,0.0,0.0,0.0,0.0,0.0,0.0,0.0,0.0,0.0,0.0,0.0
2026-06-18 15:05:31,0.0,0.0,0.0,0.0,0.0,0.0,0.0,0.0,36.91993400220324,37.01163114698182,36.96395082142369,15.0,0.0,36.0,0.0,0.0,0.0,0.0,0.0,0.0,0.0,0.0,0.0,0.0,0.0
2026-06-18 15:05:32,0.0,0.0,0.0,0.0,0.0,0.0,0.0,0.0,36.822136021670644,37.16468805948109,36.80736051654905,15.0,0.0,36.0,0.0,0.0,0.0,0.0,0.0,0.0,0.0,0.0,0.0,0.0,0.0
2026-06-18 15:05:32,0.0,0.0,0.0,0.0,0.0,0.0,0.0,0.0,36.98281825340332,36.833596529819786,37.27621860923359,15.0,0.0,36.0,0.0,0.0,0.0,0.0,0.0,0.0,0.0,0.0,0.0,0.0,0.0
2026-06-18 15:05:33,0.0,0.0,0.0,0.0,0.0,0.0,0.0,0.0,36.97729181255892,36.93680712277305,36.87714452365316,15.0,0.0,36.0,0.0,0.0,0.0,0.0,0.0,0.0,0.0,0.0,0.0,0.0,0.0
2026-06-18 15:05:33,0.0,0.0,0.0,0.0,0.0,0.0,0.0,0.0,36.55167114540814,37.10481784139078,37.152214454981234,15.0,0.0,36.0,0.0,0.0,0.0,0.0,0.0,0.0,0.0,0.0,0.0,0.0,0.0
2026-06-18 15:05:34,0.0,0.0,0.0,0.0,0.0,0.0,0.0,0.0,36.876937860295556,36.80787188203653,36.82261512604376,15.0,0.0,36.0,0.0,0.0,0.0,0.0,0.0,0.0,0.0,0.0,0.0,0.0,0.0
2026-06-18 15:05:34,0.0,0.0,0.0,0.0,0.0,0.0,0.0,0.0,36.62603713365572,37.12413741001234,36.77003979065268,15.0,0.0,36.0,0.0,0.0,0.0,0.0,0.0,0.0,0.0,0.0,0.0,0.0,0.0
2026-06-18 15:05:35,0.0,0.0,0.0,0.0,0.0,0.0,0.0,0.0,36.93789357190233,36.801242767408525,36.83669520060645,15.0,0.0,36.0,0.0,0.0,0.0,0.0,0.0,0.0,0.0,0.0,0.0,0.0,0.0
2026-06-18 15:05:35,0.0,0.0,0.0,0.0,0.0,0.0,0.0,0.0,36.52897016061134,37.22977144136863,37.1406289947033,15.0,0.0,36.0,0.0,0.0,0.0,0.0,0.0,0.0,0.0,0.0,0.0,0.0,0.0
2026-06-18 15:05:36,0.0,0.0,0.0,0.0,0.0,0.0,0.0,0.0,36.91274971497814,37.05422754781345,36.7856644830658,15.0,0.0,36.0,0.0,0.0,0.0,0.0,0.0,0.0,0.0,0.0,0.0,0.0,0.0
2026-06-18 15:05:36,0.0,0.0,0.0,0.0,0.0,0.0,0.0,0.0,36.89669560699295,37.31403513662945,37.22957228016816,15.0,0.0,36.0,0.0,0.0,0.0,0.0,0.0,0.0,0.0,0.0,0.0,0.0,0.0
2026-06-18 15:05:37,0.0,0.0,0.0,0.0,0.0,0.0,0.0,0.0,37.09129448709527,36.928199375193635,36.82211908450282,15.0,0.0,36.0,0.0,0.0,0.0,0.0,0.0,0.0,0.0,0.0,0.0,0.0,0.0
2026-06-18 15:05:37,0.0,0.0,0.0,0.0,0.0,0.0,0.0,0.0,36.52489783686697,37.31275495628003,37.04296314229086,15.0,0.0,36.0,0.0,0.0,0.0,0.0,0.0,0.0,0.0,0.0,0.0,0.0,0.0
2026-06-18 15:05:38,0.0,0.0,0.0,0.0,0.0,0.0,0.0,0.0,36.89962999333823,36.81460835691736,37.197853370307186,15.0,0.0,36.0,0.0,0.0,0.0,0.0,0.0,0.0,0.0,0.0,0.0,0.0,0.0
2026-06-18 15:05:38,0.0,0.0,0.0,0.0,0.0,0.0,0.0,0.0,36.947556822520085,36.989329050998684,37.15514929814412,15.0,0.0,36.0,0.0,0.0,0.0,0.0,0.0,0.0,0.0,0.0,0.0,0.0,0.0
2026-06-18 15:05:39,0.0,0.0,0.0,0.0,0.0,0.0,0.0,0.0,36.62361817866255,36.888161891839516,37.23377633257592,15.0,0.0,36.0,0.0,0.0,0.0,0.0,0.0,0.0,0.0,0.0,0.0,0.0,0.0
2026-06-18 15:05:39,0.0,0.0,0.0,0.0,0.0,0.0,0.0,0.0,36.893740148319225,37.27806217900713,36.845497523086735,15.0,0.0,36.0,0.0,0.0,0.0,0.0,0.0,0.0,0.0,0.0,0.0,0.0,0.0
2026-06-18 15:05:40,0.0,0.0,0.0,0.0,0.0,0.0,0.0,0.0,37.083526468206834,36.866658867766326,37.11225280995651,15.0,0.0,36.0,0.0,0.0,0.0,0.0,0.0,0.0,0.0,0.0,0.0,0.0,0.0
2026-06-18 15:05:40,0.0,0.0,0.0,0.0,0.0,0.0,0.0,0.0,36.9661484251514,37.179324674809635,37.12193783431551,15.0,0.0,36.0,0.0,0.0,0.0,0.0,0.0,0.0,0.0,0.0,0.0,0.0,0.0
2026-06-18 15:05:41,0.0,0.0,0.0,0.0,0.0,0.0,0.0,0.0,37.08876580619529,37.33776467033325,36.75679412726073,15.0,0.0,36.0,0.0,0.0,0.0,0.0,0.0,0.0,0.0,0.0,0.0,0.0,0.0
2026-06-18 15:05:41,0.0,0.0,0.0,0.0,0.0,0.0,0.0,0.0,36.80618133840681,37.3494230155937,36.81991119894299,15.0,0.0,36.0,0.0,0.0,0.0,0.0,0.0,0.0,0.0,0.0,0.0,0.0,0.0
2026-06-18 15:05:42,0.0,0.0,0.0,0.0,0.0,0.0,0.0,0.0,36.92906928930924,37.01162353314387,36.729954509700924,15.0,0.0,36.0,0.0,0.0,0.0,0.0,0.0,0.0,0.0,0.0,0.0,0.0,0.0
2026-06-18 15:05:42,0.0,0.0,0.0,0.0,0.0,0.0,0.0,0.0,36.80013857570029,37.1415334321681,36.981540679243146,15.0,0.0,36.0,0.0,0.0,0.0,0.0,0.0,0.0,0.0,0.0,0.0,0.0,0.0
2026-06-18 15:05:43,0.0,0.0,0.0,0.0,0.0,0.0,0.0,0.0,36.878102559620594,37.09927045453735,36.91209093077098,15.0,0.0,36.0,0.0,0.0,0.0,0.0,0.0,0.0,0.0,0.0,0.0,0.0,0.0
2026-06-18 15:05:43,0.0,0.0,0.0,0.0,0.0,0.0,0.0,0.0,36.92370749115922,36.86761363852262,36.73044321359547,15.0,0.0,36.0,0.0,0.0,0.0,0.0,0.0,0.0,0.0,0.0,0.0,0.0,0.0
2026-06-18 15:05:44,0.0,0.0,0.0,0.0,0.0,0.0,0.0,0.0,36.7983954170668,37.32116796160035,37.215847379179365,15.0,0.0,36.0,0.0,0.0,0.0,0.0,0.0,0.0,0.0,0.0,0.0,0.0,0.0
2026-06-18 15:05:44,0.0,0.0,0.0,0.0,0.0,0.0,0.0,0.0,37.02387969612648,36.92986753204686,37.06320742730656,15.0,0.0,36.0,0.0,0.0,0.0,0.0,0.0,0.0,0.0,0.0,0.0,0.0,0.0
2026-06-18 15:05:45,0.0,0.0,0.0,0.0,0.0,0.0,0.0,0.0,36.6523986867525,36.88425045666235,36.917524007133004,15.0,0.0,36.0,0.0,0.0,0.0,0.0,0.0,0.0,0.0,0.0,0.0,0.0,0.0
2026-06-18 15:05:45,0.0,0.0,0.0,0.0,0.0,0.0,0.0,0.0,37.05250160056379,37.16384199682753,37.03295023703786,15.0,0.0,36.0,0.0,0.0,0.0,0.0,0.0,0.0,0.0,0.0,0.0,0.0,0.0
2026-06-18 15:05:46,0.0,0.0,0.0,0.0,0.0,0.0,0.0,0.0,37.02505232861042,37.12325767014666,37.141095785794164,15.0,0.0,36.0,0.0,0.0,0.0,0.0,0.0,0.0,0.0,0.0,0.0,0.0,0.0
2026-06-18 15:05:46,0.0,0.0,0.0,0.0,0.0,0.0,0.0,0.0,37.04940368042931,37.09138248261864,37.08018086854017,15.0,0.0,36.0,0.0,0.0,0.0,0.0,0.0,0.0,0.0,0.0,0.0,0.0,0.0
2026-06-18 15:05:47,0.0,0.0,0.0,0.0,0.0,0.0,0.0,0.0,36.86893280103469,37.26478367571583,36.908294525764134,15.0,0.0,36.0,0.0,0.0,0.0,0.0,0.0,0.0,0.0,0.0,0.0,0.0,0.0
2026-06-18 15:05:47,0.0,0.0,0.0,0.0,0.0,0.0,0.0,0.0,36.616354905639234,37.20275488740258,36.87630681402116,15.0,0.0,36.0,0.0,0.0,0.0,0.0,0.0,0.0,0.0,0.0,0.0,0.0,0.0
2026-06-18 15:05:48,0.0,0.0,0.0,0.0,0.0,0.0,0.0,0.0,36.69881027199527,36.92071853235973,36.76760751018753,15.0,0.0,36.0,0.0,0.0,0.0,0.0,0.0,0.0,0.0,0.0,0.0,0.0,0.0
2026-06-18 15:05:48,0.0,0.0,0.0,0.0,0.0,0.0,0.0,0.0,36.65985148379194,36.87131090317874,37.2506092321261,15.0,0.0,36.0,0.0,0.0,0.0,0.0,0.0,0.0,0.0,0.0,0.0,0.0,0.0
2026-06-18 15:05:49,0.0,0.0,0.0,0.0,0.0,0.0,0.0,0.0,36.97270556586198,37.348854483045066,37.20230748259404,15.0,0.0,36.0,0.0,0.0,0.0,0.0,0.0,0.0,0.0,0.0,0.0,0.0,0.0
2026-06-18 15:05:49,0.0,0.0,0.0,0.0,0.0,0.0,0.0,0.0,36.877359357548116,37.149332616513064,36.74964759001042,15.0,0.0,36.0,0.0,0.0,0.0,0.0,0.0,0.0,0.0,0.0,0.0,0.0,0.0
2026-06-18 15:05:50,0.0,0.0,0.0,0.0,0.0,0.0,0.0,0.0,36.54746681326138,37.20112681800256,36.9653068102558,15.0,0.0,36.0,0.0,0.0,0.0,0.0,0.0,0.0,0.0,0.0,0.0,0.0,0.0
2026-06-18 15:05:50,0.0,0.0,0.0,0.0,0.0,0.0,0.0,0.0,36.93788257924295,37.19198739827711,36.848661085643045,15.0,0.0,36.0,0.0,0.0,0.0,0.0,0.0,0.0,0.0,0.0,0.0,0.0,0.0
2026-06-18 15:05:51,0.0,0.0,0.0,0.0,0.0,0.0,0.0,0.0,37.05459625154284,37.22569722482202,37.12415986995609,15.0,0.0,36.0,0.0,0.0,0.0,0.0,0.0,0.0,0.0,0.0,0.0,0.0,0.0
2026-06-18 15:05:51,0.0,0.0,0.0,0.0,0.0,0.0,0.0,0.0,36.82440931467945,37.329881541753814,37.005450326710516,15.0,0.0,36.0,0.0,0.0,0.0,0.0,0.0,0.0,0.0,0.0,0.0,0.0,0.0
2026-06-18 15:05:52,0.0,0.0,0.0,0.0,0.0,0.0,0.0,0.0,36.8249895600887,37.00019473430368,36.73431133738827,15.0,0.0,36.0,0.0,0.0,0.0,0.0,0.0,0.0,0.0,0.0,0.0,0.0,0.0
2026-06-18 15:05:52,0.0,0.0,0.0,0.0,0.0,0.0,0.0,0.0,37.0558590010757,36.94841381201731,37.17294993069095,15.0,0.0,36.0,0.0,0.0,0.0,0.0,0.0,0.0,0.0,0.0,0.0,0.0,0.0
2026-06-18 15:05:53,0.0,0.0,0.0,0.0,0.0,0.0,0.0,0.0,36.585442277645036,37.10999395557088,37.17179937851545,15.0,0.0,36.0,0.0,0.0,0.0,0.0,0.0,0.0,0.0,0.0,0.0,0.0,0.0
2026-06-18 15:05:53,0.0,0.0,0.0,0.0,0.0,0.0,0.0,0.0,37.08425570972314,37.05638651936594,36.845762814644786,15.0,0.0,36.0,0.0,0.0,0.0,0.0,0.0,0.0,0.0,0.0,0.0,0.0,0.0
2026-06-18 15:05:54,0.0,0.0,0.0,0.0,0.0,0.0,0.0,0.0,36.80875109995315,36.80132122354152,36.87703801816547,15.0,0.0,36.0,0.0,0.0,0.0,0.0,0.0,0.0,0.0,0.0,0.0,0.0,0.0
2026-06-18 15:05:54,0.0,0.0,0.0,0.0,0.0,0.0,0.0,0.0,36.744233258787126,36.96108343997473,37.01002644512081,15.0,0.0,36.0,0.0,0.0,0.0,0.0,0.0,0.0,0.0,0.0,0.0,0.0,0.0
2026-06-18 15:05:55,0.0,0.0,0.0,0.0,0.0,0.0,0.0,0.0,36.964761874089824,37.09128615040263,37.11067594962017,15.0,0.0,36.0,0.0,0.0,0.0,0.0,0.0,0.0,0.0,0.0,0.0,0.0,0.0
2026-06-18 15:05:55,0.0,0.0,0.0,0.0,0.0,0.0,0.0,0.0,36.84733760350848,37.13047855527459,37.18341098545273,15.0,0.0,36.0,0.0,0.0,0.0,0.0,0.0,0.0,0.0,0.0,0.0,0.0,0.0
2026-06-18 15:05:56,0.0,0.0,0.0,0.0,0.0,0.0,0.0,0.0,36.87042278907211,36.916411959384156,36.731440106694045,15.0,0.0,36.0,0.0,0.0,0.0,0.0,0.0,0.0,0.0,0.0,0.0,0.0,0.0
2026-06-18 15:05:56,0.0,0.0,0.0,0.0,0.0,0.0,0.0,0.0,36.53309520782532,36.99358556823319,36.96381553685855,15.0,0.0,36.0,0.0,0.0,0.0,0.0,0.0,0.0,0.0,0.0,0.0,0.0,0.0
2026-06-18 15:05:57,0.0,0.0,0.0,0.0,0.0,0.0,0.0,0.0,37.001904002946254,37.31818353042639,36.7364616137332,15.0,0.0,36.0,0.0,0.0,0.0,0.0,0.0,0.0,0.0,0.0,0.0,0.0,0.0
2026-06-18 15:05:57,0.0,0.0,0.0,0.0,0.0,0.0,0.0,0.0,37.03747676659625,37.04420706975266,37.23863284109045,15.0,0.0,36.0,0.0,0.0,0.0,0.0,0.0,0.0,0.0,0.0,0.0,0.0,0.0
2026-06-18 15:05:58,0.0,0.0,0.0,0.0,0.0,0.0,0.0,0.0,37.08510623505922,37.32995118118724,37.18036621217254,15.0,0.0,36.0,0.0,0.0,0.0,0.0,0.0,0.0,0.0,0.0,0.0,0.0,0.0
2026-06-18 15:05:58,0.0,0.0,0.0,0.0,0.0,0.0,0.0,0.0,37.05250664981507,36.854583505319624,37.02526271692657,15.0,0.0,36.0,0.0,0.0,0.0,0.0,0.0,0.0,0.0,0.0,0.0,0.0,0.0
2026-06-18 15:05:59,0.0,0.0,0.0,0.0,0.0,0.0,0.0,0.0,36.99762440098907,37.12675236533567,36.72994604647864,15.0,0.0,36.0,0.0,0.0,0.0,0.0,0.0,0.0,0.0,0.0,0.0,0.0,0.0
2026-06-18 15:05:59,0.0,0.0,0.0,0.0,0.0,0.0,0.0,0.0,37.08204005139897,37.00524115178988,37.286311256478875,15.0,0.0,36.0,0.0,0.0,0.0,0.0,0.0,0.0,0.0,0.0,0.0,0.0,0.0
2026-06-18 15:06:00,0.0,0.0,0.0,0.0,0.0,0.0,0.0,0.0,36.61581447413719,36.86418998683465,36.99817355468408,15.0,0.0,36.0,0.0,0.0,0.0,0.0,0.0,0.0,0.0,0.0,0.0,0.0,0.0
2026-06-18 15:06:00,0.0,0.0,0.0,0.0,0.0,0.0,0.0,0.0,37.0418060715996,37.38795388221782,37.04653947367678,15.0,0.0,36.0,0.0,0.0,0.0,0.0,0.0,0.0,0.0,0.0,0.0,0.0,0.0
2026-06-18 15:06:01,0.0,0.0,0.0,0.0,0.0,0.0,0.0,0.0,37.07812099592259,37.09678388590169,37.16453164493526,15.0,0.0,36.0,0.0,0.0,0.0,0.0,0.0,0.0,0.0,0.0,0.0,0.0,0.0
2026-06-18 15:06:01,0.0,0.0,0.0,0.0,0.0,0.0,0.0,0.0,37.050931644195366,37.044876018669484,36.932197832283435,15.0,0.0,36.0,0.0,0.0,0.0,0.0,0.0,0.0,0.0,0.0,0.0,0.0,0.0
2026-06-18 15:06:02,0.0,0.0,0.0,0.0,0.0,0.0,0.0,0.0,36.70165413967453,37.230810745266055,36.79247798228055,15.0,0.0,36.0,0.0,0.0,0.0,0.0,0.0,0.0,0.0,0.0,0.0,0.0,0.0
2026-06-18 15:06:02,0.0,0.0,0.0,0.0,0.0,0.0,0.0,0.0,36.648790565403736,37.37845980570135,36.77747609202978,15.0,0.0,36.0,0.0,0.0,0.0,0.0,0.0,0.0,0.0,0.0,0.0,0.0,0.0
2026-06-18 15:06:03,0.0,0.0,0.0,0.0,0.0,0.0,0.0,0.0,36.697902962209064,36.82469226500675,37.09598541944789,15.0,0.0,36.0,0.0,0.0,0.0,0.0,0.0,0.0,0.0,0.0,0.0,0.0,0.0
2026-06-18 15:06:03,0.0,0.0,0.0,0.0,0.0,0.0,0.0,0.0,36.72028336364685,36.87184740915462,37.23354629543085,15.0,0.0,36.0,0.0,0.0,0.0,0.0,0.0,0.0,0.0,0.0,0.0,0.0,0.0
2026-06-18 15:06:04,0.0,0.0,0.0,0.0,0.0,0.0,0.0,0.0,36.82252038331812,37.14107668044478,36.701780708307304,15.0,0.0,36.0,0.0,0.0,0.0,0.0,0.0,0.0,0.0,0.0,0.0,0.0,0.0
2026-06-18 15:06:04,0.0,0.0,0.0,0.0,0.0,0.0,0.0,0.0,36.645140714652086,36.84320144948455,37.299821168236384,15.0,0.0,36.0,0.0,0.0,0.0,0.0,0.0,0.0,0.0,0.0,0.0,0.0,0.0
2026-06-18 15:06:05,0.0,0.0,0.0,0.0,0.0,0.0,0.0,0.0,36.81572381591355,36.825804673685525,37.05646482641054,15.0,0.0,36.0,0.0,0.0,0.0,0.0,0.0,0.0,0.0,0.0,0.0,0.0,0.0
2026-06-18 15:06:05,0.0,0.0,0.0,0.0,0.0,0.0,0.0,0.0,36.954773499203434,37.36540793915801,37.17509145788967,15.0,0.0,36.0,0.0,0.0,0.0,0.0,0.0,0.0,0.0,0.0,0.0,0.0,0.0
2026-06-18 15:06:06,0.0,0.0,0.0,0.0,0.0,0.0,0.0,0.0,36.78865923595222,37.16095581003261,36.771140909363346,15.0,0.0,36.0,0.0,0.0,0.0,0.0,0.0,0.0,0.0,0.0,0.0,0.0,0.0
2026-06-18 15:06:06,0.0,0.0,0.0,0.0,0.0,0.0,0.0,0.0,37.09242289091193,37.33548310386855,37.13530758000443,15.0,0.0,36.0,0.0,0.0,0.0,0.0,0.0,0.0,0.0,0.0,0.0,0.0,0.0
2026-06-18 15:06:07,0.0,0.0,0.0,0.0,0.0,0.0,0.0,0.0,36.581131467879594,36.990013510835304,37.05731462818901,15.0,0.0,36.0,0.0,0.0,0.0,0.0,0.0,0.0,0.0,0.0,0.0,0.0,0.0
2026-06-18 15:06:07,0.0,0.0,0.0,0.0,0.0,0.0,0.0,0.0,37.072311122554204,36.883561732409255,37.158812453167776,15.0,0.0,36.0,0.0,0.0,0.0,0.0,0.0,0.0,0.0,0.0,0.0,0.0,0.0
2026-06-18 15:06:08,0.0,0.0,0.0,0.0,0.0,0.0,0.0,0.0,36.71183882283498,36.84404311050302,36.823457236322525,15.0,0.0,36.0,0.0,0.0,0.0,0.0,0.0,0.0,0.0,0.0,0.0,0.0,0.0
2026-06-18 15:06:08,0.0,0.0,0.0,0.0,0.0,0.0,0.0,0.0,36.740475917965306,37.169476187140084,37.01167480245808,16.0,0.0,36.0,0.0,0.0,0.0,0.0,0.0,0.0,0.0,0.0,0.0,0.0,0.0
2026-06-18 15:06:09,0.0,0.0,0.0,0.0,0.0,0.0,0.0,0.0,36.637527675318246,37.171191551754504,36.7378627406372,16.0,0.0,36.0,0.0,0.0,0.0,0.0,0.0,0.0,0.0,0.0,0.0,0.0,0.0
2026-06-18 15:06:09,0.0,0.0,0.0,0.0,0.0,0.0,0.0,0.0,36.64648274522093,36.9712496266714,37.208074472783466,16.0,0.0,36.0,0.0,0.0,0.0,0.0,0.0,0.0,0.0,0.0,0.0,0.0,0.0
2026-06-18 15:06:10,0.0,0.0,0.0,0.0,0.0,0.0,0.0,0.0,36.664530149757866,37.20170131276688,36.91679758150129,16.0,0.0,36.0,0.0,0.0,0.0,0.0,0.0,0.0,0.0,0.0,0.0,0.0,0.0
2026-06-18 15:06:10,0.0,0.0,0.0,0.0,0.0,0.0,0.0,0.0,37.07380952924687,37.07215479326568,36.80311007885224,16.0,0.0,36.0,0.0,0.0,0.0,0.0,0.0,0.0,0.0,0.0,0.0,0.0,0.0
2026-06-18 15:06:11,0.0,0.0,0.0,0.0,0.0,0.0,0.0,0.0,36.833597342783875,37.35832064153171,37.04131395041285,16.0,0.0,36.0,0.0,0.0,0.0,0.0,0.0,0.0,0.0,0.0,0.0,0.0,0.0
2026-06-18 15:06:11,0.0,0.0,0.0,0.0,0.0,0.0,0.0,0.0,36.5156209511464,37.36287829359309,36.97184145263477,16.0,0.0,36.0,0.0,0.0,0.0,0.0,0.0,0.0,0.0,0.0,0.0,0.0,0.0
2026-06-18 15:06:12,0.0,0.0,0.0,0.0,0.0,0.0,0.0,0.0,36.60542657305375,37.16857999106469,37.16829532847931,16.0,0.0,36.0,0.0,0.0,0.0,0.0,0.0,0.0,0.0,0.0,0.0,0.0,0.0
2026-06-18 15:06:12,0.0,0.0,0.0,0.0,0.0,0.0,0.0,0.0,36.72200050950187,37.0722679753465,37.112172990267204,16.0,0.0,36.0,0.0,0.0,0.0,0.0,0.0,0.0,0.0,0.0,0.0,0.0,0.0
2026-06-18 15:06:13,0.0,0.0,0.0,0.0,0.0,0.0,0.0,0.0,36.58274271456724,37.24792071386454,37.263873290116095,16.0,0.0,36.0,0.0,0.0,0.0,0.0,0.0,0.0,0.0,0.0,0.0,0.0,0.0
2026-06-18 15:06:13,0.0,0.0,0.0,0.0,0.0,0.0,0.0,0.0,36.87098195050492,37.09328673853481,37.161037372222836,16.0,0.0,36.0,0.0,0.0,0.0,0.0,0.0,0.0,0.0,0.0,0.0,0.0,0.0
2026-06-18 15:06:14,0.0,0.0,0.0,0.0,0.0,0.0,0.0,0.0,36.90027033562938,36.84780968881521,36.708072538602224,16.0,0.0,36.0,0.0,0.0,0.0,0.0,0.0,0.0,0.0,0.0,0.0,0.0,0.0
2026-06-18 15:06:14,0.0,0.0,0.0,0.0,0.0,0.0,0.0,0.0,36.66466021423092,37.33950083182283,37.12879897799143,16.0,0.0,36.0,0.0,0.0,0.0,0.0,0.0,0.0,0.0,0.0,0.0,0.0,0.0
2026-06-18 15:06:15,0.0,0.0,0.0,0.0,0.0,0.0,0.0,0.0,36.61286339137194,37.36130254730513,37.00477735063545,16.0,0.0,36.0,0.0,0.0,0.0,0.0,0.0,0.0,0.0,0.0,0.0,0.0,0.0
2026-06-18 15:06:15,0.0,0.0,0.0,0.0,0.0,0.0,0.0,0.0,36.85605868420762,37.015299501889615,36.73768391643933,16.0,0.0,36.0,0.0,0.0,0.0,0.0,0.0,0.0,0.0,0.0,0.0,0.0,0.0
2026-06-18 15:06:16,0.0,0.0,0.0,0.0,0.0,0.0,0.0,0.0,36.889692279431856,37.3634195144263,37.22976773836318,16.0,0.0,36.0,0.0,0.0,0.0,0.0,0.0,0.0,0.0,0.0,0.0,0.0,0.0
2026-06-18 15:06:16,0.0,0.0,0.0,0.0,0.0,0.0,0.0,0.0,36.94214745069628,37.10673429405168,37.16242536482902,16.0,0.0,36.0,0.0,0.0,0.0,0.0,0.0,0.0,0.0,0.0,0.0,0.0,0.0
2026-06-18 15:06:17,0.0,0.0,0.0,0.0,0.0,0.0,0.0,0.0,36.630953098944644,37.14041094255489,37.05131317107772,16.0,0.0,36.0,0.0,0.0,0.0,0.0,0.0,0.0,0.0,0.0,0.0,0.0,0.0
2026-06-18 15:06:17,0.0,0.0,0.0,0.0,0.0,0.0,0.0,0.0,37.01220952745248,37.142917152421525,36.89873032023574,16.0,0.0,36.0,0.0,0.0,0.0,0.0,0.0,0.0,0.0,0.0,0.0,0.0,0.0
2026-06-18 15:06:18,0.0,0.0,0.0,0.0,0.0,0.0,0.0,0.0,36.74893314727131,36.87619860669892,37.20032331220975,16.0,0.0,36.0,0.0,0.0,0.0,0.0,0.0,0.0,0.0,0.0,0.0,0.0,0.0
2026-06-18 15:06:18,0.0,0.0,0.0,0.0,0.0,0.0,0.0,0.0,36.94149318285167,37.31386202435539,36.90750040547976,16.0,0.0,36.0,0.0,0.0,0.0,0.0,0.0,0.0,0.0,0.0,0.0,0.0,0.0
2026-06-18 15:06:19,0.0,0.0,0.0,0.0,0.0,0.0,0.0,0.0,36.721138504059226,37.02864274435296,37.28322937035149,16.0,0.0,36.0,0.0,0.0,0.0,0.0,0.0,0.0,0.0,0.0,0.0,0.0,0.0
2026-06-18 15:06:19,0.0,0.0,0.0,0.0,0.0,0.0,0.0,0.0,36.92285041259703,37.061702412527005,36.853213132364154,16.0,0.0,36.0,0.0,0.0,0.0,0.0,0.0,0.0,0.0,0.0,0.0,0.0,0.0
2026-06-18 15:06:20,0.0,0.0,0.0,0.0,0.0,0.0,0.0,0.0,36.838855014567436,36.80365385868698,36.91107271459183,16.0,0.0,36.0,0.0,0.0,0.0,0.0,0.0,0.0,0.0,0.0,0.0,0.0,0.0
2026-06-18 15:06:20,0.0,0.0,0.0,0.0,0.0,0.0,0.0,0.0,36.8822799934599,37.04152162058575,37.18146845267428,16.0,0.0,36.0,0.0,0.0,0.0,0.0,0.0,0.0,0.0,0.0,0.0,0.0,0.0
2026-06-18 15:06:21,0.0,0.0,0.0,0.0,0.0,0.0,0.0,0.0,36.63918910745666,37.015759778663714,37.22081318097757,16.0,0.0,36.0,0.0,0.0,0.0,0.0,0.0,0.0,0.0,0.0,0.0,0.0,0.0
2026-06-18 15:06:21,0.0,0.0,0.0,0.0,0.0,0.0,0.0,0.0,36.991568288749534,37.11654897074875,37.28703631386313,16.0,0.0,36.0,0.0,0.0,0.0,0.0,0.0,0.0,0.0,0.0,0.0,0.0,0.0
2026-06-18 15:06:22,0.0,0.0,0.0,0.0,0.0,0.0,0.0,0.0,36.79401716499337,36.84705964680034,36.74107964080908,16.0,0.0,36.0,0.0,0.0,0.0,0.0,0.0,0.0,0.0,0.0,0.0,0.0,0.0
2026-06-18 15:06:22,0.0,0.0,0.0,0.0,0.0,0.0,0.0,0.0,36.59920056545905,37.06441837102587,37.15231779219627,16.0,0.0,36.0,0.0,0.0,0.0,0.0,0.0,0.0,0.0,0.0,0.0,0.0,0.0
2026-06-18 15:06:23,0.0,0.0,0.0,0.0,0.0,0.0,0.0,0.0,36.82551217807405,37.04687503067997,37.122900863128564,16.0,0.0,36.0,0.0,0.0,0.0,0.0,0.0,0.0,0.0,0.0,0.0,0.0,0.0
2026-06-18 15:06:23,0.0,0.0,0.0,0.0,0.0,0.0,0.0,0.0,36.933974991281936,37.05430734959463,36.975270588071005,16.0,0.0,36.0,0.0,0.0,0.0,0.0,0.0,0.0,0.0,0.0,0.0,0.0,0.0
2026-06-18 15:06:24,0.0,0.0,0.0,0.0,0.0,0.0,0.0,0.0,36.78468474583511,37.129085279364325,37.2377937141877,16.0,0.0,36.0,0.0,0.0,0.0,0.0,0.0,0.0,0.0,0.0,0.0,0.0,0.0
2026-06-18 15:06:24,0.0,0.0,0.0,0.0,0.0,0.0,0.0,0.0,36.75370930224332,37.23575342386984,36.92178723341477,16.0,0.0,36.0,0.0,0.0,0.0,0.0,0.0,0.0,0.0,0.0,0.0,0.0,0.0
2026-06-18 15:06:25,0.0,0.0,0.0,0.0,0.0,0.0,0.0,0.0,37.09289610749596,37.017573389870506,37.010578175150734,16.0,0.0,36.0,0.0,0.0,0.0,0.0,0.0,0.0,0.0,0.0,0.0,0.0,0.0
2026-06-18 15:06:25,0.0,0.0,0.0,0.0,0.0,0.0,0.0,0.0,36.97538167345751,37.3181964368833,36.93426333118594,16.0,0.0,36.0,0.0,0.0,0.0,0.0,0.0,0.0,0.0,0.0,0.0,0.0,0.0
2026-06-18 15:06:26,0.0,0.0,0.0,0.0,0.0,0.0,0.0,0.0,36.80293821781052,37.34542644135208,37.14069746658014,16.0,0.0,36.0,0.0,0.0,0.0,0.0,0.0,0.0,0.0,0.0,0.0,0.0,0.0
2026-06-18 15:06:26,0.0,0.0,0.0,0.0,0.0,0.0,0.0,0.0,36.73287319187019,37.03402003968387,36.770934610729675,16.0,0.0,36.0,0.0,0.0,0.0,0.0,0.0,0.0,0.0,0.0,0.0,0.0,0.0
2026-06-18 15:06:27,0.0,0.0,0.0,0.0,0.0,0.0,0.0,0.0,37.0744392042232,37.11636849422457,37.235122711825746,16.0,0.0,36.0,0.0,0.0,0.0,0.0,0.0,0.0,0.0,0.0,0.0,0.0,0.0
2026-06-18 15:06:27,0.0,0.0,0.0,0.0,0.0,0.0,0.0,0.0,37.07047591636649,37.23600457836863,36.975884401858686,16.0,0.0,36.0,0.0,0.0,0.0,0.0,0.0,0.0,0.0,0.0,0.0,0.0,0.0
2026-06-18 15:06:28,0.0,0.0,0.0,0.0,0.0,0.0,0.0,0.0,36.6171889866612,36.88851094642499,36.723949030465214,16.0,0.0,36.0,0.0,0.0,0.0,0.0,0.0,0.0,0.0,0.0,0.0,0.0,0.0
2026-06-18 15:06:28,0.0,0.0,0.0,0.0,0.0,0.0,0.0,0.0,36.77226780260571,37.21894309149794,36.87560922346699,16.0,0.0,36.0,0.0,0.0,0.0,0.0,0.0,0.0,0.0,0.0,0.0,0.0,0.0
2026-06-18 15:06:29,0.0,0.0,0.0,0.0,0.0,0.0,0.0,0.0,36.95649746733434,37.10289211489717,36.71049813206209,16.0,0.0,36.0,0.0,0.0,0.0,0.0,0.0,0.0,0.0,0.0,0.0,0.0,0.0
2026-06-18 15:06:29,0.0,0.0,0.0,0.0,0.0,0.0,0.0,0.0,36.746910464495166,37.284366522253805,36.89113370482159,16.0,0.0,36.0,0.0,0.0,0.0,0.0,0.0,0.0,0.0,0.0,0.0,0.0,0.0
2026-06-18 15:06:30,0.0,0.0,0.0,0.0,0.0,0.0,0.0,0.0,36.606347000945995,36.80857462287544,36.87278091361487,16.0,0.0,36.0,0.0,0.0,0.0,0.0,0.0,0.0,0.0,0.0,0.0,0.0,0.0
2026-06-18 15:06:30,0.0,0.0,0.0,0.0,0.0,0.0,0.0,0.0,36.95354774477607,37.32163951415826,37.111194998437874,16.0,0.0,36.0,0.0,0.0,0.0,0.0,0.0,0.0,0.0,0.0,0.0,0.0,0.0
2026-06-18 15:06:31,0.0,0.0,0.0,0.0,0.0,0.0,0.0,0.0,36.83792254001997,37.38042385069046,36.83028170481062,16.0,0.0,36.0,0.0,0.0,0.0,0.0,0.0,0.0,0.0,0.0,0.0,0.0,0.0
2026-06-18 15:06:31,0.0,0.0,0.0,0.0,0.0,0.0,0.0,0.0,36.806157361214915,37.28695045674288,37.2348314346425,16.0,0.0,36.0,0.0,0.0,0.0,0.0,0.0,0.0,0.0,0.0,0.0,0.0,0.0
2026-06-18 15:06:32,0.0,0.0,0.0,0.0,0.0,0.0,0.0,0.0,36.87230102738463,36.94409659953155,36.9602277203353,16.0,0.0,36.0,0.0,0.0,0.0,0.0,0.0,0.0,0.0,0.0,0.0,0.0,0.0
2026-06-18 15:06:32,0.0,0.0,0.0,0.0,0.0,0.0,0.0,0.0,36.79590206040433,37.39734821783622,37.28724065469429,16.0,0.0,36.0,0.0,0.0,0.0,0.0,0.0,0.0,0.0,0.0,0.0,0.0,0.0
2026-06-18 15:06:33,0.0,0.0,0.0,0.0,0.0,0.0,0.0,0.0,36.84054316868372,37.260125360157886,37.20366403457651,16.0,0.0,36.0,0.0,0.0,0.0,0.0,0.0,0.0,0.0,0.0,0.0,0.0,0.0
2026-06-18 15:06:33,0.0,0.0,0.0,0.0,0.0,0.0,0.0,0.0,36.601010488417714,37.08244611466545,37.08428948584085,16.0,0.0,36.0,0.0,0.0,0.0,0.0,0.0,0.0,0.0,0.0,0.0,0.0,0.0
2026-06-18 15:06:34,0.0,0.0,0.0,0.0,0.0,0.0,0.0,0.0,36.57042116453101,37.349370915351074,37.127557704169085,16.0,0.0,36.0,0.0,0.0,0.0,0.0,0.0,0.0,0.0,0.0,0.0,0.0,0.0
2026-06-18 15:06:34,0.0,0.0,0.0,0.0,0.0,0.0,0.0,0.0,36.823406987538036,37.119379085975126,36.94416941778204,16.0,0.0,36.0,0.0,0.0,0.0,0.0,0.0,0.0,0.0,0.0,0.0,0.0,0.0
2026-06-18 15:06:35,0.0,0.0,0.0,0.0,0.0,0.0,0.0,0.0,36.60855255738889,36.93539267367253,36.70799572223193,16.0,0.0,36.0,0.0,0.0,0.0,0.0,0.0,0.0,0.0,0.0,0.0,0.0,0.0
2026-06-18 15:06:35,0.0,0.0,0.0,0.0,0.0,0.0,0.0,0.0,36.918688607808456,37.35273262203024,37.19297913597103,16.0,0.0,36.0,0.0,0.0,0.0,0.0,0.0,0.0,0.0,0.0,0.0,0.0,0.0
2026-06-18 15:06:36,0.0,0.0,0.0,0.0,0.0,0.0,0.0,0.0,36.769524720565464,36.96225013989554,36.85975280950687,16.0,0.0,36.0,0.0,0.0,0.0,0.0,0.0,0.0,0.0,0.0,0.0,0.0,0.0
2026-06-18 15:06:36,0.0,0.0,0.0,0.0,0.0,0.0,0.0,0.0,36.540891801358434,36.90709882775639,36.70532789574214,16.0,0.0,36.0,0.0,0.0,0.0,0.0,0.0,0.0,0.0,0.0,0.0,0.0,0.0
2026-06-18 15:06:37,0.0,0.0,0.0,0.0,0.0,0.0,0.0,0.0,36.94602608727479,36.936899049743324,36.89955593736674,16.0,0.0,36.0,0.0,0.0,0.0,0.0,0.0,0.0,0.0,0.0,0.0,0.0,0.0
2026-06-18 15:06:37,0.0,0.0,0.0,0.0,0.0,0.0,0.0,0.0,36.73519975442212,37.013884338027104,36.8311683658158,16.0,0.0,36.0,0.0,0.0,0.0,0.0,0.0,0.0,0.0,0.0,0.0,0.0,0.0
2026-06-18 15:06:38,0.0,0.0,0.0,0.0,0.0,0.0,0.0,0.0,36.617533601137794,37.24395420302734,36.973243506797175,16.0,0.0,36.0,0.0,0.0,0.0,0.0,0.0,0.0,0.0,0.0,0.0,0.0,0.0
2026-06-18 15:06:38,0.0,0.0,0.0,0.0,0.0,0.0,0.0,0.0,36.64947474289227,37.21734094073679,37.10802640259663,16.0,0.0,36.0,0.0,0.0,0.0,0.0,0.0,0.0,0.0,0.0,0.0,0.0,0.0
2026-06-18 15:06:39,0.0,0.0,0.0,0.0,0.0,0.0,0.0,0.0,36.547998546125626,36.953682863396324,37.240028830711346,16.0,0.0,36.0,0.0,0.0,0.0,0.0,0.0,0.0,0.0,0.0,0.0,0.0,0.0
2026-06-18 15:06:39,0.0,0.0,0.0,0.0,0.0,0.0,0.0,0.0,37.07597233182008,37.05248543853753,36.764794301903095,16.0,0.0,36.0,0.0,0.0,0.0,0.0,0.0,0.0,0.0,0.0,0.0,0.0,0.0
2026-06-18 15:06:40,0.0,0.0,0.0,0.0,0.0,0.0,0.0,0.0,36.858257065754195,37.05643199479623,37.03194559891895,16.0,0.0,36.0,0.0,0.0,0.0,0.0,0.0,0.0,0.0,0.0,0.0,0.0,0.0
2026-06-18 15:06:40,0.0,0.0,0.0,0.0,0.0,0.0,0.0,0.0,36.99203927744295,36.96068857182862,37.11010915943954,16.0,0.0,36.0,0.0,0.0,0.0,0.0,0.0,0.0,0.0,0.0,0.0,0.0,0.0
2026-06-18 15:06:41,0.0,0.0,0.0,0.0,0.0,0.0,0.0,0.0,36.82930906614716,36.841992995347205,36.82710895062562,16.0,0.0,36.0,0.0,0.0,0.0,0.0,0.0,0.0,0.0,0.0,0.0,0.0,0.0
2026-06-18 15:06:41,0.0,0.0,0.0,0.0,0.0,0.0,0.0,0.0,36.99142363674614,37.32770935562781,36.97744892003096,16.0,0.0,36.0,0.0,0.0,0.0,0.0,0.0,0.0,0.0,0.0,0.0,0.0,0.0
2026-06-18 15:06:42,0.0,0.0,0.0,0.0,0.0,0.0,0.0,0.0,36.68432061293182,36.991237554612205,37.15574838677901,16.0,0.0,36.0,0.0,0.0,0.0,0.0,0.0,0.0,0.0,0.0,0.0,0.0,0.0
2026-06-18 15:06:42,0.0,0.0,0.0,0.0,0.0,0.0,0.0,0.0,36.93193966281528,36.89379263246235,37.20763898084766,16.0,0.0,36.0,0.0,0.0,0.0,0.0,0.0,0.0,0.0,0.0,0.0,0.0,0.0
2026-06-18 15:06:43,0.0,0.0,0.0,0.0,0.0,0.0,0.0,0.0,36.5210471269129,37.20816022593211,36.82193625159864,16.0,0.0,36.0,0.0,0.0,0.0,0.0,0.0,0.0,0.0,0.0,0.0,0.0,0.0
2026-06-18 15:06:43,0.0,0.0,0.0,0.0,0.0,0.0,0.0,0.0,36.50989640912695,37.34249572446284,36.71595567733058,16.0,0.0,36.0,0.0,0.0,0.0,0.0,0.0,0.0,0.0,0.0,0.0,0.0,0.0
2026-06-18 15:06:44,0.0,0.0,0.0,0.0,0.0,0.0,0.0,0.0,36.50805902853518,36.87152170359214,36.96465641623437,16.0,0.0,36.0,0.0,0.0,0.0,0.0,0.0,0.0,0.0,0.0,0.0,0.0,0.0
2026-06-18 15:06:44,0.0,0.0,0.0,0.0,0.0,0.0,0.0,0.0,36.65545061333297,36.84228698798905,36.74291829190367,16.0,0.0,36.0,0.0,0.0,0.0,0.0,0.0,0.0,0.0,0.0,0.0,0.0,0.0
2026-06-18 15:06:45,0.0,0.0,0.0,0.0,0.0,0.0,0.0,0.0,37.024360734307464,36.95462780903033,37.289506946287375,16.0,0.0,36.0,0.0,0.0,0.0,0.0,0.0,0.0,0.0,0.0,0.0,0.0,0.0
2026-06-18 15:06:45,0.0,0.0,0.0,0.0,0.0,0.0,0.0,0.0,36.61501360344633,37.11868035049534,36.876871617943046,16.0,0.0,36.0,0.0,0.0,0.0,0.0,0.0,0.0,0.0,0.0,0.0,0.0,0.0
2026-06-18 15:06:46,0.0,0.0,0.0,0.0,0.0,0.0,0.0,0.0,36.78961970095279,37.31921050050084,37.290224182480934,16.0,0.0,36.0,0.0,0.0,0.0,0.0,0.0,0.0,0.0,0.0,0.0,0.0,0.0
2026-06-18 15:06:46,0.0,0.0,0.0,0.0,0.0,0.0,0.0,0.0,36.64970263976037,36.89478548685043,37.147852582132316,16.0,0.0,36.0,0.0,0.0,0.0,0.0,0.0,0.0,0.0,0.0,0.0,0.0,0.0
2026-06-18 15:06:47,0.0,0.0,0.0,0.0,0.0,0.0,0.0,0.0,36.50283925101939,37.04379011239372,37.13392244188986,16.0,0.0,36.0,0.0,0.0,0.0,0.0,0.0,0.0,0.0,0.0,0.0,0.0,0.0
2026-06-18 15:06:47,0.0,0.0,0.0,0.0,0.0,0.0,0.0,0.0,36.605206230593204,37.16197375189191,37.2103090883958,16.0,0.0,36.0,0.0,0.0,0.0,0.0,0.0,0.0,0.0,0.0,0.0,0.0,0.0
2026-06-18 15:06:48,0.0,0.0,0.0,0.0,0.0,0.0,0.0,0.0,36.9827728884455,36.81346669605356,37.03646086131706,16.0,0.0,36.0,0.0,0.0,0.0,0.0,0.0,0.0,0.0,0.0,0.0,0.0,0.0
2026-06-18 15:06:48,0.0,0.0,0.0,0.0,0.0,0.0,0.0,0.0,36.794201031004405,36.98604740552865,37.21711685411426,16.0,0.0,36.0,0.0,0.0,0.0,0.0,0.0,0.0,0.0,0.0,0.0,0.0,0.0
2026-06-18 15:06:49,0.0,0.0,0.0,0.0,0.0,0.0,0.0,0.0,36.54222175852515,37.3910084004959,37.24136889998968,16.0,0.0,36.0,0.0,0.0,0.0,0.0,0.0,0.0,0.0,0.0,0.0,0.0,0.0
2026-06-18 15:06:49,0.0,0.0,0.0,0.0,0.0,0.0,0.0,0.0,36.985147503918554,37.15434964177317,36.953004606474366,16.0,0.0,36.0,0.0,0.0,0.0,0.0,0.0,0.0,0.0,0.0,0.0,0.0,0.0
2026-06-18 15:06:50,0.0,0.0,0.0,0.0,0.0,0.0,0.0,0.0,36.82470040274659,37.16868213956909,37.23870697019416,16.0,0.0,36.0,0.0,0.0,0.0,0.0,0.0,0.0,0.0,0.0,0.0,0.0,0.0
2026-06-18 15:06:50,0.0,0.0,0.0,0.0,0.0,0.0,0.0,0.0,36.97421370288458,36.99892553671576,37.15954439246139,16.0,0.0,36.0,0.0,0.0,0.0,0.0,0.0,0.0,0.0,0.0,0.0,0.0,0.0
2026-06-18 15:06:51,0.0,0.0,0.0,0.0,0.0,0.0,0.0,0.0,37.02330562086952,37.07720896333976,37.02784744461082,16.0,0.0,36.0,0.0,0.0,0.0,0.0,0.0,0.0,0.0,0.0,0.0,0.0,0.0
2026-06-18 15:06:51,0.0,0.0,0.0,0.0,0.0,0.0,0.0,0.0,36.7185026074856,37.12812427171994,36.94606407264827,16.0,0.0,36.0,0.0,0.0,0.0,0.0,0.0,0.0,0.0,0.0,0.0,0.0,0.0
2026-06-18 15:06:52,0.0,0.0,0.0,0.0,0.0,0.0,0.0,0.0,36.754134501302616,37.27212560736444,36.775447238663816,16.0,0.0,36.0,0.0,0.0,0.0,0.0,0.0,0.0,0.0,0.0,0.0,0.0,0.0
2026-06-18 15:06:52,0.0,0.0,0.0,0.0,0.0,0.0,0.0,0.0,36.55028692928813,37.25808663726269,36.8156504108312,16.0,0.0,36.0,0.0,0.0,0.0,0.0,0.0,0.0,0.0,0.0,0.0,0.0,0.0
2026-06-18 15:06:53,0.0,0.0,0.0,0.0,0.0,0.0,0.0,0.0,36.70724980316446,36.99635470832315,37.18308502858411,16.0,0.0,36.0,0.0,0.0,0.0,0.0,0.0,0.0,0.0,0.0,0.0,0.0,0.0
2026-06-18 15:06:53,0.0,0.0,0.0,0.0,0.0,0.0,0.0,0.0,36.77852463156231,37.132147192215136,37.061539748637266,16.0,0.0,36.0,0.0,0.0,0.0,0.0,0.0,0.0,0.0,0.0,0.0,0.0,0.0
2026-06-18 15:06:54,0.0,0.0,0.0,0.0,0.0,0.0,0.0,0.0,36.767525613061444,37.22791980033256,36.834950944350126,16.0,0.0,36.0,0.0,0.0,0.0,0.0,0.0,0.0,0.0,0.0,0.0,0.0,0.0
2026-06-18 15:06:54,0.0,0.0,0.0,0.0,0.0,0.0,0.0,0.0,36.704654758315634,36.97737830938333,37.062042542405095,16.0,0.0,36.0,0.0,0.0,0.0,0.0,0.0,0.0,0.0,0.0,0.0,0.0,0.0
2026-06-18 15:06:55,0.0,0.0,0.0,0.0,0.0,0.0,0.0,0.0,36.70817011429951,37.34436389996132,37.13038503562949,16.0,0.0,36.0,0.0,0.0,0.0,0.0,0.0,0.0,0.0,0.0,0.0,0.0,0.0
2026-06-18 15:06:55,0.0,0.0,0.0,0.0,0.0,0.0,0.0,0.0,36.850459156794635,37.016869776177295,36.99475297497213,16.0,0.0,36.0,0.0,0.0,0.0,0.0,0.0,0.0,0.0,0.0,0.0,0.0,0.0
2026-06-18 15:06:56,0.0,0.0,0.0,0.0,0.0,0.0,0.0,0.0,36.778608570479186,36.91757989561925,37.192616079535135,16.0,0.0,36.0,0.0,0.0,0.0,0.0,0.0,0.0,0.0,0.0,0.0,0.0,0.0
2026-06-18 15:06:56,0.0,0.0,0.0,0.0,0.0,0.0,0.0,0.0,36.593417645232186,37.02756304691795,36.84517778263602,16.0,0.0,36.0,0.0,0.0,0.0,0.0,0.0,0.0,0.0,0.0,0.0,0.0,0.0
2026-06-18 15:06:57,0.0,0.0,0.0,0.0,0.0,0.0,0.0,0.0,37.056717040087875,36.94181601421314,37.07082765136744,16.0,0.0,36.0,0.0,0.0,0.0,0.0,0.0,0.0,0.0,0.0,0.0,0.0,0.0
2026-06-18 15:06:57,0.0,0.0,0.0,0.0,0.0,0.0,0.0,0.0,36.69529754768954,36.82363921389775,37.06529648130194,16.0,0.0,36.0,0.0,0.0,0.0,0.0,0.0,0.0,0.0,0.0,0.0,0.0,0.0
2026-06-18 15:06:58,0.0,0.0,0.0,0.0,0.0,0.0,0.0,0.0,36.87177205008215,36.85132280118754,37.19336023053525,16.0,0.0,36.0,0.0,0.0,0.0,0.0,0.0,0.0,0.0,0.0,0.0,0.0,0.0
2026-06-18 15:06:58,0.0,0.0,0.0,0.0,0.0,0.0,0.0,0.0,36.59587439722723,37.280512646593,37.0449604822912,16.0,0.0,36.0,0.0,0.0,0.0,0.0,0.0,0.0,0.0,0.0,0.0,0.0,0.0
2026-06-18 15:06:59,0.0,0.0,0.0,0.0,0.0,0.0,0.0,0.0,36.73534254342383,37.27069013411996,36.7823810424406,16.0,0.0,36.0,0.0,0.0,0.0,0.0,0.0,0.0,0.0,0.0,0.0,0.0,0.0
2026-06-18 15:06:59,0.0,0.0,0.0,0.0,0.0,0.0,0.0,0.0,36.85513927548035,37.38836328286604,36.78238115533493,16.0,0.0,36.0,0.0,0.0,0.0,0.0,0.0,0.0,0.0,0.0,0.0,0.0,0.0
2026-06-18 15:07:00,0.0,0.0,0.0,0.0,0.0,0.0,0.0,0.0,36.99781809936029,37.20146276378829,36.982192703527296,16.0,0.0,36.0,0.0,0.0,0.0,0.0,0.0,0.0,0.0,0.0,0.0,0.0,0.0
2026-06-18 15:07:00,0.0,0.0,0.0,0.0,0.0,0.0,0.0,0.0,36.860245335474694,36.847666946643464,37.03962436666138,16.0,0.0,36.0,0.0,0.0,0.0,0.0,0.0,0.0,0.0,0.0,0.0,0.0,0.0
2026-06-18 15:07:01,0.0,0.0,0.0,0.0,0.0,0.0,0.0,0.0,36.890116936723345,37.0892972100774,37.19869237486414,16.0,0.0,36.0,0.0,0.0,0.0,0.0,0.0,0.0,0.0,0.0,0.0,0.0,0.0
2026-06-18 15:07:01,0.0,0.0,0.0,0.0,0.0,0.0,0.0,0.0,36.75445871786924,36.932525835491425,37.19234514483572,16.0,0.0,36.0,0.0,0.0,0.0,0.0,0.0,0.0,0.0,0.0,0.0,0.0,0.0
2026-06-18 15:07:02,0.0,0.0,0.0,0.0,0.0,0.0,0.0,0.0,36.99584390868435,37.181238714946005,37.14444965096787,16.0,0.0,36.0,0.0,0.0,0.0,0.0,0.0,0.0,0.0,0.0,0.0,0.0,0.0
2026-06-18 15:07:02,0.0,0.0,0.0,0.0,0.0,0.0,0.0,0.0,36.8098120873753,37.36067174798596,36.89421211896296,16.0,0.0,36.0,0.0,0.0,0.0,0.0,0.0,0.0,0.0,0.0,0.0,0.0,0.0
2026-06-18 15:07:03,0.0,0.0,0.0,0.0,0.0,0.0,0.0,0.0,37.05582600596121,36.832020823626486,36.88883903988139,16.0,0.0,36.0,0.0,0.0,0.0,0.0,0.0,0.0,0.0,0.0,0.0,0.0,0.0
2026-06-18 15:07:03,0.0,0.0,0.0,0.0,0.0,0.0,0.0,0.0,36.83346443400697,37.05267474250695,37.032492113939654,16.0,0.0,36.0,0.0,0.0,0.0,0.0,0.0,0.0,0.0,0.0,0.0,0.0,0.0
2026-06-18 15:07:04,0.0,0.0,0.0,0.0,0.0,0.0,0.0,0.0,36.60054453767234,37.305896374386855,37.29243106455733,16.0,0.0,36.0,0.0,0.0,0.0,0.0,0.0,0.0,0.0,0.0,0.0,0.0,0.0
2026-06-18 15:07:04,0.0,0.0,0.0,0.0,0.0,0.0,0.0,0.0,36.72703441880362,37.38846249099476,37.009997092383806,16.0,0.0,36.0,0.0,0.0,0.0,0.0,0.0,0.0,0.0,0.0,0.0,0.0,0.0
2026-06-18 15:07:05,0.0,0.0,0.0,0.0,0.0,0.0,0.0,0.0,37.06271170846367,37.04203002412449,36.860476427327406,16.0,0.0,36.0,0.0,0.0,0.0,0.0,0.0,0.0,0.0,0.0,0.0,0.0,0.0
2026-06-18 15:07:05,0.0,0.0,0.0,0.0,0.0,0.0,0.0,0.0,36.63059305417983,36.876414493002756,36.866820027517925,16.0,0.0,36.0,0.0,0.0,0.0,0.0,0.0,0.0,0.0,0.0,0.0,0.0,0.0
2026-06-18 15:07:06,0.0,0.0,0.0,0.0,0.0,0.0,0.0,0.0,36.89341004096351,37.01846203458913,36.89609103746092,16.0,0.0,36.0,0.0,0.0,0.0,0.0,0.0,0.0,0.0,0.0,0.0,0.0,0.0
2026-06-18 15:07:06,0.0,0.0,0.0,0.0,0.0,0.0,0.0,0.0,37.060031977966425,37.02894191783563,36.90461715017768,16.0,0.0,36.0,0.0,0.0,0.0,0.0,0.0,0.0,0.0,0.0,0.0,0.0,0.0
2026-06-18 15:07:07,0.0,0.0,0.0,0.0,0.0,0.0,0.0,0.0,36.78226580104948,36.84416067234444,36.751065809759396,16.0,0.0,36.0,0.0,0.0,0.0,0.0,0.0,0.0,0.0,0.0,0.0,0.0,0.0
2026-06-18 15:07:07,0.0,0.0,0.0,0.0,0.0,0.0,0.0,0.0,36.74774487738946,36.80731767880926,37.16196756917492,16.0,0.0,36.0,0.0,0.0,0.0,0.0,0.0,0.0,0.0,0.0,0.0,0.0,0.0
2026-06-18 15:07:08,0.0,0.0,0.0,0.0,0.0,0.0,0.0,0.0,36.733990413567945,37.05275586678508,36.787230095765096,16.0,0.0,36.0,0.0,0.0,0.0,0.0,0.0,0.0,0.0,0.0,0.0,0.0,0.0
2026-06-18 15:07:08,0.0,0.0,0.0,0.0,0.0,0.0,0.0,0.0,36.57019575575512,37.30779823723394,37.24947037213001,16.0,0.0,36.0,0.0,0.0,0.0,0.0,0.0,0.0,0.0,0.0,0.0,0.0,0.0
2026-06-18 15:07:09,0.0,0.0,0.0,0.0,0.0,0.0,0.0,0.0,36.704660202411695,37.025087970536795,36.90976230403749,16.0,0.0,36.0,0.0,0.0,0.0,0.0,0.0,0.0,0.0,0.0,0.0,0.0,0.0
2026-06-18 15:07:09,0.0,0.0,0.0,0.0,0.0,0.0,0.0,0.0,36.50085889844821,37.21758498843937,36.82434191050038,16.0,0.0,36.0,0.0,0.0,0.0,0.0,0.0,0.0,0.0,0.0,0.0,0.0,0.0
2026-06-18 15:07:10,0.0,0.0,0.0,0.0,0.0,0.0,0.0,0.0,36.9582000758584,37.003896719368456,37.106354051894876,16.0,0.0,36.0,0.0,0.0,0.0,0.0,0.0,0.0,0.0,0.0,0.0,0.0,0.0
2026-06-18 15:07:10,0.0,0.0,0.0,0.0,0.0,0.0,0.0,0.0,37.09406061987335,36.96175404250076,37.10138089109673,16.0,0.0,36.0,0.0,0.0,0.0,0.0,0.0,0.0,0.0,0.0,0.0,0.0,0.0
2026-06-18 15:07:11,0.0,0.0,0.0,0.0,0.0,0.0,0.0,0.0,36.58347804014784,37.377869696484915,37.25602657489167,16.0,0.0,36.0,0.0,0.0,0.0,0.0,0.0,0.0,0.0,0.0,0.0,0.0,0.0
2026-06-18 15:07:11,0.0,0.0,0.0,0.0,0.0,0.0,0.0,0.0,36.904101652975456,37.04310951989489,36.72980346568769,16.0,0.0,36.0,0.0,0.0,0.0,0.0,0.0,0.0,0.0,0.0,0.0,0.0,0.0
2026-06-18 15:07:12,0.0,0.0,0.0,0.0,0.0,0.0,0.0,0.0,36.5714778465485,37.350644990001705,36.7374938073337,16.0,0.0,36.0,0.0,0.0,0.0,0.0,0.0,0.0,0.0,0.0,0.0,0.0,0.0
2026-06-18 15:07:12,0.0,0.0,0.0,0.0,0.0,0.0,0.0,0.0,36.60303074409497,37.08806427172997,37.04382119057934,16.0,0.0,36.0,0.0,0.0,0.0,0.0,0.0,0.0,0.0,0.0,0.0,0.0,0.0
2026-06-18 15:07:13,0.0,0.0,0.0,0.0,0.0,0.0,0.0,0.0,36.80659551892383,37.213592867610124,36.946385924389524,16.0,0.0,36.0,0.0,0.0,0.0,0.0,0.0,0.0,0.0,0.0,0.0,0.0,0.0
2026-06-18 15:07:13,0.0,0.0,0.0,0.0,0.0,0.0,0.0,0.0,36.93136265745926,37.229862512663374,36.87440630421883,16.0,0.0,36.0,0.0,0.0,0.0,0.0,0.0,0.0,0.0,0.0,0.0,0.0,0.0
2026-06-18 15:07:14,0.0,0.0,0.0,0.0,0.0,0.0,0.0,0.0,36.51436837683639,36.80843182809958,37.223290849755436,16.0,0.0,36.0,0.0,0.0,0.0,0.0,0.0,0.0,0.0,0.0,0.0,0.0,0.0
2026-06-18 15:07:14,0.0,0.0,0.0,0.0,0.0,0.0,0.0,0.0,36.77266526628971,37.299081196759815,36.91148784362308,16.0,0.0,36.0,0.0,0.0,0.0,0.0,0.0,0.0,0.0,0.0,0.0,0.0,0.0
2026-06-18 15:07:15,0.0,0.0,0.0,0.0,0.0,0.0,0.0,0.0,36.59365613327613,36.90883736469064,36.94636486429288,16.0,0.0,36.0,0.0,0.0,0.0,0.0,0.0,0.0,0.0,0.0,0.0,0.0,0.0
2026-06-18 15:07:15,0.0,0.0,0.0,0.0,0.0,0.0,0.0,0.0,36.58027780484299,37.35104077692194,37.23822896196458,16.0,0.0,36.0,0.0,0.0,0.0,0.0,0.0,0.0,0.0,0.0,0.0,0.0,0.0
2026-06-18 15:07:16,0.0,0.0,0.0,0.0,0.0,0.0,0.0,0.0,36.52507901290565,37.3386509280912,37.111021995917994,16.0,0.0,36.0,0.0,0.0,0.0,0.0,0.0,0.0,0.0,0.0,0.0,0.0,0.0
2026-06-18 15:07:16,0.0,0.0,0.0,0.0,0.0,0.0,0.0,0.0,37.0345205259871,37.142955527832115,37.18813955375025,16.0,0.0,36.0,0.0,0.0,0.0,0.0,0.0,0.0,0.0,0.0,0.0,0.0,0.0
2026-06-18 15:07:17,0.0,0.0,0.0,0.0,0.0,0.0,0.0,0.0,36.590386992399615,37.14811629609208,36.83709480552404,16.0,0.0,36.0,0.0,0.0,0.0,0.0,0.0,0.0,0.0,0.0,0.0,0.0,0.0
2026-06-18 15:07:17,0.0,0.0,0.0,0.0,0.0,0.0,0.0,0.0,36.9947062872858,37.006319601053725,36.77225686167242,16.0,0.0,36.0,0.0,0.0,0.0,0.0,0.0,0.0,0.0,0.0,0.0,0.0,0.0
2026-06-18 15:07:18,0.0,0.0,0.0,0.0,0.0,0.0,0.0,0.0,36.71906158235616,37.12349651209223,36.92772325101582,16.0,0.0,36.0,0.0,0.0,0.0,0.0,0.0,0.0,0.0,0.0,0.0,0.0,0.0
2026-06-18 15:07:18,0.0,0.0,0.0,0.0,0.0,0.0,0.0,0.0,37.08505005988089,37.19030875364113,37.08203453304898,16.0,0.0,36.0,0.0,0.0,0.0,0.0,0.0,0.0,0.0,0.0,0.0,0.0,0.0
2026-06-18 15:07:19,0.0,0.0,0.0,0.0,0.0,0.0,0.0,0.0,36.89364518861316,37.258427170656795,37.025770792339465,16.0,0.0,36.0,0.0,0.0,0.0,0.0,0.0,0.0,0.0,0.0,0.0,0.0,0.0
2026-06-18 15:07:19,0.0,0.0,0.0,0.0,0.0,0.0,0.0,0.0,36.781349322767774,37.14552079049447,36.908548867974794,16.0,0.0,36.0,0.0,0.0,0.0,0.0,0.0,0.0,0.0,0.0,0.0,0.0,0.0
2026-06-18 15:07:20,0.0,0.0,0.0,0.0,0.0,0.0,0.0,0.0,36.83111758184185,37.30189800520696,37.182551216392305,16.0,0.0,36.0,0.0,0.0,0.0,0.0,0.0,0.0,0.0,0.0,0.0,0.0,0.0
2026-06-18 15:07:20,0.0,0.0,0.0,0.0,0.0,0.0,0.0,0.0,36.696032091297326,37.269115888771005,36.95151202317218,16.0,0.0,36.0,0.0,0.0,0.0,0.0,0.0,0.0,0.0,0.0,0.0,0.0,0.0
2026-06-18 15:07:21,0.0,0.0,0.0,0.0,0.0,0.0,0.0,0.0,36.81847464560347,37.14088045403323,36.90746892622437,16.0,0.0,36.0,0.0,0.0,0.0,0.0,0.0,0.0,0.0,0.0,0.0,0.0,0.0
2026-06-18 15:07:21,0.0,0.0,0.0,0.0,0.0,0.0,0.0,0.0,36.86394934321778,37.04494560137786,37.04613976279572,16.0,0.0,36.0,0.0,0.0,0.0,0.0,0.0,0.0,0.0,0.0,0.0,0.0,0.0
2026-06-18 15:07:22,0.0,0.0,0.0,0.0,0.0,0.0,0.0,0.0,36.823942923694744,37.121998676214986,36.993282455598,16.0,0.0,36.0,0.0,0.0,0.0,0.0,0.0,0.0,0.0,0.0,0.0,0.0,0.0
2026-06-18 15:07:22,0.0,0.0,0.0,0.0,0.0,0.0,0.0,0.0,37.002810105090155,37.28587542768313,37.2282933634448,16.0,0.0,36.0,0.0,0.0,0.0,0.0,0.0,0.0,0.0,0.0,0.0,0.0,0.0
2026-06-18 15:07:23,0.0,0.0,0.0,0.0,0.0,0.0,0.0,0.0,37.063174648209575,36.968129745533865,37.04480198883091,16.0,0.0,36.0,0.0,0.0,0.0,0.0,0.0,0.0,0.0,0.0,0.0,0.0,0.0
2026-06-18 15:07:23,0.0,0.0,0.0,0.0,0.0,0.0,0.0,0.0,36.97139306308791,37.193759145273035,36.92732279767424,16.0,0.0,36.0,0.0,0.0,0.0,0.0,0.0,0.0,0.0,0.0,0.0,0.0,0.0
2026-06-18 15:07:24,0.0,0.0,0.0,0.0,0.0,0.0,0.0,0.0,36.591219009585025,37.36087872863622,37.06988281625652,16.0,0.0,36.0,0.0,0.0,0.0,0.0,0.0,0.0,0.0,0.0,0.0,0.0,0.0
2026-06-18 15:07:24,0.0,0.0,0.0,0.0,0.0,0.0,0.0,0.0,36.816994178541364,37.37585050273145,36.82948319186197,16.0,0.0,36.0,0.0,0.0,0.0,0.0,0.0,0.0,0.0,0.0,0.0,0.0,0.0
2026-06-18 15:07:25,0.0,0.0,0.0,0.0,0.0,0.0,0.0,0.0,36.58432306397441,37.22224061750771,36.84938916969726,16.0,0.0,36.0,0.0,0.0,0.0,0.0,0.0,0.0,0.0,0.0,0.0,0.0,0.0
2026-06-18 15:07:25,0.0,0.0,0.0,0.0,0.0,0.0,0.0,0.0,36.897337658717085,37.28573264713412,36.96583313966831,16.0,0.0,36.0,0.0,0.0,0.0,0.0,0.0,0.0,0.0,0.0,0.0,0.0,0.0
2026-06-18 15:07:26,0.0,0.0,0.0,0.0,0.0,0.0,0.0,0.0,36.67858020775203,37.34911310799957,36.79121247945962,16.0,0.0,36.0,0.0,0.0,0.0,0.0,0.0,0.0,0.0,0.0,0.0,0.0,0.0
2026-06-18 15:07:26,0.0,0.0,0.0,0.0,0.0,0.0,0.0,0.0,36.74335739287224,37.08515388150853,36.720566811462426,16.0,0.0,36.0,0.0,0.0,0.0,0.0,0.0,0.0,0.0,0.0,0.0,0.0,0.0
2026-06-18 15:07:27,0.0,0.0,0.0,0.0,0.0,0.0,0.0,0.0,37.00483022892188,36.923136591210245,37.20173002300962,16.0,0.0,36.0,0.0,0.0,0.0,0.0,0.0,0.0,0.0,0.0,0.0,0.0,0.0
2026-06-18 15:07:27,0.0,0.0,0.0,0.0,0.0,0.0,0.0,0.0,36.99858937950057,37.30223484363425,36.704311590008736,16.0,0.0,36.0,0.0,0.0,0.0,0.0,0.0,0.0,0.0,0.0,0.0,0.0,0.0
2026-06-18 15:07:28,0.0,0.0,0.0,0.0,0.0,0.0,0.0,0.0,37.01868976503627,36.82082219543608,36.731176308238965,16.0,0.0,36.0,0.0,0.0,0.0,0.0,0.0,0.0,0.0,0.0,0.0,0.0,0.0
2026-06-18 15:07:28,0.0,0.0,0.0,0.0,0.0,0.0,0.0,0.0,36.87896743700005,37.309262926743074,37.18690574134787,16.0,0.0,36.0,0.0,0.0,0.0,0.0,0.0,0.0,0.0,0.0,0.0,0.0,0.0
2026-06-18 15:07:29,0.0,0.0,0.0,0.0,0.0,0.0,0.0,0.0,37.00048391489812,37.03101208193613,37.29936054275414,16.0,0.0,36.0,0.0,0.0,0.0,0.0,0.0,0.0,0.0,0.0,0.0,0.0,0.0
2026-06-18 15:07:29,0.0,0.0,0.0,0.0,0.0,0.0,0.0,0.0,36.94586974858202,36.904540738068306,37.28587332949044,16.0,0.0,36.0,0.0,0.0,0.0,0.0,0.0,0.0,0.0,0.0,0.0,0.0,0.0
2026-06-18 15:07:30,0.0,0.0,0.0,0.0,0.0,0.0,0.0,0.0,36.599106491950195,37.059845391151114,36.82370250799743,16.0,0.0,36.0,0.0,0.0,0.0,0.0,0.0,0.0,0.0,0.0,0.0,0.0,0.0
2026-06-18 15:07:30,0.0,0.0,0.0,0.0,0.0,0.0,0.0,0.0,36.79335678689624,37.0986010091554,36.74602224048769,16.0,0.0,36.0,0.0,0.0,0.0,0.0,0.0,0.0,0.0,0.0,0.0,0.0,0.0
2026-06-18 15:07:31,0.0,0.0,0.0,0.0,0.0,0.0,0.0,0.0,36.60781556098807,37.005582660834634,37.10148928291437,16.0,0.0,36.0,0.0,0.0,0.0,0.0,0.0,0.0,0.0,0.0,0.0,0.0,0.0
2026-06-18 15:07:31,0.0,0.0,0.0,0.0,0.0,0.0,0.0,0.0,36.55437694114289,36.9087060953183,36.97387701062697,16.0,0.0,36.0,0.0,0.0,0.0,0.0,0.0,0.0,0.0,0.0,0.0,0.0,0.0
2026-06-18 15:07:32,0.0,0.0,0.0,0.0,0.0,0.0,0.0,0.0,36.61994002456605,36.981527072919036,36.778592285883775,16.0,0.0,36.0,0.0,0.0,0.0,0.0,0.0,0.0,0.0,0.0,0.0,0.0,0.0
2026-06-18 15:07:32,0.0,0.0,0.0,0.0,0.0,0.0,0.0,0.0,36.6467920148605,36.99396077724653,37.26214826047963,16.0,0.0,36.0,0.0,0.0,0.0,0.0,0.0,0.0,0.0,0.0,0.0,0.0,0.0
2026-06-18 15:07:33,0.0,0.0,0.0,0.0,0.0,0.0,0.0,0.0,36.88762483606751,36.97450138313064,37.018441389627085,16.0,0.0,36.0,0.0,0.0,0.0,0.0,0.0,0.0,0.0,0.0,0.0,0.0,0.0
2026-06-18 15:07:33,0.0,0.0,0.0,0.0,0.0,0.0,0.0,0.0,36.63867858662513,37.15802550342877,37.083558905575266,16.0,0.0,36.0,0.0,0.0,0.0,0.0,0.0,0.0,0.0,0.0,0.0,0.0,0.0
2026-06-18 15:07:34,0.0,0.0,0.0,0.0,0.0,0.0,0.0,0.0,36.55673130377219,37.09204644678194,37.123200665152446,16.0,0.0,36.0,0.0,0.0,0.0,0.0,0.0,0.0,0.0,0.0,0.0,0.0,0.0
2026-06-18 15:07:34,0.0,0.0,0.0,0.0,0.0,0.0,0.0,0.0,36.87772541408044,37.050879605918084,36.74679741927013,16.0,0.0,36.0,0.0,0.0,0.0,0.0,0.0,0.0,0.0,0.0,0.0,0.0,0.0
2026-06-18 15:07:35,0.0,0.0,0.0,0.0,0.0,0.0,0.0,0.0,36.50876693314168,36.900994162351346,37.243033020190836,16.0,0.0,36.0,0.0,0.0,0.0,0.0,0.0,0.0,0.0,0.0,0.0,0.0,0.0
2026-06-18 15:07:35,0.0,0.0,0.0,0.0,0.0,0.0,0.0,0.0,36.900437512284874,37.2231179731271,37.1057221265694,16.0,0.0,36.0,0.0,0.0,0.0,0.0,0.0,0.0,0.0,0.0,0.0,0.0,0.0
2026-06-18 15:07:36,0.0,0.0,0.0,0.0,0.0,0.0,0.0,0.0,36.505333196000784,37.01430099723081,37.014020690462665,16.0,0.0,36.0,0.0,0.0,0.0,0.0,0.0,0.0,0.0,0.0,0.0,0.0,0.0
2026-06-18 15:07:36,0.0,0.0,0.0,0.0,0.0,0.0,0.0,0.0,36.656631052763046,37.21912952559043,37.27191789451725,16.0,0.0,36.0,0.0,0.0,0.0,0.0,0.0,0.0,0.0,0.0,0.0,0.0,0.0
2026-06-18 15:07:37,0.0,0.0,0.0,0.0,0.0,0.0,0.0,0.0,36.802090759935886,37.39072099227399,37.121978903836194,16.0,0.0,36.0,0.0,0.0,0.0,0.0,0.0,0.0,0.0,0.0,0.0,0.0,0.0
2026-06-18 15:07:37,0.0,0.0,0.0,0.0,0.0,0.0,0.0,0.0,36.51395784549583,37.3821764613909,36.890378073121596,16.0,0.0,36.0,0.0,0.0,0.0,0.0,0.0,0.0,0.0,0.0,0.0,0.0,0.0
2026-06-18 15:07:38,0.0,0.0,0.0,0.0,0.0,0.0,0.0,0.0,37.014278947129526,37.127061353166425,37.198564029203155,16.0,0.0,36.0,0.0,0.0,0.0,0.0,0.0,0.0,0.0,0.0,0.0,0.0,0.0
2026-06-18 15:07:38,0.0,0.0,0.0,0.0,0.0,0.0,0.0,0.0,36.52829119005225,36.95529491630978,37.12810129034964,16.0,0.0,36.0,0.0,0.0,0.0,0.0,0.0,0.0,0.0,0.0,0.0,0.0,0.0
2026-06-18 15:07:39,0.0,0.0,0.0,0.0,0.0,0.0,0.0,0.0,37.07787554159881,36.843209823540825,36.93534404831988,16.0,0.0,36.0,0.0,0.0,0.0,0.0,0.0,0.0,0.0,0.0,0.0,0.0,0.0
2026-06-18 15:07:39,0.0,0.0,0.0,0.0,0.0,0.0,0.0,0.0,36.53709068910754,36.92449289302813,36.86649489383656,16.0,0.0,36.0,0.0,0.0,0.0,0.0,0.0,0.0,0.0,0.0,0.0,0.0,0.0
2026-06-18 15:07:40,0.0,0.0,0.0,0.0,0.0,0.0,0.0,0.0,36.87403407259433,37.34072356667185,36.7764510026024,16.0,0.0,36.0,0.0,0.0,0.0,0.0,0.0,0.0,0.0,0.0,0.0,0.0,0.0
2026-06-18 15:07:40,0.0,0.0,0.0,0.0,0.0,0.0,0.0,0.0,36.83363930752944,37.07748682131103,37.045629065401535,16.0,0.0,36.0,0.0,0.0,0.0,0.0,0.0,0.0,0.0,0.0,0.0,0.0,0.0
2026-06-18 15:07:41,0.0,0.0,0.0,0.0,0.0,0.0,0.0,0.0,36.91461765346627,37.00610809382109,37.066907127842484,16.0,0.0,36.0,0.0,0.0,0.0,0.0,0.0,0.0,0.0,0.0,0.0,0.0,0.0
2026-06-18 15:07:41,0.0,0.0,0.0,0.0,0.0,0.0,0.0,0.0,37.01646004994239,37.06318928918067,37.23668939356622,16.0,0.0,36.0,0.0,0.0,0.0,0.0,0.0,0.0,0.0,0.0,0.0,0.0,0.0
2026-06-18 15:07:42,0.0,0.0,0.0,0.0,0.0,0.0,0.0,0.0,36.50630609191841,36.98942347724233,37.19652774792473,16.0,0.0,36.0,0.0,0.0,0.0,0.0,0.0,0.0,0.0,0.0,0.0,0.0,0.0
2026-06-18 15:07:42,0.0,0.0,0.0,0.0,0.0,0.0,0.0,0.0,36.91151442675768,37.216064167858974,36.72164628311868,16.0,0.0,36.0,0.0,0.0,0.0,0.0,0.0,0.0,0.0,0.0,0.0,0.0,0.0
2026-06-18 15:07:43,0.0,0.0,0.0,0.0,0.0,0.0,0.0,0.0,36.88790005828471,37.12986624697738,37.29534711304729,16.0,0.0,36.0,0.0,0.0,0.0,0.0,0.0,0.0,0.0,0.0,0.0,0.0,0.0
2026-06-18 15:07:43,0.0,0.0,0.0,0.0,0.0,0.0,0.0,0.0,36.752846059814765,37.000521216595324,37.24978490394251,16.0,0.0,36.0,0.0,0.0,0.0,0.0,0.0,0.0,0.0,0.0,0.0,0.0,0.0
2026-06-18 15:07:44,0.0,0.0,0.0,0.0,0.0,0.0,0.0,0.0,36.822875559069445,36.888036672087075,37.21833409594153,16.0,0.0,36.0,0.0,0.0,0.0,0.0,0.0,0.0,0.0,0.0,0.0,0.0,0.0
2026-06-18 15:07:44,0.0,0.0,0.0,0.0,0.0,0.0,0.0,0.0,36.607680554754324,37.136332666802375,36.755135009568654,16.0,0.0,36.0,0.0,0.0,0.0,0.0,0.0,0.0,0.0,0.0,0.0,0.0,0.0
2026-06-18 15:07:45,0.0,0.0,0.0,0.0,0.0,0.0,0.0,0.0,36.745539249577405,37.23164564262111,36.720148662274255,16.0,0.0,36.0,0.0,0.0,0.0,0.0,0.0,0.0,0.0,0.0,0.0,0.0,0.0
2026-06-18 15:07:45,0.0,0.0,0.0,0.0,0.0,0.0,0.0,0.0,37.029654730470114,36.87707490048953,37.276621949599054,16.0,0.0,36.0,0.0,0.0,0.0,0.0,0.0,0.0,0.0,0.0,0.0,0.0,0.0
2026-06-18 15:07:46,0.0,0.0,0.0,0.0,0.0,0.0,0.0,0.0,36.662068414840554,36.95074641242405,37.2957072732618,16.0,0.0,36.0,0.0,0.0,0.0,0.0,0.0,0.0,0.0,0.0,0.0,0.0,0.0
2026-06-18 15:07:46,0.0,0.0,0.0,0.0,0.0,0.0,0.0,0.0,36.50416492172995,37.13325009940752,37.07375586520997,16.0,0.0,36.0,0.0,0.0,0.0,0.0,0.0,0.0,0.0,0.0,0.0,0.0,0.0
2026-06-18 15:07:47,0.0,0.0,0.0,0.0,0.0,0.0,0.0,0.0,37.020522485520765,36.946329322813774,36.9135910059833,16.0,0.0,36.0,0.0,0.0,0.0,0.0,0.0,0.0,0.0,0.0,0.0,0.0,0.0
2026-06-18 15:07:47,0.0,0.0,0.0,0.0,0.0,0.0,0.0,0.0,36.705093836852676,36.99630554330827,36.98803655986075,16.0,0.0,36.0,0.0,0.0,0.0,0.0,0.0,0.0,0.0,0.0,0.0,0.0,0.0
2026-06-18 15:07:48,0.0,0.0,0.0,0.0,0.0,0.0,0.0,0.0,36.62874398120088,36.9697329343146,37.02684319985832,16.0,0.0,36.0,0.0,0.0,0.0,0.0,0.0,0.0,0.0,0.0,0.0,0.0,0.0
2026-06-18 15:07:48,0.0,0.0,0.0,0.0,0.0,0.0,0.0,0.0,36.66483377085528,37.062490218099335,36.92154199824379,16.0,0.0,36.0,0.0,0.0,0.0,0.0,0.0,0.0,0.0,0.0,0.0,0.0,0.0
2026-06-18 15:07:49,0.0,0.0,0.0,0.0,0.0,0.0,0.0,0.0,36.78669223665242,36.985227609806344,36.810089529135745,16.0,0.0,36.0,0.0,0.0,0.0,0.0,0.0,0.0,0.0,0.0,0.0,0.0,0.0
2026-06-18 15:07:49,0.0,0.0,0.0,0.0,0.0,0.0,0.0,0.0,36.94483608239061,36.975429318556216,37.29617482649414,16.0,0.0,36.0,0.0,0.0,0.0,0.0,0.0,0.0,0.0,0.0,0.0,0.0,0.0
2026-06-18 15:07:50,0.0,0.0,0.0,0.0,0.0,0.0,0.0,0.0,36.52096954981277,37.297956398920725,36.824735090362786,16.0,0.0,36.0,0.0,0.0,0.0,0.0,0.0,0.0,0.0,0.0,0.0,0.0,0.0
2026-06-18 15:07:50,0.0,0.0,0.0,0.0,0.0,0.0,0.0,0.0,36.6997175511347,37.141026715692824,37.08291860839774,16.0,0.0,36.0,0.0,0.0,0.0,0.0,0.0,0.0,0.0,0.0,0.0,0.0,0.0
2026-06-18 15:07:51,0.0,0.0,0.0,0.0,0.0,0.0,0.0,0.0,36.78197367509042,37.23886774238902,37.037450387361304,16.0,0.0,36.0,0.0,0.0,0.0,0.0,0.0,0.0,0.0,0.0,0.0,0.0,0.0
2026-06-18 15:07:51,0.0,0.0,0.0,0.0,0.0,0.0,0.0,0.0,36.95338141377589,37.32307189996747,36.7700164948686,16.0,0.0,36.0,0.0,0.0,0.0,0.0,0.0,0.0,0.0,0.0,0.0,0.0,0.0
2026-06-18 15:07:52,0.0,0.0,0.0,0.0,0.0,0.0,0.0,0.0,36.604875327978576,36.85125115482498,36.71710722311798,16.0,0.0,36.0,0.0,0.0,0.0,0.0,0.0,0.0,0.0,0.0,0.0,0.0,0.0
2026-06-18 15:07:52,0.0,0.0,0.0,0.0,0.0,0.0,0.0,0.0,36.78524759630798,37.309318896169664,36.769717587366976,16.0,0.0,36.0,0.0,0.0,0.0,0.0,0.0,0.0,0.0,0.0,0.0,0.0,0.0
2026-06-18 15:07:53,0.0,0.0,0.0,0.0,0.0,0.0,0.0,0.0,37.07795650291804,37.09598036214792,37.28970180760244,16.0,0.0,36.0,0.0,0.0,0.0,0.0,0.0,0.0,0.0,0.0,0.0,0.0,0.0
2026-06-18 15:07:53,0.0,0.0,0.0,0.0,0.0,0.0,0.0,0.0,36.53842363453315,37.03678356145605,37.26062238694354,16.0,0.0,36.0,0.0,0.0,0.0,0.0,0.0,0.0,0.0,0.0,0.0,0.0,0.0
2026-06-18 15:07:54,0.0,0.0,0.0,0.0,0.0,0.0,0.0,0.0,37.053961898109335,36.9979057979661,37.276928793902464,16.0,0.0,36.0,0.0,0.0,0.0,0.0,0.0,0.0,0.0,0.0,0.0,0.0,0.0
2026-06-18 15:07:54,0.0,0.0,0.0,0.0,0.0,0.0,0.0,0.0,37.03194434621885,37.03906333914733,36.96321191924373,16.0,0.0,36.0,0.0,0.0,0.0,0.0,0.0,0.0,0.0,0.0,0.0,0.0,0.0
2026-06-18 15:07:55,0.0,0.0,0.0,0.0,0.0,0.0,0.0,0.0,36.63099001112005,37.24932652479418,36.99069732211779,16.0,0.0,36.0,0.0,0.0,0.0,0.0,0.0,0.0,0.0,0.0,0.0,0.0,0.0
2026-06-18 15:07:55,0.0,0.0,0.0,0.0,0.0,0.0,0.0,0.0,36.582651930576034,36.83074788017936,37.09553937160734,16.0,0.0,36.0,0.0,0.0,0.0,0.0,0.0,0.0,0.0,0.0,0.0,0.0,0.0
2026-06-18 15:07:56,0.0,0.0,0.0,0.0,0.0,0.0,0.0,0.0,36.96099780855564,36.83258846737951,36.930512566505364,16.0,0.0,36.0,0.0,0.0,0.0,0.0,0.0,0.0,0.0,0.0,0.0,0.0,0.0
2026-06-18 15:07:56,0.0,0.0,0.0,0.0,0.0,0.0,0.0,0.0,36.64026382573788,37.17833788845494,36.864084246802804,16.0,0.0,36.0,0.0,0.0,0.0,0.0,0.0,0.0,0.0,0.0,0.0,0.0,0.0
2026-06-18 15:07:57,0.0,0.0,0.0,0.0,0.0,0.0,0.0,0.0,36.556784730361734,37.11953170184062,36.84873721332833,16.0,0.0,36.0,0.0,0.0,0.0,0.0,0.0,0.0,0.0,0.0,0.0,0.0,0.0
2026-06-18 15:07:57,0.0,0.0,0.0,0.0,0.0,0.0,0.0,0.0,36.81006336710834,37.1151494727378,37.19735772644994,16.0,0.0,36.0,0.0,0.0,0.0,0.0,0.0,0.0,0.0,0.0,0.0,0.0,0.0
2026-06-18 15:07:58,0.0,0.0,0.0,0.0,0.0,0.0,0.0,0.0,37.07072244918989,37.2081974653777,37.21029784119618,16.0,0.0,36.0,0.0,0.0,0.0,0.0,0.0,0.0,0.0,0.0,0.0,0.0,0.0
2026-06-18 15:07:58,0.0,0.0,0.0,0.0,0.0,0.0,0.0,0.0,36.65431921909094,37.061817447787035,36.739014727201614,16.0,0.0,36.0,0.0,0.0,0.0,0.0,0.0,0.0,0.0,0.0,0.0,0.0,0.0
2026-06-18 15:07:59,0.0,0.0,0.0,0.0,0.0,0.0,0.0,0.0,36.992624238737505,36.82827530327377,37.27103449427658,16.0,0.0,36.0,0.0,0.0,0.0,0.0,0.0,0.0,0.0,0.0,0.0,0.0,0.0
2026-06-18 15:07:59,0.0,0.0,0.0,0.0,0.0,0.0,0.0,0.0,36.90073840948363,36.88968700177755,36.97620375321792,16.0,0.0,36.0,0.0,0.0,0.0,0.0,0.0,0.0,0.0,0.0,0.0,0.0,0.0
2026-06-18 15:08:00,0.0,0.0,0.0,0.0,0.0,0.0,0.0,0.0,36.552898443442785,36.87626151078976,36.9798339042627,16.0,0.0,36.0,0.0,0.0,0.0,0.0,0.0,0.0,0.0,0.0,0.0,0.0,0.0
2026-06-18 15:08:00,0.0,0.0,0.0,0.0,0.0,0.0,0.0,0.0,36.85739817759096,36.864186233375726,37.27509466605732,16.0,0.0,36.0,0.0,0.0,0.0,0.0,0.0,0.0,0.0,0.0,0.0,0.0,0.0
2026-06-18 15:08:01,0.0,0.0,0.0,0.0,0.0,0.0,0.0,0.0,36.65087228066614,36.89835239612943,37.29878256022993,16.0,0.0,36.0,0.0,0.0,0.0,0.0,0.0,0.0,0.0,0.0,0.0,0.0,0.0
2026-06-18 15:08:01,0.0,0.0,0.0,0.0,0.0,0.0,0.0,0.0,36.85131804541518,37.33664757716594,37.18035930784128,16.0,0.0,36.0,0.0,0.0,0.0,0.0,0.0,0.0,0.0,0.0,0.0,0.0,0.0
2026-06-18 15:08:02,0.0,0.0,0.0,0.0,0.0,0.0,0.0,0.0,36.5183413305688,36.99098233272355,37.23736035741979,16.0,0.0,36.0,0.0,0.0,0.0,0.0,0.0,0.0,0.0,0.0,0.0,0.0,0.0
2026-06-18 15:08:02,0.0,0.0,0.0,0.0,0.0,0.0,0.0,0.0,36.9847096076269,37.35199794763197,36.97304057174493,16.0,0.0,36.0,0.0,0.0,0.0,0.0,0.0,0.0,0.0,0.0,0.0,0.0,0.0
2026-06-18 15:08:03,0.0,0.0,0.0,0.0,0.0,0.0,0.0,0.0,36.92141579658422,37.126378892690525,36.78369729574043,16.0,0.0,36.0,0.0,0.0,0.0,0.0,0.0,0.0,0.0,0.0,0.0,0.0,0.0
2026-06-18 15:08:03,0.0,0.0,0.0,0.0,0.0,0.0,0.0,0.0,36.659307364877556,36.849893038854574,37.13498783747837,16.0,0.0,36.0,0.0,0.0,0.0,0.0,0.0,0.0,0.0,0.0,0.0,0.0,0.0
2026-06-18 15:08:04,0.0,0.0,0.0,0.0,0.0,0.0,0.0,0.0,37.07091495983657,36.922343247507804,37.11346900095503,16.0,0.0,36.0,0.0,0.0,0.0,0.0,0.0,0.0,0.0,0.0,0.0,0.0,0.0
2026-06-18 15:08:04,0.0,0.0,0.0,0.0,0.0,0.0,0.0,0.0,36.75530791121218,36.94811019460762,37.05232383896845,16.0,0.0,36.0,0.0,0.0,0.0,0.0,0.0,0.0,0.0,0.0,0.0,0.0,0.0
2026-06-18 15:08:05,0.0,0.0,0.0,0.0,0.0,0.0,0.0,0.0,37.08609956043514,37.06588910984823,36.9475330284914,16.0,0.0,36.0,0.0,0.0,0.0,0.0,0.0,0.0,0.0,0.0,0.0,0.0,0.0
2026-06-18 15:08:05,0.0,0.0,0.0,0.0,0.0,0.0,0.0,0.0,36.94281042825152,37.31006817808303,36.955866932537596,16.0,0.0,36.0,0.0,0.0,0.0,0.0,0.0,0.0,0.0,0.0,0.0,0.0,0.0
2026-06-18 15:08:06,0.0,0.0,0.0,0.0,0.0,0.0,0.0,0.0,36.64837530109155,37.18919561297536,36.92430346057405,16.0,0.0,36.0,0.0,0.0,0.0,0.0,0.0,0.0,0.0,0.0,0.0,0.0,0.0
2026-06-18 15:08:06,0.0,0.0,0.0,0.0,0.0,0.0,0.0,0.0,36.84895625662845,37.03263751379131,37.00106984757462,16.0,0.0,36.0,0.0,0.0,0.0,0.0,0.0,0.0,0.0,0.0,0.0,0.0,0.0
2026-06-18 15:08:07,0.0,0.0,0.0,0.0,0.0,0.0,0.0,0.0,36.68804532784469,37.13417594264299,37.03143718872615,16.0,0.0,36.0,0.0,0.0,0.0,0.0,0.0,0.0,0.0,0.0,0.0,0.0,0.0
2026-06-18 15:08:07,0.0,0.0,0.0,0.0,0.0,0.0,0.0,0.0,36.54883866881932,37.14697117038808,36.9532533454332,16.0,0.0,36.0,0.0,0.0,0.0,0.0,0.0,0.0,0.0,0.0,0.0,0.0,0.0
2026-06-18 15:08:08,0.0,0.0,0.0,0.0,0.0,0.0,0.0,0.0,36.77142273522486,37.24849686680917,37.167515084131125,15.0,0.0,36.0,0.0,0.0,0.0,0.0,0.0,0.0,0.0,0.0,0.0,0.0,0.0
2026-06-18 15:08:08,0.0,0.0,0.0,0.0,0.0,0.0,0.0,0.0,36.73336890258911,36.974812208366814,36.73704686794221,15.0,0.0,36.0,0.0,0.0,0.0,0.0,0.0,0.0,0.0,0.0,0.0,0.0,0.0
2026-06-18 15:08:09,0.0,0.0,0.0,0.0,0.0,0.0,0.0,0.0,36.502360643668624,36.88468113546644,36.82312120002081,15.0,0.0,36.0,0.0,0.0,0.0,0.0,0.0,0.0,0.0,0.0,0.0,0.0,0.0
2026-06-18 15:08:09,0.0,0.0,0.0,0.0,0.0,0.0,0.0,0.0,36.60134893023219,37.19712249151957,37.089236196189376,15.0,0.0,36.0,0.0,0.0,0.0,0.0,0.0,0.0,0.0,0.0,0.0,0.0,0.0
2026-06-18 15:08:10,0.0,0.0,0.0,0.0,0.0,0.0,0.0,0.0,36.97772956457261,37.03693701334876,36.96650776775598,15.0,0.0,36.0,0.0,0.0,0.0,0.0,0.0,0.0,0.0,0.0,0.0,0.0,0.0
2026-06-18 15:08:10,0.0,0.0,0.0,0.0,0.0,0.0,0.0,0.0,36.674626826151645,37.09644158385674,37.14165912883884,15.0,0.0,36.0,0.0,0.0,0.0,0.0,0.0,0.0,0.0,0.0,0.0,0.0,0.0
2026-06-18 15:08:11,0.0,0.0,0.0,0.0,0.0,0.0,0.0,0.0,36.50607726939827,37.15652210806567,36.736993772616806,15.0,0.0,36.0,0.0,0.0,0.0,0.0,0.0,0.0,0.0,0.0,0.0,0.0,0.0
2026-06-18 15:08:11,0.0,0.0,0.0,0.0,0.0,0.0,0.0,0.0,37.06716294139309,37.353672856441435,37.02500872707358,15.0,0.0,36.0,0.0,0.0,0.0,0.0,0.0,0.0,0.0,0.0,0.0,0.0,0.0
2026-06-18 15:08:12,0.0,0.0,0.0,0.0,0.0,0.0,0.0,0.0,36.80058996518936,37.15988812095712,37.045338384261704,15.0,0.0,36.0,0.0,0.0,0.0,0.0,0.0,0.0,0.0,0.0,0.0,0.0,0.0
2026-06-18 15:08:12,0.0,0.0,0.0,0.0,0.0,0.0,0.0,0.0,36.5568972510734,37.01825835953428,36.846622650325685,15.0,0.0,36.0,0.0,0.0,0.0,0.0,0.0,0.0,0.0,0.0,0.0,0.0,0.0
2026-06-18 15:08:13,0.0,0.0,0.0,0.0,0.0,0.0,0.0,0.0,36.8056035367064,36.82873113090307,36.72359964375707,15.0,0.0,36.0,0.0,0.0,0.0,0.0,0.0,0.0,0.0,0.0,0.0,0.0,0.0
2026-06-18 15:08:13,0.0,0.0,0.0,0.0,0.0,0.0,0.0,0.0,36.673363408860205,36.900511960185796,37.0452192747134,15.0,0.0,36.0,0.0,0.0,0.0,0.0,0.0,0.0,0.0,0.0,0.0,0.0,0.0
2026-06-18 15:08:14,0.0,0.0,0.0,0.0,0.0,0.0,0.0,0.0,36.8065548940037,37.31820070144108,36.75791641603676,15.0,0.0,36.0,0.0,0.0,0.0,0.0,0.0,0.0,0.0,0.0,0.0,0.0,0.0
2026-06-18 15:08:14,0.0,0.0,0.0,0.0,0.0,0.0,0.0,0.0,36.61213900705936,37.29197473928599,37.231118903006305,15.0,0.0,36.0,0.0,0.0,0.0,0.0,0.0,0.0,0.0,0.0,0.0,0.0,0.0
2026-06-18 15:08:15,0.0,0.0,0.0,0.0,0.0,0.0,0.0,0.0,36.73622919974363,37.179290796031474,36.734383298498756,15.0,0.0,36.0,0.0,0.0,0.0,0.0,0.0,0.0,0.0,0.0,0.0,0.0,0.0
2026-06-18 15:08:15,0.0,0.0,0.0,0.0,0.0,0.0,0.0,0.0,36.799285940888076,37.19430053006251,36.70855086872029,15.0,0.0,36.0,0.0,0.0,0.0,0.0,0.0,0.0,0.0,0.0,0.0,0.0,0.0
2026-06-18 15:08:16,0.0,0.0,0.0,0.0,0.0,0.0,0.0,0.0,36.68464646446775,37.10747630921456,36.819592476030415,15.0,0.0,36.0,0.0,0.0,0.0,0.0,0.0,0.0,0.0,0.0,0.0,0.0,0.0
2026-06-18 15:08:16,0.0,0.0,0.0,0.0,0.0,0.0,0.0,0.0,36.915913603219835,37.322260818062915,36.80581596842349,15.0,0.0,36.0,0.0,0.0,0.0,0.0,0.0,0.0,0.0,0.0,0.0,0.0,0.0
2026-06-18 15:08:17,0.0,0.0,0.0,0.0,0.0,0.0,0.0,0.0,36.683862639051014,37.361034954320594,37.14302510714693,15.0,0.0,36.0,0.0,0.0,0.0,0.0,0.0,0.0,0.0,0.0,0.0,0.0,0.0
2026-06-18 15:08:17,0.0,0.0,0.0,0.0,0.0,0.0,0.0,0.0,36.641488310348535,36.8598438128514,37.16714770889202,15.0,0.0,36.0,0.0,0.0,0.0,0.0,0.0,0.0,0.0,0.0,0.0,0.0,0.0
2026-06-18 15:08:18,0.0,0.0,0.0,0.0,0.0,0.0,0.0,0.0,36.94605902856118,37.30086108428893,37.208206174746486,15.0,0.0,36.0,0.0,0.0,0.0,0.0,0.0,0.0,0.0,0.0,0.0,0.0,0.0
2026-06-18 15:08:18,0.0,0.0,0.0,0.0,0.0,0.0,0.0,0.0,36.69638901844586,37.10889720722217,36.83356055278825,15.0,0.0,36.0,0.0,0.0,0.0,0.0,0.0,0.0,0.0,0.0,0.0,0.0,0.0
2026-06-18 15:08:19,0.0,0.0,0.0,0.0,0.0,0.0,0.0,0.0,36.95526771507203,37.2328566275303,36.70400750023548,15.0,0.0,36.0,0.0,0.0,0.0,0.0,0.0,0.0,0.0,0.0,0.0,0.0,0.0
2026-06-18 15:08:19,0.0,0.0,0.0,0.0,0.0,0.0,0.0,0.0,36.63858212270212,36.964657160969615,36.79198757799791,15.0,0.0,36.0,0.0,0.0,0.0,0.0,0.0,0.0,0.0,0.0,0.0,0.0,0.0
2026-06-18 15:08:20,0.0,0.0,0.0,0.0,0.0,0.0,0.0,0.0,36.64323769148203,37.320408580714876,36.70615149446701,15.0,0.0,36.0,0.0,0.0,0.0,0.0,0.0,0.0,0.0,0.0,0.0,0.0,0.0
2026-06-18 15:08:20,0.0,0.0,0.0,0.0,0.0,0.0,0.0,0.0,36.94165486113181,37.35632261122857,36.91235146432567,15.0,0.0,36.0,0.0,0.0,0.0,0.0,0.0,0.0,0.0,0.0,0.0,0.0,0.0
2026-06-18 15:08:21,0.0,0.0,0.0,0.0,0.0,0.0,0.0,0.0,36.78481959458554,36.97392027535574,37.10089177166257,15.0,0.0,36.0,0.0,0.0,0.0,0.0,0.0,0.0,0.0,0.0,0.0,0.0,0.0
2026-06-18 15:08:21,0.0,0.0,0.0,0.0,0.0,0.0,0.0,0.0,36.81414762088467,37.31388260873283,36.867155898125404,15.0,0.0,36.0,0.0,0.0,0.0,0.0,0.0,0.0,0.0,0.0,0.0,0.0,0.0
2026-06-18 15:08:22,0.0,0.0,0.0,0.0,0.0,0.0,0.0,0.0,36.64307556633318,36.883249410842176,36.73343099443046,15.0,0.0,36.0,0.0,0.0,0.0,0.0,0.0,0.0,0.0,0.0,0.0,0.0,0.0
2026-06-18 15:08:22,0.0,0.0,0.0,0.0,0.0,0.0,0.0,0.0,37.05236733103685,37.37651791761846,37.072587121403174,15.0,0.0,36.0,0.0,0.0,0.0,0.0,0.0,0.0,0.0,0.0,0.0,0.0,0.0
2026-06-18 15:08:23,0.0,0.0,0.0,0.0,0.0,0.0,0.0,0.0,36.856736210091874,37.006128981753,37.11124555148182,15.0,0.0,36.0,0.0,0.0,0.0,0.0,0.0,0.0,0.0,0.0,0.0,0.0,0.0
2026-06-18 15:08:23,0.0,0.0,0.0,0.0,0.0,0.0,0.0,0.0,36.657221672226676,36.95163441090513,37.02680729389208,15.0,0.0,36.0,0.0,0.0,0.0,0.0,0.0,0.0,0.0,0.0,0.0,0.0,0.0
2026-06-18 15:08:24,0.0,0.0,0.0,0.0,0.0,0.0,0.0,0.0,36.518434264176875,36.99585983290365,36.85390993246501,15.0,0.0,36.0,0.0,0.0,0.0,0.0,0.0,0.0,0.0,0.0,0.0,0.0,0.0
2026-06-18 15:08:24,0.0,0.0,0.0,0.0,0.0,0.0,0.0,0.0,36.70146760469774,36.88807127203886,37.29704928831949,15.0,0.0,36.0,0.0,0.0,0.0,0.0,0.0,0.0,0.0,0.0,0.0,0.0,0.0
2026-06-18 15:08:25,0.0,0.0,0.0,0.0,0.0,0.0,0.0,0.0,36.89084034935492,37.145568490743884,37.08045798521387,15.0,0.0,36.0,0.0,0.0,0.0,0.0,0.0,0.0,0.0,0.0,0.0,0.0,0.0
2026-06-18 15:08:25,0.0,0.0,0.0,0.0,0.0,0.0,0.0,0.0,36.71821299697459,37.23856727710328,37.134103520567045,15.0,0.0,36.0,0.0,0.0,0.0,0.0,0.0,0.0,0.0,0.0,0.0,0.0,0.0
2026-06-18 15:08:26,0.0,0.0,0.0,0.0,0.0,0.0,0.0,0.0,37.043480703928154,37.26854091893135,36.873813145608096,15.0,0.0,36.0,0.0,0.0,0.0,0.0,0.0,0.0,0.0,0.0,0.0,0.0,0.0
2026-06-18 15:08:26,0.0,0.0,0.0,0.0,0.0,0.0,0.0,0.0,36.90026715801044,37.35564190505839,37.236310111005075,15.0,0.0,36.0,0.0,0.0,0.0,0.0,0.0,0.0,0.0,0.0,0.0,0.0,0.0
2026-06-18 15:08:27,0.0,0.0,0.0,0.0,0.0,0.0,0.0,0.0,36.8424949006109,37.321651759355916,37.16196938085949,15.0,0.0,36.0,0.0,0.0,0.0,0.0,0.0,0.0,0.0,0.0,0.0,0.0,0.0
2026-06-18 15:08:27,0.0,0.0,0.0,0.0,0.0,0.0,0.0,0.0,36.81624110880398,37.335178915751534,36.74243565109741,15.0,0.0,36.0,0.0,0.0,0.0,0.0,0.0,0.0,0.0,0.0,0.0,0.0,0.0
2026-06-18 15:08:28,0.0,0.0,0.0,0.0,0.0,0.0,0.0,0.0,36.61235040932026,37.33453331475964,37.20000407316292,15.0,0.0,36.0,0.0,0.0,0.0,0.0,0.0,0.0,0.0,0.0,0.0,0.0,0.0
2026-06-18 15:08:28,0.0,0.0,0.0,0.0,0.0,0.0,0.0,0.0,36.810404190323624,36.969377376359986,37.02289556127206,15.0,0.0,36.0,0.0,0.0,0.0,0.0,0.0,0.0,0.0,0.0,0.0,0.0,0.0
2026-06-18 15:08:29,0.0,0.0,0.0,0.0,0.0,0.0,0.0,0.0,36.509138269046545,36.970677758556775,36.90777290101827,15.0,0.0,36.0,0.0,0.0,0.0,0.0,0.0,0.0,0.0,0.0,0.0,0.0,0.0
2026-06-18 15:08:29,0.0,0.0,0.0,0.0,0.0,0.0,0.0,0.0,37.085832753091076,36.889472329094616,37.028513688724345,15.0,0.0,36.0,0.0,0.0,0.0,0.0,0.0,0.0,0.0,0.0,0.0,0.0,0.0
2026-06-18 15:08:30,0.0,0.0,0.0,0.0,0.0,0.0,0.0,0.0,36.77138809205128,36.93962822918798,36.859898469451025,15.0,0.0,36.0,0.0,0.0,0.0,0.0,0.0,0.0,0.0,0.0,0.0,0.0,0.0
2026-06-18 15:08:30,0.0,0.0,0.0,0.0,0.0,0.0,0.0,0.0,36.5432556520845,37.265532105604514,37.18272801620936,15.0,0.0,36.0,0.0,0.0,0.0,0.0,0.0,0.0,0.0,0.0,0.0,0.0,0.0
2026-06-18 15:08:31,0.0,0.0,0.0,0.0,0.0,0.0,0.0,0.0,36.54186441362088,37.36836508257235,37.12962848129504,15.0,0.0,36.0,0.0,0.0,0.0,0.0,0.0,0.0,0.0,0.0,0.0,0.0,0.0
2026-06-18 15:08:31,0.0,0.0,0.0,0.0,0.0,0.0,0.0,0.0,36.69099774153466,37.17176116037387,37.20145293992169,15.0,0.0,36.0,0.0,0.0,0.0,0.0,0.0,0.0,0.0,0.0,0.0,0.0,0.0
2026-06-18 15:08:32,0.0,0.0,0.0,0.0,0.0,0.0,0.0,0.0,36.773050815322634,37.17689901984208,37.27041507907825,15.0,0.0,36.0,0.0,0.0,0.0,0.0,0.0,0.0,0.0,0.0,0.0,0.0,0.0
2026-06-18 15:08:32,0.0,0.0,0.0,0.0,0.0,0.0,0.0,0.0,36.77050086496299,36.83102198420925,36.75792873380052,15.0,0.0,36.0,0.0,0.0,0.0,0.0,0.0,0.0,0.0,0.0,0.0,0.0,0.0
2026-06-18 15:08:33,0.0,0.0,0.0,0.0,0.0,0.0,0.0,0.0,37.07893584432911,37.15777575594592,36.969511425931934,15.0,0.0,36.0,0.0,0.0,0.0,0.0,0.0,0.0,0.0,0.0,0.0,0.0,0.0
2026-06-18 15:08:33,0.0,0.0,0.0,0.0,0.0,0.0,0.0,0.0,37.044887757057516,36.88047691911109,37.22844248427312,15.0,0.0,36.0,0.0,0.0,0.0,0.0,0.0,0.0,0.0,0.0,0.0,0.0,0.0
2026-06-18 15:08:34,0.0,0.0,0.0,0.0,0.0,0.0,0.0,0.0,36.87185756318444,36.93715404361777,36.88282224965306,15.0,0.0,36.0,0.0,0.0,0.0,0.0,0.0,0.0,0.0,0.0,0.0,0.0,0.0
2026-06-18 15:08:34,0.0,0.0,0.0,0.0,0.0,0.0,0.0,0.0,36.92910057699633,37.188301072027414,37.02497032822836,15.0,0.0,36.0,0.0,0.0,0.0,0.0,0.0,0.0,0.0,0.0,0.0,0.0,0.0
2026-06-18 15:08:35,0.0,0.0,0.0,0.0,0.0,0.0,0.0,0.0,36.90613229454674,36.96683434010241,37.23392329417837,15.0,0.0,36.0,0.0,0.0,0.0,0.0,0.0,0.0,0.0,0.0,0.0,0.0,0.0
2026-06-18 15:08:35,0.0,0.0,0.0,0.0,0.0,0.0,0.0,0.0,36.952666656278694,37.015202193225136,36.9406481371793,15.0,0.0,36.0,0.0,0.0,0.0,0.0,0.0,0.0,0.0,0.0,0.0,0.0,0.0
2026-06-18 15:08:36,0.0,0.0,0.0,0.0,0.0,0.0,0.0,0.0,37.05012084978203,36.965908724300334,37.25435977269077,15.0,0.0,36.0,0.0,0.0,0.0,0.0,0.0,0.0,0.0,0.0,0.0,0.0,0.0
2026-06-18 15:08:36,0.0,0.0,0.0,0.0,0.0,0.0,0.0,0.0,36.75279935989481,37.241977965564,36.88905143309145,15.0,0.0,36.0,0.0,0.0,0.0,0.0,0.0,0.0,0.0,0.0,0.0,0.0,0.0
2026-06-18 15:08:37,0.0,0.0,0.0,0.0,0.0,0.0,0.0,0.0,36.612920419043405,37.33622101188926,37.108917927443855,15.0,0.0,36.0,0.0,0.0,0.0,0.0,0.0,0.0,0.0,0.0,0.0,0.0,0.0
2026-06-18 15:08:37,0.0,0.0,0.0,0.0,0.0,0.0,0.0,0.0,36.93052456158951,37.28234700822911,36.963831170433025,15.0,0.0,36.0,0.0,0.0,0.0,0.0,0.0,0.0,0.0,0.0,0.0,0.0,0.0
2026-06-18 15:08:38,0.0,0.0,0.0,0.0,0.0,0.0,0.0,0.0,36.80374417924987,37.26237670053948,36.778271531778294,15.0,0.0,36.0,0.0,0.0,0.0,0.0,0.0,0.0,0.0,0.0,0.0,0.0,0.0
2026-06-18 15:08:38,0.0,0.0,0.0,0.0,0.0,0.0,0.0,0.0,36.76710595931211,37.10017793864374,37.02181942766222,15.0,0.0,36.0,0.0,0.0,0.0,0.0,0.0,0.0,0.0,0.0,0.0,0.0,0.0
2026-06-18 15:08:39,0.0,0.0,0.0,0.0,0.0,0.0,0.0,0.0,36.78697159806308,36.955326719248454,36.71772596111981,15.0,0.0,36.0,0.0,0.0,0.0,0.0,0.0,0.0,0.0,0.0,0.0,0.0,0.0
2026-06-18 15:08:39,0.0,0.0,0.0,0.0,0.0,0.0,0.0,0.0,37.058807078394736,36.91334330272056,36.742050735334324,15.0,0.0,36.0,0.0,0.0,0.0,0.0,0.0,0.0,0.0,0.0,0.0,0.0,0.0
2026-06-18 15:08:40,0.0,0.0,0.0,0.0,0.0,0.0,0.0,0.0,36.894015519517716,37.22455531336159,37.274398340619854,15.0,0.0,36.0,0.0,0.0,0.0,0.0,0.0,0.0,0.0,0.0,0.0,0.0,0.0
2026-06-18 15:08:40,0.0,0.0,0.0,0.0,0.0,0.0,0.0,0.0,36.882061738923674,37.31440069319125,37.24127624350013,15.0,0.0,36.0,0.0,0.0,0.0,0.0,0.0,0.0,0.0,0.0,0.0,0.0,0.0
2026-06-18 15:08:41,0.0,0.0,0.0,0.0,0.0,0.0,0.0,0.0,37.004453888548596,36.96222257214978,37.04999473465654,15.0,0.0,36.0,0.0,0.0,0.0,0.0,0.0,0.0,0.0,0.0,0.0,0.0,0.0
2026-06-18 15:08:41,0.0,0.0,0.0,0.0,0.0,0.0,0.0,0.0,36.5670723788295,36.949420560865086,37.243538091206034,15.0,0.0,36.0,0.0,0.0,0.0,0.0,0.0,0.0,0.0,0.0,0.0,0.0,0.0
2026-06-18 15:08:42,0.0,0.0,0.0,0.0,0.0,0.0,0.0,0.0,36.53143086287798,36.97171857000458,36.70151657450081,15.0,0.0,36.0,0.0,0.0,0.0,0.0,0.0,0.0,0.0,0.0,0.0,0.0,0.0
2026-06-18 15:08:42,0.0,0.0,0.0,0.0,0.0,0.0,0.0,0.0,36.544319263209346,36.81025216999848,37.0260571496807,15.0,0.0,36.0,0.0,0.0,0.0,0.0,0.0,0.0,0.0,0.0,0.0,0.0,0.0
2026-06-18 15:08:43,0.0,0.0,0.0,0.0,0.0,0.0,0.0,0.0,36.72713067713423,37.32297129443923,37.240076955147195,15.0,0.0,36.0,0.0,0.0,0.0,0.0,0.0,0.0,0.0,0.0,0.0,0.0,0.0
2026-06-18 15:08:43,0.0,0.0,0.0,0.0,0.0,0.0,0.0,0.0,36.69416964541034,37.069299010159035,37.04786474411961,15.0,0.0,36.0,0.0,0.0,0.0,0.0,0.0,0.0,0.0,0.0,0.0,0.0,0.0
2026-06-18 15:08:44,0.0,0.0,0.0,0.0,0.0,0.0,0.0,0.0,36.80522994308635,37.268394551238785,37.28002766919888,15.0,0.0,36.0,0.0,0.0,0.0,0.0,0.0,0.0,0.0,0.0,0.0,0.0,0.0
2026-06-18 15:08:44,0.0,0.0,0.0,0.0,0.0,0.0,0.0,0.0,36.809040130764444,37.04855957095579,36.92789454257087,15.0,0.0,36.0,0.0,0.0,0.0,0.0,0.0,0.0,0.0,0.0,0.0,0.0,0.0
2026-06-18 15:08:45,0.0,0.0,0.0,0.0,0.0,0.0,0.0,0.0,37.09318316381949,37.25288471359852,37.191009967051386,15.0,0.0,36.0,0.0,0.0,0.0,0.0,0.0,0.0,0.0,0.0,0.0,0.0,0.0
2026-06-18 15:08:45,0.0,0.0,0.0,0.0,0.0,0.0,0.0,0.0,36.81935786473853,37.254710506992545,36.9796839308712,15.0,0.0,36.0,0.0,0.0,0.0,0.0,0.0,0.0,0.0,0.0,0.0,0.0,0.0
2026-06-18 15:08:46,0.0,0.0,0.0,0.0,0.0,0.0,0.0,0.0,36.74685966611782,36.875765437151124,36.92969204497471,15.0,0.0,36.0,0.0,0.0,0.0,0.0,0.0,0.0,0.0,0.0,0.0,0.0,0.0
2026-06-18 15:08:46,0.0,0.0,0.0,0.0,0.0,0.0,0.0,0.0,36.72030913375018,37.09914592382822,36.790697391437405,15.0,0.0,36.0,0.0,0.0,0.0,0.0,0.0,0.0,0.0,0.0,0.0,0.0,0.0
2026-06-18 15:08:47,0.0,0.0,0.0,0.0,0.0,0.0,0.0,0.0,36.66999035801371,37.35712812382334,37.142205989595844,15.0,0.0,36.0,0.0,0.0,0.0,0.0,0.0,0.0,0.0,0.0,0.0,0.0,0.0
2026-06-18 15:08:47,0.0,0.0,0.0,0.0,0.0,0.0,0.0,0.0,37.07539298932661,36.929788902762645,37.29187877623395,15.0,0.0,36.0,0.0,0.0,0.0,0.0,0.0,0.0,0.0,0.0,0.0,0.0,0.0
2026-06-18 15:08:48,0.0,0.0,0.0,0.0,0.0,0.0,0.0,0.0,36.7483411401587,37.25982020112744,36.873529471069595,15.0,0.0,36.0,0.0,0.0,0.0,0.0,0.0,0.0,0.0,0.0,0.0,0.0,0.0
2026-06-18 15:08:48,0.0,0.0,0.0,0.0,0.0,0.0,0.0,0.0,36.51885325934615,37.05321215822151,36.971089665257544,15.0,0.0,36.0,0.0,0.0,0.0,0.0,0.0,0.0,0.0,0.0,0.0,0.0,0.0
2026-06-18 15:08:49,0.0,0.0,0.0,0.0,0.0,0.0,0.0,0.0,36.941564141470224,37.3601991859131,36.81255973088553,15.0,0.0,36.0,0.0,0.0,0.0,0.0,0.0,0.0,0.0,0.0,0.0,0.0,0.0
2026-06-18 15:08:49,0.0,0.0,0.0,0.0,0.0,0.0,0.0,0.0,36.67359923284443,36.854713579774646,37.17666615604454,15.0,0.0,36.0,0.0,0.0,0.0,0.0,0.0,0.0,0.0,0.0,0.0,0.0,0.0
2026-06-18 15:08:50,0.0,0.0,0.0,0.0,0.0,0.0,0.0,0.0,36.573955096722635,36.820764882905614,36.72591401241312,15.0,0.0,36.0,0.0,0.0,0.0,0.0,0.0,0.0,0.0,0.0,0.0,0.0,0.0
2026-06-18 15:08:50,0.0,0.0,0.0,0.0,0.0,0.0,0.0,0.0,36.73306351489658,36.96929058000898,36.73889083433771,15.0,0.0,36.0,0.0,0.0,0.0,0.0,0.0,0.0,0.0,0.0,0.0,0.0,0.0
2026-06-18 15:08:51,0.0,0.0,0.0,0.0,0.0,0.0,0.0,0.0,37.078473343432634,37.015788801924266,36.92431857795188,15.0,0.0,36.0,0.0,0.0,0.0,0.0,0.0,0.0,0.0,0.0,0.0,0.0,0.0
2026-06-18 15:08:51,0.0,0.0,0.0,0.0,0.0,0.0,0.0,0.0,36.96439797195436,37.229522159787315,36.775997134191066,15.0,0.0,36.0,0.0,0.0,0.0,0.0,0.0,0.0,0.0,0.0,0.0,0.0,0.0
2026-06-18 15:08:52,0.0,0.0,0.0,0.0,0.0,0.0,0.0,0.0,36.888338611406546,37.241992472225405,37.24865832681874,15.0,0.0,36.0,0.0,0.0,0.0,0.0,0.0,0.0,0.0,0.0,0.0,0.0,0.0
2026-06-18 15:08:52,0.0,0.0,0.0,0.0,0.0,0.0,0.0,0.0,36.5471618085786,37.210179128244505,37.083437184021165,15.0,0.0,36.0,0.0,0.0,0.0,0.0,0.0,0.0,0.0,0.0,0.0,0.0,0.0
2026-06-18 15:08:53,0.0,0.0,0.0,0.0,0.0,0.0,0.0,0.0,36.991479007799825,37.04093406786686,36.73389391828283,15.0,0.0,36.0,0.0,0.0,0.0,0.0,0.0,0.0,0.0,0.0,0.0,0.0,0.0
2026-06-18 15:08:53,0.0,0.0,0.0,0.0,0.0,0.0,0.0,0.0,36.86619595820145,36.87870303550122,37.00394503267555,15.0,0.0,36.0,0.0,0.0,0.0,0.0,0.0,0.0,0.0,0.0,0.0,0.0,0.0
2026-06-18 15:08:54,0.0,0.0,0.0,0.0,0.0,0.0,0.0,0.0,36.962167048614425,37.153621234570956,36.75644907581707,15.0,0.0,36.0,0.0,0.0,0.0,0.0,0.0,0.0,0.0,0.0,0.0,0.0,0.0
2026-06-18 15:08:54,0.0,0.0,0.0,0.0,0.0,0.0,0.0,0.0,36.770693215786636,36.85942560660249,36.87926228627006,15.0,0.0,36.0,0.0,0.0,0.0,0.0,0.0,0.0,0.0,0.0,0.0,0.0,0.0
2026-06-18 15:08:55,0.0,0.0,0.0,0.0,0.0,0.0,0.0,0.0,36.96967498840525,37.031515659660556,36.70860739697488,15.0,0.0,36.0,0.0,0.0,0.0,0.0,0.0,0.0,0.0,0.0,0.0,0.0,0.0
2026-06-18 15:08:55,0.0,0.0,0.0,0.0,0.0,0.0,0.0,0.0,36.96865010560079,37.32029079060142,37.054927315486225,15.0,0.0,36.0,0.0,0.0,0.0,0.0,0.0,0.0,0.0,0.0,0.0,0.0,0.0
2026-06-18 15:08:56,0.0,0.0,0.0,0.0,0.0,0.0,0.0,0.0,36.660916121284295,36.95677724724035,36.71366203937636,15.0,0.0,36.0,0.0,0.0,0.0,0.0,0.0,0.0,0.0,0.0,0.0,0.0,0.0
2026-06-18 15:08:56,0.0,0.0,0.0,0.0,0.0,0.0,0.0,0.0,36.779728992191004,37.2513303120298,36.8873884993894,15.0,0.0,36.0,0.0,0.0,0.0,0.0,0.0,0.0,0.0,0.0,0.0,0.0,0.0
2026-06-18 15:08:57,0.0,0.0,0.0,0.0,0.0,0.0,0.0,0.0,36.819155979878204,37.21144173270272,37.286420570075386,15.0,0.0,36.0,0.0,0.0,0.0,0.0,0.0,0.0,0.0,0.0,0.0,0.0,0.0
2026-06-18 15:08:57,0.0,0.0,0.0,0.0,0.0,0.0,0.0,0.0,37.088576206586076,37.14165962951644,37.212373592429216,15.0,0.0,36.0,0.0,0.0,0.0,0.0,0.0,0.0,0.0,0.0,0.0,0.0,0.0
2026-06-18 15:08:58,0.0,0.0,0.0,0.0,0.0,0.0,0.0,0.0,36.86063183396695,37.196484372629584,36.72052588467924,15.0,0.0,36.0,0.0,0.0,0.0,0.0,0.0,0.0,0.0,0.0,0.0,0.0,0.0
2026-06-18 15:08:58,0.0,0.0,0.0,0.0,0.0,0.0,0.0,0.0,36.9595619727787,37.19592969560475,36.82188465445998,15.0,0.0,36.0,0.0,0.0,0.0,0.0,0.0,0.0,0.0,0.0,0.0,0.0,0.0
2026-06-18 15:08:59,0.0,0.0,0.0,0.0,0.0,0.0,0.0,0.0,36.5576060977462,36.94778762218903,37.25040701430444,15.0,0.0,36.0,0.0,0.0,0.0,0.0,0.0,0.0,0.0,0.0,0.0,0.0,0.0
2026-06-18 15:08:59,0.0,0.0,0.0,0.0,0.0,0.0,0.0,0.0,36.98713927417453,37.282573695458716,37.1487942822847,15.0,0.0,36.0,0.0,0.0,0.0,0.0,0.0,0.0,0.0,0.0,0.0,0.0,0.0
2026-06-18 15:09:00,0.0,0.0,0.0,0.0,0.0,0.0,0.0,0.0,37.038602237674354,37.00353352717519,37.14395891078277,15.0,0.0,36.0,0.0,0.0,0.0,0.0,0.0,0.0,0.0,0.0,0.0,0.0,0.0
2026-06-18 15:09:00,0.0,0.0,0.0,0.0,0.0,0.0,0.0,0.0,36.75055661078691,37.38072530237992,36.76243662789826,15.0,0.0,36.0,0.0,0.0,0.0,0.0,0.0,0.0,0.0,0.0,0.0,0.0,0.0
2026-06-18 15:09:01,0.0,0.0,0.0,0.0,0.0,0.0,0.0,0.0,36.924105216813906,37.38619226712479,37.05031464870804,15.0,0.0,36.0,0.0,0.0,0.0,0.0,0.0,0.0,0.0,0.0,0.0,0.0,0.0
2026-06-18 15:09:01,0.0,0.0,0.0,0.0,0.0,0.0,0.0,0.0,36.93463793411691,37.147378159706086,36.749044534658985,15.0,0.0,36.0,0.0,0.0,0.0,0.0,0.0,0.0,0.0,0.0,0.0,0.0,0.0
2026-06-18 15:09:02,0.0,0.0,0.0,0.0,0.0,0.0,0.0,0.0,36.592626174479136,36.85568509077244,37.2964413110184,15.0,0.0,36.0,0.0,0.0,0.0,0.0,0.0,0.0,0.0,0.0,0.0,0.0,0.0
2026-06-18 15:09:02,0.0,0.0,0.0,0.0,0.0,0.0,0.0,0.0,36.95822211418589,37.08953371065876,37.16369888602438,15.0,0.0,36.0,0.0,0.0,0.0,0.0,0.0,0.0,0.0,0.0,0.0,0.0,0.0
2026-06-18 15:09:03,0.0,0.0,0.0,0.0,0.0,0.0,0.0,0.0,36.99996327701603,37.23100466004257,37.01127938186082,15.0,0.0,36.0,0.0,0.0,0.0,0.0,0.0,0.0,0.0,0.0,0.0,0.0,0.0
2026-06-18 15:09:03,0.0,0.0,0.0,0.0,0.0,0.0,0.0,0.0,36.51828601709793,36.817250039314956,37.083626536095544,15.0,0.0,36.0,0.0,0.0,0.0,0.0,0.0,0.0,0.0,0.0,0.0,0.0,0.0
2026-06-18 15:09:04,0.0,0.0,0.0,0.0,0.0,0.0,0.0,0.0,36.916432278635675,37.13280549673535,37.230567565284964,15.0,0.0,36.0,0.0,0.0,0.0,0.0,0.0,0.0,0.0,0.0,0.0,0.0,0.0
2026-06-18 15:09:04,0.0,0.0,0.0,0.0,0.0,0.0,0.0,0.0,36.534545133498284,37.12078465409182,36.92551158703046,15.0,0.0,36.0,0.0,0.0,0.0,0.0,0.0,0.0,0.0,0.0,0.0,0.0,0.0
2026-06-18 15:09:05,0.0,0.0,0.0,0.0,0.0,0.0,0.0,0.0,36.94960999692557,37.39771954011094,37.248463256739285,15.0,0.0,36.0,0.0,0.0,0.0,0.0,0.0,0.0,0.0,0.0,0.0,0.0,0.0
2026-06-18 15:09:05,0.0,0.0,0.0,0.0,0.0,0.0,0.0,0.0,36.6986411134901,36.94423853818526,36.81945277042181,15.0,0.0,36.0,0.0,0.0,0.0,0.0,0.0,0.0,0.0,0.0,0.0,0.0,0.0
2026-06-18 15:09:06,0.0,0.0,0.0,0.0,0.0,0.0,0.0,0.0,37.061727557599326,37.08629380620473,37.28575526511639,15.0,0.0,36.0,0.0,0.0,0.0,0.0,0.0,0.0,0.0,0.0,0.0,0.0,0.0
2026-06-18 15:09:06,0.0,0.0,0.0,0.0,0.0,0.0,0.0,0.0,37.05789778368873,37.02220759779608,36.857945632921044,15.0,0.0,36.0,0.0,0.0,0.0,0.0,0.0,0.0,0.0,0.0,0.0,0.0,0.0
2026-06-18 15:09:07,0.0,0.0,0.0,0.0,0.0,0.0,0.0,0.0,36.51262728694323,37.23455125803713,36.76017294947609,15.0,0.0,36.0,0.0,0.0,0.0,0.0,0.0,0.0,0.0,0.0,0.0,0.0,0.0
2026-06-18 15:09:07,0.0,0.0,0.0,0.0,0.0,0.0,0.0,0.0,36.99385534876512,37.38518166921794,36.94509719498033,15.0,0.0,36.0,0.0,0.0,0.0,0.0,0.0,0.0,0.0,0.0,0.0,0.0,0.0
2026-06-18 15:09:08,0.0,0.0,0.0,0.0,0.0,0.0,0.0,0.0,36.840759245635965,37.11096724565804,37.211686623278084,15.0,0.0,36.0,0.0,0.0,0.0,0.0,0.0,0.0,0.0,0.0,0.0,0.0,0.0
2026-06-18 15:09:08,0.0,0.0,0.0,0.0,0.0,0.0,0.0,0.0,36.89988027733012,37.147351471572144,37.083985484785046,15.0,0.0,36.0,0.0,0.0,0.0,0.0,0.0,0.0,0.0,0.0,0.0,0.0,0.0
2026-06-18 15:09:09,0.0,0.0,0.0,0.0,0.0,0.0,0.0,0.0,36.883334950257094,37.078627629202806,37.194940412726574,15.0,0.0,36.0,0.0,0.0,0.0,0.0,0.0,0.0,0.0,0.0,0.0,0.0,0.0
2026-06-18 15:09:09,0.0,0.0,0.0,0.0,0.0,0.0,0.0,0.0,37.03759082664657,37.18763431656489,37.13186259384873,15.0,0.0,36.0,0.0,0.0,0.0,0.0,0.0,0.0,0.0,0.0,0.0,0.0,0.0
2026-06-18 15:09:10,0.0,0.0,0.0,0.0,0.0,0.0,0.0,0.0,36.56975515036538,37.26446656296896,36.903688481081375,15.0,0.0,36.0,0.0,0.0,0.0,0.0,0.0,0.0,0.0,0.0,0.0,0.0,0.0
2026-06-18 15:09:10,0.0,0.0,0.0,0.0,0.0,0.0,0.0,0.0,36.96464707160168,36.82097960110538,36.94898021045096,15.0,0.0,36.0,0.0,0.0,0.0,0.0,0.0,0.0,0.0,0.0,0.0,0.0,0.0
2026-06-18 15:09:11,0.0,0.0,0.0,0.0,0.0,0.0,0.0,0.0,37.09974435980812,37.00142104944299,36.98893608861117,15.0,0.0,36.0,0.0,0.0,0.0,0.0,0.0,0.0,0.0,0.0,0.0,0.0,0.0
2026-06-18 15:09:11,0.0,0.0,0.0,0.0,0.0,0.0,0.0,0.0,36.70110916514477,37.00554083050912,37.246872138417004,15.0,0.0,36.0,0.0,0.0,0.0,0.0,0.0,0.0,0.0,0.0,0.0,0.0,0.0
2026-06-18 15:09:12,0.0,0.0,0.0,0.0,0.0,0.0,0.0,0.0,36.963355332483786,37.1153922689009,36.85480729964012,15.0,0.0,36.0,0.0,0.0,0.0,0.0,0.0,0.0,0.0,0.0,0.0,0.0,0.0
2026-06-18 15:09:12,0.0,0.0,0.0,0.0,0.0,0.0,0.0,0.0,37.03647684159637,36.977067951354876,36.72809943658907,15.0,0.0,36.0,0.0,0.0,0.0,0.0,0.0,0.0,0.0,0.0,0.0,0.0,0.0
2026-06-18 15:09:13,0.0,0.0,0.0,0.0,0.0,0.0,0.0,0.0,36.647043089835115,37.399370584264204,36.93163751048355,15.0,0.0,36.0,0.0,0.0,0.0,0.0,0.0,0.0,0.0,0.0,0.0,0.0,0.0
2026-06-18 15:09:13,0.0,0.0,0.0,0.0,0.0,0.0,0.0,0.0,36.614129517248784,37.16540840705919,37.23733349400836,15.0,0.0,36.0,0.0,0.0,0.0,0.0,0.0,0.0,0.0,0.0,0.0,0.0,0.0
2026-06-18 15:09:14,0.0,0.0,0.0,0.0,0.0,0.0,0.0,0.0,36.98782229267563,37.18529527263467,36.89608534776195,15.0,0.0,36.0,0.0,0.0,0.0,0.0,0.0,0.0,0.0,0.0,0.0,0.0,0.0
2026-06-18 15:09:14,0.0,0.0,0.0,0.0,0.0,0.0,0.0,0.0,37.049607615350034,37.16298377184674,36.97334066740313,15.0,0.0,36.0,0.0,0.0,0.0,0.0,0.0,0.0,0.0,0.0,0.0,0.0,0.0
2026-06-18 15:09:15,0.0,0.0,0.0,0.0,0.0,0.0,0.0,0.0,36.844132732933424,37.2224071979417,36.88349488314492,15.0,0.0,36.0,0.0,0.0,0.0,0.0,0.0,0.0,0.0,0.0,0.0,0.0,0.0
2026-06-18 15:09:15,0.0,0.0,0.0,0.0,0.0,0.0,0.0,0.0,36.59014876365789,36.81225616033556,36.72683755764803,15.0,0.0,36.0,0.0,0.0,0.0,0.0,0.0,0.0,0.0,0.0,0.0,0.0,0.0
2026-06-18 15:09:16,0.0,0.0,0.0,0.0,0.0,0.0,0.0,0.0,36.79571045831927,36.91408204952266,37.27154756659647,15.0,0.0,36.0,0.0,0.0,0.0,0.0,0.0,0.0,0.0,0.0,0.0,0.0,0.0
2026-06-18 15:09:16,0.0,0.0,0.0,0.0,0.0,0.0,0.0,0.0,36.730134475285816,37.056878651401554,36.91811183342077,15.0,0.0,36.0,0.0,0.0,0.0,0.0,0.0,0.0,0.0,0.0,0.0,0.0,0.0
2026-06-18 15:09:17,0.0,0.0,0.0,0.0,0.0,0.0,0.0,0.0,36.74636404976941,37.2318353462177,36.8045768241439,15.0,0.0,36.0,0.0,0.0,0.0,0.0,0.0,0.0,0.0,0.0,0.0,0.0,0.0
2026-06-18 15:09:17,0.0,0.0,0.0,0.0,0.0,0.0,0.0,0.0,36.890187174679916,37.24240643020397,37.28076640007892,15.0,0.0,36.0,0.0,0.0,0.0,0.0,0.0,0.0,0.0,0.0,0.0,0.0,0.0
2026-06-18 15:09:18,0.0,0.0,0.0,0.0,0.0,0.0,0.0,0.0,36.88887892204842,36.81545768316118,37.00907114186655,15.0,0.0,36.0,0.0,0.0,0.0,0.0,0.0,0.0,0.0,0.0,0.0,0.0,0.0
2026-06-18 15:09:18,0.0,0.0,0.0,0.0,0.0,0.0,0.0,0.0,36.83795539604709,36.996113859251466,37.066717602504895,15.0,0.0,36.0,0.0,0.0,0.0,0.0,0.0,0.0,0.0,0.0,0.0,0.0,0.0
2026-06-18 15:09:19,0.0,0.0,0.0,0.0,0.0,0.0,0.0,0.0,36.99759314820409,37.17201326143474,36.91655713398757,15.0,0.0,36.0,0.0,0.0,0.0,0.0,0.0,0.0,0.0,0.0,0.0,0.0,0.0
2026-06-18 15:09:19,0.0,0.0,0.0,0.0,0.0,0.0,0.0,0.0,36.62268059803998,37.13517136019144,37.18337553143654,15.0,0.0,36.0,0.0,0.0,0.0,0.0,0.0,0.0,0.0,0.0,0.0,0.0,0.0
2026-06-18 15:09:20,0.0,0.0,0.0,0.0,0.0,0.0,0.0,0.0,36.6453859421273,37.09572070482068,37.26826724462973,15.0,0.0,36.0,0.0,0.0,0.0,0.0,0.0,0.0,0.0,0.0,0.0,0.0,0.0
2026-06-18 15:09:20,0.0,0.0,0.0,0.0,0.0,0.0,0.0,0.0,36.73271126153505,36.90574448769548,36.721646703368805,15.0,0.0,36.0,0.0,0.0,0.0,0.0,0.0,0.0,0.0,0.0,0.0,0.0,0.0
2026-06-18 15:09:21,0.0,0.0,0.0,0.0,0.0,0.0,0.0,0.0,37.03595293489781,37.209638197975664,36.96042369110364,15.0,0.0,36.0,0.0,0.0,0.0,0.0,0.0,0.0,0.0,0.0,0.0,0.0,0.0
2026-06-18 15:09:21,0.0,0.0,0.0,0.0,0.0,0.0,0.0,0.0,36.55385915901785,37.26397967621067,37.21147815511813,15.0,0.0,36.0,0.0,0.0,0.0,0.0,0.0,0.0,0.0,0.0,0.0,0.0,0.0
2026-06-18 15:09:22,0.0,0.0,0.0,0.0,0.0,0.0,0.0,0.0,36.64335387297641,37.07142420293519,36.92655606246609,15.0,0.0,36.0,0.0,0.0,0.0,0.0,0.0,0.0,0.0,0.0,0.0,0.0,0.0
2026-06-18 15:09:22,0.0,0.0,0.0,0.0,0.0,0.0,0.0,0.0,36.56054475783241,37.14038138508405,37.299929539665015,15.0,0.0,36.0,0.0,0.0,0.0,0.0,0.0,0.0,0.0,0.0,0.0,0.0,0.0
2026-06-18 15:09:23,0.0,0.0,0.0,0.0,0.0,0.0,0.0,0.0,36.74999070319229,37.0900987861103,37.08193854719991,15.0,0.0,36.0,0.0,0.0,0.0,0.0,0.0,0.0,0.0,0.0,0.0,0.0,0.0
2026-06-18 15:09:23,0.0,0.0,0.0,0.0,0.0,0.0,0.0,0.0,36.52401228574862,37.28798429496873,36.76823620609759,15.0,0.0,36.0,0.0,0.0,0.0,0.0,0.0,0.0,0.0,0.0,0.0,0.0,0.0
2026-06-18 15:09:24,0.0,0.0,0.0,0.0,0.0,0.0,0.0,0.0,36.63309865938687,37.1197748804011,37.09728327303444,15.0,0.0,36.0,0.0,0.0,0.0,0.0,0.0,0.0,0.0,0.0,0.0,0.0,0.0
2026-06-18 15:09:24,0.0,0.0,0.0,0.0,0.0,0.0,0.0,0.0,36.77392627944848,37.31369097186377,36.76580344685214,15.0,0.0,36.0,0.0,0.0,0.0,0.0,0.0,0.0,0.0,0.0,0.0,0.0,0.0
2026-06-18 15:09:25,0.0,0.0,0.0,0.0,0.0,0.0,0.0,0.0,36.96442607854191,37.318695000656135,37.047481116754,15.0,0.0,36.0,0.0,0.0,0.0,0.0,0.0,0.0,0.0,0.0,0.0,0.0,0.0
2026-06-18 15:09:25,0.0,0.0,0.0,0.0,0.0,0.0,0.0,0.0,36.50096242774814,37.32681319678793,37.06866741827346,15.0,0.0,36.0,0.0,0.0,0.0,0.0,0.0,0.0,0.0,0.0,0.0,0.0,0.0
2026-06-18 15:09:26,0.0,0.0,0.0,0.0,0.0,0.0,0.0,0.0,36.97953338593336,36.983379314772186,36.77702545424022,15.0,0.0,36.0,0.0,0.0,0.0,0.0,0.0,0.0,0.0,0.0,0.0,0.0,0.0
2026-06-18 15:09:26,0.0,0.0,0.0,0.0,0.0,0.0,0.0,0.0,36.639770885342436,37.23742769522749,37.09154425416705,15.0,0.0,36.0,0.0,0.0,0.0,0.0,0.0,0.0,0.0,0.0,0.0,0.0,0.0
2026-06-18 15:09:27,0.0,0.0,0.0,0.0,0.0,0.0,0.0,0.0,36.8578374579179,36.94641907016131,36.77209145069259,15.0,0.0,36.0,0.0,0.0,0.0,0.0,0.0,0.0,0.0,0.0,0.0,0.0,0.0
2026-06-18 15:09:27,0.0,0.0,0.0,0.0,0.0,0.0,0.0,0.0,36.50487724387557,37.19325462764187,36.848469688046436,15.0,0.0,36.0,0.0,0.0,0.0,0.0,0.0,0.0,0.0,0.0,0.0,0.0,0.0
2026-06-18 15:09:28,0.0,0.0,0.0,0.0,0.0,0.0,0.0,0.0,37.031203422522026,37.26385666546308,37.01086959576768,15.0,0.0,36.0,0.0,0.0,0.0,0.0,0.0,0.0,0.0,0.0,0.0,0.0,0.0
2026-06-18 15:09:28,0.0,0.0,0.0,0.0,0.0,0.0,0.0,0.0,36.6763437700459,37.327425626069434,36.853199168863924,15.0,0.0,36.0,0.0,0.0,0.0,0.0,0.0,0.0,0.0,0.0,0.0,0.0,0.0
2026-06-18 15:09:29,0.0,0.0,0.0,0.0,0.0,0.0,0.0,0.0,37.0899217720109,37.3682335385328,36.93646833789064,15.0,0.0,36.0,0.0,0.0,0.0,0.0,0.0,0.0,0.0,0.0,0.0,0.0,0.0
2026-06-18 15:09:29,0.0,0.0,0.0,0.0,0.0,0.0,0.0,0.0,37.05444519817253,37.36981603380249,37.0989789382095,15.0,0.0,36.0,0.0,0.0,0.0,0.0,0.0,0.0,0.0,0.0,0.0,0.0,0.0
2026-06-18 15:09:30,0.0,0.0,0.0,0.0,0.0,0.0,0.0,0.0,36.55175539128132,36.87458471920414,37.183060034679784,15.0,0.0,36.0,0.0,0.0,0.0,0.0,0.0,0.0,0.0,0.0,0.0,0.0,0.0
2026-06-18 15:09:30,0.0,0.0,0.0,0.0,0.0,0.0,0.0,0.0,36.88065804240285,37.04999948742856,37.13837114301669,15.0,0.0,36.0,0.0,0.0,0.0,0.0,0.0,0.0,0.0,0.0,0.0,0.0,0.0
2026-06-18 15:09:31,0.0,0.0,0.0,0.0,0.0,0.0,0.0,0.0,36.53690989358073,36.894120487115444,36.75128990177619,15.0,0.0,36.0,0.0,0.0,0.0,0.0,0.0,0.0,0.0,0.0,0.0,0.0,0.0
2026-06-18 15:09:31,0.0,0.0,0.0,0.0,0.0,0.0,0.0,0.0,36.768316996435196,37.0219223618806,37.16908312825874,15.0,0.0,36.0,0.0,0.0,0.0,0.0,0.0,0.0,0.0,0.0,0.0,0.0,0.0
2026-06-18 15:09:32,0.0,0.0,0.0,0.0,0.0,0.0,0.0,0.0,36.71222542599544,37.304264850557786,37.05974147808333,15.0,0.0,36.0,0.0,0.0,0.0,0.0,0.0,0.0,0.0,0.0,0.0,0.0,0.0
2026-06-18 15:09:32,0.0,0.0,0.0,0.0,0.0,0.0,0.0,0.0,36.98152625129975,37.237938642127425,37.04457515805251,15.0,0.0,36.0,0.0,0.0,0.0,0.0,0.0,0.0,0.0,0.0,0.0,0.0,0.0
2026-06-18 15:09:33,0.0,0.0,0.0,0.0,0.0,0.0,0.0,0.0,36.69078598634785,36.96367675211912,37.187187432779766,15.0,0.0,36.0,0.0,0.0,0.0,0.0,0.0,0.0,0.0,0.0,0.0,0.0,0.0
2026-06-18 15:09:33,0.0,0.0,0.0,0.0,0.0,0.0,0.0,0.0,36.950647387950724,37.31388287627231,36.77608848166371,15.0,0.0,36.0,0.0,0.0,0.0,0.0,0.0,0.0,0.0,0.0,0.0,0.0,0.0
2026-06-18 15:09:34,0.0,0.0,0.0,0.0,0.0,0.0,0.0,0.0,36.51856009505752,36.8936690477485,37.21139707791843,15.0,0.0,36.0,0.0,0.0,0.0,0.0,0.0,0.0,0.0,0.0,0.0,0.0,0.0
2026-06-18 15:09:34,0.0,0.0,0.0,0.0,0.0,0.0,0.0,0.0,36.88402125759052,37.3823411622878,37.03584714592388,15.0,0.0,36.0,0.0,0.0,0.0,0.0,0.0,0.0,0.0,0.0,0.0,0.0,0.0
2026-06-18 15:09:35,0.0,0.0,0.0,0.0,0.0,0.0,0.0,0.0,36.58224418822617,37.010242821462114,36.70153236211731,15.0,0.0,36.0,0.0,0.0,0.0,0.0,0.0,0.0,0.0,0.0,0.0,0.0,0.0
2026-06-18 15:09:35,0.0,0.0,0.0,0.0,0.0,0.0,0.0,0.0,36.560917533622984,36.863554839203466,37.09941288041568,15.0,0.0,36.0,0.0,0.0,0.0,0.0,0.0,0.0,0.0,0.0,0.0,0.0,0.0
2026-06-18 15:09:36,0.0,0.0,0.0,0.0,0.0,0.0,0.0,0.0,36.548534249249705,36.88285455506636,36.830897431570214,15.0,0.0,36.0,0.0,0.0,0.0,0.0,0.0,0.0,0.0,0.0,0.0,0.0,0.0
2026-06-18 15:09:36,0.0,0.0,0.0,0.0,0.0,0.0,0.0,0.0,36.71128254537438,37.092832858362186,37.272202905511705,15.0,0.0,36.0,0.0,0.0,0.0,0.0,0.0,0.0,0.0,0.0,0.0,0.0,0.0
2026-06-18 15:09:37,0.0,0.0,0.0,0.0,0.0,0.0,0.0,0.0,36.908381854852976,37.26914564132059,36.99834787981349,15.0,0.0,36.0,0.0,0.0,0.0,0.0,0.0,0.0,0.0,0.0,0.0,0.0,0.0
2026-06-18 15:09:37,0.0,0.0,0.0,0.0,0.0,0.0,0.0,0.0,36.88094347209655,36.96603292890432,36.77806327955337,15.0,0.0,36.0,0.0,0.0,0.0,0.0,0.0,0.0,0.0,0.0,0.0,0.0,0.0
2026-06-18 15:09:38,0.0,0.0,0.0,0.0,0.0,0.0,0.0,0.0,36.934136559161104,37.02684221735276,36.82235574987722,15.0,0.0,36.0,0.0,0.0,0.0,0.0,0.0,0.0,0.0,0.0,0.0,0.0,0.0
2026-06-18 15:09:38,0.0,0.0,0.0,0.0,0.0,0.0,0.0,0.0,36.51013610737466,37.218445933343624,37.07167410626813,15.0,0.0,36.0,0.0,0.0,0.0,0.0,0.0,0.0,0.0,0.0,0.0,0.0,0.0
2026-06-18 15:09:39,0.0,0.0,0.0,0.0,0.0,0.0,0.0,0.0,36.74568349550792,36.82592751549065,37.22282055725401,15.0,0.0,36.0,0.0,0.0,0.0,0.0,0.0,0.0,0.0,0.0,0.0,0.0,0.0
2026-06-18 15:09:39,0.0,0.0,0.0,0.0,0.0,0.0,0.0,0.0,36.79554505540727,37.060742672138424,36.86295518607423,15.0,0.0,36.0,0.0,0.0,0.0,0.0,0.0,0.0,0.0,0.0,0.0,0.0,0.0
2026-06-18 15:09:40,0.0,0.0,0.0,0.0,0.0,0.0,0.0,0.0,36.829137849498686,36.99639247899806,36.959510886293096,15.0,0.0,36.0,0.0,0.0,0.0,0.0,0.0,0.0,0.0,0.0,0.0,0.0,0.0
2026-06-18 15:09:40,0.0,0.0,0.0,0.0,0.0,0.0,0.0,0.0,36.567957302874674,37.24067884942474,37.13659997707132,15.0,0.0,36.0,0.0,0.0,0.0,0.0,0.0,0.0,0.0,0.0,0.0,0.0,0.0
2026-06-18 15:09:41,0.0,0.0,0.0,0.0,0.0,0.0,0.0,0.0,36.72437924378799,37.01754965560983,36.88010098968465,15.0,0.0,36.0,0.0,0.0,0.0,0.0,0.0,0.0,0.0,0.0,0.0,0.0,0.0
2026-06-18 15:09:41,0.0,0.0,0.0,0.0,0.0,0.0,0.0,0.0,36.84199972112328,37.214029689775515,37.04245270797845,15.0,0.0,36.0,0.0,0.0,0.0,0.0,0.0,0.0,0.0,0.0,0.0,0.0,0.0
2026-06-18 15:09:42,0.0,0.0,0.0,0.0,0.0,0.0,0.0,0.0,36.75402458826504,37.23630139677231,37.29738530784353,15.0,0.0,36.0,0.0,0.0,0.0,0.0,0.0,0.0,0.0,0.0,0.0,0.0,0.0
2026-06-18 15:09:42,0.0,0.0,0.0,0.0,0.0,0.0,0.0,0.0,36.531127837933575,37.32477709540632,37.26931752356448,15.0,0.0,36.0,0.0,0.0,0.0,0.0,0.0,0.0,0.0,0.0,0.0,0.0,0.0
2026-06-18 15:09:43,0.0,0.0,0.0,0.0,0.0,0.0,0.0,0.0,36.673573274278674,36.968283228461715,37.202093715127226,15.0,0.0,36.0,0.0,0.0,0.0,0.0,0.0,0.0,0.0,0.0,0.0,0.0,0.0
2026-06-18 15:09:43,0.0,0.0,0.0,0.0,0.0,0.0,0.0,0.0,36.916153621816065,37.142677773746,36.97584502787918,15.0,0.0,36.0,0.0,0.0,0.0,0.0,0.0,0.0,0.0,0.0,0.0,0.0,0.0
2026-06-18 15:09:44,0.0,0.0,0.0,0.0,0.0,0.0,0.0,0.0,36.62765581859384,37.39258523668188,37.18564391953909,15.0,0.0,36.0,0.0,0.0,0.0,0.0,0.0,0.0,0.0,0.0,0.0,0.0,0.0
2026-06-18 15:09:44,0.0,0.0,0.0,0.0,0.0,0.0,0.0,0.0,37.07344213705248,37.306348165807044,36.88024389886075,15.0,0.0,36.0,0.0,0.0,0.0,0.0,0.0,0.0,0.0,0.0,0.0,0.0,0.0
2026-06-18 15:09:45,0.0,0.0,0.0,0.0,0.0,0.0,0.0,0.0,36.959103286454464,37.071824303775855,36.75035786667863,15.0,0.0,36.0,0.0,0.0,0.0,0.0,0.0,0.0,0.0,0.0,0.0,0.0,0.0
2026-06-18 15:09:45,0.0,0.0,0.0,0.0,0.0,0.0,0.0,0.0,36.67242611725897,37.282935194528825,36.92400511910735,15.0,0.0,36.0,0.0,0.0,0.0,0.0,0.0,0.0,0.0,0.0,0.0,0.0,0.0
2026-06-18 15:09:46,0.0,0.0,0.0,0.0,0.0,0.0,0.0,0.0,36.546785854048416,37.053984709393994,37.28052743029338,15.0,0.0,36.0,0.0,0.0,0.0,0.0,0.0,0.0,0.0,0.0,0.0,0.0,0.0
2026-06-18 15:09:46,0.0,0.0,0.0,0.0,0.0,0.0,0.0,0.0,36.60518602940187,37.15822791902599,37.011444709912155,15.0,0.0,36.0,0.0,0.0,0.0,0.0,0.0,0.0,0.0,0.0,0.0,0.0,0.0
2026-06-18 15:09:47,0.0,0.0,0.0,0.0,0.0,0.0,0.0,0.0,36.99677178148533,37.161088252387394,37.155755313596416,15.0,0.0,36.0,0.0,0.0,0.0,0.0,0.0,0.0,0.0,0.0,0.0,0.0,0.0
2026-06-18 15:09:47,0.0,0.0,0.0,0.0,0.0,0.0,0.0,0.0,36.97963222793266,37.2372148677044,37.0870242751979,15.0,0.0,36.0,0.0,0.0,0.0,0.0,0.0,0.0,0.0,0.0,0.0,0.0,0.0
2026-06-18 15:09:48,0.0,0.0,0.0,0.0,0.0,0.0,0.0,0.0,36.94040922507753,37.08661554417771,37.19614527639336,15.0,0.0,36.0,0.0,0.0,0.0,0.0,0.0,0.0,0.0,0.0,0.0,0.0,0.0
2026-06-18 15:09:48,0.0,0.0,0.0,0.0,0.0,0.0,0.0,0.0,36.97868874056726,37.398696220912484,36.950842315989966,15.0,0.0,36.0,0.0,0.0,0.0,0.0,0.0,0.0,0.0,0.0,0.0,0.0,0.0
2026-06-18 15:09:49,0.0,0.0,0.0,0.0,0.0,0.0,0.0,0.0,36.875743357394306,36.86427340690989,36.72779297137192,15.0,0.0,36.0,0.0,0.0,0.0,0.0,0.0,0.0,0.0,0.0,0.0,0.0,0.0
2026-06-18 15:09:49,0.0,0.0,0.0,0.0,0.0,0.0,0.0,0.0,36.53711067314618,37.350097271109966,36.87672795499445,15.0,0.0,36.0,0.0,0.0,0.0,0.0,0.0,0.0,0.0,0.0,0.0,0.0,0.0
2026-06-18 15:09:50,0.0,0.0,0.0,0.0,0.0,0.0,0.0,0.0,36.8830056954618,37.22559882943181,36.75254297647934,15.0,0.0,36.0,0.0,0.0,0.0,0.0,0.0,0.0,0.0,0.0,0.0,0.0,0.0
2026-06-18 15:09:50,0.0,0.0,0.0,0.0,0.0,0.0,0.0,0.0,36.93380660091819,36.8277454234395,37.16091545466056,15.0,0.0,36.0,0.0,0.0,0.0,0.0,0.0,0.0,0.0,0.0,0.0,0.0,0.0
2026-06-18 15:09:51,0.0,0.0,0.0,0.0,0.0,0.0,0.0,0.0,36.762050629208765,36.82972858558493,37.08629204704886,15.0,0.0,36.0,0.0,0.0,0.0,0.0,0.0,0.0,0.0,0.0,0.0,0.0,0.0
2026-06-18 15:09:51,0.0,0.0,0.0,0.0,0.0,0.0,0.0,0.0,36.785812904327784,36.82900211407045,37.226504085840105,15.0,0.0,36.0,0.0,0.0,0.0,0.0,0.0,0.0,0.0,0.0,0.0,0.0,0.0
2026-06-18 15:09:52,0.0,0.0,0.0,0.0,0.0,0.0,0.0,0.0,36.793650421523765,37.14885470354025,37.111271512264814,15.0,0.0,36.0,0.0,0.0,0.0,0.0,0.0,0.0,0.0,0.0,0.0,0.0,0.0
2026-06-18 15:09:52,0.0,0.0,0.0,0.0,0.0,0.0,0.0,0.0,37.02036511865744,36.95925184521428,37.05825350621917,15.0,0.0,36.0,0.0,0.0,0.0,0.0,0.0,0.0,0.0,0.0,0.0,0.0,0.0
2026-06-18 15:09:53,0.0,0.0,0.0,0.0,0.0,0.0,0.0,0.0,36.56670017011413,37.31511503386681,36.95730784653705,15.0,0.0,36.0,0.0,0.0,0.0,0.0,0.0,0.0,0.0,0.0,0.0,0.0,0.0
2026-06-18 15:09:53,0.0,0.0,0.0,0.0,0.0,0.0,0.0,0.0,36.72099239368267,36.8384066868648,36.851587819200674,15.0,0.0,36.0,0.0,0.0,0.0,0.0,0.0,0.0,0.0,0.0,0.0,0.0,0.0
2026-06-18 15:09:54,0.0,0.0,0.0,0.0,0.0,0.0,0.0,0.0,36.938870113875666,37.136613413491155,36.864665758746355,15.0,0.0,36.0,0.0,0.0,0.0,0.0,0.0,0.0,0.0,0.0,0.0,0.0,0.0
2026-06-18 15:09:54,0.0,0.0,0.0,0.0,0.0,0.0,0.0,0.0,36.55625033815836,37.37453195001007,36.85834823716484,15.0,0.0,36.0,0.0,0.0,0.0,0.0,0.0,0.0,0.0,0.0,0.0,0.0,0.0
2026-06-18 15:09:55,0.0,0.0,0.0,0.0,0.0,0.0,0.0,0.0,36.766459494440944,37.34789627662629,36.838144307330765,15.0,0.0,36.0,0.0,0.0,0.0,0.0,0.0,0.0,0.0,0.0,0.0,0.0,0.0
2026-06-18 15:09:55,0.0,0.0,0.0,0.0,0.0,0.0,0.0,0.0,36.564300591830005,36.933568733882666,36.98717918615323,15.0,0.0,36.0,0.0,0.0,0.0,0.0,0.0,0.0,0.0,0.0,0.0,0.0,0.0
2026-06-18 15:09:56,0.0,0.0,0.0,0.0,0.0,0.0,0.0,0.0,37.02473225506808,37.35915904234475,37.13996130107064,15.0,0.0,36.0,0.0,0.0,0.0,0.0,0.0,0.0,0.0,0.0,0.0,0.0,0.0
2026-06-18 15:09:56,0.0,0.0,0.0,0.0,0.0,0.0,0.0,0.0,36.999634165138716,37.33396429838624,37.06659657731253,15.0,0.0,36.0,0.0,0.0,0.0,0.0,0.0,0.0,0.0,0.0,0.0,0.0,0.0
2026-06-18 15:09:57,0.0,0.0,0.0,0.0,0.0,0.0,0.0,0.0,36.591228304311265,37.176130373260015,36.929821136517326,15.0,0.0,36.0,0.0,0.0,0.0,0.0,0.0,0.0,0.0,0.0,0.0,0.0,0.0
2026-06-18 15:09:57,0.0,0.0,0.0,0.0,0.0,0.0,0.0,0.0,36.793429285129946,37.394721888524984,37.12151223999854,15.0,0.0,36.0,0.0,0.0,0.0,0.0,0.0,0.0,0.0,0.0,0.0,0.0,0.0
2026-06-18 15:09:58,0.0,0.0,0.0,0.0,0.0,0.0,0.0,0.0,37.07664186186079,37.22946817547588,37.28740166115951,15.0,0.0,36.0,0.0,0.0,0.0,0.0,0.0,0.0,0.0,0.0,0.0,0.0,0.0
2026-06-18 15:09:58,0.0,0.0,0.0,0.0,0.0,0.0,0.0,0.0,36.84940876994484,37.058115686797954,36.87298339451021,15.0,0.0,36.0,0.0,0.0,0.0,0.0,0.0,0.0,0.0,0.0,0.0,0.0,0.0
2026-06-18 15:09:59,0.0,0.0,0.0,0.0,0.0,0.0,0.0,0.0,36.81981054257669,36.94021469628864,37.284346599087144,15.0,0.0,36.0,0.0,0.0,0.0,0.0,0.0,0.0,0.0,0.0,0.0,0.0,0.0
2026-06-18 15:09:59,0.0,0.0,0.0,0.0,0.0,0.0,0.0,0.0,36.54934155298219,37.15332807846163,37.21342425316538,15.0,0.0,36.0,0.0,0.0,0.0,0.0,0.0,0.0,0.0,0.0,0.0,0.0,0.0
2026-06-18 15:10:00,0.0,0.0,0.0,0.0,0.0,0.0,0.0,0.0,36.97969513541113,36.92851991256349,37.170137913031596,15.0,0.0,36.0,0.0,0.0,0.0,0.0,0.0,0.0,0.0,0.0,0.0,0.0,0.0
2026-06-18 15:10:00,0.0,0.0,0.0,0.0,0.0,0.0,0.0,0.0,37.00484497280408,37.30831400146151,37.20669144031122,15.0,0.0,36.0,0.0,0.0,0.0,0.0,0.0,0.0,0.0,0.0,0.0,0.0,0.0
2026-06-18 15:10:01,0.0,0.0,0.0,0.0,0.0,0.0,0.0,0.0,37.0346134835628,37.19023379041971,37.0166408149016,15.0,0.0,36.0,0.0,0.0,0.0,0.0,0.0,0.0,0.0,0.0,0.0,0.0,0.0
2026-06-18 15:10:01,0.0,0.0,0.0,0.0,0.0,0.0,0.0,0.0,37.04587196152299,36.88224956648538,36.72424636618897,15.0,0.0,36.0,0.0,0.0,0.0,0.0,0.0,0.0,0.0,0.0,0.0,0.0,0.0
2026-06-18 15:10:02,0.0,0.0,0.0,0.0,0.0,0.0,0.0,0.0,36.81188631609952,37.04744646205915,36.99796145471239,15.0,0.0,36.0,0.0,0.0,0.0,0.0,0.0,0.0,0.0,0.0,0.0,0.0,0.0
2026-06-18 15:10:02,0.0,0.0,0.0,0.0,0.0,0.0,0.0,0.0,37.00042587897993,36.911256415692165,36.714802447903104,15.0,0.0,36.0,0.0,0.0,0.0,0.0,0.0,0.0,0.0,0.0,0.0,0.0,0.0
2026-06-18 15:10:03,0.0,0.0,0.0,0.0,0.0,0.0,0.0,0.0,37.01284421909146,36.96315791821412,37.06736115709609,15.0,0.0,36.0,0.0,0.0,0.0,0.0,0.0,0.0,0.0,0.0,0.0,0.0,0.0
2026-06-18 15:10:03,0.0,0.0,0.0,0.0,0.0,0.0,0.0,0.0,37.01634697887977,37.34256872424888,37.12962021323013,15.0,0.0,36.0,0.0,0.0,0.0,0.0,0.0,0.0,0.0,0.0,0.0,0.0,0.0
2026-06-18 15:10:04,0.0,0.0,0.0,0.0,0.0,0.0,0.0,0.0,36.58225753093716,37.19132142178052,37.149436599594125,15.0,0.0,36.0,0.0,0.0,0.0,0.0,0.0,0.0,0.0,0.0,0.0,0.0,0.0
2026-06-18 15:10:04,0.0,0.0,0.0,0.0,0.0,0.0,0.0,0.0,36.78520167381122,36.90027671064626,37.284851390422794,15.0,0.0,36.0,0.0,0.0,0.0,0.0,0.0,0.0,0.0,0.0,0.0,0.0,0.0
2026-06-18 15:10:05,0.0,0.0,0.0,0.0,0.0,0.0,0.0,0.0,36.74626955071384,37.32125203359354,37.14918497362798,15.0,0.0,36.0,0.0,0.0,0.0,0.0,0.0,0.0,0.0,0.0,0.0,0.0,0.0
2026-06-18 15:10:05,0.0,0.0,0.0,0.0,0.0,0.0,0.0,0.0,36.83564369336726,37.3338433181061,36.8378674720673,15.0,0.0,36.0,0.0,0.0,0.0,0.0,0.0,0.0,0.0,0.0,0.0,0.0,0.0
2026-06-18 15:10:06,0.0,0.0,0.0,0.0,0.0,0.0,0.0,0.0,36.93657937138254,37.38805747491258,36.91102861813912,15.0,0.0,36.0,0.0,0.0,0.0,0.0,0.0,0.0,0.0,0.0,0.0,0.0,0.0
2026-06-18 15:10:06,0.0,0.0,0.0,0.0,0.0,0.0,0.0,0.0,36.980711734930146,36.87369773932998,37.2030567452139,15.0,0.0,36.0,0.0,0.0,0.0,0.0,0.0,0.0,0.0,0.0,0.0,0.0,0.0
2026-06-18 15:10:07,0.0,0.0,0.0,0.0,0.0,0.0,0.0,0.0,36.589429568117986,36.817528223290495,37.095027838561855,15.0,0.0,36.0,0.0,0.0,0.0,0.0,0.0,0.0,0.0,0.0,0.0,0.0,0.0
2026-06-18 15:10:07,0.0,0.0,0.0,0.0,0.0,0.0,0.0,0.0,36.88506354373407,37.051266497493344,37.00391424957069,15.0,0.0,36.0,0.0,0.0,0.0,0.0,0.0,0.0,0.0,0.0,0.0,0.0,0.0
2026-06-18 15:10:08,0.0,0.0,0.0,0.0,0.0,0.0,0.0,0.0,36.50610266935277,36.80169896405157,36.79355327449087,15.0,0.0,36.0,0.0,0.0,0.0,0.0,0.0,0.0,0.0,0.0,0.0,0.0,0.0
2026-06-18 15:10:08,0.0,0.0,0.0,0.0,0.0,0.0,0.0,0.0,36.76948821628191,37.25592052397591,37.04017126564767,15.0,0.0,36.0,0.0,0.0,0.0,0.0,0.0,0.0,0.0,0.0,0.0,0.0,0.0
2026-06-18 15:10:09,0.0,0.0,0.0,0.0,0.0,0.0,0.0,0.0,36.84489075423237,36.833472949258535,37.07972877264242,15.0,0.0,36.0,0.0,0.0,0.0,0.0,0.0,0.0,0.0,0.0,0.0,0.0,0.0
2026-06-18 15:10:09,0.0,0.0,0.0,0.0,0.0,0.0,0.0,0.0,36.64075143834068,37.06278125408047,36.765487223139786,15.0,0.0,36.0,0.0,0.0,0.0,0.0,0.0,0.0,0.0,0.0,0.0,0.0,0.0
2026-06-18 15:10:10,0.0,0.0,0.0,0.0,0.0,0.0,0.0,0.0,36.80800161971194,37.2445885080396,37.243565376759406,15.0,0.0,36.0,0.0,0.0,0.0,0.0,0.0,0.0,0.0,0.0,0.0,0.0,0.0
2026-06-18 15:10:10,0.0,0.0,0.0,0.0,0.0,0.0,0.0,0.0,36.870423152502596,37.0513560792296,37.04731934957868,15.0,0.0,36.0,0.0,0.0,0.0,0.0,0.0,0.0,0.0,0.0,0.0,0.0,0.0
2026-06-18 15:10:11,0.0,0.0,0.0,0.0,0.0,0.0,0.0,0.0,36.90766250771009,36.841198321805834,36.99008775561203,15.0,0.0,36.0,0.0,0.0,0.0,0.0,0.0,0.0,0.0,0.0,0.0,0.0,0.0
2026-06-18 15:10:11,0.0,0.0,0.0,0.0,0.0,0.0,0.0,0.0,36.65496096221557,37.20286816405373,36.98125937677317,15.0,0.0,36.0,0.0,0.0,0.0,0.0,0.0,0.0,0.0,0.0,0.0,0.0,0.0
2026-06-18 15:10:12,0.0,0.0,0.0,0.0,0.0,0.0,0.0,0.0,37.03180874216769,37.34200437997287,36.93271864854438,15.0,0.0,36.0,0.0,0.0,0.0,0.0,0.0,0.0,0.0,0.0,0.0,0.0,0.0
2026-06-18 15:10:12,0.0,0.0,0.0,0.0,0.0,0.0,0.0,0.0,36.79893724524731,37.04841911097109,37.17721088764533,15.0,0.0,36.0,0.0,0.0,0.0,0.0,0.0,0.0,0.0,0.0,0.0,0.0,0.0
2026-06-18 15:10:13,0.0,0.0,0.0,0.0,0.0,0.0,0.0,0.0,36.97920111980955,36.81933743817943,37.20987914295896,15.0,0.0,36.0,0.0,0.0,0.0,0.0,0.0,0.0,0.0,0.0,0.0,0.0,0.0
2026-06-18 15:10:13,0.0,0.0,0.0,0.0,0.0,0.0,0.0,0.0,36.8945534703173,37.36358144037176,37.209503669795076,15.0,0.0,36.0,0.0,0.0,0.0,0.0,0.0,0.0,0.0,0.0,0.0,0.0,0.0
2026-06-18 15:10:14,0.0,0.0,0.0,0.0,0.0,0.0,0.0,0.0,36.63941698371155,37.17478411200353,37.26057527995756,15.0,0.0,36.0,0.0,0.0,0.0,0.0,0.0,0.0,0.0,0.0,0.0,0.0,0.0
2026-06-18 15:10:14,0.0,0.0,0.0,0.0,0.0,0.0,0.0,0.0,36.62405078161362,37.25403872056918,37.1044060024262,15.0,0.0,36.0,0.0,0.0,0.0,0.0,0.0,0.0,0.0,0.0,0.0,0.0,0.0
2026-06-18 15:10:15,0.0,0.0,0.0,0.0,0.0,0.0,0.0,0.0,37.06498343279975,37.06419805609088,37.23224735170296,15.0,0.0,36.0,0.0,0.0,0.0,0.0,0.0,0.0,0.0,0.0,0.0,0.0,0.0
2026-06-18 15:10:15,0.0,0.0,0.0,0.0,0.0,0.0,0.0,0.0,36.58589312975962,36.920011315796906,37.29131208751199,15.0,0.0,36.0,0.0,0.0,0.0,0.0,0.0,0.0,0.0,0.0,0.0,0.0,0.0
2026-06-18 15:10:16,0.0,0.0,0.0,0.0,0.0,0.0,0.0,0.0,36.99957884207748,37.191280389591704,37.244967559928924,15.0,0.0,36.0,0.0,0.0,0.0,0.0,0.0,0.0,0.0,0.0,0.0,0.0,0.0
2026-06-18 15:10:16,0.0,0.0,0.0,0.0,0.0,0.0,0.0,0.0,37.00134861476187,37.167828329308776,36.97275632830277,15.0,0.0,36.0,0.0,0.0,0.0,0.0,0.0,0.0,0.0,0.0,0.0,0.0,0.0
2026-06-18 15:10:17,0.0,0.0,0.0,0.0,0.0,0.0,0.0,0.0,36.80693166507793,37.04947331680694,36.904740857562025,15.0,0.0,36.0,0.0,0.0,0.0,0.0,0.0,0.0,0.0,0.0,0.0,0.0,0.0
2026-06-18 15:10:17,0.0,0.0,0.0,0.0,0.0,0.0,0.0,0.0,36.81782670135761,37.24333792541089,37.114126206551816,15.0,0.0,36.0,0.0,0.0,0.0,0.0,0.0,0.0,0.0,0.0,0.0,0.0,0.0
2026-06-18 15:10:18,0.0,0.0,0.0,0.0,0.0,0.0,0.0,0.0,37.099772290053316,37.17655993226737,37.143222026571706,15.0,0.0,36.0,0.0,0.0,0.0,0.0,0.0,0.0,0.0,0.0,0.0,0.0,0.0
2026-06-18 15:10:18,0.0,0.0,0.0,0.0,0.0,0.0,0.0,0.0,36.69819560893331,37.07765486615036,37.22339240205697,15.0,0.0,36.0,0.0,0.0,0.0,0.0,0.0,0.0,0.0,0.0,0.0,0.0,0.0
2026-06-18 15:10:19,0.0,0.0,0.0,0.0,0.0,0.0,0.0,0.0,36.70890837636976,36.83780603194508,37.09182401030504,15.0,0.0,36.0,0.0,0.0,0.0,0.0,0.0,0.0,0.0,0.0,0.0,0.0,0.0
2026-06-18 15:10:19,0.0,0.0,0.0,0.0,0.0,0.0,0.0,0.0,36.591048147104146,36.93701088208122,36.73560362199375,15.0,0.0,36.0,0.0,0.0,0.0,0.0,0.0,0.0,0.0,0.0,0.0,0.0,0.0
2026-06-18 15:10:20,0.0,0.0,0.0,0.0,0.0,0.0,0.0,0.0,36.94394838135965,36.86714502422402,36.79771086157482,15.0,0.0,36.0,0.0,0.0,0.0,0.0,0.0,0.0,0.0,0.0,0.0,0.0,0.0
2026-06-18 15:10:20,0.0,0.0,0.0,0.0,0.0,0.0,0.0,0.0,36.76521477043648,37.11000159922366,36.73467671929866,15.0,0.0,36.0,0.0,0.0,0.0,0.0,0.0,0.0,0.0,0.0,0.0,0.0,0.0
2026-06-18 15:10:21,0.0,0.0,0.0,0.0,0.0,0.0,0.0,0.0,36.94689433496299,37.074886542933335,36.877752739399014,15.0,0.0,36.0,0.0,0.0,0.0,0.0,0.0,0.0,0.0,0.0,0.0,0.0,0.0
2026-06-18 15:10:21,0.0,0.0,0.0,0.0,0.0,0.0,0.0,0.0,36.52074870335907,37.3734519070224,36.776741858789364,15.0,0.0,36.0,0.0,0.0,0.0,0.0,0.0,0.0,0.0,0.0,0.0,0.0,0.0
2026-06-18 15:10:22,0.0,0.0,0.0,0.0,0.0,0.0,0.0,0.0,36.75137540187834,37.254713911212896,36.79637250517642,15.0,0.0,36.0,0.0,0.0,0.0,0.0,0.0,0.0,0.0,0.0,0.0,0.0,0.0
2026-06-18 15:10:22,0.0,0.0,0.0,0.0,0.0,0.0,0.0,0.0,36.954084369388454,37.14283694815035,36.70904132687311,15.0,0.0,36.0,0.0,0.0,0.0,0.0,0.0,0.0,0.0,0.0,0.0,0.0,0.0
2026-06-18 15:10:23,0.0,0.0,0.0,0.0,0.0,0.0,0.0,0.0,36.946312700423825,37.21890721740636,36.950934672870346,15.0,0.0,36.0,0.0,0.0,0.0,0.0,0.0,0.0,0.0,0.0,0.0,0.0,0.0
2026-06-18 15:10:23,0.0,0.0,0.0,0.0,0.0,0.0,0.0,0.0,36.74261256636311,36.848837505938164,36.78616413308448,15.0,0.0,36.0,0.0,0.0,0.0,0.0,0.0,0.0,0.0,0.0,0.0,0.0,0.0
2026-06-18 15:10:24,0.0,0.0,0.0,0.0,0.0,0.0,0.0,0.0,36.87931755633925,36.9321249434847,37.20168662133608,15.0,0.0,36.0,0.0,0.0,0.0,0.0,0.0,0.0,0.0,0.0,0.0,0.0,0.0
2026-06-18 15:10:24,0.0,0.0,0.0,0.0,0.0,0.0,0.0,0.0,36.52027333761151,37.11938106357273,37.211813980192794,15.0,0.0,36.0,0.0,0.0,0.0,0.0,0.0,0.0,0.0,0.0,0.0,0.0,0.0
2026-06-18 15:10:25,0.0,0.0,0.0,0.0,0.0,0.0,0.0,0.0,36.796602086078344,37.371262921803925,37.013337979634294,15.0,0.0,36.0,0.0,0.0,0.0,0.0,0.0,0.0,0.0,0.0,0.0,0.0,0.0
2026-06-18 15:10:25,0.0,0.0,0.0,0.0,0.0,0.0,0.0,0.0,36.88165950076013,37.291972549418674,37.02090595491738,15.0,0.0,36.0,0.0,0.0,0.0,0.0,0.0,0.0,0.0,0.0,0.0,0.0,0.0
2026-06-18 15:10:26,0.0,0.0,0.0,0.0,0.0,0.0,0.0,0.0,37.030991479394295,37.173233184457516,36.97401254697369,15.0,0.0,36.0,0.0,0.0,0.0,0.0,0.0,0.0,0.0,0.0,0.0,0.0,0.0
2026-06-18 15:10:26,0.0,0.0,0.0,0.0,0.0,0.0,0.0,0.0,36.54662525656343,37.00500101787603,37.200943192863,15.0,0.0,36.0,0.0,0.0,0.0,0.0,0.0,0.0,0.0,0.0,0.0,0.0,0.0
2026-06-18 15:10:27,0.0,0.0,0.0,0.0,0.0,0.0,0.0,0.0,36.599819347288346,37.363467245214025,37.01273928747048,15.0,0.0,36.0,0.0,0.0,0.0,0.0,0.0,0.0,0.0,0.0,0.0,0.0,0.0
2026-06-18 15:10:27,0.0,0.0,0.0,0.0,0.0,0.0,0.0,0.0,36.74339646348565,37.30195461711511,36.85957150048617,15.0,0.0,36.0,0.0,0.0,0.0,0.0,0.0,0.0,0.0,0.0,0.0,0.0,0.0
2026-06-18 15:10:28,0.0,0.0,0.0,0.0,0.0,0.0,0.0,0.0,37.0639415385074,37.152408121561514,37.04848007804512,15.0,0.0,36.0,0.0,0.0,0.0,0.0,0.0,0.0,0.0,0.0,0.0,0.0,0.0
2026-06-18 15:10:28,0.0,0.0,0.0,0.0,0.0,0.0,0.0,0.0,36.54522885534767,37.388451477673264,36.92254369051267,15.0,0.0,36.0,0.0,0.0,0.0,0.0,0.0,0.0,0.0,0.0,0.0,0.0,0.0
2026-06-18 15:10:29,0.0,0.0,0.0,0.0,0.0,0.0,0.0,0.0,37.07164131750227,37.29916407761018,36.90739552632006,15.0,0.0,36.0,0.0,0.0,0.0,0.0,0.0,0.0,0.0,0.0,0.0,0.0,0.0
2026-06-18 15:10:29,0.0,0.0,0.0,0.0,0.0,0.0,0.0,0.0,37.071653579530995,37.30030545704188,36.79587260142868,15.0,0.0,36.0,0.0,0.0,0.0,0.0,0.0,0.0,0.0,0.0,0.0,0.0,0.0
2026-06-18 15:10:30,0.0,0.0,0.0,0.0,0.0,0.0,0.0,0.0,36.65966720113818,37.377897501195456,37.183378505988124,15.0,0.0,36.0,0.0,0.0,0.0,0.0,0.0,0.0,0.0,0.0,0.0,0.0,0.0
2026-06-18 15:10:30,0.0,0.0,0.0,0.0,0.0,0.0,0.0,0.0,36.85894149669004,37.3355968718898,37.187145546176666,15.0,0.0,36.0,0.0,0.0,0.0,0.0,0.0,0.0,0.0,0.0,0.0,0.0,0.0
2026-06-18 15:10:31,0.0,0.0,0.0,0.0,0.0,0.0,0.0,0.0,36.5505134344462,37.24911816125157,36.99624636308621,15.0,0.0,36.0,0.0,0.0,0.0,0.0,0.0,0.0,0.0,0.0,0.0,0.0,0.0
2026-06-18 15:10:31,0.0,0.0,0.0,0.0,0.0,0.0,0.0,0.0,36.67264001988084,36.943739586214804,37.100585874064386,15.0,0.0,36.0,0.0,0.0,0.0,0.0,0.0,0.0,0.0,0.0,0.0,0.0,0.0
2026-06-18 15:10:32,0.0,0.0,0.0,0.0,0.0,0.0,0.0,0.0,36.86790011158215,37.073814679511884,37.1073747934194,15.0,0.0,36.0,0.0,0.0,0.0,0.0,0.0,0.0,0.0,0.0,0.0,0.0,0.0
2026-06-18 15:10:32,0.0,0.0,0.0,0.0,0.0,0.0,0.0,0.0,36.9743127633439,37.30684226013328,36.77204134842482,15.0,0.0,36.0,0.0,0.0,0.0,0.0,0.0,0.0,0.0,0.0,0.0,0.0,0.0
2026-06-18 15:10:33,0.0,0.0,0.0,0.0,0.0,0.0,0.0,0.0,36.68577264970325,37.04544159801266,36.94092863674465,15.0,0.0,36.0,0.0,0.0,0.0,0.0,0.0,0.0,0.0,0.0,0.0,0.0,0.0
2026-06-18 15:10:33,0.0,0.0,0.0,0.0,0.0,0.0,0.0,0.0,37.08874382696964,36.97893170560826,37.10506984212878,15.0,0.0,36.0,0.0,0.0,0.0,0.0,0.0,0.0,0.0,0.0,0.0,0.0,0.0
2026-06-18 15:10:34,0.0,0.0,0.0,0.0,0.0,0.0,0.0,0.0,36.754783009483916,37.36416335898846,36.975249658098384,15.0,0.0,36.0,0.0,0.0,0.0,0.0,0.0,0.0,0.0,0.0,0.0,0.0,0.0
2026-06-18 15:10:34,0.0,0.0,0.0,0.0,0.0,0.0,0.0,0.0,36.67781057196465,37.14018471445812,37.16697334242243,15.0,0.0,36.0,0.0,0.0,0.0,0.0,0.0,0.0,0.0,0.0,0.0,0.0,0.0
2026-06-18 15:10:35,0.0,0.0,0.0,0.0,0.0,0.0,0.0,0.0,36.70138341967833,37.010459234619816,36.701670145059225,15.0,0.0,36.0,0.0,0.0,0.0,0.0,0.0,0.0,0.0,0.0,0.0,0.0,0.0
2026-06-18 15:10:35,0.0,0.0,0.0,0.0,0.0,0.0,0.0,0.0,36.74647263609716,37.35660253675639,37.25804479132158,15.0,0.0,36.0,0.0,0.0,0.0,0.0,0.0,0.0,0.0,0.0,0.0,0.0,0.0
2026-06-18 15:10:36,0.0,0.0,0.0,0.0,0.0,0.0,0.0,0.0,36.81900686213804,37.27122538485218,36.857547532891935,15.0,0.0,36.0,0.0,0.0,0.0,0.0,0.0,0.0,0.0,0.0,0.0,0.0,0.0
2026-06-18 15:10:36,0.0,0.0,0.0,0.0,0.0,0.0,0.0,0.0,36.876844329627495,36.85825526204062,37.1241287225195,15.0,0.0,36.0,0.0,0.0,0.0,0.0,0.0,0.0,0.0,0.0,0.0,0.0,0.0
2026-06-18 15:10:37,0.0,0.0,0.0,0.0,0.0,0.0,0.0,0.0,36.79807435367138,37.03422891216662,36.73612452042473,15.0,0.0,36.0,0.0,0.0,0.0,0.0,0.0,0.0,0.0,0.0,0.0,0.0,0.0
2026-06-18 15:10:37,0.0,0.0,0.0,0.0,0.0,0.0,0.0,0.0,36.92884828819032,37.07134270705896,37.148892285940875,15.0,0.0,36.0,0.0,0.0,0.0,0.0,0.0,0.0,0.0,0.0,0.0,0.0,0.0
2026-06-18 15:10:38,0.0,0.0,0.0,0.0,0.0,0.0,0.0,0.0,36.808933941268805,37.316487144115506,37.10187436995085,15.0,0.0,36.0,0.0,0.0,0.0,0.0,0.0,0.0,0.0,0.0,0.0,0.0,0.0
2026-06-18 15:10:38,0.0,0.0,0.0,0.0,0.0,0.0,0.0,0.0,36.53426363560611,37.19877194255494,37.21674748454013,15.0,0.0,36.0,0.0,0.0,0.0,0.0,0.0,0.0,0.0,0.0,0.0,0.0,0.0
2026-06-18 15:10:39,0.0,0.0,0.0,0.0,0.0,0.0,0.0,0.0,37.010105246970824,37.36664531278925,37.167089710474414,15.0,0.0,36.0,0.0,0.0,0.0,0.0,0.0,0.0,0.0,0.0,0.0,0.0,0.0
2026-06-18 15:10:39,0.0,0.0,0.0,0.0,0.0,0.0,0.0,0.0,36.68299433670756,37.09467684250942,37.28226406711337,15.0,0.0,36.0,0.0,0.0,0.0,0.0,0.0,0.0,0.0,0.0,0.0,0.0,0.0
2026-06-18 15:10:40,0.0,0.0,0.0,0.0,0.0,0.0,0.0,0.0,37.003660242438364,37.326377948019704,37.13959568601867,15.0,0.0,36.0,0.0,0.0,0.0,0.0,0.0,0.0,0.0,0.0,0.0,0.0,0.0
2026-06-18 15:10:40,0.0,0.0,0.0,0.0,0.0,0.0,0.0,0.0,36.94826019902532,37.04963565829886,36.871609662993656,15.0,0.0,36.0,0.0,0.0,0.0,0.0,0.0,0.0,0.0,0.0,0.0,0.0,0.0
2026-06-18 15:10:41,0.0,0.0,0.0,0.0,0.0,0.0,0.0,0.0,36.56658654220488,37.310405918563944,37.168841023206134,15.0,0.0,36.0,0.0,0.0,0.0,0.0,0.0,0.0,0.0,0.0,0.0,0.0,0.0
2026-06-18 15:10:41,0.0,0.0,0.0,0.0,0.0,0.0,0.0,0.0,36.99529505579269,36.89441573486381,36.700031062550714,15.0,0.0,36.0,0.0,0.0,0.0,0.0,0.0,0.0,0.0,0.0,0.0,0.0,0.0
2026-06-18 15:10:42,0.0,0.0,0.0,0.0,0.0,0.0,0.0,0.0,36.86715734303891,37.378804384842205,36.93374648399576,15.0,0.0,36.0,0.0,0.0,0.0,0.0,0.0,0.0,0.0,0.0,0.0,0.0,0.0
2026-06-18 15:10:42,0.0,0.0,0.0,0.0,0.0,0.0,0.0,0.0,36.916158713652955,36.906618292454404,37.221657288439346,15.0,0.0,36.0,0.0,0.0,0.0,0.0,0.0,0.0,0.0,0.0,0.0,0.0,0.0
2026-06-18 15:10:43,0.0,0.0,0.0,0.0,0.0,0.0,0.0,0.0,36.63222061046262,36.86778387479014,37.298815044315894,15.0,0.0,36.0,0.0,0.0,0.0,0.0,0.0,0.0,0.0,0.0,0.0,0.0,0.0
2026-06-18 15:10:43,0.0,0.0,0.0,0.0,0.0,0.0,0.0,0.0,36.90196194029798,37.0665616895453,36.75391157446419,15.0,0.0,36.0,0.0,0.0,0.0,0.0,0.0,0.0,0.0,0.0,0.0,0.0,0.0
2026-06-18 15:10:44,0.0,0.0,0.0,0.0,0.0,0.0,0.0,0.0,36.60249310260107,37.28656220288994,36.72821694833341,15.0,0.0,36.0,0.0,0.0,0.0,0.0,0.0,0.0,0.0,0.0,0.0,0.0,0.0
2026-06-18 15:10:44,0.0,0.0,0.0,0.0,0.0,0.0,0.0,0.0,36.54770281152105,37.32808627376649,37.28700347907988,15.0,0.0,36.0,0.0,0.0,0.0,0.0,0.0,0.0,0.0,0.0,0.0,0.0,0.0
2026-06-18 15:10:45,0.0,0.0,0.0,0.0,0.0,0.0,0.0,0.0,36.744344867916226,37.0107783992847,37.23922775632193,15.0,0.0,36.0,0.0,0.0,0.0,0.0,0.0,0.0,0.0,0.0,0.0,0.0,0.0
2026-06-18 15:10:45,0.0,0.0,0.0,0.0,0.0,0.0,0.0,0.0,36.67967734961741,37.23122380700306,36.89620550400142,15.0,0.0,36.0,0.0,0.0,0.0,0.0,0.0,0.0,0.0,0.0,0.0,0.0,0.0
2026-06-18 15:10:46,0.0,0.0,0.0,0.0,0.0,0.0,0.0,0.0,36.601414213869774,37.11131930842452,36.91880940640078,15.0,0.0,36.0,0.0,0.0,0.0,0.0,0.0,0.0,0.0,0.0,0.0,0.0,0.0
2026-06-18 15:10:46,0.0,0.0,0.0,0.0,0.0,0.0,0.0,0.0,36.86727851986513,37.34534369319514,37.0962927228726,15.0,0.0,36.0,0.0,0.0,0.0,0.0,0.0,0.0,0.0,0.0,0.0,0.0,0.0
2026-06-18 15:10:47,0.0,0.0,0.0,0.0,0.0,0.0,0.0,0.0,36.890195557103375,37.06284850809571,37.19522446692709,15.0,0.0,36.0,0.0,0.0,0.0,0.0,0.0,0.0,0.0,0.0,0.0,0.0,0.0
2026-06-18 15:10:47,0.0,0.0,0.0,0.0,0.0,0.0,0.0,0.0,37.035522709134476,37.1419905046039,36.99062218419403,15.0,0.0,36.0,0.0,0.0,0.0,0.0,0.0,0.0,0.0,0.0,0.0,0.0,0.0
2026-06-18 15:10:48,0.0,0.0,0.0,0.0,0.0,0.0,0.0,0.0,36.69162349445842,37.046047174062466,36.86188979895468,15.0,0.0,36.0,0.0,0.0,0.0,0.0,0.0,0.0,0.0,0.0,0.0,0.0,0.0
2026-06-18 15:10:48,0.0,0.0,0.0,0.0,0.0,0.0,0.0,0.0,37.00026101136397,37.07053044291945,36.734895007251616,15.0,0.0,36.0,0.0,0.0,0.0,0.0,0.0,0.0,0.0,0.0,0.0,0.0,0.0
2026-06-18 15:10:49,0.0,0.0,0.0,0.0,0.0,0.0,0.0,0.0,36.85396970374694,37.133847626152814,36.93442085965833,15.0,0.0,36.0,0.0,0.0,0.0,0.0,0.0,0.0,0.0,0.0,0.0,0.0,0.0
2026-06-18 15:10:49,0.0,0.0,0.0,0.0,0.0,0.0,0.0,0.0,36.92510370757991,37.046204709594974,37.10315061087989,15.0,0.0,36.0,0.0,0.0,0.0,0.0,0.0,0.0,0.0,0.0,0.0,0.0,0.0
2026-06-18 15:10:50,0.0,0.0,0.0,0.0,0.0,0.0,0.0,0.0,36.78080952618062,37.2554164362282,37.26359680562602,15.0,0.0,36.0,0.0,0.0,0.0,0.0,0.0,0.0,0.0,0.0,0.0,0.0,0.0
2026-06-18 15:10:50,0.0,0.0,0.0,0.0,0.0,0.0,0.0,0.0,36.69448271717288,37.03495197301438,37.133012542090476,15.0,0.0,36.0,0.0,0.0,0.0,0.0,0.0,0.0,0.0,0.0,0.0,0.0,0.0
2026-06-18 15:10:51,0.0,0.0,0.0,0.0,0.0,0.0,0.0,0.0,36.99506931884821,36.91044477309159,36.821631466944034,15.0,0.0,36.0,0.0,0.0,0.0,0.0,0.0,0.0,0.0,0.0,0.0,0.0,0.0
2026-06-18 15:10:51,0.0,0.0,0.0,0.0,0.0,0.0,0.0,0.0,36.58433245406558,37.17260184074575,37.018090021567765,15.0,0.0,36.0,0.0,0.0,0.0,0.0,0.0,0.0,0.0,0.0,0.0,0.0,0.0
2026-06-18 15:10:52,0.0,0.0,0.0,0.0,0.0,0.0,0.0,0.0,37.09782904607428,37.057632171123835,37.11820752777545,15.0,0.0,36.0,0.0,0.0,0.0,0.0,0.0,0.0,0.0,0.0,0.0,0.0,0.0
2026-06-18 15:10:52,0.0,0.0,0.0,0.0,0.0,0.0,0.0,0.0,36.684764075631605,36.91157988621658,37.28568539404887,15.0,0.0,36.0,0.0,0.0,0.0,0.0,0.0,0.0,0.0,0.0,0.0,0.0,0.0
2026-06-18 15:10:53,0.0,0.0,0.0,0.0,0.0,0.0,0.0,0.0,36.919306075147475,37.321500124104936,36.99681225971219,15.0,0.0,36.0,0.0,0.0,0.0,0.0,0.0,0.0,0.0,0.0,0.0,0.0,0.0
2026-06-18 15:10:53,0.0,0.0,0.0,0.0,0.0,0.0,0.0,0.0,36.89974349295352,37.36857367261027,37.132777567833784,15.0,0.0,36.0,0.0,0.0,0.0,0.0,0.0,0.0,0.0,0.0,0.0,0.0,0.0
2026-06-18 15:10:54,0.0,0.0,0.0,0.0,0.0,0.0,0.0,0.0,36.86514361184013,36.83322732946672,37.19842031159479,15.0,0.0,36.0,0.0,0.0,0.0,0.0,0.0,0.0,0.0,0.0,0.0,0.0,0.0
2026-06-18 15:10:54,0.0,0.0,0.0,0.0,0.0,0.0,0.0,0.0,36.7378829654628,37.13817174660095,36.96845486907996,15.0,0.0,36.0,0.0,0.0,0.0,0.0,0.0,0.0,0.0,0.0,0.0,0.0,0.0
2026-06-18 15:10:55,0.0,0.0,0.0,0.0,0.0,0.0,0.0,0.0,36.88303715794116,37.06635755688847,36.876018897271926,15.0,0.0,36.0,0.0,0.0,0.0,0.0,0.0,0.0,0.0,0.0,0.0,0.0,0.0
2026-06-18 15:10:55,0.0,0.0,0.0,0.0,0.0,0.0,0.0,0.0,36.919762122314474,37.26251696032201,37.09205133165778,15.0,0.0,36.0,0.0,0.0,0.0,0.0,0.0,0.0,0.0,0.0,0.0,0.0,0.0
2026-06-18 15:10:56,0.0,0.0,0.0,0.0,0.0,0.0,0.0,0.0,37.07349222823087,36.87935029734879,37.09827723820352,15.0,0.0,36.0,0.0,0.0,0.0,0.0,0.0,0.0,0.0,0.0,0.0,0.0,0.0
2026-06-18 15:10:56,0.0,0.0,0.0,0.0,0.0,0.0,0.0,0.0,36.74881447472313,36.84329028989146,37.17988435879956,15.0,0.0,36.0,0.0,0.0,0.0,0.0,0.0,0.0,0.0,0.0,0.0,0.0,0.0
2026-06-18 15:10:57,0.0,0.0,0.0,0.0,0.0,0.0,0.0,0.0,36.81749415843262,37.174009509379445,36.79886971567836,15.0,0.0,36.0,0.0,0.0,0.0,0.0,0.0,0.0,0.0,0.0,0.0,0.0,0.0
2026-06-18 15:10:57,0.0,0.0,0.0,0.0,0.0,0.0,0.0,0.0,36.841157332664515,37.24700461160796,36.96008541790776,15.0,0.0,36.0,0.0,0.0,0.0,0.0,0.0,0.0,0.0,0.0,0.0,0.0,0.0
2026-06-18 15:10:58,0.0,0.0,0.0,0.0,0.0,0.0,0.0,0.0,36.783964224899776,36.881098309954076,37.06478179164393,15.0,0.0,36.0,0.0,0.0,0.0,0.0,0.0,0.0,0.0,0.0,0.0,0.0,0.0
2026-06-18 15:10:58,0.0,0.0,0.0,0.0,0.0,0.0,0.0,0.0,36.52060123538367,36.834780409535504,36.90006002668926,15.0,0.0,36.0,0.0,0.0,0.0,0.0,0.0,0.0,0.0,0.0,0.0,0.0,0.0
2026-06-18 15:10:59,0.0,0.0,0.0,0.0,0.0,0.0,0.0,0.0,36.88660728835851,37.32308730555708,37.12041200167567,15.0,0.0,36.0,0.0,0.0,0.0,0.0,0.0,0.0,0.0,0.0,0.0,0.0,0.0
2026-06-18 15:10:59,0.0,0.0,0.0,0.0,0.0,0.0,0.0,0.0,36.62025166718436,37.08611870722398,36.7840731128872,15.0,0.0,36.0,0.0,0.0,0.0,0.0,0.0,0.0,0.0,0.0,0.0,0.0,0.0
2026-06-18 15:11:00,0.0,0.0,0.0,0.0,0.0,0.0,0.0,0.0,36.730400258581746,37.30086000390973,36.70683298337169,15.0,0.0,36.0,0.0,0.0,0.0,0.0,0.0,0.0,0.0,0.0,0.0,0.0,0.0
2026-06-18 15:11:00,0.0,0.0,0.0,0.0,0.0,0.0,0.0,0.0,36.678209463006986,37.307577904971765,36.84005337675877,15.0,0.0,36.0,0.0,0.0,0.0,0.0,0.0,0.0,0.0,0.0,0.0,0.0,0.0
2026-06-18 15:11:01,0.0,0.0,0.0,0.0,0.0,0.0,0.0,0.0,36.757370653894924,36.857313070668596,37.20634530135144,15.0,0.0,36.0,0.0,0.0,0.0,0.0,0.0,0.0,0.0,0.0,0.0,0.0,0.0
2026-06-18 15:11:01,0.0,0.0,0.0,0.0,0.0,0.0,0.0,0.0,36.97887305772483,37.33374084157895,36.73826806169532,15.0,0.0,36.0,0.0,0.0,0.0,0.0,0.0,0.0,0.0,0.0,0.0,0.0,0.0
2026-06-18 15:11:02,0.0,0.0,0.0,0.0,0.0,0.0,0.0,0.0,37.009897476621795,37.399934990071394,37.13055395100324,15.0,0.0,36.0,0.0,0.0,0.0,0.0,0.0,0.0,0.0,0.0,0.0,0.0,0.0
2026-06-18 15:11:02,0.0,0.0,0.0,0.0,0.0,0.0,0.0,0.0,36.81019898041416,37.06572477102566,36.78836227125683,15.0,0.0,36.0,0.0,0.0,0.0,0.0,0.0,0.0,0.0,0.0,0.0,0.0,0.0
2026-06-18 15:11:03,0.0,0.0,0.0,0.0,0.0,0.0,0.0,0.0,36.754590091527184,37.36966914938512,36.97115688391396,15.0,0.0,36.0,0.0,0.0,0.0,0.0,0.0,0.0,0.0,0.0,0.0,0.0,0.0
2026-06-18 15:11:03,0.0,0.0,0.0,0.0,0.0,0.0,0.0,0.0,36.86109180647733,37.07752584012794,36.86002307424057,15.0,0.0,36.0,0.0,0.0,0.0,0.0,0.0,0.0,0.0,0.0,0.0,0.0,0.0
2026-06-18 15:11:04,0.0,0.0,0.0,0.0,0.0,0.0,0.0,0.0,36.726283001588584,36.888022492806364,37.012967291746534,15.0,0.0,36.0,0.0,0.0,0.0,0.0,0.0,0.0,0.0,0.0,0.0,0.0,0.0
2026-06-18 15:11:04,0.0,0.0,0.0,0.0,0.0,0.0,0.0,0.0,36.65277476354198,37.292296842386826,37.137770147051306,15.0,0.0,36.0,0.0,0.0,0.0,0.0,0.0,0.0,0.0,0.0,0.0,0.0,0.0
2026-06-18 15:11:05,0.0,0.0,0.0,0.0,0.0,0.0,0.0,0.0,36.6699558521599,37.23104016495737,37.2784781501702,15.0,0.0,36.0,0.0,0.0,0.0,0.0,0.0,0.0,0.0,0.0,0.0,0.0,0.0
2026-06-18 15:11:05,0.0,0.0,0.0,0.0,0.0,0.0,0.0,0.0,36.78945246125895,36.958853561536635,36.79818346429527,15.0,0.0,36.0,0.0,0.0,0.0,0.0,0.0,0.0,0.0,0.0,0.0,0.0,0.0
2026-06-18 15:11:06,0.0,0.0,0.0,0.0,0.0,0.0,0.0,0.0,36.6326691301451,37.133624457151036,37.20096128882322,15.0,0.0,36.0,0.0,0.0,0.0,0.0,0.0,0.0,0.0,0.0,0.0,0.0,0.0
2026-06-18 15:11:06,0.0,0.0,0.0,0.0,0.0,0.0,0.0,0.0,36.71582243108724,37.32083417202903,37.108779466509986,15.0,0.0,36.0,0.0,0.0,0.0,0.0,0.0,0.0,0.0,0.0,0.0,0.0,0.0
2026-06-18 15:11:07,0.0,0.0,0.0,0.0,0.0,0.0,0.0,0.0,36.556728959653505,37.05877850945362,37.16328906631895,15.0,0.0,36.0,0.0,0.0,0.0,0.0,0.0,0.0,0.0,0.0,0.0,0.0,0.0
2026-06-18 15:11:07,0.0,0.0,0.0,0.0,0.0,0.0,0.0,0.0,36.65188640115061,37.19724109981806,36.85764916123285,15.0,0.0,36.0,0.0,0.0,0.0,0.0,0.0,0.0,0.0,0.0,0.0,0.0,0.0
2026-06-18 15:11:08,0.0,0.0,0.0,0.0,0.0,0.0,0.0,0.0,36.52624709270991,36.92990141596519,36.93734526435386,15.0,0.0,36.0,0.0,0.0,0.0,0.0,0.0,0.0,0.0,0.0,0.0,0.0,0.0
2026-06-18 15:11:08,0.0,0.0,0.0,0.0,0.0,0.0,0.0,0.0,36.56484253208756,37.361760468609816,37.07742852397409,15.0,0.0,36.0,0.0,0.0,0.0,0.0,0.0,0.0,0.0,0.0,0.0,0.0,0.0
2026-06-18 15:11:09,0.0,0.0,0.0,0.0,0.0,0.0,0.0,0.0,36.627960674800185,36.900778034006244,36.96024718738869,15.0,0.0,36.0,0.0,0.0,0.0,0.0,0.0,0.0,0.0,0.0,0.0,0.0,0.0
2026-06-18 15:11:09,0.0,0.0,0.0,0.0,0.0,0.0,0.0,0.0,36.52249390059071,37.21030741139444,37.21062874373246,15.0,0.0,36.0,0.0,0.0,0.0,0.0,0.0,0.0,0.0,0.0,0.0,0.0,0.0
2026-06-18 15:11:10,0.0,0.0,0.0,0.0,0.0,0.0,0.0,0.0,36.64703846736876,37.165818319120376,36.81458484219293,15.0,0.0,36.0,0.0,0.0,0.0,0.0,0.0,0.0,0.0,0.0,0.0,0.0,0.0
2026-06-18 15:11:10,0.0,0.0,0.0,0.0,0.0,0.0,0.0,0.0,36.794064092504435,37.02408124040196,37.112983750065084,15.0,0.0,36.0,0.0,0.0,0.0,0.0,0.0,0.0,0.0,0.0,0.0,0.0,0.0
2026-06-18 15:11:11,0.0,0.0,0.0,0.0,0.0,0.0,0.0,0.0,36.997554553127365,36.8093668806912,36.98403692678783,15.0,0.0,36.0,0.0,0.0,0.0,0.0,0.0,0.0,0.0,0.0,0.0,0.0,0.0
2026-06-18 15:11:11,0.0,0.0,0.0,0.0,0.0,0.0,0.0,0.0,37.09049383501986,37.380296296241525,36.779424639332206,15.0,0.0,36.0,0.0,0.0,0.0,0.0,0.0,0.0,0.0,0.0,0.0,0.0,0.0
2026-06-18 15:11:12,0.0,0.0,0.0,0.0,0.0,0.0,0.0,0.0,36.75863403015164,36.80167906729831,36.81057607499123,15.0,0.0,36.0,0.0,0.0,0.0,0.0,0.0,0.0,0.0,0.0,0.0,0.0,0.0
2026-06-18 15:11:12,0.0,0.0,0.0,0.0,0.0,0.0,0.0,0.0,36.56023904792017,37.10850043862339,36.954729206827245,15.0,0.0,36.0,0.0,0.0,0.0,0.0,0.0,0.0,0.0,0.0,0.0,0.0,0.0
2026-06-18 15:11:13,0.0,0.0,0.0,0.0,0.0,0.0,0.0,0.0,36.552465600249135,36.99087688490531,36.872092112132314,15.0,0.0,36.0,0.0,0.0,0.0,0.0,0.0,0.0,0.0,0.0,0.0,0.0,0.0
2026-06-18 15:11:13,0.0,0.0,0.0,0.0,0.0,0.0,0.0,0.0,36.97299474395975,36.950811811410084,37.01478522796606,15.0,0.0,36.0,0.0,0.0,0.0,0.0,0.0,0.0,0.0,0.0,0.0,0.0,0.0
2026-06-18 15:11:14,0.0,0.0,0.0,0.0,0.0,0.0,0.0,0.0,36.80251221536687,36.90474368636151,36.97441891061457,15.0,0.0,36.0,0.0,0.0,0.0,0.0,0.0,0.0,0.0,0.0,0.0,0.0,0.0
2026-06-18 15:11:14,0.0,0.0,0.0,0.0,0.0,0.0,0.0,0.0,36.855874817582325,37.109095638823995,36.83895008681995,15.0,0.0,36.0,0.0,0.0,0.0,0.0,0.0,0.0,0.0,0.0,0.0,0.0,0.0
2026-06-18 15:11:15,0.0,0.0,0.0,0.0,0.0,0.0,0.0,0.0,36.655269401086784,36.87181721200211,36.708529598644716,15.0,0.0,36.0,0.0,0.0,0.0,0.0,0.0,0.0,0.0,0.0,0.0,0.0,0.0
2026-06-18 15:11:15,0.0,0.0,0.0,0.0,0.0,0.0,0.0,0.0,36.5480873581657,37.27670840588362,37.16277001129995,15.0,0.0,36.0,0.0,0.0,0.0,0.0,0.0,0.0,0.0,0.0,0.0,0.0,0.0
2026-06-18 15:11:16,0.0,0.0,0.0,0.0,0.0,0.0,0.0,0.0,36.74496935347282,36.80350145513034,37.105646269815296,15.0,0.0,36.0,0.0,0.0,0.0,0.0,0.0,0.0,0.0,0.0,0.0,0.0,0.0
2026-06-18 15:11:16,0.0,0.0,0.0,0.0,0.0,0.0,0.0,0.0,36.53048869416401,37.39033855569988,37.23155112514926,15.0,0.0,36.0,0.0,0.0,0.0,0.0,0.0,0.0,0.0,0.0,0.0,0.0,0.0
2026-06-18 15:11:17,0.0,0.0,0.0,0.0,0.0,0.0,0.0,0.0,36.94357198957636,37.03599730385338,36.71657783821769,15.0,0.0,36.0,0.0,0.0,0.0,0.0,0.0,0.0,0.0,0.0,0.0,0.0,0.0
2026-06-18 15:11:17,0.0,0.0,0.0,0.0,0.0,0.0,0.0,0.0,36.88974821968044,36.88145955700179,37.17739064861925,15.0,0.0,36.0,0.0,0.0,0.0,0.0,0.0,0.0,0.0,0.0,0.0,0.0,0.0
2026-06-18 15:11:18,0.0,0.0,0.0,0.0,0.0,0.0,0.0,0.0,36.865795920937785,36.8556817785526,37.02061099192989,15.0,0.0,36.0,0.0,0.0,0.0,0.0,0.0,0.0,0.0,0.0,0.0,0.0,0.0
2026-06-18 15:11:18,0.0,0.0,0.0,0.0,0.0,0.0,0.0,0.0,36.769486544157346,37.011523649667396,37.105325230895374,15.0,0.0,36.0,0.0,0.0,0.0,0.0,0.0,0.0,0.0,0.0,0.0,0.0,0.0
2026-06-18 15:11:19,0.0,0.0,0.0,0.0,0.0,0.0,0.0,0.0,36.74983396695415,36.81703915819985,37.0711783911948,15.0,0.0,36.0,0.0,0.0,0.0,0.0,0.0,0.0,0.0,0.0,0.0,0.0,0.0
2026-06-18 15:11:19,0.0,0.0,0.0,0.0,0.0,0.0,0.0,0.0,36.579288714673254,37.097708468102624,36.89184195800603,15.0,0.0,36.0,0.0,0.0,0.0,0.0,0.0,0.0,0.0,0.0,0.0,0.0,0.0
2026-06-18 15:11:20,0.0,0.0,0.0,0.0,0.0,0.0,0.0,0.0,36.84204317417604,37.302906655467496,37.239083171451185,15.0,0.0,36.0,0.0,0.0,0.0,0.0,0.0,0.0,0.0,0.0,0.0,0.0,0.0
2026-06-18 15:11:20,0.0,0.0,0.0,0.0,0.0,0.0,0.0,0.0,36.76709872547214,37.37884813395259,36.997910107591025,15.0,0.0,36.0,0.0,0.0,0.0,0.0,0.0,0.0,0.0,0.0,0.0,0.0,0.0
2026-06-18 15:11:21,0.0,0.0,0.0,0.0,0.0,0.0,0.0,0.0,36.95532407757414,37.15604706808496,36.722132594936554,15.0,0.0,36.0,0.0,0.0,0.0,0.0,0.0,0.0,0.0,0.0,0.0,0.0,0.0
2026-06-18 15:11:21,0.0,0.0,0.0,0.0,0.0,0.0,0.0,0.0,36.73214855347191,36.87560797203703,36.77393665815968,15.0,0.0,36.0,0.0,0.0,0.0,0.0,0.0,0.0,0.0,0.0,0.0,0.0,0.0
2026-06-18 15:11:22,0.0,0.0,0.0,0.0,0.0,0.0,0.0,0.0,36.78863201853945,37.09198550747003,36.89596468350037,15.0,0.0,36.0,0.0,0.0,0.0,0.0,0.0,0.0,0.0,0.0,0.0,0.0,0.0
2026-06-18 15:11:22,0.0,0.0,0.0,0.0,0.0,0.0,0.0,0.0,36.54549786890223,37.27494172406078,36.87673454834611,15.0,0.0,36.0,0.0,0.0,0.0,0.0,0.0,0.0,0.0,0.0,0.0,0.0,0.0
2026-06-18 15:11:23,0.0,0.0,0.0,0.0,0.0,0.0,0.0,0.0,36.80794257291761,36.83045451446514,36.717136869239276,15.0,0.0,36.0,0.0,0.0,0.0,0.0,0.0,0.0,0.0,0.0,0.0,0.0,0.0
2026-06-18 15:11:23,0.0,0.0,0.0,0.0,0.0,0.0,0.0,0.0,36.9508734681388,37.00693667056726,37.0902834937542,15.0,0.0,36.0,0.0,0.0,0.0,0.0,0.0,0.0,0.0,0.0,0.0,0.0,0.0
2026-06-18 15:11:24,0.0,0.0,0.0,0.0,0.0,0.0,0.0,0.0,36.67586975243926,36.861447669931835,37.1961933804264,15.0,0.0,36.0,0.0,0.0,0.0,0.0,0.0,0.0,0.0,0.0,0.0,0.0,0.0
2026-06-18 15:11:24,0.0,0.0,0.0,0.0,0.0,0.0,0.0,0.0,36.74744596087903,37.236993796796526,37.05687786404919,15.0,0.0,36.0,0.0,0.0,0.0,0.0,0.0,0.0,0.0,0.0,0.0,0.0,0.0
2026-06-18 15:11:25,0.0,0.0,0.0,0.0,0.0,0.0,0.0,0.0,37.02468666380273,36.84758362341849,37.1457892862886,15.0,0.0,36.0,0.0,0.0,0.0,0.0,0.0,0.0,0.0,0.0,0.0,0.0,0.0
2026-06-18 15:11:25,0.0,0.0,0.0,0.0,0.0,0.0,0.0,0.0,36.90037003542484,36.850290783532465,36.94009768797713,15.0,0.0,36.0,0.0,0.0,0.0,0.0,0.0,0.0,0.0,0.0,0.0,0.0,0.0
2026-06-18 15:11:26,0.0,0.0,0.0,0.0,0.0,0.0,0.0,0.0,36.77752395573293,37.25501757832097,37.061260689963945,15.0,0.0,36.0,0.0,0.0,0.0,0.0,0.0,0.0,0.0,0.0,0.0,0.0,0.0
2026-06-18 15:11:26,0.0,0.0,0.0,0.0,0.0,0.0,0.0,0.0,36.741136773269666,36.88446790119277,37.14073684152832,15.0,0.0,36.0,0.0,0.0,0.0,0.0,0.0,0.0,0.0,0.0,0.0,0.0,0.0
2026-06-18 15:11:27,0.0,0.0,0.0,0.0,0.0,0.0,0.0,0.0,36.97186874766389,37.28204168699232,36.76888224955408,15.0,0.0,36.0,0.0,0.0,0.0,0.0,0.0,0.0,0.0,0.0,0.0,0.0,0.0
2026-06-18 15:11:27,0.0,0.0,0.0,0.0,0.0,0.0,0.0,0.0,36.5178917227981,37.05171043349785,37.19135347571692,15.0,0.0,36.0,0.0,0.0,0.0,0.0,0.0,0.0,0.0,0.0,0.0,0.0,0.0
2026-06-18 15:11:28,0.0,0.0,0.0,0.0,0.0,0.0,0.0,0.0,36.658868783411876,37.33765603739569,36.92892770566143,15.0,0.0,36.0,0.0,0.0,0.0,0.0,0.0,0.0,0.0,0.0,0.0,0.0,0.0
2026-06-18 15:11:28,0.0,0.0,0.0,0.0,0.0,0.0,0.0,0.0,36.67296359420817,37.14161168046958,36.841480625245964,15.0,0.0,36.0,0.0,0.0,0.0,0.0,0.0,0.0,0.0,0.0,0.0,0.0,0.0
2026-06-18 15:11:29,0.0,0.0,0.0,0.0,0.0,0.0,0.0,0.0,36.59382316107303,37.26398891198857,37.228671633949816,15.0,0.0,36.0,0.0,0.0,0.0,0.0,0.0,0.0,0.0,0.0,0.0,0.0,0.0
2026-06-18 15:11:29,0.0,0.0,0.0,0.0,0.0,0.0,0.0,0.0,36.8786188204198,37.16842465992609,36.84827240224758,15.0,0.0,36.0,0.0,0.0,0.0,0.0,0.0,0.0,0.0,0.0,0.0,0.0,0.0
2026-06-18 15:11:30,0.0,0.0,0.0,0.0,0.0,0.0,0.0,0.0,36.54163379816414,37.343320448994454,37.15998456800856,15.0,0.0,36.0,0.0,0.0,0.0,0.0,0.0,0.0,0.0,0.0,0.0,0.0,0.0
2026-06-18 15:11:30,0.0,0.0,0.0,0.0,0.0,0.0,0.0,0.0,36.63453326939078,36.82167265295873,37.26234713285485,15.0,0.0,36.0,0.0,0.0,0.0,0.0,0.0,0.0,0.0,0.0,0.0,0.0,0.0
2026-06-18 15:11:31,0.0,0.0,0.0,0.0,0.0,0.0,0.0,0.0,36.91279747235775,37.11341980753222,36.83592145812746,15.0,0.0,36.0,0.0,0.0,0.0,0.0,0.0,0.0,0.0,0.0,0.0,0.0,0.0
2026-06-18 15:11:31,0.0,0.0,0.0,0.0,0.0,0.0,0.0,0.0,36.74808664428146,36.84818950561979,36.90607140011534,15.0,0.0,36.0,0.0,0.0,0.0,0.0,0.0,0.0,0.0,0.0,0.0,0.0,0.0
2026-06-18 15:11:32,0.0,0.0,0.0,0.0,0.0,0.0,0.0,0.0,36.589918479392765,37.30517606414393,36.809379091310184,15.0,0.0,36.0,0.0,0.0,0.0,0.0,0.0,0.0,0.0,0.0,0.0,0.0,0.0
2026-06-18 15:11:32,0.0,0.0,0.0,0.0,0.0,0.0,0.0,0.0,36.89107780611582,37.334635542049234,36.89352109813265,15.0,0.0,36.0,0.0,0.0,0.0,0.0,0.0,0.0,0.0,0.0,0.0,0.0,0.0
2026-06-18 15:11:33,0.0,0.0,0.0,0.0,0.0,0.0,0.0,0.0,36.91667704013129,37.29951404404626,36.73918434324845,15.0,0.0,36.0,0.0,0.0,0.0,0.0,0.0,0.0,0.0,0.0,0.0,0.0,0.0
2026-06-18 15:11:33,0.0,0.0,0.0,0.0,0.0,0.0,0.0,0.0,36.77955667865757,37.3087332847176,36.93346050903978,15.0,0.0,36.0,0.0,0.0,0.0,0.0,0.0,0.0,0.0,0.0,0.0,0.0,0.0
2026-06-18 15:11:34,0.0,0.0,0.0,0.0,0.0,0.0,0.0,0.0,37.06318782195568,37.12409151484556,37.273035195617496,15.0,0.0,36.0,0.0,0.0,0.0,0.0,0.0,0.0,0.0,0.0,0.0,0.0,0.0
2026-06-18 15:11:34,0.0,0.0,0.0,0.0,0.0,0.0,0.0,0.0,37.045648549841715,37.02515303052913,37.02152845727149,15.0,0.0,36.0,0.0,0.0,0.0,0.0,0.0,0.0,0.0,0.0,0.0,0.0,0.0
2026-06-18 15:11:35,0.0,0.0,0.0,0.0,0.0,0.0,0.0,0.0,36.911186900862766,37.18815194837449,36.823455493438225,15.0,0.0,36.0,0.0,0.0,0.0,0.0,0.0,0.0,0.0,0.0,0.0,0.0,0.0
2026-06-18 15:11:35,0.0,0.0,0.0,0.0,0.0,0.0,0.0,0.0,36.90633708294262,37.2998963458718,37.06513519416767,15.0,0.0,36.0,0.0,0.0,0.0,0.0,0.0,0.0,0.0,0.0,0.0,0.0,0.0
2026-06-18 15:11:36,0.0,0.0,0.0,0.0,0.0,0.0,0.0,0.0,36.60347227976857,37.37496555376673,37.1333177622224,15.0,0.0,36.0,0.0,0.0,0.0,0.0,0.0,0.0,0.0,0.0,0.0,0.0,0.0
2026-06-18 15:11:36,0.0,0.0,0.0,0.0,0.0,0.0,0.0,0.0,36.92277036108686,36.86606794648405,36.81180063939938,15.0,0.0,36.0,0.0,0.0,0.0,0.0,0.0,0.0,0.0,0.0,0.0,0.0,0.0
2026-06-18 15:11:37,0.0,0.0,0.0,0.0,0.0,0.0,0.0,0.0,37.06681028904198,36.91790689438012,36.95891829902316,15.0,0.0,36.0,0.0,0.0,0.0,0.0,0.0,0.0,0.0,0.0,0.0,0.0,0.0
2026-06-18 15:11:37,0.0,0.0,0.0,0.0,0.0,0.0,0.0,0.0,37.065047785434025,36.99185366742546,37.05037433673327,15.0,0.0,36.0,0.0,0.0,0.0,0.0,0.0,0.0,0.0,0.0,0.0,0.0,0.0
2026-06-18 15:11:38,0.0,0.0,0.0,0.0,0.0,0.0,0.0,0.0,36.78545240324064,37.00900975576544,36.80458778993218,15.0,0.0,36.0,0.0,0.0,0.0,0.0,0.0,0.0,0.0,0.0,0.0,0.0,0.0
2026-06-18 15:11:38,0.0,0.0,0.0,0.0,0.0,0.0,0.0,0.0,36.65347911520495,37.02990938892429,37.07119093752047,15.0,0.0,36.0,0.0,0.0,0.0,0.0,0.0,0.0,0.0,0.0,0.0,0.0,0.0
2026-06-18 15:11:39,0.0,0.0,0.0,0.0,0.0,0.0,0.0,0.0,36.933994027908156,36.9812164879635,37.22472664837064,15.0,0.0,36.0,0.0,0.0,0.0,0.0,0.0,0.0,0.0,0.0,0.0,0.0,0.0
2026-06-18 15:11:39,0.0,0.0,0.0,0.0,0.0,0.0,0.0,0.0,36.887028301591094,37.10641755091091,37.272606866108774,15.0,0.0,36.0,0.0,0.0,0.0,0.0,0.0,0.0,0.0,0.0,0.0,0.0,0.0
2026-06-18 15:11:40,0.0,0.0,0.0,0.0,0.0,0.0,0.0,0.0,37.03602016557041,37.31991120745106,37.21437272095829,15.0,0.0,36.0,0.0,0.0,0.0,0.0,0.0,0.0,0.0,0.0,0.0,0.0,0.0
2026-06-18 15:11:40,0.0,0.0,0.0,0.0,0.0,0.0,0.0,0.0,36.841955447021476,36.8169376593782,37.17205394478636,15.0,0.0,36.0,0.0,0.0,0.0,0.0,0.0,0.0,0.0,0.0,0.0,0.0,0.0
2026-06-18 15:11:41,0.0,0.0,0.0,0.0,0.0,0.0,0.0,0.0,36.68612638705412,36.854390236921034,37.28694712205868,15.0,0.0,36.0,0.0,0.0,0.0,0.0,0.0,0.0,0.0,0.0,0.0,0.0,0.0
2026-06-18 15:11:41,0.0,0.0,0.0,0.0,0.0,0.0,0.0,0.0,36.62546835092101,37.22706336861559,37.29017347957932,15.0,0.0,36.0,0.0,0.0,0.0,0.0,0.0,0.0,0.0,0.0,0.0,0.0,0.0
2026-06-18 15:11:42,0.0,0.0,0.0,0.0,0.0,0.0,0.0,0.0,36.87580433413947,36.97562138595498,36.87016838983462,15.0,0.0,36.0,0.0,0.0,0.0,0.0,0.0,0.0,0.0,0.0,0.0,0.0,0.0
2026-06-18 15:11:42,0.0,0.0,0.0,0.0,0.0,0.0,0.0,0.0,36.59046251339622,37.16682610578526,37.19944330162379,15.0,0.0,36.0,0.0,0.0,0.0,0.0,0.0,0.0,0.0,0.0,0.0,0.0,0.0
2026-06-18 15:11:43,0.0,0.0,0.0,0.0,0.0,0.0,0.0,0.0,36.82684858466265,37.03748566034984,36.75463150713742,15.0,0.0,36.0,0.0,0.0,0.0,0.0,0.0,0.0,0.0,0.0,0.0,0.0,0.0
2026-06-18 15:11:43,0.0,0.0,0.0,0.0,0.0,0.0,0.0,0.0,36.64790164720863,37.068854872344254,36.71336054216486,15.0,0.0,36.0,0.0,0.0,0.0,0.0,0.0,0.0,0.0,0.0,0.0,0.0,0.0
2026-06-18 15:11:44,0.0,0.0,0.0,0.0,0.0,0.0,0.0,0.0,36.78201640883803,36.80268841896556,37.12737103190301,15.0,0.0,36.0,0.0,0.0,0.0,0.0,0.0,0.0,0.0,0.0,0.0,0.0,0.0
2026-06-18 15:11:44,0.0,0.0,0.0,0.0,0.0,0.0,0.0,0.0,36.53283157663274,36.92814824882543,36.812240431812725,15.0,0.0,36.0,0.0,0.0,0.0,0.0,0.0,0.0,0.0,0.0,0.0,0.0,0.0
2026-06-18 15:11:45,0.0,0.0,0.0,0.0,0.0,0.0,0.0,0.0,36.67937171455425,36.90645413122609,37.00140415828458,15.0,0.0,36.0,0.0,0.0,0.0,0.0,0.0,0.0,0.0,0.0,0.0,0.0,0.0
2026-06-18 15:11:45,0.0,0.0,0.0,0.0,0.0,0.0,0.0,0.0,36.65922085781247,37.38838658172124,36.83608029290221,15.0,0.0,36.0,0.0,0.0,0.0,0.0,0.0,0.0,0.0,0.0,0.0,0.0,0.0
2026-06-18 15:11:46,0.0,0.0,0.0,0.0,0.0,0.0,0.0,0.0,36.59004739277539,37.38187275179904,37.251490009920296,15.0,0.0,36.0,0.0,0.0,0.0,0.0,0.0,0.0,0.0,0.0,0.0,0.0,0.0
2026-06-18 15:11:46,0.0,0.0,0.0,0.0,0.0,0.0,0.0,0.0,36.73922600637615,37.14811992523052,37.00946552916333,15.0,0.0,36.0,0.0,0.0,0.0,0.0,0.0,0.0,0.0,0.0,0.0,0.0,0.0
2026-06-18 15:11:47,0.0,0.0,0.0,0.0,0.0,0.0,0.0,0.0,36.61038326012348,37.252785920335306,36.828458217128464,15.0,0.0,36.0,0.0,0.0,0.0,0.0,0.0,0.0,0.0,0.0,0.0,0.0,0.0
2026-06-18 15:11:47,0.0,0.0,0.0,0.0,0.0,0.0,0.0,0.0,36.798564023929856,37.02131196884389,37.26524986538403,15.0,0.0,36.0,0.0,0.0,0.0,0.0,0.0,0.0,0.0,0.0,0.0,0.0,0.0
2026-06-18 15:11:48,0.0,0.0,0.0,0.0,0.0,0.0,0.0,0.0,37.08888553195921,37.11112731140792,36.9999260564485,15.0,0.0,36.0,0.0,0.0,0.0,0.0,0.0,0.0,0.0,0.0,0.0,0.0,0.0
2026-06-18 15:11:48,0.0,0.0,0.0,0.0,0.0,0.0,0.0,0.0,37.01149217642335,37.34450647865827,37.26137152121221,15.0,0.0,36.0,0.0,0.0,0.0,0.0,0.0,0.0,0.0,0.0,0.0,0.0,0.0
2026-06-18 15:11:49,0.0,0.0,0.0,0.0,0.0,0.0,0.0,0.0,37.04282297877576,37.340920779811434,36.882728185106004,15.0,0.0,36.0,0.0,0.0,0.0,0.0,0.0,0.0,0.0,0.0,0.0,0.0,0.0
2026-06-18 15:11:49,0.0,0.0,0.0,0.0,0.0,0.0,0.0,0.0,36.920821774357755,36.92121197496205,36.94865662667279,15.0,0.0,36.0,0.0,0.0,0.0,0.0,0.0,0.0,0.0,0.0,0.0,0.0,0.0
2026-06-18 15:11:50,0.0,0.0,0.0,0.0,0.0,0.0,0.0,0.0,36.5410566156333,37.14209051273176,37.054467015769646,15.0,0.0,36.0,0.0,0.0,0.0,0.0,0.0,0.0,0.0,0.0,0.0,0.0,0.0
2026-06-18 15:11:50,0.0,0.0,0.0,0.0,0.0,0.0,0.0,0.0,37.01838011284733,37.04300982941813,36.88476595791716,15.0,0.0,36.0,0.0,0.0,0.0,0.0,0.0,0.0,0.0,0.0,0.0,0.0,0.0
2026-06-18 15:11:51,0.0,0.0,0.0,0.0,0.0,0.0,0.0,0.0,36.80919661032035,36.834815045969,36.890013714340334,15.0,0.0,36.0,0.0,0.0,0.0,0.0,0.0,0.0,0.0,0.0,0.0,0.0,0.0
2026-06-18 15:11:51,0.0,0.0,0.0,0.0,0.0,0.0,0.0,0.0,36.75633225464927,36.820429874457005,36.92094876223542,15.0,0.0,36.0,0.0,0.0,0.0,0.0,0.0,0.0,0.0,0.0,0.0,0.0,0.0
2026-06-18 15:11:52,0.0,0.0,0.0,0.0,0.0,0.0,0.0,0.0,37.01648508280546,36.852627246373764,36.97688879000433,15.0,0.0,36.0,0.0,0.0,0.0,0.0,0.0,0.0,0.0,0.0,0.0,0.0,0.0
2026-06-18 15:11:53,0.0,0.0,0.0,0.0,0.0,0.0,0.0,0.0,37.04491754774249,37.01754570649711,36.70076925581318,15.0,0.0,36.0,0.0,0.0,0.0,0.0,0.0,0.0,0.0,0.0,0.0,0.0,0.0
2026-06-18 15:11:53,0.0,0.0,0.0,0.0,0.0,0.0,0.0,0.0,36.85051448504226,37.33406098307929,37.2539023591961,15.0,0.0,36.0,0.0,0.0,0.0,0.0,0.0,0.0,0.0,0.0,0.0,0.0,0.0
2026-06-18 15:11:53,0.0,0.0,0.0,0.0,0.0,0.0,0.0,0.0,36.54384925251159,36.80363138208389,36.893360317328046,15.0,0.0,36.0,0.0,0.0,0.0,0.0,0.0,0.0,0.0,0.0,0.0,0.0,0.0
2026-06-18 15:11:54,0.0,0.0,0.0,0.0,0.0,0.0,0.0,0.0,36.90260726352113,36.954769197100944,37.19997500283981,15.0,0.0,36.0,0.0,0.0,0.0,0.0,0.0,0.0,0.0,0.0,0.0,0.0,0.0
2026-06-18 15:11:54,0.0,0.0,0.0,0.0,0.0,0.0,0.0,0.0,36.83885374120121,36.86660000139301,37.27883895461946,15.0,0.0,36.0,0.0,0.0,0.0,0.0,0.0,0.0,0.0,0.0,0.0,0.0,0.0
2026-06-18 15:11:55,0.0,0.0,0.0,0.0,0.0,0.0,0.0,0.0,36.55953779002716,37.124731597376645,36.74174163260891,15.0,0.0,36.0,0.0,0.0,0.0,0.0,0.0,0.0,0.0,0.0,0.0,0.0,0.0
2026-06-18 15:11:55,0.0,0.0,0.0,0.0,0.0,0.0,0.0,0.0,36.555442379433345,37.3440860665744,37.23627139880225,15.0,0.0,36.0,0.0,0.0,0.0,0.0,0.0,0.0,0.0,0.0,0.0,0.0,0.0
2026-06-18 15:11:56,0.0,0.0,0.0,0.0,0.0,0.0,0.0,0.0,36.59796628029444,37.192551054104875,36.827871186827956,15.0,0.0,36.0,0.0,0.0,0.0,0.0,0.0,0.0,0.0,0.0,0.0,0.0,0.0
2026-06-18 15:11:56,0.0,0.0,0.0,0.0,0.0,0.0,0.0,0.0,36.67145417133796,37.33944920906106,37.28062018892803,15.0,0.0,36.0,0.0,0.0,0.0,0.0,0.0,0.0,0.0,0.0,0.0,0.0,0.0
2026-06-18 15:11:57,0.0,0.0,0.0,0.0,0.0,0.0,0.0,0.0,37.00091588010881,37.015881378711526,36.97069423811066,15.0,0.0,36.0,0.0,0.0,0.0,0.0,0.0,0.0,0.0,0.0,0.0,0.0,0.0
2026-06-18 15:11:57,0.0,0.0,0.0,0.0,0.0,0.0,0.0,0.0,36.72912906983923,37.290913817866326,36.86353177166101,15.0,0.0,36.0,0.0,0.0,0.0,0.0,0.0,0.0,0.0,0.0,0.0,0.0,0.0
2026-06-18 15:11:58,0.0,0.0,0.0,0.0,0.0,0.0,0.0,0.0,36.902198833282924,37.24429317402798,37.25102191373515,15.0,0.0,36.0,0.0,0.0,0.0,0.0,0.0,0.0,0.0,0.0,0.0,0.0,0.0
2026-06-18 15:11:58,0.0,0.0,0.0,0.0,0.0,0.0,0.0,0.0,36.77872438835225,37.39272221392974,37.20367245942828,15.0,0.0,36.0,0.0,0.0,0.0,0.0,0.0,0.0,0.0,0.0,0.0,0.0,0.0
2026-06-18 15:11:59,0.0,0.0,0.0,0.0,0.0,0.0,0.0,0.0,36.56450601978162,36.806612787529986,36.836855115306406,15.0,0.0,36.0,0.0,0.0,0.0,0.0,0.0,0.0,0.0,0.0,0.0,0.0,0.0
2026-06-18 15:11:59,0.0,0.0,0.0,0.0,0.0,0.0,0.0,0.0,37.01075701604522,37.056779120920154,36.78777516033192,15.0,0.0,36.0,0.0,0.0,0.0,0.0,0.0,0.0,0.0,0.0,0.0,0.0,0.0
2026-06-18 15:12:00,0.0,0.0,0.0,0.0,0.0,0.0,0.0,0.0,36.756854896296794,37.29524327518178,37.08058092266439,15.0,0.0,36.0,0.0,0.0,0.0,0.0,0.0,0.0,0.0,0.0,0.0,0.0,0.0
2026-06-18 15:12:00,0.0,0.0,0.0,0.0,0.0,0.0,0.0,0.0,36.56181600787748,36.9694030721818,37.155475176647506,15.0,0.0,36.0,0.0,0.0,0.0,0.0,0.0,0.0,0.0,0.0,0.0,0.0,0.0
2026-06-18 15:12:01,0.0,0.0,0.0,0.0,0.0,0.0,0.0,0.0,36.88563307946199,37.396330078847384,37.18509462033218,15.0,0.0,36.0,0.0,0.0,0.0,0.0,0.0,0.0,0.0,0.0,0.0,0.0,0.0
2026-06-18 15:12:01,0.0,0.0,0.0,0.0,0.0,0.0,0.0,0.0,36.79917998638316,37.319955062007516,36.75823606083995,15.0,0.0,36.0,0.0,0.0,0.0,0.0,0.0,0.0,0.0,0.0,0.0,0.0,0.0
2026-06-18 15:12:02,0.0,0.0,0.0,0.0,0.0,0.0,0.0,0.0,36.73707932347437,36.82058804865636,37.25947211146655,15.0,0.0,36.0,0.0,0.0,0.0,0.0,0.0,0.0,0.0,0.0,0.0,0.0,0.0
2026-06-18 15:12:03,0.0,0.0,0.0,0.0,0.0,0.0,0.0,0.0,36.75095047418663,37.09796438555979,36.92634592323546,15.0,0.0,36.0,0.0,0.0,0.0,0.0,0.0,0.0,0.0,0.0,0.0,0.0,0.0
2026-06-18 15:12:03,0.0,0.0,0.0,0.0,0.0,0.0,0.0,0.0,36.60624441688118,36.939895616901914,37.22638150049548,15.0,0.0,36.0,0.0,0.0,0.0,0.0,0.0,0.0,0.0,0.0,0.0,0.0,0.0
2026-06-18 15:12:03,0.0,0.0,0.0,0.0,0.0,0.0,0.0,0.0,37.03025701288615,36.897438613275924,37.20221616971213,15.0,0.0,36.0,0.0,0.0,0.0,0.0,0.0,0.0,0.0,0.0,0.0,0.0,0.0
2026-06-18 15:12:04,0.0,0.0,0.0,0.0,0.0,0.0,0.0,0.0,36.668930705410204,37.22832983733032,36.80177721824869,15.0,0.0,36.0,0.0,0.0,0.0,0.0,0.0,0.0,0.0,0.0,0.0,0.0,0.0
2026-06-18 15:12:04,0.0,0.0,0.0,0.0,0.0,0.0,0.0,0.0,36.722878675849984,37.31851549181571,37.285223218627394,15.0,0.0,36.0,0.0,0.0,0.0,0.0,0.0,0.0,0.0,0.0,0.0,0.0,0.0
2026-06-18 15:12:05,0.0,0.0,0.0,0.0,0.0,0.0,0.0,0.0,36.89023179438868,36.99176169570338,36.74882998544631,15.0,0.0,36.0,0.0,0.0,0.0,0.0,0.0,0.0,0.0,0.0,0.0,0.0,0.0
2026-06-18 15:12:05,0.0,0.0,0.0,0.0,0.0,0.0,0.0,0.0,36.58636123117567,37.00764221586848,36.895610932305765,15.0,0.0,36.0,0.0,0.0,0.0,0.0,0.0,0.0,0.0,0.0,0.0,0.0,0.0
2026-06-18 15:12:06,0.0,0.0,0.0,0.0,0.0,0.0,0.0,0.0,36.80270150195597,37.165200165911976,37.14609012300331,15.0,0.0,36.0,0.0,0.0,0.0,0.0,0.0,0.0,0.0,0.0,0.0,0.0,0.0
2026-06-18 15:12:06,0.0,0.0,0.0,0.0,0.0,0.0,0.0,0.0,37.012229621825405,37.15945453124775,37.109282046558185,15.0,0.0,36.0,0.0,0.0,0.0,0.0,0.0,0.0,0.0,0.0,0.0,0.0,0.0
2026-06-18 15:12:07,0.0,0.0,0.0,0.0,0.0,0.0,0.0,0.0,36.82433899151227,37.335594391376326,37.23261387792922,15.0,0.0,36.0,0.0,0.0,0.0,0.0,0.0,0.0,0.0,0.0,0.0,0.0,0.0
2026-06-18 15:12:07,0.0,0.0,0.0,0.0,0.0,0.0,0.0,0.0,36.746808116326115,37.26469905334785,37.227179627128564,15.0,0.0,36.0,0.0,0.0,0.0,0.0,0.0,0.0,0.0,0.0,0.0,0.0,0.0
2026-06-18 15:12:08,0.0,0.0,0.0,0.0,0.0,0.0,0.0,0.0,36.9006110932289,36.850567271002504,37.29971214623175,15.0,0.0,36.0,0.0,0.0,0.0,0.0,0.0,0.0,0.0,0.0,0.0,0.0,0.0
2026-06-18 15:12:09,0.0,0.0,0.0,0.0,0.0,0.0,0.0,0.0,36.50006901346185,36.92200594362636,37.286123751835675,15.0,0.0,36.0,0.0,0.0,0.0,0.0,0.0,0.0,0.0,0.0,0.0,0.0,0.0
2026-06-18 15:12:09,0.0,0.0,0.0,0.0,0.0,0.0,0.0,0.0,37.08242653759063,36.80053741982769,37.29466072913781,15.0,0.0,36.0,0.0,0.0,0.0,0.0,0.0,0.0,0.0,0.0,0.0,0.0,0.0
2026-06-18 15:12:09,0.0,0.0,0.0,0.0,0.0,0.0,0.0,0.0,36.7752997729062,36.90770637939822,37.1865223561821,15.0,0.0,36.0,0.0,0.0,0.0,0.0,0.0,0.0,0.0,0.0,0.0,0.0,0.0
2026-06-18 15:12:10,0.0,0.0,0.0,0.0,0.0,0.0,0.0,0.0,36.71630601668628,37.12177520431819,37.13530005315657,15.0,0.0,36.0,0.0,0.0,0.0,0.0,0.0,0.0,0.0,0.0,0.0,0.0,0.0
2026-06-18 15:12:10,0.0,0.0,0.0,0.0,0.0,0.0,0.0,0.0,36.75481894020195,37.05556040055145,37.14052098697891,15.0,0.0,36.0,0.0,0.0,0.0,0.0,0.0,0.0,0.0,0.0,0.0,0.0,0.0
2026-06-18 15:12:11,0.0,0.0,0.0,0.0,0.0,0.0,0.0,0.0,36.916438295319544,36.93533701729485,37.19064928508172,15.0,0.0,36.0,0.0,0.0,0.0,0.0,0.0,0.0,0.0,0.0,0.0,0.0,0.0
2026-06-18 15:12:11,0.0,0.0,0.0,0.0,0.0,0.0,0.0,0.0,36.977184904111226,37.14724714910752,36.953453854255095,15.0,0.0,36.0,0.0,0.0,0.0,0.0,0.0,0.0,0.0,0.0,0.0,0.0,0.0
2026-06-18 15:12:12,0.0,0.0,0.0,0.0,0.0,0.0,0.0,0.0,36.6737129739983,36.97783051703575,36.854448566087676,15.0,0.0,36.0,0.0,0.0,0.0,0.0,0.0,0.0,0.0,0.0,0.0,0.0,0.0
2026-06-18 15:12:13,0.0,0.0,0.0,0.0,0.0,0.0,0.0,0.0,36.52045483571589,36.89896423482535,36.87550743761137,15.0,0.0,36.0,0.0,0.0,0.0,0.0,0.0,0.0,0.0,0.0,0.0,0.0,0.0
2026-06-18 15:12:13,0.0,0.0,0.0,0.0,0.0,0.0,0.0,0.0,36.86608236255659,37.300296449221015,36.83405115237148,15.0,0.0,36.0,0.0,0.0,0.0,0.0,0.0,0.0,0.0,0.0,0.0,0.0,0.0
2026-06-18 15:12:13,0.0,0.0,0.0,0.0,0.0,0.0,0.0,0.0,36.85709827797359,37.09057299791763,37.26289859142232,15.0,0.0,36.0,0.0,0.0,0.0,0.0,0.0,0.0,0.0,0.0,0.0,0.0,0.0
2026-06-18 15:12:14,0.0,0.0,0.0,0.0,0.0,0.0,0.0,0.0,36.73794424654995,37.01402026947159,37.078081249257934,15.0,0.0,36.0,0.0,0.0,0.0,0.0,0.0,0.0,0.0,0.0,0.0,0.0,0.0
2026-06-18 15:12:15,0.0,0.0,0.0,0.0,0.0,0.0,0.0,0.0,36.633464830403916,36.85717704537122,37.210282003274486,15.0,0.0,36.0,0.0,0.0,0.0,0.0,0.0,0.0,0.0,0.0,0.0,0.0,0.0
2026-06-18 15:12:15,0.0,0.0,0.0,0.0,0.0,0.0,0.0,0.0,36.95043690285008,37.14870578620551,37.2603429365682,15.0,0.0,36.0,0.0,0.0,0.0,0.0,0.0,0.0,0.0,0.0,0.0,0.0,0.0
2026-06-18 15:12:16,0.0,0.0,0.0,0.0,0.0,0.0,0.0,0.0,36.758490564173414,36.81002923441205,36.789458933787095,15.0,0.0,36.0,0.0,0.0,0.0,0.0,0.0,0.0,0.0,0.0,0.0,0.0,0.0
2026-06-18 15:12:16,0.0,0.0,0.0,0.0,0.0,0.0,0.0,0.0,36.93506464711194,36.995910372467165,37.22329812741825,15.0,0.0,36.0,0.0,0.0,0.0,0.0,0.0,0.0,0.0,0.0,0.0,0.0,0.0
2026-06-18 15:12:17,0.0,0.0,0.0,0.0,0.0,0.0,0.0,0.0,37.06970086244395,37.22134736097953,36.77978928482631,15.0,0.0,36.0,0.0,0.0,0.0,0.0,0.0,0.0,0.0,0.0,0.0,0.0,0.0
2026-06-18 15:12:17,0.0,0.0,0.0,0.0,0.0,0.0,0.0,0.0,37.023034209886475,37.147058252283614,37.28224955173256,15.0,0.0,36.0,0.0,0.0,0.0,0.0,0.0,0.0,0.0,0.0,0.0,0.0,0.0
2026-06-18 15:12:18,0.0,0.0,0.0,0.0,0.0,0.0,0.0,0.0,36.615409859368675,36.89986337831669,36.9341418662806,15.0,0.0,36.0,0.0,0.0,0.0,0.0,0.0,0.0,0.0,0.0,0.0,0.0,0.0
2026-06-18 15:12:18,0.0,0.0,0.0,0.0,0.0,0.0,0.0,0.0,36.871650312313236,37.27400403007236,36.70711855767941,15.0,0.0,36.0,0.0,0.0,0.0,0.0,0.0,0.0,0.0,0.0,0.0,0.0,0.0
2026-06-18 15:12:19,0.0,0.0,0.0,0.0,0.0,0.0,0.0,0.0,36.80779449759155,37.24944495420819,37.07061695770816,15.0,0.0,36.0,0.0,0.0,0.0,0.0,0.0,0.0,0.0,0.0,0.0,0.0,0.0
2026-06-18 15:12:19,0.0,0.0,0.0,0.0,0.0,0.0,0.0,0.0,36.996324664554265,36.89267423533457,36.91225398238039,15.0,0.0,36.0,0.0,0.0,0.0,0.0,0.0,0.0,0.0,0.0,0.0,0.0,0.0
2026-06-18 15:12:20,0.0,0.0,0.0,0.0,0.0,0.0,0.0,0.0,36.89348099463036,37.044427884059054,37.0733191260226,15.0,0.0,36.0,0.0,0.0,0.0,0.0,0.0,0.0,0.0,0.0,0.0,0.0,0.0
2026-06-18 15:12:20,0.0,0.0,0.0,0.0,0.0,0.0,0.0,0.0,36.83236932428968,36.9171762310671,36.870049237802675,15.0,0.0,36.0,0.0,0.0,0.0,0.0,0.0,0.0,0.0,0.0,0.0,0.0,0.0
2026-06-18 15:12:21,0.0,0.0,0.0,0.0,0.0,0.0,0.0,0.0,37.05695580469881,37.21879122142282,36.909233993687074,15.0,0.0,36.0,0.0,0.0,0.0,0.0,0.0,0.0,0.0,0.0,0.0,0.0,0.0
2026-06-18 15:12:21,0.0,0.0,0.0,0.0,0.0,0.0,0.0,0.0,36.706675480937804,37.3590950183288,37.28830871619875,15.0,0.0,36.0,0.0,0.0,0.0,0.0,0.0,0.0,0.0,0.0,0.0,0.0,0.0
2026-06-18 15:12:22,0.0,0.0,0.0,0.0,0.0,0.0,0.0,0.0,36.9038049049504,37.24126495196588,36.83700527832254,15.0,0.0,36.0,0.0,0.0,0.0,0.0,0.0,0.0,0.0,0.0,0.0,0.0,0.0
2026-06-18 15:12:22,0.0,0.0,0.0,0.0,0.0,0.0,0.0,0.0,36.85819617140334,37.33527250138397,37.20484389440751,15.0,0.0,36.0,0.0,0.0,0.0,0.0,0.0,0.0,0.0,0.0,0.0,0.0,0.0
2026-06-18 15:12:23,0.0,0.0,0.0,0.0,0.0,0.0,0.0,0.0,36.59948512949381,37.127090996805144,37.15804251088358,15.0,0.0,36.0,0.0,0.0,0.0,0.0,0.0,0.0,0.0,0.0,0.0,0.0,0.0
2026-06-18 15:12:23,0.0,0.0,0.0,0.0,0.0,0.0,0.0,0.0,36.84212291161637,36.81641440061972,37.14177959578008,15.0,0.0,36.0,0.0,0.0,0.0,0.0,0.0,0.0,0.0,0.0,0.0,0.0,0.0
2026-06-18 15:12:24,0.0,0.0,0.0,0.0,0.0,0.0,0.0,0.0,36.59046766831551,37.342351908056514,37.28311908246478,15.0,0.0,36.0,0.0,0.0,0.0,0.0,0.0,0.0,0.0,0.0,0.0,0.0,0.0
2026-06-18 15:12:24,0.0,0.0,0.0,0.0,0.0,0.0,0.0,0.0,36.72900495104865,37.07233835387985,37.15363096561271,15.0,0.0,36.0,0.0,0.0,0.0,0.0,0.0,0.0,0.0,0.0,0.0,0.0,0.0
2026-06-18 15:12:25,0.0,0.0,0.0,0.0,0.0,0.0,0.0,0.0,36.62718218961171,36.803452394209316,36.72711112311931,15.0,0.0,36.0,0.0,0.0,0.0,0.0,0.0,0.0,0.0,0.0,0.0,0.0,0.0
2026-06-18 15:12:25,0.0,0.0,0.0,0.0,0.0,0.0,0.0,0.0,36.86975136099163,36.99134770755263,37.08771584141455,15.0,0.0,36.0,0.0,0.0,0.0,0.0,0.0,0.0,0.0,0.0,0.0,0.0,0.0
2026-06-18 15:12:26,0.0,0.0,0.0,0.0,0.0,0.0,0.0,0.0,36.945169622750115,37.090298683046484,37.18269554459519,15.0,0.0,36.0,0.0,0.0,0.0,0.0,0.0,0.0,0.0,0.0,0.0,0.0,0.0
2026-06-18 15:12:26,0.0,0.0,0.0,0.0,0.0,0.0,0.0,0.0,36.835128809261306,36.972536498500745,36.88469801580251,15.0,0.0,36.0,0.0,0.0,0.0,0.0,0.0,0.0,0.0,0.0,0.0,0.0,0.0
2026-06-18 15:12:27,0.0,0.0,0.0,0.0,0.0,0.0,0.0,0.0,36.69540771777811,36.848050980351545,36.87308389517105,15.0,0.0,36.0,0.0,0.0,0.0,0.0,0.0,0.0,0.0,0.0,0.0,0.0,0.0
2026-06-18 15:12:27,0.0,0.0,0.0,0.0,0.0,0.0,0.0,0.0,36.76989827964188,36.97033284394335,36.80024041277832,15.0,0.0,36.0,0.0,0.0,0.0,0.0,0.0,0.0,0.0,0.0,0.0,0.0,0.0
2026-06-18 15:12:28,0.0,0.0,0.0,0.0,0.0,0.0,0.0,0.0,36.94094396215152,37.01578297268882,36.8095510547861,15.0,0.0,36.0,0.0,0.0,0.0,0.0,0.0,0.0,0.0,0.0,0.0,0.0,0.0
2026-06-18 15:12:28,0.0,0.0,0.0,0.0,0.0,0.0,0.0,0.0,36.510142979073485,37.087290775866016,37.169229204292556,15.0,0.0,36.0,0.0,0.0,0.0,0.0,0.0,0.0,0.0,0.0,0.0,0.0,0.0
2026-06-18 15:12:29,0.0,0.0,0.0,0.0,0.0,0.0,0.0,0.0,36.53255995766788,36.80466843540506,36.875297164978996,15.0,0.0,36.0,0.0,0.0,0.0,0.0,0.0,0.0,0.0,0.0,0.0,0.0,0.0
2026-06-18 15:12:29,0.0,0.0,0.0,0.0,0.0,0.0,0.0,0.0,36.632399008122846,36.981899442210235,37.0737244109208,15.0,0.0,36.0,0.0,0.0,0.0,0.0,0.0,0.0,0.0,0.0,0.0,0.0,0.0
2026-06-18 15:12:30,0.0,0.0,0.0,0.0,0.0,0.0,0.0,0.0,36.693483048741435,36.92235832630435,37.05201257682719,15.0,0.0,36.0,0.0,0.0,0.0,0.0,0.0,0.0,0.0,0.0,0.0,0.0,0.0
2026-06-18 15:12:30,0.0,0.0,0.0,0.0,0.0,0.0,0.0,0.0,36.75662313185237,36.98518882462363,37.04035839702482,15.0,0.0,36.0,0.0,0.0,0.0,0.0,0.0,0.0,0.0,0.0,0.0,0.0,0.0
2026-06-18 15:12:31,0.0,0.0,0.0,0.0,0.0,0.0,0.0,0.0,36.7097687721105,36.99125660353913,37.26683210070229,15.0,0.0,36.0,0.0,0.0,0.0,0.0,0.0,0.0,0.0,0.0,0.0,0.0,0.0
2026-06-18 15:12:31,0.0,0.0,0.0,0.0,0.0,0.0,0.0,0.0,37.07822646105371,36.999520136292446,36.999226450400464,15.0,0.0,36.0,0.0,0.0,0.0,0.0,0.0,0.0,0.0,0.0,0.0,0.0,0.0
2026-06-18 15:12:32,0.0,0.0,0.0,0.0,0.0,0.0,0.0,0.0,36.8064543064417,37.34941411929121,37.047694153763715,15.0,0.0,36.0,0.0,0.0,0.0,0.0,0.0,0.0,0.0,0.0,0.0,0.0,0.0
2026-06-18 15:12:32,0.0,0.0,0.0,0.0,0.0,0.0,0.0,0.0,37.04379525454196,36.986290751403224,36.85712566954835,15.0,0.0,36.0,0.0,0.0,0.0,0.0,0.0,0.0,0.0,0.0,0.0,0.0,0.0
2026-06-18 15:12:33,0.0,0.0,0.0,0.0,0.0,0.0,0.0,0.0,36.96202553193882,37.39811744876235,37.0991648362831,15.0,0.0,36.0,0.0,0.0,0.0,0.0,0.0,0.0,0.0,0.0,0.0,0.0,0.0
2026-06-18 15:12:33,0.0,0.0,0.0,0.0,0.0,0.0,0.0,0.0,36.78509951574297,37.26231521585214,36.915355343662654,15.0,0.0,36.0,0.0,0.0,0.0,0.0,0.0,0.0,0.0,0.0,0.0,0.0,0.0
2026-06-18 15:12:34,0.0,0.0,0.0,0.0,0.0,0.0,0.0,0.0,36.61279916391812,37.32585565147092,36.841710974288844,15.0,0.0,36.0,0.0,0.0,0.0,0.0,0.0,0.0,0.0,0.0,0.0,0.0,0.0
2026-06-18 15:12:34,0.0,0.0,0.0,0.0,0.0,0.0,0.0,0.0,36.84821291276899,37.00421624781022,36.72708200905423,15.0,0.0,36.0,0.0,0.0,0.0,0.0,0.0,0.0,0.0,0.0,0.0,0.0,0.0
2026-06-18 15:12:35,0.0,0.0,0.0,0.0,0.0,0.0,0.0,0.0,36.95809847248243,36.98759472162891,36.87568288455916,15.0,0.0,36.0,0.0,0.0,0.0,0.0,0.0,0.0,0.0,0.0,0.0,0.0,0.0
2026-06-18 15:12:35,0.0,0.0,0.0,0.0,0.0,0.0,0.0,0.0,36.53010946670113,37.026489918858246,37.17847832813141,15.0,0.0,36.0,0.0,0.0,0.0,0.0,0.0,0.0,0.0,0.0,0.0,0.0,0.0
2026-06-18 15:12:36,0.0,0.0,0.0,0.0,0.0,0.0,0.0,0.0,36.88560267336134,36.85917631421312,36.8281379032879,15.0,0.0,36.0,0.0,0.0,0.0,0.0,0.0,0.0,0.0,0.0,0.0,0.0,0.0
2026-06-18 15:12:36,0.0,0.0,0.0,0.0,0.0,0.0,0.0,0.0,36.55487716736981,37.23330403416152,37.02906075460943,15.0,0.0,36.0,0.0,0.0,0.0,0.0,0.0,0.0,0.0,0.0,0.0,0.0,0.0
2026-06-18 15:12:37,0.0,0.0,0.0,0.0,0.0,0.0,0.0,0.0,36.94073400870965,37.022853846716544,36.803362111127406,15.0,0.0,36.0,0.0,0.0,0.0,0.0,0.0,0.0,0.0,0.0,0.0,0.0,0.0
2026-06-18 15:12:37,0.0,0.0,0.0,0.0,0.0,0.0,0.0,0.0,36.78485092563534,37.121479819637045,37.10076576717236,15.0,0.0,36.0,0.0,0.0,0.0,0.0,0.0,0.0,0.0,0.0,0.0,0.0,0.0
2026-06-18 15:12:38,0.0,0.0,0.0,0.0,0.0,0.0,0.0,0.0,36.75461939873476,37.396566686142435,36.9196511029448,15.0,0.0,36.0,0.0,0.0,0.0,0.0,0.0,0.0,0.0,0.0,0.0,0.0,0.0
2026-06-18 15:12:38,0.0,0.0,0.0,0.0,0.0,0.0,0.0,0.0,36.5864975859052,37.154052920734834,37.28336898441248,15.0,0.0,36.0,0.0,0.0,0.0,0.0,0.0,0.0,0.0,0.0,0.0,0.0,0.0
2026-06-18 15:12:39,0.0,0.0,0.0,0.0,0.0,0.0,0.0,0.0,36.71330542357174,37.01323910772504,36.850840602516065,15.0,0.0,36.0,0.0,0.0,0.0,0.0,0.0,0.0,0.0,0.0,0.0,0.0,0.0
2026-06-18 15:12:39,0.0,0.0,0.0,0.0,0.0,0.0,0.0,0.0,36.51513377985126,37.22628880762291,37.1151786454193,15.0,0.0,36.0,0.0,0.0,0.0,0.0,0.0,0.0,0.0,0.0,0.0,0.0,0.0
2026-06-18 15:12:40,0.0,0.0,0.0,0.0,0.0,0.0,0.0,0.0,37.003720502791,37.148195882043616,36.8809860103355,15.0,0.0,36.0,0.0,0.0,0.0,0.0,0.0,0.0,0.0,0.0,0.0,0.0,0.0
2026-06-18 15:12:40,0.0,0.0,0.0,0.0,0.0,0.0,0.0,0.0,36.918913983560536,37.02951162899374,36.70078401749831,15.0,0.0,36.0,0.0,0.0,0.0,0.0,0.0,0.0,0.0,0.0,0.0,0.0,0.0
2026-06-18 15:12:41,0.0,0.0,0.0,0.0,0.0,0.0,0.0,0.0,36.70016806526849,37.32564306005574,36.85229666164125,15.0,0.0,36.0,0.0,0.0,0.0,0.0,0.0,0.0,0.0,0.0,0.0,0.0,0.0
2026-06-18 15:12:41,0.0,0.0,0.0,0.0,0.0,0.0,0.0,0.0,37.09025179103123,37.16232061101032,36.76633492210041,15.0,0.0,36.0,0.0,0.0,0.0,0.0,0.0,0.0,0.0,0.0,0.0,0.0,0.0
2026-06-18 15:12:42,0.0,0.0,0.0,0.0,0.0,0.0,0.0,0.0,37.090927431739026,37.143831233488626,37.165566542261175,15.0,0.0,36.0,0.0,0.0,0.0,0.0,0.0,0.0,0.0,0.0,0.0,0.0,0.0
2026-06-18 15:12:42,0.0,0.0,0.0,0.0,0.0,0.0,0.0,0.0,36.705786674858686,36.90438437940381,37.21297277817498,15.0,0.0,36.0,0.0,0.0,0.0,0.0,0.0,0.0,0.0,0.0,0.0,0.0,0.0
2026-06-18 15:12:43,0.0,0.0,0.0,0.0,0.0,0.0,0.0,0.0,36.640749801052486,37.26923763339848,36.891081131116415,15.0,0.0,36.0,0.0,0.0,0.0,0.0,0.0,0.0,0.0,0.0,0.0,0.0,0.0
2026-06-18 15:12:43,0.0,0.0,0.0,0.0,0.0,0.0,0.0,0.0,36.80241342268253,37.141033806132526,36.84135582166924,15.0,0.0,36.0,0.0,0.0,0.0,0.0,0.0,0.0,0.0,0.0,0.0,0.0,0.0
2026-06-18 15:12:44,0.0,0.0,0.0,0.0,0.0,0.0,0.0,0.0,36.78708444129156,36.86134503284169,36.80680121626233,15.0,0.0,36.0,0.0,0.0,0.0,0.0,0.0,0.0,0.0,0.0,0.0,0.0,0.0
2026-06-18 15:12:44,0.0,0.0,0.0,0.0,0.0,0.0,0.0,0.0,36.67799449935,37.25138386516845,36.72001050689507,15.0,0.0,36.0,0.0,0.0,0.0,0.0,0.0,0.0,0.0,0.0,0.0,0.0,0.0
2026-06-18 15:12:45,0.0,0.0,0.0,0.0,0.0,0.0,0.0,0.0,37.09598648223905,36.85186997267139,36.840828524683445,15.0,0.0,36.0,0.0,0.0,0.0,0.0,0.0,0.0,0.0,0.0,0.0,0.0,0.0
2026-06-18 15:12:45,0.0,0.0,0.0,0.0,0.0,0.0,0.0,0.0,36.684874876063944,37.32398317241355,37.21782356468827,15.0,0.0,36.0,0.0,0.0,0.0,0.0,0.0,0.0,0.0,0.0,0.0,0.0,0.0
2026-06-18 15:12:46,0.0,0.0,0.0,0.0,0.0,0.0,0.0,0.0,36.78499197115088,37.36695604863626,37.123475788527394,15.0,0.0,36.0,0.0,0.0,0.0,0.0,0.0,0.0,0.0,0.0,0.0,0.0,0.0
2026-06-18 15:12:46,0.0,0.0,0.0,0.0,0.0,0.0,0.0,0.0,36.838917005707515,37.02280865769441,37.16543460756108,15.0,0.0,36.0,0.0,0.0,0.0,0.0,0.0,0.0,0.0,0.0,0.0,0.0,0.0
2026-06-18 15:12:47,0.0,0.0,0.0,0.0,0.0,0.0,0.0,0.0,36.874281415531655,37.321290548345836,36.97096204318261,15.0,0.0,36.0,0.0,0.0,0.0,0.0,0.0,0.0,0.0,0.0,0.0,0.0,0.0
2026-06-18 15:12:47,0.0,0.0,0.0,0.0,0.0,0.0,0.0,0.0,36.67053334851714,36.80736208621865,36.86362522368205,15.0,0.0,36.0,0.0,0.0,0.0,0.0,0.0,0.0,0.0,0.0,0.0,0.0,0.0
2026-06-18 15:12:48,0.0,0.0,0.0,0.0,0.0,0.0,0.0,0.0,36.785512573601565,37.126984302722875,37.11117527336895,15.0,0.0,36.0,0.0,0.0,0.0,0.0,0.0,0.0,0.0,0.0,0.0,0.0,0.0
2026-06-18 15:12:48,0.0,0.0,0.0,0.0,0.0,0.0,0.0,0.0,37.06740004200122,37.2206317785151,37.21937219550334,15.0,0.0,36.0,0.0,0.0,0.0,0.0,0.0,0.0,0.0,0.0,0.0,0.0,0.0
2026-06-18 15:12:49,0.0,0.0,0.0,0.0,0.0,0.0,0.0,0.0,36.61509253533231,37.36981505120789,37.27898710179029,15.0,0.0,36.0,0.0,0.0,0.0,0.0,0.0,0.0,0.0,0.0,0.0,0.0,0.0
2026-06-18 15:12:49,0.0,0.0,0.0,0.0,0.0,0.0,0.0,0.0,36.743179813918395,36.86739968742161,37.03443886454893,15.0,0.0,36.0,0.0,0.0,0.0,0.0,0.0,0.0,0.0,0.0,0.0,0.0,0.0
2026-06-18 15:12:50,0.0,0.0,0.0,0.0,0.0,0.0,0.0,0.0,36.84569346662176,37.28260157224001,36.74813106779246,15.0,0.0,36.0,0.0,0.0,0.0,0.0,0.0,0.0,0.0,0.0,0.0,0.0,0.0
2026-06-18 15:12:50,0.0,0.0,0.0,0.0,0.0,0.0,0.0,0.0,37.007073576561986,37.395611919414556,36.70413165627899,15.0,0.0,36.0,0.0,0.0,0.0,0.0,0.0,0.0,0.0,0.0,0.0,0.0,0.0
2026-06-18 15:12:51,0.0,0.0,0.0,0.0,0.0,0.0,0.0,0.0,36.94153959040661,37.2503717367991,36.731022703948824,15.0,0.0,36.0,0.0,0.0,0.0,0.0,0.0,0.0,0.0,0.0,0.0,0.0,0.0
2026-06-18 15:12:51,0.0,0.0,0.0,0.0,0.0,0.0,0.0,0.0,36.70547990584269,37.39851627699934,37.06243961452286,15.0,0.0,36.0,0.0,0.0,0.0,0.0,0.0,0.0,0.0,0.0,0.0,0.0,0.0
2026-06-18 15:12:52,0.0,0.0,0.0,0.0,0.0,0.0,0.0,0.0,36.50987212267747,37.35518669965823,36.717823018377864,15.0,0.0,36.0,0.0,0.0,0.0,0.0,0.0,0.0,0.0,0.0,0.0,0.0,0.0
2026-06-18 15:12:52,0.0,0.0,0.0,0.0,0.0,0.0,0.0,0.0,37.002254299410545,37.19790073375774,36.922236407325634,15.0,0.0,36.0,0.0,0.0,0.0,0.0,0.0,0.0,0.0,0.0,0.0,0.0,0.0
2026-06-18 15:12:53,0.0,0.0,0.0,0.0,0.0,0.0,0.0,0.0,36.60395767706775,36.97150662809164,37.091533965899536,15.0,0.0,36.0,0.0,0.0,0.0,0.0,0.0,0.0,0.0,0.0,0.0,0.0,0.0
2026-06-18 15:12:53,0.0,0.0,0.0,0.0,0.0,0.0,0.0,0.0,36.63987055892536,36.96302031396228,36.762967277993276,15.0,0.0,36.0,0.0,0.0,0.0,0.0,0.0,0.0,0.0,0.0,0.0,0.0,0.0
2026-06-18 15:12:54,0.0,0.0,0.0,0.0,0.0,0.0,0.0,0.0,36.635832317553614,36.87276998464173,36.98922356165444,15.0,0.0,36.0,0.0,0.0,0.0,0.0,0.0,0.0,0.0,0.0,0.0,0.0,0.0
2026-06-18 15:12:54,0.0,0.0,0.0,0.0,0.0,0.0,0.0,0.0,36.83536416087641,36.94134696871686,37.178412636727515,15.0,0.0,36.0,0.0,0.0,0.0,0.0,0.0,0.0,0.0,0.0,0.0,0.0,0.0
2026-06-18 15:12:55,0.0,0.0,0.0,0.0,0.0,0.0,0.0,0.0,36.73414583137617,36.80241989849835,36.7707867898067,15.0,0.0,36.0,0.0,0.0,0.0,0.0,0.0,0.0,0.0,0.0,0.0,0.0,0.0
2026-06-18 15:12:55,0.0,0.0,0.0,0.0,0.0,0.0,0.0,0.0,36.68020602023767,36.876154846107546,37.17456498375101,15.0,0.0,36.0,0.0,0.0,0.0,0.0,0.0,0.0,0.0,0.0,0.0,0.0,0.0
2026-06-18 15:12:56,0.0,0.0,0.0,0.0,0.0,0.0,0.0,0.0,36.897471060865826,37.18524988527463,36.87154949898262,15.0,0.0,36.0,0.0,0.0,0.0,0.0,0.0,0.0,0.0,0.0,0.0,0.0,0.0
2026-06-18 15:12:56,0.0,0.0,0.0,0.0,0.0,0.0,0.0,0.0,36.635343732700484,36.85043905828554,36.71169213206274,15.0,0.0,36.0,0.0,0.0,0.0,0.0,0.0,0.0,0.0,0.0,0.0,0.0,0.0
2026-06-18 15:12:57,0.0,0.0,0.0,0.0,0.0,0.0,0.0,0.0,36.87632363631022,37.024642731151594,36.98988832958652,15.0,0.0,36.0,0.0,0.0,0.0,0.0,0.0,0.0,0.0,0.0,0.0,0.0,0.0
2026-06-18 15:12:57,0.0,0.0,0.0,0.0,0.0,0.0,0.0,0.0,36.59724231905663,37.047732270698795,37.23598418528071,15.0,0.0,36.0,0.0,0.0,0.0,0.0,0.0,0.0,0.0,0.0,0.0,0.0,0.0
2026-06-18 15:12:58,0.0,0.0,0.0,0.0,0.0,0.0,0.0,0.0,36.9077016279323,37.1628788418843,37.26573003741541,15.0,0.0,36.0,0.0,0.0,0.0,0.0,0.0,0.0,0.0,0.0,0.0,0.0,0.0
2026-06-18 15:12:58,0.0,0.0,0.0,0.0,0.0,0.0,0.0,0.0,36.8245327539633,37.24179048812304,36.819500924719605,15.0,0.0,36.0,0.0,0.0,0.0,0.0,0.0,0.0,0.0,0.0,0.0,0.0,0.0
2026-06-18 15:12:59,0.0,0.0,0.0,0.0,0.0,0.0,0.0,0.0,36.75446459544768,37.35489183245133,36.80617231581321,15.0,0.0,36.0,0.0,0.0,0.0,0.0,0.0,0.0,0.0,0.0,0.0,0.0,0.0
2026-06-18 15:12:59,0.0,0.0,0.0,0.0,0.0,0.0,0.0,0.0,36.52727554491988,36.8811550816585,37.1320812720574,15.0,0.0,36.0,0.0,0.0,0.0,0.0,0.0,0.0,0.0,0.0,0.0,0.0,0.0
2026-06-18 15:13:00,0.0,0.0,0.0,0.0,0.0,0.0,0.0,0.0,36.97133527375648,36.949943401633305,37.271020474254854,15.0,0.0,36.0,0.0,0.0,0.0,0.0,0.0,0.0,0.0,0.0,0.0,0.0,0.0
2026-06-18 15:13:00,0.0,0.0,0.0,0.0,0.0,0.0,0.0,0.0,36.73079819718475,36.86759353702755,37.18983414464781,15.0,0.0,36.0,0.0,0.0,0.0,0.0,0.0,0.0,0.0,0.0,0.0,0.0,0.0
2026-06-18 15:13:01,0.0,0.0,0.0,0.0,0.0,0.0,0.0,0.0,36.9314659171961,37.29633834566898,36.95785729657352,15.0,0.0,36.0,0.0,0.0,0.0,0.0,0.0,0.0,0.0,0.0,0.0,0.0,0.0
2026-06-18 15:13:01,0.0,0.0,0.0,0.0,0.0,0.0,0.0,0.0,37.068592445202206,36.96193228982325,36.75483092876526,15.0,0.0,36.0,0.0,0.0,0.0,0.0,0.0,0.0,0.0,0.0,0.0,0.0,0.0
2026-06-18 15:13:02,0.0,0.0,0.0,0.0,0.0,0.0,0.0,0.0,36.552936920424564,37.010532981771334,37.27089305088795,15.0,0.0,36.0,0.0,0.0,0.0,0.0,0.0,0.0,0.0,0.0,0.0,0.0,0.0
2026-06-18 15:13:02,0.0,0.0,0.0,0.0,0.0,0.0,0.0,0.0,37.07385196710066,37.15920591554121,36.75374862355861,15.0,0.0,36.0,0.0,0.0,0.0,0.0,0.0,0.0,0.0,0.0,0.0,0.0,0.0
2026-06-18 15:13:03,0.0,0.0,0.0,0.0,0.0,0.0,0.0,0.0,37.07504140286419,36.9878263027923,37.09555033291278,15.0,0.0,36.0,0.0,0.0,0.0,0.0,0.0,0.0,0.0,0.0,0.0,0.0,0.0
2026-06-18 15:13:03,0.0,0.0,0.0,0.0,0.0,0.0,0.0,0.0,36.86613165658999,37.1858406584991,36.777766541808674,15.0,0.0,36.0,0.0,0.0,0.0,0.0,0.0,0.0,0.0,0.0,0.0,0.0,0.0
2026-06-18 15:13:04,0.0,0.0,0.0,0.0,0.0,0.0,0.0,0.0,36.63450552401021,36.9973085847474,37.02994937749724,15.0,0.0,36.0,0.0,0.0,0.0,0.0,0.0,0.0,0.0,0.0,0.0,0.0,0.0
2026-06-18 15:13:04,0.0,0.0,0.0,0.0,0.0,0.0,0.0,0.0,36.95745655883284,37.16009422006807,37.06297817894219,15.0,0.0,36.0,0.0,0.0,0.0,0.0,0.0,0.0,0.0,0.0,0.0,0.0,0.0
2026-06-18 15:13:05,0.0,0.0,0.0,0.0,0.0,0.0,0.0,0.0,36.510250857317274,37.321897025245605,37.076917878199204,15.0,0.0,36.0,0.0,0.0,0.0,0.0,0.0,0.0,0.0,0.0,0.0,0.0,0.0
2026-06-18 15:13:05,0.0,0.0,0.0,0.0,0.0,0.0,0.0,0.0,37.03947497226772,36.854628691645665,36.964044570796865,15.0,0.0,36.0,0.0,0.0,0.0,0.0,0.0,0.0,0.0,0.0,0.0,0.0,0.0
2026-06-18 15:13:06,0.0,0.0,0.0,0.0,0.0,0.0,0.0,0.0,36.8517185447531,36.834981578514274,37.106358482497605,15.0,0.0,36.0,0.0,0.0,0.0,0.0,0.0,0.0,0.0,0.0,0.0,0.0,0.0
2026-06-18 15:13:06,0.0,0.0,0.0,0.0,0.0,0.0,0.0,0.0,36.67991644214594,37.26599363927729,36.963318643479575,15.0,0.0,36.0,0.0,0.0,0.0,0.0,0.0,0.0,0.0,0.0,0.0,0.0,0.0
2026-06-18 15:13:07,0.0,0.0,0.0,0.0,0.0,0.0,0.0,0.0,36.615408791335476,37.146945542936855,37.29051129388694,15.0,0.0,36.0,0.0,0.0,0.0,0.0,0.0,0.0,0.0,0.0,0.0,0.0,0.0
2026-06-18 15:13:07,0.0,0.0,0.0,0.0,0.0,0.0,0.0,0.0,37.05511410739314,37.05279487199609,37.01596846556329,15.0,0.0,36.0,0.0,0.0,0.0,0.0,0.0,0.0,0.0,0.0,0.0,0.0,0.0
2026-06-18 15:13:08,0.0,0.0,0.0,0.0,0.0,0.0,0.0,0.0,37.02645441338185,37.21829875159724,37.14312282169267,15.0,0.0,36.0,0.0,0.0,0.0,0.0,0.0,0.0,0.0,0.0,0.0,0.0,0.0
2026-06-18 15:13:08,0.0,0.0,0.0,0.0,0.0,0.0,0.0,0.0,36.554899682145425,37.00001000146674,37.284755518620166,15.0,0.0,36.0,0.0,0.0,0.0,0.0,0.0,0.0,0.0,0.0,0.0,0.0,0.0
2026-06-18 15:13:09,0.0,0.0,0.0,0.0,0.0,0.0,0.0,0.0,36.71040044148808,36.80892000849295,37.086472008805934,15.0,0.0,36.0,0.0,0.0,0.0,0.0,0.0,0.0,0.0,0.0,0.0,0.0,0.0
2026-06-18 15:13:09,0.0,0.0,0.0,0.0,0.0,0.0,0.0,0.0,36.6910796755998,37.36497061988733,37.03943692597053,15.0,0.0,36.0,0.0,0.0,0.0,0.0,0.0,0.0,0.0,0.0,0.0,0.0,0.0
2026-06-18 15:13:10,0.0,0.0,0.0,0.0,0.0,0.0,0.0,0.0,36.75262470768757,37.049178579942534,36.85213710782216,15.0,0.0,36.0,0.0,0.0,0.0,0.0,0.0,0.0,0.0,0.0,0.0,0.0,0.0
2026-06-18 15:13:10,0.0,0.0,0.0,0.0,0.0,0.0,0.0,0.0,36.63066626880089,36.8308310711938,36.99341337459322,15.0,0.0,36.0,0.0,0.0,0.0,0.0,0.0,0.0,0.0,0.0,0.0,0.0,0.0
2026-06-18 15:13:11,0.0,0.0,0.0,0.0,0.0,0.0,0.0,0.0,36.51789918717222,37.297613613996845,37.04099266037158,15.0,0.0,36.0,0.0,0.0,0.0,0.0,0.0,0.0,0.0,0.0,0.0,0.0,0.0
2026-06-18 15:13:11,0.0,0.0,0.0,0.0,0.0,0.0,0.0,0.0,36.53267419248365,37.291067815579424,36.77015382246869,15.0,0.0,36.0,0.0,0.0,0.0,0.0,0.0,0.0,0.0,0.0,0.0,0.0,0.0
2026-06-18 15:13:12,0.0,0.0,0.0,0.0,0.0,0.0,0.0,0.0,36.716264427008355,37.14118633546752,37.084731123822515,15.0,0.0,36.0,0.0,0.0,0.0,0.0,0.0,0.0,0.0,0.0,0.0,0.0,0.0
2026-06-18 15:13:12,0.0,0.0,0.0,0.0,0.0,0.0,0.0,0.0,36.57887242172855,37.22213994668142,36.74314973519752,15.0,0.0,36.0,0.0,0.0,0.0,0.0,0.0,0.0,0.0,0.0,0.0,0.0,0.0
2026-06-18 15:13:13,0.0,0.0,0.0,0.0,0.0,0.0,0.0,0.0,37.000592965793004,36.95157701840672,36.77017491326553,15.0,0.0,36.0,0.0,0.0,0.0,0.0,0.0,0.0,0.0,0.0,0.0,0.0,0.0
2026-06-18 15:13:13,0.0,0.0,0.0,0.0,0.0,0.0,0.0,0.0,36.82210133173555,37.20852335181814,37.2098456234361,15.0,0.0,36.0,0.0,0.0,0.0,0.0,0.0,0.0,0.0,0.0,0.0,0.0,0.0
2026-06-18 15:13:14,0.0,0.0,0.0,0.0,0.0,0.0,0.0,0.0,36.73217069276947,37.376529200561606,37.03992809179129,15.0,0.0,36.0,0.0,0.0,0.0,0.0,0.0,0.0,0.0,0.0,0.0,0.0,0.0
2026-06-18 15:13:14,0.0,0.0,0.0,0.0,0.0,0.0,0.0,0.0,37.00371682641582,37.283976455189084,37.252203311202,15.0,0.0,36.0,0.0,0.0,0.0,0.0,0.0,0.0,0.0,0.0,0.0,0.0,0.0
2026-06-18 15:13:15,0.0,0.0,0.0,0.0,0.0,0.0,0.0,0.0,36.828950784805464,37.02105461592667,37.12605968817282,15.0,0.0,36.0,0.0,0.0,0.0,0.0,0.0,0.0,0.0,0.0,0.0,0.0,0.0
2026-06-18 15:13:15,0.0,0.0,0.0,0.0,0.0,0.0,0.0,0.0,36.531281554944776,36.80919632618602,37.26136840691281,15.0,0.0,36.0,0.0,0.0,0.0,0.0,0.0,0.0,0.0,0.0,0.0,0.0,0.0
2026-06-18 15:13:16,0.0,0.0,0.0,0.0,0.0,0.0,0.0,0.0,36.78981561199424,37.33662319483791,36.76890447931248,15.0,0.0,36.0,0.0,0.0,0.0,0.0,0.0,0.0,0.0,0.0,0.0,0.0,0.0
2026-06-18 15:13:16,0.0,0.0,0.0,0.0,0.0,0.0,0.0,0.0,36.60767235632821,37.3288852922547,37.16547990383304,15.0,0.0,36.0,0.0,0.0,0.0,0.0,0.0,0.0,0.0,0.0,0.0,0.0,0.0
2026-06-18 15:13:17,0.0,0.0,0.0,0.0,0.0,0.0,0.0,0.0,36.65417962509424,37.333090112521525,36.75455955647267,15.0,0.0,36.0,0.0,0.0,0.0,0.0,0.0,0.0,0.0,0.0,0.0,0.0,0.0
2026-06-18 15:13:17,0.0,0.0,0.0,0.0,0.0,0.0,0.0,0.0,36.94775356340639,37.24577102407636,36.786574030275254,15.0,0.0,36.0,0.0,0.0,0.0,0.0,0.0,0.0,0.0,0.0,0.0,0.0,0.0
2026-06-18 15:13:18,0.0,0.0,0.0,0.0,0.0,0.0,0.0,0.0,36.89211198144458,36.93409025167827,37.13236372542633,15.0,0.0,36.0,0.0,0.0,0.0,0.0,0.0,0.0,0.0,0.0,0.0,0.0,0.0
2026-06-18 15:13:18,0.0,0.0,0.0,0.0,0.0,0.0,0.0,0.0,36.50650237225327,37.06027363059161,36.940334618107684,15.0,0.0,36.0,0.0,0.0,0.0,0.0,0.0,0.0,0.0,0.0,0.0,0.0,0.0
2026-06-18 15:13:19,0.0,0.0,0.0,0.0,0.0,0.0,0.0,0.0,36.648999869762136,36.92497080638745,37.059771384488215,15.0,0.0,36.0,0.0,0.0,0.0,0.0,0.0,0.0,0.0,0.0,0.0,0.0,0.0
2026-06-18 15:13:19,0.0,0.0,0.0,0.0,0.0,0.0,0.0,0.0,36.64622976757054,37.23290201709687,37.24813005664485,15.0,0.0,36.0,0.0,0.0,0.0,0.0,0.0,0.0,0.0,0.0,0.0,0.0,0.0
2026-06-18 15:13:20,0.0,0.0,0.0,0.0,0.0,0.0,0.0,0.0,36.83896139183152,36.82844466864427,37.07345011279453,15.0,0.0,36.0,0.0,0.0,0.0,0.0,0.0,0.0,0.0,0.0,0.0,0.0,0.0
2026-06-18 15:13:20,0.0,0.0,0.0,0.0,0.0,0.0,0.0,0.0,36.74037780224573,37.022928499967655,36.94725106029516,15.0,0.0,36.0,0.0,0.0,0.0,0.0,0.0,0.0,0.0,0.0,0.0,0.0,0.0
2026-06-18 15:13:21,0.0,0.0,0.0,0.0,0.0,0.0,0.0,0.0,36.71296757272761,36.95255856577157,36.91191965568565,15.0,0.0,36.0,0.0,0.0,0.0,0.0,0.0,0.0,0.0,0.0,0.0,0.0,0.0
2026-06-18 15:13:21,0.0,0.0,0.0,0.0,0.0,0.0,0.0,0.0,37.00046741102526,36.959056557444434,36.73836600218987,15.0,0.0,36.0,0.0,0.0,0.0,0.0,0.0,0.0,0.0,0.0,0.0,0.0,0.0
2026-06-18 15:13:22,0.0,0.0,0.0,0.0,0.0,0.0,0.0,0.0,36.9601701905952,37.006157802735316,37.018176266521515,15.0,0.0,36.0,0.0,0.0,0.0,0.0,0.0,0.0,0.0,0.0,0.0,0.0,0.0
2026-06-18 15:13:22,0.0,0.0,0.0,0.0,0.0,0.0,0.0,0.0,36.60474080322792,37.26879356656111,36.79981913794729,15.0,0.0,36.0,0.0,0.0,0.0,0.0,0.0,0.0,0.0,0.0,0.0,0.0,0.0
2026-06-18 15:13:23,0.0,0.0,0.0,0.0,0.0,0.0,0.0,0.0,36.96698685150775,36.96572191367947,36.95349593510644,15.0,0.0,36.0,0.0,0.0,0.0,0.0,0.0,0.0,0.0,0.0,0.0,0.0,0.0
2026-06-18 15:13:23,0.0,0.0,0.0,0.0,0.0,0.0,0.0,0.0,36.6445416973768,37.111630077974205,36.96899267775287,15.0,0.0,36.0,0.0,0.0,0.0,0.0,0.0,0.0,0.0,0.0,0.0,0.0,0.0
2026-06-18 15:13:24,0.0,0.0,0.0,0.0,0.0,0.0,0.0,0.0,36.522345499374175,36.94036095862008,36.76289653805105,15.0,0.0,36.0,0.0,0.0,0.0,0.0,0.0,0.0,0.0,0.0,0.0,0.0,0.0
2026-06-18 15:13:24,0.0,0.0,0.0,0.0,0.0,0.0,0.0,0.0,36.78137842829816,36.928200856088935,37.16818619625665,15.0,0.0,36.0,0.0,0.0,0.0,0.0,0.0,0.0,0.0,0.0,0.0,0.0,0.0
2026-06-18 15:13:25,0.0,0.0,0.0,0.0,0.0,0.0,0.0,0.0,36.95794098211475,37.03164855401351,37.103580588778165,15.0,0.0,36.0,0.0,0.0,0.0,0.0,0.0,0.0,0.0,0.0,0.0,0.0,0.0
2026-06-18 15:13:25,0.0,0.0,0.0,0.0,0.0,0.0,0.0,0.0,37.06480457975958,36.80285905925554,36.82552883450249,15.0,0.0,36.0,0.0,0.0,0.0,0.0,0.0,0.0,0.0,0.0,0.0,0.0,0.0
2026-06-18 15:13:26,0.0,0.0,0.0,0.0,0.0,0.0,0.0,0.0,36.77035807400509,37.1339644489744,36.923154271232406,15.0,0.0,36.0,0.0,0.0,0.0,0.0,0.0,0.0,0.0,0.0,0.0,0.0,0.0
2026-06-18 15:13:26,0.0,0.0,0.0,0.0,0.0,0.0,0.0,0.0,37.06149913085139,37.11638089562968,37.09451054017874,15.0,0.0,36.0,0.0,0.0,0.0,0.0,0.0,0.0,0.0,0.0,0.0,0.0,0.0
2026-06-18 15:13:27,0.0,0.0,0.0,0.0,0.0,0.0,0.0,0.0,36.794536712650064,37.21787225035452,37.231586396829314,15.0,0.0,36.0,0.0,0.0,0.0,0.0,0.0,0.0,0.0,0.0,0.0,0.0,0.0
2026-06-18 15:13:27,0.0,0.0,0.0,0.0,0.0,0.0,0.0,0.0,36.55085895223726,37.29561240277047,37.13720245957882,15.0,0.0,36.0,0.0,0.0,0.0,0.0,0.0,0.0,0.0,0.0,0.0,0.0,0.0
2026-06-18 15:13:28,0.0,0.0,0.0,0.0,0.0,0.0,0.0,0.0,37.06239813194252,36.91347969046329,37.05243826267842,15.0,0.0,36.0,0.0,0.0,0.0,0.0,0.0,0.0,0.0,0.0,0.0,0.0,0.0
2026-06-18 15:13:28,0.0,0.0,0.0,0.0,0.0,0.0,0.0,0.0,36.51949072772796,36.96129106333431,36.782296113109155,15.0,0.0,36.0,0.0,0.0,0.0,0.0,0.0,0.0,0.0,0.0,0.0,0.0,0.0
2026-06-18 15:13:29,0.0,0.0,0.0,0.0,0.0,0.0,0.0,0.0,36.76247815046534,37.17705155748292,37.26770502161055,15.0,0.0,36.0,0.0,0.0,0.0,0.0,0.0,0.0,0.0,0.0,0.0,0.0,0.0
2026-06-18 15:13:29,0.0,0.0,0.0,0.0,0.0,0.0,0.0,0.0,36.973723525382596,37.05171408264073,37.26225250082731,15.0,0.0,36.0,0.0,0.0,0.0,0.0,0.0,0.0,0.0,0.0,0.0,0.0,0.0
2026-06-18 15:13:30,0.0,0.0,0.0,0.0,0.0,0.0,0.0,0.0,36.71279035217158,37.00307217557401,37.04691447187774,15.0,0.0,36.0,0.0,0.0,0.0,0.0,0.0,0.0,0.0,0.0,0.0,0.0,0.0
2026-06-18 15:13:30,0.0,0.0,0.0,0.0,0.0,0.0,0.0,0.0,37.03334907775189,37.07756182075671,37.28258045173136,15.0,0.0,36.0,0.0,0.0,0.0,0.0,0.0,0.0,0.0,0.0,0.0,0.0,0.0
2026-06-18 15:13:31,0.0,0.0,0.0,0.0,0.0,0.0,0.0,0.0,37.09769945268546,36.85122565739996,36.727825878951776,15.0,0.0,36.0,0.0,0.0,0.0,0.0,0.0,0.0,0.0,0.0,0.0,0.0,0.0
2026-06-18 15:13:31,0.0,0.0,0.0,0.0,0.0,0.0,0.0,0.0,37.063245004812124,37.14275120934738,36.96300886364321,15.0,0.0,36.0,0.0,0.0,0.0,0.0,0.0,0.0,0.0,0.0,0.0,0.0,0.0
2026-06-18 15:13:32,0.0,0.0,0.0,0.0,0.0,0.0,0.0,0.0,36.99043756138036,36.82952952964333,36.8143491754265,15.0,0.0,36.0,0.0,0.0,0.0,0.0,0.0,0.0,0.0,0.0,0.0,0.0,0.0
2026-06-18 15:13:32,0.0,0.0,0.0,0.0,0.0,0.0,0.0,0.0,37.01042839275231,37.25005779293295,36.90834959751922,15.0,0.0,36.0,0.0,0.0,0.0,0.0,0.0,0.0,0.0,0.0,0.0,0.0,0.0
2026-06-18 15:13:33,0.0,0.0,0.0,0.0,0.0,0.0,0.0,0.0,36.63517325723482,36.88670704731247,37.00886554715696,15.0,0.0,36.0,0.0,0.0,0.0,0.0,0.0,0.0,0.0,0.0,0.0,0.0,0.0
2026-06-18 15:13:33,0.0,0.0,0.0,0.0,0.0,0.0,0.0,0.0,36.78600898818532,37.33690289512204,36.97802912473039,15.0,0.0,36.0,0.0,0.0,0.0,0.0,0.0,0.0,0.0,0.0,0.0,0.0,0.0
2026-06-18 15:13:34,0.0,0.0,0.0,0.0,0.0,0.0,0.0,0.0,36.95231183919528,37.271947424803514,36.872416497476,15.0,0.0,36.0,0.0,0.0,0.0,0.0,0.0,0.0,0.0,0.0,0.0,0.0,0.0
2026-06-18 15:13:34,0.0,0.0,0.0,0.0,0.0,0.0,0.0,0.0,36.53406511742873,37.153299282815006,37.1173580634541,15.0,0.0,36.0,0.0,0.0,0.0,0.0,0.0,0.0,0.0,0.0,0.0,0.0,0.0
2026-06-18 15:13:35,0.0,0.0,0.0,0.0,0.0,0.0,0.0,0.0,36.93822326243049,36.93737749622584,37.113066982857845,15.0,0.0,36.0,0.0,0.0,0.0,0.0,0.0,0.0,0.0,0.0,0.0,0.0,0.0
2026-06-18 15:13:35,0.0,0.0,0.0,0.0,0.0,0.0,0.0,0.0,36.859648217487674,37.270784580658756,37.11071769652019,15.0,0.0,36.0,0.0,0.0,0.0,0.0,0.0,0.0,0.0,0.0,0.0,0.0,0.0
2026-06-18 15:13:36,0.0,0.0,0.0,0.0,0.0,0.0,0.0,0.0,36.58660189863612,37.28085627893842,37.01676970992079,15.0,0.0,36.0,0.0,0.0,0.0,0.0,0.0,0.0,0.0,0.0,0.0,0.0,0.0
2026-06-18 15:13:36,0.0,0.0,0.0,0.0,0.0,0.0,0.0,0.0,36.839465192594766,36.90052012085071,37.06848194349679,15.0,0.0,36.0,0.0,0.0,0.0,0.0,0.0,0.0,0.0,0.0,0.0,0.0,0.0
2026-06-18 15:13:37,0.0,0.0,0.0,0.0,0.0,0.0,0.0,0.0,36.904851228735275,36.96813424500111,37.22562347921451,15.0,0.0,36.0,0.0,0.0,0.0,0.0,0.0,0.0,0.0,0.0,0.0,0.0,0.0
2026-06-18 15:13:37,0.0,0.0,0.0,0.0,0.0,0.0,0.0,0.0,36.968536100570695,37.37579130958411,37.214995710922906,15.0,0.0,36.0,0.0,0.0,0.0,0.0,0.0,0.0,0.0,0.0,0.0,0.0,0.0
2026-06-18 15:13:38,0.0,0.0,0.0,0.0,0.0,0.0,0.0,0.0,37.03937140388887,37.239594582340864,36.79795401471857,15.0,0.0,36.0,0.0,0.0,0.0,0.0,0.0,0.0,0.0,0.0,0.0,0.0,0.0
2026-06-18 15:13:38,0.0,0.0,0.0,0.0,0.0,0.0,0.0,0.0,36.73718323866999,36.82417840279887,37.19808551672371,15.0,0.0,36.0,0.0,0.0,0.0,0.0,0.0,0.0,0.0,0.0,0.0,0.0,0.0
2026-06-18 15:13:39,0.0,0.0,0.0,0.0,0.0,0.0,0.0,0.0,36.77254870791665,37.080977418366466,37.14412655294865,15.0,0.0,36.0,0.0,0.0,0.0,0.0,0.0,0.0,0.0,0.0,0.0,0.0,0.0
2026-06-18 15:13:39,0.0,0.0,0.0,0.0,0.0,0.0,0.0,0.0,36.978453795021345,37.12910043581154,36.73770549128161,15.0,0.0,36.0,0.0,0.0,0.0,0.0,0.0,0.0,0.0,0.0,0.0,0.0,0.0
2026-06-18 15:13:40,0.0,0.0,0.0,0.0,0.0,0.0,0.0,0.0,36.68635356297822,36.865681137732224,36.774625490626455,15.0,0.0,36.0,0.0,0.0,0.0,0.0,0.0,0.0,0.0,0.0,0.0,0.0,0.0
2026-06-18 15:13:40,0.0,0.0,0.0,0.0,0.0,0.0,0.0,0.0,37.075342399484,36.95646983974592,37.07867716428983,15.0,0.0,36.0,0.0,0.0,0.0,0.0,0.0,0.0,0.0,0.0,0.0,0.0,0.0
2026-06-18 15:13:41,0.0,0.0,0.0,0.0,0.0,0.0,0.0,0.0,36.651686496434664,36.933836875804026,37.21897498291059,15.0,0.0,36.0,0.0,0.0,0.0,0.0,0.0,0.0,0.0,0.0,0.0,0.0,0.0
2026-06-18 15:13:41,0.0,0.0,0.0,0.0,0.0,0.0,0.0,0.0,37.09330428316163,37.37760631876332,36.832300421634294,15.0,0.0,36.0,0.0,0.0,0.0,0.0,0.0,0.0,0.0,0.0,0.0,0.0,0.0
2026-06-18 15:13:42,0.0,0.0,0.0,0.0,0.0,0.0,0.0,0.0,36.88576920047331,37.28176915394093,37.040880663765236,15.0,0.0,36.0,0.0,0.0,0.0,0.0,0.0,0.0,0.0,0.0,0.0,0.0,0.0
2026-06-18 15:13:42,0.0,0.0,0.0,0.0,0.0,0.0,0.0,0.0,37.04482345225644,37.068422131391046,37.00955089648975,15.0,0.0,36.0,0.0,0.0,0.0,0.0,0.0,0.0,0.0,0.0,0.0,0.0,0.0
2026-06-18 15:13:43,0.0,0.0,0.0,0.0,0.0,0.0,0.0,0.0,36.61036091584529,36.87529637898567,36.949966330882035,15.0,0.0,36.0,0.0,0.0,0.0,0.0,0.0,0.0,0.0,0.0,0.0,0.0,0.0
2026-06-18 15:13:43,0.0,0.0,0.0,0.0,0.0,0.0,0.0,0.0,36.585020964523885,37.12751803926248,36.94012730983501,15.0,0.0,36.0,0.0,0.0,0.0,0.0,0.0,0.0,0.0,0.0,0.0,0.0,0.0
2026-06-18 15:13:44,0.0,0.0,0.0,0.0,0.0,0.0,0.0,0.0,36.7971433655565,37.228727328996484,37.0649270575431,15.0,0.0,36.0,0.0,0.0,0.0,0.0,0.0,0.0,0.0,0.0,0.0,0.0,0.0
2026-06-18 15:13:44,0.0,0.0,0.0,0.0,0.0,0.0,0.0,0.0,37.09663635554722,37.048731345406075,37.215232764764735,15.0,0.0,36.0,0.0,0.0,0.0,0.0,0.0,0.0,0.0,0.0,0.0,0.0,0.0
2026-06-18 15:13:45,0.0,0.0,0.0,0.0,0.0,0.0,0.0,0.0,36.66528782483982,37.33831531701924,36.82586443593809,15.0,0.0,36.0,0.0,0.0,0.0,0.0,0.0,0.0,0.0,0.0,0.0,0.0,0.0
2026-06-18 15:13:45,0.0,0.0,0.0,0.0,0.0,0.0,0.0,0.0,36.57075872778138,36.92874534625024,36.838476597836895,15.0,0.0,36.0,0.0,0.0,0.0,0.0,0.0,0.0,0.0,0.0,0.0,0.0,0.0
2026-06-18 15:13:46,0.0,0.0,0.0,0.0,0.0,0.0,0.0,0.0,36.584883167392206,37.31051713226836,37.19376529278909,15.0,0.0,36.0,0.0,0.0,0.0,0.0,0.0,0.0,0.0,0.0,0.0,0.0,0.0
2026-06-18 15:13:46,0.0,0.0,0.0,0.0,0.0,0.0,0.0,0.0,36.85841182657999,37.03403363048166,37.27786301845629,15.0,0.0,36.0,0.0,0.0,0.0,0.0,0.0,0.0,0.0,0.0,0.0,0.0,0.0
2026-06-18 15:13:47,0.0,0.0,0.0,0.0,0.0,0.0,0.0,0.0,36.97492607481964,37.18715045129145,37.15008159432458,15.0,0.0,36.0,0.0,0.0,0.0,0.0,0.0,0.0,0.0,0.0,0.0,0.0,0.0
2026-06-18 15:13:47,0.0,0.0,0.0,0.0,0.0,0.0,0.0,0.0,37.07299115801616,37.037063766386204,37.13029740490877,15.0,0.0,36.0,0.0,0.0,0.0,0.0,0.0,0.0,0.0,0.0,0.0,0.0,0.0
2026-06-18 15:13:48,0.0,0.0,0.0,0.0,0.0,0.0,0.0,0.0,36.997600606644234,36.97985244944784,37.04114410483955,15.0,0.0,36.0,0.0,0.0,0.0,0.0,0.0,0.0,0.0,0.0,0.0,0.0,0.0
2026-06-18 15:13:48,0.0,0.0,0.0,0.0,0.0,0.0,0.0,0.0,36.86399245870459,37.384044037255336,36.759818090138246,15.0,0.0,36.0,0.0,0.0,0.0,0.0,0.0,0.0,0.0,0.0,0.0,0.0,0.0
2026-06-18 15:13:49,0.0,0.0,0.0,0.0,0.0,0.0,0.0,0.0,36.73751294480805,36.90733858272404,37.12468986185456,15.0,0.0,36.0,0.0,0.0,0.0,0.0,0.0,0.0,0.0,0.0,0.0,0.0,0.0
2026-06-18 15:13:49,0.0,0.0,0.0,0.0,0.0,0.0,0.0,0.0,36.77257710545259,37.18733875135781,37.26232531112341,15.0,0.0,36.0,0.0,0.0,0.0,0.0,0.0,0.0,0.0,0.0,0.0,0.0,0.0
2026-06-18 15:13:50,0.0,0.0,0.0,0.0,0.0,0.0,0.0,0.0,36.66320165260152,37.25010662885574,36.98407200463501,15.0,0.0,36.0,0.0,0.0,0.0,0.0,0.0,0.0,0.0,0.0,0.0,0.0,0.0
2026-06-18 15:13:50,0.0,0.0,0.0,0.0,0.0,0.0,0.0,0.0,36.68142825939633,37.05885108550823,36.78756970252639,15.0,0.0,36.0,0.0,0.0,0.0,0.0,0.0,0.0,0.0,0.0,0.0,0.0,0.0
2026-06-18 15:13:51,0.0,0.0,0.0,0.0,0.0,0.0,0.0,0.0,36.884992395012205,36.868343905108595,37.227237340439636,15.0,0.0,36.0,0.0,0.0,0.0,0.0,0.0,0.0,0.0,0.0,0.0,0.0,0.0
2026-06-18 15:13:51,0.0,0.0,0.0,0.0,0.0,0.0,0.0,0.0,36.581362245620696,37.005122299809784,36.72880351420528,15.0,0.0,36.0,0.0,0.0,0.0,0.0,0.0,0.0,0.0,0.0,0.0,0.0,0.0
2026-06-18 15:13:52,0.0,0.0,0.0,0.0,0.0,0.0,0.0,0.0,37.080847205823,37.31492964596408,36.74882547354668,15.0,0.0,36.0,0.0,0.0,0.0,0.0,0.0,0.0,0.0,0.0,0.0,0.0,0.0
2026-06-18 15:13:52,0.0,0.0,0.0,0.0,0.0,0.0,0.0,0.0,36.64427840029745,36.86553078846254,37.002693244202845,15.0,0.0,36.0,0.0,0.0,0.0,0.0,0.0,0.0,0.0,0.0,0.0,0.0,0.0
2026-06-18 15:13:53,0.0,0.0,0.0,0.0,0.0,0.0,0.0,0.0,36.81666915063825,37.36154843139742,36.84179681056948,15.0,0.0,36.0,0.0,0.0,0.0,0.0,0.0,0.0,0.0,0.0,0.0,0.0,0.0
2026-06-18 15:13:53,0.0,0.0,0.0,0.0,0.0,0.0,0.0,0.0,36.55815782944033,37.01010146404151,36.89676235782363,15.0,0.0,36.0,0.0,0.0,0.0,0.0,0.0,0.0,0.0,0.0,0.0,0.0,0.0
2026-06-18 15:13:54,0.0,0.0,0.0,0.0,0.0,0.0,0.0,0.0,36.82706799547179,37.32115190104812,37.22537110999413,15.0,0.0,36.0,0.0,0.0,0.0,0.0,0.0,0.0,0.0,0.0,0.0,0.0,0.0
2026-06-18 15:13:54,0.0,0.0,0.0,0.0,0.0,0.0,0.0,0.0,36.51541265965295,36.94242846785239,36.987899371434686,15.0,0.0,36.0,0.0,0.0,0.0,0.0,0.0,0.0,0.0,0.0,0.0,0.0,0.0
2026-06-18 15:13:55,0.0,0.0,0.0,0.0,0.0,0.0,0.0,0.0,36.83655648979741,36.891268893492125,37.2413768871125,15.0,0.0,36.0,0.0,0.0,0.0,0.0,0.0,0.0,0.0,0.0,0.0,0.0,0.0
2026-06-18 15:13:55,0.0,0.0,0.0,0.0,0.0,0.0,0.0,0.0,36.985820972572895,37.21980332075306,36.719670669396585,15.0,0.0,36.0,0.0,0.0,0.0,0.0,0.0,0.0,0.0,0.0,0.0,0.0,0.0
2026-06-18 15:13:56,0.0,0.0,0.0,0.0,0.0,0.0,0.0,0.0,36.78011837449516,37.12725656290772,36.922488916896306,15.0,0.0,36.0,0.0,0.0,0.0,0.0,0.0,0.0,0.0,0.0,0.0,0.0,0.0
2026-06-18 15:13:56,0.0,0.0,0.0,0.0,0.0,0.0,0.0,0.0,37.07223912278496,37.16934381183308,37.09682424000319,15.0,0.0,36.0,0.0,0.0,0.0,0.0,0.0,0.0,0.0,0.0,0.0,0.0,0.0
2026-06-18 15:13:57,0.0,0.0,0.0,0.0,0.0,0.0,0.0,0.0,36.68222634497939,37.34819907812947,36.9165999769918,15.0,0.0,36.0,0.0,0.0,0.0,0.0,0.0,0.0,0.0,0.0,0.0,0.0,0.0
2026-06-18 15:13:57,0.0,0.0,0.0,0.0,0.0,0.0,0.0,0.0,37.07768702896775,36.89883392569275,36.88816006388837,15.0,0.0,36.0,0.0,0.0,0.0,0.0,0.0,0.0,0.0,0.0,0.0,0.0,0.0
2026-06-18 15:13:58,0.0,0.0,0.0,0.0,0.0,0.0,0.0,0.0,37.00802135401048,36.84431289659871,36.77172280220425,15.0,0.0,36.0,0.0,0.0,0.0,0.0,0.0,0.0,0.0,0.0,0.0,0.0,0.0
2026-06-18 15:13:58,0.0,0.0,0.0,0.0,0.0,0.0,0.0,0.0,36.850285215620694,37.211409950344695,36.73424352198889,15.0,0.0,36.0,0.0,0.0,0.0,0.0,0.0,0.0,0.0,0.0,0.0,0.0,0.0
2026-06-18 15:13:59,0.0,0.0,0.0,0.0,0.0,0.0,0.0,0.0,36.651820827752324,37.09981891335437,36.78645991013251,15.0,0.0,36.0,0.0,0.0,0.0,0.0,0.0,0.0,0.0,0.0,0.0,0.0,0.0
2026-06-18 15:13:59,0.0,0.0,0.0,0.0,0.0,0.0,0.0,0.0,36.886028357692446,37.30711783032944,36.969007631089426,15.0,0.0,36.0,0.0,0.0,0.0,0.0,0.0,0.0,0.0,0.0,0.0,0.0,0.0
2026-06-18 15:14:00,0.0,0.0,0.0,0.0,0.0,0.0,0.0,0.0,36.70013383636373,37.279951407944964,37.19329991885182,15.0,0.0,36.0,0.0,0.0,0.0,0.0,0.0,0.0,0.0,0.0,0.0,0.0,0.0
2026-06-18 15:14:00,0.0,0.0,0.0,0.0,0.0,0.0,0.0,0.0,36.77582994222164,37.07970535703437,37.1634175736484,15.0,0.0,36.0,0.0,0.0,0.0,0.0,0.0,0.0,0.0,0.0,0.0,0.0,0.0
2026-06-18 15:14:01,0.0,0.0,0.0,0.0,0.0,0.0,0.0,0.0,36.764664884053296,37.196483374422165,36.86639085308672,15.0,0.0,36.0,0.0,0.0,0.0,0.0,0.0,0.0,0.0,0.0,0.0,0.0,0.0
2026-06-18 15:14:01,0.0,0.0,0.0,0.0,0.0,0.0,0.0,0.0,37.02144735192095,37.05315803975559,36.700117002318066,15.0,0.0,36.0,0.0,0.0,0.0,0.0,0.0,0.0,0.0,0.0,0.0,0.0,0.0
2026-06-18 15:14:02,0.0,0.0,0.0,0.0,0.0,0.0,0.0,0.0,36.54240422272293,37.0330422045261,36.743305533974066,15.0,0.0,36.0,0.0,0.0,0.0,0.0,0.0,0.0,0.0,0.0,0.0,0.0,0.0
2026-06-18 15:14:02,0.0,0.0,0.0,0.0,0.0,0.0,0.0,0.0,36.716488130437305,36.98010790939245,37.1120381786131,15.0,0.0,36.0,0.0,0.0,0.0,0.0,0.0,0.0,0.0,0.0,0.0,0.0,0.0
2026-06-18 15:14:03,0.0,0.0,0.0,0.0,0.0,0.0,0.0,0.0,36.61395263375596,37.35474065699854,36.74181668641336,15.0,0.0,36.0,0.0,0.0,0.0,0.0,0.0,0.0,0.0,0.0,0.0,0.0,0.0
2026-06-18 15:14:03,0.0,0.0,0.0,0.0,0.0,0.0,0.0,0.0,36.59089134181795,36.925417243402364,37.27097963335005,15.0,0.0,36.0,0.0,0.0,0.0,0.0,0.0,0.0,0.0,0.0,0.0,0.0,0.0
2026-06-18 15:14:04,0.0,0.0,0.0,0.0,0.0,0.0,0.0,0.0,36.851752459230596,37.08424452030719,37.141305499416426,15.0,0.0,36.0,0.0,0.0,0.0,0.0,0.0,0.0,0.0,0.0,0.0,0.0,0.0
2026-06-18 15:14:04,0.0,0.0,0.0,0.0,0.0,0.0,0.0,0.0,36.6870405215541,37.097809293048215,36.70165349526215,15.0,0.0,36.0,0.0,0.0,0.0,0.0,0.0,0.0,0.0,0.0,0.0,0.0,0.0
2026-06-18 15:14:05,0.0,0.0,0.0,0.0,0.0,0.0,0.0,0.0,36.969093913702764,36.85268416635788,37.22081330586261,15.0,0.0,36.0,0.0,0.0,0.0,0.0,0.0,0.0,0.0,0.0,0.0,0.0,0.0
2026-06-18 15:14:05,0.0,0.0,0.0,0.0,0.0,0.0,0.0,0.0,36.871788002966944,37.04134363908443,36.87241718194768,15.0,0.0,36.0,0.0,0.0,0.0,0.0,0.0,0.0,0.0,0.0,0.0,0.0,0.0
2026-06-18 15:14:06,0.0,0.0,0.0,0.0,0.0,0.0,0.0,0.0,37.0465565362034,36.882469524495605,37.030963558990145,15.0,0.0,36.0,0.0,0.0,0.0,0.0,0.0,0.0,0.0,0.0,0.0,0.0,0.0
2026-06-18 15:14:06,0.0,0.0,0.0,0.0,0.0,0.0,0.0,0.0,36.624738146301716,37.05883501066538,37.18097136412324,15.0,0.0,36.0,0.0,0.0,0.0,0.0,0.0,0.0,0.0,0.0,0.0,0.0,0.0
2026-06-18 15:14:07,0.0,0.0,0.0,0.0,0.0,0.0,0.0,0.0,36.712523619517526,37.021619550859896,37.146145795727904,15.0,0.0,36.0,0.0,0.0,0.0,0.0,0.0,0.0,0.0,0.0,0.0,0.0,0.0
2026-06-18 15:14:07,0.0,0.0,0.0,0.0,0.0,0.0,0.0,0.0,36.59611860031112,37.253362429675605,37.249303903620564,15.0,0.0,36.0,0.0,0.0,0.0,0.0,0.0,0.0,0.0,0.0,0.0,0.0,0.0
2026-06-18 15:14:08,0.0,0.0,0.0,0.0,0.0,0.0,0.0,0.0,36.99257781765734,37.2234011831882,36.933191776944334,15.0,0.0,36.0,0.0,0.0,0.0,0.0,0.0,0.0,0.0,0.0,0.0,0.0,0.0
2026-06-18 15:14:08,0.0,0.0,0.0,0.0,0.0,0.0,0.0,0.0,36.638822861177694,36.91608435595518,36.77717936328075,15.0,0.0,36.0,0.0,0.0,0.0,0.0,0.0,0.0,0.0,0.0,0.0,0.0,0.0
2026-06-18 15:14:09,0.0,0.0,0.0,0.0,0.0,0.0,0.0,0.0,36.51446688937611,37.22646083392042,37.2674575348078,15.0,0.0,36.0,0.0,0.0,0.0,0.0,0.0,0.0,0.0,0.0,0.0,0.0,0.0
2026-06-18 15:14:09,0.0,0.0,0.0,0.0,0.0,0.0,0.0,0.0,36.55292541680215,36.89066400072349,37.223763837736826,15.0,0.0,36.0,0.0,0.0,0.0,0.0,0.0,0.0,0.0,0.0,0.0,0.0,0.0
2026-06-18 15:14:10,0.0,0.0,0.0,0.0,0.0,0.0,0.0,0.0,36.731913707038224,37.207250105479716,36.80623235213219,15.0,0.0,36.0,0.0,0.0,0.0,0.0,0.0,0.0,0.0,0.0,0.0,0.0,0.0
2026-06-18 15:14:10,0.0,0.0,0.0,0.0,0.0,0.0,0.0,0.0,36.96922679361984,37.3972050539285,37.28864000259972,15.0,0.0,36.0,0.0,0.0,0.0,0.0,0.0,0.0,0.0,0.0,0.0,0.0,0.0
2026-06-18 15:14:11,0.0,0.0,0.0,0.0,0.0,0.0,0.0,0.0,36.93651198568695,36.93260676553855,36.9630290747167,15.0,0.0,36.0,0.0,0.0,0.0,0.0,0.0,0.0,0.0,0.0,0.0,0.0,0.0
2026-06-18 15:14:11,0.0,0.0,0.0,0.0,0.0,0.0,0.0,0.0,36.675726055776146,36.832859223364096,36.839595026630754,15.0,0.0,36.0,0.0,0.0,0.0,0.0,0.0,0.0,0.0,0.0,0.0,0.0,0.0
2026-06-18 15:14:12,0.0,0.0,0.0,0.0,0.0,0.0,0.0,0.0,36.7577803015072,37.141852605735316,36.813922977687355,15.0,0.0,36.0,0.0,0.0,0.0,0.0,0.0,0.0,0.0,0.0,0.0,0.0,0.0
2026-06-18 15:14:12,0.0,0.0,0.0,0.0,0.0,0.0,0.0,0.0,36.81846616013463,36.9049894017967,36.71267445238363,15.0,0.0,36.0,0.0,0.0,0.0,0.0,0.0,0.0,0.0,0.0,0.0,0.0,0.0
2026-06-18 15:14:13,0.0,0.0,0.0,0.0,0.0,0.0,0.0,0.0,37.047837203051145,36.90632459841623,37.13092775643676,15.0,0.0,36.0,0.0,0.0,0.0,0.0,0.0,0.0,0.0,0.0,0.0,0.0,0.0
2026-06-18 15:14:13,0.0,0.0,0.0,0.0,0.0,0.0,0.0,0.0,36.536438424128995,36.89816956412921,36.99955409680534,15.0,0.0,36.0,0.0,0.0,0.0,0.0,0.0,0.0,0.0,0.0,0.0,0.0,0.0
2026-06-18 15:14:14,0.0,0.0,0.0,0.0,0.0,0.0,0.0,0.0,36.55949144411145,37.195292047678166,36.7144618529814,15.0,0.0,36.0,0.0,0.0,0.0,0.0,0.0,0.0,0.0,0.0,0.0,0.0,0.0
2026-06-18 15:14:14,0.0,0.0,0.0,0.0,0.0,0.0,0.0,0.0,36.612784898789535,37.329760448299744,36.72545743820216,15.0,0.0,36.0,0.0,0.0,0.0,0.0,0.0,0.0,0.0,0.0,0.0,0.0,0.0
2026-06-18 15:14:15,0.0,0.0,0.0,0.0,0.0,0.0,0.0,0.0,36.614578045926194,37.11386100849889,37.151441047817926,15.0,0.0,36.0,0.0,0.0,0.0,0.0,0.0,0.0,0.0,0.0,0.0,0.0,0.0
2026-06-18 15:14:15,0.0,0.0,0.0,0.0,0.0,0.0,0.0,0.0,37.00877343038415,36.926883305327024,36.71527859372274,15.0,0.0,36.0,0.0,0.0,0.0,0.0,0.0,0.0,0.0,0.0,0.0,0.0,0.0
2026-06-18 15:14:16,0.0,0.0,0.0,0.0,0.0,0.0,0.0,0.0,36.96710733416112,37.07368609098773,36.788289401396895,15.0,0.0,36.0,0.0,0.0,0.0,0.0,0.0,0.0,0.0,0.0,0.0,0.0,0.0
2026-06-18 15:14:16,0.0,0.0,0.0,0.0,0.0,0.0,0.0,0.0,36.54474838287656,36.96029340044573,36.86202647642126,15.0,0.0,36.0,0.0,0.0,0.0,0.0,0.0,0.0,0.0,0.0,0.0,0.0,0.0
2026-06-18 15:14:17,0.0,0.0,0.0,0.0,0.0,0.0,0.0,0.0,36.663672033856976,37.20857555343243,36.98887771450895,15.0,0.0,36.0,0.0,0.0,0.0,0.0,0.0,0.0,0.0,0.0,0.0,0.0,0.0
2026-06-18 15:14:17,0.0,0.0,0.0,0.0,0.0,0.0,0.0,0.0,37.04473542801149,36.926537153188434,37.089095333829825,15.0,0.0,36.0,0.0,0.0,0.0,0.0,0.0,0.0,0.0,0.0,0.0,0.0,0.0
2026-06-18 15:14:18,0.0,0.0,0.0,0.0,0.0,0.0,0.0,0.0,37.04239648087827,37.31554211306979,36.90092606861833,15.0,0.0,36.0,0.0,0.0,0.0,0.0,0.0,0.0,0.0,0.0,0.0,0.0,0.0
2026-06-18 15:14:18,0.0,0.0,0.0,0.0,0.0,0.0,0.0,0.0,37.02411567497365,36.939373578603984,37.21682147772899,15.0,0.0,36.0,0.0,0.0,0.0,0.0,0.0,0.0,0.0,0.0,0.0,0.0,0.0
2026-06-18 15:14:19,0.0,0.0,0.0,0.0,0.0,0.0,0.0,0.0,36.867744959746005,36.96131863334303,36.81901397513578,15.0,0.0,36.0,0.0,0.0,0.0,0.0,0.0,0.0,0.0,0.0,0.0,0.0,0.0
2026-06-18 15:14:19,0.0,0.0,0.0,0.0,0.0,0.0,0.0,0.0,36.69578463814472,36.85793148058304,36.897804816751254,15.0,0.0,36.0,0.0,0.0,0.0,0.0,0.0,0.0,0.0,0.0,0.0,0.0,0.0
2026-06-18 15:14:20,0.0,0.0,0.0,0.0,0.0,0.0,0.0,0.0,36.759526927607105,36.969418416980254,37.19722241886931,15.0,0.0,36.0,0.0,0.0,0.0,0.0,0.0,0.0,0.0,0.0,0.0,0.0,0.0
2026-06-18 15:14:20,0.0,0.0,0.0,0.0,0.0,0.0,0.0,0.0,36.74617076409815,37.269518063101195,37.12629617468967,15.0,0.0,36.0,0.0,0.0,0.0,0.0,0.0,0.0,0.0,0.0,0.0,0.0,0.0
2026-06-18 15:14:21,0.0,0.0,0.0,0.0,0.0,0.0,0.0,0.0,36.513312421750406,37.066221962697924,36.88987014782864,15.0,0.0,36.0,0.0,0.0,0.0,0.0,0.0,0.0,0.0,0.0,0.0,0.0,0.0
2026-06-18 15:14:21,0.0,0.0,0.0,0.0,0.0,0.0,0.0,0.0,36.998151746239124,37.18378318441953,37.16682143910132,15.0,0.0,36.0,0.0,0.0,0.0,0.0,0.0,0.0,0.0,0.0,0.0,0.0,0.0
2026-06-18 15:14:22,0.0,0.0,0.0,0.0,0.0,0.0,0.0,0.0,37.040345600345375,36.833349039609914,37.01775216717984,15.0,0.0,36.0,0.0,0.0,0.0,0.0,0.0,0.0,0.0,0.0,0.0,0.0,0.0
2026-06-18 15:14:22,0.0,0.0,0.0,0.0,0.0,0.0,0.0,0.0,36.53215296803792,37.01636147713909,36.769058766710536,15.0,0.0,36.0,0.0,0.0,0.0,0.0,0.0,0.0,0.0,0.0,0.0,0.0,0.0
2026-06-18 15:14:23,0.0,0.0,0.0,0.0,0.0,0.0,0.0,0.0,37.08675486578903,36.97182424814261,36.76425911599637,15.0,0.0,36.0,0.0,0.0,0.0,0.0,0.0,0.0,0.0,0.0,0.0,0.0,0.0
2026-06-18 15:14:23,0.0,0.0,0.0,0.0,0.0,0.0,0.0,0.0,36.94224249523998,36.83352294294617,37.241185279117374,15.0,0.0,36.0,0.0,0.0,0.0,0.0,0.0,0.0,0.0,0.0,0.0,0.0,0.0
2026-06-18 15:14:24,0.0,0.0,0.0,0.0,0.0,0.0,0.0,0.0,36.77242332725005,37.16140675817371,36.83102317692543,15.0,0.0,36.0,0.0,0.0,0.0,0.0,0.0,0.0,0.0,0.0,0.0,0.0,0.0
2026-06-18 15:14:24,0.0,0.0,0.0,0.0,0.0,0.0,0.0,0.0,36.65828792080047,37.37558052012052,37.087553626063276,15.0,0.0,36.0,0.0,0.0,0.0,0.0,0.0,0.0,0.0,0.0,0.0,0.0,0.0
2026-06-18 15:14:25,0.0,0.0,0.0,0.0,0.0,0.0,0.0,0.0,36.78689633904126,37.17052456590662,36.84610432995827,15.0,0.0,36.0,0.0,0.0,0.0,0.0,0.0,0.0,0.0,0.0,0.0,0.0,0.0
2026-06-18 15:14:25,0.0,0.0,0.0,0.0,0.0,0.0,0.0,0.0,36.986839646397044,37.125822360099356,36.84922771150546,15.0,0.0,36.0,0.0,0.0,0.0,0.0,0.0,0.0,0.0,0.0,0.0,0.0,0.0
2026-06-18 15:14:26,0.0,0.0,0.0,0.0,0.0,0.0,0.0,0.0,37.08929007966735,37.373221338711915,36.70377397777816,15.0,0.0,36.0,0.0,0.0,0.0,0.0,0.0,0.0,0.0,0.0,0.0,0.0,0.0
2026-06-18 15:14:26,0.0,0.0,0.0,0.0,0.0,0.0,0.0,0.0,36.62728175787716,36.95718887512159,36.87936725238773,15.0,0.0,36.0,0.0,0.0,0.0,0.0,0.0,0.0,0.0,0.0,0.0,0.0,0.0
2026-06-18 15:14:27,0.0,0.0,0.0,0.0,0.0,0.0,0.0,0.0,36.62973200940362,37.1855867721378,36.96621769882119,15.0,0.0,36.0,0.0,0.0,0.0,0.0,0.0,0.0,0.0,0.0,0.0,0.0,0.0
2026-06-18 15:14:27,0.0,0.0,0.0,0.0,0.0,0.0,0.0,0.0,36.74178191322805,37.29758996757657,37.28902211685191,15.0,0.0,36.0,0.0,0.0,0.0,0.0,0.0,0.0,0.0,0.0,0.0,0.0,0.0
2026-06-18 15:14:28,0.0,0.0,0.0,0.0,0.0,0.0,0.0,0.0,36.87274913719677,36.882994148616696,37.142860969924726,15.0,0.0,36.0,0.0,0.0,0.0,0.0,0.0,0.0,0.0,0.0,0.0,0.0,0.0
2026-06-18 15:14:28,0.0,0.0,0.0,0.0,0.0,0.0,0.0,0.0,37.05027868745853,37.10226057593603,37.27841733679206,15.0,0.0,36.0,0.0,0.0,0.0,0.0,0.0,0.0,0.0,0.0,0.0,0.0,0.0
2026-06-18 15:14:29,0.0,0.0,0.0,0.0,0.0,0.0,0.0,0.0,37.078609886251975,37.285002334821854,36.9747395281807,15.0,0.0,36.0,0.0,0.0,0.0,0.0,0.0,0.0,0.0,0.0,0.0,0.0,0.0
2026-06-18 15:14:29,0.0,0.0,0.0,0.0,0.0,0.0,0.0,0.0,36.86606234045578,37.35183497041847,37.19351304815605,15.0,0.0,36.0,0.0,0.0,0.0,0.0,0.0,0.0,0.0,0.0,0.0,0.0,0.0
2026-06-18 15:14:30,0.0,0.0,0.0,0.0,0.0,0.0,0.0,0.0,36.71154253380971,37.205875884160875,36.97910552270866,15.0,0.0,36.0,0.0,0.0,0.0,0.0,0.0,0.0,0.0,0.0,0.0,0.0,0.0
2026-06-18 15:14:30,0.0,0.0,0.0,0.0,0.0,0.0,0.0,0.0,37.05457807017815,37.31128473743008,37.14142616814057,15.0,0.0,36.0,0.0,0.0,0.0,0.0,0.0,0.0,0.0,0.0,0.0,0.0,0.0
2026-06-18 15:14:31,0.0,0.0,0.0,0.0,0.0,0.0,0.0,0.0,36.56226039079975,37.09243159688103,37.01531195629078,15.0,0.0,36.0,0.0,0.0,0.0,0.0,0.0,0.0,0.0,0.0,0.0,0.0,0.0
2026-06-18 15:14:31,0.0,0.0,0.0,0.0,0.0,0.0,0.0,0.0,37.02930101750239,37.08606284462704,37.035453828172884,15.0,0.0,36.0,0.0,0.0,0.0,0.0,0.0,0.0,0.0,0.0,0.0,0.0,0.0
2026-06-18 15:14:32,0.0,0.0,0.0,0.0,0.0,0.0,0.0,0.0,36.527726807157364,37.3114701158215,36.80984327362018,15.0,0.0,36.0,0.0,0.0,0.0,0.0,0.0,0.0,0.0,0.0,0.0,0.0,0.0
2026-06-18 15:14:32,0.0,0.0,0.0,0.0,0.0,0.0,0.0,0.0,36.837567768690924,36.99474396742381,37.07108875417634,15.0,0.0,36.0,0.0,0.0,0.0,0.0,0.0,0.0,0.0,0.0,0.0,0.0,0.0
2026-06-18 15:14:33,0.0,0.0,0.0,0.0,0.0,0.0,0.0,0.0,36.55976336831893,36.83231288608298,37.06879951389961,15.0,0.0,36.0,0.0,0.0,0.0,0.0,0.0,0.0,0.0,0.0,0.0,0.0,0.0
2026-06-18 15:14:33,0.0,0.0,0.0,0.0,0.0,0.0,0.0,0.0,36.721877416036875,36.91426850521609,37.0390750020461,15.0,0.0,36.0,0.0,0.0,0.0,0.0,0.0,0.0,0.0,0.0,0.0,0.0,0.0
2026-06-18 15:14:34,0.0,0.0,0.0,0.0,0.0,0.0,0.0,0.0,36.98994000754,37.36205254421183,36.94013618233851,15.0,0.0,36.0,0.0,0.0,0.0,0.0,0.0,0.0,0.0,0.0,0.0,0.0,0.0
2026-06-18 15:14:34,0.0,0.0,0.0,0.0,0.0,0.0,0.0,0.0,36.82385583569184,36.97905423405475,36.75073716944968,15.0,0.0,36.0,0.0,0.0,0.0,0.0,0.0,0.0,0.0,0.0,0.0,0.0,0.0
2026-06-18 15:14:35,0.0,0.0,0.0,0.0,0.0,0.0,0.0,0.0,36.844755306028304,36.872454587216275,37.05151807518838,15.0,0.0,36.0,0.0,0.0,0.0,0.0,0.0,0.0,0.0,0.0,0.0,0.0,0.0
2026-06-18 15:14:35,0.0,0.0,0.0,0.0,0.0,0.0,0.0,0.0,36.950464929781866,37.02247093682052,36.80701236147239,15.0,0.0,36.0,0.0,0.0,0.0,0.0,0.0,0.0,0.0,0.0,0.0,0.0,0.0
2026-06-18 15:14:36,0.0,0.0,0.0,0.0,0.0,0.0,0.0,0.0,37.00341341216986,37.284599847195416,36.812111229529975,15.0,0.0,36.0,0.0,0.0,0.0,0.0,0.0,0.0,0.0,0.0,0.0,0.0,0.0
2026-06-18 15:14:36,0.0,0.0,0.0,0.0,0.0,0.0,0.0,0.0,37.02401403709486,36.87328827583336,36.85905812279297,15.0,0.0,36.0,0.0,0.0,0.0,0.0,0.0,0.0,0.0,0.0,0.0,0.0,0.0
2026-06-18 15:14:37,0.0,0.0,0.0,0.0,0.0,0.0,0.0,0.0,36.723440364619606,37.13504630074152,36.931272951705104,15.0,0.0,36.0,0.0,0.0,0.0,0.0,0.0,0.0,0.0,0.0,0.0,0.0,0.0
2026-06-18 15:14:37,0.0,0.0,0.0,0.0,0.0,0.0,0.0,0.0,37.056630629318796,36.919379066372365,37.00348330283893,15.0,0.0,36.0,0.0,0.0,0.0,0.0,0.0,0.0,0.0,0.0,0.0,0.0,0.0
2026-06-18 15:14:38,0.0,0.0,0.0,0.0,0.0,0.0,0.0,0.0,36.709889712960994,37.348052717782416,37.04710906566424,15.0,0.0,36.0,0.0,0.0,0.0,0.0,0.0,0.0,0.0,0.0,0.0,0.0,0.0
2026-06-18 15:14:38,0.0,0.0,0.0,0.0,0.0,0.0,0.0,0.0,37.0348364696278,36.82506392109186,37.17804329811659,15.0,0.0,36.0,0.0,0.0,0.0,0.0,0.0,0.0,0.0,0.0,0.0,0.0,0.0
2026-06-18 15:14:39,0.0,0.0,0.0,0.0,0.0,0.0,0.0,0.0,36.86706455265081,37.32117378176747,36.75643994821658,15.0,0.0,36.0,0.0,0.0,0.0,0.0,0.0,0.0,0.0,0.0,0.0,0.0,0.0
2026-06-18 15:14:39,0.0,0.0,0.0,0.0,0.0,0.0,0.0,0.0,36.896145626503504,36.88596540224093,36.86090464296481,15.0,0.0,36.0,0.0,0.0,0.0,0.0,0.0,0.0,0.0,0.0,0.0,0.0,0.0
2026-06-18 15:14:40,0.0,0.0,0.0,0.0,0.0,0.0,0.0,0.0,36.578118039329546,36.86250307759534,37.192538930203845,15.0,0.0,36.0,0.0,0.0,0.0,0.0,0.0,0.0,0.0,0.0,0.0,0.0,0.0
2026-06-18 15:14:40,0.0,0.0,0.0,0.0,0.0,0.0,0.0,0.0,36.77891231091131,36.87188833101204,36.93933950617727,15.0,0.0,36.0,0.0,0.0,0.0,0.0,0.0,0.0,0.0,0.0,0.0,0.0,0.0
2026-06-18 15:14:41,0.0,0.0,0.0,0.0,0.0,0.0,0.0,0.0,36.80053561221293,36.895126455881964,36.75798076390313,15.0,0.0,36.0,0.0,0.0,0.0,0.0,0.0,0.0,0.0,0.0,0.0,0.0,0.0
2026-06-18 15:14:41,0.0,0.0,0.0,0.0,0.0,0.0,0.0,0.0,36.97712599258332,37.32903336203397,37.05013009077159,15.0,0.0,36.0,0.0,0.0,0.0,0.0,0.0,0.0,0.0,0.0,0.0,0.0,0.0
2026-06-18 15:14:42,0.0,0.0,0.0,0.0,0.0,0.0,0.0,0.0,36.541547080892485,37.0675660129374,37.166903331216716,15.0,0.0,36.0,0.0,0.0,0.0,0.0,0.0,0.0,0.0,0.0,0.0,0.0,0.0
2026-06-18 15:14:42,0.0,0.0,0.0,0.0,0.0,0.0,0.0,0.0,36.51176149922699,37.214098993185985,36.846102551647334,15.0,0.0,36.0,0.0,0.0,0.0,0.0,0.0,0.0,0.0,0.0,0.0,0.0,0.0
2026-06-18 15:14:43,0.0,0.0,0.0,0.0,0.0,0.0,0.0,0.0,37.063605191100294,37.11652375236988,37.09350973743258,15.0,0.0,36.0,0.0,0.0,0.0,0.0,0.0,0.0,0.0,0.0,0.0,0.0,0.0
2026-06-18 15:14:43,0.0,0.0,0.0,0.0,0.0,0.0,0.0,0.0,37.090792943403365,37.249254313121355,37.067248430811496,15.0,0.0,36.0,0.0,0.0,0.0,0.0,0.0,0.0,0.0,0.0,0.0,0.0,0.0
2026-06-18 15:14:44,0.0,0.0,0.0,0.0,0.0,0.0,0.0,0.0,36.55538962325432,37.385186446279526,37.048713075148115,15.0,0.0,36.0,0.0,0.0,0.0,0.0,0.0,0.0,0.0,0.0,0.0,0.0,0.0
2026-06-18 15:14:44,0.0,0.0,0.0,0.0,0.0,0.0,0.0,0.0,36.5909520236782,37.23278531076374,36.90328298730724,15.0,0.0,36.0,0.0,0.0,0.0,0.0,0.0,0.0,0.0,0.0,0.0,0.0,0.0
2026-06-18 15:14:45,0.0,0.0,0.0,0.0,0.0,0.0,0.0,0.0,36.890825321097,36.82326310456151,36.853586763366266,15.0,0.0,36.0,0.0,0.0,0.0,0.0,0.0,0.0,0.0,0.0,0.0,0.0,0.0
2026-06-18 15:14:45,0.0,0.0,0.0,0.0,0.0,0.0,0.0,0.0,36.85013550069252,37.04589174254557,37.29152489034451,15.0,0.0,36.0,0.0,0.0,0.0,0.0,0.0,0.0,0.0,0.0,0.0,0.0,0.0
2026-06-18 15:14:46,0.0,0.0,0.0,0.0,0.0,0.0,0.0,0.0,37.00000817982855,37.19075482778541,37.021248972456,15.0,0.0,36.0,0.0,0.0,0.0,0.0,0.0,0.0,0.0,0.0,0.0,0.0,0.0
2026-06-18 15:14:46,0.0,0.0,0.0,0.0,0.0,0.0,0.0,0.0,36.53605903497428,37.390582031731796,37.15228002531134,15.0,0.0,36.0,0.0,0.0,0.0,0.0,0.0,0.0,0.0,0.0,0.0,0.0,0.0
2026-06-18 15:14:47,0.0,0.0,0.0,0.0,0.0,0.0,0.0,0.0,36.642314684971744,36.959106751162516,37.218705629552346,15.0,0.0,36.0,0.0,0.0,0.0,0.0,0.0,0.0,0.0,0.0,0.0,0.0,0.0
2026-06-18 15:14:47,0.0,0.0,0.0,0.0,0.0,0.0,0.0,0.0,36.89190223766026,37.02526861570274,37.05579169359268,15.0,0.0,36.0,0.0,0.0,0.0,0.0,0.0,0.0,0.0,0.0,0.0,0.0,0.0
2026-06-18 15:14:48,0.0,0.0,0.0,0.0,0.0,0.0,0.0,0.0,36.778887662938345,37.2958877003247,37.24598885066987,15.0,0.0,36.0,0.0,0.0,0.0,0.0,0.0,0.0,0.0,0.0,0.0,0.0,0.0
2026-06-18 15:14:48,0.0,0.0,0.0,0.0,0.0,0.0,0.0,0.0,37.00214432121317,37.178978957201004,37.26926108795337,15.0,0.0,36.0,0.0,0.0,0.0,0.0,0.0,0.0,0.0,0.0,0.0,0.0,0.0
2026-06-18 15:14:49,0.0,0.0,0.0,0.0,0.0,0.0,0.0,0.0,36.5875727090876,37.02215956073623,36.93530035404571,15.0,0.0,36.0,0.0,0.0,0.0,0.0,0.0,0.0,0.0,0.0,0.0,0.0,0.0
2026-06-18 15:14:49,0.0,0.0,0.0,0.0,0.0,0.0,0.0,0.0,36.730612076777795,37.235445536439116,37.24248523337645,15.0,0.0,36.0,0.0,0.0,0.0,0.0,0.0,0.0,0.0,0.0,0.0,0.0,0.0
2026-06-18 15:14:50,0.0,0.0,0.0,0.0,0.0,0.0,0.0,0.0,36.63204952792792,37.24319914987271,37.27992974654111,15.0,0.0,36.0,0.0,0.0,0.0,0.0,0.0,0.0,0.0,0.0,0.0,0.0,0.0
2026-06-18 15:14:50,0.0,0.0,0.0,0.0,0.0,0.0,0.0,0.0,36.64214121750814,37.15363674089256,37.06553897433086,15.0,0.0,36.0,0.0,0.0,0.0,0.0,0.0,0.0,0.0,0.0,0.0,0.0,0.0
2026-06-18 15:14:51,0.0,0.0,0.0,0.0,0.0,0.0,0.0,0.0,36.97820864353622,37.22545423607621,36.83886580877998,15.0,0.0,36.0,0.0,0.0,0.0,0.0,0.0,0.0,0.0,0.0,0.0,0.0,0.0
2026-06-18 15:14:51,0.0,0.0,0.0,0.0,0.0,0.0,0.0,0.0,36.730954274282304,37.154675761262155,37.27398076819113,15.0,0.0,36.0,0.0,0.0,0.0,0.0,0.0,0.0,0.0,0.0,0.0,0.0,0.0
2026-06-18 15:14:52,0.0,0.0,0.0,0.0,0.0,0.0,0.0,0.0,36.70685103161095,37.088180932591385,37.19243515101134,15.0,0.0,36.0,0.0,0.0,0.0,0.0,0.0,0.0,0.0,0.0,0.0,0.0,0.0
2026-06-18 15:14:52,0.0,0.0,0.0,0.0,0.0,0.0,0.0,0.0,36.687991794295414,37.112242216847875,36.84427335395637,15.0,0.0,36.0,0.0,0.0,0.0,0.0,0.0,0.0,0.0,0.0,0.0,0.0,0.0
2026-06-18 15:14:53,0.0,0.0,0.0,0.0,0.0,0.0,0.0,0.0,36.5588927935573,36.89102164604402,36.757700672769495,15.0,0.0,36.0,0.0,0.0,0.0,0.0,0.0,0.0,0.0,0.0,0.0,0.0,0.0
2026-06-18 15:14:53,0.0,0.0,0.0,0.0,0.0,0.0,0.0,0.0,36.99940485271949,36.98210166249039,37.11046312818296,15.0,0.0,36.0,0.0,0.0,0.0,0.0,0.0,0.0,0.0,0.0,0.0,0.0,0.0
2026-06-18 15:14:54,0.0,0.0,0.0,0.0,0.0,0.0,0.0,0.0,36.88900381425706,37.229794055082635,37.28549189252637,15.0,0.0,36.0,0.0,0.0,0.0,0.0,0.0,0.0,0.0,0.0,0.0,0.0,0.0
2026-06-18 15:14:54,0.0,0.0,0.0,0.0,0.0,0.0,0.0,0.0,36.90676004262679,37.251118279175394,36.92612988656308,15.0,0.0,36.0,0.0,0.0,0.0,0.0,0.0,0.0,0.0,0.0,0.0,0.0,0.0
2026-06-18 15:14:55,0.0,0.0,0.0,0.0,0.0,0.0,0.0,0.0,36.80881122806312,37.10307001482183,36.92839663130831,15.0,0.0,36.0,0.0,0.0,0.0,0.0,0.0,0.0,0.0,0.0,0.0,0.0,0.0
2026-06-18 15:14:55,0.0,0.0,0.0,0.0,0.0,0.0,0.0,0.0,36.660669018589275,36.934447589589546,37.06130906025126,15.0,0.0,36.0,0.0,0.0,0.0,0.0,0.0,0.0,0.0,0.0,0.0,0.0,0.0
2026-06-18 15:14:56,0.0,0.0,0.0,0.0,0.0,0.0,0.0,0.0,36.50433610259658,36.91852495795553,36.98261262368853,15.0,0.0,36.0,0.0,0.0,0.0,0.0,0.0,0.0,0.0,0.0,0.0,0.0,0.0
2026-06-18 15:14:56,0.0,0.0,0.0,0.0,0.0,0.0,0.0,0.0,37.00457912203602,36.938254033731944,37.1023708165256,15.0,0.0,36.0,0.0,0.0,0.0,0.0,0.0,0.0,0.0,0.0,0.0,0.0,0.0
2026-06-18 15:14:57,0.0,0.0,0.0,0.0,0.0,0.0,0.0,0.0,36.503414638305905,37.29073014988822,36.89608759829509,15.0,0.0,36.0,0.0,0.0,0.0,0.0,0.0,0.0,0.0,0.0,0.0,0.0,0.0
2026-06-18 15:14:57,0.0,0.0,0.0,0.0,0.0,0.0,0.0,0.0,36.99495568117399,37.13457278360806,36.741862724061065,15.0,0.0,36.0,0.0,0.0,0.0,0.0,0.0,0.0,0.0,0.0,0.0,0.0,0.0
2026-06-18 15:14:58,0.0,0.0,0.0,0.0,0.0,0.0,0.0,0.0,36.71796162910499,37.0871439655165,37.13554089947103,15.0,0.0,36.0,0.0,0.0,0.0,0.0,0.0,0.0,0.0,0.0,0.0,0.0,0.0
2026-06-18 15:14:58,0.0,0.0,0.0,0.0,0.0,0.0,0.0,0.0,36.61321008370075,37.24771575376106,36.90109917124959,15.0,0.0,36.0,0.0,0.0,0.0,0.0,0.0,0.0,0.0,0.0,0.0,0.0,0.0
2026-06-18 15:14:59,0.0,0.0,0.0,0.0,0.0,0.0,0.0,0.0,36.75806542004727,37.349959470645004,37.22003593450863,15.0,0.0,36.0,0.0,0.0,0.0,0.0,0.0,0.0,0.0,0.0,0.0,0.0,0.0
2026-06-18 15:14:59,0.0,0.0,0.0,0.0,0.0,0.0,0.0,0.0,36.68074632963689,36.84482867489388,37.167838079757004,15.0,0.0,36.0,0.0,0.0,0.0,0.0,0.0,0.0,0.0,0.0,0.0,0.0,0.0
2026-06-18 15:15:00,0.0,0.0,0.0,0.0,0.0,0.0,0.0,0.0,36.85842612280034,37.28598022805572,37.111078048177504,15.0,0.0,36.0,0.0,0.0,0.0,0.0,0.0,0.0,0.0,0.0,0.0,0.0,0.0
2026-06-18 15:15:00,0.0,0.0,0.0,0.0,0.0,0.0,0.0,0.0,36.71865768734639,36.806534087517306,37.225603915549755,15.0,0.0,36.0,0.0,0.0,0.0,0.0,0.0,0.0,0.0,0.0,0.0,0.0,0.0
2026-06-18 15:15:01,0.0,0.0,0.0,0.0,0.0,0.0,0.0,0.0,37.05013857231987,37.07507549183658,37.08884073283249,15.0,0.0,36.0,0.0,0.0,0.0,0.0,0.0,0.0,0.0,0.0,0.0,0.0,0.0
2026-06-18 15:15:01,0.0,0.0,0.0,0.0,0.0,0.0,0.0,0.0,36.89205553768161,37.37625714706669,37.28220177849221,15.0,0.0,36.0,0.0,0.0,0.0,0.0,0.0,0.0,0.0,0.0,0.0,0.0,0.0
2026-06-18 15:15:02,0.0,0.0,0.0,0.0,0.0,0.0,0.0,0.0,36.78307590721751,36.995265984958884,37.11657040425096,15.0,0.0,36.0,0.0,0.0,0.0,0.0,0.0,0.0,0.0,0.0,0.0,0.0,0.0
2026-06-18 15:15:02,0.0,0.0,0.0,0.0,0.0,0.0,0.0,0.0,36.509475859319956,37.28959311499762,36.7228094850603,15.0,0.0,36.0,0.0,0.0,0.0,0.0,0.0,0.0,0.0,0.0,0.0,0.0,0.0
2026-06-18 15:15:03,0.0,0.0,0.0,0.0,0.0,0.0,0.0,0.0,36.851978304507256,36.969209253427515,36.709376045778306,15.0,0.0,36.0,0.0,0.0,0.0,0.0,0.0,0.0,0.0,0.0,0.0,0.0,0.0
2026-06-18 15:15:03,0.0,0.0,0.0,0.0,0.0,0.0,0.0,0.0,37.0596300404553,37.030106082017916,37.097686738183704,15.0,0.0,36.0,0.0,0.0,0.0,0.0,0.0,0.0,0.0,0.0,0.0,0.0,0.0
2026-06-18 15:15:04,0.0,0.0,0.0,0.0,0.0,0.0,0.0,0.0,36.66534442933091,37.28762019261738,36.97159705574221,15.0,0.0,36.0,0.0,0.0,0.0,0.0,0.0,0.0,0.0,0.0,0.0,0.0,0.0
2026-06-18 15:15:04,0.0,0.0,0.0,0.0,0.0,0.0,0.0,0.0,36.62350853120654,37.352493453229854,36.847306817557715,15.0,0.0,36.0,0.0,0.0,0.0,0.0,0.0,0.0,0.0,0.0,0.0,0.0,0.0
2026-06-18 15:15:05,0.0,0.0,0.0,0.0,0.0,0.0,0.0,0.0,36.92438983137011,37.341777725384965,37.234625195683385,15.0,0.0,36.0,0.0,0.0,0.0,0.0,0.0,0.0,0.0,0.0,0.0,0.0,0.0
2026-06-18 15:15:05,0.0,0.0,0.0,0.0,0.0,0.0,0.0,0.0,36.55018475183819,37.270586402081356,36.77383876688251,15.0,0.0,36.0,0.0,0.0,0.0,0.0,0.0,0.0,0.0,0.0,0.0,0.0,0.0
2026-06-18 15:15:06,0.0,0.0,0.0,0.0,0.0,0.0,0.0,0.0,36.597846993852805,37.07916814190034,37.07798609755245,15.0,0.0,36.0,0.0,0.0,0.0,0.0,0.0,0.0,0.0,0.0,0.0,0.0,0.0
2026-06-18 15:15:06,0.0,0.0,0.0,0.0,0.0,0.0,0.0,0.0,37.07555948704417,37.32215409388758,36.70867064091902,15.0,0.0,36.0,0.0,0.0,0.0,0.0,0.0,0.0,0.0,0.0,0.0,0.0,0.0
2026-06-18 15:15:07,0.0,0.0,0.0,0.0,0.0,0.0,0.0,0.0,36.982073885622086,37.057417248341864,37.15151102519134,15.0,0.0,36.0,0.0,0.0,0.0,0.0,0.0,0.0,0.0,0.0,0.0,0.0,0.0
2026-06-18 15:15:07,0.0,0.0,0.0,0.0,0.0,0.0,0.0,0.0,37.08507893398856,36.87053417592599,36.92488298545665,15.0,0.0,36.0,0.0,0.0,0.0,0.0,0.0,0.0,0.0,0.0,0.0,0.0,0.0
2026-06-18 15:15:08,0.0,0.0,0.0,0.0,0.0,0.0,0.0,0.0,36.954863165186936,37.00777251194115,37.10216578053231,15.0,0.0,36.0,0.0,0.0,0.0,0.0,0.0,0.0,0.0,0.0,0.0,0.0,0.0
2026-06-18 15:15:08,0.0,0.0,0.0,0.0,0.0,0.0,0.0,0.0,36.61069578940783,36.92114736062893,36.906679693112245,15.0,0.0,36.0,0.0,0.0,0.0,0.0,0.0,0.0,0.0,0.0,0.0,0.0,0.0
2026-06-18 15:15:09,0.0,0.0,0.0,0.0,0.0,0.0,0.0,0.0,37.02060904051051,37.32238397846912,37.13464662191619,15.0,0.0,36.0,0.0,0.0,0.0,0.0,0.0,0.0,0.0,0.0,0.0,0.0,0.0
2026-06-18 15:15:09,0.0,0.0,0.0,0.0,0.0,0.0,0.0,0.0,36.79825331144658,37.21378983464496,37.003945984283746,15.0,0.0,36.0,0.0,0.0,0.0,0.0,0.0,0.0,0.0,0.0,0.0,0.0,0.0
2026-06-18 15:15:10,0.0,0.0,0.0,0.0,0.0,0.0,0.0,0.0,36.867995997609526,37.14890927074175,37.28722407463631,15.0,0.0,36.0,0.0,0.0,0.0,0.0,0.0,0.0,0.0,0.0,0.0,0.0,0.0
2026-06-18 15:15:10,0.0,0.0,0.0,0.0,0.0,0.0,0.0,0.0,36.60475344308451,37.1014363727309,37.16863266189377,15.0,0.0,36.0,0.0,0.0,0.0,0.0,0.0,0.0,0.0,0.0,0.0,0.0,0.0
2026-06-18 15:15:11,0.0,0.0,0.0,0.0,0.0,0.0,0.0,0.0,37.082419717577736,37.04573586133614,36.81633185495494,15.0,0.0,36.0,0.0,0.0,0.0,0.0,0.0,0.0,0.0,0.0,0.0,0.0,0.0
2026-06-18 15:15:11,0.0,0.0,0.0,0.0,0.0,0.0,0.0,0.0,37.00653780688823,37.34104771165274,37.238345681742025,15.0,0.0,36.0,0.0,0.0,0.0,0.0,0.0,0.0,0.0,0.0,0.0,0.0,0.0
2026-06-18 15:15:12,0.0,0.0,0.0,0.0,0.0,0.0,0.0,0.0,36.91493098952013,37.130437678329585,36.806455698909815,15.0,0.0,36.0,0.0,0.0,0.0,0.0,0.0,0.0,0.0,0.0,0.0,0.0,0.0
2026-06-18 15:15:12,0.0,0.0,0.0,0.0,0.0,0.0,0.0,0.0,36.762329934810694,37.329692922200806,37.0675183604346,15.0,0.0,36.0,0.0,0.0,0.0,0.0,0.0,0.0,0.0,0.0,0.0,0.0,0.0
2026-06-18 15:15:13,0.0,0.0,0.0,0.0,0.0,0.0,0.0,0.0,37.08707477000962,37.364124185427634,37.25158748662995,15.0,0.0,36.0,0.0,0.0,0.0,0.0,0.0,0.0,0.0,0.0,0.0,0.0,0.0
2026-06-18 15:15:13,0.0,0.0,0.0,0.0,0.0,0.0,0.0,0.0,36.669219727327906,37.12810690092966,37.02201459696391,15.0,0.0,36.0,0.0,0.0,0.0,0.0,0.0,0.0,0.0,0.0,0.0,0.0,0.0
2026-06-18 15:15:14,0.0,0.0,0.0,0.0,0.0,0.0,0.0,0.0,36.7373972624177,36.872183924229184,37.29156191640545,15.0,0.0,36.0,0.0,0.0,0.0,0.0,0.0,0.0,0.0,0.0,0.0,0.0,0.0
2026-06-18 15:15:14,0.0,0.0,0.0,0.0,0.0,0.0,0.0,0.0,36.6367269952857,37.06024752932817,37.056157937191834,15.0,0.0,36.0,0.0,0.0,0.0,0.0,0.0,0.0,0.0,0.0,0.0,0.0,0.0
2026-06-18 15:15:15,0.0,0.0,0.0,0.0,0.0,0.0,0.0,0.0,36.52156599240365,36.92630274697399,37.136552562396226,15.0,0.0,36.0,0.0,0.0,0.0,0.0,0.0,0.0,0.0,0.0,0.0,0.0,0.0
2026-06-18 15:15:15,0.0,0.0,0.0,0.0,0.0,0.0,0.0,0.0,36.96276416387746,37.27561903392541,36.88473681249105,15.0,0.0,36.0,0.0,0.0,0.0,0.0,0.0,0.0,0.0,0.0,0.0,0.0,0.0
2026-06-18 15:15:16,0.0,0.0,0.0,0.0,0.0,0.0,0.0,0.0,36.94587106617937,37.012792659472574,37.011705719376785,15.0,0.0,36.0,0.0,0.0,0.0,0.0,0.0,0.0,0.0,0.0,0.0,0.0,0.0
2026-06-18 15:15:16,0.0,0.0,0.0,0.0,0.0,0.0,0.0,0.0,36.688567796412734,37.08863382875518,37.010218405937906,15.0,0.0,36.0,0.0,0.0,0.0,0.0,0.0,0.0,0.0,0.0,0.0,0.0,0.0
2026-06-18 15:15:17,0.0,0.0,0.0,0.0,0.0,0.0,0.0,0.0,36.754249095131385,37.397420860485845,37.276730587531205,15.0,0.0,36.0,0.0,0.0,0.0,0.0,0.0,0.0,0.0,0.0,0.0,0.0,0.0
2026-06-18 15:15:17,0.0,0.0,0.0,0.0,0.0,0.0,0.0,0.0,36.97736731528895,36.93082802763007,36.76864047949639,15.0,0.0,36.0,0.0,0.0,0.0,0.0,0.0,0.0,0.0,0.0,0.0,0.0,0.0
2026-06-18 15:15:18,0.0,0.0,0.0,0.0,0.0,0.0,0.0,0.0,36.76233306957287,36.97260632748839,36.771171425076666,15.0,0.0,36.0,0.0,0.0,0.0,0.0,0.0,0.0,0.0,0.0,0.0,0.0,0.0
2026-06-18 15:15:18,0.0,0.0,0.0,0.0,0.0,0.0,0.0,0.0,36.575642215964656,37.07054797946127,36.89543822906204,15.0,0.0,36.0,0.0,0.0,0.0,0.0,0.0,0.0,0.0,0.0,0.0,0.0,0.0
2026-06-18 15:15:19,0.0,0.0,0.0,0.0,0.0,0.0,0.0,0.0,37.06339403679177,37.33556414704478,37.25570168525472,15.0,0.0,36.0,0.0,0.0,0.0,0.0,0.0,0.0,0.0,0.0,0.0,0.0,0.0
2026-06-18 15:15:19,0.0,0.0,0.0,0.0,0.0,0.0,0.0,0.0,36.5734421294509,37.26186201145699,36.917076590689646,15.0,0.0,36.0,0.0,0.0,0.0,0.0,0.0,0.0,0.0,0.0,0.0,0.0,0.0
2026-06-18 15:15:20,0.0,0.0,0.0,0.0,0.0,0.0,0.0,0.0,36.696255827282215,37.36683332068488,36.85371226829254,15.0,0.0,36.0,0.0,0.0,0.0,0.0,0.0,0.0,0.0,0.0,0.0,0.0,0.0
2026-06-18 15:15:20,0.0,0.0,0.0,0.0,0.0,0.0,0.0,0.0,36.99217370889686,36.9827471004561,37.084177359852696,15.0,0.0,36.0,0.0,0.0,0.0,0.0,0.0,0.0,0.0,0.0,0.0,0.0,0.0
2026-06-18 15:15:21,0.0,0.0,0.0,0.0,0.0,0.0,0.0,0.0,36.57323620642013,37.18518568469712,37.18995118337278,15.0,0.0,36.0,0.0,0.0,0.0,0.0,0.0,0.0,0.0,0.0,0.0,0.0,0.0
2026-06-18 15:15:21,0.0,0.0,0.0,0.0,0.0,0.0,0.0,0.0,36.928762765938494,37.34608403666274,36.93976584206054,15.0,0.0,36.0,0.0,0.0,0.0,0.0,0.0,0.0,0.0,0.0,0.0,0.0,0.0
2026-06-18 15:15:22,0.0,0.0,0.0,0.0,0.0,0.0,0.0,0.0,36.84257202804926,37.14808007853611,36.863592857974915,15.0,0.0,36.0,0.0,0.0,0.0,0.0,0.0,0.0,0.0,0.0,0.0,0.0,0.0
2026-06-18 15:15:22,0.0,0.0,0.0,0.0,0.0,0.0,0.0,0.0,37.09309080920367,37.343615895665366,37.211884782902445,15.0,0.0,36.0,0.0,0.0,0.0,0.0,0.0,0.0,0.0,0.0,0.0,0.0,0.0
2026-06-18 15:15:23,0.0,0.0,0.0,0.0,0.0,0.0,0.0,0.0,36.67864224313262,36.83136962647578,36.754962179651784,15.0,0.0,36.0,0.0,0.0,0.0,0.0,0.0,0.0,0.0,0.0,0.0,0.0,0.0
2026-06-18 15:15:23,0.0,0.0,0.0,0.0,0.0,0.0,0.0,0.0,36.892445553855964,36.97358736261576,36.77435026302828,15.0,0.0,36.0,0.0,0.0,0.0,0.0,0.0,0.0,0.0,0.0,0.0,0.0,0.0
2026-06-18 15:15:24,0.0,0.0,0.0,0.0,0.0,0.0,0.0,0.0,36.63062124742466,36.91016863597484,36.7710563234387,15.0,0.0,36.0,0.0,0.0,0.0,0.0,0.0,0.0,0.0,0.0,0.0,0.0,0.0
2026-06-18 15:15:24,0.0,0.0,0.0,0.0,0.0,0.0,0.0,0.0,37.02625458255646,36.89779241589049,36.79673219414885,15.0,0.0,36.0,0.0,0.0,0.0,0.0,0.0,0.0,0.0,0.0,0.0,0.0,0.0
2026-06-18 15:15:25,0.0,0.0,0.0,0.0,0.0,0.0,0.0,0.0,36.568349634442086,36.86910186264495,37.23957512515558,15.0,0.0,36.0,0.0,0.0,0.0,0.0,0.0,0.0,0.0,0.0,0.0,0.0,0.0
2026-06-18 15:15:25,0.0,0.0,0.0,0.0,0.0,0.0,0.0,0.0,36.62538990668407,36.82110215739407,36.873992463368374,15.0,0.0,36.0,0.0,0.0,0.0,0.0,0.0,0.0,0.0,0.0,0.0,0.0,0.0
2026-06-18 15:15:26,0.0,0.0,0.0,0.0,0.0,0.0,0.0,0.0,36.80902287363585,37.396901737899704,36.70516028789653,15.0,0.0,36.0,0.0,0.0,0.0,0.0,0.0,0.0,0.0,0.0,0.0,0.0,0.0
2026-06-18 15:15:26,0.0,0.0,0.0,0.0,0.0,0.0,0.0,0.0,36.9418101967303,37.25532272057575,37.17084836927046,15.0,0.0,36.0,0.0,0.0,0.0,0.0,0.0,0.0,0.0,0.0,0.0,0.0,0.0
2026-06-18 15:15:27,0.0,0.0,0.0,0.0,0.0,0.0,0.0,0.0,36.75825143780531,37.18017932846407,37.01099596048851,15.0,0.0,36.0,0.0,0.0,0.0,0.0,0.0,0.0,0.0,0.0,0.0,0.0,0.0
2026-06-18 15:15:27,0.0,0.0,0.0,0.0,0.0,0.0,0.0,0.0,36.564805681982335,36.91609348628379,36.9645190391445,15.0,0.0,36.0,0.0,0.0,0.0,0.0,0.0,0.0,0.0,0.0,0.0,0.0,0.0
2026-06-18 15:15:28,0.0,0.0,0.0,0.0,0.0,0.0,0.0,0.0,36.57680878052159,36.83371396927522,37.02894194885794,15.0,0.0,36.0,0.0,0.0,0.0,0.0,0.0,0.0,0.0,0.0,0.0,0.0,0.0
2026-06-18 15:15:28,0.0,0.0,0.0,0.0,0.0,0.0,0.0,0.0,37.0808607614976,36.99830252970382,36.77643195817573,15.0,0.0,36.0,0.0,0.0,0.0,0.0,0.0,0.0,0.0,0.0,0.0,0.0,0.0
2026-06-18 15:15:29,0.0,0.0,0.0,0.0,0.0,0.0,0.0,0.0,36.94788405800279,37.19408672785403,37.08494544814198,15.0,0.0,36.0,0.0,0.0,0.0,0.0,0.0,0.0,0.0,0.0,0.0,0.0,0.0
2026-06-18 15:15:29,0.0,0.0,0.0,0.0,0.0,0.0,0.0,0.0,36.69360214588171,37.110667183470426,37.22488735240085,15.0,0.0,36.0,0.0,0.0,0.0,0.0,0.0,0.0,0.0,0.0,0.0,0.0,0.0
2026-06-18 15:15:30,0.0,0.0,0.0,0.0,0.0,0.0,0.0,0.0,36.63895060699503,36.82598810163915,36.812695801504056,15.0,0.0,36.0,0.0,0.0,0.0,0.0,0.0,0.0,0.0,0.0,0.0,0.0,0.0
2026-06-18 15:15:30,0.0,0.0,0.0,0.0,0.0,0.0,0.0,0.0,37.02020168004861,37.20537729351799,36.99042354394582,15.0,0.0,36.0,0.0,0.0,0.0,0.0,0.0,0.0,0.0,0.0,0.0,0.0,0.0
2026-06-18 15:15:31,0.0,0.0,0.0,0.0,0.0,0.0,0.0,0.0,36.66895108219486,37.05998563190631,37.19389875138436,15.0,0.0,36.0,0.0,0.0,0.0,0.0,0.0,0.0,0.0,0.0,0.0,0.0,0.0
2026-06-18 15:15:31,0.0,0.0,0.0,0.0,0.0,0.0,0.0,0.0,37.07218890669688,37.39750482601977,37.16734776180889,15.0,0.0,36.0,0.0,0.0,0.0,0.0,0.0,0.0,0.0,0.0,0.0,0.0,0.0
2026-06-18 15:15:32,0.0,0.0,0.0,0.0,0.0,0.0,0.0,0.0,36.53707126333485,36.91505116340249,36.832914932914235,15.0,0.0,36.0,0.0,0.0,0.0,0.0,0.0,0.0,0.0,0.0,0.0,0.0,0.0
2026-06-18 15:15:32,0.0,0.0,0.0,0.0,0.0,0.0,0.0,0.0,36.74492145706954,36.92216318517993,36.87710103417397,15.0,0.0,36.0,0.0,0.0,0.0,0.0,0.0,0.0,0.0,0.0,0.0,0.0,0.0
2026-06-18 15:15:33,0.0,0.0,0.0,0.0,0.0,0.0,0.0,0.0,36.98705890311267,37.3059706945477,37.2309647338486,15.0,0.0,36.0,0.0,0.0,0.0,0.0,0.0,0.0,0.0,0.0,0.0,0.0,0.0
2026-06-18 15:15:33,0.0,0.0,0.0,0.0,0.0,0.0,0.0,0.0,36.898804332410556,37.17074668636407,37.084318537153884,15.0,0.0,36.0,0.0,0.0,0.0,0.0,0.0,0.0,0.0,0.0,0.0,0.0,0.0
2026-06-18 15:15:34,0.0,0.0,0.0,0.0,0.0,0.0,0.0,0.0,36.62547417173299,36.93947028045468,36.973371176958246,15.0,0.0,36.0,0.0,0.0,0.0,0.0,0.0,0.0,0.0,0.0,0.0,0.0,0.0
2026-06-18 15:15:34,0.0,0.0,0.0,0.0,0.0,0.0,0.0,0.0,36.799604799917475,37.282474532783944,37.00054620683431,15.0,0.0,36.0,0.0,0.0,0.0,0.0,0.0,0.0,0.0,0.0,0.0,0.0,0.0
2026-06-18 15:15:35,0.0,0.0,0.0,0.0,0.0,0.0,0.0,0.0,36.67147080211288,37.08244677549523,36.94346387067808,15.0,0.0,36.0,0.0,0.0,0.0,0.0,0.0,0.0,0.0,0.0,0.0,0.0,0.0
2026-06-18 15:15:35,0.0,0.0,0.0,0.0,0.0,0.0,0.0,0.0,37.047881858512774,36.90658954072858,37.09074226298083,15.0,0.0,36.0,0.0,0.0,0.0,0.0,0.0,0.0,0.0,0.0,0.0,0.0,0.0
2026-06-18 15:15:36,0.0,0.0,0.0,0.0,0.0,0.0,0.0,0.0,36.70832635650551,37.05842501289078,36.99497483788792,15.0,0.0,36.0,0.0,0.0,0.0,0.0,0.0,0.0,0.0,0.0,0.0,0.0,0.0
2026-06-18 15:15:36,0.0,0.0,0.0,0.0,0.0,0.0,0.0,0.0,36.75574290393998,37.09536003711283,36.96117614194065,15.0,0.0,36.0,0.0,0.0,0.0,0.0,0.0,0.0,0.0,0.0,0.0,0.0,0.0
2026-06-18 15:15:37,0.0,0.0,0.0,0.0,0.0,0.0,0.0,0.0,36.9638111368246,37.13033035458865,36.763827146870526,15.0,0.0,36.0,0.0,0.0,0.0,0.0,0.0,0.0,0.0,0.0,0.0,0.0,0.0
2026-06-18 15:15:37,0.0,0.0,0.0,0.0,0.0,0.0,0.0,0.0,36.76051667226248,37.12038670600804,36.82412189279967,15.0,0.0,36.0,0.0,0.0,0.0,0.0,0.0,0.0,0.0,0.0,0.0,0.0,0.0
2026-06-18 15:15:38,0.0,0.0,0.0,0.0,0.0,0.0,0.0,0.0,36.65326598550712,37.115672618384274,37.17808444947265,15.0,0.0,36.0,0.0,0.0,0.0,0.0,0.0,0.0,0.0,0.0,0.0,0.0,0.0
2026-06-18 15:15:38,0.0,0.0,0.0,0.0,0.0,0.0,0.0,0.0,36.67826286321642,37.122173689172655,36.94792409236655,15.0,0.0,36.0,0.0,0.0,0.0,0.0,0.0,0.0,0.0,0.0,0.0,0.0,0.0
2026-06-18 15:15:39,0.0,0.0,0.0,0.0,0.0,0.0,0.0,0.0,37.018607619308995,37.01391940874827,37.233083023015205,15.0,0.0,36.0,0.0,0.0,0.0,0.0,0.0,0.0,0.0,0.0,0.0,0.0,0.0
2026-06-18 15:15:39,0.0,0.0,0.0,0.0,0.0,0.0,0.0,0.0,36.6535866769653,36.8237343650005,37.001063304246344,15.0,0.0,36.0,0.0,0.0,0.0,0.0,0.0,0.0,0.0,0.0,0.0,0.0,0.0
2026-06-18 15:15:40,0.0,0.0,0.0,0.0,0.0,0.0,0.0,0.0,37.092830047598106,37.33901020313077,37.23005066167839,15.0,0.0,36.0,0.0,0.0,0.0,0.0,0.0,0.0,0.0,0.0,0.0,0.0,0.0
2026-06-18 15:15:40,0.0,0.0,0.0,0.0,0.0,0.0,0.0,0.0,36.63129198384847,36.84998898658574,37.018232510461345,15.0,0.0,36.0,0.0,0.0,0.0,0.0,0.0,0.0,0.0,0.0,0.0,0.0,0.0
2026-06-18 15:15:41,0.0,0.0,0.0,0.0,0.0,0.0,0.0,0.0,36.725069172706704,36.860039175289586,36.74507421767018,15.0,0.0,36.0,0.0,0.0,0.0,0.0,0.0,0.0,0.0,0.0,0.0,0.0,0.0
2026-06-18 15:15:41,0.0,0.0,0.0,0.0,0.0,0.0,0.0,0.0,36.70484975768675,37.197261794520784,36.91259775670846,15.0,0.0,36.0,0.0,0.0,0.0,0.0,0.0,0.0,0.0,0.0,0.0,0.0,0.0
2026-06-18 15:15:42,0.0,0.0,0.0,0.0,0.0,0.0,0.0,0.0,36.852452141066074,36.98052076106804,37.12485343848858,15.0,0.0,36.0,0.0,0.0,0.0,0.0,0.0,0.0,0.0,0.0,0.0,0.0,0.0
2026-06-18 15:15:42,0.0,0.0,0.0,0.0,0.0,0.0,0.0,0.0,36.561641446126956,37.335482073747315,37.29610428988918,15.0,0.0,36.0,0.0,0.0,0.0,0.0,0.0,0.0,0.0,0.0,0.0,0.0,0.0
2026-06-18 15:15:43,0.0,0.0,0.0,0.0,0.0,0.0,0.0,0.0,36.8456409769344,36.965084137519725,37.194059535453555,15.0,0.0,36.0,0.0,0.0,0.0,0.0,0.0,0.0,0.0,0.0,0.0,0.0,0.0
2026-06-18 15:15:43,0.0,0.0,0.0,0.0,0.0,0.0,0.0,0.0,37.08278578004813,37.267924247326775,36.92267040813004,15.0,0.0,36.0,0.0,0.0,0.0,0.0,0.0,0.0,0.0,0.0,0.0,0.0,0.0
2026-06-18 15:15:44,0.0,0.0,0.0,0.0,0.0,0.0,0.0,0.0,36.739959005085765,37.10021543651337,37.02101210907762,15.0,0.0,36.0,0.0,0.0,0.0,0.0,0.0,0.0,0.0,0.0,0.0,0.0,0.0
2026-06-18 15:15:44,0.0,0.0,0.0,0.0,0.0,0.0,0.0,0.0,36.504542496375045,36.91534280184581,36.91163686913923,15.0,0.0,36.0,0.0,0.0,0.0,0.0,0.0,0.0,0.0,0.0,0.0,0.0,0.0
2026-06-18 15:15:45,0.0,0.0,0.0,0.0,0.0,0.0,0.0,0.0,37.05303217869781,36.87031413340816,36.96893022191857,15.0,0.0,36.0,0.0,0.0,0.0,0.0,0.0,0.0,0.0,0.0,0.0,0.0,0.0
2026-06-18 15:15:45,0.0,0.0,0.0,0.0,0.0,0.0,0.0,0.0,37.041225711507614,37.378253676569344,36.71296445514086,15.0,0.0,36.0,0.0,0.0,0.0,0.0,0.0,0.0,0.0,0.0,0.0,0.0,0.0
2026-06-18 15:15:46,0.0,0.0,0.0,0.0,0.0,0.0,0.0,0.0,36.83854893227133,37.3385570680675,36.88351249595198,15.0,0.0,36.0,0.0,0.0,0.0,0.0,0.0,0.0,0.0,0.0,0.0,0.0,0.0
2026-06-18 15:15:46,0.0,0.0,0.0,0.0,0.0,0.0,0.0,0.0,36.791158112885796,36.96753725920906,36.807514761680245,15.0,0.0,36.0,0.0,0.0,0.0,0.0,0.0,0.0,0.0,0.0,0.0,0.0,0.0
2026-06-18 15:15:47,0.0,0.0,0.0,0.0,0.0,0.0,0.0,0.0,37.00011170040222,36.82776831048896,37.21723628851493,15.0,0.0,36.0,0.0,0.0,0.0,0.0,0.0,0.0,0.0,0.0,0.0,0.0,0.0
2026-06-18 15:15:47,0.0,0.0,0.0,0.0,0.0,0.0,0.0,0.0,36.565755076630886,36.80504963398449,37.131250911349994,15.0,0.0,36.0,0.0,0.0,0.0,0.0,0.0,0.0,0.0,0.0,0.0,0.0,0.0
2026-06-18 15:15:48,0.0,0.0,0.0,0.0,0.0,0.0,0.0,0.0,36.83943361176254,37.37919310808972,37.06791181067158,15.0,0.0,36.0,0.0,0.0,0.0,0.0,0.0,0.0,0.0,0.0,0.0,0.0,0.0
2026-06-18 15:15:48,0.0,0.0,0.0,0.0,0.0,0.0,0.0,0.0,36.97253516612188,36.95714333274444,36.92688509924798,15.0,0.0,36.0,0.0,0.0,0.0,0.0,0.0,0.0,0.0,0.0,0.0,0.0,0.0
2026-06-18 15:15:49,0.0,0.0,0.0,0.0,0.0,0.0,0.0,0.0,36.879512824309494,36.801003717300574,37.21481674537098,15.0,0.0,36.0,0.0,0.0,0.0,0.0,0.0,0.0,0.0,0.0,0.0,0.0,0.0
2026-06-18 15:15:49,0.0,0.0,0.0,0.0,0.0,0.0,0.0,0.0,36.80321080614133,37.29168741716357,36.840919971861204,15.0,0.0,36.0,0.0,0.0,0.0,0.0,0.0,0.0,0.0,0.0,0.0,0.0,0.0
2026-06-18 15:15:50,0.0,0.0,0.0,0.0,0.0,0.0,0.0,0.0,36.9521843624038,36.89210750817905,37.27778104048457,15.0,0.0,36.0,0.0,0.0,0.0,0.0,0.0,0.0,0.0,0.0,0.0,0.0,0.0
2026-06-18 15:15:50,0.0,0.0,0.0,0.0,0.0,0.0,0.0,0.0,36.879653247278185,36.922570607497505,36.78619559140053,15.0,0.0,36.0,0.0,0.0,0.0,0.0,0.0,0.0,0.0,0.0,0.0,0.0,0.0
2026-06-18 15:15:51,0.0,0.0,0.0,0.0,0.0,0.0,0.0,0.0,36.63143931963291,37.359723790647294,37.20396175356386,15.0,0.0,36.0,0.0,0.0,0.0,0.0,0.0,0.0,0.0,0.0,0.0,0.0,0.0
2026-06-18 15:15:51,0.0,0.0,0.0,0.0,0.0,0.0,0.0,0.0,36.940816755158764,37.048321234270716,36.71479681062537,15.0,0.0,36.0,0.0,0.0,0.0,0.0,0.0,0.0,0.0,0.0,0.0,0.0,0.0
2026-06-18 15:15:52,0.0,0.0,0.0,0.0,0.0,0.0,0.0,0.0,36.87990625041226,36.92723848339784,36.89559359562321,15.0,0.0,36.0,0.0,0.0,0.0,0.0,0.0,0.0,0.0,0.0,0.0,0.0,0.0
2026-06-18 15:15:52,0.0,0.0,0.0,0.0,0.0,0.0,0.0,0.0,37.01093824482558,37.15126339172099,36.809604764560376,15.0,0.0,36.0,0.0,0.0,0.0,0.0,0.0,0.0,0.0,0.0,0.0,0.0,0.0
2026-06-18 15:15:53,0.0,0.0,0.0,0.0,0.0,0.0,0.0,0.0,36.64451589036439,36.87770122689117,36.97661842611397,15.0,0.0,36.0,0.0,0.0,0.0,0.0,0.0,0.0,0.0,0.0,0.0,0.0,0.0
2026-06-18 15:15:53,0.0,0.0,0.0,0.0,0.0,0.0,0.0,0.0,36.97233954249347,36.94017825517941,36.959614463968684,15.0,0.0,36.0,0.0,0.0,0.0,0.0,0.0,0.0,0.0,0.0,0.0,0.0,0.0
2026-06-18 15:15:54,0.0,0.0,0.0,0.0,0.0,0.0,0.0,0.0,36.658340296244305,37.00317264662689,37.215773922604,15.0,0.0,36.0,0.0,0.0,0.0,0.0,0.0,0.0,0.0,0.0,0.0,0.0,0.0
2026-06-18 15:15:54,0.0,0.0,0.0,0.0,0.0,0.0,0.0,0.0,36.59811133854381,36.95745427696787,37.01220703846944,15.0,0.0,36.0,0.0,0.0,0.0,0.0,0.0,0.0,0.0,0.0,0.0,0.0,0.0
2026-06-18 15:15:55,0.0,0.0,0.0,0.0,0.0,0.0,0.0,0.0,36.617145445934256,37.36286369630615,36.82417774542964,15.0,0.0,36.0,0.0,0.0,0.0,0.0,0.0,0.0,0.0,0.0,0.0,0.0,0.0
2026-06-18 15:15:55,0.0,0.0,0.0,0.0,0.0,0.0,0.0,0.0,37.074645012922346,36.800407844427994,37.06892328504209,15.0,0.0,36.0,0.0,0.0,0.0,0.0,0.0,0.0,0.0,0.0,0.0,0.0,0.0
2026-06-18 15:15:56,0.0,0.0,0.0,0.0,0.0,0.0,0.0,0.0,37.01632583271565,37.234258884390606,37.0543940641067,15.0,0.0,36.0,0.0,0.0,0.0,0.0,0.0,0.0,0.0,0.0,0.0,0.0,0.0
2026-06-18 15:15:56,0.0,0.0,0.0,0.0,0.0,0.0,0.0,0.0,36.78294207893535,37.39603064235916,37.207065883873504,15.0,0.0,36.0,0.0,0.0,0.0,0.0,0.0,0.0,0.0,0.0,0.0,0.0,0.0
2026-06-18 15:15:57,0.0,0.0,0.0,0.0,0.0,0.0,0.0,0.0,36.93075456139825,37.17764117216249,37.097745326409026,15.0,0.0,36.0,0.0,0.0,0.0,0.0,0.0,0.0,0.0,0.0,0.0,0.0,0.0
2026-06-18 15:15:57,0.0,0.0,0.0,0.0,0.0,0.0,0.0,0.0,36.89094139325322,36.924434964177664,36.824488060554266,15.0,0.0,36.0,0.0,0.0,0.0,0.0,0.0,0.0,0.0,0.0,0.0,0.0,0.0
2026-06-18 15:15:58,0.0,0.0,0.0,0.0,0.0,0.0,0.0,0.0,36.52511132222546,36.86929174990002,36.705579442050805,15.0,0.0,36.0,0.0,0.0,0.0,0.0,0.0,0.0,0.0,0.0,0.0,0.0,0.0
2026-06-18 15:15:58,0.0,0.0,0.0,0.0,0.0,0.0,0.0,0.0,36.714471091233975,36.86063349913083,36.99166334128611,15.0,0.0,36.0,0.0,0.0,0.0,0.0,0.0,0.0,0.0,0.0,0.0,0.0,0.0
2026-06-18 15:15:59,0.0,0.0,0.0,0.0,0.0,0.0,0.0,0.0,36.734513655712725,37.060807384344464,37.08630630403118,15.0,0.0,36.0,0.0,0.0,0.0,0.0,0.0,0.0,0.0,0.0,0.0,0.0,0.0
2026-06-18 15:15:59,0.0,0.0,0.0,0.0,0.0,0.0,0.0,0.0,37.031341006704004,37.3439858066288,37.07742776273079,15.0,0.0,36.0,0.0,0.0,0.0,0.0,0.0,0.0,0.0,0.0,0.0,0.0,0.0
2026-06-18 15:16:00,0.0,0.0,0.0,0.0,0.0,0.0,0.0,0.0,36.810721798438124,37.14600271363836,36.906061547644626,15.0,0.0,36.0,0.0,0.0,0.0,0.0,0.0,0.0,0.0,0.0,0.0,0.0,0.0
2026-06-18 15:16:00,0.0,0.0,0.0,0.0,0.0,0.0,0.0,0.0,36.85961033325829,36.94279322774716,36.85641936933925,15.0,0.0,36.0,0.0,0.0,0.0,0.0,0.0,0.0,0.0,0.0,0.0,0.0,0.0
2026-06-18 15:16:01,0.0,0.0,0.0,0.0,0.0,0.0,0.0,0.0,37.039794330082216,36.89457760336576,36.92658279464878,15.0,0.0,36.0,0.0,0.0,0.0,0.0,0.0,0.0,0.0,0.0,0.0,0.0,0.0
2026-06-18 15:16:01,0.0,0.0,0.0,0.0,0.0,0.0,0.0,0.0,36.91512074821823,37.314112909829944,36.903220136343435,15.0,0.0,36.0,0.0,0.0,0.0,0.0,0.0,0.0,0.0,0.0,0.0,0.0,0.0
2026-06-18 15:16:02,0.0,0.0,0.0,0.0,0.0,0.0,0.0,0.0,36.61499953307864,37.00441098278715,36.91410101405004,15.0,0.0,36.0,0.0,0.0,0.0,0.0,0.0,0.0,0.0,0.0,0.0,0.0,0.0
2026-06-18 15:16:02,0.0,0.0,0.0,0.0,0.0,0.0,0.0,0.0,36.6467296047656,37.32168749168891,36.98819960895777,15.0,0.0,36.0,0.0,0.0,0.0,0.0,0.0,0.0,0.0,0.0,0.0,0.0,0.0
2026-06-18 15:16:03,0.0,0.0,0.0,0.0,0.0,0.0,0.0,0.0,36.914523785359165,37.19364023123908,37.23516440359521,15.0,0.0,36.0,0.0,0.0,0.0,0.0,0.0,0.0,0.0,0.0,0.0,0.0,0.0
2026-06-18 15:16:03,0.0,0.0,0.0,0.0,0.0,0.0,0.0,0.0,36.680494803021276,37.371360878363035,37.001668896954506,15.0,0.0,36.0,0.0,0.0,0.0,0.0,0.0,0.0,0.0,0.0,0.0,0.0,0.0
2026-06-18 15:16:04,0.0,0.0,0.0,0.0,0.0,0.0,0.0,0.0,36.724840661475696,37.12433547845176,37.08649757550775,15.0,0.0,36.0,0.0,0.0,0.0,0.0,0.0,0.0,0.0,0.0,0.0,0.0,0.0
2026-06-18 15:16:04,0.0,0.0,0.0,0.0,0.0,0.0,0.0,0.0,36.738558021987814,37.25872240905138,37.23274071297064,15.0,0.0,36.0,0.0,0.0,0.0,0.0,0.0,0.0,0.0,0.0,0.0,0.0,0.0
2026-06-18 15:16:05,0.0,0.0,0.0,0.0,0.0,0.0,0.0,0.0,36.64832326191997,37.32298840057753,37.005460214023266,15.0,0.0,36.0,0.0,0.0,0.0,0.0,0.0,0.0,0.0,0.0,0.0,0.0,0.0
2026-06-18 15:16:05,0.0,0.0,0.0,0.0,0.0,0.0,0.0,0.0,36.87901440922812,37.11652611632446,37.29673611913465,15.0,0.0,36.0,0.0,0.0,0.0,0.0,0.0,0.0,0.0,0.0,0.0,0.0,0.0
2026-06-18 15:16:06,0.0,0.0,0.0,0.0,0.0,0.0,0.0,0.0,37.008731543503096,37.28276863310335,36.79213739078595,15.0,0.0,36.0,0.0,0.0,0.0,0.0,0.0,0.0,0.0,0.0,0.0,0.0,0.0
2026-06-18 15:16:06,0.0,0.0,0.0,0.0,0.0,0.0,0.0,0.0,36.914110604707936,36.94702491388769,37.11863496907108,15.0,0.0,36.0,0.0,0.0,0.0,0.0,0.0,0.0,0.0,0.0,0.0,0.0,0.0
2026-06-18 15:16:07,0.0,0.0,0.0,0.0,0.0,0.0,0.0,0.0,36.656945452971186,37.01213209854771,36.925276077301234,15.0,0.0,36.0,0.0,0.0,0.0,0.0,0.0,0.0,0.0,0.0,0.0,0.0,0.0
2026-06-18 15:16:07,0.0,0.0,0.0,0.0,0.0,0.0,0.0,0.0,37.01504762127954,36.83010789952698,36.95636414469613,15.0,0.0,36.0,0.0,0.0,0.0,0.0,0.0,0.0,0.0,0.0,0.0,0.0,0.0
2026-06-18 15:16:08,0.0,0.0,0.0,0.0,0.0,0.0,0.0,0.0,36.71423133087599,36.965059003428486,36.74348805456158,15.0,0.0,36.0,0.0,0.0,0.0,0.0,0.0,0.0,0.0,0.0,0.0,0.0,0.0
2026-06-18 15:16:08,0.0,0.0,0.0,0.0,0.0,0.0,0.0,0.0,36.66689859801592,37.045691846077105,36.74841869113056,15.0,0.0,36.0,0.0,0.0,0.0,0.0,0.0,0.0,0.0,0.0,0.0,0.0,0.0
2026-06-18 15:16:09,0.0,0.0,0.0,0.0,0.0,0.0,0.0,0.0,36.623765093289094,36.86083877312738,37.10834576973989,15.0,0.0,36.0,0.0,0.0,0.0,0.0,0.0,0.0,0.0,0.0,0.0,0.0,0.0
2026-06-18 15:16:09,0.0,0.0,0.0,0.0,0.0,0.0,0.0,0.0,36.7713820414876,37.229602037375756,36.909294943825884,15.0,0.0,36.0,0.0,0.0,0.0,0.0,0.0,0.0,0.0,0.0,0.0,0.0,0.0
2026-06-18 15:16:10,0.0,0.0,0.0,0.0,0.0,0.0,0.0,0.0,37.03179565414566,37.31965763781823,37.02233509552005,15.0,0.0,36.0,0.0,0.0,0.0,0.0,0.0,0.0,0.0,0.0,0.0,0.0,0.0
2026-06-18 15:16:10,0.0,0.0,0.0,0.0,0.0,0.0,0.0,0.0,36.87064177309892,37.26737768104453,37.12396243802483,15.0,0.0,36.0,0.0,0.0,0.0,0.0,0.0,0.0,0.0,0.0,0.0,0.0,0.0
2026-06-18 15:16:11,0.0,0.0,0.0,0.0,0.0,0.0,0.0,0.0,36.90723661237527,36.93646872827904,36.76825519327285,15.0,0.0,36.0,0.0,0.0,0.0,0.0,0.0,0.0,0.0,0.0,0.0,0.0,0.0
2026-06-18 15:16:11,0.0,0.0,0.0,0.0,0.0,0.0,0.0,0.0,36.549337829367516,36.877483294906924,36.97581994511427,15.0,0.0,36.0,0.0,0.0,0.0,0.0,0.0,0.0,0.0,0.0,0.0,0.0,0.0
2026-06-18 15:16:12,0.0,0.0,0.0,0.0,0.0,0.0,0.0,0.0,36.84205367226014,36.81522026814381,37.048251226930525,15.0,0.0,36.0,0.0,0.0,0.0,0.0,0.0,0.0,0.0,0.0,0.0,0.0,0.0
2026-06-18 15:16:12,0.0,0.0,0.0,0.0,0.0,0.0,0.0,0.0,36.690437078154744,37.324636553068395,36.79996811500033,15.0,0.0,36.0,0.0,0.0,0.0,0.0,0.0,0.0,0.0,0.0,0.0,0.0,0.0
2026-06-18 15:16:13,0.0,0.0,0.0,0.0,0.0,0.0,0.0,0.0,36.830477912910574,37.18041673144282,36.903546655368245,15.0,0.0,36.0,0.0,0.0,0.0,0.0,0.0,0.0,0.0,0.0,0.0,0.0,0.0
2026-06-18 15:16:13,0.0,0.0,0.0,0.0,0.0,0.0,0.0,0.0,36.70979133123921,37.05203741676916,37.1606053285179,15.0,0.0,36.0,0.0,0.0,0.0,0.0,0.0,0.0,0.0,0.0,0.0,0.0,0.0
2026-06-18 15:16:14,0.0,0.0,0.0,0.0,0.0,0.0,0.0,0.0,36.97071350313033,37.03383778604633,36.72731608593746,15.0,0.0,36.0,0.0,0.0,0.0,0.0,0.0,0.0,0.0,0.0,0.0,0.0,0.0
2026-06-18 15:16:14,0.0,0.0,0.0,0.0,0.0,0.0,0.0,0.0,36.88780315647873,37.19420528412817,37.06706972517162,15.0,0.0,36.0,0.0,0.0,0.0,0.0,0.0,0.0,0.0,0.0,0.0,0.0,0.0
2026-06-18 15:16:15,0.0,0.0,0.0,0.0,0.0,0.0,0.0,0.0,36.77422196358261,36.865555825813054,37.11350244844304,15.0,0.0,36.0,0.0,0.0,0.0,0.0,0.0,0.0,0.0,0.0,0.0,0.0,0.0
2026-06-18 15:16:15,0.0,0.0,0.0,0.0,0.0,0.0,0.0,0.0,36.960950022807694,37.26545725390424,37.22952159290511,15.0,0.0,36.0,0.0,0.0,0.0,0.0,0.0,0.0,0.0,0.0,0.0,0.0,0.0
2026-06-18 15:16:16,0.0,0.0,0.0,0.0,0.0,0.0,0.0,0.0,37.011390390636386,37.1919308581512,37.09841198659379,15.0,0.0,36.0,0.0,0.0,0.0,0.0,0.0,0.0,0.0,0.0,0.0,0.0,0.0
2026-06-18 15:16:16,0.0,0.0,0.0,0.0,0.0,0.0,0.0,0.0,37.02757071688023,37.07098587868058,36.72388419193577,15.0,0.0,36.0,0.0,0.0,0.0,0.0,0.0,0.0,0.0,0.0,0.0,0.0,0.0
2026-06-18 15:16:17,0.0,0.0,0.0,0.0,0.0,0.0,0.0,0.0,36.56011700224033,37.195385959030105,36.731189412061816,15.0,0.0,36.0,0.0,0.0,0.0,0.0,0.0,0.0,0.0,0.0,0.0,0.0,0.0
2026-06-18 15:16:17,0.0,0.0,0.0,0.0,0.0,0.0,0.0,0.0,36.580006903574,36.81040923999536,37.1409884988786,15.0,0.0,36.0,0.0,0.0,0.0,0.0,0.0,0.0,0.0,0.0,0.0,0.0,0.0
2026-06-18 15:16:18,0.0,0.0,0.0,0.0,0.0,0.0,0.0,0.0,36.554484603590176,36.89838711284358,36.73012124818421,15.0,0.0,36.0,0.0,0.0,0.0,0.0,0.0,0.0,0.0,0.0,0.0,0.0,0.0
2026-06-18 15:16:18,0.0,0.0,0.0,0.0,0.0,0.0,0.0,0.0,36.7097840454913,36.81906532387752,37.24405372570467,15.0,0.0,36.0,0.0,0.0,0.0,0.0,0.0,0.0,0.0,0.0,0.0,0.0,0.0
2026-06-18 15:16:19,0.0,0.0,0.0,0.0,0.0,0.0,0.0,0.0,36.56931392644836,36.83816466811285,37.1010867112885,15.0,0.0,36.0,0.0,0.0,0.0,0.0,0.0,0.0,0.0,0.0,0.0,0.0,0.0
2026-06-18 15:16:19,0.0,0.0,0.0,0.0,0.0,0.0,0.0,0.0,36.59358961573031,37.19522469501333,37.004335527816835,15.0,0.0,36.0,0.0,0.0,0.0,0.0,0.0,0.0,0.0,0.0,0.0,0.0,0.0
2026-06-18 15:16:20,0.0,0.0,0.0,0.0,0.0,0.0,0.0,0.0,37.09287653332382,37.19171123742592,37.20654577516789,15.0,0.0,36.0,0.0,0.0,0.0,0.0,0.0,0.0,0.0,0.0,0.0,0.0,0.0
2026-06-18 15:16:20,0.0,0.0,0.0,0.0,0.0,0.0,0.0,0.0,36.734045062791594,36.837574014683085,36.92313734639867,15.0,0.0,36.0,0.0,0.0,0.0,0.0,0.0,0.0,0.0,0.0,0.0,0.0,0.0
2026-06-18 15:16:21,0.0,0.0,0.0,0.0,0.0,0.0,0.0,0.0,37.009343162708085,36.90005672046921,36.839792197745865,15.0,0.0,36.0,0.0,0.0,0.0,0.0,0.0,0.0,0.0,0.0,0.0,0.0,0.0
2026-06-18 15:16:21,0.0,0.0,0.0,0.0,0.0,0.0,0.0,0.0,36.983746370664996,37.11414872216408,37.1113782443028,15.0,0.0,36.0,0.0,0.0,0.0,0.0,0.0,0.0,0.0,0.0,0.0,0.0,0.0
2026-06-18 15:16:22,0.0,0.0,0.0,0.0,0.0,0.0,0.0,0.0,36.96251893330429,37.04069699184336,37.05222038390548,15.0,0.0,36.0,0.0,0.0,0.0,0.0,0.0,0.0,0.0,0.0,0.0,0.0,0.0
2026-06-18 15:16:22,0.0,0.0,0.0,0.0,0.0,0.0,0.0,0.0,36.79724874713833,37.22333602692544,36.9941715092557,15.0,0.0,36.0,0.0,0.0,0.0,0.0,0.0,0.0,0.0,0.0,0.0,0.0,0.0
2026-06-18 15:16:23,0.0,0.0,0.0,0.0,0.0,0.0,0.0,0.0,36.528132547200826,37.18275531048533,36.82063098586805,15.0,0.0,36.0,0.0,0.0,0.0,0.0,0.0,0.0,0.0,0.0,0.0,0.0,0.0
2026-06-18 15:16:23,0.0,0.0,0.0,0.0,0.0,0.0,0.0,0.0,36.56977492204003,36.905613536261725,37.09446179366538,15.0,0.0,36.0,0.0,0.0,0.0,0.0,0.0,0.0,0.0,0.0,0.0,0.0,0.0
2026-06-18 15:16:24,0.0,0.0,0.0,0.0,0.0,0.0,0.0,0.0,36.69243763811577,36.899831221982545,36.9817929104812,15.0,0.0,36.0,0.0,0.0,0.0,0.0,0.0,0.0,0.0,0.0,0.0,0.0,0.0
2026-06-18 15:16:24,0.0,0.0,0.0,0.0,0.0,0.0,0.0,0.0,36.864976301347056,37.33815185682976,37.09292330896399,15.0,0.0,36.0,0.0,0.0,0.0,0.0,0.0,0.0,0.0,0.0,0.0,0.0,0.0
2026-06-18 15:16:25,0.0,0.0,0.0,0.0,0.0,0.0,0.0,0.0,36.95335537364118,37.190930215941485,37.141821488756165,15.0,0.0,36.0,0.0,0.0,0.0,0.0,0.0,0.0,0.0,0.0,0.0,0.0,0.0
2026-06-18 15:16:25,0.0,0.0,0.0,0.0,0.0,0.0,0.0,0.0,36.73718783031207,36.8629668510816,36.93336699859059,15.0,0.0,36.0,0.0,0.0,0.0,0.0,0.0,0.0,0.0,0.0,0.0,0.0,0.0
2026-06-18 15:16:26,0.0,0.0,0.0,0.0,0.0,0.0,0.0,0.0,36.93354558152687,37.28182145170903,37.2086264135464,15.0,0.0,36.0,0.0,0.0,0.0,0.0,0.0,0.0,0.0,0.0,0.0,0.0,0.0
2026-06-18 15:16:26,0.0,0.0,0.0,0.0,0.0,0.0,0.0,0.0,36.59322458408616,37.35273363747265,37.26460656730345,15.0,0.0,36.0,0.0,0.0,0.0,0.0,0.0,0.0,0.0,0.0,0.0,0.0,0.0
2026-06-18 15:16:27,0.0,0.0,0.0,0.0,0.0,0.0,0.0,0.0,36.76184320157341,37.05277180878876,37.27500329807323,15.0,0.0,36.0,0.0,0.0,0.0,0.0,0.0,0.0,0.0,0.0,0.0,0.0,0.0
2026-06-18 15:16:27,0.0,0.0,0.0,0.0,0.0,0.0,0.0,0.0,36.93367422734049,37.03923608010654,36.960586437349946,15.0,0.0,36.0,0.0,0.0,0.0,0.0,0.0,0.0,0.0,0.0,0.0,0.0,0.0
2026-06-18 15:16:28,0.0,0.0,0.0,0.0,0.0,0.0,0.0,0.0,36.54763703193012,36.97817500958441,37.224215526719256,15.0,0.0,36.0,0.0,0.0,0.0,0.0,0.0,0.0,0.0,0.0,0.0,0.0,0.0
2026-06-18 15:16:28,0.0,0.0,0.0,0.0,0.0,0.0,0.0,0.0,36.98941320279917,37.11559989286122,36.83988061683337,15.0,0.0,36.0,0.0,0.0,0.0,0.0,0.0,0.0,0.0,0.0,0.0,0.0,0.0
2026-06-18 15:16:29,0.0,0.0,0.0,0.0,0.0,0.0,0.0,0.0,36.74351120966437,36.862415740156834,36.86383630671146,15.0,0.0,36.0,0.0,0.0,0.0,0.0,0.0,0.0,0.0,0.0,0.0,0.0,0.0
2026-06-18 15:16:29,0.0,0.0,0.0,0.0,0.0,0.0,0.0,0.0,36.65470629001689,37.231991923662044,36.71233874061189,15.0,0.0,36.0,0.0,0.0,0.0,0.0,0.0,0.0,0.0,0.0,0.0,0.0,0.0
2026-06-18 15:16:30,0.0,0.0,0.0,0.0,0.0,0.0,0.0,0.0,36.60538150232243,37.17255482055769,37.12565761010828,15.0,0.0,36.0,0.0,0.0,0.0,0.0,0.0,0.0,0.0,0.0,0.0,0.0,0.0
2026-06-18 15:16:30,0.0,0.0,0.0,0.0,0.0,0.0,0.0,0.0,36.70350914437699,37.01600187556171,36.788310029656536,15.0,0.0,36.0,0.0,0.0,0.0,0.0,0.0,0.0,0.0,0.0,0.0,0.0,0.0
2026-06-18 15:16:31,0.0,0.0,0.0,0.0,0.0,0.0,0.0,0.0,36.7130701049253,37.38063000664436,36.926176318041264,15.0,0.0,36.0,0.0,0.0,0.0,0.0,0.0,0.0,0.0,0.0,0.0,0.0,0.0
2026-06-18 15:16:31,0.0,0.0,0.0,0.0,0.0,0.0,0.0,0.0,36.78893399236978,37.06414026455254,36.79790818171373,15.0,0.0,36.0,0.0,0.0,0.0,0.0,0.0,0.0,0.0,0.0,0.0,0.0,0.0
2026-06-18 15:16:32,0.0,0.0,0.0,0.0,0.0,0.0,0.0,0.0,36.800305161591325,37.19295052735801,36.806081053868006,15.0,0.0,36.0,0.0,0.0,0.0,0.0,0.0,0.0,0.0,0.0,0.0,0.0,0.0
2026-06-18 15:16:32,0.0,0.0,0.0,0.0,0.0,0.0,0.0,0.0,36.7998775726228,37.028162876445464,36.729968276502426,15.0,0.0,36.0,0.0,0.0,0.0,0.0,0.0,0.0,0.0,0.0,0.0,0.0,0.0
2026-06-18 15:16:33,0.0,0.0,0.0,0.0,0.0,0.0,0.0,0.0,36.96029082722175,36.81811751124189,36.8162405860876,15.0,0.0,36.0,0.0,0.0,0.0,0.0,0.0,0.0,0.0,0.0,0.0,0.0,0.0
2026-06-18 15:16:33,0.0,0.0,0.0,0.0,0.0,0.0,0.0,0.0,36.68818568961716,37.22960150238726,36.79013502993296,15.0,0.0,36.0,0.0,0.0,0.0,0.0,0.0,0.0,0.0,0.0,0.0,0.0,0.0
2026-06-18 15:16:34,0.0,0.0,0.0,0.0,0.0,0.0,0.0,0.0,36.53861127014944,37.278639465136095,37.024434188955375,15.0,0.0,36.0,0.0,0.0,0.0,0.0,0.0,0.0,0.0,0.0,0.0,0.0,0.0
2026-06-18 15:16:34,0.0,0.0,0.0,0.0,0.0,0.0,0.0,0.0,36.57673973903753,36.95425759565912,37.274658020172915,15.0,0.0,36.0,0.0,0.0,0.0,0.0,0.0,0.0,0.0,0.0,0.0,0.0,0.0
2026-06-18 15:16:35,0.0,0.0,0.0,0.0,0.0,0.0,0.0,0.0,36.809603688898356,36.89939922338778,36.99722641950841,15.0,0.0,36.0,0.0,0.0,0.0,0.0,0.0,0.0,0.0,0.0,0.0,0.0,0.0
2026-06-18 15:16:35,0.0,0.0,0.0,0.0,0.0,0.0,0.0,0.0,36.77523889761303,36.98165902055059,37.09383802984591,15.0,0.0,36.0,0.0,0.0,0.0,0.0,0.0,0.0,0.0,0.0,0.0,0.0,0.0
2026-06-18 15:16:36,0.0,0.0,0.0,0.0,0.0,0.0,0.0,0.0,36.68605121588265,37.24237289038682,37.17400667837417,15.0,0.0,36.0,0.0,0.0,0.0,0.0,0.0,0.0,0.0,0.0,0.0,0.0,0.0
2026-06-18 15:16:36,0.0,0.0,0.0,0.0,0.0,0.0,0.0,0.0,36.99954561734486,36.87689872541792,36.91524843775277,15.0,0.0,36.0,0.0,0.0,0.0,0.0,0.0,0.0,0.0,0.0,0.0,0.0,0.0
2026-06-18 15:16:37,0.0,0.0,0.0,0.0,0.0,0.0,0.0,0.0,36.564201099876186,37.24447297115344,36.9978070398748,15.0,0.0,36.0,0.0,0.0,0.0,0.0,0.0,0.0,0.0,0.0,0.0,0.0,0.0
