Timestamp,PT-3,PT-4,PT-5,PT-6,PT-7,PT-8,PT-9,PT-10,Temperatura EF,Temperatura SF,Temperatura Tanque,Setpoint Conductividad,Salida Conductividad,Setpoint Temperatura,Presión Transmembrana,Nivel,Valvula 27,C. Deareación,Protector Calefactor,Aire en Sangre,Sangre en dializante,Purga de aire,Cond. Sensor patrón,Temp. Sensor patrón,Cond. Sensor raw
2026-06-05 15:36:26,2.6423051889908953,8.576069967963976,4.733980806091237,-1.0777824795995223,10.297051237571221,16.766889331321032,3.65599109167826,-13.119629892525841,36.41803607922954,39.972163534511196,38.119560857648175,14.0,2.3934012129205575,35.0,-100,1.0,0.0,1.0,1.0,1.0,1.0,1.0,0.0,0.0,0.0
2026-06-05 15:36:27,5.405293390683572,7.954464712346077,4.504060390223123,-1.4296842195811816,9.550727181521234,17.777280591196543,0.16327170878941777,-16.8222781857465,36.69313123575448,40.225450125449626,37.790549229010026,14.0,2.3934012129205575,35.0,-100,1.0,0.0,1.0,1.0,1.0,1.0,1.0,0.0,0.0,0.0
2026-06-05 15:36:28,2.9534898207085583,6.248466061135003,6.821110205828337,2.2749974806685884,10.530666416419056,16.827957024988095,-1.333303473798054,-13.725719637021125,36.811381761495646,39.94757008317459,37.94330279322092,14.0,2.3934012129205575,35.0,-100,1.0,0.0,1.0,1.0,1.0,1.0,1.0,0.0,0.0,0.0
2026-06-05 15:36:29,3.827486692911423,8.606701611532545,5.210788376215252,-1.3707678372469099,9.814425227527423,21.208162481614828,-0.818055027753914,-12.840302426429965,36.85543217675144,40.25991444222587,38.037739619371976,14.0,2.3934012129205575,35.0,-100,1.0,0.0,1.0,1.0,1.0,1.0,1.0,0.0,0.0,0.0
2026-06-05 15:36:31,1.8607077554147406,8.596306373443642,9.790761296567709,1.3168916352499807,7.960524898290097,19.585697120866072,3.371364429150538,-12.54491494619259,36.404675166892865,40.396916188300295,37.89488541296099,14.0,2.3934012129205575,35.0,-100,1.0,0.0,1.0,1.0,1.0,1.0,1.0,0.0,0.0,0.0
2026-06-05 15:36:32,0.7575112592874991,8.19969307425016,7.124612617702873,2.475274815327177,10.934379660839914,16.988830273242375,1.22185563228886,-15.622496103024051,36.56758011915497,40.5044355879303,38.144517571380945,14.0,2.3934012129205575,35.0,-100,1.0,0.0,1.0,1.0,1.0,1.0,1.0,0.0,0.0,0.0
2026-06-05 15:36:33,0.7225852215662059,5.3524242791655325,5.370660323702618,3.277801901556683,10.682920971759636,18.474019439187593,-1.4408589782175358,-18.392179786196902,36.894701580345576,40.313911867598776,38.02348540928664,14.0,2.3934012129205575,35.0,-100,1.0,0.0,1.0,1.0,1.0,1.0,1.0,0.0,0.0,0.0
2026-06-05 15:36:34,1.181830994076617,9.078657774085915,6.886537672976598,-0.9544979611055138,7.682094080529651,15.99111507768182,2.3071731322617577,-18.475702954089,36.492926553786255,40.106306496938174,38.18640395757751,14.0,2.3934012129205575,35.0,-100,1.0,0.0,1.0,1.0,1.0,1.0,1.0,0.0,0.0,0.0
2026-06-05 15:36:36,1.9949472393089005,5.387807367789772,7.796178107981254,3.1544264121644323,7.399187328970605,16.040749876540897,0.8795839386390174,-12.963325354132927,36.98341063131879,40.13494873057907,38.27496742634742,14.0,2.3934012129205575,35.0,-100,1.0,0.0,1.0,1.0,1.0,1.0,1.0,0.0,0.0,0.0
2026-06-05 15:36:37,1.4095928773208994,8.343592575907461,7.783668693240044,1.7654789861607352,8.271938994181609,19.176975049015454,0.89672431092696,-16.28132600501824,36.770872570205924,40.4500114586861,38.282127637168216,14.0,2.3934012129205575,35.0,-100,1.0,0.0,1.0,1.0,1.0,1.0,1.0,0.0,0.0,0.0
2026-06-05 15:36:38,2.202966772300905,9.92218705108055,6.0743210481330285,-1.4010984410139127,6.061475365542217,16.827287970787435,1.237339938626815,-16.009126307888387,36.5266617901291,40.46773168511953,37.918666097156354,14.0,2.3934012129205575,35.0,-100,1.0,0.0,1.0,1.0,1.0,1.0,1.0,0.0,0.0,0.0
2026-06-05 15:36:39,1.1071765018844406,10.250308889927744,7.918975754780869,3.692521397688333,6.774003330052672,19.081231912481073,2.772419877526162,-17.058423676265893,36.93770846789524,40.17267041190496,37.811886314037054,14.0,2.3934012129205575,35.0,-100,1.0,0.0,1.0,1.0,1.0,1.0,1.0,0.0,0.0,0.0
2026-06-05 15:36:40,0.5690226679789969,7.148265692556354,8.47158710706,1.7489116957668642,9.023201916870491,20.387879436622512,1.4120940596746072,-13.39519838922778,36.804201235464575,40.09316506197432,38.103991492583695,14.0,2.3934012129205575,35.0,-100,1.0,0.0,1.0,1.0,1.0,1.0,1.0,0.0,0.0,0.0
2026-06-05 15:36:41,5.704383817121527,7.876936114910231,8.07755626644645,1.6183893573301806,6.932023975586441,17.464082782313096,0.23382913348118572,-17.111432022120617,36.784207253259325,40.45621666218372,37.974051174371205,14.0,2.3934012129205575,35.0,-100,1.0,0.0,1.0,1.0,1.0,1.0,1.0,0.0,0.0,0.0
2026-06-05 15:36:42,-0.1655889953388514,5.714923791031996,8.488615816362445,1.65802543278976,7.968096086436646,19.145457706679686,-0.18812152785461955,-17.01849544834786,36.60382005178449,40.353677223305795,38.253082150443674,14.0,2.3934012129205575,35.0,-100,1.0,0.0,1.0,1.0,1.0,1.0,1.0,0.0,0.0,0.0
2026-06-05 15:36:44,1.7937319789624504,8.0575557327153,9.817295031505992,-1.6116847709428805,6.045108566979129,20.593295597680694,1.749369547968998,-15.955848712876714,36.936661572185386,40.40827422708812,38.04417066218962,14.0,2.3934012129205575,35.0,-100,1.0,0.0,1.0,1.0,1.0,1.0,1.0,0.0,0.0,0.0
2026-06-05 15:36:45,1.1779745238262282,4.915332422511723,6.967229676591661,2.5706086049928203,5.995298073419963,20.890985093040047,-1.7491343490037403,-13.837062982208128,36.77494432501399,40.19325589937782,38.03168213175356,14.0,2.3934012129205575,35.0,-100,1.0,0.0,1.0,1.0,1.0,1.0,1.0,0.0,0.0,0.0
2026-06-05 15:36:46,3.935116733032059,9.310799877057914,9.106625947868235,-0.5086644368311903,5.892923972110291,16.502708351704552,3.051000649221164,-16.522291730580093,36.94986601553117,40.4751396957937,38.26010917053524,14.0,2.3934012129205575,35.0,-100,1.0,0.0,1.0,1.0,1.0,1.0,1.0,0.0,0.0,0.0
2026-06-05 15:36:47,3.3074933681000385,6.145262194131448,8.092336018259553,3.183799913523563,10.052157862182755,16.479523586826627,1.0900121130982718,-17.713416189408097,36.86343390931795,40.14001588683279,38.202825411265856,14.0,2.3934012129205575,35.0,-100,1.0,0.0,1.0,1.0,1.0,1.0,1.0,0.0,0.0,0.0
2026-06-05 15:36:49,0.09136578863931888,7.349605064946033,8.390305315106895,2.711639948879794,8.039492805643647,16.698105219579634,3.85675980901331,-15.174723796724782,36.99490421762923,40.19173840052601,37.972784329833026,14.0,2.3934012129205575,35.0,-100,1.0,0.0,1.0,1.0,1.0,1.0,1.0,0.0,0.0,0.0
2026-06-05 15:36:50,4.3604554386128,5.870004076411612,5.972769594493323,2.8600435486097364,9.852475122535392,15.478513004063867,3.0458525970384818,-17.119342653201343,36.661027851710074,40.00879919170464,37.800960077725385,14.0,2.3934012129205575,35.0,-100,1.0,0.0,1.0,1.0,1.0,1.0,1.0,0.0,0.0,0.0
2026-06-05 15:36:51,1.2569089934763378,4.9880944137744425,8.299013293724204,2.935028790427424,6.033852941460994,21.285542667900007,3.6354232884976616,-18.24621869488127,36.96800281503191,40.5088473654328,38.162237652399995,14.0,2.3934012129205575,35.0,-100,1.0,0.0,1.0,1.0,1.0,1.0,1.0,0.0,0.0,0.0
2026-06-05 15:36:52,2.2830363367489204,8.554374884960147,7.671938457432499,2.714910422117798,5.680476087909304,16.531688649396656,-0.6495005022567046,-15.325071285784432,36.51885511366573,40.21031209686928,38.28048443394966,14.0,2.3934012129205575,35.0,-100,1.0,0.0,1.0,1.0,1.0,1.0,1.0,0.0,0.0,0.0
2026-06-05 15:36:54,4.063450538127735,9.496853081822351,5.189959282038403,1.3309441279641905,7.588051426203014,19.746897837543518,0.2753435313302308,-13.558863722596794,36.7832977454114,40.294453863942664,37.90040646796491,14.0,2.3934012129205575,35.0,-100,1.0,0.0,1.0,1.0,1.0,1.0,1.0,0.0,0.0,0.0
2026-06-05 15:36:55,4.095982532491202,4.566915260465277,8.188498650482105,3.4188890654607835,6.395794140867483,17.529039186676105,4.142347665365563,-17.590857894928256,36.88359759131061,40.1382242645572,38.27070195151041,14.0,2.3934012129205575,35.0,-100,1.0,0.0,1.0,1.0,1.0,1.0,1.0,0.0,0.0,0.0
2026-06-05 15:36:56,5.744969445203292,9.145095743825284,5.376110881959438,-0.06056647819179761,9.348051944798245,18.70729790071683,3.4912326118166046,-14.573244444097417,36.96430751434506,40.35369144139316,37.932803780683166,14.0,2.3934012129205575,35.0,-100,1.0,0.0,1.0,1.0,1.0,1.0,1.0,0.0,0.0,0.0
2026-06-05 15:36:58,5.0813592913665175,6.686326441535157,4.171717818511654,-1.3959354594902766,6.1181875570014315,19.465342494703037,-0.7089934461195462,-13.377443214621627,36.97800217607517,40.15363045894153,37.95364545813133,14.0,2.3934012129205575,35.0,-100,1.0,0.0,1.0,1.0,1.0,1.0,1.0,0.0,0.0,0.0
2026-06-05 15:36:59,4.149456564777651,5.704249873792024,9.175952279974172,-1.3207802045371535,6.680147325139471,19.05285255179581,0.4101322366895346,-15.720273938837328,36.428300703790306,40.46049635659303,38.12479262161307,14.0,2.3934012129205575,35.0,-100,1.0,0.0,1.0,1.0,1.0,1.0,1.0,0.0,0.0,0.0
2026-06-05 15:37:00,0.04015989662247588,8.447527619149938,6.156978059567302,-0.15402654259578585,7.972094009869142,16.415020150068884,-0.979981039797043,-16.043821923948073,36.420422446776215,39.95192703870222,38.006440279416495,14.0,2.3934012129205575,35.0,-100,1.0,0.0,1.0,1.0,1.0,1.0,1.0,0.0,0.0,0.0
2026-06-05 15:37:02,3.320728272409588,9.930722109627013,9.266521763375323,1.238772084487695,9.011812809098807,20.780020333459486,-1.5717928203813276,-13.392381301762724,36.717397147988095,40.29185500225538,37.863109295540475,14.0,2.3934012129205575,35.0,-100,1.0,0.0,1.0,1.0,1.0,1.0,1.0,0.0,0.0,0.0
2026-06-05 15:37:03,4.565291537571062,7.118169109462121,6.636055042208811,3.027545002909606,7.049082694433175,20.056164795327877,1.9199059837328694,-17.031373975851153,36.40235693737416,40.36148791973809,38.12973674470804,14.0,2.3934012129205575,35.0,-100,1.0,0.0,1.0,1.0,1.0,1.0,1.0,0.0,0.0,0.0
2026-06-05 15:37:04,3.9029294805415313,4.723938467798854,6.884634419744263,1.8658526201758354,9.896161353128345,16.184043933114296,-0.4380316100707913,-17.466132171318023,36.689028523247835,40.350706952382104,38.235492152192904,14.0,2.3934012129205575,35.0,-100,1.0,0.0,1.0,1.0,1.0,1.0,1.0,0.0,0.0,0.0
2026-06-05 15:37:05,5.675564475533981,6.052936937175144,6.85068146551237,3.968799998379163,9.352404825756599,20.236711307603258,2.506377768407697,-13.30423787353062,36.450682722167876,40.232946777461464,38.29648693091981,14.0,2.3934012129205575,35.0,-100,1.0,0.0,1.0,1.0,1.0,1.0,1.0,0.0,0.0,0.0
2026-06-05 15:37:06,1.0603678292358785,10.164606415830448,9.801864190125755,-0.6621800678365608,11.301561607544873,18.749770276585433,3.5681637995955873,-15.230401819439333,36.94385861560061,40.07323248124285,38.04676745019767,14.0,2.3934012129205575,35.0,-100,1.0,0.0,1.0,1.0,1.0,1.0,1.0,0.0,0.0,0.0
2026-06-05 15:37:08,3.8871248600227997,5.208505973953004,9.139033425442573,-0.12530404983909715,9.430129117588294,18.161889037354747,-0.8128220419999028,-18.285380638617276,36.569225973941805,40.2015820235518,38.01298926268628,14.0,2.3934012129205575,35.0,-100,1.0,0.0,1.0,1.0,1.0,1.0,1.0,0.0,0.0,0.0
2026-06-05 15:37:09,2.1460681810770144,8.872935355465442,9.91223898562912,3.4044475734911304,10.804982170206333,18.699589625347325,2.7957061925960165,-13.58393966302323,36.710400276855154,40.42903485653508,38.02613081273935,14.0,2.3934012129205575,35.0,-100,1.0,0.0,1.0,1.0,1.0,1.0,1.0,0.0,0.0,0.0
2026-06-05 15:37:10,5.3253591328170895,10.249114648094075,8.114699078782042,0.9756130669118881,10.047000724088914,16.51206430708081,4.19903297484153,-18.043308460191444,36.53847032906727,40.02031170681907,38.17269560882467,14.0,2.3934012129205575,35.0,-100,1.0,0.0,1.0,1.0,1.0,1.0,1.0,0.0,0.0,0.0
2026-06-05 15:37:11,1.4748538418713655,6.857619345697529,8.678555086761763,2.0956447811318686,11.017709667617254,16.256038899666834,-1.5959089649576397,-13.135721600715492,36.93444930175542,39.970479388556974,37.86700790184173,14.0,2.3934012129205575,35.0,-100,1.0,0.0,1.0,1.0,1.0,1.0,1.0,0.0,0.0,0.0
2026-06-05 15:37:13,3.321809110282998,5.133492039878448,6.6183720561471695,-0.797525143145029,10.271868541506471,15.97673046538651,4.141770059260424,-17.743916146875595,36.400240942593804,39.94589278759458,38.015421314003,14.0,2.3934012129205575,35.0,-100,1.0,0.0,1.0,1.0,1.0,1.0,1.0,0.0,0.0,0.0
2026-06-05 15:37:14,4.013499439362482,7.372087696325469,6.407667984420983,-1.4949327786330087,11.256440696848129,16.602638331942956,3.7494580283584744,-15.314042296982104,36.61780051251813,40.11908863464271,38.17247770548024,14.0,2.3934012129205575,35.0,-100,1.0,0.0,1.0,1.0,1.0,1.0,1.0,0.0,0.0,0.0
2026-06-05 15:37:15,2.133287258576091,9.336276039829288,7.339137202206659,-1.3006029676832123,6.29513883187182,16.524278768742004,-0.49900603082198014,-13.239457495763777,36.41768588849119,40.398502592495525,37.80911400012711,14.0,2.3934012129205575,35.0,-100,1.0,0.0,1.0,1.0,1.0,1.0,1.0,0.0,0.0,0.0
2026-06-05 15:37:16,-0.17354318313032202,6.819793974007154,5.091153867813674,1.3588264625453155,8.234239759765373,16.964457894147934,-0.4357597059378071,-16.41029824176986,36.86035994606951,40.15566580841627,38.20767182178098,14.0,2.3934012129205575,35.0,-100,1.0,0.0,1.0,1.0,1.0,1.0,1.0,0.0,0.0,0.0
2026-06-05 15:37:17,2.21761437905933,9.979685658266728,6.869381825426606,-0.40117351265180723,7.778922746605303,17.641335222159523,-1.5173889356879826,-18.30310139024545,36.90669723897831,39.950604973824234,37.95422294667527,14.0,2.3934012129205575,35.0,-100,1.0,0.0,1.0,1.0,1.0,1.0,1.0,0.0,0.0,0.0
2026-06-05 15:37:18,2.4179686808702794,6.569806885296159,6.279620630038738,3.795640927366806,6.594145011302663,20.465342305145164,3.8818809425010468,-16.174093538806716,36.91547429799409,39.9517875606514,38.179356074519184,14.0,2.3934012129205575,35.0,-100,1.0,0.0,1.0,1.0,1.0,1.0,1.0,0.0,0.0,0.0
2026-06-05 15:37:19,4.565587772012278,6.045899600194197,9.627276669030486,2.73091773860867,7.544423052226506,18.265322228303987,3.955764899461929,-12.602111168237599,36.805112353456785,39.97248795984913,37.89229026094454,14.0,2.3934012129205575,35.0,-100,1.0,0.0,1.0,1.0,1.0,1.0,1.0,0.0,0.0,0.0
2026-06-05 15:37:21,5.288621856101604,10.030527585967748,7.920826561761991,1.60174413027615,10.323846297499614,18.77639822470231,-1.482066970043125,-17.826010990179324,36.643210337632155,40.35590096306873,37.70524355903194,14.0,2.3934012129205575,35.0,-100,1.0,0.0,1.0,1.0,1.0,1.0,1.0,0.0,0.0,0.0
2026-06-05 15:37:22,1.0617232414384754,6.592384989203286,8.230508056101982,3.88754391408085,11.289966188894548,16.38239863525607,0.5298578941656151,-16.66776412870729,36.74871623228121,40.242510264275175,37.9220603584987,14.0,2.3934012129205575,35.0,-100,1.0,0.0,1.0,1.0,1.0,1.0,1.0,0.0,0.0,0.0
2026-06-05 15:37:23,5.005989048992923,6.288568211560458,7.126404837683234,-1.8987135950841738,9.015020737289714,16.945849187104372,0.4338671162811636,-14.36470699528153,36.53529801482131,40.41611626960359,38.12024323502277,14.0,2.3934012129205575,35.0,-100,1.0,0.0,1.0,1.0,1.0,1.0,1.0,0.0,0.0,0.0
2026-06-05 15:37:24,1.0813464358248368,4.694145140710649,7.004979831204315,1.9733610476896843,6.128552652385965,16.152105034748296,-0.19890043925938827,-12.532489354128874,36.91035730763794,39.98376989021011,37.80270949224279,14.0,2.3934012129205575,35.0,-100,1.0,0.0,1.0,1.0,1.0,1.0,1.0,0.0,0.0,0.0
2026-06-05 15:37:25,5.16370505892015,7.816202749265973,7.629885819097897,-1.619825550118084,7.540036452913011,18.83008430660442,-0.8232480155612052,-17.489634473601082,36.441977151830265,40.074272765146176,37.74515412265369,14.0,2.3934012129205575,35.0,-100,1.0,0.0,1.0,1.0,1.0,1.0,1.0,0.0,0.0,0.0
2026-06-05 15:37:26,5.061346880539253,4.65361761340955,4.799911369831026,2.194799541482391,6.009660026880527,20.02884665680957,-1.3313335585379154,-14.552273245117153,36.69755660241545,40.08417128483649,37.91297776337193,14.0,2.3934012129205575,35.0,-100,1.0,0.0,1.0,1.0,1.0,1.0,1.0,0.0,0.0,0.0
2026-06-05 15:37:28,3.8561841222681013,4.703443019406011,9.225717025847365,2.2073393341032883,11.159230313159124,21.2020099330981,4.145243141106948,-15.069721166744113,36.41953614955016,40.442600999403695,38.165492244962344,14.0,2.3934012129205575,35.0,-100,1.0,0.0,1.0,1.0,1.0,1.0,1.0,0.0,0.0,0.0
2026-06-05 15:37:29,4.6540292340637,9.868211643156103,8.455924856934612,0.3753134825728006,6.649354364213383,19.73813930753992,-0.25069556838748075,-14.031216008425648,36.975849372793895,40.383481652715666,37.995649916548764,14.0,2.3934012129205575,35.0,-100,1.0,0.0,1.0,1.0,1.0,1.0,1.0,0.0,0.0,0.0
2026-06-05 15:37:30,5.047873223636677,6.171887010540302,5.337900189339946,1.1884251722714403,6.423275455001134,16.155243251637238,-1.487926338252818,-16.54854832899235,36.93642804971196,40.25357486502257,37.79942642321877,14.0,2.3934012129205575,35.0,-100,1.0,0.0,1.0,1.0,1.0,1.0,1.0,0.0,0.0,0.0
2026-06-05 15:37:31,2.3568662316109026,10.311154982377321,8.038189035960333,1.6229776496721922,10.658028263337275,19.05144189689546,0.8867603979024903,-15.992986759084067,36.6152367153483,40.50011065003897,38.03723071107783,14.0,2.3934012129205575,35.0,-100,1.0,0.0,1.0,1.0,1.0,1.0,1.0,0.0,0.0,0.0
2026-06-05 15:37:32,-0.11339331458395918,8.780467576723039,9.797673514772539,3.930308210183332,9.986719716070711,16.145568880214412,-1.6524720379011901,-14.70375142951345,36.84584695833417,40.46499623913471,37.70105633999556,14.0,2.3934012129205575,35.0,-100,1.0,0.0,1.0,1.0,1.0,1.0,1.0,0.0,0.0,0.0
2026-06-05 15:37:34,4.626436875560883,8.41467441673363,7.562963752387427,-1.142864082195866,6.6938791762464085,18.218450179644584,1.0551958172385212,-14.316735777133978,36.83597934890967,40.39641811623944,37.89854104842479,14.0,2.3934012129205575,35.0,-100,1.0,0.0,1.0,1.0,1.0,1.0,1.0,0.0,0.0,0.0
2026-06-05 15:37:35,2.285926628204331,10.146709810116805,9.822212799857013,1.0977083051701717,8.048197378717036,15.755086436320546,-1.1205019907375426,-18.469823101162106,36.803422020741266,40.0064832235051,38.14987394903235,14.0,2.3934012129205575,35.0,-100,1.0,0.0,1.0,1.0,1.0,1.0,1.0,0.0,0.0,0.0
2026-06-05 15:37:36,0.7489977472732776,8.312624605853383,9.175653434198914,-0.8816489958621405,9.630196208107275,19.37684720105794,1.394298010594829,-14.310963561191755,36.63690592173357,40.33547112928647,38.182552307136405,14.0,2.3934012129205575,35.0,-100,1.0,0.0,1.0,1.0,1.0,1.0,1.0,0.0,0.0,0.0
2026-06-05 15:37:38,2.571016612356913,10.20013968344329,6.082570825291894,2.3250802075190915,7.316112830851244,16.189864813897593,2.408292920690325,-17.728138207211725,36.945826999461254,40.26414740692785,37.80546140085827,14.0,2.3934012129205575,35.0,-100,1.0,0.0,1.0,1.0,1.0,1.0,1.0,0.0,0.0,0.0
2026-06-05 15:37:39,4.9034543618549185,9.002928704147534,5.173757074153661,-1.296734554778622,7.476902308201858,19.544632589663287,3.2609805670334397,-13.763188067490628,36.695998460127534,40.194137269291055,37.94148378495328,14.0,2.3934012129205575,35.0,-100,1.0,0.0,1.0,1.0,1.0,1.0,1.0,0.0,0.0,0.0
2026-06-05 15:37:40,5.462648446300572,7.385332517443228,4.213586297563638,3.3425588403698896,11.260944872073159,18.241650611531398,-0.05806906499398412,-14.520815197461364,36.87397006995973,40.16697665131635,37.883708642899855,14.0,2.3934012129205575,35.0,-100,1.0,0.0,1.0,1.0,1.0,1.0,1.0,0.0,0.0,0.0
2026-06-05 15:37:42,3.64917878498434,7.464826440166441,9.731802332360873,-1.0725301066229553,9.846316648483873,18.59056864147219,-1.681872161827294,-13.777944047893865,36.82211578857518,40.222538257230546,37.801208757321305,14.0,2.3934012129205575,35.0,-100,1.0,0.0,1.0,1.0,1.0,1.0,1.0,0.0,0.0,0.0
2026-06-05 15:37:43,0.07933825145916673,7.488942413781412,9.460400685298895,0.7548360429777143,9.89886848985786,20.134021161182012,-0.09885984809095949,-17.409568873461943,36.93399128231369,39.92491022945248,37.84359406570996,14.0,2.3934012129205575,35.0,-100,1.0,0.0,1.0,1.0,1.0,1.0,1.0,0.0,0.0,0.0
2026-06-05 15:37:44,4.711214641778415,8.340264141980771,4.511718486893697,-0.5984914383985138,6.934026101962401,16.252187799947304,3.661601889443096,-15.490411194348125,36.6711006335164,40.38127778565238,38.21589602860803,14.0,2.3934012129205575,35.0,-100,1.0,0.0,1.0,1.0,1.0,1.0,1.0,0.0,0.0,0.0
2026-06-05 15:37:45,2.122161999665239,5.198990899434687,8.868783780473372,0.9519519813754407,10.005193401201375,16.071689955672202,0.6047376827859616,-14.142709462860749,36.893401812562715,40.07319948599473,38.23045757930027,14.0,2.3934012129205575,35.0,-100,1.0,0.0,1.0,1.0,1.0,1.0,1.0,0.0,0.0,0.0
2026-06-05 15:37:46,2.85528884516083,6.666711442636558,4.713441362101511,-0.5968800484313965,9.539098720266068,15.712546866312096,3.26327636838246,-13.823107383785107,36.60054859243051,40.01432211834544,38.121381487998356,14.0,2.3934012129205575,35.0,-100,1.0,0.0,1.0,1.0,1.0,1.0,1.0,0.0,0.0,0.0
2026-06-05 15:37:47,1.6199661458134054,6.683936494234592,6.456196377938492,0.7312762036785978,8.964219850644863,18.003586051783618,2.606109603915484,-15.821224422781988,36.780463509859274,40.112783579537926,38.09689063446459,14.0,2.3934012129205575,35.0,-100,1.0,0.0,1.0,1.0,1.0,1.0,1.0,0.0,0.0,0.0
2026-06-05 15:37:48,4.300326467297164,4.863082204461055,4.535736522301104,3.2633885861430834,11.342827877632264,17.59344518486305,1.4920369469549888,-16.43407969405373,36.80326835687971,40.47448301413884,38.04723397751175,14.0,2.3934012129205575,35.0,-100,1.0,0.0,1.0,1.0,1.0,1.0,1.0,0.0,0.0,0.0
2026-06-05 15:37:49,1.1328035882992915,6.032653517492065,5.963078369709414,-0.3432088476385329,8.127753148673026,18.16455798459947,1.4840822645452878,-15.499755307124442,36.51064632082272,40.311930412047104,37.94145873535169,14.0,2.3934012129205575,35.0,-100,1.0,0.0,1.0,1.0,1.0,1.0,1.0,0.0,0.0,0.0
2026-06-05 15:37:50,0.8134100524018446,5.793831138911026,6.855483020488996,0.48821742039306004,6.741141914146551,20.404623418179856,1.0868320584961983,-13.943719647650525,36.533371570113,39.930580680018316,38.14801977782412,14.0,2.3934012129205575,35.0,-100,1.0,0.0,1.0,1.0,1.0,1.0,1.0,0.0,0.0,0.0
2026-06-05 15:37:52,3.6250083588542465,5.152525285480234,9.247441332211139,0.3420367697510973,6.8814585983276775,18.000937651233478,2.473043558413396,-17.938997642625008,36.49807037935222,40.07215656740885,37.875665885611355,14.0,2.3934012129205575,35.0,-100,1.0,0.0,1.0,1.0,1.0,1.0,1.0,0.0,0.0,0.0
2026-06-05 15:37:53,2.625027182630265,5.8779290918283476,7.913843568692427,3.454939114173868,6.4556278742488065,17.24830978790022,1.0686931084384654,-17.223764096359126,36.537557346156454,39.99584166815293,38.1210712092546,14.0,2.3934012129205575,35.0,-100,1.0,0.0,1.0,1.0,1.0,1.0,1.0,0.0,0.0,0.0
2026-06-05 15:37:55,5.037437766503001,9.121353782474916,9.981526717702987,2.5220670151446694,6.831551720844386,19.669024542660118,-1.4866175768294232,-18.1127440497918,36.690645942107444,40.09551726616729,37.83385160353537,14.0,2.3934012129205575,35.0,-100,1.0,0.0,1.0,1.0,1.0,1.0,1.0,0.0,0.0,0.0
2026-06-05 15:37:56,2.2848113827360015,4.817906361130035,7.423174805567735,-0.6760915157033505,8.450404655672891,18.070764718826368,3.536936819787602,-12.95941755296667,36.91367625017626,40.278701095877274,38.12541193725185,14.0,2.3934012129205575,35.0,-100,1.0,0.0,1.0,1.0,1.0,1.0,1.0,0.0,0.0,0.0
2026-06-05 15:37:58,0.6945983650171712,6.019894523518449,4.895594228495336,2.571950329147425,8.26801775404768,20.600339325224905,-0.9979422610945843,-18.262795805679367,36.841895640919155,40.273889920193426,37.80075537260123,14.0,2.3934012129205575,35.0,-100,1.0,0.0,1.0,1.0,1.0,1.0,1.0,0.0,0.0,0.0
2026-06-05 15:37:59,-0.005578532706169703,9.852521267144192,8.99784839478874,2.7205979105226996,7.6322662837039585,21.08403177060894,1.434015093391376,-15.716030370391715,36.70458251426942,39.97257972411123,37.705657423947805,14.0,2.3934012129205575,35.0,-100,1.0,0.0,1.0,1.0,1.0,1.0,1.0,0.0,0.0,0.0
2026-06-05 15:38:01,2.5440814861383982,6.309282329816057,6.506142031935532,3.8407484406462498,11.111693879954757,19.164699199577115,1.7976837067127578,-14.652107672840796,36.894835133442996,40.389195966947625,37.853076876406234,14.0,2.3934012129205575,35.0,-100,1.0,0.0,1.0,1.0,1.0,1.0,1.0,0.0,0.0,0.0
2026-06-05 15:38:02,3.7808071613849874,9.524196855201874,4.847758425908589,0.5450762580086979,8.814525365037007,16.330382014896642,-1.4876822457791445,-13.197445794765331,36.40314656797078,40.47083180725126,38.18028159979264,14.0,2.3934012129205575,35.0,-100,1.0,0.0,1.0,1.0,1.0,1.0,1.0,0.0,0.0,0.0
2026-06-05 15:38:04,3.122816413879065,9.566151825397633,7.7010785180945955,-1.4976810859171676,10.721101721943377,19.14082848254548,-1.0547964134924612,-15.723348586910337,36.64305780319373,40.389090203077394,38.26057065953938,14.0,2.3934012129205575,35.0,-100,1.0,0.0,1.0,1.0,1.0,1.0,1.0,0.0,0.0,0.0
2026-06-05 15:38:05,3.9014232632618526,4.6245124551776655,5.1606061299732975,-0.8388541481418001,6.317464731626657,16.241393009370466,0.8948933783356408,-13.345024123221673,36.8143127037025,39.974658147297234,37.94052017463397,14.0,2.3934012129205575,35.0,-100,1.0,0.0,1.0,1.0,1.0,1.0,1.0,0.0,0.0,0.0
2026-06-05 15:38:06,0.6874708405837673,5.514706752609733,8.137302687086962,-1.7080045410668632,7.1758390498776565,17.304111604048224,0.06695002085170998,-14.610589129175729,36.997107970959426,40.321463181997,38.23543930426667,14.0,2.3934012129205575,35.0,-100,1.0,0.0,1.0,1.0,1.0,1.0,1.0,0.0,0.0,0.0
2026-06-05 15:38:07,0.7211577461933736,5.403457486908588,7.422619770342786,2.5620719380352366,9.730323840721454,16.992815572291537,1.893744287249108,-13.221906130234585,36.63532009715158,40.203717512693075,38.204485209966876,14.0,2.3934012129205575,35.0,-100,1.0,0.0,1.0,1.0,1.0,1.0,1.0,0.0,0.0,0.0
2026-06-05 15:38:08,3.351376910706981,6.22699696052576,6.642451268073398,0.6985989070914043,6.806767888523393,15.616411895136329,-0.4466342303004609,-17.76744458879926,36.97676933404372,40.3475199881259,37.94695689299267,14.0,2.3934012129205575,35.0,-100,1.0,0.0,1.0,1.0,1.0,1.0,1.0,0.0,0.0,0.0
2026-06-05 15:38:10,2.4973749870180093,4.518541871252026,4.493970911192781,1.4865753819565883,7.367994020876186,18.44424576397065,2.494780499677069,-17.691520828920417,36.7712520738883,40.34620023886165,37.82013430016075,14.0,2.3934012129205575,35.0,-100,1.0,0.0,1.0,1.0,1.0,1.0,1.0,0.0,0.0,0.0
2026-06-05 15:38:11,5.000889481218986,6.5579634978084,6.852033135431894,-0.6717052121656346,11.303220040578232,19.843050533613038,-0.8968409787284943,-13.090854105695726,36.902273644917415,40.375707096797846,38.17022777061226,14.0,2.3934012129205575,35.0,-100,1.0,0.0,1.0,1.0,1.0,1.0,1.0,0.0,0.0,0.0
2026-06-05 15:38:12,5.42277986154899,9.117001470168777,6.937322434750284,-1.0408667354505194,5.689549456920402,16.51332602680503,0.5938476744434515,-16.288516462024567,36.49513340607729,40.38278448807365,38.237538002000164,14.0,2.3934012129205575,35.0,-100,1.0,0.0,1.0,1.0,1.0,1.0,1.0,0.0,0.0,0.0
2026-06-05 15:38:13,1.9434332452433543,5.485460114604864,7.573786137728956,3.5553139968212655,7.232824280737913,20.180655452505157,1.1025376021209983,-13.397640798392466,36.57622827649154,40.46900317388015,37.82341237688588,14.0,2.3934012129205575,35.0,-100,1.0,0.0,1.0,1.0,1.0,1.0,1.0,0.0,0.0,0.0
2026-06-05 15:38:15,2.4105507090904137,4.50227339118606,8.846257420984946,2.8991868159524143,11.202926179040269,20.69308646548689,0.1808392768270921,-15.001529032612966,36.57090822346573,40.0461472728375,38.24850955932348,14.0,2.3934012129205575,35.0,-100,1.0,0.0,1.0,1.0,1.0,1.0,1.0,0.0,0.0,0.0
2026-06-05 15:38:16,0.2060805161173116,4.896889672144581,9.103329915190837,1.54589699310921,11.376494951190352,15.908132976958601,3.250532991231565,-15.693748637215428,36.96739414454393,40.281969600211184,38.26086741590332,14.0,2.3934012129205575,35.0,-100,1.0,0.0,1.0,1.0,1.0,1.0,1.0,0.0,0.0,0.0
2026-06-05 15:38:17,0.868336450141155,8.632219264484995,7.510381534514687,0.7688693190719214,6.19741330043467,15.333470223754448,-0.24068272777277433,-18.09017970802044,36.88262800439426,40.511069962729216,37.741124052394746,14.0,2.3934012129205575,35.0,-100,1.0,0.0,1.0,1.0,1.0,1.0,1.0,0.0,0.0,0.0
2026-06-05 15:38:19,0.36689634027520235,7.344163471483284,4.413329914439537,0.18070851329897586,9.647037552391113,19.251575967006588,-0.3412958666021051,-12.743522628760166,36.92501509212062,40.01922299252601,37.7502517234258,14.0,2.3934012129205575,35.0,-100,1.0,0.0,1.0,1.0,1.0,1.0,1.0,0.0,0.0,0.0
2026-06-05 15:38:20,4.104521590191997,8.97522353738597,8.75139620067005,3.115219193813987,11.412326943851063,17.625440181162453,-0.5997637270112506,-17.876006340946276,36.52433583546863,40.40156469940019,38.1147571157245,14.0,2.3934012129205575,35.0,-100,1.0,0.0,1.0,1.0,1.0,1.0,1.0,0.0,0.0,0.0
2026-06-05 15:38:22,1.386911546147721,6.511274949064532,4.185370208267836,-0.8378764625817214,8.402864147154983,17.087016105151744,-0.5003273996049551,-13.477477683835186,36.923702220079555,40.07082941384145,37.97688291224864,14.0,2.3934012129205575,35.0,-100,1.0,0.0,1.0,1.0,1.0,1.0,1.0,0.0,0.0,0.0
2026-06-05 15:38:23,1.9150922483263053,6.057190835698652,8.386889953730424,2.087900393455585,11.178519787922127,19.040479569095446,4.043209256398281,-16.648384729993868,36.718554823625375,40.26717043679838,37.82253892573681,14.0,2.3934012129205575,35.0,-100,1.0,0.0,1.0,1.0,1.0,1.0,1.0,0.0,0.0,0.0
2026-06-05 15:38:24,1.774659468267127,6.616786803986304,5.340214602200411,0.947261480661961,6.086585996217497,18.24208281848561,-1.3391535488146156,-16.059686332782437,36.5799434876287,39.982043440996485,37.73787856203193,14.0,2.3934012129205575,35.0,-100,1.0,0.0,1.0,1.0,1.0,1.0,1.0,0.0,0.0,0.0
2026-06-05 15:38:25,0.789250408042691,9.724849218868284,5.648400061256101,-0.8279826710101159,6.062960567881793,17.129122312954138,2.8627700571170003,-18.39827729210584,36.65614362730896,40.11046074148806,38.08865498569475,14.0,2.3934012129205575,35.0,-100,1.0,0.0,1.0,1.0,1.0,1.0,1.0,0.0,0.0,0.0
2026-06-05 15:38:26,0.11626255393110174,9.789083234596227,5.236180790361474,2.354101886849768,8.781342628750084,16.368412717683007,0.5970950726650015,-17.567198693680204,36.89335838060828,40.34798364677618,38.00442596278664,14.0,2.3934012129205575,35.0,-100,1.0,0.0,1.0,1.0,1.0,1.0,1.0,0.0,0.0,0.0
2026-06-05 15:38:27,1.9459328312892694,5.657503993090843,7.308825779505833,2.894032355940877,7.386955123483286,20.56852957022175,0.7148635528990086,-15.048456928728083,36.46219857879754,40.13342240822543,38.03255998090255,14.0,2.3934012129205575,35.0,-100,1.0,0.0,1.0,1.0,1.0,1.0,1.0,0.0,0.0,0.0
2026-06-05 15:38:28,1.486586496423246,8.14903333205261,7.08200673983087,-1.4209898314383453,10.09687049255307,17.22129922552633,1.6553449993369211,-17.601293449754127,36.93984419052965,40.06478281726148,38.08895197399506,14.0,2.3934012129205575,35.0,-100,1.0,0.0,1.0,1.0,1.0,1.0,1.0,0.0,0.0,0.0
2026-06-05 15:38:29,5.511358212233797,10.41363992955797,5.812034599960437,1.0968160746833862,11.181383461309322,19.236709240348006,-0.2146063476082527,-14.359062351524926,36.59450148723786,40.13455235283033,37.937641254110915,14.0,2.3934012129205575,35.0,-100,1.0,0.0,1.0,1.0,1.0,1.0,1.0,0.0,0.0,0.0
2026-06-05 15:38:31,3.7179017373884724,4.985067625677493,6.717974505022692,-1.429007190514871,9.164114852967009,19.357882664301307,-0.6867091059386541,-14.78328630834317,36.801524888414946,39.98952604965347,38.04079324368714,14.0,2.3934012129205575,35.0,-100,1.0,0.0,1.0,1.0,1.0,1.0,1.0,0.0,0.0,0.0
2026-06-05 15:38:32,1.5217418161049856,5.216766685494793,5.928066923750072,3.422407941515222,8.778898882242807,19.665879603756526,1.2182781362249027,-16.246241648554605,36.75812373236618,40.247131029431884,37.788662936076406,14.0,2.3934012129205575,35.0,-100,1.0,0.0,1.0,1.0,1.0,1.0,1.0,0.0,0.0,0.0
2026-06-05 15:38:34,1.6104612014546027,6.344087855140447,5.487141749058178,-1.3180812944267801,9.53024673664549,16.22806218010868,3.375523457287972,-14.390708976192894,36.911454628019854,40.349233618378804,37.77240159745624,14.0,2.3934012129205575,35.0,-100,1.0,0.0,1.0,1.0,1.0,1.0,1.0,0.0,0.0,0.0
2026-06-05 15:38:35,3.1141970372206966,8.485089297676627,9.357478608384612,-0.8381743899079628,7.452384275114002,17.076795556600917,0.010247239898745653,-16.79824001215886,36.85355166369131,40.10931129088819,38.061747720845155,14.0,2.3934012129205575,35.0,-100,1.0,0.0,1.0,1.0,1.0,1.0,1.0,0.0,0.0,0.0
2026-06-05 15:38:36,4.617655503707973,5.893142235163566,6.779357372103327,0.8222381494906132,8.55632071780912,21.29429432454668,3.229373024059189,-18.04336893986745,36.85300309006522,40.30318172004214,37.74184522532289,14.0,2.3934012129205575,35.0,-100,1.0,0.0,1.0,1.0,1.0,1.0,1.0,0.0,0.0,0.0
2026-06-05 15:38:37,4.859342093934078,5.139070524949833,8.244688384315346,2.83032965328648,5.7537395385626935,17.550497078263817,-0.30548172720177114,-17.217696685926686,36.50034713153842,40.51242719924732,37.87167937144043,14.0,2.3934012129205575,35.0,-100,1.0,0.0,1.0,1.0,1.0,1.0,1.0,0.0,0.0,0.0
2026-06-05 15:38:38,2.6784885104240077,4.656803018968013,4.576649073825311,2.5382673829402354,11.272656497138174,20.173434254601137,0.8147250270159119,-12.796961116163308,36.82161777124334,40.49603012619082,38.065146101513676,14.0,2.3934012129205575,35.0,-100,1.0,0.0,1.0,1.0,1.0,1.0,1.0,0.0,0.0,0.0
2026-06-05 15:38:40,1.285513407368962,7.623793861934789,7.40343995292238,0.3815010822446272,7.81965264416948,19.86449690324166,-0.7374452178708564,-14.12574938354583,36.562887433949726,39.97123018551904,37.93913008493577,14.0,2.3934012129205575,35.0,-100,1.0,0.0,1.0,1.0,1.0,1.0,1.0,0.0,0.0,0.0
2026-06-05 15:38:41,4.6650894666273315,6.3899065759818505,6.705415536829993,0.5992335935997861,10.79929860480588,15.779098951041343,3.6590547623476093,-16.298888751915296,36.49587603916838,40.37117246859476,38.04696345463318,14.0,2.3934012129205575,35.0,-100,1.0,0.0,1.0,1.0,1.0,1.0,1.0,0.0,0.0,0.0
2026-06-05 15:38:42,0.8950199943113872,9.94276474287189,6.050265950313669,-0.46398316986915145,10.732040203612705,19.342628379259743,-1.371032704377602,-14.11314807368669,36.43000285195853,40.517288176403405,38.19519511727297,14.0,2.3934012129205575,35.0,-100,1.0,0.0,1.0,1.0,1.0,1.0,1.0,0.0,0.0,0.0
2026-06-05 15:38:43,3.907798897884219,6.528926562049166,9.750989246335404,2.9703156690978894,8.371383829948908,18.410514423504495,-0.0012839777793862694,-14.43434047783093,36.614397477382155,39.98548172175531,37.81306548223835,14.0,2.3934012129205575,35.0,-100,1.0,0.0,1.0,1.0,1.0,1.0,1.0,0.0,0.0,0.0
2026-06-05 15:38:45,0.7213505265136817,5.405235770224649,4.33661091308615,1.4004791410313917,6.970965344773985,19.430541004011083,3.742999129850028,-13.66223295133505,36.86480054550048,40.513390123377775,38.04582583707672,14.0,2.3934012129205575,35.0,-100,1.0,0.0,1.0,1.0,1.0,1.0,1.0,0.0,0.0,0.0
2026-06-05 15:38:46,3.0713246110929084,5.638127349199582,6.139146982487711,2.225989541521714,7.74205180607878,20.545235389617925,2.821067968470169,-16.573028040946124,36.76457377346467,40.24472177110462,37.86773319361108,14.0,2.3934012129205575,35.0,-100,1.0,0.0,1.0,1.0,1.0,1.0,1.0,0.0,0.0,0.0
2026-06-05 15:38:47,0.13346280660149112,5.941259909156747,9.670433347098303,-0.39627275377332905,10.073969249301706,17.29096674965687,0.8516325339893545,-18.340478071680195,36.64308531984435,39.92505448845195,38.27788653656701,14.0,2.3934012129205575,35.0,-100,1.0,0.0,1.0,1.0,1.0,1.0,1.0,0.0,0.0,0.0
2026-06-05 15:38:48,0.2186849363652854,6.507992075241819,5.16856753943925,2.084884966396821,7.674938927257994,17.62359604712171,-1.2342080665746105,-15.533893332103618,36.62173066184102,39.9946434101486,37.82770077711928,14.0,2.3934012129205575,35.0,-100,1.0,0.0,1.0,1.0,1.0,1.0,1.0,0.0,0.0,0.0
2026-06-05 15:38:49,4.087010226607387,8.582518801920687,6.874448751389567,-0.2735194303765418,6.098805874463011,19.7959133408558,0.526202484697968,-12.951537940837676,36.881338810470744,40.4624669935406,38.240598672228245,14.0,2.3934012129205575,35.0,-100,1.0,0.0,1.0,1.0,1.0,1.0,1.0,0.0,0.0,0.0
2026-06-05 15:38:51,4.608153024637978,5.802395627948645,9.730264663964473,-1.7086615675917174,10.987943607436996,17.43863999473962,1.3138578373735124,-13.21254596712116,36.68164490922474,40.30977222960251,38.29497495645828,14.0,2.3934012129205575,35.0,-100,1.0,0.0,1.0,1.0,1.0,1.0,1.0,0.0,0.0,0.0
2026-06-05 15:38:52,2.547874324784654,6.322018866312216,7.411252069308303,-1.5154248355633704,9.203299574444026,18.475967062283722,1.8981310971813135,-16.080101510328223,36.419944203577636,40.08794723647393,38.110361150062715,14.0,2.3934012129205575,35.0,-100,1.0,0.0,1.0,1.0,1.0,1.0,1.0,0.0,0.0,0.0
2026-06-05 15:38:54,2.6436620898979966,6.930048109917067,5.250508381178674,-1.7911299531108593,7.66540938347918,20.216257680835568,-0.13415967710313104,-14.598066726900786,36.92568278699598,40.10542351993349,37.87837940715083,14.0,2.3934012129205575,35.0,-100,1.0,0.0,1.0,1.0,1.0,1.0,1.0,0.0,0.0,0.0
2026-06-05 15:38:55,2.4940224330987553,9.175014636005322,6.968551899877127,1.215279413362298,10.550026200902355,20.73967706217767,-0.1254833467669636,-15.344280545410957,36.406806939916876,40.49279772376999,38.131183053489,14.0,2.3934012129205575,35.0,-100,1.0,0.0,1.0,1.0,1.0,1.0,1.0,0.0,0.0,0.0
2026-06-05 15:38:56,3.857940434408981,6.358502651367771,5.375490712259301,-1.7667579345664928,8.594273360887032,17.2761671033415,3.610074192158825,-13.438944114871125,36.56666124782819,40.24459528224567,37.86754916825964,14.0,2.3934012129205575,35.0,-100,1.0,0.0,1.0,1.0,1.0,1.0,1.0,0.0,0.0,0.0
2026-06-05 15:38:58,4.846694122530831,7.30281501976834,6.638121533002726,0.3712982033842849,10.752706596009254,19.394323191273212,-0.6079235969773145,-15.51963077336595,36.48295918119315,40.448504352065235,38.17515492255872,14.0,2.3934012129205575,35.0,-100,1.0,0.0,1.0,1.0,1.0,1.0,1.0,0.0,0.0,0.0
2026-06-05 15:38:59,5.401449159375653,9.263863850697112,7.045023599453357,0.460348114526548,8.924853862079537,19.38363766798205,-0.6046596614171733,-12.845229027356332,36.77096757861307,40.2625724737328,37.90188001654624,14.0,2.3934012129205575,35.0,-100,1.0,0.0,1.0,1.0,1.0,1.0,1.0,0.0,0.0,0.0
2026-06-05 15:39:00,0.37156575584400464,9.497570774950507,8.655263591040919,0.8761615135124119,5.969636355773557,16.268740325768768,1.2136092152518358,-13.90293336460568,36.96662784397927,40.35264090308205,38.15277389977573,14.0,2.3934012129205575,35.0,-100,1.0,0.0,1.0,1.0,1.0,1.0,1.0,0.0,0.0,0.0
2026-06-05 15:39:01,3.3911179148925976,5.667767410218527,8.48970334854349,3.1627321375906208,6.52853949908398,16.996576373297867,3.7051581647331098,-13.0817149018056,36.68972450344114,40.11570225386881,38.196107881504375,14.0,2.3934012129205575,35.0,-100,1.0,0.0,1.0,1.0,1.0,1.0,1.0,0.0,0.0,0.0
2026-06-05 15:39:02,2.523333169474768,8.577821346821292,9.39651137894056,2.326360240978145,5.952697192469243,20.833019137539637,-1.1473834286649627,-15.44047170663481,36.99868161438603,40.39643149622142,38.236121126615494,14.0,2.3934012129205575,35.0,-100,1.0,0.0,1.0,1.0,1.0,1.0,1.0,0.0,0.0,0.0
2026-06-05 15:39:03,1.6738829384899574,7.056431472399341,4.970797568687001,1.626853310447534,6.900745363256341,15.887866936842345,-1.2946622492606248,-18.30099622419635,36.44835680986156,40.15186670654304,38.26617204066953,14.0,2.3934012129205575,35.0,-100,1.0,0.0,1.0,1.0,1.0,1.0,1.0,0.0,0.0,0.0
2026-06-05 15:39:05,4.419597677210015,7.523584117091783,5.073812591481479,-0.7511890257743419,9.08166487961444,17.499363909168572,4.117538938896747,-13.085229462673821,36.92559605817471,40.293066249188456,38.21249191711824,14.0,2.3934012129205575,35.0,-100,1.0,0.0,1.0,1.0,1.0,1.0,1.0,0.0,0.0,0.0
2026-06-05 15:39:06,4.746871295902224,8.393268062776187,9.482515068508565,3.2833555791016398,10.258199865453207,18.66836835889499,1.9585718832635224,-15.07230784051597,36.85482143605482,40.451102882996395,37.95018832120359,14.0,2.3934012129205575,35.0,-100,1.0,0.0,1.0,1.0,1.0,1.0,1.0,0.0,0.0,0.0
2026-06-05 15:39:08,2.6489785475436913,9.985290231657896,4.733432709593168,-1.1968476278369073,9.616975582623201,16.202328398402962,-1.7598418076128377,-15.079601087708914,36.917228463008115,40.44646001156586,38.11180132770579,14.0,2.3934012129205575,35.0,-100,1.0,0.0,1.0,1.0,1.0,1.0,1.0,0.0,0.0,0.0
2026-06-05 15:39:09,4.852348532589543,5.032039205571495,5.556977584016897,3.386357195254967,10.76431751388795,15.519245367477708,3.4763461682740058,-17.293666571597292,36.721918940686926,40.21538680662732,37.89743128558581,14.0,2.3934012129205575,35.0,-100,1.0,0.0,1.0,1.0,1.0,1.0,1.0,0.0,0.0,0.0
2026-06-05 15:39:10,3.6570311642716162,5.362482727734184,5.091150167446543,2.7347172835848763,9.912632564303095,19.648971747585207,-0.9197627113822469,-16.415811599581097,36.54103140821073,40.43223088188292,38.1801902024534,14.0,2.3934012129205575,35.0,-100,1.0,0.0,1.0,1.0,1.0,1.0,1.0,0.0,0.0,0.0
2026-06-05 15:39:11,5.6463260750293225,7.354795485077734,7.0584993138247,0.40487374878462656,11.114480251758977,19.106800604126803,2.3351881082105974,-14.634852832105869,36.5683172741389,40.099561128768066,37.78002771269554,14.0,2.3934012129205575,35.0,-100,1.0,0.0,1.0,1.0,1.0,1.0,1.0,0.0,0.0,0.0
2026-06-05 15:39:12,4.200485593810538,7.9737146679254005,6.57466855424288,2.5360182867900747,10.201997332596004,15.578760777362348,3.881738008195681,-18.329399196388664,36.57872469914413,40.272121993307074,37.945749595407364,14.0,2.3934012129205575,35.0,-100,1.0,0.0,1.0,1.0,1.0,1.0,1.0,0.0,0.0,0.0
2026-06-05 15:39:14,2.560819290314602,5.138149154869814,8.626541297430736,3.25021865606387,9.901387316909542,18.026870217059727,-1.4016975170747834,-13.467518619617092,36.67079403481338,40.116180569548675,38.047906299757955,14.0,2.3934012129205575,35.0,-100,1.0,0.0,1.0,1.0,1.0,1.0,1.0,0.0,0.0,0.0
2026-06-05 15:39:15,-0.015714488717459396,4.768333159156094,6.040058378844754,1.5612693777038729,8.94975471936512,16.613550184531295,2.776378833843361,-18.04869092901238,36.805116407346,39.971589545783644,38.26663286305883,14.0,2.3934012129205575,35.0,-100,1.0,0.0,1.0,1.0,1.0,1.0,1.0,0.0,0.0,0.0
2026-06-05 15:39:17,0.6548046737800508,7.13527940179103,6.539593332423143,-0.07422921183578568,5.866422899421873,20.72932751348797,-0.8819866309234188,-16.43646427889999,36.91901411569269,39.95221023176482,37.74219448585889,14.0,2.3934012129205575,35.0,-100,1.0,0.0,1.0,1.0,1.0,1.0,1.0,0.0,0.0,0.0
2026-06-05 15:39:18,1.024663176883918,7.278535382615294,10.030765868539742,-1.5211568073745054,10.27262530586913,17.155469281676346,3.5936314935870897,-17.743404826684287,36.49831252735287,40.30170285886922,37.99718960757688,14.0,2.3934012129205575,35.0,-100,1.0,0.0,1.0,1.0,1.0,1.0,1.0,0.0,0.0,0.0
2026-06-05 15:39:19,0.921146896844794,5.302479769129693,4.275541810886753,-0.20746045821093229,10.652917743254593,20.222125458049863,-0.3703854275363614,-12.743412816867549,36.96353953412993,40.021507355361756,38.00992723034303,14.0,2.3934012129205575,35.0,-100,1.0,0.0,1.0,1.0,1.0,1.0,1.0,0.0,0.0,0.0
2026-06-05 15:39:20,4.221998512878828,6.630720693357756,9.833729324342768,-0.4946111855311037,7.5685921946831405,19.335618956262422,-0.2795289085131605,-17.306721896122404,36.8567712177855,40.073927781390864,38.1374281878964,14.0,2.3934012129205575,35.0,-100,1.0,0.0,1.0,1.0,1.0,1.0,1.0,0.0,0.0,0.0
2026-06-05 15:39:21,2.347685691494526,6.652419913097247,5.490070661553105,1.9001285452139287,8.66708369413401,19.455281333148054,4.200893212287734,-12.986968068164677,36.50122015819678,40.25340210343542,38.03093099093217,14.0,2.3934012129205575,35.0,-100,1.0,0.0,1.0,1.0,1.0,1.0,1.0,0.0,0.0,0.0
2026-06-05 15:39:23,2.781236273464207,10.21530046697686,5.51308318559308,2.9389968126240404,6.579406852904021,18.47303268554944,0.19821330667937054,-18.277040976566035,36.95362694568179,40.240485219891134,37.98821602313215,14.0,2.3934012129205575,35.0,-100,1.0,0.0,1.0,1.0,1.0,1.0,1.0,0.0,0.0,0.0
2026-06-05 15:39:24,2.7486787247443685,9.777757933495216,9.658586644073033,3.134914981751642,9.328808915132011,18.08504757666878,-1.7617530448898444,-13.287140116510427,36.72631530620751,40.30504059976697,37.71349814603821,14.0,2.3934012129205575,35.0,-100,1.0,0.0,1.0,1.0,1.0,1.0,1.0,0.0,0.0,0.0
2026-06-05 15:39:26,3.4153719671109255,6.523407436444108,4.210653723170056,1.445047170767415,5.675889132342446,16.210972430075813,2.073261194236443,-14.22361422873097,36.51215257590324,40.116701944354894,38.211304494237815,14.0,2.3934012129205575,35.0,-100,1.0,0.0,1.0,1.0,1.0,1.0,1.0,0.0,0.0,0.0
2026-06-05 15:39:27,3.6834655889325525,6.917635473124273,8.23778399130574,3.815157460639587,10.035370064314492,18.38002076199873,1.6887106028003585,-16.690730677170695,36.90928630762324,40.30117880631326,38.12424592379474,14.0,2.3934012129205575,35.0,-100,1.0,0.0,1.0,1.0,1.0,1.0,1.0,0.0,0.0,0.0
2026-06-05 15:39:28,2.9691254898054753,7.271970648452742,5.745682880424676,1.5419580474909953,7.407778074568801,16.973057120445432,1.6928693691877714,-12.832541884673505,36.897564965559276,40.37738413334529,37.99638631497673,14.0,2.3934012129205575,35.0,-100,1.0,0.0,1.0,1.0,1.0,1.0,1.0,0.0,0.0,0.0
2026-06-05 15:39:29,5.291157517439004,4.93705681845302,8.845162825144218,1.1093169134559147,11.113009990329203,21.08206067592208,2.953062678439781,-15.214562037419007,36.8658123020174,40.09574776367906,37.73100611859112,14.0,2.3934012129205575,35.0,-100,1.0,0.0,1.0,1.0,1.0,1.0,1.0,0.0,0.0,0.0
2026-06-05 15:39:30,2.1065950443242167,5.188080510359857,6.203026740944886,2.8083350080027456,8.076477928265842,19.775585098441,1.1257662073524997,-17.541297073200358,36.86161993891348,40.048760537978,37.8550803511804,14.0,2.3934012129205575,35.0,-100,1.0,0.0,1.0,1.0,1.0,1.0,1.0,0.0,0.0,0.0
2026-06-05 15:39:31,4.614101636263967,7.939332874605912,5.20364751368804,-1.674597351489469,7.807480783856938,16.946418187989227,1.7605231347312982,-17.214541449693318,36.74707571014936,40.46697551333449,37.84486913720671,14.0,2.3934012129205575,35.0,-100,1.0,0.0,1.0,1.0,1.0,1.0,1.0,0.0,0.0,0.0
2026-06-05 15:39:32,2.70365641277379,9.958368399763973,4.569523656043532,-0.9843760932832213,9.183386497574292,16.475299950510234,-1.0071368242749505,-16.3212873414956,36.751239998387334,40.17413437675625,38.10794142111523,14.0,2.3934012129205575,35.0,-100,1.0,0.0,1.0,1.0,1.0,1.0,1.0,0.0,0.0,0.0
2026-06-05 15:39:34,0.44336710243311384,8.46533034825142,5.29699393099597,-0.16492234129098926,9.17924561120881,17.00726935334996,3.3634590000954514,-17.523374723922885,36.42808824781222,40.10405658901175,37.72309300875508,14.0,2.3934012129205575,35.0,-100,1.0,0.0,1.0,1.0,1.0,1.0,1.0,0.0,0.0,0.0
2026-06-05 15:39:35,5.228809065128705,7.9312953014816845,8.267687524753033,0.9854308702271579,8.903209664502127,21.134340163434384,4.002026366871909,-14.882749296206933,36.515858997335215,40.19223076654346,37.81693991851275,14.0,2.3934012129205575,35.0,-100,1.0,0.0,1.0,1.0,1.0,1.0,1.0,0.0,0.0,0.0
2026-06-05 15:39:36,4.926354137506962,8.4937494318428,8.262938345174117,2.335055601788297,9.197866227243825,20.279137127493456,-0.2262247550178773,-13.692533246195872,36.85082144006771,39.98603947935446,38.28711478176526,14.0,2.3934012129205575,35.0,-100,1.0,0.0,1.0,1.0,1.0,1.0,1.0,0.0,0.0,0.0
2026-06-05 15:39:37,3.8909323463713505,6.567831069530982,5.974711266067331,3.840439050062601,6.988938482421684,19.80508035586473,1.6450166606182837,-15.737180679882691,36.78475950422221,39.976047854320306,37.9136926733181,14.0,2.3934012129205575,35.0,-100,1.0,0.0,1.0,1.0,1.0,1.0,1.0,0.0,0.0,0.0
2026-06-05 15:39:38,1.3911833280613364,5.594652269491122,9.81005433551435,1.9356615206487024,6.632728056493283,18.025694592098628,0.22770019025077537,-14.712763440964192,36.77695531866219,39.93256826789589,37.844264772075874,14.0,2.3934012129205575,35.0,-100,1.0,0.0,1.0,1.0,1.0,1.0,1.0,0.0,0.0,0.0
2026-06-05 15:39:39,4.768923546972619,8.62702656180902,9.63395343057209,2.2287139503763855,8.426065907386395,16.294492886215473,-0.4104444393479689,-16.589447591979944,36.775179003191234,40.289947729742615,38.02567664024756,14.0,2.3934012129205575,35.0,-100,1.0,0.0,1.0,1.0,1.0,1.0,1.0,0.0,0.0,0.0
2026-06-05 15:39:41,1.8906432635343808,6.3878532851461545,7.998831813833508,0.7980502141959347,8.287556167761604,21.07425498000625,2.122055214980137,-13.481932242294121,36.93173479940289,39.94113886804385,37.93376036146927,14.0,2.3934012129205575,35.0,-100,1.0,0.0,1.0,1.0,1.0,1.0,1.0,0.0,0.0,0.0
2026-06-05 15:39:42,1.6517543031749753,8.429249016470111,8.338776792432316,-1.830214630446898,9.76836847895818,16.774272233696106,3.791976463652426,-15.766042670730602,36.419339766944866,40.0065975744779,37.77402323377158,14.0,2.3934012129205575,35.0,-100,1.0,0.0,1.0,1.0,1.0,1.0,1.0,0.0,0.0,0.0
2026-06-05 15:39:44,3.0322508866869367,9.237506983225341,6.2071556009243585,1.0937830043511316,9.578191553098844,20.563461230562204,2.007543320465773,-12.870399910358095,36.79163886948435,40.016448589498566,37.90130088037853,14.0,2.3934012129205575,35.0,-100,1.0,0.0,1.0,1.0,1.0,1.0,1.0,0.0,0.0,0.0
2026-06-05 15:39:45,3.877002032408055,4.499991787933192,8.430947500753074,3.127361503554871,6.825912506576225,19.065724537031304,-1.013352181370733,-18.502741142586302,36.53234551961938,40.036940556185215,37.87904570900778,14.0,2.3934012129205575,35.0,-100,1.0,0.0,1.0,1.0,1.0,1.0,1.0,0.0,0.0,0.0
2026-06-05 15:39:46,5.404669619893157,7.302208906934086,5.743690492027335,1.8036003674687704,5.907413438891345,20.106107408212708,0.3357705951515344,-16.65595410407111,36.6428040980763,40.315018216202354,38.189200255938154,14.0,2.3934012129205575,35.0,-100,1.0,0.0,1.0,1.0,1.0,1.0,1.0,0.0,0.0,0.0
2026-06-05 15:39:47,2.6350732982061715,5.4612709300579345,8.424543343261009,2.896573858417728,9.49478074019527,18.63782847351255,-1.5988256112945156,-15.446928971352616,36.71707523693158,40.144882961409856,37.726104627119156,14.0,2.3934012129205575,35.0,-100,1.0,0.0,1.0,1.0,1.0,1.0,1.0,0.0,0.0,0.0
2026-06-05 15:39:48,2.32533217916973,7.946069754886281,6.777005953558518,1.580057833731198,10.119458634335405,16.148003825218698,-0.041750940612498955,-13.47936429335604,36.73686662487673,40.494754555260734,38.04134207286521,14.0,2.3934012129205575,35.0,-100,1.0,0.0,1.0,1.0,1.0,1.0,1.0,0.0,0.0,0.0
2026-06-05 15:39:50,2.6379686194733303,5.9907380512736115,9.496856030490873,1.2762297823704785,5.752236142748456,18.936296909373592,2.2854703499278015,-15.41576717432218,36.60393870213736,40.37677933261173,38.008671454742675,14.0,2.3934012129205575,35.0,-100,1.0,0.0,1.0,1.0,1.0,1.0,1.0,0.0,0.0,0.0
2026-06-05 15:39:51,0.5847226543925652,7.0115362343603955,9.725380171179047,-1.6494167716599577,6.144407342337447,19.098688573193943,-0.915398353175954,-12.962732691350682,36.482565768101175,40.27557933096343,37.90608506273122,14.0,2.3934012129205575,35.0,-100,1.0,0.0,1.0,1.0,1.0,1.0,1.0,0.0,0.0,0.0
2026-06-05 15:39:52,4.027702061912316,6.418996945655408,8.090945486845841,-0.7928431802833018,7.913889976041403,19.245339063829938,3.942315746749526,-13.052565299558829,36.899039936684716,40.405625457201694,37.77222743450725,14.0,2.3934012129205575,35.0,-100,1.0,0.0,1.0,1.0,1.0,1.0,1.0,0.0,0.0,0.0
2026-06-05 15:39:53,3.090639670717377,5.934643651538835,8.21764113592439,0.07599532829308853,9.475359764765196,19.118077957118935,3.308826219581303,-15.005119212923802,36.538495300134656,40.237061569144274,38.09596129996197,14.0,2.3934012129205575,35.0,-100,1.0,0.0,1.0,1.0,1.0,1.0,1.0,0.0,0.0,0.0
2026-06-05 15:39:54,0.6518392822699042,8.455389663271454,9.477324890028376,1.6164748272700349,8.212628837593405,17.472785641297357,-0.6969537251960498,-16.281908482394343,36.46180323625192,39.92375507016992,38.12451197049834,14.0,2.3934012129205575,35.0,-100,1.0,0.0,1.0,1.0,1.0,1.0,1.0,0.0,0.0,0.0
2026-06-05 15:39:56,0.5116798914295186,10.437406316637222,5.234154345370046,3.0786175838689607,7.915968225659601,18.13986267744519,2.6102552535519292,-14.850773071985138,36.89241186940507,40.32316735028434,37.92020004470747,14.0,2.3934012129205575,35.0,-100,1.0,0.0,1.0,1.0,1.0,1.0,1.0,0.0,0.0,0.0
2026-06-05 15:39:57,4.254187399913253,4.5551716304120795,8.156834218470992,3.596981510407332,11.207627565999541,15.426255370415646,-1.518394910602011,-13.539064495903016,36.598274692914735,40.46773140691675,38.02394054280202,14.0,2.3934012129205575,35.0,-100,1.0,0.0,1.0,1.0,1.0,1.0,1.0,0.0,0.0,0.0
2026-06-05 15:39:58,1.084640353292869,8.402912487464627,6.895966717329856,2.1280338265355025,8.277981228720119,16.176575832169732,2.9766104030752647,-16.325880283793282,36.702136892783464,40.27606960444813,38.08995623310478,14.0,2.3934012129205575,35.0,-100,1.0,0.0,1.0,1.0,1.0,1.0,1.0,0.0,0.0,0.0
2026-06-05 15:39:59,0.41593571830618004,6.4568484977157015,4.598932857571746,2.806196534359259,7.037679556074549,18.143703099118188,-0.3698580887005789,-13.50905169945749,36.40977597076887,40.315964080703246,37.927187689307964,14.0,2.3934012129205575,35.0,-100,1.0,0.0,1.0,1.0,1.0,1.0,1.0,0.0,0.0,0.0
2026-06-05 15:40:00,4.4546789267278415,9.979581340431054,8.158622574076384,2.2350885052335574,6.741650807521958,20.438755579559846,-0.2189395177863458,-15.622360002017464,36.717828080459505,40.11512432113864,37.9091532788255,14.0,2.3934012129205575,35.0,-100,1.0,0.0,1.0,1.0,1.0,1.0,1.0,0.0,0.0,0.0
2026-06-05 15:40:01,4.949766654443514,8.401961262115726,4.316391233247242,-1.5661945762681126,8.140144220623226,19.566684336364887,1.5110949068527821,-15.128812135487774,36.959953853876456,40.479277174400586,38.069453664880996,14.0,2.3934012129205575,35.0,-100,1.0,0.0,1.0,1.0,1.0,1.0,1.0,0.0,0.0,0.0
2026-06-05 15:40:02,3.7165439060802203,9.217303873488575,5.976550510673932,0.47243764050223414,6.2478507938925,17.639519436178126,0.30394764821776654,-17.82045828192718,36.62921230128504,40.01937745966789,38.10534247621252,14.0,2.3934012129205575,35.0,-100,1.0,0.0,1.0,1.0,1.0,1.0,1.0,0.0,0.0,0.0
2026-06-05 15:40:03,1.3366210844749886,5.142622836087683,4.987488825896049,3.88018071331512,6.704509708078827,18.68408082833179,1.6072212413872142,-12.525794879655017,36.613204041143284,40.455532820005736,37.78672636240319,14.0,2.3934012129205575,35.0,-100,1.0,0.0,1.0,1.0,1.0,1.0,1.0,0.0,0.0,0.0
2026-06-05 15:40:04,3.327292789694683,8.161152761202922,9.147835369867487,2.0081254161740647,10.33063028931188,19.1204986083164,3.274289470944961,-13.715488235483575,36.9166923980942,40.40681722407817,38.09678259725753,14.0,2.3934012129205575,35.0,-100,1.0,0.0,1.0,1.0,1.0,1.0,1.0,0.0,0.0,0.0
2026-06-05 15:40:06,2.8167178707777243,7.145558811930819,6.705016054308365,3.5955923509568946,11.37168707118002,18.708447907463476,1.3999464677648024,-14.87510485352778,36.4960189468023,40.50537288659377,38.158872245601884,14.0,2.3934012129205575,35.0,-100,1.0,0.0,1.0,1.0,1.0,1.0,1.0,0.0,0.0,0.0
2026-06-05 15:40:07,0.7598482342266997,5.890887550913991,6.573005599394295,2.896789964339183,10.032303576714291,18.516069651753106,0.43261996062373154,-13.780400034108936,36.72866777271513,40.19506773312538,37.93375582110838,14.0,2.3934012129205575,35.0,-100,1.0,0.0,1.0,1.0,1.0,1.0,1.0,0.0,0.0,0.0
2026-06-05 15:40:08,5.640353159595011,6.761365667475305,8.742730566426246,1.5428597856110082,8.137038756364852,15.545075994795969,-0.07797064337206816,-17.323390028086116,36.97196227863881,40.0593629835785,38.064592078902635,14.0,2.3934012129205575,35.0,-100,1.0,0.0,1.0,1.0,1.0,1.0,1.0,0.0,0.0,0.0
2026-06-05 15:40:09,-0.15559268001348325,10.455488145366843,5.378241229587739,-1.007373869461441,8.905371260614956,16.44280529371448,-1.4839295227257514,-17.550115319001794,36.53810044548908,40.50520585644941,38.2024313654715,14.0,2.3934012129205575,35.0,-100,1.0,0.0,1.0,1.0,1.0,1.0,1.0,0.0,0.0,0.0
2026-06-05 15:40:10,4.185835340573985,9.067671223154502,7.7429360563712395,2.7802802975068257,11.559998498364045,21.259619153373862,1.9954103174188171,-13.068784500537259,36.98848740612125,40.22946173280919,38.095383682892674,14.0,2.3934012129205575,35.0,-100,1.0,0.0,1.0,1.0,1.0,1.0,1.0,0.0,0.0,0.0
2026-06-05 15:40:11,1.0828920828480673,9.533382795025656,4.517334092269125,-0.25646569026823296,6.345157800033171,15.813672206565595,-1.71456539531093,-13.52597054312207,36.63747446381449,40.204866371701016,38.15031958048166,14.0,2.3934012129205575,35.0,-100,1.0,0.0,1.0,1.0,1.0,1.0,1.0,0.0,0.0,0.0
2026-06-05 15:40:12,2.9083620611071255,9.119939750757583,4.9173296681715675,-0.8805171944088412,7.162259077320912,15.989544445663718,-0.6351527123915097,-17.26736508989521,36.65330788408609,40.073624287642446,38.04548504479019,14.0,2.3934012129205575,35.0,-100,1.0,0.0,1.0,1.0,1.0,1.0,1.0,0.0,0.0,0.0
2026-06-05 15:40:13,2.3440092517070044,8.521518826090542,4.518279966911724,0.6029649085065736,10.953019740393515,17.999871197418393,1.6065684679154808,-18.304002640834256,36.982298330143884,40.4696701544948,37.80841978364354,14.0,2.3934012129205575,35.0,-100,1.0,0.0,1.0,1.0,1.0,1.0,1.0,0.0,0.0,0.0
2026-06-05 15:40:14,4.034423231136978,7.311358671296504,9.098148895026519,0.29238546784079045,6.724620687304416,16.89476416895676,3.5222109247829314,-17.522807326397576,36.675649585833604,39.97236997092183,38.04643312725893,14.0,2.3934012129205575,35.0,-100,1.0,0.0,1.0,1.0,1.0,1.0,1.0,0.0,0.0,0.0
2026-06-05 15:40:15,5.2809974927924905,10.444870848634022,7.187029354808068,1.6501749682816769,9.86553600611086,15.71029637328351,1.3215189458960963,-14.594952122181539,36.636181232381915,40.367833678366395,37.87501121295403,14.0,2.3934012129205575,35.0,-100,1.0,0.0,1.0,1.0,1.0,1.0,1.0,0.0,0.0,0.0
2026-06-05 15:40:17,1.3726736026152466,5.248488014233577,4.274601527479623,0.3536158573917012,8.263596600435205,17.439175429132376,0.8469187921368659,-14.72999991574378,36.418231826590535,40.22509368715538,37.834319296363084,14.0,2.3934012129205575,35.0,-100,1.0,0.0,1.0,1.0,1.0,1.0,1.0,0.0,0.0,0.0
2026-06-05 15:40:18,0.4176843582490841,7.966963719628616,9.267182527861893,2.013319554106486,8.98669441291484,18.230438035445417,1.5752304356573847,-14.276181195080982,36.64300017131047,40.34177571513533,37.78523704631356,14.0,2.3934012129205575,35.0,-100,1.0,0.0,1.0,1.0,1.0,1.0,1.0,0.0,0.0,0.0
2026-06-05 15:40:19,1.512244217216531,8.25760300374512,4.812031248896475,1.6924220511903547,10.558241456496775,18.81350663109922,2.225198393528646,-13.55401924947241,36.70964278409402,40.07967389279454,38.25866615976943,14.0,2.3934012129205575,35.0,-100,1.0,0.0,1.0,1.0,1.0,1.0,1.0,0.0,0.0,0.0
2026-06-05 15:40:20,2.1108326234861305,5.026304763889523,4.23479750397203,0.06905522120738494,10.04976438245836,16.007436214696945,3.4573100327914705,-12.745275326832193,36.88474916616549,40.31104325876111,37.79828350013575,14.0,2.3934012129205575,35.0,-100,1.0,0.0,1.0,1.0,1.0,1.0,1.0,0.0,0.0,0.0
2026-06-05 15:40:22,1.3265789844848783,7.0568817841375875,8.14426106162204,0.4567074972552181,6.197748981823117,19.49576306091746,1.5644478937348243,-16.154033155428714,36.41701440713974,40.36203365093929,38.277782586652755,14.0,2.3934012129205575,35.0,-100,1.0,0.0,1.0,1.0,1.0,1.0,1.0,0.0,0.0,0.0
2026-06-05 15:40:23,3.333415266377324,6.019645071842866,5.913797322036889,3.4464644992588287,10.009269043873655,19.044013012793883,-1.7656187341768304,-18.25946451586866,36.85860335322144,40.009087796822385,37.84768730412773,14.0,2.3934012129205575,35.0,-100,1.0,0.0,1.0,1.0,1.0,1.0,1.0,0.0,0.0,0.0
2026-06-05 15:40:24,0.5955680764063618,8.754330236910976,5.875383455880085,2.47065875253886,6.393177243213671,15.392623957769214,0.7268204852417242,-13.425063986612539,36.47750130934162,40.156363639136245,38.09922868778213,14.0,2.3934012129205575,35.0,-100,1.0,0.0,1.0,1.0,1.0,1.0,1.0,0.0,0.0,0.0
2026-06-05 15:40:25,3.6612604510923408,6.142935290173266,4.470715431559135,0.4058948762598882,7.220042891466369,20.61197277186809,-1.4319462575335447,-18.412487393819774,36.69450450877204,39.93628331309582,38.06658404172505,14.0,2.3934012129205575,35.0,-100,1.0,0.0,1.0,1.0,1.0,1.0,1.0,0.0,0.0,0.0
2026-06-05 15:40:26,2.2211430038318722,7.139814829970929,9.872823676677655,1.1928942748504432,9.406895698256067,20.763343626754807,2.672094189237326,-13.318611944167325,36.84488609437494,40.239126317317336,38.132368499240506,14.0,2.3934012129205575,35.0,-100,1.0,0.0,1.0,1.0,1.0,1.0,1.0,0.0,0.0,0.0
2026-06-05 15:40:27,5.240481895725803,9.765781290844146,4.525470688448783,0.8776854385248445,10.269076407269953,17.55650048082189,-0.3105273540369806,-14.879632920710657,36.870770472305516,40.163641326568175,37.879268001650225,14.0,2.3934012129205575,35.0,-100,1.0,0.0,1.0,1.0,1.0,1.0,1.0,0.0,0.0,0.0
2026-06-05 15:40:28,1.1391743502079048,6.386271941382549,5.566253063017815,0.6532506988149533,7.611757958286592,20.089136358508846,-0.2487786027802772,-17.031339918886232,36.977370320344214,40.077349574354045,38.06525869958569,14.0,2.3934012129205575,35.0,-100,1.0,0.0,1.0,1.0,1.0,1.0,1.0,0.0,0.0,0.0
2026-06-05 15:40:29,4.867180483370979,4.59953400891725,7.086269754729584,-1.0509966073510428,9.751023971111726,17.30346901627272,3.051568881586533,-14.644989588895989,36.861578814549716,40.08247856951195,37.92064302444602,14.0,2.3934012129205575,35.0,-100,1.0,0.0,1.0,1.0,1.0,1.0,1.0,0.0,0.0,0.0
2026-06-05 15:40:30,0.7193042525145374,6.173201177149067,4.329681281394714,1.9982288785183835,6.699167406682469,19.058928825730266,1.3317074806493778,-13.160839246977996,36.49458230504625,40.33417461833872,37.9464613153543,14.0,2.3934012129205575,35.0,-100,1.0,0.0,1.0,1.0,1.0,1.0,1.0,0.0,0.0,0.0
2026-06-05 15:40:31,3.216051489565615,6.284330774310019,5.438854741995737,1.7274782143547922,9.918533653392728,17.506471737235962,1.5791702864497026,-15.872125573472845,36.793042352692225,40.147112486447604,38.27756234672701,14.0,2.3934012129205575,35.0,-100,1.0,0.0,1.0,1.0,1.0,1.0,1.0,0.0,0.0,0.0
2026-06-05 15:40:33,1.5806401938079377,5.04231209149196,8.959676931293743,2.9107834185594914,10.471370958723384,18.21720357647912,-0.5406170506438679,-16.469138779680314,36.75862837744916,39.980458948653485,37.78066091935094,14.0,2.3934012129205575,35.0,-100,1.0,0.0,1.0,1.0,1.0,1.0,1.0,0.0,0.0,0.0
2026-06-05 15:40:34,4.129200511613187,6.825320379621298,9.400832203330843,2.826820620799687,7.173998288543553,20.331107307090072,0.2336342961188138,-14.883340323104592,36.97830213810915,40.276610159868035,37.999004711483046,14.0,2.3934012129205575,35.0,-100,1.0,0.0,1.0,1.0,1.0,1.0,1.0,0.0,0.0,0.0
2026-06-05 15:40:35,3.933010601465006,10.410478303271205,5.058683629767349,2.7474684592244554,11.44048224352606,18.100732610530788,-0.3424427387018145,-17.039539354485644,36.87378362616363,39.97186307960382,38.01643623911691,14.0,2.3934012129205575,35.0,-100,1.0,0.0,1.0,1.0,1.0,1.0,1.0,0.0,0.0,0.0
2026-06-05 15:40:36,0.9940009068143181,9.47574118369878,5.066162469682329,3.764404199327685,8.165210046325942,15.378062456118922,4.215643332800342,-18.144804374368157,36.433570301347004,40.50629120122284,37.824245981873645,14.0,2.3934012129205575,35.0,-100,1.0,0.0,1.0,1.0,1.0,1.0,1.0,0.0,0.0,0.0
2026-06-05 15:40:37,1.7688252513320297,7.3165419264470195,4.767564168690086,3.81585030212642,5.9906032060568615,15.720397385107852,-0.8362324865312871,-15.89185257366304,36.92437708812677,40.43140171790104,38.16720974651013,14.0,2.3934012129205575,35.0,-100,1.0,0.0,1.0,1.0,1.0,1.0,1.0,0.0,0.0,0.0
2026-06-05 15:40:38,-0.10487827445239528,8.675829279426445,6.583462571554273,1.1729728030343263,11.257827787202203,16.661739100395,2.9548000640625967,-14.518719032970088,36.91882576942143,40.360297287255754,37.93000951337592,14.0,2.3934012129205575,35.0,-100,1.0,0.0,1.0,1.0,1.0,1.0,1.0,0.0,0.0,0.0
2026-06-05 15:40:39,3.5886168911513034,8.825219822320456,4.350216325851769,2.9060674795551567,8.6654191903577,18.90411398013356,-1.702576501916523,-18.25812541540244,36.55638446019972,40.241403791675566,37.80978813962766,14.0,2.3934012129205575,35.0,-100,1.0,0.0,1.0,1.0,1.0,1.0,1.0,0.0,0.0,0.0
2026-06-05 15:40:40,4.578076931804695,8.099200130074998,8.236098060402306,0.10117106021490363,6.534851516806341,19.924050103121736,-0.5185270838286073,-17.09627400798288,36.554497475045885,40.48198191059647,37.69823716544307,14.0,2.3934012129205575,35.0,-100,1.0,0.0,1.0,1.0,1.0,1.0,1.0,0.0,0.0,0.0
2026-06-05 15:40:41,3.6324957352276916,7.0220111278920365,8.190000955232264,1.9379770716679285,6.6587553500747925,17.248991675756614,-1.6609408036226556,-14.848195622846319,36.60342735575198,40.39034609660664,37.79997347002606,14.0,2.3934012129205575,35.0,-100,1.0,0.0,1.0,1.0,1.0,1.0,1.0,0.0,0.0,0.0
2026-06-05 15:40:42,3.0634868423950588,6.577744483344688,8.905613558342585,0.09506136930040743,10.975598782494544,20.546064585134964,3.687030065616696,-13.673017615646657,36.815340634621954,39.95730963751095,37.733536816649156,14.0,2.3934012129205575,35.0,-100,1.0,0.0,1.0,1.0,1.0,1.0,1.0,0.0,0.0,0.0
2026-06-05 15:40:44,3.737331689493506,8.062176987818171,8.415097823476652,-0.8486071400743191,10.754788636558613,20.097256058935905,-0.7007162614228517,-16.11147717566391,36.50384579317296,40.33285190673432,37.83450185870107,14.0,2.3934012129205575,35.0,-100,1.0,0.0,1.0,1.0,1.0,1.0,1.0,0.0,0.0,0.0
2026-06-05 15:40:45,3.0719877574634005,8.688572435880637,9.309956236993099,2.492584980277141,8.654217818386694,17.062664975436242,3.089763829465711,-14.538543436968325,36.515689785060616,40.165802067669425,37.78556054688322,14.0,2.3934012129205575,35.0,-100,1.0,0.0,1.0,1.0,1.0,1.0,1.0,0.0,0.0,0.0
2026-06-05 15:40:46,0.47164269613789456,6.2496742006676635,6.715207595286203,3.455739365857724,6.770847577122366,18.577911636271136,3.752412469727112,-16.578739191845365,36.898722070981805,40.221756761733694,38.252468349726314,14.0,2.3934012129205575,35.0,-100,1.0,0.0,1.0,1.0,1.0,1.0,1.0,0.0,0.0,0.0
2026-06-05 15:40:47,1.2312098987416866,7.535405777442113,5.001658594159103,-0.2227918363403294,9.880359950933109,15.85112809950611,-0.03949909962404852,-14.518801176026294,36.91103240241261,39.934939909993844,37.876787552197776,14.0,2.3934012129205575,35.0,-100,1.0,0.0,1.0,1.0,1.0,1.0,1.0,0.0,0.0,0.0
2026-06-05 15:40:48,3.502194382061112,4.54550275041498,7.251039014082481,-0.20362171477562274,6.873984918489734,21.033661379770898,3.790800022923932,-13.663580364578094,36.720966979144784,40.3887727064994,38.190090734259954,14.0,2.3934012129205575,35.0,-100,1.0,0.0,1.0,1.0,1.0,1.0,1.0,0.0,0.0,0.0
2026-06-05 15:40:49,5.616689658428622,5.502123851503394,7.43551594894001,0.8273057117502898,6.972806033572979,17.435655285670776,0.41061812993236346,-15.927746706398723,36.82821087954171,39.95315841711229,37.92064087510912,14.0,2.3934012129205575,35.0,-100,1.0,0.0,1.0,1.0,1.0,1.0,1.0,0.0,0.0,0.0
2026-06-05 15:40:50,0.04775206946719024,8.029588627241303,8.42528751064901,2.567718494613519,6.722861228324648,17.459253102658057,-0.5870341829875918,-14.489595019719873,36.61006389517638,40.437266120694694,37.968006371643135,14.0,2.3934012129205575,35.0,-100,1.0,0.0,1.0,1.0,1.0,1.0,1.0,0.0,0.0,0.0
2026-06-05 15:40:52,2.821704388080907,8.221378258670722,8.488841693216354,3.215303256716213,5.69202408429769,16.665903430969788,1.3577159726321044,-14.39658446354417,36.7434159905565,39.96253577310806,37.85288155529716,14.0,2.3934012129205575,35.0,-100,1.0,0.0,1.0,1.0,1.0,1.0,1.0,0.0,0.0,0.0
2026-06-05 15:40:53,1.7693006807281817,9.911340397757655,8.059856016691008,-1.408880105271468,7.187463557105322,17.916033268348066,1.5541994412365066,-13.152514139073839,36.4854370272305,40.23341294316687,37.8031142078031,14.0,2.3934012129205575,35.0,-100,1.0,0.0,1.0,1.0,1.0,1.0,1.0,0.0,0.0,0.0
2026-06-05 15:40:54,4.1913139027279005,5.852323743820169,9.7710808112217,1.7382887045238329,6.57892862317844,17.643587320945944,3.3818306186205227,-12.834919847004109,36.579786728089836,40.343234416500266,38.29212404809742,14.0,2.3934012129205575,35.0,-100,1.0,0.0,1.0,1.0,1.0,1.0,1.0,0.0,0.0,0.0
2026-06-05 15:40:55,3.445247558966183,9.198602639373775,7.893063046390249,-1.0413174868380963,9.827633190150536,16.815293944433893,3.6849036828116057,-14.608698815343363,36.435241887596554,40.1031107729423,38.01588154620665,14.0,2.3934012129205575,35.0,-100,1.0,0.0,1.0,1.0,1.0,1.0,1.0,0.0,0.0,0.0
2026-06-05 15:40:56,4.935531336681911,6.438093742649706,4.857785098625342,2.634868288490127,6.871316671743785,18.941561515880267,-1.1770969493302634,-14.45160162648582,36.49753812283389,40.49214093142909,37.748400700735495,14.0,2.3934012129205575,35.0,-100,1.0,0.0,1.0,1.0,1.0,1.0,1.0,0.0,0.0,0.0
2026-06-05 15:40:57,3.2359496581316374,4.735337567299608,8.355350464675709,2.913755594723657,7.585554763705247,17.681533004104555,2.3517743479265976,-13.23126981584367,36.4691686733003,40.478771409850395,37.8287862332795,14.0,2.3934012129205575,35.0,-100,1.0,0.0,1.0,1.0,1.0,1.0,1.0,0.0,0.0,0.0
2026-06-05 15:40:59,2.1535448382456126,8.91639964872427,4.486564626436233,-1.1911059293879784,7.733148517987157,19.027884625774288,1.0612828791149358,-15.057490007823734,36.519901817313986,40.316272033806555,38.10696401827382,14.0,2.3934012129205575,35.0,-100,1.0,0.0,1.0,1.0,1.0,1.0,1.0,0.0,0.0,0.0
2026-06-05 15:41:00,3.8828399911063656,7.651716963888225,7.983671582694288,0.29323316911055963,7.8239598420500105,20.85693959953464,0.7524462061456179,-17.57872053601821,36.892584035834126,40.06498640850895,38.235790312319786,14.0,2.3934012129205575,35.0,-100,1.0,0.0,1.0,1.0,1.0,1.0,1.0,0.0,0.0,0.0
2026-06-05 15:41:01,4.737080738064946,8.216412541395776,8.4105841159681,-0.19347334262908955,11.116156749922428,15.330134367478053,-1.7216294061984936,-17.658174544602726,36.69513150568794,40.48858956188618,38.235246715602216,14.0,2.3934012129205575,35.0,-100,1.0,0.0,1.0,1.0,1.0,1.0,1.0,0.0,0.0,0.0
2026-06-05 15:41:02,-0.10799394580738086,9.518738043005776,7.486332024698716,-1.17226025374819,7.010114239919494,18.648991308604757,3.2568452022803456,-17.410942299407523,36.7237211019649,39.95536579049154,37.84206626700279,14.0,2.3934012129205575,35.0,-100,1.0,0.0,1.0,1.0,1.0,1.0,1.0,0.0,0.0,0.0
2026-06-05 15:41:03,3.40872076613015,9.70816094498911,5.546804692229627,1.0535246804771456,8.838452012371466,20.820339711167886,0.18348320646643868,-16.05125757691715,36.41471662454737,40.11560070880513,37.699009348261356,14.0,2.3934012129205575,35.0,-100,1.0,0.0,1.0,1.0,1.0,1.0,1.0,0.0,0.0,0.0
2026-06-05 15:41:04,1.950046476756703,9.176277978023712,9.284185276887186,0.9055254635241372,11.247389468742906,17.73412645959669,0.8241304773397737,-16.492901557346798,36.94698282029705,40.41982503270999,37.776576180140445,14.0,2.3934012129205575,35.0,-100,1.0,0.0,1.0,1.0,1.0,1.0,1.0,0.0,0.0,0.0
2026-06-05 15:41:05,1.0749584026898338,5.361145429043206,8.784485505501774,2.9023895163070765,10.103363831164355,20.624933933806005,1.426623449602673,-13.618422908798081,36.851499013768986,40.473107901465156,38.114053603410305,14.0,2.3934012129205575,35.0,-100,1.0,0.0,1.0,1.0,1.0,1.0,1.0,0.0,0.0,0.0
2026-06-05 15:41:06,4.245197549695342,8.428470994684849,9.220372807799205,3.056486700889768,7.530609748441232,20.599812399267208,1.5541459144308054,-16.23099007421786,36.98372836947474,40.03846662609522,38.14574321762973,14.0,2.3934012129205575,35.0,-100,1.0,0.0,1.0,1.0,1.0,1.0,1.0,0.0,0.0,0.0
2026-06-05 15:41:08,5.655749255143022,4.794934497811757,5.041679301188572,1.5580118823603106,10.472374751965294,18.74862434302593,1.9901536873924153,-18.16611334484683,36.408667431176255,40.36451635750314,37.739336349979446,14.0,2.3934012129205575,35.0,-100,1.0,0.0,1.0,1.0,1.0,1.0,1.0,0.0,0.0,0.0
2026-06-05 15:41:09,0.880416383768748,7.363810383073228,6.538587078430878,1.7617751602981917,9.617545773096774,17.361145522372567,-1.3385215947240567,-15.23322837308384,36.42378336905691,40.49203847121596,38.19038709273809,14.0,2.3934012129205575,35.0,-100,1.0,0.0,1.0,1.0,1.0,1.0,1.0,0.0,0.0,0.0
2026-06-05 15:41:11,5.5577308706482675,6.549871930908492,4.819562666820776,3.8495374559130946,10.614164051640909,20.48426490487109,0.3824739818634586,-18.356229712741417,36.506082222910855,40.30066980843713,38.042269050129775,14.0,2.3934012129205575,35.0,-100,1.0,0.0,1.0,1.0,1.0,1.0,1.0,0.0,0.0,0.0
2026-06-05 15:41:12,5.143541397021869,5.85078604862784,6.586542181921947,0.318195899797046,10.184025341754797,16.1010130248003,3.2639535761736713,-12.908657031364212,36.90367426154364,39.932998875297216,38.10092164741293,14.0,2.3934012129205575,35.0,-100,1.0,0.0,1.0,1.0,1.0,1.0,1.0,0.0,0.0,0.0
2026-06-05 15:41:13,4.60753679426815,8.218355436680863,7.187114101054825,-0.13984282330029663,6.32996494419311,17.28491524203198,-1.630227682680688,-16.389094350028618,36.52061997087189,39.968977444715655,38.29034535483061,14.0,2.3934012129205575,35.0,-100,1.0,0.0,1.0,1.0,1.0,1.0,1.0,0.0,0.0,0.0
2026-06-05 15:41:14,0.6866087307927451,9.309798941781192,7.661972990488609,-0.03711071219785289,6.1791464395655975,18.76824678719398,0.07818786139234035,-17.73787155496593,36.41363271190171,39.990274015202296,37.69924935810247,14.0,2.3934012129205575,35.0,-100,1.0,0.0,1.0,1.0,1.0,1.0,1.0,0.0,0.0,0.0
2026-06-05 15:41:16,-0.044519098326269546,7.316028324318141,8.076882546038753,-1.2889501359941664,6.682763763105427,20.683533706582445,1.8290424285948186,-13.7377503172404,36.50910108452814,40.50572392065657,37.93961642935527,14.0,2.3934012129205575,35.0,-100,1.0,0.0,1.0,1.0,1.0,1.0,1.0,0.0,0.0,0.0
2026-06-05 15:41:17,3.853766237092617,10.191061624630805,4.593834898662454,-1.8217935062068369,8.484239188984946,21.28484359350341,2.2093172975342013,-17.661439953645022,36.71839345882555,40.45360260497974,38.25870951261486,14.0,2.3934012129205575,35.0,-100,1.0,0.0,1.0,1.0,1.0,1.0,1.0,0.0,0.0,0.0
2026-06-05 15:41:19,4.263871501782428,8.944899966075623,5.450056201831359,0.5832199643834617,11.07975231184027,19.827561168433267,2.6422620739066573,-16.01852294033246,36.55404711617514,40.26757368997696,38.059656930425696,14.0,2.3934012129205575,35.0,-100,1.0,0.0,1.0,1.0,1.0,1.0,1.0,0.0,0.0,0.0
2026-06-05 15:41:20,1.5646260813705388,10.492446373263874,7.462083817784102,2.0357646990270086,5.842344944798915,15.674330450693937,-0.15829279587283906,-15.220120436536675,36.41334115916393,40.26005449687975,37.760082690648865,14.0,2.3934012129205575,35.0,-100,1.0,0.0,1.0,1.0,1.0,1.0,1.0,0.0,0.0,0.0
2026-06-05 15:41:21,4.591403293438511,6.257661617389472,6.503217243814404,2.239364743887678,9.970787861768951,20.29563005800727,1.7823141283049995,-15.83407271894023,36.84704548799102,39.94059588802921,38.19455989250327,14.0,2.3934012129205575,35.0,-100,1.0,0.0,1.0,1.0,1.0,1.0,1.0,0.0,0.0,0.0
2026-06-05 15:41:22,0.8714447862349326,8.396547956214459,5.377184422678853,-1.7862807564999392,9.9473015487287,16.448177199776325,3.6804436424763987,-15.185061866777575,36.50891951437356,40.14837388846931,37.86525315747713,14.0,2.3934012129205575,35.0,-100,1.0,0.0,1.0,1.0,1.0,1.0,1.0,0.0,0.0,0.0
2026-06-05 15:41:23,2.5029592997167085,5.5020081709977315,6.518191150949772,3.114948354082439,5.89578539075882,20.52827154083643,-0.7446333556123781,-17.48642633481863,36.67916578886625,40.321272893628056,37.975456957006976,14.0,2.3934012129205575,35.0,-100,1.0,0.0,1.0,1.0,1.0,1.0,1.0,0.0,0.0,0.0
2026-06-05 15:41:25,5.036836074724162,9.184723882589887,5.1203461424890815,3.5990976438416995,7.463093763254479,16.059317807943795,1.5153776134299033,-13.270101563216551,36.759208950946125,40.515014183930134,38.109224832063724,14.0,2.3934012129205575,35.0,-100,1.0,0.0,1.0,1.0,1.0,1.0,1.0,0.0,0.0,0.0
2026-06-05 15:41:26,4.230682869058406,5.56484396973263,7.163441264967734,1.376196744893953,11.43508458223257,16.878019583135462,1.0679359439060656,-17.322425941364134,36.73726693035925,39.9403910734805,38.17177420030263,14.0,2.3934012129205575,35.0,-100,1.0,0.0,1.0,1.0,1.0,1.0,1.0,0.0,0.0,0.0
2026-06-05 15:41:28,2.6879691184463272,7.3133075289570755,6.343889989449046,1.6325556327860573,10.156857985268504,16.839225930392903,0.9850939991823466,-14.518736548488853,36.46787515595294,40.195352593354414,37.94022409368712,14.0,2.3934012129205575,35.0,-100,1.0,0.0,1.0,1.0,1.0,1.0,1.0,0.0,0.0,0.0
2026-06-05 15:41:29,4.031295905921721,5.428764508399013,4.324051687277908,1.4226597512424015,7.8733945859624495,17.482642785378765,-0.6977537942966576,-17.318033367961974,36.70184485513276,40.15697912623434,37.958577961393914,14.0,2.3934012129205575,35.0,-100,1.0,0.0,1.0,1.0,1.0,1.0,1.0,0.0,0.0,0.0
2026-06-05 15:41:30,5.383399245056288,5.585742272430798,8.484040654004605,1.896631764530187,5.854647782483892,15.90908940631141,1.0291666331600204,-14.612360931434562,36.79921457754129,40.39617637837076,37.86584091762405,14.0,2.3934012129205575,35.0,-100,1.0,0.0,1.0,1.0,1.0,1.0,1.0,0.0,0.0,0.0
2026-06-05 15:41:31,0.6073420393775035,8.150318673367881,6.7490245212185975,3.9156195504571825,6.144873539290611,19.824747809221307,0.35674439311879436,-15.876519232846757,36.50288993964586,40.06300210050283,38.242292006449354,14.0,2.3934012129205575,35.0,-100,1.0,0.0,1.0,1.0,1.0,1.0,1.0,0.0,0.0,0.0
2026-06-05 15:41:32,0.1289288466968843,7.366918507390331,8.242884576100531,0.26514945934417344,10.640184403585934,15.429055298318165,-1.3865686080695943,-14.986863525177515,36.73436207168666,40.249179063170004,38.26063464263431,14.0,2.3934012129205575,35.0,-100,1.0,0.0,1.0,1.0,1.0,1.0,1.0,0.0,0.0,0.0
2026-06-05 15:41:33,0.5755491386189968,7.2506846896893675,4.060291584863221,2.066923373993408,9.227860216148011,17.378420160628004,-0.08318228061907429,-17.978413878628288,36.62003143054019,40.51887729190826,38.10027000988855,14.0,2.3934012129205575,35.0,-100,1.0,0.0,1.0,1.0,1.0,1.0,1.0,0.0,0.0,0.0
2026-06-05 15:41:34,3.2490135574045267,5.437667871048386,7.636189848286489,1.2911943516137887,6.8763186528940095,17.60514272146957,1.7202980106588655,-16.324847114625406,36.59926573430693,40.275966886282404,38.219795946193486,14.0,2.3934012129205575,35.0,-100,1.0,0.0,1.0,1.0,1.0,1.0,1.0,0.0,0.0,0.0
2026-06-05 15:41:36,4.099070688091089,8.835821391282465,7.921410310779161,0.3172604075033183,10.085364423030045,17.21278670536837,2.2512517457258285,-18.38380764431226,36.89688387455412,40.19387330633511,38.02841047765093,14.0,2.3934012129205575,35.0,-100,1.0,0.0,1.0,1.0,1.0,1.0,1.0,0.0,0.0,0.0
2026-06-05 15:41:37,0.5159746485345735,5.199355968606364,9.889826476969052,3.169804165227055,10.356976019534368,18.89206510192511,2.3860856800631325,-18.220194104878164,36.96182194471013,40.24438227405543,38.27531387255087,14.0,2.3934012129205575,35.0,-100,1.0,0.0,1.0,1.0,1.0,1.0,1.0,0.0,0.0,0.0
2026-06-05 15:41:38,5.729281612579063,5.663921824421994,5.100125609860019,3.6074719338396184,7.746936650719408,17.49997372646038,3.873141276082075,-14.060569466419881,36.47175410612341,40.11333888163827,37.90259458634889,14.0,2.3934012129205575,35.0,-100,1.0,0.0,1.0,1.0,1.0,1.0,1.0,0.0,0.0,0.0
2026-06-05 15:41:39,1.0122398964578185,9.69134554540823,5.983102393125183,0.30006787444679794,6.064593270063183,17.83500547444844,3.8810824736454457,-14.721827779562314,36.765211752161136,40.03025837758025,38.027982539092434,14.0,2.3934012129205575,35.0,-100,1.0,0.0,1.0,1.0,1.0,1.0,1.0,0.0,0.0,0.0
2026-06-05 15:41:40,4.827354938213748,5.013325287764131,4.324499783923426,2.622307930352685,7.944970402880514,17.353298931509748,0.7460510438059464,-16.29547017897635,36.70880991226892,40.065777719038145,38.05433513344994,14.0,2.3934012129205575,35.0,-100,1.0,0.0,1.0,1.0,1.0,1.0,1.0,0.0,0.0,0.0
2026-06-05 15:41:41,1.3677939782576705,5.984470447742162,9.26524811398987,2.5117613095035844,7.208356019041598,20.615932410081694,3.921516733102547,-16.78378818753932,36.41374764599286,40.442030628109706,37.98144795732071,14.0,2.3934012129205575,35.0,-100,1.0,0.0,1.0,1.0,1.0,1.0,1.0,0.0,0.0,0.0
2026-06-05 15:41:42,2.283664414325858,6.1179429412938315,4.920734626610657,-0.04284631009460793,8.686144155578841,20.511333624446497,1.5318819012106126,-14.955822641793677,36.507588293636005,40.12560168814718,38.235390033984906,14.0,2.3934012129205575,35.0,-100,1.0,0.0,1.0,1.0,1.0,1.0,1.0,0.0,0.0,0.0
2026-06-05 15:41:43,1.5281292365195376,9.670329816082326,9.168362874338687,2.6843140892333768,6.082051511871006,19.68173182528089,3.2152921110795525,-15.345896340285382,36.65226458579021,40.3093590489257,37.96386254171976,14.0,2.3934012129205575,35.0,-100,1.0,0.0,1.0,1.0,1.0,1.0,1.0,0.0,0.0,0.0
2026-06-05 15:41:44,5.537213632241951,7.030946975422506,8.638843577077838,-1.6678061692393777,6.863239299726384,17.348100523978896,3.0177427942675266,-14.856505399927453,36.534889067854955,39.966727718628846,38.207176683816016,14.0,2.3934012129205575,35.0,-100,1.0,0.0,1.0,1.0,1.0,1.0,1.0,0.0,0.0,0.0
2026-06-05 15:41:45,5.256931842649815,5.629739393137427,6.499602054742963,-0.5083258108557696,10.397700229246588,15.311149332626456,2.074055394709624,-17.400948410049228,36.804157019471845,40.102762659750894,37.93854336917126,14.0,2.3934012129205575,35.0,-100,1.0,0.0,1.0,1.0,1.0,1.0,1.0,0.0,0.0,0.0
2026-06-05 15:41:47,1.1803602018755033,9.97471704234815,8.727432239097583,-0.5697729771139819,6.798786678060903,20.629254742366207,1.7231780650816657,-15.93758824520254,36.75682109450847,40.43897789623672,37.96853623808829,14.0,2.3934012129205575,35.0,-100,1.0,0.0,1.0,1.0,1.0,1.0,1.0,0.0,0.0,0.0
2026-06-05 15:41:48,0.7533164146078262,6.633604302166751,9.622214879294493,3.942977335109214,9.663964267854277,17.39334687915769,-0.16299380505709737,-14.974286999660052,36.978281474199456,40.44527940889387,37.878619931579095,14.0,2.3934012129205575,35.0,-100,1.0,0.0,1.0,1.0,1.0,1.0,1.0,0.0,0.0,0.0
2026-06-05 15:41:49,2.1096948709776777,4.800426132818062,6.518921951641246,-1.7738622847711731,8.379321143469282,17.671873931073552,1.0539785105229829,-16.687831107687394,36.89109318830197,40.41187924681972,37.74370752079553,14.0,2.3934012129205575,35.0,-100,1.0,0.0,1.0,1.0,1.0,1.0,1.0,0.0,0.0,0.0
2026-06-05 15:41:50,5.159088176624345,8.763283735311708,9.877975139491987,2.4127634773954423,11.226295883837707,20.33839513159569,3.4141226342489226,-15.979491869997752,36.98992831352626,40.233875543557296,37.86742367543458,14.0,2.3934012129205575,35.0,-100,1.0,0.0,1.0,1.0,1.0,1.0,1.0,0.0,0.0,0.0
2026-06-05 15:41:51,4.220096145003825,7.525584317836387,4.848434025211262,0.08698746546347413,11.338981538734545,19.361185965794224,2.2647003088716557,-15.263670177540062,36.73390531782372,40.29523365571282,38.045702859624434,14.0,2.3934012129205575,35.0,-100,1.0,0.0,1.0,1.0,1.0,1.0,1.0,0.0,0.0,0.0
2026-06-05 15:41:52,0.097605416351219,10.073267727619308,6.724465496887234,3.845702983471951,6.617671999416977,17.625748693071507,0.9904327107284341,-14.352400748249424,36.835754691368244,40.01766600837466,37.869310983224004,14.0,2.3934012129205575,35.0,-100,1.0,0.0,1.0,1.0,1.0,1.0,1.0,0.0,0.0,0.0
2026-06-05 15:41:53,0.6996974108189327,4.745546393571438,4.066103867550863,3.5051997850293137,7.9666366710034096,16.65690279033224,0.8587611410280984,-17.99022135955242,36.93026972471353,40.05068759689321,37.752868149180514,14.0,2.3934012129205575,35.0,-100,1.0,0.0,1.0,1.0,1.0,1.0,1.0,0.0,0.0,0.0
2026-06-05 15:41:54,3.0794825808135653,5.485952300483371,9.4415980284757,0.9705562777637491,11.305445723239503,15.505638584673221,3.998636186442905,-13.468531547070757,36.52639331322538,40.32120948091122,38.2452102617148,14.0,2.3934012129205575,35.0,-100,1.0,0.0,1.0,1.0,1.0,1.0,1.0,0.0,0.0,0.0
2026-06-05 15:41:56,1.2704030834035185,5.671256263244384,5.126616263495211,1.1676106271195628,8.542856742478813,17.344830816417414,-0.6021456810069168,-12.985079075593964,36.7299501641609,40.218218499221415,38.05336434307822,14.0,2.3934012129205575,35.0,-100,1.0,0.0,1.0,1.0,1.0,1.0,1.0,0.0,0.0,0.0
2026-06-05 15:41:57,2.0909329804713015,8.55801060492119,8.471471122019285,-0.6258332357406149,7.654290330547308,16.743967527106932,0.13550469233977314,-16.94563058931984,36.71219829377533,39.93608114211613,38.214889431227476,14.0,2.3934012129205575,35.0,-100,1.0,0.0,1.0,1.0,1.0,1.0,1.0,0.0,0.0,0.0
2026-06-05 15:41:58,1.9373795701439631,8.696085634681651,7.514731718494486,1.754286597806204,7.312908718345848,16.917181575261775,-0.663111571426783,-16.15596072096412,36.88278216240869,40.261199890326445,37.81143184571507,14.0,2.3934012129205575,35.0,-100,1.0,0.0,1.0,1.0,1.0,1.0,1.0,0.0,0.0,0.0
2026-06-05 15:41:59,1.938384045562369,9.058977304698791,5.282852753646765,-1.3684588488545555,8.702228047170326,16.766319577325962,3.964823858136355,-17.054458259014208,36.82569159166257,39.93832232549693,37.91730155148381,14.0,2.3934012129205575,35.0,-100,1.0,0.0,1.0,1.0,1.0,1.0,1.0,0.0,0.0,0.0
2026-06-05 15:42:01,3.9672934842682652,7.315548493465349,9.972380060686602,3.8351169793139848,10.299590705409555,17.96282942592942,1.4632057333842021,-14.617612809632096,36.96715241005781,40.24589797789393,37.96318229118132,14.0,2.3934012129205575,35.0,-100,1.0,0.0,1.0,1.0,1.0,1.0,1.0,0.0,0.0,0.0
2026-06-05 15:42:02,1.4623914218203256,5.074944254371033,4.4530875800431895,2.8335744320244656,8.44372576188134,15.433147932299807,-0.03216861863199094,-16.412380283836008,36.403969439743285,40.249019579257464,38.17426963687801,14.0,2.3934012129205575,35.0,-100,1.0,0.0,1.0,1.0,1.0,1.0,1.0,0.0,0.0,0.0
2026-06-05 15:42:03,1.15829026543693,8.80750756529558,8.38044746548896,3.467097402610527,8.717207349988245,18.03762592310659,0.740334760306613,-17.67569414987582,36.49958576140797,40.249054904317255,37.79939916133871,14.0,2.3934012129205575,35.0,-100,1.0,0.0,1.0,1.0,1.0,1.0,1.0,0.0,0.0,0.0
2026-06-05 15:42:04,3.7171167863669377,9.273963224089675,8.770446835588466,-1.7514033799268187,9.316886430065786,16.375001936389367,-0.18455896281679074,-13.229734020063649,36.845370328204666,39.980147471123566,38.241116773351145,14.0,2.3934012129205575,35.0,-100,1.0,0.0,1.0,1.0,1.0,1.0,1.0,0.0,0.0,0.0
2026-06-05 15:42:05,3.8839747802320685,7.961394459892686,8.505405960349822,3.691214138300966,8.521420971193422,19.771605920733244,3.498700946093649,-13.16628006427189,36.692276908054914,40.03198037081679,38.1606270985509,14.0,2.3934012129205575,35.0,-100,1.0,0.0,1.0,1.0,1.0,1.0,1.0,0.0,0.0,0.0
2026-06-05 15:42:07,2.023987900863463,5.683376396771084,4.599952940230593,-1.37076373782664,9.823204737774347,20.440187249315045,3.249092296269687,-13.03896874557354,36.9257281183857,40.490940233679396,37.912895103449195,14.0,2.3934012129205575,35.0,-100,1.0,0.0,1.0,1.0,1.0,1.0,1.0,0.0,0.0,0.0
2026-06-05 15:42:08,1.2721185239773838,9.044380466967514,8.80465222394487,0.8452750335766517,11.246418725823577,19.223831881093616,0.5227855769212715,-13.916361055787497,36.77035196232489,40.44305276852454,37.75028147485129,14.0,2.3934012129205575,35.0,-100,1.0,0.0,1.0,1.0,1.0,1.0,1.0,0.0,0.0,0.0
2026-06-05 15:42:09,0.664718679634404,8.816816461255275,9.158752006021482,2.2176261761500866,10.355366249387682,17.890033072696482,1.0189701975282741,-16.822833689232063,36.55435576705444,40.29338179983539,38.26448429219505,14.0,2.3934012129205575,35.0,-100,1.0,0.0,1.0,1.0,1.0,1.0,1.0,0.0,0.0,0.0
2026-06-05 15:42:10,3.591267808510484,7.562834007969318,6.879605165904225,2.0577992497940416,11.346184595191737,15.827847742130858,-1.616325679014929,-16.040520147209257,36.83138162667831,40.39042236521024,38.11428714203231,14.0,2.3934012129205575,35.0,-100,1.0,0.0,1.0,1.0,1.0,1.0,1.0,0.0,0.0,0.0
2026-06-05 15:42:11,2.8576543405910284,6.974023015442727,4.535962620191894,3.0914062133862075,9.317396887237285,18.25171066300544,2.870060575005086,-14.767985854528105,36.57942465594447,39.96709138034696,37.77201661213966,14.0,2.3934012129205575,35.0,-100,1.0,0.0,1.0,1.0,1.0,1.0,1.0,0.0,0.0,0.0
2026-06-05 15:42:12,2.84597537705627,7.915963163899825,6.777748710840202,3.2282018715699925,9.671031400530243,20.45735964982954,-1.4302427453011672,-17.27643959578644,36.912058196543754,40.24802604959878,38.115132533253714,14.0,2.3934012129205575,35.0,-100,1.0,0.0,1.0,1.0,1.0,1.0,1.0,0.0,0.0,0.0
2026-06-05 15:42:13,4.10184371492959,8.55370155738524,7.975155406359956,-0.04609202113035615,8.496602791769451,17.270728381750423,4.199415498823211,-14.766548811582133,36.60031576003267,40.41277463732875,37.79966626600295,14.0,2.3934012129205575,35.0,-100,1.0,0.0,1.0,1.0,1.0,1.0,1.0,0.0,0.0,0.0
2026-06-05 15:42:14,4.235396148043215,8.298403964776284,6.075104636079853,-1.3896626512344152,5.797545375324318,18.958791285160146,0.2594630798487212,-13.837697015495186,36.4226065705483,40.23736426601714,38.11044659895528,14.0,2.3934012129205575,35.0,-100,1.0,0.0,1.0,1.0,1.0,1.0,1.0,0.0,0.0,0.0
2026-06-05 15:42:16,3.306368434995739,4.980093881517356,5.642134813728792,2.8402618294806388,6.793787802576421,15.85241674824179,-0.754083421856792,-17.29226476528504,36.75567695228045,40.18165349950431,38.28585438003802,14.0,2.3934012129205575,35.0,-100,1.0,0.0,1.0,1.0,1.0,1.0,1.0,0.0,0.0,0.0
2026-06-05 15:42:17,5.055356667042106,8.940698019843916,5.107363258417837,0.9137071472219347,6.2987335931073005,17.70132059418801,0.9828254699150221,-17.411371452087845,36.610659639299975,40.38032876308865,38.2624783413825,14.0,2.3934012129205575,35.0,-100,1.0,0.0,1.0,1.0,1.0,1.0,1.0,0.0,0.0,0.0
2026-06-05 15:42:18,3.4943759374718004,7.35286301275695,6.864304732182009,1.1415000773899902,9.624606306975592,19.944550686895607,3.2238810817742785,-18.258779293133042,36.86604262804687,40.36637717932453,37.96248834833578,14.0,2.3934012129205575,35.0,-100,1.0,0.0,1.0,1.0,1.0,1.0,1.0,0.0,0.0,0.0
2026-06-05 15:42:20,1.3666636896297009,5.958258631066631,6.905210671805873,1.7424665500987686,7.870349297911407,20.939899514773884,-0.035340588201319356,-18.347039170081477,36.90699539708218,40.288560630411745,37.9217186791333,14.0,2.3934012129205575,35.0,-100,1.0,0.0,1.0,1.0,1.0,1.0,1.0,0.0,0.0,0.0
2026-06-05 15:42:21,5.474756782974579,8.936902920834505,5.314384956498613,0.8467200296662929,8.652671767123714,20.647833670643408,0.08363488281972953,-17.757794465788056,36.53219252068343,40.219115919628095,37.7911046100665,14.0,2.3934012129205575,35.0,-100,1.0,0.0,1.0,1.0,1.0,1.0,1.0,0.0,0.0,0.0
2026-06-05 15:42:22,0.6558627322140924,7.515575123004127,9.347672941707817,1.0407093293525165,9.078686328633506,20.846857573639973,-0.564182734289332,-15.50240627701495,36.47950180246046,40.005948227547066,38.21447015284791,14.0,2.3934012129205575,35.0,-100,1.0,0.0,1.0,1.0,1.0,1.0,1.0,0.0,0.0,0.0
2026-06-05 15:42:23,4.6112256143668695,4.559990873020687,7.638811256411524,1.3160955226156208,6.326482415678521,18.836164815640345,2.826880748118141,-18.238448168893004,36.657137786416364,40.310537845146364,37.94603840472206,14.0,2.3934012129205575,35.0,-100,1.0,0.0,1.0,1.0,1.0,1.0,1.0,0.0,0.0,0.0
2026-06-05 15:42:24,3.9016853543557897,4.521054239570263,5.857270639073367,1.808198511541662,11.259299226637427,17.324746757982048,-0.10597831663447521,-15.879066905347845,36.545740336974546,40.24516582261338,38.03197320035402,14.0,2.3934012129205575,35.0,-100,1.0,0.0,1.0,1.0,1.0,1.0,1.0,0.0,0.0,0.0
2026-06-05 15:42:25,4.1824614986379265,9.415949910368056,6.2970107848836525,3.8078624440988165,10.225965076758438,19.126759473283578,-0.8428668069646204,-15.971832504723388,36.65383373995283,40.487523390564455,37.901749549057875,14.0,2.3934012129205575,35.0,-100,1.0,0.0,1.0,1.0,1.0,1.0,1.0,0.0,0.0,0.0
2026-06-05 15:42:26,4.576231207805724,7.483156185982986,7.221059672640838,-0.8614366494568699,7.654421826761204,21.025003127474683,-0.5238160836473176,-16.79316782324825,36.4450347177714,40.17606607778732,37.9981309398736,14.0,2.3934012129205575,35.0,-100,1.0,0.0,1.0,1.0,1.0,1.0,1.0,0.0,0.0,0.0
2026-06-05 15:42:28,3.3576231829340655,9.88117337024784,9.376275360376182,-0.6582013524973218,6.865786682033115,17.071111495199204,1.2787798734223759,-16.887165154304622,36.848456092938896,40.29020748494387,37.993740053212505,14.0,2.3934012129205575,35.0,-100,1.0,0.0,1.0,1.0,1.0,1.0,1.0,0.0,0.0,0.0
2026-06-05 15:42:29,0.31074466267711554,5.703658260918898,7.3603735986168255,-1.8825594421381284,11.479961210717512,16.23938581560295,2.848640132325853,-13.37687763703099,36.47013528252004,40.05976248516428,37.737460912509626,14.0,2.3934012129205575,35.0,-100,1.0,0.0,1.0,1.0,1.0,1.0,1.0,0.0,0.0,0.0
2026-06-05 15:42:30,0.9330444361853558,5.971668248121526,9.542200480483658,-1.6240239998682666,9.583108676901182,18.046119761953793,0.3179109650428815,-14.881126327027376,36.8738428572301,40.49518858526003,37.88658928756486,14.0,2.3934012129205575,35.0,-100,1.0,0.0,1.0,1.0,1.0,1.0,1.0,0.0,0.0,0.0
2026-06-05 15:42:31,4.773679276251033,9.903968585086973,4.148847357736444,3.49011899797768,8.972113850561882,15.553660288316301,2.2898536557450226,-17.537733232814254,36.44243654582916,40.306733582385476,38.135706853608895,14.0,2.3934012129205575,35.0,-100,1.0,0.0,1.0,1.0,1.0,1.0,1.0,0.0,0.0,0.0
2026-06-05 15:42:32,1.2394961657988288,9.207602079551933,7.484482245395908,1.3111226595474799,9.797582313776955,19.86093695649939,0.1934435796995091,-15.652675588084508,36.707685068943086,39.9481587902763,37.988201611091895,14.0,2.3934012129205575,35.0,-100,1.0,0.0,1.0,1.0,1.0,1.0,1.0,0.0,0.0,0.0
2026-06-05 15:42:34,4.555859021308866,7.348122734112832,7.838374782626143,-0.6812473380927369,11.0443074734681,17.349423692050845,-1.7218613792105142,-13.353149084390623,36.881492522588275,40.17552795264925,38.214696431990056,14.0,2.3934012129205575,35.0,-100,1.0,0.0,1.0,1.0,1.0,1.0,1.0,0.0,0.0,0.0
2026-06-05 15:42:36,2.9532668602679033,5.565535887437172,8.24832982310942,3.0409396330193728,9.072194327066384,20.76769683766671,3.7256486882015274,-12.95421142709958,36.809397367596546,40.43242009388037,38.06184524446621,14.0,2.3934012129205575,35.0,-100,1.0,0.0,1.0,1.0,1.0,1.0,1.0,0.0,0.0,0.0
2026-06-05 15:42:37,0.7523816084750763,7.503883783864123,7.768175051736418,1.5586922508740715,10.608162845309687,18.725603924834786,2.704533733957722,-17.51816918253772,36.998347854653204,40.47604952629471,38.28877890647225,14.0,2.3934012129205575,35.0,-100,1.0,0.0,1.0,1.0,1.0,1.0,1.0,0.0,0.0,0.0
2026-06-05 15:42:38,4.448171677939208,5.689263352294655,7.403965416811634,1.809457624705514,9.895517046639549,17.754896706118284,0.6861356244178962,-16.624486661985646,36.88026037854547,40.43328049609996,38.0269739026246,14.0,2.3934012129205575,35.0,-100,1.0,0.0,1.0,1.0,1.0,1.0,1.0,0.0,0.0,0.0
2026-06-05 15:42:40,5.576231439606677,7.312680199387715,8.112645727571484,0.6926566879130913,7.056826233579135,16.584015120352813,-1.2085548630918508,-15.409218365188645,36.99743341730643,40.42974414744652,37.710494263985396,14.0,2.3934012129205575,35.0,-100,1.0,0.0,1.0,1.0,1.0,1.0,1.0,0.0,0.0,0.0
2026-06-05 15:42:41,0.36269555469108106,9.954973394102952,5.675954538063552,-1.067670495239069,10.164438039745333,20.879612908141574,0.5030687602825936,-18.393228448817137,36.72589109059821,40.31676297276392,38.1971699501839,14.0,2.3934012129205575,35.0,-100,1.0,0.0,1.0,1.0,1.0,1.0,1.0,0.0,0.0,0.0
2026-06-05 15:42:42,3.614767800750882,7.170280475113292,9.918714618356113,3.1149236219971277,9.086457598146152,18.04881373692558,-0.24097977904972523,-14.238974216242637,36.774698831385024,40.45063153247023,37.788925354300815,14.0,2.3934012129205575,35.0,-100,1.0,0.0,1.0,1.0,1.0,1.0,1.0,0.0,0.0,0.0
2026-06-05 15:42:43,0.6725251718220013,4.624010868195778,4.726674298075819,-0.4169643908998817,11.431915393103733,16.25810711906785,3.024472734781651,-13.280105246838719,36.49780924694475,40.48818688179211,37.76392235528966,14.0,2.3934012129205575,35.0,-100,1.0,0.0,1.0,1.0,1.0,1.0,1.0,0.0,0.0,0.0
2026-06-05 15:42:44,1.8826225052570718,9.40729283646888,6.457267430493001,-1.7025070912204185,11.282461093050383,17.75463253995942,-0.03429435297666261,-13.485739966824271,36.63076877348664,40.002046157494334,38.24766791528328,14.0,2.3934012129205575,35.0,-100,1.0,0.0,1.0,1.0,1.0,1.0,1.0,0.0,0.0,0.0
2026-06-05 15:42:46,4.378352616388761,5.203587828346253,5.9624039893303475,0.06030786714976211,5.78877427896175,20.163136244040125,2.930366861268003,-16.724512057503407,36.67515691180596,40.10493325016063,37.783676301248505,14.0,2.3934012129205575,35.0,-100,1.0,0.0,1.0,1.0,1.0,1.0,1.0,0.0,0.0,0.0
2026-06-05 15:42:48,5.200075842967926,6.593597166263718,8.949311709018199,0.20462307018556913,8.856645844697802,19.769174757441075,-0.8257548557924461,-17.81327839345125,36.58640240905091,40.32735106023897,38.28638568145328,14.0,2.3934012129205575,35.0,-100,1.0,0.0,1.0,1.0,1.0,1.0,1.0,0.0,0.0,0.0
2026-06-05 15:42:49,4.584730234020522,6.745995503260741,8.574837399281932,3.917003002716725,7.651762685725008,17.637284007733975,-0.44454053066182975,-17.44963230318512,36.82669935538121,40.01907686278329,37.91384984429482,14.0,2.3934012129205575,35.0,-100,1.0,0.0,1.0,1.0,1.0,1.0,1.0,0.0,0.0,0.0
2026-06-05 15:42:50,2.4192248471644735,10.15815438805966,5.308583585216354,1.2239269981972312,7.215809432550948,20.907659397611795,-1.6150373893476626,-18.19186560817589,36.820890282875844,40.01483839418574,38.09435687123459,14.0,2.3934012129205575,35.0,-100,1.0,0.0,1.0,1.0,1.0,1.0,1.0,0.0,0.0,0.0
2026-06-05 15:42:51,5.642859431430351,9.128047941059238,9.478608743312712,-1.8106565229552896,11.501463811374109,20.874749204455593,2.6907103148874967,-18.29551309841335,36.60142256598362,40.18635715437141,37.93171770467512,14.0,2.3934012129205575,35.0,-100,1.0,0.0,1.0,1.0,1.0,1.0,1.0,0.0,0.0,0.0
2026-06-05 15:42:52,2.865198166353882,4.523791342072251,7.06635827500312,1.7657665561899072,8.683046066179312,20.282757991358967,-0.7608431340939954,-16.84723481399169,36.84443224031255,40.31301982237174,37.755011935350694,14.0,2.3934012129205575,35.0,-100,1.0,0.0,1.0,1.0,1.0,1.0,1.0,0.0,0.0,0.0
2026-06-05 15:42:54,2.4623007014148746,4.681116130511887,6.987319931829004,2.788203459823878,11.434447787031798,19.731046409869435,-1.3357354713530443,-16.898230091431266,36.53825459431011,40.1743348846305,37.70685756776526,14.0,2.3934012129205575,35.0,-100,1.0,0.0,1.0,1.0,1.0,1.0,1.0,0.0,0.0,0.0
2026-06-05 15:42:55,3.424165951205258,5.599201953796752,9.220399081391836,3.4978190365233095,8.044020588063567,15.672569235830661,-0.5295370815344234,-16.233822990915165,36.68193239068857,40.03535183005717,38.16516614642627,14.0,2.3934012129205575,35.0,-100,1.0,0.0,1.0,1.0,1.0,1.0,1.0,0.0,0.0,0.0
2026-06-05 15:42:56,0.17804660876443457,7.335485040089834,9.693364096488125,1.7019914593656384,11.156786664781157,18.0921003150338,0.504310063960951,-16.480684320590136,36.803154758723515,40.17512440910294,37.95415318302329,14.0,2.3934012129205575,35.0,-100,1.0,0.0,1.0,1.0,1.0,1.0,1.0,0.0,0.0,0.0
2026-06-05 15:42:57,4.664138005260016,6.911388769607057,8.269104837579768,1.6342958513933743,8.51622740952257,19.76208803957729,-1.4894578752182062,-16.942724975436654,36.78175370125038,40.47522073115223,37.964957635309375,14.0,2.3934012129205575,35.0,-100,1.0,0.0,1.0,1.0,1.0,1.0,1.0,0.0,0.0,0.0
2026-06-05 15:42:59,1.6330551244409313,6.56641574865178,9.01719722560604,-1.0943038090558135,6.190233473123614,20.98256594930959,3.929656124583807,-14.028481059879605,36.437946553163535,40.14759411711409,38.26015802862263,14.0,2.3934012129205575,35.0,-100,1.0,0.0,1.0,1.0,1.0,1.0,1.0,0.0,0.0,0.0
2026-06-05 15:43:00,4.991987407318658,7.0713778632493804,5.6759533941452815,-1.5215065687381681,6.236926176505794,16.716291161957646,2.3765106788471995,-16.59338533158175,36.83055551924621,40.37346980263503,38.203431912012256,14.0,2.3934012129205575,35.0,-100,1.0,0.0,1.0,1.0,1.0,1.0,1.0,0.0,0.0,0.0
2026-06-05 15:43:01,3.8543928043724796,5.6646090527077275,9.527492248244638,0.9304893020166949,8.698408240530188,20.487454421771147,-0.5724807119680233,-17.306837821259364,36.79701882038306,40.17123935455896,37.8636167578957,14.0,2.3934012129205575,35.0,-100,1.0,0.0,1.0,1.0,1.0,1.0,1.0,0.0,0.0,0.0
2026-06-05 15:43:03,2.5684577664176054,5.734131378717576,7.3346775823448365,1.2565500408442922,8.052960722475078,20.17906113690254,2.2462561522629567,-14.864570101474229,36.672889053788566,40.51165023192898,37.886106005335705,14.0,2.3934012129205575,35.0,-100,1.0,0.0,1.0,1.0,1.0,1.0,1.0,0.0,0.0,0.0
2026-06-05 15:43:04,-9.907195861469376e-05,7.290495896657401,4.341820427130558,3.888363764117968,11.245270674633678,20.527072244038695,0.9434605348379144,-12.813401144108646,36.89271104256485,40.43121480262605,37.78957968099133,14.0,2.3934012129205575,35.0,-100,1.0,0.0,1.0,1.0,1.0,1.0,1.0,0.0,0.0,0.0
2026-06-05 15:43:05,2.0287048102199483,10.219200076821277,8.151798255717098,0.030615905993071735,6.049185856880808,18.88642481963748,0.8298980607229343,-18.19373912170078,36.56516079111107,40.495900258277345,37.78593652430004,14.0,2.3934012129205575,35.0,-100,1.0,0.0,1.0,1.0,1.0,1.0,1.0,0.0,0.0,0.0
2026-06-05 15:43:07,1.7470004523263518,4.676779431454622,8.965647818095954,3.6218467141955557,8.596432840356458,19.174713959536227,1.1697486256551541,-17.354720334442668,36.63285374314025,39.99861875486838,37.98720482311555,14.0,2.3934012129205575,35.0,-100,1.0,0.0,1.0,1.0,1.0,1.0,1.0,0.0,0.0,0.0
2026-06-05 15:43:08,2.3359127336897316,9.330439706708908,7.535099089583303,2.6071664874666096,8.601484168406898,18.887594211827498,0.8260010147068968,-13.852942059697426,36.45276838010422,40.20532747839293,37.90996297956854,14.0,2.3934012129205575,35.0,-100,1.0,0.0,1.0,1.0,1.0,1.0,1.0,0.0,0.0,0.0
2026-06-05 15:43:09,2.6057874314500107,8.830978489057276,7.308599647794792,-0.40524170283511207,11.365338948561057,16.963965576179046,2.1504329774366377,-15.830338847174694,36.683450255325745,40.21879701889527,38.01710683181026,14.0,2.3934012129205575,35.0,-100,1.0,0.0,1.0,1.0,1.0,1.0,1.0,0.0,0.0,0.0
2026-06-05 15:43:10,3.2123414188504387,8.833924599882813,9.664201581871435,1.3546696540649443,6.406491817122426,16.2266572910376,1.0014132600493602,-13.961039942422389,36.45103692801408,40.368801352172355,38.079715262368424,14.0,2.3934012129205575,35.0,-100,1.0,0.0,1.0,1.0,1.0,1.0,1.0,0.0,0.0,0.0
2026-06-05 15:43:12,3.8947569466132466,7.434122373906886,8.514252452338873,-1.2075155121354406,8.336803735558341,16.989928367767607,-1.2210241813419356,-18.213668368584386,36.659171868746114,40.36233434382373,37.91576743149301,14.0,2.3934012129205575,35.0,-100,1.0,0.0,1.0,1.0,1.0,1.0,1.0,0.0,0.0,0.0
2026-06-05 15:43:13,2.9641673624342904,6.687899308522775,9.348871226317787,0.12482470918190902,10.436435505185832,15.889218101847089,1.8842679102653586,-13.369814024567104,36.797698200146044,40.21540431539317,38.035619960941574,14.0,2.3934012129205575,35.0,-100,1.0,0.0,1.0,1.0,1.0,1.0,1.0,0.0,0.0,0.0
2026-06-05 15:43:14,1.507594725062984,8.455019025666388,7.630289526698798,3.117380035751463,5.780907044930025,18.578736773127602,0.11708147418875003,-15.016435974203393,36.406027803358505,40.34844112960866,37.709564589504495,14.0,2.3934012129205575,35.0,-100,1.0,0.0,1.0,1.0,1.0,1.0,1.0,0.0,0.0,0.0
2026-06-05 15:43:16,4.821159045320264,6.490822681404929,8.771114810343247,0.9814013826946653,8.956383300093087,16.05647168327664,0.6735404999749663,-16.284844571312902,36.51372583066031,40.21619279837772,38.06675853424176,14.0,2.3934012129205575,35.0,-100,1.0,0.0,1.0,1.0,1.0,1.0,1.0,0.0,0.0,0.0
2026-06-05 15:43:17,5.536821469322213,4.7101051482251775,6.663766768106851,1.1313443187825536,6.326389822462332,19.426334926049645,1.1992731705616055,-16.606129594567427,36.68675961828209,40.381526069923616,37.773299616639356,14.0,2.3934012129205575,35.0,-100,1.0,0.0,1.0,1.0,1.0,1.0,1.0,0.0,0.0,0.0
2026-06-05 15:43:18,5.462791851769533,9.224497225779027,7.389181093863846,3.894648680583493,10.135039553113195,17.262280330661312,-0.6233211845417521,-15.68249718307357,36.61093379273981,40.520016568269405,38.10841390076918,14.0,2.3934012129205575,35.0,-100,1.0,0.0,1.0,1.0,1.0,1.0,1.0,0.0,0.0,0.0
2026-06-05 15:43:20,5.4282215032808985,6.548286488772198,8.387428432562345,3.7494442562276467,7.083964374031568,16.81135931104369,0.6094409595053509,-14.726468069718175,36.82053950558489,39.92783447235111,38.113934888616036,14.0,2.3934012129205575,35.0,-100,1.0,0.0,1.0,1.0,1.0,1.0,1.0,0.0,0.0,0.0
2026-06-05 15:43:21,1.9470256896921248,7.157827990280406,6.536493857487073,0.41202620737033335,9.397137803593335,19.6839203993933,-0.22566696042715084,-17.214471337156958,36.52321606385172,40.461776880142104,37.84228604950991,14.0,2.3934012129205575,35.0,-100,1.0,0.0,1.0,1.0,1.0,1.0,1.0,0.0,0.0,0.0
2026-06-05 15:43:22,5.4107758294538835,5.552762047166764,4.779356793605013,-0.005342895861610408,10.166826199985943,16.94670089135139,1.7941698196167,-15.503207609927497,36.88330204341923,40.11425903442736,37.77764946810175,14.0,2.3934012129205575,35.0,-100,1.0,0.0,1.0,1.0,1.0,1.0,1.0,0.0,0.0,0.0
2026-06-05 15:43:23,0.05316477575070211,8.837367978618502,5.573506389962115,3.2037406936218042,11.564888666980277,17.26939771797397,2.496403814446384,-15.566570026612464,36.80325614607971,40.318907014730776,37.7830538602758,14.0,2.3934012129205575,35.0,-100,1.0,0.0,1.0,1.0,1.0,1.0,1.0,0.0,0.0,0.0
2026-06-05 15:43:24,4.798370601446748,4.873528263060357,5.175929038593822,0.034765203466324834,10.6530069461801,17.719196718090142,-0.5889633792152891,-15.18654348563442,36.74606235420251,40.169276590753185,38.097934511996016,14.0,2.3934012129205575,35.0,-100,1.0,0.0,1.0,1.0,1.0,1.0,1.0,0.0,0.0,0.0
2026-06-05 15:43:25,1.6663991496967312,9.721969433001087,9.831999105968219,-0.07102004668115147,10.361696305823873,15.95432834314437,1.2581372048982002,-13.99056570856137,36.64212146081469,40.16047297313102,37.90351419758889,14.0,2.3934012129205575,35.0,-100,1.0,0.0,1.0,1.0,1.0,1.0,1.0,0.0,0.0,0.0
2026-06-05 15:43:27,1.155005933352049,4.947059382733134,6.0049523352921295,-1.1926741642455294,10.758277992656186,17.48585605642017,0.4902746463954495,-15.336703492702807,36.52742293613346,40.02077294602479,38.01305044084599,14.0,2.3934012129205575,35.0,-100,1.0,0.0,1.0,1.0,1.0,1.0,1.0,0.0,0.0,0.0
2026-06-05 15:43:28,3.831146808233883,4.837347187925331,6.032485889041939,-0.28933374339888873,11.244028546365401,18.05455415437955,3.0516016756919564,-13.772560860159286,36.72850816950429,40.47046691005863,38.01275958033808,14.0,2.3934012129205575,35.0,-100,1.0,0.0,1.0,1.0,1.0,1.0,1.0,0.0,0.0,0.0
2026-06-05 15:43:30,4.591251773060872,5.81233325685483,10.039398525267549,0.23800526909116737,9.94970555339251,17.864023243279092,1.313989924950302,-16.416231540613428,36.41847276078273,39.966324276184714,38.22484349649157,14.0,2.3934012129205575,35.0,-100,1.0,0.0,1.0,1.0,1.0,1.0,1.0,0.0,0.0,0.0
2026-06-05 15:43:31,4.889232534851365,8.547826438017095,8.761367652704767,2.5256811686119995,9.305090748926457,18.459119125705833,1.5022921178146853,-16.179227361510737,36.66105098470118,40.055883884359375,38.068523939631525,14.0,2.3934012129205575,35.0,-100,1.0,0.0,1.0,1.0,1.0,1.0,1.0,0.0,0.0,0.0
2026-06-05 15:43:32,5.129323782183178,5.298227906185457,5.723767358336708,-0.05983357466994721,8.276094218857384,21.090877407051064,1.5393686383860712,-17.987050882300668,36.600817667628355,40.16265382742486,37.78946263434047,14.0,2.3934012129205575,35.0,-100,1.0,0.0,1.0,1.0,1.0,1.0,1.0,0.0,0.0,0.0
2026-06-05 15:43:33,0.6512941141761432,8.438374125229256,5.745210138080651,3.694381054974091,8.354054541521457,18.40436682689509,0.8373345801942955,-13.894906768310895,36.97791446966796,40.36438186783187,37.88584487310883,14.0,2.3934012129205575,35.0,-100,1.0,0.0,1.0,1.0,1.0,1.0,1.0,0.0,0.0,0.0
2026-06-05 15:43:34,0.30068771824803786,8.928459636348691,7.409317512942625,1.4842138058587557,6.027252124307504,20.99748597818535,2.6787136725752454,-17.673861601232282,36.558135389734225,40.44920927778475,38.20371247168466,14.0,2.3934012129205575,35.0,-100,1.0,0.0,1.0,1.0,1.0,1.0,1.0,0.0,0.0,0.0
2026-06-05 15:43:35,2.527746598927595,5.6170725792050185,9.441521388365132,-0.3727030437313641,8.370191246100886,18.01328436353028,1.9375664289799923,-14.775378253895154,36.60081322517937,40.06216757119522,38.06246681677411,14.0,2.3934012129205575,35.0,-100,1.0,0.0,1.0,1.0,1.0,1.0,1.0,0.0,0.0,0.0
2026-06-05 15:43:37,0.16760535140843924,8.322789383016664,6.660216577460126,3.5139502569231897,11.114443954274687,20.56461939260258,0.2553733744469735,-17.563901633701935,36.43189635374235,40.3913587277632,37.80847153467628,14.0,2.3934012129205575,35.0,-100,1.0,0.0,1.0,1.0,1.0,1.0,1.0,0.0,0.0,0.0
2026-06-05 15:43:38,1.903295985870686,5.292801666031475,9.428781130442175,-0.561071364278126,9.158852724196791,16.196945820986492,3.242289830181445,-17.96411304411057,36.66739939549671,40.215348458412755,38.11306491852205,14.0,2.3934012129205575,35.0,-100,1.0,0.0,1.0,1.0,1.0,1.0,1.0,0.0,0.0,0.0
2026-06-05 15:43:39,2.735495278334249,8.63358742667784,7.0768598962200295,-0.764310234429779,7.0750107751614575,20.376896869010775,1.2725619196823286,-17.239379465445896,36.52263138521755,40.3043814648157,37.983494046894364,14.0,2.3934012129205575,35.0,-100,1.0,0.0,1.0,1.0,1.0,1.0,1.0,0.0,0.0,0.0
2026-06-05 15:43:41,3.473981262880857,5.3028112570686305,4.691092319863458,-0.8073572752965974,10.818100472018726,17.931195266634333,2.9936635347712786,-16.511014914142734,36.425069176886595,40.499425516873345,37.698949241977395,14.0,2.3934012129205575,35.0,-100,1.0,0.0,1.0,1.0,1.0,1.0,1.0,0.0,0.0,0.0
2026-06-05 15:43:42,0.5942040769402199,9.827773539912826,7.095432716365971,1.8260684332112946,6.359157414443118,20.843775877327474,2.9716411323537253,-12.829290815992529,36.93297857434509,40.278705111567064,38.083062029592426,14.0,2.3934012129205575,35.0,-100,1.0,0.0,1.0,1.0,1.0,1.0,1.0,0.0,0.0,0.0
2026-06-05 15:43:43,0.032813107929554164,7.845632193839793,4.565199550398769,-0.970092949001756,6.762057183990652,15.70963132746111,3.696446035405428,-15.347690383073981,36.86635329686903,40.15597797747673,37.89367061446788,14.0,2.3934012129205575,35.0,-100,1.0,0.0,1.0,1.0,1.0,1.0,1.0,0.0,0.0,0.0
2026-06-05 15:43:44,1.969148336983205,5.153532839644334,8.516922020082426,3.474877399981369,5.6471086736757234,18.93820976394606,-1.5514946439204738,-16.5792316427665,36.723626148329394,40.333714665717885,38.271654541630575,14.0,2.3934012129205575,35.0,-100,1.0,0.0,1.0,1.0,1.0,1.0,1.0,0.0,0.0,0.0
2026-06-05 15:43:45,1.0788940383702859,5.778220164131012,5.239507603364775,2.2735276194566127,10.328049478598977,16.527435113877033,1.470471610800165,-16.639304286263044,36.750707747308105,40.0945845244783,37.771060983205466,14.0,2.3934012129205575,35.0,-100,1.0,0.0,1.0,1.0,1.0,1.0,1.0,0.0,0.0,0.0
2026-06-05 15:43:46,2.1835520950839507,5.086549707801451,5.3089090536796135,3.7670335440091147,5.620175266056816,18.949042911667583,2.9134250390168734,-15.527006452080826,36.42627364713268,40.50729537856032,38.20165104816244,14.0,2.3934012129205575,35.0,-100,1.0,0.0,1.0,1.0,1.0,1.0,1.0,0.0,0.0,0.0
2026-06-05 15:43:47,5.5869008601393775,5.520581328121082,8.210829139704988,2.5738560400474846,5.620102004524658,17.694390741025195,-0.5216271993222577,-18.122916387643066,36.80417579003231,40.223490254360186,38.04930102435917,14.0,2.3934012129205575,35.0,-100,1.0,0.0,1.0,1.0,1.0,1.0,1.0,0.0,0.0,0.0
2026-06-05 15:43:49,1.9173943872256523,9.984593248622414,8.86614131315052,1.08214328851142,9.837734779841593,18.276304574335754,2.361136353428436,-15.871805834815541,36.93658695064597,40.07955102139293,37.99101936569314,14.0,2.3934012129205575,35.0,-100,1.0,0.0,1.0,1.0,1.0,1.0,1.0,0.0,0.0,0.0
2026-06-05 15:43:50,1.6343495841522246,8.76453337803828,4.450115483032139,2.5169529065349874,7.680806592895568,21.29777033354838,-0.2536226354531659,-17.352719307898084,36.96097310808228,40.036256414815625,37.81830444952615,14.0,2.3934012129205575,35.0,-100,1.0,0.0,1.0,1.0,1.0,1.0,1.0,0.0,0.0,0.0
2026-06-05 15:43:52,0.06370709115143836,7.263845475479937,5.42331380890087,1.4798127359025575,5.753402269799622,19.41980635080032,0.7652184237773572,-18.049443372767154,36.43830259453565,39.977581740394164,37.91905047783766,14.0,2.3934012129205575,35.0,-100,1.0,0.0,1.0,1.0,1.0,1.0,1.0,0.0,0.0,0.0
2026-06-05 15:43:53,0.07367815777308895,4.91691702572156,5.231632517076955,3.3379092232686656,7.995386116431545,20.490735856343996,2.1623792274630835,-15.758695896394133,36.48685390176197,40.30593646351971,38.01128793642456,14.0,2.3934012129205575,35.0,-100,1.0,0.0,1.0,1.0,1.0,1.0,1.0,0.0,0.0,0.0
2026-06-05 15:43:54,0.7075593128165201,8.294715046626365,8.340349353515535,-1.9245026240613083,6.29151533600732,16.319039954793677,-0.9538516800259327,-14.421225642346508,36.89048000153729,39.97912468599241,37.77250165011649,14.0,2.3934012129205575,35.0,-100,1.0,0.0,1.0,1.0,1.0,1.0,1.0,0.0,0.0,0.0
2026-06-05 15:43:56,3.211421940088147,9.788124088126583,4.965279056242905,3.0982333477105666,6.156382361727659,20.03036863273458,1.7465393679400742,-12.732504035610102,36.82261777889975,40.41498273158784,38.17832046491084,14.0,2.3934012129205575,35.0,-100,1.0,0.0,1.0,1.0,1.0,1.0,1.0,0.0,0.0,0.0
2026-06-05 15:43:57,4.010795241652153,7.041518462966975,8.48366183147904,2.9525957754490486,11.572866116795465,20.705306553270933,3.494884549358277,-14.472173950463253,36.428392416314,40.246969100492834,37.86011924415267,14.0,2.3934012129205575,35.0,-100,1.0,0.0,1.0,1.0,1.0,1.0,1.0,0.0,0.0,0.0
2026-06-05 15:43:58,4.499994984058876,10.32928577703247,7.455635699452508,-1.4747005952188106,9.993075004987869,16.21335884056026,3.8749427391479303,-12.72414489725485,36.80642946963642,40.19816306314662,37.93214334188738,14.0,2.3934012129205575,35.0,-100,1.0,0.0,1.0,1.0,1.0,1.0,1.0,0.0,0.0,0.0
2026-06-05 15:43:59,5.331357600670632,7.4694103043518725,8.454652416341789,1.3379429884214318,10.897105427028514,16.914634869637833,-1.1767570497883257,-13.031263519804,36.94160745821863,40.2720907245225,38.27692795038229,14.0,2.3934012129205575,35.0,-100,1.0,0.0,1.0,1.0,1.0,1.0,1.0,0.0,0.0,0.0
2026-06-05 15:44:00,4.7298832304585865,8.119432577007638,10.00307301711619,-1.3201027073303324,11.146913897571535,19.802771704314843,-0.6287247788475445,-13.346331631132863,36.45591267434453,40.14681791110779,37.817234783874206,14.0,2.3934012129205575,35.0,-100,1.0,0.0,1.0,1.0,1.0,1.0,1.0,0.0,0.0,0.0
2026-06-05 15:44:01,4.626689439748027,9.268174171506708,9.835485349114977,1.0563251332719714,7.864249750608375,18.568322096956397,0.11004230373459789,-14.030149439507909,36.54684103035134,40.46686961603755,38.0000696868006,14.0,2.3934012129205575,35.0,-100,1.0,0.0,1.0,1.0,1.0,1.0,1.0,0.0,0.0,0.0
2026-06-05 15:44:02,-0.22061726279058602,8.143675787903833,6.7041543695307135,0.0998272070536892,9.215161649887307,17.315013843381784,-1.2272852728247665,-14.681239937060624,36.80141696055933,40.24082043104056,37.836177881247906,14.0,2.3934012129205575,35.0,-100,1.0,0.0,1.0,1.0,1.0,1.0,1.0,0.0,0.0,0.0
2026-06-05 15:44:04,2.418666875669593,8.289088542413815,4.872086178203263,0.636321877190996,7.2005598599542315,16.549751532995316,0.9221739204932664,-15.025711051583356,36.888860886145395,40.29361779644741,37.80370699416994,14.0,2.3934012129205575,35.0,-100,1.0,0.0,1.0,1.0,1.0,1.0,1.0,0.0,0.0,0.0
2026-06-05 15:44:05,1.4496473051158434,9.911166253233496,7.394416616758339,2.0227437498902834,11.556696014651763,17.690558726432684,-1.6700543810716093,-17.555420554841024,36.66338042691504,40.13861841378823,38.082826763593985,14.0,2.3934012129205575,35.0,-100,1.0,0.0,1.0,1.0,1.0,1.0,1.0,0.0,0.0,0.0
2026-06-05 15:44:06,1.0693918748229556,5.389972252688771,7.1163975697218875,2.8836211444291395,8.0178630783105,18.019023167203176,0.10834177449051219,-12.518808120260621,36.825777626281685,40.394369716761794,37.9238507981324,14.0,2.3934012129205575,35.0,-100,1.0,0.0,1.0,1.0,1.0,1.0,1.0,0.0,0.0,0.0
2026-06-05 15:44:08,4.0828020109122205,5.950126465756752,4.431205846710425,-0.1235159587677459,9.376319964277094,20.398742039610518,1.2757422840463075,-15.589208500466109,36.69740282040032,40.33889442009107,37.74275983517587,14.0,2.3934012129205575,35.0,-100,1.0,0.0,1.0,1.0,1.0,1.0,1.0,0.0,0.0,0.0
2026-06-05 15:44:09,2.7680018384457217,7.323087307566635,4.775521738706324,1.3331648920279822,9.070901856300232,17.201350790578353,2.850942358011034,-16.3331520798092,36.90130178297618,39.95827488273748,38.111191235202426,14.0,2.3934012129205575,35.0,-100,1.0,0.0,1.0,1.0,1.0,1.0,1.0,0.0,0.0,0.0
2026-06-05 15:44:10,2.045280843868914,5.798228387942935,7.5932720889416725,-1.1296127395628455,8.355175185348381,19.59484830033771,2.649592022994935,-15.371690233385284,36.51175522254952,40.352922681079164,37.76128047681801,14.0,2.3934012129205575,35.0,-100,1.0,0.0,1.0,1.0,1.0,1.0,1.0,0.0,0.0,0.0
2026-06-05 15:44:12,0.6712146462272486,5.122000373588625,6.7798986908616,2.254464858101766,9.816066616466003,17.64913090774374,2.2143362951511105,-16.967044356720525,36.55335288243497,40.239814037095414,37.88509790755589,14.0,2.3934012129205575,35.0,-100,1.0,0.0,1.0,1.0,1.0,1.0,1.0,0.0,0.0,0.0
2026-06-05 15:44:13,2.470757562149444,8.437490994387225,6.441192647221394,1.1506772333729813,7.59424480661608,18.553670146155294,2.3553156763713403,-16.219542754770643,36.768667213895405,40.43808433044035,37.796022771041955,14.0,2.3934012129205575,35.0,-100,1.0,0.0,1.0,1.0,1.0,1.0,1.0,0.0,0.0,0.0
2026-06-05 15:44:14,1.398924227166179,6.8020065825534095,7.203967586647268,3.7216946595486347,9.994911275932896,17.253134148823676,-0.837924860862568,-14.444208872648336,36.88196155122752,39.95842661128028,38.20638041094016,14.0,2.3934012129205575,35.0,-100,1.0,0.0,1.0,1.0,1.0,1.0,1.0,0.0,0.0,0.0
2026-06-05 15:44:15,1.9719995214921742,8.293000605479033,6.976949594382389,1.8541626488889644,8.770468234417367,17.476315000547018,2.0173474451027094,-15.9335947398401,36.411241196379166,40.2632022061177,38.25434968830753,14.0,2.3934012129205575,35.0,-100,1.0,0.0,1.0,1.0,1.0,1.0,1.0,0.0,0.0,0.0
2026-06-05 15:44:16,-0.21918373763105325,8.434001247483433,4.951744299328074,-1.1742411949308451,6.541906909177465,15.50736174612557,1.7487870557344722,-18.484893788023193,36.6451297832183,39.92798507799031,37.95858616937592,14.0,2.3934012129205575,35.0,-100,1.0,0.0,1.0,1.0,1.0,1.0,1.0,0.0,0.0,0.0
2026-06-05 15:44:17,0.23461757383021098,5.948165954898383,6.279856685855605,1.740595465937445,9.595416681919811,16.885508002133104,2.5382974152407645,-16.29166793879945,36.50948724086588,40.31656850486835,38.08577177943258,14.0,2.3934012129205575,35.0,-100,1.0,0.0,1.0,1.0,1.0,1.0,1.0,0.0,0.0,0.0
2026-06-05 15:44:19,5.062929484238615,5.217413686346219,7.126896402658572,1.733354877114035,11.23772275906531,19.607090484852485,3.6212609040245987,-18.243560346820907,36.48654217507298,40.453802043386766,37.97489361607864,14.0,2.3934012129205575,35.0,-100,1.0,0.0,1.0,1.0,1.0,1.0,1.0,0.0,0.0,0.0
2026-06-05 15:44:20,0.7023707207259826,5.580109403368719,8.261557193772322,-0.3585772385792152,9.529513651973444,16.372690940976565,3.3948546073255077,-14.027600993501288,36.73940023852972,40.087299585222354,37.82933990213145,14.0,2.3934012129205575,35.0,-100,1.0,0.0,1.0,1.0,1.0,1.0,1.0,0.0,0.0,0.0
2026-06-05 15:44:21,5.2194518157949785,4.584665450652002,5.40495601431955,0.12404433627538047,6.1237536854907795,19.974241600178345,0.814137062582081,-17.755074839619756,36.82834263694544,40.06353893110053,38.09584336313214,14.0,2.3934012129205575,35.0,-100,1.0,0.0,1.0,1.0,1.0,1.0,1.0,0.0,0.0,0.0
2026-06-05 15:44:23,3.674331965564811,6.51486336406828,9.823941537621636,-1.6584148169894402,9.863249698872014,16.9502237638485,2.535472644080091,-13.375078417647096,36.98942992126747,40.10534824297188,37.799390605938186,14.0,2.3934012129205575,35.0,-100,1.0,0.0,1.0,1.0,1.0,1.0,1.0,0.0,0.0,0.0
2026-06-05 15:44:24,5.564699108895212,8.81301050814023,8.418990051940089,1.9795020831809271,7.045010639023312,15.856981907710846,3.524043238221709,-14.087394337346774,36.78515876432923,40.13649427651185,37.96438626908907,14.0,2.3934012129205575,35.0,-100,1.0,0.0,1.0,1.0,1.0,1.0,1.0,0.0,0.0,0.0
2026-06-05 15:44:25,2.8361435375987165,9.035297583657012,4.379261425238594,-1.1641482447245672,6.430441935477855,19.961973074737237,1.1787746307463056,-14.1177036209037,36.653744539088876,40.500281767327934,37.93494362027087,14.0,2.3934012129205575,35.0,-100,1.0,0.0,1.0,1.0,1.0,1.0,1.0,0.0,0.0,0.0
2026-06-05 15:44:26,5.289880351982864,5.4582664758437485,9.981892442744618,2.2877151425105504,9.12930061574093,17.2629248418499,-0.6834427091069271,-12.526958270752756,36.5442929494838,40.245267071760956,38.206501325477156,14.0,2.3934012129205575,35.0,-100,1.0,0.0,1.0,1.0,1.0,1.0,1.0,0.0,0.0,0.0
2026-06-05 15:44:27,0.768049244247349,8.661652986903622,8.090020736756859,2.6824421101155895,7.9884479769401375,20.25848386591986,2.7993716660851398,-12.863053707557263,36.92545146084129,40.25349373810243,38.17487071905597,14.0,2.3934012129205575,35.0,-100,1.0,0.0,1.0,1.0,1.0,1.0,1.0,0.0,0.0,0.0
2026-06-05 15:44:29,4.274555976879892,6.2006545432000575,4.266417634002225,1.812826707685364,8.353014040748956,16.989643672572836,0.5019049865982508,-16.830592141877077,36.65912520086694,40.48214889348561,37.716458550666474,14.0,2.3934012129205575,35.0,-100,1.0,0.0,1.0,1.0,1.0,1.0,1.0,0.0,0.0,0.0
2026-06-05 15:44:30,0.6867514146542719,6.3374642911755,6.579625990283384,2.8443274261261315,10.913209926943804,21.204765063997286,-0.6423599074048834,-16.304356782299585,36.92127513096344,40.01713796388269,38.1997253536742,14.0,2.3934012129205575,35.0,-100,1.0,0.0,1.0,1.0,1.0,1.0,1.0,0.0,0.0,0.0
2026-06-05 15:44:31,0.3559349600950261,5.687029542282407,5.6219729647722305,3.6714425061007043,7.905367202378846,19.532722570703744,3.8058788381354116,-18.455092938387576,36.85498239346278,40.422228096829166,37.76240667416965,14.0,2.3934012129205575,35.0,-100,1.0,0.0,1.0,1.0,1.0,1.0,1.0,0.0,0.0,0.0
2026-06-05 15:44:32,2.6643779031373818,6.536597671856975,4.444990764235959,3.782958736875371,8.636400408517186,15.795813617179753,0.9792309261326055,-18.318630253941112,36.524087899108274,39.98727244351109,37.75808479922514,14.0,2.3934012129205575,35.0,-100,1.0,0.0,1.0,1.0,1.0,1.0,1.0,0.0,0.0,0.0
2026-06-05 15:44:34,4.703549278760138,9.357305673396883,9.6996665550306,2.817417001694092,8.34426647774763,17.742244191979886,-0.0050985077323359995,-18.338529657662008,36.55053148887265,40.128424041063,38.12227716111367,14.0,2.3934012129205575,35.0,-100,1.0,0.0,1.0,1.0,1.0,1.0,1.0,0.0,0.0,0.0
2026-06-05 15:44:35,1.9426665810360086,6.46772794339819,5.190986626804885,-0.6144513046305038,11.26647398666054,15.855078113751885,0.9787087572682154,-15.923038443505018,36.92234731436553,40.51524817280413,37.701711205934906,14.0,2.3934012129205575,35.0,-100,1.0,0.0,1.0,1.0,1.0,1.0,1.0,0.0,0.0,0.0
2026-06-05 15:44:36,0.9524073249068248,9.284529020221418,5.193871346807792,-0.06900480127152964,7.815165004312805,16.834814653796034,-0.5920528418598678,-18.481231920533816,36.57354627432082,40.46551921974881,37.76511936490037,14.0,2.3934012129205575,35.0,-100,1.0,0.0,1.0,1.0,1.0,1.0,1.0,0.0,0.0,0.0
2026-06-05 15:44:38,4.230183264368408,7.486009428983578,7.10272448074385,3.26185467541408,7.507763834505615,19.93440812969842,0.4620132671926376,-14.756807272940575,36.47542014916509,39.95434346401739,38.145723423318806,14.0,2.3934012129205575,35.0,-100,1.0,0.0,1.0,1.0,1.0,1.0,1.0,0.0,0.0,0.0
2026-06-05 15:44:39,3.2924787062076217,9.600453818515938,5.945114610476696,3.1818423429955143,11.018689172517313,21.077566045659395,1.5804609833313688,-12.625764893006206,36.60975946148566,40.1546084543325,38.23541737457834,14.0,2.3934012129205575,35.0,-100,1.0,0.0,1.0,1.0,1.0,1.0,1.0,0.0,0.0,0.0
2026-06-05 15:44:41,2.766349718545774,7.2743299860404855,4.72680601043952,-1.4030197126465564,7.563102457990493,15.46071807814684,-0.840951578670194,-14.977302160663376,36.8098370976119,40.41051589808188,38.026541270972466,14.0,2.3934012129205575,35.0,-100,1.0,0.0,1.0,1.0,1.0,1.0,1.0,0.0,0.0,0.0
2026-06-05 15:44:42,1.3305645231769674,10.259920081325598,9.00161175503018,-0.39065488342832455,9.144420872482211,19.17487217500864,4.038274245230226,-13.739536486469914,36.936132491153494,40.20381231995217,37.9406720874451,14.0,2.3934012129205575,35.0,-100,1.0,0.0,1.0,1.0,1.0,1.0,1.0,0.0,0.0,0.0
2026-06-05 15:44:43,2.7247726323955312,5.946630274339826,6.860730394030662,0.12598545963258,6.132440207042685,15.367679877227197,2.681628411653847,-16.79391248354399,36.7408888895476,39.93065899455454,37.98307030385074,14.0,2.3934012129205575,35.0,-100,1.0,0.0,1.0,1.0,1.0,1.0,1.0,0.0,0.0,0.0
2026-06-05 15:44:44,4.131590801738169,9.395702733087939,9.002254737574004,3.0513605317275774,10.357609302021006,16.18148536703847,4.169147618380772,-17.686712891354592,36.59192376083922,40.500479968353915,38.17042650670996,14.0,2.3934012129205575,35.0,-100,1.0,0.0,1.0,1.0,1.0,1.0,1.0,0.0,0.0,0.0
2026-06-05 15:44:45,5.5219589710471,6.786326788955061,6.7819485159817825,3.1639477944952468,7.045142383218469,16.459633465686892,-1.7447811155334532,-16.172858904846397,36.588054921016976,40.36957462487234,38.22848750241673,14.0,2.3934012129205575,35.0,-100,1.0,0.0,1.0,1.0,1.0,1.0,1.0,0.0,0.0,0.0
2026-06-05 15:44:46,5.653618248679186,5.640584863417924,9.745657702204177,0.2166633810933849,9.295150262108734,19.345201209064967,-0.490897081403149,-17.758299812973508,36.751127174932634,40.40763941584315,37.753013799723455,14.0,2.3934012129205575,35.0,-100,1.0,0.0,1.0,1.0,1.0,1.0,1.0,0.0,0.0,0.0
2026-06-05 15:44:48,3.854351527344278,5.249155352629142,6.530801514546681,3.2268202112762108,6.052298171798819,18.429895208519824,3.3196143895441805,-17.331576336595514,36.813735901768176,40.2157404102586,37.703637180872306,14.0,2.3934012129205575,35.0,-100,1.0,0.0,1.0,1.0,1.0,1.0,1.0,0.0,0.0,0.0
2026-06-05 15:44:49,2.407640246092922,9.898526578790552,8.419701214964595,-1.6227175162971346,5.831342539945208,15.622976080787424,-0.1307538824364043,-13.920208416466801,36.63192189484919,40.27983771645982,37.95927307011701,14.0,2.3934012129205575,35.0,-100,1.0,0.0,1.0,1.0,1.0,1.0,1.0,0.0,0.0,0.0
2026-06-05 15:44:51,0.6314741471178666,7.602151686084305,9.214380683701682,-1.1642080140769426,10.649298179222017,20.82967389574089,0.6498950583547267,-14.134986181790339,36.518803599425034,40.518792562214415,37.979448034244406,14.0,2.3934012129205575,35.0,-100,1.0,0.0,1.0,1.0,1.0,1.0,1.0,0.0,0.0,0.0
2026-06-05 15:44:52,4.609657643690901,7.203925393473405,6.137136548547737,3.7355125262141904,8.650351185573204,15.477785812839862,0.4888112098010189,-17.247331133714365,36.771296272267904,39.98294023005591,37.73864858176348,14.0,2.3934012129205575,35.0,-100,1.0,0.0,1.0,1.0,1.0,1.0,1.0,0.0,0.0,0.0
2026-06-05 15:44:53,0.35482832813390264,7.825728994617158,8.19397153930249,0.5194354063640412,6.414520263308193,20.126022508253378,2.3122423544006905,-14.838858775679578,36.53380165483256,40.34635973610948,37.79878924662832,14.0,2.3934012129205575,35.0,-100,1.0,0.0,1.0,1.0,1.0,1.0,1.0,0.0,0.0,0.0
2026-06-05 15:44:54,4.834901920518221,7.772632946938669,7.54323053178162,1.6807324468106861,10.276642250525022,16.56908870659446,-0.8747430112609837,-14.524678634848309,36.49078774071441,40.30655578502149,37.97702848751794,14.0,2.3934012129205575,35.0,-100,1.0,0.0,1.0,1.0,1.0,1.0,1.0,0.0,0.0,0.0
2026-06-05 15:44:55,1.610703041958736,10.045146772593903,9.65565977998265,-1.1069833171426513,5.7812458082003095,20.02233816835308,1.8556929842152972,-13.228809036238763,36.78535937952063,40.50876599903649,37.987535354215076,14.0,2.3934012129205575,35.0,-100,1.0,0.0,1.0,1.0,1.0,1.0,1.0,0.0,0.0,0.0
2026-06-05 15:44:57,4.384094738405701,4.5185879475603254,5.24176773702621,0.9105974768325957,6.767238164943676,21.18381476987313,-1.349747768560114,-18.226866344499996,36.99376124712612,40.18579008031632,38.10088117814486,14.0,2.3934012129205575,35.0,-100,1.0,0.0,1.0,1.0,1.0,1.0,1.0,0.0,0.0,0.0
2026-06-05 15:44:58,1.1250075063578306,4.830820123805719,7.362223418671747,3.2108856467119775,9.094076849028543,17.983456715270123,-1.6432452251655851,-14.398837998058482,36.97376386798037,40.47735763100237,37.805066942569084,14.0,2.3934012129205575,35.0,-100,1.0,0.0,1.0,1.0,1.0,1.0,1.0,0.0,0.0,0.0
2026-06-05 15:44:59,3.2745119746107365,7.790155461975285,6.329225160596986,2.8328076660767127,10.491675363112185,16.638032369044307,-1.2134151019817097,-14.447209810074465,36.61939056857655,40.17144084309919,38.22933354358155,14.0,2.3934012129205575,35.0,-100,1.0,0.0,1.0,1.0,1.0,1.0,1.0,0.0,0.0,0.0
2026-06-05 15:45:00,2.5907791299025105,6.854416009848192,5.0990083893632185,0.9007965295121534,10.914827378498101,20.079488358005673,1.1871190171379449,-16.333994971174903,36.51620116916597,40.08587405853797,38.106141448037945,14.0,2.3934012129205575,35.0,-100,1.0,0.0,1.0,1.0,1.0,1.0,1.0,0.0,0.0,0.0
2026-06-05 15:45:02,1.141400244078399,5.494722723350792,8.248139057893283,0.8503141956389282,9.276355991801946,20.624060206421,3.4701297803428863,-13.747007018026594,36.932762620655545,39.958710298054285,38.19720675090913,14.0,2.3934012129205575,35.0,-100,1.0,0.0,1.0,1.0,1.0,1.0,1.0,0.0,0.0,0.0
2026-06-05 15:45:03,5.433644187905267,9.116373416008795,9.572448800962807,-1.1282032073636081,10.885537308926867,16.98435685585329,4.09446780978846,-17.676583198666897,36.97642419555826,40.47472365513781,38.08053264832831,14.0,2.3934012129205575,35.0,-100,1.0,0.0,1.0,1.0,1.0,1.0,1.0,0.0,0.0,0.0
2026-06-05 15:45:04,2.9397698052675265,5.679859385478431,5.643756984477506,-0.7184666125193928,6.062540510153079,19.253948065894658,-0.9526256063788221,-15.619334724873385,36.4882725801553,40.30527969119229,38.07052173174934,14.0,2.3934012129205575,35.0,-100,1.0,0.0,1.0,1.0,1.0,1.0,1.0,0.0,0.0,0.0
2026-06-05 15:45:05,0.4796862194104241,8.930976175434814,5.621180309365023,-0.7652746215731705,10.753675340803762,15.833903465330147,1.409629053179759,-16.369463648803386,36.65132027637438,40.095024758143424,37.816634542564,14.0,2.3934012129205575,35.0,-100,1.0,0.0,1.0,1.0,1.0,1.0,1.0,0.0,0.0,0.0
2026-06-05 15:45:06,5.297856775657821,6.716863534074025,7.574360516326231,-1.6877007277778366,10.810464402182024,16.32280153448285,-1.711626393050187,-18.49575632298866,36.611444052078696,40.129239408871165,38.03075976033409,14.0,2.3934012129205575,35.0,-100,1.0,0.0,1.0,1.0,1.0,1.0,1.0,0.0,0.0,0.0
2026-06-05 15:45:08,2.169515054096475,5.149120928246439,8.920478134973886,3.3414380435975684,7.301183875702021,18.065646034718213,0.6211978093323207,-14.443197942925144,36.986261400301736,40.042614316676946,38.05346159215406,14.0,2.3934012129205575,35.0,-100,1.0,0.0,1.0,1.0,1.0,1.0,1.0,0.0,0.0,0.0
2026-06-05 15:45:09,5.37848719742573,8.213442866384327,5.005922126818189,3.1392373130364533,8.562368561264364,17.089416301843933,0.18828948827328618,-17.458446262587014,36.75056372522774,40.04512596822569,38.29322661587258,14.0,2.3934012129205575,35.0,-100,1.0,0.0,1.0,1.0,1.0,1.0,1.0,0.0,0.0,0.0
2026-06-05 15:45:10,1.9212373235401712,7.366954660848787,10.019845577454305,2.0876937218437117,10.978361485746579,20.402037201543845,2.5969588609541896,-17.63321242647075,36.9224676472783,40.095197057874586,38.29071078598862,14.0,2.3934012129205575,35.0,-100,1.0,0.0,1.0,1.0,1.0,1.0,1.0,0.0,0.0,0.0
2026-06-05 15:45:12,1.0576117042995556,8.955775106875114,9.285907429726096,1.5086349353620205,8.502466867163736,19.972623992322596,1.8976506343093629,-14.174003618303132,36.71385010511048,40.20198979705692,38.10500391033742,14.0,2.3934012129205575,35.0,-100,1.0,0.0,1.0,1.0,1.0,1.0,1.0,0.0,0.0,0.0
2026-06-05 15:45:13,5.182250877348049,6.761580130544038,9.508169148605308,-1.4559642581811185,8.648828257223983,17.279227550404663,3.122786901713181,-16.685769387179636,36.985048621080786,40.06737430894523,38.247758586985434,14.0,2.3934012129205575,35.0,-100,1.0,0.0,1.0,1.0,1.0,1.0,1.0,0.0,0.0,0.0
2026-06-05 15:45:14,5.583779983016612,7.352981279059003,9.044749217285435,-0.9225602844176157,9.90456942758495,20.89905302856383,3.852300310290957,-13.043646978610168,36.597806267996766,40.49232310896387,37.92935618672125,14.0,2.3934012129205575,35.0,-100,1.0,0.0,1.0,1.0,1.0,1.0,1.0,0.0,0.0,0.0
2026-06-05 15:45:15,1.3238118322833818,8.189350944224362,5.866049629575242,-1.9465601824072527,9.914812764769056,15.459590748715904,2.5273517391786626,-14.837073610030526,36.95123371707351,40.09221337432779,37.97087273703443,14.0,2.3934012129205575,35.0,-100,1.0,0.0,1.0,1.0,1.0,1.0,1.0,0.0,0.0,0.0
2026-06-05 15:45:17,-0.19812455694023878,6.3814887477370865,9.589097717201073,1.4433621466675373,6.472816191759444,19.702875403884335,1.0662070533384291,-15.624721045212894,36.924906833638765,40.21298922611844,37.79841743771381,14.0,2.3934012129205575,35.0,-100,1.0,0.0,1.0,1.0,1.0,1.0,1.0,0.0,0.0,0.0
2026-06-05 15:45:18,3.949625607961477,8.967773002131452,6.086753719088999,-1.7412696493988786,10.383230253001825,17.611805527491132,1.3879236312478076,-16.703513405408184,36.58579443152795,40.331730503334306,37.9423359656001,14.0,2.3934012129205575,35.0,-100,1.0,0.0,1.0,1.0,1.0,1.0,1.0,0.0,0.0,0.0
2026-06-05 15:45:19,3.077956283680284,7.854154005383164,5.841393489238336,2.1784336422429167,9.050468012514445,16.94126689632144,3.45473948924447,-12.525700188420913,36.92684874253919,40.308097843033146,38.1646698303979,14.0,2.3934012129205575,35.0,-100,1.0,0.0,1.0,1.0,1.0,1.0,1.0,0.0,0.0,0.0
2026-06-05 15:45:20,3.1029004583652418,5.687817599816187,7.779528251458234,1.9822488906647746,9.286133964907862,19.59149079252678,3.247411535954001,-14.811324682907907,36.41445968402278,40.2553149410091,38.17127531181261,14.0,2.3934012129205575,35.0,-100,1.0,0.0,1.0,1.0,1.0,1.0,1.0,0.0,0.0,0.0
2026-06-05 15:45:22,0.12895587201542602,4.992421436034871,4.1231804237758904,3.5650927802068484,9.138672847380095,20.837651704456423,3.4910109845058512,-16.401559327581328,36.94155238644865,40.15252478633844,37.780416666035485,14.0,2.3934012129205575,35.0,-100,1.0,0.0,1.0,1.0,1.0,1.0,1.0,0.0,0.0,0.0
2026-06-05 15:45:23,0.936945926401803,7.86759182053661,9.930866430285569,-0.6815224204422985,8.885327833483249,20.281118689091727,1.2645314245955297,-13.059183274712659,36.5368013178019,40.026429828855385,38.25472989909454,14.0,2.3934012129205575,35.0,-100,1.0,0.0,1.0,1.0,1.0,1.0,1.0,0.0,0.0,0.0
2026-06-05 15:45:24,5.340770703517466,9.16159270987595,6.356524402230086,1.4516740160041635,5.73581934619964,15.683355848416621,2.6133300312161953,-12.702341690731403,36.86625014611083,39.96472095602115,38.21485177037079,14.0,2.3934012129205575,35.0,-100,1.0,0.0,1.0,1.0,1.0,1.0,1.0,0.0,0.0,0.0
2026-06-05 15:45:26,4.307467874280235,4.528253934481652,7.817643403934986,0.07083247157410799,7.369208419536491,21.13200852009022,-1.2636468854811458,-13.338544258275306,36.55115804936499,40.477487033301024,37.7957423786603,14.0,2.3934012129205575,35.0,-100,1.0,0.0,1.0,1.0,1.0,1.0,1.0,0.0,0.0,0.0
2026-06-05 15:45:27,5.476209421323703,4.80586601746168,6.613699101325912,1.4701030651386366,9.474031850280518,18.981759443755905,0.012760642967906577,-13.939706020821202,36.89280835391959,40.31568513373444,37.99989782115152,14.0,2.3934012129205575,35.0,-100,1.0,0.0,1.0,1.0,1.0,1.0,1.0,0.0,0.0,0.0
2026-06-05 15:45:29,4.598007403320732,9.572868966125034,9.685862750615685,2.697116709128963,11.516513232756607,19.08721130733092,1.5621474183847393,-13.429592870397745,36.742847003517134,40.24117549403042,37.76069012946083,14.0,2.3934012129205575,35.0,-100,1.0,0.0,1.0,1.0,1.0,1.0,1.0,0.0,0.0,0.0
2026-06-05 15:45:30,5.671678824808089,5.972142063436213,8.790563269470177,2.9422387474485134,6.847167890319096,20.738923773012587,3.7130494093366373,-13.769995532310592,36.9860062812688,40.19233606722559,37.938969400564915,14.0,2.3934012129205575,35.0,-100,1.0,0.0,1.0,1.0,1.0,1.0,1.0,0.0,0.0,0.0
2026-06-05 15:45:31,1.8711865553624687,5.706055603775213,6.945607201594572,0.30860619223453156,9.9719390359324,15.946562554809878,-0.8530958953280408,-14.758933586696088,36.45169714747942,39.9864317698541,38.11286110980009,14.0,2.3934012129205575,35.0,-100,1.0,0.0,1.0,1.0,1.0,1.0,1.0,0.0,0.0,0.0
2026-06-05 15:45:32,5.345495142340087,8.112195478657013,9.345142847665292,2.8309708650816194,11.037991866426724,19.092430220695007,-0.6594371526832719,-14.672213251932046,36.70647690893331,40.161365550095404,38.170085161428496,14.0,2.3934012129205575,35.0,-100,1.0,0.0,1.0,1.0,1.0,1.0,1.0,0.0,0.0,0.0
2026-06-05 15:45:34,3.3196435450173603,9.827917518173972,5.78912384701993,-0.6043965585240267,9.042760599652961,21.23176152566761,0.780755418687284,-13.035244666494648,36.6976316376282,39.99467552149345,38.236200434607255,14.0,2.3934012129205575,35.0,-100,1.0,0.0,1.0,1.0,1.0,1.0,1.0,0.0,0.0,0.0
2026-06-05 15:45:35,3.0756626476267463,6.215688114494967,5.575129906531162,3.9609472196943365,9.959809914698543,20.012846882306512,1.359236114733008,-14.521078313734947,36.941942311821336,40.3223469225032,38.28553060415113,14.0,2.3934012129205575,35.0,-100,1.0,0.0,1.0,1.0,1.0,1.0,1.0,0.0,0.0,0.0
2026-06-05 15:45:36,1.5375106125596802,5.709626841003015,8.64342507563659,2.455752168159724,10.469554614029402,18.70798347260356,-0.5678702871173877,-13.431348336389924,36.914130151061926,39.96306756891511,38.23892118104892,14.0,2.3934012129205575,35.0,-100,1.0,0.0,1.0,1.0,1.0,1.0,1.0,0.0,0.0,0.0
2026-06-05 15:45:37,5.643206133895926,9.196374455146717,8.09243859846691,0.27431249681169634,9.691628215085986,19.049005645042055,-0.5034685967672856,-14.589983959088208,36.554852384377845,40.473392927851755,37.765795772601706,14.0,2.3934012129205575,35.0,-100,1.0,0.0,1.0,1.0,1.0,1.0,1.0,0.0,0.0,0.0
2026-06-05 15:45:38,3.222915883983615,4.5531486032319455,5.7297435978200815,1.2286417581341489,9.551818844903876,18.72809221408894,1.8265668767093333,-16.240056787719766,36.954300793447985,40.376954908813076,38.09983705264366,14.0,2.3934012129205575,35.0,-100,1.0,0.0,1.0,1.0,1.0,1.0,1.0,0.0,0.0,0.0
2026-06-05 15:45:40,0.021004157802234857,9.097883145628225,7.433228613424042,1.9929012975427929,7.825799519798824,19.356601715540798,3.4883955877949298,-14.312288918817481,36.43837636415145,40.32444312545738,37.70284847248231,14.0,2.3934012129205575,35.0,-100,1.0,0.0,1.0,1.0,1.0,1.0,1.0,0.0,0.0,0.0
2026-06-05 15:45:41,0.6164466398785367,7.128003879549449,8.172573436979796,0.20181138688850098,6.265220156682043,15.348812665192902,1.961246739087564,-17.79486114545327,36.865669763267775,40.02949653064684,38.11054055300819,14.0,2.3934012129205575,35.0,-100,1.0,0.0,1.0,1.0,1.0,1.0,1.0,0.0,0.0,0.0
2026-06-05 15:45:43,3.2989345967292785,7.94686093537774,4.546632084622914,-0.3717108563360614,10.644106149522331,21.27019879604059,-0.272062298565092,-16.460314232578938,36.72237343899488,40.10768605648129,37.950362980046116,14.0,2.3934012129205575,35.0,-100,1.0,0.0,1.0,1.0,1.0,1.0,1.0,0.0,0.0,0.0
2026-06-05 15:45:44,0.5761446057179267,6.482790195897071,4.3767525645231835,3.618382801650114,10.222245060812075,18.73941278960918,3.093031419309523,-12.590261743704568,36.86733768340412,40.30872295920702,37.71595280831535,14.0,2.3934012129205575,35.0,-100,1.0,0.0,1.0,1.0,1.0,1.0,1.0,0.0,0.0,0.0
2026-06-05 15:45:45,0.8055905586398782,5.223914396023852,4.134162874940561,1.276184483688704,5.791505816069525,20.396829116001427,2.3026229331810066,-16.922362518724206,36.798631911603565,40.282217210399374,37.97524821367093,14.0,2.3934012129205575,35.0,-100,1.0,0.0,1.0,1.0,1.0,1.0,1.0,0.0,0.0,0.0
2026-06-05 15:45:46,2.4816745123160366,9.258129359784073,9.733667048473764,-0.4876911342480552,9.507777974500504,16.821719431572987,-0.07425592092868283,-16.523528100530907,36.45532271328811,40.12765370420088,38.07157273242861,14.0,2.3934012129205575,35.0,-100,1.0,0.0,1.0,1.0,1.0,1.0,1.0,0.0,0.0,0.0
2026-06-05 15:45:47,0.09499079254060927,6.240928110414996,9.672173852929205,0.5982725482463342,9.971959437205637,15.93000031163216,3.5529408308905808,-13.59357613401975,36.818541511457774,40.08976178264106,37.8315028671227,14.0,2.3934012129205575,35.0,-100,1.0,0.0,1.0,1.0,1.0,1.0,1.0,0.0,0.0,0.0
2026-06-05 15:45:49,2.488792247506465,8.240043686465498,5.724004967219862,-1.542278928331176,6.623967096082329,20.911424769476632,0.937300016301629,-17.79670052161118,36.4442667924356,39.954618402653935,38.15277406217434,14.0,2.3934012129205575,35.0,-100,1.0,0.0,1.0,1.0,1.0,1.0,1.0,0.0,0.0,0.0
2026-06-05 15:45:50,3.6958683720932886,7.055227894532511,6.643984874207451,-1.5032418843666484,8.060023853931234,18.968076989912497,0.8410979335772142,-16.824142298842325,36.815279600559684,40.50941768828303,37.97855507031819,14.0,2.3934012129205575,35.0,-100,1.0,0.0,1.0,1.0,1.0,1.0,1.0,0.0,0.0,0.0
2026-06-05 15:45:51,3.4122315934323026,8.52077745441019,5.684120475093335,-1.753667749061126,8.939361660477207,17.718475424545066,-0.18445170977048786,-14.438120412820968,36.607709980053606,40.279668293384155,38.0136174703864,14.0,2.3934012129205575,35.0,-100,1.0,0.0,1.0,1.0,1.0,1.0,1.0,0.0,0.0,0.0
2026-06-05 15:45:53,5.56433395964053,6.086260960499739,5.290856365886458,-1.6891361697263614,8.451088541067485,20.56177754860592,1.7663330942547866,-14.364091888665886,36.67795714852099,40.482906363160794,38.021827488639026,14.0,2.3934012129205575,35.0,-100,1.0,0.0,1.0,1.0,1.0,1.0,1.0,0.0,0.0,0.0
2026-06-05 15:45:54,3.095759883780522,8.168716414176785,8.559994794776117,-0.5354384135147696,10.426002502907101,19.472711376818413,1.0290172435583358,-14.33478654624677,36.517882608731874,40.17672481544804,37.95412966117743,14.0,2.3934012129205575,35.0,-100,1.0,0.0,1.0,1.0,1.0,1.0,1.0,0.0,0.0,0.0
2026-06-05 15:45:55,1.1148141359223038,10.171727571522277,6.351946447605272,-1.3654449926673662,6.029484666554413,21.167710824739963,0.24210262291486906,-17.495206288290614,36.63747022264685,40.391499338333084,37.886842891481855,14.0,2.3934012129205575,35.0,-100,1.0,0.0,1.0,1.0,1.0,1.0,1.0,0.0,0.0,0.0
2026-06-05 15:45:57,3.6616422091373217,5.903542086194044,7.9548840054499,0.8389893013063103,9.659340191335062,18.585321020762542,-0.9430707029065113,-18.436759290251214,36.66413889785873,40.497082719134966,37.825677036705365,14.0,2.3934012129205575,35.0,-100,1.0,0.0,1.0,1.0,1.0,1.0,1.0,0.0,0.0,0.0
2026-06-05 15:45:58,2.7246154388409076,9.742852341145152,4.624307342125975,-0.9463658079007466,9.229715475223681,19.409462766703196,4.232191714169173,-16.039282279315316,36.653847724280304,40.23908649059849,37.75515972878677,14.0,2.3934012129205575,35.0,-100,1.0,0.0,1.0,1.0,1.0,1.0,1.0,0.0,0.0,0.0
2026-06-05 15:45:59,4.001303179910362,4.4927732330010866,5.6969579902921845,-0.6217011550244531,5.819482859973126,19.49557163481166,2.779082855147279,-12.7918969746069,36.87775812301582,39.98529773914579,38.27869464968377,14.0,2.3934012129205575,35.0,-100,1.0,0.0,1.0,1.0,1.0,1.0,1.0,0.0,0.0,0.0
2026-06-05 15:46:00,1.9371917559499616,4.657076965034923,7.197176450038829,1.9277285349247824,7.704986751111505,19.588744905842464,-1.7357436390982581,-16.01037212023653,36.7163259841396,40.141527478378194,37.73062259137077,14.0,2.3934012129205575,35.0,-100,1.0,0.0,1.0,1.0,1.0,1.0,1.0,0.0,0.0,0.0
2026-06-05 15:46:01,2.121410382133802,10.011244200811817,8.285542558721383,1.2500649243121442,6.010028760412398,17.930476891179485,2.372049301727163,-15.68712306209226,36.94829087323889,40.00385084946975,38.20918082947545,14.0,2.3934012129205575,35.0,-100,1.0,0.0,1.0,1.0,1.0,1.0,1.0,0.0,0.0,0.0
2026-06-05 15:46:02,2.8016800489675298,7.686709196004969,5.796842382798457,-0.5246057267261883,11.124279618971148,19.85638887402334,2.3849239627801087,-17.642870255233188,36.48266905932906,40.501349160053394,37.987076262275274,14.0,2.3934012129205575,35.0,-100,1.0,0.0,1.0,1.0,1.0,1.0,1.0,0.0,0.0,0.0
2026-06-05 15:46:04,4.854344252773177,8.627303077985495,10.048381057071317,1.2306094095646607,6.650875138335014,17.333926449531436,-1.7608515307376296,-12.56936394998686,36.570558258715195,39.963147074498686,37.71762345020762,14.0,2.3934012129205575,35.0,-100,1.0,0.0,1.0,1.0,1.0,1.0,1.0,0.0,0.0,0.0
2026-06-05 15:46:05,1.5839509791049882,10.341916667334335,8.57147634142327,-1.0102261833492046,8.128502577237185,18.223068736125832,-1.0893687475190132,-14.231005716982063,36.730732177859664,40.01538837398161,37.82126789256061,14.0,2.3934012129205575,35.0,-100,1.0,0.0,1.0,1.0,1.0,1.0,1.0,0.0,0.0,0.0
2026-06-05 15:46:06,3.30851020598623,6.772237790202312,8.496640217374988,-1.2803626460430744,9.86922226059151,18.578063225774358,1.0069245836443232,-14.628913760352452,36.4126975986602,40.407213225345664,38.15939644395336,14.0,2.3934012129205575,35.0,-100,1.0,0.0,1.0,1.0,1.0,1.0,1.0,0.0,0.0,0.0
2026-06-05 15:46:07,-0.1265361207420641,8.573429938839208,8.577265047450531,1.5982390046242596,5.8043506908391755,19.803691213992067,3.082571979644083,-16.764488605660944,36.7592530723265,40.51939788280457,37.808697615723084,14.0,2.3934012129205575,35.0,-100,1.0,0.0,1.0,1.0,1.0,1.0,1.0,0.0,0.0,0.0
2026-06-05 15:46:08,4.8384707505244435,10.081721895701389,9.928052380761354,0.39172914297973804,7.181383692246019,20.301812875971606,-1.5657360465464816,-18.317606245716014,36.68765823601944,40.130172140637605,38.021280947234466,14.0,2.3934012129205575,35.0,-100,1.0,0.0,1.0,1.0,1.0,1.0,1.0,0.0,0.0,0.0
2026-06-05 15:46:09,3.0933857008609618,9.964686879222654,5.035570755943972,-0.17645657063277165,11.36711251313401,19.113064899760612,-0.5392242818984578,-14.398856659507615,36.48122163547151,39.99277538958219,37.89204966936537,14.0,2.3934012129205575,35.0,-100,1.0,0.0,1.0,1.0,1.0,1.0,1.0,0.0,0.0,0.0
2026-06-05 15:46:10,-0.1286502871911548,6.205495919135509,4.187496646611482,-1.7742568197240538,5.747539426296726,18.997547262473546,2.7154995130808786,-17.3624353835452,36.77640673887447,40.40900309521369,38.109127400689694,14.0,2.3934012129205575,35.0,-100,1.0,0.0,1.0,1.0,1.0,1.0,1.0,0.0,0.0,0.0
2026-06-05 15:46:11,4.161874588222292,5.964590965637126,6.101355742878258,-1.9126697937854598,8.847952271782532,20.448145075208362,-0.40185905319217397,-15.748846784728993,36.867643535756244,40.385005425858026,38.00133838304995,14.0,2.3934012129205575,35.0,-100,1.0,0.0,1.0,1.0,1.0,1.0,1.0,0.0,0.0,0.0
2026-06-05 15:46:13,2.299779801417861,9.326377955327557,5.132713192459889,3.9037449849335886,6.705774890637939,16.88698742460471,1.349231653996691,-18.469870030991874,36.81505849357298,40.400954712594114,38.252385946290794,14.0,2.3934012129205575,35.0,-100,1.0,0.0,1.0,1.0,1.0,1.0,1.0,0.0,0.0,0.0
2026-06-05 15:46:14,1.225190662228848,8.473360931847825,6.258453764448177,0.8145697634489348,7.610010022946312,16.06671369895399,-0.6175671521225732,-18.257672009262595,36.90721256949258,40.390184379588604,37.78636208460264,14.0,2.3934012129205575,35.0,-100,1.0,0.0,1.0,1.0,1.0,1.0,1.0,0.0,0.0,0.0
2026-06-05 15:46:16,2.159868280810449,9.223837556530805,6.551763598555828,0.25048610674705785,10.330658341337553,19.077164461261674,0.7102170665652054,-14.074717600663982,36.48588787936544,39.99469892477046,37.7496682444487,14.0,2.3934012129205575,35.0,-100,1.0,0.0,1.0,1.0,1.0,1.0,1.0,0.0,0.0,0.0
2026-06-05 15:46:17,4.703142732083733,10.023044995152263,4.775539852983529,1.0132092779584818,5.674805542009869,18.0571698305062,1.7444261262691905,-18.14437844593469,36.845881707302574,40.140407538346054,38.05173506821932,14.0,2.3934012129205575,35.0,-100,1.0,0.0,1.0,1.0,1.0,1.0,1.0,0.0,0.0,0.0
2026-06-05 15:46:18,0.10138289493109642,5.84256280010924,6.795914575509665,-0.08772419283761779,6.478068801509464,19.39083952977108,0.9411996915051546,-13.182640066660804,36.87130186554961,40.12766690765102,37.730535762088884,14.0,2.3934012129205575,35.0,-100,1.0,0.0,1.0,1.0,1.0,1.0,1.0,0.0,0.0,0.0
2026-06-05 15:46:20,5.177718926639732,7.958685659800574,6.11694980760273,2.2375317129943637,5.594500869073532,17.344023528057942,0.9027589164184793,-18.46938508936071,36.55391558552988,40.215467593947274,37.994892583855496,14.0,2.3934012129205575,35.0,-100,1.0,0.0,1.0,1.0,1.0,1.0,1.0,0.0,0.0,0.0
2026-06-05 15:46:21,2.2158582400585716,6.845290018666,7.0056767817214824,0.9270622440617351,6.8426390970356215,20.90060573803828,1.3294416983331638,-13.515201167365914,36.63346082797722,40.15687623294219,37.83022797707819,14.0,2.3934012129205575,35.0,-100,1.0,0.0,1.0,1.0,1.0,1.0,1.0,0.0,0.0,0.0
2026-06-05 15:46:22,2.6535398707875704,5.876729209902761,4.292965356299017,-1.2659984793036871,6.705437342122035,20.940622522023002,2.2097615389072267,-14.037598282167611,36.67055745228384,40.12216080133637,38.20153539344767,14.0,2.3934012129205575,35.0,-100,1.0,0.0,1.0,1.0,1.0,1.0,1.0,0.0,0.0,0.0
2026-06-05 15:46:24,2.6538622019237272,5.191951719156245,6.568369652028858,-0.788197281541515,9.460321656619495,17.035671319965857,3.6757867885016005,-13.894427074706382,36.55372049443946,40.171089392031064,37.71283026008299,14.0,2.3934012129205575,35.0,-100,1.0,0.0,1.0,1.0,1.0,1.0,1.0,0.0,0.0,0.0
2026-06-05 15:46:25,4.524621109190371,5.856181662902963,5.2690418368211684,-1.8461094270637952,8.963817102240947,20.591584316767488,-0.8849136437236931,-13.390508493666077,36.55646552155984,40.42894927784338,38.05983294606429,14.0,2.3934012129205575,35.0,-100,1.0,0.0,1.0,1.0,1.0,1.0,1.0,0.0,0.0,0.0
2026-06-05 15:46:26,0.5705846246264881,5.032491926814347,4.498802134748133,-1.8393685987230102,7.623876564001154,17.492812073376673,-1.0464937188464738,-17.28196078637629,36.96889355190771,40.188986609862596,38.15094778822967,14.0,2.3934012129205575,35.0,-100,1.0,0.0,1.0,1.0,1.0,1.0,1.0,0.0,0.0,0.0
2026-06-05 15:46:27,4.121489918296649,9.327842747086374,9.037554411230856,-1.5893164373463677,6.123600766250792,20.977158918070373,0.8459915469076553,-16.382381896481736,36.697454458106435,40.091409307205836,37.865054645500976,14.0,2.3934012129205575,35.0,-100,1.0,0.0,1.0,1.0,1.0,1.0,1.0,0.0,0.0,0.0
2026-06-05 15:46:28,3.8368070477218863,7.152205350280181,4.175678524495516,1.4339426157526534,9.889985350582382,16.13121306076328,-1.326965504297088,-18.447172283874007,36.69444906799972,40.14285635476856,37.829553968452046,14.0,2.3934012129205575,35.0,-100,1.0,0.0,1.0,1.0,1.0,1.0,1.0,0.0,0.0,0.0
2026-06-05 15:46:29,3.3217638101409177,10.125028736446342,5.701012575590175,-0.7327783402617851,7.027943448610681,17.219214613756197,4.17445473968574,-16.922115978617505,36.43192754363309,40.08927260521909,38.238321856000084,14.0,2.3934012129205575,35.0,-100,1.0,0.0,1.0,1.0,1.0,1.0,1.0,0.0,0.0,0.0
2026-06-05 15:46:31,2.9183961890794787,8.022390685865545,6.920359345454808,2.359507618227404,7.506281963729009,18.403807795453055,-1.736513269703611,-14.627005037082533,36.464199183039405,40.315990170369496,37.886257530419606,14.0,2.3934012129205575,35.0,-100,1.0,0.0,1.0,1.0,1.0,1.0,1.0,0.0,0.0,0.0
2026-06-05 15:46:32,4.489929071635308,4.54278537502748,4.861800875929754,-1.2579802284617956,8.789472490268345,18.655375622560594,-0.7803172312095388,-17.163314902604274,36.6206971784731,40.416725989560426,38.15121824756474,14.0,2.3934012129205575,35.0,-100,1.0,0.0,1.0,1.0,1.0,1.0,1.0,0.0,0.0,0.0
2026-06-05 15:46:34,1.5925207703532738,9.67356566092677,8.761139391912094,1.5031117826871956,10.070186082741433,16.71734204374168,1.2402477264986258,-16.139219747982366,36.989994076551625,40.22772668025184,37.70601134962065,14.0,2.3934012129205575,35.0,-100,1.0,0.0,1.0,1.0,1.0,1.0,1.0,0.0,0.0,0.0
2026-06-05 15:46:35,4.581021952781203,6.442511652950177,7.396730003923312,-1.7364595296581102,6.039807084378743,16.314980091457528,3.1718740140773605,-17.036107270155306,36.74247704909636,40.268052222765604,37.86679394492603,14.0,2.3934012129205575,35.0,-100,1.0,0.0,1.0,1.0,1.0,1.0,1.0,0.0,0.0,0.0
2026-06-05 15:46:36,3.6698187968420752,6.25801971772625,9.255705584243863,1.491121300581622,7.549032502103163,18.466423583608837,-0.17914728486659381,-14.906574231329119,36.5107340883109,40.361134498412554,38.07344791400607,14.0,2.3934012129205575,35.0,-100,1.0,0.0,1.0,1.0,1.0,1.0,1.0,0.0,0.0,0.0
2026-06-05 15:46:37,-0.1073851428602417,4.757130197636143,7.51390393660702,-1.1081288870549892,7.305127941909344,15.554190428597764,0.46214635053255515,-13.052945972227395,36.93713019626436,40.39784304756587,37.906302069943784,14.0,2.3934012129205575,35.0,-100,1.0,0.0,1.0,1.0,1.0,1.0,1.0,0.0,0.0,0.0
2026-06-05 15:46:38,2.518057830166482,5.265983732310431,7.529110021932125,0.9885821343711978,9.169138482203667,18.029348953520802,4.001321036114515,-13.968599710804046,36.78708553308339,40.473998823298366,37.77649804187268,14.0,2.3934012129205575,35.0,-100,1.0,0.0,1.0,1.0,1.0,1.0,1.0,0.0,0.0,0.0
2026-06-05 15:46:40,1.6316369405724964,9.579492653734011,5.524278209384944,1.5838055123788077,10.869930524214013,17.29846022391097,-0.6652613641818432,-17.149810034436193,36.71469223257403,40.370046576199314,38.177242663759955,14.0,2.3934012129205575,35.0,-100,1.0,0.0,1.0,1.0,1.0,1.0,1.0,0.0,0.0,0.0
2026-06-05 15:46:41,2.2658152235196276,6.934466595535783,7.242068433733703,0.6284844368176872,8.848211869329159,15.507543071153364,1.3534212676312327,-16.207587945558952,36.77280569976701,39.98434483753248,37.841763520579285,14.0,2.3934012129205575,35.0,-100,1.0,0.0,1.0,1.0,1.0,1.0,1.0,0.0,0.0,0.0
2026-06-05 15:46:42,4.643200802768633,9.531305182403099,8.46154781953905,0.01632463800377315,8.408179189796762,15.815990812847552,3.5020921318888414,-12.657322812010399,36.90736265904189,40.0528711009902,38.07583101214545,14.0,2.3934012129205575,35.0,-100,1.0,0.0,1.0,1.0,1.0,1.0,1.0,0.0,0.0,0.0
2026-06-05 15:46:43,2.4919118867630683,4.934299802320419,6.185997985850159,2.282951280638615,9.15049851098533,15.491091487491586,-0.616905412860743,-16.91993104291077,36.59593421530165,40.09763656010305,38.22579747130596,14.0,2.3934012129205575,35.0,-100,1.0,0.0,1.0,1.0,1.0,1.0,1.0,0.0,0.0,0.0
2026-06-05 15:46:44,0.9047651857892294,8.088010778525202,9.306188823853606,2.4444915127896207,10.884024113314645,17.573673496020447,-0.32806113630695144,-15.701173888789658,36.65640430526467,40.16917721665075,37.84092319131912,14.0,2.3934012129205575,35.0,-100,1.0,0.0,1.0,1.0,1.0,1.0,1.0,0.0,0.0,0.0
2026-06-05 15:46:45,5.705767548148226,10.081651389499674,8.30095111193637,3.758658973416183,11.26542631909092,19.830316643174456,-0.9072078605408529,-17.543506172013686,36.85393570807892,40.181309172279285,38.0786124546712,14.0,2.3934012129205575,35.0,-100,1.0,0.0,1.0,1.0,1.0,1.0,1.0,0.0,0.0,0.0
2026-06-05 15:46:46,0.4989630459836478,9.511283473765046,4.6596868711652455,0.17477200361969825,6.301144292649806,16.81799795574506,1.3447918333148339,-15.645565589107056,36.81612828399275,40.24617982189699,38.1690656780641,14.0,2.3934012129205575,35.0,-100,1.0,0.0,1.0,1.0,1.0,1.0,1.0,0.0,0.0,0.0
2026-06-05 15:46:47,5.325964449895303,8.343947361983476,7.900238001935925,1.854882941875129,6.069770850252877,18.62455303674485,1.0033532743230973,-15.44883556599466,36.49517729210262,40.21891432393981,37.84389150738075,14.0,2.3934012129205575,35.0,-100,1.0,0.0,1.0,1.0,1.0,1.0,1.0,0.0,0.0,0.0
2026-06-05 15:46:49,1.2380105221274336,9.618268148071051,9.840204182150787,-0.9807930816115782,8.035635130610249,19.780647246131632,-1.0754227226973647,-17.979805664165546,36.48489881952705,40.282823500824044,38.08641630260632,14.0,2.3934012129205575,35.0,-100,1.0,0.0,1.0,1.0,1.0,1.0,1.0,0.0,0.0,0.0
2026-06-05 15:46:50,1.7595776472168156,6.6983936466233,4.723956336201224,-0.9686134925839971,5.928881813463574,16.063291304886445,3.322757645297698,-14.50847845072822,36.739086276441114,40.01101182771686,37.942725507332355,14.0,2.3934012129205575,35.0,-100,1.0,0.0,1.0,1.0,1.0,1.0,1.0,0.0,0.0,0.0
2026-06-05 15:46:51,5.618327550052913,10.111224551119614,6.646400732565635,3.387954596641051,9.849704076268674,21.28120623254228,0.04202688670631738,-16.03435926251674,36.91853005926353,40.517511104211316,37.96953262693521,14.0,2.3934012129205575,35.0,-100,1.0,0.0,1.0,1.0,1.0,1.0,1.0,0.0,0.0,0.0
2026-06-05 15:46:52,4.316749029412305,6.5154895556850825,8.894209431965775,1.7232797235672148,7.946572975181351,16.207410283499218,0.7639839963983106,-18.363476227466077,36.81190324716523,40.426596853345934,38.0048591609913,14.0,2.3934012129205575,35.0,-100,1.0,0.0,1.0,1.0,1.0,1.0,1.0,0.0,0.0,0.0
2026-06-05 15:46:54,2.49686111924965,8.097064134374932,8.637917845226756,-1.3583894420287708,5.720110563701077,18.617245930021223,2.8522625491874436,-14.003839718970024,36.75038775038564,40.03056384582308,38.11559899831431,14.0,2.3934012129205575,35.0,-100,1.0,0.0,1.0,1.0,1.0,1.0,1.0,0.0,0.0,0.0
2026-06-05 15:46:55,1.804739619523914,7.374399423729731,7.378512463615958,0.8164268995114403,8.667950259475957,19.374786176807127,2.0197866672864144,-17.967617847134637,36.64695853152463,40.4818922752963,37.71750509026281,14.0,2.3934012129205575,35.0,-100,1.0,0.0,1.0,1.0,1.0,1.0,1.0,0.0,0.0,0.0
2026-06-05 15:46:56,0.7734071643344025,6.396597132918544,4.19249661045898,0.2026374894155678,9.88392999779137,17.026437301479213,4.156257296294189,-16.57253350566406,36.79494360511052,40.290495448180124,38.15038586997617,14.0,2.3934012129205575,35.0,-100,1.0,0.0,1.0,1.0,1.0,1.0,1.0,0.0,0.0,0.0
2026-06-05 15:46:58,1.180782415991388,8.575531329411035,10.02001406572833,2.1925808674849616,8.515412568024232,19.267257894140627,0.17065071791673825,-15.164861817903683,36.906561736619764,40.15665968577838,38.29043380613955,14.0,2.3934012129205575,35.0,-100,1.0,0.0,1.0,1.0,1.0,1.0,1.0,0.0,0.0,0.0
2026-06-05 15:46:59,4.789987216392361,9.80979539891154,9.838666646683546,2.3026530801145544,7.672890693242087,17.713097319895528,1.3331727333698007,-15.36613253311073,36.77531883680047,40.35192355794955,38.125228557351825,14.0,2.3934012129205575,35.0,-100,1.0,0.0,1.0,1.0,1.0,1.0,1.0,0.0,0.0,0.0
2026-06-05 15:47:00,1.5020897691047368,9.158265033874411,6.617208085238227,0.9623114354042821,11.00567581409196,20.57312933913528,1.1064552100579812,-17.924938218156182,36.56585032647743,40.032492992174255,38.15074250097572,14.0,2.3934012129205575,35.0,-100,1.0,0.0,1.0,1.0,1.0,1.0,1.0,0.0,0.0,0.0
2026-06-05 15:47:01,1.6574632276415717,5.544332071900727,5.738329887221487,2.7079792371294626,10.701881050583792,16.009950781290545,2.151922718710673,-13.563599804194947,36.456165264512755,39.95904837232574,37.72377158706351,14.0,2.3934012129205575,35.0,-100,1.0,0.0,1.0,1.0,1.0,1.0,1.0,0.0,0.0,0.0
2026-06-05 15:47:02,1.11938958399677,6.495422083416242,8.144379667727769,2.1574422337635886,10.831581537690958,19.406962507217315,0.09920114107671418,-13.07093374787874,36.88578125175301,40.03271248245929,37.8990800685181,14.0,2.3934012129205575,35.0,-100,1.0,0.0,1.0,1.0,1.0,1.0,1.0,0.0,0.0,0.0
2026-06-05 15:47:03,1.0483987508109842,10.482387589316163,6.606842167765898,1.0096306762282041,8.943336001252955,18.583974899725803,-0.7231996209463545,-14.039270730088102,36.40828344009632,40.51710638708582,38.25396736589755,14.0,2.3934012129205575,35.0,-100,1.0,0.0,1.0,1.0,1.0,1.0,1.0,0.0,0.0,0.0
2026-06-05 15:47:05,0.031209696807943832,6.375591980950579,7.306712253487848,2.311574222732532,10.54115974770265,16.698702851690527,-0.007145138762474357,-13.349767298875614,36.98969459574052,39.9933601673801,38.09104195322512,14.0,2.3934012129205575,35.0,-100,1.0,0.0,1.0,1.0,1.0,1.0,1.0,0.0,0.0,0.0
2026-06-05 15:47:06,3.7077640541471544,5.596911389205325,6.796923596355085,2.8518208248730863,6.822416301777476,17.886866205367816,3.2413080763777016,-18.433396818139414,36.5722634361524,40.2867317850424,37.98541238089973,14.0,2.3934012129205575,35.0,-100,1.0,0.0,1.0,1.0,1.0,1.0,1.0,0.0,0.0,0.0
2026-06-05 15:47:07,3.2151980108372715,9.683415769634248,7.725337362290092,1.9973351471998004,7.928629315953442,18.228448463241094,0.688800308149009,-15.026223697576516,36.5753298674425,40.181705819000186,38.02113485299935,14.0,2.3934012129205575,35.0,-100,1.0,0.0,1.0,1.0,1.0,1.0,1.0,0.0,0.0,0.0
2026-06-05 15:47:08,2.1280707991044174,8.930840983795122,9.998764789583863,-1.073620206274116,11.275577782123683,19.450684297372035,0.2436420390465326,-16.288554608921473,36.41628815785585,40.2709401035668,37.757113380836714,14.0,2.3934012129205575,35.0,-100,1.0,0.0,1.0,1.0,1.0,1.0,1.0,0.0,0.0,0.0
2026-06-05 15:47:09,1.7499968533882806,9.665010042270847,5.321321769598613,3.853981434889363,6.8929610548804705,16.095064599378333,1.6675056847441043,-15.532339637444508,36.805131881950715,40.307210653397945,38.19665981669315,14.0,2.3934012129205575,35.0,-100,1.0,0.0,1.0,1.0,1.0,1.0,1.0,0.0,0.0,0.0
2026-06-05 15:47:10,4.6769705307784335,7.733900589833081,8.000524670004147,3.4828774411158614,8.69031484970553,19.84209901786612,1.459394524787574,-14.463602065756628,36.68471754444976,40.49873634222367,38.01254908235912,14.0,2.3934012129205575,35.0,-100,1.0,0.0,1.0,1.0,1.0,1.0,1.0,0.0,0.0,0.0
2026-06-05 15:47:12,5.297174294633815,9.362378207630623,9.10685343847362,-1.3016059202671508,7.613297325230571,18.605387347093156,-1.490986749941249,-12.778446562977798,36.91935785975623,40.26348276032924,37.94499678959375,14.0,2.3934012129205575,35.0,-100,1.0,0.0,1.0,1.0,1.0,1.0,1.0,0.0,0.0,0.0
2026-06-05 15:47:13,0.5643330785541254,9.574134433889483,8.726393434487811,4.0279152625191035,9.672444528255099,16.40209977182161,3.4449261248944945,-14.422621069247368,36.679584238815714,40.09344886547763,38.26201617056837,14.0,2.3934012129205575,35.0,-100,1.0,0.0,1.0,1.0,1.0,1.0,1.0,0.0,0.0,0.0
2026-06-05 15:47:14,2.8534643124390753,8.865986392818279,5.560947982912512,0.5270482251272215,9.962330632496213,19.315529240969738,1.3379623754055654,-18.30472875417939,36.92885379319563,40.118474860869405,38.257541374731424,14.0,2.3934012129205575,35.0,-100,1.0,0.0,1.0,1.0,1.0,1.0,1.0,0.0,0.0,0.0
2026-06-05 15:47:15,4.6882221131982185,7.1242000688587215,5.061985256712215,4.011797372489819,5.784039629334655,16.608152001166477,2.0177261351404794,-16.81234735313098,36.84656890767267,40.21943709808834,37.74392161547128,14.0,2.3934012129205575,35.0,-100,1.0,0.0,1.0,1.0,1.0,1.0,1.0,0.0,0.0,0.0
2026-06-05 15:47:16,3.2000946401071566,6.581579341122263,5.7215507591360915,1.7052512504766377,6.247470131252711,20.531927005006043,-1.6744445421603569,-18.49514632310475,36.99091123824982,40.03714708721989,38.227460152088284,14.0,2.3934012129205575,35.0,-100,1.0,0.0,1.0,1.0,1.0,1.0,1.0,0.0,0.0,0.0
2026-06-05 15:47:17,1.376570784076683,9.065406905842458,6.04630861293853,0.6047557301686028,5.828343994563442,18.598205697880765,0.8811308084285812,-14.40306553461907,36.65837973717325,40.116486465570006,37.72594959443649,14.0,2.3934012129205575,35.0,-100,1.0,0.0,1.0,1.0,1.0,1.0,1.0,0.0,0.0,0.0
2026-06-05 15:47:19,4.921027297254565,6.1986945227516665,5.5942347923871525,0.0920862266191893,7.659323687458805,19.20248310724493,-0.851822814137075,-13.818343713775768,36.632274084949294,40.344890102241294,37.8803121116351,14.0,2.3934012129205575,35.0,-100,1.0,0.0,1.0,1.0,1.0,1.0,1.0,0.0,0.0,0.0
2026-06-05 15:47:20,1.2824340024364798,8.124251021885424,5.929188566292566,0.19807441040117713,7.597453769194249,19.112934184935213,2.9251907756950937,-13.502683830002917,36.90230741562731,40.04969787809057,38.225319952284856,14.0,2.3934012129205575,35.0,-100,1.0,0.0,1.0,1.0,1.0,1.0,1.0,0.0,0.0,0.0
2026-06-05 15:47:21,2.9431243030303804,7.259142353570698,4.587575750389267,0.828072601631809,10.944726335177862,16.539729297827108,3.438268918035572,-16.699818303428135,36.67585783664113,40.02383277437758,38.12266605620437,14.0,2.3934012129205575,35.0,-100,1.0,0.0,1.0,1.0,1.0,1.0,1.0,0.0,0.0,0.0
2026-06-05 15:47:22,5.653186880374656,10.150895073401841,5.261909185225738,3.534052201821047,10.374464687447313,19.833327843948112,-1.2590986455575788,-14.979882924412852,36.544351503630075,39.99951003930856,38.0170372478596,14.0,2.3934012129205575,35.0,-100,1.0,0.0,1.0,1.0,1.0,1.0,1.0,0.0,0.0,0.0
2026-06-05 15:47:23,3.7221036184595344,5.278607517594143,4.24155574026244,2.119796146202897,7.021164128522046,15.724064581142596,-1.6996447847367868,-13.881397982870315,36.99327407366462,40.285296925074256,37.76078551329827,14.0,2.3934012129205575,35.0,-100,1.0,0.0,1.0,1.0,1.0,1.0,1.0,0.0,0.0,0.0
2026-06-05 15:47:24,0.08912016252234167,7.45440109820734,8.912154279843387,1.4052493880123627,7.932741801864791,15.559057386914546,1.7244879411555178,-17.89591141389339,36.873277378540486,40.16564499006213,38.04160974121792,14.0,2.3934012129205575,35.0,-100,1.0,0.0,1.0,1.0,1.0,1.0,1.0,0.0,0.0,0.0
2026-06-05 15:47:25,0.501004702230067,10.077647944303607,8.102395341163032,-0.779144536180292,8.812626000830107,17.22344038410009,-0.7454293833376335,-13.67772879107957,36.613186573651326,40.347023037868446,37.71761597553054,14.0,2.3934012129205575,35.0,-100,1.0,0.0,1.0,1.0,1.0,1.0,1.0,0.0,0.0,0.0
2026-06-05 15:47:27,0.2850815916898517,6.124693610813914,7.965623706544799,4.022060435518563,10.96400846926031,17.063700908594292,2.296763156031129,-15.741022718135241,36.43664257236383,40.46405180202345,37.86735427132841,14.0,2.3934012129205575,35.0,-100,1.0,0.0,1.0,1.0,1.0,1.0,1.0,0.0,0.0,0.0
2026-06-05 15:47:28,1.671059192976201,5.2168851998268915,9.24899652280078,0.6750542894917841,10.533502124651596,18.256998412783943,2.8712913304965983,-16.85001640093416,36.40806445171895,40.44509312294722,38.04177776775012,14.0,2.3934012129205575,35.0,-100,1.0,0.0,1.0,1.0,1.0,1.0,1.0,0.0,0.0,0.0
2026-06-05 15:47:29,4.625883712959564,7.691060007978382,4.2062652714944395,2.96156052560628,7.627353506852529,20.192294250697227,1.733672643487818,-15.276260576488548,36.4123250349809,40.25190200021905,38.08773572246642,14.0,2.3934012129205575,35.0,-100,1.0,0.0,1.0,1.0,1.0,1.0,1.0,0.0,0.0,0.0
2026-06-05 15:47:30,5.600633196361296,6.072296947509651,4.711123324684547,3.315278663965046,10.774646604743122,18.59372387983722,4.215435976527577,-17.479242464257684,36.813458292176,40.42159183654431,38.071334709597615,14.0,2.3934012129205575,35.0,-100,1.0,0.0,1.0,1.0,1.0,1.0,1.0,0.0,0.0,0.0
2026-06-05 15:47:31,0.25290062973064975,8.469017658028834,7.85785348643326,4.044394242292201,10.996908280099436,19.278457058051742,1.4752298104213724,-17.54300470616973,36.974717263364866,40.267215954908565,37.950422368357714,14.0,2.3934012129205575,35.0,-100,1.0,0.0,1.0,1.0,1.0,1.0,1.0,0.0,0.0,0.0
2026-06-05 15:47:32,3.8442466575024783,6.109336600843478,4.76207133851542,0.6236425909016625,9.060599451690551,19.681999974971884,0.9869842673175029,-13.62484707586086,36.84365061058945,40.329556092348085,38.14913309408921,14.0,2.3934012129205575,35.0,-100,1.0,0.0,1.0,1.0,1.0,1.0,1.0,0.0,0.0,0.0
2026-06-05 15:47:33,1.8954163249203182,7.450125528146944,4.945904197382952,2.49016106265333,11.290774885229602,16.399961410603833,-0.8167766180553748,-17.47058897754437,36.7314307059906,40.342423429490715,37.708358145143414,14.0,2.3934012129205575,35.0,-100,1.0,0.0,1.0,1.0,1.0,1.0,1.0,0.0,0.0,0.0
2026-06-05 15:47:35,4.776460840549095,7.280062974031613,8.885664583570405,0.1299868840215388,10.837772374970346,19.905428029523247,-1.4254804365076774,-18.1430437227041,36.62205701363628,40.247350894817544,37.97422505011377,14.0,2.3934012129205575,35.0,-100,1.0,0.0,1.0,1.0,1.0,1.0,1.0,0.0,0.0,0.0
2026-06-05 15:47:36,5.014747124574213,9.526306159891632,7.397701204286883,-0.5602148111659428,10.674979317320933,21.090013201731033,-0.17178805221933224,-14.663443432860099,36.653941887251825,40.131775573829245,38.007259811875926,14.0,2.3934012129205575,35.0,-100,1.0,0.0,1.0,1.0,1.0,1.0,1.0,0.0,0.0,0.0
2026-06-05 15:47:37,4.242140701642193,9.342792101716903,5.9330581943095195,3.904651962671119,8.827806936623777,17.662828563312473,2.854352058246044,-17.827710104627318,36.84679765746438,40.152735145683835,37.96214332368075,14.0,2.3934012129205575,35.0,-100,1.0,0.0,1.0,1.0,1.0,1.0,1.0,0.0,0.0,0.0
2026-06-05 15:47:38,2.3428308202207972,9.284444141510782,6.3182010508651905,-0.08321369290672354,6.8832406724391895,15.743785569865512,-0.8426871663478233,-13.44096362837746,36.54084368301019,40.37724758389214,37.81451005546528,14.0,2.3934012129205575,35.0,-100,1.0,0.0,1.0,1.0,1.0,1.0,1.0,0.0,0.0,0.0
2026-06-05 15:47:40,5.3078394595875995,9.273561756352176,6.887536866873348,-0.2347834636894428,11.46442582216519,18.382558364696038,4.190023325998548,-14.187692163404634,36.77707274331286,40.089757818589376,37.8100055226397,14.0,2.3934012129205575,35.0,-100,1.0,0.0,1.0,1.0,1.0,1.0,1.0,0.0,0.0,0.0
2026-06-05 15:47:41,-0.13621033740233246,6.5976759655903985,9.92116341112616,-1.5775949624502639,7.690566000082159,19.3907923127093,0.3642330759297363,-17.432970587588436,36.70176500339579,40.28153469487045,38.216863489575324,14.0,2.3934012129205575,35.0,-100,1.0,0.0,1.0,1.0,1.0,1.0,1.0,0.0,0.0,0.0
2026-06-05 15:47:43,1.006035137128346,4.656129601025505,9.011166056397844,2.362348230224086,7.721521828614733,16.791668907883107,0.05968932114211878,-13.48311332631381,36.73181071911155,40.30945319809198,38.10432818350232,14.0,2.3934012129205575,35.0,-100,1.0,0.0,1.0,1.0,1.0,1.0,1.0,0.0,0.0,0.0
2026-06-05 15:47:44,0.559347898730592,7.995015202624993,7.989265673031028,0.9135566353406421,10.024239419929248,19.11073722412945,0.8393110427948942,-15.742539315497616,36.76501338225823,40.320645063868454,37.82641792653075,14.0,2.3934012129205575,35.0,-100,1.0,0.0,1.0,1.0,1.0,1.0,1.0,0.0,0.0,0.0
2026-06-05 15:47:45,-0.1623071568516301,4.872161754479186,5.293969973415822,-0.9361021779388043,7.390592092842688,19.010548535751646,-1.097305955513049,-14.949636235755888,36.64576020989884,40.267959872300885,38.21527939456748,14.0,2.3934012129205575,35.0,-100,1.0,0.0,1.0,1.0,1.0,1.0,1.0,0.0,0.0,0.0
2026-06-05 15:47:46,5.764474693377804,7.7945695636969425,6.692999700045373,2.901960409871748,11.542807256619959,17.585495958615343,1.785336606494726,-12.872205686545634,36.41706301511683,40.042841087787046,37.74787674810944,14.0,2.3934012129205575,35.0,-100,1.0,0.0,1.0,1.0,1.0,1.0,1.0,0.0,0.0,0.0
2026-06-05 15:47:47,3.874355383287009,9.184233506054403,9.55821213781971,0.6928791986541585,6.034429070483857,16.17005887900488,-0.7747275368433906,-13.118087669241078,36.997720922070044,40.274715648574514,38.218854046731245,14.0,2.3934012129205575,35.0,-100,1.0,0.0,1.0,1.0,1.0,1.0,1.0,0.0,0.0,0.0
2026-06-05 15:47:48,3.431142505258429,8.971476938453716,8.92429091829615,3.7386358588743347,7.199800148646101,15.965711389733773,2.2904928978130457,-15.39058770636024,36.49315483370223,40.49731431114362,37.975148654278186,14.0,2.3934012129205575,35.0,-100,1.0,0.0,1.0,1.0,1.0,1.0,1.0,0.0,0.0,0.0
2026-06-05 15:47:49,-0.029191948307280224,6.862870624417684,8.33281729416679,4.032525386813293,6.608525657037309,15.9941236451076,0.8281445413581148,-18.48555349666632,36.700709507564326,40.13864436205853,38.17199262927824,14.0,2.3934012129205575,35.0,-100,1.0,0.0,1.0,1.0,1.0,1.0,1.0,0.0,0.0,0.0
2026-06-05 15:47:50,0.993880081734652,9.749454271887226,5.062179583525836,-1.9207279064136018,10.199374862585348,17.64646027769047,1.4007435215554485,-15.125676776747127,36.84639091954422,40.50361460138941,38.018093903453874,14.0,2.3934012129205575,35.0,-100,1.0,0.0,1.0,1.0,1.0,1.0,1.0,0.0,0.0,0.0
2026-06-05 15:47:52,2.7958404298800525,7.162239428259584,6.161050992956462,2.2472921940230073,6.220208508688489,18.24524827133262,-0.40035192212259263,-14.2640333125692,36.90877227860404,40.064220187536925,37.78985016201775,14.0,2.3934012129205575,35.0,-100,1.0,0.0,1.0,1.0,1.0,1.0,1.0,0.0,0.0,0.0
2026-06-05 15:47:53,0.29254992918204925,7.077529820439785,10.05669724217497,-1.5181999386457328,6.345419216898781,19.160210176924718,0.5571740258373525,-15.942753097303791,36.969951901049505,40.121439960439815,37.978957231139404,14.0,2.3934012129205575,35.0,-100,1.0,0.0,1.0,1.0,1.0,1.0,1.0,0.0,0.0,0.0
2026-06-05 15:47:54,-0.09622891998081018,5.777131220811331,4.657556872784912,1.5764826292501226,11.573672488322861,18.302408808092636,-0.15444926835077144,-17.30356471489312,36.59619699156876,40.38380522921866,37.98742800551954,14.0,2.3934012129205575,35.0,-100,1.0,0.0,1.0,1.0,1.0,1.0,1.0,0.0,0.0,0.0
2026-06-05 15:47:55,4.489100392528306,10.437851760448751,6.748680140651008,2.8062875959020745,9.661906692465967,15.600630815968442,1.813928288110791,-17.712464213920153,36.74293367816528,40.312845768151696,37.970422568451085,14.0,2.3934012129205575,35.0,-100,1.0,0.0,1.0,1.0,1.0,1.0,1.0,0.0,0.0,0.0
2026-06-05 15:47:57,1.4050308552835054,10.419648280089227,8.884605635761218,-1.5224952419415994,8.108167673757332,18.919199710581086,3.0623907770197007,-16.223163093821853,36.75837199697025,40.3291144557674,37.79571663265424,14.0,2.3934012129205575,35.0,-100,1.0,0.0,1.0,1.0,1.0,1.0,1.0,0.0,0.0,0.0
2026-06-05 15:47:58,3.809546040448639,5.790222185166551,5.93343673102907,2.7694133353478882,10.217484611950036,21.134190767143203,0.23091406738695586,-14.089979870300684,36.75234549352243,40.21096801750659,38.25700315149647,14.0,2.3934012129205575,35.0,-100,1.0,0.0,1.0,1.0,1.0,1.0,1.0,0.0,0.0,0.0
2026-06-05 15:47:59,4.8741849343501755,7.529559042668213,6.592010225283552,-1.5727584881972492,7.380973918646585,18.89070446692835,-0.14952139214548055,-16.924737102626597,36.98614490757654,40.48168708539239,38.02271555747368,14.0,2.3934012129205575,35.0,-100,1.0,0.0,1.0,1.0,1.0,1.0,1.0,0.0,0.0,0.0
2026-06-05 15:48:00,5.729588003437054,10.328110991357358,6.827614431055142,3.3138012552327956,9.985526644953506,18.659223344220134,-0.11613269584867969,-13.798426991335262,36.67348538560871,40.06370007506697,37.74052461399071,14.0,2.3934012129205575,35.0,-100,1.0,0.0,1.0,1.0,1.0,1.0,1.0,0.0,0.0,0.0
2026-06-05 15:48:02,1.207710172321396,4.858771380395355,8.376084158610809,1.3883162110948435,6.394915146890855,18.799203186486935,-0.49164362365187997,-15.383582002396574,36.780875636966904,40.45315724485432,37.93199616850255,14.0,2.3934012129205575,35.0,-100,1.0,0.0,1.0,1.0,1.0,1.0,1.0,0.0,0.0,0.0
2026-06-05 15:48:03,5.227228265317379,9.381129478235612,9.262872563962219,0.7607804178469504,10.79350726825622,19.807689807697294,3.4576399916422442,-16.40434231147771,36.761675380824585,40.15180141887495,37.74751081814808,14.0,2.3934012129205575,35.0,-100,1.0,0.0,1.0,1.0,1.0,1.0,1.0,0.0,0.0,0.0
2026-06-05 15:48:04,3.5955958341734586,8.223047218812098,8.943015532288406,0.15641957096188186,6.762968324313004,18.025788279207983,-1.556490748626044,-15.616887195280196,36.967477963827214,40.238005977110724,37.83098508508672,14.0,2.3934012129205575,35.0,-100,1.0,0.0,1.0,1.0,1.0,1.0,1.0,0.0,0.0,0.0
2026-06-05 15:48:06,5.641322113938959,9.448733100128516,5.911583648778277,3.0582750461857486,8.637316619132433,17.92873844604739,0.5151323624149158,-12.955891837859124,36.985912214867135,40.0890260412,37.84881524008523,14.0,2.3934012129205575,35.0,-100,1.0,0.0,1.0,1.0,1.0,1.0,1.0,0.0,0.0,0.0
2026-06-05 15:48:07,3.750939515951509,7.535603910098626,5.51975310013205,1.7416135129420702,9.428561097154413,19.432881699811045,2.6283625373945023,-17.24878788015782,36.86846162088826,40.51919490974093,38.04508482029448,14.0,2.3934012129205575,35.0,-100,1.0,0.0,1.0,1.0,1.0,1.0,1.0,0.0,0.0,0.0
2026-06-05 15:48:08,0.9599223970724848,9.798276951177881,6.941797304646512,0.05555076233146572,6.60159300669726,18.152529780210845,-0.8530139687424354,-16.19181364842764,36.50958579751864,40.24365455985211,38.18859423700733,14.0,2.3934012129205575,35.0,-100,1.0,0.0,1.0,1.0,1.0,1.0,1.0,0.0,0.0,0.0
2026-06-05 15:48:10,4.959208216378794,6.311922155478193,5.775777657316836,0.5740081592196371,9.384360450543532,17.5666168645733,-1.4558904033611224,-13.705865826608415,36.90367887992947,40.26344435178662,37.807268263120584,14.0,2.3934012129205575,35.0,-100,1.0,0.0,1.0,1.0,1.0,1.0,1.0,0.0,0.0,0.0
2026-06-05 15:48:11,0.6345749256962661,5.741456939685324,4.662001879043561,2.8857405401025025,9.298451535948121,15.424608569032584,-1.1717395362166507,-17.92444979581716,36.5071239457298,40.06450316527573,38.0720190109308,14.0,2.3934012129205575,35.0,-100,1.0,0.0,1.0,1.0,1.0,1.0,1.0,0.0,0.0,0.0
2026-06-05 15:48:12,-0.10491840506430972,8.957481693246088,7.4063752453366964,2.7105256971790475,9.10529262553877,19.83614890097722,0.8288831563189047,-13.028710523553801,36.73242647925861,40.42054005066436,37.789765124425465,14.0,2.3934012129205575,35.0,-100,1.0,0.0,1.0,1.0,1.0,1.0,1.0,0.0,0.0,0.0
2026-06-05 15:48:14,4.232093290120022,7.674825562762569,5.413424873016864,-0.8547555249678949,10.089273564812137,19.08381894094008,-0.36855340022012917,-14.52276864112823,36.71064642190648,40.01032511039964,37.77275208647313,14.0,2.3934012129205575,35.0,-100,1.0,0.0,1.0,1.0,1.0,1.0,1.0,0.0,0.0,0.0
2026-06-05 15:48:15,4.681520525427572,8.587902241357277,9.457532638262624,2.702078983199849,10.427106307228582,20.281202569259126,-0.9169163927872663,-14.832027244425745,36.77604222027242,40.25343436299322,37.938421079711325,14.0,2.3934012129205575,35.0,-100,1.0,0.0,1.0,1.0,1.0,1.0,1.0,0.0,0.0,0.0
2026-06-05 15:48:16,4.583047911099557,5.999179450080534,5.255770750683175,3.298855655849936,9.255376970759034,15.639670932857788,-0.533539419585116,-16.933695952583797,36.53830479983572,40.21999395875719,37.74243633648912,14.0,2.3934012129205575,35.0,-100,1.0,0.0,1.0,1.0,1.0,1.0,1.0,0.0,0.0,0.0
2026-06-05 15:48:17,5.51405997384086,8.623699053007025,4.2929438191877525,3.7038831245813526,9.614850370749418,20.097110971103607,2.733596695172131,-13.711265012324422,36.57366754123969,40.33191323836356,38.22784181178949,14.0,2.3934012129205575,35.0,-100,1.0,0.0,1.0,1.0,1.0,1.0,1.0,0.0,0.0,0.0
2026-06-05 15:48:18,2.9228417194303526,9.850786103894372,7.6775549893747215,2.297777166885803,10.225209739239462,17.104143300513755,-0.4129787365186661,-16.023886576638425,36.54738986054648,40.522801373312205,38.03166378674612,14.0,2.3934012129205575,35.0,-100,1.0,0.0,1.0,1.0,1.0,1.0,1.0,0.0,0.0,0.0
2026-06-05 15:48:19,2.3854663361662043,7.142726278963395,8.891721867637852,-0.24225182689935698,10.695672069178563,19.030599690447385,-0.5223577116686244,-17.495714108572646,36.973254387791066,40.0322626671919,38.23911856052132,14.0,2.3934012129205575,35.0,-100,1.0,0.0,1.0,1.0,1.0,1.0,1.0,0.0,0.0,0.0
2026-06-05 15:48:20,0.49234194947826015,4.884332420466327,9.53085705621817,-0.7134175301497621,8.605334056779569,15.579142128895615,-0.9471807279546693,-18.18960399824504,36.89973079479224,40.469570622504975,38.15685114669118,14.0,2.3934012129205575,35.0,-100,1.0,0.0,1.0,1.0,1.0,1.0,1.0,0.0,0.0,0.0
2026-06-05 15:48:21,3.0278696929058615,5.0317870573446415,5.0268328068243475,0.9503757451871566,6.7417810397083215,20.998622630161737,0.8541679970618201,-18.40675361300752,36.42103367607493,40.52304282333933,38.27725391688728,14.0,2.3934012129205575,35.0,-100,1.0,0.0,1.0,1.0,1.0,1.0,1.0,0.0,0.0,0.0
2026-06-05 15:48:23,2.4253738984684072,8.33891642064332,7.30863721983809,0.6009929690536229,10.1675129871765,17.171643712794225,1.5337931284460145,-12.972270082052237,36.61273976580533,40.20547004722698,38.132026066796676,14.0,2.3934012129205575,35.0,-100,1.0,0.0,1.0,1.0,1.0,1.0,1.0,0.0,0.0,0.0
2026-06-05 15:48:24,5.150665580716011,6.013177862864794,6.489845572997288,-0.08409639975995353,9.963974581993607,15.536059908294344,3.834396811405993,-15.290721136740004,36.958832484781155,40.151019224921804,37.928395515996044,14.0,2.3934012129205575,35.0,-100,1.0,0.0,1.0,1.0,1.0,1.0,1.0,0.0,0.0,0.0
2026-06-05 15:48:26,4.883706120090276,9.096811309001927,9.24088059553669,-0.99661857223199,8.856245013270598,15.670956327294615,4.115487287144324,-12.698647644006854,36.67091694042413,40.03081253395737,38.10631057371125,14.0,2.3934012129205575,35.0,-100,1.0,0.0,1.0,1.0,1.0,1.0,1.0,0.0,0.0,0.0
2026-06-05 15:48:27,3.2989200465385844,9.216940553842793,7.2639991615504185,0.22508942468007787,10.071005356050314,16.474431961919937,1.3073676073590619,-14.264116435080155,36.80393383114017,40.31328402100671,38.04341631679098,14.0,2.3934012129205575,35.0,-100,1.0,0.0,1.0,1.0,1.0,1.0,1.0,0.0,0.0,0.0
2026-06-05 15:48:28,1.9921627652088745,9.488451596298416,6.7313468380704915,0.04486656916495124,6.520901466807802,19.88370286669292,1.8865090708268264,-17.22094498709165,36.48724942030861,40.20430619174174,37.84852382771487,14.0,2.3934012129205575,35.0,-100,1.0,0.0,1.0,1.0,1.0,1.0,1.0,0.0,0.0,0.0
2026-06-05 15:48:29,1.6197067995388335,10.216909091009601,10.0215742623496,-1.3031783108681978,6.782442101607177,16.847013408714442,0.8521917236280272,-13.310788358543817,36.723270955613394,40.45583484150272,38.23225544358359,14.0,2.3934012129205575,35.0,-100,1.0,0.0,1.0,1.0,1.0,1.0,1.0,0.0,0.0,0.0
2026-06-05 15:48:31,3.5340454444065914,9.613349789636482,4.9320714374411025,-0.24694673451055982,5.8566744072049435,16.660630409386606,3.0829852503685444,-15.021009870452886,36.777346323211496,40.1123987123677,37.88733402061425,14.0,2.3934012129205575,35.0,-100,1.0,0.0,1.0,1.0,1.0,1.0,1.0,0.0,0.0,0.0
2026-06-05 15:48:32,-0.14847925919057037,6.17473097098949,5.195795008599315,-1.5510010023546665,11.071014312099082,15.300646127734085,1.291521430587209,-13.032026061554188,36.906061866782224,40.468654515887785,38.134627854181325,14.0,2.3934012129205575,35.0,-100,1.0,0.0,1.0,1.0,1.0,1.0,1.0,0.0,0.0,0.0
2026-06-05 15:48:33,3.7599834359890933,9.851172913559138,8.61924044082415,0.20473421221249932,7.5706018575533545,16.08864782932801,2.657148512171184,-18.472585719343755,36.97630683928166,40.35642136436493,37.89042774875411,14.0,2.3934012129205575,35.0,-100,1.0,0.0,1.0,1.0,1.0,1.0,1.0,0.0,0.0,0.0
2026-06-05 15:48:35,5.376191455133625,8.026321589804382,4.764276124393291,-0.683940651582094,7.69685588171647,18.503722829654222,-1.4419571600142493,-18.265924429998666,36.52999098621003,40.50376581678141,38.06883127300762,14.0,2.3934012129205575,35.0,-100,1.0,0.0,1.0,1.0,1.0,1.0,1.0,0.0,0.0,0.0
2026-06-05 15:48:36,5.509835440650586,5.643947840858832,4.170373148900917,1.0421734138459717,10.960090592144011,20.207052489726575,3.9991168594600515,-18.201089673117835,36.77896075212038,40.219361042644785,37.99826582892552,14.0,2.3934012129205575,35.0,-100,1.0,0.0,1.0,1.0,1.0,1.0,1.0,0.0,0.0,0.0
2026-06-05 15:48:38,5.613354701693448,5.086482526432687,4.816744265946835,-0.36217225930022034,8.495656422534202,17.111524773337603,0.917272581443715,-13.159662892759012,36.68924242506067,40.46102864421087,38.19067237758084,14.0,2.3934012129205575,35.0,-100,1.0,0.0,1.0,1.0,1.0,1.0,1.0,0.0,0.0,0.0
2026-06-05 15:48:39,3.805646776309727,7.047311444933762,6.373149420696253,2.762961349346078,6.764168734359075,16.506569141818762,1.4813920368919944,-14.107083832750675,36.63683726980115,40.11370554475955,38.14192508925513,14.0,2.3934012129205575,35.0,-100,1.0,0.0,1.0,1.0,1.0,1.0,1.0,0.0,0.0,0.0
2026-06-05 15:48:40,3.4414064239444984,4.551415455049592,7.204864172536241,1.7513139974231358,9.698675592879162,16.662302864480356,2.044580488934702,-13.371932654601167,36.6400874522563,40.14897954750631,37.835176368065575,14.0,2.3934012129205575,35.0,-100,1.0,0.0,1.0,1.0,1.0,1.0,1.0,0.0,0.0,0.0
2026-06-05 15:48:42,2.566105748307735,6.9168598314037775,9.78113632339701,0.6921074565739467,7.77401881053325,16.865117128776806,0.9435114021025055,-16.40579325078508,36.97888165987384,40.005938233416764,38.19802546289345,14.0,2.3934012129205575,35.0,-100,1.0,0.0,1.0,1.0,1.0,1.0,1.0,0.0,0.0,0.0
2026-06-05 15:48:43,4.8181537529182155,10.231444515544787,9.736038866395086,3.209745137724834,7.3516237441461065,17.635774538376708,0.5714890786473767,-15.105723450691402,36.500824685088766,40.19321634319144,37.724928915308176,14.0,2.3934012129205575,35.0,-100,1.0,0.0,1.0,1.0,1.0,1.0,1.0,0.0,0.0,0.0
2026-06-05 15:48:44,4.2481850176100355,5.19062849627362,8.078446546635433,2.3174208354729755,7.847560832652292,15.4072014369446,-0.6120618687354393,-17.54404656810931,36.63291892206104,40.220449855193,38.24682632514438,14.0,2.3934012129205575,35.0,-100,1.0,0.0,1.0,1.0,1.0,1.0,1.0,0.0,0.0,0.0
2026-06-05 15:48:45,3.737660941495373,7.108584573614307,5.460217551123009,2.5254846108257567,10.306360064075173,17.65602638475667,2.8859038389943867,-13.967004492439752,36.77161740956456,40.02420776478669,37.9952600307775,14.0,2.3934012129205575,35.0,-100,1.0,0.0,1.0,1.0,1.0,1.0,1.0,0.0,0.0,0.0
2026-06-05 15:48:46,5.188966073434739,4.598810852118169,6.605472738067691,1.343821503052177,6.160409541185574,20.54270030766549,-1.0070578966654482,-13.787954020933771,36.53881301792055,40.41337441597312,37.803498661165584,14.0,2.3934012129205575,35.0,-100,1.0,0.0,1.0,1.0,1.0,1.0,1.0,0.0,0.0,0.0
2026-06-05 15:48:47,5.40519904763088,8.377175650269486,9.928259362111564,1.9656723804188179,9.349786712394001,17.239646601762153,1.4228166712273072,-14.091276197559155,36.732856944937446,40.20690712216358,38.2427704240875,14.0,2.3934012129205575,35.0,-100,1.0,0.0,1.0,1.0,1.0,1.0,1.0,0.0,0.0,0.0
2026-06-05 15:48:49,2.22061289181364,8.221202819880112,9.074125254911618,-1.590363398776499,9.840007998767978,16.210140010436735,-0.3133692132007748,-17.593373492412145,36.95009282320589,40.05987963918858,37.85145323489314,14.0,2.3934012129205575,35.0,-100,1.0,0.0,1.0,1.0,1.0,1.0,1.0,0.0,0.0,0.0
2026-06-05 15:48:50,4.178682262682963,7.313537007947707,9.912952672550418,1.2215718511355123,6.381070611964327,15.86365646144704,2.219861236936634,-15.67501161308616,36.54564364755339,40.216213974593,38.23067032003537,14.0,2.3934012129205575,35.0,-100,1.0,0.0,1.0,1.0,1.0,1.0,1.0,0.0,0.0,0.0
2026-06-05 15:48:52,3.356413441635825,8.728077897417691,7.1072510028646825,3.3708831855961687,6.875685006323579,18.44998383286785,0.3562847680666046,-17.566115884301105,36.747578206291,40.1657257614541,38.26151060200118,14.0,2.3934012129205575,35.0,-100,1.0,0.0,1.0,1.0,1.0,1.0,1.0,0.0,0.0,0.0
2026-06-05 15:48:53,2.8639464564089616,6.645627915598967,4.202710508241887,1.6430159024725248,6.598550432346707,17.12731148007349,3.105299599402847,-12.52248639757973,36.712021017142206,40.49986923616004,38.275497531300516,14.0,2.3934012129205575,35.0,-100,1.0,0.0,1.0,1.0,1.0,1.0,1.0,0.0,0.0,0.0
2026-06-05 15:48:54,3.5030937030215767,4.824432354177648,7.312921597407193,2.445483825991947,8.199181952393218,19.639390180126185,0.6965307860651162,-16.223095386770325,36.95901384908311,39.93431355787568,38.240729902475664,14.0,2.3934012129205575,35.0,-100,1.0,0.0,1.0,1.0,1.0,1.0,1.0,0.0,0.0,0.0
2026-06-05 15:48:55,1.4899761381743657,9.114110448617016,9.254365591202571,3.8125842957569738,8.493916096423472,19.87678020632558,3.7768376587780095,-15.492531985708883,36.70863990258074,40.43597438701202,38.080518026350276,14.0,2.3934012129205575,35.0,-100,1.0,0.0,1.0,1.0,1.0,1.0,1.0,0.0,0.0,0.0
2026-06-05 15:48:56,3.7309546092497037,9.501669257096632,9.36835662502869,0.7880851671620697,10.991683674517251,19.69162899001683,2.4220883469036973,-12.638061649164591,36.47774252497057,39.96357876977001,37.727818708681035,14.0,2.3934012129205575,35.0,-100,1.0,0.0,1.0,1.0,1.0,1.0,1.0,0.0,0.0,0.0
2026-06-05 15:48:58,3.7621377547274863,6.845021094543906,7.829440435672297,-0.4637730801975426,9.432796930340613,19.438384886523256,1.6966024802650752,-15.780682804584751,36.9187293454493,40.36675614419559,38.048958221403964,14.0,2.3934012129205575,35.0,-100,1.0,0.0,1.0,1.0,1.0,1.0,1.0,0.0,0.0,0.0
2026-06-05 15:48:59,3.487388724973286,7.437694996304957,7.433695963149561,2.2316096005433943,9.087860711542444,15.845800312366025,1.1009768938476099,-15.012038668113789,36.928952342636585,40.4267281721943,38.036106009555844,14.0,2.3934012129205575,35.0,-100,1.0,0.0,1.0,1.0,1.0,1.0,1.0,0.0,0.0,0.0
2026-06-05 15:49:00,1.5660492740806065,9.563318040687594,5.549099084078726,0.4114559036468872,9.672968276812075,20.051443883477766,3.6230788228436763,-16.069579762410534,36.46131990341811,40.236460393543695,38.03081359108428,14.0,2.3934012129205575,35.0,-100,1.0,0.0,1.0,1.0,1.0,1.0,1.0,0.0,0.0,0.0
2026-06-05 15:49:01,4.579869928362902,9.642027926243504,8.024221705708431,1.6057007151153666,5.944552311577098,21.108170553774716,-0.8551164317234479,-17.34067552002311,36.861584230532614,39.9983479092426,37.92816343593426,14.0,2.3934012129205575,35.0,-100,1.0,0.0,1.0,1.0,1.0,1.0,1.0,0.0,0.0,0.0
2026-06-05 15:49:02,2.2467508639591096,10.217161543584425,8.040908564077391,-1.690488448148014,8.499729068754807,18.067305197606668,3.563778933738278,-17.378554101267966,36.42880285976636,40.212402783443764,37.856492945737514,14.0,2.3934012129205575,35.0,-100,1.0,0.0,1.0,1.0,1.0,1.0,1.0,0.0,0.0,0.0
2026-06-05 15:49:03,4.606044783030081,5.311133944124805,8.295388416991958,-0.24557409292586918,7.001713208973143,17.63076064294301,0.4144150698856923,-14.99075201583987,36.48979831470746,40.307055743537056,37.758813300272365,14.0,2.3934012129205575,35.0,-100,1.0,0.0,1.0,1.0,1.0,1.0,1.0,0.0,0.0,0.0
2026-06-05 15:49:05,3.6780129783058175,5.424133791977997,6.5490501318798495,-0.30287455115900563,9.567848433193248,19.930395261749503,1.186593726371738,-15.964260322887775,36.87677181530034,40.16882351404126,37.996451520300155,14.0,2.3934012129205575,35.0,-100,1.0,0.0,1.0,1.0,1.0,1.0,1.0,0.0,0.0,0.0
2026-06-05 15:49:06,0.5820689087952715,6.59979867359972,6.001827524614744,3.415099638154011,10.023529107254497,19.947421291431972,2.6334293829922863,-13.689430994863715,36.843298120270425,40.027806380429894,37.875540746689644,14.0,2.3934012129205575,35.0,-100,1.0,0.0,1.0,1.0,1.0,1.0,1.0,0.0,0.0,0.0
2026-06-05 15:49:07,3.9562364559155148,5.84005918672477,5.778250432398545,2.7739581651264222,7.326688353107989,15.37383194168405,-0.7825227270379536,-16.82883997001825,36.456121237828086,40.01866437252312,37.90974408638126,14.0,2.3934012129205575,35.0,-100,1.0,0.0,1.0,1.0,1.0,1.0,1.0,0.0,0.0,0.0
2026-06-05 15:49:08,0.6050874116607154,5.1780056239820125,8.973642812492175,-0.6613440906381318,6.405850755097219,17.629768200269904,-0.8053345386046518,-12.618658784229405,36.52879787430137,40.38920252403876,38.2554734182305,14.0,2.3934012129205575,35.0,-100,1.0,0.0,1.0,1.0,1.0,1.0,1.0,0.0,0.0,0.0
2026-06-05 15:49:09,1.1726368621853975,6.609413316793815,6.10037386021041,-1.2410869984776514,10.945683310076658,20.568813883609685,2.2346273533765437,-14.607169218863454,36.97223235838513,40.34454032262085,38.191209563632114,14.0,2.3934012129205575,35.0,-100,1.0,0.0,1.0,1.0,1.0,1.0,1.0,0.0,0.0,0.0
2026-06-05 15:49:10,2.2163527497187223,8.524984793163673,4.6658264259103674,0.43162341986076136,5.666309954192707,19.506863250267436,1.6282497872531296,-13.866502507536131,36.653211584069,40.14008841858116,37.92903901841098,14.0,2.3934012129205575,35.0,-100,1.0,0.0,1.0,1.0,1.0,1.0,1.0,0.0,0.0,0.0
2026-06-05 15:49:12,0.027084838446007176,8.859377861550296,9.03914552456079,3.511992284093889,9.79168331373986,16.29859783219019,-0.5863113872344181,-13.240185115628325,36.87427267479067,40.478095949521915,38.17107269921524,14.0,2.3934012129205575,35.0,-100,1.0,0.0,1.0,1.0,1.0,1.0,1.0,0.0,0.0,0.0
2026-06-05 15:49:13,0.6421975480715809,8.865424245906706,8.36576228306404,-0.9428550089889822,6.540570183209984,19.683180855834713,2.847120382069626,-13.969880589137844,36.79270402920542,40.4388166495998,37.88556938505029,14.0,2.3934012129205575,35.0,-100,1.0,0.0,1.0,1.0,1.0,1.0,1.0,0.0,0.0,0.0
2026-06-05 15:49:15,0.46340469536862905,6.2711381924078164,4.58224645511741,3.719730546546284,11.44998641857427,16.089840110860855,1.6379928086051665,-14.088065515645159,36.757691051190136,40.28602499946976,38.0095179092503,14.0,2.3934012129205575,35.0,-100,1.0,0.0,1.0,1.0,1.0,1.0,1.0,0.0,0.0,0.0
2026-06-05 15:49:16,3.181692639950551,6.428818833285461,7.0839155566875345,2.5857951209770933,7.676122429762924,19.86225568062376,-1.1214002786710404,-12.52480135832589,36.484002457036055,40.090478041080765,37.898438260797974,14.0,2.3934012129205575,35.0,-100,1.0,0.0,1.0,1.0,1.0,1.0,1.0,0.0,0.0,0.0
2026-06-05 15:49:17,0.7633292988103646,5.545515123266256,6.192267767158331,3.069726272173705,5.730951631144421,19.102926277357184,3.04035787340662,-16.21549376171546,36.71371979399438,40.39596606628937,38.07844622088871,14.0,2.3934012129205575,35.0,-100,1.0,0.0,1.0,1.0,1.0,1.0,1.0,0.0,0.0,0.0
2026-06-05 15:49:18,3.952834409119622,7.017495364872873,8.301740691447852,0.9961621378248009,5.9622041634624745,15.537245129511152,1.9926428604590898,-14.428362143914924,36.566072715121514,40.424122017278165,37.71057345742691,14.0,2.3934012129205575,35.0,-100,1.0,0.0,1.0,1.0,1.0,1.0,1.0,0.0,0.0,0.0
2026-06-05 15:49:20,1.027685964165528,7.586257781305822,8.63232258502548,1.5690235181011474,7.063570919874463,18.10643486246346,-0.3489685303707777,-14.544457073782956,36.703181235263536,40.40128979119448,38.261849462054904,14.0,2.3934012129205575,35.0,-100,1.0,0.0,1.0,1.0,1.0,1.0,1.0,0.0,0.0,0.0
2026-06-05 15:49:21,3.7479487523319,7.867905977803142,8.772114701394823,2.0079802711786074,9.427581491870011,16.635611770461622,1.6513511804363543,-17.14667509071641,36.63789257907839,40.11616088735094,38.13584213101906,14.0,2.3934012129205575,35.0,-100,1.0,0.0,1.0,1.0,1.0,1.0,1.0,0.0,0.0,0.0
2026-06-05 15:49:22,1.5856328474784551,7.736324565531938,5.3300401179840495,0.2643125220097522,10.732788446575908,20.442819741311386,3.5750347706820147,-14.162322175685702,36.85918921890826,40.40412400501209,38.140822007777366,14.0,2.3934012129205575,35.0,-100,1.0,0.0,1.0,1.0,1.0,1.0,1.0,0.0,0.0,0.0
2026-06-05 15:49:24,2.4615925489299,5.324792074223479,8.010529991257995,-1.6337321314946829,7.812251073541756,15.580387250632773,1.989163843514803,-18.160830644703292,36.85416155077587,40.047630471387244,37.9198382930239,14.0,2.3934012129205575,35.0,-100,1.0,0.0,1.0,1.0,1.0,1.0,1.0,0.0,0.0,0.0
2026-06-05 15:49:25,0.41418446076838666,6.88235108403936,5.7443081522341695,0.6222808536686655,9.535362816703541,16.490730215129627,-1.5224077827947964,-18.34592490961149,36.61941244431115,40.16904915986811,38.17457120539734,14.0,2.3934012129205575,35.0,-100,1.0,0.0,1.0,1.0,1.0,1.0,1.0,0.0,0.0,0.0
2026-06-05 15:49:26,1.9987340859017348,7.612022069942964,5.629670559100398,3.514959017369323,8.6966971400914,19.081826712361952,1.103076615847228,-13.12410988589618,36.52560432620824,39.97187885167177,38.066231785277324,14.0,2.3934012129205575,35.0,-100,1.0,0.0,1.0,1.0,1.0,1.0,1.0,0.0,0.0,0.0
2026-06-05 15:49:27,3.7945051537818353,9.486838477726092,4.365478100338131,1.6060170232458688,11.353711465060872,20.18856077061172,3.6791465740498683,-13.885083754241888,36.534717222389354,40.32867479498674,38.10336663074662,14.0,2.3934012129205575,35.0,-100,1.0,0.0,1.0,1.0,1.0,1.0,1.0,0.0,0.0,0.0
2026-06-05 15:49:28,2.071973193091715,8.856471859290423,8.526266338357818,2.2725910737060318,11.555262387241413,15.935429609449438,-1.3763523389034251,-17.31572452932063,36.494838580207976,40.29296291582048,38.17508392501779,14.0,2.3934012129205575,35.0,-100,1.0,0.0,1.0,1.0,1.0,1.0,1.0,0.0,0.0,0.0
2026-06-05 15:49:29,-0.21986193121423403,7.546331722187488,6.158048192238065,3.475767671987766,6.693155241829695,16.52226376595082,3.7782352993011576,-14.456830678878339,36.89131148229668,40.249627446004354,38.253470766753715,14.0,2.3934012129205575,35.0,-100,1.0,0.0,1.0,1.0,1.0,1.0,1.0,0.0,0.0,0.0
2026-06-05 15:49:30,3.5223801484792494,7.053017777292569,6.456898835879432,3.75220274524945,9.02257523819263,17.80690104385575,-1.4029435308893805,-13.062182855443673,36.70309845865598,40.483394952592,37.777038733875735,14.0,2.3934012129205575,35.0,-100,1.0,0.0,1.0,1.0,1.0,1.0,1.0,0.0,0.0,0.0
2026-06-05 15:49:31,2.755687134914588,5.000337312018941,6.044234019610628,3.674734424050002,9.277124569570582,18.99772733173188,-0.04472786264187745,-16.74005486260187,36.82688726589579,40.34882389003021,38.03208772026744,14.0,2.3934012129205575,35.0,-100,1.0,0.0,1.0,1.0,1.0,1.0,1.0,0.0,0.0,0.0
2026-06-05 15:49:33,5.41573403271365,4.7171895186049095,4.945882942590476,-0.9631907093268408,10.629642566477276,20.377515957071473,1.1358343694033768,-16.526212386617992,36.82412903720894,39.93728395848581,37.737387390631426,14.0,2.3934012129205575,35.0,-100,1.0,0.0,1.0,1.0,1.0,1.0,1.0,0.0,0.0,0.0
2026-06-05 15:49:34,1.058949575100001,6.94556073626682,5.5069645622171235,2.9279131039823785,6.509165881290381,18.24025714213232,3.487835437900438,-17.587534350540533,36.61974141936055,40.06261287893622,38.01471685995189,14.0,2.3934012129205575,35.0,-100,1.0,0.0,1.0,1.0,1.0,1.0,1.0,0.0,0.0,0.0
2026-06-05 15:49:35,1.5846729432691002,5.29741848471377,9.529985709565743,3.3841369257784173,10.456898098561137,15.66335572584676,3.723065686892694,-13.437667006827319,36.769518520672214,40.4996511754272,37.813571868327784,14.0,2.3934012129205575,35.0,-100,1.0,0.0,1.0,1.0,1.0,1.0,1.0,0.0,0.0,0.0
2026-06-05 15:49:37,0.5387149118578751,8.63647182103329,5.1586286747286305,-0.8029306894553134,9.871286111770244,20.472145313897563,3.3745897695248335,-15.11512659233723,36.86306486862591,40.44847680689391,37.7906181023496,14.0,2.3934012129205575,35.0,-100,1.0,0.0,1.0,1.0,1.0,1.0,1.0,0.0,0.0,0.0
2026-06-05 15:49:38,0.4226044782468499,6.651273040802442,7.524635127057138,-1.353168510891778,10.342537400044744,16.479760357022776,2.488186480683744,-13.245725462546416,36.438162404293145,40.22168203423742,37.79994410367008,14.0,2.3934012129205575,35.0,-100,1.0,0.0,1.0,1.0,1.0,1.0,1.0,0.0,0.0,0.0
2026-06-05 15:49:39,3.556883573429169,8.224285783889869,6.333969396490833,-0.8805302928917449,6.494410885619809,19.641303548394326,3.461574920514103,-14.265688623567115,36.45447790307126,40.122167252346536,37.763851419565526,14.0,2.3934012129205575,35.0,-100,1.0,0.0,1.0,1.0,1.0,1.0,1.0,0.0,0.0,0.0
2026-06-05 15:49:40,2.7577983249002083,6.563276273457386,4.548349122816847,3.0329688112043804,9.160308478077603,18.972362630812015,-0.48913071295424193,-12.589843571220865,36.61543563117371,40.27034243656284,38.00750104487989,14.0,2.3934012129205575,35.0,-100,1.0,0.0,1.0,1.0,1.0,1.0,1.0,0.0,0.0,0.0
2026-06-05 15:49:42,2.6983128308195035,6.987612387306441,4.502613445713147,3.7219443765829467,8.764977438839836,15.452808591659588,3.214128618732908,-15.084974037951874,36.876552739520015,40.06877603669034,38.22081107067073,14.0,2.3934012129205575,35.0,-100,1.0,0.0,1.0,1.0,1.0,1.0,1.0,0.0,0.0,0.0
2026-06-05 15:49:43,0.5360336877220266,6.088618502598317,4.59786706683243,-1.7299936378717842,10.884331303632173,20.371146246711508,2.174468777127957,-15.450719726080095,36.841718681820275,40.09052670246145,37.71922123729546,14.0,2.3934012129205575,35.0,-100,1.0,0.0,1.0,1.0,1.0,1.0,1.0,0.0,0.0,0.0
2026-06-05 15:49:44,1.0608584090711615,5.921385877515885,5.608744577145882,-0.8478749407308777,5.73000939810416,20.82513547074177,-0.7918951847523821,-13.57394425031126,36.73531341719232,40.396929895950834,38.06194800789619,14.0,2.3934012129205575,35.0,-100,1.0,0.0,1.0,1.0,1.0,1.0,1.0,0.0,0.0,0.0
2026-06-05 15:49:45,2.608390513728449,8.778592787619857,8.139795235568936,-0.49788939335264026,9.87121942881718,17.50013041919915,-1.6066710121737922,-12.60747578708079,36.40855388112088,40.465053921888,38.26750512036642,14.0,2.3934012129205575,35.0,-100,1.0,0.0,1.0,1.0,1.0,1.0,1.0,0.0,0.0,0.0
2026-06-05 15:49:47,4.455205584102244,4.840274211061341,9.631826336638579,1.682188091061846,10.228232804171434,20.27115946173652,1.378954062208296,-17.814577381916745,36.869441951564134,40.36129237177663,38.05583410424391,14.0,2.3934012129205575,35.0,-100,1.0,0.0,1.0,1.0,1.0,1.0,1.0,0.0,0.0,0.0
2026-06-05 15:49:48,3.029651297890296,9.137620463292741,9.589839600523373,2.4075042645230056,11.575667647353082,15.813239610664557,3.320571825526362,-16.20625705616965,36.48395336543862,40.19866662500139,37.95677870559375,14.0,2.3934012129205575,35.0,-100,1.0,0.0,1.0,1.0,1.0,1.0,1.0,0.0,0.0,0.0
2026-06-05 15:49:49,2.343223153127764,6.1073898394004225,5.063807012993498,2.5539796064084204,8.390369447639113,15.803209121420446,-0.3266594324999854,-15.689332164698953,36.6156784774155,40.226220348176525,37.75049177622651,14.0,2.3934012129205575,35.0,-100,1.0,0.0,1.0,1.0,1.0,1.0,1.0,0.0,0.0,0.0
2026-06-05 15:49:51,0.9129243725931311,6.816727890466584,4.426291372415157,-1.9187488692473202,10.609665157741253,16.973255165278907,0.8931002092613989,-17.093622156212795,36.76234911180421,40.34235491509978,38.004025419020394,14.0,2.3934012129205575,35.0,-100,1.0,0.0,1.0,1.0,1.0,1.0,1.0,0.0,0.0,0.0
2026-06-05 15:49:52,4.434632886923159,7.651484191151434,9.100724382658122,3.8400093917113445,5.859787671407098,21.11445990423832,3.2346660027011325,-13.033229833464386,36.98579926143444,39.946474475895315,37.875158484168,14.0,2.3934012129205575,35.0,-100,1.0,0.0,1.0,1.0,1.0,1.0,1.0,0.0,0.0,0.0
2026-06-05 15:49:53,5.159512105723509,10.380502739910485,4.9590981708315685,0.9469798043804563,9.30675701228956,18.772471957387463,-1.20685944730812,-17.528367765664267,36.587610836003535,40.14461136948314,37.8132773343053,14.0,2.3934012129205575,35.0,-100,1.0,0.0,1.0,1.0,1.0,1.0,1.0,0.0,0.0,0.0
2026-06-05 15:49:54,1.2655804487737459,7.183928744383232,4.841280110346564,2.126892872910701,11.572241617149645,15.43061044387079,3.44246104758382,-16.184703028612667,36.7951946765571,40.45391179877399,38.29480770933612,14.0,2.3934012129205575,35.0,-100,1.0,0.0,1.0,1.0,1.0,1.0,1.0,0.0,0.0,0.0
2026-06-05 15:49:55,1.0935668443167885,6.727345938317603,7.273780961659586,3.034948693435916,8.486534626204726,20.724109445845528,-0.5268282385342429,-12.94767998454618,36.87095194379363,40.00653064491572,37.92788579080633,14.0,2.3934012129205575,35.0,-100,1.0,0.0,1.0,1.0,1.0,1.0,1.0,0.0,0.0,0.0
2026-06-05 15:49:56,4.239655483675802,5.005573685484363,6.239154844655987,0.0909210965711611,10.59328442662688,20.070842862988982,0.7109614769057675,-13.160043508319369,36.495943312058635,40.04858732223495,38.02887289015675,14.0,2.3934012129205575,35.0,-100,1.0,0.0,1.0,1.0,1.0,1.0,1.0,0.0,0.0,0.0
2026-06-05 15:49:57,5.079049557251774,10.125369198871862,4.536733766329925,3.2884184800317993,9.132505017732967,20.415503093430093,-1.3703694459892217,-12.72851335714081,36.97799178657582,40.13826946033606,37.787388474377856,14.0,2.3934012129205575,35.0,-100,1.0,0.0,1.0,1.0,1.0,1.0,1.0,0.0,0.0,0.0
2026-06-05 15:49:59,3.440161268439736,10.045351685521442,5.938016491645888,2.610968866329012,6.9037850983634215,20.484309063120108,3.6291965864876996,-15.807254874840833,36.551366346086006,40.02661871258153,37.87663449249395,14.0,2.3934012129205575,35.0,-100,1.0,0.0,1.0,1.0,1.0,1.0,1.0,0.0,0.0,0.0
2026-06-05 15:50:00,0.6781062921411967,9.184827557335401,4.062230747647336,2.6578214510018245,6.097996977501545,17.542687770202882,0.5403967114192589,-18.28585094462771,36.92817793066837,40.34564177245761,38.20924260557636,14.0,2.3934012129205575,35.0,-100,1.0,0.0,1.0,1.0,1.0,1.0,1.0,0.0,0.0,0.0
2026-06-05 15:50:02,-0.07475992793347519,8.068424773179721,7.708895647614183,2.062318089736385,8.195221740392437,16.514494795825954,3.3413741330322413,-16.96084173763794,36.832279911376766,40.16481582688988,37.86830317671618,14.0,2.3934012129205575,35.0,-100,1.0,0.0,1.0,1.0,1.0,1.0,1.0,0.0,0.0,0.0
2026-06-05 15:50:03,1.7882530268459353,5.207171012367075,6.500907517717183,0.13899415451442731,6.383212981236177,16.84021676665173,3.7208737695547107,-14.651480551043274,36.74500626005782,40.152122087006276,38.189471038571625,14.0,2.3934012129205575,35.0,-100,1.0,0.0,1.0,1.0,1.0,1.0,1.0,0.0,0.0,0.0
2026-06-05 15:50:04,3.037353069836948,8.011433729797545,4.575020720679472,1.2137689747137532,7.5227005520079455,15.738157494668156,1.3773422126772035,-16.935747843917127,36.574753306696785,40.36571912948469,37.88777286631041,14.0,2.3934012129205575,35.0,-100,1.0,0.0,1.0,1.0,1.0,1.0,1.0,0.0,0.0,0.0
2026-06-05 15:50:05,5.467024132539453,7.886493691459079,6.811962301965585,3.6011157877378404,8.307198066517334,17.62637721465543,2.1294696048838486,-14.78511968566305,36.83001210339123,39.97762990765691,38.148435155006446,14.0,2.3934012129205575,35.0,-100,1.0,0.0,1.0,1.0,1.0,1.0,1.0,0.0,0.0,0.0
2026-06-05 15:50:07,1.8690282817502144,7.564304722153769,8.333016863586746,1.3194988915440753,5.79325282209295,16.94941048848276,3.2183908338641816,-18.01103989046087,36.429139308388784,40.04168759121832,37.881273574881526,14.0,2.3934012129205575,35.0,-100,1.0,0.0,1.0,1.0,1.0,1.0,1.0,0.0,0.0,0.0
2026-06-05 15:50:08,3.1652915763250027,4.905662168304061,4.473459890879447,3.5143461599833232,10.981432586921807,19.860764906003396,0.05887146764749818,-17.435098532778238,36.66789468441873,40.129274668067914,38.16949903046444,14.0,2.3934012129205575,35.0,-100,1.0,0.0,1.0,1.0,1.0,1.0,1.0,0.0,0.0,0.0
2026-06-05 15:50:09,5.695506227400698,4.776387237135675,8.852013372806212,-1.8843689601231954,6.122423919599835,16.582247811986253,1.0510660550579392,-18.185262554639436,36.54912536837021,40.32485057391445,38.121022824887476,14.0,2.3934012129205575,35.0,-100,1.0,0.0,1.0,1.0,1.0,1.0,1.0,0.0,0.0,0.0
2026-06-05 15:50:10,1.696702791000256,5.756405266692722,5.308484376046501,0.06789615848768626,5.785134742547088,18.126496130270723,4.179205469077438,-14.798876676260722,36.91063451848089,40.28607402139973,38.11671749998306,14.0,2.3934012129205575,35.0,-100,1.0,0.0,1.0,1.0,1.0,1.0,1.0,0.0,0.0,0.0
2026-06-05 15:50:11,1.9758908231623558,8.61200977782985,5.8286392170694885,1.6061231221461583,10.668587180189936,15.993557850899638,-0.42519091124099906,-14.50639316823302,36.77182765611586,40.52354419960202,37.82915076914874,14.0,2.3934012129205575,35.0,-100,1.0,0.0,1.0,1.0,1.0,1.0,1.0,0.0,0.0,0.0
2026-06-05 15:50:12,3.355034802896571,6.00481269780896,4.5927848945928496,-1.6301534970370688,9.95464389924187,17.356632855058315,0.7765786886664965,-13.427793702557288,36.94816360260345,40.07481333489432,37.786815013500316,14.0,2.3934012129205575,35.0,-100,1.0,0.0,1.0,1.0,1.0,1.0,1.0,0.0,0.0,0.0
2026-06-05 15:50:13,4.641290259958179,8.660406246146756,7.403568954593247,-1.1450520617612598,9.695026025290682,20.10845493805916,1.3965286901294922,-17.93969365515524,36.858504896452736,40.290515506046134,38.250697055779206,14.0,2.3934012129205575,35.0,-100,1.0,0.0,1.0,1.0,1.0,1.0,1.0,0.0,0.0,0.0
2026-06-05 15:50:15,5.107333274166459,7.467238603024979,8.409845084660356,-0.9914081484382562,9.426296141400885,20.805318610561425,1.1536491988136053,-14.618386573536295,36.59967146325411,40.345109480010414,38.04535388227851,14.0,2.3934012129205575,35.0,-100,1.0,0.0,1.0,1.0,1.0,1.0,1.0,0.0,0.0,0.0
2026-06-05 15:50:16,4.2729515456939335,10.467592217024999,8.902185669521232,3.239546101994409,6.6772580962971535,20.68341966045694,0.3386267633274582,-15.43719441668766,36.45392874297581,40.45492590706668,38.23149873791476,14.0,2.3934012129205575,35.0,-100,1.0,0.0,1.0,1.0,1.0,1.0,1.0,0.0,0.0,0.0
2026-06-05 15:50:17,4.14069236524668,7.221613561646772,9.469524300529777,-1.14554389871285,8.757920748141206,20.20670899503878,-0.35968628893544463,-16.686258066026934,36.85335775393837,39.9771771594729,37.903035487305495,14.0,2.3934012129205575,35.0,-100,1.0,0.0,1.0,1.0,1.0,1.0,1.0,0.0,0.0,0.0
2026-06-05 15:50:19,1.3568158086996485,10.439728412769668,6.7403734539984494,2.0471214756071827,6.0803090934836534,16.70416036494286,1.4439194343480697,-13.724164701265643,36.72499205556781,40.36032595459363,38.15323858899311,14.0,2.3934012129205575,35.0,-100,1.0,0.0,1.0,1.0,1.0,1.0,1.0,0.0,0.0,0.0
2026-06-05 15:50:20,1.2435437425418197,7.053800898224054,9.33308682332423,-1.838338432378095,9.964479617219821,19.900063588185947,0.29027721051830824,-17.936902835459332,36.59046299310935,39.92862151748497,38.143016407783755,14.0,2.3934012129205575,35.0,-100,1.0,0.0,1.0,1.0,1.0,1.0,1.0,0.0,0.0,0.0
2026-06-05 15:50:21,5.242013979447964,6.6013399641707435,5.428599964715641,0.8430041273093494,9.160262303203567,18.487553172226786,-0.9260461409755716,-14.314091166908938,36.86432598169501,40.21157395549167,37.845536514831984,14.0,2.3934012129205575,35.0,-100,1.0,0.0,1.0,1.0,1.0,1.0,1.0,0.0,0.0,0.0
2026-06-05 15:50:22,1.8215893453165024,8.682016105554608,5.526454737852621,-0.09594458494555647,10.565054099433741,19.778376760296105,1.6344192273335092,-15.01494685138401,36.941449782705575,40.35097279620009,38.19506632148861,14.0,2.3934012129205575,35.0,-100,1.0,0.0,1.0,1.0,1.0,1.0,1.0,0.0,0.0,0.0
2026-06-05 15:50:24,1.324970130782538,5.4404024248966145,8.995663886822435,3.244987044445433,10.602326177599027,19.266543423605178,-0.6358671630743746,-14.484563785643296,36.929907969018274,40.01961950949505,37.76956056722114,14.0,2.3934012129205575,35.0,-100,1.0,0.0,1.0,1.0,1.0,1.0,1.0,0.0,0.0,0.0
2026-06-05 15:50:25,4.594179932456308,6.2411802589835945,6.084969796293411,0.9961695377519333,5.7811920124228875,16.21777526917006,1.4604171960295993,-12.816409070121034,36.433017728780825,40.081048572817146,37.781147971012054,14.0,2.3934012129205575,35.0,-100,1.0,0.0,1.0,1.0,1.0,1.0,1.0,0.0,0.0,0.0
2026-06-05 15:50:27,5.380937738990148,9.771901440602635,8.60975613045741,2.413585002076948,9.040107393139646,18.467183913829544,1.2737190664142082,-17.463243645496103,36.909399113270354,40.47923717498357,37.74530423577731,14.0,2.3934012129205575,35.0,-100,1.0,0.0,1.0,1.0,1.0,1.0,1.0,0.0,0.0,0.0
2026-06-05 15:50:28,1.333900139732424,5.438934843734222,8.636134256867741,-1.846092631683887,10.842277660038839,16.233437792748916,-1.486097113734762,-17.40150604856494,36.676395859306325,39.980785543777884,37.80663803047141,14.0,2.3934012129205575,35.0,-100,1.0,0.0,1.0,1.0,1.0,1.0,1.0,0.0,0.0,0.0
2026-06-05 15:50:29,2.028871031019103,9.66091868292257,6.80996851183673,-1.0076130393220515,6.948511695312382,19.07748902686157,3.3571249487953407,-16.03021168785651,36.636854863762,40.5129392290634,37.8928463641638,14.0,2.3934012129205575,35.0,-100,1.0,0.0,1.0,1.0,1.0,1.0,1.0,0.0,0.0,0.0
2026-06-05 15:50:30,4.232949630618369,6.3435332808061915,4.8715163929873695,-1.2318820828157513,5.747810639236626,16.0153263979004,-0.2200130637724469,-18.411897921530397,36.79802501338115,40.056732793529584,38.15192297258013,14.0,2.3934012129205575,35.0,-100,1.0,0.0,1.0,1.0,1.0,1.0,1.0,0.0,0.0,0.0
2026-06-05 15:50:32,0.9765775669217513,7.777608492233131,4.118337346681115,3.5419068757700307,7.638905473993027,16.03761474304002,-0.17116241073356098,-17.563070075511106,36.676106999344356,40.17939136080466,37.711467003491066,14.0,2.3934012129205575,35.0,-100,1.0,0.0,1.0,1.0,1.0,1.0,1.0,0.0,0.0,0.0
2026-06-05 15:50:33,2.6774157687016973,9.648681395479278,9.693986638431731,-1.7470801520203372,11.123350676313752,20.355819590176523,-0.6653599566299642,-15.183912187342155,36.55002613167883,40.35503543199197,37.80894309236061,14.0,2.3934012129205575,35.0,-100,1.0,0.0,1.0,1.0,1.0,1.0,1.0,0.0,0.0,0.0
2026-06-05 15:50:34,0.3967051687498371,5.747431469197407,9.610914881380037,1.7228771201221784,8.623888169586012,16.339259104173152,3.214568296763005,-16.021607255057045,36.73869780603542,40.07370865326959,37.70217193340973,14.0,2.3934012129205575,35.0,-100,1.0,0.0,1.0,1.0,1.0,1.0,1.0,0.0,0.0,0.0
2026-06-05 15:50:35,1.2597442308890638,6.980540880693552,6.628427924890315,-1.6193229593479117,6.107706360789944,16.90900483576015,4.073419236831903,-17.817012273740062,36.56156898435197,40.49764771594559,38.192176536911866,14.0,2.3934012129205575,35.0,-100,1.0,0.0,1.0,1.0,1.0,1.0,1.0,0.0,0.0,0.0
2026-06-05 15:50:36,3.263207863612476,7.67521659055231,4.458126919220417,1.482913236677187,6.201711876212967,20.464108523854286,2.5162295496281644,-15.67677896970694,36.926586200995345,40.44558075481712,37.837966608417034,14.0,2.3934012129205575,35.0,-100,1.0,0.0,1.0,1.0,1.0,1.0,1.0,0.0,0.0,0.0
2026-06-05 15:50:38,5.303765319291133,5.3053378710337435,7.989900466222376,3.254239591898088,11.322427494060198,20.198472286958047,1.9905437123212892,-16.028360465063084,36.43595831806831,39.950935367804775,37.78127879787647,14.0,2.3934012129205575,35.0,-100,1.0,0.0,1.0,1.0,1.0,1.0,1.0,0.0,0.0,0.0
2026-06-05 15:50:39,0.518524144752182,5.323759448049061,4.691878220073939,-0.8810038346401998,6.825026250656289,18.114333722153717,1.6497180295516038,-12.904502945001962,36.78103039614261,40.24349716920972,38.020993718507846,14.0,2.3934012129205575,35.0,-100,1.0,0.0,1.0,1.0,1.0,1.0,1.0,0.0,0.0,0.0
2026-06-05 15:50:40,4.217022471890813,8.256019365245816,5.61210360960281,2.608485895266604,7.089973384144939,17.312332639040196,2.4652093374693305,-14.499484116935552,36.54291210733279,40.020039351703176,38.03559280457848,14.0,2.3934012129205575,35.0,-100,1.0,0.0,1.0,1.0,1.0,1.0,1.0,0.0,0.0,0.0
2026-06-05 15:50:41,4.693368413810664,6.833322960632546,8.177146223190663,0.8796825824902186,9.483357616675773,17.167421679059967,2.3341463277030776,-12.789349711140337,36.64098067197859,40.252968404882594,37.77508567368977,14.0,2.3934012129205575,35.0,-100,1.0,0.0,1.0,1.0,1.0,1.0,1.0,0.0,0.0,0.0
2026-06-05 15:50:42,4.197537536624304,10.255043785662462,5.05894695009258,2.421763670053153,7.148387838840453,19.82631667871379,0.41021700565442476,-16.082876616918057,36.939949259869614,39.99647425132307,37.87871457994783,14.0,2.3934012129205575,35.0,-100,1.0,0.0,1.0,1.0,1.0,1.0,1.0,0.0,0.0,0.0
2026-06-05 15:50:44,4.283420355261461,5.411292398418033,9.551507379061395,0.2974481491381926,7.507147923719713,15.459295739474205,-0.629631640049443,-18.50478963265525,36.90219279408465,40.47313677057558,37.71788916922904,14.0,2.3934012129205575,35.0,-100,1.0,0.0,1.0,1.0,1.0,1.0,1.0,0.0,0.0,0.0
2026-06-05 15:50:45,-0.19218740612833063,9.042906813325494,7.187792979555992,1.7677761087421202,8.731156809251331,17.121330446906708,3.635455148142933,-18.115807900117687,36.50951857450795,40.22160383335279,38.1033287608031,14.0,2.3934012129205575,35.0,-100,1.0,0.0,1.0,1.0,1.0,1.0,1.0,0.0,0.0,0.0
2026-06-05 15:50:46,4.838030435421471,9.819071316231447,8.697981951479026,-1.5817991406649927,8.760717933313158,19.70774917451313,2.283190484810497,-17.296250656294493,36.58304294096656,40.297428523613746,38.092704437447644,14.0,2.3934012129205575,35.0,-100,1.0,0.0,1.0,1.0,1.0,1.0,1.0,0.0,0.0,0.0
2026-06-05 15:50:47,3.40867287645479,5.603586031184428,7.053683234785996,3.9178464742080887,11.035134045662232,19.222982748277513,3.0694608018024727,-15.029277234225614,36.75551468920922,40.23325783367166,37.90973756516128,14.0,2.3934012129205575,35.0,-100,1.0,0.0,1.0,1.0,1.0,1.0,1.0,0.0,0.0,0.0
2026-06-05 15:50:48,5.464226490188755,9.328564825812844,9.985185768537075,-0.9880258177635026,6.1296440320279775,17.555993398230335,3.3497994913076994,-18.40820124866151,36.67467637935291,40.06370277885056,38.15317379622256,14.0,2.3934012129205575,35.0,-100,1.0,0.0,1.0,1.0,1.0,1.0,1.0,0.0,0.0,0.0
2026-06-05 15:50:49,0.12861120496035383,10.38901826309301,5.793975927209064,0.2217628783421759,11.368244752400589,21.128640315231948,-0.9211778392073757,-15.596461556004066,36.43451706508258,40.3182183826002,37.833641382776094,14.0,2.3934012129205575,35.0,-100,1.0,0.0,1.0,1.0,1.0,1.0,1.0,0.0,0.0,0.0
2026-06-05 15:50:51,1.0067101003558694,7.083949197539205,7.333339008121013,0.36671799174169095,7.505117826388674,21.105533011489264,1.6536955664323036,-17.43236670919177,36.55327839935486,40.1427002447793,38.0637035166226,14.0,2.3934012129205575,35.0,-100,1.0,0.0,1.0,1.0,1.0,1.0,1.0,0.0,0.0,0.0
2026-06-05 15:50:52,3.076926336502672,10.096670388898326,8.7059476155611,3.0681125332090557,10.18792916693496,20.929773104797768,1.0453801602287012,-17.11072181624041,36.996493317046806,40.04625240884595,37.91938753703427,14.0,2.3934012129205575,35.0,-100,1.0,0.0,1.0,1.0,1.0,1.0,1.0,0.0,0.0,0.0
2026-06-05 15:50:53,1.7762481370019607,8.535870366495677,4.31176101487143,1.1195123306745645,9.60268368585171,16.57782118187223,4.102753509448892,-14.243403550144205,36.773526396190235,39.98333908362987,37.93463725322659,14.0,2.3934012129205575,35.0,-100,1.0,0.0,1.0,1.0,1.0,1.0,1.0,0.0,0.0,0.0
2026-06-05 15:50:54,4.522831814623633,6.012718797960176,8.273134281997189,-1.8250639509251183,8.118309633575269,16.806579381878,2.273290636379161,-14.271705988322445,36.82762402753296,40.31988936678582,37.78729581984334,14.0,2.3934012129205575,35.0,-100,1.0,0.0,1.0,1.0,1.0,1.0,1.0,0.0,0.0,0.0
2026-06-05 15:50:56,3.80239004690573,8.886469712929431,7.065279415941832,-1.3659338756132575,8.131946479357051,17.94413857917786,-1.3670498952911139,-17.584141126512844,36.455926226394425,40.144224162091426,37.741374556152245,14.0,2.3934012129205575,35.0,-100,1.0,0.0,1.0,1.0,1.0,1.0,1.0,0.0,0.0,0.0
2026-06-05 15:50:57,5.17956421929716,6.193163118190549,9.891303375119413,3.6797925885612317,8.52029735764129,16.251723587801372,3.1793672914249873,-17.84998637681622,36.868236313273364,40.49680176337058,37.799541118689866,14.0,2.3934012129205575,35.0,-100,1.0,0.0,1.0,1.0,1.0,1.0,1.0,0.0,0.0,0.0
2026-06-05 15:50:58,3.460472932654171,6.963997887635985,4.608241780145763,2.6240476122965406,5.8985027317586916,20.135941717488556,0.692517756724726,-17.784589710668897,36.96252759149093,40.28461325917064,38.0626359540556,14.0,2.3934012129205575,35.0,-100,1.0,0.0,1.0,1.0,1.0,1.0,1.0,0.0,0.0,0.0
2026-06-05 15:50:59,1.7829172974826655,10.057817103551216,8.981920708951794,0.4876957617341331,8.288150983653896,19.360296021404874,3.620172122641061,-15.568554704001695,36.91884779268109,39.99828336029617,38.122365377105666,14.0,2.3934012129205575,35.0,-100,1.0,0.0,1.0,1.0,1.0,1.0,1.0,0.0,0.0,0.0
2026-06-05 15:51:00,1.7717073811792132,10.333123538818235,4.6678689056898115,-1.0300545691689358,9.156897252040357,18.740527373953867,1.4297270177993626,-18.308784710366655,36.799614040324634,40.32436860128643,37.82798704725213,14.0,2.3934012129205575,35.0,-100,1.0,0.0,1.0,1.0,1.0,1.0,1.0,0.0,0.0,0.0
2026-06-05 15:51:02,3.1747339996018513,4.586488319711124,9.29316044295329,-1.55892268846429,6.459509963148246,19.877541350783574,0.6417000604996277,-15.948527469177378,36.65476533089898,40.21084551475643,38.22561861501365,14.0,2.3934012129205575,35.0,-100,1.0,0.0,1.0,1.0,1.0,1.0,1.0,0.0,0.0,0.0
2026-06-05 15:51:03,2.8450289153988444,8.718089754974415,9.986763003924668,0.47854300042186093,8.438541906400122,17.544320609731876,4.198638884710295,-16.512911019170133,36.82738000457224,39.96134239488738,38.250149537525814,14.0,2.3934012129205575,35.0,-100,1.0,0.0,1.0,1.0,1.0,1.0,1.0,0.0,0.0,0.0
2026-06-05 15:51:04,4.417511092351481,5.754714596362438,9.383548569157632,-0.4552928543281791,6.821366694425691,19.14091879592925,4.065749264779188,-16.784280330302753,36.90863185536328,40.51052621322826,38.089135997330395,14.0,2.3934012129205575,35.0,-100,1.0,0.0,1.0,1.0,1.0,1.0,1.0,0.0,0.0,0.0
2026-06-05 15:51:05,2.343086494930205,7.94119383992172,7.534426831610915,-0.1678301585356845,8.365186727967242,16.704373784403952,0.41727280974761527,-13.646741710987804,36.530115108055604,40.46411423609205,38.04171749723456,14.0,2.3934012129205575,35.0,-100,1.0,0.0,1.0,1.0,1.0,1.0,1.0,0.0,0.0,0.0
2026-06-05 15:51:07,1.2505426119140368,7.805064300455915,4.830038202583004,3.4012615971847824,11.097271227836243,16.43185689106322,0.9650550290592834,-15.409053532058174,36.84148749576387,39.9910563595712,37.86129849996445,14.0,2.3934012129205575,35.0,-100,1.0,0.0,1.0,1.0,1.0,1.0,1.0,0.0,0.0,0.0
2026-06-05 15:51:08,2.489149106412863,8.578756393105763,8.44778467003804,2.8472676150638083,7.107458141553506,16.530690213082913,3.333845214934124,-17.98350496263989,36.688979005208715,40.36460676165179,37.789037460273605,14.0,2.3934012129205575,35.0,-100,1.0,0.0,1.0,1.0,1.0,1.0,1.0,0.0,0.0,0.0
2026-06-05 15:51:09,2.749953017193072,9.172186679578006,6.449121016910983,3.8693893075417884,11.321758891004539,21.18358813248018,0.9386547864432693,-14.00521583245755,36.564805174452566,40.22497840847964,37.84049135193855,14.0,2.3934012129205575,35.0,-100,1.0,0.0,1.0,1.0,1.0,1.0,1.0,0.0,0.0,0.0
2026-06-05 15:51:10,1.7015647312086277,5.667883408921396,9.64302381862085,0.7994384844497828,8.444654004823764,17.885402556789685,-1.1340033773859517,-17.250329464198987,36.69301798511851,40.18283517553624,37.96276812104183,14.0,2.3934012129205575,35.0,-100,1.0,0.0,1.0,1.0,1.0,1.0,1.0,0.0,0.0,0.0
2026-06-05 15:51:12,1.6083272140815537,8.556051672427314,7.747461963544836,-0.8705290123940994,10.531671381872316,18.48018711544472,1.0102352465248163,-14.401856746319591,36.87462824070222,40.48205852209922,38.279621339803526,14.0,2.3934012129205575,35.0,-100,1.0,0.0,1.0,1.0,1.0,1.0,1.0,0.0,0.0,0.0
2026-06-05 15:51:13,1.9829176469453564,8.262333335110533,8.29164397681416,1.8688953439166927,10.566727431908404,17.61399671201415,-1.3971963396478424,-16.495617818875978,36.48439760234331,39.943140096509296,37.822684249531875,14.0,2.3934012129205575,35.0,-100,1.0,0.0,1.0,1.0,1.0,1.0,1.0,0.0,0.0,0.0
2026-06-05 15:51:14,5.42494546527518,6.723336874837246,6.31334951638902,1.804801065851379,8.402454087396134,17.549436794065528,0.1415330961525889,-13.818749452337064,36.81842769206099,40.195794230290396,37.781189377729,14.0,2.3934012129205575,35.0,-100,1.0,0.0,1.0,1.0,1.0,1.0,1.0,0.0,0.0,0.0
2026-06-05 15:51:16,2.756986654707924,4.694224567609478,6.268740079748341,3.1888371585946267,10.26776986405742,21.122774558164103,-1.1737571035712908,-17.102044466131673,36.69621014339534,40.161074521046615,38.0973234858857,14.0,2.3934012129205575,35.0,-100,1.0,0.0,1.0,1.0,1.0,1.0,1.0,0.0,0.0,0.0
2026-06-05 15:51:17,3.764275463530738,8.72242103725813,6.064003194651235,1.9419763433448534,8.374016706028051,18.562173211966872,-1.1472637278155529,-13.209026763978128,36.41438416901921,40.26107011450572,37.99717255992548,14.0,2.3934012129205575,35.0,-100,1.0,0.0,1.0,1.0,1.0,1.0,1.0,0.0,0.0,0.0
2026-06-05 15:51:18,1.4240691388303792,7.644843425169503,6.192623828688389,1.7638906529913796,8.034377700664134,17.991066433777526,0.9327781581429724,-16.415327077971853,36.42485684062202,40.0196052503815,37.80724559255145,14.0,2.3934012129205575,35.0,-100,1.0,0.0,1.0,1.0,1.0,1.0,1.0,0.0,0.0,0.0
2026-06-05 15:51:19,3.3728135877364935,6.259433583039922,8.61593977662921,1.2972556484424862,10.51062616243193,19.085423562545465,0.33922463159999694,-13.113199228930371,36.6055136857302,39.95902982249697,38.15863282283713,14.0,2.3934012129205575,35.0,-100,1.0,0.0,1.0,1.0,1.0,1.0,1.0,0.0,0.0,0.0
2026-06-05 15:51:21,4.11731993865794,5.786535161974799,6.8407184915267605,1.6348519672595292,8.600036232319635,19.319081794337364,-0.679741137008157,-17.696047382936523,36.85306381507736,40.20162533887426,37.73377956759836,14.0,2.3934012129205575,35.0,-100,1.0,0.0,1.0,1.0,1.0,1.0,1.0,0.0,0.0,0.0
2026-06-05 15:51:22,4.980882607381159,5.586343026936234,8.975339013502932,1.8451868045940785,6.979707837918577,18.279168789716934,0.6853777410326312,-14.065200774901705,36.860884600222086,40.40017620648669,38.034580645619066,14.0,2.3934012129205575,35.0,-100,1.0,0.0,1.0,1.0,1.0,1.0,1.0,0.0,0.0,0.0
2026-06-05 15:51:23,1.9049992057793408,6.910858255731241,9.793711335262113,0.26804362451888064,6.384918807771832,20.075992644042337,0.17172541783269968,-13.986718274006005,36.9517175247071,40.00428484434418,38.26804059123444,14.0,2.3934012129205575,35.0,-100,1.0,0.0,1.0,1.0,1.0,1.0,1.0,0.0,0.0,0.0
2026-06-05 15:51:25,-0.07276928036596786,10.075111763966603,4.923303078739222,-0.339110523610757,10.610242685842435,16.497484776602125,1.982933549462714,-14.849886846424578,36.41400050569006,40.24447735387617,37.724305212599766,14.0,2.3934012129205575,35.0,-100,1.0,0.0,1.0,1.0,1.0,1.0,1.0,0.0,0.0,0.0
2026-06-05 15:51:26,5.266601880367073,5.602937284371133,8.584171338729295,-1.0891615631564195,5.691928551669119,17.53400998177844,-0.58958428191676,-14.755551120006821,36.625695389665076,40.303018395957416,37.8778818078021,14.0,2.3934012129205575,35.0,-100,1.0,0.0,1.0,1.0,1.0,1.0,1.0,0.0,0.0,0.0
2026-06-05 15:51:27,3.379365226789636,8.148184671872603,5.073956959888063,2.0162953468879357,11.567201920077148,16.221863856769247,0.1267502937895597,-12.892531281628763,36.74749286849911,39.941249092386,37.99417468446688,14.0,2.3934012129205575,35.0,-100,1.0,0.0,1.0,1.0,1.0,1.0,1.0,0.0,0.0,0.0
2026-06-05 15:51:29,0.9824087888863704,6.405257333529447,5.694602899190961,0.781772172458135,8.461517620492685,16.897299256046225,2.1556156947515523,-13.509872537987665,36.61171257298131,39.92391647803826,37.91221607495672,14.0,2.3934012129205575,35.0,-100,1.0,0.0,1.0,1.0,1.0,1.0,1.0,0.0,0.0,0.0
2026-06-05 15:51:30,3.3047766105376115,7.41096024836222,4.227367479046011,1.5140816753680921,7.104627559973089,17.9996531433778,4.143642035121902,-14.429606206067508,36.46293648439953,40.25803769581778,38.281037467172474,14.0,2.3934012129205575,35.0,-100,1.0,0.0,1.0,1.0,1.0,1.0,1.0,0.0,0.0,0.0
2026-06-05 15:51:32,0.5222813059755573,8.74283730758825,4.9385826794765295,0.7926926570315009,10.76694343000231,16.589387251449693,-1.1085738257421087,-12.551056227061446,36.586394622535224,40.52242925014392,38.18037342842334,14.0,2.3934012129205575,35.0,-100,1.0,0.0,1.0,1.0,1.0,1.0,1.0,0.0,0.0,0.0
2026-06-05 15:51:33,4.040483348202833,8.23708228670105,4.784541270351065,-1.5260821177268058,9.463567825983214,20.91891640262813,1.917484620951913,-12.770986027290629,36.762428838181165,39.93307077616579,37.95050132505534,14.0,2.3934012129205575,35.0,-100,1.0,0.0,1.0,1.0,1.0,1.0,1.0,0.0,0.0,0.0
2026-06-05 15:51:34,4.150881396873888,9.327419012813191,4.1188902528517675,2.7163402578530587,10.316577200560156,18.185560400301032,1.24582538854379,-12.956621040780462,36.6148391473389,40.15487652087105,37.846251269816875,14.0,2.3934012129205575,35.0,-100,1.0,0.0,1.0,1.0,1.0,1.0,1.0,0.0,0.0,0.0
2026-06-05 15:51:35,0.7770280278847628,7.24176446728069,8.52679343853401,-0.855528956900161,7.8555040035120385,18.73373974044848,-0.7665563499809975,-12.729767831523784,36.47893547460154,40.1189692031643,37.72761982722674,14.0,2.3934012129205575,35.0,-100,1.0,0.0,1.0,1.0,1.0,1.0,1.0,0.0,0.0,0.0
2026-06-05 15:51:36,4.458767745598959,6.316109416206183,9.426092919236225,0.3045923887963182,9.557158689438108,16.166579216402237,3.6548363440758465,-17.23373707031227,36.784281945399215,39.93821060757518,38.14639210024998,14.0,2.3934012129205575,35.0,-100,1.0,0.0,1.0,1.0,1.0,1.0,1.0,0.0,0.0,0.0
2026-06-05 15:51:37,5.414207132609733,5.381379072032018,9.322520575984978,1.8844240240482684,9.333309045151136,16.10512014876656,0.9141445043024241,-13.973402063228164,36.894104245615225,40.46897674737513,38.15602611140114,14.0,2.3934012129205575,35.0,-100,1.0,0.0,1.0,1.0,1.0,1.0,1.0,0.0,0.0,0.0
2026-06-05 15:51:38,0.649425769064031,7.145982483886808,5.194440994818548,1.797374877249764,8.977009283346892,19.097791927896232,0.6531787601151358,-17.578040109926604,36.48943061371157,40.06014369177126,37.778943759449106,14.0,2.3934012129205575,35.0,-100,1.0,0.0,1.0,1.0,1.0,1.0,1.0,0.0,0.0,0.0
2026-06-05 15:51:40,5.21334651666876,6.949081019770613,4.237527122319608,0.38393067958776106,8.958557952097074,19.67182399483601,1.7926026490545302,-13.672460547061448,36.899361266546975,40.2387183152999,37.824677176778444,14.0,2.3934012129205575,35.0,-100,1.0,0.0,1.0,1.0,1.0,1.0,1.0,0.0,0.0,0.0
2026-06-05 15:51:41,4.719207170608677,5.403522758766852,9.811019191187103,2.4426886395996155,10.857517011419993,16.49753801220021,1.1514438670333567,-16.936965396089125,36.866140026857416,39.97280901926547,37.93251192594726,14.0,2.3934012129205575,35.0,-100,1.0,0.0,1.0,1.0,1.0,1.0,1.0,0.0,0.0,0.0
2026-06-05 15:51:43,2.2270729385274737,9.155672226763166,5.987515997849825,2.5920249312215216,5.868252138661028,21.00164182985525,-0.7015238441124192,-15.767072230441753,36.69453333537109,39.96099452564106,38.21601426012516,14.0,2.3934012129205575,35.0,-100,1.0,0.0,1.0,1.0,1.0,1.0,1.0,0.0,0.0,0.0
2026-06-05 15:51:44,2.2876107987120164,7.652035721573469,8.197444652960368,-0.1216004478335031,10.739971401686477,16.596787410441884,2.7968208478961447,-15.42072882526411,36.56311968080867,40.30605027818703,38.01917382913621,14.0,2.3934012129205575,35.0,-100,1.0,0.0,1.0,1.0,1.0,1.0,1.0,0.0,0.0,0.0
2026-06-05 15:51:46,3.6112020309411,7.00380995195579,8.219424244404703,3.5984299892751315,6.423299381005486,17.600287444149966,2.301600597974411,-17.733429741321974,36.75120391018942,40.321412831947605,37.81619620839018,14.0,2.3934012129205575,35.0,-100,1.0,0.0,1.0,1.0,1.0,1.0,1.0,0.0,0.0,0.0
2026-06-05 15:51:47,1.3756646445305083,6.799704531660929,7.212731551437823,3.5267904946452893,11.578956300332242,17.194539063624884,3.0716294573833887,-14.103727748291742,36.87682721147125,40.2068254940462,38.013835251449976,14.0,2.3934012129205575,35.0,-100,1.0,0.0,1.0,1.0,1.0,1.0,1.0,0.0,0.0,0.0
2026-06-05 15:51:48,0.19283944875451775,6.707887164571548,5.163408731948472,0.10728463615694572,7.5592738707176075,20.365564414428263,0.4632714595942513,-15.6036589299684,36.9646308787435,40.43854026835757,38.26305480129008,14.0,2.3934012129205575,35.0,-100,1.0,0.0,1.0,1.0,1.0,1.0,1.0,0.0,0.0,0.0
2026-06-05 15:51:50,4.180342826495136,8.858718673029413,7.261626662958561,-1.2713241915975826,10.793310432460835,20.405716877201282,-0.24247764110579184,-16.146483733673985,36.79008175178112,40.52227006545193,37.829259791378576,14.0,2.3934012129205575,35.0,-100,1.0,0.0,1.0,1.0,1.0,1.0,1.0,0.0,0.0,0.0
2026-06-05 15:51:51,1.7529527860483878,9.275464850083244,9.506320024660585,0.17687521546634244,10.537963359928288,18.915064549417288,-1.2065400339882082,-15.253193858581195,36.9525274211144,40.35253080912681,38.10388593161562,14.0,2.3934012129205575,35.0,-100,1.0,0.0,1.0,1.0,1.0,1.0,1.0,0.0,0.0,0.0
2026-06-05 15:51:52,1.708474763703773,5.101649008094466,8.038405782846265,1.994407951214611,8.157358205844613,20.551468262479826,0.14926726020976733,-18.472721184860045,36.69384627180207,40.14608226236054,37.942051004848416,14.0,2.3934012129205575,35.0,-100,1.0,0.0,1.0,1.0,1.0,1.0,1.0,0.0,0.0,0.0
2026-06-05 15:51:54,3.7740278124964757,8.659446201349766,5.435285459770454,2.937097433747927,11.092953093883075,18.770804240924768,-0.8291297178214276,-17.060457323944107,36.647847727285914,40.4587632882747,37.773977539626294,14.0,2.3934012129205575,35.0,-100,1.0,0.0,1.0,1.0,1.0,1.0,1.0,0.0,0.0,0.0
2026-06-05 15:51:55,3.22382010610053,7.830971853245283,6.179590535885653,-0.00041789124568314406,7.976683648904954,16.89467269827187,1.6852603033252578,-14.24919123061111,36.965379389804376,40.331087306052396,37.915666060148,14.0,2.3934012129205575,35.0,-100,1.0,0.0,1.0,1.0,1.0,1.0,1.0,0.0,0.0,0.0
2026-06-05 15:51:56,2.537205884472887,6.201909588710628,8.7001332466734,2.409022342184569,7.852060378057605,19.468793891202676,0.9040730463902209,-13.098040638469215,36.74355407563157,40.04992688059112,38.15068940685266,14.0,2.3934012129205575,35.0,-100,1.0,0.0,1.0,1.0,1.0,1.0,1.0,0.0,0.0,0.0
2026-06-05 15:51:57,3.433535507661336,7.212652398405502,5.442216514683391,-1.4331778100667076,7.1866358955947485,19.743736412694272,2.0018111696175547,-14.54750410898276,36.71063337330904,40.1660768318131,37.909498298666534,14.0,2.3934012129205575,35.0,-100,1.0,0.0,1.0,1.0,1.0,1.0,1.0,0.0,0.0,0.0
2026-06-05 15:51:58,3.330186922450251,6.246491958241361,8.343573491621692,1.7647519471584148,10.724549123337727,19.417106527664664,-0.0258557157996524,-18.001158159780424,36.730600500101936,39.93270246037888,38.18660596332602,14.0,2.3934012129205575,35.0,-100,1.0,0.0,1.0,1.0,1.0,1.0,1.0,0.0,0.0,0.0
2026-06-05 15:51:59,3.4245240203979006,5.597020512324027,8.287345792941053,-1.7047418921111,8.462641520300071,20.803826233502242,-1.00094338772052,-15.405425383590101,36.63178083185557,39.9612195631583,37.835490188611246,14.0,2.3934012129205575,35.0,-100,1.0,0.0,1.0,1.0,1.0,1.0,1.0,0.0,0.0,0.0
2026-06-05 15:52:00,2.1249207117194553,9.070070677734957,9.650945337694285,2.221178323237372,8.767239395537954,20.82519373247505,-0.06872016185266983,-18.14973639223267,36.63457372833044,40.34222343335995,38.18647301641505,14.0,2.3934012129205575,35.0,-100,1.0,0.0,1.0,1.0,1.0,1.0,1.0,0.0,0.0,0.0
2026-06-05 15:52:02,4.835184223839558,5.642152377256518,9.492066491070009,2.071557682035186,10.854377488217043,18.23303787774554,1.9977994822320841,-17.304351055630043,36.89157059237171,40.09144014378875,37.771114808716845,14.0,2.3934012129205575,35.0,-100,1.0,0.0,1.0,1.0,1.0,1.0,1.0,0.0,0.0,0.0
2026-06-05 15:52:03,5.447494163741817,7.024652602981415,7.713055619878075,3.942881554783386,10.50325194538294,16.239007297282456,0.9742225692576012,-13.003859219741493,36.716797615395336,40.19029762991164,37.92009928247699,14.0,2.3934012129205575,35.0,-100,1.0,0.0,1.0,1.0,1.0,1.0,1.0,0.0,0.0,0.0
2026-06-05 15:52:04,3.2523031650204857,5.535071523026254,5.955173902016714,1.3384880647472768,7.229343581160997,20.41983399015626,-0.5243119647535754,-17.597898614258355,36.84216569943707,40.276630945156505,38.208185621876865,14.0,2.3934012129205575,35.0,-100,1.0,0.0,1.0,1.0,1.0,1.0,1.0,0.0,0.0,0.0
2026-06-05 15:52:06,4.303549408870654,4.7203057188601925,5.159059783761048,0.4530470252273968,10.390643312070225,16.60560406494776,-1.1300635473672376,-18.39391875980695,36.59810093760052,39.99218498646791,38.06049306745904,14.0,2.3934012129205575,35.0,-100,1.0,0.0,1.0,1.0,1.0,1.0,1.0,0.0,0.0,0.0
2026-06-05 15:52:07,3.022988284406257,9.308753584728493,6.390899536742249,-1.5446807535594411,7.555093622499147,16.853627056489504,0.6495901839960188,-17.137095219134384,36.6895300156851,40.00299033666271,37.91318150663277,14.0,2.3934012129205575,35.0,-100,1.0,0.0,1.0,1.0,1.0,1.0,1.0,0.0,0.0,0.0
2026-06-05 15:52:08,3.069372519903169,4.957745653666656,5.0923746469985165,0.2626255949854146,9.353690334612992,17.56756266678042,1.814077070444223,-15.49340078388726,36.48221430015439,40.42322107213849,38.29158778505353,14.0,2.3934012129205575,35.0,-100,1.0,0.0,1.0,1.0,1.0,1.0,1.0,0.0,0.0,0.0
2026-06-05 15:52:09,1.2206955862290207,4.845513052718292,5.3331044809723025,2.2079611470101836,8.252539950675667,17.6091856921034,0.31589553246521085,-14.198904779003051,36.64626184852188,40.28802147646143,38.19280324661024,14.0,2.3934012129205575,35.0,-100,1.0,0.0,1.0,1.0,1.0,1.0,1.0,0.0,0.0,0.0
2026-06-05 15:52:10,0.20772893920434043,6.116567293898419,6.277480501895736,-1.575138301104949,9.658411520133633,16.91160515122315,3.928505825843864,-16.00679332857103,36.41807878618945,40.48097574584089,38.20782356906993,14.0,2.3934012129205575,35.0,-100,1.0,0.0,1.0,1.0,1.0,1.0,1.0,0.0,0.0,0.0
2026-06-05 15:52:11,4.987484408296675,5.692384122259423,6.090820934896808,3.949841751570946,10.172722736477416,18.07751628028484,-1.0170275568793157,-18.093321860741774,36.97508825832122,40.201283099468604,38.11383123464267,14.0,2.3934012129205575,35.0,-100,1.0,0.0,1.0,1.0,1.0,1.0,1.0,0.0,0.0,0.0
2026-06-05 15:52:13,1.137879479020884,5.1360429419321525,9.54874546073735,1.4591676772289026,11.518202954095877,17.585361002170043,3.0713800678610017,-16.36081510546761,36.668306763618844,40.26753636205721,37.85514441410677,14.0,2.3934012129205575,35.0,-100,1.0,0.0,1.0,1.0,1.0,1.0,1.0,0.0,0.0,0.0
2026-06-05 15:52:14,2.9449363973929046,4.872577209105149,6.153516112797215,-1.4159888088647463,7.026636708347121,19.33505566389841,0.3486191994880836,-15.270924919973332,36.625894729930636,39.94631074077594,38.1805318017105,14.0,2.3934012129205575,35.0,-100,1.0,0.0,1.0,1.0,1.0,1.0,1.0,0.0,0.0,0.0
2026-06-05 15:52:15,2.672108234106384,5.892467164746542,7.517958551556275,-0.6384545142688116,6.293293392887624,19.786718899375128,-1.3496841727931184,-18.228499217057546,36.877679609579424,40.14713432267966,37.81625840390368,14.0,2.3934012129205575,35.0,-100,1.0,0.0,1.0,1.0,1.0,1.0,1.0,0.0,0.0,0.0
2026-06-05 15:52:16,2.1015940230889685,9.935548705556599,8.04710763779176,3.2832153677862586,7.477846906395184,17.170333780349075,0.4960359482709622,-17.99958712300113,36.865444910905495,40.32097330637595,37.69789062945048,14.0,2.3934012129205575,35.0,-100,1.0,0.0,1.0,1.0,1.0,1.0,1.0,0.0,0.0,0.0
2026-06-05 15:52:18,2.180636820154184,7.676546541553541,5.5003912514770015,3.992882374960172,5.680441018213002,17.809611724377284,1.2419549332331914,-13.064575285106265,36.839706742390895,40.031894578969606,38.26403156138344,14.0,2.3934012129205575,35.0,-100,1.0,0.0,1.0,1.0,1.0,1.0,1.0,0.0,0.0,0.0
2026-06-05 15:52:19,4.670542984414721,8.713928416346942,4.734980917598044,3.1073005268610583,6.758729018668523,17.982323455512287,3.912861356782609,-14.629754825957498,36.976022335521094,40.39573624027364,38.019215290810955,14.0,2.3934012129205575,35.0,-100,1.0,0.0,1.0,1.0,1.0,1.0,1.0,0.0,0.0,0.0
2026-06-05 15:52:20,5.105449082065868,5.667458389952982,9.341968081224444,1.9886437796740104,7.996601976059492,18.86388812075073,0.5794572814701615,-16.368947150523297,36.86907213524618,39.94922892761325,37.89231361741385,14.0,2.3934012129205575,35.0,-100,1.0,0.0,1.0,1.0,1.0,1.0,1.0,0.0,0.0,0.0
2026-06-05 15:52:21,4.237865328311946,7.057680439722285,9.728997843185919,1.277254185807335,10.058483074772806,16.387162587623237,1.9454017955535052,-13.518701830245707,36.79667192715414,40.14396511229182,37.94258404023892,14.0,2.3934012129205575,35.0,-100,1.0,0.0,1.0,1.0,1.0,1.0,1.0,0.0,0.0,0.0
2026-06-05 15:52:23,5.430767440657098,9.096877818409096,9.787647309939175,2.010832357303647,5.972274100492062,19.466974785296664,-0.6260811098049481,-13.065197472647329,36.715955356457734,40.23345545792739,37.88354196489045,14.0,2.3934012129205575,35.0,-100,1.0,0.0,1.0,1.0,1.0,1.0,1.0,0.0,0.0,0.0
2026-06-05 15:52:24,2.398852217554696,9.394846439510264,9.067097977746691,-1.7063394800124967,7.172993935074242,18.660238041135056,2.9969762310386407,-15.992685180961576,36.9523119397704,40.35036505642188,37.92751587142392,14.0,2.3934012129205575,35.0,-100,1.0,0.0,1.0,1.0,1.0,1.0,1.0,0.0,0.0,0.0
2026-06-05 15:52:25,0.04964596000432753,6.883808489864595,5.467640887906987,0.7192062142831479,5.925052840661998,20.81344740935026,0.6030977193216636,-17.725566831951234,36.82805024016382,40.407551433989155,38.17817769748301,14.0,2.3934012129205575,35.0,-100,1.0,0.0,1.0,1.0,1.0,1.0,1.0,0.0,0.0,0.0
2026-06-05 15:52:27,5.419143610919613,5.170238350771962,8.386890819837701,1.5996431006332665,8.286737989371638,18.695724751066905,2.8848019586091933,-17.1559040299705,36.41810033743938,39.98952822663798,37.94574742766377,14.0,2.3934012129205575,35.0,-100,1.0,0.0,1.0,1.0,1.0,1.0,1.0,0.0,0.0,0.0
2026-06-05 15:52:28,1.0844813681488092,6.0623489097546415,4.117773581449337,1.2644540867836227,7.863696067659857,18.71063376520334,-1.3708603101688692,-14.500710038554882,36.93141815648474,40.00735124861297,37.70113097652676,14.0,2.3934012129205575,35.0,-100,1.0,0.0,1.0,1.0,1.0,1.0,1.0,0.0,0.0,0.0
2026-06-05 15:52:29,1.5232713216107354,5.805407131921249,9.434153224814143,-0.21169043561230505,8.286757339527025,20.792796643505135,-1.448586450464866,-15.391203570623553,36.84026145763712,40.47354617631593,37.84274356823813,14.0,2.3934012129205575,35.0,-100,1.0,0.0,1.0,1.0,1.0,1.0,1.0,0.0,0.0,0.0
2026-06-05 15:52:31,1.3502253381309492,9.233583408211725,9.965758231828435,2.721671416077063,8.733193652605147,16.022711551191545,-1.417981916281871,-16.975685683948825,36.884166748559274,40.0107854762109,37.96955621115501,14.0,2.3934012129205575,35.0,-100,1.0,0.0,1.0,1.0,1.0,1.0,1.0,0.0,0.0,0.0
2026-06-05 15:52:32,0.5271261543582959,9.340539862931816,6.3179011998788575,-0.6162945408288771,9.166069346079514,20.713345678979117,0.9593392959032565,-16.411533780134224,36.56763319658691,40.297818062834004,38.04844249094866,14.0,2.3934012129205575,35.0,-100,1.0,0.0,1.0,1.0,1.0,1.0,1.0,0.0,0.0,0.0
2026-06-05 15:52:33,1.3222066983301375,10.044336115708015,10.028977690189716,0.41157080852007244,5.621560449178296,21.118970211228692,1.6664921105410908,-14.667430318291679,36.571266161368435,40.01749722918204,37.99403977500561,14.0,2.3934012129205575,35.0,-100,1.0,0.0,1.0,1.0,1.0,1.0,1.0,0.0,0.0,0.0
2026-06-05 15:52:34,0.9913729773804894,9.80336832155647,6.993101427607677,2.966337301931718,9.278580293551034,15.786059449951527,-0.912336646234869,-12.523380048991942,36.53386063155896,40.1537581376921,38.06668054163877,14.0,2.3934012129205575,35.0,-100,1.0,0.0,1.0,1.0,1.0,1.0,1.0,0.0,0.0,0.0
2026-06-05 15:52:36,0.5813025760975457,6.52867152236025,9.486298483144774,-0.5922330471318766,9.43649582236525,18.053541746701306,-0.010104924040431618,-16.57073679772148,36.65914001930419,40.1823467636829,37.95552061264285,14.0,2.3934012129205575,35.0,-100,1.0,0.0,1.0,1.0,1.0,1.0,1.0,0.0,0.0,0.0
2026-06-05 15:52:37,2.1176074302867773,7.699503021841959,5.081293171468266,-0.9477947914964386,9.49006814018457,15.813085927048451,-0.08554651835198102,-16.81102547902419,36.67369289149073,40.48450846079664,38.02490464184344,14.0,2.3934012129205575,35.0,-100,1.0,0.0,1.0,1.0,1.0,1.0,1.0,0.0,0.0,0.0
2026-06-05 15:52:38,0.7281265414686748,10.042437954858674,9.724524429087214,0.2529980175093751,8.276913239920301,20.084215719649315,-1.6587530210535766,-16.026572947500703,36.53190114605832,40.07140679178256,38.209059809455795,14.0,2.3934012129205575,35.0,-100,1.0,0.0,1.0,1.0,1.0,1.0,1.0,0.0,0.0,0.0
2026-06-05 15:52:39,-0.1843893773218639,6.332131121748382,4.291241807263226,-1.587347074366353,7.182289897469925,19.815295602113334,-0.7956149412249336,-15.717601956004687,36.70622748293248,40.269887081818645,38.03745556853122,14.0,2.3934012129205575,35.0,-100,1.0,0.0,1.0,1.0,1.0,1.0,1.0,0.0,0.0,0.0
2026-06-05 15:52:40,1.1986778048033992,8.547345934327598,7.282361156809711,3.006248188037258,8.677958333338932,19.589322797955013,0.6883979475057753,-18.173865855459688,36.661925331293176,40.35934656794541,38.08695029565955,14.0,2.3934012129205575,35.0,-100,1.0,0.0,1.0,1.0,1.0,1.0,1.0,0.0,0.0,0.0
2026-06-05 15:52:42,1.1139823430124944,5.554016490131715,5.845508812881253,-0.4305724065130727,6.079568657041335,17.990086067640075,1.4009459079445108,-13.306316220714379,36.881533135983325,40.42077661209822,38.220452026526445,14.0,2.3934012129205575,35.0,-100,1.0,0.0,1.0,1.0,1.0,1.0,1.0,0.0,0.0,0.0
2026-06-05 15:52:43,3.8819722547450297,5.389289128719664,5.276552215688192,1.572532824597003,10.135018365767854,15.451845884634086,1.9148416779792505,-17.8385669962287,36.42056871876001,40.036380516883696,38.16811736835181,14.0,2.3934012129205575,35.0,-100,1.0,0.0,1.0,1.0,1.0,1.0,1.0,0.0,0.0,0.0
2026-06-05 15:52:45,-0.028908551214819056,8.076623820602315,9.54807921024278,2.530659015445842,8.459711130245198,15.626353212065405,-1.3763211424089423,-15.627620121117165,36.673447620058134,40.51744604369779,37.71622349207989,14.0,2.3934012129205575,35.0,-100,1.0,0.0,1.0,1.0,1.0,1.0,1.0,0.0,0.0,0.0
2026-06-05 15:52:46,4.088069716372336,7.2548873281832655,6.973157042138634,2.468958994028836,5.901719923000753,18.165615138481915,0.13601198567077621,-16.435242324335036,36.59334834666373,40.40337865866991,38.19710071975338,14.0,2.3934012129205575,35.0,-100,1.0,0.0,1.0,1.0,1.0,1.0,1.0,0.0,0.0,0.0
2026-06-05 15:52:47,5.266697199504073,7.302835691152783,9.997392531953384,0.7706974409066385,6.340597174723035,20.48598993239932,2.2051201493940153,-18.09755795337764,36.53854015196273,40.28296152711844,38.06992533850425,14.0,2.3934012129205575,35.0,-100,1.0,0.0,1.0,1.0,1.0,1.0,1.0,0.0,0.0,0.0
2026-06-05 15:52:49,1.0733894247032194,8.972963681844972,4.289191763515389,3.2975841661485834,7.486700312093626,17.110917214258322,1.296572556201725,-14.16008227254251,36.5521606227736,40.44126948856162,37.91382722715603,14.0,2.3934012129205575,35.0,-100,1.0,0.0,1.0,1.0,1.0,1.0,1.0,0.0,0.0,0.0
2026-06-05 15:52:50,3.29383435599131,8.839187161497156,4.274526122863355,-1.6765338930912614,9.969560806123951,20.123454704119798,-1.2768064062575677,-16.871153279736447,36.53559239974603,40.02744432939964,38.06298968552217,14.0,2.3934012129205575,35.0,-100,1.0,0.0,1.0,1.0,1.0,1.0,1.0,0.0,0.0,0.0
2026-06-05 15:52:51,2.1494552799946662,9.757736237342609,9.728088030521421,2.649275056466471,9.609275314615932,20.829536372884185,3.974110830046871,-16.39424040523178,36.62914252171827,40.01268186114547,37.94674506658022,14.0,2.3934012129205575,35.0,-100,1.0,0.0,1.0,1.0,1.0,1.0,1.0,0.0,0.0,0.0
2026-06-05 15:52:52,3.027666332127914,6.319236820724463,6.610922553246521,1.4876070119762135,10.956567974786086,18.881394569086055,-0.35235450148933545,-14.879072501544307,36.864247809242514,40.127032317315916,38.055867027914516,14.0,2.3934012129205575,35.0,-100,1.0,0.0,1.0,1.0,1.0,1.0,1.0,0.0,0.0,0.0
2026-06-05 15:52:53,0.6664205248857762,8.774546308684739,6.90904211989557,1.5590080769459176,7.332166545970945,18.580161989463406,3.9486320437594324,-14.52312405124569,36.741605464630226,40.02927311829292,38.0641458102944,14.0,2.3934012129205575,35.0,-100,1.0,0.0,1.0,1.0,1.0,1.0,1.0,0.0,0.0,0.0
2026-06-05 15:52:55,3.9078629986149425,4.823224572074283,6.710617793949866,3.738408930511593,8.535464509431952,16.428420395879332,0.11754178532266168,-17.356945721958585,36.71000307970731,40.086689320711756,38.124093239090385,14.0,2.3934012129205575,35.0,-100,1.0,0.0,1.0,1.0,1.0,1.0,1.0,0.0,0.0,0.0
2026-06-05 15:52:56,3.991309706245402,7.002450233719304,4.940782275172092,3.15885080829229,7.717831718336834,18.14791882190769,-1.5967350659147979,-17.175787556139923,36.4081028847938,40.44869758204369,38.17327219449687,14.0,2.3934012129205575,35.0,-100,1.0,0.0,1.0,1.0,1.0,1.0,1.0,0.0,0.0,0.0
2026-06-05 15:52:57,5.412891265903277,5.535139165247544,5.015868945706373,0.7423388477838646,8.232664671415812,21.073058660255562,-0.9987526262531228,-15.580211924295657,36.83913867372298,40.044331530218656,38.289525613910115,14.0,2.3934012129205575,35.0,-100,1.0,0.0,1.0,1.0,1.0,1.0,1.0,0.0,0.0,0.0
2026-06-05 15:52:58,2.7042636628381675,5.3258759304052035,9.812718712050218,0.0643611238053321,8.412193133288444,19.169954420424837,3.0670704026552693,-16.534177544653144,36.6272216897013,40.194720301282395,37.83439709214407,14.0,2.3934012129205575,35.0,-100,1.0,0.0,1.0,1.0,1.0,1.0,1.0,0.0,0.0,0.0
2026-06-05 15:53:00,1.9496979582464262,8.313847128543696,4.49831184877394,0.8116517160674794,8.460553777525305,16.069697887361173,-1.5205534443127675,-15.984250258026115,36.82701513592202,40.20882798248117,38.06639482074635,14.0,2.3934012129205575,35.0,-100,1.0,0.0,1.0,1.0,1.0,1.0,1.0,0.0,0.0,0.0
2026-06-05 15:53:01,3.9584000852450956,5.876959445420904,4.88143314696585,0.7354740162411595,7.055041772174179,15.391433387280646,0.20155786787499697,-13.295326454100877,36.59765145326231,40.17833816901757,38.015305426414095,14.0,2.3934012129205575,35.0,-100,1.0,0.0,1.0,1.0,1.0,1.0,1.0,0.0,0.0,0.0
2026-06-05 15:53:03,1.7942998340148293,8.95711554775561,6.566196723580701,-1.6940508498045626,6.314085417623788,17.290149189133825,4.058407354065096,-17.693782054146354,36.69788809649355,39.94386581070845,38.01849126593692,14.0,2.3934012129205575,35.0,-100,1.0,0.0,1.0,1.0,1.0,1.0,1.0,0.0,0.0,0.0
2026-06-05 15:53:04,4.998936267976899,9.865718356595325,6.665459915788152,4.0016385001622705,9.091104195240678,20.496178515389104,1.300907706712498,-13.78861607873324,36.69642041951257,40.16638271213259,38.0136585569733,14.0,2.3934012129205575,35.0,-100,1.0,0.0,1.0,1.0,1.0,1.0,1.0,0.0,0.0,0.0
2026-06-05 15:53:06,5.641432028224951,6.398019205621526,6.932378161877781,3.356751574415373,7.016971788487837,18.48185904545482,3.742264041758765,-13.762414243423922,36.723001841084745,39.94056872320799,38.04121127547014,14.0,2.3934012129205575,35.0,-100,1.0,0.0,1.0,1.0,1.0,1.0,1.0,0.0,0.0,0.0
2026-06-05 15:53:07,0.2438990307905704,9.218670441617252,5.255239109838277,1.3896647481466888,10.249030801706088,17.893754866948836,3.229785040264649,-13.362025574518809,36.80579082520276,40.16822479740256,37.70753638965353,14.0,2.3934012129205575,35.0,-100,1.0,0.0,1.0,1.0,1.0,1.0,1.0,0.0,0.0,0.0
2026-06-05 15:53:08,1.556241078626371,9.321233905772374,6.900150140922872,0.429766392443101,8.87304856032524,20.97950975401195,3.013384939227465,-16.99480558870558,36.819816926497275,39.99019814879945,38.19291067440336,14.0,2.3934012129205575,35.0,-100,1.0,0.0,1.0,1.0,1.0,1.0,1.0,0.0,0.0,0.0
2026-06-05 15:53:09,4.2885973137130105,5.996668714515317,5.427110724943007,3.928928688186936,5.627320100658675,18.427667448595564,-1.5562841837271537,-13.30679144235118,36.95521711313835,39.958687728143936,37.94676447177652,14.0,2.3934012129205575,35.0,-100,1.0,0.0,1.0,1.0,1.0,1.0,1.0,0.0,0.0,0.0
2026-06-05 15:53:10,3.1158739719024946,5.526838801695733,10.042317928671935,3.7411384947206052,5.959458825722396,15.644365606838328,3.3208581829574655,-12.982664902085412,36.89194269708775,39.92678317528713,37.94315984225197,14.0,2.3934012129205575,35.0,-100,1.0,0.0,1.0,1.0,1.0,1.0,1.0,0.0,0.0,0.0
2026-06-05 15:53:12,4.530375539167998,7.116166282513472,9.670270357655959,-0.22528716965913365,11.134409777340892,16.71222572514224,-0.31446409818398857,-14.279112496103139,36.47121699283444,40.516476061713384,37.842269673979075,14.0,2.3934012129205575,35.0,-100,1.0,0.0,1.0,1.0,1.0,1.0,1.0,0.0,0.0,0.0
2026-06-05 15:53:13,1.8826396526664468,9.298166147520256,9.111226605333687,0.7723086392989269,10.723871755156598,15.903021059713549,3.4848738056602633,-16.20855441111635,36.61909912117555,40.131970427107824,38.1362688894702,14.0,2.3934012129205575,35.0,-100,1.0,0.0,1.0,1.0,1.0,1.0,1.0,0.0,0.0,0.0
2026-06-05 15:53:15,5.3292066113114815,6.8511539207046255,9.907196994809205,2.173245575605649,6.499471403758596,20.55627908097576,3.479019865634868,-13.925828878957732,36.46279214269146,40.35876734471586,38.01596667908878,14.0,2.3934012129205575,35.0,-100,1.0,0.0,1.0,1.0,1.0,1.0,1.0,0.0,0.0,0.0
2026-06-05 15:53:16,0.12192254098690469,5.088293012605567,4.1179344804394145,-1.1363604090027053,10.906960828039557,15.91553448296258,3.9864302271457195,-18.344922012715568,36.734495577404324,40.063343896070535,37.92869898248153,14.0,2.3934012129205575,35.0,-100,1.0,0.0,1.0,1.0,1.0,1.0,1.0,0.0,0.0,0.0
2026-06-05 15:53:17,1.7230958823369429,4.946644210199972,4.357918930041723,-1.7352260456981612,5.760308503645951,16.289368425526735,3.453428883924106,-16.034034639897214,36.858102319661825,40.09317145899407,37.88095647893861,14.0,2.3934012129205575,35.0,-100,1.0,0.0,1.0,1.0,1.0,1.0,1.0,0.0,0.0,0.0
2026-06-05 15:53:18,2.879513243210857,7.983042426189824,5.001238439397055,2.725342917017871,7.013556881140611,18.174879254568367,3.038018421721361,-15.531860627797563,36.86098108200434,40.394262413627665,37.710967188311926,14.0,2.3934012129205575,35.0,-100,1.0,0.0,1.0,1.0,1.0,1.0,1.0,0.0,0.0,0.0
2026-06-05 15:53:19,1.5358043304476112,5.0428770513959,6.749297858857608,-1.204913328464353,6.170048000233534,16.59666186546928,-1.6591195278955237,-13.739334966715429,36.84525126492721,40.43230052334045,38.23592258939728,14.0,2.3934012129205575,35.0,-100,1.0,0.0,1.0,1.0,1.0,1.0,1.0,0.0,0.0,0.0
2026-06-05 15:53:20,1.6509943929489086,8.319419050234961,5.319630819442977,2.3117962741056486,9.792559501437646,21.198789384456006,-1.66058278360829,-18.03245186539833,36.43710574525642,40.25572198202833,38.27450490893563,14.0,2.3934012129205575,35.0,-100,1.0,0.0,1.0,1.0,1.0,1.0,1.0,0.0,0.0,0.0
2026-06-05 15:53:22,2.3684652603784038,6.8172589368212515,5.001631616880315,0.666818054383147,9.506114887756574,18.00842459057604,-0.05144886761523271,-16.141529393599182,36.784345556112584,39.96956176411534,37.73886126041455,14.0,2.3934012129205575,35.0,-100,1.0,0.0,1.0,1.0,1.0,1.0,1.0,0.0,0.0,0.0
2026-06-05 15:53:23,1.4312407432450593,7.2585873092957405,6.443107953154475,-0.9635680432780163,10.944231642491456,19.898850501542594,3.8975783834286677,-16.76443371544866,36.82605382382092,40.43465439205799,38.1614768125359,14.0,2.3934012129205575,35.0,-100,1.0,0.0,1.0,1.0,1.0,1.0,1.0,0.0,0.0,0.0
2026-06-05 15:53:24,0.11137411332365676,4.8951637064638325,7.854649700697851,3.594090797305607,10.860079493267268,17.72503094771744,-0.13094292181851164,-13.153087050337962,36.9191758540134,40.21819277308293,37.899098020723216,14.0,2.3934012129205575,35.0,-100,1.0,0.0,1.0,1.0,1.0,1.0,1.0,0.0,0.0,0.0
2026-06-05 15:53:25,3.815274734255979,10.430868200978201,9.196068408643656,-0.022900173059018814,9.339711910184612,17.88695991697096,0.6567820148366796,-16.91909263535608,36.42336262509597,40.4462657013573,37.88478396902912,14.0,2.3934012129205575,35.0,-100,1.0,0.0,1.0,1.0,1.0,1.0,1.0,0.0,0.0,0.0
2026-06-05 15:53:27,2.303138505180692,7.104120080220257,7.648826552372559,-0.6108192080504844,11.402671781345312,17.232229704307375,0.4217409201537783,-15.399031884888815,36.518079019099844,39.974131440580976,38.021169198408444,14.0,2.3934012129205575,35.0,-100,1.0,0.0,1.0,1.0,1.0,1.0,1.0,0.0,0.0,0.0
2026-06-05 15:53:28,3.827789305229259,9.854976798379083,9.774649192053042,1.2896565166507297,10.78652988532366,17.08896863644587,-1.1561930226232997,-12.625985667080805,36.97769090806176,39.96060100516618,37.998262873054394,14.0,2.3934012129205575,35.0,-100,1.0,0.0,1.0,1.0,1.0,1.0,1.0,0.0,0.0,0.0
2026-06-05 15:53:29,0.49853367954486405,8.90614144736648,6.052302153116493,0.007282632295413816,5.693088276730056,18.12453550677141,2.408626952607187,-17.511219197907103,36.75645610108763,40.37224707480298,37.762459206155825,14.0,2.3934012129205575,35.0,-100,1.0,0.0,1.0,1.0,1.0,1.0,1.0,0.0,0.0,0.0
2026-06-05 15:53:31,0.5212018469597925,7.308895396013976,7.159591706540313,3.6373785558671763,8.478048195665096,16.004217034367663,-0.4632659925903859,-15.362660581530577,36.65772926883013,40.25155465145854,37.938227590165766,14.0,2.3934012129205575,35.0,-100,1.0,0.0,1.0,1.0,1.0,1.0,1.0,0.0,0.0,0.0
2026-06-05 15:53:32,2.4021517142232356,5.759243852896846,4.238315600979033,3.3457070628521786,11.492870484460145,19.573579987253964,2.6829268040005614,-16.829156933674803,36.71238942513234,40.166746092801695,38.074009011911016,14.0,2.3934012129205575,35.0,-100,1.0,0.0,1.0,1.0,1.0,1.0,1.0,0.0,0.0,0.0
2026-06-05 15:53:33,4.128931553679059,5.359179475808393,5.946334517800563,-0.208360153360855,6.417959597054709,18.791529279880884,4.156968636439062,-16.848635345213697,36.42010779196543,40.32757009331429,37.765791337801105,14.0,2.3934012129205575,35.0,-100,1.0,0.0,1.0,1.0,1.0,1.0,1.0,0.0,0.0,0.0
2026-06-05 15:53:34,5.182881307093848,6.011420734635584,9.315077030468194,-1.0205444211761172,5.770539116614553,16.716943136033915,4.196545390760334,-15.440225416211216,36.514139126738854,40.145154634436125,38.036901282198265,14.0,2.3934012129205575,35.0,-100,1.0,0.0,1.0,1.0,1.0,1.0,1.0,0.0,0.0,0.0
2026-06-05 15:53:35,2.3992179998297596,6.294876974512187,5.6809701873461975,-1.4556055862322141,9.059634140725398,16.106237004648683,-0.5527295751072443,-15.13119769601803,36.8267132403031,40.22042850504096,37.82562348092614,14.0,2.3934012129205575,35.0,-100,1.0,0.0,1.0,1.0,1.0,1.0,1.0,0.0,0.0,0.0
2026-06-05 15:53:37,2.307915979970388,6.733709174806277,4.952274639598524,-0.36925617521575127,10.203251310900516,19.370786814439754,-1.758391584936117,-16.956904829810604,36.42788883019911,40.110333489108164,37.89310700626053,14.0,2.3934012129205575,35.0,-100,1.0,0.0,1.0,1.0,1.0,1.0,1.0,0.0,0.0,0.0
2026-06-05 15:53:38,5.148052367327933,7.58039014984533,6.468268419466216,3.058601281103284,10.030938476131833,19.541061818451222,-1.4508257369287616,-16.043284797222213,36.465996674220705,40.19051705433525,38.038436170943584,14.0,2.3934012129205575,35.0,-100,1.0,0.0,1.0,1.0,1.0,1.0,1.0,0.0,0.0,0.0
2026-06-05 15:53:39,4.769994636961777,8.170186838815862,5.229411438387232,3.540684247456049,10.832918348881723,17.897711532252536,2.2181955096325607,-13.425092673739439,36.5516061621783,40.40305489743834,37.888710120149916,14.0,2.3934012129205575,35.0,-100,1.0,0.0,1.0,1.0,1.0,1.0,1.0,0.0,0.0,0.0
2026-06-05 15:53:40,1.075633257039198,6.944764938590469,7.931575620882676,0.18832359318970315,10.976302789454031,19.54794462056209,0.15562636705038857,-18.277055057138657,36.59104082045811,40.193239550763366,37.88764896823327,14.0,2.3934012129205575,35.0,-100,1.0,0.0,1.0,1.0,1.0,1.0,1.0,0.0,0.0,0.0
2026-06-05 15:53:42,2.630091717224079,8.297828362262031,9.437999614813037,-1.7980756716650488,9.238668459767723,20.466206140058606,-1.1027267044123663,-18.36532470815868,36.535893454149104,40.40238948333039,38.02250580506368,14.0,2.3934012129205575,35.0,-100,1.0,0.0,1.0,1.0,1.0,1.0,1.0,0.0,0.0,0.0
2026-06-05 15:53:43,1.3124796513543182,8.886188605287492,5.708879430360062,0.23630161519081483,11.55453886363355,18.14173846542961,3.3278231579590942,-17.877773870936448,36.693024620469984,40.43846974727155,38.24294584882935,14.0,2.3934012129205575,35.0,-100,1.0,0.0,1.0,1.0,1.0,1.0,1.0,0.0,0.0,0.0
2026-06-05 15:53:44,5.22554698357468,7.46044539838405,4.203205586122021,-0.17445674683327406,9.072555825711412,20.71102416037888,-1.1181479370547285,-18.261606867990793,36.557165721232224,40.073278782822,37.758927029019425,14.0,2.3934012129205575,35.0,-100,1.0,0.0,1.0,1.0,1.0,1.0,1.0,0.0,0.0,0.0
2026-06-05 15:53:46,4.575944393841355,9.331218543516364,6.301482290916953,-0.08845416053319144,10.187898765541416,17.073075756219033,0.2915025284110415,-13.211724562264695,36.833737567448274,40.48900176742465,37.73732642365412,14.0,2.3934012129205575,35.0,-100,1.0,0.0,1.0,1.0,1.0,1.0,1.0,0.0,0.0,0.0
2026-06-05 15:53:47,1.9457004154132727,9.91206990085806,5.565591681469383,-1.0234033034711452,8.346002149007468,17.871796199581617,1.7243013845572315,-17.94994522322257,36.70475238944141,40.41405614873116,38.11222829518082,14.0,2.3934012129205575,35.0,-100,1.0,0.0,1.0,1.0,1.0,1.0,1.0,0.0,0.0,0.0
2026-06-05 15:53:48,3.7224542933712508,7.246457768109189,4.732610178150466,0.11165133878920841,8.810396068423902,21.064055247691172,1.4995640416300366,-17.806620990361793,36.71054813286346,40.21302925737722,37.95256518320045,14.0,2.3934012129205575,35.0,-100,1.0,0.0,1.0,1.0,1.0,1.0,1.0,0.0,0.0,0.0
2026-06-05 15:53:50,3.2959496748120936,8.863957552620011,5.983800976854395,-1.0886452447126551,7.8793243042508445,16.4701822306342,1.5597685936705776,-16.421366428843104,36.60930510831862,40.19870549570777,38.251506618892904,14.0,2.3934012129205575,35.0,-100,1.0,0.0,1.0,1.0,1.0,1.0,1.0,0.0,0.0,0.0
2026-06-05 15:53:51,1.9659353370352788,4.6643252998150935,9.374509971480347,0.3256818888769235,8.320084637288833,16.701474374115115,1.2357723459433023,-18.040885494674328,36.44173407563792,40.099831191830376,38.27829151864219,14.0,2.3934012129205575,35.0,-100,1.0,0.0,1.0,1.0,1.0,1.0,1.0,0.0,0.0,0.0
2026-06-05 15:53:52,3.08969969241854,6.359489002617987,4.275326661619612,3.6713745282538035,8.880319520444337,17.34105575346848,3.14117011432947,-13.017858608624024,36.53184451290144,40.30772503950408,37.77736474364049,14.0,2.3934012129205575,35.0,-100,1.0,0.0,1.0,1.0,1.0,1.0,1.0,0.0,0.0,0.0
2026-06-05 15:53:54,1.3544009237679455,8.426482710007786,4.080143918838394,0.9990240351879294,11.509548053981348,20.012050342892415,-0.03436697536771871,-14.928264530076468,36.432418678496624,40.0612676040782,38.103776320525206,14.0,2.3934012129205575,35.0,-100,1.0,0.0,1.0,1.0,1.0,1.0,1.0,0.0,0.0,0.0
2026-06-05 15:53:55,5.208041277377208,6.603311752311809,6.8751498767904735,0.6459203532664834,8.016034744463202,20.174824767899366,-0.8180585008179966,-14.039140326605283,36.76821764685152,40.07116920427088,37.91158307947015,14.0,2.3934012129205575,35.0,-100,1.0,0.0,1.0,1.0,1.0,1.0,1.0,0.0,0.0,0.0
2026-06-05 15:53:56,4.941018730989859,8.401637437901805,9.433535862066513,-0.09520739307613169,7.1382901624183575,18.55620940284693,-0.7728232336581753,-16.422289426991526,36.734177545017175,40.41874118901929,37.79612836509958,14.0,2.3934012129205575,35.0,-100,1.0,0.0,1.0,1.0,1.0,1.0,1.0,0.0,0.0,0.0
2026-06-05 15:53:57,4.593879622997954,10.384298060167923,5.61050928122145,3.8092259812175637,8.109572229680877,15.379352638317897,-1.5168023284995593,-12.545614862936478,36.441054730053224,40.19366840621904,37.741831608247075,14.0,2.3934012129205575,35.0,-100,1.0,0.0,1.0,1.0,1.0,1.0,1.0,0.0,0.0,0.0
2026-06-05 15:53:59,0.3632514465082881,7.865622639533344,6.142814525469806,-0.8395035248937819,6.508061177664839,18.861324158414117,2.0243793728397534,-16.080110558145734,36.40878573960877,40.117727120406535,37.969885716658894,14.0,2.3934012129205575,35.0,-100,1.0,0.0,1.0,1.0,1.0,1.0,1.0,0.0,0.0,0.0
2026-06-05 15:54:00,0.28652095255191856,8.769998707439576,7.030739343727957,-0.6079216391914226,6.961188880050039,19.367836640624848,-1.1101768911087087,-17.401583659644114,36.74278695598792,40.50483539969297,37.76346439774195,14.0,2.3934012129205575,35.0,-100,1.0,0.0,1.0,1.0,1.0,1.0,1.0,0.0,0.0,0.0
2026-06-05 15:54:01,3.9540821865053326,5.358142851222658,5.196108159473186,1.0994328090159575,10.151197181017267,16.3806023819783,-0.28344360194803087,-15.620567548294366,36.516542532559995,40.3452381857843,37.93302422310754,14.0,2.3934012129205575,35.0,-100,1.0,0.0,1.0,1.0,1.0,1.0,1.0,0.0,0.0,0.0
2026-06-05 15:54:02,2.887777364801642,5.6931606246252935,7.602395936132615,3.4001175499218528,9.965094788061924,21.235597298740203,-0.9261073431379838,-18.067795593999605,36.785201083818166,40.08558630133822,37.953700665664414,14.0,2.3934012129205575,35.0,-100,1.0,0.0,1.0,1.0,1.0,1.0,1.0,0.0,0.0,0.0
2026-06-05 15:54:04,4.547436041934685,5.417934131355807,4.385104839399161,0.3041995712675907,11.198331614316668,20.11940776909974,2.118718796513126,-17.331873802654563,36.70225565485069,40.17012919882496,38.08049645566074,14.0,2.3934012129205575,35.0,-100,1.0,0.0,1.0,1.0,1.0,1.0,1.0,0.0,0.0,0.0
2026-06-05 15:54:05,1.429325297273214,4.977944449670442,7.712491177444214,1.554044590244354,8.122999143190109,17.165651656315248,-1.0621299774077904,-13.831278833188565,36.552876669606725,40.451374209477464,38.16540193722525,14.0,2.3934012129205575,35.0,-100,1.0,0.0,1.0,1.0,1.0,1.0,1.0,0.0,0.0,0.0
2026-06-05 15:54:06,3.514334888301595,8.012600939767633,9.827228324064805,4.023355951503472,8.326249227797852,20.185153518326658,2.9584434938260475,-14.108107535860656,36.87295251716538,40.45608449507532,37.97709077599864,14.0,2.3934012129205575,35.0,-100,1.0,0.0,1.0,1.0,1.0,1.0,1.0,0.0,0.0,0.0
2026-06-05 15:54:07,0.8348077907480533,8.988677456289246,6.763942768769089,-1.4374596005755231,8.690548334914087,15.539196352989096,3.06120791187434,-16.853699674795624,36.85764723543633,39.97171539841539,38.147524646966716,14.0,2.3934012129205575,35.0,-100,1.0,0.0,1.0,1.0,1.0,1.0,1.0,0.0,0.0,0.0
2026-06-05 15:54:09,4.757259670803345,5.030238457702297,8.906293181860573,-1.3959161890546081,8.101998900542034,20.457628009556014,-1.2884755797010277,-16.224672618151025,36.57953968135633,40.39916166705782,37.79275107653915,14.0,2.3934012129205575,35.0,-100,1.0,0.0,1.0,1.0,1.0,1.0,1.0,0.0,0.0,0.0
2026-06-05 15:54:10,-0.04641903258465341,5.1258137843071125,4.720690786559674,2.2365113410380904,8.458022966423124,21.199569119481623,-1.0725737133453386,-17.742280277150478,36.53480727200314,40.17753989014235,37.858862649298466,14.0,2.3934012129205575,35.0,-100,1.0,0.0,1.0,1.0,1.0,1.0,1.0,0.0,0.0,0.0
2026-06-05 15:54:11,3.14090379807885,5.7328413206251305,5.226364430330487,1.2786051743935238,8.973082116834254,15.544165404551883,0.5156342750577525,-17.094364057429562,36.72582304776593,40.38561743625701,38.14055186357101,14.0,2.3934012129205575,35.0,-100,1.0,0.0,1.0,1.0,1.0,1.0,1.0,0.0,0.0,0.0
2026-06-05 15:54:13,0.7031817961276046,10.185627267509817,5.381857125618445,-0.3391676501541747,7.3433989540665845,16.368892787624265,3.1162980216911382,-15.38186305233932,36.427825766621964,40.31542545333797,37.84348999106314,14.0,2.3934012129205575,35.0,-100,1.0,0.0,1.0,1.0,1.0,1.0,1.0,0.0,0.0,0.0
2026-06-05 15:54:14,4.436239803468419,8.878291721613117,5.919456341230843,0.07930110488562647,6.589301002797428,18.616003799955102,-1.4997234161730586,-15.870421201246781,36.59929877307811,40.12084318070467,38.04105373149981,14.0,2.3934012129205575,35.0,-100,1.0,0.0,1.0,1.0,1.0,1.0,1.0,0.0,0.0,0.0
2026-06-05 15:54:15,5.39568856438946,9.267880134505603,8.398005488902191,-0.9104609346683137,10.23979476860929,19.313759578389487,1.9360354926613441,-17.8014634348876,36.966976747609586,40.24700990301548,38.21944412977143,14.0,2.3934012129205575,35.0,-100,1.0,0.0,1.0,1.0,1.0,1.0,1.0,0.0,0.0,0.0
2026-06-05 15:54:17,5.325101352460778,6.4338980281766185,9.713078152737772,3.143552896650035,11.205780583337717,21.15506856960265,1.1276281834554123,-16.334625264296214,36.6740983517291,39.97144563183947,37.79997117982671,14.0,2.3934012129205575,35.0,-100,1.0,0.0,1.0,1.0,1.0,1.0,1.0,0.0,0.0,0.0
2026-06-05 15:54:18,-0.006187541722352918,8.82647852685756,5.4729686115652125,-1.8998122151010155,7.013858860896526,19.5401075550116,0.2440038866835108,-16.228162924028652,36.84510212450784,40.506971578253896,38.25533487081454,14.0,2.3934012129205575,35.0,-100,1.0,0.0,1.0,1.0,1.0,1.0,1.0,0.0,0.0,0.0
2026-06-05 15:54:19,1.354103629546107,5.2613342422762,7.203992782881284,1.7192910342950252,6.774791742497768,18.693070453621704,3.124829774479002,-18.412605658472064,36.877541294294865,40.094091690376054,38.18970288614686,14.0,2.3934012129205575,35.0,-100,1.0,0.0,1.0,1.0,1.0,1.0,1.0,0.0,0.0,0.0
2026-06-05 15:54:20,4.481583777532259,6.708965751366085,9.683787868030027,0.34141248127148405,8.939053432039406,18.870596628261154,3.468675475226876,-12.52578935416344,36.44851130981118,40.18366555726748,37.75380385199562,14.0,2.3934012129205575,35.0,-100,1.0,0.0,1.0,1.0,1.0,1.0,1.0,0.0,0.0,0.0
2026-06-05 15:54:21,1.2620421601198768,8.632364370080778,4.977010987287462,1.7982376286688497,9.29475665881435,15.806176113752276,1.5564030645305502,-16.461162482614863,36.80053597237182,40.3308107226381,37.95590239092126,14.0,2.3934012129205575,35.0,-100,1.0,0.0,1.0,1.0,1.0,1.0,1.0,0.0,0.0,0.0
2026-06-05 15:54:22,2.746820385763339,8.69348234089024,9.83322979653907,0.11000728669437487,8.025519968014592,19.279158846259556,3.873492261530453,-15.225863730197691,36.74918039873254,39.934005473091915,38.0150852965781,14.0,2.3934012129205575,35.0,-100,1.0,0.0,1.0,1.0,1.0,1.0,1.0,0.0,0.0,0.0
2026-06-05 15:54:24,4.30701925254875,6.3831177342262295,6.17282152144447,0.4250468708214248,10.390971256758663,18.036672307637474,3.4171794982473136,-14.135012463979088,36.880720004710525,40.049594163966695,37.922309146924945,14.0,2.3934012129205575,35.0,-100,1.0,0.0,1.0,1.0,1.0,1.0,1.0,0.0,0.0,0.0
2026-06-05 15:54:25,1.3778743973683207,6.831364886146551,5.2040272285568685,3.9436345045014596,6.288230045788746,17.964188757823152,0.5898161797964434,-17.93973804711835,36.99898615393839,39.99732625974955,37.9138813488549,14.0,2.3934012129205575,35.0,-100,1.0,0.0,1.0,1.0,1.0,1.0,1.0,0.0,0.0,0.0
2026-06-05 15:54:26,5.130418574111059,8.213775125612756,5.187487384045079,2.980554123103005,6.78851852657886,20.2901696318965,0.8594176488512111,-14.28094683795221,36.83493828762855,40.189388477108295,38.267830555511544,14.0,2.3934012129205575,35.0,-100,1.0,0.0,1.0,1.0,1.0,1.0,1.0,0.0,0.0,0.0
2026-06-05 15:54:28,5.561007899190009,6.708142102055817,7.721297019542978,1.0752722397701513,8.355744836532615,17.59691123769001,-0.5440776397991758,-13.010835838670813,36.78743076555076,40.13000696717481,38.232719445281674,14.0,2.3934012129205575,35.0,-100,1.0,0.0,1.0,1.0,1.0,1.0,1.0,0.0,0.0,0.0
2026-06-05 15:54:29,2.5434549197270613,7.562367732069014,9.693212740737657,0.3992878715871315,8.842769367118743,18.825917016723924,2.739438982503742,-15.037418770663129,36.69297974115846,40.08131255272513,37.92689131192839,14.0,2.3934012129205575,35.0,-100,1.0,0.0,1.0,1.0,1.0,1.0,1.0,0.0,0.0,0.0
2026-06-05 15:54:30,3.2965474012820115,6.664248654354452,6.855313708040144,1.8027196912109136,6.986825679686728,20.941884708665604,3.318882667215779,-14.08359520673427,36.59494617776039,40.16764878329866,37.856864986266224,14.0,2.3934012129205575,35.0,-100,1.0,0.0,1.0,1.0,1.0,1.0,1.0,0.0,0.0,0.0
2026-06-05 15:54:31,0.54136524423709,8.172243481965918,9.224316671363784,-0.10622859998046175,8.532578070579618,19.314320213598187,-0.664723266789677,-15.242604611730338,36.82670660362242,40.362078337970225,37.84394122792589,14.0,2.3934012129205575,35.0,-100,1.0,0.0,1.0,1.0,1.0,1.0,1.0,0.0,0.0,0.0
2026-06-05 15:54:33,3.3719223747038667,6.844137034214971,7.683697662768671,-0.7672911410273042,7.3055258872158735,18.8882862165704,2.7581260840258928,-16.73681789626832,36.72024340269699,40.462112760685514,38.036968958652835,14.0,2.3934012129205575,35.0,-100,1.0,0.0,1.0,1.0,1.0,1.0,1.0,0.0,0.0,0.0
2026-06-05 15:54:34,0.8500349910364833,4.627779951790007,7.137077949275983,0.7749065451373078,10.109355718229992,18.59674521141726,-0.9527349294895968,-18.041151993730313,36.77419754238704,40.335228163302986,37.999299221673574,14.0,2.3934012129205575,35.0,-100,1.0,0.0,1.0,1.0,1.0,1.0,1.0,0.0,0.0,0.0
2026-06-05 15:54:36,2.199246777693223,9.298807214902007,8.283132869621493,0.05080210567783494,6.316463616248271,16.30046078084865,-1.7642334382410052,-16.929375869740102,36.755168391803345,40.16906233338806,37.84725278232213,14.0,2.3934012129205575,35.0,-100,1.0,0.0,1.0,1.0,1.0,1.0,1.0,0.0,0.0,0.0
2026-06-05 15:54:37,1.4706401324314806,6.037373366134525,8.16329344840802,-0.3907072500437492,7.758408348433472,16.439456360648467,3.9917383448240535,-15.616744056103535,36.85582040102774,40.34488683767276,38.20862336781926,14.0,2.3934012129205575,35.0,-100,1.0,0.0,1.0,1.0,1.0,1.0,1.0,0.0,0.0,0.0
2026-06-05 15:54:38,4.582874082935804,6.885842200189108,5.847352212981353,-0.5977908393136508,6.574135411105882,20.910061127674943,0.9656720947516728,-17.04374879276109,36.67145226664682,40.412384735983856,37.70059396703351,14.0,2.3934012129205575,35.0,-100,1.0,0.0,1.0,1.0,1.0,1.0,1.0,0.0,0.0,0.0
2026-06-05 15:54:40,3.1230620964157536,6.143846079648802,6.511379138076558,2.5365347148236905,10.7080301803664,16.916106998668,3.187782541774115,-13.385547699120202,36.46554536412155,40.12148341977326,37.9944363975728,14.0,2.3934012129205575,35.0,-100,1.0,0.0,1.0,1.0,1.0,1.0,1.0,0.0,0.0,0.0
2026-06-05 15:54:41,3.545836784858932,9.573752346401406,9.50003665497367,-0.0643626062490108,11.490837076307322,16.919718509356198,0.6773320985678803,-15.418182466904906,36.40664551769549,39.925900638651115,37.71657759820966,14.0,2.3934012129205575,35.0,-100,1.0,0.0,1.0,1.0,1.0,1.0,1.0,0.0,0.0,0.0
2026-06-05 15:54:42,4.566732667682393,6.191386922435061,8.95431676685394,1.5508017480825407,10.86487620520305,17.747989543872936,1.4720387079412145,-14.84688246597252,36.68902630290836,39.97718488975372,37.85265397594329,14.0,2.3934012129205575,35.0,-100,1.0,0.0,1.0,1.0,1.0,1.0,1.0,0.0,0.0,0.0
2026-06-05 15:54:44,0.04200631233122243,4.589006139844249,5.4678044042742835,0.5464996958032247,10.662765618083489,20.99611474289149,-1.6843246481383511,-16.89275560498364,36.87457702136245,40.51800214399696,37.72491989839077,14.0,2.3934012129205575,35.0,-100,1.0,0.0,1.0,1.0,1.0,1.0,1.0,0.0,0.0,0.0
2026-06-05 15:54:45,5.2933063979760195,7.952820314340183,9.400457030821663,-0.06711040872535978,8.397947418024245,17.24106150074272,-0.5398668526546766,-12.62821968912323,36.405035683990675,40.131081683006975,37.78989317560475,14.0,2.3934012129205575,35.0,-100,1.0,0.0,1.0,1.0,1.0,1.0,1.0,0.0,0.0,0.0
2026-06-05 15:54:46,0.6786761963320904,6.723580837213246,9.868503897974314,2.4576986535032477,8.277609933860086,18.88725543101284,2.0380169937726818,-13.932645461339897,36.76753537163193,40.36047336140944,37.84905055892433,14.0,2.3934012129205575,35.0,-100,1.0,0.0,1.0,1.0,1.0,1.0,1.0,0.0,0.0,0.0
2026-06-05 15:54:47,4.886019822644807,5.728155200939119,7.292862072535097,1.3468972205759489,10.797047137345295,16.48599967223494,3.824368675135662,-13.88757921271171,36.534409020493776,40.42261467352245,37.704733291667985,14.0,2.3934012129205575,35.0,-100,1.0,0.0,1.0,1.0,1.0,1.0,1.0,0.0,0.0,0.0
2026-06-05 15:54:49,3.441219119185537,5.624291880033549,4.652094274815967,0.7175905419716235,7.798770691810214,19.918247738939073,0.34261254987238665,-14.575410294095061,36.42074225611549,40.04301557080461,37.92655278863379,14.0,2.3934012129205575,35.0,-100,1.0,0.0,1.0,1.0,1.0,1.0,1.0,0.0,0.0,0.0
2026-06-05 15:54:50,2.1849928209922114,7.35064006642486,7.835148596792442,-1.852059782084658,8.953905987345724,16.984846221951045,0.427612562548942,-18.473770148422496,36.58795594966098,40.0657093552003,37.91620406198963,14.0,2.3934012129205575,35.0,-100,1.0,0.0,1.0,1.0,1.0,1.0,1.0,0.0,0.0,0.0
2026-06-05 15:54:51,4.7229127369680235,8.280340173973341,5.500427955878397,-0.745205648238146,9.235183215733226,20.078593474673518,-1.7192664174885155,-16.44340707625588,36.51421003867289,40.28552264932656,37.85418012244956,14.0,2.3934012129205575,35.0,-100,1.0,0.0,1.0,1.0,1.0,1.0,1.0,0.0,0.0,0.0
2026-06-05 15:54:53,4.829856861845008,4.712701410788782,5.222598661109245,-1.6134818711777004,9.825789107116421,18.76466551879341,2.9390624961785132,-15.59107216830179,36.60252345743555,40.11878689648859,37.79398145358038,14.0,2.3934012129205575,35.0,-100,1.0,0.0,1.0,1.0,1.0,1.0,1.0,0.0,0.0,0.0
2026-06-05 15:54:54,3.0884172226592477,9.855503612294562,9.505975044412718,-0.3810579320564276,11.394925290554815,15.342655373754928,4.084901469941395,-18.268222703509515,36.44790520826025,40.283324132208826,37.70269675248964,14.0,2.3934012129205575,35.0,-100,1.0,0.0,1.0,1.0,1.0,1.0,1.0,0.0,0.0,0.0
2026-06-05 15:54:55,3.4767141777709853,8.433826192345254,7.6142612102554965,3.1722722760913875,7.888333836018044,16.411494080197603,-0.9506236065422442,-13.399981676072464,36.95106738098561,40.4472825017073,38.212466852739155,14.0,2.3934012129205575,35.0,-100,1.0,0.0,1.0,1.0,1.0,1.0,1.0,0.0,0.0,0.0
2026-06-05 15:54:57,1.0942486991874647,6.8247036810439505,6.941524353930973,1.398646665177278,6.03595752940565,21.295614169982535,3.2917960973290494,-14.023123400115598,36.59285813919864,40.15545768864925,38.27373276640716,14.0,2.3934012129205575,35.0,-100,1.0,0.0,1.0,1.0,1.0,1.0,1.0,0.0,0.0,0.0
2026-06-05 15:54:58,2.36209327122934,7.532680356584203,9.27804831908518,2.424632158206747,6.300636686570064,20.083836400355786,3.5043859996328486,-14.351957470525825,36.84075383807866,40.14404017479197,37.90849115487349,14.0,2.3934012129205575,35.0,-100,1.0,0.0,1.0,1.0,1.0,1.0,1.0,0.0,0.0,0.0
2026-06-05 15:54:59,4.258281894013467,8.907246914422657,7.648559681355725,2.11083850104313,6.765049761694319,19.137748508570873,1.3108760443865233,-16.842156377650703,36.71375618009919,40.05502567616161,38.186019083408205,14.0,2.3934012129205575,35.0,-100,1.0,0.0,1.0,1.0,1.0,1.0,1.0,0.0,0.0,0.0
2026-06-05 15:55:00,1.4946482001044423,8.58186079844792,7.711775688992861,-0.9103085293325115,7.01861140802003,20.079262268978,3.445651711874577,-16.965739042886362,36.77485453810493,40.18094939826095,37.7405954664758,14.0,2.3934012129205575,35.0,-100,1.0,0.0,1.0,1.0,1.0,1.0,1.0,0.0,0.0,0.0
2026-06-05 15:55:01,0.817440668862401,9.15706255998245,4.30151852160131,2.459102541527045,6.293355136278059,15.603929297080676,-1.3809798775993283,-15.882239492602,36.842449959387174,40.339899130711544,38.26070838848091,14.0,2.3934012129205575,35.0,-100,1.0,0.0,1.0,1.0,1.0,1.0,1.0,0.0,0.0,0.0
2026-06-05 15:55:02,4.519104468431194,5.94055040743526,9.66951113269516,-1.1843809244114936,10.291957367941023,18.895948455483325,1.7880902428087477,-13.105761414150399,36.71420252996916,40.157524516897496,37.860562866572465,14.0,2.3934012129205575,35.0,-100,1.0,0.0,1.0,1.0,1.0,1.0,1.0,0.0,0.0,0.0
2026-06-05 15:55:04,2.2101280017737936,8.701255452273594,6.658172680137959,-1.7171988680929724,11.473755701127292,17.252046806641236,0.689255534616465,-16.802373650275054,36.41766298908423,40.269935592969034,38.027760991862536,14.0,2.3934012129205575,35.0,-100,1.0,0.0,1.0,1.0,1.0,1.0,1.0,0.0,0.0,0.0
2026-06-05 15:55:05,1.2348460491323405,9.9780258213113,6.76853458564177,1.5517437022706084,7.205469075741117,20.458781825956766,2.3495788275471066,-16.237034069495095,36.9220860293072,40.42401219650596,38.11066641783156,14.0,2.3934012129205575,35.0,-100,1.0,0.0,1.0,1.0,1.0,1.0,1.0,0.0,0.0,0.0
2026-06-05 15:55:06,5.15095644724207,5.696145608403658,7.172299106811085,-1.164839367429968,6.720197708076466,19.33282671989317,3.3141900267556252,-16.638526444518913,36.5726555672009,40.37693517831292,38.25140902558753,14.0,2.3934012129205575,35.0,-100,1.0,0.0,1.0,1.0,1.0,1.0,1.0,0.0,0.0,0.0
2026-06-05 15:55:08,2.165127731982894,4.621977482212735,9.098755182831777,0.4132463896785734,6.631368141029534,19.04031830871471,3.240651228025844,-17.716386660061943,36.41471848106411,39.9981217936104,37.87750888519588,14.0,2.3934012129205575,35.0,-100,1.0,0.0,1.0,1.0,1.0,1.0,1.0,0.0,0.0,0.0
2026-06-05 15:55:09,4.71845164292184,8.450010976627368,5.2712463294060266,-0.7847232390099281,9.674035448195927,16.175960234639113,-0.7548277293385641,-17.591360658864218,36.56282968951814,40.32300215041483,38.01722867902574,14.0,2.3934012129205575,35.0,-100,1.0,0.0,1.0,1.0,1.0,1.0,1.0,0.0,0.0,0.0
2026-06-05 15:55:10,5.246703639402713,8.99222096908149,9.517462499055686,3.593726955961232,9.116049158385273,20.38650157274066,-1.407737453621551,-13.467740972894317,36.91858763725995,40.368239416850116,38.20064793498861,14.0,2.3934012129205575,35.0,-100,1.0,0.0,1.0,1.0,1.0,1.0,1.0,0.0,0.0,0.0
2026-06-05 15:55:11,0.8531562501070962,5.768632528536589,9.682986158853982,-1.8751831389978957,11.508522039790584,17.82564024625469,2.557633727743866,-17.72041923923754,36.821400098895346,40.198382217591224,37.99913351692185,14.0,2.3934012129205575,35.0,-100,1.0,0.0,1.0,1.0,1.0,1.0,1.0,0.0,0.0,0.0
2026-06-05 15:55:13,2.1497106355223625,10.241095988223464,5.368608446175001,-0.769003117620749,6.7559204569709195,21.179481185610342,3.246060671607255,-17.228730611408206,36.56392483615171,40.149944287685095,38.11775878058378,14.0,2.3934012129205575,35.0,-100,1.0,0.0,1.0,1.0,1.0,1.0,1.0,0.0,0.0,0.0
2026-06-05 15:55:14,1.1704718760582502,5.184797966191992,4.577119547715739,0.8956684140408777,9.775784907239288,18.875371331003482,2.387553911006746,-12.6969242253332,36.43035093492503,40.23217944174925,38.279073205449976,14.0,2.3934012129205575,35.0,-100,1.0,0.0,1.0,1.0,1.0,1.0,1.0,0.0,0.0,0.0
2026-06-05 15:55:16,-0.010121471132392479,9.31801635859846,9.350906108018123,-0.8796189387114937,8.453685425155122,18.24127522262183,-1.5695333787293082,-18.447624307812404,36.60445308581032,40.361182313968364,37.91942058752914,14.0,2.3934012129205575,35.0,-100,1.0,0.0,1.0,1.0,1.0,1.0,1.0,0.0,0.0,0.0
2026-06-05 15:55:17,3.4873418517541275,5.7267015931344725,6.806207781334143,3.0301559465192343,10.07604660446496,19.742739570377577,-0.8736536924729865,-12.57011931794208,36.46783078252109,39.97379703963074,38.232996389673964,14.0,2.3934012129205575,35.0,-100,1.0,0.0,1.0,1.0,1.0,1.0,1.0,0.0,0.0,0.0
2026-06-05 15:55:18,2.2899915834074225,8.989704874381902,9.857177320560504,0.9780503970614913,7.547845112473138,17.09420838999765,3.4656865249756494,-16.42057352764845,36.50468536627427,40.29565847918458,37.96723394726913,14.0,2.3934012129205575,35.0,-100,1.0,0.0,1.0,1.0,1.0,1.0,1.0,0.0,0.0,0.0
2026-06-05 15:55:19,-0.09484522251118577,6.900769552682895,5.134674213398151,3.421070604768035,10.82851041638295,15.751594990209876,2.0789383143364057,-13.013038650023244,36.52122634077027,40.19324620730479,37.783160287982334,14.0,2.3934012129205575,35.0,-100,1.0,0.0,1.0,1.0,1.0,1.0,1.0,0.0,0.0,0.0
2026-06-05 15:55:20,2.024802162379884,6.588145239685097,4.101795350097957,2.847740069397677,5.84223955805423,16.739777483489714,-0.23009009260876123,-12.992716404169437,36.91593796172063,40.31148716636797,37.916465419442105,14.0,2.3934012129205575,35.0,-100,1.0,0.0,1.0,1.0,1.0,1.0,1.0,0.0,0.0,0.0
2026-06-05 15:55:21,0.9634298878115242,9.96055194791872,7.211798381560738,2.8320175154078466,8.210606534149456,18.01886281393071,3.994478698936841,-14.450844038495656,36.84911891617132,40.467212542917544,37.80955024737479,14.0,2.3934012129205575,35.0,-100,1.0,0.0,1.0,1.0,1.0,1.0,1.0,0.0,0.0,0.0
2026-06-05 15:55:23,4.5583783596460155,7.168949496848835,7.528306037575254,-1.5292450037730392,10.834872293100545,19.75986405653104,2.379420599434658,-16.828978087910393,36.41433736580753,40.37336770589006,37.78605200421645,14.0,2.3934012129205575,35.0,-100,1.0,0.0,1.0,1.0,1.0,1.0,1.0,0.0,0.0,0.0
2026-06-05 15:55:24,3.3474548293340614,6.575384191048658,5.168710920929706,1.7570482583209337,9.69248731614832,21.124110723707044,4.0573956333291115,-14.174401650579439,36.6873482794366,40.30792160526865,38.13205966012175,14.0,2.3934012129205575,35.0,-100,1.0,0.0,1.0,1.0,1.0,1.0,1.0,0.0,0.0,0.0
2026-06-05 15:55:25,0.9526563791956377,4.927686810693498,9.965655453835756,1.1059873719608557,10.664865245557975,18.005202098583826,3.1898228449154287,-17.83280606796918,36.73510472548545,40.00699751908106,38.06289924289084,14.0,2.3934012129205575,35.0,-100,1.0,0.0,1.0,1.0,1.0,1.0,1.0,0.0,0.0,0.0
2026-06-05 15:55:27,4.181471799534383,4.987407018710333,5.879026372230136,2.300130162765618,11.540800104677988,20.634094565510267,-1.2208526618907203,-14.053050973802883,36.560760283127486,40.21894395090045,38.14585132277133,14.0,2.3934012129205575,35.0,-100,1.0,0.0,1.0,1.0,1.0,1.0,1.0,0.0,0.0,0.0
2026-06-05 15:55:28,3.372488797410159,5.710054531113904,9.563529459502211,4.016969154584841,6.846059275784237,17.132025591869997,1.3078400566576045,-15.765884670092548,36.9548608108306,40.250042230425194,38.09343627983954,14.0,2.3934012129205575,35.0,-100,1.0,0.0,1.0,1.0,1.0,1.0,1.0,0.0,0.0,0.0
2026-06-05 15:55:29,3.3197613762837825,4.914540045400843,9.291229987964504,0.6088968855047892,6.203043757001168,20.440036181576716,-0.7830701488359657,-18.184417477830035,36.94648059293717,40.07432538948317,38.21470416053492,14.0,2.3934012129205575,35.0,-100,1.0,0.0,1.0,1.0,1.0,1.0,1.0,0.0,0.0,0.0
2026-06-05 15:55:31,3.433673633246567,5.5420307739892065,7.868417137149822,-0.10168237302887495,9.821093495882884,16.12752552411707,-1.2349049755530195,-15.888418300746736,36.89243381874827,39.980744634324765,37.86049465055128,14.0,2.3934012129205575,35.0,-100,1.0,0.0,1.0,1.0,1.0,1.0,1.0,0.0,0.0,0.0
2026-06-05 15:55:32,4.996929607765163,4.614314145627429,7.427837169991529,0.35925687838574616,7.057958318338933,15.611157356059955,-0.2715104894600773,-14.924635839931629,36.603321387742845,40.20422371441218,37.921154781388374,14.0,2.3934012129205575,35.0,-100,1.0,0.0,1.0,1.0,1.0,1.0,1.0,0.0,0.0,0.0
2026-06-05 15:55:33,2.5216817409114096,8.93856271446094,7.913515725458749,-0.3518824684509003,7.309740753345314,21.04058971307716,-1.4742158649573507,-16.65538954496529,36.93120273872119,40.315428669754674,37.80292757403683,14.0,2.3934012129205575,35.0,-100,1.0,0.0,1.0,1.0,1.0,1.0,1.0,0.0,0.0,0.0
2026-06-05 15:55:35,5.4272904476983435,6.8908830630230735,6.537784511488461,4.043862398769039,10.139752065278357,15.769765212818509,-0.25059215767428755,-16.026651394489477,36.616684265711555,40.52361989082143,37.93664041595504,14.0,2.3934012129205575,35.0,-100,1.0,0.0,1.0,1.0,1.0,1.0,1.0,0.0,0.0,0.0
2026-06-05 15:55:36,0.1843797865502479,9.356929001505222,6.291231184002026,3.9079470534997123,7.7418911122713325,15.620916551464127,2.3717105715590296,-15.994658091311827,36.64848340781843,40.233368359529074,38.18933505713386,14.0,2.3934012129205575,35.0,-100,1.0,0.0,1.0,1.0,1.0,1.0,1.0,0.0,0.0,0.0
2026-06-05 15:55:37,5.27439373484293,6.589897815497484,8.32025924572752,-0.9760670817819705,9.11581545124368,19.22752649786186,2.304705374688556,-18.392055241099065,36.95625791106463,40.09576891921583,37.94146669735162,14.0,2.3934012129205575,35.0,-100,1.0,0.0,1.0,1.0,1.0,1.0,1.0,0.0,0.0,0.0
2026-06-05 15:55:38,3.6332048369632615,9.879967687514768,7.622408389888105,3.3026905549338323,9.422646266072586,16.7159823320633,-0.5770329072687783,-15.40249146689196,36.6543980272652,40.1409524320271,38.26730947879019,14.0,2.3934012129205575,35.0,-100,1.0,0.0,1.0,1.0,1.0,1.0,1.0,0.0,0.0,0.0
2026-06-05 15:55:39,1.574669328842159,5.213503740281394,6.385444966692008,-1.155072594096266,7.085944002086701,17.902910017294495,1.8028554786900424,-17.758955191777215,36.60587950511108,40.442353531237956,37.97476994715159,14.0,2.3934012129205575,35.0,-100,1.0,0.0,1.0,1.0,1.0,1.0,1.0,0.0,0.0,0.0
2026-06-05 15:55:40,3.8603653568195133,8.749623427003787,5.578212995270235,2.790737601815013,7.443342076302126,21.184309359111857,1.373591136776123,-16.045801142110346,36.40757697211031,40.29133941860831,37.945262651802835,14.0,2.3934012129205575,35.0,-100,1.0,0.0,1.0,1.0,1.0,1.0,1.0,0.0,0.0,0.0
2026-06-05 15:55:42,4.099538497136541,9.4936278914321,7.296184829877268,3.846911121623389,5.595207514243586,21.193864947459346,0.7263937072412965,-13.01186055040474,36.82457806239368,40.03527217471847,38.11238737988202,14.0,2.3934012129205575,35.0,-100,1.0,0.0,1.0,1.0,1.0,1.0,1.0,0.0,0.0,0.0
2026-06-05 15:55:43,1.7827047299849967,5.60466825362213,8.751727926145605,2.2634468600555717,6.482189473816752,19.693809306208216,0.057067852349590664,-15.919665212950623,36.69927152959801,40.342289303868256,38.100212067631816,14.0,2.3934012129205575,35.0,-100,1.0,0.0,1.0,1.0,1.0,1.0,1.0,0.0,0.0,0.0
2026-06-05 15:55:44,4.5233730140300255,9.934488261442208,7.175839906910241,3.3911617376603855,11.098766349908127,16.75433218731523,4.118511112088914,-16.456531387219496,36.855795290551924,40.21549431485034,38.115911420365926,14.0,2.3934012129205575,35.0,-100,1.0,0.0,1.0,1.0,1.0,1.0,1.0,0.0,0.0,0.0
2026-06-05 15:55:46,4.308558291950468,10.349281152523698,8.811627258396342,0.3633136634399805,6.7110650967927885,20.214712105484413,2.8929749471680584,-13.77834675370762,36.47446065517048,40.474454827092885,37.77583156883984,14.0,2.3934012129205575,35.0,-100,1.0,0.0,1.0,1.0,1.0,1.0,1.0,0.0,0.0,0.0
2026-06-05 15:55:47,0.14328231917485468,6.330850943398933,6.247630116016082,1.5237128310685941,7.538877356532447,16.12118518308494,-0.9184203699257423,-13.286349179170907,36.436500869239,40.517826135808065,38.19350985098528,14.0,2.3934012129205575,35.0,-100,1.0,0.0,1.0,1.0,1.0,1.0,1.0,0.0,0.0,0.0
2026-06-05 15:55:48,3.6063925060793465,6.142598559886731,8.486059418531966,1.6638683895452733,9.313190818162457,17.232123098066094,0.9078443527878601,-14.517765146864038,36.56838727661143,40.10112394027557,38.161264755290965,14.0,2.3934012129205575,35.0,-100,1.0,0.0,1.0,1.0,1.0,1.0,1.0,0.0,0.0,0.0
2026-06-05 15:55:49,3.2267278632435925,9.959345578693032,5.833648003389827,3.983218464360448,8.482820995709256,17.15413470608438,3.7752699794721813,-15.923279506742102,36.73191938544263,40.25257254181119,37.70106407168665,14.0,2.3934012129205575,35.0,-100,1.0,0.0,1.0,1.0,1.0,1.0,1.0,0.0,0.0,0.0
2026-06-05 15:55:50,5.570150964420023,9.808490991510434,5.345047283883788,3.634136151116791,10.285103823788756,16.677080191716495,-1.1820758955208746,-13.575567123284669,36.78047101757243,40.2989311230981,37.99993988917218,14.0,2.3934012129205575,35.0,-100,1.0,0.0,1.0,1.0,1.0,1.0,1.0,0.0,0.0,0.0
2026-06-05 15:55:52,1.453328551229306,10.396682971992515,9.705023718170917,-1.0016527179391939,8.144923546453633,21.196546499767464,1.5491393428391071,-16.747179067905453,36.677851547519744,39.95401627576109,38.07432211779918,14.0,2.3934012129205575,35.0,-100,1.0,0.0,1.0,1.0,1.0,1.0,1.0,0.0,0.0,0.0
2026-06-05 15:55:53,-0.11528587585028571,4.519868189440463,9.6093139607509,-0.539657086251923,9.995293319254312,16.01808602742211,3.3309782950529794,-12.881808657413272,36.789251477092485,40.12019109897208,37.82371838291653,14.0,2.3934012129205575,35.0,-100,1.0,0.0,1.0,1.0,1.0,1.0,1.0,0.0,0.0,0.0
2026-06-05 15:55:54,1.810103159677821,7.910221828772379,9.426092383311559,-0.10728753553476045,9.897243553287378,20.13330688315044,-0.2994556616923436,-12.766340473233605,36.43610725039386,39.9525069474472,37.782816772677215,14.0,2.3934012129205575,35.0,-100,1.0,0.0,1.0,1.0,1.0,1.0,1.0,0.0,0.0,0.0
2026-06-05 15:55:56,0.9322350396156616,7.4109248890905,5.4264327801617736,1.9784264089669796,7.18633678677783,15.624602729309597,2.5825371701974156,-16.688973195688185,36.45716961178283,40.36767642466367,37.99544022265639,14.0,2.3934012129205575,35.0,-100,1.0,0.0,1.0,1.0,1.0,1.0,1.0,0.0,0.0,0.0
2026-06-05 15:55:57,2.6245203331078675,6.426682457776547,7.729114314188161,-0.4895047128809904,7.424791321284256,18.537309294216048,0.8728474227086984,-14.044839967712601,36.68183952916502,40.501600524535114,37.88010158281438,14.0,2.3934012129205575,35.0,-100,1.0,0.0,1.0,1.0,1.0,1.0,1.0,0.0,0.0,0.0
2026-06-05 15:55:58,0.0461420362711813,5.537615691643126,5.533011387707003,-0.8487906381623962,10.187026192914054,15.816223479379737,1.849031848275458,-15.340047037601057,36.55479880430024,39.960069200751825,38.139463248964354,14.0,2.3934012129205575,35.0,-100,1.0,0.0,1.0,1.0,1.0,1.0,1.0,0.0,0.0,0.0
2026-06-05 15:55:59,5.702740648348229,9.677702102890072,5.540425016574293,2.1539850402454475,6.188045109656569,15.718228201974188,3.3244847291274375,-16.617408012483974,36.98963289053324,40.43249861141993,37.985369338600314,14.0,2.3934012129205575,35.0,-100,1.0,0.0,1.0,1.0,1.0,1.0,1.0,0.0,0.0,0.0
2026-06-05 15:56:01,1.4776276809769664,4.553771580850912,6.575537310994778,-1.2112826776263237,5.992608355940152,18.53238926375157,3.1097038904271654,-18.23738529928645,36.56685709072959,40.13972940229462,38.01990291569326,14.0,2.3934012129205575,35.0,-100,1.0,0.0,1.0,1.0,1.0,1.0,1.0,0.0,0.0,0.0
2026-06-05 15:56:02,3.5273045971098878,10.106785189248486,5.214702933593328,3.2128895391884047,8.943820392197175,19.74058400123083,1.99296982205151,-16.80253652641629,36.46122212363866,40.25066267938695,38.145470485311215,14.0,2.3934012129205575,35.0,-100,1.0,0.0,1.0,1.0,1.0,1.0,1.0,0.0,0.0,0.0
2026-06-05 15:56:03,4.931514144697288,6.605091903344917,4.598379397006889,3.4367519027053994,8.95763387023256,19.84803714581085,1.1965521420345322,-15.137293723920926,36.608101916587785,40.520173518490935,38.197920901171045,14.0,2.3934012129205575,35.0,-100,1.0,0.0,1.0,1.0,1.0,1.0,1.0,0.0,0.0,0.0
2026-06-05 15:56:04,1.1312083837362112,7.973532859705275,8.881552121519892,-0.1936623732154461,8.89173253775668,18.311423272769396,-1.1735055601512747,-18.103864977530247,36.6995414950022,40.461415886987815,37.83512065808301,14.0,2.3934012129205575,35.0,-100,1.0,0.0,1.0,1.0,1.0,1.0,1.0,0.0,0.0,0.0
2026-06-05 15:56:05,1.8822770937082351,7.258774956482068,7.812016850081778,-0.6442426469853644,10.048581155891355,15.829672554760599,0.6356524295384567,-15.818390085553336,36.47615160123044,40.13215287871455,38.11171684668751,14.0,2.3934012129205575,35.0,-100,1.0,0.0,1.0,1.0,1.0,1.0,1.0,0.0,0.0,0.0
2026-06-05 15:56:07,5.562874983021103,8.212600821692758,8.54714998170033,2.5283675385306736,7.796089448444956,15.67894800658306,4.22557032292923,-13.43427426782192,36.62323870507372,40.112359260908974,37.72231664351759,14.0,2.3934012129205575,35.0,-100,1.0,0.0,1.0,1.0,1.0,1.0,1.0,0.0,0.0,0.0
2026-06-05 15:56:08,4.142648112212329,7.16720825087066,7.236100603134034,-0.20820955644714756,6.821951971684098,17.88080131763644,0.44896912885115015,-12.96596343038749,36.57262012046589,40.0741103701765,37.716576537927786,14.0,2.3934012129205575,35.0,-100,1.0,0.0,1.0,1.0,1.0,1.0,1.0,0.0,0.0,0.0
2026-06-05 15:56:09,3.8508287736926965,9.241964542429937,4.27800875499133,1.5204142169562451,8.193322262377313,15.424067631724775,1.463996132893742,-13.353343868437692,36.96287882125645,40.25377842828421,37.94015732855372,14.0,2.3934012129205575,35.0,-100,1.0,0.0,1.0,1.0,1.0,1.0,1.0,0.0,0.0,0.0
2026-06-05 15:56:10,5.60578790440604,9.984851117210264,4.5485806607928065,0.41684857014886223,8.276951784755603,19.247982807311793,1.4653470936142168,-15.98261908667239,36.5754533325796,40.2001284655022,38.05471545995465,14.0,2.3934012129205575,35.0,-100,1.0,0.0,1.0,1.0,1.0,1.0,1.0,0.0,0.0,0.0
2026-06-05 15:56:11,1.7523407311405412,8.917981944748805,5.2914517177555735,-1.105883419716502,9.920139077364112,17.674909347982798,2.692745949267736,-12.911541032228643,36.56047003203185,40.01225237433531,37.76734332204264,14.0,2.3934012129205575,35.0,-100,1.0,0.0,1.0,1.0,1.0,1.0,1.0,0.0,0.0,0.0
2026-06-05 15:56:12,5.361426424124553,7.301788734961154,4.303837592588049,2.2069569585937376,11.020582835946863,17.327466985384923,0.6234345785848094,-14.104273681733126,36.43815630430851,40.42659178848055,38.18180455344397,14.0,2.3934012129205575,35.0,-100,1.0,0.0,1.0,1.0,1.0,1.0,1.0,0.0,0.0,0.0
2026-06-05 15:56:13,4.558102447307701,9.029264083472496,8.452749494315508,2.6928418639175,9.333887257104962,21.035962967662456,0.5372529703718607,-16.371785486559478,36.79021027780127,40.08007307557041,37.98448066779067,14.0,2.3934012129205575,35.0,-100,1.0,0.0,1.0,1.0,1.0,1.0,1.0,0.0,0.0,0.0
2026-06-05 15:56:15,4.828981125492258,8.152326152466365,8.500858068697523,2.171144998963957,6.039945619169376,21.085863644729287,-0.4026775355665868,-16.889054424202552,36.689379577876835,40.29274992541764,38.24566043742798,14.0,2.3934012129205575,35.0,-100,1.0,0.0,1.0,1.0,1.0,1.0,1.0,0.0,0.0,0.0
2026-06-05 15:56:16,5.331615967108866,8.080660614875907,9.958355066324714,0.5366755502794183,6.1850729154076936,19.702489037075132,-0.9927243740555172,-17.22649765093334,36.89778785008641,40.45442761203837,38.00111594841956,14.0,2.3934012129205575,35.0,-100,1.0,0.0,1.0,1.0,1.0,1.0,1.0,0.0,0.0,0.0
2026-06-05 15:56:17,5.234979729577691,4.78267804873836,8.154303951241257,1.4709732623239824,8.770828873095631,16.791870292090955,0.6523720541806304,-14.885890616238388,36.66630813667126,40.03267539739662,37.748855733684515,14.0,2.3934012129205575,35.0,-100,1.0,0.0,1.0,1.0,1.0,1.0,1.0,0.0,0.0,0.0
2026-06-05 15:56:18,2.9491124527488943,10.150122336958212,7.137456616628479,0.8936916106701638,5.820159094808195,16.46056829502251,4.066609453473316,-15.362795185747222,36.984537576302884,40.442145271438314,38.14922218511969,14.0,2.3934012129205575,35.0,-100,1.0,0.0,1.0,1.0,1.0,1.0,1.0,0.0,0.0,0.0
2026-06-05 15:56:19,2.917582842734834,8.343916751474042,8.55942391234527,-0.965199426766528,10.844607202870936,16.355942611023973,3.795911273926354,-15.77048870194701,36.87332992201715,39.96469609970642,37.74017821331151,14.0,2.3934012129205575,35.0,-100,1.0,0.0,1.0,1.0,1.0,1.0,1.0,0.0,0.0,0.0
2026-06-05 15:56:21,3.128507394081506,10.06984860513247,5.00753125995574,0.0676527653473622,11.53947038499761,18.923012410304135,-0.07473353767115798,-13.073553198382063,36.433952428999554,39.99944741103733,37.98894893853896,14.0,2.3934012129205575,35.0,-100,1.0,0.0,1.0,1.0,1.0,1.0,1.0,0.0,0.0,0.0
2026-06-05 15:56:22,3.7501458603890963,9.231811417690746,8.701908371140341,3.705944816805718,11.127706832616129,17.26981535762154,0.3480360943585534,-18.11582758207863,36.63134561075349,40.28983588925602,37.79151958815209,14.0,2.3934012129205575,35.0,-100,1.0,0.0,1.0,1.0,1.0,1.0,1.0,0.0,0.0,0.0
2026-06-05 15:56:23,0.06360643430359358,8.096278320424657,6.133052972426642,0.6418050028623807,10.188503043753416,15.80516848691602,0.39469510211110936,-15.191872166487377,36.55785470359744,39.98402483018307,37.74665487640407,14.0,2.3934012129205575,35.0,-100,1.0,0.0,1.0,1.0,1.0,1.0,1.0,0.0,0.0,0.0
2026-06-05 15:56:24,5.015249649765647,6.0201721685217295,6.174542606847236,3.820979876034503,10.221780286948041,17.62678731401777,0.9343737935925422,-17.864156223287388,36.91649811870869,40.032694857004074,38.261819727378324,14.0,2.3934012129205575,35.0,-100,1.0,0.0,1.0,1.0,1.0,1.0,1.0,0.0,0.0,0.0
2026-06-05 15:56:25,2.9518900019052037,7.4985107291594755,5.338073529947533,3.863558408229256,8.73382820072464,16.3682659052297,3.008812640238042,-13.444000072753518,36.95701623375953,40.23316227226332,37.94349796398851,14.0,2.3934012129205575,35.0,-100,1.0,0.0,1.0,1.0,1.0,1.0,1.0,0.0,0.0,0.0
2026-06-05 15:56:27,5.677171214090929,6.045550993022941,7.867006203842878,-1.3086649240780561,8.46095949398851,20.56176087288693,-0.47248163956914024,-15.942505897032898,36.80854474391315,40.516406249659866,38.104025142104256,14.0,2.3934012129205575,35.0,-100,1.0,0.0,1.0,1.0,1.0,1.0,1.0,0.0,0.0,0.0
2026-06-05 15:56:28,0.0007629761984606631,7.067768444703355,5.548987058511221,-1.120864741994577,10.569604661559136,19.248134502822843,0.6257234592450018,-17.235783005060693,36.77831907641574,40.292303340754884,37.86664786842197,14.0,2.3934012129205575,35.0,-100,1.0,0.0,1.0,1.0,1.0,1.0,1.0,0.0,0.0,0.0
2026-06-05 15:56:29,3.3037136106629923,8.808330431298995,6.771118002156192,0.0051262821104745004,10.018595967293814,18.467973031350542,2.847260303452975,-13.47576216995509,36.63174003632139,40.472465677861976,38.26206900546276,14.0,2.3934012129205575,35.0,-100,1.0,0.0,1.0,1.0,1.0,1.0,1.0,0.0,0.0,0.0
2026-06-05 15:56:31,0.6132907640993381,5.221999303517654,4.482833555428561,0.254341631435516,6.726898294692893,18.468234049291745,3.4741353791576923,-14.017404336457211,36.46602127902053,39.95150495132322,37.988155601683324,14.0,2.3934012129205575,35.0,-100,1.0,0.0,1.0,1.0,1.0,1.0,1.0,0.0,0.0,0.0
2026-06-05 15:56:32,2.288252777555873,5.736556401524503,4.543345495198603,-0.7679459352521802,10.57476098328901,18.477465046618303,4.131914171467651,-16.84844177426983,36.89910730265467,40.297099476825096,37.76324281848965,14.0,2.3934012129205575,35.0,-100,1.0,0.0,1.0,1.0,1.0,1.0,1.0,0.0,0.0,0.0
2026-06-05 15:56:33,0.4060311266251926,4.505548645540111,6.732373891395238,-0.8513083975058924,9.852478326196543,16.955528195182143,-1.5816965824985232,-14.155767779549633,36.75345789481326,40.464834871169025,37.936724833464986,14.0,2.3934012129205575,35.0,-100,1.0,0.0,1.0,1.0,1.0,1.0,1.0,0.0,0.0,0.0
2026-06-05 15:56:34,4.728222388326045,5.9095537553953985,6.6871231172864745,-0.702160996647218,10.707240206855563,18.358050346254707,0.24238352144794817,-15.259056899748249,36.82950853608354,40.24897632179355,37.868298402241,14.0,2.3934012129205575,35.0,-100,1.0,0.0,1.0,1.0,1.0,1.0,1.0,0.0,0.0,0.0
2026-06-05 15:56:36,1.4144757415701432,6.741627841554497,9.412933331828844,0.1103361902183817,10.963653151205865,20.10464622156364,-0.09259630925118723,-13.243832111177955,36.62127396964334,40.03924445797436,38.268087268696675,14.0,2.3934012129205575,35.0,-100,1.0,0.0,1.0,1.0,1.0,1.0,1.0,0.0,0.0,0.0
2026-06-05 15:56:37,-0.1718895028017018,8.596719031050707,5.378283303051729,3.331549494564432,8.783518136553573,19.44885898645842,-1.6125238641174162,-15.02279306328672,36.639931701795035,40.39070101134833,37.7518524386793,14.0,2.3934012129205575,35.0,-100,1.0,0.0,1.0,1.0,1.0,1.0,1.0,0.0,0.0,0.0
2026-06-05 15:56:38,0.47583402782573136,9.921817342776205,7.582226414164621,-1.7759140508019815,10.631021440032452,17.922436915579155,0.48278667145420906,-17.560046303470955,36.42851955275163,40.040655708651485,37.96580936661579,14.0,2.3934012129205575,35.0,-100,1.0,0.0,1.0,1.0,1.0,1.0,1.0,0.0,0.0,0.0
2026-06-05 15:56:39,4.883243173339031,6.375372110077759,4.421310329425977,-1.090347900779507,8.189456534752095,20.189996519684314,2.5670279047596853,-17.3530362537415,36.88439223373629,40.37500766103069,38.01616562926649,14.0,2.3934012129205575,35.0,-100,1.0,0.0,1.0,1.0,1.0,1.0,1.0,0.0,0.0,0.0
2026-06-05 15:56:40,2.0519203040987315,7.896973817156187,4.930117132215802,3.451855900454615,5.676278900618613,17.908920118872086,-0.8789934477865184,-18.071433470413393,36.66116404391268,40.50690696969557,38.28597523429504,14.0,2.3934012129205575,35.0,-100,1.0,0.0,1.0,1.0,1.0,1.0,1.0,0.0,0.0,0.0
2026-06-05 15:56:42,3.1834489160924226,5.123616156626553,4.356756502941616,4.039654024674127,6.757487339340334,18.424906326863056,4.134042482019558,-14.493655596512545,36.57842785976454,40.03606632457738,37.761036210026354,14.0,2.3934012129205575,35.0,-100,1.0,0.0,1.0,1.0,1.0,1.0,1.0,0.0,0.0,0.0
2026-06-05 15:56:43,1.539052953565285,7.830797453649268,4.169739420074818,3.0401243992653866,7.314402804303132,18.54378487066175,3.9609839509661384,-13.17631015703839,36.79659482530053,40.12691857606535,37.88335535539837,14.0,2.3934012129205575,35.0,-100,1.0,0.0,1.0,1.0,1.0,1.0,1.0,0.0,0.0,0.0
2026-06-05 15:56:44,2.5312501350228556,7.26105471478357,4.491436989691911,2.950383586174566,10.520779505399865,15.45043734113711,2.3952739579789615,-12.56823469707321,36.459404278802495,40.43026398161944,37.905488323253316,14.0,2.3934012129205575,35.0,-100,1.0,0.0,1.0,1.0,1.0,1.0,1.0,0.0,0.0,0.0
2026-06-05 15:56:46,0.854524947226982,9.525483263864334,9.49740781838629,-1.2142611183864442,11.020615207747984,20.695746014825968,0.19955208517734047,-16.75838839351414,36.89695786405922,40.4268749399456,38.01602556675945,14.0,2.3934012129205575,35.0,-100,1.0,0.0,1.0,1.0,1.0,1.0,1.0,0.0,0.0,0.0
2026-06-05 15:56:47,4.272033361110392,4.865384356627885,5.539491787294413,-0.7513085398813442,8.197952107116855,18.082546372582847,3.5820040442805885,-17.559207782238747,36.43949497633119,40.016839818924645,38.159119560495085,14.0,2.3934012129205575,35.0,-100,1.0,0.0,1.0,1.0,1.0,1.0,1.0,0.0,0.0,0.0
2026-06-05 15:56:48,0.9976925342137195,6.348658011557871,9.540362272365822,-0.4529456037860411,11.278827053008058,17.669870924234807,0.8571621989671736,-14.892375673892133,36.5854338771131,39.97949291544665,38.27231018643497,14.0,2.3934012129205575,35.0,-100,1.0,0.0,1.0,1.0,1.0,1.0,1.0,0.0,0.0,0.0
2026-06-05 15:56:50,4.276032166496578,7.3770486322097275,8.44487888569741,-1.3285722821491266,7.475867082375331,17.583998935090445,-1.544606077812002,-15.036676358254855,36.713583515606096,40.1845210929454,38.0156845320661,14.0,2.3934012129205575,35.0,-100,1.0,0.0,1.0,1.0,1.0,1.0,1.0,0.0,0.0,0.0
2026-06-05 15:56:51,0.860523518009958,8.56131933628873,4.201852424455643,0.08332679651150432,8.93274893072112,16.668906305964466,1.4076654568503169,-12.677107787730696,36.61246914966815,40.23790446243387,37.90413619735521,14.0,2.3934012129205575,35.0,-100,1.0,0.0,1.0,1.0,1.0,1.0,1.0,0.0,0.0,0.0
2026-06-05 15:56:52,3.508847375081844,5.435780697145031,4.351706220137643,0.285504879804539,8.831669694924463,16.157821498464195,-0.6750005231049023,-18.434210282367808,36.914318847097924,39.97463754188643,37.762098971292374,14.0,2.3934012129205575,35.0,-100,1.0,0.0,1.0,1.0,1.0,1.0,1.0,0.0,0.0,0.0
2026-06-05 15:56:53,1.427986547451159,8.618156824283206,5.591293307168662,1.6340072076157859,6.676070683295469,20.25024235006007,-1.2960492459534425,-15.600713972180031,36.62933838307039,40.518229689112786,38.04495296908947,14.0,2.3934012129205575,35.0,-100,1.0,0.0,1.0,1.0,1.0,1.0,1.0,0.0,0.0,0.0
2026-06-05 15:56:55,0.24179013765993052,5.208225216758402,5.606463212192878,-1.334878104646192,11.095116239822236,19.900363191565987,0.8418986058859703,-15.537974229021366,36.871754447626785,40.43139648573199,38.28122413526652,14.0,2.3934012129205575,35.0,-100,1.0,0.0,1.0,1.0,1.0,1.0,1.0,0.0,0.0,0.0
2026-06-05 15:56:56,3.6082079658851933,8.11531774394706,9.705019540498974,-0.9662858170307702,9.835023552249005,18.114210519481894,1.5085121227390843,-16.43290541829605,36.70426995861085,40.22755538254239,37.70749948185942,14.0,2.3934012129205575,35.0,-100,1.0,0.0,1.0,1.0,1.0,1.0,1.0,0.0,0.0,0.0
2026-06-05 15:56:57,1.6495914805547203,6.8628298879118015,7.566337491344827,3.266288499665917,7.596580946938638,18.003233600727224,1.5829805956649858,-15.797549040340664,36.92297364809154,40.2997950722083,37.932233798400674,14.0,2.3934012129205575,35.0,-100,1.0,0.0,1.0,1.0,1.0,1.0,1.0,0.0,0.0,0.0
2026-06-05 15:56:58,5.054176776388369,8.040471989125336,4.236331147369908,0.34903487424595614,9.205838085234145,17.77958663445087,2.1308275105884125,-13.308552087527488,36.80039929095612,40.26380617822773,38.08707487766643,14.0,2.3934012129205575,35.0,-100,1.0,0.0,1.0,1.0,1.0,1.0,1.0,0.0,0.0,0.0
2026-06-05 15:57:00,4.435554505573432,9.007709425980387,6.533604092656423,1.8946092893087472,8.0853040540176,18.708407652346263,0.7881160161556346,-13.966373054188669,36.58655377613174,40.32444580347157,38.06263488744001,14.0,2.3934012129205575,35.0,-100,1.0,0.0,1.0,1.0,1.0,1.0,1.0,0.0,0.0,0.0
2026-06-05 15:57:01,3.167170995038524,9.264775064010284,8.274019151193695,-1.4982143171418922,6.106662815721963,16.836854344210483,2.7019833403973763,-14.814983185093222,36.5166886727318,40.02356378892254,38.10639365439874,14.0,2.3934012129205575,35.0,-100,1.0,0.0,1.0,1.0,1.0,1.0,1.0,0.0,0.0,0.0
2026-06-05 15:57:02,3.6495054152355424,10.236822057123826,8.815968439950055,3.1944539673378465,7.289352857039426,20.598748942748667,2.089249834169359,-16.773293810240187,36.92612729459467,40.115718105212515,37.81217639687945,14.0,2.3934012129205575,35.0,-100,1.0,0.0,1.0,1.0,1.0,1.0,1.0,0.0,0.0,0.0
2026-06-05 15:57:03,1.5775545483352622,7.556362782262109,5.677781833386822,2.450122031929811,8.519448891993829,20.009642366817463,1.1974022210305488,-15.752648911836957,36.67462447252407,40.08894325012577,38.21200533521482,14.0,2.3934012129205575,35.0,-100,1.0,0.0,1.0,1.0,1.0,1.0,1.0,0.0,0.0,0.0
2026-06-05 15:57:05,5.01680579647952,6.805072911882106,6.090210414445573,1.691113035145487,6.651178226806856,19.129953802116972,4.065150005384317,-16.16273313260983,36.528893279823905,40.00406294141372,38.08205608958659,14.0,2.3934012129205575,35.0,-100,1.0,0.0,1.0,1.0,1.0,1.0,1.0,0.0,0.0,0.0
2026-06-05 15:57:06,2.147677930432472,4.956396458805353,4.918279098903547,2.5041132714073484,9.02446840669704,19.139629290229205,-0.2081143872887068,-13.37003319694992,36.86039086928787,40.05956431123159,38.142565175497964,14.0,2.3934012129205575,35.0,-100,1.0,0.0,1.0,1.0,1.0,1.0,1.0,0.0,0.0,0.0
2026-06-05 15:57:07,1.6341464564587544,9.471177956292104,4.584065400553886,0.5024587166403056,5.87847328023648,18.992145383769923,-0.2877022072420994,-17.158830187525112,36.61164472552389,40.3757216168554,37.89103992290319,14.0,2.3934012129205575,35.0,-100,1.0,0.0,1.0,1.0,1.0,1.0,1.0,0.0,0.0,0.0
2026-06-05 15:57:08,1.5436857693360932,8.86382371585603,6.760259512575829,3.2027432011610966,7.888012459919679,20.308131709092844,1.7482219346550298,-13.735707597620985,36.48507037967336,40.010046443949534,38.010712613133045,14.0,2.3934012129205575,35.0,-100,1.0,0.0,1.0,1.0,1.0,1.0,1.0,0.0,0.0,0.0
2026-06-05 15:57:10,0.45331737985211173,7.694015688999432,4.986608701990976,2.470721407758293,7.898131846784296,17.088347241904803,2.4540357955520733,-14.627182461538514,36.895008902939935,40.39178668379626,38.057999950290984,14.0,2.3934012129205575,35.0,-100,1.0,0.0,1.0,1.0,1.0,1.0,1.0,0.0,0.0,0.0
2026-06-05 15:57:11,5.714639153474409,7.702974261803945,7.278023359079306,0.8520410859571665,10.464119690510735,18.49571914129339,-1.3246260366431821,-17.65187969718915,36.86573085872013,40.43269060471752,37.899818056761234,14.0,2.3934012129205575,35.0,-100,1.0,0.0,1.0,1.0,1.0,1.0,1.0,0.0,0.0,0.0
2026-06-05 15:57:12,2.0872132448199023,7.461050277949358,9.845020287630604,0.4206672535114273,11.409774482747476,18.704600820052377,4.151714534885045,-15.912649287865975,36.57283891254662,40.190613395607414,38.296384610884644,14.0,2.3934012129205575,35.0,-100,1.0,0.0,1.0,1.0,1.0,1.0,1.0,0.0,0.0,0.0
2026-06-05 15:57:13,1.8240327085968326,7.405767688614844,5.467064166746917,0.6900148813581501,6.053446826504649,19.324475352790838,-0.7758419382582207,-15.96905792972418,36.45261049454695,40.51589228513263,37.79711501619958,14.0,2.3934012129205575,35.0,-100,1.0,0.0,1.0,1.0,1.0,1.0,1.0,0.0,0.0,0.0
2026-06-05 15:57:14,5.473720489875633,5.171067559186977,4.772972928857097,-1.8081063937742576,6.562559728938071,20.685721878285236,0.2975298773317663,-17.900929746485513,36.614224532489246,40.485520567796726,38.00536017999038,14.0,2.3934012129205575,35.0,-100,1.0,0.0,1.0,1.0,1.0,1.0,1.0,0.0,0.0,0.0
2026-06-05 15:57:15,1.8892126372319846,7.475138731532777,9.374043885540129,0.3511947113405549,7.0517462279363725,21.174656049471544,3.864136659461031,-14.995506375793813,36.923480451217515,39.96433446432965,38.28051872204877,14.0,2.3934012129205575,35.0,-100,1.0,0.0,1.0,1.0,1.0,1.0,1.0,0.0,0.0,0.0
2026-06-05 15:57:16,5.1476004906914365,8.10239755375863,9.318878570528405,-0.1323483663287064,8.492746825381335,18.477972681400196,2.9722701434658116,-18.454163430277834,36.83576632424483,40.139999816206135,38.06555399405888,14.0,2.3934012129205575,35.0,-100,1.0,0.0,1.0,1.0,1.0,1.0,1.0,0.0,0.0,0.0
2026-06-05 15:57:18,5.500572208239302,9.216023358293608,4.446132817660154,1.2944046370851812,7.630463411078348,16.26361379670584,-1.233465198667481,-12.984373420390348,36.59672576641924,40.26694553730969,38.073386634779226,14.0,2.3934012129205575,35.0,-100,1.0,0.0,1.0,1.0,1.0,1.0,1.0,0.0,0.0,0.0
2026-06-05 15:57:19,-0.03449533298148211,7.233796308430522,5.7137205393024635,0.14020221956380485,11.128360763601602,18.61374363466372,2.6281865049816426,-15.319684336868752,36.491282896930684,40.18235875104962,38.13825934377355,14.0,2.3934012129205575,35.0,-100,1.0,0.0,1.0,1.0,1.0,1.0,1.0,0.0,0.0,0.0
2026-06-05 15:57:20,4.300367360781359,5.019617804130171,4.589080236200589,4.033445393655375,7.24674660502964,20.848710094273603,3.7728341906265666,-18.487730962369003,36.860606667138754,40.240570086259126,38.09040286718669,14.0,2.3934012129205575,35.0,-100,1.0,0.0,1.0,1.0,1.0,1.0,1.0,0.0,0.0,0.0
2026-06-05 15:57:21,4.224407579891273,5.862997798813167,7.441408310557037,3.068672819242491,10.829911841480163,15.401692301888101,1.4862738583636892,-16.849658260888763,36.660029174725466,40.30494577438274,37.810996177715396,14.0,2.3934012129205575,35.0,-100,1.0,0.0,1.0,1.0,1.0,1.0,1.0,0.0,0.0,0.0
2026-06-05 15:57:22,3.1242273286077626,8.34419026279656,7.7382277981447585,1.676994568051425,8.554196388943785,16.496220266499876,0.12758946889288492,-17.408114576111753,36.91745970536727,40.05522276129325,38.19564117961539,14.0,2.3934012129205575,35.0,-100,1.0,0.0,1.0,1.0,1.0,1.0,1.0,0.0,0.0,0.0
2026-06-05 15:57:23,4.297164333178336,5.840909910819093,6.874593524951116,0.21031818146566827,6.858879069405384,17.975685361418883,1.097696221404937,-13.947147794776706,36.607681063096294,40.51054452817515,38.2929500282809,14.0,2.3934012129205575,35.0,-100,1.0,0.0,1.0,1.0,1.0,1.0,1.0,0.0,0.0,0.0
2026-06-05 15:57:25,4.132823914633698,6.374710883828359,4.889098261207785,1.8663746952537537,6.233098383134118,15.608642809497542,0.4629504580468118,-13.72376093938276,36.628082937618764,39.984513550675054,37.906291231149936,14.0,2.3934012129205575,35.0,-100,1.0,0.0,1.0,1.0,1.0,1.0,1.0,0.0,0.0,0.0
2026-06-05 15:57:26,5.039008326129791,5.316802069991135,6.902212033113376,-0.08777376429687789,6.370589247158919,17.450634346525863,3.2943870844048906,-13.85307069942751,36.98910117146524,40.49479938940003,38.20947684067398,14.0,2.3934012129205575,35.0,-100,1.0,0.0,1.0,1.0,1.0,1.0,1.0,0.0,0.0,0.0
2026-06-05 15:57:27,3.3689203914176358,9.741946195273142,7.114170697032629,3.3709027738303927,9.303258562948475,19.45521404008499,0.14737191493369517,-15.291280920082967,36.61601385543309,40.3813930099974,37.88744456489953,14.0,2.3934012129205575,35.0,-100,1.0,0.0,1.0,1.0,1.0,1.0,1.0,0.0,0.0,0.0
2026-06-05 15:57:28,5.137524537129712,4.8351129596333156,8.332114593373669,1.0142169334648425,7.086514334617897,19.01353438556053,-1.2020547399157309,-15.681919489772824,36.456092758878086,39.98318035320297,37.713581931676586,14.0,2.3934012129205575,35.0,-100,1.0,0.0,1.0,1.0,1.0,1.0,1.0,0.0,0.0,0.0
2026-06-05 15:57:30,1.8685614346625226,5.9467003671609655,9.003698299319211,3.5405259819287753,7.702404302033457,19.041765564032605,2.655574689253478,-14.313193493442157,36.65166816261566,40.474725000216026,37.90412167692412,14.0,2.3934012129205575,35.0,-100,1.0,0.0,1.0,1.0,1.0,1.0,1.0,0.0,0.0,0.0
2026-06-05 15:57:31,5.085061053380319,5.676281973413043,7.535377539373902,0.5371001200637555,11.311267644710764,20.71640189440343,-1.5856196525580502,-17.73150385385268,36.59722295102851,40.508142269501015,38.09121315078934,14.0,2.3934012129205575,35.0,-100,1.0,0.0,1.0,1.0,1.0,1.0,1.0,0.0,0.0,0.0
2026-06-05 15:57:32,0.5723388316828979,9.914597952299014,6.337724593734936,1.9709012078637471,7.337742884820978,15.719534253379726,3.642163983290203,-16.47330313224566,36.51868836411553,40.36226250364802,38.222786410633034,14.0,2.3934012129205575,35.0,-100,1.0,0.0,1.0,1.0,1.0,1.0,1.0,0.0,0.0,0.0
2026-06-05 15:57:34,4.289830810886374,9.519999622286843,5.308682997693679,0.16924324570931226,8.60260406385158,15.934167806100364,0.39988432073624924,-17.821538334863575,36.7375109584722,40.072341595447476,38.22135782279177,14.0,2.3934012129205575,35.0,-100,1.0,0.0,1.0,1.0,1.0,1.0,1.0,0.0,0.0,0.0
2026-06-05 15:57:35,2.141814703183006,5.567757414954929,4.116497498674945,0.9688927229807431,5.749328648979078,18.718401141675837,3.66988304457041,-14.386943866113768,36.42040199560611,40.46398923587296,37.866107728373755,14.0,2.3934012129205575,35.0,-100,1.0,0.0,1.0,1.0,1.0,1.0,1.0,0.0,0.0,0.0
2026-06-05 15:57:36,3.3078881081225324,5.149374920331047,9.3524506648631,1.908737685112742,8.084031742236537,18.264277060899403,3.025270751320196,-17.24798312790593,36.85782754913928,39.978826217201885,38.084531457462575,14.0,2.3934012129205575,35.0,-100,1.0,0.0,1.0,1.0,1.0,1.0,1.0,0.0,0.0,0.0
2026-06-05 15:57:37,0.29557308369835456,6.995011893690966,4.995223896241298,3.1529017848626957,5.5948719939093605,18.613845180980775,3.8936274763051797,-14.370528609298049,36.49199882070003,39.99782704206593,38.13799522143878,14.0,2.3934012129205575,35.0,-100,1.0,0.0,1.0,1.0,1.0,1.0,1.0,0.0,0.0,0.0
2026-06-05 15:57:39,4.472164433177562,8.533054488252066,9.186607695947906,2.115035812238945,6.7025892207854545,16.942844429109016,2.2108187671691475,-18.266820531495902,36.41735881324614,40.05291901313729,38.03192805861158,14.0,2.3934012129205575,35.0,-100,1.0,0.0,1.0,1.0,1.0,1.0,1.0,0.0,0.0,0.0
2026-06-05 15:57:40,0.9429944218889363,5.56118884329141,5.734345877021697,0.9920755685923863,9.264508877000072,17.306027456323044,1.8595817167148914,-17.828325863343373,36.77985019184953,40.291636606059036,37.98391523238064,14.0,2.3934012129205575,35.0,-100,1.0,0.0,1.0,1.0,1.0,1.0,1.0,0.0,0.0,0.0
2026-06-05 15:57:41,1.656631057973581,9.512912138704902,9.513704479265144,-0.06477501034543276,8.599498454206644,15.61384122780806,0.9288747713431267,-18.18458562798333,36.83968604898833,40.044521387083954,37.78713562417962,14.0,2.3934012129205575,35.0,-100,1.0,0.0,1.0,1.0,1.0,1.0,1.0,0.0,0.0,0.0
2026-06-05 15:57:43,3.9426536799042013,7.640589556789864,7.994748570917491,1.6391091503819721,5.932437387876556,18.87051965903921,1.1235582271350415,-16.200900982437663,36.42496427261242,40.408128095005274,37.76458733307077,14.0,2.3934012129205575,35.0,-100,1.0,0.0,1.0,1.0,1.0,1.0,1.0,0.0,0.0,0.0
2026-06-05 15:57:44,1.9294339294159948,6.6527268019363195,8.205275615917746,0.9017751867763466,9.488168519049548,20.84526981367445,4.038040205862247,-18.494322371731627,36.438316705514424,40.482946870639005,38.24518933012187,14.0,2.3934012129205575,35.0,-100,1.0,0.0,1.0,1.0,1.0,1.0,1.0,0.0,0.0,0.0
2026-06-05 15:57:45,4.555315184396329,5.689401180978479,4.865795036213557,2.039910569366679,10.112693135822473,17.8047965447211,0.1958026314024297,-16.865432213236573,36.78787603873764,40.41204775683671,37.80927440714586,14.0,2.3934012129205575,35.0,-100,1.0,0.0,1.0,1.0,1.0,1.0,1.0,0.0,0.0,0.0
2026-06-05 15:57:46,2.340774104129991,8.541988335622229,8.186397301431343,3.11563820998487,10.918364722569855,19.999571379626563,1.9428731640976156,-15.397023084011353,36.83666761412531,40.00968171019013,37.924916225924825,14.0,2.3934012129205575,35.0,-100,1.0,0.0,1.0,1.0,1.0,1.0,1.0,0.0,0.0,0.0
2026-06-05 15:57:47,2.979102096484448,4.723752776255327,10.005454056819806,-1.5986460444505148,6.628291843408185,18.492433559774824,-0.5765362484255057,-14.974370156115445,36.84291983071415,40.404793503958565,37.88298715161015,14.0,2.3934012129205575,35.0,-100,1.0,0.0,1.0,1.0,1.0,1.0,1.0,0.0,0.0,0.0
2026-06-05 15:57:48,3.387925052939833,4.840797529606025,9.429960069319744,3.5762357788022463,9.819049211826956,15.89221779959367,0.5038769733516633,-15.926151663660416,36.651516312638726,40.09944638808158,37.96028605856298,14.0,2.3934012129205575,35.0,-100,1.0,0.0,1.0,1.0,1.0,1.0,1.0,0.0,0.0,0.0
2026-06-05 15:57:49,4.222682103272766,9.75991620547969,7.584019007891621,1.1068747842873758,6.256654660458986,19.827417524572596,4.097004650744702,-17.813377030305087,36.431264686605715,40.282602320839715,37.85152141970587,14.0,2.3934012129205575,35.0,-100,1.0,0.0,1.0,1.0,1.0,1.0,1.0,0.0,0.0,0.0
2026-06-05 15:57:51,1.5196254086511316,8.960229515894444,6.635481804450345,1.2023441932812027,5.863417584999702,19.330382200012515,3.0549915167323016,-15.13019908949644,36.96251718137425,40.35150484016667,38.27866514730402,14.0,2.3934012129205575,35.0,-100,1.0,0.0,1.0,1.0,1.0,1.0,1.0,0.0,0.0,0.0
2026-06-05 15:57:52,-0.06529155837930478,9.927979491533746,9.339590421235629,-1.4152392700245473,6.305914767422527,17.441748533123913,2.5032519229911747,-17.213970220661622,36.419615453516535,40.11804452552161,38.15993496608091,14.0,2.3934012129205575,35.0,-100,1.0,0.0,1.0,1.0,1.0,1.0,1.0,0.0,0.0,0.0
2026-06-05 15:57:53,3.4470313588655483,8.789277347237528,7.879911750825473,2.3063934642026,11.437962447766953,19.69000650107886,3.477615460400849,-14.162984552700932,36.66333527783726,40.30738610511291,38.07408105789335,14.0,2.3934012129205575,35.0,-100,1.0,0.0,1.0,1.0,1.0,1.0,1.0,0.0,0.0,0.0
2026-06-05 15:57:54,0.2874272635066184,8.422544583687216,5.632670709331813,-0.3241534775834407,8.53902429890362,19.82877207957345,-0.9814083721356957,-17.78772425318616,36.95174342153229,40.35703949844849,37.71686539269506,14.0,2.3934012129205575,35.0,-100,1.0,0.0,1.0,1.0,1.0,1.0,1.0,0.0,0.0,0.0
2026-06-05 15:57:55,1.3129888559387288,10.128705343392056,8.0029077915261,-1.6375251255985699,8.024839152430996,18.029147578940005,2.033823470886027,-14.496203227371105,36.599577455743486,39.95009016237199,38.119422725873534,14.0,2.3934012129205575,35.0,-100,1.0,0.0,1.0,1.0,1.0,1.0,1.0,0.0,0.0,0.0
2026-06-05 15:57:57,4.7528659999244764,7.684059958777032,9.606297482862555,1.1837697696965868,8.76800540226511,15.299593502503193,-1.1873354470143447,-17.37437729522272,36.57178524906298,40.31881397443214,37.889386243581555,14.0,2.3934012129205575,35.0,-100,1.0,0.0,1.0,1.0,1.0,1.0,1.0,0.0,0.0,0.0
2026-06-05 15:57:58,0.6524784712442253,9.54303827130175,8.850680113619696,2.549677080414762,5.8326327060258025,20.642946479044706,0.2602217915989833,-14.452131555290052,36.435273277110845,40.51379664215678,38.1514642787578,14.0,2.3934012129205575,35.0,-100,1.0,0.0,1.0,1.0,1.0,1.0,1.0,0.0,0.0,0.0
2026-06-05 15:57:59,0.9709375270106186,5.224375073026699,7.3951615517554705,0.10655202365849625,9.211234514147442,18.82571941356388,-0.7638834201955791,-13.358910616634109,36.68016807475199,39.981313857382645,37.88413962714089,14.0,2.3934012129205575,35.0,-100,1.0,0.0,1.0,1.0,1.0,1.0,1.0,0.0,0.0,0.0
2026-06-05 15:58:00,2.974963308573932,5.380485990982546,4.117610069626885,-1.4987684337485234,5.67943316182622,19.899071076371676,0.605464285217824,-17.111723920929425,36.730777640039,39.989629624410625,38.207052351014624,14.0,2.3934012129205575,35.0,-100,1.0,0.0,1.0,1.0,1.0,1.0,1.0,0.0,0.0,0.0
2026-06-05 15:58:02,5.202432211412596,4.56834536796079,6.05959123065647,1.7778647448815867,8.125429916921249,18.556119269748688,0.8708715361576331,-14.494906249205378,36.70979103803833,40.14920554929416,38.03501664271226,14.0,2.3934012129205575,35.0,-100,1.0,0.0,1.0,1.0,1.0,1.0,1.0,0.0,0.0,0.0
2026-06-05 15:58:03,-0.045784968327717834,7.18409172387063,8.879971360918498,-1.1698526007358314,10.786651701882203,16.314218078437534,1.2060951549300065,-13.626953383108145,36.55455919793526,40.28238201486325,38.01763625510072,14.0,2.3934012129205575,35.0,-100,1.0,0.0,1.0,1.0,1.0,1.0,1.0,0.0,0.0,0.0
2026-06-05 15:58:04,1.1448058861014974,4.785620836365137,6.327480214495928,3.7198837853015663,7.500003083407218,19.918258408650956,-1.5463371780136619,-13.795881126795443,36.610672408434596,39.95810728140307,37.84432064261033,14.0,2.3934012129205575,35.0,-100,1.0,0.0,1.0,1.0,1.0,1.0,1.0,0.0,0.0,0.0
2026-06-05 15:58:05,4.960191493544074,5.689044818772197,10.030464125934756,-1.2228032122296835,9.076352085778979,20.115116609005426,3.960538623511763,-17.38357137050142,36.53234604055065,40.487955014429296,38.012059260159475,14.0,2.3934012129205575,35.0,-100,1.0,0.0,1.0,1.0,1.0,1.0,1.0,0.0,0.0,0.0
2026-06-05 15:58:06,1.2335140505322104,10.176676076974555,7.276337606887895,1.1701502946243174,10.658185096604551,18.297465838652737,0.06968726218191335,-17.998576643320128,36.96147519339155,40.27914008329884,37.910752421582025,14.0,2.3934012129205575,35.0,-100,1.0,0.0,1.0,1.0,1.0,1.0,1.0,0.0,0.0,0.0
2026-06-05 15:58:07,4.5467176365071005,7.825395466911148,4.386807710208327,3.908209967107224,8.966636212924325,19.122285175493698,1.8729599958851697,-15.55511652951085,36.43728632653905,40.208754034588246,38.104130681247774,14.0,2.3934012129205575,35.0,-100,1.0,0.0,1.0,1.0,1.0,1.0,1.0,0.0,0.0,0.0
2026-06-05 15:58:09,-0.12580265702148097,9.425130012295392,8.901419764851385,0.7536987385881782,7.52236572485313,21.173205993318657,2.6587811598607107,-14.962366903638017,36.50525794340553,40.140052071529375,37.77051100248259,14.0,2.3934012129205575,35.0,-100,1.0,0.0,1.0,1.0,1.0,1.0,1.0,0.0,0.0,0.0
2026-06-05 15:58:10,3.2725769723652975,7.874194773350638,4.608614512705036,2.0474627899344733,10.910758233647677,18.230852969091533,1.062073768648954,-18.414904148486855,36.69975908788475,40.510669961857324,37.95866883860723,14.0,2.3934012129205575,35.0,-100,1.0,0.0,1.0,1.0,1.0,1.0,1.0,0.0,0.0,0.0
2026-06-05 15:58:11,4.381053086240307,7.286922721493058,5.49000534726435,-0.8941518854971131,7.975320370383317,20.432815313840763,0.11526204301581822,-17.535351177399477,36.608098218906235,39.99929709564555,37.98237991485251,14.0,2.3934012129205575,35.0,-100,1.0,0.0,1.0,1.0,1.0,1.0,1.0,0.0,0.0,0.0
2026-06-05 15:58:13,2.5817031547841482,9.572175181936528,4.646099834335338,2.0199413049675194,5.918465471411098,17.770803670018267,2.2358777912500516,-17.443261566598522,36.59880031071139,40.497908866212896,37.750929971959806,14.0,2.3934012129205575,35.0,-100,1.0,0.0,1.0,1.0,1.0,1.0,1.0,0.0,0.0,0.0
2026-06-05 15:58:14,5.476729019700479,7.753105789920435,9.722751119921087,-0.9879794553333094,10.046288969283218,18.282094497297773,2.8090744649223183,-15.4884297321451,36.802027553416856,40.03416349535005,38.114589267911455,14.0,2.3934012129205575,35.0,-100,1.0,0.0,1.0,1.0,1.0,1.0,1.0,0.0,0.0,0.0
2026-06-05 15:58:15,2.593755874392797,4.7999633909361075,7.067975657703213,2.8624914253504583,9.966634883170848,18.73658202089274,2.6753737980089003,-13.78653179123098,36.78708004195815,40.01051844574082,38.18772141600245,14.0,2.3934012129205575,35.0,-100,1.0,0.0,1.0,1.0,1.0,1.0,1.0,0.0,0.0,0.0
2026-06-05 15:58:16,5.606454247729144,10.353422820967577,9.104212492124807,0.8786455455898095,6.149069081996717,15.926260427604248,-1.550660587132798,-15.991921271739034,36.69665511214868,40.08707787139585,38.13100856610263,14.0,2.3934012129205575,35.0,-100,1.0,0.0,1.0,1.0,1.0,1.0,1.0,0.0,0.0,0.0
2026-06-05 15:58:17,1.1023926994648487,6.005203648832382,9.097855999691586,-1.537634274489113,9.14625565113418,15.843657634591963,2.152236213779186,-13.46456432823051,36.7343860538474,39.96420804710975,37.79634648129191,14.0,2.3934012129205575,35.0,-100,1.0,0.0,1.0,1.0,1.0,1.0,1.0,0.0,0.0,0.0
2026-06-05 15:58:18,1.424345832321649,7.599891064010247,4.118733936573218,3.4925452924162217,9.062849876350652,15.460284579251477,0.09329537588825687,-14.774776517149235,36.62169823854418,40.468673452666216,38.09040251433254,14.0,2.3934012129205575,35.0,-100,1.0,0.0,1.0,1.0,1.0,1.0,1.0,0.0,0.0,0.0
2026-06-05 15:58:19,2.7454164624149335,5.8729223735572,6.981116323024038,3.0948246046721533,7.54228295479276,15.461296939947289,-1.6537270111818625,-17.12897845762172,36.95577682356197,40.48725716225539,37.9964628582725,14.0,2.3934012129205575,35.0,-100,1.0,0.0,1.0,1.0,1.0,1.0,1.0,0.0,0.0,0.0
2026-06-05 15:58:20,4.502288149674113,6.66316156780219,4.54430223848262,2.640664270489278,11.312681723720395,19.41498124405433,-0.9001874478249476,-17.834699279414608,36.939394359718634,40.12774303361856,37.84940617297317,14.0,2.3934012129205575,35.0,-100,1.0,0.0,1.0,1.0,1.0,1.0,1.0,0.0,0.0,0.0
2026-06-05 15:58:22,2.338051464793419,5.875634534626556,8.315270444152182,3.6163711376736565,5.743292543385497,16.49397629320233,-1.6517362393553636,-18.312330467858075,36.92086233381541,39.99708909848514,37.977639708930404,14.0,2.3934012129205575,35.0,-100,1.0,0.0,1.0,1.0,1.0,1.0,1.0,0.0,0.0,0.0
2026-06-05 15:58:23,4.482664637921444,10.000951332653806,8.676532421972158,-0.05864888752830866,7.72856661980576,19.759973870804366,2.0945111803369496,-17.201351457552764,36.98726958751775,40.123010801273736,38.21323999579718,14.0,2.3934012129205575,35.0,-100,1.0,0.0,1.0,1.0,1.0,1.0,1.0,0.0,0.0,0.0
2026-06-05 15:58:24,0.39550798762117356,8.530196388212847,4.55262962790001,-0.20811676567498694,10.15198647074366,17.063936820702075,0.5138079637600264,-13.969623165803778,36.68240208252739,40.51007166286066,38.17154602307342,14.0,2.3934012129205575,35.0,-100,1.0,0.0,1.0,1.0,1.0,1.0,1.0,0.0,0.0,0.0
2026-06-05 15:58:25,1.0602613256664941,9.756400116396632,9.522565609396002,2.400753540442498,7.959724565853465,18.118273615257934,1.0415312336386506,-13.373527499714537,36.891022540661304,39.93738348358388,38.09206874350944,14.0,2.3934012129205575,35.0,-100,1.0,0.0,1.0,1.0,1.0,1.0,1.0,0.0,0.0,0.0
2026-06-05 15:58:27,3.0676707752326795,8.359730238399367,9.008937491531263,0.5476096507775812,10.542675299446223,16.74446674595301,2.21815438162154,-14.583245911243875,36.670458182147236,40.24832125793312,37.88581245200314,14.0,2.3934012129205575,35.0,-100,1.0,0.0,1.0,1.0,1.0,1.0,1.0,0.0,0.0,0.0
2026-06-05 15:58:28,0.017387589796690417,10.02192783144418,8.983460288414376,2.5471145013708956,9.030870397542577,20.165023880374807,0.91207973550756,-13.717006375350916,36.85120473161493,40.02304642758362,38.24516987484602,14.0,2.3934012129205575,35.0,-100,1.0,0.0,1.0,1.0,1.0,1.0,1.0,0.0,0.0,0.0
2026-06-05 15:58:29,4.6508138205534015,5.807861847426762,5.702373142842207,2.524153155126718,6.0439208824863275,16.391477868943575,0.4906776177947716,-13.686270309315027,36.7885066059758,39.981182987430735,38.04052375388332,14.0,2.3934012129205575,35.0,-100,1.0,0.0,1.0,1.0,1.0,1.0,1.0,0.0,0.0,0.0
2026-06-05 15:58:30,4.725398642451113,5.864428089926504,8.717155543643313,2.623178102986099,8.264060371710357,17.121032651385892,1.8610394088056132,-15.249621012256057,36.78230662303854,40.468332119844895,38.01080318891416,14.0,2.3934012129205575,35.0,-100,1.0,0.0,1.0,1.0,1.0,1.0,1.0,0.0,0.0,0.0
2026-06-05 15:58:31,3.535799932908777,7.164183569458976,7.327795422399858,1.6078613748957746,7.728097453262041,19.10117250202051,-0.3414017691795679,-17.68682682033006,36.57855802527269,39.94152449383304,38.01055691949296,14.0,2.3934012129205575,35.0,-100,1.0,0.0,1.0,1.0,1.0,1.0,1.0,0.0,0.0,0.0
2026-06-05 15:58:33,3.0237881417926573,7.220769549429923,9.44393656494598,1.2432557531622517,6.041458087787701,16.515641170838173,-1.517726979936898,-16.950446900462477,36.41041792858751,40.19901697108297,37.9589506901896,14.0,2.3934012129205575,35.0,-100,1.0,0.0,1.0,1.0,1.0,1.0,1.0,0.0,0.0,0.0
2026-06-05 15:58:34,4.61737264185381,6.822247487253598,9.452283606839831,3.594580771645175,9.74065554695763,21.26314156100552,-0.4423610340372648,-15.972519798916807,36.453933024137804,40.230750131374144,38.25249089082065,14.0,2.3934012129205575,35.0,-100,1.0,0.0,1.0,1.0,1.0,1.0,1.0,0.0,0.0,0.0
2026-06-05 15:58:36,2.0000940899314053,8.230220036993408,8.579022547812727,1.0394390487897702,7.834516956938709,20.259941211965454,2.7289703908397707,-14.050738901391837,36.74393093118149,40.46514403811375,38.11900517071879,14.0,2.3934012129205575,35.0,-100,1.0,0.0,1.0,1.0,1.0,1.0,1.0,0.0,0.0,0.0
2026-06-05 15:58:37,1.6283052732612469,10.24564665500481,7.1465981761544795,2.8895268803532677,6.479896004156247,16.710259781309254,2.5412500384855434,-12.899752342410903,36.7114461028674,40.04142556342186,37.78758150936672,14.0,2.3934012129205575,35.0,-100,1.0,0.0,1.0,1.0,1.0,1.0,1.0,0.0,0.0,0.0
2026-06-05 15:58:39,4.1995374129127265,5.669746524794846,9.827793695018904,0.09306503943404065,8.779493273803016,19.396259946569174,-0.2525252699132061,-16.248122490715396,36.7807909372355,40.3298081170364,37.829043713092894,14.0,2.3934012129205575,35.0,-100,1.0,0.0,1.0,1.0,1.0,1.0,1.0,0.0,0.0,0.0
2026-06-05 15:58:40,4.31288762365599,7.537742341125187,9.173299650501626,1.7473960590961366,8.255276231538247,20.30916515675467,0.9917235331389409,-17.518223010900865,36.58507850557624,40.110137031288566,37.932172223349134,14.0,2.3934012129205575,35.0,-100,1.0,0.0,1.0,1.0,1.0,1.0,1.0,0.0,0.0,0.0
2026-06-05 15:58:41,4.7041573897034645,9.015362023748848,4.5371369826349826,2.0430424559779814,6.9129251578029125,19.09844985932434,3.825092067709493,-13.345533577310098,36.55445481852377,40.51643787927214,37.944033454915356,14.0,2.3934012129205575,35.0,-100,1.0,0.0,1.0,1.0,1.0,1.0,1.0,0.0,0.0,0.0
2026-06-05 15:58:42,0.30864514230101125,8.36887942770596,9.704211433978504,1.7153487432156416,8.28989529857514,17.542081533913482,2.8017386356747984,-15.219020372038326,36.40852890246895,40.488965694913034,37.950751876520876,14.0,2.3934012129205575,35.0,-100,1.0,0.0,1.0,1.0,1.0,1.0,1.0,0.0,0.0,0.0
2026-06-05 15:58:44,0.09236450244972971,9.105716035638416,8.591856331188259,1.229129019358247,7.238034634416086,15.461843478124692,2.674869043969866,-15.140522707021223,36.67880687600925,40.05761829129345,37.75222190982251,14.0,2.3934012129205575,35.0,-100,1.0,0.0,1.0,1.0,1.0,1.0,1.0,0.0,0.0,0.0
2026-06-05 15:58:45,4.43287878352567,4.783465230985628,9.45365368217149,-0.7603448255680838,8.83403210501825,20.778382958590083,1.9747745082283248,-17.1210831069538,36.49484885547779,39.9772118828318,37.90559077008995,14.0,2.3934012129205575,35.0,-100,1.0,0.0,1.0,1.0,1.0,1.0,1.0,0.0,0.0,0.0
2026-06-05 15:58:46,4.356738440997565,6.140902065304889,9.905426383185812,-1.270196282841833,10.666102331955607,15.490198748742744,-0.875327248130251,-13.566485499788602,36.697849916079406,40.349662805633386,37.86010278840318,14.0,2.3934012129205575,35.0,-100,1.0,0.0,1.0,1.0,1.0,1.0,1.0,0.0,0.0,0.0
2026-06-05 15:58:48,1.9133898525483133,8.859702525428709,4.1403830991683925,0.3550916181890207,7.242663937725208,18.704170844256844,1.8709433496285257,-13.785817594045543,36.979649538382624,40.102651737282535,37.85667635304856,14.0,2.3934012129205575,35.0,-100,1.0,0.0,1.0,1.0,1.0,1.0,1.0,0.0,0.0,0.0
2026-06-05 15:58:49,2.6547993410723585,6.724019627881068,6.389153656513497,2.928667344885377,5.764711992010159,16.338807733762327,-0.7859017649756952,-18.237572392191332,36.82621127677321,40.089931507440525,38.185501404462016,14.0,2.3934012129205575,35.0,-100,1.0,0.0,1.0,1.0,1.0,1.0,1.0,0.0,0.0,0.0
2026-06-05 15:58:50,0.7638570223907504,10.292231312481363,4.14494408937746,-0.945605247726508,7.101066503661241,18.01552948305083,-0.6283787743399292,-17.447887628930122,36.919968196398735,40.12898728791043,38.05353432439141,14.0,2.3934012129205575,35.0,-100,1.0,0.0,1.0,1.0,1.0,1.0,1.0,0.0,0.0,0.0
2026-06-05 15:58:51,5.303537997501772,7.109717202485249,9.727475558874886,-0.3404009279988658,7.966784392082159,20.054188373189536,3.993611148520774,-13.666702851801066,36.56542691377354,40.058538782146805,37.76532539134764,14.0,2.3934012129205575,35.0,-100,1.0,0.0,1.0,1.0,1.0,1.0,1.0,0.0,0.0,0.0
2026-06-05 15:58:52,0.754883896994798,5.617734790951144,8.374539478446597,-1.2119507913570855,9.049813757321935,17.26094012920171,1.0760574145688437,-13.814083769685299,36.67892565048614,40.11610381277837,37.81387275936362,14.0,2.3934012129205575,35.0,-100,1.0,0.0,1.0,1.0,1.0,1.0,1.0,0.0,0.0,0.0
2026-06-05 15:58:53,3.814224698285157,5.334568803109197,4.620554802367894,2.876189550947773,7.57020417938818,16.94779726745705,0.3648149335528892,-14.90231558253208,36.46082052195155,40.49572540950546,37.7048819591495,14.0,2.3934012129205575,35.0,-100,1.0,0.0,1.0,1.0,1.0,1.0,1.0,0.0,0.0,0.0
2026-06-05 15:58:54,1.1387047163440904,9.303405810751123,9.266373470740914,2.699622356071151,5.8422392908953515,20.002223951680513,-0.1414583859680547,-14.081950763604755,36.78187156599696,40.481375414020974,37.859622849961404,14.0,2.3934012129205575,35.0,-100,1.0,0.0,1.0,1.0,1.0,1.0,1.0,0.0,0.0,0.0
2026-06-05 15:58:56,1.4345176146159464,8.716501443996044,7.913042918720677,2.770319828434623,6.35785134720013,19.131461458342468,1.1108031823479179,-12.793967316454376,36.42746235967391,39.954731946664324,37.87999385668592,14.0,2.3934012129205575,35.0,-100,1.0,0.0,1.0,1.0,1.0,1.0,1.0,0.0,0.0,0.0
2026-06-05 15:58:57,1.9277882773814823,6.239107106779966,8.497655069486258,2.863901251010148,10.963165384535152,19.597298745292285,-1.3474780258052528,-12.633190423379634,36.62385449783082,40.37004035922866,38.115651410863016,14.0,2.3934012129205575,35.0,-100,1.0,0.0,1.0,1.0,1.0,1.0,1.0,0.0,0.0,0.0
2026-06-05 15:58:58,-0.16743134296887519,5.255595323323534,7.035938976696832,-1.1243391804098044,8.346229959527257,16.468400143433175,0.3806661255464592,-15.843717345554264,36.67493030469147,40.100666790711806,37.97295559787451,14.0,2.3934012129205575,35.0,-100,1.0,0.0,1.0,1.0,1.0,1.0,1.0,0.0,0.0,0.0
2026-06-05 15:58:59,0.5283716923586801,10.164412203036028,9.269304300760696,1.9877492597381874,9.888273777060588,18.223394790787236,-1.7288496927598032,-12.603904833631892,36.936121490778866,40.5134780946143,38.12003695845792,14.0,2.3934012129205575,35.0,-100,1.0,0.0,1.0,1.0,1.0,1.0,1.0,0.0,0.0,0.0
2026-06-05 15:59:00,3.667651944428732,7.651876822730377,9.629361776272354,0.6968558977990944,8.368015935987584,15.61649637133583,-1.6406347380025075,-12.968491272574486,36.899428346391026,40.45757712728976,37.76859555537952,14.0,2.3934012129205575,35.0,-100,1.0,0.0,1.0,1.0,1.0,1.0,1.0,0.0,0.0,0.0
2026-06-05 15:59:01,4.105520411532504,9.667120068073922,9.595729560544466,-0.6844659271012037,9.511304732695809,20.398343190062064,-0.4011424049323793,-14.629400174272487,36.452584125950565,40.30465236182926,37.990096768173345,14.0,2.3934012129205575,35.0,-100,1.0,0.0,1.0,1.0,1.0,1.0,1.0,0.0,0.0,0.0
2026-06-05 15:59:02,3.1165113346176896,5.4957419743162195,9.462928050162688,0.5701609259033487,10.924249462350376,19.76319902597329,4.2016934846280645,-15.653918443517533,36.89242095026594,40.508716164930604,38.03152570057617,14.0,2.3934012129205575,35.0,-100,1.0,0.0,1.0,1.0,1.0,1.0,1.0,0.0,0.0,0.0
2026-06-05 15:59:04,5.11439582880285,6.295828139610803,4.929773729460591,1.6442188729312388,10.022689491667142,19.081478873863478,0.6311906758009642,-15.9380963671071,36.50886759252455,40.44762386084483,38.04453275963302,14.0,2.3934012129205575,35.0,-100,1.0,0.0,1.0,1.0,1.0,1.0,1.0,0.0,0.0,0.0
2026-06-05 15:59:05,2.9627356613960183,4.91144520555172,10.035608423097532,0.42537416235634407,8.616639057623596,19.719410311484094,-0.191971411871124,-17.897650651954255,36.52851361963989,40.462897600981556,38.010175014273926,14.0,2.3934012129205575,35.0,-100,1.0,0.0,1.0,1.0,1.0,1.0,1.0,0.0,0.0,0.0
2026-06-05 15:59:06,-0.06332669205880759,9.981922399068702,9.050045071724696,2.2030453237524217,9.514048697494845,18.48496057175239,2.0694896911378033,-17.836341445114762,36.96307484622742,40.43963331287855,37.986549055558044,14.0,2.3934012129205575,35.0,-100,1.0,0.0,1.0,1.0,1.0,1.0,1.0,0.0,0.0,0.0
2026-06-05 15:59:07,1.659633671644086,9.113332062122499,9.292462292811969,0.9221686937818001,5.602153770062193,20.905229104139078,-1.7026177413457946,-18.508318447492446,36.80198342993874,40.01509919900483,38.09306947156181,14.0,2.3934012129205575,35.0,-100,1.0,0.0,1.0,1.0,1.0,1.0,1.0,0.0,0.0,0.0
2026-06-05 15:59:09,0.8316875003463415,5.550785669765418,7.382954268901145,0.4189372563264522,9.90681502944,16.28257332912278,0.6000768874673281,-13.708349423777339,36.79018736338145,40.07633772485601,37.938066543530596,14.0,2.3934012129205575,35.0,-100,1.0,0.0,1.0,1.0,1.0,1.0,1.0,0.0,0.0,0.0
2026-06-05 15:59:10,4.358024768292532,7.359458025834551,5.563429409098134,1.3236297055634143,8.520229578090621,15.89288111998321,1.6697616534526438,-15.365574796516189,36.625541400663394,40.4414404020769,37.901451264551405,14.0,2.3934012129205575,35.0,-100,1.0,0.0,1.0,1.0,1.0,1.0,1.0,0.0,0.0,0.0
2026-06-05 15:59:11,0.034874684326902106,7.972570337949421,8.483873843703485,-1.5009357795959373,5.610799573749004,17.534741616254774,-1.539798366250218,-17.896925798167597,36.475621232620256,40.23355411751746,37.96620208795119,14.0,2.3934012129205575,35.0,-100,1.0,0.0,1.0,1.0,1.0,1.0,1.0,0.0,0.0,0.0
2026-06-05 15:59:13,0.2307039709606622,6.4632727925143705,5.150362237361868,2.4668631118057363,10.69472626323945,16.679356199014357,2.906463789368453,-17.75593796503918,36.8357639112856,40.17466999112623,38.049864124041186,14.0,2.3934012129205575,35.0,-100,1.0,0.0,1.0,1.0,1.0,1.0,1.0,0.0,0.0,0.0
2026-06-05 15:59:14,2.351876105889894,5.840870532775824,5.309468392482315,0.4508610767287826,11.378450403553598,20.586231500552252,2.3293267190130704,-14.407611125950208,36.608995916663766,40.49310275203375,37.711447902155506,14.0,2.3934012129205575,35.0,-100,1.0,0.0,1.0,1.0,1.0,1.0,1.0,0.0,0.0,0.0
2026-06-05 15:59:16,1.3949240204103583,10.027127589619253,6.073738800974119,-1.9382940004712395,7.788823075773774,16.586015542202635,1.1209508608452459,-13.71434221283615,36.635056348992464,40.304200004609285,37.84718489227512,14.0,2.3934012129205575,35.0,-100,1.0,0.0,1.0,1.0,1.0,1.0,1.0,0.0,0.0,0.0
2026-06-05 15:59:17,1.4781982797215787,10.290378100220257,4.3790587639570635,-0.5121051043466038,9.095594550217454,19.40960800828418,3.9028786795958217,-13.24083740993593,36.63920145878896,40.19660746964739,38.24422640167487,14.0,2.3934012129205575,35.0,-100,1.0,0.0,1.0,1.0,1.0,1.0,1.0,0.0,0.0,0.0
2026-06-05 15:59:18,1.4714085925627385,5.9278254376640795,4.913275089061739,2.554318067050173,8.632311209268781,20.89522612970205,-1.237876333830826,-14.866629742038011,36.56718933772476,40.310124687624835,37.95255784507319,14.0,2.3934012129205575,35.0,-100,1.0,0.0,1.0,1.0,1.0,1.0,1.0,0.0,0.0,0.0
2026-06-05 15:59:20,5.310009381942213,8.310917106428224,8.446348291824119,1.0122198385635217,8.664356790033263,20.745242527661375,1.2094483271443544,-15.904664553009145,36.44516655073164,40.257787754610746,38.27718868094089,14.0,2.3934012129205575,35.0,-100,1.0,0.0,1.0,1.0,1.0,1.0,1.0,0.0,0.0,0.0
2026-06-05 15:59:21,2.24151778490117,6.2267603538627405,6.231053405636082,-0.6376319060885298,6.420234381166235,20.54055903271123,3.1703876241081055,-15.60553329825118,36.55672288996677,40.34991610527481,38.254895633244125,14.0,2.3934012129205575,35.0,-100,1.0,0.0,1.0,1.0,1.0,1.0,1.0,0.0,0.0,0.0
2026-06-05 15:59:22,-0.19181203112462786,10.419896902615143,4.787829495869719,-1.5840792279145957,11.537864703148802,18.051169902963323,3.7863207455112304,-18.08997444551627,36.561346500681516,40.22193155682064,38.13935634649574,14.0,2.3934012129205575,35.0,-100,1.0,0.0,1.0,1.0,1.0,1.0,1.0,0.0,0.0,0.0
2026-06-05 15:59:23,1.726079566792459,7.117611927644257,6.284799743851732,3.019755193314392,10.590956084947983,18.53298673423075,-1.2049888142070406,-17.65759105463567,36.719275899627675,40.47640259414526,37.865555854137035,14.0,2.3934012129205575,35.0,-100,1.0,0.0,1.0,1.0,1.0,1.0,1.0,0.0,0.0,0.0
2026-06-05 15:59:24,2.7024437395549343,10.070602700604152,8.723728416656233,3.57205512173309,10.458200389300307,17.39470224860746,3.554731500799721,-18.01592530024068,36.89452979436133,40.45357935277796,37.98048768878435,14.0,2.3934012129205575,35.0,-100,1.0,0.0,1.0,1.0,1.0,1.0,1.0,0.0,0.0,0.0
2026-06-05 15:59:25,0.5883966643239642,8.783808441733736,4.8973724254297215,1.9105630529633144,9.998237405080966,15.810926305643019,-1.1465181378638891,-14.975232867516919,36.79998742615461,40.12647287579219,38.196540367639805,14.0,2.3934012129205575,35.0,-100,1.0,0.0,1.0,1.0,1.0,1.0,1.0,0.0,0.0,0.0
2026-06-05 15:59:27,3.0509650972608053,9.74832313988529,4.729691738639799,0.8528521805900966,9.088098841811043,20.543354731424465,0.10563512529470187,-15.73207499083059,36.87246330524655,39.9648675756111,38.137010026912115,14.0,2.3934012129205575,35.0,-100,1.0,0.0,1.0,1.0,1.0,1.0,1.0,0.0,0.0,0.0
2026-06-05 15:59:28,1.8128314852839789,5.997853413839853,7.2902683660496805,-1.2484363297193397,9.615137615192097,20.198100504556002,-0.4060578680553768,-13.092468498058146,36.86630644770377,40.52148381448266,37.94133912722501,14.0,2.3934012129205575,35.0,-100,1.0,0.0,1.0,1.0,1.0,1.0,1.0,0.0,0.0,0.0
2026-06-05 15:59:29,2.6755893248468996,9.33129968785681,9.746485021139623,2.2419007437405867,10.009778100895923,17.475945495800133,-0.053497650358828475,-16.51705102804002,36.43341610207736,40.32587696740202,38.2129340970099,14.0,2.3934012129205575,35.0,-100,1.0,0.0,1.0,1.0,1.0,1.0,1.0,0.0,0.0,0.0
2026-06-05 15:59:30,0.10341123286814691,8.457511422957296,4.737275128718123,0.14972822901383243,8.45560506260636,17.881470272518687,2.7535143055200555,-16.47896745630809,36.55436892454785,40.06619239468553,37.88595461258501,14.0,2.3934012129205575,35.0,-100,1.0,0.0,1.0,1.0,1.0,1.0,1.0,0.0,0.0,0.0
2026-06-05 15:59:32,1.4886658145014067,9.607509075658019,9.297533308969161,-0.8452297425471116,8.36602301024676,21.04658225287342,1.3255009940208788,-17.920546106172395,36.762951161862716,40.435582285547255,38.0479478210157,14.0,2.3934012129205575,35.0,-100,1.0,0.0,1.0,1.0,1.0,1.0,1.0,0.0,0.0,0.0
2026-06-05 15:59:33,2.8105343885425045,5.250941722675306,4.172280535166431,0.07681436620099458,8.45745586303144,15.493586521830544,3.619169257197939,-14.595642252461495,36.48164437423402,40.43843848754341,37.93569428708398,14.0,2.3934012129205575,35.0,-100,1.0,0.0,1.0,1.0,1.0,1.0,1.0,0.0,0.0,0.0
2026-06-05 15:59:34,4.038666013542811,7.073940514091941,9.61413125905858,-0.5364865648477364,11.528645099811062,16.602410530430735,0.963771755486686,-17.482669180744907,36.574922679413916,40.14963664326294,37.76919909945609,14.0,2.3934012129205575,35.0,-100,1.0,0.0,1.0,1.0,1.0,1.0,1.0,0.0,0.0,0.0
2026-06-05 15:59:35,0.601968788239998,6.6609909883436185,6.83193901018784,1.5806528567584834,6.754003689072218,19.4186756661483,-1.349502945232052,-14.058808418759364,36.68930901151957,40.27240488548711,37.70738180214889,14.0,2.3934012129205575,35.0,-100,1.0,0.0,1.0,1.0,1.0,1.0,1.0,0.0,0.0,0.0
2026-06-05 15:59:36,5.246975953299708,8.374063937095016,8.082193073448911,-1.4599785369714313,6.722752782004171,16.355710232051507,0.16073553574375188,-16.436139738266206,36.53855198122118,40.12799090646635,37.8962671969588,14.0,2.3934012129205575,35.0,-100,1.0,0.0,1.0,1.0,1.0,1.0,1.0,0.0,0.0,0.0
2026-06-05 15:59:37,1.7242059203604438,7.416017498200864,8.721698811777058,0.800631029672628,11.459714767753844,16.396116577138212,3.529948925853824,-17.96662444156903,36.412627458161175,40.12791669923618,37.932622132216906,14.0,2.3934012129205575,35.0,-100,1.0,0.0,1.0,1.0,1.0,1.0,1.0,0.0,0.0,0.0
2026-06-05 15:59:38,1.7886350474133077,7.226882627250223,7.561625248771251,-1.058064303339842,5.8258003393793105,20.666393655266535,1.3925607545729255,-13.757330888290287,36.72698834077418,40.446842050137285,37.96702389951866,14.0,2.3934012129205575,35.0,-100,1.0,0.0,1.0,1.0,1.0,1.0,1.0,0.0,0.0,0.0
2026-06-05 15:59:40,4.8550455704297635,8.248167546382144,9.452107077943907,-1.9173439424399956,9.20363276326814,16.351657029497247,-1.3984890848668101,-17.531027227273118,36.92108875638919,40.27552204503423,38.1000456044568,14.0,2.3934012129205575,35.0,-100,1.0,0.0,1.0,1.0,1.0,1.0,1.0,0.0,0.0,0.0
2026-06-05 15:59:41,2.1629576365791507,4.587755720054524,7.0699895219836595,2.26327224781288,9.418296879309658,15.511800816206089,-0.21858080239915223,-16.764787562863447,36.83541677269243,40.0587981378055,38.13828173482034,14.0,2.3934012129205575,35.0,-100,1.0,0.0,1.0,1.0,1.0,1.0,1.0,0.0,0.0,0.0
2026-06-05 15:59:42,1.9413017785933508,8.899012589411079,6.640544465510625,1.7067299411206243,10.009549154909225,16.612604534137528,3.727523204385755,-17.806151133127912,36.525174060853224,40.07676290634799,37.90858289859444,14.0,2.3934012129205575,35.0,-100,1.0,0.0,1.0,1.0,1.0,1.0,1.0,0.0,0.0,0.0
2026-06-05 15:59:44,5.580885921032303,10.027099222025742,5.811316592644362,0.27418001663461133,10.778043076125893,20.00021274960767,1.6778537243043137,-14.738263605402457,36.52025403516692,39.934680687339245,37.818827968204744,14.0,2.3934012129205575,35.0,-100,1.0,0.0,1.0,1.0,1.0,1.0,1.0,0.0,0.0,0.0
2026-06-05 15:59:45,2.8163192615659733,7.731514254015851,5.904209261807616,-0.23101146687042928,6.654613292968545,16.33387467416554,0.7670771054021546,-14.52015768321526,36.93884309804004,40.50517789107902,38.035519435787016,14.0,2.3934012129205575,35.0,-100,1.0,0.0,1.0,1.0,1.0,1.0,1.0,0.0,0.0,0.0
2026-06-05 15:59:46,3.2320620922261076,4.499751432019168,6.712773544282573,-0.45694501401723153,6.908940467409496,16.349450358206536,1.0581637528895276,-13.077316719023226,36.68091137660609,40.1545904535339,38.285415372285016,14.0,2.3934012129205575,35.0,-100,1.0,0.0,1.0,1.0,1.0,1.0,1.0,0.0,0.0,0.0
2026-06-05 15:59:47,5.192196210646671,8.439532604132841,6.331015913350684,3.478193730297364,7.984373501549884,16.351857800606012,3.7750381537026714,-16.011032697167394,36.4420777359826,40.03671795808317,37.86181995993109,14.0,2.3934012129205575,35.0,-100,1.0,0.0,1.0,1.0,1.0,1.0,1.0,0.0,0.0,0.0
2026-06-05 15:59:48,-0.10051057162230936,8.736300861424931,5.016862620755477,3.001444901556587,10.413809715770897,19.336051336603337,0.9226956238375039,-12.787579590879702,36.428198326816805,39.99603698477879,38.07810305918387,14.0,2.3934012129205575,35.0,-100,1.0,0.0,1.0,1.0,1.0,1.0,1.0,0.0,0.0,0.0
2026-06-05 15:59:49,3.9813928946612602,8.896377737814364,5.8135675412867,3.8450487980331856,6.305123168080208,21.297169746907507,3.725618114298049,-16.935705257539567,36.92202816346286,39.9848409073891,37.83355136631758,14.0,2.3934012129205575,35.0,-100,1.0,0.0,1.0,1.0,1.0,1.0,1.0,0.0,0.0,0.0
2026-06-05 15:59:51,0.0011817131424742833,4.873343366362632,7.119540254406273,3.1451265220505533,11.417245209456828,16.429896979661738,1.7619731662463627,-13.757658697626418,36.83429659600691,40.0471927549638,38.23763769645678,14.0,2.3934012129205575,35.0,-100,1.0,0.0,1.0,1.0,1.0,1.0,1.0,0.0,0.0,0.0
2026-06-05 15:59:52,5.513531188766513,8.891693941412875,4.6115014752930685,-0.6337017896835277,8.664917923291654,16.80737431608478,2.9076976657219404,-13.071761326617198,36.60583593149683,40.50408910347563,37.89577119638467,14.0,2.3934012129205575,35.0,-100,1.0,0.0,1.0,1.0,1.0,1.0,1.0,0.0,0.0,0.0
2026-06-05 15:59:53,4.0452173936118445,4.7973836566605454,6.07952971859318,-1.0337424414691103,7.509480522531268,19.023890980368737,-0.5767447343509473,-16.079853298247272,36.573094421322715,40.488679645345975,37.7337341555079,14.0,2.3934012129205575,35.0,-100,1.0,0.0,1.0,1.0,1.0,1.0,1.0,0.0,0.0,0.0
2026-06-05 15:59:54,5.721961663406773,5.00886761777642,8.36365746600541,-0.7703606789671502,6.574997833385379,18.978295003302684,1.4331571066535287,-15.203634151544968,36.90169006161613,40.278598885156114,37.76853195113232,14.0,2.3934012129205575,35.0,-100,1.0,0.0,1.0,1.0,1.0,1.0,1.0,0.0,0.0,0.0
2026-06-05 15:59:55,5.145172651363699,8.785535184940759,5.073022752327134,-0.38213194244424975,9.648461395342231,15.80676986167641,-0.8120289379019212,-15.006050896232818,36.45658662822927,40.05098522777649,38.06888105105826,14.0,2.3934012129205575,35.0,-100,1.0,0.0,1.0,1.0,1.0,1.0,1.0,0.0,0.0,0.0
2026-06-05 15:59:56,2.016576882991484,5.306958996987244,5.230201648675975,1.4168080729703125,7.378787357167303,16.19463549565815,1.1449298409348976,-15.486601008817585,36.53840246807552,40.424108574763395,37.83189619795544,14.0,2.3934012129205575,35.0,-100,1.0,0.0,1.0,1.0,1.0,1.0,1.0,0.0,0.0,0.0
2026-06-05 15:59:58,0.06590989701099748,7.056460220622147,9.132475459375287,-1.6654883821635496,9.557372271304759,15.683036807313627,2.234309927036098,-15.807573424650483,36.68699748989854,40.361597532763795,38.12910763728466,14.0,2.3934012129205575,35.0,-100,1.0,0.0,1.0,1.0,1.0,1.0,1.0,0.0,0.0,0.0
2026-06-05 15:59:59,2.150810699940128,7.758399478051291,7.994737584127528,-0.04513997033372941,11.539095909555204,18.488419686222098,3.606301058660481,-13.643316048123005,36.45112978227379,40.25011826714758,37.71318255318154,14.0,2.3934012129205575,35.0,-100,1.0,0.0,1.0,1.0,1.0,1.0,1.0,0.0,0.0,0.0
2026-06-05 16:00:00,-0.10488175370345942,10.208918359852294,8.432037842198234,3.626800613470193,6.760801853195932,16.096601727366778,0.647415517099609,-13.061185381499689,36.55711332681589,39.9416892984826,37.89049633363907,14.0,2.3934012129205575,35.0,-100,1.0,0.0,1.0,1.0,1.0,1.0,1.0,0.0,0.0,0.0
2026-06-05 16:00:01,5.713659439339476,5.71492317732678,5.472650177823947,-0.5406501204011407,5.674008690222962,20.93056767735778,0.7764543519700164,-13.023099751288612,36.72813630716777,40.51262082422014,38.23205678409961,14.0,2.3934012129205575,35.0,-100,1.0,0.0,1.0,1.0,1.0,1.0,1.0,0.0,0.0,0.0
2026-06-05 16:00:03,2.5140824938206907,5.073090938950273,5.156755726345756,-0.21174638428003245,10.748713513183397,20.502242748792245,2.1934467927954016,-15.247173131971396,36.91809857424471,39.96277355583704,37.750528868918124,14.0,2.3934012129205575,35.0,-100,1.0,0.0,1.0,1.0,1.0,1.0,1.0,0.0,0.0,0.0
2026-06-05 16:00:04,0.37629865062587786,7.064228494338278,7.026753265802715,3.3078363342066854,10.930568615282523,19.617203559867576,-1.7086042952981821,-13.865039849786841,36.64144898586169,40.33018181654959,37.7012662917465,14.0,2.3934012129205575,35.0,-100,1.0,0.0,1.0,1.0,1.0,1.0,1.0,0.0,0.0,0.0
2026-06-05 16:00:05,4.785053114322759,7.954156980312428,7.258941896999171,3.104837064172787,8.227459559857248,18.37676252042511,0.9207576444075731,-16.852625449689818,36.489023926306174,39.92782769972836,38.13598423279641,14.0,2.3934012129205575,35.0,-100,1.0,0.0,1.0,1.0,1.0,1.0,1.0,0.0,0.0,0.0
2026-06-05 16:00:06,1.4519194462056737,6.820436985938335,8.615485139346085,-1.422452170810745,5.978088864641453,19.553735759895055,-1.1167313545442439,-16.392365849273524,36.50085127991837,39.99212478465965,37.99004341980146,14.0,2.3934012129205575,35.0,-100,1.0,0.0,1.0,1.0,1.0,1.0,1.0,0.0,0.0,0.0
2026-06-05 16:00:08,2.341062436543544,5.945396116241671,5.3547520525160754,3.8080807208117653,11.300468777448337,18.080735078719993,2.271818420045297,-16.95965826899448,36.678521504289385,40.194046310430686,38.1762222999479,14.0,2.3934012129205575,35.0,-100,1.0,0.0,1.0,1.0,1.0,1.0,1.0,0.0,0.0,0.0
2026-06-05 16:00:09,2.3483786065427634,4.517731054912138,7.048944119270893,2.4556382931079703,8.05185282819075,18.4585269517855,3.435855607991641,-13.64442140514654,36.888700094707566,40.45893545907952,37.97847328635303,14.0,2.3934012129205575,35.0,-100,1.0,0.0,1.0,1.0,1.0,1.0,1.0,0.0,0.0,0.0
2026-06-05 16:00:10,-0.1124573739681729,6.6046266308701735,7.399874076317772,-0.8233177145906379,7.241212917179118,18.95367240479562,1.9213929010795505,-13.945490716198961,36.801023778767224,40.446193797689176,38.27377178964602,14.0,2.3934012129205575,35.0,-100,1.0,0.0,1.0,1.0,1.0,1.0,1.0,0.0,0.0,0.0
2026-06-05 16:00:11,0.9431361330022916,6.451831418251388,9.98456309273058,3.6565869623487393,5.716026801805704,19.577511532254434,1.7462335926296162,-15.854236643718483,36.68291168868866,40.179164833086574,38.29660410025891,14.0,2.3934012129205575,35.0,-100,1.0,0.0,1.0,1.0,1.0,1.0,1.0,0.0,0.0,0.0
2026-06-05 16:00:13,5.184960362554996,5.938599303862571,8.71628805728774,2.9171941853757737,11.345048126567628,18.388067729759204,0.6981842367833484,-15.08360013378166,36.41558638218876,40.12470208381223,37.7176342845708,14.0,2.3934012129205575,35.0,-100,1.0,0.0,1.0,1.0,1.0,1.0,1.0,0.0,0.0,0.0
2026-06-05 16:00:14,1.7711854106565874,7.4244169141282,8.143666110821501,1.720181174636207,11.457375707070799,18.673700975275892,1.081418107764558,-12.650842520003401,36.89749110481573,40.30338608639077,38.116653671200126,14.0,2.3934012129205575,35.0,-100,1.0,0.0,1.0,1.0,1.0,1.0,1.0,0.0,0.0,0.0
2026-06-05 16:00:15,5.300387767036572,9.66465129749552,9.834686294225735,3.909703629166218,8.74043714863754,15.58181808972321,-1.289807355765468,-15.812695553668384,36.66091742454767,40.133683804456815,38.10184404744677,14.0,2.3934012129205575,35.0,-100,1.0,0.0,1.0,1.0,1.0,1.0,1.0,0.0,0.0,0.0
2026-06-05 16:00:17,4.290820046573399,9.965258982423876,4.946309304140719,-0.5262178225026339,7.097324284553644,19.890198179594552,1.1237933618747942,-12.606731425445176,36.97114451614229,40.105091868721935,37.76305904711584,14.0,2.3934012129205575,35.0,-100,1.0,0.0,1.0,1.0,1.0,1.0,1.0,0.0,0.0,0.0
2026-06-05 16:00:18,1.8965081936477146,10.1251501302593,5.550855776424296,0.9212539781823215,6.3524347923135345,18.119254742421987,4.162577272665697,-12.586711275826428,36.66485306787686,40.275464020928894,37.70495289081995,14.0,2.3934012129205575,35.0,-100,1.0,0.0,1.0,1.0,1.0,1.0,1.0,0.0,0.0,0.0
2026-06-05 16:00:19,0.04846127668670963,7.8910290779818935,4.662109244648683,2.9141821222955357,9.985399503617229,15.31710729137513,0.38333644385912224,-16.465540812399404,36.95750715433164,40.4996919573037,37.877982715005686,14.0,2.3934012129205575,35.0,-100,1.0,0.0,1.0,1.0,1.0,1.0,1.0,0.0,0.0,0.0
2026-06-05 16:00:20,2.591377824370137,9.397222000934597,7.4325728847587,2.300070784558799,11.33311803463004,15.780789195687582,1.2753560971684466,-15.420043983171176,36.566312933148396,39.95974302058148,38.202196956383105,14.0,2.3934012129205575,35.0,-100,1.0,0.0,1.0,1.0,1.0,1.0,1.0,0.0,0.0,0.0
2026-06-05 16:00:21,0.49941845025098885,8.016764796628195,7.468212352761413,-1.0074752013530714,5.765777441541768,18.562058111676517,-0.2308574502417038,-15.514311612223995,36.96903194320144,40.03052883353246,38.16625220063342,14.0,2.3934012129205575,35.0,-100,1.0,0.0,1.0,1.0,1.0,1.0,1.0,0.0,0.0,0.0
2026-06-05 16:00:23,2.543182857202363,5.4281146028039675,9.694966169586651,0.45282647515918395,9.57383692862766,19.779448983046073,-0.9895262281444026,-18.02657677805832,36.48083984466229,40.453110195841354,38.06956802868828,14.0,2.3934012129205575,35.0,-100,1.0,0.0,1.0,1.0,1.0,1.0,1.0,0.0,0.0,0.0
2026-06-05 16:00:24,1.1995633061841893,10.348643000252252,8.771896973031728,-1.3298103331641542,8.621900995099583,18.102069343944095,0.29539987558092706,-18.057336583525146,36.43171139899281,40.32905378468184,38.20312855410996,14.0,2.3934012129205575,35.0,-100,1.0,0.0,1.0,1.0,1.0,1.0,1.0,0.0,0.0,0.0
2026-06-05 16:00:25,-0.01975912943555347,9.02576912292264,8.099544393018583,-1.7190515914260787,6.3725933620575415,18.816269059896026,0.18655847310427465,-13.35348878696315,36.910517836027786,39.98363050542665,37.964301091621635,14.0,2.3934012129205575,35.0,-100,1.0,0.0,1.0,1.0,1.0,1.0,1.0,0.0,0.0,0.0
2026-06-05 16:00:26,2.1910165182760046,6.372421321727801,5.996407578149441,2.9038730172705733,5.958480205243189,19.18412940006725,2.4723923772789806,-13.188448904280056,36.98781610220066,40.25935273016379,37.98939775219916,14.0,2.3934012129205575,35.0,-100,1.0,0.0,1.0,1.0,1.0,1.0,1.0,0.0,0.0,0.0
2026-06-05 16:00:27,0.5233768495068651,9.794044964069776,7.887353054252586,-1.70131215149374,10.27634590398267,15.8575647190859,-0.27289438813187705,-12.586950646186969,36.7133834037402,40.21907601724323,38.072563324154544,14.0,2.3934012129205575,35.0,-100,1.0,0.0,1.0,1.0,1.0,1.0,1.0,0.0,0.0,0.0
2026-06-05 16:00:28,3.790353773652723,9.646145976939534,7.220329486007392,2.342785994672801,10.2610186550808,16.934354244921195,1.5906073938533254,-16.561978223941384,36.50036083605174,39.98262961768715,37.76395047812862,14.0,2.3934012129205575,35.0,-100,1.0,0.0,1.0,1.0,1.0,1.0,1.0,0.0,0.0,0.0
2026-06-05 16:00:30,-0.2282806222349083,6.497717934981528,9.239357155621853,2.3158148985405793,7.408313312061395,19.583822279467082,3.978901087300991,-16.211933257281085,36.8392988026821,40.36235845355031,38.053080497354884,14.0,2.3934012129205575,35.0,-100,1.0,0.0,1.0,1.0,1.0,1.0,1.0,0.0,0.0,0.0
2026-06-05 16:00:31,4.244805702805885,7.876018811356775,4.2261061318401065,2.173211150082712,7.024625472729552,17.028731657217783,0.5292983124020942,-14.7276624653317,36.621307534611766,40.025284665884385,37.94942839901592,14.0,2.3934012129205575,35.0,-100,1.0,0.0,1.0,1.0,1.0,1.0,1.0,0.0,0.0,0.0
2026-06-05 16:00:32,0.23204600438766487,9.689887850532099,9.450513032996792,3.0398387883017595,6.8316663584699375,19.14487836464464,3.548176700033112,-15.1060292479205,36.69527376460851,39.96451642413634,37.946340689478134,14.0,2.3934012129205575,35.0,-100,1.0,0.0,1.0,1.0,1.0,1.0,1.0,0.0,0.0,0.0
2026-06-05 16:00:33,1.6978265133263233,6.421872825592708,9.176500111195095,-1.2918217442628253,8.228715574454537,16.73092738607026,1.2776508722212592,-17.74714313747594,36.42473941036921,40.30898444228711,38.1771081221433,14.0,2.3934012129205575,35.0,-100,1.0,0.0,1.0,1.0,1.0,1.0,1.0,0.0,0.0,0.0
2026-06-05 16:00:35,1.53831896234832,8.330460408676867,6.358163190545949,-0.20841286092478906,7.775362222812847,18.4683353629246,0.4623509047888632,-14.865391477547286,36.87955244727239,40.279740791920105,37.92380560238798,14.0,2.3934012129205575,35.0,-100,1.0,0.0,1.0,1.0,1.0,1.0,1.0,0.0,0.0,0.0
2026-06-05 16:00:36,3.2726497672930925,7.57093475211353,6.980519285885867,2.1721257758970465,9.943615537901726,19.865483350904803,-0.38189957508311156,-16.241128145746437,36.679378733867345,39.97374045053669,38.2117717905109,14.0,2.3934012129205575,35.0,-100,1.0,0.0,1.0,1.0,1.0,1.0,1.0,0.0,0.0,0.0
2026-06-05 16:00:37,0.31883206473601344,8.477630403488638,5.623489158527183,-1.1530837632933437,10.573204683755128,18.293299738044517,3.5868548868459085,-16.338883124917484,36.51460891843364,40.059853188475266,37.724076481149936,14.0,2.3934012129205575,35.0,-100,1.0,0.0,1.0,1.0,1.0,1.0,1.0,0.0,0.0,0.0
2026-06-05 16:00:38,1.7942118262020301,8.076585889999745,5.573273745003413,2.342995471924887,10.005370792188,19.70270142259118,3.4342794470406393,-18.483845779312887,36.42252215024801,40.085443084259204,38.24255371333273,14.0,2.3934012129205575,35.0,-100,1.0,0.0,1.0,1.0,1.0,1.0,1.0,0.0,0.0,0.0
2026-06-05 16:00:40,3.6180408183605746,9.096822632703658,6.089384031677875,0.2616583676008828,10.192042765719666,17.695252314914704,0.31550869721814756,-13.911334820869213,36.634145062694344,40.24276734543845,37.818059203524385,14.0,2.3934012129205575,35.0,-100,1.0,0.0,1.0,1.0,1.0,1.0,1.0,0.0,0.0,0.0
2026-06-05 16:00:41,5.4250077465650435,4.775021653196118,9.449569369040184,1.4588735702330347,7.727551985560777,18.5392894224953,2.401183488197372,-18.187037947755286,36.40187000934622,39.984252995073604,37.78966402163735,14.0,2.3934012129205575,35.0,-100,1.0,0.0,1.0,1.0,1.0,1.0,1.0,0.0,0.0,0.0
2026-06-05 16:00:42,1.2526868576641856,8.922601482090624,5.150575973877113,0.7777486452131042,6.750175311402089,15.383706521512686,-0.5354026581104727,-14.68323125526718,36.99492678026684,40.10846741419869,37.76133789496094,14.0,2.3934012129205575,35.0,-100,1.0,0.0,1.0,1.0,1.0,1.0,1.0,0.0,0.0,0.0
2026-06-05 16:00:44,1.0066776463433593,8.932585505046152,7.605696328651574,0.06701465116128791,6.279210790864397,19.121647981922248,2.9094019091611054,-16.316006903891637,36.57078777412644,40.28209079915276,37.97808294975781,14.0,2.3934012129205575,35.0,-100,1.0,0.0,1.0,1.0,1.0,1.0,1.0,0.0,0.0,0.0
2026-06-05 16:00:45,3.1432252525668023,5.10594311947805,9.412097330607397,-0.09656272181086334,10.702948987673555,18.34088335594173,1.1599177950137207,-12.84748443616824,36.91093543424937,40.42596450909465,38.11021318073078,14.0,2.3934012129205575,35.0,-100,1.0,0.0,1.0,1.0,1.0,1.0,1.0,0.0,0.0,0.0
2026-06-05 16:00:46,5.271030504541344,9.8738695450531,7.907296745497631,3.26205449540545,10.466450964384272,17.963247765273856,2.7981050954072266,-16.715676164745826,36.73107312871244,39.92969322927847,37.700329598041805,14.0,2.3934012129205575,35.0,-100,1.0,0.0,1.0,1.0,1.0,1.0,1.0,0.0,0.0,0.0
2026-06-05 16:00:47,3.9204574989906273,9.773469313629002,6.818352854357836,-1.3678503172885694,7.733222794603987,15.751050518523597,2.4980338943262153,-13.690069161434044,36.762583399939196,40.45692658210498,38.18548669754184,14.0,2.3934012129205575,35.0,-100,1.0,0.0,1.0,1.0,1.0,1.0,1.0,0.0,0.0,0.0
2026-06-05 16:00:49,4.195091352807564,7.480042390706027,5.255419887581713,2.9921649016648066,10.397523280683627,15.64865334349252,0.13284601655960948,-13.63401004447854,36.63892732119095,40.19272235272024,37.99223809148467,14.0,2.3934012129205575,35.0,-100,1.0,0.0,1.0,1.0,1.0,1.0,1.0,0.0,0.0,0.0
2026-06-05 16:00:50,2.3896115186006033,7.354443038063337,7.761979937043456,-1.788644373969844,5.9618096046351345,18.332990549437454,1.2908065888991587,-16.25493693807993,36.40873277241507,40.36865749555077,37.738028245650106,14.0,2.3934012129205575,35.0,-100,1.0,0.0,1.0,1.0,1.0,1.0,1.0,0.0,0.0,0.0
2026-06-05 16:00:51,1.6513727768829287,9.802773112295773,8.04212338068251,2.4220756333521605,10.112102569811533,20.722802326115286,-1.1976948863176835,-16.548284308059024,36.91747963227288,40.02511652200477,38.03205260515823,14.0,2.3934012129205575,35.0,-100,1.0,0.0,1.0,1.0,1.0,1.0,1.0,0.0,0.0,0.0
2026-06-05 16:00:52,2.8037044129745423,5.585718080625286,8.817110802122743,-0.6762584934288149,10.820670124641165,16.085620512014707,1.0029990840118304,-18.370898709697766,36.98006929177256,40.105050201887714,38.06961813046189,14.0,2.3934012129205575,35.0,-100,1.0,0.0,1.0,1.0,1.0,1.0,1.0,0.0,0.0,0.0
2026-06-05 16:00:53,1.4268910935021555,10.468258894501673,6.952351536589263,-0.461209879374326,9.326497882714563,19.86330782706156,2.756933296051039,-16.03404702542354,36.566736156750025,40.452458999955496,38.24919526785344,14.0,2.3934012129205575,35.0,-100,1.0,0.0,1.0,1.0,1.0,1.0,1.0,0.0,0.0,0.0
2026-06-05 16:00:54,3.7103914552406554,9.580097955715846,5.545479987710611,3.1026060376676883,9.136877374192675,18.459203131854963,4.051925802146532,-14.41495682256886,36.83705698363232,39.932989059462166,38.06095720877841,14.0,2.3934012129205575,35.0,-100,1.0,0.0,1.0,1.0,1.0,1.0,1.0,0.0,0.0,0.0
2026-06-05 16:00:56,1.0860633765573018,9.061692753817901,8.934174613883576,1.7071524044008113,8.66512290257441,19.56178661092266,-0.6874191130575742,-14.669782008738345,36.68457244455593,40.273966935170286,37.87168680345929,14.0,2.3934012129205575,35.0,-100,1.0,0.0,1.0,1.0,1.0,1.0,1.0,0.0,0.0,0.0
2026-06-05 16:00:57,0.09140832342223515,6.753364834861076,8.650622365391708,-0.46891595822392285,6.075582768061636,15.783265666882507,1.2477807218845163,-12.793621940550995,36.970857255080745,40.136736173006206,38.022547864106286,14.0,2.3934012129205575,35.0,-100,1.0,0.0,1.0,1.0,1.0,1.0,1.0,0.0,0.0,0.0
2026-06-05 16:00:58,5.009633646215268,8.558320486793876,9.25308364650943,3.1439645335672433,11.005935877608412,20.359524881233373,-1.2696166440076015,-12.864462555653738,36.70109500545237,40.49988253302879,37.901878193033426,14.0,2.3934012129205575,35.0,-100,1.0,0.0,1.0,1.0,1.0,1.0,1.0,0.0,0.0,0.0
2026-06-05 16:00:59,0.08741850220338865,6.8512118271950655,6.2920278432520655,-1.3072786768499514,9.590149138072444,20.515625284650724,2.557075939869992,-14.963037782394828,36.58928286328648,40.35296892023834,38.113143161333696,14.0,2.3934012129205575,35.0,-100,1.0,0.0,1.0,1.0,1.0,1.0,1.0,0.0,0.0,0.0
2026-06-05 16:01:00,5.020110313977997,5.162391617391722,9.836102349172084,-1.8285664298715014,11.569387065603777,18.911618982683173,0.8235290007960385,-15.840736440023095,36.673562932637154,40.345177615632515,37.76854599439069,14.0,2.3934012129205575,35.0,-100,1.0,0.0,1.0,1.0,1.0,1.0,1.0,0.0,0.0,0.0
2026-06-05 16:01:01,5.545265800122546,6.451509532932232,7.697312763357745,-0.9915247154824494,7.376680723307906,20.70130474649283,-0.37055492946022084,-16.23133032173481,36.761713308372954,40.03264004388994,37.70016929332261,14.0,2.3934012129205575,35.0,-100,1.0,0.0,1.0,1.0,1.0,1.0,1.0,0.0,0.0,0.0
2026-06-05 16:01:02,4.159379291905508,10.242306396412484,8.402091497438516,-1.001964572995317,10.737559543314227,17.01621725747664,3.0146935752311688,-16.01053978126038,36.807478822863395,39.95732113797708,37.9063636731709,14.0,2.3934012129205575,35.0,-100,1.0,0.0,1.0,1.0,1.0,1.0,1.0,0.0,0.0,0.0
2026-06-05 16:01:04,5.399855093958965,7.9153706820454035,7.744507133229037,-1.7958371531181179,8.434201813357909,16.71681326183063,-0.08978164667242905,-17.080014872710276,36.49452597356158,40.23001181671823,38.10380691605433,14.0,2.3934012129205575,35.0,-100,1.0,0.0,1.0,1.0,1.0,1.0,1.0,0.0,0.0,0.0
2026-06-05 16:01:05,0.5460072121387927,5.756796132073991,8.885066618609983,2.744328473171363,11.25827609500142,21.263291019263747,1.5831031536002045,-15.445033149995009,36.44265930856463,40.070454214719966,38.12968103893114,14.0,2.3934012129205575,35.0,-100,1.0,0.0,1.0,1.0,1.0,1.0,1.0,0.0,0.0,0.0
2026-06-05 16:01:06,3.8771245841566735,7.43265660955789,9.661734992081755,-1.4745581782473454,7.845279225720251,20.131860934205267,1.9641489970306427,-16.052709947607465,36.93301156563743,40.17726389476877,38.03854895094306,14.0,2.3934012129205575,35.0,-100,1.0,0.0,1.0,1.0,1.0,1.0,1.0,0.0,0.0,0.0
2026-06-05 16:01:07,3.0272228571675077,5.113781086829059,4.413372309893239,3.4903224838452713,9.43538165017604,19.73704147400811,-1.3357889841550779,-16.207175190299708,36.693097714188085,40.197117470101205,37.963773293026414,14.0,2.3934012129205575,35.0,-100,1.0,0.0,1.0,1.0,1.0,1.0,1.0,0.0,0.0,0.0
2026-06-05 16:01:08,4.633021138393768,9.842221269305538,7.4903330835908575,3.2484381038482146,9.56103037591386,20.12033859439029,-0.9240287924677761,-18.177270765178154,36.40004384646343,40.31997221272306,38.01955883105681,14.0,2.3934012129205575,35.0,-100,1.0,0.0,1.0,1.0,1.0,1.0,1.0,0.0,0.0,0.0
2026-06-05 16:01:09,1.6549743273094428,6.309970739916569,5.761681368777653,0.8144546190028938,10.221329743985724,16.4321839101429,-0.729983641169534,-16.191392219055814,36.6387323179652,39.99663022679989,37.984070939697794,14.0,2.3934012129205575,35.0,-100,1.0,0.0,1.0,1.0,1.0,1.0,1.0,0.0,0.0,0.0
2026-06-05 16:01:11,-0.10480199563381642,6.671739471271492,4.211527435323992,2.441507017297039,7.993127265554819,20.830323997235293,2.925005014157227,-14.195494699602461,36.89070231472056,40.261712978372685,38.07827235880999,14.0,2.3934012129205575,35.0,-100,1.0,0.0,1.0,1.0,1.0,1.0,1.0,0.0,0.0,0.0
2026-06-05 16:01:12,5.1277693256863435,10.067381194803566,7.078431835010227,0.0054405702184485705,10.729861556683318,16.680434313812857,2.04654373083,-17.54199840816392,36.40400534392797,40.2899172821209,38.24141047079642,14.0,2.3934012129205575,35.0,-100,1.0,0.0,1.0,1.0,1.0,1.0,1.0,0.0,0.0,0.0
2026-06-05 16:01:14,5.404256618397093,7.237162684479024,7.150850649001132,3.647389321247318,7.263292696318028,17.3392537748964,-1.2297018381044724,-12.609133429569233,36.40069278128435,40.50351908495792,37.79486724607148,14.0,2.3934012129205575,35.0,-100,1.0,0.0,1.0,1.0,1.0,1.0,1.0,0.0,0.0,0.0
2026-06-05 16:01:15,4.786422815606525,5.013365578525951,5.8470769680518435,2.28471373660832,7.293119355326004,19.096727252945072,0.18800540802657784,-17.94255598803847,36.589781786642405,40.46004373571928,38.02476900420864,14.0,2.3934012129205575,35.0,-100,1.0,0.0,1.0,1.0,1.0,1.0,1.0,0.0,0.0,0.0
2026-06-05 16:01:17,3.0306592823459675,9.937112091665991,7.555964931281763,-1.1532939566660216,9.909928592772808,17.862594732104046,3.565141973752244,-17.796663734795416,36.46356309204184,40.38144478256548,37.942305065398315,14.0,2.3934012129205575,35.0,-100,1.0,0.0,1.0,1.0,1.0,1.0,1.0,0.0,0.0,0.0
2026-06-05 16:01:18,3.808875230481826,9.7410004744439,5.524341715374209,4.02025684250225,8.460571895215054,20.41309633454116,1.3217718934868068,-13.169129450654948,36.78502874716994,40.07338098118257,37.793627473809174,14.0,2.3934012129205575,35.0,-100,1.0,0.0,1.0,1.0,1.0,1.0,1.0,0.0,0.0,0.0
2026-06-05 16:01:20,5.312631406574254,8.668497866676981,9.652465130092013,-0.2123345114309365,6.742025494244658,20.44357074035107,0.4430163756524532,-14.502646493524434,36.555231835508685,40.19777829577418,37.915226545552954,14.0,2.3934012129205575,35.0,-100,1.0,0.0,1.0,1.0,1.0,1.0,1.0,0.0,0.0,0.0
2026-06-05 16:01:21,4.571117763433863,6.94453820687492,7.586409799954492,2.637920942996261,7.58954092655106,20.43185252409862,-0.4880800218350938,-15.238963160549686,36.82018613338627,40.28392601981122,38.25791240070281,14.0,2.3934012129205575,35.0,-100,1.0,0.0,1.0,1.0,1.0,1.0,1.0,0.0,0.0,0.0
2026-06-05 16:01:22,-0.010256709171271972,5.744869068617425,5.132415340424538,2.8136322069214597,9.672866916321016,20.225696554840944,3.6690251524759123,-17.47734911540895,36.58584029154111,39.92645823081638,37.89285462663235,14.0,2.3934012129205575,35.0,-100,1.0,0.0,1.0,1.0,1.0,1.0,1.0,0.0,0.0,0.0
2026-06-05 16:01:23,1.5744508263917352,7.006362140210857,8.969227648149797,-0.6608206794757858,6.989830463178655,21.07599799997883,2.556455569104801,-15.8154044801099,36.70809627948712,40.39144324916878,38.02067637871566,14.0,2.3934012129205575,35.0,-100,1.0,0.0,1.0,1.0,1.0,1.0,1.0,0.0,0.0,0.0
2026-06-05 16:01:24,-0.12659946432296199,5.058115753650153,6.216194177241749,3.3820052325277947,10.03042589185432,18.686194162750226,1.4928396143648897,-13.227932925015264,36.95238671154944,40.147205776022695,37.71445359142632,14.0,2.3934012129205575,35.0,-100,1.0,0.0,1.0,1.0,1.0,1.0,1.0,0.0,0.0,0.0
2026-06-05 16:01:26,5.347495834261745,7.570749084762126,5.482804065634093,1.2963015713832373,10.164713322217278,18.75054328250458,-1.318981260604124,-15.718070514355658,36.54642951479827,40.0303945307922,38.278751078965456,14.0,2.3934012129205575,35.0,-100,1.0,0.0,1.0,1.0,1.0,1.0,1.0,0.0,0.0,0.0
2026-06-05 16:01:27,1.1431897385305938,7.720280088904577,4.7153489933318795,-1.3649062607702938,6.692722643610334,19.452612501741847,4.132266807517392,-17.628877501167242,36.70075449204239,40.327794409091034,37.8685347411821,14.0,2.3934012129205575,35.0,-100,1.0,0.0,1.0,1.0,1.0,1.0,1.0,0.0,0.0,0.0
2026-06-05 16:01:28,5.596737632697452,7.508760398723174,5.759698238401757,2.9939666458634067,7.181982358580611,19.688507055383234,1.8497875056240227,-13.52095414522635,36.97780699876881,40.42895081618805,38.24216696302269,14.0,2.3934012129205575,35.0,-100,1.0,0.0,1.0,1.0,1.0,1.0,1.0,0.0,0.0,0.0
2026-06-05 16:01:30,2.688731435751714,5.837994190724198,5.895728363506542,-0.765742852549887,5.657508384502831,17.124542343263315,3.4255488799182006,-14.186165027852436,36.4643789398173,40.384181980478616,37.960948333708814,14.0,2.3934012129205575,35.0,-100,1.0,0.0,1.0,1.0,1.0,1.0,1.0,0.0,0.0,0.0
2026-06-05 16:01:31,4.708190985870153,8.850155317842155,4.619179532956014,0.4515719946884955,11.391192753825003,16.145871486887522,0.20677277341090194,-14.641091927921448,36.71219681545604,40.18807212829637,37.95073190593809,14.0,2.3934012129205575,35.0,-100,1.0,0.0,1.0,1.0,1.0,1.0,1.0,0.0,0.0,0.0
2026-06-05 16:01:33,0.05481648462918809,8.72404789315539,8.371036519525212,1.0231320832210535,6.16476057059049,18.221147776710946,2.7176956073621357,-18.22147595437384,36.81583344490258,40.09970400778586,37.779489104733905,14.0,2.3934012129205575,35.0,-100,1.0,0.0,1.0,1.0,1.0,1.0,1.0,0.0,0.0,0.0
2026-06-05 16:01:34,4.548038562820939,8.53834235978196,9.424881702432987,0.09018031053671072,8.186118834198854,20.836901542888054,-0.985713352539638,-16.997775551218428,36.77763781906612,40.135841919028486,37.94356410184276,14.0,2.3934012129205575,35.0,-100,1.0,0.0,1.0,1.0,1.0,1.0,1.0,0.0,0.0,0.0
2026-06-05 16:01:35,-0.07247146610271304,9.84490271016605,5.107004891194431,0.9710313742637751,10.045565576989063,17.439260822498696,3.846748964079003,-13.609451078619353,36.57197691796786,40.246394059450076,37.82162572459152,14.0,2.3934012129205575,35.0,-100,1.0,0.0,1.0,1.0,1.0,1.0,1.0,0.0,0.0,0.0
2026-06-05 16:01:36,2.5142179694398017,8.811593815705253,4.758616132549526,-1.7636390561727486,10.340597035235872,18.111608083631495,3.323697981739235,-15.478572675334128,36.533934639707276,40.348170572777676,38.16055865507973,14.0,2.3934012129205575,35.0,-100,1.0,0.0,1.0,1.0,1.0,1.0,1.0,0.0,0.0,0.0
2026-06-05 16:01:38,3.7240352076912817,7.491265302905534,8.42887347365743,-0.9742654674655791,9.460849009975924,15.866629506858509,-0.5672066870266146,-15.811113878458182,36.60322761585392,40.10770614035538,37.8454705763701,14.0,2.3934012129205575,35.0,-100,1.0,0.0,1.0,1.0,1.0,1.0,1.0,0.0,0.0,0.0
2026-06-05 16:01:39,4.972338582839652,7.841967923298236,8.623369822437562,2.8566509847862527,9.47944965913255,19.198436992688432,2.381569029046612,-14.371033072449814,36.5403073017907,40.2056527711401,37.884473284239995,14.0,2.3934012129205575,35.0,-100,1.0,0.0,1.0,1.0,1.0,1.0,1.0,0.0,0.0,0.0
2026-06-05 16:01:40,2.5802770957910663,6.77714204003093,4.661134271761433,0.9475476367940399,5.6580203217014695,19.76994665343274,-0.35330985583216346,-13.607550964774134,36.98216293741468,40.26406722546666,37.80220632294294,14.0,2.3934012129205575,35.0,-100,1.0,0.0,1.0,1.0,1.0,1.0,1.0,0.0,0.0,0.0
2026-06-05 16:01:42,0.07159960516021169,8.107279849627556,10.035755923594852,3.3006771607805465,11.130053321134099,18.360366002795864,0.9496048434144155,-13.619723225878126,36.904145309909005,40.35102869790589,37.951961373181426,14.0,2.3934012129205575,35.0,-100,1.0,0.0,1.0,1.0,1.0,1.0,1.0,0.0,0.0,0.0
2026-06-05 16:01:43,0.10978107502836609,8.220583025966366,5.301342884972484,2.524815948320609,6.879747838709507,16.505294683083203,-1.0937355240156066,-18.4707427977768,36.992626855872466,39.959541311283296,38.16684444301374,14.0,2.3934012129205575,35.0,-100,1.0,0.0,1.0,1.0,1.0,1.0,1.0,0.0,0.0,0.0
2026-06-05 16:01:44,1.8367802272674618,9.033370575820769,9.179038150315444,0.9894134825106007,10.405803424593486,17.25428032143578,-0.18009083527108571,-13.591395103865912,36.57203137940898,40.360844918317106,38.05286517526225,14.0,2.3934012129205575,35.0,-100,1.0,0.0,1.0,1.0,1.0,1.0,1.0,0.0,0.0,0.0
2026-06-05 16:01:46,3.0884419891263466,7.8591678377453595,9.781880746804648,-1.7064924696435195,5.588582996852719,15.320840846626174,-0.9952478094725845,-15.877691405935026,36.50850950854653,40.0721344315104,37.74430746654464,14.0,2.3934012129205575,35.0,-100,1.0,0.0,1.0,1.0,1.0,1.0,1.0,0.0,0.0,0.0
2026-06-05 16:01:47,5.154755228500657,4.758941929005266,4.2347486545862365,-1.5041069590731642,8.831746466543233,21.182797937359922,4.111675023676635,-15.059911662427837,36.7714915695308,40.36580162507511,38.14202364449738,14.0,2.3934012129205575,35.0,-100,1.0,0.0,1.0,1.0,1.0,1.0,1.0,0.0,0.0,0.0
2026-06-05 16:01:48,4.855484919654197,8.137024739605224,5.358706325006349,1.3939058927818557,6.086893513837118,16.12392025461666,3.440513613452919,-17.714672851753242,36.78485173943744,40.25578591223619,38.01122608324193,14.0,2.3934012129205575,35.0,-100,1.0,0.0,1.0,1.0,1.0,1.0,1.0,0.0,0.0,0.0
2026-06-05 16:01:50,1.780789175799777,9.022973631778513,6.610585393237155,-1.0867048567155222,6.193471772957977,16.596557467308052,1.6334760771048327,-15.280316565268318,36.78283533296422,40.38167408259779,37.75446677400406,14.0,2.3934012129205575,35.0,-100,1.0,0.0,1.0,1.0,1.0,1.0,1.0,0.0,0.0,0.0
2026-06-05 16:01:51,5.48719554008883,5.759916368216788,8.828521297890985,4.004344671648861,6.174105441427383,21.04631804454538,3.298498171177293,-17.603224787661556,36.716285121570856,40.016804346978695,38.275689141024124,14.0,2.3934012129205575,35.0,-100,1.0,0.0,1.0,1.0,1.0,1.0,1.0,0.0,0.0,0.0
2026-06-05 16:01:52,0.07442231263127397,5.149113390601507,7.758849220127342,0.508335103748252,10.09689384100269,17.373133480141142,-1.0271029863127552,-16.653381516666553,36.66705985981463,40.42319171301239,38.177744502330526,14.0,2.3934012129205575,35.0,-100,1.0,0.0,1.0,1.0,1.0,1.0,1.0,0.0,0.0,0.0
2026-06-05 16:01:53,1.3564607578655998,9.18401336408493,6.202502975111681,0.19684853880670072,11.03109040134796,16.296396453866233,3.241557439203432,-15.368033614099655,36.83237309903818,40.22251891686429,37.837785188439945,14.0,2.3934012129205575,35.0,-100,1.0,0.0,1.0,1.0,1.0,1.0,1.0,0.0,0.0,0.0
2026-06-05 16:01:54,0.5302238152950958,8.933522138270462,6.52551437679285,0.19265097453719715,7.029474092407371,18.36984742637606,-0.27102650057660993,-13.284377592648806,36.63318341950983,39.92576572121781,38.16401930111682,14.0,2.3934012129205575,35.0,-100,1.0,0.0,1.0,1.0,1.0,1.0,1.0,0.0,0.0,0.0
2026-06-05 16:01:55,1.494077119617017,4.766123884061106,9.71150215552874,-1.5441336534621781,10.487903552289275,16.011175735214234,1.7763014762657363,-17.255187474584382,36.631393983018036,40.02629800220107,37.89561029292594,14.0,2.3934012129205575,35.0,-100,1.0,0.0,1.0,1.0,1.0,1.0,1.0,0.0,0.0,0.0
2026-06-05 16:01:56,-0.2127215537456748,4.94210575635563,9.514777570057607,2.3261503755848487,6.533560814958689,17.54169452249667,3.7501632209558364,-15.536771067834005,36.86924601987225,39.96687296486337,37.96726838865416,14.0,2.3934012129205575,35.0,-100,1.0,0.0,1.0,1.0,1.0,1.0,1.0,0.0,0.0,0.0
2026-06-05 16:01:57,5.633050076837927,7.6951472574857025,7.355637529450634,1.1596161065581332,8.951310784596444,18.19284047656702,-0.8550985096652743,-15.44034122418973,36.50991666524415,40.345871346736246,37.91325889434779,14.0,2.3934012129205575,35.0,-100,1.0,0.0,1.0,1.0,1.0,1.0,1.0,0.0,0.0,0.0
2026-06-05 16:01:59,-0.12364322833355912,7.875836823653841,8.985495938394152,2.990633199273864,8.983890590956388,21.004265693721273,-0.12294939073185018,-15.347167480243607,36.69569464449273,39.98978677635563,38.23549492747408,14.0,2.3934012129205575,35.0,-100,1.0,0.0,1.0,1.0,1.0,1.0,1.0,0.0,0.0,0.0
2026-06-05 16:02:00,0.8603148601803714,8.110159062137066,6.991736209519538,2.041796005495471,9.819761146558605,18.068751826268773,1.1321971281377134,-18.27787501528485,36.591082726590734,39.92754369223613,38.00041764103737,14.0,2.3934012129205575,35.0,-100,1.0,0.0,1.0,1.0,1.0,1.0,1.0,0.0,0.0,0.0
2026-06-05 16:02:02,2.6406808644632918,10.191118993290988,7.0529669022402715,1.7098414789307834,5.595549200254673,19.063512536208442,-1.2976550458825749,-17.900898647253264,36.878450873980256,40.11653068519788,38.21225033194209,14.0,2.3934012129205575,35.0,-100,1.0,0.0,1.0,1.0,1.0,1.0,1.0,0.0,0.0,0.0
2026-06-05 16:02:03,4.4077597494385525,7.1355477887578065,7.372186258577535,-0.12013017731754516,5.747133598124175,17.987056567667207,2.0383496604560607,-17.790356410212937,36.83447220515316,39.99390577629285,38.27236576680445,14.0,2.3934012129205575,35.0,-100,1.0,0.0,1.0,1.0,1.0,1.0,1.0,0.0,0.0,0.0
2026-06-05 16:02:04,0.7130673226918987,9.732789663625397,4.937940915457034,3.187511506718259,6.1176510848965195,20.070890744739344,2.0304703351173226,-17.787729130119686,36.71651988602414,40.20907741825714,38.267925839181,14.0,2.3934012129205575,35.0,-100,1.0,0.0,1.0,1.0,1.0,1.0,1.0,0.0,0.0,0.0
2026-06-05 16:02:06,4.438956141361403,9.717234848655128,7.431492395095619,-1.0287982467564687,6.163480880277305,15.992965932855979,3.484772799242574,-15.226111686474413,36.40221420819261,40.11713368667348,37.77383071694117,14.0,2.3934012129205575,35.0,-100,1.0,0.0,1.0,1.0,1.0,1.0,1.0,0.0,0.0,0.0
2026-06-05 16:02:07,4.115429326018029,10.058919605673807,4.336538637623126,1.0219686896906652,7.604948555265639,20.850908105365804,2.132350409047571,-17.029427769763174,36.77534668459009,39.96791704914329,38.14788168200336,14.0,2.3934012129205575,35.0,-100,1.0,0.0,1.0,1.0,1.0,1.0,1.0,0.0,0.0,0.0
2026-06-05 16:02:09,2.570488969653552,10.231162780283277,4.889304881250857,2.4580143115801123,7.238577022493164,19.611148293195473,4.029387761432448,-14.145497101307523,36.973830740715776,40.20427284070328,38.25300803819376,14.0,2.3934012129205575,35.0,-100,1.0,0.0,1.0,1.0,1.0,1.0,1.0,0.0,0.0,0.0
2026-06-05 16:02:10,5.02490339298822,5.904454423303938,6.272339893778927,-1.9187764390675164,10.049034420424043,18.043465710612693,1.7320275304657073,-14.48012799220258,36.96775587313794,40.35001938695751,38.08264713771599,14.0,2.3934012129205575,35.0,-100,1.0,0.0,1.0,1.0,1.0,1.0,1.0,0.0,0.0,0.0
2026-06-05 16:02:11,2.6141189356956187,9.919895674985277,10.006739697752428,0.38892535226368974,11.498174546382684,16.035812299666865,-0.9605651469127849,-13.841170121155896,36.51386912982021,39.97623524659926,37.76803999287351,14.0,2.3934012129205575,35.0,-100,1.0,0.0,1.0,1.0,1.0,1.0,1.0,0.0,0.0,0.0
2026-06-05 16:02:13,5.65727651346811,5.852668544004689,8.395943439029152,-0.190162656529127,10.57546730709611,17.264784797434103,3.7810648982775543,-15.984417596483649,36.525735004959614,40.083249515173385,37.855228100164766,14.0,2.3934012129205575,35.0,-100,1.0,0.0,1.0,1.0,1.0,1.0,1.0,0.0,0.0,0.0
2026-06-05 16:02:14,5.4106741380220775,4.769711364536212,5.312706704023334,-1.6107483388218493,6.356637528695831,15.63077930250389,0.7570820092593644,-14.112734330698672,36.59418879344711,39.96706766834539,37.71680992576413,14.0,2.3934012129205575,35.0,-100,1.0,0.0,1.0,1.0,1.0,1.0,1.0,0.0,0.0,0.0
2026-06-05 16:02:16,1.46669706859938,7.478314048319954,9.430387706291347,2.566083239113788,10.058029264404396,20.901363131584468,4.074650182396283,-14.38499620910838,36.94695523551788,40.45401237252561,37.85079052288093,14.0,2.3934012129205575,35.0,-100,1.0,0.0,1.0,1.0,1.0,1.0,1.0,0.0,0.0,0.0
2026-06-05 16:02:17,4.293690752053876,8.647745662109788,9.523803779296685,2.4437428049511736,8.630786330323156,16.569991436179826,0.2612803294228301,-14.441809939859505,36.61265125392862,40.47766032688003,37.8212698640335,14.0,2.3934012129205575,35.0,-100,1.0,0.0,1.0,1.0,1.0,1.0,1.0,0.0,0.0,0.0
2026-06-05 16:02:18,2.353139045316734,8.92391458540918,9.955276632854943,0.6704413037786678,7.74412998843994,17.192176519086708,0.298270060684521,-15.123679796673365,36.48552999598445,40.40997565797815,38.041461380318225,14.0,2.3934012129205575,35.0,-100,1.0,0.0,1.0,1.0,1.0,1.0,1.0,0.0,0.0,0.0
2026-06-05 16:02:20,4.039561322773149,5.740731015193532,7.74694391299901,-0.30254065336692637,9.193324024206794,18.081710310835884,-1.1188917845112982,-13.56156770188414,36.68244686075864,40.3320797010841,37.89065805176765,14.0,2.3934012129205575,35.0,-100,1.0,0.0,1.0,1.0,1.0,1.0,1.0,0.0,0.0,0.0
2026-06-05 16:02:21,2.510844834127335,6.855590940694317,9.897859612241952,0.6734930578889076,7.321727381879753,16.50436425258441,-1.667343917347016,-15.059297270782809,36.885544002112795,40.41238459994242,38.0106487360137,14.0,2.3934012129205575,35.0,-100,1.0,0.0,1.0,1.0,1.0,1.0,1.0,0.0,0.0,0.0
2026-06-05 16:02:22,2.5104005864554324,7.286707220742703,6.523575957367106,-1.5130407037322295,9.74852608977041,20.868748347613877,-0.2779630100452295,-14.186038032821617,36.76947700523121,40.17588780958989,38.22288223563995,14.0,2.3934012129205575,35.0,-100,1.0,0.0,1.0,1.0,1.0,1.0,1.0,0.0,0.0,0.0
2026-06-05 16:02:23,0.5250268122351747,10.244749392292277,7.962121606817413,2.799339177472442,7.231868033378705,20.228464237953137,2.6071235097082113,-12.93094732109245,36.446152858708906,39.95418823586905,37.875976973959,14.0,2.3934012129205575,35.0,-100,1.0,0.0,1.0,1.0,1.0,1.0,1.0,0.0,0.0,0.0
2026-06-05 16:02:25,4.6571978439826855,8.118142803695179,6.773200030359078,-0.6571326501082622,7.305558350705986,17.694284487033716,3.810627303888663,-16.856908836254437,36.82490751491953,40.275303318302406,38.10712359758439,14.0,2.3934012129205575,35.0,-100,1.0,0.0,1.0,1.0,1.0,1.0,1.0,0.0,0.0,0.0
2026-06-05 16:02:26,5.4185596520999555,5.166344019673103,9.726337307543101,-0.8377632181821171,10.72599842265217,16.453261192755658,2.2262887380774385,-18.445744613332234,36.593258250414536,39.975762516385586,37.96937316653365,14.0,2.3934012129205575,35.0,-100,1.0,0.0,1.0,1.0,1.0,1.0,1.0,0.0,0.0,0.0
2026-06-05 16:02:27,3.4171845868503388,8.557308111897886,7.8961185151418665,0.5684926529174574,5.962488786585993,15.535211871551967,2.295057816760959,-12.749258365390574,36.653065915917516,40.3699786993418,38.169876593227045,14.0,2.3934012129205575,35.0,-100,1.0,0.0,1.0,1.0,1.0,1.0,1.0,0.0,0.0,0.0
2026-06-05 16:02:28,5.576345671397033,9.955076395166998,4.520447533345353,1.7362762534581044,7.0936373854696635,19.618524403721835,4.029297029038074,-15.479052696678407,36.475154898531805,40.232087240170586,38.16758705407319,14.0,2.3934012129205575,35.0,-100,1.0,0.0,1.0,1.0,1.0,1.0,1.0,0.0,0.0,0.0
2026-06-05 16:02:30,1.4568347937090047,9.979337834752386,8.867159407907991,1.6017175640044647,10.659838701357256,18.260620867594092,0.13435977480839956,-17.286105329008606,36.46427667829237,40.40112277473838,37.91721215425618,14.0,2.3934012129205575,35.0,-100,1.0,0.0,1.0,1.0,1.0,1.0,1.0,0.0,0.0,0.0
2026-06-05 16:02:31,4.220444509522101,7.921676545293206,5.841033622727668,0.43403600492457306,9.153302557052694,20.48767016138143,0.7422413939597794,-13.331942321092953,36.97127257155261,39.951213278122076,38.04098471450561,14.0,2.3934012129205575,35.0,-100,1.0,0.0,1.0,1.0,1.0,1.0,1.0,0.0,0.0,0.0
2026-06-05 16:02:32,4.58416888718379,7.13490178179586,7.594156951745161,3.3814480788145485,7.6661137758756475,19.389243020148406,-1.261551417121387,-13.13027746299768,36.44308294474384,40.280381472289235,38.15945671200617,14.0,2.3934012129205575,35.0,-100,1.0,0.0,1.0,1.0,1.0,1.0,1.0,0.0,0.0,0.0
2026-06-05 16:02:33,0.641762485393083,6.932148071521407,5.023862146359484,2.7837188113192575,6.286368058368249,16.940706959665683,0.9084951098757212,-15.483600832256084,36.57372398831171,39.943604484032825,37.94328945891027,14.0,2.3934012129205575,35.0,-100,1.0,0.0,1.0,1.0,1.0,1.0,1.0,0.0,0.0,0.0
2026-06-05 16:02:35,0.7401690145915651,7.0876436589043905,4.185263144116485,3.4849336044308554,7.857046319781573,20.832265228445426,2.444957330644213,-16.632119809771087,36.84181358160915,40.402399209582946,38.17880626852265,14.0,2.3934012129205575,35.0,-100,1.0,0.0,1.0,1.0,1.0,1.0,1.0,0.0,0.0,0.0
2026-06-05 16:02:36,-0.0852072218691804,6.505001575104192,6.841160586147266,-0.18914295269922676,10.442552173081332,20.719529124657058,-0.474872336473225,-14.73658735415304,36.60108259360681,40.372788771820595,37.907975468730996,14.0,2.3934012129205575,35.0,-100,1.0,0.0,1.0,1.0,1.0,1.0,1.0,0.0,0.0,0.0
2026-06-05 16:02:37,2.659842326914993,5.835996128802914,7.644882356899224,-1.2441989138328609,10.127320372977227,20.78692942478954,0.5851328722951474,-13.09465553366132,36.972277669786514,40.51746730270367,38.275927256068805,14.0,2.3934012129205575,35.0,-100,1.0,0.0,1.0,1.0,1.0,1.0,1.0,0.0,0.0,0.0
2026-06-05 16:02:38,5.279477307145531,5.299175293302617,5.406461673587577,2.8401723074737335,9.26791715933871,19.428343909598183,3.2726370398003866,-14.75920742321258,36.98205174231819,40.201491748842265,38.06138870945846,14.0,2.3934012129205575,35.0,-100,1.0,0.0,1.0,1.0,1.0,1.0,1.0,0.0,0.0,0.0
2026-06-05 16:02:39,5.292031109820983,8.290835414108646,4.540173632924371,1.8448531209627004,9.605228344082864,19.189143586365244,1.87183602326877,-14.438331095657059,36.400020449944,40.07076866343993,37.963486137924214,14.0,2.3934012129205575,35.0,-100,1.0,0.0,1.0,1.0,1.0,1.0,1.0,0.0,0.0,0.0
2026-06-05 16:02:40,-0.14892230479556146,8.539031558291029,9.730730933617675,3.9965235075450174,6.6447900054013775,16.722550206586725,3.070891022867828,-15.676981931016488,36.43061062045869,40.312813361731855,38.173051643913595,14.0,2.3934012129205575,35.0,-100,1.0,0.0,1.0,1.0,1.0,1.0,1.0,0.0,0.0,0.0
2026-06-05 16:02:41,0.7538813223266319,8.312110459844263,6.730923745140768,-1.6061187099121241,6.767339068422764,18.465132130640406,-0.3147146078534029,-15.117888918921022,36.95743021179881,39.93970513483803,38.19405593725544,14.0,2.3934012129205575,35.0,-100,1.0,0.0,1.0,1.0,1.0,1.0,1.0,0.0,0.0,0.0
2026-06-05 16:02:43,2.9514208834917093,8.8847322365079,8.094062591914678,3.452319728084758,7.744052096573044,19.89889270683836,-1.617589281231222,-12.777277001596067,36.89932494651883,40.04587769939644,38.13976453806739,14.0,2.3934012129205575,35.0,-100,1.0,0.0,1.0,1.0,1.0,1.0,1.0,0.0,0.0,0.0
2026-06-05 16:02:44,4.738587409515678,9.71485261890037,10.02255218861397,0.09799336139241532,8.302004011719136,18.355785245045112,1.9934010094819943,-17.24461187733004,36.53912058370755,39.956979649168886,38.127418018308035,14.0,2.3934012129205575,35.0,-100,1.0,0.0,1.0,1.0,1.0,1.0,1.0,0.0,0.0,0.0
2026-06-05 16:02:45,3.517483350222086,10.111238301407102,5.001767087468578,-0.08457272544763161,9.666858237130137,19.75886799475628,2.3409822773351383,-15.328678605079094,36.76277294897896,40.09609630450979,37.957735509405275,14.0,2.3934012129205575,35.0,-100,1.0,0.0,1.0,1.0,1.0,1.0,1.0,0.0,0.0,0.0
2026-06-05 16:02:47,0.7992193517407091,8.769527123396312,7.0058168385842166,-0.006676933537679952,10.140120719191579,16.128824545144045,1.0719194355102477,-17.38513972310288,36.40267564769333,40.46363436147087,38.052681649030475,14.0,2.3934012129205575,35.0,-100,1.0,0.0,1.0,1.0,1.0,1.0,1.0,0.0,0.0,0.0
2026-06-05 16:02:48,0.07791170888244459,9.246881127877586,7.368411707131649,3.440815180925039,11.084838034994755,16.611724497404303,0.3939332345714712,-15.459931679382077,36.476771499867006,40.26871868742849,38.27656236343873,14.0,2.3934012129205575,35.0,-100,1.0,0.0,1.0,1.0,1.0,1.0,1.0,0.0,0.0,0.0
2026-06-05 16:02:49,4.721211223944437,7.204023060579997,8.772795205897406,-0.7773556552924552,7.872416676805273,17.15979603264279,3.625414173998042,-14.924832815365328,36.85829036394437,40.21544317898223,38.093587877095196,14.0,2.3934012129205575,35.0,-100,1.0,0.0,1.0,1.0,1.0,1.0,1.0,0.0,0.0,0.0
2026-06-05 16:02:50,4.3041526774399665,5.044554711051039,9.048674058764764,-0.15561666167789445,10.929310305352379,15.547986526326643,3.12148356366838,-17.134897862472336,36.49937152262657,40.040054482843786,38.18999677626872,14.0,2.3934012129205575,35.0,-100,1.0,0.0,1.0,1.0,1.0,1.0,1.0,0.0,0.0,0.0
2026-06-05 16:02:51,3.7948695516489863,5.328384666012897,6.517899049535131,3.9489271348209787,7.214759061875294,17.396390837217936,1.3341388606128284,-16.073389783369496,36.9562190470537,40.13807513914211,37.73729687413579,14.0,2.3934012129205575,35.0,-100,1.0,0.0,1.0,1.0,1.0,1.0,1.0,0.0,0.0,0.0
2026-06-05 16:02:53,1.5953474516381076,5.583573028304035,6.424526725018108,0.36177136217430217,8.648996128587141,18.319430196260978,3.5687132333483147,-17.79050167503206,36.519482075000084,40.062017891770886,37.70090231041692,14.0,2.3934012129205575,35.0,-100,1.0,0.0,1.0,1.0,1.0,1.0,1.0,0.0,0.0,0.0
2026-06-05 16:02:54,5.532579494712805,5.94123965353847,7.039094410264697,-1.8137444276598202,9.313035284651674,16.0503193911538,3.5782460991837155,-18.307369694896277,36.62536374991007,40.250491403821215,38.29040175242324,14.0,2.3934012129205575,35.0,-100,1.0,0.0,1.0,1.0,1.0,1.0,1.0,0.0,0.0,0.0
2026-06-05 16:02:55,1.4742771317945862,4.580128571544188,8.988578867235631,0.3641330458497585,9.300040594469932,17.08317646174457,3.6128168197966897,-15.392754689938647,36.85300990005135,40.47240335582278,38.17008748934297,14.0,2.3934012129205575,35.0,-100,1.0,0.0,1.0,1.0,1.0,1.0,1.0,0.0,0.0,0.0
2026-06-05 16:02:56,0.49743644555373834,9.084252669385133,7.502414510107937,0.8152608261724543,8.198885971496058,21.043507492871118,-1.0861460107282404,-15.695755506186886,36.40209912965692,40.019786531437205,37.7872162460918,14.0,2.3934012129205575,35.0,-100,1.0,0.0,1.0,1.0,1.0,1.0,1.0,0.0,0.0,0.0
2026-06-05 16:02:58,0.1541381793727883,9.616348832800723,7.424312136778333,-1.3636617059492693,7.291575846085981,20.78467890761279,-0.6313438667100515,-13.368277169387708,36.51871867224029,40.203357965053705,38.278526199431674,14.0,2.3934012129205575,35.0,-100,1.0,0.0,1.0,1.0,1.0,1.0,1.0,0.0,0.0,0.0
2026-06-05 16:02:59,4.9868927053627745,5.206463187726282,4.634243186258962,2.460195596437268,9.865469156540456,16.65559292230378,0.9452294018566567,-13.014144522115336,36.64311143463947,40.16339931139028,37.888864182194,14.0,2.3934012129205575,35.0,-100,1.0,0.0,1.0,1.0,1.0,1.0,1.0,0.0,0.0,0.0
2026-06-05 16:03:00,0.30884137931048716,8.540943383126415,4.586687554676912,1.591426235244362,9.296099063367166,17.353835324366866,-1.0020233645218912,-17.643650012382853,36.590796191848575,40.22293451250956,38.201133413094055,14.0,2.3934012129205575,35.0,-100,1.0,0.0,1.0,1.0,1.0,1.0,1.0,0.0,0.0,0.0
2026-06-05 16:03:01,0.8205668560514678,4.8442926346976245,6.179531941614453,0.8459577904966813,9.144438008966674,15.43595545874056,3.4772618775096857,-15.903629466484418,36.872051818708236,40.03729180394927,38.050554536939906,14.0,2.3934012129205575,35.0,-100,1.0,0.0,1.0,1.0,1.0,1.0,1.0,0.0,0.0,0.0
2026-06-05 16:03:03,4.9270723435927115,5.677958641269894,9.639048318093327,0.18483928189340615,10.568201651608774,19.122476389389508,2.924871258088686,-12.902468999530553,36.90778436747334,40.17044802628791,37.897940060989896,14.0,2.3934012129205575,35.0,-100,1.0,0.0,1.0,1.0,1.0,1.0,1.0,0.0,0.0,0.0
2026-06-05 16:03:04,3.148317877475535,7.089130869906985,8.702782622078422,1.3174394175122366,6.493081673465731,19.56882268631471,-0.1401718237373022,-18.30025148950502,36.476326319323654,39.993395592560255,37.86784889444036,14.0,2.3934012129205575,35.0,-100,1.0,0.0,1.0,1.0,1.0,1.0,1.0,0.0,0.0,0.0
2026-06-05 16:03:05,0.5137346084318497,8.901501797326297,6.414032344005687,1.8941835034857508,8.916636153582017,19.754982910800344,3.282403277042551,-13.997993865887251,36.47451387793019,40.388681232824304,38.0190513704616,14.0,2.3934012129205575,35.0,-100,1.0,0.0,1.0,1.0,1.0,1.0,1.0,0.0,0.0,0.0
2026-06-05 16:03:06,3.4578162417055696,8.238170646761034,4.871867180011349,0.5629939189869453,9.74030115781709,18.229023746277374,-0.18333549428807716,-17.651571934303398,36.51426171827318,39.97317676661159,37.92209145471678,14.0,2.3934012129205575,35.0,-100,1.0,0.0,1.0,1.0,1.0,1.0,1.0,0.0,0.0,0.0
2026-06-05 16:03:07,2.9638660709447864,4.9311181738487635,5.565195442270871,0.4074102291114192,9.592870849229875,18.38275967272499,-1.5546968597362927,-12.744603998901393,36.829968164804605,40.07117266247372,38.26086889335707,14.0,2.3934012129205575,35.0,-100,1.0,0.0,1.0,1.0,1.0,1.0,1.0,0.0,0.0,0.0
2026-06-05 16:03:08,0.7144523761020154,9.695615721535372,8.199892233032159,1.6800105849225995,5.592992923721775,15.537816171273864,-0.9065487905531091,-14.201836333111126,36.86110123935008,40.12914733766128,38.220719899349554,14.0,2.3934012129205575,35.0,-100,1.0,0.0,1.0,1.0,1.0,1.0,1.0,0.0,0.0,0.0
2026-06-05 16:03:10,4.255402491505624,4.915461205431793,4.212156968350981,0.8209740958923515,9.261189131679885,19.271413698878064,1.316326566765425,-16.72430718252336,36.77904697766493,40.48989409755085,38.27713236231648,14.0,2.3934012129205575,35.0,-100,1.0,0.0,1.0,1.0,1.0,1.0,1.0,0.0,0.0,0.0
2026-06-05 16:03:11,4.414053236237143,4.966428687948409,5.546817924211882,-1.5409219168204604,7.385022144830681,17.338976662185857,-1.598204176695016,-17.87693266060534,36.710878087353166,40.201382352132505,37.85029618828794,14.0,2.3934012129205575,35.0,-100,1.0,0.0,1.0,1.0,1.0,1.0,1.0,0.0,0.0,0.0
2026-06-05 16:03:12,5.150470473426824,7.19917202385744,7.139247564196042,3.9880977242772992,8.777319132507543,19.721139721670102,-0.5913959444909216,-13.634997547894681,36.80318378345628,40.50978924166113,37.78737594881541,14.0,2.3934012129205575,35.0,-100,1.0,0.0,1.0,1.0,1.0,1.0,1.0,0.0,0.0,0.0
2026-06-05 16:03:13,0.7199942915617226,5.684030713089026,6.317403229845636,3.435298615885814,7.217148424960876,16.978120585753636,2.0585741138233935,-13.475924061754881,36.8827959847392,40.26038395709616,37.924640653111226,14.0,2.3934012129205575,35.0,-100,1.0,0.0,1.0,1.0,1.0,1.0,1.0,0.0,0.0,0.0
2026-06-05 16:03:14,3.73487124289593,5.908015366131017,8.292036616964557,1.348523798352176,10.982405412763175,17.090450916639305,2.3274918441582013,-18.399363767721365,36.50501612150182,40.21959677538388,38.20532097701821,14.0,2.3934012129205575,35.0,-100,1.0,0.0,1.0,1.0,1.0,1.0,1.0,0.0,0.0,0.0
2026-06-05 16:03:15,0.21947412902668173,8.715437931757165,4.091445368129482,-1.6901236370074795,9.981067470477424,18.659557842653403,0.244325335904239,-18.430904486136463,36.9610541770166,40.134153141293666,37.99264789738358,14.0,2.3934012129205575,35.0,-100,1.0,0.0,1.0,1.0,1.0,1.0,1.0,0.0,0.0,0.0
2026-06-05 16:03:17,1.380274997562792,5.465521205538311,5.349658590893276,-1.0730949888810142,5.8954761658333465,19.29746155961904,-1.2524979792793731,-14.596015320355967,36.91789195476031,40.28595629101531,37.71429942261033,14.0,2.3934012129205575,35.0,-100,1.0,0.0,1.0,1.0,1.0,1.0,1.0,0.0,0.0,0.0
2026-06-05 16:03:18,0.8594183139615486,10.224141566031864,8.221534304687323,-0.5961643552628566,5.87511074737832,20.37618246853686,1.9013919551362308,-16.819624914718588,36.89812187578203,40.31800747119467,38.01461152263388,14.0,2.3934012129205575,35.0,-100,1.0,0.0,1.0,1.0,1.0,1.0,1.0,0.0,0.0,0.0
2026-06-05 16:03:19,3.689903332695354,7.082228368142937,5.546398882101418,3.927797261045896,10.199081913315275,17.33454857375878,-1.2024766886464944,-17.037994555340777,36.47643227075957,40.0178460508018,37.838091564266946,14.0,2.3934012129205575,35.0,-100,1.0,0.0,1.0,1.0,1.0,1.0,1.0,0.0,0.0,0.0
2026-06-05 16:03:21,1.045802610648546,4.75264939069739,8.386803485451614,-1.4106493982323247,10.62609668479573,18.504202410956673,2.245789666812014,-15.586758755603597,36.87003496235291,40.16056364209128,37.992669535718925,14.0,2.3934012129205575,35.0,-100,1.0,0.0,1.0,1.0,1.0,1.0,1.0,0.0,0.0,0.0
2026-06-05 16:03:22,5.6766900914514435,4.999142302425954,7.41182034320974,-0.48570204578691256,6.207182891801427,20.470653765722407,2.478971238536496,-12.756113904571812,36.438103049352016,40.0294819074792,37.987285494685985,14.0,2.3934012129205575,35.0,-100,1.0,0.0,1.0,1.0,1.0,1.0,1.0,0.0,0.0,0.0
2026-06-05 16:03:23,4.066066694241313,10.130987431183343,7.272945399436315,1.9497609891160765,7.774680400716871,18.291646111695382,-1.386622399197587,-15.2122606617806,36.9849605530053,40.189122003074715,37.86222226765821,14.0,2.3934012129205575,35.0,-100,1.0,0.0,1.0,1.0,1.0,1.0,1.0,0.0,0.0,0.0
2026-06-05 16:03:24,1.50876720954212,7.352920993905135,6.0930605288315505,-0.6203841017368132,6.718021183329566,19.34571520990478,-0.015005879690636714,-14.940425833366255,36.98660710022515,40.12176608807798,37.71243131511615,14.0,2.3934012129205575,35.0,-100,1.0,0.0,1.0,1.0,1.0,1.0,1.0,0.0,0.0,0.0
2026-06-05 16:03:26,5.001546559645006,9.63812689647984,4.7503122215642355,0.06194929146377337,6.853966383708629,20.01146317816628,-0.11291717289605008,-15.32445391689587,36.42562770580203,40.285213730107216,37.902750172722776,14.0,2.3934012129205575,35.0,-100,1.0,0.0,1.0,1.0,1.0,1.0,1.0,0.0,0.0,0.0
2026-06-05 16:03:27,3.914832421444185,4.655617796863782,4.886430304243195,2.099516499184646,8.301576211089877,17.630595618413203,0.5754944374352564,-16.624044525171367,36.81321204404969,40.40120865262547,37.74319982966704,14.0,2.3934012129205575,35.0,-100,1.0,0.0,1.0,1.0,1.0,1.0,1.0,0.0,0.0,0.0
2026-06-05 16:03:28,4.780643758773889,5.066208015517608,7.770971850609639,-1.8836721900315911,8.62515706646715,19.311618455000904,1.4035636962736096,-12.663909539061533,36.847943249925834,40.29952410729516,38.23947769396718,14.0,2.3934012129205575,35.0,-100,1.0,0.0,1.0,1.0,1.0,1.0,1.0,0.0,0.0,0.0
2026-06-05 16:03:30,3.357263901333938,5.00667616510028,7.783596300957135,3.6983019657834557,8.603382625905597,17.0196402456435,3.8236682862667184,-18.230356868564183,36.69896754247952,40.42234606777378,38.203006956311135,14.0,2.3934012129205575,35.0,-100,1.0,0.0,1.0,1.0,1.0,1.0,1.0,0.0,0.0,0.0
2026-06-05 16:03:31,1.6041483562587064,10.45932949883264,8.656784189746418,0.14312194994727845,9.18842664082949,16.1046589193568,2.793654249592442,-17.573147042002933,36.877361627174395,39.990073270361314,37.8400648599533,14.0,2.3934012129205575,35.0,-100,1.0,0.0,1.0,1.0,1.0,1.0,1.0,0.0,0.0,0.0
2026-06-05 16:03:32,4.14222095724998,6.151189691458584,8.46892717079001,1.0930642932104924,8.807904244041282,20.5911848736284,3.0319751535398147,-18.37268701296101,36.70564951493841,40.36846659459024,38.28998412237096,14.0,2.3934012129205575,35.0,-100,1.0,0.0,1.0,1.0,1.0,1.0,1.0,0.0,0.0,0.0
2026-06-05 16:03:33,1.4649232321440637,5.588597815203535,4.731315503267518,1.4173386970580326,7.780109767887269,15.575713016952271,3.981213579603926,-18.234800169946638,36.64158011336091,39.963698559378614,38.09812352461125,14.0,2.3934012129205575,35.0,-100,1.0,0.0,1.0,1.0,1.0,1.0,1.0,0.0,0.0,0.0
2026-06-05 16:03:34,1.874394927354694,8.262148876788835,10.004699480036827,1.1648373102167637,10.55758131523682,19.76272856684718,3.7272842111724707,-16.659333896264194,36.84898901109021,40.250579347725925,38.11830250509793,14.0,2.3934012129205575,35.0,-100,1.0,0.0,1.0,1.0,1.0,1.0,1.0,0.0,0.0,0.0
2026-06-05 16:03:35,5.574488664561707,6.342933057241511,7.558782806574486,2.09888077461747,11.405458798217584,20.649579297913043,-1.4282384105465007,-16.33807455646371,36.76065672299403,40.458999810036566,38.14324603788164,14.0,2.3934012129205575,35.0,-100,1.0,0.0,1.0,1.0,1.0,1.0,1.0,0.0,0.0,0.0
2026-06-05 16:03:36,2.3406641557524086,7.8319963957388214,5.44949298243555,-0.037578108621609374,9.875816994582486,15.979318846359838,1.0885106196855325,-18.517193077560034,36.49263022666073,40.31470608354928,37.87061880969943,14.0,2.3934012129205575,35.0,-100,1.0,0.0,1.0,1.0,1.0,1.0,1.0,0.0,0.0,0.0
2026-06-05 16:03:37,5.252593201841179,9.58828394676003,8.94773037911863,-0.37074224054024363,6.340160673208402,15.886912856361931,1.5394622071023454,-15.798226893092778,36.6557124210523,40.291877330824015,38.21180888005542,14.0,2.3934012129205575,35.0,-100,1.0,0.0,1.0,1.0,1.0,1.0,1.0,0.0,0.0,0.0
2026-06-05 16:03:39,0.577741301499243,7.330576318160997,4.73929448044783,0.2342914722378482,9.62854968710273,19.45905464781505,1.7840516160687985,-15.969931086433057,36.60762363747681,39.950438096707174,38.17746210574394,14.0,2.3934012129205575,35.0,-100,1.0,0.0,1.0,1.0,1.0,1.0,1.0,0.0,0.0,0.0
2026-06-05 16:03:40,1.3990783714394646,7.361214609484725,5.419264598882429,-1.862751398805445,8.015518557197456,17.038996336790852,-0.9401083587482932,-14.950066042885055,36.72979608399338,40.065658660195936,38.082002814914944,14.0,2.3934012129205575,35.0,-100,1.0,0.0,1.0,1.0,1.0,1.0,1.0,0.0,0.0,0.0
2026-06-05 16:03:41,1.9548860389706064,7.910589079540652,4.677559858227095,1.1820680291979109,9.752034769363119,19.263155025474287,-1.0065678221569287,-14.15851573300898,36.714362558958555,40.00415613597077,37.72168288732965,14.0,2.3934012129205575,35.0,-100,1.0,0.0,1.0,1.0,1.0,1.0,1.0,0.0,0.0,0.0
2026-06-05 16:03:42,4.723963361160679,7.075141391951576,9.250501194044766,1.372493730226454,9.704444655937777,18.090582335353268,0.4598014246733788,-17.78379079874886,36.66619592161838,40.49975440468563,38.02570167485919,14.0,2.3934012129205575,35.0,-100,1.0,0.0,1.0,1.0,1.0,1.0,1.0,0.0,0.0,0.0
2026-06-05 16:03:43,0.6315119679602992,6.2526340540481735,7.819321332513171,3.3744172291381016,8.503103857777345,17.00165637957322,2.5306718662979613,-12.81587858590808,36.94449569862269,39.98577229492679,38.14225841459019,14.0,2.3934012129205575,35.0,-100,1.0,0.0,1.0,1.0,1.0,1.0,1.0,0.0,0.0,0.0
2026-06-05 16:03:44,2.8075863367656533,9.575637865656162,4.073262491260398,2.808761144176036,10.725897396244072,19.041556877043814,0.4252248278362103,-13.054515021856485,36.84953719719914,40.05796251560938,37.71031464384419,14.0,2.3934012129205575,35.0,-100,1.0,0.0,1.0,1.0,1.0,1.0,1.0,0.0,0.0,0.0
2026-06-05 16:03:46,0.5472029877315094,9.6419939809518,4.400698316662356,-1.1664382620945664,6.221218006356344,18.608467892650726,3.489174902827453,-17.782962178129353,36.934612589503544,40.44273407744985,38.278324974866095,14.0,2.3934012129205575,35.0,-100,1.0,0.0,1.0,1.0,1.0,1.0,1.0,0.0,0.0,0.0
2026-06-05 16:03:47,3.193539152948159,5.348666875739326,9.683461894181749,0.8625215293580917,6.391428982839405,17.410086370081306,-0.8892875741390363,-18.036921752226363,36.44058715431942,40.488123547201496,38.05868164427661,14.0,2.3934012129205575,35.0,-100,1.0,0.0,1.0,1.0,1.0,1.0,1.0,0.0,0.0,0.0
2026-06-05 16:03:48,0.6164617391739466,10.112262264344738,8.628995662883977,1.667169269635484,9.05168664347756,15.422311696456163,-0.608775727291667,-18.432879956301242,36.51578665518257,40.33391240905156,38.07760817656207,14.0,2.3934012129205575,35.0,-100,1.0,0.0,1.0,1.0,1.0,1.0,1.0,0.0,0.0,0.0
2026-06-05 16:03:49,1.3056424522361785,9.135075827262611,7.331225049986026,3.5947230980832536,7.460898528134224,15.470714253751078,1.1282643053788863,-13.455255156219884,36.835953303899466,39.95763894668323,38.08035979520793,14.0,2.3934012129205575,35.0,-100,1.0,0.0,1.0,1.0,1.0,1.0,1.0,0.0,0.0,0.0
2026-06-05 16:03:50,3.550506855153108,6.364817275735769,4.260512817153735,0.8589228779106959,10.498323985675757,20.99151656379682,0.08031434954508931,-14.837585585348293,36.52125357845613,39.94110372346458,37.86573530178572,14.0,2.3934012129205575,35.0,-100,1.0,0.0,1.0,1.0,1.0,1.0,1.0,0.0,0.0,0.0
2026-06-05 16:03:52,5.612467995967747,8.389846009980577,5.787953433687015,1.622149017895465,5.975333439552436,19.74257787656802,0.8583490375630656,-18.2830910290326,36.916517837424905,40.421983769071225,38.21526259539776,14.0,2.3934012129205575,35.0,-100,1.0,0.0,1.0,1.0,1.0,1.0,1.0,0.0,0.0,0.0
2026-06-05 16:03:53,3.9702005900722463,6.028130405838241,9.314519075002657,0.6183799416876812,7.587332614013626,19.281608485500232,3.5237250654824237,-13.883347831717396,36.45391621962765,40.18386721446121,37.84312388320275,14.0,2.3934012129205575,35.0,-100,1.0,0.0,1.0,1.0,1.0,1.0,1.0,0.0,0.0,0.0
2026-06-05 16:03:54,5.090179879886738,7.914254699593725,8.459196248667421,3.703220354348624,5.583250482608563,19.690681198151285,0.51800275646925,-12.951855429352218,36.9811228617085,40.25137770460616,37.92396800820534,14.0,2.3934012129205575,35.0,-100,1.0,0.0,1.0,1.0,1.0,1.0,1.0,0.0,0.0,0.0
2026-06-05 16:03:55,-0.027107188316905173,9.146517726358336,5.392068637825975,2.3653337986610996,6.077052616517609,20.63017726717389,-1.7262391352767077,-16.961322470328483,36.922450003875674,40.28709291442928,37.889470666989006,14.0,2.3934012129205575,35.0,-100,1.0,0.0,1.0,1.0,1.0,1.0,1.0,0.0,0.0,0.0
2026-06-05 16:03:57,2.3276944602265424,6.44120410185623,6.031014099463756,-0.02359779422920294,10.407370145727317,20.501464752957666,2.42814894441395,-15.899863713876377,36.493422794900994,40.34743730589697,37.97233516617164,14.0,2.3934012129205575,35.0,-100,1.0,0.0,1.0,1.0,1.0,1.0,1.0,0.0,0.0,0.0
2026-06-05 16:03:58,5.163312925194369,9.548761716562938,7.836749940976931,0.9129215928814212,10.345126999012827,20.376866114897737,2.0700460421078115,-14.789824404162204,36.903309984735316,39.92507830794742,37.8918281876324,14.0,2.3934012129205575,35.0,-100,1.0,0.0,1.0,1.0,1.0,1.0,1.0,0.0,0.0,0.0
2026-06-05 16:03:59,1.8145770416996347,9.655747471682957,6.903786252863244,1.8638021545444348,10.494365405818929,19.05192911216568,-0.9063477638149555,-16.409428516864722,36.894865325392075,40.334472635974706,37.85934044072971,14.0,2.3934012129205575,35.0,-100,1.0,0.0,1.0,1.0,1.0,1.0,1.0,0.0,0.0,0.0
2026-06-05 16:04:00,4.192066056453576,8.148725424331086,6.121727489212116,1.9776112025072656,9.180907751346552,18.020729356920228,3.3554461503890636,-13.723283543819043,36.521518737189666,40.428021139560634,37.74007647282922,14.0,2.3934012129205575,35.0,-100,1.0,0.0,1.0,1.0,1.0,1.0,1.0,0.0,0.0,0.0
2026-06-05 16:04:02,1.8951030755979916,7.683662572339495,8.882555829584547,1.4847256124481287,8.73086725449178,19.368828869092848,2.3980310460995273,-16.86068656663757,36.90643715706129,40.201215258731125,37.83005654010224,14.0,2.3934012129205575,35.0,-100,1.0,0.0,1.0,1.0,1.0,1.0,1.0,0.0,0.0,0.0
2026-06-05 16:04:03,0.06847692983233244,7.351811630061214,5.314308301746538,3.662960387000801,6.436808427271233,17.65009046793748,-0.7542896144277753,-14.283778100487803,36.55510415555775,40.31982277822705,37.71388646487004,14.0,2.3934012129205575,35.0,-100,1.0,0.0,1.0,1.0,1.0,1.0,1.0,0.0,0.0,0.0
2026-06-05 16:04:04,3.2953834592269917,6.657879641082644,4.869337064798334,0.9053730596365188,9.71794449552447,17.963774650006243,1.0630217931890895,-17.915216660983063,36.7740589945453,40.228664849081795,37.80168714285126,14.0,2.3934012129205575,35.0,-100,1.0,0.0,1.0,1.0,1.0,1.0,1.0,0.0,0.0,0.0
2026-06-05 16:04:05,5.73692227283847,6.033513733799829,6.328279861692036,0.9283216591083976,8.793100122079208,19.144843699175752,1.282022705771288,-17.781234326183675,36.44384700689739,40.154131661697896,38.19901719264787,14.0,2.3934012129205575,35.0,-100,1.0,0.0,1.0,1.0,1.0,1.0,1.0,0.0,0.0,0.0
2026-06-05 16:04:07,2.724828356209824,4.521987914485854,5.99893430081104,-0.8812627336540946,6.3133937877557464,20.906462195794987,0.5382984920854961,-14.879308446909025,36.7256803439809,40.33440049364378,37.90410179602591,14.0,2.3934012129205575,35.0,-100,1.0,0.0,1.0,1.0,1.0,1.0,1.0,0.0,0.0,0.0
2026-06-05 16:04:08,0.7515311565280749,6.688475233453948,9.167352771214762,-0.4416263400617133,7.137531883224419,19.42549920759808,3.246187393911133,-17.262461496032802,36.490784665304396,40.017894397082976,37.70909268897724,14.0,2.3934012129205575,35.0,-100,1.0,0.0,1.0,1.0,1.0,1.0,1.0,0.0,0.0,0.0
2026-06-05 16:04:09,5.703546741855745,8.186701970613766,9.39007071981442,3.5186537843104286,8.548937917293776,20.78685306534522,1.2550930834831355,-14.056899515767014,36.470270641741635,40.49565318037538,37.73807755525786,14.0,2.3934012129205575,35.0,-100,1.0,0.0,1.0,1.0,1.0,1.0,1.0,0.0,0.0,0.0
2026-06-05 16:04:10,1.8294501939102998,8.567436203791761,5.974138659538285,-0.8144340122792915,9.104285064442635,15.401018746680078,2.972200223902817,-18.070464759707598,36.548687919034286,40.159221354132974,38.25898024009349,14.0,2.3934012129205575,35.0,-100,1.0,0.0,1.0,1.0,1.0,1.0,1.0,0.0,0.0,0.0
2026-06-05 16:04:12,2.163760271283121,5.023854894102363,9.074175834833104,4.021758734115943,5.99188671653533,16.045713745526363,2.0599658622538994,-17.279341871970963,36.434272670376984,40.28455367704704,37.879668517624424,14.0,2.3934012129205575,35.0,-100,1.0,0.0,1.0,1.0,1.0,1.0,1.0,0.0,0.0,0.0
2026-06-05 16:04:13,2.5584525980064723,7.407754821246274,5.257935857260309,-0.044812925141230586,10.62401377385359,16.32924010985658,2.469333415829839,-13.287154091107768,36.697795873304706,40.30374443646119,38.095694764080264,14.0,2.3934012129205575,35.0,-100,1.0,0.0,1.0,1.0,1.0,1.0,1.0,0.0,0.0,0.0
2026-06-05 16:04:14,5.551217196878388,4.738142684262481,5.756151327187931,0.5218954873075541,6.4526240151856324,18.169233871014058,2.262043635240408,-13.191273127506387,36.860925986357785,40.282893685404865,37.75683340512256,14.0,2.3934012129205575,35.0,-100,1.0,0.0,1.0,1.0,1.0,1.0,1.0,0.0,0.0,0.0
2026-06-05 16:04:15,5.092650488766233,5.306139562338753,8.465518001346577,0.13663365049479648,7.682624656592531,16.48421513974376,-0.18408269287392942,-16.712429956581857,36.9304129503432,40.21770317483476,38.2802728005396,14.0,2.3934012129205575,35.0,-100,1.0,0.0,1.0,1.0,1.0,1.0,1.0,0.0,0.0,0.0
2026-06-05 16:04:16,5.749069184411625,6.921865575266041,8.721123171634824,2.560673831886616,8.161285361481937,20.957170453433864,-0.9611754834597566,-13.600773469522618,36.899142385074455,40.114159929230986,38.172564559412514,14.0,2.3934012129205575,35.0,-100,1.0,0.0,1.0,1.0,1.0,1.0,1.0,0.0,0.0,0.0
2026-06-05 16:04:17,3.351761125426835,9.72846242814079,5.424669804783461,0.31551342240562974,6.0264206508396585,16.31289061868947,0.5522673459693133,-16.064292539281162,36.82805726114386,40.15650528583892,38.02382093730844,14.0,2.3934012129205575,35.0,-100,1.0,0.0,1.0,1.0,1.0,1.0,1.0,0.0,0.0,0.0
2026-06-05 16:04:19,2.2870584602833786,9.023710895752856,6.3251248732242535,1.37255906201408,9.404836731085803,20.22658808598615,2.57928556220216,-14.355093842923395,36.957316775527026,40.219785072880676,37.70954453534622,14.0,2.3934012129205575,35.0,-100,1.0,0.0,1.0,1.0,1.0,1.0,1.0,0.0,0.0,0.0
2026-06-05 16:04:20,2.736595312455548,8.451139714950305,8.941309268569626,3.523997449122435,6.261823366716593,20.643455078631902,0.04219796394999542,-12.522060468269924,36.76499472883475,40.34803433156481,37.86555890041998,14.0,2.3934012129205575,35.0,-100,1.0,0.0,1.0,1.0,1.0,1.0,1.0,0.0,0.0,0.0
2026-06-05 16:04:22,1.1970818989252103,6.967761403687404,8.162649635345634,3.5111161199798566,9.887293184239057,17.675583171909715,-0.31098699511089345,-15.28838820116217,36.711422939330426,40.18959153520169,37.74486718375691,14.0,2.3934012129205575,35.0,-100,1.0,0.0,1.0,1.0,1.0,1.0,1.0,0.0,0.0,0.0
2026-06-05 16:04:23,2.6020240914023285,4.686143083179601,5.651195433040903,0.6877954499278687,8.704679279340672,15.385172135237061,0.13428047759050155,-14.5827445652919,36.761446231150444,40.05328906232307,37.82597645696347,14.0,2.3934012129205575,35.0,-100,1.0,0.0,1.0,1.0,1.0,1.0,1.0,0.0,0.0,0.0
2026-06-05 16:04:24,4.919255507292545,7.904969044392153,5.672584466762487,3.652946685377925,10.03156364768968,19.00505270585932,0.39487389979472676,-14.427085589726884,36.950491633123725,39.9840607597006,37.71800012622247,14.0,2.3934012129205575,35.0,-100,1.0,0.0,1.0,1.0,1.0,1.0,1.0,0.0,0.0,0.0
2026-06-05 16:04:26,4.183335242789515,8.039696193758358,4.782581220340252,2.567876249712217,10.28919298135633,16.131387203540598,0.2019416056179293,-15.995424166617191,36.891861212531246,40.23206486313477,38.18059248504215,14.0,2.3934012129205575,35.0,-100,1.0,0.0,1.0,1.0,1.0,1.0,1.0,0.0,0.0,0.0
2026-06-05 16:04:27,2.551481618868112,5.203651463853312,10.032672813199467,1.959075515599113,9.249326395136436,18.485574043189164,0.34699753476314443,-18.504563378298034,36.426787829454966,40.41918260569241,38.09860103576336,14.0,2.3934012129205575,35.0,-100,1.0,0.0,1.0,1.0,1.0,1.0,1.0,0.0,0.0,0.0
2026-06-05 16:04:28,2.888474435330896,6.799320073803341,4.5650833383445075,0.7303833219472438,11.168796601882248,20.248898810542713,2.7584523493631963,-15.111341360337931,36.95434116165279,40.17711708175028,38.080998099154584,14.0,2.3934012129205575,35.0,-100,1.0,0.0,1.0,1.0,1.0,1.0,1.0,0.0,0.0,0.0
2026-06-05 16:04:29,2.828627272946062,6.407963592669412,7.393708154451845,2.7942557951240135,11.4229159490145,15.82122015423893,0.19081805553463638,-16.541300100446087,36.611974806956916,39.99031623676484,38.20948238759387,14.0,2.3934012129205575,35.0,-100,1.0,0.0,1.0,1.0,1.0,1.0,1.0,0.0,0.0,0.0
2026-06-05 16:04:31,1.0411390518805426,5.844242894978101,5.681388502941942,1.373190633776658,11.55470653263339,20.91284698231025,1.015828745859602,-17.58874704203181,36.541275433213656,40.26344732032721,37.97952035175381,14.0,2.3934012129205575,35.0,-100,1.0,0.0,1.0,1.0,1.0,1.0,1.0,0.0,0.0,0.0
2026-06-05 16:04:32,4.090642448750549,4.583037312762437,7.142321951213358,-0.4387012414662903,9.795630096591342,19.3431940113382,-1.1014716380021783,-14.198970354515893,36.52685681379875,40.48830433282484,37.804049170143216,14.0,2.3934012129205575,35.0,-100,1.0,0.0,1.0,1.0,1.0,1.0,1.0,0.0,0.0,0.0
2026-06-05 16:04:33,4.2918497059230765,7.516647139674718,7.281587676507658,2.4716998296873243,10.641153738158657,18.689147041079035,0.27843716576529776,-13.851715952865812,36.72725566753867,40.00654108224665,38.202785779751,14.0,2.3934012129205575,35.0,-100,1.0,0.0,1.0,1.0,1.0,1.0,1.0,0.0,0.0,0.0
2026-06-05 16:04:35,5.560390662988738,5.9888297500349355,4.495481929040404,1.4708697117918934,7.218514606292767,19.503389697385764,2.4229338829189837,-14.018760212265295,36.74289143601035,40.4479131926626,37.89295854592059,14.0,2.3934012129205575,35.0,-100,1.0,0.0,1.0,1.0,1.0,1.0,1.0,0.0,0.0,0.0
2026-06-05 16:04:36,2.601123673422089,6.084968032483656,8.77904242059741,3.650454439353414,9.428800794365493,20.447249827333646,3.301522664582026,-17.07326199039353,36.995092250683435,40.0814665610376,37.92184496578086,14.0,2.3934012129205575,35.0,-100,1.0,0.0,1.0,1.0,1.0,1.0,1.0,0.0,0.0,0.0
2026-06-05 16:04:37,3.4016639086003555,6.322305745996241,9.94021008085707,2.5663477872762828,7.1091469794163,18.766776155273188,3.997753434158901,-14.245364899998194,36.98111001945934,40.12532101866821,38.231524691355915,14.0,2.3934012129205575,35.0,-100,1.0,0.0,1.0,1.0,1.0,1.0,1.0,0.0,0.0,0.0
2026-06-05 16:04:38,5.045780398552309,7.303514328736736,7.004415505537716,1.13673280513148,7.319626609238176,17.436300354429626,-1.736175146546965,-14.591058691506813,36.77354026229928,40.41154668846008,38.178325762914056,14.0,2.3934012129205575,35.0,-100,1.0,0.0,1.0,1.0,1.0,1.0,1.0,0.0,0.0,0.0
2026-06-05 16:04:39,2.778633454868869,9.29088496551199,8.094438796393026,1.3096243783344788,9.069782998136839,19.436028699823467,1.0850669489269436,-18.410302096905305,36.483554834160934,39.98029659359208,37.780319055379955,14.0,2.3934012129205575,35.0,-100,1.0,0.0,1.0,1.0,1.0,1.0,1.0,0.0,0.0,0.0
2026-06-05 16:04:41,5.114358596733471,9.514529673425645,8.46196966794601,1.917310051406857,10.432833221968203,16.53099819347153,1.675873712990569,-17.90260056190474,36.492165119978814,40.217650120199565,38.24552110243903,14.0,2.3934012129205575,35.0,-100,1.0,0.0,1.0,1.0,1.0,1.0,1.0,0.0,0.0,0.0
2026-06-05 16:04:42,4.3764078888545415,6.499972559712048,9.85978441514764,1.8105897289007644,7.031392476572918,20.123451322609526,0.29440052423189744,-16.88288288137833,36.454901190886694,40.01566756312293,37.839649775080346,14.0,2.3934012129205575,35.0,-100,1.0,0.0,1.0,1.0,1.0,1.0,1.0,0.0,0.0,0.0
2026-06-05 16:04:43,1.536259576889904,7.210245522744373,9.004311684090943,1.2985873448457426,7.576104251492663,20.300870437254567,2.790649388563427,-14.94842741673542,36.97411952550585,40.394834704475734,37.90872072547255,14.0,2.3934012129205575,35.0,-100,1.0,0.0,1.0,1.0,1.0,1.0,1.0,0.0,0.0,0.0
2026-06-05 16:04:44,1.9603772649060098,7.337408699202509,8.843084035179707,-1.6075029863691763,8.74699488543714,17.900677131349866,1.2859850706547902,-16.606145516190082,36.487087126522944,40.45531435289928,38.28566832618676,14.0,2.3934012129205575,35.0,-100,1.0,0.0,1.0,1.0,1.0,1.0,1.0,0.0,0.0,0.0
2026-06-05 16:04:46,3.556610841969201,5.73459183584247,10.021970589335513,2.8314789612761295,5.910476496203285,15.51453328244104,-1.1438159013916334,-16.705371849385216,36.480576869520156,40.45788506357414,37.8509595662527,14.0,2.3934012129205575,35.0,-100,1.0,0.0,1.0,1.0,1.0,1.0,1.0,0.0,0.0,0.0
2026-06-05 16:04:47,0.9071345705506781,6.098068590212309,6.372268122407213,2.7598242065248675,9.45842333828731,20.625448510806322,-1.407784602470183,-17.430659873581664,36.85173004709124,40.450612791721554,37.957163261048954,14.0,2.3934012129205575,35.0,-100,1.0,0.0,1.0,1.0,1.0,1.0,1.0,0.0,0.0,0.0
2026-06-05 16:04:48,0.4464526033076912,7.059905180761761,6.271956634596989,0.9035758700864172,7.221856535524738,18.923984353616625,-1.6423199980994707,-16.49257122410704,36.66484560635376,40.25038659011738,37.957857437726894,14.0,2.3934012129205575,35.0,-100,1.0,0.0,1.0,1.0,1.0,1.0,1.0,0.0,0.0,0.0
2026-06-05 16:04:49,4.6213771799656955,8.521223951640689,6.076816393563494,-0.6137242596177832,11.481181933883997,17.27167137672449,0.8406410031841967,-15.385428577602958,36.6751223851802,40.51065765965332,37.9702506161177,14.0,2.3934012129205575,35.0,-100,1.0,0.0,1.0,1.0,1.0,1.0,1.0,0.0,0.0,0.0
2026-06-05 16:04:51,2.6812696999604584,4.736637125849178,6.028725118272197,2.1953327438736885,6.07841208520051,17.673312583563096,1.9170400833942294,-17.10408066738964,36.70723346601166,40.163489804881344,38.22055693929469,14.0,2.3934012129205575,35.0,-100,1.0,0.0,1.0,1.0,1.0,1.0,1.0,0.0,0.0,0.0
2026-06-05 16:04:52,4.983436196252267,6.945438028142065,7.484792407567808,3.7031451569014324,8.956841625345739,18.30640305345651,3.8623923406215326,-15.342305535375313,36.46927123343109,40.16105363472337,37.80875038665472,14.0,2.3934012129205575,35.0,-100,1.0,0.0,1.0,1.0,1.0,1.0,1.0,0.0,0.0,0.0
2026-06-05 16:04:53,2.629025428935967,6.939795140764773,8.365592837342861,0.7638397878751553,7.343714433265651,21.003986130473812,2.033124709079387,-18.09025522388998,36.78018761972952,40.483170381360075,38.097919011808905,14.0,2.3934012129205575,35.0,-100,1.0,0.0,1.0,1.0,1.0,1.0,1.0,0.0,0.0,0.0
2026-06-05 16:04:54,2.341928948260278,9.212189615531905,8.130793927871723,1.9956185697267497,8.053561981591237,16.19727839772448,1.689719956069064,-12.533386335208135,36.96294416825099,39.93702782038586,37.79923244846953,14.0,2.3934012129205575,35.0,-100,1.0,0.0,1.0,1.0,1.0,1.0,1.0,0.0,0.0,0.0
2026-06-05 16:04:55,2.8112482072113663,9.097451738943171,9.019678038142894,3.0849335228542856,10.357903753823113,19.981204999655688,-0.7168581055296195,-16.719731859780694,36.9361974479413,40.11319631826923,37.86521730679774,14.0,2.3934012129205575,35.0,-100,1.0,0.0,1.0,1.0,1.0,1.0,1.0,0.0,0.0,0.0
2026-06-05 16:04:56,2.7874080135518717,8.361149321766245,6.565523147264917,3.7670317062100533,7.882999575031327,16.024079495788556,2.7956610268844484,-12.936612132209193,36.88063882504923,40.40550403896646,37.94468159052436,14.0,2.3934012129205575,35.0,-100,1.0,0.0,1.0,1.0,1.0,1.0,1.0,0.0,0.0,0.0
2026-06-05 16:04:58,4.483285401864043,6.365770424661375,9.321959333222193,0.9632290531798695,6.633661019771244,19.919743912166922,0.6490333925849883,-17.59841854876023,36.54323975038468,40.18491446180992,37.729882534232495,14.0,2.3934012129205575,35.0,-100,1.0,0.0,1.0,1.0,1.0,1.0,1.0,0.0,0.0,0.0
2026-06-05 16:04:59,2.427659640096959,7.871472623546518,4.4922867455772515,1.8864940260405056,11.431176030466542,16.639760972602854,1.7709738895877085,-14.26053727852985,36.517636912385235,40.13246607106179,38.192947874132344,14.0,2.3934012129205575,35.0,-100,1.0,0.0,1.0,1.0,1.0,1.0,1.0,0.0,0.0,0.0
2026-06-05 16:05:00,3.758054811393647,9.694260527981466,7.304595894445317,2.266352289918295,5.879552598792174,21.059413611874753,2.0221149661111424,-15.456996547767774,36.547077459907825,40.11705054297923,37.761557748340195,14.0,2.3934012129205575,35.0,-100,1.0,0.0,1.0,1.0,1.0,1.0,1.0,0.0,0.0,0.0
2026-06-05 16:05:01,2.428452962630186,9.12951002008028,6.892297488863021,1.6121770586619868,8.932904279209838,20.162537480737274,4.195947361277991,-14.783448958040676,36.74285862870506,40.00558686003597,37.749538044775,14.0,2.3934012129205575,35.0,-100,1.0,0.0,1.0,1.0,1.0,1.0,1.0,0.0,0.0,0.0
2026-06-05 16:05:02,2.0156607852850437,8.609749869170885,8.932945966637277,-0.05893787852366672,8.14350152678162,17.798282488957256,1.2660582930649662,-15.812802829293028,36.59372256541894,40.005428987093794,38.12402623833783,14.0,2.3934012129205575,35.0,-100,1.0,0.0,1.0,1.0,1.0,1.0,1.0,0.0,0.0,0.0
2026-06-05 16:05:04,0.6092227428271162,9.082474475025972,6.798644050813267,1.1309171133521208,8.865922614979702,19.860032119758884,1.7459043278357873,-12.626155391849753,36.40482261731131,39.92927896638056,38.18743174056459,14.0,2.3934012129205575,35.0,-100,1.0,0.0,1.0,1.0,1.0,1.0,1.0,0.0,0.0,0.0
2026-06-05 16:05:05,-0.0003320860541524695,7.190300467406644,5.1086590960846365,3.194958034595314,6.270524133637364,15.599922401667195,-0.534524014927475,-15.474557077818986,36.70861935105138,40.00405715558648,38.08254568082682,14.0,2.3934012129205575,35.0,-100,1.0,0.0,1.0,1.0,1.0,1.0,1.0,0.0,0.0,0.0
2026-06-05 16:05:06,1.5518798482722531,9.827583384416624,4.282618963701983,-0.6857483479023283,6.555280227446163,19.43406098295927,1.356526776331013,-13.102114665085255,36.9867991656201,40.313325333656906,38.05590146331583,14.0,2.3934012129205575,35.0,-100,1.0,0.0,1.0,1.0,1.0,1.0,1.0,0.0,0.0,0.0
2026-06-05 16:05:07,2.0063649755616533,8.028237678374769,4.162438445853031,0.18520295859808567,11.092445379470757,20.195779042811505,3.5295668695695506,-15.493250316708174,36.76339646785075,40.29383954602689,37.99248642534891,14.0,2.3934012129205575,35.0,-100,1.0,0.0,1.0,1.0,1.0,1.0,1.0,0.0,0.0,0.0
2026-06-05 16:05:08,5.6860852634485575,9.195606621511455,8.449498257214266,-0.0855099926266023,6.314611995648566,19.869611036531552,-1.5863256026822432,-13.133557603771488,36.780563619147124,40.082861179027674,38.1479849646712,14.0,2.3934012129205575,35.0,-100,1.0,0.0,1.0,1.0,1.0,1.0,1.0,0.0,0.0,0.0
2026-06-05 16:05:09,4.224356377219917,9.478974568174902,5.029760685420703,0.042532049816327966,10.953993825037617,21.136682276262288,3.2684239504609325,-13.024908852381664,36.69230644889016,40.51671376991453,37.784311472597096,14.0,2.3934012129205575,35.0,-100,1.0,0.0,1.0,1.0,1.0,1.0,1.0,0.0,0.0,0.0
2026-06-05 16:05:11,1.732237129941334,6.713349114693325,9.32424010792257,1.126805944425735,10.040944919109808,17.861475200558825,3.106529120997264,-13.020535204365245,36.98900592530299,40.18813561155835,37.84703237956446,14.0,2.3934012129205575,35.0,-100,1.0,0.0,1.0,1.0,1.0,1.0,1.0,0.0,0.0,0.0
2026-06-05 16:05:12,3.277378763245478,10.09276183086562,7.792037477630814,2.7577402664909485,10.391999518599366,17.37118756391074,1.9329137233636953,-15.580162274170085,36.73848558344292,40.11741662539137,37.894071742968634,14.0,2.3934012129205575,35.0,-100,1.0,0.0,1.0,1.0,1.0,1.0,1.0,0.0,0.0,0.0
2026-06-05 16:05:13,2.170725417212693,7.328603380311626,7.163017775870567,1.2502079340784658,9.920213246608895,18.302809616410922,1.4182251721295378,-16.866090789396488,36.85748033037576,40.44890612660825,38.07735742839375,14.0,2.3934012129205575,35.0,-100,1.0,0.0,1.0,1.0,1.0,1.0,1.0,0.0,0.0,0.0
2026-06-05 16:05:15,5.750365793937295,6.357508380086455,5.202303852759673,1.47297613395724,8.035077795380039,19.94284662338932,4.038262821854495,-15.210739022157423,36.85203249335093,40.29895428107832,38.162599139653956,14.0,2.3934012129205575,35.0,-100,1.0,0.0,1.0,1.0,1.0,1.0,1.0,0.0,0.0,0.0
2026-06-05 16:05:16,2.2402208429088026,6.479769591473078,8.551135357268794,3.183989974339708,9.709651412183081,18.8673600114127,0.6680624829585069,-16.42435741139625,36.5410461581735,40.087490267413955,37.76894571947663,14.0,2.3934012129205575,35.0,-100,1.0,0.0,1.0,1.0,1.0,1.0,1.0,0.0,0.0,0.0
2026-06-05 16:05:17,3.414811830487637,9.135779558828482,6.118666671832213,1.0801533447391805,8.606616650492203,20.161410532545567,-1.7342894933881716,-16.08736859016608,36.47319191577055,40.438811752585664,37.98038965790386,14.0,2.3934012129205575,35.0,-100,1.0,0.0,1.0,1.0,1.0,1.0,1.0,0.0,0.0,0.0
2026-06-05 16:05:18,1.190234319974168,9.563517487682793,9.926576723838592,-1.1225204515672145,8.215565789481062,17.204011215712953,2.840768247031214,-15.699864013108325,36.60539189169834,40.016428916540846,38.05887900447247,14.0,2.3934012129205575,35.0,-100,1.0,0.0,1.0,1.0,1.0,1.0,1.0,0.0,0.0,0.0
2026-06-05 16:05:19,4.56990738502241,8.665540066593032,4.41956663872791,1.7877695583032844,6.9410405708168375,21.048103185087005,-0.8898661254326288,-18.368451209223,36.73543761737361,40.24994527278759,38.17678092357589,14.0,2.3934012129205575,35.0,-100,1.0,0.0,1.0,1.0,1.0,1.0,1.0,0.0,0.0,0.0
2026-06-05 16:05:21,0.656472290243201,9.251646122076426,6.247593789474067,2.6249379882868196,8.500736494316481,16.66285502043557,-0.8886305453717904,-13.180942571548641,36.985449921564914,40.49947479044499,38.01248806452204,14.0,2.3934012129205575,35.0,-100,1.0,0.0,1.0,1.0,1.0,1.0,1.0,0.0,0.0,0.0
2026-06-05 16:05:22,4.323818719492101,8.166268186851877,6.555063499501495,1.6725553086464098,8.7864244091824,19.99101251772059,2.10184882309414,-16.886343062898113,36.44355014577636,40.298316991808456,38.24011964413112,14.0,2.3934012129205575,35.0,-100,1.0,0.0,1.0,1.0,1.0,1.0,1.0,0.0,0.0,0.0
2026-06-05 16:05:23,2.322396176485599,5.188824116099283,6.423636401865504,-1.6871849347137182,10.82182189251046,15.442598206730093,0.301846864578609,-14.762796814887407,36.832948755685734,40.199905966944094,37.837736295554926,14.0,2.3934012129205575,35.0,-100,1.0,0.0,1.0,1.0,1.0,1.0,1.0,0.0,0.0,0.0
2026-06-05 16:05:24,2.6029283621850094,4.784343749681389,9.140092545942293,0.4721721527036409,10.198130966946,20.67488716897995,0.2567607639756915,-14.857276016320087,36.903391240544046,40.25875244203411,37.90471937708843,14.0,2.3934012129205575,35.0,-100,1.0,0.0,1.0,1.0,1.0,1.0,1.0,0.0,0.0,0.0
2026-06-05 16:05:25,0.9122795954108431,10.174155458405375,9.678106163476372,1.4259339222334795,11.033652862353039,18.090955386643476,-0.6755214640628453,-18.069912477316173,36.50980448123153,40.385020610924514,37.710947601787105,14.0,2.3934012129205575,35.0,-100,1.0,0.0,1.0,1.0,1.0,1.0,1.0,0.0,0.0,0.0
2026-06-05 16:05:27,4.001486306926887,6.0391579205827,5.1754395407296006,-0.07503770146282762,6.377451782064116,20.214501697765744,0.9693807637403644,-17.385032356882554,36.98399528633218,39.9322541936256,37.81112465589795,14.0,2.3934012129205575,35.0,-100,1.0,0.0,1.0,1.0,1.0,1.0,1.0,0.0,0.0,0.0
2026-06-05 16:05:28,0.848445155049981,8.656396459365912,8.14513692108833,2.953773046719543,10.945011300368561,16.260707494927765,3.760179455423774,-14.54630707650515,36.82161527393859,40.08557520182453,37.73342252948515,14.0,2.3934012129205575,35.0,-100,1.0,0.0,1.0,1.0,1.0,1.0,1.0,0.0,0.0,0.0
2026-06-05 16:05:29,0.6062990447681225,9.951148374310382,5.760530932861255,2.350133507304214,10.45567801555431,15.757895321081396,0.02644620683138621,-17.442003786997816,36.82516377720548,40.36574838658226,37.80310153049166,14.0,2.3934012129205575,35.0,-100,1.0,0.0,1.0,1.0,1.0,1.0,1.0,0.0,0.0,0.0
2026-06-05 16:05:30,0.7685454889210113,8.074676765740449,5.772529741202851,-0.2738733077776523,9.576553206220883,20.321026587415098,-1.5994161435804983,-16.445078299681562,36.439152330554904,40.38931055781159,38.15584082349785,14.0,2.3934012129205575,35.0,-100,1.0,0.0,1.0,1.0,1.0,1.0,1.0,0.0,0.0,0.0
2026-06-05 16:05:31,1.2646167610623107,9.41734175790112,5.555814391684934,0.8616566573248443,8.716977051128918,15.46515937478214,-0.5619282437612305,-18.00511934697387,36.78787399235829,40.368281726457695,37.80353130994123,14.0,2.3934012129205575,35.0,-100,1.0,0.0,1.0,1.0,1.0,1.0,1.0,0.0,0.0,0.0
2026-06-05 16:05:33,0.25930758442771484,4.745063811191052,6.060521184296137,0.20838775614859806,9.393770704310262,21.05198905755071,1.7331557868256624,-17.823990388779364,36.63385498206405,40.44085034353014,37.987912032139825,14.0,2.3934012129205575,35.0,-100,1.0,0.0,1.0,1.0,1.0,1.0,1.0,0.0,0.0,0.0
2026-06-05 16:05:34,4.009265818326683,7.854293828512674,8.74900026887467,2.088166106162838,9.672003572195969,18.08064931722099,2.982533525255029,-17.939478844326946,36.99793731659842,40.04339324109854,38.178266672787025,14.0,2.3934012129205575,35.0,-100,1.0,0.0,1.0,1.0,1.0,1.0,1.0,0.0,0.0,0.0
2026-06-05 16:05:35,5.584388790495537,7.460603636179148,5.51611593877715,3.0223192049849246,6.537966422093986,15.312352382318792,-1.3295882632070617,-12.548574448512944,36.92993510854775,40.51983876421275,37.81802796095141,14.0,2.3934012129205575,35.0,-100,1.0,0.0,1.0,1.0,1.0,1.0,1.0,0.0,0.0,0.0
2026-06-05 16:05:36,4.460192472492144,4.957522114630359,9.769198505313959,3.3198315912897858,8.011759788374597,20.288225602941978,2.128731610942424,-16.329320411411764,36.53287983203985,40.50723554747812,38.216890076672854,14.0,2.3934012129205575,35.0,-100,1.0,0.0,1.0,1.0,1.0,1.0,1.0,0.0,0.0,0.0
2026-06-05 16:05:37,1.57811107960359,9.25853184096164,7.433280155427521,0.7818873303816045,11.410203474783023,20.465274495581205,3.6396853711219634,-15.843527713045718,36.76976220158255,39.993372904871244,37.87760478725899,14.0,2.3934012129205575,35.0,-100,1.0,0.0,1.0,1.0,1.0,1.0,1.0,0.0,0.0,0.0
2026-06-05 16:05:38,4.905197147189367,8.110023649780842,7.023473983101893,1.535602964405924,10.536565402291131,18.449132741280557,2.859775245882936,-16.056855103493046,36.622899300191506,40.225499794064206,38.02830954594818,14.0,2.3934012129205575,35.0,-100,1.0,0.0,1.0,1.0,1.0,1.0,1.0,0.0,0.0,0.0
2026-06-05 16:05:39,4.498692937766005,8.1593050864421,9.526783064358074,-1.3463649513007292,10.55647239323102,17.068459199529546,0.08410972935452343,-16.61007751397829,36.75787630601504,40.42992304328919,38.1557716274508,14.0,2.3934012129205575,35.0,-100,1.0,0.0,1.0,1.0,1.0,1.0,1.0,0.0,0.0,0.0
2026-06-05 16:05:41,3.9196764421393766,9.853897525804431,5.0163032586442675,2.6879310186448784,5.72715842491816,18.57245089821886,2.9585255358667712,-18.416350528210852,36.476803129003024,40.491719715563285,38.0121204492415,14.0,2.3934012129205575,35.0,-100,1.0,0.0,1.0,1.0,1.0,1.0,1.0,0.0,0.0,0.0
2026-06-05 16:05:42,4.6543757349101025,5.829477363574744,9.59522487219526,-0.9246974314029672,7.951024870428149,16.180442130194624,1.3431656189572698,-13.130122493825745,36.78095288740375,40.47281280548305,38.29453805231245,14.0,2.3934012129205575,35.0,-100,1.0,0.0,1.0,1.0,1.0,1.0,1.0,0.0,0.0,0.0
2026-06-05 16:05:43,-0.14412732236788628,4.509396853063609,6.253920488172601,0.23136545550092968,11.110891519929282,20.471471371549484,3.3543877930627835,-18.48303251432868,36.692899714368394,40.0800646773057,38.098902149747474,14.0,2.3934012129205575,35.0,-100,1.0,0.0,1.0,1.0,1.0,1.0,1.0,0.0,0.0,0.0
2026-06-05 16:05:44,1.4295271111358214,5.881588415579896,8.353461729308428,1.4168508935486437,10.272967406312809,17.890811857970377,1.4749264316491955,-14.290118861522956,36.836349718590014,39.99709314444097,38.13739230799653,14.0,2.3934012129205575,35.0,-100,1.0,0.0,1.0,1.0,1.0,1.0,1.0,0.0,0.0,0.0
2026-06-05 16:05:46,1.3510581068183647,7.604770661910472,4.793385216599231,2.850028094881635,7.017239785046959,16.27778960062764,1.8991379934726575,-14.765480535962318,36.55335711604663,40.08618126321869,38.24479617064739,14.0,2.3934012129205575,35.0,-100,1.0,0.0,1.0,1.0,1.0,1.0,1.0,0.0,0.0,0.0
2026-06-05 16:05:47,1.8475591591967504,10.162769785639046,4.251712512131238,-0.5496416973506919,7.54186669725066,18.11193235518948,-0.7772160980637626,-15.050519220239662,36.44851643553687,40.35789059838221,38.10011933785191,14.0,2.3934012129205575,35.0,-100,1.0,0.0,1.0,1.0,1.0,1.0,1.0,0.0,0.0,0.0
2026-06-05 16:05:48,5.318522300241733,5.873384438033188,4.422108763061272,2.6978124011630786,9.815134781639749,17.840212392430036,-0.3803624755302666,-13.79211634920192,36.91713780676839,40.23874755198002,37.7507658316803,14.0,2.3934012129205575,35.0,-100,1.0,0.0,1.0,1.0,1.0,1.0,1.0,0.0,0.0,0.0
2026-06-05 16:05:49,-0.18201862375895628,8.965962445561814,4.451124660867819,-1.7009807611199754,10.757577609258469,16.897735104351163,0.916480279969178,-13.77639152454825,36.673243496114935,40.03942803050451,38.06494175871451,14.0,2.3934012129205575,35.0,-100,1.0,0.0,1.0,1.0,1.0,1.0,1.0,0.0,0.0,0.0
2026-06-05 16:05:50,3.8170893415558904,7.123115376962733,9.878462243136166,0.9207021551448302,11.55050383104373,20.90401943917297,2.697276057191824,-15.156763208543866,36.74852265705627,40.37628097649496,38.01287063673914,14.0,2.3934012129205575,35.0,-100,1.0,0.0,1.0,1.0,1.0,1.0,1.0,0.0,0.0,0.0
2026-06-05 16:05:52,2.35487274491709,6.145170414737963,4.794775146439687,-1.4185081842855496,10.548971360866023,19.347332156005262,4.21603878627549,-12.80659743010052,36.711831057779605,40.1104432164387,37.8194268474976,14.0,2.3934012129205575,35.0,-100,1.0,0.0,1.0,1.0,1.0,1.0,1.0,0.0,0.0,0.0
2026-06-05 16:05:53,4.780604363630968,4.993278447954787,7.824808527300814,1.721584840705125,8.596886951575648,17.009601510884636,3.552175249673212,-12.967488079626618,36.912232246444816,40.102399422486265,38.11439487362005,14.0,2.3934012129205575,35.0,-100,1.0,0.0,1.0,1.0,1.0,1.0,1.0,0.0,0.0,0.0
2026-06-05 16:05:54,5.047395468700458,9.383113810497255,7.454368667488777,3.914854228523292,9.529140828690775,18.550203663127007,-0.46522612681955655,-14.048738926414106,36.751009595730274,39.92707272897711,37.91172245599597,14.0,2.3934012129205575,35.0,-100,1.0,0.0,1.0,1.0,1.0,1.0,1.0,0.0,0.0,0.0
2026-06-05 16:05:55,4.63816482846032,6.023813585992754,8.241746720870296,-0.6201914173183325,8.838127417337558,17.75891165337794,0.20002536495852352,-15.352274387149695,36.93625024617642,40.17576431040004,37.791889691240804,14.0,2.3934012129205575,35.0,-100,1.0,0.0,1.0,1.0,1.0,1.0,1.0,0.0,0.0,0.0
2026-06-05 16:05:57,2.6415181170097686,5.04407680787857,5.562618375597377,4.027578182917672,7.426181835662092,17.566098579561885,1.4172072946470768,-15.223223733428718,36.521886669599105,40.26091363385994,37.79612453598799,14.0,2.3934012129205575,35.0,-100,1.0,0.0,1.0,1.0,1.0,1.0,1.0,0.0,0.0,0.0
2026-06-05 16:05:58,1.2727508718038765,10.399394243908908,9.97453196622132,3.6215378625957966,5.6599171857247175,19.109330492483153,0.4921538473572409,-14.854757698648335,36.78375265816179,40.30063866487701,37.88105129675178,14.0,2.3934012129205575,35.0,-100,1.0,0.0,1.0,1.0,1.0,1.0,1.0,0.0,0.0,0.0
2026-06-05 16:05:59,0.8554479730667868,5.014475199795145,9.461500644920918,-0.7523268304790898,10.126084918453287,16.54075907472521,0.906718396395723,-18.42162738656661,36.97858995221974,40.08969985744268,38.25903986381747,14.0,2.3934012129205575,35.0,-100,1.0,0.0,1.0,1.0,1.0,1.0,1.0,0.0,0.0,0.0
2026-06-05 16:06:00,3.6712391734207945,8.122627937853617,4.207851710925764,-1.8843129709347632,11.435321847557315,19.11262967867743,3.4428940418973077,-14.415842320318124,36.99497353735663,40.5084087432963,38.085320903050636,14.0,2.3934012129205575,35.0,-100,1.0,0.0,1.0,1.0,1.0,1.0,1.0,0.0,0.0,0.0
2026-06-05 16:06:01,1.4314246254076912,9.026726643925938,8.217010656353366,-0.501931171373009,10.52820287765428,19.099567065333794,-0.3953915819912517,-17.86148622206334,36.60292714214397,40.26361646592741,37.81619911223653,14.0,2.3934012129205575,35.0,-100,1.0,0.0,1.0,1.0,1.0,1.0,1.0,0.0,0.0,0.0
2026-06-05 16:06:02,2.3595960839551653,9.01558963821936,7.856768301645884,0.987826109179216,7.948444580208161,16.499080592920514,3.526632389066979,-15.944525827545739,36.436943086564426,40.29196789056344,38.01691385138442,14.0,2.3934012129205575,35.0,-100,1.0,0.0,1.0,1.0,1.0,1.0,1.0,0.0,0.0,0.0
2026-06-05 16:06:04,1.4949327039776885,8.05726523276661,6.120585326090696,-0.8218300052177687,8.669077337066403,20.01494832193471,3.283123999281793,-16.77141979158508,36.6569174202007,40.15880683229754,38.074804137715425,14.0,2.3934012129205575,35.0,-100,1.0,0.0,1.0,1.0,1.0,1.0,1.0,0.0,0.0,0.0
2026-06-05 16:06:05,1.3202831259254488,5.873031519954442,4.808158980665892,1.884801158232404,5.9440764313912435,16.70554139272958,2.995221893648951,-18.251513973641607,36.47401208995765,40.42219392985481,37.823579154637336,14.0,2.3934012129205575,35.0,-100,1.0,0.0,1.0,1.0,1.0,1.0,1.0,0.0,0.0,0.0
2026-06-05 16:06:06,0.4041029201887394,8.34744223898429,6.773220875347444,1.4670794923966173,9.45423055974983,16.65112811919395,-0.3104338980072803,-13.401588987798347,36.927340915274705,40.16043733208644,37.97836664188381,14.0,2.3934012129205575,35.0,-100,1.0,0.0,1.0,1.0,1.0,1.0,1.0,0.0,0.0,0.0
2026-06-05 16:06:08,0.9388344774569859,9.81521185073284,7.179933486853377,2.7877568805570014,5.982780743246359,15.489105890146991,0.47789085920896524,-13.2622913431188,36.493457944471324,39.96274941959852,38.081108893121275,14.0,2.3934012129205575,35.0,-100,1.0,0.0,1.0,1.0,1.0,1.0,1.0,0.0,0.0,0.0
2026-06-05 16:06:09,5.092647886225415,10.31780713486738,5.18365683729148,1.2845279180686644,7.182873429901084,16.594135975077872,3.036914917766948,-18.184256663111213,36.596714389599065,40.25497703318456,38.029673753065744,14.0,2.3934012129205575,35.0,-100,1.0,0.0,1.0,1.0,1.0,1.0,1.0,0.0,0.0,0.0
2026-06-05 16:06:10,2.0222345979607,6.220235334566611,6.3878312821029155,-0.23661935277638158,8.340413017596337,19.318540912982584,1.2634889957084035,-17.149076231100903,36.794381607113415,40.19433385507456,37.82539896742182,14.0,2.3934012129205575,35.0,-100,1.0,0.0,1.0,1.0,1.0,1.0,1.0,0.0,0.0,0.0
2026-06-05 16:06:11,-0.2174439559475161,6.670050531363614,8.390051150511894,-1.2194102390804313,6.72964358458185,16.03788124417309,3.8033419296450175,-16.446095009590838,36.848085915459095,40.19761690054524,37.99079595936306,14.0,2.3934012129205575,35.0,-100,1.0,0.0,1.0,1.0,1.0,1.0,1.0,0.0,0.0,0.0
2026-06-05 16:06:13,-0.2197855817986527,7.456266147275332,6.020548042149289,-0.05644405951438425,10.48215594793362,16.548533945888753,3.0377094480474227,-14.678273914659016,36.972443077060355,40.40039247300166,37.87044298505441,14.0,2.3934012129205575,35.0,-100,1.0,0.0,1.0,1.0,1.0,1.0,1.0,0.0,0.0,0.0
2026-06-05 16:06:14,0.35063452810754514,8.267655533738417,8.749002978700096,0.4678952860453083,8.003704243822025,16.931491919719225,0.8684728999370774,-17.63858033613222,36.69642130412884,40.13041311122173,38.01031483037169,14.0,2.3934012129205575,35.0,-100,1.0,0.0,1.0,1.0,1.0,1.0,1.0,0.0,0.0,0.0
2026-06-05 16:06:15,1.8056684664892617,10.30099320022504,8.136742933531771,3.9268509605833186,10.674495290633526,19.51589316112676,0.1383109092019299,-17.25032441734227,36.48339980972515,39.98663576404854,38.04987368055229,14.0,2.3934012129205575,35.0,-100,1.0,0.0,1.0,1.0,1.0,1.0,1.0,0.0,0.0,0.0
2026-06-05 16:06:16,1.255585315329089,8.131135678566064,5.660329607787077,-0.5268945381827963,8.328831455971713,17.09771441962872,3.288954993119825,-14.251186762275882,36.90893089098088,40.23640358095998,38.180680618897,14.0,2.3934012129205575,35.0,-100,1.0,0.0,1.0,1.0,1.0,1.0,1.0,0.0,0.0,0.0
2026-06-05 16:06:17,1.798513249843321,9.176981764511824,6.49548099841043,3.5639558029547453,10.104744323039526,19.11577739781476,0.5370107905870274,-17.097608619359367,36.86061778722517,39.96226055929882,37.86965519308251,14.0,2.3934012129205575,35.0,-100,1.0,0.0,1.0,1.0,1.0,1.0,1.0,0.0,0.0,0.0
2026-06-05 16:06:18,3.731598298806516,5.054296230742387,4.712613998643616,1.031989348139997,11.051118507170031,15.928531995421588,-1.5711508653098534,-14.560295507075722,36.82724641866638,40.42606095795142,37.728316915813,14.0,2.3934012129205575,35.0,-100,1.0,0.0,1.0,1.0,1.0,1.0,1.0,0.0,0.0,0.0
2026-06-05 16:06:20,5.156680370860788,4.563771266238628,5.5255749873510105,2.3111847707909474,9.395839548393232,20.879292602132836,3.5452104250477534,-14.101040462179546,36.644732851399226,40.442007636234734,37.77602656889044,14.0,2.3934012129205575,35.0,-100,1.0,0.0,1.0,1.0,1.0,1.0,1.0,0.0,0.0,0.0
2026-06-05 16:06:21,5.00114893080122,9.125315089644683,5.365599649867911,1.138681573652926,11.528369736690411,15.872976511249034,-1.2518327022459204,-16.574516262107178,36.83602458820254,40.35678709299564,38.067759417209814,14.0,2.3934012129205575,35.0,-100,1.0,0.0,1.0,1.0,1.0,1.0,1.0,0.0,0.0,0.0
2026-06-05 16:06:22,1.4769488529646382,5.530039064573047,6.846586343710685,2.6409831936681982,11.422573829510467,15.699423558644053,0.43131601309366285,-14.58059726104862,36.65029860888972,40.513186747258025,38.262877608230916,14.0,2.3934012129205575,35.0,-100,1.0,0.0,1.0,1.0,1.0,1.0,1.0,0.0,0.0,0.0
2026-06-05 16:06:23,2.6048582817384887,8.681347486514099,7.4895233230474165,0.378608885215006,7.151044111601539,18.967101914158334,-1.4971273384358144,-18.51488915003371,36.492372345676756,40.51113642760359,37.883579857634174,14.0,2.3934012129205575,35.0,-100,1.0,0.0,1.0,1.0,1.0,1.0,1.0,0.0,0.0,0.0
2026-06-05 16:06:25,1.918278928409764,4.983132537449476,6.144599263475021,3.5974384930549643,9.979809659431846,16.891338488571645,3.315687395040272,-18.42265350384067,36.722122701189505,39.99173701720308,38.23768086535791,14.0,2.3934012129205575,35.0,-100,1.0,0.0,1.0,1.0,1.0,1.0,1.0,0.0,0.0,0.0
2026-06-05 16:06:26,1.284383122361978,8.305266048675076,9.772754860674954,1.2749019911485044,6.226955922362474,15.985082424857993,3.6993616882723597,-15.82573474282167,36.81615564631975,39.998405065417046,38.07840761873148,14.0,2.3934012129205575,35.0,-100,1.0,0.0,1.0,1.0,1.0,1.0,1.0,0.0,0.0,0.0
2026-06-05 16:06:27,0.4149934212985893,5.336614942742222,6.928934810244415,2.642434623945336,11.537120396269522,15.30785241858662,2.579133150589268,-14.212210759110025,36.518027249034944,40.384901355894584,38.10959085295671,14.0,2.3934012129205575,35.0,-100,1.0,0.0,1.0,1.0,1.0,1.0,1.0,0.0,0.0,0.0
2026-06-05 16:06:28,0.9413558188904927,9.55072623237298,7.653424007613502,0.23405245672314656,10.621461947013273,18.166728905906467,-0.9127960293472261,-15.728195998775313,36.99753957192955,40.096941011035106,37.71215730951338,14.0,2.3934012129205575,35.0,-100,1.0,0.0,1.0,1.0,1.0,1.0,1.0,0.0,0.0,0.0
2026-06-05 16:06:30,1.6574207007005497,7.663240298423742,5.474060402837145,0.1779763852874714,6.441692423838609,18.160918305190457,-1.662531805298789,-15.374287038491206,36.60215711132683,39.97428373441743,37.75352324423326,14.0,2.3934012129205575,35.0,-100,1.0,0.0,1.0,1.0,1.0,1.0,1.0,0.0,0.0,0.0
2026-06-05 16:06:31,2.669593579345723,9.147472601129458,5.245123547755387,-1.7010033081965608,10.82456185078901,19.566733292649673,1.2832673758910862,-18.50575538689298,36.43856941730505,40.39574395559375,37.89343660074042,14.0,2.3934012129205575,35.0,-100,1.0,0.0,1.0,1.0,1.0,1.0,1.0,0.0,0.0,0.0
2026-06-05 16:06:32,3.3573759530466214,6.340369198205831,6.167935025410786,1.7222136821253242,10.952188336585284,20.64652831068187,3.6128048037082507,-17.512405234189643,36.84652941775389,40.01028252183735,38.2333783089025,14.0,2.3934012129205575,35.0,-100,1.0,0.0,1.0,1.0,1.0,1.0,1.0,0.0,0.0,0.0
2026-06-05 16:06:33,1.3603363660452779,5.284834021372799,8.614095785757911,0.41547721699329143,7.179839427533422,20.80521911004201,3.4710297422837524,-15.555602094221943,36.503788752873746,40.06498126196467,37.96877002723607,14.0,2.3934012129205575,35.0,-100,1.0,0.0,1.0,1.0,1.0,1.0,1.0,0.0,0.0,0.0
2026-06-05 16:06:34,4.397997451271115,10.32578452700589,6.578466762504834,2.159264715096123,10.038459607981848,16.441586352599288,-0.9658343472664255,-13.305127730392908,36.55516712508204,40.43449366537619,37.85349418639181,14.0,2.3934012129205575,35.0,-100,1.0,0.0,1.0,1.0,1.0,1.0,1.0,0.0,0.0,0.0
2026-06-05 16:06:36,2.6582857977825083,5.3253746926225425,9.067403769895673,1.9282220964810342,7.216023883167114,19.468691683037193,4.002116989064576,-16.77390577484136,36.45626978618098,40.113990374391186,38.19427408790974,14.0,2.3934012129205575,35.0,-100,1.0,0.0,1.0,1.0,1.0,1.0,1.0,0.0,0.0,0.0
2026-06-05 16:06:37,1.129076566157928,10.029871698464179,4.1935956858114185,0.210372883955932,7.539717844878982,17.381284629233203,0.44930060684249273,-15.758559758550193,36.59758788034854,40.470182402807026,38.04529920370528,14.0,2.3934012129205575,35.0,-100,1.0,0.0,1.0,1.0,1.0,1.0,1.0,0.0,0.0,0.0
2026-06-05 16:06:38,1.846857678676499,9.568782514468658,6.358871555358632,-1.8394666262866854,10.73236548076584,18.687971274381404,0.09205882503902707,-13.913934858257718,36.82682704263375,40.18622109255614,38.19688244225642,14.0,2.3934012129205575,35.0,-100,1.0,0.0,1.0,1.0,1.0,1.0,1.0,0.0,0.0,0.0
2026-06-05 16:06:40,3.3438260749895776,6.235831693256359,8.688255765299903,2.064713158848477,7.740634490568302,16.4012938639331,1.692955623376216,-15.98963551883363,36.88746703306317,39.934228193685705,38.19210819302352,14.0,2.3934012129205575,35.0,-100,1.0,0.0,1.0,1.0,1.0,1.0,1.0,0.0,0.0,0.0
2026-06-05 16:06:41,2.9222060507311194,10.312142604182739,4.7257562554362025,3.069528143163695,7.05059579612247,16.07705032494728,-0.36512398656283573,-16.11096845174055,36.786665009815266,40.23030994251426,37.763563066026116,14.0,2.3934012129205575,35.0,-100,1.0,0.0,1.0,1.0,1.0,1.0,1.0,0.0,0.0,0.0
2026-06-05 16:06:42,1.3646689864296424,9.82030545893401,7.508983859119795,0.8348504068942422,5.990757841772866,16.662211188434313,1.2687847430187436,-17.25010527857265,36.67409406486729,40.30488674808292,37.96424083396146,14.0,2.3934012129205575,35.0,-100,1.0,0.0,1.0,1.0,1.0,1.0,1.0,0.0,0.0,0.0
2026-06-05 16:06:43,2.286817388707095,7.815772704706514,8.965156076258378,3.713515453545524,10.361781148389948,16.475726418696894,-0.2593266468893265,-16.66111868910572,36.70767635053266,40.21686757726388,38.01056770072437,14.0,2.3934012129205575,35.0,-100,1.0,0.0,1.0,1.0,1.0,1.0,1.0,0.0,0.0,0.0
2026-06-05 16:06:44,3.982470454136128,6.31441720095931,7.249122280412898,0.6057031332882881,10.552492372588144,17.13553494817848,0.360290648350035,-12.557001354196293,36.639608014410555,40.42374225888869,38.07902176844706,14.0,2.3934012129205575,35.0,-100,1.0,0.0,1.0,1.0,1.0,1.0,1.0,0.0,0.0,0.0
2026-06-05 16:06:45,2.5128838407650083,5.070608615113532,8.225393183326734,2.4446593680325677,10.376943900689508,17.453621242330584,3.9414630918506344,-14.35337023159371,36.4349749313942,40.17781108580664,37.76309626965564,14.0,2.3934012129205575,35.0,-100,1.0,0.0,1.0,1.0,1.0,1.0,1.0,0.0,0.0,0.0
2026-06-05 16:06:47,3.370845771460626,8.068448672304367,7.065283531264487,0.38393203942884657,8.64174906634517,18.887652227954625,0.9237586910403892,-14.320938100515999,36.636214979905105,40.06740132521346,38.11530869768536,14.0,2.3934012129205575,35.0,-100,1.0,0.0,1.0,1.0,1.0,1.0,1.0,0.0,0.0,0.0
2026-06-05 16:06:48,0.16769322186128388,8.081803485880323,5.6765754826734725,1.2556789416675853,9.38314256855704,19.527597021264867,-0.30405656938767334,-14.492804624757053,36.885046762130905,40.261828551276494,37.89850950820689,14.0,2.3934012129205575,35.0,-100,1.0,0.0,1.0,1.0,1.0,1.0,1.0,0.0,0.0,0.0
2026-06-05 16:06:50,3.7579073257150037,6.438639223689712,5.6953784889735575,-1.1342853712313872,9.994525438445159,20.58025321358924,0.7282892256163924,-16.638953672960053,36.687157585328364,40.489736815846946,38.023436399854205,14.0,2.3934012129205575,35.0,-100,1.0,0.0,1.0,1.0,1.0,1.0,1.0,0.0,0.0,0.0
2026-06-05 16:06:51,2.0344520288389143,5.533123064639781,6.999954367115624,3.3422380066967436,6.8249092327124705,21.182806468042408,2.3765177333104317,-14.41051309512897,36.56326647488557,40.21364932270252,37.91727017358312,14.0,2.3934012129205575,35.0,-100,1.0,0.0,1.0,1.0,1.0,1.0,1.0,0.0,0.0,0.0
2026-06-05 16:06:52,0.7505835366790481,9.190651587579126,8.790995675075756,2.680810824880999,7.750527414791211,18.908635284605495,4.192012520784842,-17.34990345242751,36.594428288248345,40.32877831658888,37.9745602044061,14.0,2.3934012129205575,35.0,-100,1.0,0.0,1.0,1.0,1.0,1.0,1.0,0.0,0.0,0.0
2026-06-05 16:06:53,1.6116675622822438,10.221145127081671,7.987035666695025,0.09452601334816269,6.377080797916797,17.16232341783113,1.066597780598073,-15.601457677996667,36.67742733556681,40.5079580046215,37.740263296648386,14.0,2.3934012129205575,35.0,-100,1.0,0.0,1.0,1.0,1.0,1.0,1.0,0.0,0.0,0.0
2026-06-05 16:06:55,2.4039494827085464,6.272879843488891,9.625481216802653,2.230573046153437,6.478919704805228,19.17369067109614,3.4573088460927277,-17.239373156420402,36.854325363590235,40.23590228221396,38.232089203573096,14.0,2.3934012129205575,35.0,-100,1.0,0.0,1.0,1.0,1.0,1.0,1.0,0.0,0.0,0.0
2026-06-05 16:06:56,2.8356700809454534,9.592559976263557,7.733354019618548,3.969156964800118,10.636316989769956,20.1453461987564,3.8340096019496226,-15.335174042067312,36.6653179897087,40.054055486671665,38.28784974049818,14.0,2.3934012129205575,35.0,-100,1.0,0.0,1.0,1.0,1.0,1.0,1.0,0.0,0.0,0.0
2026-06-05 16:06:57,2.0838431674791322,5.456840453946778,7.326195521909815,-0.32798022963193074,8.711991868332134,21.171437733147172,-0.4054607726526309,-18.329273265832356,36.44259046410142,40.11432458738984,37.79305559592144,14.0,2.3934012129205575,35.0,-100,1.0,0.0,1.0,1.0,1.0,1.0,1.0,0.0,0.0,0.0
2026-06-05 16:06:59,2.258019147078163,8.969949459990506,4.28776276135374,0.8732377288539137,6.811689779223807,16.888607429804917,2.6362065604232585,-16.549643597446643,36.99560574430087,40.497602606274604,37.92497803530489,14.0,2.3934012129205575,35.0,-100,1.0,0.0,1.0,1.0,1.0,1.0,1.0,0.0,0.0,0.0
2026-06-05 16:07:00,0.5221607112257178,7.813584238704455,9.063485976592437,3.0023052402185995,6.333714890667797,16.769780711190464,3.641764963247664,-17.35860077644206,36.49364334659476,40.38531739179162,38.145551024440195,14.0,2.3934012129205575,35.0,-100,1.0,0.0,1.0,1.0,1.0,1.0,1.0,0.0,0.0,0.0
2026-06-05 16:07:01,3.2274768720832814,8.094041447444237,8.559779619437201,0.5615909635111755,10.29046891147592,16.13554705617815,1.2491779568345747,-15.692319856215729,36.591620166652476,40.04920767869513,37.94266240702921,14.0,2.3934012129205575,35.0,-100,1.0,0.0,1.0,1.0,1.0,1.0,1.0,0.0,0.0,0.0
2026-06-05 16:07:03,3.1518453965313142,5.563292588789696,4.213174540597871,1.2255368531086326,5.826523839009035,17.329663920551766,-0.9120770250826284,-18.321593005523187,36.41173218598124,40.02443621556674,38.25883700609638,14.0,2.3934012129205575,35.0,-100,1.0,0.0,1.0,1.0,1.0,1.0,1.0,0.0,0.0,0.0
2026-06-05 16:07:04,2.298547517153374,9.900048124046751,4.092088637669903,-0.05378040890008329,6.365371052148626,21.051602053159467,2.395529712628891,-14.825494372930041,36.55504332363069,40.03994920156475,37.79389187074437,14.0,2.3934012129205575,35.0,-100,1.0,0.0,1.0,1.0,1.0,1.0,1.0,0.0,0.0,0.0
2026-06-05 16:07:05,4.633576197297592,5.789652511595476,9.289729356043008,-1.03336102715115,6.359453379032825,17.61911515076771,-0.14710624918898807,-15.654382536415596,36.81720786246053,40.46944974864583,38.110554282498825,14.0,2.3934012129205575,35.0,-100,1.0,0.0,1.0,1.0,1.0,1.0,1.0,0.0,0.0,0.0
2026-06-05 16:07:07,2.430446465065776,8.819478134784756,6.292034386594433,0.018045676460193283,8.099994883450261,18.022534876477888,2.857222194317189,-16.186116368393655,36.71185507120163,40.514366475052256,37.88766915329444,14.0,2.3934012129205575,35.0,-100,1.0,0.0,1.0,1.0,1.0,1.0,1.0,0.0,0.0,0.0
2026-06-05 16:07:08,2.2865129948042027,5.22945798340216,8.43004786144775,2.4617867690839654,10.025393463553671,21.152872406351086,2.377064746080497,-12.60493481349646,36.544727386961945,40.14222401212503,38.19185478206755,14.0,2.3934012129205575,35.0,-100,1.0,0.0,1.0,1.0,1.0,1.0,1.0,0.0,0.0,0.0
2026-06-05 16:07:10,4.6771245384486555,8.355685335805273,5.4484704776205035,0.14171729526797927,11.311800594600015,16.077232867703863,4.035696759798527,-17.356796337148698,36.606562332913036,40.10637804180266,38.13374556015183,14.0,2.3934012129205575,35.0,-100,1.0,0.0,1.0,1.0,1.0,1.0,1.0,0.0,0.0,0.0
2026-06-05 16:07:11,4.54804194039537,7.793534650329067,4.709611929666793,1.7780703837326222,6.734127583226008,21.118307390904548,2.0388548891481926,-18.415670362638426,36.55899618515035,40.16041304267774,37.92868325549077,14.0,2.3934012129205575,35.0,-100,1.0,0.0,1.0,1.0,1.0,1.0,1.0,0.0,0.0,0.0
2026-06-05 16:07:12,1.993450555398482,4.781320875586575,4.701275253493765,0.748962693379073,7.281751901935117,15.40919707966555,0.4141664581486646,-16.21291408994384,36.985355733864786,40.506491087104074,37.93811974511208,14.0,2.3934012129205575,35.0,-100,1.0,0.0,1.0,1.0,1.0,1.0,1.0,0.0,0.0,0.0
2026-06-05 16:07:13,3.8452629252878747,6.611762719481341,5.945046202444583,-0.9824234527124167,5.800389830814842,16.861929262108465,-0.8038434240220749,-14.201678763870829,36.6844030671933,40.008948648121134,37.86336970021145,14.0,2.3934012129205575,35.0,-100,1.0,0.0,1.0,1.0,1.0,1.0,1.0,0.0,0.0,0.0
2026-06-05 16:07:14,0.7303596800228513,5.973537913778181,9.407011969348957,3.969678078510122,7.435463927202233,16.235238422720855,2.0681520405239313,-18.35442010148145,36.557198878546444,40.279954821949566,38.057918793799736,14.0,2.3934012129205575,35.0,-100,1.0,0.0,1.0,1.0,1.0,1.0,1.0,0.0,0.0,0.0
2026-06-05 16:07:16,3.060140337215736,7.848663395151424,6.391139711227899,3.9512244863593198,9.894788778666996,18.413256964912833,0.04631963445326748,-16.075164696802947,36.956285516094916,40.36785015971075,38.02781691385177,14.0,2.3934012129205575,35.0,-100,1.0,0.0,1.0,1.0,1.0,1.0,1.0,0.0,0.0,0.0
2026-06-05 16:07:17,3.8623189539829577,6.604375475321851,6.528109849245078,1.1607972597081284,9.319276071493963,19.25086349602838,-0.3905735108905557,-16.561614744622037,36.97632500323993,40.18174684585512,37.83695226530946,14.0,2.3934012129205575,35.0,-100,1.0,0.0,1.0,1.0,1.0,1.0,1.0,0.0,0.0,0.0
2026-06-05 16:07:18,3.127662218832903,10.255332810135979,8.68745482647568,3.402403340693432,8.082542189860849,19.89248432110079,3.6649310149477037,-13.236175719774653,36.69296648179772,40.51115598347064,38.19285501763971,14.0,2.3934012129205575,35.0,-100,1.0,0.0,1.0,1.0,1.0,1.0,1.0,0.0,0.0,0.0
2026-06-05 16:07:19,4.551902829854553,4.997931667632473,4.65455954316419,-0.37205989032475206,6.7319046845431005,15.402072931240422,-0.5306156875078583,-17.81151553107481,36.884902753626676,39.98086127922815,38.03314964197179,14.0,2.3934012129205575,35.0,-100,1.0,0.0,1.0,1.0,1.0,1.0,1.0,0.0,0.0,0.0
2026-06-05 16:07:21,2.5339437740518487,10.2611186451279,6.805341801348158,1.6217388825930383,9.569456704171973,19.206156625591923,-1.292797240633646,-13.294993898687187,36.719351004433825,39.99060292222959,37.848958399073915,14.0,2.3934012129205575,35.0,-100,1.0,0.0,1.0,1.0,1.0,1.0,1.0,0.0,0.0,0.0
2026-06-05 16:07:22,3.681104241142826,9.647102850075617,7.108048253971635,0.609537390339872,7.56346669217198,18.34047087836576,-1.2004646827668064,-12.849884031399409,36.78425135555637,40.09386906461279,37.98322755462779,14.0,2.3934012129205575,35.0,-100,1.0,0.0,1.0,1.0,1.0,1.0,1.0,0.0,0.0,0.0
2026-06-05 16:07:23,1.9414661003387295,10.002726764249816,8.380848171381377,2.562618055168425,9.306700272623083,15.610405798084003,-1.247119970074018,-14.352891887866157,36.57569519365553,40.36306370703022,38.086118960142514,14.0,2.3934012129205575,35.0,-100,1.0,0.0,1.0,1.0,1.0,1.0,1.0,0.0,0.0,0.0
2026-06-05 16:07:24,3.1739383194797606,8.891718248665928,8.925095577291849,2.292223752691669,6.630906690063338,21.288565279511673,3.1772208106816677,-16.497225700458667,36.66182657612915,40.13479153262311,38.0484336014297,14.0,2.3934012129205575,35.0,-100,1.0,0.0,1.0,1.0,1.0,1.0,1.0,0.0,0.0,0.0
2026-06-05 16:07:25,3.633852426124034,10.488365770275639,8.94562825025804,3.3491396016703208,11.39200962332142,20.516244727932456,0.6878163224586675,-15.199152483518715,36.94785240079435,40.403431593609405,37.87474051203717,14.0,2.3934012129205575,35.0,-100,1.0,0.0,1.0,1.0,1.0,1.0,1.0,0.0,0.0,0.0
2026-06-05 16:07:26,2.098670062143441,4.785001205136614,7.677826588612523,3.012345804231779,10.375001806610875,19.1903811500301,0.7102923006193946,-15.050347725251376,36.63628406720839,40.29302033152248,37.69909347297664,14.0,2.3934012129205575,35.0,-100,1.0,0.0,1.0,1.0,1.0,1.0,1.0,0.0,0.0,0.0
2026-06-05 16:07:28,1.3980891221324618,10.247022127375816,8.450391204721786,-1.9022232875104206,11.445846050704727,18.26871771674052,2.5134344595981144,-16.81105416424916,36.55044434342436,40.40632853042002,37.74637169894154,14.0,2.3934012129205575,35.0,-100,1.0,0.0,1.0,1.0,1.0,1.0,1.0,0.0,0.0,0.0
2026-06-05 16:07:29,4.493547381883293,6.245191221500575,9.940666583316446,1.4801253184242427,10.057137023579646,20.25472784113056,0.7297923518830869,-13.599799670123744,36.53837340811631,40.20524568260676,37.945419409862396,14.0,2.3934012129205575,35.0,-100,1.0,0.0,1.0,1.0,1.0,1.0,1.0,0.0,0.0,0.0
2026-06-05 16:07:30,1.550797251350713,9.546302175830249,5.743347984101488,0.799118628663726,9.879345453864133,18.690151422974566,1.05086512844602,-17.039344180532392,36.662684537150454,40.2529469283332,37.75372829322593,14.0,2.3934012129205575,35.0,-100,1.0,0.0,1.0,1.0,1.0,1.0,1.0,0.0,0.0,0.0
2026-06-05 16:07:31,2.3569434633656514,7.608221217711736,8.019848721418686,0.5645581683401129,9.268991708079815,20.29838435193319,0.3515678459940599,-14.798457583568798,36.657425399118054,40.38106927805679,38.02236899557865,14.0,2.3934012129205575,35.0,-100,1.0,0.0,1.0,1.0,1.0,1.0,1.0,0.0,0.0,0.0
2026-06-05 16:07:32,2.765690043535415,10.079217972035345,8.44970194397547,-0.10440074337774208,10.875255718340405,21.05452156128022,-0.9920151140540714,-15.25253093782174,36.58445449025839,40.17565725156558,38.18363847242031,14.0,2.3934012129205575,35.0,-100,1.0,0.0,1.0,1.0,1.0,1.0,1.0,0.0,0.0,0.0
2026-06-05 16:07:34,4.060633506035447,7.75192078054118,9.248600106377452,1.2353963689965504,7.704674571838739,18.0587626426985,3.1004143608202837,-18.44487836946766,36.83931355101835,40.19259365380844,37.99936646321781,14.0,2.3934012129205575,35.0,-100,1.0,0.0,1.0,1.0,1.0,1.0,1.0,0.0,0.0,0.0
2026-06-05 16:07:35,0.613968954441487,9.50305632261144,7.0940617963393535,-0.32602267666561024,6.9160011707423585,16.424302386924317,3.737192595318861,-16.5652179118119,36.575583643577424,40.37216029935084,38.07084932067513,14.0,2.3934012129205575,35.0,-100,1.0,0.0,1.0,1.0,1.0,1.0,1.0,0.0,0.0,0.0
2026-06-05 16:07:36,5.437286293239829,8.782308722666741,8.015390698274965,2.01557427022405,6.3679839418772595,17.613401706004097,3.6939354349536604,-16.030011116632995,36.6571990144762,39.936735126468506,37.997887449572694,14.0,2.3934012129205575,35.0,-100,1.0,0.0,1.0,1.0,1.0,1.0,1.0,0.0,0.0,0.0
2026-06-05 16:07:38,0.0870184843222126,5.3595989573933025,5.15461770975465,0.3994739336950719,9.606309959210698,17.457371967912454,3.104290833549004,-15.928047929095948,36.57284984232092,40.36054935062224,38.03212938960779,14.0,2.3934012129205575,35.0,-100,1.0,0.0,1.0,1.0,1.0,1.0,1.0,0.0,0.0,0.0
2026-06-05 16:07:39,3.3834866185601937,5.90806608569969,4.799605187675679,-1.4129281262923188,6.227715513000741,19.40823295140747,1.552330297861653,-14.618476255315885,36.610228246527065,40.27516006375438,37.91386428317537,14.0,2.3934012129205575,35.0,-100,1.0,0.0,1.0,1.0,1.0,1.0,1.0,0.0,0.0,0.0
2026-06-05 16:07:40,4.876975429311828,9.121006009353401,7.583418332170771,0.5773990109150837,9.199678786760336,17.45148129464765,2.7491993002447206,-13.047857433808637,36.90969707775003,40.250134402716476,37.70059102233249,14.0,2.3934012129205575,35.0,-100,1.0,0.0,1.0,1.0,1.0,1.0,1.0,0.0,0.0,0.0
2026-06-05 16:07:42,5.552781958821173,6.89293438963654,10.053684384055114,-0.9876606514900343,8.275467011783213,20.04157751514075,1.1761066684619355,-18.247383285277756,36.966879157439124,39.99086338630873,38.2373344686594,14.0,2.3934012129205575,35.0,-100,1.0,0.0,1.0,1.0,1.0,1.0,1.0,0.0,0.0,0.0
2026-06-05 16:07:43,0.2564926438516215,10.033477710830551,6.729995713467667,-0.6341005316810548,5.953917667699265,20.86984240918891,1.6312799812220087,-15.712151462748604,36.89447023861343,40.30308069771599,38.08418600598204,14.0,2.3934012129205575,35.0,-100,1.0,0.0,1.0,1.0,1.0,1.0,1.0,0.0,0.0,0.0
2026-06-05 16:07:44,3.845149100537582,7.456788952578433,8.237456693768905,3.649591183017029,7.6937400477605635,18.96484243113779,4.169441188468176,-17.7110930197216,36.85544209552485,39.96580149579653,38.02568748611703,14.0,2.3934012129205575,35.0,-100,1.0,0.0,1.0,1.0,1.0,1.0,1.0,0.0,0.0,0.0
2026-06-05 16:07:45,5.749751451911425,5.820220146510871,9.52895624888188,1.8627475414940387,7.989269649868058,16.371903259736932,3.3843103328218263,-13.497683881676597,36.61676021324347,40.36058251890831,38.02968016243309,14.0,2.3934012129205575,35.0,-100,1.0,0.0,1.0,1.0,1.0,1.0,1.0,0.0,0.0,0.0
2026-06-05 16:07:47,4.811291522308903,4.84143577641209,5.545873508023159,2.5223742094962898,9.235307510919649,20.682861468615062,0.7754783336124289,-16.31031723524267,36.4997972840431,40.442432845122305,37.97316067224962,14.0,2.3934012129205575,35.0,-100,1.0,0.0,1.0,1.0,1.0,1.0,1.0,0.0,0.0,0.0
2026-06-05 16:07:48,3.9563189010432076,9.012144080800399,8.229821829017625,3.8348030535521147,8.575011190940973,17.81026242187644,-1.5226073622743823,-15.673040062960144,36.61911787212809,40.28260210277527,38.21179242414757,14.0,2.3934012129205575,35.0,-100,1.0,0.0,1.0,1.0,1.0,1.0,1.0,0.0,0.0,0.0
2026-06-05 16:07:49,4.671159391309714,6.303660867036782,7.207767848248638,-0.7517229129432554,10.888833848412457,20.93671742862727,1.344259900154726,-13.358054396643368,36.65385282788011,39.963317408698536,38.27617248253636,14.0,2.3934012129205575,35.0,-100,1.0,0.0,1.0,1.0,1.0,1.0,1.0,0.0,0.0,0.0
2026-06-05 16:07:50,2.5351023023659973,9.219962483606961,7.321259669330477,0.9247235620947993,10.80849901918085,20.512472342981642,3.142637038694308,-17.17028658740987,36.60513537726617,40.258952540652615,37.959808183236134,14.0,2.3934012129205575,35.0,-100,1.0,0.0,1.0,1.0,1.0,1.0,1.0,0.0,0.0,0.0
2026-06-05 16:07:51,1.8852119476455664,9.607015792769499,8.675746548799749,2.1159064798360996,7.3611288521998155,17.06911396913444,-0.7297640246714581,-16.87341798334632,36.971393022574404,40.25313922613048,38.249264019871994,14.0,2.3934012129205575,35.0,-100,1.0,0.0,1.0,1.0,1.0,1.0,1.0,0.0,0.0,0.0
2026-06-05 16:07:52,3.9398782398484338,5.996374859789628,6.6999786629587135,3.1778283242590293,8.380189122305278,17.754888102249936,2.185375599671885,-17.568372775007887,36.57809952537242,40.32630562207792,37.95894433362814,14.0,2.3934012129205575,35.0,-100,1.0,0.0,1.0,1.0,1.0,1.0,1.0,0.0,0.0,0.0
2026-06-05 16:07:53,-0.10162656531338188,8.739425218293604,7.812963374534969,1.5411945973690182,8.280585109632566,16.273946722142853,0.09288142819527767,-17.93328930588393,36.455302373936824,40.26170731062026,37.746517682900674,14.0,2.3934012129205575,35.0,-100,1.0,0.0,1.0,1.0,1.0,1.0,1.0,0.0,0.0,0.0
2026-06-05 16:07:54,4.079977874150031,7.475282530889781,6.705301473227431,1.284378160736248,10.459081526156442,20.370068300174125,3.092462278420646,-17.32072865411132,36.95866910837202,40.16446396388449,37.985624105384034,14.0,2.3934012129205575,35.0,-100,1.0,0.0,1.0,1.0,1.0,1.0,1.0,0.0,0.0,0.0
2026-06-05 16:07:55,4.5506294462415395,6.148227529476365,9.530625279178329,1.730231270224591,6.382164234369202,19.268752563552493,0.036599954068900376,-15.16033585309723,36.98406687068617,40.1231550856374,37.8585028001417,14.0,2.3934012129205575,35.0,-100,1.0,0.0,1.0,1.0,1.0,1.0,1.0,0.0,0.0,0.0
2026-06-05 16:07:57,-0.16140105244158764,5.604774715826005,4.4927688099987115,3.246425142767567,8.014090908629637,16.489105614375,1.7155501455936983,-14.182822242968436,36.83955730250096,40.39167504025064,37.79028794921141,14.0,2.3934012129205575,35.0,-100,1.0,0.0,1.0,1.0,1.0,1.0,1.0,0.0,0.0,0.0
2026-06-05 16:07:58,3.191802817359166,4.680858832913717,4.708578359284804,-1.2025165869971435,10.420120955913106,17.114660773594416,3.016775474827506,-14.921826894122749,36.84978349128823,40.35693569962149,37.970349368918626,14.0,2.3934012129205575,35.0,-100,1.0,0.0,1.0,1.0,1.0,1.0,1.0,0.0,0.0,0.0
2026-06-05 16:07:59,2.791963321367858,7.523190715222615,9.733398981562566,0.11965107378419049,7.441946269245772,20.816839116555578,-0.5252238241173703,-12.91334655305517,36.69080240888634,40.01153899718395,37.891211483053276,14.0,2.3934012129205575,35.0,-100,1.0,0.0,1.0,1.0,1.0,1.0,1.0,0.0,0.0,0.0
2026-06-05 16:08:00,0.7303705108108955,9.86640685537974,6.7194596036612,1.286883371289326,7.440764052652231,16.320867642382694,-1.4002429644850238,-14.760704468715884,36.91223359259235,40.176372041992146,37.74896091162359,14.0,2.3934012129205575,35.0,-100,1.0,0.0,1.0,1.0,1.0,1.0,1.0,0.0,0.0,0.0
2026-06-05 16:08:01,5.344198817488736,5.403882012771513,6.1122712715220215,2.2686181442888866,8.49178213559874,20.569483205093164,0.07760300764271433,-16.135034844230347,36.79927841485975,39.98083500582313,38.28449900122736,14.0,2.3934012129205575,35.0,-100,1.0,0.0,1.0,1.0,1.0,1.0,1.0,0.0,0.0,0.0
2026-06-05 16:08:03,4.057118006695313,6.181570393702195,6.729793847070605,-0.14954392530375338,9.583489004332405,17.10469100353202,3.5045280346995913,-18.050273015435103,36.48336485595267,40.204803312882426,38.12472504467456,14.0,2.3934012129205575,35.0,-100,1.0,0.0,1.0,1.0,1.0,1.0,1.0,0.0,0.0,0.0
2026-06-05 16:08:04,4.46256078800931,7.5579302713859775,8.320083119418737,2.169087932194432,8.986095100324778,17.585469223315823,3.683794526567297,-14.870800288887489,36.42932767239162,40.326281482261585,37.79098651579767,14.0,2.3934012129205575,35.0,-100,1.0,0.0,1.0,1.0,1.0,1.0,1.0,0.0,0.0,0.0
2026-06-05 16:08:05,4.5608362563376055,10.235526934631825,4.2459661069413315,2.418115550395739,8.621336169041664,15.32270150944742,-0.9530080042478044,-18.08347047298335,36.77798217531868,40.193145680488946,37.798378447277365,14.0,2.3934012129205575,35.0,-100,1.0,0.0,1.0,1.0,1.0,1.0,1.0,0.0,0.0,0.0
2026-06-05 16:08:06,0.9436923726910116,7.894871506927204,8.063708565607493,-1.1947798208204619,7.525482319877764,18.80954075595895,2.8235078038384858,-17.064950205936213,36.99780768577752,40.333726954740214,38.09611925875995,14.0,2.3934012129205575,35.0,-100,1.0,0.0,1.0,1.0,1.0,1.0,1.0,0.0,0.0,0.0
2026-06-05 16:08:08,2.368027565056635,7.951995502772001,6.412759306699983,0.9730781866186078,6.896801995699093,19.067656367966322,1.1876835364256286,-15.370685782283338,36.70201159062871,40.438297698947245,38.00921595312511,14.0,2.3934012129205575,35.0,-100,1.0,0.0,1.0,1.0,1.0,1.0,1.0,0.0,0.0,0.0
2026-06-05 16:08:09,0.6061857275216962,8.922408270678414,5.7266917363937235,2.619726011013727,10.53142348896874,21.068800967731732,-1.3796474258897957,-16.898472272328405,36.60342134064411,40.255025929853055,38.15213961113149,14.0,2.3934012129205575,35.0,-100,1.0,0.0,1.0,1.0,1.0,1.0,1.0,0.0,0.0,0.0
2026-06-05 16:08:10,2.470238386044435,9.895388150205726,5.86993611746606,-0.32470487969310335,11.428447758664383,16.63198599369082,2.184046978697313,-16.072691159067553,36.85135827404766,40.05581384180052,38.161800413278456,14.0,2.3934012129205575,35.0,-100,1.0,0.0,1.0,1.0,1.0,1.0,1.0,0.0,0.0,0.0
2026-06-05 16:08:11,4.379619674503025,8.905679959925466,4.633440584857352,-1.1197079904909084,7.560369078592402,17.934725869037216,3.963862394023229,-15.386199520616941,36.684776534385264,40.07710399171327,38.13646191807589,14.0,2.3934012129205575,35.0,-100,1.0,0.0,1.0,1.0,1.0,1.0,1.0,0.0,0.0,0.0
2026-06-05 16:08:13,3.3025895976373016,5.568533335825684,8.399371097444217,1.7947307796002545,10.156036772116526,16.45844864813999,1.8265349185672863,-14.304304504713137,36.65538908322991,40.00118810551771,37.92368624757855,14.0,2.3934012129205575,35.0,-100,1.0,0.0,1.0,1.0,1.0,1.0,1.0,0.0,0.0,0.0
2026-06-05 16:08:14,3.448303651341269,5.991523529184629,6.606992986828107,-1.6017053315370138,9.451227007576074,16.352743362841988,4.124544975364122,-15.017832327135164,36.646526365424535,40.307220259636345,37.85371878055607,14.0,2.3934012129205575,35.0,-100,1.0,0.0,1.0,1.0,1.0,1.0,1.0,0.0,0.0,0.0
2026-06-05 16:08:15,5.426750511402613,10.279784913108742,9.760380659892622,3.941385859498605,7.4406088238457775,19.034261412610483,2.373625485001118,-13.67229594597746,36.55589436320574,40.0254682988304,37.8037212893549,14.0,2.3934012129205575,35.0,-100,1.0,0.0,1.0,1.0,1.0,1.0,1.0,0.0,0.0,0.0
2026-06-05 16:08:16,-0.10596702972608396,7.863495576940089,6.214217980093155,3.6728662621164823,9.536098076503762,18.597813852673788,-1.5495290458057678,-16.468801712606744,36.49137658330342,40.25675761866845,38.185918489035345,14.0,2.3934012129205575,35.0,-100,1.0,0.0,1.0,1.0,1.0,1.0,1.0,0.0,0.0,0.0
2026-06-05 16:08:18,3.5829438578745556,10.240729674714567,4.844134357828777,-1.3621229882741184,7.760472608164395,16.865282580766895,0.6748655442358578,-16.83366868240649,36.92952426709437,40.24855887705585,37.914950729626824,14.0,2.3934012129205575,35.0,-100,1.0,0.0,1.0,1.0,1.0,1.0,1.0,0.0,0.0,0.0
2026-06-05 16:08:19,3.6146159135686258,10.047453762451095,8.492125139472867,3.6006876720091405,9.233634379539245,21.1714124063863,-1.6897466317971617,-13.348610501854274,36.93847526680027,39.946580222450265,37.851764006889404,14.0,2.3934012129205575,35.0,-100,1.0,0.0,1.0,1.0,1.0,1.0,1.0,0.0,0.0,0.0
2026-06-05 16:08:21,5.2694523171723056,6.052541465784065,5.692595612234896,0.7876401539447659,10.070273656848482,18.93454391006697,2.5727602971853223,-14.180661265060419,36.588883160555916,40.08684048783069,38.17349291986597,14.0,2.3934012129205575,35.0,-100,1.0,0.0,1.0,1.0,1.0,1.0,1.0,0.0,0.0,0.0
2026-06-05 16:08:22,3.7183044805128516,8.77655123888022,8.129104054752865,0.9707883726828728,11.51539234540355,19.082317504219077,2.8070758748283406,-17.04576969888589,36.41672103717082,40.31930286525737,38.15147944085035,14.0,2.3934012129205575,35.0,-100,1.0,0.0,1.0,1.0,1.0,1.0,1.0,0.0,0.0,0.0
2026-06-05 16:08:23,0.9401621861376783,9.471015245103501,9.478585286559513,-0.6091723664952893,6.1246191475926475,20.325267367979606,1.2183354636149648,-12.905610739077872,36.62527786653226,40.39954353047814,38.26285841573322,14.0,2.3934012129205575,35.0,-100,1.0,0.0,1.0,1.0,1.0,1.0,1.0,0.0,0.0,0.0
2026-06-05 16:08:25,3.598109045622203,9.367501953198012,5.435826197554613,-1.5914490049568464,9.472898549422563,18.20120252645144,0.03190660739699802,-13.21901305730714,36.758594638445196,40.422036799929224,37.70219630780683,14.0,2.3934012129205575,35.0,-100,1.0,0.0,1.0,1.0,1.0,1.0,1.0,0.0,0.0,0.0
2026-06-05 16:08:26,3.4688221818682488,4.60508699490222,9.368448035769035,2.832009329162692,8.577228971316929,20.9910512229365,2.3760323685216544,-14.180142070219125,36.72393935044921,40.22958633966935,38.16554950011909,14.0,2.3934012129205575,35.0,-100,1.0,0.0,1.0,1.0,1.0,1.0,1.0,0.0,0.0,0.0
2026-06-05 16:08:27,1.1644208489393393,9.533246601081322,8.10717387764412,3.4027233683490348,9.592440616653251,20.577147169996486,1.1353508740283855,-15.401261040446368,36.86837527113855,40.0295960074904,38.22319747246154,14.0,2.3934012129205575,35.0,-100,1.0,0.0,1.0,1.0,1.0,1.0,1.0,0.0,0.0,0.0
2026-06-05 16:08:28,4.677131146934717,9.186944450623283,5.735314947929508,-1.6446746381101232,10.929822484852123,15.810570389750595,1.906578337713512,-13.948074774756368,36.86497888292071,40.04660579503161,38.09341660966677,14.0,2.3934012129205575,35.0,-100,1.0,0.0,1.0,1.0,1.0,1.0,1.0,0.0,0.0,0.0
2026-06-05 16:08:29,4.243435267160886,8.364931294247263,9.5670307726348,3.9413328948540736,8.860035227719475,20.031863620243012,2.2487849560452267,-17.732312585868513,36.40485933943021,40.16332559513108,37.84192682371536,14.0,2.3934012129205575,35.0,-100,1.0,0.0,1.0,1.0,1.0,1.0,1.0,0.0,0.0,0.0
2026-06-05 16:08:30,0.5256302233942405,8.098546030307542,7.56399133451303,-0.519386736192945,5.883494588595885,18.87782918610376,-0.7526487811704148,-13.679407629355754,36.43972748064212,40.253111338023686,37.74537101014133,14.0,2.3934012129205575,35.0,-100,1.0,0.0,1.0,1.0,1.0,1.0,1.0,0.0,0.0,0.0
2026-06-05 16:08:31,4.639989623693601,8.85942648581507,9.826776321128715,-1.1035521852776426,10.045424098223362,20.52908036539662,2.4796323086177017,-16.867869520943827,36.675080494157946,40.07459649381226,37.94960103261937,14.0,2.3934012129205575,35.0,-100,1.0,0.0,1.0,1.0,1.0,1.0,1.0,0.0,0.0,0.0
2026-06-05 16:08:32,1.8823367664269064,5.930077652415367,4.261943392225918,2.322176346543406,8.851296070684988,19.518152249375895,-0.4072890746218749,-17.799783698382374,36.845545474782845,40.42478071080873,38.1655344916364,14.0,2.3934012129205575,35.0,-100,1.0,0.0,1.0,1.0,1.0,1.0,1.0,0.0,0.0,0.0
2026-06-05 16:08:33,4.530373522005211,7.228010012242652,7.9115623119964305,0.9578295137001476,5.7944187658541075,20.32910595653922,-1.3628545722599252,-16.61361754267225,36.682662277230584,40.383214468389,37.700691548270804,14.0,2.3934012129205575,35.0,-100,1.0,0.0,1.0,1.0,1.0,1.0,1.0,0.0,0.0,0.0
2026-06-05 16:08:35,1.9229199786936149,6.425096499462403,4.373674014551696,0.2585793251730162,6.867952129980742,21.081455922227505,1.8792288276546625,-14.353295477553752,36.41431241054364,40.448092780795726,38.15783312626162,14.0,2.3934012129205575,35.0,-100,1.0,0.0,1.0,1.0,1.0,1.0,1.0,0.0,0.0,0.0
2026-06-05 16:08:36,0.3187819474925959,5.809757045653401,4.896462158871396,2.955394089178318,7.040727932162272,16.548019916207796,1.5839810711695836,-17.143665085786157,36.70925847374467,40.3710084484833,38.151356654339224,14.0,2.3934012129205575,35.0,-100,1.0,0.0,1.0,1.0,1.0,1.0,1.0,0.0,0.0,0.0
2026-06-05 16:08:37,0.003837911979608144,9.998060030681438,4.469098953720101,-0.006136900671296797,7.36161975078828,16.394655143713866,0.4367088432146571,-13.702298586223208,36.7073865480745,40.14610857906885,37.993669469982265,14.0,2.3934012129205575,35.0,-100,1.0,0.0,1.0,1.0,1.0,1.0,1.0,0.0,0.0,0.0
2026-06-05 16:08:38,2.9606999337108295,4.802147719474329,7.408906570459887,-0.7846885997529014,6.855547074555954,15.594523033266904,1.1673162931360102,-13.972406997185868,36.70856699101511,40.02193514149073,37.74018544324105,14.0,2.3934012129205575,35.0,-100,1.0,0.0,1.0,1.0,1.0,1.0,1.0,0.0,0.0,0.0
2026-06-05 16:08:40,3.654801334190855,8.545712212207496,4.834559574055084,-0.18666114089496788,9.716350633594375,16.955264195920588,1.4959496961950585,-17.033928726054775,36.56420764272469,39.96901619266303,38.29691046115443,14.0,2.3934012129205575,35.0,-100,1.0,0.0,1.0,1.0,1.0,1.0,1.0,0.0,0.0,0.0
2026-06-05 16:08:41,4.928611380574104,8.678912384930157,9.207893287189233,3.0289648844926784,8.786050078181619,17.655587537349696,-0.7147208905875737,-18.050159533672847,36.652350882217995,39.93633919771869,38.01812920228179,14.0,2.3934012129205575,35.0,-100,1.0,0.0,1.0,1.0,1.0,1.0,1.0,0.0,0.0,0.0
2026-06-05 16:08:42,2.2726938698391637,5.704444440815944,7.600171105581401,0.25648915589520804,10.698719232893371,20.91113181625948,2.377238127008706,-13.468319819744577,36.54779712519212,40.047816673906475,38.04839299588952,14.0,2.3934012129205575,35.0,-100,1.0,0.0,1.0,1.0,1.0,1.0,1.0,0.0,0.0,0.0
2026-06-05 16:08:44,1.2633322051605158,6.485926586756044,9.871686303077723,2.9668297006654916,7.465970010507294,16.00922963271441,-0.15029378526182535,-13.521111692296795,36.47853905289778,40.30600853513,37.89306676020735,14.0,2.3934012129205575,35.0,-100,1.0,0.0,1.0,1.0,1.0,1.0,1.0,0.0,0.0,0.0
2026-06-05 16:08:45,2.534765931845417,6.396113068297337,4.816227486073993,2.201971141622856,7.172418132762321,18.55363296616668,-0.6347043365034131,-12.644848692437765,36.755205347200544,40.34423048856181,37.92885374287241,14.0,2.3934012129205575,35.0,-100,1.0,0.0,1.0,1.0,1.0,1.0,1.0,0.0,0.0,0.0
2026-06-05 16:08:46,4.465879310622802,8.83000018165535,4.5456782939556835,0.8252195039205752,6.700512654451424,18.25586911102696,0.11954086138585773,-13.390050203772631,36.589389359076215,40.504603520566604,37.75518800471671,14.0,2.3934012129205575,35.0,-100,1.0,0.0,1.0,1.0,1.0,1.0,1.0,0.0,0.0,0.0
2026-06-05 16:08:48,3.320206453721205,6.901241831806393,9.988892882500602,-0.7141128946543971,7.000614028860812,16.77371052616408,-1.7218246020257357,-15.114547723798674,36.665057719744546,40.48039728733372,38.24777145913752,14.0,2.3934012129205575,35.0,-100,1.0,0.0,1.0,1.0,1.0,1.0,1.0,0.0,0.0,0.0
2026-06-05 16:08:49,5.529704748402093,7.241494767882093,9.09322666310213,1.2127547164388939,11.198915507336597,19.31819852932552,0.2964990713481903,-14.741008194687424,36.51101193620631,40.35476245981429,38.149744356622385,14.0,2.3934012129205575,35.0,-100,1.0,0.0,1.0,1.0,1.0,1.0,1.0,0.0,0.0,0.0
2026-06-05 16:08:50,2.4005840472697653,5.6124885834475196,4.122381797368389,1.1266657731998624,6.887594232627945,15.709895999861374,2.9914320692575114,-16.502422857769403,36.59718710740731,40.45209412994661,37.742624865832646,14.0,2.3934012129205575,35.0,-100,1.0,0.0,1.0,1.0,1.0,1.0,1.0,0.0,0.0,0.0
2026-06-05 16:08:52,0.6915517173723318,6.333483537805348,9.647016711794027,-0.5387037729133186,8.447446872786625,19.405235539576104,1.7270494734597142,-12.939283868768955,36.789438614944814,40.143316049696146,38.247311892142875,14.0,2.3934012129205575,35.0,-100,1.0,0.0,1.0,1.0,1.0,1.0,1.0,0.0,0.0,0.0
2026-06-05 16:08:53,0.36569604734430605,5.221305881911624,7.8872193016766765,3.804245464614519,9.877046545563996,21.020199928782105,1.9056252409540688,-13.22168776091297,36.8464389252946,40.037237214869585,38.05308019909738,14.0,2.3934012129205575,35.0,-100,1.0,0.0,1.0,1.0,1.0,1.0,1.0,0.0,0.0,0.0
2026-06-05 16:08:54,3.3433073710180827,8.75909216352916,8.955851477973276,0.9735180932842633,9.977981612462171,20.497352407443092,2.6463101309477164,-14.049938471239106,36.72822486847556,40.33435963050509,37.79947759730929,14.0,2.3934012129205575,35.0,-100,1.0,0.0,1.0,1.0,1.0,1.0,1.0,0.0,0.0,0.0
2026-06-05 16:08:55,4.359708031813214,7.838572262372359,9.326393904955793,-0.7346490548619531,10.280698611318051,16.262950039881545,0.9788296287217904,-17.200853732985912,36.46655684616319,40.302050206859754,37.85224558330583,14.0,2.3934012129205575,35.0,-100,1.0,0.0,1.0,1.0,1.0,1.0,1.0,0.0,0.0,0.0
2026-06-05 16:08:56,2.3424197250895764,4.520389528016064,6.151578493300413,3.8137167038642517,9.325940337705072,19.62043368470694,-0.8169484618735456,-15.766773828802632,36.78420050377616,40.47031734105434,38.27492978923432,14.0,2.3934012129205575,35.0,-100,1.0,0.0,1.0,1.0,1.0,1.0,1.0,0.0,0.0,0.0
2026-06-05 16:08:58,2.9139400320686635,6.150735989973549,10.042562137927852,1.1093718475964787,8.4520238553985,20.865317014271646,3.9723772887971247,-16.316326735875478,36.49485322465937,39.955612221304136,38.17587428487607,14.0,2.3934012129205575,35.0,-100,1.0,0.0,1.0,1.0,1.0,1.0,1.0,0.0,0.0,0.0
2026-06-05 16:08:59,2.885628715162933,6.753646762505782,5.601544492371841,-0.11550218280713653,10.952028982588448,21.208932831552563,3.3018515670001394,-15.467718210140344,36.839774740580474,40.37050664674366,38.034925900226185,14.0,2.3934012129205575,35.0,-100,1.0,0.0,1.0,1.0,1.0,1.0,1.0,0.0,0.0,0.0
2026-06-05 16:09:00,2.01860433504985,4.680671665116462,8.095775577417795,-1.864173620248378,10.484956221267383,18.209193573114742,3.7080044508073,-12.799930432422514,36.47647883710955,40.45862880493336,38.212949492440835,14.0,2.3934012129205575,35.0,-100,1.0,0.0,1.0,1.0,1.0,1.0,1.0,0.0,0.0,0.0
2026-06-05 16:09:01,-0.08172851716880025,8.53972713423791,4.085765161551607,1.650052089431448,8.04023122581489,19.849032862756623,3.314984399939312,-18.25668157507719,36.7415308755501,40.4054372040139,37.97534720642887,14.0,2.3934012129205575,35.0,-100,1.0,0.0,1.0,1.0,1.0,1.0,1.0,0.0,0.0,0.0
2026-06-05 16:09:02,0.10418908107005986,9.746521849523477,4.423413302281434,-0.413804264168409,8.545367001664522,18.682308835677237,0.8610509649648934,-18.281675434064333,36.756682637319095,40.13423329353194,38.12268478162813,14.0,2.3934012129205575,35.0,-100,1.0,0.0,1.0,1.0,1.0,1.0,1.0,0.0,0.0,0.0
2026-06-05 16:09:03,3.5140720665115612,9.59344104874309,4.309335118858303,1.4498381573362478,5.8769910154060625,16.663879150744222,1.8215437749711887,-16.670401009089684,36.73851147138157,40.05851241126923,37.99559965311942,14.0,2.3934012129205575,35.0,-100,1.0,0.0,1.0,1.0,1.0,1.0,1.0,0.0,0.0,0.0
2026-06-05 16:09:05,5.178517294934169,4.498618714602762,9.767053108836427,0.5535016299540674,8.651018468510445,17.304225543977942,1.0057103728941268,-12.552750707180955,36.742541358547015,39.9288519757482,37.70727847894306,14.0,2.3934012129205575,35.0,-100,1.0,0.0,1.0,1.0,1.0,1.0,1.0,0.0,0.0,0.0
2026-06-05 16:09:06,2.836961891720153,6.402552093168016,7.421055912591331,1.0541292257365544,6.614133028119754,19.29195654775576,2.38483270236428,-16.05986935478404,36.641448369114585,40.42699920271149,38.04504971362049,14.0,2.3934012129205575,35.0,-100,1.0,0.0,1.0,1.0,1.0,1.0,1.0,0.0,0.0,0.0
2026-06-05 16:09:08,2.097737716334774,5.510052511670537,6.365340153543477,-1.5053302392393926,8.329625902747564,20.75911350632144,-1.5497818248062396,-15.097565989886515,36.62182171049508,39.925571286460325,37.95995396921192,14.0,2.3934012129205575,35.0,-100,1.0,0.0,1.0,1.0,1.0,1.0,1.0,0.0,0.0,0.0
2026-06-05 16:09:09,0.29640106284864665,8.741197068421055,4.4564525678616835,2.512571062237164,11.210731312360709,20.22584126874153,-0.633348630786466,-16.23385982794806,36.65895424951645,39.96183598090269,37.981415754498165,14.0,2.3934012129205575,35.0,-100,1.0,0.0,1.0,1.0,1.0,1.0,1.0,0.0,0.0,0.0
2026-06-05 16:09:10,3.511667028996312,9.323685708816546,5.269941094546221,1.1368642530804491,8.04508905282341,15.969679135886931,-0.737315195971761,-13.22140673514167,36.84890268063899,40.49509099292301,38.08649990802833,14.0,2.3934012129205575,35.0,-100,1.0,0.0,1.0,1.0,1.0,1.0,1.0,0.0,0.0,0.0
2026-06-05 16:09:11,1.3583015836736005,7.661105354828988,5.521613000318095,2.081518642896631,9.980139509102251,19.10872179989494,0.10464302405186832,-12.969079666468474,36.606246659121396,40.344887080778676,37.69901337075419,14.0,2.3934012129205575,35.0,-100,1.0,0.0,1.0,1.0,1.0,1.0,1.0,0.0,0.0,0.0
2026-06-05 16:09:12,5.237803794302271,9.189204930133826,5.4499227610202965,0.9951833145852116,6.08870619746025,18.857653461262636,-1.030352963655762,-15.327841351119847,36.40028070674768,40.03489323045841,38.215828859167935,14.0,2.3934012129205575,35.0,-100,1.0,0.0,1.0,1.0,1.0,1.0,1.0,0.0,0.0,0.0
2026-06-05 16:09:13,2.2386183473971792,9.341878270920654,8.592705729597755,0.7285063763303179,8.709581214932317,17.659421851894464,3.1038466607907713,-14.596146964212299,36.882115499509005,40.33657446215904,37.86542445924057,14.0,2.3934012129205575,35.0,-100,1.0,0.0,1.0,1.0,1.0,1.0,1.0,0.0,0.0,0.0
2026-06-05 16:09:15,3.672118078858482,8.904419480342542,6.284663960634218,-1.9178495316105009,5.884741273836125,20.54356025482795,2.189781619496456,-17.47931500836776,36.73641729689276,39.96180672023766,37.91409831255786,14.0,2.3934012129205575,35.0,-100,1.0,0.0,1.0,1.0,1.0,1.0,1.0,0.0,0.0,0.0
2026-06-05 16:09:16,1.7665434698931637,5.887705758599354,4.732530482893909,1.0048571550358458,6.781047318971968,16.162845916733577,-0.4189111237889698,-12.60025616900301,36.651844544171404,40.358362631190715,38.05325267669835,14.0,2.3934012129205575,35.0,-100,1.0,0.0,1.0,1.0,1.0,1.0,1.0,0.0,0.0,0.0
2026-06-05 16:09:17,2.3315876440491086,4.845432183828461,5.205168873898497,0.7041638080320487,6.950788183573424,16.997409060252053,-1.5427625883923568,-13.707708447961464,36.63866019278465,40.24983421540932,37.95088655533151,14.0,2.3934012129205575,35.0,-100,1.0,0.0,1.0,1.0,1.0,1.0,1.0,0.0,0.0,0.0
2026-06-05 16:09:18,3.9102010368778446,4.896559832890967,6.362625784936116,-0.8074931431540942,6.7318088712618485,16.187687871375903,-0.5566607942929145,-16.125647513468703,36.67239698354207,40.30243466280017,37.98164775747323,14.0,2.3934012129205575,35.0,-100,1.0,0.0,1.0,1.0,1.0,1.0,1.0,0.0,0.0,0.0
2026-06-05 16:09:19,0.6579599664472005,5.426888807909023,6.340024181660903,-0.7422922280537059,5.783130893108414,20.917788335293345,-1.4060391667338523,-13.52483866907438,36.423011507726116,40.07410244744733,38.264957440770516,14.0,2.3934012129205575,35.0,-100,1.0,0.0,1.0,1.0,1.0,1.0,1.0,0.0,0.0,0.0
2026-06-05 16:09:20,1.4995151944132084,9.539668286294056,4.713771376009685,-0.06590283211272197,9.46762351921759,19.805518115188868,1.012461767028956,-13.308247778997675,36.48804623734517,40.08609856551531,38.29047800379118,14.0,2.3934012129205575,35.0,-100,1.0,0.0,1.0,1.0,1.0,1.0,1.0,0.0,0.0,0.0
2026-06-05 16:09:22,2.614603553516185,10.097265130036153,5.5965277992949085,-1.454476830633265,7.612291262529979,17.44110284955081,0.7811197382393553,-16.504208877546176,36.56023071749964,40.045289885516034,37.75838633280616,14.0,2.3934012129205575,35.0,-100,1.0,0.0,1.0,1.0,1.0,1.0,1.0,0.0,0.0,0.0
2026-06-05 16:09:23,3.302176426935561,8.607686102014048,4.9263216091604205,-1.8974941861045993,6.362981264840277,19.933536467515175,0.8587301218225649,-16.461020098687545,36.6940621129863,40.18797835325571,37.78002093712189,14.0,2.3934012129205575,35.0,-100,1.0,0.0,1.0,1.0,1.0,1.0,1.0,0.0,0.0,0.0
2026-06-05 16:09:25,1.106027782353232,9.605421579040055,4.936461289552443,2.6541590533438493,7.540634010007825,15.680027577020642,-0.6412048366709444,-12.959166212574605,36.81203951512396,40.35311768218866,37.87784764158744,14.0,2.3934012129205575,35.0,-100,1.0,0.0,1.0,1.0,1.0,1.0,1.0,0.0,0.0,0.0
2026-06-05 16:09:26,-0.06779848423175627,8.491628518993267,6.678916236572809,-1.0126932503941437,9.878211155475078,17.285164884276554,1.6856256466087962,-17.33794797379321,36.76853427952288,40.260214395397846,37.85857493296917,14.0,2.3934012129205575,35.0,-100,1.0,0.0,1.0,1.0,1.0,1.0,1.0,0.0,0.0,0.0
2026-06-05 16:09:27,1.3526586325303331,5.149994302461818,8.742602377342589,0.5387595553533391,10.396553370315377,20.523668539603985,-0.8322096485715367,-17.799257781153543,36.47106930113788,39.93760443825626,37.8701333905545,14.0,2.3934012129205575,35.0,-100,1.0,0.0,1.0,1.0,1.0,1.0,1.0,0.0,0.0,0.0
2026-06-05 16:09:28,0.4236419901524622,9.932890248940229,5.335514273141581,-0.45605367244890727,11.07465694393546,17.689118428847905,0.5660884663746568,-16.030368104095675,36.81114990612031,40.174842366848516,37.828318375131786,14.0,2.3934012129205575,35.0,-100,1.0,0.0,1.0,1.0,1.0,1.0,1.0,0.0,0.0,0.0
2026-06-05 16:09:29,2.4702907550243087,6.312999977085091,5.228444988967238,0.792426324007439,9.642803820423245,18.262698551508635,3.0053280388133006,-16.935245718197645,36.48337221636028,40.024989392291374,37.74147801380665,14.0,2.3934012129205575,35.0,-100,1.0,0.0,1.0,1.0,1.0,1.0,1.0,0.0,0.0,0.0
2026-06-05 16:09:30,4.296841203021509,5.50019764120817,4.695498698018076,0.055505573971462496,7.183280773069893,17.987052445019785,-0.32671356095849147,-18.16009093283882,36.54898551401519,40.39298285872,37.86688788508294,14.0,2.3934012129205575,35.0,-100,1.0,0.0,1.0,1.0,1.0,1.0,1.0,0.0,0.0,0.0
2026-06-05 16:09:32,2.5283988286119605,10.025948645680256,9.546524714822727,-0.021641604638450884,10.338622600374308,15.588393605485127,-1.4407996890532742,-18.201949921097246,36.814481850224375,40.42918973249076,38.12222568763082,14.0,2.3934012129205575,35.0,-100,1.0,0.0,1.0,1.0,1.0,1.0,1.0,0.0,0.0,0.0
2026-06-05 16:09:33,4.738354939022429,5.119211710739181,8.953773566103504,0.8154877587144034,10.515000217689849,16.53657247792773,2.317403438540804,-16.429995805149048,36.93913702131602,40.14912401893507,38.07822468800856,14.0,2.3934012129205575,35.0,-100,1.0,0.0,1.0,1.0,1.0,1.0,1.0,0.0,0.0,0.0
2026-06-05 16:09:35,1.5570078338587607,8.717832920578747,5.356592425352509,0.06576652531230609,9.031756416796691,16.59144682996404,3.0543417922201295,-17.228724169982918,36.64597868006755,40.05721943866486,37.80976251823024,14.0,2.3934012129205575,35.0,-100,1.0,0.0,1.0,1.0,1.0,1.0,1.0,0.0,0.0,0.0
2026-06-05 16:09:36,0.8447070837808788,8.862984922403912,9.216514313975473,-1.5385303987011065,11.184327272140107,18.73852468816655,-1.2087687550936712,-16.849962608678425,36.62111809653077,40.50641428316869,37.70948275819091,14.0,2.3934012129205575,35.0,-100,1.0,0.0,1.0,1.0,1.0,1.0,1.0,0.0,0.0,0.0
2026-06-05 16:09:38,4.531604079827154,8.2198176611223,7.712764775813818,-0.19001913647315072,11.009132261067705,20.265521983719132,3.8054205196409985,-17.34092813668878,36.57135218308217,40.33796444717235,38.10763506060968,14.0,2.3934012129205575,35.0,-100,1.0,0.0,1.0,1.0,1.0,1.0,1.0,0.0,0.0,0.0
2026-06-05 16:09:39,4.949789619502243,4.837064923425517,6.333290880739478,3.3795863200613887,9.787367892504427,20.98515494504189,1.9349405654278509,-13.43682888631216,36.90282764154093,40.39358837179476,37.83294751287431,14.0,2.3934012129205575,35.0,-100,1.0,0.0,1.0,1.0,1.0,1.0,1.0,0.0,0.0,0.0
2026-06-05 16:09:40,4.720330415054353,5.86924242214088,6.363822907417838,1.338000895517168,9.095129252040362,19.452707330448067,3.0284008105807176,-15.993352588295023,36.57832939477495,40.21676422185133,38.24030591968435,14.0,2.3934012129205575,35.0,-100,1.0,0.0,1.0,1.0,1.0,1.0,1.0,0.0,0.0,0.0
2026-06-05 16:09:41,5.522037046471955,7.145780526292295,4.425302627604484,3.902949922075746,9.527650435969022,15.920837627169707,2.5708993898401546,-15.940666112327762,36.49425974670722,40.08147361216357,37.982834940099536,14.0,2.3934012129205575,35.0,-100,1.0,0.0,1.0,1.0,1.0,1.0,1.0,0.0,0.0,0.0
2026-06-05 16:09:43,2.4998522616367667,4.8263369458561485,8.39052781762654,0.24067561447970753,7.707320067458008,19.320338389224318,-0.6613645853483912,-14.949851366177636,36.970208838183524,40.3420766494142,38.09450238778408,14.0,2.3934012129205575,35.0,-100,1.0,0.0,1.0,1.0,1.0,1.0,1.0,0.0,0.0,0.0
2026-06-05 16:09:44,5.282509304868433,10.254849882609527,5.207130454306986,2.7114146536959787,7.6754709654710584,15.9624043439833,0.6710732063154423,-15.185311497902974,36.83782972632492,40.364663751310836,37.74676274100221,14.0,2.3934012129205575,35.0,-100,1.0,0.0,1.0,1.0,1.0,1.0,1.0,0.0,0.0,0.0
2026-06-05 16:09:45,2.042646697309056,10.443693359736518,8.948990903718485,-1.4532289304504982,7.166469617727576,16.980382026770076,2.94398537520596,-16.962919728286256,36.91903440447457,39.94305051409381,37.798757957326565,14.0,2.3934012129205575,35.0,-100,1.0,0.0,1.0,1.0,1.0,1.0,1.0,0.0,0.0,0.0
2026-06-05 16:09:46,1.1439385723579583,9.305547561613581,5.7419179862530845,3.79593890549335,9.879141360005889,18.189845528294875,-1.3941560113493616,-14.313358243985274,36.425150049490874,40.40800365238904,38.29294521817513,14.0,2.3934012129205575,35.0,-100,1.0,0.0,1.0,1.0,1.0,1.0,1.0,0.0,0.0,0.0
2026-06-05 16:09:48,1.5002035186941667,4.7392574318775855,7.918731057895023,0.15746618013676095,6.531327624641551,17.59432157502768,-1.1834789601365814,-18.30951952288032,36.58275567965111,40.10667929311471,37.78389883772989,14.0,2.3934012129205575,35.0,-100,1.0,0.0,1.0,1.0,1.0,1.0,1.0,0.0,0.0,0.0
2026-06-05 16:09:49,3.067602184950367,9.105143814934564,9.199895873184943,3.896477431105242,11.11137578558963,19.89392463991107,2.5256198297550734,-17.784311608717623,36.980152502341916,39.98931065309557,37.89935327075274,14.0,2.3934012129205575,35.0,-100,1.0,0.0,1.0,1.0,1.0,1.0,1.0,0.0,0.0,0.0
2026-06-05 16:09:50,3.0245810748938142,10.147780185181883,9.729047528346209,-0.7170795720684668,6.567913691632872,17.05448147271398,0.9201945564982763,-15.633305900435019,36.44958378014504,40.43647013072756,38.051784362297795,14.0,2.3934012129205575,35.0,-100,1.0,0.0,1.0,1.0,1.0,1.0,1.0,0.0,0.0,0.0
2026-06-05 16:09:51,0.6470302945810484,6.581892813426357,9.314499470623295,-1.8898873326830623,7.319194269032565,18.86151177950348,-0.7495642614491413,-15.320377232637089,36.83760892677691,40.46285529031413,37.93841208056431,14.0,2.3934012129205575,35.0,-100,1.0,0.0,1.0,1.0,1.0,1.0,1.0,0.0,0.0,0.0
2026-06-05 16:09:53,5.54038092828656,7.172369104240287,5.951069268283807,0.1182632599272293,6.711084045453379,17.168471080597406,2.455208199750044,-18.0853556773574,36.64891019060306,40.31748772934732,37.774380099478655,14.0,2.3934012129205575,35.0,-100,1.0,0.0,1.0,1.0,1.0,1.0,1.0,0.0,0.0,0.0
2026-06-05 16:09:54,2.1708174091051404,10.470103942822485,7.143792766416511,3.946119485560301,10.715245710014228,20.065548919149965,-1.6493676346457002,-13.051430278588608,36.763513166594784,40.18232077578197,37.95980424537784,14.0,2.3934012129205575,35.0,-100,1.0,0.0,1.0,1.0,1.0,1.0,1.0,0.0,0.0,0.0
2026-06-05 16:09:56,2.685670883802292,7.873610676101389,5.642974705179387,0.8749418468302936,7.688138821784138,19.45528615376031,-0.4777146658772913,-13.212501134927727,36.94270119122873,40.21502213461921,37.93650919540904,14.0,2.3934012129205575,35.0,-100,1.0,0.0,1.0,1.0,1.0,1.0,1.0,0.0,0.0,0.0
2026-06-05 16:09:57,4.306816658592734,4.605161635496227,8.185199608828238,0.772960244195612,7.755742116775541,19.954694948680284,-1.6429438370907485,-15.160932693602412,36.508758172043855,40.06799667006854,37.88683701813126,14.0,2.3934012129205575,35.0,-100,1.0,0.0,1.0,1.0,1.0,1.0,1.0,0.0,0.0,0.0
2026-06-05 16:09:58,1.476781449000851,7.587689025678193,9.847544256303692,1.55773403391454,11.134437925608534,20.117590283160126,2.480604378130419,-15.819265816842648,36.74306470884908,40.300960354565156,37.97838829933092,14.0,2.3934012129205575,35.0,-100,1.0,0.0,1.0,1.0,1.0,1.0,1.0,0.0,0.0,0.0
2026-06-05 16:09:59,2.621645781387892,9.794044379388383,5.240212025320131,3.7598225984092517,10.09069636101536,21.222139808251857,3.6993531810458427,-14.774947822259623,36.91933001554863,40.14539694221152,37.728988974765585,14.0,2.3934012129205575,35.0,-100,1.0,0.0,1.0,1.0,1.0,1.0,1.0,0.0,0.0,0.0
2026-06-05 16:10:01,5.558706785638757,9.429676188182466,8.036616799616105,-0.38148291358728414,10.402647103022025,17.73325261034505,-1.0760854312370798,-14.509137834058604,36.44860810568835,39.95124841670265,38.118102236240794,14.0,2.3934012129205575,35.0,-100,1.0,0.0,1.0,1.0,1.0,1.0,1.0,0.0,0.0,0.0
2026-06-05 16:10:02,0.028920199146151848,6.07804276325336,4.837277502079849,-1.2158907941329584,8.599265868530093,18.79420880755214,1.4965739705279928,-17.786613378870065,36.82582296127779,40.419315923846625,37.95555898523917,14.0,2.3934012129205575,35.0,-100,1.0,0.0,1.0,1.0,1.0,1.0,1.0,0.0,0.0,0.0
2026-06-05 16:10:03,2.22741810147583,8.177793731710459,8.402892058868092,3.435609355978512,5.934565541435358,20.107853038110285,-0.29319590349242786,-17.45027776068715,36.85080495182967,40.28944211208639,37.85228297583806,14.0,2.3934012129205575,35.0,-100,1.0,0.0,1.0,1.0,1.0,1.0,1.0,0.0,0.0,0.0
2026-06-05 16:10:05,2.4586969059890134,8.771123215643104,5.549814816322627,2.4634335694408964,11.533083709108396,18.86480797611014,3.6591885046202535,-15.159089408344324,36.71100275017862,40.064817109416396,37.99021451246944,14.0,2.3934012129205575,35.0,-100,1.0,0.0,1.0,1.0,1.0,1.0,1.0,0.0,0.0,0.0
2026-06-05 16:10:06,3.0491523795070044,5.945320873821101,9.041070855408943,2.082758741086943,9.08710779778319,17.48911786005383,0.36702648501760393,-16.275526497343144,36.89946546675885,40.444005389521045,37.888613849506235,14.0,2.3934012129205575,35.0,-100,1.0,0.0,1.0,1.0,1.0,1.0,1.0,0.0,0.0,0.0
2026-06-05 16:10:07,3.777255234160953,5.289996012259262,5.447989487857804,1.8318530765764383,10.206628729614165,16.141747024666632,-0.40112504066557286,-17.57276737251742,36.78734300581661,40.46805852661755,37.899333009944776,14.0,2.3934012129205575,35.0,-100,1.0,0.0,1.0,1.0,1.0,1.0,1.0,0.0,0.0,0.0
2026-06-05 16:10:08,4.1765165311785575,9.275606197156458,6.686215128422484,2.1908576729057145,9.664250390310809,16.256024709746733,1.3413782516763435,-17.80860341984723,36.72002479789231,40.499904436711795,37.733286624126194,14.0,2.3934012129205575,35.0,-100,1.0,0.0,1.0,1.0,1.0,1.0,1.0,0.0,0.0,0.0
2026-06-05 16:10:09,1.0408474444610318,5.960111784356281,4.843003220356952,4.009716081681058,10.100647200514487,17.71486464455255,0.32474061007723876,-14.976868322497461,36.435242069614326,40.13927129478267,37.80783667232947,14.0,2.3934012129205575,35.0,-100,1.0,0.0,1.0,1.0,1.0,1.0,1.0,0.0,0.0,0.0
2026-06-05 16:10:10,0.8055674771460946,9.183880401516106,9.203086133375933,3.325952522329949,9.829627248962563,15.666113288424842,1.801746863660746,-13.19658596940145,36.95035572414722,40.431693085775386,38.0046310470785,14.0,2.3934012129205575,35.0,-100,1.0,0.0,1.0,1.0,1.0,1.0,1.0,0.0,0.0,0.0
2026-06-05 16:10:12,2.600635879951163,8.910553042629084,4.530591115402897,-0.5746442448810638,9.412150359337295,16.770230838913953,2.9331075706498453,-13.152039102054374,36.929213844030905,40.2787667995658,37.7033122253327,14.0,2.3934012129205575,35.0,-100,1.0,0.0,1.0,1.0,1.0,1.0,1.0,0.0,0.0,0.0
2026-06-05 16:10:13,0.9024299859093174,7.043495509882522,9.85634330938252,1.4612650842826027,9.053424928275277,20.77214288441477,-0.5458821706097257,-15.004166633373124,36.8341437880131,40.03420622724757,38.12099120194725,14.0,2.3934012129205575,35.0,-100,1.0,0.0,1.0,1.0,1.0,1.0,1.0,0.0,0.0,0.0
2026-06-05 16:10:14,4.7538706488476565,8.96084705589086,7.282789137646068,0.37008846520916006,6.318077723268612,19.634783207331854,1.7720988225112562,-17.909136146675692,36.864862649473565,40.40070687353422,38.237604622669075,14.0,2.3934012129205575,35.0,-100,1.0,0.0,1.0,1.0,1.0,1.0,1.0,0.0,0.0,0.0
2026-06-05 16:10:15,4.556482589140399,6.191745196851949,9.702798609186448,2.082507740717939,5.647309583152472,16.721378891987143,-0.7737330811217484,-13.892761468895449,36.757067580821634,40.236995198901575,37.71229541246812,14.0,2.3934012129205575,35.0,-100,1.0,0.0,1.0,1.0,1.0,1.0,1.0,0.0,0.0,0.0
2026-06-05 16:10:17,3.5570012590910594,6.335230374008336,9.386258481736894,-0.5863431765313738,8.121966006036331,16.56053592378804,0.34171172592730414,-15.211454865424791,36.82087853714609,39.933540896856904,38.13351159599875,14.0,2.3934012129205575,35.0,-100,1.0,0.0,1.0,1.0,1.0,1.0,1.0,0.0,0.0,0.0
2026-06-05 16:10:18,5.42380839382161,5.104198586923252,7.342111945946831,0.6344937204094556,5.736339883892517,20.089168041431357,3.4367614884311504,-14.870502233253656,36.43568250603758,40.125820468057,37.78826100016287,14.0,2.3934012129205575,35.0,-100,1.0,0.0,1.0,1.0,1.0,1.0,1.0,0.0,0.0,0.0
2026-06-05 16:10:19,0.8200114828145895,5.696087418051156,6.422899727453836,2.324773160253816,9.378188210655908,19.92577213167187,1.5444746355680743,-16.81728764159608,36.41254613624913,40.204277365438706,37.70243685751051,14.0,2.3934012129205575,35.0,-100,1.0,0.0,1.0,1.0,1.0,1.0,1.0,0.0,0.0,0.0
2026-06-05 16:10:20,5.271279602588244,6.754881337394031,8.094194304574785,-1.2075908835099782,6.0273478576949895,19.077092210583352,2.994815830910005,-14.94538634594214,36.65965225596513,40.32790445483701,38.184298083312775,14.0,2.3934012129205575,35.0,-100,1.0,0.0,1.0,1.0,1.0,1.0,1.0,0.0,0.0,0.0
2026-06-05 16:10:21,5.237871378814377,6.0445518268207685,8.82349926109608,-0.7046519619941161,8.863084829412754,16.325557753505215,2.1187232614530584,-16.718322372499664,36.4328373757783,40.38711824684212,38.084888695600824,14.0,2.3934012129205575,35.0,-100,1.0,0.0,1.0,1.0,1.0,1.0,1.0,0.0,0.0,0.0
2026-06-05 16:10:23,1.188538455329581,8.215037321960168,5.714725114132044,-1.463461606286379,6.899451933329559,20.887319877561175,1.1663547264501233,-16.53465522358575,36.62143051159932,40.107783435205796,38.162890230021226,14.0,2.3934012129205575,35.0,-100,1.0,0.0,1.0,1.0,1.0,1.0,1.0,0.0,0.0,0.0
2026-06-05 16:10:24,1.2572859253059772,7.896760106774271,7.174728884868998,3.756131035401385,7.233723658121875,15.677640464774546,3.762299479678604,-18.40387580639661,36.90741986561674,40.446371899959104,38.29370282402651,14.0,2.3934012129205575,35.0,-100,1.0,0.0,1.0,1.0,1.0,1.0,1.0,0.0,0.0,0.0
2026-06-05 16:10:25,2.7213254220955916,6.823670850095402,8.436564711358622,2.7901796680411426,10.674243148324566,17.17883201191339,0.08645811355247401,-16.273661899852232,36.96992888428681,39.94331997791769,38.142848102382224,14.0,2.3934012129205575,35.0,-100,1.0,0.0,1.0,1.0,1.0,1.0,1.0,0.0,0.0,0.0
2026-06-05 16:10:27,2.776017909782475,6.130886242329751,7.67516902073964,1.8847563084926895,6.201925785516249,20.38950620741766,-0.6972043740792839,-15.79229511747321,36.897275330581984,40.432882412554875,38.15976861987355,14.0,2.3934012129205575,35.0,-100,1.0,0.0,1.0,1.0,1.0,1.0,1.0,0.0,0.0,0.0
2026-06-05 16:10:28,2.5277863347094263,6.923766452198419,7.469863571386765,1.2978901066654638,5.8364274386571005,16.367764946342025,0.14156855855746087,-16.313842673699074,36.98789856989305,40.341866143872835,37.83500576920478,14.0,2.3934012129205575,35.0,-100,1.0,0.0,1.0,1.0,1.0,1.0,1.0,0.0,0.0,0.0
2026-06-05 16:10:29,1.0778479574961741,5.765845957571106,7.28433084396891,0.7272321861077646,6.053154892149925,18.231400776405554,-0.08352442807153837,-16.655704227161852,36.495156663285215,40.26429904212387,37.792297891845685,14.0,2.3934012129205575,35.0,-100,1.0,0.0,1.0,1.0,1.0,1.0,1.0,0.0,0.0,0.0
